station_id,station_name,parameter_id,parameter_name,parameter_summary,unit,datetime_utc,datetime_local,from_ms,to_ms,value,value_numeric,quality,reference,source_period
162860,Luleå-Kallax Flygplats,13,Rådande väder,"momentanvärde, 1 gång/tim resp 8 gånger/dygn",kod,1943-01-01T01:00:00Z,1943-01-01T02:00:00+01:00,-852073200000,,0,0,Y,,corrected-archive-csv
162860,Luleå-Kallax Flygplats,13,Rådande väder,"momentanvärde, 1 gång/tim resp 8 gånger/dygn",kod,1943-01-01T07:00:00Z,1943-01-01T08:00:00+01:00,-852051600000,,0,0,Y,,corrected-archive-csv
162860,Luleå-Kallax Flygplats,13,Rådande väder,"momentanvärde, 1 gång/tim resp 8 gånger/dygn",kod,1943-01-01T13:00:00Z,1943-01-01T14:00:00+01:00,-852030000000,,73,73,Y,,corrected-archive-csv
162860,Luleå-Kallax Flygplats,13,Rådande väder,"momentanvärde, 1 gång/tim resp 8 gånger/dygn",kod,1943-01-01T18:00:00Z,1943-01-01T19:00:00+01:00,-852012000000,,70,70,Y,,corrected-archive-csv
162860,Luleå-Kallax Flygplats,13,Rådande väder,"momentanvärde, 1 gång/tim resp 8 gånger/dygn",kod,1943-01-02T01:00:00Z,1943-01-02T02:00:00+01:00,-851986800000,,0,0,Y,,corrected-archive-csv
162860,Luleå-Kallax Flygplats,13,Rådande väder,"momentanvärde, 1 gång/tim resp 8 gånger/dygn",kod,1943-01-02T07:00:00Z,1943-01-02T08:00:00+01:00,-851965200000,,0,0,Y,,corrected-archive-csv
162860,Luleå-Kallax Flygplats,13,Rådande väder,"momentanvärde, 1 gång/tim resp 8 gånger/dygn",kod,1943-01-02T13:00:00Z,1943-01-02T14:00:00+01:00,-851943600000,,0,0,Y,,corrected-archive-csv
162860,Luleå-Kallax Flygplats,13,Rådande väder,"momentanvärde, 1 gång/tim resp 8 gånger/dygn",kod,1943-01-02T18:00:00Z,1943-01-02T19:00:00+01:00,-851925600000,,0,0,Y,,corrected-archive-csv
162860,Luleå-Kallax Flygplats,13,Rådande väder,"momentanvärde, 1 gång/tim resp 8 gånger/dygn",kod,1943-01-03T01:00:00Z,1943-01-03T02:00:00+01:00,-851900400000,,0,0,Y,,corrected-archive-csv
162860,Luleå-Kallax Flygplats,13,Rådande väder,"momentanvärde, 1 gång/tim resp 8 gånger/dygn",kod,1943-01-03T07:00:00Z,1943-01-03T08:00:00+01:00,-851878800000,,0,0,Y,,corrected-archive-csv
162860,Luleå-Kallax Flygplats,13,Rådande väder,"momentanvärde, 1 gång/tim resp 8 gånger/dygn",kod,1943-01-03T13:00:00Z,1943-01-03T14:00:00+01:00,-851857200000,,0,0,Y,,corrected-archive-csv
162860,Luleå-Kallax Flygplats,13,Rådande väder,"momentanvärde, 1 gång/tim resp 8 gånger/dygn",kod,1943-01-03T18:00:00Z,1943-01-03T19:00:00+01:00,-851839200000,,0,0,Y,,corrected-archive-csv
162860,Luleå-Kallax Flygplats,13,Rådande väder,"momentanvärde, 1 gång/tim resp 8 gånger/dygn",kod,1943-01-04T01:00:00Z,1943-01-04T02:00:00+01:00,-851814000000,,0,0,Y,,corrected-archive-csv
162860,Luleå-Kallax Flygplats,13,Rådande väder,"momentanvärde, 1 gång/tim resp 8 gånger/dygn",kod,1943-01-04T07:00:00Z,1943-01-04T08:00:00+01:00,-851792400000,,0,0,Y,,corrected-archive-csv
162860,Luleå-Kallax Flygplats,13,Rådande väder,"momentanvärde, 1 gång/tim resp 8 gånger/dygn",kod,1943-01-04T13:00:00Z,1943-01-04T14:00:00+01:00,-851770800000,,70,70,Y,,corrected-archive-csv
162860,Luleå-Kallax Flygplats,13,Rådande väder,"momentanvärde, 1 gång/tim resp 8 gånger/dygn",kod,1943-01-04T18:00:00Z,1943-01-04T19:00:00+01:00,-851752800000,,0,0,Y,,corrected-archive-csv
162860,Luleå-Kallax Flygplats,13,Rådande väder,"momentanvärde, 1 gång/tim resp 8 gånger/dygn",kod,1943-01-05T01:00:00Z,1943-01-05T02:00:00+01:00,-851727600000,,0,0,Y,,corrected-archive-csv
162860,Luleå-Kallax Flygplats,13,Rådande väder,"momentanvärde, 1 gång/tim resp 8 gånger/dygn",kod,1943-01-05T07:00:00Z,1943-01-05T08:00:00+01:00,-851706000000,,0,0,Y,,corrected-archive-csv
162860,Luleå-Kallax Flygplats,13,Rådande väder,"momentanvärde, 1 gång/tim resp 8 gånger/dygn",kod,1943-01-05T13:00:00Z,1943-01-05T14:00:00+01:00,-851684400000,,0,0,Y,,corrected-archive-csv
162860,Luleå-Kallax Flygplats,13,Rådande väder,"momentanvärde, 1 gång/tim resp 8 gånger/dygn",kod,1943-01-05T18:00:00Z,1943-01-05T19:00:00+01:00,-851666400000,,0,0,Y,,corrected-archive-csv
162860,Luleå-Kallax Flygplats,13,Rådande väder,"momentanvärde, 1 gång/tim resp 8 gånger/dygn",kod,1943-01-06T01:00:00Z,1943-01-06T02:00:00+01:00,-851641200000,,0,0,Y,,corrected-archive-csv
162860,Luleå-Kallax Flygplats,13,Rådande väder,"momentanvärde, 1 gång/tim resp 8 gånger/dygn",kod,1943-01-06T07:00:00Z,1943-01-06T08:00:00+01:00,-851619600000,,70,70,Y,,corrected-archive-csv
162860,Luleå-Kallax Flygplats,13,Rådande väder,"momentanvärde, 1 gång/tim resp 8 gånger/dygn",kod,1943-01-06T13:00:00Z,1943-01-06T14:00:00+01:00,-851598000000,,71,71,Y,,corrected-archive-csv
162860,Luleå-Kallax Flygplats,13,Rådande väder,"momentanvärde, 1 gång/tim resp 8 gånger/dygn",kod,1943-01-06T18:00:00Z,1943-01-06T19:00:00+01:00,-851580000000,,72,72,Y,,corrected-archive-csv
162860,Luleå-Kallax Flygplats,13,Rådande väder,"momentanvärde, 1 gång/tim resp 8 gånger/dygn",kod,1943-01-07T01:00:00Z,1943-01-07T02:00:00+01:00,-851554800000,,0,0,Y,,corrected-archive-csv
162860,Luleå-Kallax Flygplats,13,Rådande väder,"momentanvärde, 1 gång/tim resp 8 gånger/dygn",kod,1943-01-07T07:00:00Z,1943-01-07T08:00:00+01:00,-851533200000,,0,0,Y,,corrected-archive-csv
162860,Luleå-Kallax Flygplats,13,Rådande väder,"momentanvärde, 1 gång/tim resp 8 gånger/dygn",kod,1943-01-07T13:00:00Z,1943-01-07T14:00:00+01:00,-851511600000,,0,0,Y,,corrected-archive-csv
162860,Luleå-Kallax Flygplats,13,Rådande väder,"momentanvärde, 1 gång/tim resp 8 gånger/dygn",kod,1943-01-07T18:00:00Z,1943-01-07T19:00:00+01:00,-851493600000,,0,0,Y,,corrected-archive-csv
162860,Luleå-Kallax Flygplats,13,Rådande väder,"momentanvärde, 1 gång/tim resp 8 gånger/dygn",kod,1943-01-08T01:00:00Z,1943-01-08T02:00:00+01:00,-851468400000,,0,0,Y,,corrected-archive-csv
162860,Luleå-Kallax Flygplats,13,Rådande väder,"momentanvärde, 1 gång/tim resp 8 gånger/dygn",kod,1943-01-08T07:00:00Z,1943-01-08T08:00:00+01:00,-851446800000,,0,0,Y,,corrected-archive-csv
162860,Luleå-Kallax Flygplats,13,Rådande väder,"momentanvärde, 1 gång/tim resp 8 gånger/dygn",kod,1943-01-08T13:00:00Z,1943-01-08T14:00:00+01:00,-851425200000,,0,0,Y,,corrected-archive-csv
162860,Luleå-Kallax Flygplats,13,Rådande väder,"momentanvärde, 1 gång/tim resp 8 gånger/dygn",kod,1943-01-08T18:00:00Z,1943-01-08T19:00:00+01:00,-851407200000,,0,0,Y,,corrected-archive-csv
162860,Luleå-Kallax Flygplats,13,Rådande väder,"momentanvärde, 1 gång/tim resp 8 gånger/dygn",kod,1943-01-09T01:00:00Z,1943-01-09T02:00:00+01:00,-851382000000,,0,0,Y,,corrected-archive-csv
162860,Luleå-Kallax Flygplats,13,Rådande väder,"momentanvärde, 1 gång/tim resp 8 gånger/dygn",kod,1943-01-09T07:00:00Z,1943-01-09T08:00:00+01:00,-851360400000,,0,0,Y,,corrected-archive-csv
162860,Luleå-Kallax Flygplats,13,Rådande väder,"momentanvärde, 1 gång/tim resp 8 gånger/dygn",kod,1943-01-09T13:00:00Z,1943-01-09T14:00:00+01:00,-851338800000,,0,0,Y,,corrected-archive-csv
162860,Luleå-Kallax Flygplats,13,Rådande väder,"momentanvärde, 1 gång/tim resp 8 gånger/dygn",kod,1943-01-09T18:00:00Z,1943-01-09T19:00:00+01:00,-851320800000,,0,0,Y,,corrected-archive-csv
162860,Luleå-Kallax Flygplats,13,Rådande väder,"momentanvärde, 1 gång/tim resp 8 gånger/dygn",kod,1943-01-10T01:00:00Z,1943-01-10T02:00:00+01:00,-851295600000,,0,0,Y,,corrected-archive-csv
162860,Luleå-Kallax Flygplats,13,Rådande väder,"momentanvärde, 1 gång/tim resp 8 gånger/dygn",kod,1943-01-10T07:00:00Z,1943-01-10T08:00:00+01:00,-851274000000,,0,0,Y,,corrected-archive-csv
162860,Luleå-Kallax Flygplats,13,Rådande väder,"momentanvärde, 1 gång/tim resp 8 gånger/dygn",kod,1943-01-10T13:00:00Z,1943-01-10T14:00:00+01:00,-851252400000,,0,0,Y,,corrected-archive-csv
162860,Luleå-Kallax Flygplats,13,Rådande väder,"momentanvärde, 1 gång/tim resp 8 gånger/dygn",kod,1943-01-10T18:00:00Z,1943-01-10T19:00:00+01:00,-851234400000,,0,0,Y,,corrected-archive-csv
162860,Luleå-Kallax Flygplats,13,Rådande väder,"momentanvärde, 1 gång/tim resp 8 gånger/dygn",kod,1943-01-11T01:00:00Z,1943-01-11T02:00:00+01:00,-851209200000,,0,0,Y,,corrected-archive-csv
162860,Luleå-Kallax Flygplats,13,Rådande väder,"momentanvärde, 1 gång/tim resp 8 gånger/dygn",kod,1943-01-11T07:00:00Z,1943-01-11T08:00:00+01:00,-851187600000,,0,0,Y,,corrected-archive-csv
162860,Luleå-Kallax Flygplats,13,Rådande väder,"momentanvärde, 1 gång/tim resp 8 gånger/dygn",kod,1943-01-11T13:00:00Z,1943-01-11T14:00:00+01:00,-851166000000,,0,0,Y,,corrected-archive-csv
162860,Luleå-Kallax Flygplats,13,Rådande väder,"momentanvärde, 1 gång/tim resp 8 gånger/dygn",kod,1943-01-11T18:00:00Z,1943-01-11T19:00:00+01:00,-851148000000,,10,10,Y,,corrected-archive-csv
162860,Luleå-Kallax Flygplats,13,Rådande väder,"momentanvärde, 1 gång/tim resp 8 gånger/dygn",kod,1943-01-12T01:00:00Z,1943-01-12T02:00:00+01:00,-851122800000,,10,10,Y,,corrected-archive-csv
162860,Luleå-Kallax Flygplats,13,Rådande väder,"momentanvärde, 1 gång/tim resp 8 gånger/dygn",kod,1943-01-12T07:00:00Z,1943-01-12T08:00:00+01:00,-851101200000,,70,70,Y,,corrected-archive-csv
162860,Luleå-Kallax Flygplats,13,Rådande väder,"momentanvärde, 1 gång/tim resp 8 gånger/dygn",kod,1943-01-12T13:00:00Z,1943-01-12T14:00:00+01:00,-851079600000,,71,71,Y,,corrected-archive-csv
162860,Luleå-Kallax Flygplats,13,Rådande väder,"momentanvärde, 1 gång/tim resp 8 gånger/dygn",kod,1943-01-12T18:00:00Z,1943-01-12T19:00:00+01:00,-851061600000,,0,0,Y,,corrected-archive-csv
162860,Luleå-Kallax Flygplats,13,Rådande väder,"momentanvärde, 1 gång/tim resp 8 gånger/dygn",kod,1943-01-13T01:00:00Z,1943-01-13T02:00:00+01:00,-851036400000,,0,0,Y,,corrected-archive-csv
162860,Luleå-Kallax Flygplats,13,Rådande väder,"momentanvärde, 1 gång/tim resp 8 gånger/dygn",kod,1943-01-13T07:00:00Z,1943-01-13T08:00:00+01:00,-851014800000,,0,0,Y,,corrected-archive-csv
162860,Luleå-Kallax Flygplats,13,Rådande väder,"momentanvärde, 1 gång/tim resp 8 gånger/dygn",kod,1943-01-13T13:00:00Z,1943-01-13T14:00:00+01:00,-850993200000,,0,0,Y,,corrected-archive-csv
162860,Luleå-Kallax Flygplats,13,Rådande väder,"momentanvärde, 1 gång/tim resp 8 gånger/dygn",kod,1943-01-13T18:00:00Z,1943-01-13T19:00:00+01:00,-850975200000,,0,0,Y,,corrected-archive-csv
162860,Luleå-Kallax Flygplats,13,Rådande väder,"momentanvärde, 1 gång/tim resp 8 gånger/dygn",kod,1943-01-14T01:00:00Z,1943-01-14T02:00:00+01:00,-850950000000,,0,0,Y,,corrected-archive-csv
162860,Luleå-Kallax Flygplats,13,Rådande väder,"momentanvärde, 1 gång/tim resp 8 gånger/dygn",kod,1943-01-14T07:00:00Z,1943-01-14T08:00:00+01:00,-850928400000,,0,0,Y,,corrected-archive-csv
162860,Luleå-Kallax Flygplats,13,Rådande väder,"momentanvärde, 1 gång/tim resp 8 gånger/dygn",kod,1943-01-14T13:00:00Z,1943-01-14T14:00:00+01:00,-850906800000,,0,0,Y,,corrected-archive-csv
162860,Luleå-Kallax Flygplats,13,Rådande väder,"momentanvärde, 1 gång/tim resp 8 gånger/dygn",kod,1943-01-14T18:00:00Z,1943-01-14T19:00:00+01:00,-850888800000,,73,73,Y,,corrected-archive-csv
162860,Luleå-Kallax Flygplats,13,Rådande väder,"momentanvärde, 1 gång/tim resp 8 gånger/dygn",kod,1943-01-15T01:00:00Z,1943-01-15T02:00:00+01:00,-850863600000,,71,71,Y,,corrected-archive-csv
162860,Luleå-Kallax Flygplats,13,Rådande väder,"momentanvärde, 1 gång/tim resp 8 gånger/dygn",kod,1943-01-15T07:00:00Z,1943-01-15T08:00:00+01:00,-850842000000,,0,0,Y,,corrected-archive-csv
162860,Luleå-Kallax Flygplats,13,Rådande väder,"momentanvärde, 1 gång/tim resp 8 gånger/dygn",kod,1943-01-15T13:00:00Z,1943-01-15T14:00:00+01:00,-850820400000,,71,71,Y,,corrected-archive-csv
162860,Luleå-Kallax Flygplats,13,Rådande väder,"momentanvärde, 1 gång/tim resp 8 gånger/dygn",kod,1943-01-15T18:00:00Z,1943-01-15T19:00:00+01:00,-850802400000,,0,0,Y,,corrected-archive-csv
162860,Luleå-Kallax Flygplats,13,Rådande väder,"momentanvärde, 1 gång/tim resp 8 gånger/dygn",kod,1943-01-16T01:00:00Z,1943-01-16T02:00:00+01:00,-850777200000,,0,0,Y,,corrected-archive-csv
162860,Luleå-Kallax Flygplats,13,Rådande väder,"momentanvärde, 1 gång/tim resp 8 gånger/dygn",kod,1943-01-16T07:00:00Z,1943-01-16T08:00:00+01:00,-850755600000,,70,70,Y,,corrected-archive-csv
162860,Luleå-Kallax Flygplats,13,Rådande väder,"momentanvärde, 1 gång/tim resp 8 gånger/dygn",kod,1943-01-16T13:00:00Z,1943-01-16T14:00:00+01:00,-850734000000,,72,72,Y,,corrected-archive-csv
162860,Luleå-Kallax Flygplats,13,Rådande väder,"momentanvärde, 1 gång/tim resp 8 gånger/dygn",kod,1943-01-16T18:00:00Z,1943-01-16T19:00:00+01:00,-850716000000,,71,71,Y,,corrected-archive-csv
162860,Luleå-Kallax Flygplats,13,Rådande väder,"momentanvärde, 1 gång/tim resp 8 gånger/dygn",kod,1943-01-17T01:00:00Z,1943-01-17T02:00:00+01:00,-850690800000,,72,72,Y,,corrected-archive-csv
162860,Luleå-Kallax Flygplats,13,Rådande väder,"momentanvärde, 1 gång/tim resp 8 gånger/dygn",kod,1943-01-17T07:00:00Z,1943-01-17T08:00:00+01:00,-850669200000,,71,71,Y,,corrected-archive-csv
162860,Luleå-Kallax Flygplats,13,Rådande väder,"momentanvärde, 1 gång/tim resp 8 gånger/dygn",kod,1943-01-17T13:00:00Z,1943-01-17T14:00:00+01:00,-850647600000,,0,0,Y,,corrected-archive-csv
162860,Luleå-Kallax Flygplats,13,Rådande väder,"momentanvärde, 1 gång/tim resp 8 gånger/dygn",kod,1943-01-17T18:00:00Z,1943-01-17T19:00:00+01:00,-850629600000,,0,0,Y,,corrected-archive-csv
162860,Luleå-Kallax Flygplats,13,Rådande väder,"momentanvärde, 1 gång/tim resp 8 gånger/dygn",kod,1943-01-18T01:00:00Z,1943-01-18T02:00:00+01:00,-850604400000,,0,0,Y,,corrected-archive-csv
162860,Luleå-Kallax Flygplats,13,Rådande väder,"momentanvärde, 1 gång/tim resp 8 gånger/dygn",kod,1943-01-18T07:00:00Z,1943-01-18T08:00:00+01:00,-850582800000,,0,0,Y,,corrected-archive-csv
162860,Luleå-Kallax Flygplats,13,Rådande väder,"momentanvärde, 1 gång/tim resp 8 gånger/dygn",kod,1943-01-18T13:00:00Z,1943-01-18T14:00:00+01:00,-850561200000,,73,73,Y,,corrected-archive-csv
162860,Luleå-Kallax Flygplats,13,Rådande väder,"momentanvärde, 1 gång/tim resp 8 gånger/dygn",kod,1943-01-18T18:00:00Z,1943-01-18T19:00:00+01:00,-850543200000,,71,71,Y,,corrected-archive-csv
162860,Luleå-Kallax Flygplats,13,Rådande väder,"momentanvärde, 1 gång/tim resp 8 gånger/dygn",kod,1943-01-19T01:00:00Z,1943-01-19T02:00:00+01:00,-850518000000,,70,70,Y,,corrected-archive-csv
162860,Luleå-Kallax Flygplats,13,Rådande väder,"momentanvärde, 1 gång/tim resp 8 gånger/dygn",kod,1943-01-19T07:00:00Z,1943-01-19T08:00:00+01:00,-850496400000,,70,70,Y,,corrected-archive-csv
162860,Luleå-Kallax Flygplats,13,Rådande väder,"momentanvärde, 1 gång/tim resp 8 gånger/dygn",kod,1943-01-19T13:00:00Z,1943-01-19T14:00:00+01:00,-850474800000,,71,71,Y,,corrected-archive-csv
162860,Luleå-Kallax Flygplats,13,Rådande väder,"momentanvärde, 1 gång/tim resp 8 gånger/dygn",kod,1943-01-19T18:00:00Z,1943-01-19T19:00:00+01:00,-850456800000,,71,71,Y,,corrected-archive-csv
162860,Luleå-Kallax Flygplats,13,Rådande väder,"momentanvärde, 1 gång/tim resp 8 gånger/dygn",kod,1943-01-20T01:00:00Z,1943-01-20T02:00:00+01:00,-850431600000,,71,71,Y,,corrected-archive-csv
162860,Luleå-Kallax Flygplats,13,Rådande väder,"momentanvärde, 1 gång/tim resp 8 gånger/dygn",kod,1943-01-20T07:00:00Z,1943-01-20T08:00:00+01:00,-850410000000,,73,73,Y,,corrected-archive-csv
162860,Luleå-Kallax Flygplats,13,Rådande väder,"momentanvärde, 1 gång/tim resp 8 gånger/dygn",kod,1943-01-20T13:00:00Z,1943-01-20T14:00:00+01:00,-850388400000,,73,73,Y,,corrected-archive-csv
162860,Luleå-Kallax Flygplats,13,Rådande väder,"momentanvärde, 1 gång/tim resp 8 gånger/dygn",kod,1943-01-20T18:00:00Z,1943-01-20T19:00:00+01:00,-850370400000,,73,73,Y,,corrected-archive-csv
162860,Luleå-Kallax Flygplats,13,Rådande väder,"momentanvärde, 1 gång/tim resp 8 gånger/dygn",kod,1943-01-21T01:00:00Z,1943-01-21T02:00:00+01:00,-850345200000,,70,70,Y,,corrected-archive-csv
162860,Luleå-Kallax Flygplats,13,Rådande väder,"momentanvärde, 1 gång/tim resp 8 gånger/dygn",kod,1943-01-21T18:00:00Z,1943-01-21T19:00:00+01:00,-850284000000,,71,71,Y,,corrected-archive-csv
162860,Luleå-Kallax Flygplats,13,Rådande väder,"momentanvärde, 1 gång/tim resp 8 gånger/dygn",kod,1943-01-22T01:00:00Z,1943-01-22T02:00:00+01:00,-850258800000,,73,73,Y,,corrected-archive-csv
162860,Luleå-Kallax Flygplats,13,Rådande väder,"momentanvärde, 1 gång/tim resp 8 gånger/dygn",kod,1943-01-22T18:00:00Z,1943-01-22T19:00:00+01:00,-850197600000,,70,70,Y,,corrected-archive-csv
162860,Luleå-Kallax Flygplats,13,Rådande väder,"momentanvärde, 1 gång/tim resp 8 gånger/dygn",kod,1943-01-23T01:00:00Z,1943-01-23T02:00:00+01:00,-850172400000,,0,0,Y,,corrected-archive-csv
162860,Luleå-Kallax Flygplats,13,Rådande väder,"momentanvärde, 1 gång/tim resp 8 gånger/dygn",kod,1943-01-23T18:00:00Z,1943-01-23T19:00:00+01:00,-850111200000,,0,0,Y,,corrected-archive-csv
162860,Luleå-Kallax Flygplats,13,Rådande väder,"momentanvärde, 1 gång/tim resp 8 gånger/dygn",kod,1943-01-24T01:00:00Z,1943-01-24T02:00:00+01:00,-850086000000,,0,0,Y,,corrected-archive-csv
162860,Luleå-Kallax Flygplats,13,Rådande väder,"momentanvärde, 1 gång/tim resp 8 gånger/dygn",kod,1943-01-24T18:00:00Z,1943-01-24T19:00:00+01:00,-850024800000,,0,0,Y,,corrected-archive-csv
162860,Luleå-Kallax Flygplats,13,Rådande väder,"momentanvärde, 1 gång/tim resp 8 gånger/dygn",kod,1943-01-25T01:00:00Z,1943-01-25T02:00:00+01:00,-849999600000,,0,0,Y,,corrected-archive-csv
162860,Luleå-Kallax Flygplats,13,Rådande väder,"momentanvärde, 1 gång/tim resp 8 gånger/dygn",kod,1943-01-25T18:00:00Z,1943-01-25T19:00:00+01:00,-849938400000,,0,0,Y,,corrected-archive-csv
162860,Luleå-Kallax Flygplats,13,Rådande väder,"momentanvärde, 1 gång/tim resp 8 gånger/dygn",kod,1943-01-26T01:00:00Z,1943-01-26T02:00:00+01:00,-849913200000,,0,0,Y,,corrected-archive-csv
162860,Luleå-Kallax Flygplats,13,Rådande väder,"momentanvärde, 1 gång/tim resp 8 gånger/dygn",kod,1943-01-26T18:00:00Z,1943-01-26T19:00:00+01:00,-849852000000,,0,0,Y,,corrected-archive-csv
162860,Luleå-Kallax Flygplats,13,Rådande väder,"momentanvärde, 1 gång/tim resp 8 gånger/dygn",kod,1943-01-27T01:00:00Z,1943-01-27T02:00:00+01:00,-849826800000,,0,0,Y,,corrected-archive-csv
162860,Luleå-Kallax Flygplats,13,Rådande väder,"momentanvärde, 1 gång/tim resp 8 gånger/dygn",kod,1943-01-27T18:00:00Z,1943-01-27T19:00:00+01:00,-849765600000,,10,10,Y,,corrected-archive-csv
162860,Luleå-Kallax Flygplats,13,Rådande väder,"momentanvärde, 1 gång/tim resp 8 gånger/dygn",kod,1943-01-28T01:00:00Z,1943-01-28T02:00:00+01:00,-849740400000,,71,71,Y,,corrected-archive-csv
162860,Luleå-Kallax Flygplats,13,Rådande väder,"momentanvärde, 1 gång/tim resp 8 gånger/dygn",kod,1943-01-28T18:00:00Z,1943-01-28T19:00:00+01:00,-849679200000,,47,47,Y,,corrected-archive-csv
162860,Luleå-Kallax Flygplats,13,Rådande väder,"momentanvärde, 1 gång/tim resp 8 gånger/dygn",kod,1943-01-29T01:00:00Z,1943-01-29T02:00:00+01:00,-849654000000,,0,0,Y,,corrected-archive-csv
162860,Luleå-Kallax Flygplats,13,Rådande väder,"momentanvärde, 1 gång/tim resp 8 gånger/dygn",kod,1943-01-29T18:00:00Z,1943-01-29T19:00:00+01:00,-849592800000,,0,0,Y,,corrected-archive-csv
162860,Luleå-Kallax Flygplats,13,Rådande väder,"momentanvärde, 1 gång/tim resp 8 gånger/dygn",kod,1943-01-30T01:00:00Z,1943-01-30T02:00:00+01:00,-849567600000,,73,73,Y,,corrected-archive-csv
162860,Luleå-Kallax Flygplats,13,Rådande väder,"momentanvärde, 1 gång/tim resp 8 gånger/dygn",kod,1943-01-30T18:00:00Z,1943-01-30T19:00:00+01:00,-849506400000,,0,0,Y,,corrected-archive-csv
162860,Luleå-Kallax Flygplats,13,Rådande väder,"momentanvärde, 1 gång/tim resp 8 gånger/dygn",kod,1943-01-31T01:00:00Z,1943-01-31T02:00:00+01:00,-849481200000,,47,47,Y,,corrected-archive-csv
162860,Luleå-Kallax Flygplats,13,Rådande väder,"momentanvärde, 1 gång/tim resp 8 gånger/dygn",kod,1943-01-31T18:00:00Z,1943-01-31T19:00:00+01:00,-849420000000,,45,45,Y,,corrected-archive-csv
162860,Luleå-Kallax Flygplats,13,Rådande väder,"momentanvärde, 1 gång/tim resp 8 gånger/dygn",kod,1943-02-01T01:00:00Z,1943-02-01T02:00:00+01:00,-849394800000,,0,0,Y,,corrected-archive-csv
162860,Luleå-Kallax Flygplats,13,Rådande väder,"momentanvärde, 1 gång/tim resp 8 gånger/dygn",kod,1943-02-01T07:00:00Z,1943-02-01T08:00:00+01:00,-849373200000,,73,73,Y,,corrected-archive-csv
162860,Luleå-Kallax Flygplats,13,Rådande väder,"momentanvärde, 1 gång/tim resp 8 gånger/dygn",kod,1943-02-01T13:00:00Z,1943-02-01T14:00:00+01:00,-849351600000,,0,0,Y,,corrected-archive-csv
162860,Luleå-Kallax Flygplats,13,Rådande väder,"momentanvärde, 1 gång/tim resp 8 gånger/dygn",kod,1943-02-01T18:00:00Z,1943-02-01T19:00:00+01:00,-849333600000,,0,0,Y,,corrected-archive-csv
162860,Luleå-Kallax Flygplats,13,Rådande väder,"momentanvärde, 1 gång/tim resp 8 gånger/dygn",kod,1943-02-02T01:00:00Z,1943-02-02T02:00:00+01:00,-849308400000,,0,0,Y,,corrected-archive-csv
162860,Luleå-Kallax Flygplats,13,Rådande väder,"momentanvärde, 1 gång/tim resp 8 gånger/dygn",kod,1943-02-02T07:00:00Z,1943-02-02T08:00:00+01:00,-849286800000,,0,0,Y,,corrected-archive-csv
162860,Luleå-Kallax Flygplats,13,Rådande väder,"momentanvärde, 1 gång/tim resp 8 gånger/dygn",kod,1943-02-02T13:00:00Z,1943-02-02T14:00:00+01:00,-849265200000,,0,0,Y,,corrected-archive-csv
162860,Luleå-Kallax Flygplats,13,Rådande väder,"momentanvärde, 1 gång/tim resp 8 gånger/dygn",kod,1943-02-02T18:00:00Z,1943-02-02T19:00:00+01:00,-849247200000,,0,0,Y,,corrected-archive-csv
162860,Luleå-Kallax Flygplats,13,Rådande väder,"momentanvärde, 1 gång/tim resp 8 gånger/dygn",kod,1943-02-03T01:00:00Z,1943-02-03T02:00:00+01:00,-849222000000,,0,0,Y,,corrected-archive-csv
162860,Luleå-Kallax Flygplats,13,Rådande väder,"momentanvärde, 1 gång/tim resp 8 gånger/dygn",kod,1943-02-03T07:00:00Z,1943-02-03T08:00:00+01:00,-849200400000,,0,0,Y,,corrected-archive-csv
162860,Luleå-Kallax Flygplats,13,Rådande väder,"momentanvärde, 1 gång/tim resp 8 gånger/dygn",kod,1943-02-03T13:00:00Z,1943-02-03T14:00:00+01:00,-849178800000,,0,0,Y,,corrected-archive-csv
162860,Luleå-Kallax Flygplats,13,Rådande väder,"momentanvärde, 1 gång/tim resp 8 gånger/dygn",kod,1943-02-03T18:00:00Z,1943-02-03T19:00:00+01:00,-849160800000,,0,0,Y,,corrected-archive-csv
162860,Luleå-Kallax Flygplats,13,Rådande väder,"momentanvärde, 1 gång/tim resp 8 gånger/dygn",kod,1943-02-04T01:00:00Z,1943-02-04T02:00:00+01:00,-849135600000,,0,0,Y,,corrected-archive-csv
162860,Luleå-Kallax Flygplats,13,Rådande väder,"momentanvärde, 1 gång/tim resp 8 gånger/dygn",kod,1943-02-04T07:00:00Z,1943-02-04T08:00:00+01:00,-849114000000,,0,0,Y,,corrected-archive-csv
162860,Luleå-Kallax Flygplats,13,Rådande väder,"momentanvärde, 1 gång/tim resp 8 gånger/dygn",kod,1943-02-04T13:00:00Z,1943-02-04T14:00:00+01:00,-849092400000,,0,0,Y,,corrected-archive-csv
162860,Luleå-Kallax Flygplats,13,Rådande väder,"momentanvärde, 1 gång/tim resp 8 gånger/dygn",kod,1943-02-04T18:00:00Z,1943-02-04T19:00:00+01:00,-849074400000,,73,73,Y,,corrected-archive-csv
162860,Luleå-Kallax Flygplats,13,Rådande väder,"momentanvärde, 1 gång/tim resp 8 gånger/dygn",kod,1943-02-05T01:00:00Z,1943-02-05T02:00:00+01:00,-849049200000,,0,0,Y,,corrected-archive-csv
162860,Luleå-Kallax Flygplats,13,Rådande väder,"momentanvärde, 1 gång/tim resp 8 gånger/dygn",kod,1943-02-05T07:00:00Z,1943-02-05T08:00:00+01:00,-849027600000,,0,0,Y,,corrected-archive-csv
162860,Luleå-Kallax Flygplats,13,Rådande väder,"momentanvärde, 1 gång/tim resp 8 gånger/dygn",kod,1943-02-05T13:00:00Z,1943-02-05T14:00:00+01:00,-849006000000,,0,0,Y,,corrected-archive-csv
162860,Luleå-Kallax Flygplats,13,Rådande väder,"momentanvärde, 1 gång/tim resp 8 gånger/dygn",kod,1943-02-05T18:00:00Z,1943-02-05T19:00:00+01:00,-848988000000,,70,70,Y,,corrected-archive-csv
162860,Luleå-Kallax Flygplats,13,Rådande väder,"momentanvärde, 1 gång/tim resp 8 gånger/dygn",kod,1943-02-06T01:00:00Z,1943-02-06T02:00:00+01:00,-848962800000,,0,0,Y,,corrected-archive-csv
162860,Luleå-Kallax Flygplats,13,Rådande väder,"momentanvärde, 1 gång/tim resp 8 gånger/dygn",kod,1943-02-06T07:00:00Z,1943-02-06T08:00:00+01:00,-848941200000,,0,0,Y,,corrected-archive-csv
162860,Luleå-Kallax Flygplats,13,Rådande väder,"momentanvärde, 1 gång/tim resp 8 gånger/dygn",kod,1943-02-06T13:00:00Z,1943-02-06T14:00:00+01:00,-848919600000,,71,71,Y,,corrected-archive-csv
162860,Luleå-Kallax Flygplats,13,Rådande väder,"momentanvärde, 1 gång/tim resp 8 gånger/dygn",kod,1943-02-06T18:00:00Z,1943-02-06T19:00:00+01:00,-848901600000,,71,71,Y,,corrected-archive-csv
162860,Luleå-Kallax Flygplats,13,Rådande väder,"momentanvärde, 1 gång/tim resp 8 gånger/dygn",kod,1943-02-07T01:00:00Z,1943-02-07T02:00:00+01:00,-848876400000,,73,73,Y,,corrected-archive-csv
162860,Luleå-Kallax Flygplats,13,Rådande väder,"momentanvärde, 1 gång/tim resp 8 gånger/dygn",kod,1943-02-07T07:00:00Z,1943-02-07T08:00:00+01:00,-848854800000,,73,73,Y,,corrected-archive-csv
162860,Luleå-Kallax Flygplats,13,Rådande väder,"momentanvärde, 1 gång/tim resp 8 gånger/dygn",kod,1943-02-07T13:00:00Z,1943-02-07T14:00:00+01:00,-848833200000,,71,71,Y,,corrected-archive-csv
162860,Luleå-Kallax Flygplats,13,Rådande väder,"momentanvärde, 1 gång/tim resp 8 gånger/dygn",kod,1943-02-07T18:00:00Z,1943-02-07T19:00:00+01:00,-848815200000,,73,73,Y,,corrected-archive-csv
162860,Luleå-Kallax Flygplats,13,Rådande väder,"momentanvärde, 1 gång/tim resp 8 gånger/dygn",kod,1943-02-08T01:00:00Z,1943-02-08T02:00:00+01:00,-848790000000,,0,0,Y,,corrected-archive-csv
162860,Luleå-Kallax Flygplats,13,Rådande väder,"momentanvärde, 1 gång/tim resp 8 gånger/dygn",kod,1943-02-08T07:00:00Z,1943-02-08T08:00:00+01:00,-848768400000,,0,0,Y,,corrected-archive-csv
162860,Luleå-Kallax Flygplats,13,Rådande väder,"momentanvärde, 1 gång/tim resp 8 gånger/dygn",kod,1943-02-08T13:00:00Z,1943-02-08T14:00:00+01:00,-848746800000,,0,0,Y,,corrected-archive-csv
162860,Luleå-Kallax Flygplats,13,Rådande väder,"momentanvärde, 1 gång/tim resp 8 gånger/dygn",kod,1943-02-08T18:00:00Z,1943-02-08T19:00:00+01:00,-848728800000,,0,0,Y,,corrected-archive-csv
162860,Luleå-Kallax Flygplats,13,Rådande väder,"momentanvärde, 1 gång/tim resp 8 gånger/dygn",kod,1943-02-09T01:00:00Z,1943-02-09T02:00:00+01:00,-848703600000,,0,0,Y,,corrected-archive-csv
162860,Luleå-Kallax Flygplats,13,Rådande väder,"momentanvärde, 1 gång/tim resp 8 gånger/dygn",kod,1943-02-09T07:00:00Z,1943-02-09T08:00:00+01:00,-848682000000,,0,0,Y,,corrected-archive-csv
162860,Luleå-Kallax Flygplats,13,Rådande väder,"momentanvärde, 1 gång/tim resp 8 gånger/dygn",kod,1943-02-09T13:00:00Z,1943-02-09T14:00:00+01:00,-848660400000,,40,40,Y,,corrected-archive-csv
162860,Luleå-Kallax Flygplats,13,Rådande väder,"momentanvärde, 1 gång/tim resp 8 gånger/dygn",kod,1943-02-09T18:00:00Z,1943-02-09T19:00:00+01:00,-848642400000,,40,40,Y,,corrected-archive-csv
162860,Luleå-Kallax Flygplats,13,Rådande väder,"momentanvärde, 1 gång/tim resp 8 gånger/dygn",kod,1943-02-10T01:00:00Z,1943-02-10T02:00:00+01:00,-848617200000,,0,0,Y,,corrected-archive-csv
162860,Luleå-Kallax Flygplats,13,Rådande väder,"momentanvärde, 1 gång/tim resp 8 gånger/dygn",kod,1943-02-10T07:00:00Z,1943-02-10T08:00:00+01:00,-848595600000,,0,0,Y,,corrected-archive-csv
162860,Luleå-Kallax Flygplats,13,Rådande väder,"momentanvärde, 1 gång/tim resp 8 gånger/dygn",kod,1943-02-10T13:00:00Z,1943-02-10T14:00:00+01:00,-848574000000,,70,70,Y,,corrected-archive-csv
162860,Luleå-Kallax Flygplats,13,Rådande väder,"momentanvärde, 1 gång/tim resp 8 gånger/dygn",kod,1943-02-10T18:00:00Z,1943-02-10T19:00:00+01:00,-848556000000,,0,0,Y,,corrected-archive-csv
162860,Luleå-Kallax Flygplats,13,Rådande väder,"momentanvärde, 1 gång/tim resp 8 gånger/dygn",kod,1943-02-11T01:00:00Z,1943-02-11T02:00:00+01:00,-848530800000,,0,0,Y,,corrected-archive-csv
162860,Luleå-Kallax Flygplats,13,Rådande väder,"momentanvärde, 1 gång/tim resp 8 gånger/dygn",kod,1943-02-11T07:00:00Z,1943-02-11T08:00:00+01:00,-848509200000,,0,0,Y,,corrected-archive-csv
162860,Luleå-Kallax Flygplats,13,Rådande väder,"momentanvärde, 1 gång/tim resp 8 gånger/dygn",kod,1943-02-11T13:00:00Z,1943-02-11T14:00:00+01:00,-848487600000,,71,71,Y,,corrected-archive-csv
162860,Luleå-Kallax Flygplats,13,Rådande väder,"momentanvärde, 1 gång/tim resp 8 gånger/dygn",kod,1943-02-11T18:00:00Z,1943-02-11T19:00:00+01:00,-848469600000,,0,0,Y,,corrected-archive-csv
162860,Luleå-Kallax Flygplats,13,Rådande väder,"momentanvärde, 1 gång/tim resp 8 gånger/dygn",kod,1943-02-12T01:00:00Z,1943-02-12T02:00:00+01:00,-848444400000,,0,0,Y,,corrected-archive-csv
162860,Luleå-Kallax Flygplats,13,Rådande väder,"momentanvärde, 1 gång/tim resp 8 gånger/dygn",kod,1943-02-12T07:00:00Z,1943-02-12T08:00:00+01:00,-848422800000,,71,71,Y,,corrected-archive-csv
162860,Luleå-Kallax Flygplats,13,Rådande väder,"momentanvärde, 1 gång/tim resp 8 gånger/dygn",kod,1943-02-12T13:00:00Z,1943-02-12T14:00:00+01:00,-848401200000,,70,70,Y,,corrected-archive-csv
162860,Luleå-Kallax Flygplats,13,Rådande väder,"momentanvärde, 1 gång/tim resp 8 gånger/dygn",kod,1943-02-12T18:00:00Z,1943-02-12T19:00:00+01:00,-848383200000,,71,71,Y,,corrected-archive-csv
162860,Luleå-Kallax Flygplats,13,Rådande väder,"momentanvärde, 1 gång/tim resp 8 gånger/dygn",kod,1943-02-13T01:00:00Z,1943-02-13T02:00:00+01:00,-848358000000,,43,43,Y,,corrected-archive-csv
162860,Luleå-Kallax Flygplats,13,Rådande väder,"momentanvärde, 1 gång/tim resp 8 gånger/dygn",kod,1943-02-13T07:00:00Z,1943-02-13T08:00:00+01:00,-848336400000,,71,71,Y,,corrected-archive-csv
162860,Luleå-Kallax Flygplats,13,Rådande väder,"momentanvärde, 1 gång/tim resp 8 gånger/dygn",kod,1943-02-13T13:00:00Z,1943-02-13T14:00:00+01:00,-848314800000,,73,73,Y,,corrected-archive-csv
162860,Luleå-Kallax Flygplats,13,Rådande väder,"momentanvärde, 1 gång/tim resp 8 gånger/dygn",kod,1943-02-13T18:00:00Z,1943-02-13T19:00:00+01:00,-848296800000,,0,0,Y,,corrected-archive-csv
162860,Luleå-Kallax Flygplats,13,Rådande väder,"momentanvärde, 1 gång/tim resp 8 gånger/dygn",kod,1943-02-14T01:00:00Z,1943-02-14T02:00:00+01:00,-848271600000,,71,71,Y,,corrected-archive-csv
162860,Luleå-Kallax Flygplats,13,Rådande väder,"momentanvärde, 1 gång/tim resp 8 gånger/dygn",kod,1943-02-14T07:00:00Z,1943-02-14T08:00:00+01:00,-848250000000,,0,0,Y,,corrected-archive-csv
162860,Luleå-Kallax Flygplats,13,Rådande väder,"momentanvärde, 1 gång/tim resp 8 gånger/dygn",kod,1943-02-14T13:00:00Z,1943-02-14T14:00:00+01:00,-848228400000,,70,70,Y,,corrected-archive-csv
162860,Luleå-Kallax Flygplats,13,Rådande väder,"momentanvärde, 1 gång/tim resp 8 gånger/dygn",kod,1943-02-14T18:00:00Z,1943-02-14T19:00:00+01:00,-848210400000,,70,70,Y,,corrected-archive-csv
162860,Luleå-Kallax Flygplats,13,Rådande väder,"momentanvärde, 1 gång/tim resp 8 gånger/dygn",kod,1943-02-15T01:00:00Z,1943-02-15T02:00:00+01:00,-848185200000,,0,0,Y,,corrected-archive-csv
162860,Luleå-Kallax Flygplats,13,Rådande väder,"momentanvärde, 1 gång/tim resp 8 gånger/dygn",kod,1943-02-15T07:00:00Z,1943-02-15T08:00:00+01:00,-848163600000,,0,0,Y,,corrected-archive-csv
162860,Luleå-Kallax Flygplats,13,Rådande väder,"momentanvärde, 1 gång/tim resp 8 gånger/dygn",kod,1943-02-15T13:00:00Z,1943-02-15T14:00:00+01:00,-848142000000,,71,71,Y,,corrected-archive-csv
162860,Luleå-Kallax Flygplats,13,Rådande väder,"momentanvärde, 1 gång/tim resp 8 gånger/dygn",kod,1943-02-15T18:00:00Z,1943-02-15T19:00:00+01:00,-848124000000,,0,0,Y,,corrected-archive-csv
162860,Luleå-Kallax Flygplats,13,Rådande väder,"momentanvärde, 1 gång/tim resp 8 gånger/dygn",kod,1943-02-16T01:00:00Z,1943-02-16T02:00:00+01:00,-848098800000,,0,0,Y,,corrected-archive-csv
162860,Luleå-Kallax Flygplats,13,Rådande väder,"momentanvärde, 1 gång/tim resp 8 gånger/dygn",kod,1943-02-16T07:00:00Z,1943-02-16T08:00:00+01:00,-848077200000,,0,0,Y,,corrected-archive-csv
162860,Luleå-Kallax Flygplats,13,Rådande väder,"momentanvärde, 1 gång/tim resp 8 gånger/dygn",kod,1943-02-16T13:00:00Z,1943-02-16T14:00:00+01:00,-848055600000,,0,0,Y,,corrected-archive-csv
162860,Luleå-Kallax Flygplats,13,Rådande väder,"momentanvärde, 1 gång/tim resp 8 gånger/dygn",kod,1943-02-16T18:00:00Z,1943-02-16T19:00:00+01:00,-848037600000,,0,0,Y,,corrected-archive-csv
162860,Luleå-Kallax Flygplats,13,Rådande väder,"momentanvärde, 1 gång/tim resp 8 gånger/dygn",kod,1943-02-17T01:00:00Z,1943-02-17T02:00:00+01:00,-848012400000,,0,0,Y,,corrected-archive-csv
162860,Luleå-Kallax Flygplats,13,Rådande väder,"momentanvärde, 1 gång/tim resp 8 gånger/dygn",kod,1943-02-17T07:00:00Z,1943-02-17T08:00:00+01:00,-847990800000,,12,12,Y,,corrected-archive-csv
162860,Luleå-Kallax Flygplats,13,Rådande väder,"momentanvärde, 1 gång/tim resp 8 gånger/dygn",kod,1943-02-17T13:00:00Z,1943-02-17T14:00:00+01:00,-847969200000,,0,0,Y,,corrected-archive-csv
162860,Luleå-Kallax Flygplats,13,Rådande väder,"momentanvärde, 1 gång/tim resp 8 gånger/dygn",kod,1943-02-17T18:00:00Z,1943-02-17T19:00:00+01:00,-847951200000,,0,0,Y,,corrected-archive-csv
162860,Luleå-Kallax Flygplats,13,Rådande väder,"momentanvärde, 1 gång/tim resp 8 gånger/dygn",kod,1943-02-18T01:00:00Z,1943-02-18T02:00:00+01:00,-847926000000,,0,0,Y,,corrected-archive-csv
162860,Luleå-Kallax Flygplats,13,Rådande väder,"momentanvärde, 1 gång/tim resp 8 gånger/dygn",kod,1943-02-18T07:00:00Z,1943-02-18T08:00:00+01:00,-847904400000,,0,0,Y,,corrected-archive-csv
162860,Luleå-Kallax Flygplats,13,Rådande väder,"momentanvärde, 1 gång/tim resp 8 gånger/dygn",kod,1943-02-18T13:00:00Z,1943-02-18T14:00:00+01:00,-847882800000,,0,0,Y,,corrected-archive-csv
162860,Luleå-Kallax Flygplats,13,Rådande väder,"momentanvärde, 1 gång/tim resp 8 gånger/dygn",kod,1943-02-18T18:00:00Z,1943-02-18T19:00:00+01:00,-847864800000,,0,0,Y,,corrected-archive-csv
162860,Luleå-Kallax Flygplats,13,Rådande väder,"momentanvärde, 1 gång/tim resp 8 gånger/dygn",kod,1943-02-19T01:00:00Z,1943-02-19T02:00:00+01:00,-847839600000,,0,0,Y,,corrected-archive-csv
162860,Luleå-Kallax Flygplats,13,Rådande väder,"momentanvärde, 1 gång/tim resp 8 gånger/dygn",kod,1943-02-19T07:00:00Z,1943-02-19T08:00:00+01:00,-847818000000,,0,0,Y,,corrected-archive-csv
162860,Luleå-Kallax Flygplats,13,Rådande väder,"momentanvärde, 1 gång/tim resp 8 gånger/dygn",kod,1943-02-19T13:00:00Z,1943-02-19T14:00:00+01:00,-847796400000,,0,0,Y,,corrected-archive-csv
162860,Luleå-Kallax Flygplats,13,Rådande väder,"momentanvärde, 1 gång/tim resp 8 gånger/dygn",kod,1943-02-19T18:00:00Z,1943-02-19T19:00:00+01:00,-847778400000,,75,75,Y,,corrected-archive-csv
162860,Luleå-Kallax Flygplats,13,Rådande väder,"momentanvärde, 1 gång/tim resp 8 gånger/dygn",kod,1943-02-20T01:00:00Z,1943-02-20T02:00:00+01:00,-847753200000,,71,71,Y,,corrected-archive-csv
162860,Luleå-Kallax Flygplats,13,Rådande väder,"momentanvärde, 1 gång/tim resp 8 gånger/dygn",kod,1943-02-20T07:00:00Z,1943-02-20T08:00:00+01:00,-847731600000,,0,0,Y,,corrected-archive-csv
162860,Luleå-Kallax Flygplats,13,Rådande väder,"momentanvärde, 1 gång/tim resp 8 gånger/dygn",kod,1943-02-20T13:00:00Z,1943-02-20T14:00:00+01:00,-847710000000,,0,0,Y,,corrected-archive-csv
162860,Luleå-Kallax Flygplats,13,Rådande väder,"momentanvärde, 1 gång/tim resp 8 gånger/dygn",kod,1943-02-20T18:00:00Z,1943-02-20T19:00:00+01:00,-847692000000,,0,0,Y,,corrected-archive-csv
162860,Luleå-Kallax Flygplats,13,Rådande väder,"momentanvärde, 1 gång/tim resp 8 gånger/dygn",kod,1943-02-21T01:00:00Z,1943-02-21T02:00:00+01:00,-847666800000,,0,0,Y,,corrected-archive-csv
162860,Luleå-Kallax Flygplats,13,Rådande väder,"momentanvärde, 1 gång/tim resp 8 gånger/dygn",kod,1943-02-21T07:00:00Z,1943-02-21T08:00:00+01:00,-847645200000,,0,0,Y,,corrected-archive-csv
162860,Luleå-Kallax Flygplats,13,Rådande väder,"momentanvärde, 1 gång/tim resp 8 gånger/dygn",kod,1943-02-21T13:00:00Z,1943-02-21T14:00:00+01:00,-847623600000,,72,72,Y,,corrected-archive-csv
162860,Luleå-Kallax Flygplats,13,Rådande väder,"momentanvärde, 1 gång/tim resp 8 gånger/dygn",kod,1943-02-21T18:00:00Z,1943-02-21T19:00:00+01:00,-847605600000,,0,0,Y,,corrected-archive-csv
162860,Luleå-Kallax Flygplats,13,Rådande väder,"momentanvärde, 1 gång/tim resp 8 gånger/dygn",kod,1943-02-22T01:00:00Z,1943-02-22T02:00:00+01:00,-847580400000,,0,0,Y,,corrected-archive-csv
162860,Luleå-Kallax Flygplats,13,Rådande väder,"momentanvärde, 1 gång/tim resp 8 gånger/dygn",kod,1943-02-22T07:00:00Z,1943-02-22T08:00:00+01:00,-847558800000,,36,36,Y,,corrected-archive-csv
162860,Luleå-Kallax Flygplats,13,Rådande väder,"momentanvärde, 1 gång/tim resp 8 gånger/dygn",kod,1943-02-22T13:00:00Z,1943-02-22T14:00:00+01:00,-847537200000,,0,0,Y,,corrected-archive-csv
162860,Luleå-Kallax Flygplats,13,Rådande väder,"momentanvärde, 1 gång/tim resp 8 gånger/dygn",kod,1943-02-22T18:00:00Z,1943-02-22T19:00:00+01:00,-847519200000,,0,0,Y,,corrected-archive-csv
162860,Luleå-Kallax Flygplats,13,Rådande väder,"momentanvärde, 1 gång/tim resp 8 gånger/dygn",kod,1943-02-23T01:00:00Z,1943-02-23T02:00:00+01:00,-847494000000,,0,0,Y,,corrected-archive-csv
162860,Luleå-Kallax Flygplats,13,Rådande väder,"momentanvärde, 1 gång/tim resp 8 gånger/dygn",kod,1943-02-23T07:00:00Z,1943-02-23T08:00:00+01:00,-847472400000,,40,40,Y,,corrected-archive-csv
162860,Luleå-Kallax Flygplats,13,Rådande väder,"momentanvärde, 1 gång/tim resp 8 gånger/dygn",kod,1943-02-23T13:00:00Z,1943-02-23T14:00:00+01:00,-847450800000,,0,0,Y,,corrected-archive-csv
162860,Luleå-Kallax Flygplats,13,Rådande väder,"momentanvärde, 1 gång/tim resp 8 gånger/dygn",kod,1943-02-23T18:00:00Z,1943-02-23T19:00:00+01:00,-847432800000,,0,0,Y,,corrected-archive-csv
162860,Luleå-Kallax Flygplats,13,Rådande väder,"momentanvärde, 1 gång/tim resp 8 gånger/dygn",kod,1943-02-24T01:00:00Z,1943-02-24T02:00:00+01:00,-847407600000,,0,0,Y,,corrected-archive-csv
162860,Luleå-Kallax Flygplats,13,Rådande väder,"momentanvärde, 1 gång/tim resp 8 gånger/dygn",kod,1943-02-24T07:00:00Z,1943-02-24T08:00:00+01:00,-847386000000,,0,0,Y,,corrected-archive-csv
162860,Luleå-Kallax Flygplats,13,Rådande väder,"momentanvärde, 1 gång/tim resp 8 gånger/dygn",kod,1943-02-24T13:00:00Z,1943-02-24T14:00:00+01:00,-847364400000,,0,0,Y,,corrected-archive-csv
162860,Luleå-Kallax Flygplats,13,Rådande väder,"momentanvärde, 1 gång/tim resp 8 gånger/dygn",kod,1943-02-24T18:00:00Z,1943-02-24T19:00:00+01:00,-847346400000,,0,0,Y,,corrected-archive-csv
162860,Luleå-Kallax Flygplats,13,Rådande väder,"momentanvärde, 1 gång/tim resp 8 gånger/dygn",kod,1943-02-25T01:00:00Z,1943-02-25T02:00:00+01:00,-847321200000,,0,0,Y,,corrected-archive-csv
162860,Luleå-Kallax Flygplats,13,Rådande väder,"momentanvärde, 1 gång/tim resp 8 gånger/dygn",kod,1943-02-25T07:00:00Z,1943-02-25T08:00:00+01:00,-847299600000,,0,0,Y,,corrected-archive-csv
162860,Luleå-Kallax Flygplats,13,Rådande väder,"momentanvärde, 1 gång/tim resp 8 gånger/dygn",kod,1943-02-25T13:00:00Z,1943-02-25T14:00:00+01:00,-847278000000,,0,0,Y,,corrected-archive-csv
162860,Luleå-Kallax Flygplats,13,Rådande väder,"momentanvärde, 1 gång/tim resp 8 gånger/dygn",kod,1943-02-25T18:00:00Z,1943-02-25T19:00:00+01:00,-847260000000,,0,0,Y,,corrected-archive-csv
162860,Luleå-Kallax Flygplats,13,Rådande väder,"momentanvärde, 1 gång/tim resp 8 gånger/dygn",kod,1943-02-26T01:00:00Z,1943-02-26T02:00:00+01:00,-847234800000,,0,0,Y,,corrected-archive-csv
162860,Luleå-Kallax Flygplats,13,Rådande väder,"momentanvärde, 1 gång/tim resp 8 gånger/dygn",kod,1943-02-26T07:00:00Z,1943-02-26T08:00:00+01:00,-847213200000,,0,0,Y,,corrected-archive-csv
162860,Luleå-Kallax Flygplats,13,Rådande väder,"momentanvärde, 1 gång/tim resp 8 gånger/dygn",kod,1943-02-26T13:00:00Z,1943-02-26T14:00:00+01:00,-847191600000,,0,0,Y,,corrected-archive-csv
162860,Luleå-Kallax Flygplats,13,Rådande väder,"momentanvärde, 1 gång/tim resp 8 gånger/dygn",kod,1943-02-26T18:00:00Z,1943-02-26T19:00:00+01:00,-847173600000,,0,0,Y,,corrected-archive-csv
162860,Luleå-Kallax Flygplats,13,Rådande väder,"momentanvärde, 1 gång/tim resp 8 gånger/dygn",kod,1943-02-27T01:00:00Z,1943-02-27T02:00:00+01:00,-847148400000,,0,0,Y,,corrected-archive-csv
162860,Luleå-Kallax Flygplats,13,Rådande väder,"momentanvärde, 1 gång/tim resp 8 gånger/dygn",kod,1943-02-27T07:00:00Z,1943-02-27T08:00:00+01:00,-847126800000,,0,0,Y,,corrected-archive-csv
162860,Luleå-Kallax Flygplats,13,Rådande väder,"momentanvärde, 1 gång/tim resp 8 gånger/dygn",kod,1943-02-27T13:00:00Z,1943-02-27T14:00:00+01:00,-847105200000,,0,0,Y,,corrected-archive-csv
162860,Luleå-Kallax Flygplats,13,Rådande väder,"momentanvärde, 1 gång/tim resp 8 gånger/dygn",kod,1943-02-27T18:00:00Z,1943-02-27T19:00:00+01:00,-847087200000,,0,0,Y,,corrected-archive-csv
162860,Luleå-Kallax Flygplats,13,Rådande väder,"momentanvärde, 1 gång/tim resp 8 gånger/dygn",kod,1943-02-28T01:00:00Z,1943-02-28T02:00:00+01:00,-847062000000,,0,0,Y,,corrected-archive-csv
162860,Luleå-Kallax Flygplats,13,Rådande väder,"momentanvärde, 1 gång/tim resp 8 gånger/dygn",kod,1943-02-28T07:00:00Z,1943-02-28T08:00:00+01:00,-847040400000,,0,0,Y,,corrected-archive-csv
162860,Luleå-Kallax Flygplats,13,Rådande väder,"momentanvärde, 1 gång/tim resp 8 gånger/dygn",kod,1943-02-28T13:00:00Z,1943-02-28T14:00:00+01:00,-847018800000,,71,71,Y,,corrected-archive-csv
162860,Luleå-Kallax Flygplats,13,Rådande väder,"momentanvärde, 1 gång/tim resp 8 gånger/dygn",kod,1943-02-28T18:00:00Z,1943-02-28T19:00:00+01:00,-847000800000,,0,0,Y,,corrected-archive-csv
162860,Luleå-Kallax Flygplats,13,Rådande väder,"momentanvärde, 1 gång/tim resp 8 gånger/dygn",kod,1943-03-01T01:00:00Z,1943-03-01T02:00:00+01:00,-846975600000,,0,0,Y,,corrected-archive-csv
162860,Luleå-Kallax Flygplats,13,Rådande väder,"momentanvärde, 1 gång/tim resp 8 gånger/dygn",kod,1943-03-01T07:00:00Z,1943-03-01T08:00:00+01:00,-846954000000,,0,0,Y,,corrected-archive-csv
162860,Luleå-Kallax Flygplats,13,Rådande väder,"momentanvärde, 1 gång/tim resp 8 gånger/dygn",kod,1943-03-01T13:00:00Z,1943-03-01T14:00:00+01:00,-846932400000,,0,0,Y,,corrected-archive-csv
162860,Luleå-Kallax Flygplats,13,Rådande väder,"momentanvärde, 1 gång/tim resp 8 gånger/dygn",kod,1943-03-01T18:00:00Z,1943-03-01T19:00:00+01:00,-846914400000,,0,0,Y,,corrected-archive-csv
162860,Luleå-Kallax Flygplats,13,Rådande väder,"momentanvärde, 1 gång/tim resp 8 gånger/dygn",kod,1943-03-02T01:00:00Z,1943-03-02T02:00:00+01:00,-846889200000,,0,0,Y,,corrected-archive-csv
162860,Luleå-Kallax Flygplats,13,Rådande väder,"momentanvärde, 1 gång/tim resp 8 gånger/dygn",kod,1943-03-02T07:00:00Z,1943-03-02T08:00:00+01:00,-846867600000,,0,0,Y,,corrected-archive-csv
162860,Luleå-Kallax Flygplats,13,Rådande väder,"momentanvärde, 1 gång/tim resp 8 gånger/dygn",kod,1943-03-02T13:00:00Z,1943-03-02T14:00:00+01:00,-846846000000,,0,0,Y,,corrected-archive-csv
162860,Luleå-Kallax Flygplats,13,Rådande väder,"momentanvärde, 1 gång/tim resp 8 gånger/dygn",kod,1943-03-02T18:00:00Z,1943-03-02T19:00:00+01:00,-846828000000,,0,0,Y,,corrected-archive-csv
162860,Luleå-Kallax Flygplats,13,Rådande väder,"momentanvärde, 1 gång/tim resp 8 gånger/dygn",kod,1943-03-03T01:00:00Z,1943-03-03T02:00:00+01:00,-846802800000,,0,0,Y,,corrected-archive-csv
162860,Luleå-Kallax Flygplats,13,Rådande väder,"momentanvärde, 1 gång/tim resp 8 gånger/dygn",kod,1943-03-03T07:00:00Z,1943-03-03T08:00:00+01:00,-846781200000,,0,0,Y,,corrected-archive-csv
162860,Luleå-Kallax Flygplats,13,Rådande väder,"momentanvärde, 1 gång/tim resp 8 gånger/dygn",kod,1943-03-03T13:00:00Z,1943-03-03T14:00:00+01:00,-846759600000,,0,0,Y,,corrected-archive-csv
162860,Luleå-Kallax Flygplats,13,Rådande väder,"momentanvärde, 1 gång/tim resp 8 gånger/dygn",kod,1943-03-03T18:00:00Z,1943-03-03T19:00:00+01:00,-846741600000,,0,0,Y,,corrected-archive-csv
162860,Luleå-Kallax Flygplats,13,Rådande väder,"momentanvärde, 1 gång/tim resp 8 gånger/dygn",kod,1943-03-04T01:00:00Z,1943-03-04T02:00:00+01:00,-846716400000,,0,0,Y,,corrected-archive-csv
162860,Luleå-Kallax Flygplats,13,Rådande väder,"momentanvärde, 1 gång/tim resp 8 gånger/dygn",kod,1943-03-04T07:00:00Z,1943-03-04T08:00:00+01:00,-846694800000,,0,0,Y,,corrected-archive-csv
162860,Luleå-Kallax Flygplats,13,Rådande väder,"momentanvärde, 1 gång/tim resp 8 gånger/dygn",kod,1943-03-04T13:00:00Z,1943-03-04T14:00:00+01:00,-846673200000,,0,0,Y,,corrected-archive-csv
162860,Luleå-Kallax Flygplats,13,Rådande väder,"momentanvärde, 1 gång/tim resp 8 gånger/dygn",kod,1943-03-04T18:00:00Z,1943-03-04T19:00:00+01:00,-846655200000,,0,0,Y,,corrected-archive-csv
162860,Luleå-Kallax Flygplats,13,Rådande väder,"momentanvärde, 1 gång/tim resp 8 gånger/dygn",kod,1943-03-05T01:00:00Z,1943-03-05T02:00:00+01:00,-846630000000,,0,0,Y,,corrected-archive-csv
162860,Luleå-Kallax Flygplats,13,Rådande väder,"momentanvärde, 1 gång/tim resp 8 gånger/dygn",kod,1943-03-05T07:00:00Z,1943-03-05T08:00:00+01:00,-846608400000,,0,0,Y,,corrected-archive-csv
162860,Luleå-Kallax Flygplats,13,Rådande väder,"momentanvärde, 1 gång/tim resp 8 gånger/dygn",kod,1943-03-05T13:00:00Z,1943-03-05T14:00:00+01:00,-846586800000,,73,73,Y,,corrected-archive-csv
162860,Luleå-Kallax Flygplats,13,Rådande väder,"momentanvärde, 1 gång/tim resp 8 gånger/dygn",kod,1943-03-05T18:00:00Z,1943-03-05T19:00:00+01:00,-846568800000,,77,77,Y,,corrected-archive-csv
162860,Luleå-Kallax Flygplats,13,Rådande väder,"momentanvärde, 1 gång/tim resp 8 gånger/dygn",kod,1943-03-06T01:00:00Z,1943-03-06T02:00:00+01:00,-846543600000,,71,71,Y,,corrected-archive-csv
162860,Luleå-Kallax Flygplats,13,Rådande väder,"momentanvärde, 1 gång/tim resp 8 gånger/dygn",kod,1943-03-06T07:00:00Z,1943-03-06T08:00:00+01:00,-846522000000,,0,0,Y,,corrected-archive-csv
162860,Luleå-Kallax Flygplats,13,Rådande väder,"momentanvärde, 1 gång/tim resp 8 gånger/dygn",kod,1943-03-06T13:00:00Z,1943-03-06T14:00:00+01:00,-846500400000,,0,0,Y,,corrected-archive-csv
162860,Luleå-Kallax Flygplats,13,Rådande väder,"momentanvärde, 1 gång/tim resp 8 gånger/dygn",kod,1943-03-06T18:00:00Z,1943-03-06T19:00:00+01:00,-846482400000,,0,0,Y,,corrected-archive-csv
162860,Luleå-Kallax Flygplats,13,Rådande väder,"momentanvärde, 1 gång/tim resp 8 gånger/dygn",kod,1943-03-07T01:00:00Z,1943-03-07T02:00:00+01:00,-846457200000,,0,0,Y,,corrected-archive-csv
162860,Luleå-Kallax Flygplats,13,Rådande väder,"momentanvärde, 1 gång/tim resp 8 gånger/dygn",kod,1943-03-07T07:00:00Z,1943-03-07T08:00:00+01:00,-846435600000,,0,0,Y,,corrected-archive-csv
162860,Luleå-Kallax Flygplats,13,Rådande väder,"momentanvärde, 1 gång/tim resp 8 gånger/dygn",kod,1943-03-07T13:00:00Z,1943-03-07T14:00:00+01:00,-846414000000,,0,0,Y,,corrected-archive-csv
162860,Luleå-Kallax Flygplats,13,Rådande väder,"momentanvärde, 1 gång/tim resp 8 gånger/dygn",kod,1943-03-07T18:00:00Z,1943-03-07T19:00:00+01:00,-846396000000,,0,0,Y,,corrected-archive-csv
162860,Luleå-Kallax Flygplats,13,Rådande väder,"momentanvärde, 1 gång/tim resp 8 gånger/dygn",kod,1943-03-08T01:00:00Z,1943-03-08T02:00:00+01:00,-846370800000,,0,0,Y,,corrected-archive-csv
162860,Luleå-Kallax Flygplats,13,Rådande väder,"momentanvärde, 1 gång/tim resp 8 gånger/dygn",kod,1943-03-08T07:00:00Z,1943-03-08T08:00:00+01:00,-846349200000,,0,0,Y,,corrected-archive-csv
162860,Luleå-Kallax Flygplats,13,Rådande väder,"momentanvärde, 1 gång/tim resp 8 gånger/dygn",kod,1943-03-08T13:00:00Z,1943-03-08T14:00:00+01:00,-846327600000,,0,0,Y,,corrected-archive-csv
162860,Luleå-Kallax Flygplats,13,Rådande väder,"momentanvärde, 1 gång/tim resp 8 gånger/dygn",kod,1943-03-08T18:00:00Z,1943-03-08T19:00:00+01:00,-846309600000,,0,0,Y,,corrected-archive-csv
162860,Luleå-Kallax Flygplats,13,Rådande väder,"momentanvärde, 1 gång/tim resp 8 gånger/dygn",kod,1943-03-09T01:00:00Z,1943-03-09T02:00:00+01:00,-846284400000,,0,0,Y,,corrected-archive-csv
162860,Luleå-Kallax Flygplats,13,Rådande väder,"momentanvärde, 1 gång/tim resp 8 gånger/dygn",kod,1943-03-09T07:00:00Z,1943-03-09T08:00:00+01:00,-846262800000,,0,0,Y,,corrected-archive-csv
162860,Luleå-Kallax Flygplats,13,Rådande väder,"momentanvärde, 1 gång/tim resp 8 gånger/dygn",kod,1943-03-09T13:00:00Z,1943-03-09T14:00:00+01:00,-846241200000,,0,0,Y,,corrected-archive-csv
162860,Luleå-Kallax Flygplats,13,Rådande väder,"momentanvärde, 1 gång/tim resp 8 gånger/dygn",kod,1943-03-09T18:00:00Z,1943-03-09T19:00:00+01:00,-846223200000,,0,0,Y,,corrected-archive-csv
162860,Luleå-Kallax Flygplats,13,Rådande väder,"momentanvärde, 1 gång/tim resp 8 gånger/dygn",kod,1943-03-10T01:00:00Z,1943-03-10T02:00:00+01:00,-846198000000,,0,0,Y,,corrected-archive-csv
162860,Luleå-Kallax Flygplats,13,Rådande väder,"momentanvärde, 1 gång/tim resp 8 gånger/dygn",kod,1943-03-10T07:00:00Z,1943-03-10T08:00:00+01:00,-846176400000,,0,0,Y,,corrected-archive-csv
162860,Luleå-Kallax Flygplats,13,Rådande väder,"momentanvärde, 1 gång/tim resp 8 gånger/dygn",kod,1943-03-10T13:00:00Z,1943-03-10T14:00:00+01:00,-846154800000,,0,0,Y,,corrected-archive-csv
162860,Luleå-Kallax Flygplats,13,Rådande väder,"momentanvärde, 1 gång/tim resp 8 gånger/dygn",kod,1943-03-10T18:00:00Z,1943-03-10T19:00:00+01:00,-846136800000,,0,0,Y,,corrected-archive-csv
162860,Luleå-Kallax Flygplats,13,Rådande väder,"momentanvärde, 1 gång/tim resp 8 gånger/dygn",kod,1943-03-11T01:00:00Z,1943-03-11T02:00:00+01:00,-846111600000,,0,0,Y,,corrected-archive-csv
162860,Luleå-Kallax Flygplats,13,Rådande väder,"momentanvärde, 1 gång/tim resp 8 gånger/dygn",kod,1943-03-11T07:00:00Z,1943-03-11T08:00:00+01:00,-846090000000,,0,0,Y,,corrected-archive-csv
162860,Luleå-Kallax Flygplats,13,Rådande väder,"momentanvärde, 1 gång/tim resp 8 gånger/dygn",kod,1943-03-11T13:00:00Z,1943-03-11T14:00:00+01:00,-846068400000,,0,0,Y,,corrected-archive-csv
162860,Luleå-Kallax Flygplats,13,Rådande väder,"momentanvärde, 1 gång/tim resp 8 gånger/dygn",kod,1943-03-11T18:00:00Z,1943-03-11T19:00:00+01:00,-846050400000,,0,0,Y,,corrected-archive-csv
162860,Luleå-Kallax Flygplats,13,Rådande väder,"momentanvärde, 1 gång/tim resp 8 gånger/dygn",kod,1943-03-12T01:00:00Z,1943-03-12T02:00:00+01:00,-846025200000,,0,0,Y,,corrected-archive-csv
162860,Luleå-Kallax Flygplats,13,Rådande väder,"momentanvärde, 1 gång/tim resp 8 gånger/dygn",kod,1943-03-12T07:00:00Z,1943-03-12T08:00:00+01:00,-846003600000,,0,0,Y,,corrected-archive-csv
162860,Luleå-Kallax Flygplats,13,Rådande väder,"momentanvärde, 1 gång/tim resp 8 gånger/dygn",kod,1943-03-12T13:00:00Z,1943-03-12T14:00:00+01:00,-845982000000,,0,0,Y,,corrected-archive-csv
162860,Luleå-Kallax Flygplats,13,Rådande väder,"momentanvärde, 1 gång/tim resp 8 gånger/dygn",kod,1943-03-12T18:00:00Z,1943-03-12T19:00:00+01:00,-845964000000,,0,0,Y,,corrected-archive-csv
162860,Luleå-Kallax Flygplats,13,Rådande väder,"momentanvärde, 1 gång/tim resp 8 gånger/dygn",kod,1943-03-13T01:00:00Z,1943-03-13T02:00:00+01:00,-845938800000,,0,0,Y,,corrected-archive-csv
162860,Luleå-Kallax Flygplats,13,Rådande väder,"momentanvärde, 1 gång/tim resp 8 gånger/dygn",kod,1943-03-13T07:00:00Z,1943-03-13T08:00:00+01:00,-845917200000,,0,0,Y,,corrected-archive-csv
162860,Luleå-Kallax Flygplats,13,Rådande väder,"momentanvärde, 1 gång/tim resp 8 gånger/dygn",kod,1943-03-13T13:00:00Z,1943-03-13T14:00:00+01:00,-845895600000,,0,0,Y,,corrected-archive-csv
162860,Luleå-Kallax Flygplats,13,Rådande väder,"momentanvärde, 1 gång/tim resp 8 gånger/dygn",kod,1943-03-13T18:00:00Z,1943-03-13T19:00:00+01:00,-845877600000,,0,0,Y,,corrected-archive-csv
162860,Luleå-Kallax Flygplats,13,Rådande väder,"momentanvärde, 1 gång/tim resp 8 gånger/dygn",kod,1943-03-14T01:00:00Z,1943-03-14T02:00:00+01:00,-845852400000,,0,0,Y,,corrected-archive-csv
162860,Luleå-Kallax Flygplats,13,Rådande väder,"momentanvärde, 1 gång/tim resp 8 gånger/dygn",kod,1943-03-14T07:00:00Z,1943-03-14T08:00:00+01:00,-845830800000,,0,0,Y,,corrected-archive-csv
162860,Luleå-Kallax Flygplats,13,Rådande väder,"momentanvärde, 1 gång/tim resp 8 gånger/dygn",kod,1943-03-14T13:00:00Z,1943-03-14T14:00:00+01:00,-845809200000,,0,0,Y,,corrected-archive-csv
162860,Luleå-Kallax Flygplats,13,Rådande väder,"momentanvärde, 1 gång/tim resp 8 gånger/dygn",kod,1943-03-14T18:00:00Z,1943-03-14T19:00:00+01:00,-845791200000,,0,0,Y,,corrected-archive-csv
162860,Luleå-Kallax Flygplats,13,Rådande väder,"momentanvärde, 1 gång/tim resp 8 gånger/dygn",kod,1943-03-15T01:00:00Z,1943-03-15T02:00:00+01:00,-845766000000,,0,0,Y,,corrected-archive-csv
162860,Luleå-Kallax Flygplats,13,Rådande väder,"momentanvärde, 1 gång/tim resp 8 gånger/dygn",kod,1943-03-15T07:00:00Z,1943-03-15T08:00:00+01:00,-845744400000,,0,0,Y,,corrected-archive-csv
162860,Luleå-Kallax Flygplats,13,Rådande väder,"momentanvärde, 1 gång/tim resp 8 gånger/dygn",kod,1943-03-15T13:00:00Z,1943-03-15T14:00:00+01:00,-845722800000,,0,0,Y,,corrected-archive-csv
162860,Luleå-Kallax Flygplats,13,Rådande väder,"momentanvärde, 1 gång/tim resp 8 gånger/dygn",kod,1943-03-15T18:00:00Z,1943-03-15T19:00:00+01:00,-845704800000,,0,0,Y,,corrected-archive-csv
162860,Luleå-Kallax Flygplats,13,Rådande väder,"momentanvärde, 1 gång/tim resp 8 gånger/dygn",kod,1943-03-16T01:00:00Z,1943-03-16T02:00:00+01:00,-845679600000,,0,0,Y,,corrected-archive-csv
162860,Luleå-Kallax Flygplats,13,Rådande väder,"momentanvärde, 1 gång/tim resp 8 gånger/dygn",kod,1943-03-16T07:00:00Z,1943-03-16T08:00:00+01:00,-845658000000,,0,0,Y,,corrected-archive-csv
162860,Luleå-Kallax Flygplats,13,Rådande väder,"momentanvärde, 1 gång/tim resp 8 gånger/dygn",kod,1943-03-16T13:00:00Z,1943-03-16T14:00:00+01:00,-845636400000,,0,0,Y,,corrected-archive-csv
162860,Luleå-Kallax Flygplats,13,Rådande väder,"momentanvärde, 1 gång/tim resp 8 gånger/dygn",kod,1943-03-16T18:00:00Z,1943-03-16T19:00:00+01:00,-845618400000,,0,0,Y,,corrected-archive-csv
162860,Luleå-Kallax Flygplats,13,Rådande väder,"momentanvärde, 1 gång/tim resp 8 gånger/dygn",kod,1943-03-17T01:00:00Z,1943-03-17T02:00:00+01:00,-845593200000,,0,0,Y,,corrected-archive-csv
162860,Luleå-Kallax Flygplats,13,Rådande väder,"momentanvärde, 1 gång/tim resp 8 gånger/dygn",kod,1943-03-17T07:00:00Z,1943-03-17T08:00:00+01:00,-845571600000,,40,40,Y,,corrected-archive-csv
162860,Luleå-Kallax Flygplats,13,Rådande väder,"momentanvärde, 1 gång/tim resp 8 gånger/dygn",kod,1943-03-17T13:00:00Z,1943-03-17T14:00:00+01:00,-845550000000,,0,0,Y,,corrected-archive-csv
162860,Luleå-Kallax Flygplats,13,Rådande väder,"momentanvärde, 1 gång/tim resp 8 gånger/dygn",kod,1943-03-17T18:00:00Z,1943-03-17T19:00:00+01:00,-845532000000,,0,0,Y,,corrected-archive-csv
162860,Luleå-Kallax Flygplats,13,Rådande väder,"momentanvärde, 1 gång/tim resp 8 gånger/dygn",kod,1943-03-18T01:00:00Z,1943-03-18T02:00:00+01:00,-845506800000,,0,0,Y,,corrected-archive-csv
162860,Luleå-Kallax Flygplats,13,Rådande väder,"momentanvärde, 1 gång/tim resp 8 gånger/dygn",kod,1943-03-18T07:00:00Z,1943-03-18T08:00:00+01:00,-845485200000,,0,0,Y,,corrected-archive-csv
162860,Luleå-Kallax Flygplats,13,Rådande väder,"momentanvärde, 1 gång/tim resp 8 gånger/dygn",kod,1943-03-18T13:00:00Z,1943-03-18T14:00:00+01:00,-845463600000,,0,0,Y,,corrected-archive-csv
162860,Luleå-Kallax Flygplats,13,Rådande väder,"momentanvärde, 1 gång/tim resp 8 gånger/dygn",kod,1943-03-18T18:00:00Z,1943-03-18T19:00:00+01:00,-845445600000,,0,0,Y,,corrected-archive-csv
162860,Luleå-Kallax Flygplats,13,Rådande väder,"momentanvärde, 1 gång/tim resp 8 gånger/dygn",kod,1943-03-19T01:00:00Z,1943-03-19T02:00:00+01:00,-845420400000,,0,0,Y,,corrected-archive-csv
162860,Luleå-Kallax Flygplats,13,Rådande väder,"momentanvärde, 1 gång/tim resp 8 gånger/dygn",kod,1943-03-19T07:00:00Z,1943-03-19T08:00:00+01:00,-845398800000,,0,0,Y,,corrected-archive-csv
162860,Luleå-Kallax Flygplats,13,Rådande väder,"momentanvärde, 1 gång/tim resp 8 gånger/dygn",kod,1943-03-19T13:00:00Z,1943-03-19T14:00:00+01:00,-845377200000,,0,0,Y,,corrected-archive-csv
162860,Luleå-Kallax Flygplats,13,Rådande väder,"momentanvärde, 1 gång/tim resp 8 gånger/dygn",kod,1943-03-19T18:00:00Z,1943-03-19T19:00:00+01:00,-845359200000,,0,0,Y,,corrected-archive-csv
162860,Luleå-Kallax Flygplats,13,Rådande väder,"momentanvärde, 1 gång/tim resp 8 gånger/dygn",kod,1943-03-20T01:00:00Z,1943-03-20T02:00:00+01:00,-845334000000,,0,0,Y,,corrected-archive-csv
162860,Luleå-Kallax Flygplats,13,Rådande väder,"momentanvärde, 1 gång/tim resp 8 gånger/dygn",kod,1943-03-20T07:00:00Z,1943-03-20T08:00:00+01:00,-845312400000,,0,0,Y,,corrected-archive-csv
162860,Luleå-Kallax Flygplats,13,Rådande väder,"momentanvärde, 1 gång/tim resp 8 gånger/dygn",kod,1943-03-20T13:00:00Z,1943-03-20T14:00:00+01:00,-845290800000,,0,0,Y,,corrected-archive-csv
162860,Luleå-Kallax Flygplats,13,Rådande väder,"momentanvärde, 1 gång/tim resp 8 gånger/dygn",kod,1943-03-20T18:00:00Z,1943-03-20T19:00:00+01:00,-845272800000,,0,0,Y,,corrected-archive-csv
162860,Luleå-Kallax Flygplats,13,Rådande väder,"momentanvärde, 1 gång/tim resp 8 gånger/dygn",kod,1943-03-21T01:00:00Z,1943-03-21T02:00:00+01:00,-845247600000,,0,0,Y,,corrected-archive-csv
162860,Luleå-Kallax Flygplats,13,Rådande väder,"momentanvärde, 1 gång/tim resp 8 gånger/dygn",kod,1943-03-21T07:00:00Z,1943-03-21T08:00:00+01:00,-845226000000,,0,0,Y,,corrected-archive-csv
162860,Luleå-Kallax Flygplats,13,Rådande väder,"momentanvärde, 1 gång/tim resp 8 gånger/dygn",kod,1943-03-21T13:00:00Z,1943-03-21T14:00:00+01:00,-845204400000,,0,0,Y,,corrected-archive-csv
162860,Luleå-Kallax Flygplats,13,Rådande väder,"momentanvärde, 1 gång/tim resp 8 gånger/dygn",kod,1943-03-21T18:00:00Z,1943-03-21T19:00:00+01:00,-845186400000,,5,5,Y,,corrected-archive-csv
162860,Luleå-Kallax Flygplats,13,Rådande väder,"momentanvärde, 1 gång/tim resp 8 gånger/dygn",kod,1943-03-22T01:00:00Z,1943-03-22T02:00:00+01:00,-845161200000,,44,44,Y,,corrected-archive-csv
162860,Luleå-Kallax Flygplats,13,Rådande väder,"momentanvärde, 1 gång/tim resp 8 gånger/dygn",kod,1943-03-22T07:00:00Z,1943-03-22T08:00:00+01:00,-845139600000,,0,0,Y,,corrected-archive-csv
162860,Luleå-Kallax Flygplats,13,Rådande väder,"momentanvärde, 1 gång/tim resp 8 gånger/dygn",kod,1943-03-22T13:00:00Z,1943-03-22T14:00:00+01:00,-845118000000,,0,0,Y,,corrected-archive-csv
162860,Luleå-Kallax Flygplats,13,Rådande väder,"momentanvärde, 1 gång/tim resp 8 gånger/dygn",kod,1943-03-22T18:00:00Z,1943-03-22T19:00:00+01:00,-845100000000,,0,0,Y,,corrected-archive-csv
162860,Luleå-Kallax Flygplats,13,Rådande väder,"momentanvärde, 1 gång/tim resp 8 gånger/dygn",kod,1943-03-23T01:00:00Z,1943-03-23T02:00:00+01:00,-845074800000,,0,0,Y,,corrected-archive-csv
162860,Luleå-Kallax Flygplats,13,Rådande väder,"momentanvärde, 1 gång/tim resp 8 gånger/dygn",kod,1943-03-23T07:00:00Z,1943-03-23T08:00:00+01:00,-845053200000,,0,0,Y,,corrected-archive-csv
162860,Luleå-Kallax Flygplats,13,Rådande väder,"momentanvärde, 1 gång/tim resp 8 gånger/dygn",kod,1943-03-23T13:00:00Z,1943-03-23T14:00:00+01:00,-845031600000,,0,0,Y,,corrected-archive-csv
162860,Luleå-Kallax Flygplats,13,Rådande väder,"momentanvärde, 1 gång/tim resp 8 gånger/dygn",kod,1943-03-23T18:00:00Z,1943-03-23T19:00:00+01:00,-845013600000,,0,0,Y,,corrected-archive-csv
162860,Luleå-Kallax Flygplats,13,Rådande väder,"momentanvärde, 1 gång/tim resp 8 gånger/dygn",kod,1943-03-24T01:00:00Z,1943-03-24T02:00:00+01:00,-844988400000,,0,0,Y,,corrected-archive-csv
162860,Luleå-Kallax Flygplats,13,Rådande väder,"momentanvärde, 1 gång/tim resp 8 gånger/dygn",kod,1943-03-24T07:00:00Z,1943-03-24T08:00:00+01:00,-844966800000,,0,0,Y,,corrected-archive-csv
162860,Luleå-Kallax Flygplats,13,Rådande väder,"momentanvärde, 1 gång/tim resp 8 gånger/dygn",kod,1943-03-24T13:00:00Z,1943-03-24T14:00:00+01:00,-844945200000,,0,0,Y,,corrected-archive-csv
162860,Luleå-Kallax Flygplats,13,Rådande väder,"momentanvärde, 1 gång/tim resp 8 gånger/dygn",kod,1943-03-24T18:00:00Z,1943-03-24T19:00:00+01:00,-844927200000,,0,0,Y,,corrected-archive-csv
162860,Luleå-Kallax Flygplats,13,Rådande väder,"momentanvärde, 1 gång/tim resp 8 gånger/dygn",kod,1943-03-25T01:00:00Z,1943-03-25T02:00:00+01:00,-844902000000,,0,0,Y,,corrected-archive-csv
162860,Luleå-Kallax Flygplats,13,Rådande väder,"momentanvärde, 1 gång/tim resp 8 gånger/dygn",kod,1943-03-25T07:00:00Z,1943-03-25T08:00:00+01:00,-844880400000,,0,0,Y,,corrected-archive-csv
162860,Luleå-Kallax Flygplats,13,Rådande väder,"momentanvärde, 1 gång/tim resp 8 gånger/dygn",kod,1943-03-25T13:00:00Z,1943-03-25T14:00:00+01:00,-844858800000,,0,0,Y,,corrected-archive-csv
162860,Luleå-Kallax Flygplats,13,Rådande väder,"momentanvärde, 1 gång/tim resp 8 gånger/dygn",kod,1943-03-25T18:00:00Z,1943-03-25T19:00:00+01:00,-844840800000,,0,0,Y,,corrected-archive-csv
162860,Luleå-Kallax Flygplats,13,Rådande väder,"momentanvärde, 1 gång/tim resp 8 gånger/dygn",kod,1943-03-26T01:00:00Z,1943-03-26T02:00:00+01:00,-844815600000,,0,0,Y,,corrected-archive-csv
162860,Luleå-Kallax Flygplats,13,Rådande väder,"momentanvärde, 1 gång/tim resp 8 gånger/dygn",kod,1943-03-26T07:00:00Z,1943-03-26T08:00:00+01:00,-844794000000,,10,10,Y,,corrected-archive-csv
162860,Luleå-Kallax Flygplats,13,Rådande väder,"momentanvärde, 1 gång/tim resp 8 gånger/dygn",kod,1943-03-26T13:00:00Z,1943-03-26T14:00:00+01:00,-844772400000,,0,0,Y,,corrected-archive-csv
162860,Luleå-Kallax Flygplats,13,Rådande väder,"momentanvärde, 1 gång/tim resp 8 gånger/dygn",kod,1943-03-26T18:00:00Z,1943-03-26T19:00:00+01:00,-844754400000,,0,0,Y,,corrected-archive-csv
162860,Luleå-Kallax Flygplats,13,Rådande väder,"momentanvärde, 1 gång/tim resp 8 gånger/dygn",kod,1943-03-27T01:00:00Z,1943-03-27T02:00:00+01:00,-844729200000,,40,40,Y,,corrected-archive-csv
162860,Luleå-Kallax Flygplats,13,Rådande väder,"momentanvärde, 1 gång/tim resp 8 gånger/dygn",kod,1943-03-27T07:00:00Z,1943-03-27T08:00:00+01:00,-844707600000,,45,45,Y,,corrected-archive-csv
162860,Luleå-Kallax Flygplats,13,Rådande väder,"momentanvärde, 1 gång/tim resp 8 gånger/dygn",kod,1943-03-27T13:00:00Z,1943-03-27T14:00:00+01:00,-844686000000,,45,45,Y,,corrected-archive-csv
162860,Luleå-Kallax Flygplats,13,Rådande väder,"momentanvärde, 1 gång/tim resp 8 gånger/dygn",kod,1943-03-27T18:00:00Z,1943-03-27T19:00:00+01:00,-844668000000,,45,45,Y,,corrected-archive-csv
162860,Luleå-Kallax Flygplats,13,Rådande väder,"momentanvärde, 1 gång/tim resp 8 gånger/dygn",kod,1943-03-28T01:00:00Z,1943-03-28T02:00:00+01:00,-844642800000,,45,45,Y,,corrected-archive-csv
162860,Luleå-Kallax Flygplats,13,Rådande väder,"momentanvärde, 1 gång/tim resp 8 gånger/dygn",kod,1943-03-28T07:00:00Z,1943-03-28T08:00:00+01:00,-844621200000,,0,0,Y,,corrected-archive-csv
162860,Luleå-Kallax Flygplats,13,Rådande väder,"momentanvärde, 1 gång/tim resp 8 gånger/dygn",kod,1943-03-28T13:00:00Z,1943-03-28T14:00:00+01:00,-844599600000,,0,0,Y,,corrected-archive-csv
162860,Luleå-Kallax Flygplats,13,Rådande väder,"momentanvärde, 1 gång/tim resp 8 gånger/dygn",kod,1943-03-28T18:00:00Z,1943-03-28T19:00:00+01:00,-844581600000,,73,73,Y,,corrected-archive-csv
162860,Luleå-Kallax Flygplats,13,Rådande väder,"momentanvärde, 1 gång/tim resp 8 gånger/dygn",kod,1943-03-29T01:00:00Z,1943-03-29T02:00:00+01:00,-844556400000,,0,0,Y,,corrected-archive-csv
162860,Luleå-Kallax Flygplats,13,Rådande väder,"momentanvärde, 1 gång/tim resp 8 gånger/dygn",kod,1943-03-29T07:00:00Z,1943-03-29T08:00:00+01:00,-844534800000,,40,40,Y,,corrected-archive-csv
162860,Luleå-Kallax Flygplats,13,Rådande väder,"momentanvärde, 1 gång/tim resp 8 gånger/dygn",kod,1943-03-29T13:00:00Z,1943-03-29T14:00:00+01:00,-844513200000,,0,0,Y,,corrected-archive-csv
162860,Luleå-Kallax Flygplats,13,Rådande väder,"momentanvärde, 1 gång/tim resp 8 gånger/dygn",kod,1943-03-29T18:00:00Z,1943-03-29T19:00:00+01:00,-844495200000,,0,0,Y,,corrected-archive-csv
162860,Luleå-Kallax Flygplats,13,Rådande väder,"momentanvärde, 1 gång/tim resp 8 gånger/dygn",kod,1943-03-30T01:00:00Z,1943-03-30T02:00:00+01:00,-844470000000,,0,0,Y,,corrected-archive-csv
162860,Luleå-Kallax Flygplats,13,Rådande väder,"momentanvärde, 1 gång/tim resp 8 gånger/dygn",kod,1943-03-30T07:00:00Z,1943-03-30T08:00:00+01:00,-844448400000,,0,0,Y,,corrected-archive-csv
162860,Luleå-Kallax Flygplats,13,Rådande väder,"momentanvärde, 1 gång/tim resp 8 gånger/dygn",kod,1943-03-30T13:00:00Z,1943-03-30T14:00:00+01:00,-844426800000,,0,0,Y,,corrected-archive-csv
162860,Luleå-Kallax Flygplats,13,Rådande väder,"momentanvärde, 1 gång/tim resp 8 gånger/dygn",kod,1943-03-30T18:00:00Z,1943-03-30T19:00:00+01:00,-844408800000,,60,60,Y,,corrected-archive-csv
162860,Luleå-Kallax Flygplats,13,Rådande väder,"momentanvärde, 1 gång/tim resp 8 gånger/dygn",kod,1943-03-31T01:00:00Z,1943-03-31T02:00:00+01:00,-844383600000,,68,68,Y,,corrected-archive-csv
162860,Luleå-Kallax Flygplats,13,Rådande väder,"momentanvärde, 1 gång/tim resp 8 gånger/dygn",kod,1943-03-31T07:00:00Z,1943-03-31T08:00:00+01:00,-844362000000,,0,0,Y,,corrected-archive-csv
162860,Luleå-Kallax Flygplats,13,Rådande väder,"momentanvärde, 1 gång/tim resp 8 gånger/dygn",kod,1943-03-31T13:00:00Z,1943-03-31T14:00:00+01:00,-844340400000,,0,0,Y,,corrected-archive-csv
162860,Luleå-Kallax Flygplats,13,Rådande väder,"momentanvärde, 1 gång/tim resp 8 gånger/dygn",kod,1943-03-31T18:00:00Z,1943-03-31T19:00:00+01:00,-844322400000,,47,47,Y,,corrected-archive-csv
162860,Luleå-Kallax Flygplats,13,Rådande väder,"momentanvärde, 1 gång/tim resp 8 gånger/dygn",kod,1943-04-01T01:00:00Z,1943-04-01T02:00:00+01:00,-844297200000,,45,45,Y,,corrected-archive-csv
162860,Luleå-Kallax Flygplats,13,Rådande väder,"momentanvärde, 1 gång/tim resp 8 gånger/dygn",kod,1943-04-01T07:00:00Z,1943-04-01T08:00:00+01:00,-844275600000,,0,0,Y,,corrected-archive-csv
162860,Luleå-Kallax Flygplats,13,Rådande väder,"momentanvärde, 1 gång/tim resp 8 gånger/dygn",kod,1943-04-01T13:00:00Z,1943-04-01T14:00:00+01:00,-844254000000,,0,0,Y,,corrected-archive-csv
162860,Luleå-Kallax Flygplats,13,Rådande väder,"momentanvärde, 1 gång/tim resp 8 gånger/dygn",kod,1943-04-01T18:00:00Z,1943-04-01T19:00:00+01:00,-844236000000,,0,0,Y,,corrected-archive-csv
162860,Luleå-Kallax Flygplats,13,Rådande väder,"momentanvärde, 1 gång/tim resp 8 gånger/dygn",kod,1943-04-02T01:00:00Z,1943-04-02T02:00:00+01:00,-844210800000,,0,0,Y,,corrected-archive-csv
162860,Luleå-Kallax Flygplats,13,Rådande väder,"momentanvärde, 1 gång/tim resp 8 gånger/dygn",kod,1943-04-02T07:00:00Z,1943-04-02T08:00:00+01:00,-844189200000,,0,0,Y,,corrected-archive-csv
162860,Luleå-Kallax Flygplats,13,Rådande väder,"momentanvärde, 1 gång/tim resp 8 gånger/dygn",kod,1943-04-02T13:00:00Z,1943-04-02T14:00:00+01:00,-844167600000,,0,0,Y,,corrected-archive-csv
162860,Luleå-Kallax Flygplats,13,Rådande väder,"momentanvärde, 1 gång/tim resp 8 gånger/dygn",kod,1943-04-02T18:00:00Z,1943-04-02T19:00:00+01:00,-844149600000,,0,0,Y,,corrected-archive-csv
162860,Luleå-Kallax Flygplats,13,Rådande väder,"momentanvärde, 1 gång/tim resp 8 gånger/dygn",kod,1943-04-03T01:00:00Z,1943-04-03T02:00:00+01:00,-844124400000,,0,0,Y,,corrected-archive-csv
162860,Luleå-Kallax Flygplats,13,Rådande väder,"momentanvärde, 1 gång/tim resp 8 gånger/dygn",kod,1943-04-03T07:00:00Z,1943-04-03T08:00:00+01:00,-844102800000,,0,0,Y,,corrected-archive-csv
162860,Luleå-Kallax Flygplats,13,Rådande väder,"momentanvärde, 1 gång/tim resp 8 gånger/dygn",kod,1943-04-03T13:00:00Z,1943-04-03T14:00:00+01:00,-844081200000,,0,0,Y,,corrected-archive-csv
162860,Luleå-Kallax Flygplats,13,Rådande väder,"momentanvärde, 1 gång/tim resp 8 gånger/dygn",kod,1943-04-03T18:00:00Z,1943-04-03T19:00:00+01:00,-844063200000,,0,0,Y,,corrected-archive-csv
162860,Luleå-Kallax Flygplats,13,Rådande väder,"momentanvärde, 1 gång/tim resp 8 gånger/dygn",kod,1943-04-04T01:00:00Z,1943-04-04T02:00:00+01:00,-844038000000,,0,0,Y,,corrected-archive-csv
162860,Luleå-Kallax Flygplats,13,Rådande väder,"momentanvärde, 1 gång/tim resp 8 gånger/dygn",kod,1943-04-04T07:00:00Z,1943-04-04T08:00:00+01:00,-844016400000,,0,0,Y,,corrected-archive-csv
162860,Luleå-Kallax Flygplats,13,Rådande väder,"momentanvärde, 1 gång/tim resp 8 gånger/dygn",kod,1943-04-04T13:00:00Z,1943-04-04T14:00:00+01:00,-843994800000,,0,0,Y,,corrected-archive-csv
162860,Luleå-Kallax Flygplats,13,Rådande väder,"momentanvärde, 1 gång/tim resp 8 gånger/dygn",kod,1943-04-04T18:00:00Z,1943-04-04T19:00:00+01:00,-843976800000,,0,0,Y,,corrected-archive-csv
162860,Luleå-Kallax Flygplats,13,Rådande väder,"momentanvärde, 1 gång/tim resp 8 gånger/dygn",kod,1943-04-05T01:00:00Z,1943-04-05T02:00:00+01:00,-843951600000,,0,0,Y,,corrected-archive-csv
162860,Luleå-Kallax Flygplats,13,Rådande väder,"momentanvärde, 1 gång/tim resp 8 gånger/dygn",kod,1943-04-05T07:00:00Z,1943-04-05T08:00:00+01:00,-843930000000,,0,0,Y,,corrected-archive-csv
162860,Luleå-Kallax Flygplats,13,Rådande väder,"momentanvärde, 1 gång/tim resp 8 gånger/dygn",kod,1943-04-05T13:00:00Z,1943-04-05T14:00:00+01:00,-843908400000,,0,0,Y,,corrected-archive-csv
162860,Luleå-Kallax Flygplats,13,Rådande väder,"momentanvärde, 1 gång/tim resp 8 gånger/dygn",kod,1943-04-05T18:00:00Z,1943-04-05T19:00:00+01:00,-843890400000,,0,0,Y,,corrected-archive-csv
162860,Luleå-Kallax Flygplats,13,Rådande väder,"momentanvärde, 1 gång/tim resp 8 gånger/dygn",kod,1943-04-06T01:00:00Z,1943-04-06T02:00:00+01:00,-843865200000,,61,61,Y,,corrected-archive-csv
162860,Luleå-Kallax Flygplats,13,Rådande väder,"momentanvärde, 1 gång/tim resp 8 gånger/dygn",kod,1943-04-06T07:00:00Z,1943-04-06T08:00:00+01:00,-843843600000,,60,60,Y,,corrected-archive-csv
162860,Luleå-Kallax Flygplats,13,Rådande väder,"momentanvärde, 1 gång/tim resp 8 gånger/dygn",kod,1943-04-06T13:00:00Z,1943-04-06T14:00:00+01:00,-843822000000,,0,0,Y,,corrected-archive-csv
162860,Luleå-Kallax Flygplats,13,Rådande väder,"momentanvärde, 1 gång/tim resp 8 gånger/dygn",kod,1943-04-06T18:00:00Z,1943-04-06T19:00:00+01:00,-843804000000,,0,0,Y,,corrected-archive-csv
162860,Luleå-Kallax Flygplats,13,Rådande väder,"momentanvärde, 1 gång/tim resp 8 gånger/dygn",kod,1943-04-07T01:00:00Z,1943-04-07T02:00:00+01:00,-843778800000,,0,0,Y,,corrected-archive-csv
162860,Luleå-Kallax Flygplats,13,Rådande väder,"momentanvärde, 1 gång/tim resp 8 gånger/dygn",kod,1943-04-07T07:00:00Z,1943-04-07T08:00:00+01:00,-843757200000,,0,0,Y,,corrected-archive-csv
162860,Luleå-Kallax Flygplats,13,Rådande väder,"momentanvärde, 1 gång/tim resp 8 gånger/dygn",kod,1943-04-07T13:00:00Z,1943-04-07T14:00:00+01:00,-843735600000,,0,0,Y,,corrected-archive-csv
162860,Luleå-Kallax Flygplats,13,Rådande väder,"momentanvärde, 1 gång/tim resp 8 gånger/dygn",kod,1943-04-07T18:00:00Z,1943-04-07T19:00:00+01:00,-843717600000,,0,0,Y,,corrected-archive-csv
162860,Luleå-Kallax Flygplats,13,Rådande väder,"momentanvärde, 1 gång/tim resp 8 gånger/dygn",kod,1943-04-08T01:00:00Z,1943-04-08T02:00:00+01:00,-843692400000,,0,0,Y,,corrected-archive-csv
162860,Luleå-Kallax Flygplats,13,Rådande väder,"momentanvärde, 1 gång/tim resp 8 gånger/dygn",kod,1943-04-08T07:00:00Z,1943-04-08T08:00:00+01:00,-843670800000,,0,0,Y,,corrected-archive-csv
162860,Luleå-Kallax Flygplats,13,Rådande väder,"momentanvärde, 1 gång/tim resp 8 gånger/dygn",kod,1943-04-08T13:00:00Z,1943-04-08T14:00:00+01:00,-843649200000,,0,0,Y,,corrected-archive-csv
162860,Luleå-Kallax Flygplats,13,Rådande väder,"momentanvärde, 1 gång/tim resp 8 gånger/dygn",kod,1943-04-08T18:00:00Z,1943-04-08T19:00:00+01:00,-843631200000,,0,0,Y,,corrected-archive-csv
162860,Luleå-Kallax Flygplats,13,Rådande väder,"momentanvärde, 1 gång/tim resp 8 gånger/dygn",kod,1943-04-09T01:00:00Z,1943-04-09T02:00:00+01:00,-843606000000,,0,0,Y,,corrected-archive-csv
162860,Luleå-Kallax Flygplats,13,Rådande väder,"momentanvärde, 1 gång/tim resp 8 gånger/dygn",kod,1943-04-09T07:00:00Z,1943-04-09T08:00:00+01:00,-843584400000,,0,0,Y,,corrected-archive-csv
162860,Luleå-Kallax Flygplats,13,Rådande väder,"momentanvärde, 1 gång/tim resp 8 gånger/dygn",kod,1943-04-09T13:00:00Z,1943-04-09T14:00:00+01:00,-843562800000,,0,0,Y,,corrected-archive-csv
162860,Luleå-Kallax Flygplats,13,Rådande väder,"momentanvärde, 1 gång/tim resp 8 gånger/dygn",kod,1943-04-09T18:00:00Z,1943-04-09T19:00:00+01:00,-843544800000,,0,0,Y,,corrected-archive-csv
162860,Luleå-Kallax Flygplats,13,Rådande väder,"momentanvärde, 1 gång/tim resp 8 gånger/dygn",kod,1943-04-10T01:00:00Z,1943-04-10T02:00:00+01:00,-843519600000,,0,0,Y,,corrected-archive-csv
162860,Luleå-Kallax Flygplats,13,Rådande väder,"momentanvärde, 1 gång/tim resp 8 gånger/dygn",kod,1943-04-10T07:00:00Z,1943-04-10T08:00:00+01:00,-843498000000,,0,0,Y,,corrected-archive-csv
162860,Luleå-Kallax Flygplats,13,Rådande väder,"momentanvärde, 1 gång/tim resp 8 gånger/dygn",kod,1943-04-10T13:00:00Z,1943-04-10T14:00:00+01:00,-843476400000,,0,0,Y,,corrected-archive-csv
162860,Luleå-Kallax Flygplats,13,Rådande väder,"momentanvärde, 1 gång/tim resp 8 gånger/dygn",kod,1943-04-10T18:00:00Z,1943-04-10T19:00:00+01:00,-843458400000,,71,71,Y,,corrected-archive-csv
162860,Luleå-Kallax Flygplats,13,Rådande väder,"momentanvärde, 1 gång/tim resp 8 gånger/dygn",kod,1943-04-11T01:00:00Z,1943-04-11T02:00:00+01:00,-843433200000,,0,0,Y,,corrected-archive-csv
162860,Luleå-Kallax Flygplats,13,Rådande väder,"momentanvärde, 1 gång/tim resp 8 gånger/dygn",kod,1943-04-11T07:00:00Z,1943-04-11T08:00:00+01:00,-843411600000,,0,0,Y,,corrected-archive-csv
162860,Luleå-Kallax Flygplats,13,Rådande väder,"momentanvärde, 1 gång/tim resp 8 gånger/dygn",kod,1943-04-11T13:00:00Z,1943-04-11T14:00:00+01:00,-843390000000,,0,0,Y,,corrected-archive-csv
162860,Luleå-Kallax Flygplats,13,Rådande väder,"momentanvärde, 1 gång/tim resp 8 gånger/dygn",kod,1943-04-11T18:00:00Z,1943-04-11T19:00:00+01:00,-843372000000,,0,0,Y,,corrected-archive-csv
162860,Luleå-Kallax Flygplats,13,Rådande väder,"momentanvärde, 1 gång/tim resp 8 gånger/dygn",kod,1943-04-12T01:00:00Z,1943-04-12T02:00:00+01:00,-843346800000,,0,0,Y,,corrected-archive-csv
162860,Luleå-Kallax Flygplats,13,Rådande väder,"momentanvärde, 1 gång/tim resp 8 gånger/dygn",kod,1943-04-12T07:00:00Z,1943-04-12T08:00:00+01:00,-843325200000,,0,0,Y,,corrected-archive-csv
162860,Luleå-Kallax Flygplats,13,Rådande väder,"momentanvärde, 1 gång/tim resp 8 gånger/dygn",kod,1943-04-12T13:00:00Z,1943-04-12T14:00:00+01:00,-843303600000,,0,0,Y,,corrected-archive-csv
162860,Luleå-Kallax Flygplats,13,Rådande väder,"momentanvärde, 1 gång/tim resp 8 gånger/dygn",kod,1943-04-12T18:00:00Z,1943-04-12T19:00:00+01:00,-843285600000,,0,0,Y,,corrected-archive-csv
162860,Luleå-Kallax Flygplats,13,Rådande väder,"momentanvärde, 1 gång/tim resp 8 gånger/dygn",kod,1943-04-13T01:00:00Z,1943-04-13T02:00:00+01:00,-843260400000,,0,0,Y,,corrected-archive-csv
162860,Luleå-Kallax Flygplats,13,Rådande väder,"momentanvärde, 1 gång/tim resp 8 gånger/dygn",kod,1943-04-13T07:00:00Z,1943-04-13T08:00:00+01:00,-843238800000,,0,0,Y,,corrected-archive-csv
162860,Luleå-Kallax Flygplats,13,Rådande väder,"momentanvärde, 1 gång/tim resp 8 gånger/dygn",kod,1943-04-13T13:00:00Z,1943-04-13T14:00:00+01:00,-843217200000,,71,71,Y,,corrected-archive-csv
162860,Luleå-Kallax Flygplats,13,Rådande väder,"momentanvärde, 1 gång/tim resp 8 gånger/dygn",kod,1943-04-13T18:00:00Z,1943-04-13T19:00:00+01:00,-843199200000,,0,0,Y,,corrected-archive-csv
162860,Luleå-Kallax Flygplats,13,Rådande väder,"momentanvärde, 1 gång/tim resp 8 gånger/dygn",kod,1943-04-14T01:00:00Z,1943-04-14T02:00:00+01:00,-843174000000,,0,0,Y,,corrected-archive-csv
162860,Luleå-Kallax Flygplats,13,Rådande väder,"momentanvärde, 1 gång/tim resp 8 gånger/dygn",kod,1943-04-14T07:00:00Z,1943-04-14T08:00:00+01:00,-843152400000,,68,68,Y,,corrected-archive-csv
162860,Luleå-Kallax Flygplats,13,Rådande väder,"momentanvärde, 1 gång/tim resp 8 gånger/dygn",kod,1943-04-14T13:00:00Z,1943-04-14T14:00:00+01:00,-843130800000,,70,70,Y,,corrected-archive-csv
162860,Luleå-Kallax Flygplats,13,Rådande väder,"momentanvärde, 1 gång/tim resp 8 gånger/dygn",kod,1943-04-14T18:00:00Z,1943-04-14T19:00:00+01:00,-843112800000,,45,45,Y,,corrected-archive-csv
162860,Luleå-Kallax Flygplats,13,Rådande väder,"momentanvärde, 1 gång/tim resp 8 gånger/dygn",kod,1943-04-15T01:00:00Z,1943-04-15T02:00:00+01:00,-843087600000,,0,0,Y,,corrected-archive-csv
162860,Luleå-Kallax Flygplats,13,Rådande väder,"momentanvärde, 1 gång/tim resp 8 gånger/dygn",kod,1943-04-15T07:00:00Z,1943-04-15T08:00:00+01:00,-843066000000,,0,0,Y,,corrected-archive-csv
162860,Luleå-Kallax Flygplats,13,Rådande väder,"momentanvärde, 1 gång/tim resp 8 gånger/dygn",kod,1943-04-15T13:00:00Z,1943-04-15T14:00:00+01:00,-843044400000,,80,80,Y,,corrected-archive-csv
162860,Luleå-Kallax Flygplats,13,Rådande väder,"momentanvärde, 1 gång/tim resp 8 gånger/dygn",kod,1943-04-15T18:00:00Z,1943-04-15T19:00:00+01:00,-843026400000,,0,0,Y,,corrected-archive-csv
162860,Luleå-Kallax Flygplats,13,Rådande väder,"momentanvärde, 1 gång/tim resp 8 gånger/dygn",kod,1943-04-16T01:00:00Z,1943-04-16T02:00:00+01:00,-843001200000,,0,0,Y,,corrected-archive-csv
162860,Luleå-Kallax Flygplats,13,Rådande väder,"momentanvärde, 1 gång/tim resp 8 gånger/dygn",kod,1943-04-16T07:00:00Z,1943-04-16T08:00:00+01:00,-842979600000,,0,0,Y,,corrected-archive-csv
162860,Luleå-Kallax Flygplats,13,Rådande väder,"momentanvärde, 1 gång/tim resp 8 gånger/dygn",kod,1943-04-16T13:00:00Z,1943-04-16T14:00:00+01:00,-842958000000,,0,0,Y,,corrected-archive-csv
162860,Luleå-Kallax Flygplats,13,Rådande väder,"momentanvärde, 1 gång/tim resp 8 gånger/dygn",kod,1943-04-16T18:00:00Z,1943-04-16T19:00:00+01:00,-842940000000,,0,0,Y,,corrected-archive-csv
162860,Luleå-Kallax Flygplats,13,Rådande väder,"momentanvärde, 1 gång/tim resp 8 gånger/dygn",kod,1943-04-17T01:00:00Z,1943-04-17T02:00:00+01:00,-842914800000,,0,0,Y,,corrected-archive-csv
162860,Luleå-Kallax Flygplats,13,Rådande väder,"momentanvärde, 1 gång/tim resp 8 gånger/dygn",kod,1943-04-17T07:00:00Z,1943-04-17T08:00:00+01:00,-842893200000,,0,0,Y,,corrected-archive-csv
162860,Luleå-Kallax Flygplats,13,Rådande väder,"momentanvärde, 1 gång/tim resp 8 gånger/dygn",kod,1943-04-17T13:00:00Z,1943-04-17T14:00:00+01:00,-842871600000,,0,0,Y,,corrected-archive-csv
162860,Luleå-Kallax Flygplats,13,Rådande väder,"momentanvärde, 1 gång/tim resp 8 gånger/dygn",kod,1943-04-17T18:00:00Z,1943-04-17T19:00:00+01:00,-842853600000,,0,0,Y,,corrected-archive-csv
162860,Luleå-Kallax Flygplats,13,Rådande väder,"momentanvärde, 1 gång/tim resp 8 gånger/dygn",kod,1943-04-18T01:00:00Z,1943-04-18T02:00:00+01:00,-842828400000,,0,0,Y,,corrected-archive-csv
162860,Luleå-Kallax Flygplats,13,Rådande väder,"momentanvärde, 1 gång/tim resp 8 gånger/dygn",kod,1943-04-18T07:00:00Z,1943-04-18T08:00:00+01:00,-842806800000,,0,0,Y,,corrected-archive-csv
162860,Luleå-Kallax Flygplats,13,Rådande väder,"momentanvärde, 1 gång/tim resp 8 gånger/dygn",kod,1943-04-18T13:00:00Z,1943-04-18T14:00:00+01:00,-842785200000,,0,0,Y,,corrected-archive-csv
162860,Luleå-Kallax Flygplats,13,Rådande väder,"momentanvärde, 1 gång/tim resp 8 gånger/dygn",kod,1943-04-18T18:00:00Z,1943-04-18T19:00:00+01:00,-842767200000,,0,0,Y,,corrected-archive-csv
162860,Luleå-Kallax Flygplats,13,Rådande väder,"momentanvärde, 1 gång/tim resp 8 gånger/dygn",kod,1943-04-19T01:00:00Z,1943-04-19T02:00:00+01:00,-842742000000,,0,0,Y,,corrected-archive-csv
162860,Luleå-Kallax Flygplats,13,Rådande väder,"momentanvärde, 1 gång/tim resp 8 gånger/dygn",kod,1943-04-19T07:00:00Z,1943-04-19T08:00:00+01:00,-842720400000,,0,0,Y,,corrected-archive-csv
162860,Luleå-Kallax Flygplats,13,Rådande väder,"momentanvärde, 1 gång/tim resp 8 gånger/dygn",kod,1943-04-19T13:00:00Z,1943-04-19T14:00:00+01:00,-842698800000,,0,0,Y,,corrected-archive-csv
162860,Luleå-Kallax Flygplats,13,Rådande väder,"momentanvärde, 1 gång/tim resp 8 gånger/dygn",kod,1943-04-19T18:00:00Z,1943-04-19T19:00:00+01:00,-842680800000,,0,0,Y,,corrected-archive-csv
162860,Luleå-Kallax Flygplats,13,Rådande väder,"momentanvärde, 1 gång/tim resp 8 gånger/dygn",kod,1943-04-20T01:00:00Z,1943-04-20T02:00:00+01:00,-842655600000,,0,0,Y,,corrected-archive-csv
162860,Luleå-Kallax Flygplats,13,Rådande väder,"momentanvärde, 1 gång/tim resp 8 gånger/dygn",kod,1943-04-20T07:00:00Z,1943-04-20T08:00:00+01:00,-842634000000,,70,70,Y,,corrected-archive-csv
162860,Luleå-Kallax Flygplats,13,Rådande väder,"momentanvärde, 1 gång/tim resp 8 gånger/dygn",kod,1943-04-20T13:00:00Z,1943-04-20T14:00:00+01:00,-842612400000,,0,0,Y,,corrected-archive-csv
162860,Luleå-Kallax Flygplats,13,Rådande väder,"momentanvärde, 1 gång/tim resp 8 gånger/dygn",kod,1943-04-20T18:00:00Z,1943-04-20T19:00:00+01:00,-842594400000,,0,0,Y,,corrected-archive-csv
162860,Luleå-Kallax Flygplats,13,Rådande väder,"momentanvärde, 1 gång/tim resp 8 gånger/dygn",kod,1943-04-21T01:00:00Z,1943-04-21T02:00:00+01:00,-842569200000,,0,0,Y,,corrected-archive-csv
162860,Luleå-Kallax Flygplats,13,Rådande väder,"momentanvärde, 1 gång/tim resp 8 gånger/dygn",kod,1943-04-21T07:00:00Z,1943-04-21T08:00:00+01:00,-842547600000,,0,0,Y,,corrected-archive-csv
162860,Luleå-Kallax Flygplats,13,Rådande väder,"momentanvärde, 1 gång/tim resp 8 gånger/dygn",kod,1943-04-21T13:00:00Z,1943-04-21T14:00:00+01:00,-842526000000,,75,75,Y,,corrected-archive-csv
162860,Luleå-Kallax Flygplats,13,Rådande väder,"momentanvärde, 1 gång/tim resp 8 gånger/dygn",kod,1943-04-21T18:00:00Z,1943-04-21T19:00:00+01:00,-842508000000,,0,0,Y,,corrected-archive-csv
162860,Luleå-Kallax Flygplats,13,Rådande väder,"momentanvärde, 1 gång/tim resp 8 gånger/dygn",kod,1943-04-22T01:00:00Z,1943-04-22T02:00:00+01:00,-842482800000,,0,0,Y,,corrected-archive-csv
162860,Luleå-Kallax Flygplats,13,Rådande väder,"momentanvärde, 1 gång/tim resp 8 gånger/dygn",kod,1943-04-22T07:00:00Z,1943-04-22T08:00:00+01:00,-842461200000,,0,0,Y,,corrected-archive-csv
162860,Luleå-Kallax Flygplats,13,Rådande väder,"momentanvärde, 1 gång/tim resp 8 gånger/dygn",kod,1943-04-22T13:00:00Z,1943-04-22T14:00:00+01:00,-842439600000,,0,0,Y,,corrected-archive-csv
162860,Luleå-Kallax Flygplats,13,Rådande väder,"momentanvärde, 1 gång/tim resp 8 gånger/dygn",kod,1943-04-22T18:00:00Z,1943-04-22T19:00:00+01:00,-842421600000,,0,0,Y,,corrected-archive-csv
162860,Luleå-Kallax Flygplats,13,Rådande väder,"momentanvärde, 1 gång/tim resp 8 gånger/dygn",kod,1943-04-23T01:00:00Z,1943-04-23T02:00:00+01:00,-842396400000,,0,0,Y,,corrected-archive-csv
162860,Luleå-Kallax Flygplats,13,Rådande väder,"momentanvärde, 1 gång/tim resp 8 gånger/dygn",kod,1943-04-23T07:00:00Z,1943-04-23T08:00:00+01:00,-842374800000,,0,0,Y,,corrected-archive-csv
162860,Luleå-Kallax Flygplats,13,Rådande väder,"momentanvärde, 1 gång/tim resp 8 gånger/dygn",kod,1943-04-23T13:00:00Z,1943-04-23T14:00:00+01:00,-842353200000,,0,0,Y,,corrected-archive-csv
162860,Luleå-Kallax Flygplats,13,Rådande väder,"momentanvärde, 1 gång/tim resp 8 gånger/dygn",kod,1943-04-23T18:00:00Z,1943-04-23T19:00:00+01:00,-842335200000,,0,0,Y,,corrected-archive-csv
162860,Luleå-Kallax Flygplats,13,Rådande väder,"momentanvärde, 1 gång/tim resp 8 gånger/dygn",kod,1943-04-24T01:00:00Z,1943-04-24T02:00:00+01:00,-842310000000,,0,0,Y,,corrected-archive-csv
162860,Luleå-Kallax Flygplats,13,Rådande väder,"momentanvärde, 1 gång/tim resp 8 gånger/dygn",kod,1943-04-24T07:00:00Z,1943-04-24T08:00:00+01:00,-842288400000,,0,0,Y,,corrected-archive-csv
162860,Luleå-Kallax Flygplats,13,Rådande väder,"momentanvärde, 1 gång/tim resp 8 gånger/dygn",kod,1943-04-24T13:00:00Z,1943-04-24T14:00:00+01:00,-842266800000,,0,0,Y,,corrected-archive-csv
162860,Luleå-Kallax Flygplats,13,Rådande väder,"momentanvärde, 1 gång/tim resp 8 gånger/dygn",kod,1943-04-24T18:00:00Z,1943-04-24T19:00:00+01:00,-842248800000,,0,0,Y,,corrected-archive-csv
162860,Luleå-Kallax Flygplats,13,Rådande väder,"momentanvärde, 1 gång/tim resp 8 gånger/dygn",kod,1943-04-25T01:00:00Z,1943-04-25T02:00:00+01:00,-842223600000,,0,0,Y,,corrected-archive-csv
162860,Luleå-Kallax Flygplats,13,Rådande väder,"momentanvärde, 1 gång/tim resp 8 gånger/dygn",kod,1943-04-25T07:00:00Z,1943-04-25T08:00:00+01:00,-842202000000,,0,0,Y,,corrected-archive-csv
162860,Luleå-Kallax Flygplats,13,Rådande väder,"momentanvärde, 1 gång/tim resp 8 gånger/dygn",kod,1943-04-25T13:00:00Z,1943-04-25T14:00:00+01:00,-842180400000,,63,63,Y,,corrected-archive-csv
162860,Luleå-Kallax Flygplats,13,Rådande väder,"momentanvärde, 1 gång/tim resp 8 gånger/dygn",kod,1943-04-25T18:00:00Z,1943-04-25T19:00:00+01:00,-842162400000,,68,68,Y,,corrected-archive-csv
162860,Luleå-Kallax Flygplats,13,Rådande väder,"momentanvärde, 1 gång/tim resp 8 gånger/dygn",kod,1943-04-26T01:00:00Z,1943-04-26T02:00:00+01:00,-842137200000,,51,51,Y,,corrected-archive-csv
162860,Luleå-Kallax Flygplats,13,Rådande väder,"momentanvärde, 1 gång/tim resp 8 gånger/dygn",kod,1943-04-26T07:00:00Z,1943-04-26T08:00:00+01:00,-842115600000,,68,68,Y,,corrected-archive-csv
162860,Luleå-Kallax Flygplats,13,Rådande väder,"momentanvärde, 1 gång/tim resp 8 gånger/dygn",kod,1943-04-26T13:00:00Z,1943-04-26T14:00:00+01:00,-842094000000,,51,51,Y,,corrected-archive-csv
162860,Luleå-Kallax Flygplats,13,Rådande väder,"momentanvärde, 1 gång/tim resp 8 gånger/dygn",kod,1943-04-26T18:00:00Z,1943-04-26T19:00:00+01:00,-842076000000,,0,0,Y,,corrected-archive-csv
162860,Luleå-Kallax Flygplats,13,Rådande väder,"momentanvärde, 1 gång/tim resp 8 gånger/dygn",kod,1943-04-27T01:00:00Z,1943-04-27T02:00:00+01:00,-842050800000,,51,51,Y,,corrected-archive-csv
162860,Luleå-Kallax Flygplats,13,Rådande väder,"momentanvärde, 1 gång/tim resp 8 gånger/dygn",kod,1943-04-27T07:00:00Z,1943-04-27T08:00:00+01:00,-842029200000,,0,0,Y,,corrected-archive-csv
162860,Luleå-Kallax Flygplats,13,Rådande väder,"momentanvärde, 1 gång/tim resp 8 gånger/dygn",kod,1943-04-27T13:00:00Z,1943-04-27T14:00:00+01:00,-842007600000,,0,0,Y,,corrected-archive-csv
162860,Luleå-Kallax Flygplats,13,Rådande väder,"momentanvärde, 1 gång/tim resp 8 gånger/dygn",kod,1943-04-27T18:00:00Z,1943-04-27T19:00:00+01:00,-841989600000,,0,0,Y,,corrected-archive-csv
162860,Luleå-Kallax Flygplats,13,Rådande väder,"momentanvärde, 1 gång/tim resp 8 gånger/dygn",kod,1943-04-28T01:00:00Z,1943-04-28T02:00:00+01:00,-841964400000,,0,0,Y,,corrected-archive-csv
162860,Luleå-Kallax Flygplats,13,Rådande väder,"momentanvärde, 1 gång/tim resp 8 gånger/dygn",kod,1943-04-28T07:00:00Z,1943-04-28T08:00:00+01:00,-841942800000,,0,0,Y,,corrected-archive-csv
162860,Luleå-Kallax Flygplats,13,Rådande väder,"momentanvärde, 1 gång/tim resp 8 gånger/dygn",kod,1943-04-28T13:00:00Z,1943-04-28T14:00:00+01:00,-841921200000,,70,70,Y,,corrected-archive-csv
162860,Luleå-Kallax Flygplats,13,Rådande väder,"momentanvärde, 1 gång/tim resp 8 gånger/dygn",kod,1943-04-28T18:00:00Z,1943-04-28T19:00:00+01:00,-841903200000,,0,0,Y,,corrected-archive-csv
162860,Luleå-Kallax Flygplats,13,Rådande väder,"momentanvärde, 1 gång/tim resp 8 gånger/dygn",kod,1943-04-29T01:00:00Z,1943-04-29T02:00:00+01:00,-841878000000,,0,0,Y,,corrected-archive-csv
162860,Luleå-Kallax Flygplats,13,Rådande väder,"momentanvärde, 1 gång/tim resp 8 gånger/dygn",kod,1943-04-29T07:00:00Z,1943-04-29T08:00:00+01:00,-841856400000,,0,0,Y,,corrected-archive-csv
162860,Luleå-Kallax Flygplats,13,Rådande väder,"momentanvärde, 1 gång/tim resp 8 gånger/dygn",kod,1943-04-29T13:00:00Z,1943-04-29T14:00:00+01:00,-841834800000,,70,70,Y,,corrected-archive-csv
162860,Luleå-Kallax Flygplats,13,Rådande väder,"momentanvärde, 1 gång/tim resp 8 gånger/dygn",kod,1943-04-29T18:00:00Z,1943-04-29T19:00:00+01:00,-841816800000,,0,0,Y,,corrected-archive-csv
162860,Luleå-Kallax Flygplats,13,Rådande väder,"momentanvärde, 1 gång/tim resp 8 gånger/dygn",kod,1943-04-30T01:00:00Z,1943-04-30T02:00:00+01:00,-841791600000,,0,0,Y,,corrected-archive-csv
162860,Luleå-Kallax Flygplats,13,Rådande väder,"momentanvärde, 1 gång/tim resp 8 gånger/dygn",kod,1943-04-30T07:00:00Z,1943-04-30T08:00:00+01:00,-841770000000,,0,0,Y,,corrected-archive-csv
162860,Luleå-Kallax Flygplats,13,Rådande väder,"momentanvärde, 1 gång/tim resp 8 gånger/dygn",kod,1943-04-30T13:00:00Z,1943-04-30T14:00:00+01:00,-841748400000,,0,0,Y,,corrected-archive-csv
162860,Luleå-Kallax Flygplats,13,Rådande väder,"momentanvärde, 1 gång/tim resp 8 gånger/dygn",kod,1943-04-30T18:00:00Z,1943-04-30T19:00:00+01:00,-841730400000,,0,0,Y,,corrected-archive-csv
162860,Luleå-Kallax Flygplats,13,Rådande väder,"momentanvärde, 1 gång/tim resp 8 gånger/dygn",kod,1943-05-01T01:00:00Z,1943-05-01T02:00:00+01:00,-841705200000,,0,0,Y,,corrected-archive-csv
162860,Luleå-Kallax Flygplats,13,Rådande väder,"momentanvärde, 1 gång/tim resp 8 gånger/dygn",kod,1943-05-01T07:00:00Z,1943-05-01T08:00:00+01:00,-841683600000,,0,0,Y,,corrected-archive-csv
162860,Luleå-Kallax Flygplats,13,Rådande väder,"momentanvärde, 1 gång/tim resp 8 gånger/dygn",kod,1943-05-01T13:00:00Z,1943-05-01T14:00:00+01:00,-841662000000,,0,0,Y,,corrected-archive-csv
162860,Luleå-Kallax Flygplats,13,Rådande väder,"momentanvärde, 1 gång/tim resp 8 gånger/dygn",kod,1943-05-01T18:00:00Z,1943-05-01T19:00:00+01:00,-841644000000,,0,0,Y,,corrected-archive-csv
162860,Luleå-Kallax Flygplats,13,Rådande väder,"momentanvärde, 1 gång/tim resp 8 gånger/dygn",kod,1943-05-02T01:00:00Z,1943-05-02T02:00:00+01:00,-841618800000,,0,0,Y,,corrected-archive-csv
162860,Luleå-Kallax Flygplats,13,Rådande väder,"momentanvärde, 1 gång/tim resp 8 gånger/dygn",kod,1943-05-02T07:00:00Z,1943-05-02T08:00:00+01:00,-841597200000,,0,0,Y,,corrected-archive-csv
162860,Luleå-Kallax Flygplats,13,Rådande väder,"momentanvärde, 1 gång/tim resp 8 gånger/dygn",kod,1943-05-02T13:00:00Z,1943-05-02T14:00:00+01:00,-841575600000,,0,0,Y,,corrected-archive-csv
162860,Luleå-Kallax Flygplats,13,Rådande väder,"momentanvärde, 1 gång/tim resp 8 gånger/dygn",kod,1943-05-02T18:00:00Z,1943-05-02T19:00:00+01:00,-841557600000,,0,0,Y,,corrected-archive-csv
162860,Luleå-Kallax Flygplats,13,Rådande väder,"momentanvärde, 1 gång/tim resp 8 gånger/dygn",kod,1943-05-03T01:00:00Z,1943-05-03T02:00:00+01:00,-841532400000,,0,0,Y,,corrected-archive-csv
162860,Luleå-Kallax Flygplats,13,Rådande väder,"momentanvärde, 1 gång/tim resp 8 gånger/dygn",kod,1943-05-03T07:00:00Z,1943-05-03T08:00:00+01:00,-841510800000,,0,0,Y,,corrected-archive-csv
162860,Luleå-Kallax Flygplats,13,Rådande väder,"momentanvärde, 1 gång/tim resp 8 gånger/dygn",kod,1943-05-03T13:00:00Z,1943-05-03T14:00:00+01:00,-841489200000,,0,0,Y,,corrected-archive-csv
162860,Luleå-Kallax Flygplats,13,Rådande väder,"momentanvärde, 1 gång/tim resp 8 gånger/dygn",kod,1943-05-03T18:00:00Z,1943-05-03T19:00:00+01:00,-841471200000,,0,0,Y,,corrected-archive-csv
162860,Luleå-Kallax Flygplats,13,Rådande väder,"momentanvärde, 1 gång/tim resp 8 gånger/dygn",kod,1943-05-04T01:00:00Z,1943-05-04T02:00:00+01:00,-841446000000,,0,0,Y,,corrected-archive-csv
162860,Luleå-Kallax Flygplats,13,Rådande väder,"momentanvärde, 1 gång/tim resp 8 gånger/dygn",kod,1943-05-04T07:00:00Z,1943-05-04T08:00:00+01:00,-841424400000,,0,0,Y,,corrected-archive-csv
162860,Luleå-Kallax Flygplats,13,Rådande väder,"momentanvärde, 1 gång/tim resp 8 gånger/dygn",kod,1943-05-04T13:00:00Z,1943-05-04T14:00:00+01:00,-841402800000,,0,0,Y,,corrected-archive-csv
162860,Luleå-Kallax Flygplats,13,Rådande väder,"momentanvärde, 1 gång/tim resp 8 gånger/dygn",kod,1943-05-04T18:00:00Z,1943-05-04T19:00:00+01:00,-841384800000,,61,61,Y,,corrected-archive-csv
162860,Luleå-Kallax Flygplats,13,Rådande väder,"momentanvärde, 1 gång/tim resp 8 gånger/dygn",kod,1943-05-05T01:00:00Z,1943-05-05T02:00:00+01:00,-841359600000,,0,0,Y,,corrected-archive-csv
162860,Luleå-Kallax Flygplats,13,Rådande väder,"momentanvärde, 1 gång/tim resp 8 gånger/dygn",kod,1943-05-05T07:00:00Z,1943-05-05T08:00:00+01:00,-841338000000,,0,0,Y,,corrected-archive-csv
162860,Luleå-Kallax Flygplats,13,Rådande väder,"momentanvärde, 1 gång/tim resp 8 gånger/dygn",kod,1943-05-05T13:00:00Z,1943-05-05T14:00:00+01:00,-841316400000,,0,0,Y,,corrected-archive-csv
162860,Luleå-Kallax Flygplats,13,Rådande väder,"momentanvärde, 1 gång/tim resp 8 gånger/dygn",kod,1943-05-05T18:00:00Z,1943-05-05T19:00:00+01:00,-841298400000,,0,0,Y,,corrected-archive-csv
162860,Luleå-Kallax Flygplats,13,Rådande väder,"momentanvärde, 1 gång/tim resp 8 gånger/dygn",kod,1943-05-06T01:00:00Z,1943-05-06T02:00:00+01:00,-841273200000,,0,0,Y,,corrected-archive-csv
162860,Luleå-Kallax Flygplats,13,Rådande väder,"momentanvärde, 1 gång/tim resp 8 gånger/dygn",kod,1943-05-06T07:00:00Z,1943-05-06T08:00:00+01:00,-841251600000,,0,0,Y,,corrected-archive-csv
162860,Luleå-Kallax Flygplats,13,Rådande väder,"momentanvärde, 1 gång/tim resp 8 gånger/dygn",kod,1943-05-06T13:00:00Z,1943-05-06T14:00:00+01:00,-841230000000,,0,0,Y,,corrected-archive-csv
162860,Luleå-Kallax Flygplats,13,Rådande väder,"momentanvärde, 1 gång/tim resp 8 gånger/dygn",kod,1943-05-06T18:00:00Z,1943-05-06T19:00:00+01:00,-841212000000,,0,0,Y,,corrected-archive-csv
162860,Luleå-Kallax Flygplats,13,Rådande väder,"momentanvärde, 1 gång/tim resp 8 gånger/dygn",kod,1943-05-07T01:00:00Z,1943-05-07T02:00:00+01:00,-841186800000,,0,0,Y,,corrected-archive-csv
162860,Luleå-Kallax Flygplats,13,Rådande väder,"momentanvärde, 1 gång/tim resp 8 gånger/dygn",kod,1943-05-07T07:00:00Z,1943-05-07T08:00:00+01:00,-841165200000,,0,0,Y,,corrected-archive-csv
162860,Luleå-Kallax Flygplats,13,Rådande väder,"momentanvärde, 1 gång/tim resp 8 gånger/dygn",kod,1943-05-07T13:00:00Z,1943-05-07T14:00:00+01:00,-841143600000,,0,0,Y,,corrected-archive-csv
162860,Luleå-Kallax Flygplats,13,Rådande väder,"momentanvärde, 1 gång/tim resp 8 gånger/dygn",kod,1943-05-07T18:00:00Z,1943-05-07T19:00:00+01:00,-841125600000,,0,0,Y,,corrected-archive-csv
162860,Luleå-Kallax Flygplats,13,Rådande väder,"momentanvärde, 1 gång/tim resp 8 gånger/dygn",kod,1943-05-08T01:00:00Z,1943-05-08T02:00:00+01:00,-841100400000,,0,0,Y,,corrected-archive-csv
162860,Luleå-Kallax Flygplats,13,Rådande väder,"momentanvärde, 1 gång/tim resp 8 gånger/dygn",kod,1943-05-08T07:00:00Z,1943-05-08T08:00:00+01:00,-841078800000,,40,40,Y,,corrected-archive-csv
162860,Luleå-Kallax Flygplats,13,Rådande väder,"momentanvärde, 1 gång/tim resp 8 gånger/dygn",kod,1943-05-08T13:00:00Z,1943-05-08T14:00:00+01:00,-841057200000,,0,0,Y,,corrected-archive-csv
162860,Luleå-Kallax Flygplats,13,Rådande väder,"momentanvärde, 1 gång/tim resp 8 gånger/dygn",kod,1943-05-08T18:00:00Z,1943-05-08T19:00:00+01:00,-841039200000,,0,0,Y,,corrected-archive-csv
162860,Luleå-Kallax Flygplats,13,Rådande väder,"momentanvärde, 1 gång/tim resp 8 gånger/dygn",kod,1943-05-09T01:00:00Z,1943-05-09T02:00:00+01:00,-841014000000,,0,0,Y,,corrected-archive-csv
162860,Luleå-Kallax Flygplats,13,Rådande väder,"momentanvärde, 1 gång/tim resp 8 gånger/dygn",kod,1943-05-09T07:00:00Z,1943-05-09T08:00:00+01:00,-840992400000,,0,0,Y,,corrected-archive-csv
162860,Luleå-Kallax Flygplats,13,Rådande väder,"momentanvärde, 1 gång/tim resp 8 gånger/dygn",kod,1943-05-09T13:00:00Z,1943-05-09T14:00:00+01:00,-840970800000,,0,0,Y,,corrected-archive-csv
162860,Luleå-Kallax Flygplats,13,Rådande väder,"momentanvärde, 1 gång/tim resp 8 gånger/dygn",kod,1943-05-09T18:00:00Z,1943-05-09T19:00:00+01:00,-840952800000,,0,0,Y,,corrected-archive-csv
162860,Luleå-Kallax Flygplats,13,Rådande väder,"momentanvärde, 1 gång/tim resp 8 gånger/dygn",kod,1943-05-10T01:00:00Z,1943-05-10T02:00:00+01:00,-840927600000,,0,0,Y,,corrected-archive-csv
162860,Luleå-Kallax Flygplats,13,Rådande väder,"momentanvärde, 1 gång/tim resp 8 gånger/dygn",kod,1943-05-10T07:00:00Z,1943-05-10T08:00:00+01:00,-840906000000,,60,60,Y,,corrected-archive-csv
162860,Luleå-Kallax Flygplats,13,Rådande väder,"momentanvärde, 1 gång/tim resp 8 gånger/dygn",kod,1943-05-10T13:00:00Z,1943-05-10T14:00:00+01:00,-840884400000,,0,0,Y,,corrected-archive-csv
162860,Luleå-Kallax Flygplats,13,Rådande väder,"momentanvärde, 1 gång/tim resp 8 gånger/dygn",kod,1943-05-10T18:00:00Z,1943-05-10T19:00:00+01:00,-840866400000,,47,47,Y,,corrected-archive-csv
162860,Luleå-Kallax Flygplats,13,Rådande väder,"momentanvärde, 1 gång/tim resp 8 gånger/dygn",kod,1943-05-11T01:00:00Z,1943-05-11T02:00:00+01:00,-840841200000,,40,40,Y,,corrected-archive-csv
162860,Luleå-Kallax Flygplats,13,Rådande väder,"momentanvärde, 1 gång/tim resp 8 gånger/dygn",kod,1943-05-11T07:00:00Z,1943-05-11T08:00:00+01:00,-840819600000,,45,45,Y,,corrected-archive-csv
162860,Luleå-Kallax Flygplats,13,Rådande väder,"momentanvärde, 1 gång/tim resp 8 gånger/dygn",kod,1943-05-11T13:00:00Z,1943-05-11T14:00:00+01:00,-840798000000,,0,0,Y,,corrected-archive-csv
162860,Luleå-Kallax Flygplats,13,Rådande väder,"momentanvärde, 1 gång/tim resp 8 gånger/dygn",kod,1943-05-11T18:00:00Z,1943-05-11T19:00:00+01:00,-840780000000,,0,0,Y,,corrected-archive-csv
162860,Luleå-Kallax Flygplats,13,Rådande väder,"momentanvärde, 1 gång/tim resp 8 gånger/dygn",kod,1943-05-12T01:00:00Z,1943-05-12T02:00:00+01:00,-840754800000,,0,0,Y,,corrected-archive-csv
162860,Luleå-Kallax Flygplats,13,Rådande väder,"momentanvärde, 1 gång/tim resp 8 gånger/dygn",kod,1943-05-12T07:00:00Z,1943-05-12T08:00:00+01:00,-840733200000,,0,0,Y,,corrected-archive-csv
162860,Luleå-Kallax Flygplats,13,Rådande väder,"momentanvärde, 1 gång/tim resp 8 gånger/dygn",kod,1943-05-12T13:00:00Z,1943-05-12T14:00:00+01:00,-840711600000,,0,0,Y,,corrected-archive-csv
162860,Luleå-Kallax Flygplats,13,Rådande väder,"momentanvärde, 1 gång/tim resp 8 gånger/dygn",kod,1943-05-12T18:00:00Z,1943-05-12T19:00:00+01:00,-840693600000,,0,0,Y,,corrected-archive-csv
162860,Luleå-Kallax Flygplats,13,Rådande väder,"momentanvärde, 1 gång/tim resp 8 gånger/dygn",kod,1943-05-13T01:00:00Z,1943-05-13T02:00:00+01:00,-840668400000,,0,0,Y,,corrected-archive-csv
162860,Luleå-Kallax Flygplats,13,Rådande väder,"momentanvärde, 1 gång/tim resp 8 gånger/dygn",kod,1943-05-13T07:00:00Z,1943-05-13T08:00:00+01:00,-840646800000,,0,0,Y,,corrected-archive-csv
162860,Luleå-Kallax Flygplats,13,Rådande väder,"momentanvärde, 1 gång/tim resp 8 gånger/dygn",kod,1943-05-13T13:00:00Z,1943-05-13T14:00:00+01:00,-840625200000,,40,40,Y,,corrected-archive-csv
162860,Luleå-Kallax Flygplats,13,Rådande väder,"momentanvärde, 1 gång/tim resp 8 gånger/dygn",kod,1943-05-13T18:00:00Z,1943-05-13T19:00:00+01:00,-840607200000,,0,0,Y,,corrected-archive-csv
162860,Luleå-Kallax Flygplats,13,Rådande väder,"momentanvärde, 1 gång/tim resp 8 gånger/dygn",kod,1943-05-14T01:00:00Z,1943-05-14T02:00:00+01:00,-840582000000,,0,0,Y,,corrected-archive-csv
162860,Luleå-Kallax Flygplats,13,Rådande väder,"momentanvärde, 1 gång/tim resp 8 gånger/dygn",kod,1943-05-14T07:00:00Z,1943-05-14T08:00:00+01:00,-840560400000,,0,0,Y,,corrected-archive-csv
162860,Luleå-Kallax Flygplats,13,Rådande väder,"momentanvärde, 1 gång/tim resp 8 gånger/dygn",kod,1943-05-14T13:00:00Z,1943-05-14T14:00:00+01:00,-840538800000,,0,0,Y,,corrected-archive-csv
162860,Luleå-Kallax Flygplats,13,Rådande väder,"momentanvärde, 1 gång/tim resp 8 gånger/dygn",kod,1943-05-14T18:00:00Z,1943-05-14T19:00:00+01:00,-840520800000,,0,0,Y,,corrected-archive-csv
162860,Luleå-Kallax Flygplats,13,Rådande väder,"momentanvärde, 1 gång/tim resp 8 gånger/dygn",kod,1943-05-15T01:00:00Z,1943-05-15T02:00:00+01:00,-840495600000,,60,60,Y,,corrected-archive-csv
162860,Luleå-Kallax Flygplats,13,Rådande väder,"momentanvärde, 1 gång/tim resp 8 gånger/dygn",kod,1943-05-15T07:00:00Z,1943-05-15T08:00:00+01:00,-840474000000,,63,63,Y,,corrected-archive-csv
162860,Luleå-Kallax Flygplats,13,Rådande väder,"momentanvärde, 1 gång/tim resp 8 gånger/dygn",kod,1943-05-15T13:00:00Z,1943-05-15T14:00:00+01:00,-840452400000,,0,0,Y,,corrected-archive-csv
162860,Luleå-Kallax Flygplats,13,Rådande väder,"momentanvärde, 1 gång/tim resp 8 gånger/dygn",kod,1943-05-15T18:00:00Z,1943-05-15T19:00:00+01:00,-840434400000,,0,0,Y,,corrected-archive-csv
162860,Luleå-Kallax Flygplats,13,Rådande väder,"momentanvärde, 1 gång/tim resp 8 gånger/dygn",kod,1943-05-16T01:00:00Z,1943-05-16T02:00:00+01:00,-840409200000,,0,0,Y,,corrected-archive-csv
162860,Luleå-Kallax Flygplats,13,Rådande väder,"momentanvärde, 1 gång/tim resp 8 gånger/dygn",kod,1943-05-16T07:00:00Z,1943-05-16T08:00:00+01:00,-840387600000,,0,0,Y,,corrected-archive-csv
162860,Luleå-Kallax Flygplats,13,Rådande väder,"momentanvärde, 1 gång/tim resp 8 gånger/dygn",kod,1943-05-16T13:00:00Z,1943-05-16T14:00:00+01:00,-840366000000,,0,0,Y,,corrected-archive-csv
162860,Luleå-Kallax Flygplats,13,Rådande väder,"momentanvärde, 1 gång/tim resp 8 gånger/dygn",kod,1943-05-16T18:00:00Z,1943-05-16T19:00:00+01:00,-840348000000,,0,0,Y,,corrected-archive-csv
162860,Luleå-Kallax Flygplats,13,Rådande väder,"momentanvärde, 1 gång/tim resp 8 gånger/dygn",kod,1943-05-17T01:00:00Z,1943-05-17T02:00:00+01:00,-840322800000,,0,0,Y,,corrected-archive-csv
162860,Luleå-Kallax Flygplats,13,Rådande väder,"momentanvärde, 1 gång/tim resp 8 gånger/dygn",kod,1943-05-17T07:00:00Z,1943-05-17T08:00:00+01:00,-840301200000,,0,0,Y,,corrected-archive-csv
162860,Luleå-Kallax Flygplats,13,Rådande väder,"momentanvärde, 1 gång/tim resp 8 gånger/dygn",kod,1943-05-17T13:00:00Z,1943-05-17T14:00:00+01:00,-840279600000,,25,25,Y,,corrected-archive-csv
162860,Luleå-Kallax Flygplats,13,Rådande väder,"momentanvärde, 1 gång/tim resp 8 gånger/dygn",kod,1943-05-17T18:00:00Z,1943-05-17T19:00:00+01:00,-840261600000,,0,0,Y,,corrected-archive-csv
162860,Luleå-Kallax Flygplats,13,Rådande väder,"momentanvärde, 1 gång/tim resp 8 gånger/dygn",kod,1943-05-18T01:00:00Z,1943-05-18T02:00:00+01:00,-840236400000,,0,0,Y,,corrected-archive-csv
162860,Luleå-Kallax Flygplats,13,Rådande väder,"momentanvärde, 1 gång/tim resp 8 gånger/dygn",kod,1943-05-18T07:00:00Z,1943-05-18T08:00:00+01:00,-840214800000,,60,60,Y,,corrected-archive-csv
162860,Luleå-Kallax Flygplats,13,Rådande väder,"momentanvärde, 1 gång/tim resp 8 gånger/dygn",kod,1943-05-18T13:00:00Z,1943-05-18T14:00:00+01:00,-840193200000,,0,0,Y,,corrected-archive-csv
162860,Luleå-Kallax Flygplats,13,Rådande väder,"momentanvärde, 1 gång/tim resp 8 gånger/dygn",kod,1943-05-18T18:00:00Z,1943-05-18T19:00:00+01:00,-840175200000,,0,0,Y,,corrected-archive-csv
162860,Luleå-Kallax Flygplats,13,Rådande väder,"momentanvärde, 1 gång/tim resp 8 gånger/dygn",kod,1943-05-19T01:00:00Z,1943-05-19T02:00:00+01:00,-840150000000,,0,0,Y,,corrected-archive-csv
162860,Luleå-Kallax Flygplats,13,Rådande väder,"momentanvärde, 1 gång/tim resp 8 gånger/dygn",kod,1943-05-19T07:00:00Z,1943-05-19T08:00:00+01:00,-840128400000,,0,0,Y,,corrected-archive-csv
162860,Luleå-Kallax Flygplats,13,Rådande väder,"momentanvärde, 1 gång/tim resp 8 gånger/dygn",kod,1943-05-19T13:00:00Z,1943-05-19T14:00:00+01:00,-840106800000,,0,0,Y,,corrected-archive-csv
162860,Luleå-Kallax Flygplats,13,Rådande väder,"momentanvärde, 1 gång/tim resp 8 gånger/dygn",kod,1943-05-19T18:00:00Z,1943-05-19T19:00:00+01:00,-840088800000,,0,0,Y,,corrected-archive-csv
162860,Luleå-Kallax Flygplats,13,Rådande väder,"momentanvärde, 1 gång/tim resp 8 gånger/dygn",kod,1943-05-20T01:00:00Z,1943-05-20T02:00:00+01:00,-840063600000,,0,0,Y,,corrected-archive-csv
162860,Luleå-Kallax Flygplats,13,Rådande väder,"momentanvärde, 1 gång/tim resp 8 gånger/dygn",kod,1943-05-20T07:00:00Z,1943-05-20T08:00:00+01:00,-840042000000,,0,0,Y,,corrected-archive-csv
162860,Luleå-Kallax Flygplats,13,Rådande väder,"momentanvärde, 1 gång/tim resp 8 gånger/dygn",kod,1943-05-20T13:00:00Z,1943-05-20T14:00:00+01:00,-840020400000,,0,0,Y,,corrected-archive-csv
162860,Luleå-Kallax Flygplats,13,Rådande väder,"momentanvärde, 1 gång/tim resp 8 gånger/dygn",kod,1943-05-20T18:00:00Z,1943-05-20T19:00:00+01:00,-840002400000,,0,0,Y,,corrected-archive-csv
162860,Luleå-Kallax Flygplats,13,Rådande väder,"momentanvärde, 1 gång/tim resp 8 gånger/dygn",kod,1943-05-21T01:00:00Z,1943-05-21T02:00:00+01:00,-839977200000,,0,0,Y,,corrected-archive-csv
162860,Luleå-Kallax Flygplats,13,Rådande väder,"momentanvärde, 1 gång/tim resp 8 gånger/dygn",kod,1943-05-21T07:00:00Z,1943-05-21T08:00:00+01:00,-839955600000,,0,0,Y,,corrected-archive-csv
162860,Luleå-Kallax Flygplats,13,Rådande väder,"momentanvärde, 1 gång/tim resp 8 gånger/dygn",kod,1943-05-21T13:00:00Z,1943-05-21T14:00:00+01:00,-839934000000,,0,0,Y,,corrected-archive-csv
162860,Luleå-Kallax Flygplats,13,Rådande väder,"momentanvärde, 1 gång/tim resp 8 gånger/dygn",kod,1943-05-21T18:00:00Z,1943-05-21T19:00:00+01:00,-839916000000,,0,0,Y,,corrected-archive-csv
162860,Luleå-Kallax Flygplats,13,Rådande väder,"momentanvärde, 1 gång/tim resp 8 gånger/dygn",kod,1943-05-22T01:00:00Z,1943-05-22T02:00:00+01:00,-839890800000,,0,0,Y,,corrected-archive-csv
162860,Luleå-Kallax Flygplats,13,Rådande väder,"momentanvärde, 1 gång/tim resp 8 gånger/dygn",kod,1943-05-22T07:00:00Z,1943-05-22T08:00:00+01:00,-839869200000,,0,0,Y,,corrected-archive-csv
162860,Luleå-Kallax Flygplats,13,Rådande väder,"momentanvärde, 1 gång/tim resp 8 gånger/dygn",kod,1943-05-22T13:00:00Z,1943-05-22T14:00:00+01:00,-839847600000,,0,0,Y,,corrected-archive-csv
162860,Luleå-Kallax Flygplats,13,Rådande väder,"momentanvärde, 1 gång/tim resp 8 gånger/dygn",kod,1943-05-22T18:00:00Z,1943-05-22T19:00:00+01:00,-839829600000,,0,0,Y,,corrected-archive-csv
162860,Luleå-Kallax Flygplats,13,Rådande väder,"momentanvärde, 1 gång/tim resp 8 gånger/dygn",kod,1943-05-23T01:00:00Z,1943-05-23T02:00:00+01:00,-839804400000,,0,0,Y,,corrected-archive-csv
162860,Luleå-Kallax Flygplats,13,Rådande väder,"momentanvärde, 1 gång/tim resp 8 gånger/dygn",kod,1943-05-23T07:00:00Z,1943-05-23T08:00:00+01:00,-839782800000,,0,0,Y,,corrected-archive-csv
162860,Luleå-Kallax Flygplats,13,Rådande väder,"momentanvärde, 1 gång/tim resp 8 gånger/dygn",kod,1943-05-23T13:00:00Z,1943-05-23T14:00:00+01:00,-839761200000,,0,0,Y,,corrected-archive-csv
162860,Luleå-Kallax Flygplats,13,Rådande väder,"momentanvärde, 1 gång/tim resp 8 gånger/dygn",kod,1943-05-23T18:00:00Z,1943-05-23T19:00:00+01:00,-839743200000,,0,0,Y,,corrected-archive-csv
162860,Luleå-Kallax Flygplats,13,Rådande väder,"momentanvärde, 1 gång/tim resp 8 gånger/dygn",kod,1943-05-24T01:00:00Z,1943-05-24T02:00:00+01:00,-839718000000,,0,0,Y,,corrected-archive-csv
162860,Luleå-Kallax Flygplats,13,Rådande väder,"momentanvärde, 1 gång/tim resp 8 gånger/dygn",kod,1943-05-24T07:00:00Z,1943-05-24T08:00:00+01:00,-839696400000,,0,0,Y,,corrected-archive-csv
162860,Luleå-Kallax Flygplats,13,Rådande väder,"momentanvärde, 1 gång/tim resp 8 gånger/dygn",kod,1943-05-24T13:00:00Z,1943-05-24T14:00:00+01:00,-839674800000,,0,0,Y,,corrected-archive-csv
162860,Luleå-Kallax Flygplats,13,Rådande väder,"momentanvärde, 1 gång/tim resp 8 gånger/dygn",kod,1943-05-24T18:00:00Z,1943-05-24T19:00:00+01:00,-839656800000,,0,0,Y,,corrected-archive-csv
162860,Luleå-Kallax Flygplats,13,Rådande väder,"momentanvärde, 1 gång/tim resp 8 gånger/dygn",kod,1943-05-25T01:00:00Z,1943-05-25T02:00:00+01:00,-839631600000,,0,0,Y,,corrected-archive-csv
162860,Luleå-Kallax Flygplats,13,Rådande väder,"momentanvärde, 1 gång/tim resp 8 gånger/dygn",kod,1943-05-25T07:00:00Z,1943-05-25T08:00:00+01:00,-839610000000,,0,0,Y,,corrected-archive-csv
162860,Luleå-Kallax Flygplats,13,Rådande väder,"momentanvärde, 1 gång/tim resp 8 gånger/dygn",kod,1943-05-25T13:00:00Z,1943-05-25T14:00:00+01:00,-839588400000,,0,0,Y,,corrected-archive-csv
162860,Luleå-Kallax Flygplats,13,Rådande väder,"momentanvärde, 1 gång/tim resp 8 gånger/dygn",kod,1943-05-25T18:00:00Z,1943-05-25T19:00:00+01:00,-839570400000,,0,0,Y,,corrected-archive-csv
162860,Luleå-Kallax Flygplats,13,Rådande väder,"momentanvärde, 1 gång/tim resp 8 gånger/dygn",kod,1943-05-26T01:00:00Z,1943-05-26T02:00:00+01:00,-839545200000,,10,10,Y,,corrected-archive-csv
162860,Luleå-Kallax Flygplats,13,Rådande väder,"momentanvärde, 1 gång/tim resp 8 gånger/dygn",kod,1943-05-26T07:00:00Z,1943-05-26T08:00:00+01:00,-839523600000,,0,0,Y,,corrected-archive-csv
162860,Luleå-Kallax Flygplats,13,Rådande väder,"momentanvärde, 1 gång/tim resp 8 gånger/dygn",kod,1943-05-26T13:00:00Z,1943-05-26T14:00:00+01:00,-839502000000,,0,0,Y,,corrected-archive-csv
162860,Luleå-Kallax Flygplats,13,Rådande väder,"momentanvärde, 1 gång/tim resp 8 gånger/dygn",kod,1943-05-26T18:00:00Z,1943-05-26T19:00:00+01:00,-839484000000,,0,0,Y,,corrected-archive-csv
162860,Luleå-Kallax Flygplats,13,Rådande väder,"momentanvärde, 1 gång/tim resp 8 gånger/dygn",kod,1943-05-27T01:00:00Z,1943-05-27T02:00:00+01:00,-839458800000,,0,0,Y,,corrected-archive-csv
162860,Luleå-Kallax Flygplats,13,Rådande väder,"momentanvärde, 1 gång/tim resp 8 gånger/dygn",kod,1943-05-27T07:00:00Z,1943-05-27T08:00:00+01:00,-839437200000,,0,0,Y,,corrected-archive-csv
162860,Luleå-Kallax Flygplats,13,Rådande väder,"momentanvärde, 1 gång/tim resp 8 gånger/dygn",kod,1943-05-27T13:00:00Z,1943-05-27T14:00:00+01:00,-839415600000,,0,0,Y,,corrected-archive-csv
162860,Luleå-Kallax Flygplats,13,Rådande väder,"momentanvärde, 1 gång/tim resp 8 gånger/dygn",kod,1943-05-27T18:00:00Z,1943-05-27T19:00:00+01:00,-839397600000,,0,0,Y,,corrected-archive-csv
162860,Luleå-Kallax Flygplats,13,Rådande väder,"momentanvärde, 1 gång/tim resp 8 gånger/dygn",kod,1943-05-28T01:00:00Z,1943-05-28T02:00:00+01:00,-839372400000,,0,0,Y,,corrected-archive-csv
162860,Luleå-Kallax Flygplats,13,Rådande väder,"momentanvärde, 1 gång/tim resp 8 gånger/dygn",kod,1943-05-28T07:00:00Z,1943-05-28T08:00:00+01:00,-839350800000,,0,0,Y,,corrected-archive-csv
162860,Luleå-Kallax Flygplats,13,Rådande väder,"momentanvärde, 1 gång/tim resp 8 gånger/dygn",kod,1943-05-28T13:00:00Z,1943-05-28T14:00:00+01:00,-839329200000,,0,0,Y,,corrected-archive-csv
162860,Luleå-Kallax Flygplats,13,Rådande väder,"momentanvärde, 1 gång/tim resp 8 gånger/dygn",kod,1943-05-28T18:00:00Z,1943-05-28T19:00:00+01:00,-839311200000,,0,0,Y,,corrected-archive-csv
162860,Luleå-Kallax Flygplats,13,Rådande väder,"momentanvärde, 1 gång/tim resp 8 gånger/dygn",kod,1943-05-29T01:00:00Z,1943-05-29T02:00:00+01:00,-839286000000,,0,0,Y,,corrected-archive-csv
162860,Luleå-Kallax Flygplats,13,Rådande väder,"momentanvärde, 1 gång/tim resp 8 gånger/dygn",kod,1943-05-29T07:00:00Z,1943-05-29T08:00:00+01:00,-839264400000,,0,0,Y,,corrected-archive-csv
162860,Luleå-Kallax Flygplats,13,Rådande väder,"momentanvärde, 1 gång/tim resp 8 gånger/dygn",kod,1943-05-29T13:00:00Z,1943-05-29T14:00:00+01:00,-839242800000,,0,0,Y,,corrected-archive-csv
162860,Luleå-Kallax Flygplats,13,Rådande väder,"momentanvärde, 1 gång/tim resp 8 gånger/dygn",kod,1943-05-29T18:00:00Z,1943-05-29T19:00:00+01:00,-839224800000,,0,0,Y,,corrected-archive-csv
162860,Luleå-Kallax Flygplats,13,Rådande väder,"momentanvärde, 1 gång/tim resp 8 gånger/dygn",kod,1943-05-30T01:00:00Z,1943-05-30T02:00:00+01:00,-839199600000,,0,0,Y,,corrected-archive-csv
162860,Luleå-Kallax Flygplats,13,Rådande väder,"momentanvärde, 1 gång/tim resp 8 gånger/dygn",kod,1943-05-30T07:00:00Z,1943-05-30T08:00:00+01:00,-839178000000,,0,0,Y,,corrected-archive-csv
162860,Luleå-Kallax Flygplats,13,Rådande väder,"momentanvärde, 1 gång/tim resp 8 gånger/dygn",kod,1943-05-30T13:00:00Z,1943-05-30T14:00:00+01:00,-839156400000,,0,0,Y,,corrected-archive-csv
162860,Luleå-Kallax Flygplats,13,Rådande väder,"momentanvärde, 1 gång/tim resp 8 gånger/dygn",kod,1943-05-30T18:00:00Z,1943-05-30T19:00:00+01:00,-839138400000,,0,0,Y,,corrected-archive-csv
162860,Luleå-Kallax Flygplats,13,Rådande väder,"momentanvärde, 1 gång/tim resp 8 gånger/dygn",kod,1943-05-31T01:00:00Z,1943-05-31T02:00:00+01:00,-839113200000,,0,0,Y,,corrected-archive-csv
162860,Luleå-Kallax Flygplats,13,Rådande väder,"momentanvärde, 1 gång/tim resp 8 gånger/dygn",kod,1943-05-31T07:00:00Z,1943-05-31T08:00:00+01:00,-839091600000,,0,0,Y,,corrected-archive-csv
162860,Luleå-Kallax Flygplats,13,Rådande väder,"momentanvärde, 1 gång/tim resp 8 gånger/dygn",kod,1943-05-31T13:00:00Z,1943-05-31T14:00:00+01:00,-839070000000,,0,0,Y,,corrected-archive-csv
162860,Luleå-Kallax Flygplats,13,Rådande väder,"momentanvärde, 1 gång/tim resp 8 gånger/dygn",kod,1943-05-31T18:00:00Z,1943-05-31T19:00:00+01:00,-839052000000,,0,0,Y,,corrected-archive-csv
162860,Luleå-Kallax Flygplats,13,Rådande väder,"momentanvärde, 1 gång/tim resp 8 gånger/dygn",kod,1943-06-01T01:00:00Z,1943-06-01T02:00:00+01:00,-839026800000,,0,0,Y,,corrected-archive-csv
162860,Luleå-Kallax Flygplats,13,Rådande väder,"momentanvärde, 1 gång/tim resp 8 gånger/dygn",kod,1943-06-01T07:00:00Z,1943-06-01T08:00:00+01:00,-839005200000,,0,0,Y,,corrected-archive-csv
162860,Luleå-Kallax Flygplats,13,Rådande väder,"momentanvärde, 1 gång/tim resp 8 gånger/dygn",kod,1943-06-01T13:00:00Z,1943-06-01T14:00:00+01:00,-838983600000,,0,0,Y,,corrected-archive-csv
162860,Luleå-Kallax Flygplats,13,Rådande väder,"momentanvärde, 1 gång/tim resp 8 gånger/dygn",kod,1943-06-01T18:00:00Z,1943-06-01T19:00:00+01:00,-838965600000,,0,0,Y,,corrected-archive-csv
162860,Luleå-Kallax Flygplats,13,Rådande väder,"momentanvärde, 1 gång/tim resp 8 gånger/dygn",kod,1943-06-02T07:00:00Z,1943-06-02T08:00:00+01:00,-838918800000,,0,0,Y,,corrected-archive-csv
162860,Luleå-Kallax Flygplats,13,Rådande väder,"momentanvärde, 1 gång/tim resp 8 gånger/dygn",kod,1943-06-02T13:00:00Z,1943-06-02T14:00:00+01:00,-838897200000,,0,0,Y,,corrected-archive-csv
162860,Luleå-Kallax Flygplats,13,Rådande väder,"momentanvärde, 1 gång/tim resp 8 gånger/dygn",kod,1943-06-02T18:00:00Z,1943-06-02T19:00:00+01:00,-838879200000,,0,0,Y,,corrected-archive-csv
162860,Luleå-Kallax Flygplats,13,Rådande väder,"momentanvärde, 1 gång/tim resp 8 gånger/dygn",kod,1943-06-03T01:00:00Z,1943-06-03T02:00:00+01:00,-838854000000,,0,0,Y,,corrected-archive-csv
162860,Luleå-Kallax Flygplats,13,Rådande väder,"momentanvärde, 1 gång/tim resp 8 gånger/dygn",kod,1943-06-03T07:00:00Z,1943-06-03T08:00:00+01:00,-838832400000,,0,0,Y,,corrected-archive-csv
162860,Luleå-Kallax Flygplats,13,Rådande väder,"momentanvärde, 1 gång/tim resp 8 gånger/dygn",kod,1943-06-03T13:00:00Z,1943-06-03T14:00:00+01:00,-838810800000,,0,0,Y,,corrected-archive-csv
162860,Luleå-Kallax Flygplats,13,Rådande väder,"momentanvärde, 1 gång/tim resp 8 gånger/dygn",kod,1943-06-03T18:00:00Z,1943-06-03T19:00:00+01:00,-838792800000,,0,0,Y,,corrected-archive-csv
162860,Luleå-Kallax Flygplats,13,Rådande väder,"momentanvärde, 1 gång/tim resp 8 gånger/dygn",kod,1943-06-04T01:00:00Z,1943-06-04T02:00:00+01:00,-838767600000,,0,0,Y,,corrected-archive-csv
162860,Luleå-Kallax Flygplats,13,Rådande väder,"momentanvärde, 1 gång/tim resp 8 gånger/dygn",kod,1943-06-04T07:00:00Z,1943-06-04T08:00:00+01:00,-838746000000,,0,0,Y,,corrected-archive-csv
162860,Luleå-Kallax Flygplats,13,Rådande väder,"momentanvärde, 1 gång/tim resp 8 gånger/dygn",kod,1943-06-04T13:00:00Z,1943-06-04T14:00:00+01:00,-838724400000,,0,0,Y,,corrected-archive-csv
162860,Luleå-Kallax Flygplats,13,Rådande väder,"momentanvärde, 1 gång/tim resp 8 gånger/dygn",kod,1943-06-04T18:00:00Z,1943-06-04T19:00:00+01:00,-838706400000,,0,0,Y,,corrected-archive-csv
162860,Luleå-Kallax Flygplats,13,Rådande väder,"momentanvärde, 1 gång/tim resp 8 gånger/dygn",kod,1943-06-05T01:00:00Z,1943-06-05T02:00:00+01:00,-838681200000,,61,61,Y,,corrected-archive-csv
162860,Luleå-Kallax Flygplats,13,Rådande väder,"momentanvärde, 1 gång/tim resp 8 gånger/dygn",kod,1943-06-05T07:00:00Z,1943-06-05T08:00:00+01:00,-838659600000,,0,0,Y,,corrected-archive-csv
162860,Luleå-Kallax Flygplats,13,Rådande väder,"momentanvärde, 1 gång/tim resp 8 gånger/dygn",kod,1943-06-05T13:00:00Z,1943-06-05T14:00:00+01:00,-838638000000,,0,0,Y,,corrected-archive-csv
162860,Luleå-Kallax Flygplats,13,Rådande väder,"momentanvärde, 1 gång/tim resp 8 gånger/dygn",kod,1943-06-05T18:00:00Z,1943-06-05T19:00:00+01:00,-838620000000,,0,0,Y,,corrected-archive-csv
162860,Luleå-Kallax Flygplats,13,Rådande väder,"momentanvärde, 1 gång/tim resp 8 gånger/dygn",kod,1943-06-06T01:00:00Z,1943-06-06T02:00:00+01:00,-838594800000,,0,0,Y,,corrected-archive-csv
162860,Luleå-Kallax Flygplats,13,Rådande väder,"momentanvärde, 1 gång/tim resp 8 gånger/dygn",kod,1943-06-06T07:00:00Z,1943-06-06T08:00:00+01:00,-838573200000,,0,0,Y,,corrected-archive-csv
162860,Luleå-Kallax Flygplats,13,Rådande väder,"momentanvärde, 1 gång/tim resp 8 gånger/dygn",kod,1943-06-06T13:00:00Z,1943-06-06T14:00:00+01:00,-838551600000,,0,0,Y,,corrected-archive-csv
162860,Luleå-Kallax Flygplats,13,Rådande väder,"momentanvärde, 1 gång/tim resp 8 gånger/dygn",kod,1943-06-06T18:00:00Z,1943-06-06T19:00:00+01:00,-838533600000,,0,0,Y,,corrected-archive-csv
162860,Luleå-Kallax Flygplats,13,Rådande väder,"momentanvärde, 1 gång/tim resp 8 gånger/dygn",kod,1943-06-07T01:00:00Z,1943-06-07T02:00:00+01:00,-838508400000,,0,0,Y,,corrected-archive-csv
162860,Luleå-Kallax Flygplats,13,Rådande väder,"momentanvärde, 1 gång/tim resp 8 gånger/dygn",kod,1943-06-07T07:00:00Z,1943-06-07T08:00:00+01:00,-838486800000,,0,0,Y,,corrected-archive-csv
162860,Luleå-Kallax Flygplats,13,Rådande väder,"momentanvärde, 1 gång/tim resp 8 gånger/dygn",kod,1943-06-07T13:00:00Z,1943-06-07T14:00:00+01:00,-838465200000,,0,0,Y,,corrected-archive-csv
162860,Luleå-Kallax Flygplats,13,Rådande väder,"momentanvärde, 1 gång/tim resp 8 gånger/dygn",kod,1943-06-07T18:00:00Z,1943-06-07T19:00:00+01:00,-838447200000,,0,0,Y,,corrected-archive-csv
162860,Luleå-Kallax Flygplats,13,Rådande väder,"momentanvärde, 1 gång/tim resp 8 gånger/dygn",kod,1943-06-08T01:00:00Z,1943-06-08T02:00:00+01:00,-838422000000,,0,0,Y,,corrected-archive-csv
162860,Luleå-Kallax Flygplats,13,Rådande väder,"momentanvärde, 1 gång/tim resp 8 gånger/dygn",kod,1943-06-08T07:00:00Z,1943-06-08T08:00:00+01:00,-838400400000,,0,0,Y,,corrected-archive-csv
162860,Luleå-Kallax Flygplats,13,Rådande väder,"momentanvärde, 1 gång/tim resp 8 gånger/dygn",kod,1943-06-08T13:00:00Z,1943-06-08T14:00:00+01:00,-838378800000,,0,0,Y,,corrected-archive-csv
162860,Luleå-Kallax Flygplats,13,Rådande väder,"momentanvärde, 1 gång/tim resp 8 gånger/dygn",kod,1943-06-08T18:00:00Z,1943-06-08T19:00:00+01:00,-838360800000,,0,0,Y,,corrected-archive-csv
162860,Luleå-Kallax Flygplats,13,Rådande väder,"momentanvärde, 1 gång/tim resp 8 gånger/dygn",kod,1943-06-09T01:00:00Z,1943-06-09T02:00:00+01:00,-838335600000,,0,0,Y,,corrected-archive-csv
162860,Luleå-Kallax Flygplats,13,Rådande väder,"momentanvärde, 1 gång/tim resp 8 gånger/dygn",kod,1943-06-09T07:00:00Z,1943-06-09T08:00:00+01:00,-838314000000,,0,0,Y,,corrected-archive-csv
162860,Luleå-Kallax Flygplats,13,Rådande väder,"momentanvärde, 1 gång/tim resp 8 gånger/dygn",kod,1943-06-09T13:00:00Z,1943-06-09T14:00:00+01:00,-838292400000,,0,0,Y,,corrected-archive-csv
162860,Luleå-Kallax Flygplats,13,Rådande väder,"momentanvärde, 1 gång/tim resp 8 gånger/dygn",kod,1943-06-09T18:00:00Z,1943-06-09T19:00:00+01:00,-838274400000,,0,0,Y,,corrected-archive-csv
162860,Luleå-Kallax Flygplats,13,Rådande väder,"momentanvärde, 1 gång/tim resp 8 gånger/dygn",kod,1943-06-10T01:00:00Z,1943-06-10T02:00:00+01:00,-838249200000,,0,0,Y,,corrected-archive-csv
162860,Luleå-Kallax Flygplats,13,Rådande väder,"momentanvärde, 1 gång/tim resp 8 gånger/dygn",kod,1943-06-10T07:00:00Z,1943-06-10T08:00:00+01:00,-838227600000,,0,0,Y,,corrected-archive-csv
162860,Luleå-Kallax Flygplats,13,Rådande väder,"momentanvärde, 1 gång/tim resp 8 gånger/dygn",kod,1943-06-10T13:00:00Z,1943-06-10T14:00:00+01:00,-838206000000,,0,0,Y,,corrected-archive-csv
162860,Luleå-Kallax Flygplats,13,Rådande väder,"momentanvärde, 1 gång/tim resp 8 gånger/dygn",kod,1943-06-10T18:00:00Z,1943-06-10T19:00:00+01:00,-838188000000,,0,0,Y,,corrected-archive-csv
162860,Luleå-Kallax Flygplats,13,Rådande väder,"momentanvärde, 1 gång/tim resp 8 gånger/dygn",kod,1943-06-11T01:00:00Z,1943-06-11T02:00:00+01:00,-838162800000,,0,0,Y,,corrected-archive-csv
162860,Luleå-Kallax Flygplats,13,Rådande väder,"momentanvärde, 1 gång/tim resp 8 gånger/dygn",kod,1943-06-11T07:00:00Z,1943-06-11T08:00:00+01:00,-838141200000,,0,0,Y,,corrected-archive-csv
162860,Luleå-Kallax Flygplats,13,Rådande väder,"momentanvärde, 1 gång/tim resp 8 gånger/dygn",kod,1943-06-11T13:00:00Z,1943-06-11T14:00:00+01:00,-838119600000,,0,0,Y,,corrected-archive-csv
162860,Luleå-Kallax Flygplats,13,Rådande väder,"momentanvärde, 1 gång/tim resp 8 gånger/dygn",kod,1943-06-11T18:00:00Z,1943-06-11T19:00:00+01:00,-838101600000,,0,0,Y,,corrected-archive-csv
162860,Luleå-Kallax Flygplats,13,Rådande väder,"momentanvärde, 1 gång/tim resp 8 gånger/dygn",kod,1943-06-12T01:00:00Z,1943-06-12T02:00:00+01:00,-838076400000,,0,0,Y,,corrected-archive-csv
162860,Luleå-Kallax Flygplats,13,Rådande väder,"momentanvärde, 1 gång/tim resp 8 gånger/dygn",kod,1943-06-12T07:00:00Z,1943-06-12T08:00:00+01:00,-838054800000,,0,0,Y,,corrected-archive-csv
162860,Luleå-Kallax Flygplats,13,Rådande väder,"momentanvärde, 1 gång/tim resp 8 gånger/dygn",kod,1943-06-12T13:00:00Z,1943-06-12T14:00:00+01:00,-838033200000,,0,0,Y,,corrected-archive-csv
162860,Luleå-Kallax Flygplats,13,Rådande väder,"momentanvärde, 1 gång/tim resp 8 gånger/dygn",kod,1943-06-12T18:00:00Z,1943-06-12T19:00:00+01:00,-838015200000,,0,0,Y,,corrected-archive-csv
162860,Luleå-Kallax Flygplats,13,Rådande väder,"momentanvärde, 1 gång/tim resp 8 gånger/dygn",kod,1943-06-13T01:00:00Z,1943-06-13T02:00:00+01:00,-837990000000,,0,0,Y,,corrected-archive-csv
162860,Luleå-Kallax Flygplats,13,Rådande väder,"momentanvärde, 1 gång/tim resp 8 gånger/dygn",kod,1943-06-13T07:00:00Z,1943-06-13T08:00:00+01:00,-837968400000,,0,0,Y,,corrected-archive-csv
162860,Luleå-Kallax Flygplats,13,Rådande väder,"momentanvärde, 1 gång/tim resp 8 gånger/dygn",kod,1943-06-13T13:00:00Z,1943-06-13T14:00:00+01:00,-837946800000,,0,0,Y,,corrected-archive-csv
162860,Luleå-Kallax Flygplats,13,Rådande väder,"momentanvärde, 1 gång/tim resp 8 gånger/dygn",kod,1943-06-13T18:00:00Z,1943-06-13T19:00:00+01:00,-837928800000,,0,0,Y,,corrected-archive-csv
162860,Luleå-Kallax Flygplats,13,Rådande väder,"momentanvärde, 1 gång/tim resp 8 gånger/dygn",kod,1943-06-14T01:00:00Z,1943-06-14T02:00:00+01:00,-837903600000,,40,40,Y,,corrected-archive-csv
162860,Luleå-Kallax Flygplats,13,Rådande väder,"momentanvärde, 1 gång/tim resp 8 gånger/dygn",kod,1943-06-14T07:00:00Z,1943-06-14T08:00:00+01:00,-837882000000,,0,0,Y,,corrected-archive-csv
162860,Luleå-Kallax Flygplats,13,Rådande väder,"momentanvärde, 1 gång/tim resp 8 gånger/dygn",kod,1943-06-14T13:00:00Z,1943-06-14T14:00:00+01:00,-837860400000,,0,0,Y,,corrected-archive-csv
162860,Luleå-Kallax Flygplats,13,Rådande väder,"momentanvärde, 1 gång/tim resp 8 gånger/dygn",kod,1943-06-14T18:00:00Z,1943-06-14T19:00:00+01:00,-837842400000,,0,0,Y,,corrected-archive-csv
162860,Luleå-Kallax Flygplats,13,Rådande väder,"momentanvärde, 1 gång/tim resp 8 gånger/dygn",kod,1943-06-15T01:00:00Z,1943-06-15T02:00:00+01:00,-837817200000,,0,0,Y,,corrected-archive-csv
162860,Luleå-Kallax Flygplats,13,Rådande väder,"momentanvärde, 1 gång/tim resp 8 gånger/dygn",kod,1943-06-15T07:00:00Z,1943-06-15T08:00:00+01:00,-837795600000,,0,0,Y,,corrected-archive-csv
162860,Luleå-Kallax Flygplats,13,Rådande väder,"momentanvärde, 1 gång/tim resp 8 gånger/dygn",kod,1943-06-15T13:00:00Z,1943-06-15T14:00:00+01:00,-837774000000,,0,0,Y,,corrected-archive-csv
162860,Luleå-Kallax Flygplats,13,Rådande väder,"momentanvärde, 1 gång/tim resp 8 gånger/dygn",kod,1943-06-15T18:00:00Z,1943-06-15T19:00:00+01:00,-837756000000,,61,61,Y,,corrected-archive-csv
162860,Luleå-Kallax Flygplats,13,Rådande väder,"momentanvärde, 1 gång/tim resp 8 gånger/dygn",kod,1943-06-16T01:00:00Z,1943-06-16T02:00:00+01:00,-837730800000,,20,20,Y,,corrected-archive-csv
162860,Luleå-Kallax Flygplats,13,Rådande väder,"momentanvärde, 1 gång/tim resp 8 gånger/dygn",kod,1943-06-16T07:00:00Z,1943-06-16T08:00:00+01:00,-837709200000,,0,0,Y,,corrected-archive-csv
162860,Luleå-Kallax Flygplats,13,Rådande väder,"momentanvärde, 1 gång/tim resp 8 gånger/dygn",kod,1943-06-16T13:00:00Z,1943-06-16T14:00:00+01:00,-837687600000,,0,0,Y,,corrected-archive-csv
162860,Luleå-Kallax Flygplats,13,Rådande väder,"momentanvärde, 1 gång/tim resp 8 gånger/dygn",kod,1943-06-16T18:00:00Z,1943-06-16T19:00:00+01:00,-837669600000,,0,0,Y,,corrected-archive-csv
162860,Luleå-Kallax Flygplats,13,Rådande väder,"momentanvärde, 1 gång/tim resp 8 gånger/dygn",kod,1943-06-17T01:00:00Z,1943-06-17T02:00:00+01:00,-837644400000,,40,40,Y,,corrected-archive-csv
162860,Luleå-Kallax Flygplats,13,Rådande väder,"momentanvärde, 1 gång/tim resp 8 gånger/dygn",kod,1943-06-17T07:00:00Z,1943-06-17T08:00:00+01:00,-837622800000,,0,0,Y,,corrected-archive-csv
162860,Luleå-Kallax Flygplats,13,Rådande väder,"momentanvärde, 1 gång/tim resp 8 gånger/dygn",kod,1943-06-17T13:00:00Z,1943-06-17T14:00:00+01:00,-837601200000,,0,0,Y,,corrected-archive-csv
162860,Luleå-Kallax Flygplats,13,Rådande väder,"momentanvärde, 1 gång/tim resp 8 gånger/dygn",kod,1943-06-17T18:00:00Z,1943-06-17T19:00:00+01:00,-837583200000,,0,0,Y,,corrected-archive-csv
162860,Luleå-Kallax Flygplats,13,Rådande väder,"momentanvärde, 1 gång/tim resp 8 gånger/dygn",kod,1943-06-18T01:00:00Z,1943-06-18T02:00:00+01:00,-837558000000,,0,0,Y,,corrected-archive-csv
162860,Luleå-Kallax Flygplats,13,Rådande väder,"momentanvärde, 1 gång/tim resp 8 gånger/dygn",kod,1943-06-18T07:00:00Z,1943-06-18T08:00:00+01:00,-837536400000,,0,0,Y,,corrected-archive-csv
162860,Luleå-Kallax Flygplats,13,Rådande väder,"momentanvärde, 1 gång/tim resp 8 gånger/dygn",kod,1943-06-18T13:00:00Z,1943-06-18T14:00:00+01:00,-837514800000,,0,0,Y,,corrected-archive-csv
162860,Luleå-Kallax Flygplats,13,Rådande väder,"momentanvärde, 1 gång/tim resp 8 gånger/dygn",kod,1943-06-18T18:00:00Z,1943-06-18T19:00:00+01:00,-837496800000,,0,0,Y,,corrected-archive-csv
162860,Luleå-Kallax Flygplats,13,Rådande väder,"momentanvärde, 1 gång/tim resp 8 gånger/dygn",kod,1943-06-19T01:00:00Z,1943-06-19T02:00:00+01:00,-837471600000,,0,0,Y,,corrected-archive-csv
162860,Luleå-Kallax Flygplats,13,Rådande väder,"momentanvärde, 1 gång/tim resp 8 gånger/dygn",kod,1943-06-19T07:00:00Z,1943-06-19T08:00:00+01:00,-837450000000,,0,0,Y,,corrected-archive-csv
162860,Luleå-Kallax Flygplats,13,Rådande väder,"momentanvärde, 1 gång/tim resp 8 gånger/dygn",kod,1943-06-19T13:00:00Z,1943-06-19T14:00:00+01:00,-837428400000,,0,0,Y,,corrected-archive-csv
162860,Luleå-Kallax Flygplats,13,Rådande väder,"momentanvärde, 1 gång/tim resp 8 gånger/dygn",kod,1943-06-19T18:00:00Z,1943-06-19T19:00:00+01:00,-837410400000,,0,0,Y,,corrected-archive-csv
162860,Luleå-Kallax Flygplats,13,Rådande väder,"momentanvärde, 1 gång/tim resp 8 gånger/dygn",kod,1943-06-20T01:00:00Z,1943-06-20T02:00:00+01:00,-837385200000,,0,0,Y,,corrected-archive-csv
162860,Luleå-Kallax Flygplats,13,Rådande väder,"momentanvärde, 1 gång/tim resp 8 gånger/dygn",kod,1943-06-20T07:00:00Z,1943-06-20T08:00:00+01:00,-837363600000,,0,0,Y,,corrected-archive-csv
162860,Luleå-Kallax Flygplats,13,Rådande väder,"momentanvärde, 1 gång/tim resp 8 gånger/dygn",kod,1943-06-20T13:00:00Z,1943-06-20T14:00:00+01:00,-837342000000,,0,0,Y,,corrected-archive-csv
162860,Luleå-Kallax Flygplats,13,Rådande väder,"momentanvärde, 1 gång/tim resp 8 gånger/dygn",kod,1943-06-20T18:00:00Z,1943-06-20T19:00:00+01:00,-837324000000,,0,0,Y,,corrected-archive-csv
162860,Luleå-Kallax Flygplats,13,Rådande väder,"momentanvärde, 1 gång/tim resp 8 gånger/dygn",kod,1943-06-21T01:00:00Z,1943-06-21T02:00:00+01:00,-837298800000,,0,0,Y,,corrected-archive-csv
162860,Luleå-Kallax Flygplats,13,Rådande väder,"momentanvärde, 1 gång/tim resp 8 gånger/dygn",kod,1943-06-21T07:00:00Z,1943-06-21T08:00:00+01:00,-837277200000,,5,5,Y,,corrected-archive-csv
162860,Luleå-Kallax Flygplats,13,Rådande väder,"momentanvärde, 1 gång/tim resp 8 gånger/dygn",kod,1943-06-21T13:00:00Z,1943-06-21T14:00:00+01:00,-837255600000,,0,0,Y,,corrected-archive-csv
162860,Luleå-Kallax Flygplats,13,Rådande väder,"momentanvärde, 1 gång/tim resp 8 gånger/dygn",kod,1943-06-21T18:00:00Z,1943-06-21T19:00:00+01:00,-837237600000,,0,0,Y,,corrected-archive-csv
162860,Luleå-Kallax Flygplats,13,Rådande väder,"momentanvärde, 1 gång/tim resp 8 gånger/dygn",kod,1943-06-22T01:00:00Z,1943-06-22T02:00:00+01:00,-837212400000,,40,40,Y,,corrected-archive-csv
162860,Luleå-Kallax Flygplats,13,Rådande väder,"momentanvärde, 1 gång/tim resp 8 gånger/dygn",kod,1943-06-22T07:00:00Z,1943-06-22T08:00:00+01:00,-837190800000,,0,0,Y,,corrected-archive-csv
162860,Luleå-Kallax Flygplats,13,Rådande väder,"momentanvärde, 1 gång/tim resp 8 gånger/dygn",kod,1943-06-22T13:00:00Z,1943-06-22T14:00:00+01:00,-837169200000,,0,0,Y,,corrected-archive-csv
162860,Luleå-Kallax Flygplats,13,Rådande väder,"momentanvärde, 1 gång/tim resp 8 gånger/dygn",kod,1943-06-22T18:00:00Z,1943-06-22T19:00:00+01:00,-837151200000,,0,0,Y,,corrected-archive-csv
162860,Luleå-Kallax Flygplats,13,Rådande väder,"momentanvärde, 1 gång/tim resp 8 gånger/dygn",kod,1943-06-23T01:00:00Z,1943-06-23T02:00:00+01:00,-837126000000,,0,0,Y,,corrected-archive-csv
162860,Luleå-Kallax Flygplats,13,Rådande väder,"momentanvärde, 1 gång/tim resp 8 gånger/dygn",kod,1943-06-23T07:00:00Z,1943-06-23T08:00:00+01:00,-837104400000,,0,0,Y,,corrected-archive-csv
162860,Luleå-Kallax Flygplats,13,Rådande väder,"momentanvärde, 1 gång/tim resp 8 gånger/dygn",kod,1943-06-23T13:00:00Z,1943-06-23T14:00:00+01:00,-837082800000,,0,0,Y,,corrected-archive-csv
162860,Luleå-Kallax Flygplats,13,Rådande väder,"momentanvärde, 1 gång/tim resp 8 gånger/dygn",kod,1943-06-23T18:00:00Z,1943-06-23T19:00:00+01:00,-837064800000,,0,0,Y,,corrected-archive-csv
162860,Luleå-Kallax Flygplats,13,Rådande väder,"momentanvärde, 1 gång/tim resp 8 gånger/dygn",kod,1943-06-24T01:00:00Z,1943-06-24T02:00:00+01:00,-837039600000,,0,0,Y,,corrected-archive-csv
162860,Luleå-Kallax Flygplats,13,Rådande väder,"momentanvärde, 1 gång/tim resp 8 gånger/dygn",kod,1943-06-24T07:00:00Z,1943-06-24T08:00:00+01:00,-837018000000,,0,0,Y,,corrected-archive-csv
162860,Luleå-Kallax Flygplats,13,Rådande väder,"momentanvärde, 1 gång/tim resp 8 gånger/dygn",kod,1943-06-24T13:00:00Z,1943-06-24T14:00:00+01:00,-836996400000,,0,0,Y,,corrected-archive-csv
162860,Luleå-Kallax Flygplats,13,Rådande väder,"momentanvärde, 1 gång/tim resp 8 gånger/dygn",kod,1943-06-24T18:00:00Z,1943-06-24T19:00:00+01:00,-836978400000,,0,0,Y,,corrected-archive-csv
162860,Luleå-Kallax Flygplats,13,Rådande väder,"momentanvärde, 1 gång/tim resp 8 gånger/dygn",kod,1943-06-25T01:00:00Z,1943-06-25T02:00:00+01:00,-836953200000,,0,0,Y,,corrected-archive-csv
162860,Luleå-Kallax Flygplats,13,Rådande väder,"momentanvärde, 1 gång/tim resp 8 gånger/dygn",kod,1943-06-25T07:00:00Z,1943-06-25T08:00:00+01:00,-836931600000,,0,0,Y,,corrected-archive-csv
162860,Luleå-Kallax Flygplats,13,Rådande väder,"momentanvärde, 1 gång/tim resp 8 gånger/dygn",kod,1943-06-25T13:00:00Z,1943-06-25T14:00:00+01:00,-836910000000,,0,0,Y,,corrected-archive-csv
162860,Luleå-Kallax Flygplats,13,Rådande väder,"momentanvärde, 1 gång/tim resp 8 gånger/dygn",kod,1943-06-25T18:00:00Z,1943-06-25T19:00:00+01:00,-836892000000,,0,0,Y,,corrected-archive-csv
162860,Luleå-Kallax Flygplats,13,Rådande väder,"momentanvärde, 1 gång/tim resp 8 gånger/dygn",kod,1943-06-26T01:00:00Z,1943-06-26T02:00:00+01:00,-836866800000,,0,0,Y,,corrected-archive-csv
162860,Luleå-Kallax Flygplats,13,Rådande väder,"momentanvärde, 1 gång/tim resp 8 gånger/dygn",kod,1943-06-26T07:00:00Z,1943-06-26T08:00:00+01:00,-836845200000,,0,0,Y,,corrected-archive-csv
162860,Luleå-Kallax Flygplats,13,Rådande väder,"momentanvärde, 1 gång/tim resp 8 gånger/dygn",kod,1943-06-26T13:00:00Z,1943-06-26T14:00:00+01:00,-836823600000,,0,0,Y,,corrected-archive-csv
162860,Luleå-Kallax Flygplats,13,Rådande väder,"momentanvärde, 1 gång/tim resp 8 gånger/dygn",kod,1943-06-26T18:00:00Z,1943-06-26T19:00:00+01:00,-836805600000,,0,0,Y,,corrected-archive-csv
162860,Luleå-Kallax Flygplats,13,Rådande väder,"momentanvärde, 1 gång/tim resp 8 gånger/dygn",kod,1943-06-27T01:00:00Z,1943-06-27T02:00:00+01:00,-836780400000,,0,0,Y,,corrected-archive-csv
162860,Luleå-Kallax Flygplats,13,Rådande väder,"momentanvärde, 1 gång/tim resp 8 gånger/dygn",kod,1943-06-27T07:00:00Z,1943-06-27T08:00:00+01:00,-836758800000,,0,0,Y,,corrected-archive-csv
162860,Luleå-Kallax Flygplats,13,Rådande väder,"momentanvärde, 1 gång/tim resp 8 gånger/dygn",kod,1943-06-27T13:00:00Z,1943-06-27T14:00:00+01:00,-836737200000,,0,0,Y,,corrected-archive-csv
162860,Luleå-Kallax Flygplats,13,Rådande väder,"momentanvärde, 1 gång/tim resp 8 gånger/dygn",kod,1943-06-27T18:00:00Z,1943-06-27T19:00:00+01:00,-836719200000,,0,0,Y,,corrected-archive-csv
162860,Luleå-Kallax Flygplats,13,Rådande väder,"momentanvärde, 1 gång/tim resp 8 gånger/dygn",kod,1943-06-28T01:00:00Z,1943-06-28T02:00:00+01:00,-836694000000,,0,0,Y,,corrected-archive-csv
162860,Luleå-Kallax Flygplats,13,Rådande väder,"momentanvärde, 1 gång/tim resp 8 gånger/dygn",kod,1943-06-28T07:00:00Z,1943-06-28T08:00:00+01:00,-836672400000,,0,0,Y,,corrected-archive-csv
162860,Luleå-Kallax Flygplats,13,Rådande väder,"momentanvärde, 1 gång/tim resp 8 gånger/dygn",kod,1943-06-28T13:00:00Z,1943-06-28T14:00:00+01:00,-836650800000,,0,0,Y,,corrected-archive-csv
162860,Luleå-Kallax Flygplats,13,Rådande väder,"momentanvärde, 1 gång/tim resp 8 gånger/dygn",kod,1943-06-28T18:00:00Z,1943-06-28T19:00:00+01:00,-836632800000,,0,0,Y,,corrected-archive-csv
162860,Luleå-Kallax Flygplats,13,Rådande väder,"momentanvärde, 1 gång/tim resp 8 gånger/dygn",kod,1943-06-29T01:00:00Z,1943-06-29T02:00:00+01:00,-836607600000,,0,0,Y,,corrected-archive-csv
162860,Luleå-Kallax Flygplats,13,Rådande väder,"momentanvärde, 1 gång/tim resp 8 gånger/dygn",kod,1943-06-29T07:00:00Z,1943-06-29T08:00:00+01:00,-836586000000,,0,0,Y,,corrected-archive-csv
162860,Luleå-Kallax Flygplats,13,Rådande väder,"momentanvärde, 1 gång/tim resp 8 gånger/dygn",kod,1943-06-29T13:00:00Z,1943-06-29T14:00:00+01:00,-836564400000,,0,0,Y,,corrected-archive-csv
162860,Luleå-Kallax Flygplats,13,Rådande väder,"momentanvärde, 1 gång/tim resp 8 gånger/dygn",kod,1943-06-29T18:00:00Z,1943-06-29T19:00:00+01:00,-836546400000,,0,0,Y,,corrected-archive-csv
162860,Luleå-Kallax Flygplats,13,Rådande väder,"momentanvärde, 1 gång/tim resp 8 gånger/dygn",kod,1943-06-30T01:00:00Z,1943-06-30T02:00:00+01:00,-836521200000,,0,0,Y,,corrected-archive-csv
162860,Luleå-Kallax Flygplats,13,Rådande väder,"momentanvärde, 1 gång/tim resp 8 gånger/dygn",kod,1943-06-30T07:00:00Z,1943-06-30T08:00:00+01:00,-836499600000,,0,0,Y,,corrected-archive-csv
162860,Luleå-Kallax Flygplats,13,Rådande väder,"momentanvärde, 1 gång/tim resp 8 gånger/dygn",kod,1943-06-30T13:00:00Z,1943-06-30T14:00:00+01:00,-836478000000,,0,0,Y,,corrected-archive-csv
162860,Luleå-Kallax Flygplats,13,Rådande väder,"momentanvärde, 1 gång/tim resp 8 gånger/dygn",kod,1943-06-30T18:00:00Z,1943-06-30T19:00:00+01:00,-836460000000,,0,0,Y,,corrected-archive-csv
162860,Luleå-Kallax Flygplats,13,Rådande väder,"momentanvärde, 1 gång/tim resp 8 gånger/dygn",kod,1943-07-01T01:00:00Z,1943-07-01T02:00:00+01:00,-836434800000,,0,0,Y,,corrected-archive-csv
162860,Luleå-Kallax Flygplats,13,Rådande väder,"momentanvärde, 1 gång/tim resp 8 gånger/dygn",kod,1943-07-01T07:00:00Z,1943-07-01T08:00:00+01:00,-836413200000,,0,0,Y,,corrected-archive-csv
162860,Luleå-Kallax Flygplats,13,Rådande väder,"momentanvärde, 1 gång/tim resp 8 gånger/dygn",kod,1943-07-01T13:00:00Z,1943-07-01T14:00:00+01:00,-836391600000,,0,0,Y,,corrected-archive-csv
162860,Luleå-Kallax Flygplats,13,Rådande väder,"momentanvärde, 1 gång/tim resp 8 gånger/dygn",kod,1943-07-01T18:00:00Z,1943-07-01T19:00:00+01:00,-836373600000,,0,0,Y,,corrected-archive-csv
162860,Luleå-Kallax Flygplats,13,Rådande väder,"momentanvärde, 1 gång/tim resp 8 gånger/dygn",kod,1943-07-02T01:00:00Z,1943-07-02T02:00:00+01:00,-836348400000,,0,0,Y,,corrected-archive-csv
162860,Luleå-Kallax Flygplats,13,Rådande väder,"momentanvärde, 1 gång/tim resp 8 gånger/dygn",kod,1943-07-02T07:00:00Z,1943-07-02T08:00:00+01:00,-836326800000,,0,0,Y,,corrected-archive-csv
162860,Luleå-Kallax Flygplats,13,Rådande väder,"momentanvärde, 1 gång/tim resp 8 gånger/dygn",kod,1943-07-02T13:00:00Z,1943-07-02T14:00:00+01:00,-836305200000,,0,0,Y,,corrected-archive-csv
162860,Luleå-Kallax Flygplats,13,Rådande väder,"momentanvärde, 1 gång/tim resp 8 gånger/dygn",kod,1943-07-02T18:00:00Z,1943-07-02T19:00:00+01:00,-836287200000,,0,0,Y,,corrected-archive-csv
162860,Luleå-Kallax Flygplats,13,Rådande väder,"momentanvärde, 1 gång/tim resp 8 gånger/dygn",kod,1943-07-03T01:00:00Z,1943-07-03T02:00:00+01:00,-836262000000,,0,0,Y,,corrected-archive-csv
162860,Luleå-Kallax Flygplats,13,Rådande väder,"momentanvärde, 1 gång/tim resp 8 gånger/dygn",kod,1943-07-03T07:00:00Z,1943-07-03T08:00:00+01:00,-836240400000,,0,0,Y,,corrected-archive-csv
162860,Luleå-Kallax Flygplats,13,Rådande väder,"momentanvärde, 1 gång/tim resp 8 gånger/dygn",kod,1943-07-03T13:00:00Z,1943-07-03T14:00:00+01:00,-836218800000,,0,0,Y,,corrected-archive-csv
162860,Luleå-Kallax Flygplats,13,Rådande väder,"momentanvärde, 1 gång/tim resp 8 gånger/dygn",kod,1943-07-03T18:00:00Z,1943-07-03T19:00:00+01:00,-836200800000,,51,51,Y,,corrected-archive-csv
162860,Luleå-Kallax Flygplats,13,Rådande väder,"momentanvärde, 1 gång/tim resp 8 gånger/dygn",kod,1943-07-04T01:00:00Z,1943-07-04T02:00:00+01:00,-836175600000,,0,0,Y,,corrected-archive-csv
162860,Luleå-Kallax Flygplats,13,Rådande väder,"momentanvärde, 1 gång/tim resp 8 gånger/dygn",kod,1943-07-04T07:00:00Z,1943-07-04T08:00:00+01:00,-836154000000,,61,61,Y,,corrected-archive-csv
162860,Luleå-Kallax Flygplats,13,Rådande väder,"momentanvärde, 1 gång/tim resp 8 gånger/dygn",kod,1943-07-04T13:00:00Z,1943-07-04T14:00:00+01:00,-836132400000,,0,0,Y,,corrected-archive-csv
162860,Luleå-Kallax Flygplats,13,Rådande väder,"momentanvärde, 1 gång/tim resp 8 gånger/dygn",kod,1943-07-04T18:00:00Z,1943-07-04T19:00:00+01:00,-836114400000,,0,0,Y,,corrected-archive-csv
162860,Luleå-Kallax Flygplats,13,Rådande väder,"momentanvärde, 1 gång/tim resp 8 gånger/dygn",kod,1943-07-05T01:00:00Z,1943-07-05T02:00:00+01:00,-836089200000,,0,0,Y,,corrected-archive-csv
162860,Luleå-Kallax Flygplats,13,Rådande väder,"momentanvärde, 1 gång/tim resp 8 gånger/dygn",kod,1943-07-05T07:00:00Z,1943-07-05T08:00:00+01:00,-836067600000,,0,0,Y,,corrected-archive-csv
162860,Luleå-Kallax Flygplats,13,Rådande väder,"momentanvärde, 1 gång/tim resp 8 gånger/dygn",kod,1943-07-05T13:00:00Z,1943-07-05T14:00:00+01:00,-836046000000,,0,0,Y,,corrected-archive-csv
162860,Luleå-Kallax Flygplats,13,Rådande väder,"momentanvärde, 1 gång/tim resp 8 gånger/dygn",kod,1943-07-05T18:00:00Z,1943-07-05T19:00:00+01:00,-836028000000,,0,0,Y,,corrected-archive-csv
162860,Luleå-Kallax Flygplats,13,Rådande väder,"momentanvärde, 1 gång/tim resp 8 gånger/dygn",kod,1943-07-06T01:00:00Z,1943-07-06T02:00:00+01:00,-836002800000,,0,0,Y,,corrected-archive-csv
162860,Luleå-Kallax Flygplats,13,Rådande väder,"momentanvärde, 1 gång/tim resp 8 gånger/dygn",kod,1943-07-06T07:00:00Z,1943-07-06T08:00:00+01:00,-835981200000,,60,60,Y,,corrected-archive-csv
162860,Luleå-Kallax Flygplats,13,Rådande väder,"momentanvärde, 1 gång/tim resp 8 gånger/dygn",kod,1943-07-06T13:00:00Z,1943-07-06T14:00:00+01:00,-835959600000,,0,0,Y,,corrected-archive-csv
162860,Luleå-Kallax Flygplats,13,Rådande väder,"momentanvärde, 1 gång/tim resp 8 gånger/dygn",kod,1943-07-06T18:00:00Z,1943-07-06T19:00:00+01:00,-835941600000,,60,60,Y,,corrected-archive-csv
162860,Luleå-Kallax Flygplats,13,Rådande väder,"momentanvärde, 1 gång/tim resp 8 gånger/dygn",kod,1943-07-07T01:00:00Z,1943-07-07T02:00:00+01:00,-835916400000,,51,51,Y,,corrected-archive-csv
162860,Luleå-Kallax Flygplats,13,Rådande väder,"momentanvärde, 1 gång/tim resp 8 gånger/dygn",kod,1943-07-07T07:00:00Z,1943-07-07T08:00:00+01:00,-835894800000,,0,0,Y,,corrected-archive-csv
162860,Luleå-Kallax Flygplats,13,Rådande väder,"momentanvärde, 1 gång/tim resp 8 gånger/dygn",kod,1943-07-07T13:00:00Z,1943-07-07T14:00:00+01:00,-835873200000,,0,0,Y,,corrected-archive-csv
162860,Luleå-Kallax Flygplats,13,Rådande väder,"momentanvärde, 1 gång/tim resp 8 gånger/dygn",kod,1943-07-07T18:00:00Z,1943-07-07T19:00:00+01:00,-835855200000,,0,0,Y,,corrected-archive-csv
162860,Luleå-Kallax Flygplats,13,Rådande väder,"momentanvärde, 1 gång/tim resp 8 gånger/dygn",kod,1943-07-08T01:00:00Z,1943-07-08T02:00:00+01:00,-835830000000,,12,12,Y,,corrected-archive-csv
162860,Luleå-Kallax Flygplats,13,Rådande väder,"momentanvärde, 1 gång/tim resp 8 gånger/dygn",kod,1943-07-08T07:00:00Z,1943-07-08T08:00:00+01:00,-835808400000,,0,0,Y,,corrected-archive-csv
162860,Luleå-Kallax Flygplats,13,Rådande väder,"momentanvärde, 1 gång/tim resp 8 gånger/dygn",kod,1943-07-08T13:00:00Z,1943-07-08T14:00:00+01:00,-835786800000,,0,0,Y,,corrected-archive-csv
162860,Luleå-Kallax Flygplats,13,Rådande väder,"momentanvärde, 1 gång/tim resp 8 gånger/dygn",kod,1943-07-08T18:00:00Z,1943-07-08T19:00:00+01:00,-835768800000,,0,0,Y,,corrected-archive-csv
162860,Luleå-Kallax Flygplats,13,Rådande väder,"momentanvärde, 1 gång/tim resp 8 gånger/dygn",kod,1943-07-09T01:00:00Z,1943-07-09T02:00:00+01:00,-835743600000,,61,61,Y,,corrected-archive-csv
162860,Luleå-Kallax Flygplats,13,Rådande väder,"momentanvärde, 1 gång/tim resp 8 gånger/dygn",kod,1943-07-09T07:00:00Z,1943-07-09T08:00:00+01:00,-835722000000,,63,63,Y,,corrected-archive-csv
162860,Luleå-Kallax Flygplats,13,Rådande väder,"momentanvärde, 1 gång/tim resp 8 gånger/dygn",kod,1943-07-09T13:00:00Z,1943-07-09T14:00:00+01:00,-835700400000,,0,0,Y,,corrected-archive-csv
162860,Luleå-Kallax Flygplats,13,Rådande väder,"momentanvärde, 1 gång/tim resp 8 gånger/dygn",kod,1943-07-09T18:00:00Z,1943-07-09T19:00:00+01:00,-835682400000,,61,61,Y,,corrected-archive-csv
162860,Luleå-Kallax Flygplats,13,Rådande väder,"momentanvärde, 1 gång/tim resp 8 gånger/dygn",kod,1943-07-10T01:00:00Z,1943-07-10T02:00:00+01:00,-835657200000,,0,0,Y,,corrected-archive-csv
162860,Luleå-Kallax Flygplats,13,Rådande väder,"momentanvärde, 1 gång/tim resp 8 gånger/dygn",kod,1943-07-10T07:00:00Z,1943-07-10T08:00:00+01:00,-835635600000,,0,0,Y,,corrected-archive-csv
162860,Luleå-Kallax Flygplats,13,Rådande väder,"momentanvärde, 1 gång/tim resp 8 gånger/dygn",kod,1943-07-10T13:00:00Z,1943-07-10T14:00:00+01:00,-835614000000,,0,0,Y,,corrected-archive-csv
162860,Luleå-Kallax Flygplats,13,Rådande väder,"momentanvärde, 1 gång/tim resp 8 gånger/dygn",kod,1943-07-10T18:00:00Z,1943-07-10T19:00:00+01:00,-835596000000,,60,60,Y,,corrected-archive-csv
162860,Luleå-Kallax Flygplats,13,Rådande väder,"momentanvärde, 1 gång/tim resp 8 gånger/dygn",kod,1943-07-11T01:00:00Z,1943-07-11T02:00:00+01:00,-835570800000,,0,0,Y,,corrected-archive-csv
162860,Luleå-Kallax Flygplats,13,Rådande väder,"momentanvärde, 1 gång/tim resp 8 gånger/dygn",kod,1943-07-11T07:00:00Z,1943-07-11T08:00:00+01:00,-835549200000,,0,0,Y,,corrected-archive-csv
162860,Luleå-Kallax Flygplats,13,Rådande väder,"momentanvärde, 1 gång/tim resp 8 gånger/dygn",kod,1943-07-11T13:00:00Z,1943-07-11T14:00:00+01:00,-835527600000,,0,0,Y,,corrected-archive-csv
162860,Luleå-Kallax Flygplats,13,Rådande väder,"momentanvärde, 1 gång/tim resp 8 gånger/dygn",kod,1943-07-11T18:00:00Z,1943-07-11T19:00:00+01:00,-835509600000,,0,0,Y,,corrected-archive-csv
162860,Luleå-Kallax Flygplats,13,Rådande väder,"momentanvärde, 1 gång/tim resp 8 gånger/dygn",kod,1943-07-12T01:00:00Z,1943-07-12T02:00:00+01:00,-835484400000,,40,40,Y,,corrected-archive-csv
162860,Luleå-Kallax Flygplats,13,Rådande väder,"momentanvärde, 1 gång/tim resp 8 gånger/dygn",kod,1943-07-12T07:00:00Z,1943-07-12T08:00:00+01:00,-835462800000,,5,5,Y,,corrected-archive-csv
162860,Luleå-Kallax Flygplats,13,Rådande väder,"momentanvärde, 1 gång/tim resp 8 gånger/dygn",kod,1943-07-12T13:00:00Z,1943-07-12T14:00:00+01:00,-835441200000,,40,40,Y,,corrected-archive-csv
162860,Luleå-Kallax Flygplats,13,Rådande väder,"momentanvärde, 1 gång/tim resp 8 gånger/dygn",kod,1943-07-12T18:00:00Z,1943-07-12T19:00:00+01:00,-835423200000,,0,0,Y,,corrected-archive-csv
162860,Luleå-Kallax Flygplats,13,Rådande väder,"momentanvärde, 1 gång/tim resp 8 gånger/dygn",kod,1943-07-13T01:00:00Z,1943-07-13T02:00:00+01:00,-835398000000,,46,46,Y,,corrected-archive-csv
162860,Luleå-Kallax Flygplats,13,Rådande väder,"momentanvärde, 1 gång/tim resp 8 gånger/dygn",kod,1943-07-13T07:00:00Z,1943-07-13T08:00:00+01:00,-835376400000,,0,0,Y,,corrected-archive-csv
162860,Luleå-Kallax Flygplats,13,Rådande väder,"momentanvärde, 1 gång/tim resp 8 gånger/dygn",kod,1943-07-13T13:00:00Z,1943-07-13T14:00:00+01:00,-835354800000,,61,61,Y,,corrected-archive-csv
162860,Luleå-Kallax Flygplats,13,Rådande väder,"momentanvärde, 1 gång/tim resp 8 gånger/dygn",kod,1943-07-13T18:00:00Z,1943-07-13T19:00:00+01:00,-835336800000,,62,62,Y,,corrected-archive-csv
162860,Luleå-Kallax Flygplats,13,Rådande väder,"momentanvärde, 1 gång/tim resp 8 gånger/dygn",kod,1943-07-14T01:00:00Z,1943-07-14T02:00:00+01:00,-835311600000,,0,0,Y,,corrected-archive-csv
162860,Luleå-Kallax Flygplats,13,Rådande väder,"momentanvärde, 1 gång/tim resp 8 gånger/dygn",kod,1943-07-14T07:00:00Z,1943-07-14T08:00:00+01:00,-835290000000,,0,0,Y,,corrected-archive-csv
162860,Luleå-Kallax Flygplats,13,Rådande väder,"momentanvärde, 1 gång/tim resp 8 gånger/dygn",kod,1943-07-14T13:00:00Z,1943-07-14T14:00:00+01:00,-835268400000,,63,63,Y,,corrected-archive-csv
162860,Luleå-Kallax Flygplats,13,Rådande väder,"momentanvärde, 1 gång/tim resp 8 gånger/dygn",kod,1943-07-14T18:00:00Z,1943-07-14T19:00:00+01:00,-835250400000,,0,0,Y,,corrected-archive-csv
162860,Luleå-Kallax Flygplats,13,Rådande väder,"momentanvärde, 1 gång/tim resp 8 gånger/dygn",kod,1943-07-15T01:00:00Z,1943-07-15T02:00:00+01:00,-835225200000,,0,0,Y,,corrected-archive-csv
162860,Luleå-Kallax Flygplats,13,Rådande väder,"momentanvärde, 1 gång/tim resp 8 gånger/dygn",kod,1943-07-15T07:00:00Z,1943-07-15T08:00:00+01:00,-835203600000,,61,61,Y,,corrected-archive-csv
162860,Luleå-Kallax Flygplats,13,Rådande väder,"momentanvärde, 1 gång/tim resp 8 gånger/dygn",kod,1943-07-15T13:00:00Z,1943-07-15T14:00:00+01:00,-835182000000,,0,0,Y,,corrected-archive-csv
162860,Luleå-Kallax Flygplats,13,Rådande väder,"momentanvärde, 1 gång/tim resp 8 gånger/dygn",kod,1943-07-15T18:00:00Z,1943-07-15T19:00:00+01:00,-835164000000,,0,0,Y,,corrected-archive-csv
162860,Luleå-Kallax Flygplats,13,Rådande väder,"momentanvärde, 1 gång/tim resp 8 gånger/dygn",kod,1943-07-16T01:00:00Z,1943-07-16T02:00:00+01:00,-835138800000,,12,12,Y,,corrected-archive-csv
162860,Luleå-Kallax Flygplats,13,Rådande väder,"momentanvärde, 1 gång/tim resp 8 gånger/dygn",kod,1943-07-16T07:00:00Z,1943-07-16T08:00:00+01:00,-835117200000,,0,0,Y,,corrected-archive-csv
162860,Luleå-Kallax Flygplats,13,Rådande väder,"momentanvärde, 1 gång/tim resp 8 gånger/dygn",kod,1943-07-16T13:00:00Z,1943-07-16T14:00:00+01:00,-835095600000,,0,0,Y,,corrected-archive-csv
162860,Luleå-Kallax Flygplats,13,Rådande väder,"momentanvärde, 1 gång/tim resp 8 gånger/dygn",kod,1943-07-16T18:00:00Z,1943-07-16T19:00:00+01:00,-835077600000,,0,0,Y,,corrected-archive-csv
162860,Luleå-Kallax Flygplats,13,Rådande väder,"momentanvärde, 1 gång/tim resp 8 gånger/dygn",kod,1943-07-17T01:00:00Z,1943-07-17T02:00:00+01:00,-835052400000,,0,0,Y,,corrected-archive-csv
162860,Luleå-Kallax Flygplats,13,Rådande väder,"momentanvärde, 1 gång/tim resp 8 gånger/dygn",kod,1943-07-17T07:00:00Z,1943-07-17T08:00:00+01:00,-835030800000,,0,0,Y,,corrected-archive-csv
162860,Luleå-Kallax Flygplats,13,Rådande väder,"momentanvärde, 1 gång/tim resp 8 gånger/dygn",kod,1943-07-17T13:00:00Z,1943-07-17T14:00:00+01:00,-835009200000,,0,0,Y,,corrected-archive-csv
162860,Luleå-Kallax Flygplats,13,Rådande väder,"momentanvärde, 1 gång/tim resp 8 gånger/dygn",kod,1943-07-17T18:00:00Z,1943-07-17T19:00:00+01:00,-834991200000,,0,0,Y,,corrected-archive-csv
162860,Luleå-Kallax Flygplats,13,Rådande väder,"momentanvärde, 1 gång/tim resp 8 gånger/dygn",kod,1943-07-18T01:00:00Z,1943-07-18T02:00:00+01:00,-834966000000,,0,0,Y,,corrected-archive-csv
162860,Luleå-Kallax Flygplats,13,Rådande väder,"momentanvärde, 1 gång/tim resp 8 gånger/dygn",kod,1943-07-18T07:00:00Z,1943-07-18T08:00:00+01:00,-834944400000,,0,0,Y,,corrected-archive-csv
162860,Luleå-Kallax Flygplats,13,Rådande väder,"momentanvärde, 1 gång/tim resp 8 gånger/dygn",kod,1943-07-18T13:00:00Z,1943-07-18T14:00:00+01:00,-834922800000,,0,0,Y,,corrected-archive-csv
162860,Luleå-Kallax Flygplats,13,Rådande väder,"momentanvärde, 1 gång/tim resp 8 gånger/dygn",kod,1943-07-18T18:00:00Z,1943-07-18T19:00:00+01:00,-834904800000,,0,0,Y,,corrected-archive-csv
162860,Luleå-Kallax Flygplats,13,Rådande väder,"momentanvärde, 1 gång/tim resp 8 gånger/dygn",kod,1943-07-19T01:00:00Z,1943-07-19T02:00:00+01:00,-834879600000,,0,0,Y,,corrected-archive-csv
162860,Luleå-Kallax Flygplats,13,Rådande väder,"momentanvärde, 1 gång/tim resp 8 gånger/dygn",kod,1943-07-19T07:00:00Z,1943-07-19T08:00:00+01:00,-834858000000,,5,5,Y,,corrected-archive-csv
162860,Luleå-Kallax Flygplats,13,Rådande väder,"momentanvärde, 1 gång/tim resp 8 gånger/dygn",kod,1943-07-19T13:00:00Z,1943-07-19T14:00:00+01:00,-834836400000,,0,0,Y,,corrected-archive-csv
162860,Luleå-Kallax Flygplats,13,Rådande väder,"momentanvärde, 1 gång/tim resp 8 gånger/dygn",kod,1943-07-19T18:00:00Z,1943-07-19T19:00:00+01:00,-834818400000,,5,5,Y,,corrected-archive-csv
162860,Luleå-Kallax Flygplats,13,Rådande väder,"momentanvärde, 1 gång/tim resp 8 gånger/dygn",kod,1943-07-20T01:00:00Z,1943-07-20T02:00:00+01:00,-834793200000,,5,5,Y,,corrected-archive-csv
162860,Luleå-Kallax Flygplats,13,Rådande väder,"momentanvärde, 1 gång/tim resp 8 gånger/dygn",kod,1943-07-20T07:00:00Z,1943-07-20T08:00:00+01:00,-834771600000,,40,40,Y,,corrected-archive-csv
162860,Luleå-Kallax Flygplats,13,Rådande väder,"momentanvärde, 1 gång/tim resp 8 gånger/dygn",kod,1943-07-20T13:00:00Z,1943-07-20T14:00:00+01:00,-834750000000,,5,5,Y,,corrected-archive-csv
162860,Luleå-Kallax Flygplats,13,Rådande väder,"momentanvärde, 1 gång/tim resp 8 gånger/dygn",kod,1943-07-20T18:00:00Z,1943-07-20T19:00:00+01:00,-834732000000,,5,5,Y,,corrected-archive-csv
162860,Luleå-Kallax Flygplats,13,Rådande väder,"momentanvärde, 1 gång/tim resp 8 gånger/dygn",kod,1943-07-21T01:00:00Z,1943-07-21T02:00:00+01:00,-834706800000,,44,44,Y,,corrected-archive-csv
162860,Luleå-Kallax Flygplats,13,Rådande väder,"momentanvärde, 1 gång/tim resp 8 gånger/dygn",kod,1943-07-21T07:00:00Z,1943-07-21T08:00:00+01:00,-834685200000,,5,5,Y,,corrected-archive-csv
162860,Luleå-Kallax Flygplats,13,Rådande väder,"momentanvärde, 1 gång/tim resp 8 gånger/dygn",kod,1943-07-21T13:00:00Z,1943-07-21T14:00:00+01:00,-834663600000,,5,5,Y,,corrected-archive-csv
162860,Luleå-Kallax Flygplats,13,Rådande väder,"momentanvärde, 1 gång/tim resp 8 gånger/dygn",kod,1943-07-21T18:00:00Z,1943-07-21T19:00:00+01:00,-834645600000,,0,0,Y,,corrected-archive-csv
162860,Luleå-Kallax Flygplats,13,Rådande väder,"momentanvärde, 1 gång/tim resp 8 gånger/dygn",kod,1943-07-22T01:00:00Z,1943-07-22T02:00:00+01:00,-834620400000,,0,0,Y,,corrected-archive-csv
162860,Luleå-Kallax Flygplats,13,Rådande väder,"momentanvärde, 1 gång/tim resp 8 gånger/dygn",kod,1943-07-22T07:00:00Z,1943-07-22T08:00:00+01:00,-834598800000,,0,0,Y,,corrected-archive-csv
162860,Luleå-Kallax Flygplats,13,Rådande väder,"momentanvärde, 1 gång/tim resp 8 gånger/dygn",kod,1943-07-22T13:00:00Z,1943-07-22T14:00:00+01:00,-834577200000,,0,0,Y,,corrected-archive-csv
162860,Luleå-Kallax Flygplats,13,Rådande väder,"momentanvärde, 1 gång/tim resp 8 gånger/dygn",kod,1943-07-22T18:00:00Z,1943-07-22T19:00:00+01:00,-834559200000,,0,0,Y,,corrected-archive-csv
162860,Luleå-Kallax Flygplats,13,Rådande väder,"momentanvärde, 1 gång/tim resp 8 gånger/dygn",kod,1943-07-23T01:00:00Z,1943-07-23T02:00:00+01:00,-834534000000,,0,0,Y,,corrected-archive-csv
162860,Luleå-Kallax Flygplats,13,Rådande väder,"momentanvärde, 1 gång/tim resp 8 gånger/dygn",kod,1943-07-23T07:00:00Z,1943-07-23T08:00:00+01:00,-834512400000,,0,0,Y,,corrected-archive-csv
162860,Luleå-Kallax Flygplats,13,Rådande väder,"momentanvärde, 1 gång/tim resp 8 gånger/dygn",kod,1943-07-23T13:00:00Z,1943-07-23T14:00:00+01:00,-834490800000,,0,0,Y,,corrected-archive-csv
162860,Luleå-Kallax Flygplats,13,Rådande väder,"momentanvärde, 1 gång/tim resp 8 gånger/dygn",kod,1943-07-23T18:00:00Z,1943-07-23T19:00:00+01:00,-834472800000,,0,0,Y,,corrected-archive-csv
162860,Luleå-Kallax Flygplats,13,Rådande väder,"momentanvärde, 1 gång/tim resp 8 gånger/dygn",kod,1943-07-24T01:00:00Z,1943-07-24T02:00:00+01:00,-834447600000,,0,0,Y,,corrected-archive-csv
162860,Luleå-Kallax Flygplats,13,Rådande väder,"momentanvärde, 1 gång/tim resp 8 gånger/dygn",kod,1943-07-24T07:00:00Z,1943-07-24T08:00:00+01:00,-834426000000,,0,0,Y,,corrected-archive-csv
162860,Luleå-Kallax Flygplats,13,Rådande väder,"momentanvärde, 1 gång/tim resp 8 gånger/dygn",kod,1943-07-24T13:00:00Z,1943-07-24T14:00:00+01:00,-834404400000,,0,0,Y,,corrected-archive-csv
162860,Luleå-Kallax Flygplats,13,Rådande väder,"momentanvärde, 1 gång/tim resp 8 gånger/dygn",kod,1943-07-24T18:00:00Z,1943-07-24T19:00:00+01:00,-834386400000,,0,0,Y,,corrected-archive-csv
162860,Luleå-Kallax Flygplats,13,Rådande väder,"momentanvärde, 1 gång/tim resp 8 gånger/dygn",kod,1943-07-25T01:00:00Z,1943-07-25T02:00:00+01:00,-834361200000,,12,12,Y,,corrected-archive-csv
162860,Luleå-Kallax Flygplats,13,Rådande väder,"momentanvärde, 1 gång/tim resp 8 gånger/dygn",kod,1943-07-25T07:00:00Z,1943-07-25T08:00:00+01:00,-834339600000,,0,0,Y,,corrected-archive-csv
162860,Luleå-Kallax Flygplats,13,Rådande väder,"momentanvärde, 1 gång/tim resp 8 gånger/dygn",kod,1943-07-25T13:00:00Z,1943-07-25T14:00:00+01:00,-834318000000,,0,0,Y,,corrected-archive-csv
162860,Luleå-Kallax Flygplats,13,Rådande väder,"momentanvärde, 1 gång/tim resp 8 gånger/dygn",kod,1943-07-25T18:00:00Z,1943-07-25T19:00:00+01:00,-834300000000,,0,0,Y,,corrected-archive-csv
162860,Luleå-Kallax Flygplats,13,Rådande väder,"momentanvärde, 1 gång/tim resp 8 gånger/dygn",kod,1943-07-26T01:00:00Z,1943-07-26T02:00:00+01:00,-834274800000,,0,0,Y,,corrected-archive-csv
162860,Luleå-Kallax Flygplats,13,Rådande väder,"momentanvärde, 1 gång/tim resp 8 gånger/dygn",kod,1943-07-26T07:00:00Z,1943-07-26T08:00:00+01:00,-834253200000,,0,0,Y,,corrected-archive-csv
162860,Luleå-Kallax Flygplats,13,Rådande väder,"momentanvärde, 1 gång/tim resp 8 gånger/dygn",kod,1943-07-26T13:00:00Z,1943-07-26T14:00:00+01:00,-834231600000,,0,0,Y,,corrected-archive-csv
162860,Luleå-Kallax Flygplats,13,Rådande väder,"momentanvärde, 1 gång/tim resp 8 gånger/dygn",kod,1943-07-26T18:00:00Z,1943-07-26T19:00:00+01:00,-834213600000,,0,0,Y,,corrected-archive-csv
162860,Luleå-Kallax Flygplats,13,Rådande väder,"momentanvärde, 1 gång/tim resp 8 gånger/dygn",kod,1943-07-27T01:00:00Z,1943-07-27T02:00:00+01:00,-834188400000,,0,0,Y,,corrected-archive-csv
162860,Luleå-Kallax Flygplats,13,Rådande väder,"momentanvärde, 1 gång/tim resp 8 gånger/dygn",kod,1943-07-27T07:00:00Z,1943-07-27T08:00:00+01:00,-834166800000,,0,0,Y,,corrected-archive-csv
162860,Luleå-Kallax Flygplats,13,Rådande väder,"momentanvärde, 1 gång/tim resp 8 gånger/dygn",kod,1943-07-27T13:00:00Z,1943-07-27T14:00:00+01:00,-834145200000,,0,0,Y,,corrected-archive-csv
162860,Luleå-Kallax Flygplats,13,Rådande väder,"momentanvärde, 1 gång/tim resp 8 gånger/dygn",kod,1943-07-27T18:00:00Z,1943-07-27T19:00:00+01:00,-834127200000,,5,5,Y,,corrected-archive-csv
162860,Luleå-Kallax Flygplats,13,Rådande väder,"momentanvärde, 1 gång/tim resp 8 gånger/dygn",kod,1943-07-28T01:00:00Z,1943-07-28T02:00:00+01:00,-834102000000,,5,5,Y,,corrected-archive-csv
162860,Luleå-Kallax Flygplats,13,Rådande väder,"momentanvärde, 1 gång/tim resp 8 gånger/dygn",kod,1943-07-28T07:00:00Z,1943-07-28T08:00:00+01:00,-834080400000,,0,0,Y,,corrected-archive-csv
162860,Luleå-Kallax Flygplats,13,Rådande väder,"momentanvärde, 1 gång/tim resp 8 gånger/dygn",kod,1943-07-28T13:00:00Z,1943-07-28T14:00:00+01:00,-834058800000,,0,0,Y,,corrected-archive-csv
162860,Luleå-Kallax Flygplats,13,Rådande väder,"momentanvärde, 1 gång/tim resp 8 gånger/dygn",kod,1943-07-28T18:00:00Z,1943-07-28T19:00:00+01:00,-834040800000,,0,0,Y,,corrected-archive-csv
162860,Luleå-Kallax Flygplats,13,Rådande väder,"momentanvärde, 1 gång/tim resp 8 gånger/dygn",kod,1943-07-29T01:00:00Z,1943-07-29T02:00:00+01:00,-834015600000,,0,0,Y,,corrected-archive-csv
162860,Luleå-Kallax Flygplats,13,Rådande väder,"momentanvärde, 1 gång/tim resp 8 gånger/dygn",kod,1943-07-29T07:00:00Z,1943-07-29T08:00:00+01:00,-833994000000,,0,0,Y,,corrected-archive-csv
162860,Luleå-Kallax Flygplats,13,Rådande väder,"momentanvärde, 1 gång/tim resp 8 gånger/dygn",kod,1943-07-29T13:00:00Z,1943-07-29T14:00:00+01:00,-833972400000,,0,0,Y,,corrected-archive-csv
162860,Luleå-Kallax Flygplats,13,Rådande väder,"momentanvärde, 1 gång/tim resp 8 gånger/dygn",kod,1943-07-29T18:00:00Z,1943-07-29T19:00:00+01:00,-833954400000,,0,0,Y,,corrected-archive-csv
162860,Luleå-Kallax Flygplats,13,Rådande väder,"momentanvärde, 1 gång/tim resp 8 gånger/dygn",kod,1943-07-30T01:00:00Z,1943-07-30T02:00:00+01:00,-833929200000,,0,0,Y,,corrected-archive-csv
162860,Luleå-Kallax Flygplats,13,Rådande väder,"momentanvärde, 1 gång/tim resp 8 gånger/dygn",kod,1943-07-30T07:00:00Z,1943-07-30T08:00:00+01:00,-833907600000,,0,0,Y,,corrected-archive-csv
162860,Luleå-Kallax Flygplats,13,Rådande väder,"momentanvärde, 1 gång/tim resp 8 gånger/dygn",kod,1943-07-30T13:00:00Z,1943-07-30T14:00:00+01:00,-833886000000,,0,0,Y,,corrected-archive-csv
162860,Luleå-Kallax Flygplats,13,Rådande väder,"momentanvärde, 1 gång/tim resp 8 gånger/dygn",kod,1943-07-30T18:00:00Z,1943-07-30T19:00:00+01:00,-833868000000,,15,15,Y,,corrected-archive-csv
162860,Luleå-Kallax Flygplats,13,Rådande väder,"momentanvärde, 1 gång/tim resp 8 gånger/dygn",kod,1943-07-31T01:00:00Z,1943-07-31T02:00:00+01:00,-833842800000,,0,0,Y,,corrected-archive-csv
162860,Luleå-Kallax Flygplats,13,Rådande väder,"momentanvärde, 1 gång/tim resp 8 gånger/dygn",kod,1943-07-31T07:00:00Z,1943-07-31T08:00:00+01:00,-833821200000,,0,0,Y,,corrected-archive-csv
162860,Luleå-Kallax Flygplats,13,Rådande väder,"momentanvärde, 1 gång/tim resp 8 gånger/dygn",kod,1943-07-31T13:00:00Z,1943-07-31T14:00:00+01:00,-833799600000,,0,0,Y,,corrected-archive-csv
162860,Luleå-Kallax Flygplats,13,Rådande väder,"momentanvärde, 1 gång/tim resp 8 gånger/dygn",kod,1943-07-31T18:00:00Z,1943-07-31T19:00:00+01:00,-833781600000,,0,0,Y,,corrected-archive-csv
162860,Luleå-Kallax Flygplats,13,Rådande väder,"momentanvärde, 1 gång/tim resp 8 gånger/dygn",kod,1943-08-01T01:00:00Z,1943-08-01T02:00:00+01:00,-833756400000,,0,0,Y,,corrected-archive-csv
162860,Luleå-Kallax Flygplats,13,Rådande väder,"momentanvärde, 1 gång/tim resp 8 gånger/dygn",kod,1943-08-01T07:00:00Z,1943-08-01T08:00:00+01:00,-833734800000,,0,0,Y,,corrected-archive-csv
162860,Luleå-Kallax Flygplats,13,Rådande väder,"momentanvärde, 1 gång/tim resp 8 gånger/dygn",kod,1943-08-01T13:00:00Z,1943-08-01T14:00:00+01:00,-833713200000,,0,0,Y,,corrected-archive-csv
162860,Luleå-Kallax Flygplats,13,Rådande väder,"momentanvärde, 1 gång/tim resp 8 gånger/dygn",kod,1943-08-01T18:00:00Z,1943-08-01T19:00:00+01:00,-833695200000,,0,0,Y,,corrected-archive-csv
162860,Luleå-Kallax Flygplats,13,Rådande väder,"momentanvärde, 1 gång/tim resp 8 gånger/dygn",kod,1943-08-02T01:00:00Z,1943-08-02T02:00:00+01:00,-833670000000,,0,0,Y,,corrected-archive-csv
162860,Luleå-Kallax Flygplats,13,Rådande väder,"momentanvärde, 1 gång/tim resp 8 gånger/dygn",kod,1943-08-02T07:00:00Z,1943-08-02T08:00:00+01:00,-833648400000,,0,0,Y,,corrected-archive-csv
162860,Luleå-Kallax Flygplats,13,Rådande väder,"momentanvärde, 1 gång/tim resp 8 gånger/dygn",kod,1943-08-02T13:00:00Z,1943-08-02T14:00:00+01:00,-833626800000,,0,0,Y,,corrected-archive-csv
162860,Luleå-Kallax Flygplats,13,Rådande väder,"momentanvärde, 1 gång/tim resp 8 gånger/dygn",kod,1943-08-02T18:00:00Z,1943-08-02T19:00:00+01:00,-833608800000,,60,60,Y,,corrected-archive-csv
162860,Luleå-Kallax Flygplats,13,Rådande väder,"momentanvärde, 1 gång/tim resp 8 gånger/dygn",kod,1943-08-03T01:00:00Z,1943-08-03T02:00:00+01:00,-833583600000,,15,15,Y,,corrected-archive-csv
162860,Luleå-Kallax Flygplats,13,Rådande väder,"momentanvärde, 1 gång/tim resp 8 gånger/dygn",kod,1943-08-03T07:00:00Z,1943-08-03T08:00:00+01:00,-833562000000,,0,0,Y,,corrected-archive-csv
162860,Luleå-Kallax Flygplats,13,Rådande väder,"momentanvärde, 1 gång/tim resp 8 gånger/dygn",kod,1943-08-03T13:00:00Z,1943-08-03T14:00:00+01:00,-833540400000,,0,0,Y,,corrected-archive-csv
162860,Luleå-Kallax Flygplats,13,Rådande väder,"momentanvärde, 1 gång/tim resp 8 gånger/dygn",kod,1943-08-03T18:00:00Z,1943-08-03T19:00:00+01:00,-833522400000,,62,62,Y,,corrected-archive-csv
162860,Luleå-Kallax Flygplats,13,Rådande väder,"momentanvärde, 1 gång/tim resp 8 gånger/dygn",kod,1943-08-04T01:00:00Z,1943-08-04T02:00:00+01:00,-833497200000,,0,0,Y,,corrected-archive-csv
162860,Luleå-Kallax Flygplats,13,Rådande väder,"momentanvärde, 1 gång/tim resp 8 gånger/dygn",kod,1943-08-04T07:00:00Z,1943-08-04T08:00:00+01:00,-833475600000,,0,0,Y,,corrected-archive-csv
162860,Luleå-Kallax Flygplats,13,Rådande väder,"momentanvärde, 1 gång/tim resp 8 gånger/dygn",kod,1943-08-04T13:00:00Z,1943-08-04T14:00:00+01:00,-833454000000,,0,0,Y,,corrected-archive-csv
162860,Luleå-Kallax Flygplats,13,Rådande väder,"momentanvärde, 1 gång/tim resp 8 gånger/dygn",kod,1943-08-04T18:00:00Z,1943-08-04T19:00:00+01:00,-833436000000,,0,0,Y,,corrected-archive-csv
162860,Luleå-Kallax Flygplats,13,Rådande väder,"momentanvärde, 1 gång/tim resp 8 gånger/dygn",kod,1943-08-05T01:00:00Z,1943-08-05T02:00:00+01:00,-833410800000,,0,0,Y,,corrected-archive-csv
162860,Luleå-Kallax Flygplats,13,Rådande väder,"momentanvärde, 1 gång/tim resp 8 gånger/dygn",kod,1943-08-05T07:00:00Z,1943-08-05T08:00:00+01:00,-833389200000,,0,0,Y,,corrected-archive-csv
162860,Luleå-Kallax Flygplats,13,Rådande väder,"momentanvärde, 1 gång/tim resp 8 gånger/dygn",kod,1943-08-05T13:00:00Z,1943-08-05T14:00:00+01:00,-833367600000,,0,0,Y,,corrected-archive-csv
162860,Luleå-Kallax Flygplats,13,Rådande väder,"momentanvärde, 1 gång/tim resp 8 gånger/dygn",kod,1943-08-05T18:00:00Z,1943-08-05T19:00:00+01:00,-833349600000,,0,0,Y,,corrected-archive-csv
162860,Luleå-Kallax Flygplats,13,Rådande väder,"momentanvärde, 1 gång/tim resp 8 gånger/dygn",kod,1943-08-06T01:00:00Z,1943-08-06T02:00:00+01:00,-833324400000,,0,0,Y,,corrected-archive-csv
162860,Luleå-Kallax Flygplats,13,Rådande väder,"momentanvärde, 1 gång/tim resp 8 gånger/dygn",kod,1943-08-06T07:00:00Z,1943-08-06T08:00:00+01:00,-833302800000,,0,0,Y,,corrected-archive-csv
162860,Luleå-Kallax Flygplats,13,Rådande väder,"momentanvärde, 1 gång/tim resp 8 gånger/dygn",kod,1943-08-06T13:00:00Z,1943-08-06T14:00:00+01:00,-833281200000,,0,0,Y,,corrected-archive-csv
162860,Luleå-Kallax Flygplats,13,Rådande väder,"momentanvärde, 1 gång/tim resp 8 gånger/dygn",kod,1943-08-06T18:00:00Z,1943-08-06T19:00:00+01:00,-833263200000,,0,0,Y,,corrected-archive-csv
162860,Luleå-Kallax Flygplats,13,Rådande väder,"momentanvärde, 1 gång/tim resp 8 gånger/dygn",kod,1943-08-07T01:00:00Z,1943-08-07T02:00:00+01:00,-833238000000,,0,0,Y,,corrected-archive-csv
162860,Luleå-Kallax Flygplats,13,Rådande väder,"momentanvärde, 1 gång/tim resp 8 gånger/dygn",kod,1943-08-07T07:00:00Z,1943-08-07T08:00:00+01:00,-833216400000,,0,0,Y,,corrected-archive-csv
162860,Luleå-Kallax Flygplats,13,Rådande väder,"momentanvärde, 1 gång/tim resp 8 gånger/dygn",kod,1943-08-07T13:00:00Z,1943-08-07T14:00:00+01:00,-833194800000,,0,0,Y,,corrected-archive-csv
162860,Luleå-Kallax Flygplats,13,Rådande väder,"momentanvärde, 1 gång/tim resp 8 gånger/dygn",kod,1943-08-07T18:00:00Z,1943-08-07T19:00:00+01:00,-833176800000,,0,0,Y,,corrected-archive-csv
162860,Luleå-Kallax Flygplats,13,Rådande väder,"momentanvärde, 1 gång/tim resp 8 gånger/dygn",kod,1943-08-08T01:00:00Z,1943-08-08T02:00:00+01:00,-833151600000,,0,0,Y,,corrected-archive-csv
162860,Luleå-Kallax Flygplats,13,Rådande väder,"momentanvärde, 1 gång/tim resp 8 gånger/dygn",kod,1943-08-08T07:00:00Z,1943-08-08T08:00:00+01:00,-833130000000,,0,0,Y,,corrected-archive-csv
162860,Luleå-Kallax Flygplats,13,Rådande väder,"momentanvärde, 1 gång/tim resp 8 gånger/dygn",kod,1943-08-08T13:00:00Z,1943-08-08T14:00:00+01:00,-833108400000,,0,0,Y,,corrected-archive-csv
162860,Luleå-Kallax Flygplats,13,Rådande väder,"momentanvärde, 1 gång/tim resp 8 gånger/dygn",kod,1943-08-08T18:00:00Z,1943-08-08T19:00:00+01:00,-833090400000,,0,0,Y,,corrected-archive-csv
162860,Luleå-Kallax Flygplats,13,Rådande väder,"momentanvärde, 1 gång/tim resp 8 gånger/dygn",kod,1943-08-09T01:00:00Z,1943-08-09T02:00:00+01:00,-833065200000,,61,61,Y,,corrected-archive-csv
162860,Luleå-Kallax Flygplats,13,Rådande väder,"momentanvärde, 1 gång/tim resp 8 gånger/dygn",kod,1943-08-09T07:00:00Z,1943-08-09T08:00:00+01:00,-833043600000,,63,63,Y,,corrected-archive-csv
162860,Luleå-Kallax Flygplats,13,Rådande väder,"momentanvärde, 1 gång/tim resp 8 gånger/dygn",kod,1943-08-09T13:00:00Z,1943-08-09T14:00:00+01:00,-833022000000,,51,51,Y,,corrected-archive-csv
162860,Luleå-Kallax Flygplats,13,Rådande väder,"momentanvärde, 1 gång/tim resp 8 gånger/dygn",kod,1943-08-09T18:00:00Z,1943-08-09T19:00:00+01:00,-833004000000,,0,0,Y,,corrected-archive-csv
162860,Luleå-Kallax Flygplats,13,Rådande väder,"momentanvärde, 1 gång/tim resp 8 gånger/dygn",kod,1943-08-10T01:00:00Z,1943-08-10T02:00:00+01:00,-832978800000,,0,0,Y,,corrected-archive-csv
162860,Luleå-Kallax Flygplats,13,Rådande väder,"momentanvärde, 1 gång/tim resp 8 gånger/dygn",kod,1943-08-10T07:00:00Z,1943-08-10T08:00:00+01:00,-832957200000,,0,0,Y,,corrected-archive-csv
162860,Luleå-Kallax Flygplats,13,Rådande väder,"momentanvärde, 1 gång/tim resp 8 gånger/dygn",kod,1943-08-10T13:00:00Z,1943-08-10T14:00:00+01:00,-832935600000,,0,0,Y,,corrected-archive-csv
162860,Luleå-Kallax Flygplats,13,Rådande väder,"momentanvärde, 1 gång/tim resp 8 gånger/dygn",kod,1943-08-10T18:00:00Z,1943-08-10T19:00:00+01:00,-832917600000,,0,0,Y,,corrected-archive-csv
162860,Luleå-Kallax Flygplats,13,Rådande väder,"momentanvärde, 1 gång/tim resp 8 gånger/dygn",kod,1943-08-11T01:00:00Z,1943-08-11T02:00:00+01:00,-832892400000,,0,0,Y,,corrected-archive-csv
162860,Luleå-Kallax Flygplats,13,Rådande väder,"momentanvärde, 1 gång/tim resp 8 gånger/dygn",kod,1943-08-11T07:00:00Z,1943-08-11T08:00:00+01:00,-832870800000,,63,63,Y,,corrected-archive-csv
162860,Luleå-Kallax Flygplats,13,Rådande väder,"momentanvärde, 1 gång/tim resp 8 gånger/dygn",kod,1943-08-11T13:00:00Z,1943-08-11T14:00:00+01:00,-832849200000,,50,50,Y,,corrected-archive-csv
162860,Luleå-Kallax Flygplats,13,Rådande väder,"momentanvärde, 1 gång/tim resp 8 gånger/dygn",kod,1943-08-11T18:00:00Z,1943-08-11T19:00:00+01:00,-832831200000,,61,61,Y,,corrected-archive-csv
162860,Luleå-Kallax Flygplats,13,Rådande väder,"momentanvärde, 1 gång/tim resp 8 gånger/dygn",kod,1943-08-12T01:00:00Z,1943-08-12T02:00:00+01:00,-832806000000,,60,60,Y,,corrected-archive-csv
162860,Luleå-Kallax Flygplats,13,Rådande väder,"momentanvärde, 1 gång/tim resp 8 gånger/dygn",kod,1943-08-12T07:00:00Z,1943-08-12T08:00:00+01:00,-832784400000,,0,0,Y,,corrected-archive-csv
162860,Luleå-Kallax Flygplats,13,Rådande väder,"momentanvärde, 1 gång/tim resp 8 gånger/dygn",kod,1943-08-12T13:00:00Z,1943-08-12T14:00:00+01:00,-832762800000,,0,0,Y,,corrected-archive-csv
162860,Luleå-Kallax Flygplats,13,Rådande väder,"momentanvärde, 1 gång/tim resp 8 gånger/dygn",kod,1943-08-12T18:00:00Z,1943-08-12T19:00:00+01:00,-832744800000,,0,0,Y,,corrected-archive-csv
162860,Luleå-Kallax Flygplats,13,Rådande väder,"momentanvärde, 1 gång/tim resp 8 gånger/dygn",kod,1943-08-13T01:00:00Z,1943-08-13T02:00:00+01:00,-832719600000,,0,0,Y,,corrected-archive-csv
162860,Luleå-Kallax Flygplats,13,Rådande väder,"momentanvärde, 1 gång/tim resp 8 gånger/dygn",kod,1943-08-13T07:00:00Z,1943-08-13T08:00:00+01:00,-832698000000,,40,40,Y,,corrected-archive-csv
162860,Luleå-Kallax Flygplats,13,Rådande väder,"momentanvärde, 1 gång/tim resp 8 gånger/dygn",kod,1943-08-13T13:00:00Z,1943-08-13T14:00:00+01:00,-832676400000,,50,50,Y,,corrected-archive-csv
162860,Luleå-Kallax Flygplats,13,Rådande väder,"momentanvärde, 1 gång/tim resp 8 gånger/dygn",kod,1943-08-13T18:00:00Z,1943-08-13T19:00:00+01:00,-832658400000,,0,0,Y,,corrected-archive-csv
162860,Luleå-Kallax Flygplats,13,Rådande väder,"momentanvärde, 1 gång/tim resp 8 gånger/dygn",kod,1943-08-14T01:00:00Z,1943-08-14T02:00:00+01:00,-832633200000,,0,0,Y,,corrected-archive-csv
162860,Luleå-Kallax Flygplats,13,Rådande väder,"momentanvärde, 1 gång/tim resp 8 gånger/dygn",kod,1943-08-14T07:00:00Z,1943-08-14T08:00:00+01:00,-832611600000,,63,63,Y,,corrected-archive-csv
162860,Luleå-Kallax Flygplats,13,Rådande väder,"momentanvärde, 1 gång/tim resp 8 gånger/dygn",kod,1943-08-14T13:00:00Z,1943-08-14T14:00:00+01:00,-832590000000,,0,0,Y,,corrected-archive-csv
162860,Luleå-Kallax Flygplats,13,Rådande väder,"momentanvärde, 1 gång/tim resp 8 gånger/dygn",kod,1943-08-14T18:00:00Z,1943-08-14T19:00:00+01:00,-832572000000,,25,25,Y,,corrected-archive-csv
162860,Luleå-Kallax Flygplats,13,Rådande väder,"momentanvärde, 1 gång/tim resp 8 gånger/dygn",kod,1943-08-15T01:00:00Z,1943-08-15T02:00:00+01:00,-832546800000,,0,0,Y,,corrected-archive-csv
162860,Luleå-Kallax Flygplats,13,Rådande väder,"momentanvärde, 1 gång/tim resp 8 gånger/dygn",kod,1943-08-15T07:00:00Z,1943-08-15T08:00:00+01:00,-832525200000,,0,0,Y,,corrected-archive-csv
162860,Luleå-Kallax Flygplats,13,Rådande väder,"momentanvärde, 1 gång/tim resp 8 gånger/dygn",kod,1943-08-15T13:00:00Z,1943-08-15T14:00:00+01:00,-832503600000,,60,60,Y,,corrected-archive-csv
162860,Luleå-Kallax Flygplats,13,Rådande väder,"momentanvärde, 1 gång/tim resp 8 gånger/dygn",kod,1943-08-15T18:00:00Z,1943-08-15T19:00:00+01:00,-832485600000,,60,60,Y,,corrected-archive-csv
162860,Luleå-Kallax Flygplats,13,Rådande väder,"momentanvärde, 1 gång/tim resp 8 gånger/dygn",kod,1943-08-16T01:00:00Z,1943-08-16T02:00:00+01:00,-832460400000,,60,60,Y,,corrected-archive-csv
162860,Luleå-Kallax Flygplats,13,Rådande väder,"momentanvärde, 1 gång/tim resp 8 gånger/dygn",kod,1943-08-16T07:00:00Z,1943-08-16T08:00:00+01:00,-832438800000,,61,61,Y,,corrected-archive-csv
162860,Luleå-Kallax Flygplats,13,Rådande väder,"momentanvärde, 1 gång/tim resp 8 gånger/dygn",kod,1943-08-16T13:00:00Z,1943-08-16T14:00:00+01:00,-832417200000,,0,0,Y,,corrected-archive-csv
162860,Luleå-Kallax Flygplats,13,Rådande väder,"momentanvärde, 1 gång/tim resp 8 gånger/dygn",kod,1943-08-16T18:00:00Z,1943-08-16T19:00:00+01:00,-832399200000,,50,50,Y,,corrected-archive-csv
162860,Luleå-Kallax Flygplats,13,Rådande väder,"momentanvärde, 1 gång/tim resp 8 gånger/dygn",kod,1943-08-17T01:00:00Z,1943-08-17T02:00:00+01:00,-832374000000,,0,0,Y,,corrected-archive-csv
162860,Luleå-Kallax Flygplats,13,Rådande väder,"momentanvärde, 1 gång/tim resp 8 gånger/dygn",kod,1943-08-17T07:00:00Z,1943-08-17T08:00:00+01:00,-832352400000,,0,0,Y,,corrected-archive-csv
162860,Luleå-Kallax Flygplats,13,Rådande väder,"momentanvärde, 1 gång/tim resp 8 gånger/dygn",kod,1943-08-17T13:00:00Z,1943-08-17T14:00:00+01:00,-832330800000,,0,0,Y,,corrected-archive-csv
162860,Luleå-Kallax Flygplats,13,Rådande väder,"momentanvärde, 1 gång/tim resp 8 gånger/dygn",kod,1943-08-17T18:00:00Z,1943-08-17T19:00:00+01:00,-832312800000,,0,0,Y,,corrected-archive-csv
162860,Luleå-Kallax Flygplats,13,Rådande väder,"momentanvärde, 1 gång/tim resp 8 gånger/dygn",kod,1943-08-18T01:00:00Z,1943-08-18T02:00:00+01:00,-832287600000,,0,0,Y,,corrected-archive-csv
162860,Luleå-Kallax Flygplats,13,Rådande väder,"momentanvärde, 1 gång/tim resp 8 gånger/dygn",kod,1943-08-18T07:00:00Z,1943-08-18T08:00:00+01:00,-832266000000,,0,0,Y,,corrected-archive-csv
162860,Luleå-Kallax Flygplats,13,Rådande väder,"momentanvärde, 1 gång/tim resp 8 gånger/dygn",kod,1943-08-18T13:00:00Z,1943-08-18T14:00:00+01:00,-832244400000,,0,0,Y,,corrected-archive-csv
162860,Luleå-Kallax Flygplats,13,Rådande väder,"momentanvärde, 1 gång/tim resp 8 gånger/dygn",kod,1943-08-18T18:00:00Z,1943-08-18T19:00:00+01:00,-832226400000,,0,0,Y,,corrected-archive-csv
162860,Luleå-Kallax Flygplats,13,Rådande väder,"momentanvärde, 1 gång/tim resp 8 gånger/dygn",kod,1943-08-19T01:00:00Z,1943-08-19T02:00:00+01:00,-832201200000,,0,0,Y,,corrected-archive-csv
162860,Luleå-Kallax Flygplats,13,Rådande väder,"momentanvärde, 1 gång/tim resp 8 gånger/dygn",kod,1943-08-19T07:00:00Z,1943-08-19T08:00:00+01:00,-832179600000,,0,0,Y,,corrected-archive-csv
162860,Luleå-Kallax Flygplats,13,Rådande väder,"momentanvärde, 1 gång/tim resp 8 gånger/dygn",kod,1943-08-19T13:00:00Z,1943-08-19T14:00:00+01:00,-832158000000,,0,0,Y,,corrected-archive-csv
162860,Luleå-Kallax Flygplats,13,Rådande väder,"momentanvärde, 1 gång/tim resp 8 gånger/dygn",kod,1943-08-19T18:00:00Z,1943-08-19T19:00:00+01:00,-832140000000,,15,15,Y,,corrected-archive-csv
162860,Luleå-Kallax Flygplats,13,Rådande väder,"momentanvärde, 1 gång/tim resp 8 gånger/dygn",kod,1943-08-20T01:00:00Z,1943-08-20T02:00:00+01:00,-832114800000,,0,0,Y,,corrected-archive-csv
162860,Luleå-Kallax Flygplats,13,Rådande väder,"momentanvärde, 1 gång/tim resp 8 gånger/dygn",kod,1943-08-20T07:00:00Z,1943-08-20T08:00:00+01:00,-832093200000,,0,0,Y,,corrected-archive-csv
162860,Luleå-Kallax Flygplats,13,Rådande väder,"momentanvärde, 1 gång/tim resp 8 gånger/dygn",kod,1943-08-20T13:00:00Z,1943-08-20T14:00:00+01:00,-832071600000,,0,0,Y,,corrected-archive-csv
162860,Luleå-Kallax Flygplats,13,Rådande väder,"momentanvärde, 1 gång/tim resp 8 gånger/dygn",kod,1943-08-20T18:00:00Z,1943-08-20T19:00:00+01:00,-832053600000,,0,0,Y,,corrected-archive-csv
162860,Luleå-Kallax Flygplats,13,Rådande väder,"momentanvärde, 1 gång/tim resp 8 gånger/dygn",kod,1943-08-21T01:00:00Z,1943-08-21T02:00:00+01:00,-832028400000,,0,0,Y,,corrected-archive-csv
162860,Luleå-Kallax Flygplats,13,Rådande väder,"momentanvärde, 1 gång/tim resp 8 gånger/dygn",kod,1943-08-21T07:00:00Z,1943-08-21T08:00:00+01:00,-832006800000,,0,0,Y,,corrected-archive-csv
162860,Luleå-Kallax Flygplats,13,Rådande väder,"momentanvärde, 1 gång/tim resp 8 gånger/dygn",kod,1943-08-21T13:00:00Z,1943-08-21T14:00:00+01:00,-831985200000,,0,0,Y,,corrected-archive-csv
162860,Luleå-Kallax Flygplats,13,Rådande väder,"momentanvärde, 1 gång/tim resp 8 gånger/dygn",kod,1943-08-21T18:00:00Z,1943-08-21T19:00:00+01:00,-831967200000,,0,0,Y,,corrected-archive-csv
162860,Luleå-Kallax Flygplats,13,Rådande väder,"momentanvärde, 1 gång/tim resp 8 gånger/dygn",kod,1943-08-22T01:00:00Z,1943-08-22T02:00:00+01:00,-831942000000,,12,12,Y,,corrected-archive-csv
162860,Luleå-Kallax Flygplats,13,Rådande väder,"momentanvärde, 1 gång/tim resp 8 gånger/dygn",kod,1943-08-22T07:00:00Z,1943-08-22T08:00:00+01:00,-831920400000,,0,0,Y,,corrected-archive-csv
162860,Luleå-Kallax Flygplats,13,Rådande väder,"momentanvärde, 1 gång/tim resp 8 gånger/dygn",kod,1943-08-22T13:00:00Z,1943-08-22T14:00:00+01:00,-831898800000,,61,61,Y,,corrected-archive-csv
162860,Luleå-Kallax Flygplats,13,Rådande väder,"momentanvärde, 1 gång/tim resp 8 gånger/dygn",kod,1943-08-22T18:00:00Z,1943-08-22T19:00:00+01:00,-831880800000,,0,0,Y,,corrected-archive-csv
162860,Luleå-Kallax Flygplats,13,Rådande väder,"momentanvärde, 1 gång/tim resp 8 gånger/dygn",kod,1943-08-23T01:00:00Z,1943-08-23T02:00:00+01:00,-831855600000,,61,61,Y,,corrected-archive-csv
162860,Luleå-Kallax Flygplats,13,Rådande väder,"momentanvärde, 1 gång/tim resp 8 gånger/dygn",kod,1943-08-23T07:00:00Z,1943-08-23T08:00:00+01:00,-831834000000,,0,0,Y,,corrected-archive-csv
162860,Luleå-Kallax Flygplats,13,Rådande väder,"momentanvärde, 1 gång/tim resp 8 gånger/dygn",kod,1943-08-23T13:00:00Z,1943-08-23T14:00:00+01:00,-831812400000,,0,0,Y,,corrected-archive-csv
162860,Luleå-Kallax Flygplats,13,Rådande väder,"momentanvärde, 1 gång/tim resp 8 gånger/dygn",kod,1943-08-23T18:00:00Z,1943-08-23T19:00:00+01:00,-831794400000,,0,0,Y,,corrected-archive-csv
162860,Luleå-Kallax Flygplats,13,Rådande väder,"momentanvärde, 1 gång/tim resp 8 gånger/dygn",kod,1943-08-24T01:00:00Z,1943-08-24T02:00:00+01:00,-831769200000,,0,0,Y,,corrected-archive-csv
162860,Luleå-Kallax Flygplats,13,Rådande väder,"momentanvärde, 1 gång/tim resp 8 gånger/dygn",kod,1943-08-24T07:00:00Z,1943-08-24T08:00:00+01:00,-831747600000,,0,0,Y,,corrected-archive-csv
162860,Luleå-Kallax Flygplats,13,Rådande väder,"momentanvärde, 1 gång/tim resp 8 gånger/dygn",kod,1943-08-24T13:00:00Z,1943-08-24T14:00:00+01:00,-831726000000,,0,0,Y,,corrected-archive-csv
162860,Luleå-Kallax Flygplats,13,Rådande väder,"momentanvärde, 1 gång/tim resp 8 gånger/dygn",kod,1943-08-24T18:00:00Z,1943-08-24T19:00:00+01:00,-831708000000,,0,0,Y,,corrected-archive-csv
162860,Luleå-Kallax Flygplats,13,Rådande väder,"momentanvärde, 1 gång/tim resp 8 gånger/dygn",kod,1943-08-25T01:00:00Z,1943-08-25T02:00:00+01:00,-831682800000,,0,0,Y,,corrected-archive-csv
162860,Luleå-Kallax Flygplats,13,Rådande väder,"momentanvärde, 1 gång/tim resp 8 gånger/dygn",kod,1943-08-25T07:00:00Z,1943-08-25T08:00:00+01:00,-831661200000,,0,0,Y,,corrected-archive-csv
162860,Luleå-Kallax Flygplats,13,Rådande väder,"momentanvärde, 1 gång/tim resp 8 gånger/dygn",kod,1943-08-25T13:00:00Z,1943-08-25T14:00:00+01:00,-831639600000,,0,0,Y,,corrected-archive-csv
162860,Luleå-Kallax Flygplats,13,Rådande väder,"momentanvärde, 1 gång/tim resp 8 gånger/dygn",kod,1943-08-25T18:00:00Z,1943-08-25T19:00:00+01:00,-831621600000,,0,0,Y,,corrected-archive-csv
162860,Luleå-Kallax Flygplats,13,Rådande väder,"momentanvärde, 1 gång/tim resp 8 gånger/dygn",kod,1943-08-26T01:00:00Z,1943-08-26T02:00:00+01:00,-831596400000,,0,0,Y,,corrected-archive-csv
162860,Luleå-Kallax Flygplats,13,Rådande väder,"momentanvärde, 1 gång/tim resp 8 gånger/dygn",kod,1943-08-26T07:00:00Z,1943-08-26T08:00:00+01:00,-831574800000,,0,0,Y,,corrected-archive-csv
162860,Luleå-Kallax Flygplats,13,Rådande väder,"momentanvärde, 1 gång/tim resp 8 gånger/dygn",kod,1943-08-26T13:00:00Z,1943-08-26T14:00:00+01:00,-831553200000,,0,0,Y,,corrected-archive-csv
162860,Luleå-Kallax Flygplats,13,Rådande väder,"momentanvärde, 1 gång/tim resp 8 gånger/dygn",kod,1943-08-26T18:00:00Z,1943-08-26T19:00:00+01:00,-831535200000,,0,0,Y,,corrected-archive-csv
162860,Luleå-Kallax Flygplats,13,Rådande väder,"momentanvärde, 1 gång/tim resp 8 gånger/dygn",kod,1943-08-27T01:00:00Z,1943-08-27T02:00:00+01:00,-831510000000,,12,12,Y,,corrected-archive-csv
162860,Luleå-Kallax Flygplats,13,Rådande väder,"momentanvärde, 1 gång/tim resp 8 gånger/dygn",kod,1943-08-27T07:00:00Z,1943-08-27T08:00:00+01:00,-831488400000,,50,50,Y,,corrected-archive-csv
162860,Luleå-Kallax Flygplats,13,Rådande väder,"momentanvärde, 1 gång/tim resp 8 gånger/dygn",kod,1943-08-27T13:00:00Z,1943-08-27T14:00:00+01:00,-831466800000,,40,40,Y,,corrected-archive-csv
162860,Luleå-Kallax Flygplats,13,Rådande väder,"momentanvärde, 1 gång/tim resp 8 gånger/dygn",kod,1943-08-27T18:00:00Z,1943-08-27T19:00:00+01:00,-831448800000,,40,40,Y,,corrected-archive-csv
162860,Luleå-Kallax Flygplats,13,Rådande väder,"momentanvärde, 1 gång/tim resp 8 gånger/dygn",kod,1943-08-28T01:00:00Z,1943-08-28T02:00:00+01:00,-831423600000,,40,40,Y,,corrected-archive-csv
162860,Luleå-Kallax Flygplats,13,Rådande väder,"momentanvärde, 1 gång/tim resp 8 gånger/dygn",kod,1943-08-28T07:00:00Z,1943-08-28T08:00:00+01:00,-831402000000,,60,60,Y,,corrected-archive-csv
162860,Luleå-Kallax Flygplats,13,Rådande väder,"momentanvärde, 1 gång/tim resp 8 gånger/dygn",kod,1943-08-28T13:00:00Z,1943-08-28T14:00:00+01:00,-831380400000,,63,63,Y,,corrected-archive-csv
162860,Luleå-Kallax Flygplats,13,Rådande väder,"momentanvärde, 1 gång/tim resp 8 gånger/dygn",kod,1943-08-28T18:00:00Z,1943-08-28T19:00:00+01:00,-831362400000,,15,15,Y,,corrected-archive-csv
162860,Luleå-Kallax Flygplats,13,Rådande väder,"momentanvärde, 1 gång/tim resp 8 gånger/dygn",kod,1943-08-29T01:00:00Z,1943-08-29T02:00:00+01:00,-831337200000,,0,0,Y,,corrected-archive-csv
162860,Luleå-Kallax Flygplats,13,Rådande väder,"momentanvärde, 1 gång/tim resp 8 gånger/dygn",kod,1943-08-29T07:00:00Z,1943-08-29T08:00:00+01:00,-831315600000,,0,0,Y,,corrected-archive-csv
162860,Luleå-Kallax Flygplats,13,Rådande väder,"momentanvärde, 1 gång/tim resp 8 gånger/dygn",kod,1943-08-29T13:00:00Z,1943-08-29T14:00:00+01:00,-831294000000,,0,0,Y,,corrected-archive-csv
162860,Luleå-Kallax Flygplats,13,Rådande väder,"momentanvärde, 1 gång/tim resp 8 gånger/dygn",kod,1943-08-29T18:00:00Z,1943-08-29T19:00:00+01:00,-831276000000,,0,0,Y,,corrected-archive-csv
162860,Luleå-Kallax Flygplats,13,Rådande väder,"momentanvärde, 1 gång/tim resp 8 gånger/dygn",kod,1943-08-30T01:00:00Z,1943-08-30T02:00:00+01:00,-831250800000,,0,0,Y,,corrected-archive-csv
162860,Luleå-Kallax Flygplats,13,Rådande väder,"momentanvärde, 1 gång/tim resp 8 gånger/dygn",kod,1943-08-30T07:00:00Z,1943-08-30T08:00:00+01:00,-831229200000,,0,0,Y,,corrected-archive-csv
162860,Luleå-Kallax Flygplats,13,Rådande väder,"momentanvärde, 1 gång/tim resp 8 gånger/dygn",kod,1943-08-30T13:00:00Z,1943-08-30T14:00:00+01:00,-831207600000,,0,0,Y,,corrected-archive-csv
162860,Luleå-Kallax Flygplats,13,Rådande väder,"momentanvärde, 1 gång/tim resp 8 gånger/dygn",kod,1943-08-30T18:00:00Z,1943-08-30T19:00:00+01:00,-831189600000,,0,0,Y,,corrected-archive-csv
162860,Luleå-Kallax Flygplats,13,Rådande väder,"momentanvärde, 1 gång/tim resp 8 gånger/dygn",kod,1943-08-31T01:00:00Z,1943-08-31T02:00:00+01:00,-831164400000,,0,0,Y,,corrected-archive-csv
162860,Luleå-Kallax Flygplats,13,Rådande väder,"momentanvärde, 1 gång/tim resp 8 gånger/dygn",kod,1943-08-31T07:00:00Z,1943-08-31T08:00:00+01:00,-831142800000,,0,0,Y,,corrected-archive-csv
162860,Luleå-Kallax Flygplats,13,Rådande väder,"momentanvärde, 1 gång/tim resp 8 gånger/dygn",kod,1943-08-31T13:00:00Z,1943-08-31T14:00:00+01:00,-831121200000,,0,0,Y,,corrected-archive-csv
162860,Luleå-Kallax Flygplats,13,Rådande väder,"momentanvärde, 1 gång/tim resp 8 gånger/dygn",kod,1943-08-31T18:00:00Z,1943-08-31T19:00:00+01:00,-831103200000,,0,0,Y,,corrected-archive-csv
162860,Luleå-Kallax Flygplats,13,Rådande väder,"momentanvärde, 1 gång/tim resp 8 gånger/dygn",kod,1943-09-01T01:00:00Z,1943-09-01T02:00:00+01:00,-831078000000,,0,0,Y,,corrected-archive-csv
162860,Luleå-Kallax Flygplats,13,Rådande väder,"momentanvärde, 1 gång/tim resp 8 gånger/dygn",kod,1943-09-01T07:00:00Z,1943-09-01T08:00:00+01:00,-831056400000,,0,0,Y,,corrected-archive-csv
162860,Luleå-Kallax Flygplats,13,Rådande väder,"momentanvärde, 1 gång/tim resp 8 gånger/dygn",kod,1943-09-01T13:00:00Z,1943-09-01T14:00:00+01:00,-831034800000,,0,0,Y,,corrected-archive-csv
162860,Luleå-Kallax Flygplats,13,Rådande väder,"momentanvärde, 1 gång/tim resp 8 gånger/dygn",kod,1943-09-01T18:00:00Z,1943-09-01T19:00:00+01:00,-831016800000,,0,0,Y,,corrected-archive-csv
162860,Luleå-Kallax Flygplats,13,Rådande väder,"momentanvärde, 1 gång/tim resp 8 gånger/dygn",kod,1943-09-02T01:00:00Z,1943-09-02T02:00:00+01:00,-830991600000,,0,0,Y,,corrected-archive-csv
162860,Luleå-Kallax Flygplats,13,Rådande väder,"momentanvärde, 1 gång/tim resp 8 gånger/dygn",kod,1943-09-02T07:00:00Z,1943-09-02T08:00:00+01:00,-830970000000,,0,0,Y,,corrected-archive-csv
162860,Luleå-Kallax Flygplats,13,Rådande väder,"momentanvärde, 1 gång/tim resp 8 gånger/dygn",kod,1943-09-02T13:00:00Z,1943-09-02T14:00:00+01:00,-830948400000,,0,0,Y,,corrected-archive-csv
162860,Luleå-Kallax Flygplats,13,Rådande väder,"momentanvärde, 1 gång/tim resp 8 gånger/dygn",kod,1943-09-02T18:00:00Z,1943-09-02T19:00:00+01:00,-830930400000,,0,0,Y,,corrected-archive-csv
162860,Luleå-Kallax Flygplats,13,Rådande väder,"momentanvärde, 1 gång/tim resp 8 gånger/dygn",kod,1943-09-03T01:00:00Z,1943-09-03T02:00:00+01:00,-830905200000,,12,12,Y,,corrected-archive-csv
162860,Luleå-Kallax Flygplats,13,Rådande väder,"momentanvärde, 1 gång/tim resp 8 gånger/dygn",kod,1943-09-03T07:00:00Z,1943-09-03T08:00:00+01:00,-830883600000,,0,0,Y,,corrected-archive-csv
162860,Luleå-Kallax Flygplats,13,Rådande väder,"momentanvärde, 1 gång/tim resp 8 gånger/dygn",kod,1943-09-03T13:00:00Z,1943-09-03T14:00:00+01:00,-830862000000,,0,0,Y,,corrected-archive-csv
162860,Luleå-Kallax Flygplats,13,Rådande väder,"momentanvärde, 1 gång/tim resp 8 gånger/dygn",kod,1943-09-03T18:00:00Z,1943-09-03T19:00:00+01:00,-830844000000,,0,0,Y,,corrected-archive-csv
162860,Luleå-Kallax Flygplats,13,Rådande väder,"momentanvärde, 1 gång/tim resp 8 gånger/dygn",kod,1943-09-04T01:00:00Z,1943-09-04T02:00:00+01:00,-830818800000,,0,0,Y,,corrected-archive-csv
162860,Luleå-Kallax Flygplats,13,Rådande väder,"momentanvärde, 1 gång/tim resp 8 gånger/dygn",kod,1943-09-04T07:00:00Z,1943-09-04T08:00:00+01:00,-830797200000,,40,40,Y,,corrected-archive-csv
162860,Luleå-Kallax Flygplats,13,Rådande väder,"momentanvärde, 1 gång/tim resp 8 gånger/dygn",kod,1943-09-04T13:00:00Z,1943-09-04T14:00:00+01:00,-830775600000,,0,0,Y,,corrected-archive-csv
162860,Luleå-Kallax Flygplats,13,Rådande väder,"momentanvärde, 1 gång/tim resp 8 gånger/dygn",kod,1943-09-04T18:00:00Z,1943-09-04T19:00:00+01:00,-830757600000,,0,0,Y,,corrected-archive-csv
162860,Luleå-Kallax Flygplats,13,Rådande väder,"momentanvärde, 1 gång/tim resp 8 gånger/dygn",kod,1943-09-05T01:00:00Z,1943-09-05T02:00:00+01:00,-830732400000,,0,0,Y,,corrected-archive-csv
162860,Luleå-Kallax Flygplats,13,Rådande väder,"momentanvärde, 1 gång/tim resp 8 gånger/dygn",kod,1943-09-05T07:00:00Z,1943-09-05T08:00:00+01:00,-830710800000,,10,10,Y,,corrected-archive-csv
162860,Luleå-Kallax Flygplats,13,Rådande väder,"momentanvärde, 1 gång/tim resp 8 gånger/dygn",kod,1943-09-05T13:00:00Z,1943-09-05T14:00:00+01:00,-830689200000,,0,0,Y,,corrected-archive-csv
162860,Luleå-Kallax Flygplats,13,Rådande väder,"momentanvärde, 1 gång/tim resp 8 gånger/dygn",kod,1943-09-05T18:00:00Z,1943-09-05T19:00:00+01:00,-830671200000,,0,0,Y,,corrected-archive-csv
162860,Luleå-Kallax Flygplats,13,Rådande väder,"momentanvärde, 1 gång/tim resp 8 gånger/dygn",kod,1943-09-06T01:00:00Z,1943-09-06T02:00:00+01:00,-830646000000,,46,46,Y,,corrected-archive-csv
162860,Luleå-Kallax Flygplats,13,Rådande väder,"momentanvärde, 1 gång/tim resp 8 gånger/dygn",kod,1943-09-06T07:00:00Z,1943-09-06T08:00:00+01:00,-830624400000,,0,0,Y,,corrected-archive-csv
162860,Luleå-Kallax Flygplats,13,Rådande väder,"momentanvärde, 1 gång/tim resp 8 gånger/dygn",kod,1943-09-06T13:00:00Z,1943-09-06T14:00:00+01:00,-830602800000,,0,0,Y,,corrected-archive-csv
162860,Luleå-Kallax Flygplats,13,Rådande väder,"momentanvärde, 1 gång/tim resp 8 gånger/dygn",kod,1943-09-06T18:00:00Z,1943-09-06T19:00:00+01:00,-830584800000,,0,0,Y,,corrected-archive-csv
162860,Luleå-Kallax Flygplats,13,Rådande väder,"momentanvärde, 1 gång/tim resp 8 gånger/dygn",kod,1943-09-07T01:00:00Z,1943-09-07T02:00:00+01:00,-830559600000,,0,0,Y,,corrected-archive-csv
162860,Luleå-Kallax Flygplats,13,Rådande väder,"momentanvärde, 1 gång/tim resp 8 gånger/dygn",kod,1943-09-07T07:00:00Z,1943-09-07T08:00:00+01:00,-830538000000,,0,0,Y,,corrected-archive-csv
162860,Luleå-Kallax Flygplats,13,Rådande väder,"momentanvärde, 1 gång/tim resp 8 gånger/dygn",kod,1943-09-07T13:00:00Z,1943-09-07T14:00:00+01:00,-830516400000,,0,0,Y,,corrected-archive-csv
162860,Luleå-Kallax Flygplats,13,Rådande väder,"momentanvärde, 1 gång/tim resp 8 gånger/dygn",kod,1943-09-07T18:00:00Z,1943-09-07T19:00:00+01:00,-830498400000,,0,0,Y,,corrected-archive-csv
162860,Luleå-Kallax Flygplats,13,Rådande väder,"momentanvärde, 1 gång/tim resp 8 gånger/dygn",kod,1943-09-08T01:00:00Z,1943-09-08T02:00:00+01:00,-830473200000,,0,0,Y,,corrected-archive-csv
162860,Luleå-Kallax Flygplats,13,Rådande väder,"momentanvärde, 1 gång/tim resp 8 gånger/dygn",kod,1943-09-08T13:00:00Z,1943-09-08T14:00:00+01:00,-830430000000,,0,0,Y,,corrected-archive-csv
162860,Luleå-Kallax Flygplats,13,Rådande väder,"momentanvärde, 1 gång/tim resp 8 gånger/dygn",kod,1943-09-08T18:00:00Z,1943-09-08T19:00:00+01:00,-830412000000,,0,0,Y,,corrected-archive-csv
162860,Luleå-Kallax Flygplats,13,Rådande väder,"momentanvärde, 1 gång/tim resp 8 gånger/dygn",kod,1943-09-09T01:00:00Z,1943-09-09T02:00:00+01:00,-830386800000,,0,0,Y,,corrected-archive-csv
162860,Luleå-Kallax Flygplats,13,Rådande väder,"momentanvärde, 1 gång/tim resp 8 gånger/dygn",kod,1943-09-09T07:00:00Z,1943-09-09T08:00:00+01:00,-830365200000,,0,0,Y,,corrected-archive-csv
162860,Luleå-Kallax Flygplats,13,Rådande väder,"momentanvärde, 1 gång/tim resp 8 gånger/dygn",kod,1943-09-09T13:00:00Z,1943-09-09T14:00:00+01:00,-830343600000,,0,0,Y,,corrected-archive-csv
162860,Luleå-Kallax Flygplats,13,Rådande väder,"momentanvärde, 1 gång/tim resp 8 gånger/dygn",kod,1943-09-09T18:00:00Z,1943-09-09T19:00:00+01:00,-830325600000,,0,0,Y,,corrected-archive-csv
162860,Luleå-Kallax Flygplats,13,Rådande väder,"momentanvärde, 1 gång/tim resp 8 gånger/dygn",kod,1943-09-10T01:00:00Z,1943-09-10T02:00:00+01:00,-830300400000,,0,0,Y,,corrected-archive-csv
162860,Luleå-Kallax Flygplats,13,Rådande väder,"momentanvärde, 1 gång/tim resp 8 gånger/dygn",kod,1943-09-10T07:00:00Z,1943-09-10T08:00:00+01:00,-830278800000,,0,0,Y,,corrected-archive-csv
162860,Luleå-Kallax Flygplats,13,Rådande väder,"momentanvärde, 1 gång/tim resp 8 gånger/dygn",kod,1943-09-10T13:00:00Z,1943-09-10T14:00:00+01:00,-830257200000,,0,0,Y,,corrected-archive-csv
162860,Luleå-Kallax Flygplats,13,Rådande väder,"momentanvärde, 1 gång/tim resp 8 gånger/dygn",kod,1943-09-10T18:00:00Z,1943-09-10T19:00:00+01:00,-830239200000,,0,0,Y,,corrected-archive-csv
162860,Luleå-Kallax Flygplats,13,Rådande väder,"momentanvärde, 1 gång/tim resp 8 gånger/dygn",kod,1943-09-11T01:00:00Z,1943-09-11T02:00:00+01:00,-830214000000,,0,0,Y,,corrected-archive-csv
162860,Luleå-Kallax Flygplats,13,Rådande väder,"momentanvärde, 1 gång/tim resp 8 gånger/dygn",kod,1943-09-11T07:00:00Z,1943-09-11T08:00:00+01:00,-830192400000,,0,0,Y,,corrected-archive-csv
162860,Luleå-Kallax Flygplats,13,Rådande väder,"momentanvärde, 1 gång/tim resp 8 gånger/dygn",kod,1943-09-11T13:00:00Z,1943-09-11T14:00:00+01:00,-830170800000,,0,0,Y,,corrected-archive-csv
162860,Luleå-Kallax Flygplats,13,Rådande väder,"momentanvärde, 1 gång/tim resp 8 gånger/dygn",kod,1943-09-11T18:00:00Z,1943-09-11T19:00:00+01:00,-830152800000,,0,0,Y,,corrected-archive-csv
162860,Luleå-Kallax Flygplats,13,Rådande väder,"momentanvärde, 1 gång/tim resp 8 gånger/dygn",kod,1943-09-12T01:00:00Z,1943-09-12T02:00:00+01:00,-830127600000,,0,0,Y,,corrected-archive-csv
162860,Luleå-Kallax Flygplats,13,Rådande väder,"momentanvärde, 1 gång/tim resp 8 gånger/dygn",kod,1943-09-12T07:00:00Z,1943-09-12T08:00:00+01:00,-830106000000,,0,0,Y,,corrected-archive-csv
162860,Luleå-Kallax Flygplats,13,Rådande väder,"momentanvärde, 1 gång/tim resp 8 gånger/dygn",kod,1943-09-12T13:00:00Z,1943-09-12T14:00:00+01:00,-830084400000,,0,0,Y,,corrected-archive-csv
162860,Luleå-Kallax Flygplats,13,Rådande väder,"momentanvärde, 1 gång/tim resp 8 gånger/dygn",kod,1943-09-12T18:00:00Z,1943-09-12T19:00:00+01:00,-830066400000,,0,0,Y,,corrected-archive-csv
162860,Luleå-Kallax Flygplats,13,Rådande väder,"momentanvärde, 1 gång/tim resp 8 gånger/dygn",kod,1943-09-13T01:00:00Z,1943-09-13T02:00:00+01:00,-830041200000,,0,0,Y,,corrected-archive-csv
162860,Luleå-Kallax Flygplats,13,Rådande väder,"momentanvärde, 1 gång/tim resp 8 gånger/dygn",kod,1943-09-13T07:00:00Z,1943-09-13T08:00:00+01:00,-830019600000,,0,0,Y,,corrected-archive-csv
162860,Luleå-Kallax Flygplats,13,Rådande väder,"momentanvärde, 1 gång/tim resp 8 gånger/dygn",kod,1943-09-13T13:00:00Z,1943-09-13T14:00:00+01:00,-829998000000,,0,0,Y,,corrected-archive-csv
162860,Luleå-Kallax Flygplats,13,Rådande väder,"momentanvärde, 1 gång/tim resp 8 gånger/dygn",kod,1943-09-13T18:00:00Z,1943-09-13T19:00:00+01:00,-829980000000,,0,0,Y,,corrected-archive-csv
162860,Luleå-Kallax Flygplats,13,Rådande väder,"momentanvärde, 1 gång/tim resp 8 gånger/dygn",kod,1943-09-14T01:00:00Z,1943-09-14T02:00:00+01:00,-829954800000,,0,0,Y,,corrected-archive-csv
162860,Luleå-Kallax Flygplats,13,Rådande väder,"momentanvärde, 1 gång/tim resp 8 gånger/dygn",kod,1943-09-14T07:00:00Z,1943-09-14T08:00:00+01:00,-829933200000,,0,0,Y,,corrected-archive-csv
162860,Luleå-Kallax Flygplats,13,Rådande väder,"momentanvärde, 1 gång/tim resp 8 gånger/dygn",kod,1943-09-14T13:00:00Z,1943-09-14T14:00:00+01:00,-829911600000,,0,0,Y,,corrected-archive-csv
162860,Luleå-Kallax Flygplats,13,Rådande väder,"momentanvärde, 1 gång/tim resp 8 gånger/dygn",kod,1943-09-14T18:00:00Z,1943-09-14T19:00:00+01:00,-829893600000,,0,0,Y,,corrected-archive-csv
162860,Luleå-Kallax Flygplats,13,Rådande väder,"momentanvärde, 1 gång/tim resp 8 gånger/dygn",kod,1943-09-15T01:00:00Z,1943-09-15T02:00:00+01:00,-829868400000,,0,0,Y,,corrected-archive-csv
162860,Luleå-Kallax Flygplats,13,Rådande väder,"momentanvärde, 1 gång/tim resp 8 gånger/dygn",kod,1943-09-15T07:00:00Z,1943-09-15T08:00:00+01:00,-829846800000,,0,0,Y,,corrected-archive-csv
162860,Luleå-Kallax Flygplats,13,Rådande väder,"momentanvärde, 1 gång/tim resp 8 gånger/dygn",kod,1943-09-15T13:00:00Z,1943-09-15T14:00:00+01:00,-829825200000,,0,0,Y,,corrected-archive-csv
162860,Luleå-Kallax Flygplats,13,Rådande väder,"momentanvärde, 1 gång/tim resp 8 gånger/dygn",kod,1943-09-15T18:00:00Z,1943-09-15T19:00:00+01:00,-829807200000,,0,0,Y,,corrected-archive-csv
162860,Luleå-Kallax Flygplats,13,Rådande väder,"momentanvärde, 1 gång/tim resp 8 gånger/dygn",kod,1943-09-16T01:00:00Z,1943-09-16T02:00:00+01:00,-829782000000,,0,0,Y,,corrected-archive-csv
162860,Luleå-Kallax Flygplats,13,Rådande väder,"momentanvärde, 1 gång/tim resp 8 gånger/dygn",kod,1943-09-16T07:00:00Z,1943-09-16T08:00:00+01:00,-829760400000,,0,0,Y,,corrected-archive-csv
162860,Luleå-Kallax Flygplats,13,Rådande väder,"momentanvärde, 1 gång/tim resp 8 gånger/dygn",kod,1943-09-16T13:00:00Z,1943-09-16T14:00:00+01:00,-829738800000,,0,0,Y,,corrected-archive-csv
162860,Luleå-Kallax Flygplats,13,Rådande väder,"momentanvärde, 1 gång/tim resp 8 gånger/dygn",kod,1943-09-16T18:00:00Z,1943-09-16T19:00:00+01:00,-829720800000,,0,0,Y,,corrected-archive-csv
162860,Luleå-Kallax Flygplats,13,Rådande väder,"momentanvärde, 1 gång/tim resp 8 gånger/dygn",kod,1943-09-17T01:00:00Z,1943-09-17T02:00:00+01:00,-829695600000,,0,0,Y,,corrected-archive-csv
162860,Luleå-Kallax Flygplats,13,Rådande väder,"momentanvärde, 1 gång/tim resp 8 gånger/dygn",kod,1943-09-17T07:00:00Z,1943-09-17T08:00:00+01:00,-829674000000,,0,0,Y,,corrected-archive-csv
162860,Luleå-Kallax Flygplats,13,Rådande väder,"momentanvärde, 1 gång/tim resp 8 gånger/dygn",kod,1943-09-17T13:00:00Z,1943-09-17T14:00:00+01:00,-829652400000,,0,0,Y,,corrected-archive-csv
162860,Luleå-Kallax Flygplats,13,Rådande väder,"momentanvärde, 1 gång/tim resp 8 gånger/dygn",kod,1943-09-17T18:00:00Z,1943-09-17T19:00:00+01:00,-829634400000,,0,0,Y,,corrected-archive-csv
162860,Luleå-Kallax Flygplats,13,Rådande väder,"momentanvärde, 1 gång/tim resp 8 gånger/dygn",kod,1943-09-18T01:00:00Z,1943-09-18T02:00:00+01:00,-829609200000,,0,0,Y,,corrected-archive-csv
162860,Luleå-Kallax Flygplats,13,Rådande väder,"momentanvärde, 1 gång/tim resp 8 gånger/dygn",kod,1943-09-18T07:00:00Z,1943-09-18T08:00:00+01:00,-829587600000,,0,0,Y,,corrected-archive-csv
162860,Luleå-Kallax Flygplats,13,Rådande väder,"momentanvärde, 1 gång/tim resp 8 gånger/dygn",kod,1943-09-18T13:00:00Z,1943-09-18T14:00:00+01:00,-829566000000,,0,0,Y,,corrected-archive-csv
162860,Luleå-Kallax Flygplats,13,Rådande väder,"momentanvärde, 1 gång/tim resp 8 gånger/dygn",kod,1943-09-18T18:00:00Z,1943-09-18T19:00:00+01:00,-829548000000,,0,0,Y,,corrected-archive-csv
162860,Luleå-Kallax Flygplats,13,Rådande väder,"momentanvärde, 1 gång/tim resp 8 gånger/dygn",kod,1943-09-19T01:00:00Z,1943-09-19T02:00:00+01:00,-829522800000,,0,0,Y,,corrected-archive-csv
162860,Luleå-Kallax Flygplats,13,Rådande väder,"momentanvärde, 1 gång/tim resp 8 gånger/dygn",kod,1943-09-19T07:00:00Z,1943-09-19T08:00:00+01:00,-829501200000,,0,0,Y,,corrected-archive-csv
162860,Luleå-Kallax Flygplats,13,Rådande väder,"momentanvärde, 1 gång/tim resp 8 gånger/dygn",kod,1943-09-19T13:00:00Z,1943-09-19T14:00:00+01:00,-829479600000,,0,0,Y,,corrected-archive-csv
162860,Luleå-Kallax Flygplats,13,Rådande väder,"momentanvärde, 1 gång/tim resp 8 gånger/dygn",kod,1943-09-19T18:00:00Z,1943-09-19T19:00:00+01:00,-829461600000,,0,0,Y,,corrected-archive-csv
162860,Luleå-Kallax Flygplats,13,Rådande väder,"momentanvärde, 1 gång/tim resp 8 gånger/dygn",kod,1943-09-20T01:00:00Z,1943-09-20T02:00:00+01:00,-829436400000,,60,60,Y,,corrected-archive-csv
162860,Luleå-Kallax Flygplats,13,Rådande väder,"momentanvärde, 1 gång/tim resp 8 gånger/dygn",kod,1943-09-20T07:00:00Z,1943-09-20T08:00:00+01:00,-829414800000,,0,0,Y,,corrected-archive-csv
162860,Luleå-Kallax Flygplats,13,Rådande väder,"momentanvärde, 1 gång/tim resp 8 gånger/dygn",kod,1943-09-20T13:00:00Z,1943-09-20T14:00:00+01:00,-829393200000,,0,0,Y,,corrected-archive-csv
162860,Luleå-Kallax Flygplats,13,Rådande väder,"momentanvärde, 1 gång/tim resp 8 gånger/dygn",kod,1943-09-20T18:00:00Z,1943-09-20T19:00:00+01:00,-829375200000,,61,61,Y,,corrected-archive-csv
162860,Luleå-Kallax Flygplats,13,Rådande väder,"momentanvärde, 1 gång/tim resp 8 gånger/dygn",kod,1943-09-21T01:00:00Z,1943-09-21T02:00:00+01:00,-829350000000,,0,0,Y,,corrected-archive-csv
162860,Luleå-Kallax Flygplats,13,Rådande väder,"momentanvärde, 1 gång/tim resp 8 gånger/dygn",kod,1943-09-21T07:00:00Z,1943-09-21T08:00:00+01:00,-829328400000,,65,65,Y,,corrected-archive-csv
162860,Luleå-Kallax Flygplats,13,Rådande väder,"momentanvärde, 1 gång/tim resp 8 gånger/dygn",kod,1943-09-21T13:00:00Z,1943-09-21T14:00:00+01:00,-829306800000,,0,0,Y,,corrected-archive-csv
162860,Luleå-Kallax Flygplats,13,Rådande väder,"momentanvärde, 1 gång/tim resp 8 gånger/dygn",kod,1943-09-21T18:00:00Z,1943-09-21T19:00:00+01:00,-829288800000,,0,0,Y,,corrected-archive-csv
162860,Luleå-Kallax Flygplats,13,Rådande väder,"momentanvärde, 1 gång/tim resp 8 gånger/dygn",kod,1943-09-22T01:00:00Z,1943-09-22T02:00:00+01:00,-829263600000,,0,0,Y,,corrected-archive-csv
162860,Luleå-Kallax Flygplats,13,Rådande väder,"momentanvärde, 1 gång/tim resp 8 gånger/dygn",kod,1943-09-22T07:00:00Z,1943-09-22T08:00:00+01:00,-829242000000,,0,0,Y,,corrected-archive-csv
162860,Luleå-Kallax Flygplats,13,Rådande väder,"momentanvärde, 1 gång/tim resp 8 gånger/dygn",kod,1943-09-22T13:00:00Z,1943-09-22T14:00:00+01:00,-829220400000,,0,0,Y,,corrected-archive-csv
162860,Luleå-Kallax Flygplats,13,Rådande väder,"momentanvärde, 1 gång/tim resp 8 gånger/dygn",kod,1943-09-22T18:00:00Z,1943-09-22T19:00:00+01:00,-829202400000,,0,0,Y,,corrected-archive-csv
162860,Luleå-Kallax Flygplats,13,Rådande väder,"momentanvärde, 1 gång/tim resp 8 gånger/dygn",kod,1943-09-23T01:00:00Z,1943-09-23T02:00:00+01:00,-829177200000,,0,0,Y,,corrected-archive-csv
162860,Luleå-Kallax Flygplats,13,Rådande väder,"momentanvärde, 1 gång/tim resp 8 gånger/dygn",kod,1943-09-23T07:00:00Z,1943-09-23T08:00:00+01:00,-829155600000,,0,0,Y,,corrected-archive-csv
162860,Luleå-Kallax Flygplats,13,Rådande väder,"momentanvärde, 1 gång/tim resp 8 gånger/dygn",kod,1943-09-23T13:00:00Z,1943-09-23T14:00:00+01:00,-829134000000,,0,0,Y,,corrected-archive-csv
162860,Luleå-Kallax Flygplats,13,Rådande väder,"momentanvärde, 1 gång/tim resp 8 gånger/dygn",kod,1943-09-23T18:00:00Z,1943-09-23T19:00:00+01:00,-829116000000,,0,0,Y,,corrected-archive-csv
162860,Luleå-Kallax Flygplats,13,Rådande väder,"momentanvärde, 1 gång/tim resp 8 gånger/dygn",kod,1943-09-24T01:00:00Z,1943-09-24T02:00:00+01:00,-829090800000,,0,0,Y,,corrected-archive-csv
162860,Luleå-Kallax Flygplats,13,Rådande väder,"momentanvärde, 1 gång/tim resp 8 gånger/dygn",kod,1943-09-24T07:00:00Z,1943-09-24T08:00:00+01:00,-829069200000,,0,0,Y,,corrected-archive-csv
162860,Luleå-Kallax Flygplats,13,Rådande väder,"momentanvärde, 1 gång/tim resp 8 gånger/dygn",kod,1943-09-24T13:00:00Z,1943-09-24T14:00:00+01:00,-829047600000,,0,0,Y,,corrected-archive-csv
162860,Luleå-Kallax Flygplats,13,Rådande väder,"momentanvärde, 1 gång/tim resp 8 gånger/dygn",kod,1943-09-24T18:00:00Z,1943-09-24T19:00:00+01:00,-829029600000,,0,0,Y,,corrected-archive-csv
162860,Luleå-Kallax Flygplats,13,Rådande väder,"momentanvärde, 1 gång/tim resp 8 gånger/dygn",kod,1943-09-25T01:00:00Z,1943-09-25T02:00:00+01:00,-829004400000,,0,0,Y,,corrected-archive-csv
162860,Luleå-Kallax Flygplats,13,Rådande väder,"momentanvärde, 1 gång/tim resp 8 gånger/dygn",kod,1943-09-25T07:00:00Z,1943-09-25T08:00:00+01:00,-828982800000,,60,60,Y,,corrected-archive-csv
162860,Luleå-Kallax Flygplats,13,Rådande väder,"momentanvärde, 1 gång/tim resp 8 gånger/dygn",kod,1943-09-25T13:00:00Z,1943-09-25T14:00:00+01:00,-828961200000,,0,0,Y,,corrected-archive-csv
162860,Luleå-Kallax Flygplats,13,Rådande väder,"momentanvärde, 1 gång/tim resp 8 gånger/dygn",kod,1943-09-25T18:00:00Z,1943-09-25T19:00:00+01:00,-828943200000,,0,0,Y,,corrected-archive-csv
162860,Luleå-Kallax Flygplats,13,Rådande väder,"momentanvärde, 1 gång/tim resp 8 gånger/dygn",kod,1943-09-26T01:00:00Z,1943-09-26T02:00:00+01:00,-828918000000,,0,0,Y,,corrected-archive-csv
162860,Luleå-Kallax Flygplats,13,Rådande väder,"momentanvärde, 1 gång/tim resp 8 gånger/dygn",kod,1943-09-26T07:00:00Z,1943-09-26T08:00:00+01:00,-828896400000,,0,0,Y,,corrected-archive-csv
162860,Luleå-Kallax Flygplats,13,Rådande väder,"momentanvärde, 1 gång/tim resp 8 gånger/dygn",kod,1943-09-26T13:00:00Z,1943-09-26T14:00:00+01:00,-828874800000,,0,0,Y,,corrected-archive-csv
162860,Luleå-Kallax Flygplats,13,Rådande väder,"momentanvärde, 1 gång/tim resp 8 gånger/dygn",kod,1943-09-26T18:00:00Z,1943-09-26T19:00:00+01:00,-828856800000,,0,0,Y,,corrected-archive-csv
162860,Luleå-Kallax Flygplats,13,Rådande väder,"momentanvärde, 1 gång/tim resp 8 gånger/dygn",kod,1943-09-27T01:00:00Z,1943-09-27T02:00:00+01:00,-828831600000,,0,0,Y,,corrected-archive-csv
162860,Luleå-Kallax Flygplats,13,Rådande väder,"momentanvärde, 1 gång/tim resp 8 gånger/dygn",kod,1943-09-27T07:00:00Z,1943-09-27T08:00:00+01:00,-828810000000,,0,0,Y,,corrected-archive-csv
162860,Luleå-Kallax Flygplats,13,Rådande väder,"momentanvärde, 1 gång/tim resp 8 gånger/dygn",kod,1943-09-27T13:00:00Z,1943-09-27T14:00:00+01:00,-828788400000,,0,0,Y,,corrected-archive-csv
162860,Luleå-Kallax Flygplats,13,Rådande väder,"momentanvärde, 1 gång/tim resp 8 gånger/dygn",kod,1943-09-27T18:00:00Z,1943-09-27T19:00:00+01:00,-828770400000,,0,0,Y,,corrected-archive-csv
162860,Luleå-Kallax Flygplats,13,Rådande väder,"momentanvärde, 1 gång/tim resp 8 gånger/dygn",kod,1943-09-28T01:00:00Z,1943-09-28T02:00:00+01:00,-828745200000,,0,0,Y,,corrected-archive-csv
162860,Luleå-Kallax Flygplats,13,Rådande väder,"momentanvärde, 1 gång/tim resp 8 gånger/dygn",kod,1943-09-28T07:00:00Z,1943-09-28T08:00:00+01:00,-828723600000,,0,0,Y,,corrected-archive-csv
162860,Luleå-Kallax Flygplats,13,Rådande väder,"momentanvärde, 1 gång/tim resp 8 gånger/dygn",kod,1943-09-28T13:00:00Z,1943-09-28T14:00:00+01:00,-828702000000,,0,0,Y,,corrected-archive-csv
162860,Luleå-Kallax Flygplats,13,Rådande väder,"momentanvärde, 1 gång/tim resp 8 gånger/dygn",kod,1943-09-28T18:00:00Z,1943-09-28T19:00:00+01:00,-828684000000,,0,0,Y,,corrected-archive-csv
162860,Luleå-Kallax Flygplats,13,Rådande väder,"momentanvärde, 1 gång/tim resp 8 gånger/dygn",kod,1943-09-29T01:00:00Z,1943-09-29T02:00:00+01:00,-828658800000,,0,0,Y,,corrected-archive-csv
162860,Luleå-Kallax Flygplats,13,Rådande väder,"momentanvärde, 1 gång/tim resp 8 gånger/dygn",kod,1943-09-29T07:00:00Z,1943-09-29T08:00:00+01:00,-828637200000,,0,0,Y,,corrected-archive-csv
162860,Luleå-Kallax Flygplats,13,Rådande väder,"momentanvärde, 1 gång/tim resp 8 gånger/dygn",kod,1943-09-29T13:00:00Z,1943-09-29T14:00:00+01:00,-828615600000,,0,0,Y,,corrected-archive-csv
162860,Luleå-Kallax Flygplats,13,Rådande väder,"momentanvärde, 1 gång/tim resp 8 gånger/dygn",kod,1943-09-29T18:00:00Z,1943-09-29T19:00:00+01:00,-828597600000,,0,0,Y,,corrected-archive-csv
162860,Luleå-Kallax Flygplats,13,Rådande väder,"momentanvärde, 1 gång/tim resp 8 gånger/dygn",kod,1943-09-30T01:00:00Z,1943-09-30T02:00:00+01:00,-828572400000,,0,0,Y,,corrected-archive-csv
162860,Luleå-Kallax Flygplats,13,Rådande väder,"momentanvärde, 1 gång/tim resp 8 gånger/dygn",kod,1943-09-30T07:00:00Z,1943-09-30T08:00:00+01:00,-828550800000,,0,0,Y,,corrected-archive-csv
162860,Luleå-Kallax Flygplats,13,Rådande väder,"momentanvärde, 1 gång/tim resp 8 gånger/dygn",kod,1943-09-30T13:00:00Z,1943-09-30T14:00:00+01:00,-828529200000,,0,0,Y,,corrected-archive-csv
162860,Luleå-Kallax Flygplats,13,Rådande väder,"momentanvärde, 1 gång/tim resp 8 gånger/dygn",kod,1943-09-30T18:00:00Z,1943-09-30T19:00:00+01:00,-828511200000,,0,0,Y,,corrected-archive-csv
162860,Luleå-Kallax Flygplats,13,Rådande väder,"momentanvärde, 1 gång/tim resp 8 gånger/dygn",kod,1943-10-01T01:00:00Z,1943-10-01T02:00:00+01:00,-828486000000,,0,0,Y,,corrected-archive-csv
162860,Luleå-Kallax Flygplats,13,Rådande väder,"momentanvärde, 1 gång/tim resp 8 gånger/dygn",kod,1943-10-01T07:00:00Z,1943-10-01T08:00:00+01:00,-828464400000,,0,0,Y,,corrected-archive-csv
162860,Luleå-Kallax Flygplats,13,Rådande väder,"momentanvärde, 1 gång/tim resp 8 gånger/dygn",kod,1943-10-01T13:00:00Z,1943-10-01T14:00:00+01:00,-828442800000,,0,0,Y,,corrected-archive-csv
162860,Luleå-Kallax Flygplats,13,Rådande väder,"momentanvärde, 1 gång/tim resp 8 gånger/dygn",kod,1943-10-01T18:00:00Z,1943-10-01T19:00:00+01:00,-828424800000,,0,0,Y,,corrected-archive-csv
162860,Luleå-Kallax Flygplats,13,Rådande väder,"momentanvärde, 1 gång/tim resp 8 gånger/dygn",kod,1943-10-02T01:00:00Z,1943-10-02T02:00:00+01:00,-828399600000,,0,0,Y,,corrected-archive-csv
162860,Luleå-Kallax Flygplats,13,Rådande väder,"momentanvärde, 1 gång/tim resp 8 gånger/dygn",kod,1943-10-02T07:00:00Z,1943-10-02T08:00:00+01:00,-828378000000,,0,0,Y,,corrected-archive-csv
162860,Luleå-Kallax Flygplats,13,Rådande väder,"momentanvärde, 1 gång/tim resp 8 gånger/dygn",kod,1943-10-02T13:00:00Z,1943-10-02T14:00:00+01:00,-828356400000,,63,63,Y,,corrected-archive-csv
162860,Luleå-Kallax Flygplats,13,Rådande väder,"momentanvärde, 1 gång/tim resp 8 gånger/dygn",kod,1943-10-02T18:00:00Z,1943-10-02T19:00:00+01:00,-828338400000,,0,0,Y,,corrected-archive-csv
162860,Luleå-Kallax Flygplats,13,Rådande väder,"momentanvärde, 1 gång/tim resp 8 gånger/dygn",kod,1943-10-03T01:00:00Z,1943-10-03T02:00:00+01:00,-828313200000,,0,0,Y,,corrected-archive-csv
162860,Luleå-Kallax Flygplats,13,Rådande väder,"momentanvärde, 1 gång/tim resp 8 gånger/dygn",kod,1943-10-03T07:00:00Z,1943-10-03T08:00:00+01:00,-828291600000,,0,0,Y,,corrected-archive-csv
162860,Luleå-Kallax Flygplats,13,Rådande väder,"momentanvärde, 1 gång/tim resp 8 gånger/dygn",kod,1943-10-03T13:00:00Z,1943-10-03T14:00:00+01:00,-828270000000,,0,0,Y,,corrected-archive-csv
162860,Luleå-Kallax Flygplats,13,Rådande väder,"momentanvärde, 1 gång/tim resp 8 gånger/dygn",kod,1943-10-03T18:00:00Z,1943-10-03T19:00:00+01:00,-828252000000,,60,60,Y,,corrected-archive-csv
162860,Luleå-Kallax Flygplats,13,Rådande väder,"momentanvärde, 1 gång/tim resp 8 gånger/dygn",kod,1943-10-04T01:00:00Z,1943-10-04T02:00:00+01:00,-828226800000,,0,0,Y,,corrected-archive-csv
162860,Luleå-Kallax Flygplats,13,Rådande väder,"momentanvärde, 1 gång/tim resp 8 gånger/dygn",kod,1943-10-04T07:00:00Z,1943-10-04T08:00:00+01:00,-828205200000,,0,0,Y,,corrected-archive-csv
162860,Luleå-Kallax Flygplats,13,Rådande väder,"momentanvärde, 1 gång/tim resp 8 gånger/dygn",kod,1943-10-04T13:00:00Z,1943-10-04T14:00:00+01:00,-828183600000,,0,0,Y,,corrected-archive-csv
162860,Luleå-Kallax Flygplats,13,Rådande väder,"momentanvärde, 1 gång/tim resp 8 gånger/dygn",kod,1943-10-04T18:00:00Z,1943-10-04T19:00:00+01:00,-828165600000,,0,0,Y,,corrected-archive-csv
162860,Luleå-Kallax Flygplats,13,Rådande väder,"momentanvärde, 1 gång/tim resp 8 gånger/dygn",kod,1943-10-05T01:00:00Z,1943-10-05T02:00:00+01:00,-828140400000,,0,0,Y,,corrected-archive-csv
162860,Luleå-Kallax Flygplats,13,Rådande väder,"momentanvärde, 1 gång/tim resp 8 gånger/dygn",kod,1943-10-05T07:00:00Z,1943-10-05T08:00:00+01:00,-828118800000,,0,0,Y,,corrected-archive-csv
162860,Luleå-Kallax Flygplats,13,Rådande väder,"momentanvärde, 1 gång/tim resp 8 gånger/dygn",kod,1943-10-05T13:00:00Z,1943-10-05T14:00:00+01:00,-828097200000,,0,0,Y,,corrected-archive-csv
162860,Luleå-Kallax Flygplats,13,Rådande väder,"momentanvärde, 1 gång/tim resp 8 gånger/dygn",kod,1943-10-05T18:00:00Z,1943-10-05T19:00:00+01:00,-828079200000,,0,0,Y,,corrected-archive-csv
162860,Luleå-Kallax Flygplats,13,Rådande väder,"momentanvärde, 1 gång/tim resp 8 gånger/dygn",kod,1943-10-06T01:00:00Z,1943-10-06T02:00:00+01:00,-828054000000,,0,0,Y,,corrected-archive-csv
162860,Luleå-Kallax Flygplats,13,Rådande väder,"momentanvärde, 1 gång/tim resp 8 gånger/dygn",kod,1943-10-06T07:00:00Z,1943-10-06T08:00:00+01:00,-828032400000,,0,0,Y,,corrected-archive-csv
162860,Luleå-Kallax Flygplats,13,Rådande väder,"momentanvärde, 1 gång/tim resp 8 gånger/dygn",kod,1943-10-06T13:00:00Z,1943-10-06T14:00:00+01:00,-828010800000,,50,50,Y,,corrected-archive-csv
162860,Luleå-Kallax Flygplats,13,Rådande väder,"momentanvärde, 1 gång/tim resp 8 gånger/dygn",kod,1943-10-06T18:00:00Z,1943-10-06T19:00:00+01:00,-827992800000,,51,51,Y,,corrected-archive-csv
162860,Luleå-Kallax Flygplats,13,Rådande väder,"momentanvärde, 1 gång/tim resp 8 gånger/dygn",kod,1943-10-07T01:00:00Z,1943-10-07T02:00:00+01:00,-827967600000,,45,45,Y,,corrected-archive-csv
162860,Luleå-Kallax Flygplats,13,Rådande väder,"momentanvärde, 1 gång/tim resp 8 gånger/dygn",kod,1943-10-07T07:00:00Z,1943-10-07T08:00:00+01:00,-827946000000,,0,0,Y,,corrected-archive-csv
162860,Luleå-Kallax Flygplats,13,Rådande väder,"momentanvärde, 1 gång/tim resp 8 gånger/dygn",kod,1943-10-07T13:00:00Z,1943-10-07T14:00:00+01:00,-827924400000,,0,0,Y,,corrected-archive-csv
162860,Luleå-Kallax Flygplats,13,Rådande väder,"momentanvärde, 1 gång/tim resp 8 gånger/dygn",kod,1943-10-07T18:00:00Z,1943-10-07T19:00:00+01:00,-827906400000,,0,0,Y,,corrected-archive-csv
162860,Luleå-Kallax Flygplats,13,Rådande väder,"momentanvärde, 1 gång/tim resp 8 gånger/dygn",kod,1943-10-08T01:00:00Z,1943-10-08T02:00:00+01:00,-827881200000,,0,0,Y,,corrected-archive-csv
162860,Luleå-Kallax Flygplats,13,Rådande väder,"momentanvärde, 1 gång/tim resp 8 gånger/dygn",kod,1943-10-08T07:00:00Z,1943-10-08T08:00:00+01:00,-827859600000,,0,0,Y,,corrected-archive-csv
162860,Luleå-Kallax Flygplats,13,Rådande väder,"momentanvärde, 1 gång/tim resp 8 gånger/dygn",kod,1943-10-08T13:00:00Z,1943-10-08T14:00:00+01:00,-827838000000,,0,0,Y,,corrected-archive-csv
162860,Luleå-Kallax Flygplats,13,Rådande väder,"momentanvärde, 1 gång/tim resp 8 gånger/dygn",kod,1943-10-08T18:00:00Z,1943-10-08T19:00:00+01:00,-827820000000,,0,0,Y,,corrected-archive-csv
162860,Luleå-Kallax Flygplats,13,Rådande väder,"momentanvärde, 1 gång/tim resp 8 gånger/dygn",kod,1943-10-09T01:00:00Z,1943-10-09T02:00:00+01:00,-827794800000,,0,0,Y,,corrected-archive-csv
162860,Luleå-Kallax Flygplats,13,Rådande väder,"momentanvärde, 1 gång/tim resp 8 gånger/dygn",kod,1943-10-09T07:00:00Z,1943-10-09T08:00:00+01:00,-827773200000,,0,0,Y,,corrected-archive-csv
162860,Luleå-Kallax Flygplats,13,Rådande väder,"momentanvärde, 1 gång/tim resp 8 gånger/dygn",kod,1943-10-09T13:00:00Z,1943-10-09T14:00:00+01:00,-827751600000,,60,60,Y,,corrected-archive-csv
162860,Luleå-Kallax Flygplats,13,Rådande väder,"momentanvärde, 1 gång/tim resp 8 gånger/dygn",kod,1943-10-09T18:00:00Z,1943-10-09T19:00:00+01:00,-827733600000,,0,0,Y,,corrected-archive-csv
162860,Luleå-Kallax Flygplats,13,Rådande väder,"momentanvärde, 1 gång/tim resp 8 gånger/dygn",kod,1943-10-10T01:00:00Z,1943-10-10T02:00:00+01:00,-827708400000,,0,0,Y,,corrected-archive-csv
162860,Luleå-Kallax Flygplats,13,Rådande väder,"momentanvärde, 1 gång/tim resp 8 gånger/dygn",kod,1943-10-10T07:00:00Z,1943-10-10T08:00:00+01:00,-827686800000,,0,0,Y,,corrected-archive-csv
162860,Luleå-Kallax Flygplats,13,Rådande väder,"momentanvärde, 1 gång/tim resp 8 gånger/dygn",kod,1943-10-10T13:00:00Z,1943-10-10T14:00:00+01:00,-827665200000,,0,0,Y,,corrected-archive-csv
162860,Luleå-Kallax Flygplats,13,Rådande väder,"momentanvärde, 1 gång/tim resp 8 gånger/dygn",kod,1943-10-10T18:00:00Z,1943-10-10T19:00:00+01:00,-827647200000,,0,0,Y,,corrected-archive-csv
162860,Luleå-Kallax Flygplats,13,Rådande väder,"momentanvärde, 1 gång/tim resp 8 gånger/dygn",kod,1943-10-11T01:00:00Z,1943-10-11T02:00:00+01:00,-827622000000,,0,0,Y,,corrected-archive-csv
162860,Luleå-Kallax Flygplats,13,Rådande väder,"momentanvärde, 1 gång/tim resp 8 gånger/dygn",kod,1943-10-11T07:00:00Z,1943-10-11T08:00:00+01:00,-827600400000,,0,0,Y,,corrected-archive-csv
162860,Luleå-Kallax Flygplats,13,Rådande väder,"momentanvärde, 1 gång/tim resp 8 gånger/dygn",kod,1943-10-11T13:00:00Z,1943-10-11T14:00:00+01:00,-827578800000,,0,0,Y,,corrected-archive-csv
162860,Luleå-Kallax Flygplats,13,Rådande väder,"momentanvärde, 1 gång/tim resp 8 gånger/dygn",kod,1943-10-11T18:00:00Z,1943-10-11T19:00:00+01:00,-827560800000,,0,0,Y,,corrected-archive-csv
162860,Luleå-Kallax Flygplats,13,Rådande väder,"momentanvärde, 1 gång/tim resp 8 gånger/dygn",kod,1943-10-12T01:00:00Z,1943-10-12T02:00:00+01:00,-827535600000,,0,0,Y,,corrected-archive-csv
162860,Luleå-Kallax Flygplats,13,Rådande väder,"momentanvärde, 1 gång/tim resp 8 gånger/dygn",kod,1943-10-12T07:00:00Z,1943-10-12T08:00:00+01:00,-827514000000,,41,41,Y,,corrected-archive-csv
162860,Luleå-Kallax Flygplats,13,Rådande väder,"momentanvärde, 1 gång/tim resp 8 gånger/dygn",kod,1943-10-12T13:00:00Z,1943-10-12T14:00:00+01:00,-827492400000,,0,0,Y,,corrected-archive-csv
162860,Luleå-Kallax Flygplats,13,Rådande väder,"momentanvärde, 1 gång/tim resp 8 gånger/dygn",kod,1943-10-12T18:00:00Z,1943-10-12T19:00:00+01:00,-827474400000,,0,0,Y,,corrected-archive-csv
162860,Luleå-Kallax Flygplats,13,Rådande väder,"momentanvärde, 1 gång/tim resp 8 gånger/dygn",kod,1943-10-13T01:00:00Z,1943-10-13T02:00:00+01:00,-827449200000,,0,0,Y,,corrected-archive-csv
162860,Luleå-Kallax Flygplats,13,Rådande väder,"momentanvärde, 1 gång/tim resp 8 gånger/dygn",kod,1943-10-13T07:00:00Z,1943-10-13T08:00:00+01:00,-827427600000,,0,0,Y,,corrected-archive-csv
162860,Luleå-Kallax Flygplats,13,Rådande väder,"momentanvärde, 1 gång/tim resp 8 gånger/dygn",kod,1943-10-13T13:00:00Z,1943-10-13T14:00:00+01:00,-827406000000,,0,0,Y,,corrected-archive-csv
162860,Luleå-Kallax Flygplats,13,Rådande väder,"momentanvärde, 1 gång/tim resp 8 gånger/dygn",kod,1943-10-13T18:00:00Z,1943-10-13T19:00:00+01:00,-827388000000,,0,0,Y,,corrected-archive-csv
162860,Luleå-Kallax Flygplats,13,Rådande väder,"momentanvärde, 1 gång/tim resp 8 gånger/dygn",kod,1943-10-14T01:00:00Z,1943-10-14T02:00:00+01:00,-827362800000,,41,41,Y,,corrected-archive-csv
162860,Luleå-Kallax Flygplats,13,Rådande väder,"momentanvärde, 1 gång/tim resp 8 gånger/dygn",kod,1943-10-14T07:00:00Z,1943-10-14T08:00:00+01:00,-827341200000,,43,43,Y,,corrected-archive-csv
162860,Luleå-Kallax Flygplats,13,Rådande väder,"momentanvärde, 1 gång/tim resp 8 gånger/dygn",kod,1943-10-14T13:00:00Z,1943-10-14T14:00:00+01:00,-827319600000,,45,45,Y,,corrected-archive-csv
162860,Luleå-Kallax Flygplats,13,Rådande väder,"momentanvärde, 1 gång/tim resp 8 gånger/dygn",kod,1943-10-14T18:00:00Z,1943-10-14T19:00:00+01:00,-827301600000,,45,45,Y,,corrected-archive-csv
162860,Luleå-Kallax Flygplats,13,Rådande väder,"momentanvärde, 1 gång/tim resp 8 gånger/dygn",kod,1943-10-15T01:00:00Z,1943-10-15T02:00:00+01:00,-827276400000,,42,42,Y,,corrected-archive-csv
162860,Luleå-Kallax Flygplats,13,Rådande väder,"momentanvärde, 1 gång/tim resp 8 gånger/dygn",kod,1943-10-15T07:00:00Z,1943-10-15T08:00:00+01:00,-827254800000,,45,45,Y,,corrected-archive-csv
162860,Luleå-Kallax Flygplats,13,Rådande väder,"momentanvärde, 1 gång/tim resp 8 gånger/dygn",kod,1943-10-15T13:00:00Z,1943-10-15T14:00:00+01:00,-827233200000,,10,10,Y,,corrected-archive-csv
162860,Luleå-Kallax Flygplats,13,Rådande väder,"momentanvärde, 1 gång/tim resp 8 gånger/dygn",kod,1943-10-15T18:00:00Z,1943-10-15T19:00:00+01:00,-827215200000,,0,0,Y,,corrected-archive-csv
162860,Luleå-Kallax Flygplats,13,Rådande väder,"momentanvärde, 1 gång/tim resp 8 gånger/dygn",kod,1943-10-16T01:00:00Z,1943-10-16T02:00:00+01:00,-827190000000,,0,0,Y,,corrected-archive-csv
162860,Luleå-Kallax Flygplats,13,Rådande väder,"momentanvärde, 1 gång/tim resp 8 gånger/dygn",kod,1943-10-16T07:00:00Z,1943-10-16T08:00:00+01:00,-827168400000,,0,0,Y,,corrected-archive-csv
162860,Luleå-Kallax Flygplats,13,Rådande väder,"momentanvärde, 1 gång/tim resp 8 gånger/dygn",kod,1943-10-16T13:00:00Z,1943-10-16T14:00:00+01:00,-827146800000,,0,0,Y,,corrected-archive-csv
162860,Luleå-Kallax Flygplats,13,Rådande väder,"momentanvärde, 1 gång/tim resp 8 gånger/dygn",kod,1943-10-16T18:00:00Z,1943-10-16T19:00:00+01:00,-827128800000,,0,0,Y,,corrected-archive-csv
162860,Luleå-Kallax Flygplats,13,Rådande väder,"momentanvärde, 1 gång/tim resp 8 gånger/dygn",kod,1943-10-17T01:00:00Z,1943-10-17T02:00:00+01:00,-827103600000,,0,0,Y,,corrected-archive-csv
162860,Luleå-Kallax Flygplats,13,Rådande väder,"momentanvärde, 1 gång/tim resp 8 gånger/dygn",kod,1943-10-17T07:00:00Z,1943-10-17T08:00:00+01:00,-827082000000,,0,0,Y,,corrected-archive-csv
162860,Luleå-Kallax Flygplats,13,Rådande väder,"momentanvärde, 1 gång/tim resp 8 gånger/dygn",kod,1943-10-17T13:00:00Z,1943-10-17T14:00:00+01:00,-827060400000,,0,0,Y,,corrected-archive-csv
162860,Luleå-Kallax Flygplats,13,Rådande väder,"momentanvärde, 1 gång/tim resp 8 gånger/dygn",kod,1943-10-17T18:00:00Z,1943-10-17T19:00:00+01:00,-827042400000,,0,0,Y,,corrected-archive-csv
162860,Luleå-Kallax Flygplats,13,Rådande väder,"momentanvärde, 1 gång/tim resp 8 gånger/dygn",kod,1943-10-18T01:00:00Z,1943-10-18T02:00:00+01:00,-827017200000,,0,0,Y,,corrected-archive-csv
162860,Luleå-Kallax Flygplats,13,Rådande väder,"momentanvärde, 1 gång/tim resp 8 gånger/dygn",kod,1943-10-18T07:00:00Z,1943-10-18T08:00:00+01:00,-826995600000,,60,60,Y,,corrected-archive-csv
162860,Luleå-Kallax Flygplats,13,Rådande väder,"momentanvärde, 1 gång/tim resp 8 gånger/dygn",kod,1943-10-18T13:00:00Z,1943-10-18T14:00:00+01:00,-826974000000,,0,0,Y,,corrected-archive-csv
162860,Luleå-Kallax Flygplats,13,Rådande väder,"momentanvärde, 1 gång/tim resp 8 gånger/dygn",kod,1943-10-18T18:00:00Z,1943-10-18T19:00:00+01:00,-826956000000,,0,0,Y,,corrected-archive-csv
162860,Luleå-Kallax Flygplats,13,Rådande väder,"momentanvärde, 1 gång/tim resp 8 gånger/dygn",kod,1943-10-19T01:00:00Z,1943-10-19T02:00:00+01:00,-826930800000,,10,10,Y,,corrected-archive-csv
162860,Luleå-Kallax Flygplats,13,Rådande väder,"momentanvärde, 1 gång/tim resp 8 gånger/dygn",kod,1943-10-19T07:00:00Z,1943-10-19T08:00:00+01:00,-826909200000,,10,10,Y,,corrected-archive-csv
162860,Luleå-Kallax Flygplats,13,Rådande väder,"momentanvärde, 1 gång/tim resp 8 gånger/dygn",kod,1943-10-19T13:00:00Z,1943-10-19T14:00:00+01:00,-826887600000,,10,10,Y,,corrected-archive-csv
162860,Luleå-Kallax Flygplats,13,Rådande väder,"momentanvärde, 1 gång/tim resp 8 gånger/dygn",kod,1943-10-19T18:00:00Z,1943-10-19T19:00:00+01:00,-826869600000,,40,40,Y,,corrected-archive-csv
162860,Luleå-Kallax Flygplats,13,Rådande väder,"momentanvärde, 1 gång/tim resp 8 gånger/dygn",kod,1943-10-20T01:00:00Z,1943-10-20T02:00:00+01:00,-826844400000,,0,0,Y,,corrected-archive-csv
162860,Luleå-Kallax Flygplats,13,Rådande väder,"momentanvärde, 1 gång/tim resp 8 gånger/dygn",kod,1943-10-20T07:00:00Z,1943-10-20T08:00:00+01:00,-826822800000,,10,10,Y,,corrected-archive-csv
162860,Luleå-Kallax Flygplats,13,Rådande väder,"momentanvärde, 1 gång/tim resp 8 gånger/dygn",kod,1943-10-20T13:00:00Z,1943-10-20T14:00:00+01:00,-826801200000,,50,50,Y,,corrected-archive-csv
162860,Luleå-Kallax Flygplats,13,Rådande väder,"momentanvärde, 1 gång/tim resp 8 gånger/dygn",kod,1943-10-20T18:00:00Z,1943-10-20T19:00:00+01:00,-826783200000,,51,51,Y,,corrected-archive-csv
162860,Luleå-Kallax Flygplats,13,Rådande väder,"momentanvärde, 1 gång/tim resp 8 gånger/dygn",kod,1943-10-21T01:00:00Z,1943-10-21T02:00:00+01:00,-826758000000,,60,60,Y,,corrected-archive-csv
162860,Luleå-Kallax Flygplats,13,Rådande väder,"momentanvärde, 1 gång/tim resp 8 gånger/dygn",kod,1943-10-21T07:00:00Z,1943-10-21T08:00:00+01:00,-826736400000,,10,10,Y,,corrected-archive-csv
162860,Luleå-Kallax Flygplats,13,Rådande väder,"momentanvärde, 1 gång/tim resp 8 gånger/dygn",kod,1943-10-21T13:00:00Z,1943-10-21T14:00:00+01:00,-826714800000,,47,47,Y,,corrected-archive-csv
162860,Luleå-Kallax Flygplats,13,Rådande väder,"momentanvärde, 1 gång/tim resp 8 gånger/dygn",kod,1943-10-21T18:00:00Z,1943-10-21T19:00:00+01:00,-826696800000,,63,63,Y,,corrected-archive-csv
162860,Luleå-Kallax Flygplats,13,Rådande väder,"momentanvärde, 1 gång/tim resp 8 gånger/dygn",kod,1943-10-22T01:00:00Z,1943-10-22T02:00:00+01:00,-826671600000,,51,51,Y,,corrected-archive-csv
162860,Luleå-Kallax Flygplats,13,Rådande väder,"momentanvärde, 1 gång/tim resp 8 gånger/dygn",kod,1943-10-22T07:00:00Z,1943-10-22T08:00:00+01:00,-826650000000,,10,10,Y,,corrected-archive-csv
162860,Luleå-Kallax Flygplats,13,Rådande väder,"momentanvärde, 1 gång/tim resp 8 gånger/dygn",kod,1943-10-22T13:00:00Z,1943-10-22T14:00:00+01:00,-826628400000,,0,0,Y,,corrected-archive-csv
162860,Luleå-Kallax Flygplats,13,Rådande väder,"momentanvärde, 1 gång/tim resp 8 gånger/dygn",kod,1943-10-22T18:00:00Z,1943-10-22T19:00:00+01:00,-826610400000,,0,0,Y,,corrected-archive-csv
162860,Luleå-Kallax Flygplats,13,Rådande väder,"momentanvärde, 1 gång/tim resp 8 gånger/dygn",kod,1943-10-23T01:00:00Z,1943-10-23T02:00:00+01:00,-826585200000,,0,0,Y,,corrected-archive-csv
162860,Luleå-Kallax Flygplats,13,Rådande väder,"momentanvärde, 1 gång/tim resp 8 gånger/dygn",kod,1943-10-23T07:00:00Z,1943-10-23T08:00:00+01:00,-826563600000,,0,0,Y,,corrected-archive-csv
162860,Luleå-Kallax Flygplats,13,Rådande väder,"momentanvärde, 1 gång/tim resp 8 gånger/dygn",kod,1943-10-23T13:00:00Z,1943-10-23T14:00:00+01:00,-826542000000,,0,0,Y,,corrected-archive-csv
162860,Luleå-Kallax Flygplats,13,Rådande väder,"momentanvärde, 1 gång/tim resp 8 gånger/dygn",kod,1943-10-23T18:00:00Z,1943-10-23T19:00:00+01:00,-826524000000,,0,0,Y,,corrected-archive-csv
162860,Luleå-Kallax Flygplats,13,Rådande väder,"momentanvärde, 1 gång/tim resp 8 gånger/dygn",kod,1943-10-24T01:00:00Z,1943-10-24T02:00:00+01:00,-826498800000,,71,71,Y,,corrected-archive-csv
162860,Luleå-Kallax Flygplats,13,Rådande väder,"momentanvärde, 1 gång/tim resp 8 gånger/dygn",kod,1943-10-24T07:00:00Z,1943-10-24T08:00:00+01:00,-826477200000,,0,0,Y,,corrected-archive-csv
162860,Luleå-Kallax Flygplats,13,Rådande väder,"momentanvärde, 1 gång/tim resp 8 gånger/dygn",kod,1943-10-24T13:00:00Z,1943-10-24T14:00:00+01:00,-826455600000,,0,0,Y,,corrected-archive-csv
162860,Luleå-Kallax Flygplats,13,Rådande väder,"momentanvärde, 1 gång/tim resp 8 gånger/dygn",kod,1943-10-24T18:00:00Z,1943-10-24T19:00:00+01:00,-826437600000,,0,0,Y,,corrected-archive-csv
162860,Luleå-Kallax Flygplats,13,Rådande väder,"momentanvärde, 1 gång/tim resp 8 gånger/dygn",kod,1943-10-25T01:00:00Z,1943-10-25T02:00:00+01:00,-826412400000,,0,0,Y,,corrected-archive-csv
162860,Luleå-Kallax Flygplats,13,Rådande väder,"momentanvärde, 1 gång/tim resp 8 gånger/dygn",kod,1943-10-25T07:00:00Z,1943-10-25T08:00:00+01:00,-826390800000,,0,0,Y,,corrected-archive-csv
162860,Luleå-Kallax Flygplats,13,Rådande väder,"momentanvärde, 1 gång/tim resp 8 gånger/dygn",kod,1943-10-25T13:00:00Z,1943-10-25T14:00:00+01:00,-826369200000,,0,0,Y,,corrected-archive-csv
162860,Luleå-Kallax Flygplats,13,Rådande väder,"momentanvärde, 1 gång/tim resp 8 gånger/dygn",kod,1943-10-25T18:00:00Z,1943-10-25T19:00:00+01:00,-826351200000,,0,0,Y,,corrected-archive-csv
162860,Luleå-Kallax Flygplats,13,Rådande väder,"momentanvärde, 1 gång/tim resp 8 gånger/dygn",kod,1943-10-26T01:00:00Z,1943-10-26T02:00:00+01:00,-826326000000,,0,0,Y,,corrected-archive-csv
162860,Luleå-Kallax Flygplats,13,Rådande väder,"momentanvärde, 1 gång/tim resp 8 gånger/dygn",kod,1943-10-26T07:00:00Z,1943-10-26T08:00:00+01:00,-826304400000,,73,73,Y,,corrected-archive-csv
162860,Luleå-Kallax Flygplats,13,Rådande väder,"momentanvärde, 1 gång/tim resp 8 gånger/dygn",kod,1943-10-26T13:00:00Z,1943-10-26T14:00:00+01:00,-826282800000,,71,71,Y,,corrected-archive-csv
162860,Luleå-Kallax Flygplats,13,Rådande väder,"momentanvärde, 1 gång/tim resp 8 gånger/dygn",kod,1943-10-26T18:00:00Z,1943-10-26T19:00:00+01:00,-826264800000,,71,71,Y,,corrected-archive-csv
162860,Luleå-Kallax Flygplats,13,Rådande väder,"momentanvärde, 1 gång/tim resp 8 gånger/dygn",kod,1943-10-27T01:00:00Z,1943-10-27T02:00:00+01:00,-826239600000,,0,0,Y,,corrected-archive-csv
162860,Luleå-Kallax Flygplats,13,Rådande väder,"momentanvärde, 1 gång/tim resp 8 gånger/dygn",kod,1943-10-27T07:00:00Z,1943-10-27T08:00:00+01:00,-826218000000,,63,63,Y,,corrected-archive-csv
162860,Luleå-Kallax Flygplats,13,Rådande väder,"momentanvärde, 1 gång/tim resp 8 gånger/dygn",kod,1943-10-27T13:00:00Z,1943-10-27T14:00:00+01:00,-826196400000,,0,0,Y,,corrected-archive-csv
162860,Luleå-Kallax Flygplats,13,Rådande väder,"momentanvärde, 1 gång/tim resp 8 gånger/dygn",kod,1943-10-27T18:00:00Z,1943-10-27T19:00:00+01:00,-826178400000,,0,0,Y,,corrected-archive-csv
162860,Luleå-Kallax Flygplats,13,Rådande väder,"momentanvärde, 1 gång/tim resp 8 gånger/dygn",kod,1943-10-28T01:00:00Z,1943-10-28T02:00:00+01:00,-826153200000,,55,55,Y,,corrected-archive-csv
162860,Luleå-Kallax Flygplats,13,Rådande väder,"momentanvärde, 1 gång/tim resp 8 gånger/dygn",kod,1943-10-28T07:00:00Z,1943-10-28T08:00:00+01:00,-826131600000,,0,0,Y,,corrected-archive-csv
162860,Luleå-Kallax Flygplats,13,Rådande väder,"momentanvärde, 1 gång/tim resp 8 gånger/dygn",kod,1943-10-28T13:00:00Z,1943-10-28T14:00:00+01:00,-826110000000,,44,44,Y,,corrected-archive-csv
162860,Luleå-Kallax Flygplats,13,Rådande väder,"momentanvärde, 1 gång/tim resp 8 gånger/dygn",kod,1943-10-28T18:00:00Z,1943-10-28T19:00:00+01:00,-826092000000,,0,0,Y,,corrected-archive-csv
162860,Luleå-Kallax Flygplats,13,Rådande väder,"momentanvärde, 1 gång/tim resp 8 gånger/dygn",kod,1943-10-29T01:00:00Z,1943-10-29T02:00:00+01:00,-826066800000,,61,61,Y,,corrected-archive-csv
162860,Luleå-Kallax Flygplats,13,Rådande väder,"momentanvärde, 1 gång/tim resp 8 gånger/dygn",kod,1943-10-29T07:00:00Z,1943-10-29T08:00:00+01:00,-826045200000,,61,61,Y,,corrected-archive-csv
162860,Luleå-Kallax Flygplats,13,Rådande väder,"momentanvärde, 1 gång/tim resp 8 gånger/dygn",kod,1943-10-29T13:00:00Z,1943-10-29T14:00:00+01:00,-826023600000,,47,47,Y,,corrected-archive-csv
162860,Luleå-Kallax Flygplats,13,Rådande väder,"momentanvärde, 1 gång/tim resp 8 gånger/dygn",kod,1943-10-29T18:00:00Z,1943-10-29T19:00:00+01:00,-826005600000,,45,45,Y,,corrected-archive-csv
162860,Luleå-Kallax Flygplats,13,Rådande väder,"momentanvärde, 1 gång/tim resp 8 gånger/dygn",kod,1943-10-30T01:00:00Z,1943-10-30T02:00:00+01:00,-825980400000,,0,0,Y,,corrected-archive-csv
162860,Luleå-Kallax Flygplats,13,Rådande väder,"momentanvärde, 1 gång/tim resp 8 gånger/dygn",kod,1943-10-30T07:00:00Z,1943-10-30T08:00:00+01:00,-825958800000,,0,0,Y,,corrected-archive-csv
162860,Luleå-Kallax Flygplats,13,Rådande väder,"momentanvärde, 1 gång/tim resp 8 gånger/dygn",kod,1943-10-30T13:00:00Z,1943-10-30T14:00:00+01:00,-825937200000,,0,0,Y,,corrected-archive-csv
162860,Luleå-Kallax Flygplats,13,Rådande väder,"momentanvärde, 1 gång/tim resp 8 gånger/dygn",kod,1943-10-30T18:00:00Z,1943-10-30T19:00:00+01:00,-825919200000,,0,0,Y,,corrected-archive-csv
162860,Luleå-Kallax Flygplats,13,Rådande väder,"momentanvärde, 1 gång/tim resp 8 gånger/dygn",kod,1943-10-31T01:00:00Z,1943-10-31T02:00:00+01:00,-825894000000,,0,0,Y,,corrected-archive-csv
162860,Luleå-Kallax Flygplats,13,Rådande väder,"momentanvärde, 1 gång/tim resp 8 gånger/dygn",kod,1943-10-31T07:00:00Z,1943-10-31T08:00:00+01:00,-825872400000,,12,12,Y,,corrected-archive-csv
162860,Luleå-Kallax Flygplats,13,Rådande väder,"momentanvärde, 1 gång/tim resp 8 gånger/dygn",kod,1943-10-31T13:00:00Z,1943-10-31T14:00:00+01:00,-825850800000,,0,0,Y,,corrected-archive-csv
162860,Luleå-Kallax Flygplats,13,Rådande väder,"momentanvärde, 1 gång/tim resp 8 gånger/dygn",kod,1943-10-31T18:00:00Z,1943-10-31T19:00:00+01:00,-825832800000,,0,0,Y,,corrected-archive-csv
162860,Luleå-Kallax Flygplats,13,Rådande väder,"momentanvärde, 1 gång/tim resp 8 gånger/dygn",kod,1943-11-01T01:00:00Z,1943-11-01T02:00:00+01:00,-825807600000,,45,45,Y,,corrected-archive-csv
162860,Luleå-Kallax Flygplats,13,Rådande väder,"momentanvärde, 1 gång/tim resp 8 gånger/dygn",kod,1943-11-01T07:00:00Z,1943-11-01T08:00:00+01:00,-825786000000,,0,0,Y,,corrected-archive-csv
162860,Luleå-Kallax Flygplats,13,Rådande väder,"momentanvärde, 1 gång/tim resp 8 gånger/dygn",kod,1943-11-01T13:00:00Z,1943-11-01T14:00:00+01:00,-825764400000,,0,0,Y,,corrected-archive-csv
162860,Luleå-Kallax Flygplats,13,Rådande väder,"momentanvärde, 1 gång/tim resp 8 gånger/dygn",kod,1943-11-01T18:00:00Z,1943-11-01T19:00:00+01:00,-825746400000,,0,0,Y,,corrected-archive-csv
162860,Luleå-Kallax Flygplats,13,Rådande väder,"momentanvärde, 1 gång/tim resp 8 gånger/dygn",kod,1943-11-02T01:00:00Z,1943-11-02T02:00:00+01:00,-825721200000,,0,0,Y,,corrected-archive-csv
162860,Luleå-Kallax Flygplats,13,Rådande väder,"momentanvärde, 1 gång/tim resp 8 gånger/dygn",kod,1943-11-02T07:00:00Z,1943-11-02T08:00:00+01:00,-825699600000,,0,0,Y,,corrected-archive-csv
162860,Luleå-Kallax Flygplats,13,Rådande väder,"momentanvärde, 1 gång/tim resp 8 gånger/dygn",kod,1943-11-02T13:00:00Z,1943-11-02T14:00:00+01:00,-825678000000,,0,0,Y,,corrected-archive-csv
162860,Luleå-Kallax Flygplats,13,Rådande väder,"momentanvärde, 1 gång/tim resp 8 gånger/dygn",kod,1943-11-02T18:00:00Z,1943-11-02T19:00:00+01:00,-825660000000,,0,0,Y,,corrected-archive-csv
162860,Luleå-Kallax Flygplats,13,Rådande väder,"momentanvärde, 1 gång/tim resp 8 gånger/dygn",kod,1943-11-03T01:00:00Z,1943-11-03T02:00:00+01:00,-825634800000,,0,0,Y,,corrected-archive-csv
162860,Luleå-Kallax Flygplats,13,Rådande väder,"momentanvärde, 1 gång/tim resp 8 gånger/dygn",kod,1943-11-03T07:00:00Z,1943-11-03T08:00:00+01:00,-825613200000,,0,0,Y,,corrected-archive-csv
162860,Luleå-Kallax Flygplats,13,Rådande väder,"momentanvärde, 1 gång/tim resp 8 gånger/dygn",kod,1943-11-03T13:00:00Z,1943-11-03T14:00:00+01:00,-825591600000,,0,0,Y,,corrected-archive-csv
162860,Luleå-Kallax Flygplats,13,Rådande väder,"momentanvärde, 1 gång/tim resp 8 gånger/dygn",kod,1943-11-03T18:00:00Z,1943-11-03T19:00:00+01:00,-825573600000,,0,0,Y,,corrected-archive-csv
162860,Luleå-Kallax Flygplats,13,Rådande väder,"momentanvärde, 1 gång/tim resp 8 gånger/dygn",kod,1943-11-04T01:00:00Z,1943-11-04T02:00:00+01:00,-825548400000,,0,0,Y,,corrected-archive-csv
162860,Luleå-Kallax Flygplats,13,Rådande väder,"momentanvärde, 1 gång/tim resp 8 gånger/dygn",kod,1943-11-04T07:00:00Z,1943-11-04T08:00:00+01:00,-825526800000,,0,0,Y,,corrected-archive-csv
162860,Luleå-Kallax Flygplats,13,Rådande väder,"momentanvärde, 1 gång/tim resp 8 gånger/dygn",kod,1943-11-04T13:00:00Z,1943-11-04T14:00:00+01:00,-825505200000,,0,0,Y,,corrected-archive-csv
162860,Luleå-Kallax Flygplats,13,Rådande väder,"momentanvärde, 1 gång/tim resp 8 gånger/dygn",kod,1943-11-04T18:00:00Z,1943-11-04T19:00:00+01:00,-825487200000,,0,0,Y,,corrected-archive-csv
162860,Luleå-Kallax Flygplats,13,Rådande väder,"momentanvärde, 1 gång/tim resp 8 gånger/dygn",kod,1943-11-05T01:00:00Z,1943-11-05T02:00:00+01:00,-825462000000,,0,0,Y,,corrected-archive-csv
162860,Luleå-Kallax Flygplats,13,Rådande väder,"momentanvärde, 1 gång/tim resp 8 gånger/dygn",kod,1943-11-05T07:00:00Z,1943-11-05T08:00:00+01:00,-825440400000,,0,0,Y,,corrected-archive-csv
162860,Luleå-Kallax Flygplats,13,Rådande väder,"momentanvärde, 1 gång/tim resp 8 gånger/dygn",kod,1943-11-05T13:00:00Z,1943-11-05T14:00:00+01:00,-825418800000,,0,0,Y,,corrected-archive-csv
162860,Luleå-Kallax Flygplats,13,Rådande väder,"momentanvärde, 1 gång/tim resp 8 gånger/dygn",kod,1943-11-05T18:00:00Z,1943-11-05T19:00:00+01:00,-825400800000,,0,0,Y,,corrected-archive-csv
162860,Luleå-Kallax Flygplats,13,Rådande väder,"momentanvärde, 1 gång/tim resp 8 gånger/dygn",kod,1943-11-06T01:00:00Z,1943-11-06T02:00:00+01:00,-825375600000,,0,0,Y,,corrected-archive-csv
162860,Luleå-Kallax Flygplats,13,Rådande väder,"momentanvärde, 1 gång/tim resp 8 gånger/dygn",kod,1943-11-06T07:00:00Z,1943-11-06T08:00:00+01:00,-825354000000,,0,0,Y,,corrected-archive-csv
162860,Luleå-Kallax Flygplats,13,Rådande väder,"momentanvärde, 1 gång/tim resp 8 gånger/dygn",kod,1943-11-06T13:00:00Z,1943-11-06T14:00:00+01:00,-825332400000,,60,60,Y,,corrected-archive-csv
162860,Luleå-Kallax Flygplats,13,Rådande väder,"momentanvärde, 1 gång/tim resp 8 gånger/dygn",kod,1943-11-06T18:00:00Z,1943-11-06T19:00:00+01:00,-825314400000,,50,50,Y,,corrected-archive-csv
162860,Luleå-Kallax Flygplats,13,Rådande väder,"momentanvärde, 1 gång/tim resp 8 gånger/dygn",kod,1943-11-07T01:00:00Z,1943-11-07T02:00:00+01:00,-825289200000,,0,0,Y,,corrected-archive-csv
162860,Luleå-Kallax Flygplats,13,Rådande väder,"momentanvärde, 1 gång/tim resp 8 gånger/dygn",kod,1943-11-07T07:00:00Z,1943-11-07T08:00:00+01:00,-825267600000,,0,0,Y,,corrected-archive-csv
162860,Luleå-Kallax Flygplats,13,Rådande väder,"momentanvärde, 1 gång/tim resp 8 gånger/dygn",kod,1943-11-07T13:00:00Z,1943-11-07T14:00:00+01:00,-825246000000,,0,0,Y,,corrected-archive-csv
162860,Luleå-Kallax Flygplats,13,Rådande väder,"momentanvärde, 1 gång/tim resp 8 gånger/dygn",kod,1943-11-07T18:00:00Z,1943-11-07T19:00:00+01:00,-825228000000,,60,60,Y,,corrected-archive-csv
162860,Luleå-Kallax Flygplats,13,Rådande väder,"momentanvärde, 1 gång/tim resp 8 gånger/dygn",kod,1943-11-08T01:00:00Z,1943-11-08T02:00:00+01:00,-825202800000,,71,71,Y,,corrected-archive-csv
162860,Luleå-Kallax Flygplats,13,Rådande väder,"momentanvärde, 1 gång/tim resp 8 gånger/dygn",kod,1943-11-08T07:00:00Z,1943-11-08T08:00:00+01:00,-825181200000,,0,0,Y,,corrected-archive-csv
162860,Luleå-Kallax Flygplats,13,Rådande väder,"momentanvärde, 1 gång/tim resp 8 gånger/dygn",kod,1943-11-08T13:00:00Z,1943-11-08T14:00:00+01:00,-825159600000,,0,0,Y,,corrected-archive-csv
162860,Luleå-Kallax Flygplats,13,Rådande väder,"momentanvärde, 1 gång/tim resp 8 gånger/dygn",kod,1943-11-08T18:00:00Z,1943-11-08T19:00:00+01:00,-825141600000,,0,0,Y,,corrected-archive-csv
162860,Luleå-Kallax Flygplats,13,Rådande väder,"momentanvärde, 1 gång/tim resp 8 gånger/dygn",kod,1943-11-09T01:00:00Z,1943-11-09T02:00:00+01:00,-825116400000,,0,0,Y,,corrected-archive-csv
162860,Luleå-Kallax Flygplats,13,Rådande väder,"momentanvärde, 1 gång/tim resp 8 gånger/dygn",kod,1943-11-09T07:00:00Z,1943-11-09T08:00:00+01:00,-825094800000,,0,0,Y,,corrected-archive-csv
162860,Luleå-Kallax Flygplats,13,Rådande väder,"momentanvärde, 1 gång/tim resp 8 gånger/dygn",kod,1943-11-09T13:00:00Z,1943-11-09T14:00:00+01:00,-825073200000,,0,0,Y,,corrected-archive-csv
162860,Luleå-Kallax Flygplats,13,Rådande väder,"momentanvärde, 1 gång/tim resp 8 gånger/dygn",kod,1943-11-09T18:00:00Z,1943-11-09T19:00:00+01:00,-825055200000,,0,0,Y,,corrected-archive-csv
162860,Luleå-Kallax Flygplats,13,Rådande väder,"momentanvärde, 1 gång/tim resp 8 gånger/dygn",kod,1943-11-10T01:00:00Z,1943-11-10T02:00:00+01:00,-825030000000,,0,0,Y,,corrected-archive-csv
162860,Luleå-Kallax Flygplats,13,Rådande väder,"momentanvärde, 1 gång/tim resp 8 gånger/dygn",kod,1943-11-10T07:00:00Z,1943-11-10T08:00:00+01:00,-825008400000,,0,0,Y,,corrected-archive-csv
162860,Luleå-Kallax Flygplats,13,Rådande väder,"momentanvärde, 1 gång/tim resp 8 gånger/dygn",kod,1943-11-10T13:00:00Z,1943-11-10T14:00:00+01:00,-824986800000,,0,0,Y,,corrected-archive-csv
162860,Luleå-Kallax Flygplats,13,Rådande väder,"momentanvärde, 1 gång/tim resp 8 gånger/dygn",kod,1943-11-11T01:00:00Z,1943-11-11T02:00:00+01:00,-824943600000,,60,60,Y,,corrected-archive-csv
162860,Luleå-Kallax Flygplats,13,Rådande väder,"momentanvärde, 1 gång/tim resp 8 gånger/dygn",kod,1943-11-11T07:00:00Z,1943-11-11T08:00:00+01:00,-824922000000,,50,50,Y,,corrected-archive-csv
162860,Luleå-Kallax Flygplats,13,Rådande väder,"momentanvärde, 1 gång/tim resp 8 gånger/dygn",kod,1943-11-11T13:00:00Z,1943-11-11T14:00:00+01:00,-824900400000,,61,61,Y,,corrected-archive-csv
162860,Luleå-Kallax Flygplats,13,Rådande väder,"momentanvärde, 1 gång/tim resp 8 gånger/dygn",kod,1943-11-11T18:00:00Z,1943-11-11T19:00:00+01:00,-824882400000,,0,0,Y,,corrected-archive-csv
162860,Luleå-Kallax Flygplats,13,Rådande väder,"momentanvärde, 1 gång/tim resp 8 gånger/dygn",kod,1943-11-12T01:00:00Z,1943-11-12T02:00:00+01:00,-824857200000,,0,0,Y,,corrected-archive-csv
162860,Luleå-Kallax Flygplats,13,Rådande väder,"momentanvärde, 1 gång/tim resp 8 gånger/dygn",kod,1943-11-12T07:00:00Z,1943-11-12T08:00:00+01:00,-824835600000,,0,0,Y,,corrected-archive-csv
162860,Luleå-Kallax Flygplats,13,Rådande väder,"momentanvärde, 1 gång/tim resp 8 gånger/dygn",kod,1943-11-12T13:00:00Z,1943-11-12T14:00:00+01:00,-824814000000,,0,0,Y,,corrected-archive-csv
162860,Luleå-Kallax Flygplats,13,Rådande väder,"momentanvärde, 1 gång/tim resp 8 gånger/dygn",kod,1943-11-12T18:00:00Z,1943-11-12T19:00:00+01:00,-824796000000,,0,0,Y,,corrected-archive-csv
162860,Luleå-Kallax Flygplats,13,Rådande väder,"momentanvärde, 1 gång/tim resp 8 gånger/dygn",kod,1943-11-13T01:00:00Z,1943-11-13T02:00:00+01:00,-824770800000,,0,0,Y,,corrected-archive-csv
162860,Luleå-Kallax Flygplats,13,Rådande väder,"momentanvärde, 1 gång/tim resp 8 gånger/dygn",kod,1943-11-13T07:00:00Z,1943-11-13T08:00:00+01:00,-824749200000,,71,71,Y,,corrected-archive-csv
162860,Luleå-Kallax Flygplats,13,Rådande väder,"momentanvärde, 1 gång/tim resp 8 gånger/dygn",kod,1943-11-13T13:00:00Z,1943-11-13T14:00:00+01:00,-824727600000,,71,71,Y,,corrected-archive-csv
162860,Luleå-Kallax Flygplats,13,Rådande väder,"momentanvärde, 1 gång/tim resp 8 gånger/dygn",kod,1943-11-13T18:00:00Z,1943-11-13T19:00:00+01:00,-824709600000,,0,0,Y,,corrected-archive-csv
162860,Luleå-Kallax Flygplats,13,Rådande väder,"momentanvärde, 1 gång/tim resp 8 gånger/dygn",kod,1943-11-14T01:00:00Z,1943-11-14T02:00:00+01:00,-824684400000,,73,73,Y,,corrected-archive-csv
162860,Luleå-Kallax Flygplats,13,Rådande väder,"momentanvärde, 1 gång/tim resp 8 gånger/dygn",kod,1943-11-14T07:00:00Z,1943-11-14T08:00:00+01:00,-824662800000,,71,71,Y,,corrected-archive-csv
162860,Luleå-Kallax Flygplats,13,Rådande väder,"momentanvärde, 1 gång/tim resp 8 gånger/dygn",kod,1943-11-14T13:00:00Z,1943-11-14T14:00:00+01:00,-824641200000,,70,70,Y,,corrected-archive-csv
162860,Luleå-Kallax Flygplats,13,Rådande väder,"momentanvärde, 1 gång/tim resp 8 gånger/dygn",kod,1943-11-14T18:00:00Z,1943-11-14T19:00:00+01:00,-824623200000,,73,73,Y,,corrected-archive-csv
162860,Luleå-Kallax Flygplats,13,Rådande väder,"momentanvärde, 1 gång/tim resp 8 gånger/dygn",kod,1943-11-15T01:00:00Z,1943-11-15T02:00:00+01:00,-824598000000,,75,75,Y,,corrected-archive-csv
162860,Luleå-Kallax Flygplats,13,Rådande väder,"momentanvärde, 1 gång/tim resp 8 gånger/dygn",kod,1943-11-15T07:00:00Z,1943-11-15T08:00:00+01:00,-824576400000,,0,0,Y,,corrected-archive-csv
162860,Luleå-Kallax Flygplats,13,Rådande väder,"momentanvärde, 1 gång/tim resp 8 gånger/dygn",kod,1943-11-15T13:00:00Z,1943-11-15T14:00:00+01:00,-824554800000,,0,0,Y,,corrected-archive-csv
162860,Luleå-Kallax Flygplats,13,Rådande väder,"momentanvärde, 1 gång/tim resp 8 gånger/dygn",kod,1943-11-15T18:00:00Z,1943-11-15T19:00:00+01:00,-824536800000,,0,0,Y,,corrected-archive-csv
162860,Luleå-Kallax Flygplats,13,Rådande väder,"momentanvärde, 1 gång/tim resp 8 gånger/dygn",kod,1943-11-16T01:00:00Z,1943-11-16T02:00:00+01:00,-824511600000,,71,71,Y,,corrected-archive-csv
162860,Luleå-Kallax Flygplats,13,Rådande väder,"momentanvärde, 1 gång/tim resp 8 gånger/dygn",kod,1943-11-16T07:00:00Z,1943-11-16T08:00:00+01:00,-824490000000,,0,0,Y,,corrected-archive-csv
162860,Luleå-Kallax Flygplats,13,Rådande väder,"momentanvärde, 1 gång/tim resp 8 gånger/dygn",kod,1943-11-16T13:00:00Z,1943-11-16T14:00:00+01:00,-824468400000,,0,0,Y,,corrected-archive-csv
162860,Luleå-Kallax Flygplats,13,Rådande väder,"momentanvärde, 1 gång/tim resp 8 gånger/dygn",kod,1943-11-16T18:00:00Z,1943-11-16T19:00:00+01:00,-824450400000,,0,0,Y,,corrected-archive-csv
162860,Luleå-Kallax Flygplats,13,Rådande väder,"momentanvärde, 1 gång/tim resp 8 gånger/dygn",kod,1943-11-17T01:00:00Z,1943-11-17T02:00:00+01:00,-824425200000,,0,0,Y,,corrected-archive-csv
162860,Luleå-Kallax Flygplats,13,Rådande väder,"momentanvärde, 1 gång/tim resp 8 gånger/dygn",kod,1943-11-17T07:00:00Z,1943-11-17T08:00:00+01:00,-824403600000,,73,73,Y,,corrected-archive-csv
162860,Luleå-Kallax Flygplats,13,Rådande väder,"momentanvärde, 1 gång/tim resp 8 gånger/dygn",kod,1943-11-17T13:00:00Z,1943-11-17T14:00:00+01:00,-824382000000,,73,73,Y,,corrected-archive-csv
162860,Luleå-Kallax Flygplats,13,Rådande väder,"momentanvärde, 1 gång/tim resp 8 gånger/dygn",kod,1943-11-17T18:00:00Z,1943-11-17T19:00:00+01:00,-824364000000,,0,0,Y,,corrected-archive-csv
162860,Luleå-Kallax Flygplats,13,Rådande väder,"momentanvärde, 1 gång/tim resp 8 gånger/dygn",kod,1943-11-18T01:00:00Z,1943-11-18T02:00:00+01:00,-824338800000,,0,0,Y,,corrected-archive-csv
162860,Luleå-Kallax Flygplats,13,Rådande väder,"momentanvärde, 1 gång/tim resp 8 gånger/dygn",kod,1943-11-18T07:00:00Z,1943-11-18T08:00:00+01:00,-824317200000,,0,0,Y,,corrected-archive-csv
162860,Luleå-Kallax Flygplats,13,Rådande väder,"momentanvärde, 1 gång/tim resp 8 gånger/dygn",kod,1943-11-18T13:00:00Z,1943-11-18T14:00:00+01:00,-824295600000,,0,0,Y,,corrected-archive-csv
162860,Luleå-Kallax Flygplats,13,Rådande väder,"momentanvärde, 1 gång/tim resp 8 gånger/dygn",kod,1943-11-18T18:00:00Z,1943-11-18T19:00:00+01:00,-824277600000,,0,0,Y,,corrected-archive-csv
162860,Luleå-Kallax Flygplats,13,Rådande väder,"momentanvärde, 1 gång/tim resp 8 gånger/dygn",kod,1943-11-19T01:00:00Z,1943-11-19T02:00:00+01:00,-824252400000,,0,0,Y,,corrected-archive-csv
162860,Luleå-Kallax Flygplats,13,Rådande väder,"momentanvärde, 1 gång/tim resp 8 gånger/dygn",kod,1943-11-19T07:00:00Z,1943-11-19T08:00:00+01:00,-824230800000,,0,0,Y,,corrected-archive-csv
162860,Luleå-Kallax Flygplats,13,Rådande väder,"momentanvärde, 1 gång/tim resp 8 gånger/dygn",kod,1943-11-19T13:00:00Z,1943-11-19T14:00:00+01:00,-824209200000,,0,0,Y,,corrected-archive-csv
162860,Luleå-Kallax Flygplats,13,Rådande väder,"momentanvärde, 1 gång/tim resp 8 gånger/dygn",kod,1943-11-19T18:00:00Z,1943-11-19T19:00:00+01:00,-824191200000,,0,0,Y,,corrected-archive-csv
162860,Luleå-Kallax Flygplats,13,Rådande väder,"momentanvärde, 1 gång/tim resp 8 gånger/dygn",kod,1943-11-20T01:00:00Z,1943-11-20T02:00:00+01:00,-824166000000,,70,70,Y,,corrected-archive-csv
162860,Luleå-Kallax Flygplats,13,Rådande väder,"momentanvärde, 1 gång/tim resp 8 gånger/dygn",kod,1943-11-20T07:00:00Z,1943-11-20T08:00:00+01:00,-824144400000,,0,0,Y,,corrected-archive-csv
162860,Luleå-Kallax Flygplats,13,Rådande väder,"momentanvärde, 1 gång/tim resp 8 gånger/dygn",kod,1943-11-20T13:00:00Z,1943-11-20T14:00:00+01:00,-824122800000,,0,0,Y,,corrected-archive-csv
162860,Luleå-Kallax Flygplats,13,Rådande väder,"momentanvärde, 1 gång/tim resp 8 gånger/dygn",kod,1943-11-20T18:00:00Z,1943-11-20T19:00:00+01:00,-824104800000,,0,0,Y,,corrected-archive-csv
162860,Luleå-Kallax Flygplats,13,Rådande väder,"momentanvärde, 1 gång/tim resp 8 gånger/dygn",kod,1943-11-21T01:00:00Z,1943-11-21T02:00:00+01:00,-824079600000,,0,0,Y,,corrected-archive-csv
162860,Luleå-Kallax Flygplats,13,Rådande väder,"momentanvärde, 1 gång/tim resp 8 gånger/dygn",kod,1943-11-21T07:00:00Z,1943-11-21T08:00:00+01:00,-824058000000,,0,0,Y,,corrected-archive-csv
162860,Luleå-Kallax Flygplats,13,Rådande väder,"momentanvärde, 1 gång/tim resp 8 gånger/dygn",kod,1943-11-21T13:00:00Z,1943-11-21T14:00:00+01:00,-824036400000,,0,0,Y,,corrected-archive-csv
162860,Luleå-Kallax Flygplats,13,Rådande väder,"momentanvärde, 1 gång/tim resp 8 gånger/dygn",kod,1943-11-21T18:00:00Z,1943-11-21T19:00:00+01:00,-824018400000,,71,71,Y,,corrected-archive-csv
162860,Luleå-Kallax Flygplats,13,Rådande väder,"momentanvärde, 1 gång/tim resp 8 gånger/dygn",kod,1943-11-22T01:00:00Z,1943-11-22T02:00:00+01:00,-823993200000,,0,0,Y,,corrected-archive-csv
162860,Luleå-Kallax Flygplats,13,Rådande väder,"momentanvärde, 1 gång/tim resp 8 gånger/dygn",kod,1943-11-22T07:00:00Z,1943-11-22T08:00:00+01:00,-823971600000,,28,28,Y,,corrected-archive-csv
162860,Luleå-Kallax Flygplats,13,Rådande väder,"momentanvärde, 1 gång/tim resp 8 gånger/dygn",kod,1943-11-22T13:00:00Z,1943-11-22T14:00:00+01:00,-823950000000,,0,0,Y,,corrected-archive-csv
162860,Luleå-Kallax Flygplats,13,Rådande väder,"momentanvärde, 1 gång/tim resp 8 gånger/dygn",kod,1943-11-22T18:00:00Z,1943-11-22T19:00:00+01:00,-823932000000,,12,12,Y,,corrected-archive-csv
162860,Luleå-Kallax Flygplats,13,Rådande väder,"momentanvärde, 1 gång/tim resp 8 gånger/dygn",kod,1943-11-23T01:00:00Z,1943-11-23T02:00:00+01:00,-823906800000,,46,46,Y,,corrected-archive-csv
162860,Luleå-Kallax Flygplats,13,Rådande väder,"momentanvärde, 1 gång/tim resp 8 gånger/dygn",kod,1943-11-23T07:00:00Z,1943-11-23T08:00:00+01:00,-823885200000,,51,51,Y,,corrected-archive-csv
162860,Luleå-Kallax Flygplats,13,Rådande väder,"momentanvärde, 1 gång/tim resp 8 gånger/dygn",kod,1943-11-23T13:00:00Z,1943-11-23T14:00:00+01:00,-823863600000,,51,51,Y,,corrected-archive-csv
162860,Luleå-Kallax Flygplats,13,Rådande väder,"momentanvärde, 1 gång/tim resp 8 gånger/dygn",kod,1943-11-23T18:00:00Z,1943-11-23T19:00:00+01:00,-823845600000,,61,61,Y,,corrected-archive-csv
162860,Luleå-Kallax Flygplats,13,Rådande väder,"momentanvärde, 1 gång/tim resp 8 gånger/dygn",kod,1943-11-24T01:00:00Z,1943-11-24T02:00:00+01:00,-823820400000,,61,61,Y,,corrected-archive-csv
162860,Luleå-Kallax Flygplats,13,Rådande väder,"momentanvärde, 1 gång/tim resp 8 gånger/dygn",kod,1943-11-24T07:00:00Z,1943-11-24T08:00:00+01:00,-823798800000,,0,0,Y,,corrected-archive-csv
162860,Luleå-Kallax Flygplats,13,Rådande väder,"momentanvärde, 1 gång/tim resp 8 gånger/dygn",kod,1943-11-24T13:00:00Z,1943-11-24T14:00:00+01:00,-823777200000,,0,0,Y,,corrected-archive-csv
162860,Luleå-Kallax Flygplats,13,Rådande väder,"momentanvärde, 1 gång/tim resp 8 gånger/dygn",kod,1943-11-24T18:00:00Z,1943-11-24T19:00:00+01:00,-823759200000,,0,0,Y,,corrected-archive-csv
162860,Luleå-Kallax Flygplats,13,Rådande väder,"momentanvärde, 1 gång/tim resp 8 gånger/dygn",kod,1943-11-25T01:00:00Z,1943-11-25T02:00:00+01:00,-823734000000,,60,60,Y,,corrected-archive-csv
162860,Luleå-Kallax Flygplats,13,Rådande väder,"momentanvärde, 1 gång/tim resp 8 gånger/dygn",kod,1943-11-25T07:00:00Z,1943-11-25T08:00:00+01:00,-823712400000,,0,0,Y,,corrected-archive-csv
162860,Luleå-Kallax Flygplats,13,Rådande väder,"momentanvärde, 1 gång/tim resp 8 gånger/dygn",kod,1943-11-25T13:00:00Z,1943-11-25T14:00:00+01:00,-823690800000,,61,61,Y,,corrected-archive-csv
162860,Luleå-Kallax Flygplats,13,Rådande väder,"momentanvärde, 1 gång/tim resp 8 gånger/dygn",kod,1943-11-25T18:00:00Z,1943-11-25T19:00:00+01:00,-823672800000,,0,0,Y,,corrected-archive-csv
162860,Luleå-Kallax Flygplats,13,Rådande väder,"momentanvärde, 1 gång/tim resp 8 gånger/dygn",kod,1943-11-26T01:00:00Z,1943-11-26T02:00:00+01:00,-823647600000,,61,61,Y,,corrected-archive-csv
162860,Luleå-Kallax Flygplats,13,Rådande väder,"momentanvärde, 1 gång/tim resp 8 gånger/dygn",kod,1943-11-26T07:00:00Z,1943-11-26T08:00:00+01:00,-823626000000,,0,0,Y,,corrected-archive-csv
162860,Luleå-Kallax Flygplats,13,Rådande väder,"momentanvärde, 1 gång/tim resp 8 gånger/dygn",kod,1943-11-26T13:00:00Z,1943-11-26T14:00:00+01:00,-823604400000,,45,45,Y,,corrected-archive-csv
162860,Luleå-Kallax Flygplats,13,Rådande väder,"momentanvärde, 1 gång/tim resp 8 gånger/dygn",kod,1943-11-26T18:00:00Z,1943-11-26T19:00:00+01:00,-823586400000,,45,45,Y,,corrected-archive-csv
162860,Luleå-Kallax Flygplats,13,Rådande väder,"momentanvärde, 1 gång/tim resp 8 gånger/dygn",kod,1943-11-27T01:00:00Z,1943-11-27T02:00:00+01:00,-823561200000,,0,0,Y,,corrected-archive-csv
162860,Luleå-Kallax Flygplats,13,Rådande väder,"momentanvärde, 1 gång/tim resp 8 gånger/dygn",kod,1943-11-27T07:00:00Z,1943-11-27T08:00:00+01:00,-823539600000,,10,10,Y,,corrected-archive-csv
162860,Luleå-Kallax Flygplats,13,Rådande väder,"momentanvärde, 1 gång/tim resp 8 gånger/dygn",kod,1943-11-27T13:00:00Z,1943-11-27T14:00:00+01:00,-823518000000,,0,0,Y,,corrected-archive-csv
162860,Luleå-Kallax Flygplats,13,Rådande väder,"momentanvärde, 1 gång/tim resp 8 gånger/dygn",kod,1943-11-27T18:00:00Z,1943-11-27T19:00:00+01:00,-823500000000,,0,0,Y,,corrected-archive-csv
162860,Luleå-Kallax Flygplats,13,Rådande väder,"momentanvärde, 1 gång/tim resp 8 gånger/dygn",kod,1943-11-28T01:00:00Z,1943-11-28T02:00:00+01:00,-823474800000,,0,0,Y,,corrected-archive-csv
162860,Luleå-Kallax Flygplats,13,Rådande väder,"momentanvärde, 1 gång/tim resp 8 gånger/dygn",kod,1943-11-28T07:00:00Z,1943-11-28T08:00:00+01:00,-823453200000,,0,0,Y,,corrected-archive-csv
162860,Luleå-Kallax Flygplats,13,Rådande väder,"momentanvärde, 1 gång/tim resp 8 gånger/dygn",kod,1943-11-28T13:00:00Z,1943-11-28T14:00:00+01:00,-823431600000,,22,22,Y,,corrected-archive-csv
162860,Luleå-Kallax Flygplats,13,Rådande väder,"momentanvärde, 1 gång/tim resp 8 gånger/dygn",kod,1943-11-28T18:00:00Z,1943-11-28T19:00:00+01:00,-823413600000,,71,71,Y,,corrected-archive-csv
162860,Luleå-Kallax Flygplats,13,Rådande väder,"momentanvärde, 1 gång/tim resp 8 gånger/dygn",kod,1943-11-29T01:00:00Z,1943-11-29T02:00:00+01:00,-823388400000,,73,73,Y,,corrected-archive-csv
162860,Luleå-Kallax Flygplats,13,Rådande väder,"momentanvärde, 1 gång/tim resp 8 gånger/dygn",kod,1943-11-29T07:00:00Z,1943-11-29T08:00:00+01:00,-823366800000,,71,71,Y,,corrected-archive-csv
162860,Luleå-Kallax Flygplats,13,Rådande väder,"momentanvärde, 1 gång/tim resp 8 gånger/dygn",kod,1943-11-29T13:00:00Z,1943-11-29T14:00:00+01:00,-823345200000,,70,70,Y,,corrected-archive-csv
162860,Luleå-Kallax Flygplats,13,Rådande väder,"momentanvärde, 1 gång/tim resp 8 gånger/dygn",kod,1943-11-29T18:00:00Z,1943-11-29T19:00:00+01:00,-823327200000,,70,70,Y,,corrected-archive-csv
162860,Luleå-Kallax Flygplats,13,Rådande väder,"momentanvärde, 1 gång/tim resp 8 gånger/dygn",kod,1943-11-30T01:00:00Z,1943-11-30T02:00:00+01:00,-823302000000,,0,0,Y,,corrected-archive-csv
162860,Luleå-Kallax Flygplats,13,Rådande väder,"momentanvärde, 1 gång/tim resp 8 gånger/dygn",kod,1943-11-30T07:00:00Z,1943-11-30T08:00:00+01:00,-823280400000,,71,71,Y,,corrected-archive-csv
162860,Luleå-Kallax Flygplats,13,Rådande väder,"momentanvärde, 1 gång/tim resp 8 gånger/dygn",kod,1943-11-30T13:00:00Z,1943-11-30T14:00:00+01:00,-823258800000,,70,70,Y,,corrected-archive-csv
162860,Luleå-Kallax Flygplats,13,Rådande väder,"momentanvärde, 1 gång/tim resp 8 gånger/dygn",kod,1943-11-30T18:00:00Z,1943-11-30T19:00:00+01:00,-823240800000,,73,73,Y,,corrected-archive-csv
162860,Luleå-Kallax Flygplats,13,Rådande väder,"momentanvärde, 1 gång/tim resp 8 gånger/dygn",kod,1943-12-01T01:00:00Z,1943-12-01T02:00:00+01:00,-823215600000,,0,0,Y,,corrected-archive-csv
162860,Luleå-Kallax Flygplats,13,Rådande väder,"momentanvärde, 1 gång/tim resp 8 gånger/dygn",kod,1943-12-01T07:00:00Z,1943-12-01T08:00:00+01:00,-823194000000,,0,0,Y,,corrected-archive-csv
162860,Luleå-Kallax Flygplats,13,Rådande väder,"momentanvärde, 1 gång/tim resp 8 gånger/dygn",kod,1943-12-01T13:00:00Z,1943-12-01T14:00:00+01:00,-823172400000,,71,71,Y,,corrected-archive-csv
162860,Luleå-Kallax Flygplats,13,Rådande väder,"momentanvärde, 1 gång/tim resp 8 gånger/dygn",kod,1943-12-01T18:00:00Z,1943-12-01T19:00:00+01:00,-823154400000,,0,0,Y,,corrected-archive-csv
162860,Luleå-Kallax Flygplats,13,Rådande väder,"momentanvärde, 1 gång/tim resp 8 gånger/dygn",kod,1943-12-02T01:00:00Z,1943-12-02T02:00:00+01:00,-823129200000,,0,0,Y,,corrected-archive-csv
162860,Luleå-Kallax Flygplats,13,Rådande väder,"momentanvärde, 1 gång/tim resp 8 gånger/dygn",kod,1943-12-02T07:00:00Z,1943-12-02T08:00:00+01:00,-823107600000,,0,0,Y,,corrected-archive-csv
162860,Luleå-Kallax Flygplats,13,Rådande väder,"momentanvärde, 1 gång/tim resp 8 gånger/dygn",kod,1943-12-02T13:00:00Z,1943-12-02T14:00:00+01:00,-823086000000,,0,0,Y,,corrected-archive-csv
162860,Luleå-Kallax Flygplats,13,Rådande väder,"momentanvärde, 1 gång/tim resp 8 gånger/dygn",kod,1943-12-02T18:00:00Z,1943-12-02T19:00:00+01:00,-823068000000,,0,0,Y,,corrected-archive-csv
162860,Luleå-Kallax Flygplats,13,Rådande väder,"momentanvärde, 1 gång/tim resp 8 gånger/dygn",kod,1943-12-03T01:00:00Z,1943-12-03T02:00:00+01:00,-823042800000,,0,0,Y,,corrected-archive-csv
162860,Luleå-Kallax Flygplats,13,Rådande väder,"momentanvärde, 1 gång/tim resp 8 gånger/dygn",kod,1943-12-03T07:00:00Z,1943-12-03T08:00:00+01:00,-823021200000,,0,0,Y,,corrected-archive-csv
162860,Luleå-Kallax Flygplats,13,Rådande väder,"momentanvärde, 1 gång/tim resp 8 gånger/dygn",kod,1943-12-03T13:00:00Z,1943-12-03T14:00:00+01:00,-822999600000,,0,0,Y,,corrected-archive-csv
162860,Luleå-Kallax Flygplats,13,Rådande väder,"momentanvärde, 1 gång/tim resp 8 gånger/dygn",kod,1943-12-03T18:00:00Z,1943-12-03T19:00:00+01:00,-822981600000,,71,71,Y,,corrected-archive-csv
162860,Luleå-Kallax Flygplats,13,Rådande väder,"momentanvärde, 1 gång/tim resp 8 gånger/dygn",kod,1943-12-04T01:00:00Z,1943-12-04T02:00:00+01:00,-822956400000,,0,0,Y,,corrected-archive-csv
162860,Luleå-Kallax Flygplats,13,Rådande väder,"momentanvärde, 1 gång/tim resp 8 gånger/dygn",kod,1943-12-04T07:00:00Z,1943-12-04T08:00:00+01:00,-822934800000,,0,0,Y,,corrected-archive-csv
162860,Luleå-Kallax Flygplats,13,Rådande väder,"momentanvärde, 1 gång/tim resp 8 gånger/dygn",kod,1943-12-04T13:00:00Z,1943-12-04T14:00:00+01:00,-822913200000,,0,0,Y,,corrected-archive-csv
162860,Luleå-Kallax Flygplats,13,Rådande väder,"momentanvärde, 1 gång/tim resp 8 gånger/dygn",kod,1943-12-04T18:00:00Z,1943-12-04T19:00:00+01:00,-822895200000,,0,0,Y,,corrected-archive-csv
162860,Luleå-Kallax Flygplats,13,Rådande väder,"momentanvärde, 1 gång/tim resp 8 gånger/dygn",kod,1943-12-05T01:00:00Z,1943-12-05T02:00:00+01:00,-822870000000,,0,0,Y,,corrected-archive-csv
162860,Luleå-Kallax Flygplats,13,Rådande väder,"momentanvärde, 1 gång/tim resp 8 gånger/dygn",kod,1943-12-05T07:00:00Z,1943-12-05T08:00:00+01:00,-822848400000,,0,0,Y,,corrected-archive-csv
162860,Luleå-Kallax Flygplats,13,Rådande väder,"momentanvärde, 1 gång/tim resp 8 gånger/dygn",kod,1943-12-05T13:00:00Z,1943-12-05T14:00:00+01:00,-822826800000,,0,0,Y,,corrected-archive-csv
162860,Luleå-Kallax Flygplats,13,Rådande väder,"momentanvärde, 1 gång/tim resp 8 gånger/dygn",kod,1943-12-05T18:00:00Z,1943-12-05T19:00:00+01:00,-822808800000,,0,0,Y,,corrected-archive-csv
162860,Luleå-Kallax Flygplats,13,Rådande väder,"momentanvärde, 1 gång/tim resp 8 gånger/dygn",kod,1943-12-06T01:00:00Z,1943-12-06T02:00:00+01:00,-822783600000,,0,0,Y,,corrected-archive-csv
162860,Luleå-Kallax Flygplats,13,Rådande väder,"momentanvärde, 1 gång/tim resp 8 gånger/dygn",kod,1943-12-06T07:00:00Z,1943-12-06T08:00:00+01:00,-822762000000,,0,0,Y,,corrected-archive-csv
162860,Luleå-Kallax Flygplats,13,Rådande väder,"momentanvärde, 1 gång/tim resp 8 gånger/dygn",kod,1943-12-06T13:00:00Z,1943-12-06T14:00:00+01:00,-822740400000,,0,0,Y,,corrected-archive-csv
162860,Luleå-Kallax Flygplats,13,Rådande väder,"momentanvärde, 1 gång/tim resp 8 gånger/dygn",kod,1943-12-06T18:00:00Z,1943-12-06T19:00:00+01:00,-822722400000,,0,0,Y,,corrected-archive-csv
162860,Luleå-Kallax Flygplats,13,Rådande väder,"momentanvärde, 1 gång/tim resp 8 gånger/dygn",kod,1943-12-07T01:00:00Z,1943-12-07T02:00:00+01:00,-822697200000,,0,0,Y,,corrected-archive-csv
162860,Luleå-Kallax Flygplats,13,Rådande väder,"momentanvärde, 1 gång/tim resp 8 gånger/dygn",kod,1943-12-07T07:00:00Z,1943-12-07T08:00:00+01:00,-822675600000,,0,0,Y,,corrected-archive-csv
162860,Luleå-Kallax Flygplats,13,Rådande väder,"momentanvärde, 1 gång/tim resp 8 gånger/dygn",kod,1943-12-07T13:00:00Z,1943-12-07T14:00:00+01:00,-822654000000,,0,0,Y,,corrected-archive-csv
162860,Luleå-Kallax Flygplats,13,Rådande väder,"momentanvärde, 1 gång/tim resp 8 gånger/dygn",kod,1943-12-07T18:00:00Z,1943-12-07T19:00:00+01:00,-822636000000,,0,0,Y,,corrected-archive-csv
162860,Luleå-Kallax Flygplats,13,Rådande väder,"momentanvärde, 1 gång/tim resp 8 gånger/dygn",kod,1943-12-08T01:00:00Z,1943-12-08T02:00:00+01:00,-822610800000,,0,0,Y,,corrected-archive-csv
162860,Luleå-Kallax Flygplats,13,Rådande väder,"momentanvärde, 1 gång/tim resp 8 gånger/dygn",kod,1943-12-08T07:00:00Z,1943-12-08T08:00:00+01:00,-822589200000,,0,0,Y,,corrected-archive-csv
162860,Luleå-Kallax Flygplats,13,Rådande väder,"momentanvärde, 1 gång/tim resp 8 gånger/dygn",kod,1943-12-08T13:00:00Z,1943-12-08T14:00:00+01:00,-822567600000,,0,0,Y,,corrected-archive-csv
162860,Luleå-Kallax Flygplats,13,Rådande väder,"momentanvärde, 1 gång/tim resp 8 gånger/dygn",kod,1943-12-08T18:00:00Z,1943-12-08T19:00:00+01:00,-822549600000,,0,0,Y,,corrected-archive-csv
162860,Luleå-Kallax Flygplats,13,Rådande väder,"momentanvärde, 1 gång/tim resp 8 gånger/dygn",kod,1943-12-09T01:00:00Z,1943-12-09T02:00:00+01:00,-822524400000,,0,0,Y,,corrected-archive-csv
162860,Luleå-Kallax Flygplats,13,Rådande väder,"momentanvärde, 1 gång/tim resp 8 gånger/dygn",kod,1943-12-09T07:00:00Z,1943-12-09T08:00:00+01:00,-822502800000,,0,0,Y,,corrected-archive-csv
162860,Luleå-Kallax Flygplats,13,Rådande väder,"momentanvärde, 1 gång/tim resp 8 gånger/dygn",kod,1943-12-09T13:00:00Z,1943-12-09T14:00:00+01:00,-822481200000,,0,0,Y,,corrected-archive-csv
162860,Luleå-Kallax Flygplats,13,Rådande väder,"momentanvärde, 1 gång/tim resp 8 gånger/dygn",kod,1943-12-09T18:00:00Z,1943-12-09T19:00:00+01:00,-822463200000,,0,0,Y,,corrected-archive-csv
162860,Luleå-Kallax Flygplats,13,Rådande väder,"momentanvärde, 1 gång/tim resp 8 gånger/dygn",kod,1943-12-10T01:00:00Z,1943-12-10T02:00:00+01:00,-822438000000,,0,0,Y,,corrected-archive-csv
162860,Luleå-Kallax Flygplats,13,Rådande väder,"momentanvärde, 1 gång/tim resp 8 gånger/dygn",kod,1943-12-10T07:00:00Z,1943-12-10T08:00:00+01:00,-822416400000,,0,0,Y,,corrected-archive-csv
162860,Luleå-Kallax Flygplats,13,Rådande väder,"momentanvärde, 1 gång/tim resp 8 gånger/dygn",kod,1943-12-10T13:00:00Z,1943-12-10T14:00:00+01:00,-822394800000,,0,0,Y,,corrected-archive-csv
162860,Luleå-Kallax Flygplats,13,Rådande väder,"momentanvärde, 1 gång/tim resp 8 gånger/dygn",kod,1943-12-10T18:00:00Z,1943-12-10T19:00:00+01:00,-822376800000,,0,0,Y,,corrected-archive-csv
162860,Luleå-Kallax Flygplats,13,Rådande väder,"momentanvärde, 1 gång/tim resp 8 gånger/dygn",kod,1943-12-11T01:00:00Z,1943-12-11T02:00:00+01:00,-822351600000,,0,0,Y,,corrected-archive-csv
162860,Luleå-Kallax Flygplats,13,Rådande väder,"momentanvärde, 1 gång/tim resp 8 gånger/dygn",kod,1943-12-11T07:00:00Z,1943-12-11T08:00:00+01:00,-822330000000,,0,0,Y,,corrected-archive-csv
162860,Luleå-Kallax Flygplats,13,Rådande väder,"momentanvärde, 1 gång/tim resp 8 gånger/dygn",kod,1943-12-11T13:00:00Z,1943-12-11T14:00:00+01:00,-822308400000,,0,0,Y,,corrected-archive-csv
162860,Luleå-Kallax Flygplats,13,Rådande väder,"momentanvärde, 1 gång/tim resp 8 gånger/dygn",kod,1943-12-11T18:00:00Z,1943-12-11T19:00:00+01:00,-822290400000,,0,0,Y,,corrected-archive-csv
162860,Luleå-Kallax Flygplats,13,Rådande väder,"momentanvärde, 1 gång/tim resp 8 gånger/dygn",kod,1943-12-12T01:00:00Z,1943-12-12T02:00:00+01:00,-822265200000,,0,0,Y,,corrected-archive-csv
162860,Luleå-Kallax Flygplats,13,Rådande väder,"momentanvärde, 1 gång/tim resp 8 gånger/dygn",kod,1943-12-12T07:00:00Z,1943-12-12T08:00:00+01:00,-822243600000,,0,0,Y,,corrected-archive-csv
162860,Luleå-Kallax Flygplats,13,Rådande väder,"momentanvärde, 1 gång/tim resp 8 gånger/dygn",kod,1943-12-12T13:00:00Z,1943-12-12T14:00:00+01:00,-822222000000,,0,0,Y,,corrected-archive-csv
162860,Luleå-Kallax Flygplats,13,Rådande väder,"momentanvärde, 1 gång/tim resp 8 gånger/dygn",kod,1943-12-12T18:00:00Z,1943-12-12T19:00:00+01:00,-822204000000,,0,0,Y,,corrected-archive-csv
162860,Luleå-Kallax Flygplats,13,Rådande väder,"momentanvärde, 1 gång/tim resp 8 gånger/dygn",kod,1943-12-13T01:00:00Z,1943-12-13T02:00:00+01:00,-822178800000,,0,0,Y,,corrected-archive-csv
162860,Luleå-Kallax Flygplats,13,Rådande väder,"momentanvärde, 1 gång/tim resp 8 gånger/dygn",kod,1943-12-13T07:00:00Z,1943-12-13T08:00:00+01:00,-822157200000,,0,0,Y,,corrected-archive-csv
162860,Luleå-Kallax Flygplats,13,Rådande väder,"momentanvärde, 1 gång/tim resp 8 gånger/dygn",kod,1943-12-13T13:00:00Z,1943-12-13T14:00:00+01:00,-822135600000,,0,0,Y,,corrected-archive-csv
162860,Luleå-Kallax Flygplats,13,Rådande väder,"momentanvärde, 1 gång/tim resp 8 gånger/dygn",kod,1943-12-13T18:00:00Z,1943-12-13T19:00:00+01:00,-822117600000,,0,0,Y,,corrected-archive-csv
162860,Luleå-Kallax Flygplats,13,Rådande väder,"momentanvärde, 1 gång/tim resp 8 gånger/dygn",kod,1943-12-14T01:00:00Z,1943-12-14T02:00:00+01:00,-822092400000,,0,0,Y,,corrected-archive-csv
162860,Luleå-Kallax Flygplats,13,Rådande väder,"momentanvärde, 1 gång/tim resp 8 gånger/dygn",kod,1943-12-14T07:00:00Z,1943-12-14T08:00:00+01:00,-822070800000,,0,0,Y,,corrected-archive-csv
162860,Luleå-Kallax Flygplats,13,Rådande väder,"momentanvärde, 1 gång/tim resp 8 gånger/dygn",kod,1943-12-14T13:00:00Z,1943-12-14T14:00:00+01:00,-822049200000,,40,40,Y,,corrected-archive-csv
162860,Luleå-Kallax Flygplats,13,Rådande väder,"momentanvärde, 1 gång/tim resp 8 gånger/dygn",kod,1943-12-14T18:00:00Z,1943-12-14T19:00:00+01:00,-822031200000,,71,71,Y,,corrected-archive-csv
162860,Luleå-Kallax Flygplats,13,Rådande väder,"momentanvärde, 1 gång/tim resp 8 gånger/dygn",kod,1943-12-15T01:00:00Z,1943-12-15T02:00:00+01:00,-822006000000,,0,0,Y,,corrected-archive-csv
162860,Luleå-Kallax Flygplats,13,Rådande väder,"momentanvärde, 1 gång/tim resp 8 gånger/dygn",kod,1943-12-15T07:00:00Z,1943-12-15T08:00:00+01:00,-821984400000,,0,0,Y,,corrected-archive-csv
162860,Luleå-Kallax Flygplats,13,Rådande väder,"momentanvärde, 1 gång/tim resp 8 gånger/dygn",kod,1943-12-15T13:00:00Z,1943-12-15T14:00:00+01:00,-821962800000,,0,0,Y,,corrected-archive-csv
162860,Luleå-Kallax Flygplats,13,Rådande väder,"momentanvärde, 1 gång/tim resp 8 gånger/dygn",kod,1943-12-15T18:00:00Z,1943-12-15T19:00:00+01:00,-821944800000,,0,0,Y,,corrected-archive-csv
162860,Luleå-Kallax Flygplats,13,Rådande väder,"momentanvärde, 1 gång/tim resp 8 gånger/dygn",kod,1943-12-16T01:00:00Z,1943-12-16T02:00:00+01:00,-821919600000,,0,0,Y,,corrected-archive-csv
162860,Luleå-Kallax Flygplats,13,Rådande väder,"momentanvärde, 1 gång/tim resp 8 gånger/dygn",kod,1943-12-16T07:00:00Z,1943-12-16T08:00:00+01:00,-821898000000,,0,0,Y,,corrected-archive-csv
162860,Luleå-Kallax Flygplats,13,Rådande väder,"momentanvärde, 1 gång/tim resp 8 gånger/dygn",kod,1943-12-16T13:00:00Z,1943-12-16T14:00:00+01:00,-821876400000,,0,0,Y,,corrected-archive-csv
162860,Luleå-Kallax Flygplats,13,Rådande väder,"momentanvärde, 1 gång/tim resp 8 gånger/dygn",kod,1943-12-16T18:00:00Z,1943-12-16T19:00:00+01:00,-821858400000,,0,0,Y,,corrected-archive-csv
162860,Luleå-Kallax Flygplats,13,Rådande väder,"momentanvärde, 1 gång/tim resp 8 gånger/dygn",kod,1943-12-17T01:00:00Z,1943-12-17T02:00:00+01:00,-821833200000,,0,0,Y,,corrected-archive-csv
162860,Luleå-Kallax Flygplats,13,Rådande väder,"momentanvärde, 1 gång/tim resp 8 gånger/dygn",kod,1943-12-17T07:00:00Z,1943-12-17T08:00:00+01:00,-821811600000,,0,0,Y,,corrected-archive-csv
162860,Luleå-Kallax Flygplats,13,Rådande väder,"momentanvärde, 1 gång/tim resp 8 gånger/dygn",kod,1943-12-17T13:00:00Z,1943-12-17T14:00:00+01:00,-821790000000,,0,0,Y,,corrected-archive-csv
162860,Luleå-Kallax Flygplats,13,Rådande väder,"momentanvärde, 1 gång/tim resp 8 gånger/dygn",kod,1943-12-17T18:00:00Z,1943-12-17T19:00:00+01:00,-821772000000,,0,0,Y,,corrected-archive-csv
162860,Luleå-Kallax Flygplats,13,Rådande väder,"momentanvärde, 1 gång/tim resp 8 gånger/dygn",kod,1943-12-18T01:00:00Z,1943-12-18T02:00:00+01:00,-821746800000,,12,12,Y,,corrected-archive-csv
162860,Luleå-Kallax Flygplats,13,Rådande väder,"momentanvärde, 1 gång/tim resp 8 gånger/dygn",kod,1943-12-18T07:00:00Z,1943-12-18T08:00:00+01:00,-821725200000,,0,0,Y,,corrected-archive-csv
162860,Luleå-Kallax Flygplats,13,Rådande väder,"momentanvärde, 1 gång/tim resp 8 gånger/dygn",kod,1943-12-18T13:00:00Z,1943-12-18T14:00:00+01:00,-821703600000,,0,0,Y,,corrected-archive-csv
162860,Luleå-Kallax Flygplats,13,Rådande väder,"momentanvärde, 1 gång/tim resp 8 gånger/dygn",kod,1943-12-18T18:00:00Z,1943-12-18T19:00:00+01:00,-821685600000,,0,0,Y,,corrected-archive-csv
162860,Luleå-Kallax Flygplats,13,Rådande väder,"momentanvärde, 1 gång/tim resp 8 gånger/dygn",kod,1943-12-19T01:00:00Z,1943-12-19T02:00:00+01:00,-821660400000,,0,0,Y,,corrected-archive-csv
162860,Luleå-Kallax Flygplats,13,Rådande väder,"momentanvärde, 1 gång/tim resp 8 gånger/dygn",kod,1943-12-19T07:00:00Z,1943-12-19T08:00:00+01:00,-821638800000,,71,71,Y,,corrected-archive-csv
162860,Luleå-Kallax Flygplats,13,Rådande väder,"momentanvärde, 1 gång/tim resp 8 gånger/dygn",kod,1943-12-19T13:00:00Z,1943-12-19T14:00:00+01:00,-821617200000,,10,10,Y,,corrected-archive-csv
162860,Luleå-Kallax Flygplats,13,Rådande väder,"momentanvärde, 1 gång/tim resp 8 gånger/dygn",kod,1943-12-19T18:00:00Z,1943-12-19T19:00:00+01:00,-821599200000,,60,60,Y,,corrected-archive-csv
162860,Luleå-Kallax Flygplats,13,Rådande väder,"momentanvärde, 1 gång/tim resp 8 gånger/dygn",kod,1943-12-20T01:00:00Z,1943-12-20T02:00:00+01:00,-821574000000,,68,68,Y,,corrected-archive-csv
162860,Luleå-Kallax Flygplats,13,Rådande väder,"momentanvärde, 1 gång/tim resp 8 gånger/dygn",kod,1943-12-20T07:00:00Z,1943-12-20T08:00:00+01:00,-821552400000,,62,62,Y,,corrected-archive-csv
162860,Luleå-Kallax Flygplats,13,Rådande väder,"momentanvärde, 1 gång/tim resp 8 gånger/dygn",kod,1943-12-20T13:00:00Z,1943-12-20T14:00:00+01:00,-821530800000,,0,0,Y,,corrected-archive-csv
162860,Luleå-Kallax Flygplats,13,Rådande väder,"momentanvärde, 1 gång/tim resp 8 gånger/dygn",kod,1943-12-20T18:00:00Z,1943-12-20T19:00:00+01:00,-821512800000,,0,0,Y,,corrected-archive-csv
162860,Luleå-Kallax Flygplats,13,Rådande väder,"momentanvärde, 1 gång/tim resp 8 gånger/dygn",kod,1943-12-21T01:00:00Z,1943-12-21T02:00:00+01:00,-821487600000,,0,0,Y,,corrected-archive-csv
162860,Luleå-Kallax Flygplats,13,Rådande väder,"momentanvärde, 1 gång/tim resp 8 gånger/dygn",kod,1943-12-21T07:00:00Z,1943-12-21T08:00:00+01:00,-821466000000,,0,0,Y,,corrected-archive-csv
162860,Luleå-Kallax Flygplats,13,Rådande väder,"momentanvärde, 1 gång/tim resp 8 gånger/dygn",kod,1943-12-21T13:00:00Z,1943-12-21T14:00:00+01:00,-821444400000,,0,0,Y,,corrected-archive-csv
162860,Luleå-Kallax Flygplats,13,Rådande väder,"momentanvärde, 1 gång/tim resp 8 gånger/dygn",kod,1943-12-21T18:00:00Z,1943-12-21T19:00:00+01:00,-821426400000,,0,0,Y,,corrected-archive-csv
162860,Luleå-Kallax Flygplats,13,Rådande väder,"momentanvärde, 1 gång/tim resp 8 gånger/dygn",kod,1943-12-22T01:00:00Z,1943-12-22T02:00:00+01:00,-821401200000,,0,0,Y,,corrected-archive-csv
162860,Luleå-Kallax Flygplats,13,Rådande väder,"momentanvärde, 1 gång/tim resp 8 gånger/dygn",kod,1943-12-22T07:00:00Z,1943-12-22T08:00:00+01:00,-821379600000,,0,0,Y,,corrected-archive-csv
162860,Luleå-Kallax Flygplats,13,Rådande väder,"momentanvärde, 1 gång/tim resp 8 gånger/dygn",kod,1943-12-22T13:00:00Z,1943-12-22T14:00:00+01:00,-821358000000,,45,45,Y,,corrected-archive-csv
162860,Luleå-Kallax Flygplats,13,Rådande väder,"momentanvärde, 1 gång/tim resp 8 gånger/dygn",kod,1943-12-22T18:00:00Z,1943-12-22T19:00:00+01:00,-821340000000,,51,51,Y,,corrected-archive-csv
162860,Luleå-Kallax Flygplats,13,Rådande väder,"momentanvärde, 1 gång/tim resp 8 gånger/dygn",kod,1943-12-23T01:00:00Z,1943-12-23T02:00:00+01:00,-821314800000,,73,73,Y,,corrected-archive-csv
162860,Luleå-Kallax Flygplats,13,Rådande väder,"momentanvärde, 1 gång/tim resp 8 gånger/dygn",kod,1943-12-23T07:00:00Z,1943-12-23T08:00:00+01:00,-821293200000,,0,0,Y,,corrected-archive-csv
162860,Luleå-Kallax Flygplats,13,Rådande väder,"momentanvärde, 1 gång/tim resp 8 gånger/dygn",kod,1943-12-23T13:00:00Z,1943-12-23T14:00:00+01:00,-821271600000,,51,51,Y,,corrected-archive-csv
162860,Luleå-Kallax Flygplats,13,Rådande väder,"momentanvärde, 1 gång/tim resp 8 gånger/dygn",kod,1943-12-23T18:00:00Z,1943-12-23T19:00:00+01:00,-821253600000,,61,61,Y,,corrected-archive-csv
162860,Luleå-Kallax Flygplats,13,Rådande väder,"momentanvärde, 1 gång/tim resp 8 gånger/dygn",kod,1943-12-24T01:00:00Z,1943-12-24T02:00:00+01:00,-821228400000,,71,71,Y,,corrected-archive-csv
162860,Luleå-Kallax Flygplats,13,Rådande väder,"momentanvärde, 1 gång/tim resp 8 gånger/dygn",kod,1943-12-24T07:00:00Z,1943-12-24T08:00:00+01:00,-821206800000,,71,71,Y,,corrected-archive-csv
162860,Luleå-Kallax Flygplats,13,Rådande väder,"momentanvärde, 1 gång/tim resp 8 gånger/dygn",kod,1943-12-24T13:00:00Z,1943-12-24T14:00:00+01:00,-821185200000,,70,70,Y,,corrected-archive-csv
162860,Luleå-Kallax Flygplats,13,Rådande väder,"momentanvärde, 1 gång/tim resp 8 gånger/dygn",kod,1943-12-24T18:00:00Z,1943-12-24T19:00:00+01:00,-821167200000,,0,0,Y,,corrected-archive-csv
162860,Luleå-Kallax Flygplats,13,Rådande väder,"momentanvärde, 1 gång/tim resp 8 gånger/dygn",kod,1943-12-25T01:00:00Z,1943-12-25T02:00:00+01:00,-821142000000,,0,0,Y,,corrected-archive-csv
162860,Luleå-Kallax Flygplats,13,Rådande väder,"momentanvärde, 1 gång/tim resp 8 gånger/dygn",kod,1943-12-25T07:00:00Z,1943-12-25T08:00:00+01:00,-821120400000,,0,0,Y,,corrected-archive-csv
162860,Luleå-Kallax Flygplats,13,Rådande väder,"momentanvärde, 1 gång/tim resp 8 gånger/dygn",kod,1943-12-26T01:00:00Z,1943-12-26T02:00:00+01:00,-821055600000,,0,0,Y,,corrected-archive-csv
162860,Luleå-Kallax Flygplats,13,Rådande väder,"momentanvärde, 1 gång/tim resp 8 gånger/dygn",kod,1943-12-26T07:00:00Z,1943-12-26T08:00:00+01:00,-821034000000,,70,70,Y,,corrected-archive-csv
162860,Luleå-Kallax Flygplats,13,Rådande väder,"momentanvärde, 1 gång/tim resp 8 gånger/dygn",kod,1943-12-26T13:00:00Z,1943-12-26T14:00:00+01:00,-821012400000,,0,0,Y,,corrected-archive-csv
162860,Luleå-Kallax Flygplats,13,Rådande väder,"momentanvärde, 1 gång/tim resp 8 gånger/dygn",kod,1943-12-26T18:00:00Z,1943-12-26T19:00:00+01:00,-820994400000,,0,0,Y,,corrected-archive-csv
162860,Luleå-Kallax Flygplats,13,Rådande väder,"momentanvärde, 1 gång/tim resp 8 gånger/dygn",kod,1943-12-27T01:00:00Z,1943-12-27T02:00:00+01:00,-820969200000,,0,0,Y,,corrected-archive-csv
162860,Luleå-Kallax Flygplats,13,Rådande väder,"momentanvärde, 1 gång/tim resp 8 gånger/dygn",kod,1943-12-27T07:00:00Z,1943-12-27T08:00:00+01:00,-820947600000,,0,0,Y,,corrected-archive-csv
162860,Luleå-Kallax Flygplats,13,Rådande väder,"momentanvärde, 1 gång/tim resp 8 gånger/dygn",kod,1943-12-27T13:00:00Z,1943-12-27T14:00:00+01:00,-820926000000,,0,0,Y,,corrected-archive-csv
162860,Luleå-Kallax Flygplats,13,Rådande väder,"momentanvärde, 1 gång/tim resp 8 gånger/dygn",kod,1943-12-27T18:00:00Z,1943-12-27T19:00:00+01:00,-820908000000,,0,0,Y,,corrected-archive-csv
162860,Luleå-Kallax Flygplats,13,Rådande väder,"momentanvärde, 1 gång/tim resp 8 gånger/dygn",kod,1943-12-28T01:00:00Z,1943-12-28T02:00:00+01:00,-820882800000,,0,0,Y,,corrected-archive-csv
162860,Luleå-Kallax Flygplats,13,Rådande väder,"momentanvärde, 1 gång/tim resp 8 gånger/dygn",kod,1943-12-28T07:00:00Z,1943-12-28T08:00:00+01:00,-820861200000,,0,0,Y,,corrected-archive-csv
162860,Luleå-Kallax Flygplats,13,Rådande väder,"momentanvärde, 1 gång/tim resp 8 gånger/dygn",kod,1943-12-28T13:00:00Z,1943-12-28T14:00:00+01:00,-820839600000,,0,0,Y,,corrected-archive-csv
162860,Luleå-Kallax Flygplats,13,Rådande väder,"momentanvärde, 1 gång/tim resp 8 gånger/dygn",kod,1943-12-28T18:00:00Z,1943-12-28T19:00:00+01:00,-820821600000,,0,0,Y,,corrected-archive-csv
162860,Luleå-Kallax Flygplats,13,Rådande väder,"momentanvärde, 1 gång/tim resp 8 gånger/dygn",kod,1943-12-29T01:00:00Z,1943-12-29T02:00:00+01:00,-820796400000,,0,0,Y,,corrected-archive-csv
162860,Luleå-Kallax Flygplats,13,Rådande väder,"momentanvärde, 1 gång/tim resp 8 gånger/dygn",kod,1943-12-29T07:00:00Z,1943-12-29T08:00:00+01:00,-820774800000,,0,0,Y,,corrected-archive-csv
162860,Luleå-Kallax Flygplats,13,Rådande väder,"momentanvärde, 1 gång/tim resp 8 gånger/dygn",kod,1943-12-29T13:00:00Z,1943-12-29T14:00:00+01:00,-820753200000,,0,0,Y,,corrected-archive-csv
162860,Luleå-Kallax Flygplats,13,Rådande väder,"momentanvärde, 1 gång/tim resp 8 gånger/dygn",kod,1943-12-29T18:00:00Z,1943-12-29T19:00:00+01:00,-820735200000,,0,0,Y,,corrected-archive-csv
162860,Luleå-Kallax Flygplats,13,Rådande väder,"momentanvärde, 1 gång/tim resp 8 gånger/dygn",kod,1943-12-30T01:00:00Z,1943-12-30T02:00:00+01:00,-820710000000,,0,0,Y,,corrected-archive-csv
162860,Luleå-Kallax Flygplats,13,Rådande väder,"momentanvärde, 1 gång/tim resp 8 gånger/dygn",kod,1943-12-30T07:00:00Z,1943-12-30T08:00:00+01:00,-820688400000,,0,0,Y,,corrected-archive-csv
162860,Luleå-Kallax Flygplats,13,Rådande väder,"momentanvärde, 1 gång/tim resp 8 gånger/dygn",kod,1943-12-30T13:00:00Z,1943-12-30T14:00:00+01:00,-820666800000,,0,0,Y,,corrected-archive-csv
162860,Luleå-Kallax Flygplats,13,Rådande väder,"momentanvärde, 1 gång/tim resp 8 gånger/dygn",kod,1943-12-30T18:00:00Z,1943-12-30T19:00:00+01:00,-820648800000,,0,0,Y,,corrected-archive-csv
162860,Luleå-Kallax Flygplats,13,Rådande väder,"momentanvärde, 1 gång/tim resp 8 gånger/dygn",kod,1943-12-31T01:00:00Z,1943-12-31T02:00:00+01:00,-820623600000,,0,0,Y,,corrected-archive-csv
162860,Luleå-Kallax Flygplats,13,Rådande väder,"momentanvärde, 1 gång/tim resp 8 gånger/dygn",kod,1943-12-31T07:00:00Z,1943-12-31T08:00:00+01:00,-820602000000,,0,0,Y,,corrected-archive-csv
162860,Luleå-Kallax Flygplats,13,Rådande väder,"momentanvärde, 1 gång/tim resp 8 gånger/dygn",kod,1943-12-31T13:00:00Z,1943-12-31T14:00:00+01:00,-820580400000,,0,0,Y,,corrected-archive-csv
162860,Luleå-Kallax Flygplats,13,Rådande väder,"momentanvärde, 1 gång/tim resp 8 gånger/dygn",kod,1943-12-31T18:00:00Z,1943-12-31T19:00:00+01:00,-820562400000,,0,0,Y,,corrected-archive-csv
