station_id,station_name,parameter_id,parameter_name,parameter_summary,unit,datetime_utc,datetime_local,from_ms,to_ms,value,value_numeric,quality,reference,source_period
162860,Luleå-Kallax Flygplats,13,Rådande väder,"momentanvärde, 1 gång/tim resp 8 gånger/dygn",kod,1992-01-01T00:00:00Z,1992-01-01T01:00:00+01:00,694224000000,,0,0,G,,corrected-archive-csv
162860,Luleå-Kallax Flygplats,13,Rådande väder,"momentanvärde, 1 gång/tim resp 8 gånger/dygn",kod,1992-01-01T01:00:00Z,1992-01-01T02:00:00+01:00,694227600000,,0,0,G,,corrected-archive-csv
162860,Luleå-Kallax Flygplats,13,Rådande väder,"momentanvärde, 1 gång/tim resp 8 gånger/dygn",kod,1992-01-01T02:00:00Z,1992-01-01T03:00:00+01:00,694231200000,,0,0,G,,corrected-archive-csv
162860,Luleå-Kallax Flygplats,13,Rådande väder,"momentanvärde, 1 gång/tim resp 8 gånger/dygn",kod,1992-01-01T03:00:00Z,1992-01-01T04:00:00+01:00,694234800000,,0,0,G,,corrected-archive-csv
162860,Luleå-Kallax Flygplats,13,Rådande väder,"momentanvärde, 1 gång/tim resp 8 gånger/dygn",kod,1992-01-01T04:00:00Z,1992-01-01T05:00:00+01:00,694238400000,,0,0,G,,corrected-archive-csv
162860,Luleå-Kallax Flygplats,13,Rådande väder,"momentanvärde, 1 gång/tim resp 8 gånger/dygn",kod,1992-01-01T05:00:00Z,1992-01-01T06:00:00+01:00,694242000000,,0,0,G,,corrected-archive-csv
162860,Luleå-Kallax Flygplats,13,Rådande väder,"momentanvärde, 1 gång/tim resp 8 gånger/dygn",kod,1992-01-01T06:00:00Z,1992-01-01T07:00:00+01:00,694245600000,,0,0,G,,corrected-archive-csv
162860,Luleå-Kallax Flygplats,13,Rådande väder,"momentanvärde, 1 gång/tim resp 8 gånger/dygn",kod,1992-01-01T07:00:00Z,1992-01-01T08:00:00+01:00,694249200000,,0,0,G,,corrected-archive-csv
162860,Luleå-Kallax Flygplats,13,Rådande väder,"momentanvärde, 1 gång/tim resp 8 gånger/dygn",kod,1992-01-01T08:00:00Z,1992-01-01T09:00:00+01:00,694252800000,,0,0,G,,corrected-archive-csv
162860,Luleå-Kallax Flygplats,13,Rådande väder,"momentanvärde, 1 gång/tim resp 8 gånger/dygn",kod,1992-01-01T09:00:00Z,1992-01-01T10:00:00+01:00,694256400000,,0,0,G,,corrected-archive-csv
162860,Luleå-Kallax Flygplats,13,Rådande väder,"momentanvärde, 1 gång/tim resp 8 gånger/dygn",kod,1992-01-01T10:00:00Z,1992-01-01T11:00:00+01:00,694260000000,,0,0,G,,corrected-archive-csv
162860,Luleå-Kallax Flygplats,13,Rådande väder,"momentanvärde, 1 gång/tim resp 8 gånger/dygn",kod,1992-01-01T11:00:00Z,1992-01-01T12:00:00+01:00,694263600000,,0,0,G,,corrected-archive-csv
162860,Luleå-Kallax Flygplats,13,Rådande väder,"momentanvärde, 1 gång/tim resp 8 gånger/dygn",kod,1992-01-01T12:00:00Z,1992-01-01T13:00:00+01:00,694267200000,,0,0,G,,corrected-archive-csv
162860,Luleå-Kallax Flygplats,13,Rådande väder,"momentanvärde, 1 gång/tim resp 8 gånger/dygn",kod,1992-01-01T13:00:00Z,1992-01-01T14:00:00+01:00,694270800000,,69,69,Y,,corrected-archive-csv
162860,Luleå-Kallax Flygplats,13,Rådande väder,"momentanvärde, 1 gång/tim resp 8 gånger/dygn",kod,1992-01-01T14:00:00Z,1992-01-01T15:00:00+01:00,694274400000,,69,69,Y,,corrected-archive-csv
162860,Luleå-Kallax Flygplats,13,Rådande väder,"momentanvärde, 1 gång/tim resp 8 gånger/dygn",kod,1992-01-01T15:00:00Z,1992-01-01T16:00:00+01:00,694278000000,,23,23,G,,corrected-archive-csv
162860,Luleå-Kallax Flygplats,13,Rådande väder,"momentanvärde, 1 gång/tim resp 8 gånger/dygn",kod,1992-01-01T16:00:00Z,1992-01-01T17:00:00+01:00,694281600000,,21,21,Y,,corrected-archive-csv
162860,Luleå-Kallax Flygplats,13,Rådande väder,"momentanvärde, 1 gång/tim resp 8 gånger/dygn",kod,1992-01-01T17:00:00Z,1992-01-01T18:00:00+01:00,694285200000,,1,1,Y,,corrected-archive-csv
162860,Luleå-Kallax Flygplats,13,Rådande väder,"momentanvärde, 1 gång/tim resp 8 gånger/dygn",kod,1992-01-01T18:00:00Z,1992-01-01T19:00:00+01:00,694288800000,,1,1,G,,corrected-archive-csv
162860,Luleå-Kallax Flygplats,13,Rådande väder,"momentanvärde, 1 gång/tim resp 8 gånger/dygn",kod,1992-01-01T19:00:00Z,1992-01-01T20:00:00+01:00,694292400000,,0,0,G,,corrected-archive-csv
162860,Luleå-Kallax Flygplats,13,Rådande väder,"momentanvärde, 1 gång/tim resp 8 gånger/dygn",kod,1992-01-01T20:00:00Z,1992-01-01T21:00:00+01:00,694296000000,,0,0,G,,corrected-archive-csv
162860,Luleå-Kallax Flygplats,13,Rådande väder,"momentanvärde, 1 gång/tim resp 8 gånger/dygn",kod,1992-01-01T21:00:00Z,1992-01-01T22:00:00+01:00,694299600000,,0,0,G,,corrected-archive-csv
162860,Luleå-Kallax Flygplats,13,Rådande väder,"momentanvärde, 1 gång/tim resp 8 gånger/dygn",kod,1992-01-01T22:00:00Z,1992-01-01T23:00:00+01:00,694303200000,,0,0,G,,corrected-archive-csv
162860,Luleå-Kallax Flygplats,13,Rådande väder,"momentanvärde, 1 gång/tim resp 8 gånger/dygn",kod,1992-01-01T23:00:00Z,1992-01-02T00:00:00+01:00,694306800000,,0,0,G,,corrected-archive-csv
162860,Luleå-Kallax Flygplats,13,Rådande väder,"momentanvärde, 1 gång/tim resp 8 gånger/dygn",kod,1992-01-02T00:00:00Z,1992-01-02T01:00:00+01:00,694310400000,,21,21,G,,corrected-archive-csv
162860,Luleå-Kallax Flygplats,13,Rådande väder,"momentanvärde, 1 gång/tim resp 8 gånger/dygn",kod,1992-01-02T01:00:00Z,1992-01-02T02:00:00+01:00,694314000000,,2,2,Y,,corrected-archive-csv
162860,Luleå-Kallax Flygplats,13,Rådande väder,"momentanvärde, 1 gång/tim resp 8 gånger/dygn",kod,1992-01-02T02:00:00Z,1992-01-02T03:00:00+01:00,694317600000,,2,2,Y,,corrected-archive-csv
162860,Luleå-Kallax Flygplats,13,Rådande väder,"momentanvärde, 1 gång/tim resp 8 gånger/dygn",kod,1992-01-02T03:00:00Z,1992-01-02T04:00:00+01:00,694321200000,,2,2,G,,corrected-archive-csv
162860,Luleå-Kallax Flygplats,13,Rådande väder,"momentanvärde, 1 gång/tim resp 8 gånger/dygn",kod,1992-01-02T04:00:00Z,1992-01-02T05:00:00+01:00,694324800000,,2,2,Y,,corrected-archive-csv
162860,Luleå-Kallax Flygplats,13,Rådande väder,"momentanvärde, 1 gång/tim resp 8 gånger/dygn",kod,1992-01-02T05:00:00Z,1992-01-02T06:00:00+01:00,694328400000,,2,2,Y,,corrected-archive-csv
162860,Luleå-Kallax Flygplats,13,Rådande väder,"momentanvärde, 1 gång/tim resp 8 gånger/dygn",kod,1992-01-02T06:00:00Z,1992-01-02T07:00:00+01:00,694332000000,,2,2,G,,corrected-archive-csv
162860,Luleå-Kallax Flygplats,13,Rådande väder,"momentanvärde, 1 gång/tim resp 8 gånger/dygn",kod,1992-01-02T07:00:00Z,1992-01-02T08:00:00+01:00,694335600000,,0,0,G,,corrected-archive-csv
162860,Luleå-Kallax Flygplats,13,Rådande väder,"momentanvärde, 1 gång/tim resp 8 gånger/dygn",kod,1992-01-02T08:00:00Z,1992-01-02T09:00:00+01:00,694339200000,,0,0,G,,corrected-archive-csv
162860,Luleå-Kallax Flygplats,13,Rådande väder,"momentanvärde, 1 gång/tim resp 8 gånger/dygn",kod,1992-01-02T09:00:00Z,1992-01-02T10:00:00+01:00,694342800000,,0,0,G,,corrected-archive-csv
162860,Luleå-Kallax Flygplats,13,Rådande väder,"momentanvärde, 1 gång/tim resp 8 gånger/dygn",kod,1992-01-02T10:00:00Z,1992-01-02T11:00:00+01:00,694346400000,,0,0,G,,corrected-archive-csv
162860,Luleå-Kallax Flygplats,13,Rådande väder,"momentanvärde, 1 gång/tim resp 8 gånger/dygn",kod,1992-01-02T11:00:00Z,1992-01-02T12:00:00+01:00,694350000000,,0,0,G,,corrected-archive-csv
162860,Luleå-Kallax Flygplats,13,Rådande väder,"momentanvärde, 1 gång/tim resp 8 gånger/dygn",kod,1992-01-02T12:00:00Z,1992-01-02T13:00:00+01:00,694353600000,,0,0,G,,corrected-archive-csv
162860,Luleå-Kallax Flygplats,13,Rådande väder,"momentanvärde, 1 gång/tim resp 8 gånger/dygn",kod,1992-01-02T13:00:00Z,1992-01-02T14:00:00+01:00,694357200000,,0,0,G,,corrected-archive-csv
162860,Luleå-Kallax Flygplats,13,Rådande väder,"momentanvärde, 1 gång/tim resp 8 gånger/dygn",kod,1992-01-02T14:00:00Z,1992-01-02T15:00:00+01:00,694360800000,,0,0,G,,corrected-archive-csv
162860,Luleå-Kallax Flygplats,13,Rådande väder,"momentanvärde, 1 gång/tim resp 8 gånger/dygn",kod,1992-01-02T15:00:00Z,1992-01-02T16:00:00+01:00,694364400000,,0,0,G,,corrected-archive-csv
162860,Luleå-Kallax Flygplats,13,Rådande väder,"momentanvärde, 1 gång/tim resp 8 gånger/dygn",kod,1992-01-02T16:00:00Z,1992-01-02T17:00:00+01:00,694368000000,,0,0,G,,corrected-archive-csv
162860,Luleå-Kallax Flygplats,13,Rådande väder,"momentanvärde, 1 gång/tim resp 8 gånger/dygn",kod,1992-01-02T17:00:00Z,1992-01-02T18:00:00+01:00,694371600000,,0,0,G,,corrected-archive-csv
162860,Luleå-Kallax Flygplats,13,Rådande väder,"momentanvärde, 1 gång/tim resp 8 gånger/dygn",kod,1992-01-02T18:00:00Z,1992-01-02T19:00:00+01:00,694375200000,,0,0,G,,corrected-archive-csv
162860,Luleå-Kallax Flygplats,13,Rådande väder,"momentanvärde, 1 gång/tim resp 8 gånger/dygn",kod,1992-01-02T19:00:00Z,1992-01-02T20:00:00+01:00,694378800000,,0,0,G,,corrected-archive-csv
162860,Luleå-Kallax Flygplats,13,Rådande väder,"momentanvärde, 1 gång/tim resp 8 gånger/dygn",kod,1992-01-02T20:00:00Z,1992-01-02T21:00:00+01:00,694382400000,,0,0,G,,corrected-archive-csv
162860,Luleå-Kallax Flygplats,13,Rådande väder,"momentanvärde, 1 gång/tim resp 8 gånger/dygn",kod,1992-01-02T21:00:00Z,1992-01-02T22:00:00+01:00,694386000000,,0,0,G,,corrected-archive-csv
162860,Luleå-Kallax Flygplats,13,Rådande väder,"momentanvärde, 1 gång/tim resp 8 gånger/dygn",kod,1992-01-02T22:00:00Z,1992-01-02T23:00:00+01:00,694389600000,,0,0,G,,corrected-archive-csv
162860,Luleå-Kallax Flygplats,13,Rådande väder,"momentanvärde, 1 gång/tim resp 8 gånger/dygn",kod,1992-01-02T23:00:00Z,1992-01-03T00:00:00+01:00,694393200000,,0,0,G,,corrected-archive-csv
162860,Luleå-Kallax Flygplats,13,Rådande väder,"momentanvärde, 1 gång/tim resp 8 gånger/dygn",kod,1992-01-03T00:00:00Z,1992-01-03T01:00:00+01:00,694396800000,,0,0,G,,corrected-archive-csv
162860,Luleå-Kallax Flygplats,13,Rådande väder,"momentanvärde, 1 gång/tim resp 8 gånger/dygn",kod,1992-01-03T01:00:00Z,1992-01-03T02:00:00+01:00,694400400000,,0,0,G,,corrected-archive-csv
162860,Luleå-Kallax Flygplats,13,Rådande väder,"momentanvärde, 1 gång/tim resp 8 gånger/dygn",kod,1992-01-03T02:00:00Z,1992-01-03T03:00:00+01:00,694404000000,,0,0,G,,corrected-archive-csv
162860,Luleå-Kallax Flygplats,13,Rådande väder,"momentanvärde, 1 gång/tim resp 8 gånger/dygn",kod,1992-01-03T03:00:00Z,1992-01-03T04:00:00+01:00,694407600000,,0,0,G,,corrected-archive-csv
162860,Luleå-Kallax Flygplats,13,Rådande väder,"momentanvärde, 1 gång/tim resp 8 gånger/dygn",kod,1992-01-03T04:00:00Z,1992-01-03T05:00:00+01:00,694411200000,,0,0,G,,corrected-archive-csv
162860,Luleå-Kallax Flygplats,13,Rådande väder,"momentanvärde, 1 gång/tim resp 8 gånger/dygn",kod,1992-01-03T05:00:00Z,1992-01-03T06:00:00+01:00,694414800000,,0,0,G,,corrected-archive-csv
162860,Luleå-Kallax Flygplats,13,Rådande väder,"momentanvärde, 1 gång/tim resp 8 gånger/dygn",kod,1992-01-03T06:00:00Z,1992-01-03T07:00:00+01:00,694418400000,,73,73,G,,corrected-archive-csv
162860,Luleå-Kallax Flygplats,13,Rådande väder,"momentanvärde, 1 gång/tim resp 8 gånger/dygn",kod,1992-01-03T07:00:00Z,1992-01-03T08:00:00+01:00,694422000000,,73,73,Y,,corrected-archive-csv
162860,Luleå-Kallax Flygplats,13,Rådande väder,"momentanvärde, 1 gång/tim resp 8 gånger/dygn",kod,1992-01-03T08:00:00Z,1992-01-03T09:00:00+01:00,694425600000,,73,73,Y,,corrected-archive-csv
162860,Luleå-Kallax Flygplats,13,Rådande väder,"momentanvärde, 1 gång/tim resp 8 gånger/dygn",kod,1992-01-03T09:00:00Z,1992-01-03T10:00:00+01:00,694429200000,,73,73,G,,corrected-archive-csv
162860,Luleå-Kallax Flygplats,13,Rådande väder,"momentanvärde, 1 gång/tim resp 8 gånger/dygn",kod,1992-01-03T10:00:00Z,1992-01-03T11:00:00+01:00,694432800000,,73,73,Y,,corrected-archive-csv
162860,Luleå-Kallax Flygplats,13,Rådande väder,"momentanvärde, 1 gång/tim resp 8 gånger/dygn",kod,1992-01-03T11:00:00Z,1992-01-03T12:00:00+01:00,694436400000,,73,73,Y,,corrected-archive-csv
162860,Luleå-Kallax Flygplats,13,Rådande väder,"momentanvärde, 1 gång/tim resp 8 gånger/dygn",kod,1992-01-03T12:00:00Z,1992-01-03T13:00:00+01:00,694440000000,,73,73,G,,corrected-archive-csv
162860,Luleå-Kallax Flygplats,13,Rådande väder,"momentanvärde, 1 gång/tim resp 8 gånger/dygn",kod,1992-01-03T13:00:00Z,1992-01-03T14:00:00+01:00,694443600000,,73,73,Y,,corrected-archive-csv
162860,Luleå-Kallax Flygplats,13,Rådande väder,"momentanvärde, 1 gång/tim resp 8 gånger/dygn",kod,1992-01-03T14:00:00Z,1992-01-03T15:00:00+01:00,694447200000,,71,71,Y,,corrected-archive-csv
162860,Luleå-Kallax Flygplats,13,Rådande väder,"momentanvärde, 1 gång/tim resp 8 gånger/dygn",kod,1992-01-03T15:00:00Z,1992-01-03T16:00:00+01:00,694450800000,,71,71,G,,corrected-archive-csv
162860,Luleå-Kallax Flygplats,13,Rådande väder,"momentanvärde, 1 gång/tim resp 8 gånger/dygn",kod,1992-01-03T16:00:00Z,1992-01-03T17:00:00+01:00,694454400000,,71,71,Y,,corrected-archive-csv
162860,Luleå-Kallax Flygplats,13,Rådande väder,"momentanvärde, 1 gång/tim resp 8 gånger/dygn",kod,1992-01-03T17:00:00Z,1992-01-03T18:00:00+01:00,694458000000,,73,73,Y,,corrected-archive-csv
162860,Luleå-Kallax Flygplats,13,Rådande väder,"momentanvärde, 1 gång/tim resp 8 gånger/dygn",kod,1992-01-03T18:00:00Z,1992-01-03T19:00:00+01:00,694461600000,,71,71,G,,corrected-archive-csv
162860,Luleå-Kallax Flygplats,13,Rådande väder,"momentanvärde, 1 gång/tim resp 8 gånger/dygn",kod,1992-01-03T19:00:00Z,1992-01-03T20:00:00+01:00,694465200000,,0,0,G,,corrected-archive-csv
162860,Luleå-Kallax Flygplats,13,Rådande väder,"momentanvärde, 1 gång/tim resp 8 gånger/dygn",kod,1992-01-03T20:00:00Z,1992-01-03T21:00:00+01:00,694468800000,,0,0,G,,corrected-archive-csv
162860,Luleå-Kallax Flygplats,13,Rådande väder,"momentanvärde, 1 gång/tim resp 8 gånger/dygn",kod,1992-01-03T21:00:00Z,1992-01-03T22:00:00+01:00,694472400000,,0,0,G,,corrected-archive-csv
162860,Luleå-Kallax Flygplats,13,Rådande väder,"momentanvärde, 1 gång/tim resp 8 gånger/dygn",kod,1992-01-03T22:00:00Z,1992-01-03T23:00:00+01:00,694476000000,,0,0,G,,corrected-archive-csv
162860,Luleå-Kallax Flygplats,13,Rådande väder,"momentanvärde, 1 gång/tim resp 8 gånger/dygn",kod,1992-01-03T23:00:00Z,1992-01-04T00:00:00+01:00,694479600000,,0,0,G,,corrected-archive-csv
162860,Luleå-Kallax Flygplats,13,Rådande väder,"momentanvärde, 1 gång/tim resp 8 gånger/dygn",kod,1992-01-04T00:00:00Z,1992-01-04T01:00:00+01:00,694483200000,,0,0,G,,corrected-archive-csv
162860,Luleå-Kallax Flygplats,13,Rådande väder,"momentanvärde, 1 gång/tim resp 8 gånger/dygn",kod,1992-01-04T01:00:00Z,1992-01-04T02:00:00+01:00,694486800000,,0,0,G,,corrected-archive-csv
162860,Luleå-Kallax Flygplats,13,Rådande väder,"momentanvärde, 1 gång/tim resp 8 gånger/dygn",kod,1992-01-04T02:00:00Z,1992-01-04T03:00:00+01:00,694490400000,,41,41,Y,,corrected-archive-csv
162860,Luleå-Kallax Flygplats,13,Rådande väder,"momentanvärde, 1 gång/tim resp 8 gånger/dygn",kod,1992-01-04T04:00:00Z,1992-01-04T05:00:00+01:00,694497600000,,0,0,Y,,corrected-archive-csv
162860,Luleå-Kallax Flygplats,13,Rådande väder,"momentanvärde, 1 gång/tim resp 8 gånger/dygn",kod,1992-01-04T05:00:00Z,1992-01-04T06:00:00+01:00,694501200000,,0,0,Y,,corrected-archive-csv
162860,Luleå-Kallax Flygplats,13,Rådande väder,"momentanvärde, 1 gång/tim resp 8 gånger/dygn",kod,1992-01-04T07:00:00Z,1992-01-04T08:00:00+01:00,694508400000,,0,0,G,,corrected-archive-csv
162860,Luleå-Kallax Flygplats,13,Rådande väder,"momentanvärde, 1 gång/tim resp 8 gånger/dygn",kod,1992-01-04T08:00:00Z,1992-01-04T09:00:00+01:00,694512000000,,0,0,G,,corrected-archive-csv
162860,Luleå-Kallax Flygplats,13,Rådande väder,"momentanvärde, 1 gång/tim resp 8 gånger/dygn",kod,1992-01-04T09:00:00Z,1992-01-04T10:00:00+01:00,694515600000,,40,40,G,,corrected-archive-csv
162860,Luleå-Kallax Flygplats,13,Rådande väder,"momentanvärde, 1 gång/tim resp 8 gånger/dygn",kod,1992-01-04T10:00:00Z,1992-01-04T11:00:00+01:00,694519200000,,40,40,Y,,corrected-archive-csv
162860,Luleå-Kallax Flygplats,13,Rådande väder,"momentanvärde, 1 gång/tim resp 8 gånger/dygn",kod,1992-01-04T11:00:00Z,1992-01-04T12:00:00+01:00,694522800000,,40,40,Y,,corrected-archive-csv
162860,Luleå-Kallax Flygplats,13,Rådande väder,"momentanvärde, 1 gång/tim resp 8 gånger/dygn",kod,1992-01-04T12:00:00Z,1992-01-04T13:00:00+01:00,694526400000,,10,10,G,,corrected-archive-csv
162860,Luleå-Kallax Flygplats,13,Rådande väder,"momentanvärde, 1 gång/tim resp 8 gånger/dygn",kod,1992-01-04T13:00:00Z,1992-01-04T14:00:00+01:00,694530000000,,10,10,Y,,corrected-archive-csv
162860,Luleå-Kallax Flygplats,13,Rådande väder,"momentanvärde, 1 gång/tim resp 8 gånger/dygn",kod,1992-01-04T14:00:00Z,1992-01-04T15:00:00+01:00,694533600000,,10,10,Y,,corrected-archive-csv
162860,Luleå-Kallax Flygplats,13,Rådande väder,"momentanvärde, 1 gång/tim resp 8 gånger/dygn",kod,1992-01-04T15:00:00Z,1992-01-04T16:00:00+01:00,694537200000,,0,0,G,,corrected-archive-csv
162860,Luleå-Kallax Flygplats,13,Rådande väder,"momentanvärde, 1 gång/tim resp 8 gånger/dygn",kod,1992-01-04T16:00:00Z,1992-01-04T17:00:00+01:00,694540800000,,0,0,G,,corrected-archive-csv
162860,Luleå-Kallax Flygplats,13,Rådande väder,"momentanvärde, 1 gång/tim resp 8 gånger/dygn",kod,1992-01-04T17:00:00Z,1992-01-04T18:00:00+01:00,694544400000,,0,0,G,,corrected-archive-csv
162860,Luleå-Kallax Flygplats,13,Rådande väder,"momentanvärde, 1 gång/tim resp 8 gånger/dygn",kod,1992-01-04T18:00:00Z,1992-01-04T19:00:00+01:00,694548000000,,0,0,G,,corrected-archive-csv
162860,Luleå-Kallax Flygplats,13,Rådande väder,"momentanvärde, 1 gång/tim resp 8 gånger/dygn",kod,1992-01-04T19:00:00Z,1992-01-04T20:00:00+01:00,694551600000,,0,0,G,,corrected-archive-csv
162860,Luleå-Kallax Flygplats,13,Rådande väder,"momentanvärde, 1 gång/tim resp 8 gånger/dygn",kod,1992-01-04T20:00:00Z,1992-01-04T21:00:00+01:00,694555200000,,0,0,G,,corrected-archive-csv
162860,Luleå-Kallax Flygplats,13,Rådande väder,"momentanvärde, 1 gång/tim resp 8 gånger/dygn",kod,1992-01-04T21:00:00Z,1992-01-04T22:00:00+01:00,694558800000,,0,0,G,,corrected-archive-csv
162860,Luleå-Kallax Flygplats,13,Rådande väder,"momentanvärde, 1 gång/tim resp 8 gånger/dygn",kod,1992-01-04T22:00:00Z,1992-01-04T23:00:00+01:00,694562400000,,0,0,G,,corrected-archive-csv
162860,Luleå-Kallax Flygplats,13,Rådande väder,"momentanvärde, 1 gång/tim resp 8 gånger/dygn",kod,1992-01-04T23:00:00Z,1992-01-05T00:00:00+01:00,694566000000,,0,0,G,,corrected-archive-csv
162860,Luleå-Kallax Flygplats,13,Rådande väder,"momentanvärde, 1 gång/tim resp 8 gånger/dygn",kod,1992-01-05T00:00:00Z,1992-01-05T01:00:00+01:00,694569600000,,0,0,G,,corrected-archive-csv
162860,Luleå-Kallax Flygplats,13,Rådande väder,"momentanvärde, 1 gång/tim resp 8 gånger/dygn",kod,1992-01-05T01:00:00Z,1992-01-05T02:00:00+01:00,694573200000,,0,0,G,,corrected-archive-csv
162860,Luleå-Kallax Flygplats,13,Rådande väder,"momentanvärde, 1 gång/tim resp 8 gånger/dygn",kod,1992-01-05T02:00:00Z,1992-01-05T03:00:00+01:00,694576800000,,0,0,G,,corrected-archive-csv
162860,Luleå-Kallax Flygplats,13,Rådande väder,"momentanvärde, 1 gång/tim resp 8 gånger/dygn",kod,1992-01-05T03:00:00Z,1992-01-05T04:00:00+01:00,694580400000,,0,0,G,,corrected-archive-csv
162860,Luleå-Kallax Flygplats,13,Rådande väder,"momentanvärde, 1 gång/tim resp 8 gånger/dygn",kod,1992-01-05T04:00:00Z,1992-01-05T05:00:00+01:00,694584000000,,0,0,G,,corrected-archive-csv
162860,Luleå-Kallax Flygplats,13,Rådande väder,"momentanvärde, 1 gång/tim resp 8 gånger/dygn",kod,1992-01-05T05:00:00Z,1992-01-05T06:00:00+01:00,694587600000,,0,0,G,,corrected-archive-csv
162860,Luleå-Kallax Flygplats,13,Rådande väder,"momentanvärde, 1 gång/tim resp 8 gånger/dygn",kod,1992-01-05T06:00:00Z,1992-01-05T07:00:00+01:00,694591200000,,0,0,G,,corrected-archive-csv
162860,Luleå-Kallax Flygplats,13,Rådande väder,"momentanvärde, 1 gång/tim resp 8 gånger/dygn",kod,1992-01-05T07:00:00Z,1992-01-05T08:00:00+01:00,694594800000,,0,0,G,,corrected-archive-csv
162860,Luleå-Kallax Flygplats,13,Rådande väder,"momentanvärde, 1 gång/tim resp 8 gånger/dygn",kod,1992-01-05T08:00:00Z,1992-01-05T09:00:00+01:00,694598400000,,0,0,G,,corrected-archive-csv
162860,Luleå-Kallax Flygplats,13,Rådande väder,"momentanvärde, 1 gång/tim resp 8 gånger/dygn",kod,1992-01-05T09:00:00Z,1992-01-05T10:00:00+01:00,694602000000,,0,0,G,,corrected-archive-csv
162860,Luleå-Kallax Flygplats,13,Rådande väder,"momentanvärde, 1 gång/tim resp 8 gånger/dygn",kod,1992-01-05T10:00:00Z,1992-01-05T11:00:00+01:00,694605600000,,0,0,G,,corrected-archive-csv
162860,Luleå-Kallax Flygplats,13,Rådande väder,"momentanvärde, 1 gång/tim resp 8 gånger/dygn",kod,1992-01-05T11:00:00Z,1992-01-05T12:00:00+01:00,694609200000,,0,0,G,,corrected-archive-csv
162860,Luleå-Kallax Flygplats,13,Rådande väder,"momentanvärde, 1 gång/tim resp 8 gånger/dygn",kod,1992-01-05T12:00:00Z,1992-01-05T13:00:00+01:00,694612800000,,0,0,G,,corrected-archive-csv
162860,Luleå-Kallax Flygplats,13,Rådande väder,"momentanvärde, 1 gång/tim resp 8 gånger/dygn",kod,1992-01-05T13:00:00Z,1992-01-05T14:00:00+01:00,694616400000,,0,0,G,,corrected-archive-csv
162860,Luleå-Kallax Flygplats,13,Rådande väder,"momentanvärde, 1 gång/tim resp 8 gånger/dygn",kod,1992-01-05T14:00:00Z,1992-01-05T15:00:00+01:00,694620000000,,0,0,G,,corrected-archive-csv
162860,Luleå-Kallax Flygplats,13,Rådande väder,"momentanvärde, 1 gång/tim resp 8 gånger/dygn",kod,1992-01-05T15:00:00Z,1992-01-05T16:00:00+01:00,694623600000,,0,0,G,,corrected-archive-csv
162860,Luleå-Kallax Flygplats,13,Rådande väder,"momentanvärde, 1 gång/tim resp 8 gånger/dygn",kod,1992-01-05T16:00:00Z,1992-01-05T17:00:00+01:00,694627200000,,0,0,G,,corrected-archive-csv
162860,Luleå-Kallax Flygplats,13,Rådande väder,"momentanvärde, 1 gång/tim resp 8 gånger/dygn",kod,1992-01-05T17:00:00Z,1992-01-05T18:00:00+01:00,694630800000,,0,0,G,,corrected-archive-csv
162860,Luleå-Kallax Flygplats,13,Rådande väder,"momentanvärde, 1 gång/tim resp 8 gånger/dygn",kod,1992-01-05T18:00:00Z,1992-01-05T19:00:00+01:00,694634400000,,0,0,G,,corrected-archive-csv
162860,Luleå-Kallax Flygplats,13,Rådande väder,"momentanvärde, 1 gång/tim resp 8 gånger/dygn",kod,1992-01-05T19:00:00Z,1992-01-05T20:00:00+01:00,694638000000,,71,71,Y,,corrected-archive-csv
162860,Luleå-Kallax Flygplats,13,Rådande väder,"momentanvärde, 1 gång/tim resp 8 gånger/dygn",kod,1992-01-05T20:00:00Z,1992-01-05T21:00:00+01:00,694641600000,,1,1,Y,,corrected-archive-csv
162860,Luleå-Kallax Flygplats,13,Rådande väder,"momentanvärde, 1 gång/tim resp 8 gånger/dygn",kod,1992-01-05T21:00:00Z,1992-01-05T22:00:00+01:00,694645200000,,1,1,G,,corrected-archive-csv
162860,Luleå-Kallax Flygplats,13,Rådande väder,"momentanvärde, 1 gång/tim resp 8 gånger/dygn",kod,1992-01-05T22:00:00Z,1992-01-05T23:00:00+01:00,694648800000,,1,1,Y,,corrected-archive-csv
162860,Luleå-Kallax Flygplats,13,Rådande väder,"momentanvärde, 1 gång/tim resp 8 gånger/dygn",kod,1992-01-05T23:00:00Z,1992-01-06T00:00:00+01:00,694652400000,,1,1,Y,,corrected-archive-csv
162860,Luleå-Kallax Flygplats,13,Rådande väder,"momentanvärde, 1 gång/tim resp 8 gånger/dygn",kod,1992-01-06T00:00:00Z,1992-01-06T01:00:00+01:00,694656000000,,0,0,G,,corrected-archive-csv
162860,Luleå-Kallax Flygplats,13,Rådande väder,"momentanvärde, 1 gång/tim resp 8 gånger/dygn",kod,1992-01-06T01:00:00Z,1992-01-06T02:00:00+01:00,694659600000,,0,0,G,,corrected-archive-csv
162860,Luleå-Kallax Flygplats,13,Rådande väder,"momentanvärde, 1 gång/tim resp 8 gånger/dygn",kod,1992-01-06T02:00:00Z,1992-01-06T03:00:00+01:00,694663200000,,0,0,G,,corrected-archive-csv
162860,Luleå-Kallax Flygplats,13,Rådande väder,"momentanvärde, 1 gång/tim resp 8 gånger/dygn",kod,1992-01-06T03:00:00Z,1992-01-06T04:00:00+01:00,694666800000,,0,0,G,,corrected-archive-csv
162860,Luleå-Kallax Flygplats,13,Rådande väder,"momentanvärde, 1 gång/tim resp 8 gånger/dygn",kod,1992-01-06T04:00:00Z,1992-01-06T05:00:00+01:00,694670400000,,0,0,G,,corrected-archive-csv
162860,Luleå-Kallax Flygplats,13,Rådande väder,"momentanvärde, 1 gång/tim resp 8 gånger/dygn",kod,1992-01-06T05:00:00Z,1992-01-06T06:00:00+01:00,694674000000,,0,0,G,,corrected-archive-csv
162860,Luleå-Kallax Flygplats,13,Rådande väder,"momentanvärde, 1 gång/tim resp 8 gånger/dygn",kod,1992-01-06T06:00:00Z,1992-01-06T07:00:00+01:00,694677600000,,0,0,G,,corrected-archive-csv
162860,Luleå-Kallax Flygplats,13,Rådande väder,"momentanvärde, 1 gång/tim resp 8 gånger/dygn",kod,1992-01-06T07:00:00Z,1992-01-06T08:00:00+01:00,694681200000,,0,0,G,,corrected-archive-csv
162860,Luleå-Kallax Flygplats,13,Rådande väder,"momentanvärde, 1 gång/tim resp 8 gånger/dygn",kod,1992-01-06T08:00:00Z,1992-01-06T09:00:00+01:00,694684800000,,0,0,G,,corrected-archive-csv
162860,Luleå-Kallax Flygplats,13,Rådande väder,"momentanvärde, 1 gång/tim resp 8 gånger/dygn",kod,1992-01-06T09:00:00Z,1992-01-06T10:00:00+01:00,694688400000,,0,0,G,,corrected-archive-csv
162860,Luleå-Kallax Flygplats,13,Rådande väder,"momentanvärde, 1 gång/tim resp 8 gånger/dygn",kod,1992-01-06T10:00:00Z,1992-01-06T11:00:00+01:00,694692000000,,0,0,G,,corrected-archive-csv
162860,Luleå-Kallax Flygplats,13,Rådande väder,"momentanvärde, 1 gång/tim resp 8 gånger/dygn",kod,1992-01-06T11:00:00Z,1992-01-06T12:00:00+01:00,694695600000,,0,0,G,,corrected-archive-csv
162860,Luleå-Kallax Flygplats,13,Rådande väder,"momentanvärde, 1 gång/tim resp 8 gånger/dygn",kod,1992-01-06T12:00:00Z,1992-01-06T13:00:00+01:00,694699200000,,0,0,G,,corrected-archive-csv
162860,Luleå-Kallax Flygplats,13,Rådande väder,"momentanvärde, 1 gång/tim resp 8 gånger/dygn",kod,1992-01-06T13:00:00Z,1992-01-06T14:00:00+01:00,694702800000,,0,0,G,,corrected-archive-csv
162860,Luleå-Kallax Flygplats,13,Rådande väder,"momentanvärde, 1 gång/tim resp 8 gånger/dygn",kod,1992-01-06T14:00:00Z,1992-01-06T15:00:00+01:00,694706400000,,0,0,G,,corrected-archive-csv
162860,Luleå-Kallax Flygplats,13,Rådande väder,"momentanvärde, 1 gång/tim resp 8 gånger/dygn",kod,1992-01-06T15:00:00Z,1992-01-06T16:00:00+01:00,694710000000,,0,0,G,,corrected-archive-csv
162860,Luleå-Kallax Flygplats,13,Rådande väder,"momentanvärde, 1 gång/tim resp 8 gånger/dygn",kod,1992-01-06T16:00:00Z,1992-01-06T17:00:00+01:00,694713600000,,0,0,G,,corrected-archive-csv
162860,Luleå-Kallax Flygplats,13,Rådande väder,"momentanvärde, 1 gång/tim resp 8 gånger/dygn",kod,1992-01-06T17:00:00Z,1992-01-06T18:00:00+01:00,694717200000,,0,0,G,,corrected-archive-csv
162860,Luleå-Kallax Flygplats,13,Rådande väder,"momentanvärde, 1 gång/tim resp 8 gånger/dygn",kod,1992-01-06T18:00:00Z,1992-01-06T19:00:00+01:00,694720800000,,0,0,G,,corrected-archive-csv
162860,Luleå-Kallax Flygplats,13,Rådande väder,"momentanvärde, 1 gång/tim resp 8 gånger/dygn",kod,1992-01-06T19:00:00Z,1992-01-06T20:00:00+01:00,694724400000,,0,0,G,,corrected-archive-csv
162860,Luleå-Kallax Flygplats,13,Rådande väder,"momentanvärde, 1 gång/tim resp 8 gånger/dygn",kod,1992-01-06T20:00:00Z,1992-01-06T21:00:00+01:00,694728000000,,0,0,G,,corrected-archive-csv
162860,Luleå-Kallax Flygplats,13,Rådande väder,"momentanvärde, 1 gång/tim resp 8 gånger/dygn",kod,1992-01-06T21:00:00Z,1992-01-06T22:00:00+01:00,694731600000,,0,0,G,,corrected-archive-csv
162860,Luleå-Kallax Flygplats,13,Rådande väder,"momentanvärde, 1 gång/tim resp 8 gånger/dygn",kod,1992-01-06T22:00:00Z,1992-01-06T23:00:00+01:00,694735200000,,0,0,G,,corrected-archive-csv
162860,Luleå-Kallax Flygplats,13,Rådande väder,"momentanvärde, 1 gång/tim resp 8 gånger/dygn",kod,1992-01-06T23:00:00Z,1992-01-07T00:00:00+01:00,694738800000,,0,0,G,,corrected-archive-csv
162860,Luleå-Kallax Flygplats,13,Rådande väder,"momentanvärde, 1 gång/tim resp 8 gånger/dygn",kod,1992-01-07T00:00:00Z,1992-01-07T01:00:00+01:00,694742400000,,0,0,G,,corrected-archive-csv
162860,Luleå-Kallax Flygplats,13,Rådande väder,"momentanvärde, 1 gång/tim resp 8 gånger/dygn",kod,1992-01-07T01:00:00Z,1992-01-07T02:00:00+01:00,694746000000,,0,0,G,,corrected-archive-csv
162860,Luleå-Kallax Flygplats,13,Rådande väder,"momentanvärde, 1 gång/tim resp 8 gånger/dygn",kod,1992-01-07T02:00:00Z,1992-01-07T03:00:00+01:00,694749600000,,0,0,G,,corrected-archive-csv
162860,Luleå-Kallax Flygplats,13,Rådande väder,"momentanvärde, 1 gång/tim resp 8 gånger/dygn",kod,1992-01-07T03:00:00Z,1992-01-07T04:00:00+01:00,694753200000,,0,0,G,,corrected-archive-csv
162860,Luleå-Kallax Flygplats,13,Rådande väder,"momentanvärde, 1 gång/tim resp 8 gånger/dygn",kod,1992-01-07T04:00:00Z,1992-01-07T05:00:00+01:00,694756800000,,0,0,G,,corrected-archive-csv
162860,Luleå-Kallax Flygplats,13,Rådande väder,"momentanvärde, 1 gång/tim resp 8 gånger/dygn",kod,1992-01-07T05:00:00Z,1992-01-07T06:00:00+01:00,694760400000,,0,0,G,,corrected-archive-csv
162860,Luleå-Kallax Flygplats,13,Rådande väder,"momentanvärde, 1 gång/tim resp 8 gånger/dygn",kod,1992-01-07T06:00:00Z,1992-01-07T07:00:00+01:00,694764000000,,40,40,G,,corrected-archive-csv
162860,Luleå-Kallax Flygplats,13,Rådande väder,"momentanvärde, 1 gång/tim resp 8 gånger/dygn",kod,1992-01-07T07:00:00Z,1992-01-07T08:00:00+01:00,694767600000,,45,45,Y,,corrected-archive-csv
162860,Luleå-Kallax Flygplats,13,Rådande väder,"momentanvärde, 1 gång/tim resp 8 gånger/dygn",kod,1992-01-07T08:00:00Z,1992-01-07T09:00:00+01:00,694771200000,,45,45,Y,,corrected-archive-csv
162860,Luleå-Kallax Flygplats,13,Rådande väder,"momentanvärde, 1 gång/tim resp 8 gånger/dygn",kod,1992-01-07T09:00:00Z,1992-01-07T10:00:00+01:00,694774800000,,10,10,G,,corrected-archive-csv
162860,Luleå-Kallax Flygplats,13,Rådande väder,"momentanvärde, 1 gång/tim resp 8 gånger/dygn",kod,1992-01-07T10:00:00Z,1992-01-07T11:00:00+01:00,694778400000,,77,77,Y,,corrected-archive-csv
162860,Luleå-Kallax Flygplats,13,Rådande väder,"momentanvärde, 1 gång/tim resp 8 gånger/dygn",kod,1992-01-07T11:00:00Z,1992-01-07T12:00:00+01:00,694782000000,,71,71,Y,,corrected-archive-csv
162860,Luleå-Kallax Flygplats,13,Rådande väder,"momentanvärde, 1 gång/tim resp 8 gånger/dygn",kod,1992-01-07T12:00:00Z,1992-01-07T13:00:00+01:00,694785600000,,71,71,G,,corrected-archive-csv
162860,Luleå-Kallax Flygplats,13,Rådande väder,"momentanvärde, 1 gång/tim resp 8 gånger/dygn",kod,1992-01-07T13:00:00Z,1992-01-07T14:00:00+01:00,694789200000,,77,77,Y,,corrected-archive-csv
162860,Luleå-Kallax Flygplats,13,Rådande väder,"momentanvärde, 1 gång/tim resp 8 gånger/dygn",kod,1992-01-07T14:00:00Z,1992-01-07T15:00:00+01:00,694792800000,,71,71,Y,,corrected-archive-csv
162860,Luleå-Kallax Flygplats,13,Rådande väder,"momentanvärde, 1 gång/tim resp 8 gånger/dygn",kod,1992-01-07T15:00:00Z,1992-01-07T16:00:00+01:00,694796400000,,71,71,G,,corrected-archive-csv
162860,Luleå-Kallax Flygplats,13,Rådande väder,"momentanvärde, 1 gång/tim resp 8 gånger/dygn",kod,1992-01-07T16:00:00Z,1992-01-07T17:00:00+01:00,694800000000,,22,22,Y,,corrected-archive-csv
162860,Luleå-Kallax Flygplats,13,Rådande väder,"momentanvärde, 1 gång/tim resp 8 gånger/dygn",kod,1992-01-07T17:00:00Z,1992-01-07T18:00:00+01:00,694803600000,,2,2,Y,,corrected-archive-csv
162860,Luleå-Kallax Flygplats,13,Rådande väder,"momentanvärde, 1 gång/tim resp 8 gånger/dygn",kod,1992-01-07T18:00:00Z,1992-01-07T19:00:00+01:00,694807200000,,2,2,G,,corrected-archive-csv
162860,Luleå-Kallax Flygplats,13,Rådande väder,"momentanvärde, 1 gång/tim resp 8 gånger/dygn",kod,1992-01-07T19:00:00Z,1992-01-07T20:00:00+01:00,694810800000,,0,0,G,,corrected-archive-csv
162860,Luleå-Kallax Flygplats,13,Rådande väder,"momentanvärde, 1 gång/tim resp 8 gånger/dygn",kod,1992-01-07T20:00:00Z,1992-01-07T21:00:00+01:00,694814400000,,0,0,G,,corrected-archive-csv
162860,Luleå-Kallax Flygplats,13,Rådande väder,"momentanvärde, 1 gång/tim resp 8 gånger/dygn",kod,1992-01-07T21:00:00Z,1992-01-07T22:00:00+01:00,694818000000,,0,0,G,,corrected-archive-csv
162860,Luleå-Kallax Flygplats,13,Rådande väder,"momentanvärde, 1 gång/tim resp 8 gånger/dygn",kod,1992-01-07T22:00:00Z,1992-01-07T23:00:00+01:00,694821600000,,0,0,G,,corrected-archive-csv
162860,Luleå-Kallax Flygplats,13,Rådande väder,"momentanvärde, 1 gång/tim resp 8 gånger/dygn",kod,1992-01-07T23:00:00Z,1992-01-08T00:00:00+01:00,694825200000,,0,0,G,,corrected-archive-csv
162860,Luleå-Kallax Flygplats,13,Rådande väder,"momentanvärde, 1 gång/tim resp 8 gånger/dygn",kod,1992-01-08T00:00:00Z,1992-01-08T01:00:00+01:00,694828800000,,0,0,G,,corrected-archive-csv
162860,Luleå-Kallax Flygplats,13,Rådande väder,"momentanvärde, 1 gång/tim resp 8 gånger/dygn",kod,1992-01-08T01:00:00Z,1992-01-08T02:00:00+01:00,694832400000,,0,0,G,,corrected-archive-csv
162860,Luleå-Kallax Flygplats,13,Rådande väder,"momentanvärde, 1 gång/tim resp 8 gånger/dygn",kod,1992-01-08T02:00:00Z,1992-01-08T03:00:00+01:00,694836000000,,0,0,G,,corrected-archive-csv
162860,Luleå-Kallax Flygplats,13,Rådande väder,"momentanvärde, 1 gång/tim resp 8 gånger/dygn",kod,1992-01-08T03:00:00Z,1992-01-08T04:00:00+01:00,694839600000,,0,0,G,,corrected-archive-csv
162860,Luleå-Kallax Flygplats,13,Rådande väder,"momentanvärde, 1 gång/tim resp 8 gånger/dygn",kod,1992-01-08T04:00:00Z,1992-01-08T05:00:00+01:00,694843200000,,0,0,G,,corrected-archive-csv
162860,Luleå-Kallax Flygplats,13,Rådande väder,"momentanvärde, 1 gång/tim resp 8 gånger/dygn",kod,1992-01-08T05:00:00Z,1992-01-08T06:00:00+01:00,694846800000,,0,0,G,,corrected-archive-csv
162860,Luleå-Kallax Flygplats,13,Rådande väder,"momentanvärde, 1 gång/tim resp 8 gånger/dygn",kod,1992-01-08T06:00:00Z,1992-01-08T07:00:00+01:00,694850400000,,0,0,G,,corrected-archive-csv
162860,Luleå-Kallax Flygplats,13,Rådande väder,"momentanvärde, 1 gång/tim resp 8 gånger/dygn",kod,1992-01-08T07:00:00Z,1992-01-08T08:00:00+01:00,694854000000,,0,0,G,,corrected-archive-csv
162860,Luleå-Kallax Flygplats,13,Rådande väder,"momentanvärde, 1 gång/tim resp 8 gånger/dygn",kod,1992-01-08T08:00:00Z,1992-01-08T09:00:00+01:00,694857600000,,77,77,Y,,corrected-archive-csv
162860,Luleå-Kallax Flygplats,13,Rådande väder,"momentanvärde, 1 gång/tim resp 8 gånger/dygn",kod,1992-01-08T09:00:00Z,1992-01-08T10:00:00+01:00,694861200000,,77,77,G,,corrected-archive-csv
162860,Luleå-Kallax Flygplats,13,Rådande väder,"momentanvärde, 1 gång/tim resp 8 gånger/dygn",kod,1992-01-08T10:00:00Z,1992-01-08T11:00:00+01:00,694864800000,,77,77,Y,,corrected-archive-csv
162860,Luleå-Kallax Flygplats,13,Rådande väder,"momentanvärde, 1 gång/tim resp 8 gånger/dygn",kod,1992-01-08T11:00:00Z,1992-01-08T12:00:00+01:00,694868400000,,77,77,Y,,corrected-archive-csv
162860,Luleå-Kallax Flygplats,13,Rådande väder,"momentanvärde, 1 gång/tim resp 8 gånger/dygn",kod,1992-01-08T12:00:00Z,1992-01-08T13:00:00+01:00,694872000000,,77,77,G,,corrected-archive-csv
162860,Luleå-Kallax Flygplats,13,Rådande väder,"momentanvärde, 1 gång/tim resp 8 gånger/dygn",kod,1992-01-08T13:00:00Z,1992-01-08T14:00:00+01:00,694875600000,,77,77,Y,,corrected-archive-csv
162860,Luleå-Kallax Flygplats,13,Rådande väder,"momentanvärde, 1 gång/tim resp 8 gånger/dygn",kod,1992-01-08T14:00:00Z,1992-01-08T15:00:00+01:00,694879200000,,77,77,Y,,corrected-archive-csv
162860,Luleå-Kallax Flygplats,13,Rådande väder,"momentanvärde, 1 gång/tim resp 8 gånger/dygn",kod,1992-01-08T15:00:00Z,1992-01-08T16:00:00+01:00,694882800000,,77,77,G,,corrected-archive-csv
162860,Luleå-Kallax Flygplats,13,Rådande väder,"momentanvärde, 1 gång/tim resp 8 gånger/dygn",kod,1992-01-08T16:00:00Z,1992-01-08T17:00:00+01:00,694886400000,,77,77,Y,,corrected-archive-csv
162860,Luleå-Kallax Flygplats,13,Rådande väder,"momentanvärde, 1 gång/tim resp 8 gånger/dygn",kod,1992-01-08T17:00:00Z,1992-01-08T18:00:00+01:00,694890000000,,77,77,Y,,corrected-archive-csv
162860,Luleå-Kallax Flygplats,13,Rådande väder,"momentanvärde, 1 gång/tim resp 8 gånger/dygn",kod,1992-01-08T18:00:00Z,1992-01-08T19:00:00+01:00,694893600000,,77,77,G,,corrected-archive-csv
162860,Luleå-Kallax Flygplats,13,Rådande väder,"momentanvärde, 1 gång/tim resp 8 gånger/dygn",kod,1992-01-08T19:00:00Z,1992-01-08T20:00:00+01:00,694897200000,,77,77,Y,,corrected-archive-csv
162860,Luleå-Kallax Flygplats,13,Rådande väder,"momentanvärde, 1 gång/tim resp 8 gånger/dygn",kod,1992-01-08T20:00:00Z,1992-01-08T21:00:00+01:00,694900800000,,77,77,Y,,corrected-archive-csv
162860,Luleå-Kallax Flygplats,13,Rådande väder,"momentanvärde, 1 gång/tim resp 8 gånger/dygn",kod,1992-01-08T21:00:00Z,1992-01-08T22:00:00+01:00,694904400000,,77,77,G,,corrected-archive-csv
162860,Luleå-Kallax Flygplats,13,Rådande väder,"momentanvärde, 1 gång/tim resp 8 gånger/dygn",kod,1992-01-08T22:00:00Z,1992-01-08T23:00:00+01:00,694908000000,,77,77,Y,,corrected-archive-csv
162860,Luleå-Kallax Flygplats,13,Rådande väder,"momentanvärde, 1 gång/tim resp 8 gånger/dygn",kod,1992-01-08T23:00:00Z,1992-01-09T00:00:00+01:00,694911600000,,77,77,Y,,corrected-archive-csv
162860,Luleå-Kallax Flygplats,13,Rådande väder,"momentanvärde, 1 gång/tim resp 8 gånger/dygn",kod,1992-01-09T00:00:00Z,1992-01-09T01:00:00+01:00,694915200000,,22,22,G,,corrected-archive-csv
162860,Luleå-Kallax Flygplats,13,Rådande väder,"momentanvärde, 1 gång/tim resp 8 gånger/dygn",kod,1992-01-09T01:00:00Z,1992-01-09T02:00:00+01:00,694918800000,,0,0,G,,corrected-archive-csv
162860,Luleå-Kallax Flygplats,13,Rådande väder,"momentanvärde, 1 gång/tim resp 8 gånger/dygn",kod,1992-01-09T02:00:00Z,1992-01-09T03:00:00+01:00,694922400000,,71,71,Y,,corrected-archive-csv
162860,Luleå-Kallax Flygplats,13,Rådande väder,"momentanvärde, 1 gång/tim resp 8 gånger/dygn",kod,1992-01-09T03:00:00Z,1992-01-09T04:00:00+01:00,694926000000,,22,22,G,,corrected-archive-csv
162860,Luleå-Kallax Flygplats,13,Rådande väder,"momentanvärde, 1 gång/tim resp 8 gånger/dygn",kod,1992-01-09T04:00:00Z,1992-01-09T05:00:00+01:00,694929600000,,22,22,Y,,corrected-archive-csv
162860,Luleå-Kallax Flygplats,13,Rådande väder,"momentanvärde, 1 gång/tim resp 8 gånger/dygn",kod,1992-01-09T05:00:00Z,1992-01-09T06:00:00+01:00,694933200000,,22,22,Y,,corrected-archive-csv
162860,Luleå-Kallax Flygplats,13,Rådande väder,"momentanvärde, 1 gång/tim resp 8 gånger/dygn",kod,1992-01-09T06:00:00Z,1992-01-09T07:00:00+01:00,694936800000,,71,71,G,,corrected-archive-csv
162860,Luleå-Kallax Flygplats,13,Rådande väder,"momentanvärde, 1 gång/tim resp 8 gånger/dygn",kod,1992-01-09T07:00:00Z,1992-01-09T08:00:00+01:00,694940400000,,0,0,G,,corrected-archive-csv
162860,Luleå-Kallax Flygplats,13,Rådande väder,"momentanvärde, 1 gång/tim resp 8 gånger/dygn",kod,1992-01-09T08:00:00Z,1992-01-09T09:00:00+01:00,694944000000,,0,0,G,,corrected-archive-csv
162860,Luleå-Kallax Flygplats,13,Rådande väder,"momentanvärde, 1 gång/tim resp 8 gånger/dygn",kod,1992-01-09T09:00:00Z,1992-01-09T10:00:00+01:00,694947600000,,0,0,G,,corrected-archive-csv
162860,Luleå-Kallax Flygplats,13,Rådande väder,"momentanvärde, 1 gång/tim resp 8 gånger/dygn",kod,1992-01-09T10:00:00Z,1992-01-09T11:00:00+01:00,694951200000,,0,0,G,,corrected-archive-csv
162860,Luleå-Kallax Flygplats,13,Rådande väder,"momentanvärde, 1 gång/tim resp 8 gånger/dygn",kod,1992-01-09T11:00:00Z,1992-01-09T12:00:00+01:00,694954800000,,0,0,G,,corrected-archive-csv
162860,Luleå-Kallax Flygplats,13,Rådande väder,"momentanvärde, 1 gång/tim resp 8 gånger/dygn",kod,1992-01-09T12:00:00Z,1992-01-09T13:00:00+01:00,694958400000,,0,0,G,,corrected-archive-csv
162860,Luleå-Kallax Flygplats,13,Rådande väder,"momentanvärde, 1 gång/tim resp 8 gånger/dygn",kod,1992-01-09T13:00:00Z,1992-01-09T14:00:00+01:00,694962000000,,0,0,G,,corrected-archive-csv
162860,Luleå-Kallax Flygplats,13,Rådande väder,"momentanvärde, 1 gång/tim resp 8 gånger/dygn",kod,1992-01-09T14:00:00Z,1992-01-09T15:00:00+01:00,694965600000,,0,0,G,,corrected-archive-csv
162860,Luleå-Kallax Flygplats,13,Rådande väder,"momentanvärde, 1 gång/tim resp 8 gånger/dygn",kod,1992-01-09T15:00:00Z,1992-01-09T16:00:00+01:00,694969200000,,77,77,G,,corrected-archive-csv
162860,Luleå-Kallax Flygplats,13,Rådande väder,"momentanvärde, 1 gång/tim resp 8 gånger/dygn",kod,1992-01-09T16:00:00Z,1992-01-09T17:00:00+01:00,694972800000,,20,20,Y,,corrected-archive-csv
162860,Luleå-Kallax Flygplats,13,Rådande väder,"momentanvärde, 1 gång/tim resp 8 gånger/dygn",kod,1992-01-09T17:00:00Z,1992-01-09T18:00:00+01:00,694976400000,,77,77,Y,,corrected-archive-csv
162860,Luleå-Kallax Flygplats,13,Rådande väder,"momentanvärde, 1 gång/tim resp 8 gånger/dygn",kod,1992-01-09T18:00:00Z,1992-01-09T19:00:00+01:00,694980000000,,77,77,G,,corrected-archive-csv
162860,Luleå-Kallax Flygplats,13,Rådande väder,"momentanvärde, 1 gång/tim resp 8 gånger/dygn",kod,1992-01-09T19:00:00Z,1992-01-09T20:00:00+01:00,694983600000,,77,77,Y,,corrected-archive-csv
162860,Luleå-Kallax Flygplats,13,Rådande väder,"momentanvärde, 1 gång/tim resp 8 gånger/dygn",kod,1992-01-09T20:00:00Z,1992-01-09T21:00:00+01:00,694987200000,,77,77,Y,,corrected-archive-csv
162860,Luleå-Kallax Flygplats,13,Rådande väder,"momentanvärde, 1 gång/tim resp 8 gånger/dygn",kod,1992-01-09T21:00:00Z,1992-01-09T22:00:00+01:00,694990800000,,77,77,G,,corrected-archive-csv
162860,Luleå-Kallax Flygplats,13,Rådande väder,"momentanvärde, 1 gång/tim resp 8 gånger/dygn",kod,1992-01-09T22:00:00Z,1992-01-09T23:00:00+01:00,694994400000,,22,22,Y,,corrected-archive-csv
162860,Luleå-Kallax Flygplats,13,Rådande väder,"momentanvärde, 1 gång/tim resp 8 gånger/dygn",kod,1992-01-09T23:00:00Z,1992-01-10T00:00:00+01:00,694998000000,,22,22,Y,,corrected-archive-csv
162860,Luleå-Kallax Flygplats,13,Rådande väder,"momentanvärde, 1 gång/tim resp 8 gånger/dygn",kod,1992-01-10T00:00:00Z,1992-01-10T01:00:00+01:00,695001600000,,22,22,G,,corrected-archive-csv
162860,Luleå-Kallax Flygplats,13,Rådande väder,"momentanvärde, 1 gång/tim resp 8 gånger/dygn",kod,1992-01-10T01:00:00Z,1992-01-10T02:00:00+01:00,695005200000,,0,0,G,,corrected-archive-csv
162860,Luleå-Kallax Flygplats,13,Rådande väder,"momentanvärde, 1 gång/tim resp 8 gånger/dygn",kod,1992-01-10T02:00:00Z,1992-01-10T03:00:00+01:00,695008800000,,0,0,G,,corrected-archive-csv
162860,Luleå-Kallax Flygplats,13,Rådande väder,"momentanvärde, 1 gång/tim resp 8 gånger/dygn",kod,1992-01-10T03:00:00Z,1992-01-10T04:00:00+01:00,695012400000,,0,0,G,,corrected-archive-csv
162860,Luleå-Kallax Flygplats,13,Rådande väder,"momentanvärde, 1 gång/tim resp 8 gånger/dygn",kod,1992-01-10T04:00:00Z,1992-01-10T05:00:00+01:00,695016000000,,0,0,G,,corrected-archive-csv
162860,Luleå-Kallax Flygplats,13,Rådande väder,"momentanvärde, 1 gång/tim resp 8 gånger/dygn",kod,1992-01-10T05:00:00Z,1992-01-10T06:00:00+01:00,695019600000,,0,0,G,,corrected-archive-csv
162860,Luleå-Kallax Flygplats,13,Rådande väder,"momentanvärde, 1 gång/tim resp 8 gånger/dygn",kod,1992-01-10T06:00:00Z,1992-01-10T07:00:00+01:00,695023200000,,0,0,G,,corrected-archive-csv
162860,Luleå-Kallax Flygplats,13,Rådande väder,"momentanvärde, 1 gång/tim resp 8 gånger/dygn",kod,1992-01-10T07:00:00Z,1992-01-10T08:00:00+01:00,695026800000,,0,0,G,,corrected-archive-csv
162860,Luleå-Kallax Flygplats,13,Rådande väder,"momentanvärde, 1 gång/tim resp 8 gånger/dygn",kod,1992-01-10T08:00:00Z,1992-01-10T09:00:00+01:00,695030400000,,0,0,G,,corrected-archive-csv
162860,Luleå-Kallax Flygplats,13,Rådande väder,"momentanvärde, 1 gång/tim resp 8 gånger/dygn",kod,1992-01-10T09:00:00Z,1992-01-10T10:00:00+01:00,695034000000,,0,0,G,,corrected-archive-csv
162860,Luleå-Kallax Flygplats,13,Rådande väder,"momentanvärde, 1 gång/tim resp 8 gånger/dygn",kod,1992-01-10T10:00:00Z,1992-01-10T11:00:00+01:00,695037600000,,0,0,G,,corrected-archive-csv
162860,Luleå-Kallax Flygplats,13,Rådande väder,"momentanvärde, 1 gång/tim resp 8 gånger/dygn",kod,1992-01-10T11:00:00Z,1992-01-10T12:00:00+01:00,695041200000,,40,40,Y,,corrected-archive-csv
162860,Luleå-Kallax Flygplats,13,Rådande väder,"momentanvärde, 1 gång/tim resp 8 gånger/dygn",kod,1992-01-10T12:00:00Z,1992-01-10T13:00:00+01:00,695044800000,,0,0,G,,corrected-archive-csv
162860,Luleå-Kallax Flygplats,13,Rådande väder,"momentanvärde, 1 gång/tim resp 8 gånger/dygn",kod,1992-01-10T13:00:00Z,1992-01-10T14:00:00+01:00,695048400000,,0,0,G,,corrected-archive-csv
162860,Luleå-Kallax Flygplats,13,Rådande väder,"momentanvärde, 1 gång/tim resp 8 gånger/dygn",kod,1992-01-10T14:00:00Z,1992-01-10T15:00:00+01:00,695052000000,,0,0,G,,corrected-archive-csv
162860,Luleå-Kallax Flygplats,13,Rådande väder,"momentanvärde, 1 gång/tim resp 8 gånger/dygn",kod,1992-01-10T15:00:00Z,1992-01-10T16:00:00+01:00,695055600000,,71,71,G,,corrected-archive-csv
162860,Luleå-Kallax Flygplats,13,Rådande väder,"momentanvärde, 1 gång/tim resp 8 gånger/dygn",kod,1992-01-10T16:00:00Z,1992-01-10T17:00:00+01:00,695059200000,,71,71,Y,,corrected-archive-csv
162860,Luleå-Kallax Flygplats,13,Rådande väder,"momentanvärde, 1 gång/tim resp 8 gånger/dygn",kod,1992-01-10T17:00:00Z,1992-01-10T18:00:00+01:00,695062800000,,71,71,Y,,corrected-archive-csv
162860,Luleå-Kallax Flygplats,13,Rådande väder,"momentanvärde, 1 gång/tim resp 8 gånger/dygn",kod,1992-01-10T18:00:00Z,1992-01-10T19:00:00+01:00,695066400000,,71,71,G,,corrected-archive-csv
162860,Luleå-Kallax Flygplats,13,Rådande väder,"momentanvärde, 1 gång/tim resp 8 gånger/dygn",kod,1992-01-10T19:00:00Z,1992-01-10T20:00:00+01:00,695070000000,,73,73,Y,,corrected-archive-csv
162860,Luleå-Kallax Flygplats,13,Rådande väder,"momentanvärde, 1 gång/tim resp 8 gånger/dygn",kod,1992-01-10T20:00:00Z,1992-01-10T21:00:00+01:00,695073600000,,73,73,Y,,corrected-archive-csv
162860,Luleå-Kallax Flygplats,13,Rådande väder,"momentanvärde, 1 gång/tim resp 8 gånger/dygn",kod,1992-01-10T21:00:00Z,1992-01-10T22:00:00+01:00,695077200000,,73,73,G,,corrected-archive-csv
162860,Luleå-Kallax Flygplats,13,Rådande väder,"momentanvärde, 1 gång/tim resp 8 gånger/dygn",kod,1992-01-10T22:00:00Z,1992-01-10T23:00:00+01:00,695080800000,,71,71,Y,,corrected-archive-csv
162860,Luleå-Kallax Flygplats,13,Rådande väder,"momentanvärde, 1 gång/tim resp 8 gånger/dygn",kod,1992-01-10T23:00:00Z,1992-01-11T00:00:00+01:00,695084400000,,22,22,Y,,corrected-archive-csv
162860,Luleå-Kallax Flygplats,13,Rådande väder,"momentanvärde, 1 gång/tim resp 8 gånger/dygn",kod,1992-01-11T00:00:00Z,1992-01-11T01:00:00+01:00,695088000000,,1,1,G,,corrected-archive-csv
162860,Luleå-Kallax Flygplats,13,Rådande väder,"momentanvärde, 1 gång/tim resp 8 gånger/dygn",kod,1992-01-11T01:00:00Z,1992-01-11T02:00:00+01:00,695091600000,,0,0,G,,corrected-archive-csv
162860,Luleå-Kallax Flygplats,13,Rådande väder,"momentanvärde, 1 gång/tim resp 8 gånger/dygn",kod,1992-01-11T02:00:00Z,1992-01-11T03:00:00+01:00,695095200000,,0,0,G,,corrected-archive-csv
162860,Luleå-Kallax Flygplats,13,Rådande väder,"momentanvärde, 1 gång/tim resp 8 gånger/dygn",kod,1992-01-11T03:00:00Z,1992-01-11T04:00:00+01:00,695098800000,,0,0,G,,corrected-archive-csv
162860,Luleå-Kallax Flygplats,13,Rådande väder,"momentanvärde, 1 gång/tim resp 8 gånger/dygn",kod,1992-01-11T04:00:00Z,1992-01-11T05:00:00+01:00,695102400000,,0,0,G,,corrected-archive-csv
162860,Luleå-Kallax Flygplats,13,Rådande väder,"momentanvärde, 1 gång/tim resp 8 gånger/dygn",kod,1992-01-11T05:00:00Z,1992-01-11T06:00:00+01:00,695106000000,,0,0,G,,corrected-archive-csv
162860,Luleå-Kallax Flygplats,13,Rådande väder,"momentanvärde, 1 gång/tim resp 8 gånger/dygn",kod,1992-01-11T06:00:00Z,1992-01-11T07:00:00+01:00,695109600000,,0,0,G,,corrected-archive-csv
162860,Luleå-Kallax Flygplats,13,Rådande väder,"momentanvärde, 1 gång/tim resp 8 gånger/dygn",kod,1992-01-11T07:00:00Z,1992-01-11T08:00:00+01:00,695113200000,,0,0,G,,corrected-archive-csv
162860,Luleå-Kallax Flygplats,13,Rådande väder,"momentanvärde, 1 gång/tim resp 8 gånger/dygn",kod,1992-01-11T08:00:00Z,1992-01-11T09:00:00+01:00,695116800000,,0,0,G,,corrected-archive-csv
162860,Luleå-Kallax Flygplats,13,Rådande väder,"momentanvärde, 1 gång/tim resp 8 gånger/dygn",kod,1992-01-11T09:00:00Z,1992-01-11T10:00:00+01:00,695120400000,,0,0,G,,corrected-archive-csv
162860,Luleå-Kallax Flygplats,13,Rådande väder,"momentanvärde, 1 gång/tim resp 8 gånger/dygn",kod,1992-01-11T10:00:00Z,1992-01-11T11:00:00+01:00,695124000000,,0,0,G,,corrected-archive-csv
162860,Luleå-Kallax Flygplats,13,Rådande väder,"momentanvärde, 1 gång/tim resp 8 gånger/dygn",kod,1992-01-11T11:00:00Z,1992-01-11T12:00:00+01:00,695127600000,,0,0,G,,corrected-archive-csv
162860,Luleå-Kallax Flygplats,13,Rådande väder,"momentanvärde, 1 gång/tim resp 8 gånger/dygn",kod,1992-01-11T12:00:00Z,1992-01-11T13:00:00+01:00,695131200000,,0,0,G,,corrected-archive-csv
162860,Luleå-Kallax Flygplats,13,Rådande väder,"momentanvärde, 1 gång/tim resp 8 gånger/dygn",kod,1992-01-11T13:00:00Z,1992-01-11T14:00:00+01:00,695134800000,,0,0,G,,corrected-archive-csv
162860,Luleå-Kallax Flygplats,13,Rådande väder,"momentanvärde, 1 gång/tim resp 8 gånger/dygn",kod,1992-01-11T14:00:00Z,1992-01-11T15:00:00+01:00,695138400000,,0,0,G,,corrected-archive-csv
162860,Luleå-Kallax Flygplats,13,Rådande väder,"momentanvärde, 1 gång/tim resp 8 gånger/dygn",kod,1992-01-11T15:00:00Z,1992-01-11T16:00:00+01:00,695142000000,,0,0,G,,corrected-archive-csv
162860,Luleå-Kallax Flygplats,13,Rådande väder,"momentanvärde, 1 gång/tim resp 8 gånger/dygn",kod,1992-01-11T16:00:00Z,1992-01-11T17:00:00+01:00,695145600000,,0,0,G,,corrected-archive-csv
162860,Luleå-Kallax Flygplats,13,Rådande väder,"momentanvärde, 1 gång/tim resp 8 gånger/dygn",kod,1992-01-11T17:00:00Z,1992-01-11T18:00:00+01:00,695149200000,,0,0,G,,corrected-archive-csv
162860,Luleå-Kallax Flygplats,13,Rådande väder,"momentanvärde, 1 gång/tim resp 8 gånger/dygn",kod,1992-01-11T18:00:00Z,1992-01-11T19:00:00+01:00,695152800000,,0,0,G,,corrected-archive-csv
162860,Luleå-Kallax Flygplats,13,Rådande väder,"momentanvärde, 1 gång/tim resp 8 gånger/dygn",kod,1992-01-11T19:00:00Z,1992-01-11T20:00:00+01:00,695156400000,,0,0,G,,corrected-archive-csv
162860,Luleå-Kallax Flygplats,13,Rådande väder,"momentanvärde, 1 gång/tim resp 8 gånger/dygn",kod,1992-01-11T20:00:00Z,1992-01-11T21:00:00+01:00,695160000000,,0,0,G,,corrected-archive-csv
162860,Luleå-Kallax Flygplats,13,Rådande väder,"momentanvärde, 1 gång/tim resp 8 gånger/dygn",kod,1992-01-11T21:00:00Z,1992-01-11T22:00:00+01:00,695163600000,,0,0,G,,corrected-archive-csv
162860,Luleå-Kallax Flygplats,13,Rådande väder,"momentanvärde, 1 gång/tim resp 8 gånger/dygn",kod,1992-01-11T22:00:00Z,1992-01-11T23:00:00+01:00,695167200000,,0,0,G,,corrected-archive-csv
162860,Luleå-Kallax Flygplats,13,Rådande väder,"momentanvärde, 1 gång/tim resp 8 gånger/dygn",kod,1992-01-11T23:00:00Z,1992-01-12T00:00:00+01:00,695170800000,,0,0,G,,corrected-archive-csv
162860,Luleå-Kallax Flygplats,13,Rådande väder,"momentanvärde, 1 gång/tim resp 8 gånger/dygn",kod,1992-01-12T00:00:00Z,1992-01-12T01:00:00+01:00,695174400000,,0,0,G,,corrected-archive-csv
162860,Luleå-Kallax Flygplats,13,Rådande väder,"momentanvärde, 1 gång/tim resp 8 gånger/dygn",kod,1992-01-12T01:00:00Z,1992-01-12T02:00:00+01:00,695178000000,,0,0,G,,corrected-archive-csv
162860,Luleå-Kallax Flygplats,13,Rådande väder,"momentanvärde, 1 gång/tim resp 8 gånger/dygn",kod,1992-01-12T02:00:00Z,1992-01-12T03:00:00+01:00,695181600000,,0,0,G,,corrected-archive-csv
162860,Luleå-Kallax Flygplats,13,Rådande väder,"momentanvärde, 1 gång/tim resp 8 gånger/dygn",kod,1992-01-12T03:00:00Z,1992-01-12T04:00:00+01:00,695185200000,,0,0,G,,corrected-archive-csv
162860,Luleå-Kallax Flygplats,13,Rådande väder,"momentanvärde, 1 gång/tim resp 8 gånger/dygn",kod,1992-01-12T04:00:00Z,1992-01-12T05:00:00+01:00,695188800000,,0,0,G,,corrected-archive-csv
162860,Luleå-Kallax Flygplats,13,Rådande väder,"momentanvärde, 1 gång/tim resp 8 gånger/dygn",kod,1992-01-12T05:00:00Z,1992-01-12T06:00:00+01:00,695192400000,,0,0,G,,corrected-archive-csv
162860,Luleå-Kallax Flygplats,13,Rådande väder,"momentanvärde, 1 gång/tim resp 8 gånger/dygn",kod,1992-01-12T06:00:00Z,1992-01-12T07:00:00+01:00,695196000000,,0,0,G,,corrected-archive-csv
162860,Luleå-Kallax Flygplats,13,Rådande väder,"momentanvärde, 1 gång/tim resp 8 gånger/dygn",kod,1992-01-12T07:00:00Z,1992-01-12T08:00:00+01:00,695199600000,,0,0,G,,corrected-archive-csv
162860,Luleå-Kallax Flygplats,13,Rådande väder,"momentanvärde, 1 gång/tim resp 8 gånger/dygn",kod,1992-01-12T08:00:00Z,1992-01-12T09:00:00+01:00,695203200000,,0,0,G,,corrected-archive-csv
162860,Luleå-Kallax Flygplats,13,Rådande väder,"momentanvärde, 1 gång/tim resp 8 gånger/dygn",kod,1992-01-12T09:00:00Z,1992-01-12T10:00:00+01:00,695206800000,,0,0,G,,corrected-archive-csv
162860,Luleå-Kallax Flygplats,13,Rådande väder,"momentanvärde, 1 gång/tim resp 8 gånger/dygn",kod,1992-01-12T10:00:00Z,1992-01-12T11:00:00+01:00,695210400000,,0,0,G,,corrected-archive-csv
162860,Luleå-Kallax Flygplats,13,Rådande väder,"momentanvärde, 1 gång/tim resp 8 gånger/dygn",kod,1992-01-12T11:00:00Z,1992-01-12T12:00:00+01:00,695214000000,,0,0,G,,corrected-archive-csv
162860,Luleå-Kallax Flygplats,13,Rådande väder,"momentanvärde, 1 gång/tim resp 8 gånger/dygn",kod,1992-01-12T12:00:00Z,1992-01-12T13:00:00+01:00,695217600000,,0,0,G,,corrected-archive-csv
162860,Luleå-Kallax Flygplats,13,Rådande väder,"momentanvärde, 1 gång/tim resp 8 gånger/dygn",kod,1992-01-12T13:00:00Z,1992-01-12T14:00:00+01:00,695221200000,,0,0,G,,corrected-archive-csv
162860,Luleå-Kallax Flygplats,13,Rådande väder,"momentanvärde, 1 gång/tim resp 8 gånger/dygn",kod,1992-01-12T14:00:00Z,1992-01-12T15:00:00+01:00,695224800000,,0,0,G,,corrected-archive-csv
162860,Luleå-Kallax Flygplats,13,Rådande väder,"momentanvärde, 1 gång/tim resp 8 gånger/dygn",kod,1992-01-12T15:00:00Z,1992-01-12T16:00:00+01:00,695228400000,,0,0,G,,corrected-archive-csv
162860,Luleå-Kallax Flygplats,13,Rådande väder,"momentanvärde, 1 gång/tim resp 8 gånger/dygn",kod,1992-01-12T16:00:00Z,1992-01-12T17:00:00+01:00,695232000000,,0,0,G,,corrected-archive-csv
162860,Luleå-Kallax Flygplats,13,Rådande väder,"momentanvärde, 1 gång/tim resp 8 gånger/dygn",kod,1992-01-12T17:00:00Z,1992-01-12T18:00:00+01:00,695235600000,,0,0,G,,corrected-archive-csv
162860,Luleå-Kallax Flygplats,13,Rådande väder,"momentanvärde, 1 gång/tim resp 8 gånger/dygn",kod,1992-01-12T18:00:00Z,1992-01-12T19:00:00+01:00,695239200000,,0,0,G,,corrected-archive-csv
162860,Luleå-Kallax Flygplats,13,Rådande väder,"momentanvärde, 1 gång/tim resp 8 gånger/dygn",kod,1992-01-12T19:00:00Z,1992-01-12T20:00:00+01:00,695242800000,,0,0,G,,corrected-archive-csv
162860,Luleå-Kallax Flygplats,13,Rådande väder,"momentanvärde, 1 gång/tim resp 8 gånger/dygn",kod,1992-01-12T20:00:00Z,1992-01-12T21:00:00+01:00,695246400000,,0,0,G,,corrected-archive-csv
162860,Luleå-Kallax Flygplats,13,Rådande väder,"momentanvärde, 1 gång/tim resp 8 gånger/dygn",kod,1992-01-12T21:00:00Z,1992-01-12T22:00:00+01:00,695250000000,,0,0,G,,corrected-archive-csv
162860,Luleå-Kallax Flygplats,13,Rådande väder,"momentanvärde, 1 gång/tim resp 8 gånger/dygn",kod,1992-01-12T22:00:00Z,1992-01-12T23:00:00+01:00,695253600000,,0,0,G,,corrected-archive-csv
162860,Luleå-Kallax Flygplats,13,Rådande väder,"momentanvärde, 1 gång/tim resp 8 gånger/dygn",kod,1992-01-12T23:00:00Z,1992-01-13T00:00:00+01:00,695257200000,,0,0,G,,corrected-archive-csv
162860,Luleå-Kallax Flygplats,13,Rådande väder,"momentanvärde, 1 gång/tim resp 8 gånger/dygn",kod,1992-01-13T00:00:00Z,1992-01-13T01:00:00+01:00,695260800000,,0,0,G,,corrected-archive-csv
162860,Luleå-Kallax Flygplats,13,Rådande väder,"momentanvärde, 1 gång/tim resp 8 gånger/dygn",kod,1992-01-13T01:00:00Z,1992-01-13T02:00:00+01:00,695264400000,,0,0,G,,corrected-archive-csv
162860,Luleå-Kallax Flygplats,13,Rådande väder,"momentanvärde, 1 gång/tim resp 8 gånger/dygn",kod,1992-01-13T02:00:00Z,1992-01-13T03:00:00+01:00,695268000000,,0,0,G,,corrected-archive-csv
162860,Luleå-Kallax Flygplats,13,Rådande väder,"momentanvärde, 1 gång/tim resp 8 gånger/dygn",kod,1992-01-13T03:00:00Z,1992-01-13T04:00:00+01:00,695271600000,,0,0,G,,corrected-archive-csv
162860,Luleå-Kallax Flygplats,13,Rådande väder,"momentanvärde, 1 gång/tim resp 8 gånger/dygn",kod,1992-01-13T04:00:00Z,1992-01-13T05:00:00+01:00,695275200000,,0,0,G,,corrected-archive-csv
162860,Luleå-Kallax Flygplats,13,Rådande väder,"momentanvärde, 1 gång/tim resp 8 gånger/dygn",kod,1992-01-13T05:00:00Z,1992-01-13T06:00:00+01:00,695278800000,,0,0,G,,corrected-archive-csv
162860,Luleå-Kallax Flygplats,13,Rådande väder,"momentanvärde, 1 gång/tim resp 8 gånger/dygn",kod,1992-01-13T06:00:00Z,1992-01-13T07:00:00+01:00,695282400000,,0,0,G,,corrected-archive-csv
162860,Luleå-Kallax Flygplats,13,Rådande väder,"momentanvärde, 1 gång/tim resp 8 gånger/dygn",kod,1992-01-13T08:00:00Z,1992-01-13T09:00:00+01:00,695289600000,,0,0,G,,corrected-archive-csv
162860,Luleå-Kallax Flygplats,13,Rådande väder,"momentanvärde, 1 gång/tim resp 8 gånger/dygn",kod,1992-01-13T09:00:00Z,1992-01-13T10:00:00+01:00,695293200000,,0,0,G,,corrected-archive-csv
162860,Luleå-Kallax Flygplats,13,Rådande väder,"momentanvärde, 1 gång/tim resp 8 gånger/dygn",kod,1992-01-13T10:00:00Z,1992-01-13T11:00:00+01:00,695296800000,,0,0,G,,corrected-archive-csv
162860,Luleå-Kallax Flygplats,13,Rådande väder,"momentanvärde, 1 gång/tim resp 8 gånger/dygn",kod,1992-01-13T11:00:00Z,1992-01-13T12:00:00+01:00,695300400000,,0,0,G,,corrected-archive-csv
162860,Luleå-Kallax Flygplats,13,Rådande väder,"momentanvärde, 1 gång/tim resp 8 gånger/dygn",kod,1992-01-13T12:00:00Z,1992-01-13T13:00:00+01:00,695304000000,,0,0,G,,corrected-archive-csv
162860,Luleå-Kallax Flygplats,13,Rådande väder,"momentanvärde, 1 gång/tim resp 8 gånger/dygn",kod,1992-01-13T13:00:00Z,1992-01-13T14:00:00+01:00,695307600000,,0,0,G,,corrected-archive-csv
162860,Luleå-Kallax Flygplats,13,Rådande väder,"momentanvärde, 1 gång/tim resp 8 gånger/dygn",kod,1992-01-13T14:00:00Z,1992-01-13T15:00:00+01:00,695311200000,,0,0,G,,corrected-archive-csv
162860,Luleå-Kallax Flygplats,13,Rådande väder,"momentanvärde, 1 gång/tim resp 8 gånger/dygn",kod,1992-01-13T15:00:00Z,1992-01-13T16:00:00+01:00,695314800000,,0,0,G,,corrected-archive-csv
162860,Luleå-Kallax Flygplats,13,Rådande väder,"momentanvärde, 1 gång/tim resp 8 gånger/dygn",kod,1992-01-13T16:00:00Z,1992-01-13T17:00:00+01:00,695318400000,,0,0,G,,corrected-archive-csv
162860,Luleå-Kallax Flygplats,13,Rådande väder,"momentanvärde, 1 gång/tim resp 8 gånger/dygn",kod,1992-01-13T17:00:00Z,1992-01-13T18:00:00+01:00,695322000000,,0,0,G,,corrected-archive-csv
162860,Luleå-Kallax Flygplats,13,Rådande väder,"momentanvärde, 1 gång/tim resp 8 gånger/dygn",kod,1992-01-13T18:00:00Z,1992-01-13T19:00:00+01:00,695325600000,,0,0,G,,corrected-archive-csv
162860,Luleå-Kallax Flygplats,13,Rådande väder,"momentanvärde, 1 gång/tim resp 8 gånger/dygn",kod,1992-01-13T19:00:00Z,1992-01-13T20:00:00+01:00,695329200000,,0,0,G,,corrected-archive-csv
162860,Luleå-Kallax Flygplats,13,Rådande väder,"momentanvärde, 1 gång/tim resp 8 gånger/dygn",kod,1992-01-13T20:00:00Z,1992-01-13T21:00:00+01:00,695332800000,,0,0,G,,corrected-archive-csv
162860,Luleå-Kallax Flygplats,13,Rådande väder,"momentanvärde, 1 gång/tim resp 8 gånger/dygn",kod,1992-01-13T21:00:00Z,1992-01-13T22:00:00+01:00,695336400000,,71,71,G,,corrected-archive-csv
162860,Luleå-Kallax Flygplats,13,Rådande väder,"momentanvärde, 1 gång/tim resp 8 gånger/dygn",kod,1992-01-13T22:00:00Z,1992-01-13T23:00:00+01:00,695340000000,,73,73,Y,,corrected-archive-csv
162860,Luleå-Kallax Flygplats,13,Rådande väder,"momentanvärde, 1 gång/tim resp 8 gånger/dygn",kod,1992-01-13T23:00:00Z,1992-01-14T00:00:00+01:00,695343600000,,73,73,Y,,corrected-archive-csv
162860,Luleå-Kallax Flygplats,13,Rådande väder,"momentanvärde, 1 gång/tim resp 8 gånger/dygn",kod,1992-01-14T00:00:00Z,1992-01-14T01:00:00+01:00,695347200000,,73,73,G,,corrected-archive-csv
162860,Luleå-Kallax Flygplats,13,Rådande väder,"momentanvärde, 1 gång/tim resp 8 gånger/dygn",kod,1992-01-14T01:00:00Z,1992-01-14T02:00:00+01:00,695350800000,,77,77,Y,,corrected-archive-csv
162860,Luleå-Kallax Flygplats,13,Rådande väder,"momentanvärde, 1 gång/tim resp 8 gånger/dygn",kod,1992-01-14T02:00:00Z,1992-01-14T03:00:00+01:00,695354400000,,77,77,Y,,corrected-archive-csv
162860,Luleå-Kallax Flygplats,13,Rådande väder,"momentanvärde, 1 gång/tim resp 8 gånger/dygn",kod,1992-01-14T03:00:00Z,1992-01-14T04:00:00+01:00,695358000000,,77,77,G,,corrected-archive-csv
162860,Luleå-Kallax Flygplats,13,Rådande väder,"momentanvärde, 1 gång/tim resp 8 gånger/dygn",kod,1992-01-14T04:00:00Z,1992-01-14T05:00:00+01:00,695361600000,,77,77,Y,,corrected-archive-csv
162860,Luleå-Kallax Flygplats,13,Rådande väder,"momentanvärde, 1 gång/tim resp 8 gånger/dygn",kod,1992-01-14T05:00:00Z,1992-01-14T06:00:00+01:00,695365200000,,73,73,Y,,corrected-archive-csv
162860,Luleå-Kallax Flygplats,13,Rådande väder,"momentanvärde, 1 gång/tim resp 8 gånger/dygn",kod,1992-01-14T06:00:00Z,1992-01-14T07:00:00+01:00,695368800000,,73,73,G,,corrected-archive-csv
162860,Luleå-Kallax Flygplats,13,Rådande väder,"momentanvärde, 1 gång/tim resp 8 gånger/dygn",kod,1992-01-14T07:00:00Z,1992-01-14T08:00:00+01:00,695372400000,,73,73,Y,,corrected-archive-csv
162860,Luleå-Kallax Flygplats,13,Rådande väder,"momentanvärde, 1 gång/tim resp 8 gånger/dygn",kod,1992-01-14T08:00:00Z,1992-01-14T09:00:00+01:00,695376000000,,73,73,Y,,corrected-archive-csv
162860,Luleå-Kallax Flygplats,13,Rådande väder,"momentanvärde, 1 gång/tim resp 8 gånger/dygn",kod,1992-01-14T09:00:00Z,1992-01-14T10:00:00+01:00,695379600000,,73,73,G,,corrected-archive-csv
162860,Luleå-Kallax Flygplats,13,Rådande väder,"momentanvärde, 1 gång/tim resp 8 gånger/dygn",kod,1992-01-14T10:00:00Z,1992-01-14T11:00:00+01:00,695383200000,,73,73,Y,,corrected-archive-csv
162860,Luleå-Kallax Flygplats,13,Rådande väder,"momentanvärde, 1 gång/tim resp 8 gånger/dygn",kod,1992-01-14T11:00:00Z,1992-01-14T12:00:00+01:00,695386800000,,22,22,Y,,corrected-archive-csv
162860,Luleå-Kallax Flygplats,13,Rådande väder,"momentanvärde, 1 gång/tim resp 8 gånger/dygn",kod,1992-01-14T12:00:00Z,1992-01-14T13:00:00+01:00,695390400000,,22,22,G,,corrected-archive-csv
162860,Luleå-Kallax Flygplats,13,Rådande väder,"momentanvärde, 1 gång/tim resp 8 gånger/dygn",kod,1992-01-14T13:00:00Z,1992-01-14T14:00:00+01:00,695394000000,,0,0,G,,corrected-archive-csv
162860,Luleå-Kallax Flygplats,13,Rådande väder,"momentanvärde, 1 gång/tim resp 8 gånger/dygn",kod,1992-01-14T14:00:00Z,1992-01-14T15:00:00+01:00,695397600000,,0,0,G,,corrected-archive-csv
162860,Luleå-Kallax Flygplats,13,Rådande väder,"momentanvärde, 1 gång/tim resp 8 gånger/dygn",kod,1992-01-14T15:00:00Z,1992-01-14T16:00:00+01:00,695401200000,,77,77,G,,corrected-archive-csv
162860,Luleå-Kallax Flygplats,13,Rådande väder,"momentanvärde, 1 gång/tim resp 8 gånger/dygn",kod,1992-01-14T16:00:00Z,1992-01-14T17:00:00+01:00,695404800000,,68,68,Y,,corrected-archive-csv
162860,Luleå-Kallax Flygplats,13,Rådande väder,"momentanvärde, 1 gång/tim resp 8 gånger/dygn",kod,1992-01-14T17:00:00Z,1992-01-14T18:00:00+01:00,695408400000,,23,23,Y,,corrected-archive-csv
162860,Luleå-Kallax Flygplats,13,Rådande väder,"momentanvärde, 1 gång/tim resp 8 gånger/dygn",kod,1992-01-14T18:00:00Z,1992-01-14T19:00:00+01:00,695412000000,,1,1,G,,corrected-archive-csv
162860,Luleå-Kallax Flygplats,13,Rådande väder,"momentanvärde, 1 gång/tim resp 8 gånger/dygn",kod,1992-01-14T19:00:00Z,1992-01-14T20:00:00+01:00,695415600000,,0,0,G,,corrected-archive-csv
162860,Luleå-Kallax Flygplats,13,Rådande väder,"momentanvärde, 1 gång/tim resp 8 gånger/dygn",kod,1992-01-14T20:00:00Z,1992-01-14T21:00:00+01:00,695419200000,,0,0,G,,corrected-archive-csv
162860,Luleå-Kallax Flygplats,13,Rådande väder,"momentanvärde, 1 gång/tim resp 8 gånger/dygn",kod,1992-01-14T21:00:00Z,1992-01-14T22:00:00+01:00,695422800000,,0,0,G,,corrected-archive-csv
162860,Luleå-Kallax Flygplats,13,Rådande väder,"momentanvärde, 1 gång/tim resp 8 gånger/dygn",kod,1992-01-14T22:00:00Z,1992-01-14T23:00:00+01:00,695426400000,,0,0,G,,corrected-archive-csv
162860,Luleå-Kallax Flygplats,13,Rådande väder,"momentanvärde, 1 gång/tim resp 8 gånger/dygn",kod,1992-01-14T23:00:00Z,1992-01-15T00:00:00+01:00,695430000000,,0,0,G,,corrected-archive-csv
162860,Luleå-Kallax Flygplats,13,Rådande väder,"momentanvärde, 1 gång/tim resp 8 gånger/dygn",kod,1992-01-15T00:00:00Z,1992-01-15T01:00:00+01:00,695433600000,,0,0,G,,corrected-archive-csv
162860,Luleå-Kallax Flygplats,13,Rådande väder,"momentanvärde, 1 gång/tim resp 8 gånger/dygn",kod,1992-01-15T01:00:00Z,1992-01-15T02:00:00+01:00,695437200000,,0,0,G,,corrected-archive-csv
162860,Luleå-Kallax Flygplats,13,Rådande väder,"momentanvärde, 1 gång/tim resp 8 gånger/dygn",kod,1992-01-15T02:00:00Z,1992-01-15T03:00:00+01:00,695440800000,,0,0,G,,corrected-archive-csv
162860,Luleå-Kallax Flygplats,13,Rådande väder,"momentanvärde, 1 gång/tim resp 8 gånger/dygn",kod,1992-01-15T03:00:00Z,1992-01-15T04:00:00+01:00,695444400000,,0,0,G,,corrected-archive-csv
162860,Luleå-Kallax Flygplats,13,Rådande väder,"momentanvärde, 1 gång/tim resp 8 gånger/dygn",kod,1992-01-15T04:00:00Z,1992-01-15T05:00:00+01:00,695448000000,,0,0,G,,corrected-archive-csv
162860,Luleå-Kallax Flygplats,13,Rådande väder,"momentanvärde, 1 gång/tim resp 8 gånger/dygn",kod,1992-01-15T05:00:00Z,1992-01-15T06:00:00+01:00,695451600000,,0,0,G,,corrected-archive-csv
162860,Luleå-Kallax Flygplats,13,Rådande väder,"momentanvärde, 1 gång/tim resp 8 gånger/dygn",kod,1992-01-15T06:00:00Z,1992-01-15T07:00:00+01:00,695455200000,,0,0,G,,corrected-archive-csv
162860,Luleå-Kallax Flygplats,13,Rådande väder,"momentanvärde, 1 gång/tim resp 8 gånger/dygn",kod,1992-01-15T07:00:00Z,1992-01-15T08:00:00+01:00,695458800000,,0,0,G,,corrected-archive-csv
162860,Luleå-Kallax Flygplats,13,Rådande väder,"momentanvärde, 1 gång/tim resp 8 gånger/dygn",kod,1992-01-15T08:00:00Z,1992-01-15T09:00:00+01:00,695462400000,,0,0,G,,corrected-archive-csv
162860,Luleå-Kallax Flygplats,13,Rådande väder,"momentanvärde, 1 gång/tim resp 8 gånger/dygn",kod,1992-01-15T09:00:00Z,1992-01-15T10:00:00+01:00,695466000000,,0,0,G,,corrected-archive-csv
162860,Luleå-Kallax Flygplats,13,Rådande väder,"momentanvärde, 1 gång/tim resp 8 gånger/dygn",kod,1992-01-15T10:00:00Z,1992-01-15T11:00:00+01:00,695469600000,,0,0,G,,corrected-archive-csv
162860,Luleå-Kallax Flygplats,13,Rådande väder,"momentanvärde, 1 gång/tim resp 8 gånger/dygn",kod,1992-01-15T11:00:00Z,1992-01-15T12:00:00+01:00,695473200000,,0,0,G,,corrected-archive-csv
162860,Luleå-Kallax Flygplats,13,Rådande väder,"momentanvärde, 1 gång/tim resp 8 gånger/dygn",kod,1992-01-15T12:00:00Z,1992-01-15T13:00:00+01:00,695476800000,,0,0,G,,corrected-archive-csv
162860,Luleå-Kallax Flygplats,13,Rådande väder,"momentanvärde, 1 gång/tim resp 8 gånger/dygn",kod,1992-01-15T13:00:00Z,1992-01-15T14:00:00+01:00,695480400000,,73,73,Y,,corrected-archive-csv
162860,Luleå-Kallax Flygplats,13,Rådande väder,"momentanvärde, 1 gång/tim resp 8 gånger/dygn",kod,1992-01-15T14:00:00Z,1992-01-15T15:00:00+01:00,695484000000,,73,73,Y,,corrected-archive-csv
162860,Luleå-Kallax Flygplats,13,Rådande väder,"momentanvärde, 1 gång/tim resp 8 gånger/dygn",kod,1992-01-15T15:00:00Z,1992-01-15T16:00:00+01:00,695487600000,,73,73,G,,corrected-archive-csv
162860,Luleå-Kallax Flygplats,13,Rådande väder,"momentanvärde, 1 gång/tim resp 8 gånger/dygn",kod,1992-01-15T16:00:00Z,1992-01-15T17:00:00+01:00,695491200000,,73,73,Y,,corrected-archive-csv
162860,Luleå-Kallax Flygplats,13,Rådande väder,"momentanvärde, 1 gång/tim resp 8 gånger/dygn",kod,1992-01-15T17:00:00Z,1992-01-15T18:00:00+01:00,695494800000,,73,73,Y,,corrected-archive-csv
162860,Luleå-Kallax Flygplats,13,Rådande väder,"momentanvärde, 1 gång/tim resp 8 gånger/dygn",kod,1992-01-15T18:00:00Z,1992-01-15T19:00:00+01:00,695498400000,,71,71,G,,corrected-archive-csv
162860,Luleå-Kallax Flygplats,13,Rådande väder,"momentanvärde, 1 gång/tim resp 8 gånger/dygn",kod,1992-01-15T19:00:00Z,1992-01-15T20:00:00+01:00,695502000000,,71,71,Y,,corrected-archive-csv
162860,Luleå-Kallax Flygplats,13,Rådande väder,"momentanvärde, 1 gång/tim resp 8 gånger/dygn",kod,1992-01-15T20:00:00Z,1992-01-15T21:00:00+01:00,695505600000,,22,22,Y,,corrected-archive-csv
162860,Luleå-Kallax Flygplats,13,Rådande väder,"momentanvärde, 1 gång/tim resp 8 gånger/dygn",kod,1992-01-15T21:00:00Z,1992-01-15T22:00:00+01:00,695509200000,,22,22,G,,corrected-archive-csv
162860,Luleå-Kallax Flygplats,13,Rådande väder,"momentanvärde, 1 gång/tim resp 8 gånger/dygn",kod,1992-01-15T22:00:00Z,1992-01-15T23:00:00+01:00,695512800000,,1,1,Y,,corrected-archive-csv
162860,Luleå-Kallax Flygplats,13,Rådande väder,"momentanvärde, 1 gång/tim resp 8 gånger/dygn",kod,1992-01-15T23:00:00Z,1992-01-16T00:00:00+01:00,695516400000,,2,2,Y,,corrected-archive-csv
162860,Luleå-Kallax Flygplats,13,Rådande väder,"momentanvärde, 1 gång/tim resp 8 gånger/dygn",kod,1992-01-16T00:00:00Z,1992-01-16T01:00:00+01:00,695520000000,,1,1,G,,corrected-archive-csv
162860,Luleå-Kallax Flygplats,13,Rådande väder,"momentanvärde, 1 gång/tim resp 8 gånger/dygn",kod,1992-01-16T01:00:00Z,1992-01-16T02:00:00+01:00,695523600000,,0,0,G,,corrected-archive-csv
162860,Luleå-Kallax Flygplats,13,Rådande väder,"momentanvärde, 1 gång/tim resp 8 gånger/dygn",kod,1992-01-16T02:00:00Z,1992-01-16T03:00:00+01:00,695527200000,,0,0,G,,corrected-archive-csv
162860,Luleå-Kallax Flygplats,13,Rådande väder,"momentanvärde, 1 gång/tim resp 8 gånger/dygn",kod,1992-01-16T03:00:00Z,1992-01-16T04:00:00+01:00,695530800000,,0,0,G,,corrected-archive-csv
162860,Luleå-Kallax Flygplats,13,Rådande väder,"momentanvärde, 1 gång/tim resp 8 gånger/dygn",kod,1992-01-16T04:00:00Z,1992-01-16T05:00:00+01:00,695534400000,,0,0,G,,corrected-archive-csv
162860,Luleå-Kallax Flygplats,13,Rådande väder,"momentanvärde, 1 gång/tim resp 8 gånger/dygn",kod,1992-01-16T05:00:00Z,1992-01-16T06:00:00+01:00,695538000000,,0,0,G,,corrected-archive-csv
162860,Luleå-Kallax Flygplats,13,Rådande väder,"momentanvärde, 1 gång/tim resp 8 gånger/dygn",kod,1992-01-16T06:00:00Z,1992-01-16T07:00:00+01:00,695541600000,,0,0,G,,corrected-archive-csv
162860,Luleå-Kallax Flygplats,13,Rådande väder,"momentanvärde, 1 gång/tim resp 8 gånger/dygn",kod,1992-01-16T07:00:00Z,1992-01-16T08:00:00+01:00,695545200000,,0,0,G,,corrected-archive-csv
162860,Luleå-Kallax Flygplats,13,Rådande väder,"momentanvärde, 1 gång/tim resp 8 gånger/dygn",kod,1992-01-16T08:00:00Z,1992-01-16T09:00:00+01:00,695548800000,,0,0,G,,corrected-archive-csv
162860,Luleå-Kallax Flygplats,13,Rådande väder,"momentanvärde, 1 gång/tim resp 8 gånger/dygn",kod,1992-01-16T09:00:00Z,1992-01-16T10:00:00+01:00,695552400000,,0,0,G,,corrected-archive-csv
162860,Luleå-Kallax Flygplats,13,Rådande väder,"momentanvärde, 1 gång/tim resp 8 gånger/dygn",kod,1992-01-16T10:00:00Z,1992-01-16T11:00:00+01:00,695556000000,,0,0,G,,corrected-archive-csv
162860,Luleå-Kallax Flygplats,13,Rådande väder,"momentanvärde, 1 gång/tim resp 8 gånger/dygn",kod,1992-01-16T11:00:00Z,1992-01-16T12:00:00+01:00,695559600000,,0,0,G,,corrected-archive-csv
162860,Luleå-Kallax Flygplats,13,Rådande väder,"momentanvärde, 1 gång/tim resp 8 gånger/dygn",kod,1992-01-16T12:00:00Z,1992-01-16T13:00:00+01:00,695563200000,,0,0,G,,corrected-archive-csv
162860,Luleå-Kallax Flygplats,13,Rådande väder,"momentanvärde, 1 gång/tim resp 8 gånger/dygn",kod,1992-01-16T13:00:00Z,1992-01-16T14:00:00+01:00,695566800000,,0,0,G,,corrected-archive-csv
162860,Luleå-Kallax Flygplats,13,Rådande väder,"momentanvärde, 1 gång/tim resp 8 gånger/dygn",kod,1992-01-16T14:00:00Z,1992-01-16T15:00:00+01:00,695570400000,,0,0,G,,corrected-archive-csv
162860,Luleå-Kallax Flygplats,13,Rådande väder,"momentanvärde, 1 gång/tim resp 8 gånger/dygn",kod,1992-01-16T15:00:00Z,1992-01-16T16:00:00+01:00,695574000000,,0,0,G,,corrected-archive-csv
162860,Luleå-Kallax Flygplats,13,Rådande väder,"momentanvärde, 1 gång/tim resp 8 gånger/dygn",kod,1992-01-16T16:00:00Z,1992-01-16T17:00:00+01:00,695577600000,,0,0,G,,corrected-archive-csv
162860,Luleå-Kallax Flygplats,13,Rådande väder,"momentanvärde, 1 gång/tim resp 8 gånger/dygn",kod,1992-01-16T17:00:00Z,1992-01-16T18:00:00+01:00,695581200000,,0,0,G,,corrected-archive-csv
162860,Luleå-Kallax Flygplats,13,Rådande väder,"momentanvärde, 1 gång/tim resp 8 gånger/dygn",kod,1992-01-16T18:00:00Z,1992-01-16T19:00:00+01:00,695584800000,,0,0,G,,corrected-archive-csv
162860,Luleå-Kallax Flygplats,13,Rådande väder,"momentanvärde, 1 gång/tim resp 8 gånger/dygn",kod,1992-01-16T19:00:00Z,1992-01-16T20:00:00+01:00,695588400000,,0,0,G,,corrected-archive-csv
162860,Luleå-Kallax Flygplats,13,Rådande väder,"momentanvärde, 1 gång/tim resp 8 gånger/dygn",kod,1992-01-16T20:00:00Z,1992-01-16T21:00:00+01:00,695592000000,,0,0,G,,corrected-archive-csv
162860,Luleå-Kallax Flygplats,13,Rådande väder,"momentanvärde, 1 gång/tim resp 8 gånger/dygn",kod,1992-01-16T21:00:00Z,1992-01-16T22:00:00+01:00,695595600000,,0,0,G,,corrected-archive-csv
162860,Luleå-Kallax Flygplats,13,Rådande väder,"momentanvärde, 1 gång/tim resp 8 gånger/dygn",kod,1992-01-16T22:00:00Z,1992-01-16T23:00:00+01:00,695599200000,,0,0,G,,corrected-archive-csv
162860,Luleå-Kallax Flygplats,13,Rådande väder,"momentanvärde, 1 gång/tim resp 8 gånger/dygn",kod,1992-01-16T23:00:00Z,1992-01-17T00:00:00+01:00,695602800000,,0,0,G,,corrected-archive-csv
162860,Luleå-Kallax Flygplats,13,Rådande väder,"momentanvärde, 1 gång/tim resp 8 gånger/dygn",kod,1992-01-17T00:00:00Z,1992-01-17T01:00:00+01:00,695606400000,,0,0,G,,corrected-archive-csv
162860,Luleå-Kallax Flygplats,13,Rådande väder,"momentanvärde, 1 gång/tim resp 8 gånger/dygn",kod,1992-01-17T01:00:00Z,1992-01-17T02:00:00+01:00,695610000000,,0,0,G,,corrected-archive-csv
162860,Luleå-Kallax Flygplats,13,Rådande väder,"momentanvärde, 1 gång/tim resp 8 gånger/dygn",kod,1992-01-17T02:00:00Z,1992-01-17T03:00:00+01:00,695613600000,,0,0,G,,corrected-archive-csv
162860,Luleå-Kallax Flygplats,13,Rådande väder,"momentanvärde, 1 gång/tim resp 8 gånger/dygn",kod,1992-01-17T03:00:00Z,1992-01-17T04:00:00+01:00,695617200000,,0,0,G,,corrected-archive-csv
162860,Luleå-Kallax Flygplats,13,Rådande väder,"momentanvärde, 1 gång/tim resp 8 gånger/dygn",kod,1992-01-17T04:00:00Z,1992-01-17T05:00:00+01:00,695620800000,,0,0,G,,corrected-archive-csv
162860,Luleå-Kallax Flygplats,13,Rådande väder,"momentanvärde, 1 gång/tim resp 8 gånger/dygn",kod,1992-01-17T05:00:00Z,1992-01-17T06:00:00+01:00,695624400000,,0,0,G,,corrected-archive-csv
162860,Luleå-Kallax Flygplats,13,Rådande väder,"momentanvärde, 1 gång/tim resp 8 gånger/dygn",kod,1992-01-17T06:00:00Z,1992-01-17T07:00:00+01:00,695628000000,,0,0,G,,corrected-archive-csv
162860,Luleå-Kallax Flygplats,13,Rådande väder,"momentanvärde, 1 gång/tim resp 8 gånger/dygn",kod,1992-01-17T07:00:00Z,1992-01-17T08:00:00+01:00,695631600000,,0,0,G,,corrected-archive-csv
162860,Luleå-Kallax Flygplats,13,Rådande väder,"momentanvärde, 1 gång/tim resp 8 gånger/dygn",kod,1992-01-17T08:00:00Z,1992-01-17T09:00:00+01:00,695635200000,,0,0,G,,corrected-archive-csv
162860,Luleå-Kallax Flygplats,13,Rådande väder,"momentanvärde, 1 gång/tim resp 8 gånger/dygn",kod,1992-01-17T09:00:00Z,1992-01-17T10:00:00+01:00,695638800000,,0,0,G,,corrected-archive-csv
162860,Luleå-Kallax Flygplats,13,Rådande väder,"momentanvärde, 1 gång/tim resp 8 gånger/dygn",kod,1992-01-17T10:00:00Z,1992-01-17T11:00:00+01:00,695642400000,,0,0,G,,corrected-archive-csv
162860,Luleå-Kallax Flygplats,13,Rådande väder,"momentanvärde, 1 gång/tim resp 8 gånger/dygn",kod,1992-01-17T11:00:00Z,1992-01-17T12:00:00+01:00,695646000000,,0,0,G,,corrected-archive-csv
162860,Luleå-Kallax Flygplats,13,Rådande väder,"momentanvärde, 1 gång/tim resp 8 gånger/dygn",kod,1992-01-17T12:00:00Z,1992-01-17T13:00:00+01:00,695649600000,,0,0,G,,corrected-archive-csv
162860,Luleå-Kallax Flygplats,13,Rådande väder,"momentanvärde, 1 gång/tim resp 8 gånger/dygn",kod,1992-01-17T13:00:00Z,1992-01-17T14:00:00+01:00,695653200000,,0,0,G,,corrected-archive-csv
162860,Luleå-Kallax Flygplats,13,Rådande väder,"momentanvärde, 1 gång/tim resp 8 gånger/dygn",kod,1992-01-17T14:00:00Z,1992-01-17T15:00:00+01:00,695656800000,,0,0,G,,corrected-archive-csv
162860,Luleå-Kallax Flygplats,13,Rådande väder,"momentanvärde, 1 gång/tim resp 8 gånger/dygn",kod,1992-01-17T15:00:00Z,1992-01-17T16:00:00+01:00,695660400000,,0,0,G,,corrected-archive-csv
162860,Luleå-Kallax Flygplats,13,Rådande väder,"momentanvärde, 1 gång/tim resp 8 gånger/dygn",kod,1992-01-17T16:00:00Z,1992-01-17T17:00:00+01:00,695664000000,,0,0,G,,corrected-archive-csv
162860,Luleå-Kallax Flygplats,13,Rådande väder,"momentanvärde, 1 gång/tim resp 8 gånger/dygn",kod,1992-01-17T17:00:00Z,1992-01-17T18:00:00+01:00,695667600000,,0,0,G,,corrected-archive-csv
162860,Luleå-Kallax Flygplats,13,Rådande väder,"momentanvärde, 1 gång/tim resp 8 gånger/dygn",kod,1992-01-17T18:00:00Z,1992-01-17T19:00:00+01:00,695671200000,,0,0,G,,corrected-archive-csv
162860,Luleå-Kallax Flygplats,13,Rådande väder,"momentanvärde, 1 gång/tim resp 8 gånger/dygn",kod,1992-01-17T19:00:00Z,1992-01-17T20:00:00+01:00,695674800000,,0,0,G,,corrected-archive-csv
162860,Luleå-Kallax Flygplats,13,Rådande väder,"momentanvärde, 1 gång/tim resp 8 gånger/dygn",kod,1992-01-17T20:00:00Z,1992-01-17T21:00:00+01:00,695678400000,,0,0,G,,corrected-archive-csv
162860,Luleå-Kallax Flygplats,13,Rådande väder,"momentanvärde, 1 gång/tim resp 8 gånger/dygn",kod,1992-01-17T21:00:00Z,1992-01-17T22:00:00+01:00,695682000000,,0,0,G,,corrected-archive-csv
162860,Luleå-Kallax Flygplats,13,Rådande väder,"momentanvärde, 1 gång/tim resp 8 gånger/dygn",kod,1992-01-17T22:00:00Z,1992-01-17T23:00:00+01:00,695685600000,,0,0,G,,corrected-archive-csv
162860,Luleå-Kallax Flygplats,13,Rådande väder,"momentanvärde, 1 gång/tim resp 8 gånger/dygn",kod,1992-01-17T23:00:00Z,1992-01-18T00:00:00+01:00,695689200000,,0,0,G,,corrected-archive-csv
162860,Luleå-Kallax Flygplats,13,Rådande väder,"momentanvärde, 1 gång/tim resp 8 gånger/dygn",kod,1992-01-18T00:00:00Z,1992-01-18T01:00:00+01:00,695692800000,,0,0,G,,corrected-archive-csv
162860,Luleå-Kallax Flygplats,13,Rådande väder,"momentanvärde, 1 gång/tim resp 8 gånger/dygn",kod,1992-01-18T03:00:00Z,1992-01-18T04:00:00+01:00,695703600000,,0,0,G,,corrected-archive-csv
162860,Luleå-Kallax Flygplats,13,Rådande väder,"momentanvärde, 1 gång/tim resp 8 gånger/dygn",kod,1992-01-18T06:00:00Z,1992-01-18T07:00:00+01:00,695714400000,,0,0,G,,corrected-archive-csv
162860,Luleå-Kallax Flygplats,13,Rådande väder,"momentanvärde, 1 gång/tim resp 8 gånger/dygn",kod,1992-01-18T09:00:00Z,1992-01-18T10:00:00+01:00,695725200000,,0,0,G,,corrected-archive-csv
162860,Luleå-Kallax Flygplats,13,Rådande väder,"momentanvärde, 1 gång/tim resp 8 gånger/dygn",kod,1992-01-18T12:00:00Z,1992-01-18T13:00:00+01:00,695736000000,,0,0,G,,corrected-archive-csv
162860,Luleå-Kallax Flygplats,13,Rådande väder,"momentanvärde, 1 gång/tim resp 8 gånger/dygn",kod,1992-01-18T15:00:00Z,1992-01-18T16:00:00+01:00,695746800000,,0,0,G,,corrected-archive-csv
162860,Luleå-Kallax Flygplats,13,Rådande väder,"momentanvärde, 1 gång/tim resp 8 gånger/dygn",kod,1992-01-18T18:00:00Z,1992-01-18T19:00:00+01:00,695757600000,,0,0,G,,corrected-archive-csv
162860,Luleå-Kallax Flygplats,13,Rådande väder,"momentanvärde, 1 gång/tim resp 8 gånger/dygn",kod,1992-01-18T21:00:00Z,1992-01-18T22:00:00+01:00,695768400000,,0,0,G,,corrected-archive-csv
162860,Luleå-Kallax Flygplats,13,Rådande väder,"momentanvärde, 1 gång/tim resp 8 gånger/dygn",kod,1992-01-18T22:00:00Z,1992-01-18T23:00:00+01:00,695772000000,,45,45,Y,,corrected-archive-csv
162860,Luleå-Kallax Flygplats,13,Rådande väder,"momentanvärde, 1 gång/tim resp 8 gånger/dygn",kod,1992-01-18T23:00:00Z,1992-01-19T00:00:00+01:00,695775600000,,45,45,Y,,corrected-archive-csv
162860,Luleå-Kallax Flygplats,13,Rådande väder,"momentanvärde, 1 gång/tim resp 8 gånger/dygn",kod,1992-01-19T00:00:00Z,1992-01-19T01:00:00+01:00,695779200000,,45,45,G,,corrected-archive-csv
162860,Luleå-Kallax Flygplats,13,Rådande väder,"momentanvärde, 1 gång/tim resp 8 gånger/dygn",kod,1992-01-19T01:00:00Z,1992-01-19T02:00:00+01:00,695782800000,,45,45,Y,,corrected-archive-csv
162860,Luleå-Kallax Flygplats,13,Rådande väder,"momentanvärde, 1 gång/tim resp 8 gånger/dygn",kod,1992-01-19T02:00:00Z,1992-01-19T03:00:00+01:00,695786400000,,45,45,Y,,corrected-archive-csv
162860,Luleå-Kallax Flygplats,13,Rådande väder,"momentanvärde, 1 gång/tim resp 8 gånger/dygn",kod,1992-01-19T03:00:00Z,1992-01-19T04:00:00+01:00,695790000000,,45,45,G,,corrected-archive-csv
162860,Luleå-Kallax Flygplats,13,Rådande väder,"momentanvärde, 1 gång/tim resp 8 gånger/dygn",kod,1992-01-19T04:00:00Z,1992-01-19T05:00:00+01:00,695793600000,,45,45,Y,,corrected-archive-csv
162860,Luleå-Kallax Flygplats,13,Rådande väder,"momentanvärde, 1 gång/tim resp 8 gånger/dygn",kod,1992-01-19T05:00:00Z,1992-01-19T06:00:00+01:00,695797200000,,45,45,Y,,corrected-archive-csv
162860,Luleå-Kallax Flygplats,13,Rådande väder,"momentanvärde, 1 gång/tim resp 8 gånger/dygn",kod,1992-01-19T06:00:00Z,1992-01-19T07:00:00+01:00,695800800000,,45,45,G,,corrected-archive-csv
162860,Luleå-Kallax Flygplats,13,Rådande väder,"momentanvärde, 1 gång/tim resp 8 gånger/dygn",kod,1992-01-19T07:00:00Z,1992-01-19T08:00:00+01:00,695804400000,,45,45,Y,,corrected-archive-csv
162860,Luleå-Kallax Flygplats,13,Rådande väder,"momentanvärde, 1 gång/tim resp 8 gånger/dygn",kod,1992-01-19T08:00:00Z,1992-01-19T09:00:00+01:00,695808000000,,10,10,Y,,corrected-archive-csv
162860,Luleå-Kallax Flygplats,13,Rådande väder,"momentanvärde, 1 gång/tim resp 8 gånger/dygn",kod,1992-01-19T09:00:00Z,1992-01-19T10:00:00+01:00,695811600000,,10,10,G,,corrected-archive-csv
162860,Luleå-Kallax Flygplats,13,Rådande väder,"momentanvärde, 1 gång/tim resp 8 gånger/dygn",kod,1992-01-19T10:00:00Z,1992-01-19T11:00:00+01:00,695815200000,,1,1,Y,,corrected-archive-csv
162860,Luleå-Kallax Flygplats,13,Rådande väder,"momentanvärde, 1 gång/tim resp 8 gånger/dygn",kod,1992-01-19T11:00:00Z,1992-01-19T12:00:00+01:00,695818800000,,2,2,Y,,corrected-archive-csv
162860,Luleå-Kallax Flygplats,13,Rådande väder,"momentanvärde, 1 gång/tim resp 8 gånger/dygn",kod,1992-01-19T12:00:00Z,1992-01-19T13:00:00+01:00,695822400000,,1,1,G,,corrected-archive-csv
162860,Luleå-Kallax Flygplats,13,Rådande väder,"momentanvärde, 1 gång/tim resp 8 gånger/dygn",kod,1992-01-19T15:00:00Z,1992-01-19T16:00:00+01:00,695833200000,,0,0,G,,corrected-archive-csv
162860,Luleå-Kallax Flygplats,13,Rådande väder,"momentanvärde, 1 gång/tim resp 8 gånger/dygn",kod,1992-01-19T18:00:00Z,1992-01-19T19:00:00+01:00,695844000000,,0,0,G,,corrected-archive-csv
162860,Luleå-Kallax Flygplats,13,Rådande väder,"momentanvärde, 1 gång/tim resp 8 gånger/dygn",kod,1992-01-19T21:00:00Z,1992-01-19T22:00:00+01:00,695854800000,,0,0,G,,corrected-archive-csv
162860,Luleå-Kallax Flygplats,13,Rådande väder,"momentanvärde, 1 gång/tim resp 8 gånger/dygn",kod,1992-01-20T00:00:00Z,1992-01-20T01:00:00+01:00,695865600000,,0,0,G,,corrected-archive-csv
162860,Luleå-Kallax Flygplats,13,Rådande väder,"momentanvärde, 1 gång/tim resp 8 gånger/dygn",kod,1992-01-20T03:00:00Z,1992-01-20T04:00:00+01:00,695876400000,,0,0,G,,corrected-archive-csv
162860,Luleå-Kallax Flygplats,13,Rådande väder,"momentanvärde, 1 gång/tim resp 8 gånger/dygn",kod,1992-01-20T06:00:00Z,1992-01-20T07:00:00+01:00,695887200000,,0,0,G,,corrected-archive-csv
162860,Luleå-Kallax Flygplats,13,Rådande väder,"momentanvärde, 1 gång/tim resp 8 gånger/dygn",kod,1992-01-20T09:00:00Z,1992-01-20T10:00:00+01:00,695898000000,,0,0,G,,corrected-archive-csv
162860,Luleå-Kallax Flygplats,13,Rådande väder,"momentanvärde, 1 gång/tim resp 8 gånger/dygn",kod,1992-01-20T12:00:00Z,1992-01-20T13:00:00+01:00,695908800000,,0,0,G,,corrected-archive-csv
162860,Luleå-Kallax Flygplats,13,Rådande väder,"momentanvärde, 1 gång/tim resp 8 gånger/dygn",kod,1992-01-20T15:00:00Z,1992-01-20T16:00:00+01:00,695919600000,,0,0,G,,corrected-archive-csv
162860,Luleå-Kallax Flygplats,13,Rådande väder,"momentanvärde, 1 gång/tim resp 8 gånger/dygn",kod,1992-01-20T18:00:00Z,1992-01-20T19:00:00+01:00,695930400000,,0,0,G,,corrected-archive-csv
162860,Luleå-Kallax Flygplats,13,Rådande väder,"momentanvärde, 1 gång/tim resp 8 gånger/dygn",kod,1992-01-20T21:00:00Z,1992-01-20T22:00:00+01:00,695941200000,,0,0,G,,corrected-archive-csv
162860,Luleå-Kallax Flygplats,13,Rådande väder,"momentanvärde, 1 gång/tim resp 8 gånger/dygn",kod,1992-01-21T00:00:00Z,1992-01-21T01:00:00+01:00,695952000000,,0,0,G,,corrected-archive-csv
162860,Luleå-Kallax Flygplats,13,Rådande väder,"momentanvärde, 1 gång/tim resp 8 gånger/dygn",kod,1992-01-21T03:00:00Z,1992-01-21T04:00:00+01:00,695962800000,,0,0,G,,corrected-archive-csv
162860,Luleå-Kallax Flygplats,13,Rådande väder,"momentanvärde, 1 gång/tim resp 8 gånger/dygn",kod,1992-01-21T06:00:00Z,1992-01-21T07:00:00+01:00,695973600000,,0,0,G,,corrected-archive-csv
162860,Luleå-Kallax Flygplats,13,Rådande väder,"momentanvärde, 1 gång/tim resp 8 gånger/dygn",kod,1992-01-21T09:00:00Z,1992-01-21T10:00:00+01:00,695984400000,,0,0,G,,corrected-archive-csv
162860,Luleå-Kallax Flygplats,13,Rådande väder,"momentanvärde, 1 gång/tim resp 8 gånger/dygn",kod,1992-01-21T12:00:00Z,1992-01-21T13:00:00+01:00,695995200000,,0,0,G,,corrected-archive-csv
162860,Luleå-Kallax Flygplats,13,Rådande väder,"momentanvärde, 1 gång/tim resp 8 gånger/dygn",kod,1992-01-21T15:00:00Z,1992-01-21T16:00:00+01:00,696006000000,,0,0,G,,corrected-archive-csv
162860,Luleå-Kallax Flygplats,13,Rådande väder,"momentanvärde, 1 gång/tim resp 8 gånger/dygn",kod,1992-01-21T18:00:00Z,1992-01-21T19:00:00+01:00,696016800000,,0,0,G,,corrected-archive-csv
162860,Luleå-Kallax Flygplats,13,Rådande väder,"momentanvärde, 1 gång/tim resp 8 gånger/dygn",kod,1992-01-21T21:00:00Z,1992-01-21T22:00:00+01:00,696027600000,,0,0,G,,corrected-archive-csv
162860,Luleå-Kallax Flygplats,13,Rådande väder,"momentanvärde, 1 gång/tim resp 8 gånger/dygn",kod,1992-01-22T00:00:00Z,1992-01-22T01:00:00+01:00,696038400000,,0,0,G,,corrected-archive-csv
162860,Luleå-Kallax Flygplats,13,Rådande väder,"momentanvärde, 1 gång/tim resp 8 gånger/dygn",kod,1992-01-22T03:00:00Z,1992-01-22T04:00:00+01:00,696049200000,,0,0,G,,corrected-archive-csv
162860,Luleå-Kallax Flygplats,13,Rådande väder,"momentanvärde, 1 gång/tim resp 8 gånger/dygn",kod,1992-01-22T06:00:00Z,1992-01-22T07:00:00+01:00,696060000000,,0,0,G,,corrected-archive-csv
162860,Luleå-Kallax Flygplats,13,Rådande väder,"momentanvärde, 1 gång/tim resp 8 gånger/dygn",kod,1992-01-22T09:00:00Z,1992-01-22T10:00:00+01:00,696070800000,,0,0,G,,corrected-archive-csv
162860,Luleå-Kallax Flygplats,13,Rådande väder,"momentanvärde, 1 gång/tim resp 8 gånger/dygn",kod,1992-01-22T12:00:00Z,1992-01-22T13:00:00+01:00,696081600000,,0,0,G,,corrected-archive-csv
162860,Luleå-Kallax Flygplats,13,Rådande väder,"momentanvärde, 1 gång/tim resp 8 gånger/dygn",kod,1992-01-22T15:00:00Z,1992-01-22T16:00:00+01:00,696092400000,,0,0,G,,corrected-archive-csv
162860,Luleå-Kallax Flygplats,13,Rådande väder,"momentanvärde, 1 gång/tim resp 8 gånger/dygn",kod,1992-01-22T18:00:00Z,1992-01-22T19:00:00+01:00,696103200000,,0,0,G,,corrected-archive-csv
162860,Luleå-Kallax Flygplats,13,Rådande väder,"momentanvärde, 1 gång/tim resp 8 gånger/dygn",kod,1992-01-22T21:00:00Z,1992-01-22T22:00:00+01:00,696114000000,,0,0,G,,corrected-archive-csv
162860,Luleå-Kallax Flygplats,13,Rådande väder,"momentanvärde, 1 gång/tim resp 8 gånger/dygn",kod,1992-01-23T00:00:00Z,1992-01-23T01:00:00+01:00,696124800000,,0,0,G,,corrected-archive-csv
162860,Luleå-Kallax Flygplats,13,Rådande väder,"momentanvärde, 1 gång/tim resp 8 gånger/dygn",kod,1992-01-23T03:00:00Z,1992-01-23T04:00:00+01:00,696135600000,,0,0,G,,corrected-archive-csv
162860,Luleå-Kallax Flygplats,13,Rådande väder,"momentanvärde, 1 gång/tim resp 8 gånger/dygn",kod,1992-01-23T06:00:00Z,1992-01-23T07:00:00+01:00,696146400000,,0,0,G,,corrected-archive-csv
162860,Luleå-Kallax Flygplats,13,Rådande väder,"momentanvärde, 1 gång/tim resp 8 gånger/dygn",kod,1992-01-23T09:00:00Z,1992-01-23T10:00:00+01:00,696157200000,,0,0,G,,corrected-archive-csv
162860,Luleå-Kallax Flygplats,13,Rådande väder,"momentanvärde, 1 gång/tim resp 8 gånger/dygn",kod,1992-01-23T12:00:00Z,1992-01-23T13:00:00+01:00,696168000000,,0,0,G,,corrected-archive-csv
162860,Luleå-Kallax Flygplats,13,Rådande väder,"momentanvärde, 1 gång/tim resp 8 gånger/dygn",kod,1992-01-23T15:00:00Z,1992-01-23T16:00:00+01:00,696178800000,,0,0,G,,corrected-archive-csv
162860,Luleå-Kallax Flygplats,13,Rådande väder,"momentanvärde, 1 gång/tim resp 8 gånger/dygn",kod,1992-01-23T18:00:00Z,1992-01-23T19:00:00+01:00,696189600000,,0,0,G,,corrected-archive-csv
162860,Luleå-Kallax Flygplats,13,Rådande väder,"momentanvärde, 1 gång/tim resp 8 gånger/dygn",kod,1992-01-23T21:00:00Z,1992-01-23T22:00:00+01:00,696200400000,,0,0,G,,corrected-archive-csv
162860,Luleå-Kallax Flygplats,13,Rådande väder,"momentanvärde, 1 gång/tim resp 8 gånger/dygn",kod,1992-01-24T00:00:00Z,1992-01-24T01:00:00+01:00,696211200000,,0,0,G,,corrected-archive-csv
162860,Luleå-Kallax Flygplats,13,Rådande väder,"momentanvärde, 1 gång/tim resp 8 gånger/dygn",kod,1992-01-24T03:00:00Z,1992-01-24T04:00:00+01:00,696222000000,,0,0,G,,corrected-archive-csv
162860,Luleå-Kallax Flygplats,13,Rådande väder,"momentanvärde, 1 gång/tim resp 8 gånger/dygn",kod,1992-01-24T06:00:00Z,1992-01-24T07:00:00+01:00,696232800000,,0,0,G,,corrected-archive-csv
162860,Luleå-Kallax Flygplats,13,Rådande väder,"momentanvärde, 1 gång/tim resp 8 gånger/dygn",kod,1992-01-24T09:00:00Z,1992-01-24T10:00:00+01:00,696243600000,,0,0,G,,corrected-archive-csv
162860,Luleå-Kallax Flygplats,13,Rådande väder,"momentanvärde, 1 gång/tim resp 8 gånger/dygn",kod,1992-01-24T12:00:00Z,1992-01-24T13:00:00+01:00,696254400000,,0,0,G,,corrected-archive-csv
162860,Luleå-Kallax Flygplats,13,Rådande väder,"momentanvärde, 1 gång/tim resp 8 gånger/dygn",kod,1992-01-24T15:00:00Z,1992-01-24T16:00:00+01:00,696265200000,,0,0,G,,corrected-archive-csv
162860,Luleå-Kallax Flygplats,13,Rådande väder,"momentanvärde, 1 gång/tim resp 8 gånger/dygn",kod,1992-01-24T18:00:00Z,1992-01-24T19:00:00+01:00,696276000000,,0,0,G,,corrected-archive-csv
162860,Luleå-Kallax Flygplats,13,Rådande väder,"momentanvärde, 1 gång/tim resp 8 gånger/dygn",kod,1992-01-24T21:00:00Z,1992-01-24T22:00:00+01:00,696286800000,,0,0,G,,corrected-archive-csv
162860,Luleå-Kallax Flygplats,13,Rådande väder,"momentanvärde, 1 gång/tim resp 8 gånger/dygn",kod,1992-01-25T00:00:00Z,1992-01-25T01:00:00+01:00,696297600000,,0,0,G,,corrected-archive-csv
162860,Luleå-Kallax Flygplats,13,Rådande väder,"momentanvärde, 1 gång/tim resp 8 gånger/dygn",kod,1992-01-25T03:00:00Z,1992-01-25T04:00:00+01:00,696308400000,,0,0,G,,corrected-archive-csv
162860,Luleå-Kallax Flygplats,13,Rådande väder,"momentanvärde, 1 gång/tim resp 8 gånger/dygn",kod,1992-01-25T06:00:00Z,1992-01-25T07:00:00+01:00,696319200000,,0,0,G,,corrected-archive-csv
162860,Luleå-Kallax Flygplats,13,Rådande väder,"momentanvärde, 1 gång/tim resp 8 gånger/dygn",kod,1992-01-25T07:00:00Z,1992-01-25T08:00:00+01:00,696322800000,,10,10,Y,,corrected-archive-csv
162860,Luleå-Kallax Flygplats,13,Rådande väder,"momentanvärde, 1 gång/tim resp 8 gånger/dygn",kod,1992-01-25T08:00:00Z,1992-01-25T09:00:00+01:00,696326400000,,10,10,Y,,corrected-archive-csv
162860,Luleå-Kallax Flygplats,13,Rådande väder,"momentanvärde, 1 gång/tim resp 8 gånger/dygn",kod,1992-01-25T09:00:00Z,1992-01-25T10:00:00+01:00,696330000000,,0,0,G,,corrected-archive-csv
162860,Luleå-Kallax Flygplats,13,Rådande väder,"momentanvärde, 1 gång/tim resp 8 gånger/dygn",kod,1992-01-25T12:00:00Z,1992-01-25T13:00:00+01:00,696340800000,,0,0,G,,corrected-archive-csv
162860,Luleå-Kallax Flygplats,13,Rådande väder,"momentanvärde, 1 gång/tim resp 8 gånger/dygn",kod,1992-01-25T15:00:00Z,1992-01-25T16:00:00+01:00,696351600000,,0,0,G,,corrected-archive-csv
162860,Luleå-Kallax Flygplats,13,Rådande väder,"momentanvärde, 1 gång/tim resp 8 gånger/dygn",kod,1992-01-25T18:00:00Z,1992-01-25T19:00:00+01:00,696362400000,,0,0,G,,corrected-archive-csv
162860,Luleå-Kallax Flygplats,13,Rådande väder,"momentanvärde, 1 gång/tim resp 8 gånger/dygn",kod,1992-01-25T21:00:00Z,1992-01-25T22:00:00+01:00,696373200000,,0,0,G,,corrected-archive-csv
162860,Luleå-Kallax Flygplats,13,Rådande väder,"momentanvärde, 1 gång/tim resp 8 gånger/dygn",kod,1992-01-26T00:00:00Z,1992-01-26T01:00:00+01:00,696384000000,,0,0,G,,corrected-archive-csv
162860,Luleå-Kallax Flygplats,13,Rådande väder,"momentanvärde, 1 gång/tim resp 8 gånger/dygn",kod,1992-01-26T03:00:00Z,1992-01-26T04:00:00+01:00,696394800000,,0,0,G,,corrected-archive-csv
162860,Luleå-Kallax Flygplats,13,Rådande väder,"momentanvärde, 1 gång/tim resp 8 gånger/dygn",kod,1992-01-26T06:00:00Z,1992-01-26T07:00:00+01:00,696405600000,,0,0,G,,corrected-archive-csv
162860,Luleå-Kallax Flygplats,13,Rådande väder,"momentanvärde, 1 gång/tim resp 8 gånger/dygn",kod,1992-01-26T09:00:00Z,1992-01-26T10:00:00+01:00,696416400000,,0,0,G,,corrected-archive-csv
162860,Luleå-Kallax Flygplats,13,Rådande väder,"momentanvärde, 1 gång/tim resp 8 gånger/dygn",kod,1992-01-26T12:00:00Z,1992-01-26T13:00:00+01:00,696427200000,,0,0,G,,corrected-archive-csv
162860,Luleå-Kallax Flygplats,13,Rådande väder,"momentanvärde, 1 gång/tim resp 8 gånger/dygn",kod,1992-01-26T15:00:00Z,1992-01-26T16:00:00+01:00,696438000000,,0,0,G,,corrected-archive-csv
162860,Luleå-Kallax Flygplats,13,Rådande väder,"momentanvärde, 1 gång/tim resp 8 gånger/dygn",kod,1992-01-26T18:00:00Z,1992-01-26T19:00:00+01:00,696448800000,,0,0,G,,corrected-archive-csv
162860,Luleå-Kallax Flygplats,13,Rådande väder,"momentanvärde, 1 gång/tim resp 8 gånger/dygn",kod,1992-01-26T21:00:00Z,1992-01-26T22:00:00+01:00,696459600000,,0,0,G,,corrected-archive-csv
162860,Luleå-Kallax Flygplats,13,Rådande väder,"momentanvärde, 1 gång/tim resp 8 gånger/dygn",kod,1992-01-27T00:00:00Z,1992-01-27T01:00:00+01:00,696470400000,,0,0,G,,corrected-archive-csv
162860,Luleå-Kallax Flygplats,13,Rådande väder,"momentanvärde, 1 gång/tim resp 8 gånger/dygn",kod,1992-01-27T03:00:00Z,1992-01-27T04:00:00+01:00,696481200000,,0,0,G,,corrected-archive-csv
162860,Luleå-Kallax Flygplats,13,Rådande väder,"momentanvärde, 1 gång/tim resp 8 gånger/dygn",kod,1992-01-27T06:00:00Z,1992-01-27T07:00:00+01:00,696492000000,,0,0,G,,corrected-archive-csv
162860,Luleå-Kallax Flygplats,13,Rådande väder,"momentanvärde, 1 gång/tim resp 8 gånger/dygn",kod,1992-01-27T09:00:00Z,1992-01-27T10:00:00+01:00,696502800000,,0,0,G,,corrected-archive-csv
162860,Luleå-Kallax Flygplats,13,Rådande väder,"momentanvärde, 1 gång/tim resp 8 gånger/dygn",kod,1992-01-27T12:00:00Z,1992-01-27T13:00:00+01:00,696513600000,,0,0,G,,corrected-archive-csv
162860,Luleå-Kallax Flygplats,13,Rådande väder,"momentanvärde, 1 gång/tim resp 8 gånger/dygn",kod,1992-01-27T15:00:00Z,1992-01-27T16:00:00+01:00,696524400000,,0,0,G,,corrected-archive-csv
162860,Luleå-Kallax Flygplats,13,Rådande väder,"momentanvärde, 1 gång/tim resp 8 gånger/dygn",kod,1992-01-27T18:00:00Z,1992-01-27T19:00:00+01:00,696535200000,,0,0,G,,corrected-archive-csv
162860,Luleå-Kallax Flygplats,13,Rådande väder,"momentanvärde, 1 gång/tim resp 8 gånger/dygn",kod,1992-01-27T21:00:00Z,1992-01-27T22:00:00+01:00,696546000000,,0,0,G,,corrected-archive-csv
162860,Luleå-Kallax Flygplats,13,Rådande väder,"momentanvärde, 1 gång/tim resp 8 gånger/dygn",kod,1992-01-28T00:00:00Z,1992-01-28T01:00:00+01:00,696556800000,,0,0,G,,corrected-archive-csv
162860,Luleå-Kallax Flygplats,13,Rådande väder,"momentanvärde, 1 gång/tim resp 8 gånger/dygn",kod,1992-01-28T03:00:00Z,1992-01-28T04:00:00+01:00,696567600000,,0,0,G,,corrected-archive-csv
162860,Luleå-Kallax Flygplats,13,Rådande väder,"momentanvärde, 1 gång/tim resp 8 gånger/dygn",kod,1992-01-28T06:00:00Z,1992-01-28T07:00:00+01:00,696578400000,,0,0,G,,corrected-archive-csv
162860,Luleå-Kallax Flygplats,13,Rådande väder,"momentanvärde, 1 gång/tim resp 8 gånger/dygn",kod,1992-01-28T09:00:00Z,1992-01-28T10:00:00+01:00,696589200000,,0,0,G,,corrected-archive-csv
162860,Luleå-Kallax Flygplats,13,Rådande väder,"momentanvärde, 1 gång/tim resp 8 gånger/dygn",kod,1992-01-28T12:00:00Z,1992-01-28T13:00:00+01:00,696600000000,,0,0,G,,corrected-archive-csv
162860,Luleå-Kallax Flygplats,13,Rådande väder,"momentanvärde, 1 gång/tim resp 8 gånger/dygn",kod,1992-01-28T15:00:00Z,1992-01-28T16:00:00+01:00,696610800000,,0,0,G,,corrected-archive-csv
162860,Luleå-Kallax Flygplats,13,Rådande väder,"momentanvärde, 1 gång/tim resp 8 gånger/dygn",kod,1992-01-28T18:00:00Z,1992-01-28T19:00:00+01:00,696621600000,,0,0,G,,corrected-archive-csv
162860,Luleå-Kallax Flygplats,13,Rådande väder,"momentanvärde, 1 gång/tim resp 8 gånger/dygn",kod,1992-01-28T21:00:00Z,1992-01-28T22:00:00+01:00,696632400000,,0,0,G,,corrected-archive-csv
162860,Luleå-Kallax Flygplats,13,Rådande väder,"momentanvärde, 1 gång/tim resp 8 gånger/dygn",kod,1992-01-29T00:00:00Z,1992-01-29T01:00:00+01:00,696643200000,,0,0,G,,corrected-archive-csv
162860,Luleå-Kallax Flygplats,13,Rådande väder,"momentanvärde, 1 gång/tim resp 8 gånger/dygn",kod,1992-01-29T03:00:00Z,1992-01-29T04:00:00+01:00,696654000000,,0,0,G,,corrected-archive-csv
162860,Luleå-Kallax Flygplats,13,Rådande väder,"momentanvärde, 1 gång/tim resp 8 gånger/dygn",kod,1992-01-29T06:00:00Z,1992-01-29T07:00:00+01:00,696664800000,,0,0,G,,corrected-archive-csv
162860,Luleå-Kallax Flygplats,13,Rådande väder,"momentanvärde, 1 gång/tim resp 8 gånger/dygn",kod,1992-01-29T09:00:00Z,1992-01-29T10:00:00+01:00,696675600000,,0,0,G,,corrected-archive-csv
162860,Luleå-Kallax Flygplats,13,Rådande väder,"momentanvärde, 1 gång/tim resp 8 gånger/dygn",kod,1992-01-29T12:00:00Z,1992-01-29T13:00:00+01:00,696686400000,,0,0,G,,corrected-archive-csv
162860,Luleå-Kallax Flygplats,13,Rådande väder,"momentanvärde, 1 gång/tim resp 8 gånger/dygn",kod,1992-01-29T15:00:00Z,1992-01-29T16:00:00+01:00,696697200000,,0,0,G,,corrected-archive-csv
162860,Luleå-Kallax Flygplats,13,Rådande väder,"momentanvärde, 1 gång/tim resp 8 gånger/dygn",kod,1992-01-29T18:00:00Z,1992-01-29T19:00:00+01:00,696708000000,,0,0,G,,corrected-archive-csv
162860,Luleå-Kallax Flygplats,13,Rådande väder,"momentanvärde, 1 gång/tim resp 8 gånger/dygn",kod,1992-01-29T21:00:00Z,1992-01-29T22:00:00+01:00,696718800000,,0,0,G,,corrected-archive-csv
162860,Luleå-Kallax Flygplats,13,Rådande väder,"momentanvärde, 1 gång/tim resp 8 gånger/dygn",kod,1992-01-30T00:00:00Z,1992-01-30T01:00:00+01:00,696729600000,,0,0,G,,corrected-archive-csv
162860,Luleå-Kallax Flygplats,13,Rådande väder,"momentanvärde, 1 gång/tim resp 8 gånger/dygn",kod,1992-01-30T03:00:00Z,1992-01-30T04:00:00+01:00,696740400000,,0,0,G,,corrected-archive-csv
162860,Luleå-Kallax Flygplats,13,Rådande väder,"momentanvärde, 1 gång/tim resp 8 gånger/dygn",kod,1992-01-30T06:00:00Z,1992-01-30T07:00:00+01:00,696751200000,,0,0,G,,corrected-archive-csv
162860,Luleå-Kallax Flygplats,13,Rådande väder,"momentanvärde, 1 gång/tim resp 8 gånger/dygn",kod,1992-01-30T09:00:00Z,1992-01-30T10:00:00+01:00,696762000000,,0,0,G,,corrected-archive-csv
162860,Luleå-Kallax Flygplats,13,Rådande väder,"momentanvärde, 1 gång/tim resp 8 gånger/dygn",kod,1992-01-30T12:00:00Z,1992-01-30T13:00:00+01:00,696772800000,,0,0,G,,corrected-archive-csv
162860,Luleå-Kallax Flygplats,13,Rådande väder,"momentanvärde, 1 gång/tim resp 8 gånger/dygn",kod,1992-01-30T15:00:00Z,1992-01-30T16:00:00+01:00,696783600000,,0,0,G,,corrected-archive-csv
162860,Luleå-Kallax Flygplats,13,Rådande väder,"momentanvärde, 1 gång/tim resp 8 gånger/dygn",kod,1992-01-30T18:00:00Z,1992-01-30T19:00:00+01:00,696794400000,,0,0,G,,corrected-archive-csv
162860,Luleå-Kallax Flygplats,13,Rådande väder,"momentanvärde, 1 gång/tim resp 8 gånger/dygn",kod,1992-01-30T21:00:00Z,1992-01-30T22:00:00+01:00,696805200000,,0,0,G,,corrected-archive-csv
162860,Luleå-Kallax Flygplats,13,Rådande väder,"momentanvärde, 1 gång/tim resp 8 gånger/dygn",kod,1992-01-31T00:00:00Z,1992-01-31T01:00:00+01:00,696816000000,,0,0,G,,corrected-archive-csv
162860,Luleå-Kallax Flygplats,13,Rådande väder,"momentanvärde, 1 gång/tim resp 8 gånger/dygn",kod,1992-01-31T03:00:00Z,1992-01-31T04:00:00+01:00,696826800000,,0,0,G,,corrected-archive-csv
162860,Luleå-Kallax Flygplats,13,Rådande väder,"momentanvärde, 1 gång/tim resp 8 gånger/dygn",kod,1992-01-31T06:00:00Z,1992-01-31T07:00:00+01:00,696837600000,,0,0,G,,corrected-archive-csv
162860,Luleå-Kallax Flygplats,13,Rådande väder,"momentanvärde, 1 gång/tim resp 8 gånger/dygn",kod,1992-01-31T09:00:00Z,1992-01-31T10:00:00+01:00,696848400000,,0,0,G,,corrected-archive-csv
162860,Luleå-Kallax Flygplats,13,Rådande väder,"momentanvärde, 1 gång/tim resp 8 gånger/dygn",kod,1992-01-31T12:00:00Z,1992-01-31T13:00:00+01:00,696859200000,,0,0,G,,corrected-archive-csv
162860,Luleå-Kallax Flygplats,13,Rådande väder,"momentanvärde, 1 gång/tim resp 8 gånger/dygn",kod,1992-01-31T15:00:00Z,1992-01-31T16:00:00+01:00,696870000000,,0,0,G,,corrected-archive-csv
162860,Luleå-Kallax Flygplats,13,Rådande väder,"momentanvärde, 1 gång/tim resp 8 gånger/dygn",kod,1992-01-31T18:00:00Z,1992-01-31T19:00:00+01:00,696880800000,,0,0,G,,corrected-archive-csv
162860,Luleå-Kallax Flygplats,13,Rådande väder,"momentanvärde, 1 gång/tim resp 8 gånger/dygn",kod,1992-01-31T21:00:00Z,1992-01-31T22:00:00+01:00,696891600000,,0,0,G,,corrected-archive-csv
162860,Luleå-Kallax Flygplats,13,Rådande väder,"momentanvärde, 1 gång/tim resp 8 gånger/dygn",kod,1992-02-01T00:00:00Z,1992-02-01T01:00:00+01:00,696902400000,,0,0,G,,corrected-archive-csv
162860,Luleå-Kallax Flygplats,13,Rådande väder,"momentanvärde, 1 gång/tim resp 8 gånger/dygn",kod,1992-02-01T03:00:00Z,1992-02-01T04:00:00+01:00,696913200000,,0,0,G,,corrected-archive-csv
162860,Luleå-Kallax Flygplats,13,Rådande väder,"momentanvärde, 1 gång/tim resp 8 gånger/dygn",kod,1992-02-01T06:00:00Z,1992-02-01T07:00:00+01:00,696924000000,,0,0,G,,corrected-archive-csv
162860,Luleå-Kallax Flygplats,13,Rådande väder,"momentanvärde, 1 gång/tim resp 8 gånger/dygn",kod,1992-02-01T09:00:00Z,1992-02-01T10:00:00+01:00,696934800000,,0,0,G,,corrected-archive-csv
162860,Luleå-Kallax Flygplats,13,Rådande väder,"momentanvärde, 1 gång/tim resp 8 gånger/dygn",kod,1992-02-01T12:00:00Z,1992-02-01T13:00:00+01:00,696945600000,,0,0,G,,corrected-archive-csv
162860,Luleå-Kallax Flygplats,13,Rådande väder,"momentanvärde, 1 gång/tim resp 8 gånger/dygn",kod,1992-02-01T15:00:00Z,1992-02-01T16:00:00+01:00,696956400000,,0,0,G,,corrected-archive-csv
162860,Luleå-Kallax Flygplats,13,Rådande väder,"momentanvärde, 1 gång/tim resp 8 gånger/dygn",kod,1992-02-01T18:00:00Z,1992-02-01T19:00:00+01:00,696967200000,,0,0,G,,corrected-archive-csv
162860,Luleå-Kallax Flygplats,13,Rådande väder,"momentanvärde, 1 gång/tim resp 8 gånger/dygn",kod,1992-02-01T21:00:00Z,1992-02-01T22:00:00+01:00,696978000000,,0,0,G,,corrected-archive-csv
162860,Luleå-Kallax Flygplats,13,Rådande väder,"momentanvärde, 1 gång/tim resp 8 gånger/dygn",kod,1992-02-02T00:00:00Z,1992-02-02T01:00:00+01:00,696988800000,,0,0,G,,corrected-archive-csv
162860,Luleå-Kallax Flygplats,13,Rådande väder,"momentanvärde, 1 gång/tim resp 8 gånger/dygn",kod,1992-02-02T03:00:00Z,1992-02-02T04:00:00+01:00,696999600000,,0,0,G,,corrected-archive-csv
162860,Luleå-Kallax Flygplats,13,Rådande väder,"momentanvärde, 1 gång/tim resp 8 gånger/dygn",kod,1992-02-02T06:00:00Z,1992-02-02T07:00:00+01:00,697010400000,,0,0,G,,corrected-archive-csv
162860,Luleå-Kallax Flygplats,13,Rådande väder,"momentanvärde, 1 gång/tim resp 8 gånger/dygn",kod,1992-02-02T09:00:00Z,1992-02-02T10:00:00+01:00,697021200000,,0,0,G,,corrected-archive-csv
162860,Luleå-Kallax Flygplats,13,Rådande väder,"momentanvärde, 1 gång/tim resp 8 gånger/dygn",kod,1992-02-02T12:00:00Z,1992-02-02T13:00:00+01:00,697032000000,,0,0,G,,corrected-archive-csv
162860,Luleå-Kallax Flygplats,13,Rådande väder,"momentanvärde, 1 gång/tim resp 8 gånger/dygn",kod,1992-02-02T15:00:00Z,1992-02-02T16:00:00+01:00,697042800000,,0,0,G,,corrected-archive-csv
162860,Luleå-Kallax Flygplats,13,Rådande väder,"momentanvärde, 1 gång/tim resp 8 gånger/dygn",kod,1992-02-02T18:00:00Z,1992-02-02T19:00:00+01:00,697053600000,,0,0,G,,corrected-archive-csv
162860,Luleå-Kallax Flygplats,13,Rådande väder,"momentanvärde, 1 gång/tim resp 8 gånger/dygn",kod,1992-02-02T21:00:00Z,1992-02-02T22:00:00+01:00,697064400000,,0,0,G,,corrected-archive-csv
162860,Luleå-Kallax Flygplats,13,Rådande väder,"momentanvärde, 1 gång/tim resp 8 gånger/dygn",kod,1992-02-03T00:00:00Z,1992-02-03T01:00:00+01:00,697075200000,,0,0,G,,corrected-archive-csv
162860,Luleå-Kallax Flygplats,13,Rådande väder,"momentanvärde, 1 gång/tim resp 8 gånger/dygn",kod,1992-02-03T03:00:00Z,1992-02-03T04:00:00+01:00,697086000000,,0,0,G,,corrected-archive-csv
162860,Luleå-Kallax Flygplats,13,Rådande väder,"momentanvärde, 1 gång/tim resp 8 gånger/dygn",kod,1992-02-03T06:00:00Z,1992-02-03T07:00:00+01:00,697096800000,,73,73,G,,corrected-archive-csv
162860,Luleå-Kallax Flygplats,13,Rådande väder,"momentanvärde, 1 gång/tim resp 8 gånger/dygn",kod,1992-02-03T07:00:00Z,1992-02-03T08:00:00+01:00,697100400000,,73,73,Y,,corrected-archive-csv
162860,Luleå-Kallax Flygplats,13,Rådande väder,"momentanvärde, 1 gång/tim resp 8 gånger/dygn",kod,1992-02-03T08:00:00Z,1992-02-03T09:00:00+01:00,697104000000,,73,73,Y,,corrected-archive-csv
162860,Luleå-Kallax Flygplats,13,Rådande väder,"momentanvärde, 1 gång/tim resp 8 gånger/dygn",kod,1992-02-03T09:00:00Z,1992-02-03T10:00:00+01:00,697107600000,,73,73,G,,corrected-archive-csv
162860,Luleå-Kallax Flygplats,13,Rådande väder,"momentanvärde, 1 gång/tim resp 8 gånger/dygn",kod,1992-02-03T10:00:00Z,1992-02-03T11:00:00+01:00,697111200000,,73,73,Y,,corrected-archive-csv
162860,Luleå-Kallax Flygplats,13,Rådande väder,"momentanvärde, 1 gång/tim resp 8 gånger/dygn",kod,1992-02-03T11:00:00Z,1992-02-03T12:00:00+01:00,697114800000,,71,71,Y,,corrected-archive-csv
162860,Luleå-Kallax Flygplats,13,Rådande väder,"momentanvärde, 1 gång/tim resp 8 gånger/dygn",kod,1992-02-03T12:00:00Z,1992-02-03T13:00:00+01:00,697118400000,,22,22,G,,corrected-archive-csv
162860,Luleå-Kallax Flygplats,13,Rådande väder,"momentanvärde, 1 gång/tim resp 8 gånger/dygn",kod,1992-02-03T15:00:00Z,1992-02-03T16:00:00+01:00,697129200000,,0,0,G,,corrected-archive-csv
162860,Luleå-Kallax Flygplats,13,Rådande väder,"momentanvärde, 1 gång/tim resp 8 gånger/dygn",kod,1992-02-03T18:00:00Z,1992-02-03T19:00:00+01:00,697140000000,,0,0,G,,corrected-archive-csv
162860,Luleå-Kallax Flygplats,13,Rådande väder,"momentanvärde, 1 gång/tim resp 8 gånger/dygn",kod,1992-02-03T21:00:00Z,1992-02-03T22:00:00+01:00,697150800000,,0,0,G,,corrected-archive-csv
162860,Luleå-Kallax Flygplats,13,Rådande väder,"momentanvärde, 1 gång/tim resp 8 gånger/dygn",kod,1992-02-04T00:00:00Z,1992-02-04T01:00:00+01:00,697161600000,,0,0,G,,corrected-archive-csv
162860,Luleå-Kallax Flygplats,13,Rådande väder,"momentanvärde, 1 gång/tim resp 8 gånger/dygn",kod,1992-02-04T03:00:00Z,1992-02-04T04:00:00+01:00,697172400000,,0,0,G,,corrected-archive-csv
162860,Luleå-Kallax Flygplats,13,Rådande väder,"momentanvärde, 1 gång/tim resp 8 gånger/dygn",kod,1992-02-04T06:00:00Z,1992-02-04T07:00:00+01:00,697183200000,,0,0,G,,corrected-archive-csv
162860,Luleå-Kallax Flygplats,13,Rådande väder,"momentanvärde, 1 gång/tim resp 8 gånger/dygn",kod,1992-02-04T09:00:00Z,1992-02-04T10:00:00+01:00,697194000000,,0,0,G,,corrected-archive-csv
162860,Luleå-Kallax Flygplats,13,Rådande väder,"momentanvärde, 1 gång/tim resp 8 gånger/dygn",kod,1992-02-04T12:00:00Z,1992-02-04T13:00:00+01:00,697204800000,,0,0,G,,corrected-archive-csv
162860,Luleå-Kallax Flygplats,13,Rådande väder,"momentanvärde, 1 gång/tim resp 8 gånger/dygn",kod,1992-02-04T15:00:00Z,1992-02-04T16:00:00+01:00,697215600000,,0,0,G,,corrected-archive-csv
162860,Luleå-Kallax Flygplats,13,Rådande väder,"momentanvärde, 1 gång/tim resp 8 gånger/dygn",kod,1992-02-04T18:00:00Z,1992-02-04T19:00:00+01:00,697226400000,,0,0,G,,corrected-archive-csv
162860,Luleå-Kallax Flygplats,13,Rådande väder,"momentanvärde, 1 gång/tim resp 8 gånger/dygn",kod,1992-02-04T21:00:00Z,1992-02-04T22:00:00+01:00,697237200000,,0,0,G,,corrected-archive-csv
162860,Luleå-Kallax Flygplats,13,Rådande väder,"momentanvärde, 1 gång/tim resp 8 gånger/dygn",kod,1992-02-05T00:00:00Z,1992-02-05T01:00:00+01:00,697248000000,,0,0,G,,corrected-archive-csv
162860,Luleå-Kallax Flygplats,13,Rådande väder,"momentanvärde, 1 gång/tim resp 8 gånger/dygn",kod,1992-02-05T03:00:00Z,1992-02-05T04:00:00+01:00,697258800000,,0,0,G,,corrected-archive-csv
162860,Luleå-Kallax Flygplats,13,Rådande väder,"momentanvärde, 1 gång/tim resp 8 gånger/dygn",kod,1992-02-05T06:00:00Z,1992-02-05T07:00:00+01:00,697269600000,,0,0,G,,corrected-archive-csv
162860,Luleå-Kallax Flygplats,13,Rådande väder,"momentanvärde, 1 gång/tim resp 8 gånger/dygn",kod,1992-02-05T09:00:00Z,1992-02-05T10:00:00+01:00,697280400000,,12,12,G,,corrected-archive-csv
162860,Luleå-Kallax Flygplats,13,Rådande väder,"momentanvärde, 1 gång/tim resp 8 gånger/dygn",kod,1992-02-05T10:00:00Z,1992-02-05T11:00:00+01:00,697284000000,,12,12,Y,,corrected-archive-csv
162860,Luleå-Kallax Flygplats,13,Rådande väder,"momentanvärde, 1 gång/tim resp 8 gånger/dygn",kod,1992-02-05T11:00:00Z,1992-02-05T12:00:00+01:00,697287600000,,1,1,Y,,corrected-archive-csv
162860,Luleå-Kallax Flygplats,13,Rådande väder,"momentanvärde, 1 gång/tim resp 8 gånger/dygn",kod,1992-02-05T15:00:00Z,1992-02-05T16:00:00+01:00,697302000000,,0,0,G,,corrected-archive-csv
162860,Luleå-Kallax Flygplats,13,Rådande väder,"momentanvärde, 1 gång/tim resp 8 gånger/dygn",kod,1992-02-05T18:00:00Z,1992-02-05T19:00:00+01:00,697312800000,,0,0,G,,corrected-archive-csv
162860,Luleå-Kallax Flygplats,13,Rådande väder,"momentanvärde, 1 gång/tim resp 8 gånger/dygn",kod,1992-02-05T21:00:00Z,1992-02-05T22:00:00+01:00,697323600000,,0,0,G,,corrected-archive-csv
162860,Luleå-Kallax Flygplats,13,Rådande väder,"momentanvärde, 1 gång/tim resp 8 gånger/dygn",kod,1992-02-06T00:00:00Z,1992-02-06T01:00:00+01:00,697334400000,,0,0,G,,corrected-archive-csv
162860,Luleå-Kallax Flygplats,13,Rådande väder,"momentanvärde, 1 gång/tim resp 8 gånger/dygn",kod,1992-02-06T03:00:00Z,1992-02-06T04:00:00+01:00,697345200000,,0,0,G,,corrected-archive-csv
162860,Luleå-Kallax Flygplats,13,Rådande väder,"momentanvärde, 1 gång/tim resp 8 gånger/dygn",kod,1992-02-06T06:00:00Z,1992-02-06T07:00:00+01:00,697356000000,,0,0,G,,corrected-archive-csv
162860,Luleå-Kallax Flygplats,13,Rådande väder,"momentanvärde, 1 gång/tim resp 8 gånger/dygn",kod,1992-02-06T09:00:00Z,1992-02-06T10:00:00+01:00,697366800000,,0,0,G,,corrected-archive-csv
162860,Luleå-Kallax Flygplats,13,Rådande väder,"momentanvärde, 1 gång/tim resp 8 gånger/dygn",kod,1992-02-06T12:00:00Z,1992-02-06T13:00:00+01:00,697377600000,,0,0,G,,corrected-archive-csv
162860,Luleå-Kallax Flygplats,13,Rådande väder,"momentanvärde, 1 gång/tim resp 8 gånger/dygn",kod,1992-02-06T15:00:00Z,1992-02-06T16:00:00+01:00,697388400000,,0,0,G,,corrected-archive-csv
162860,Luleå-Kallax Flygplats,13,Rådande väder,"momentanvärde, 1 gång/tim resp 8 gånger/dygn",kod,1992-02-06T18:00:00Z,1992-02-06T19:00:00+01:00,697399200000,,0,0,G,,corrected-archive-csv
162860,Luleå-Kallax Flygplats,13,Rådande väder,"momentanvärde, 1 gång/tim resp 8 gånger/dygn",kod,1992-02-06T19:00:00Z,1992-02-06T20:00:00+01:00,697402800000,,75,75,Y,,corrected-archive-csv
162860,Luleå-Kallax Flygplats,13,Rådande väder,"momentanvärde, 1 gång/tim resp 8 gånger/dygn",kod,1992-02-06T20:00:00Z,1992-02-06T21:00:00+01:00,697406400000,,75,75,Y,,corrected-archive-csv
162860,Luleå-Kallax Flygplats,13,Rådande väder,"momentanvärde, 1 gång/tim resp 8 gånger/dygn",kod,1992-02-06T21:00:00Z,1992-02-06T22:00:00+01:00,697410000000,,73,73,G,,corrected-archive-csv
162860,Luleå-Kallax Flygplats,13,Rådande väder,"momentanvärde, 1 gång/tim resp 8 gånger/dygn",kod,1992-02-06T22:00:00Z,1992-02-06T23:00:00+01:00,697413600000,,73,73,Y,,corrected-archive-csv
162860,Luleå-Kallax Flygplats,13,Rådande väder,"momentanvärde, 1 gång/tim resp 8 gånger/dygn",kod,1992-02-06T23:00:00Z,1992-02-07T00:00:00+01:00,697417200000,,22,22,Y,,corrected-archive-csv
162860,Luleå-Kallax Flygplats,13,Rådande väder,"momentanvärde, 1 gång/tim resp 8 gånger/dygn",kod,1992-02-07T00:00:00Z,1992-02-07T01:00:00+01:00,697420800000,,73,73,G,,corrected-archive-csv
162860,Luleå-Kallax Flygplats,13,Rådande väder,"momentanvärde, 1 gång/tim resp 8 gånger/dygn",kod,1992-02-07T01:00:00Z,1992-02-07T02:00:00+01:00,697424400000,,73,73,Y,,corrected-archive-csv
162860,Luleå-Kallax Flygplats,13,Rådande väder,"momentanvärde, 1 gång/tim resp 8 gånger/dygn",kod,1992-02-07T02:00:00Z,1992-02-07T03:00:00+01:00,697428000000,,22,22,Y,,corrected-archive-csv
162860,Luleå-Kallax Flygplats,13,Rådande väder,"momentanvärde, 1 gång/tim resp 8 gånger/dygn",kod,1992-02-07T03:00:00Z,1992-02-07T04:00:00+01:00,697431600000,,1,1,G,,corrected-archive-csv
162860,Luleå-Kallax Flygplats,13,Rådande väder,"momentanvärde, 1 gång/tim resp 8 gånger/dygn",kod,1992-02-07T04:00:00Z,1992-02-07T05:00:00+01:00,697435200000,,1,1,Y,,corrected-archive-csv
162860,Luleå-Kallax Flygplats,13,Rådande väder,"momentanvärde, 1 gång/tim resp 8 gånger/dygn",kod,1992-02-07T05:00:00Z,1992-02-07T06:00:00+01:00,697438800000,,1,1,Y,,corrected-archive-csv
162860,Luleå-Kallax Flygplats,13,Rådande väder,"momentanvärde, 1 gång/tim resp 8 gånger/dygn",kod,1992-02-07T06:00:00Z,1992-02-07T07:00:00+01:00,697442400000,,1,1,G,,corrected-archive-csv
162860,Luleå-Kallax Flygplats,13,Rådande väder,"momentanvärde, 1 gång/tim resp 8 gånger/dygn",kod,1992-02-07T09:00:00Z,1992-02-07T10:00:00+01:00,697453200000,,79,79,G,,corrected-archive-csv
162860,Luleå-Kallax Flygplats,13,Rådande väder,"momentanvärde, 1 gång/tim resp 8 gånger/dygn",kod,1992-02-07T10:00:00Z,1992-02-07T11:00:00+01:00,697456800000,,67,67,Y,,corrected-archive-csv
162860,Luleå-Kallax Flygplats,13,Rådande väder,"momentanvärde, 1 gång/tim resp 8 gånger/dygn",kod,1992-02-07T11:00:00Z,1992-02-07T12:00:00+01:00,697460400000,,24,24,Y,,corrected-archive-csv
162860,Luleå-Kallax Flygplats,13,Rådande väder,"momentanvärde, 1 gång/tim resp 8 gånger/dygn",kod,1992-02-07T12:00:00Z,1992-02-07T13:00:00+01:00,697464000000,,24,24,G,,corrected-archive-csv
162860,Luleå-Kallax Flygplats,13,Rådande väder,"momentanvärde, 1 gång/tim resp 8 gånger/dygn",kod,1992-02-07T15:00:00Z,1992-02-07T16:00:00+01:00,697474800000,,0,0,G,,corrected-archive-csv
162860,Luleå-Kallax Flygplats,13,Rådande väder,"momentanvärde, 1 gång/tim resp 8 gånger/dygn",kod,1992-02-07T18:00:00Z,1992-02-07T19:00:00+01:00,697485600000,,0,0,G,,corrected-archive-csv
162860,Luleå-Kallax Flygplats,13,Rådande väder,"momentanvärde, 1 gång/tim resp 8 gånger/dygn",kod,1992-02-07T21:00:00Z,1992-02-07T22:00:00+01:00,697496400000,,0,0,G,,corrected-archive-csv
162860,Luleå-Kallax Flygplats,13,Rådande väder,"momentanvärde, 1 gång/tim resp 8 gånger/dygn",kod,1992-02-08T00:00:00Z,1992-02-08T01:00:00+01:00,697507200000,,0,0,G,,corrected-archive-csv
162860,Luleå-Kallax Flygplats,13,Rådande väder,"momentanvärde, 1 gång/tim resp 8 gånger/dygn",kod,1992-02-08T03:00:00Z,1992-02-08T04:00:00+01:00,697518000000,,0,0,G,,corrected-archive-csv
162860,Luleå-Kallax Flygplats,13,Rådande väder,"momentanvärde, 1 gång/tim resp 8 gånger/dygn",kod,1992-02-08T06:00:00Z,1992-02-08T07:00:00+01:00,697528800000,,0,0,G,,corrected-archive-csv
162860,Luleå-Kallax Flygplats,13,Rådande väder,"momentanvärde, 1 gång/tim resp 8 gånger/dygn",kod,1992-02-08T09:00:00Z,1992-02-08T10:00:00+01:00,697539600000,,0,0,G,,corrected-archive-csv
162860,Luleå-Kallax Flygplats,13,Rådande väder,"momentanvärde, 1 gång/tim resp 8 gånger/dygn",kod,1992-02-08T12:00:00Z,1992-02-08T13:00:00+01:00,697550400000,,0,0,G,,corrected-archive-csv
162860,Luleå-Kallax Flygplats,13,Rådande väder,"momentanvärde, 1 gång/tim resp 8 gånger/dygn",kod,1992-02-08T15:00:00Z,1992-02-08T16:00:00+01:00,697561200000,,0,0,G,,corrected-archive-csv
162860,Luleå-Kallax Flygplats,13,Rådande väder,"momentanvärde, 1 gång/tim resp 8 gånger/dygn",kod,1992-02-08T18:00:00Z,1992-02-08T19:00:00+01:00,697572000000,,0,0,G,,corrected-archive-csv
162860,Luleå-Kallax Flygplats,13,Rådande väder,"momentanvärde, 1 gång/tim resp 8 gånger/dygn",kod,1992-02-08T21:00:00Z,1992-02-08T22:00:00+01:00,697582800000,,0,0,G,,corrected-archive-csv
162860,Luleå-Kallax Flygplats,13,Rådande väder,"momentanvärde, 1 gång/tim resp 8 gånger/dygn",kod,1992-02-09T00:00:00Z,1992-02-09T01:00:00+01:00,697593600000,,0,0,G,,corrected-archive-csv
162860,Luleå-Kallax Flygplats,13,Rådande väder,"momentanvärde, 1 gång/tim resp 8 gånger/dygn",kod,1992-02-09T03:00:00Z,1992-02-09T04:00:00+01:00,697604400000,,0,0,G,,corrected-archive-csv
162860,Luleå-Kallax Flygplats,13,Rådande väder,"momentanvärde, 1 gång/tim resp 8 gånger/dygn",kod,1992-02-09T06:00:00Z,1992-02-09T07:00:00+01:00,697615200000,,0,0,G,,corrected-archive-csv
162860,Luleå-Kallax Flygplats,13,Rådande väder,"momentanvärde, 1 gång/tim resp 8 gånger/dygn",kod,1992-02-09T12:00:00Z,1992-02-09T13:00:00+01:00,697636800000,,0,0,G,,corrected-archive-csv
162860,Luleå-Kallax Flygplats,13,Rådande väder,"momentanvärde, 1 gång/tim resp 8 gånger/dygn",kod,1992-02-09T15:00:00Z,1992-02-09T16:00:00+01:00,697647600000,,0,0,G,,corrected-archive-csv
162860,Luleå-Kallax Flygplats,13,Rådande väder,"momentanvärde, 1 gång/tim resp 8 gånger/dygn",kod,1992-02-09T18:00:00Z,1992-02-09T19:00:00+01:00,697658400000,,0,0,G,,corrected-archive-csv
162860,Luleå-Kallax Flygplats,13,Rådande väder,"momentanvärde, 1 gång/tim resp 8 gånger/dygn",kod,1992-02-09T21:00:00Z,1992-02-09T22:00:00+01:00,697669200000,,0,0,G,,corrected-archive-csv
162860,Luleå-Kallax Flygplats,13,Rådande väder,"momentanvärde, 1 gång/tim resp 8 gånger/dygn",kod,1992-02-09T23:00:00Z,1992-02-10T00:00:00+01:00,697676400000,,51,51,Y,,corrected-archive-csv
162860,Luleå-Kallax Flygplats,13,Rådande väder,"momentanvärde, 1 gång/tim resp 8 gånger/dygn",kod,1992-02-10T00:00:00Z,1992-02-10T01:00:00+01:00,697680000000,,51,51,G,,corrected-archive-csv
162860,Luleå-Kallax Flygplats,13,Rådande väder,"momentanvärde, 1 gång/tim resp 8 gånger/dygn",kod,1992-02-10T01:00:00Z,1992-02-10T02:00:00+01:00,697683600000,,51,51,Y,,corrected-archive-csv
162860,Luleå-Kallax Flygplats,13,Rådande väder,"momentanvärde, 1 gång/tim resp 8 gånger/dygn",kod,1992-02-10T02:00:00Z,1992-02-10T03:00:00+01:00,697687200000,,20,20,Y,,corrected-archive-csv
162860,Luleå-Kallax Flygplats,13,Rådande väder,"momentanvärde, 1 gång/tim resp 8 gånger/dygn",kod,1992-02-10T03:00:00Z,1992-02-10T04:00:00+01:00,697690800000,,1,1,G,,corrected-archive-csv
162860,Luleå-Kallax Flygplats,13,Rådande väder,"momentanvärde, 1 gång/tim resp 8 gånger/dygn",kod,1992-02-10T04:00:00Z,1992-02-10T05:00:00+01:00,697694400000,,1,1,Y,,corrected-archive-csv
162860,Luleå-Kallax Flygplats,13,Rådande väder,"momentanvärde, 1 gång/tim resp 8 gånger/dygn",kod,1992-02-10T05:00:00Z,1992-02-10T06:00:00+01:00,697698000000,,1,1,Y,,corrected-archive-csv
162860,Luleå-Kallax Flygplats,13,Rådande väder,"momentanvärde, 1 gång/tim resp 8 gånger/dygn",kod,1992-02-10T06:00:00Z,1992-02-10T07:00:00+01:00,697701600000,,1,1,G,,corrected-archive-csv
162860,Luleå-Kallax Flygplats,13,Rådande väder,"momentanvärde, 1 gång/tim resp 8 gånger/dygn",kod,1992-02-10T09:00:00Z,1992-02-10T10:00:00+01:00,697712400000,,0,0,G,,corrected-archive-csv
162860,Luleå-Kallax Flygplats,13,Rådande väder,"momentanvärde, 1 gång/tim resp 8 gånger/dygn",kod,1992-02-10T12:00:00Z,1992-02-10T13:00:00+01:00,697723200000,,0,0,G,,corrected-archive-csv
162860,Luleå-Kallax Flygplats,13,Rådande väder,"momentanvärde, 1 gång/tim resp 8 gånger/dygn",kod,1992-02-10T14:00:00Z,1992-02-10T15:00:00+01:00,697730400000,,23,23,Y,,corrected-archive-csv
162860,Luleå-Kallax Flygplats,13,Rådande väder,"momentanvärde, 1 gång/tim resp 8 gånger/dygn",kod,1992-02-10T15:00:00Z,1992-02-10T16:00:00+01:00,697734000000,,2,2,G,,corrected-archive-csv
162860,Luleå-Kallax Flygplats,13,Rådande väder,"momentanvärde, 1 gång/tim resp 8 gånger/dygn",kod,1992-02-10T16:00:00Z,1992-02-10T17:00:00+01:00,697737600000,,2,2,Y,,corrected-archive-csv
162860,Luleå-Kallax Flygplats,13,Rådande väder,"momentanvärde, 1 gång/tim resp 8 gånger/dygn",kod,1992-02-10T17:00:00Z,1992-02-10T18:00:00+01:00,697741200000,,2,2,Y,,corrected-archive-csv
162860,Luleå-Kallax Flygplats,13,Rådande väder,"momentanvärde, 1 gång/tim resp 8 gånger/dygn",kod,1992-02-10T18:00:00Z,1992-02-10T19:00:00+01:00,697744800000,,2,2,G,,corrected-archive-csv
162860,Luleå-Kallax Flygplats,13,Rådande väder,"momentanvärde, 1 gång/tim resp 8 gånger/dygn",kod,1992-02-10T21:00:00Z,1992-02-10T22:00:00+01:00,697755600000,,0,0,G,,corrected-archive-csv
162860,Luleå-Kallax Flygplats,13,Rådande väder,"momentanvärde, 1 gång/tim resp 8 gånger/dygn",kod,1992-02-11T00:00:00Z,1992-02-11T01:00:00+01:00,697766400000,,0,0,G,,corrected-archive-csv
162860,Luleå-Kallax Flygplats,13,Rådande väder,"momentanvärde, 1 gång/tim resp 8 gånger/dygn",kod,1992-02-11T02:00:00Z,1992-02-11T03:00:00+01:00,697773600000,,77,77,Y,,corrected-archive-csv
162860,Luleå-Kallax Flygplats,13,Rådande väder,"momentanvärde, 1 gång/tim resp 8 gånger/dygn",kod,1992-02-11T03:00:00Z,1992-02-11T04:00:00+01:00,697777200000,,73,73,G,,corrected-archive-csv
162860,Luleå-Kallax Flygplats,13,Rådande väder,"momentanvärde, 1 gång/tim resp 8 gånger/dygn",kod,1992-02-11T04:00:00Z,1992-02-11T05:00:00+01:00,697780800000,,77,77,Y,,corrected-archive-csv
162860,Luleå-Kallax Flygplats,13,Rådande väder,"momentanvärde, 1 gång/tim resp 8 gånger/dygn",kod,1992-02-11T05:00:00Z,1992-02-11T06:00:00+01:00,697784400000,,77,77,Y,,corrected-archive-csv
162860,Luleå-Kallax Flygplats,13,Rådande väder,"momentanvärde, 1 gång/tim resp 8 gånger/dygn",kod,1992-02-11T06:00:00Z,1992-02-11T07:00:00+01:00,697788000000,,77,77,G,,corrected-archive-csv
162860,Luleå-Kallax Flygplats,13,Rådande väder,"momentanvärde, 1 gång/tim resp 8 gånger/dygn",kod,1992-02-11T07:00:00Z,1992-02-11T08:00:00+01:00,697791600000,,73,73,Y,,corrected-archive-csv
162860,Luleå-Kallax Flygplats,13,Rådande väder,"momentanvärde, 1 gång/tim resp 8 gånger/dygn",kod,1992-02-11T08:00:00Z,1992-02-11T09:00:00+01:00,697795200000,,73,73,Y,,corrected-archive-csv
162860,Luleå-Kallax Flygplats,13,Rådande väder,"momentanvärde, 1 gång/tim resp 8 gånger/dygn",kod,1992-02-11T09:00:00Z,1992-02-11T10:00:00+01:00,697798800000,,73,73,G,,corrected-archive-csv
162860,Luleå-Kallax Flygplats,13,Rådande väder,"momentanvärde, 1 gång/tim resp 8 gånger/dygn",kod,1992-02-11T10:00:00Z,1992-02-11T11:00:00+01:00,697802400000,,73,73,Y,,corrected-archive-csv
162860,Luleå-Kallax Flygplats,13,Rådande väder,"momentanvärde, 1 gång/tim resp 8 gånger/dygn",kod,1992-02-11T11:00:00Z,1992-02-11T12:00:00+01:00,697806000000,,71,71,Y,,corrected-archive-csv
162860,Luleå-Kallax Flygplats,13,Rådande väder,"momentanvärde, 1 gång/tim resp 8 gånger/dygn",kod,1992-02-11T12:00:00Z,1992-02-11T13:00:00+01:00,697809600000,,71,71,G,,corrected-archive-csv
162860,Luleå-Kallax Flygplats,13,Rådande väder,"momentanvärde, 1 gång/tim resp 8 gånger/dygn",kod,1992-02-11T13:00:00Z,1992-02-11T14:00:00+01:00,697813200000,,71,71,Y,,corrected-archive-csv
162860,Luleå-Kallax Flygplats,13,Rådande väder,"momentanvärde, 1 gång/tim resp 8 gånger/dygn",kod,1992-02-11T14:00:00Z,1992-02-11T15:00:00+01:00,697816800000,,71,71,Y,,corrected-archive-csv
162860,Luleå-Kallax Flygplats,13,Rådande väder,"momentanvärde, 1 gång/tim resp 8 gånger/dygn",kod,1992-02-11T15:00:00Z,1992-02-11T16:00:00+01:00,697820400000,,71,71,G,,corrected-archive-csv
162860,Luleå-Kallax Flygplats,13,Rådande väder,"momentanvärde, 1 gång/tim resp 8 gånger/dygn",kod,1992-02-11T16:00:00Z,1992-02-11T17:00:00+01:00,697824000000,,71,71,Y,,corrected-archive-csv
162860,Luleå-Kallax Flygplats,13,Rådande väder,"momentanvärde, 1 gång/tim resp 8 gånger/dygn",kod,1992-02-11T17:00:00Z,1992-02-11T18:00:00+01:00,697827600000,,71,71,Y,,corrected-archive-csv
162860,Luleå-Kallax Flygplats,13,Rådande väder,"momentanvärde, 1 gång/tim resp 8 gånger/dygn",kod,1992-02-11T18:00:00Z,1992-02-11T19:00:00+01:00,697831200000,,71,71,G,,corrected-archive-csv
162860,Luleå-Kallax Flygplats,13,Rådande väder,"momentanvärde, 1 gång/tim resp 8 gånger/dygn",kod,1992-02-11T19:00:00Z,1992-02-11T20:00:00+01:00,697834800000,,22,22,Y,,corrected-archive-csv
162860,Luleå-Kallax Flygplats,13,Rådande väder,"momentanvärde, 1 gång/tim resp 8 gånger/dygn",kod,1992-02-11T20:00:00Z,1992-02-11T21:00:00+01:00,697838400000,,71,71,Y,,corrected-archive-csv
162860,Luleå-Kallax Flygplats,13,Rådande väder,"momentanvärde, 1 gång/tim resp 8 gånger/dygn",kod,1992-02-11T21:00:00Z,1992-02-11T22:00:00+01:00,697842000000,,71,71,G,,corrected-archive-csv
162860,Luleå-Kallax Flygplats,13,Rådande väder,"momentanvärde, 1 gång/tim resp 8 gånger/dygn",kod,1992-02-11T22:00:00Z,1992-02-11T23:00:00+01:00,697845600000,,71,71,Y,,corrected-archive-csv
162860,Luleå-Kallax Flygplats,13,Rådande väder,"momentanvärde, 1 gång/tim resp 8 gånger/dygn",kod,1992-02-11T23:00:00Z,1992-02-12T00:00:00+01:00,697849200000,,22,22,Y,,corrected-archive-csv
162860,Luleå-Kallax Flygplats,13,Rådande väder,"momentanvärde, 1 gång/tim resp 8 gånger/dygn",kod,1992-02-12T00:00:00Z,1992-02-12T01:00:00+01:00,697852800000,,0,0,G,,corrected-archive-csv
162860,Luleå-Kallax Flygplats,13,Rådande väder,"momentanvärde, 1 gång/tim resp 8 gånger/dygn",kod,1992-02-12T03:00:00Z,1992-02-12T04:00:00+01:00,697863600000,,0,0,G,,corrected-archive-csv
162860,Luleå-Kallax Flygplats,13,Rådande väder,"momentanvärde, 1 gång/tim resp 8 gånger/dygn",kod,1992-02-12T04:00:00Z,1992-02-12T05:00:00+01:00,697867200000,,71,71,Y,,corrected-archive-csv
162860,Luleå-Kallax Flygplats,13,Rådande väder,"momentanvärde, 1 gång/tim resp 8 gånger/dygn",kod,1992-02-12T05:00:00Z,1992-02-12T06:00:00+01:00,697870800000,,71,71,Y,,corrected-archive-csv
162860,Luleå-Kallax Flygplats,13,Rådande väder,"momentanvärde, 1 gång/tim resp 8 gånger/dygn",kod,1992-02-12T06:00:00Z,1992-02-12T07:00:00+01:00,697874400000,,22,22,G,,corrected-archive-csv
162860,Luleå-Kallax Flygplats,13,Rådande väder,"momentanvärde, 1 gång/tim resp 8 gånger/dygn",kod,1992-02-12T09:00:00Z,1992-02-12T10:00:00+01:00,697885200000,,0,0,G,,corrected-archive-csv
162860,Luleå-Kallax Flygplats,13,Rådande väder,"momentanvärde, 1 gång/tim resp 8 gånger/dygn",kod,1992-02-12T15:00:00Z,1992-02-12T16:00:00+01:00,697906800000,,0,0,G,,corrected-archive-csv
162860,Luleå-Kallax Flygplats,13,Rådande väder,"momentanvärde, 1 gång/tim resp 8 gånger/dygn",kod,1992-02-12T18:00:00Z,1992-02-12T19:00:00+01:00,697917600000,,0,0,G,,corrected-archive-csv
162860,Luleå-Kallax Flygplats,13,Rådande väder,"momentanvärde, 1 gång/tim resp 8 gånger/dygn",kod,1992-02-12T21:00:00Z,1992-02-12T22:00:00+01:00,697928400000,,0,0,G,,corrected-archive-csv
162860,Luleå-Kallax Flygplats,13,Rådande väder,"momentanvärde, 1 gång/tim resp 8 gånger/dygn",kod,1992-02-13T03:00:00Z,1992-02-13T04:00:00+01:00,697950000000,,0,0,G,,corrected-archive-csv
162860,Luleå-Kallax Flygplats,13,Rådande väder,"momentanvärde, 1 gång/tim resp 8 gånger/dygn",kod,1992-02-13T06:00:00Z,1992-02-13T07:00:00+01:00,697960800000,,0,0,G,,corrected-archive-csv
162860,Luleå-Kallax Flygplats,13,Rådande väder,"momentanvärde, 1 gång/tim resp 8 gånger/dygn",kod,1992-02-13T09:00:00Z,1992-02-13T10:00:00+01:00,697971600000,,0,0,G,,corrected-archive-csv
162860,Luleå-Kallax Flygplats,13,Rådande väder,"momentanvärde, 1 gång/tim resp 8 gånger/dygn",kod,1992-02-13T12:00:00Z,1992-02-13T13:00:00+01:00,697982400000,,0,0,G,,corrected-archive-csv
162860,Luleå-Kallax Flygplats,13,Rådande väder,"momentanvärde, 1 gång/tim resp 8 gånger/dygn",kod,1992-02-13T15:00:00Z,1992-02-13T16:00:00+01:00,697993200000,,0,0,G,,corrected-archive-csv
162860,Luleå-Kallax Flygplats,13,Rådande väder,"momentanvärde, 1 gång/tim resp 8 gånger/dygn",kod,1992-02-13T18:00:00Z,1992-02-13T19:00:00+01:00,698004000000,,0,0,G,,corrected-archive-csv
162860,Luleå-Kallax Flygplats,13,Rådande väder,"momentanvärde, 1 gång/tim resp 8 gånger/dygn",kod,1992-02-13T21:00:00Z,1992-02-13T22:00:00+01:00,698014800000,,0,0,G,,corrected-archive-csv
162860,Luleå-Kallax Flygplats,13,Rådande väder,"momentanvärde, 1 gång/tim resp 8 gånger/dygn",kod,1992-02-14T00:00:00Z,1992-02-14T01:00:00+01:00,698025600000,,0,0,G,,corrected-archive-csv
162860,Luleå-Kallax Flygplats,13,Rådande väder,"momentanvärde, 1 gång/tim resp 8 gånger/dygn",kod,1992-02-14T03:00:00Z,1992-02-14T04:00:00+01:00,698036400000,,0,0,G,,corrected-archive-csv
162860,Luleå-Kallax Flygplats,13,Rådande väder,"momentanvärde, 1 gång/tim resp 8 gånger/dygn",kod,1992-02-14T06:00:00Z,1992-02-14T07:00:00+01:00,698047200000,,0,0,G,,corrected-archive-csv
162860,Luleå-Kallax Flygplats,13,Rådande väder,"momentanvärde, 1 gång/tim resp 8 gånger/dygn",kod,1992-02-14T09:00:00Z,1992-02-14T10:00:00+01:00,698058000000,,0,0,G,,corrected-archive-csv
162860,Luleå-Kallax Flygplats,13,Rådande väder,"momentanvärde, 1 gång/tim resp 8 gånger/dygn",kod,1992-02-14T10:00:00Z,1992-02-14T11:00:00+01:00,698061600000,,72,72,Y,,corrected-archive-csv
162860,Luleå-Kallax Flygplats,13,Rådande väder,"momentanvärde, 1 gång/tim resp 8 gånger/dygn",kod,1992-02-14T11:00:00Z,1992-02-14T12:00:00+01:00,698065200000,,71,71,Y,,corrected-archive-csv
162860,Luleå-Kallax Flygplats,13,Rådande väder,"momentanvärde, 1 gång/tim resp 8 gånger/dygn",kod,1992-02-14T12:00:00Z,1992-02-14T13:00:00+01:00,698068800000,,73,73,G,,corrected-archive-csv
162860,Luleå-Kallax Flygplats,13,Rådande väder,"momentanvärde, 1 gång/tim resp 8 gånger/dygn",kod,1992-02-14T13:00:00Z,1992-02-14T14:00:00+01:00,698072400000,,73,73,Y,,corrected-archive-csv
162860,Luleå-Kallax Flygplats,13,Rådande väder,"momentanvärde, 1 gång/tim resp 8 gånger/dygn",kod,1992-02-14T14:00:00Z,1992-02-14T15:00:00+01:00,698076000000,,71,71,Y,,corrected-archive-csv
162860,Luleå-Kallax Flygplats,13,Rådande väder,"momentanvärde, 1 gång/tim resp 8 gånger/dygn",kod,1992-02-14T15:00:00Z,1992-02-14T16:00:00+01:00,698079600000,,22,22,G,,corrected-archive-csv
162860,Luleå-Kallax Flygplats,13,Rådande väder,"momentanvärde, 1 gång/tim resp 8 gånger/dygn",kod,1992-02-14T16:00:00Z,1992-02-14T17:00:00+01:00,698083200000,,1,1,Y,,corrected-archive-csv
162860,Luleå-Kallax Flygplats,13,Rådande väder,"momentanvärde, 1 gång/tim resp 8 gånger/dygn",kod,1992-02-14T17:00:00Z,1992-02-14T18:00:00+01:00,698086800000,,2,2,Y,,corrected-archive-csv
162860,Luleå-Kallax Flygplats,13,Rådande väder,"momentanvärde, 1 gång/tim resp 8 gånger/dygn",kod,1992-02-14T18:00:00Z,1992-02-14T19:00:00+01:00,698090400000,,71,71,G,,corrected-archive-csv
162860,Luleå-Kallax Flygplats,13,Rådande väder,"momentanvärde, 1 gång/tim resp 8 gånger/dygn",kod,1992-02-14T19:00:00Z,1992-02-14T20:00:00+01:00,698094000000,,73,73,Y,,corrected-archive-csv
162860,Luleå-Kallax Flygplats,13,Rådande väder,"momentanvärde, 1 gång/tim resp 8 gånger/dygn",kod,1992-02-14T20:00:00Z,1992-02-14T21:00:00+01:00,698097600000,,71,71,Y,,corrected-archive-csv
162860,Luleå-Kallax Flygplats,13,Rådande väder,"momentanvärde, 1 gång/tim resp 8 gånger/dygn",kod,1992-02-14T21:00:00Z,1992-02-14T22:00:00+01:00,698101200000,,71,71,G,,corrected-archive-csv
162860,Luleå-Kallax Flygplats,13,Rådande väder,"momentanvärde, 1 gång/tim resp 8 gånger/dygn",kod,1992-02-14T22:00:00Z,1992-02-14T23:00:00+01:00,698104800000,,71,71,Y,,corrected-archive-csv
162860,Luleå-Kallax Flygplats,13,Rådande väder,"momentanvärde, 1 gång/tim resp 8 gånger/dygn",kod,1992-02-14T23:00:00Z,1992-02-15T00:00:00+01:00,698108400000,,1,1,Y,,corrected-archive-csv
162860,Luleå-Kallax Flygplats,13,Rådande väder,"momentanvärde, 1 gång/tim resp 8 gånger/dygn",kod,1992-02-15T00:00:00Z,1992-02-15T01:00:00+01:00,698112000000,,2,2,G,,corrected-archive-csv
162860,Luleå-Kallax Flygplats,13,Rådande väder,"momentanvärde, 1 gång/tim resp 8 gånger/dygn",kod,1992-02-15T03:00:00Z,1992-02-15T04:00:00+01:00,698122800000,,0,0,G,,corrected-archive-csv
162860,Luleå-Kallax Flygplats,13,Rådande väder,"momentanvärde, 1 gång/tim resp 8 gånger/dygn",kod,1992-02-15T04:00:00Z,1992-02-15T05:00:00+01:00,698126400000,,71,71,Y,,corrected-archive-csv
162860,Luleå-Kallax Flygplats,13,Rådande väder,"momentanvärde, 1 gång/tim resp 8 gånger/dygn",kod,1992-02-15T05:00:00Z,1992-02-15T06:00:00+01:00,698130000000,,22,22,Y,,corrected-archive-csv
162860,Luleå-Kallax Flygplats,13,Rådande väder,"momentanvärde, 1 gång/tim resp 8 gånger/dygn",kod,1992-02-15T06:00:00Z,1992-02-15T07:00:00+01:00,698133600000,,22,22,G,,corrected-archive-csv
162860,Luleå-Kallax Flygplats,13,Rådande väder,"momentanvärde, 1 gång/tim resp 8 gånger/dygn",kod,1992-02-15T09:00:00Z,1992-02-15T10:00:00+01:00,698144400000,,0,0,G,,corrected-archive-csv
162860,Luleå-Kallax Flygplats,13,Rådande väder,"momentanvärde, 1 gång/tim resp 8 gånger/dygn",kod,1992-02-15T12:00:00Z,1992-02-15T13:00:00+01:00,698155200000,,0,0,G,,corrected-archive-csv
162860,Luleå-Kallax Flygplats,13,Rådande väder,"momentanvärde, 1 gång/tim resp 8 gånger/dygn",kod,1992-02-15T15:00:00Z,1992-02-15T16:00:00+01:00,698166000000,,0,0,G,,corrected-archive-csv
162860,Luleå-Kallax Flygplats,13,Rådande väder,"momentanvärde, 1 gång/tim resp 8 gånger/dygn",kod,1992-02-15T18:00:00Z,1992-02-15T19:00:00+01:00,698176800000,,0,0,G,,corrected-archive-csv
162860,Luleå-Kallax Flygplats,13,Rådande väder,"momentanvärde, 1 gång/tim resp 8 gånger/dygn",kod,1992-02-15T21:00:00Z,1992-02-15T22:00:00+01:00,698187600000,,0,0,G,,corrected-archive-csv
162860,Luleå-Kallax Flygplats,13,Rådande väder,"momentanvärde, 1 gång/tim resp 8 gånger/dygn",kod,1992-02-16T00:00:00Z,1992-02-16T01:00:00+01:00,698198400000,,0,0,G,,corrected-archive-csv
162860,Luleå-Kallax Flygplats,13,Rådande väder,"momentanvärde, 1 gång/tim resp 8 gånger/dygn",kod,1992-02-16T03:00:00Z,1992-02-16T04:00:00+01:00,698209200000,,0,0,G,,corrected-archive-csv
162860,Luleå-Kallax Flygplats,13,Rådande väder,"momentanvärde, 1 gång/tim resp 8 gånger/dygn",kod,1992-02-16T06:00:00Z,1992-02-16T07:00:00+01:00,698220000000,,0,0,G,,corrected-archive-csv
162860,Luleå-Kallax Flygplats,13,Rådande väder,"momentanvärde, 1 gång/tim resp 8 gånger/dygn",kod,1992-02-16T09:00:00Z,1992-02-16T10:00:00+01:00,698230800000,,0,0,G,,corrected-archive-csv
162860,Luleå-Kallax Flygplats,13,Rådande väder,"momentanvärde, 1 gång/tim resp 8 gånger/dygn",kod,1992-02-16T12:00:00Z,1992-02-16T13:00:00+01:00,698241600000,,0,0,G,,corrected-archive-csv
162860,Luleå-Kallax Flygplats,13,Rådande väder,"momentanvärde, 1 gång/tim resp 8 gånger/dygn",kod,1992-02-16T15:00:00Z,1992-02-16T16:00:00+01:00,698252400000,,0,0,G,,corrected-archive-csv
162860,Luleå-Kallax Flygplats,13,Rådande väder,"momentanvärde, 1 gång/tim resp 8 gånger/dygn",kod,1992-02-16T18:00:00Z,1992-02-16T19:00:00+01:00,698263200000,,0,0,G,,corrected-archive-csv
162860,Luleå-Kallax Flygplats,13,Rådande väder,"momentanvärde, 1 gång/tim resp 8 gånger/dygn",kod,1992-02-16T21:00:00Z,1992-02-16T22:00:00+01:00,698274000000,,0,0,G,,corrected-archive-csv
162860,Luleå-Kallax Flygplats,13,Rådande väder,"momentanvärde, 1 gång/tim resp 8 gånger/dygn",kod,1992-02-17T00:00:00Z,1992-02-17T01:00:00+01:00,698284800000,,0,0,G,,corrected-archive-csv
162860,Luleå-Kallax Flygplats,13,Rådande väder,"momentanvärde, 1 gång/tim resp 8 gånger/dygn",kod,1992-02-17T03:00:00Z,1992-02-17T04:00:00+01:00,698295600000,,0,0,G,,corrected-archive-csv
162860,Luleå-Kallax Flygplats,13,Rådande väder,"momentanvärde, 1 gång/tim resp 8 gånger/dygn",kod,1992-02-17T06:00:00Z,1992-02-17T07:00:00+01:00,698306400000,,0,0,G,,corrected-archive-csv
162860,Luleå-Kallax Flygplats,13,Rådande väder,"momentanvärde, 1 gång/tim resp 8 gånger/dygn",kod,1992-02-17T09:00:00Z,1992-02-17T10:00:00+01:00,698317200000,,0,0,G,,corrected-archive-csv
162860,Luleå-Kallax Flygplats,13,Rådande väder,"momentanvärde, 1 gång/tim resp 8 gånger/dygn",kod,1992-02-17T12:00:00Z,1992-02-17T13:00:00+01:00,698328000000,,0,0,G,,corrected-archive-csv
162860,Luleå-Kallax Flygplats,13,Rådande väder,"momentanvärde, 1 gång/tim resp 8 gånger/dygn",kod,1992-02-17T15:00:00Z,1992-02-17T16:00:00+01:00,698338800000,,0,0,G,,corrected-archive-csv
162860,Luleå-Kallax Flygplats,13,Rådande väder,"momentanvärde, 1 gång/tim resp 8 gånger/dygn",kod,1992-02-17T18:00:00Z,1992-02-17T19:00:00+01:00,698349600000,,0,0,G,,corrected-archive-csv
162860,Luleå-Kallax Flygplats,13,Rådande väder,"momentanvärde, 1 gång/tim resp 8 gånger/dygn",kod,1992-02-17T21:00:00Z,1992-02-17T22:00:00+01:00,698360400000,,0,0,G,,corrected-archive-csv
162860,Luleå-Kallax Flygplats,13,Rådande väder,"momentanvärde, 1 gång/tim resp 8 gånger/dygn",kod,1992-02-18T00:00:00Z,1992-02-18T01:00:00+01:00,698371200000,,0,0,G,,corrected-archive-csv
162860,Luleå-Kallax Flygplats,13,Rådande väder,"momentanvärde, 1 gång/tim resp 8 gånger/dygn",kod,1992-02-18T03:00:00Z,1992-02-18T04:00:00+01:00,698382000000,,0,0,G,,corrected-archive-csv
162860,Luleå-Kallax Flygplats,13,Rådande väder,"momentanvärde, 1 gång/tim resp 8 gånger/dygn",kod,1992-02-18T06:00:00Z,1992-02-18T07:00:00+01:00,698392800000,,0,0,G,,corrected-archive-csv
162860,Luleå-Kallax Flygplats,13,Rådande väder,"momentanvärde, 1 gång/tim resp 8 gånger/dygn",kod,1992-02-18T07:00:00Z,1992-02-18T08:00:00+01:00,698396400000,,22,22,Y,,corrected-archive-csv
162860,Luleå-Kallax Flygplats,13,Rådande väder,"momentanvärde, 1 gång/tim resp 8 gånger/dygn",kod,1992-02-18T08:00:00Z,1992-02-18T09:00:00+01:00,698400000000,,85,85,Y,,corrected-archive-csv
162860,Luleå-Kallax Flygplats,13,Rådande väder,"momentanvärde, 1 gång/tim resp 8 gånger/dygn",kod,1992-02-18T09:00:00Z,1992-02-18T10:00:00+01:00,698403600000,,1,1,G,,corrected-archive-csv
162860,Luleå-Kallax Flygplats,13,Rådande väder,"momentanvärde, 1 gång/tim resp 8 gånger/dygn",kod,1992-02-18T10:00:00Z,1992-02-18T11:00:00+01:00,698407200000,,1,1,Y,,corrected-archive-csv
162860,Luleå-Kallax Flygplats,13,Rådande väder,"momentanvärde, 1 gång/tim resp 8 gånger/dygn",kod,1992-02-18T11:00:00Z,1992-02-18T12:00:00+01:00,698410800000,,1,1,Y,,corrected-archive-csv
162860,Luleå-Kallax Flygplats,13,Rådande väder,"momentanvärde, 1 gång/tim resp 8 gånger/dygn",kod,1992-02-18T12:00:00Z,1992-02-18T13:00:00+01:00,698414400000,,1,1,G,,corrected-archive-csv
162860,Luleå-Kallax Flygplats,13,Rådande väder,"momentanvärde, 1 gång/tim resp 8 gånger/dygn",kod,1992-02-18T18:00:00Z,1992-02-18T19:00:00+01:00,698436000000,,0,0,G,,corrected-archive-csv
162860,Luleå-Kallax Flygplats,13,Rådande väder,"momentanvärde, 1 gång/tim resp 8 gånger/dygn",kod,1992-02-18T21:00:00Z,1992-02-18T22:00:00+01:00,698446800000,,0,0,G,,corrected-archive-csv
162860,Luleå-Kallax Flygplats,13,Rådande väder,"momentanvärde, 1 gång/tim resp 8 gånger/dygn",kod,1992-02-19T00:00:00Z,1992-02-19T01:00:00+01:00,698457600000,,0,0,G,,corrected-archive-csv
162860,Luleå-Kallax Flygplats,13,Rådande väder,"momentanvärde, 1 gång/tim resp 8 gånger/dygn",kod,1992-02-19T03:00:00Z,1992-02-19T04:00:00+01:00,698468400000,,0,0,G,,corrected-archive-csv
162860,Luleå-Kallax Flygplats,13,Rådande väder,"momentanvärde, 1 gång/tim resp 8 gånger/dygn",kod,1992-02-19T06:00:00Z,1992-02-19T07:00:00+01:00,698479200000,,0,0,G,,corrected-archive-csv
162860,Luleå-Kallax Flygplats,13,Rådande väder,"momentanvärde, 1 gång/tim resp 8 gånger/dygn",kod,1992-02-19T09:00:00Z,1992-02-19T10:00:00+01:00,698490000000,,0,0,G,,corrected-archive-csv
162860,Luleå-Kallax Flygplats,13,Rådande väder,"momentanvärde, 1 gång/tim resp 8 gånger/dygn",kod,1992-02-19T12:00:00Z,1992-02-19T13:00:00+01:00,698500800000,,22,22,G,,corrected-archive-csv
162860,Luleå-Kallax Flygplats,13,Rådande väder,"momentanvärde, 1 gång/tim resp 8 gånger/dygn",kod,1992-02-19T13:00:00Z,1992-02-19T14:00:00+01:00,698504400000,,22,22,Y,,corrected-archive-csv
162860,Luleå-Kallax Flygplats,13,Rådande väder,"momentanvärde, 1 gång/tim resp 8 gånger/dygn",kod,1992-02-19T14:00:00Z,1992-02-19T15:00:00+01:00,698508000000,,22,22,Y,,corrected-archive-csv
162860,Luleå-Kallax Flygplats,13,Rådande väder,"momentanvärde, 1 gång/tim resp 8 gånger/dygn",kod,1992-02-19T15:00:00Z,1992-02-19T16:00:00+01:00,698511600000,,22,22,G,,corrected-archive-csv
162860,Luleå-Kallax Flygplats,13,Rådande väder,"momentanvärde, 1 gång/tim resp 8 gånger/dygn",kod,1992-02-19T16:00:00Z,1992-02-19T17:00:00+01:00,698515200000,,71,71,Y,,corrected-archive-csv
162860,Luleå-Kallax Flygplats,13,Rådande väder,"momentanvärde, 1 gång/tim resp 8 gånger/dygn",kod,1992-02-19T17:00:00Z,1992-02-19T18:00:00+01:00,698518800000,,70,70,Y,,corrected-archive-csv
162860,Luleå-Kallax Flygplats,13,Rådande väder,"momentanvärde, 1 gång/tim resp 8 gånger/dygn",kod,1992-02-19T18:00:00Z,1992-02-19T19:00:00+01:00,698522400000,,22,22,G,,corrected-archive-csv
162860,Luleå-Kallax Flygplats,13,Rådande väder,"momentanvärde, 1 gång/tim resp 8 gånger/dygn",kod,1992-02-19T19:00:00Z,1992-02-19T20:00:00+01:00,698526000000,,70,70,Y,,corrected-archive-csv
162860,Luleå-Kallax Flygplats,13,Rådande väder,"momentanvärde, 1 gång/tim resp 8 gånger/dygn",kod,1992-02-19T20:00:00Z,1992-02-19T21:00:00+01:00,698529600000,,22,22,Y,,corrected-archive-csv
162860,Luleå-Kallax Flygplats,13,Rådande väder,"momentanvärde, 1 gång/tim resp 8 gånger/dygn",kod,1992-02-19T21:00:00Z,1992-02-19T22:00:00+01:00,698533200000,,22,22,G,,corrected-archive-csv
162860,Luleå-Kallax Flygplats,13,Rådande väder,"momentanvärde, 1 gång/tim resp 8 gånger/dygn",kod,1992-02-19T22:00:00Z,1992-02-19T23:00:00+01:00,698536800000,,22,22,Y,,corrected-archive-csv
162860,Luleå-Kallax Flygplats,13,Rådande väder,"momentanvärde, 1 gång/tim resp 8 gånger/dygn",kod,1992-02-19T23:00:00Z,1992-02-20T00:00:00+01:00,698540400000,,22,22,Y,,corrected-archive-csv
162860,Luleå-Kallax Flygplats,13,Rådande väder,"momentanvärde, 1 gång/tim resp 8 gånger/dygn",kod,1992-02-20T00:00:00Z,1992-02-20T01:00:00+01:00,698544000000,,0,0,G,,corrected-archive-csv
162860,Luleå-Kallax Flygplats,13,Rådande väder,"momentanvärde, 1 gång/tim resp 8 gånger/dygn",kod,1992-02-20T03:00:00Z,1992-02-20T04:00:00+01:00,698554800000,,0,0,G,,corrected-archive-csv
162860,Luleå-Kallax Flygplats,13,Rådande väder,"momentanvärde, 1 gång/tim resp 8 gånger/dygn",kod,1992-02-20T06:00:00Z,1992-02-20T07:00:00+01:00,698565600000,,0,0,G,,corrected-archive-csv
162860,Luleå-Kallax Flygplats,13,Rådande väder,"momentanvärde, 1 gång/tim resp 8 gånger/dygn",kod,1992-02-20T09:00:00Z,1992-02-20T10:00:00+01:00,698576400000,,0,0,G,,corrected-archive-csv
162860,Luleå-Kallax Flygplats,13,Rådande väder,"momentanvärde, 1 gång/tim resp 8 gånger/dygn",kod,1992-02-20T12:00:00Z,1992-02-20T13:00:00+01:00,698587200000,,0,0,G,,corrected-archive-csv
162860,Luleå-Kallax Flygplats,13,Rådande väder,"momentanvärde, 1 gång/tim resp 8 gånger/dygn",kod,1992-02-20T14:00:00Z,1992-02-20T15:00:00+01:00,698594400000,,26,26,Y,,corrected-archive-csv
162860,Luleå-Kallax Flygplats,13,Rådande väder,"momentanvärde, 1 gång/tim resp 8 gånger/dygn",kod,1992-02-20T15:00:00Z,1992-02-20T16:00:00+01:00,698598000000,,1,1,G,,corrected-archive-csv
162860,Luleå-Kallax Flygplats,13,Rådande väder,"momentanvärde, 1 gång/tim resp 8 gånger/dygn",kod,1992-02-20T16:00:00Z,1992-02-20T17:00:00+01:00,698601600000,,2,2,Y,,corrected-archive-csv
162860,Luleå-Kallax Flygplats,13,Rådande väder,"momentanvärde, 1 gång/tim resp 8 gånger/dygn",kod,1992-02-20T17:00:00Z,1992-02-20T18:00:00+01:00,698605200000,,71,71,Y,,corrected-archive-csv
162860,Luleå-Kallax Flygplats,13,Rådande väder,"momentanvärde, 1 gång/tim resp 8 gånger/dygn",kod,1992-02-20T18:00:00Z,1992-02-20T19:00:00+01:00,698608800000,,71,71,G,,corrected-archive-csv
162860,Luleå-Kallax Flygplats,13,Rådande väder,"momentanvärde, 1 gång/tim resp 8 gånger/dygn",kod,1992-02-20T19:00:00Z,1992-02-20T20:00:00+01:00,698612400000,,22,22,Y,,corrected-archive-csv
162860,Luleå-Kallax Flygplats,13,Rådande väder,"momentanvärde, 1 gång/tim resp 8 gånger/dygn",kod,1992-02-20T20:00:00Z,1992-02-20T21:00:00+01:00,698616000000,,71,71,Y,,corrected-archive-csv
162860,Luleå-Kallax Flygplats,13,Rådande väder,"momentanvärde, 1 gång/tim resp 8 gånger/dygn",kod,1992-02-20T21:00:00Z,1992-02-20T22:00:00+01:00,698619600000,,22,22,G,,corrected-archive-csv
162860,Luleå-Kallax Flygplats,13,Rådande väder,"momentanvärde, 1 gång/tim resp 8 gånger/dygn",kod,1992-02-20T22:00:00Z,1992-02-20T23:00:00+01:00,698623200000,,22,22,Y,,corrected-archive-csv
162860,Luleå-Kallax Flygplats,13,Rådande väder,"momentanvärde, 1 gång/tim resp 8 gånger/dygn",kod,1992-02-20T23:00:00Z,1992-02-21T00:00:00+01:00,698626800000,,1,1,Y,,corrected-archive-csv
162860,Luleå-Kallax Flygplats,13,Rådande väder,"momentanvärde, 1 gång/tim resp 8 gånger/dygn",kod,1992-02-21T00:00:00Z,1992-02-21T01:00:00+01:00,698630400000,,2,2,G,,corrected-archive-csv
162860,Luleå-Kallax Flygplats,13,Rådande väder,"momentanvärde, 1 gång/tim resp 8 gånger/dygn",kod,1992-02-21T03:00:00Z,1992-02-21T04:00:00+01:00,698641200000,,71,71,G,,corrected-archive-csv
162860,Luleå-Kallax Flygplats,13,Rådande väder,"momentanvärde, 1 gång/tim resp 8 gånger/dygn",kod,1992-02-21T04:00:00Z,1992-02-21T05:00:00+01:00,698644800000,,22,22,Y,,corrected-archive-csv
162860,Luleå-Kallax Flygplats,13,Rådande väder,"momentanvärde, 1 gång/tim resp 8 gånger/dygn",kod,1992-02-21T05:00:00Z,1992-02-21T06:00:00+01:00,698648400000,,20,20,Y,,corrected-archive-csv
162860,Luleå-Kallax Flygplats,13,Rådande väder,"momentanvärde, 1 gång/tim resp 8 gånger/dygn",kod,1992-02-21T06:00:00Z,1992-02-21T07:00:00+01:00,698652000000,,20,20,G,,corrected-archive-csv
162860,Luleå-Kallax Flygplats,13,Rådande väder,"momentanvärde, 1 gång/tim resp 8 gånger/dygn",kod,1992-02-21T07:00:00Z,1992-02-21T08:00:00+01:00,698655600000,,71,71,Y,,corrected-archive-csv
162860,Luleå-Kallax Flygplats,13,Rådande väder,"momentanvärde, 1 gång/tim resp 8 gånger/dygn",kod,1992-02-21T08:00:00Z,1992-02-21T09:00:00+01:00,698659200000,,71,71,Y,,corrected-archive-csv
162860,Luleå-Kallax Flygplats,13,Rådande väder,"momentanvärde, 1 gång/tim resp 8 gånger/dygn",kod,1992-02-21T09:00:00Z,1992-02-21T10:00:00+01:00,698662800000,,71,71,G,,corrected-archive-csv
162860,Luleå-Kallax Flygplats,13,Rådande väder,"momentanvärde, 1 gång/tim resp 8 gånger/dygn",kod,1992-02-21T10:00:00Z,1992-02-21T11:00:00+01:00,698666400000,,71,71,Y,,corrected-archive-csv
162860,Luleå-Kallax Flygplats,13,Rådande väder,"momentanvärde, 1 gång/tim resp 8 gånger/dygn",kod,1992-02-21T11:00:00Z,1992-02-21T12:00:00+01:00,698670000000,,2,2,Y,,corrected-archive-csv
162860,Luleå-Kallax Flygplats,13,Rådande väder,"momentanvärde, 1 gång/tim resp 8 gånger/dygn",kod,1992-02-21T12:00:00Z,1992-02-21T13:00:00+01:00,698673600000,,2,2,G,,corrected-archive-csv
162860,Luleå-Kallax Flygplats,13,Rådande väder,"momentanvärde, 1 gång/tim resp 8 gånger/dygn",kod,1992-02-21T15:00:00Z,1992-02-21T16:00:00+01:00,698684400000,,0,0,G,,corrected-archive-csv
162860,Luleå-Kallax Flygplats,13,Rådande väder,"momentanvärde, 1 gång/tim resp 8 gånger/dygn",kod,1992-02-21T18:00:00Z,1992-02-21T19:00:00+01:00,698695200000,,0,0,G,,corrected-archive-csv
162860,Luleå-Kallax Flygplats,13,Rådande väder,"momentanvärde, 1 gång/tim resp 8 gånger/dygn",kod,1992-02-21T21:00:00Z,1992-02-21T22:00:00+01:00,698706000000,,0,0,G,,corrected-archive-csv
162860,Luleå-Kallax Flygplats,13,Rådande väder,"momentanvärde, 1 gång/tim resp 8 gånger/dygn",kod,1992-02-22T00:00:00Z,1992-02-22T01:00:00+01:00,698716800000,,0,0,G,,corrected-archive-csv
162860,Luleå-Kallax Flygplats,13,Rådande väder,"momentanvärde, 1 gång/tim resp 8 gånger/dygn",kod,1992-02-22T03:00:00Z,1992-02-22T04:00:00+01:00,698727600000,,0,0,G,,corrected-archive-csv
162860,Luleå-Kallax Flygplats,13,Rådande väder,"momentanvärde, 1 gång/tim resp 8 gånger/dygn",kod,1992-02-22T06:00:00Z,1992-02-22T07:00:00+01:00,698738400000,,0,0,G,,corrected-archive-csv
162860,Luleå-Kallax Flygplats,13,Rådande väder,"momentanvärde, 1 gång/tim resp 8 gånger/dygn",kod,1992-02-22T09:00:00Z,1992-02-22T10:00:00+01:00,698749200000,,0,0,G,,corrected-archive-csv
162860,Luleå-Kallax Flygplats,13,Rådande väder,"momentanvärde, 1 gång/tim resp 8 gånger/dygn",kod,1992-02-22T12:00:00Z,1992-02-22T13:00:00+01:00,698760000000,,0,0,G,,corrected-archive-csv
162860,Luleå-Kallax Flygplats,13,Rådande väder,"momentanvärde, 1 gång/tim resp 8 gånger/dygn",kod,1992-02-22T13:00:00Z,1992-02-22T14:00:00+01:00,698763600000,,36,36,Y,,corrected-archive-csv
162860,Luleå-Kallax Flygplats,13,Rådande väder,"momentanvärde, 1 gång/tim resp 8 gånger/dygn",kod,1992-02-22T14:00:00Z,1992-02-22T15:00:00+01:00,698767200000,,36,36,Y,,corrected-archive-csv
162860,Luleå-Kallax Flygplats,13,Rådande väder,"momentanvärde, 1 gång/tim resp 8 gånger/dygn",kod,1992-02-22T15:00:00Z,1992-02-22T16:00:00+01:00,698770800000,,36,36,G,,corrected-archive-csv
162860,Luleå-Kallax Flygplats,13,Rådande väder,"momentanvärde, 1 gång/tim resp 8 gånger/dygn",kod,1992-02-22T16:00:00Z,1992-02-22T17:00:00+01:00,698774400000,,36,36,Y,,corrected-archive-csv
162860,Luleå-Kallax Flygplats,13,Rådande väder,"momentanvärde, 1 gång/tim resp 8 gånger/dygn",kod,1992-02-22T17:00:00Z,1992-02-22T18:00:00+01:00,698778000000,,71,71,Y,,corrected-archive-csv
162860,Luleå-Kallax Flygplats,13,Rådande väder,"momentanvärde, 1 gång/tim resp 8 gånger/dygn",kod,1992-02-22T18:00:00Z,1992-02-22T19:00:00+01:00,698781600000,,73,73,G,,corrected-archive-csv
162860,Luleå-Kallax Flygplats,13,Rådande väder,"momentanvärde, 1 gång/tim resp 8 gånger/dygn",kod,1992-02-22T19:00:00Z,1992-02-22T20:00:00+01:00,698785200000,,71,71,Y,,corrected-archive-csv
162860,Luleå-Kallax Flygplats,13,Rådande väder,"momentanvärde, 1 gång/tim resp 8 gånger/dygn",kod,1992-02-22T20:00:00Z,1992-02-22T21:00:00+01:00,698788800000,,22,22,Y,,corrected-archive-csv
162860,Luleå-Kallax Flygplats,13,Rådande väder,"momentanvärde, 1 gång/tim resp 8 gånger/dygn",kod,1992-02-22T21:00:00Z,1992-02-22T22:00:00+01:00,698792400000,,1,1,G,,corrected-archive-csv
162860,Luleå-Kallax Flygplats,13,Rådande väder,"momentanvärde, 1 gång/tim resp 8 gånger/dygn",kod,1992-02-22T22:00:00Z,1992-02-22T23:00:00+01:00,698796000000,,1,1,Y,,corrected-archive-csv
162860,Luleå-Kallax Flygplats,13,Rådande väder,"momentanvärde, 1 gång/tim resp 8 gånger/dygn",kod,1992-02-23T00:00:00Z,1992-02-23T01:00:00+01:00,698803200000,,1,1,G,,corrected-archive-csv
162860,Luleå-Kallax Flygplats,13,Rådande väder,"momentanvärde, 1 gång/tim resp 8 gånger/dygn",kod,1992-02-23T03:00:00Z,1992-02-23T04:00:00+01:00,698814000000,,0,0,G,,corrected-archive-csv
162860,Luleå-Kallax Flygplats,13,Rådande väder,"momentanvärde, 1 gång/tim resp 8 gånger/dygn",kod,1992-02-23T06:00:00Z,1992-02-23T07:00:00+01:00,698824800000,,40,40,G,,corrected-archive-csv
162860,Luleå-Kallax Flygplats,13,Rådande väder,"momentanvärde, 1 gång/tim resp 8 gånger/dygn",kod,1992-02-23T07:00:00Z,1992-02-23T08:00:00+01:00,698828400000,,40,40,Y,,corrected-archive-csv
162860,Luleå-Kallax Flygplats,13,Rådande väder,"momentanvärde, 1 gång/tim resp 8 gånger/dygn",kod,1992-02-23T08:00:00Z,1992-02-23T09:00:00+01:00,698832000000,,40,40,Y,,corrected-archive-csv
162860,Luleå-Kallax Flygplats,13,Rådande väder,"momentanvärde, 1 gång/tim resp 8 gånger/dygn",kod,1992-02-23T09:00:00Z,1992-02-23T10:00:00+01:00,698835600000,,40,40,G,,corrected-archive-csv
162860,Luleå-Kallax Flygplats,13,Rådande väder,"momentanvärde, 1 gång/tim resp 8 gånger/dygn",kod,1992-02-23T10:00:00Z,1992-02-23T11:00:00+01:00,698839200000,,2,2,Y,,corrected-archive-csv
162860,Luleå-Kallax Flygplats,13,Rådande väder,"momentanvärde, 1 gång/tim resp 8 gånger/dygn",kod,1992-02-23T11:00:00Z,1992-02-23T12:00:00+01:00,698842800000,,2,2,Y,,corrected-archive-csv
162860,Luleå-Kallax Flygplats,13,Rådande väder,"momentanvärde, 1 gång/tim resp 8 gånger/dygn",kod,1992-02-23T12:00:00Z,1992-02-23T13:00:00+01:00,698846400000,,0,0,G,,corrected-archive-csv
162860,Luleå-Kallax Flygplats,13,Rådande väder,"momentanvärde, 1 gång/tim resp 8 gånger/dygn",kod,1992-02-23T15:00:00Z,1992-02-23T16:00:00+01:00,698857200000,,0,0,G,,corrected-archive-csv
162860,Luleå-Kallax Flygplats,13,Rådande väder,"momentanvärde, 1 gång/tim resp 8 gånger/dygn",kod,1992-02-23T18:00:00Z,1992-02-23T19:00:00+01:00,698868000000,,0,0,G,,corrected-archive-csv
162860,Luleå-Kallax Flygplats,13,Rådande väder,"momentanvärde, 1 gång/tim resp 8 gånger/dygn",kod,1992-02-23T21:00:00Z,1992-02-23T22:00:00+01:00,698878800000,,0,0,G,,corrected-archive-csv
162860,Luleå-Kallax Flygplats,13,Rådande väder,"momentanvärde, 1 gång/tim resp 8 gånger/dygn",kod,1992-02-24T00:00:00Z,1992-02-24T01:00:00+01:00,698889600000,,0,0,G,,corrected-archive-csv
162860,Luleå-Kallax Flygplats,13,Rådande väder,"momentanvärde, 1 gång/tim resp 8 gånger/dygn",kod,1992-02-24T03:00:00Z,1992-02-24T04:00:00+01:00,698900400000,,0,0,G,,corrected-archive-csv
162860,Luleå-Kallax Flygplats,13,Rådande väder,"momentanvärde, 1 gång/tim resp 8 gånger/dygn",kod,1992-02-24T06:00:00Z,1992-02-24T07:00:00+01:00,698911200000,,0,0,G,,corrected-archive-csv
162860,Luleå-Kallax Flygplats,13,Rådande väder,"momentanvärde, 1 gång/tim resp 8 gånger/dygn",kod,1992-02-24T09:00:00Z,1992-02-24T10:00:00+01:00,698922000000,,0,0,G,,corrected-archive-csv
162860,Luleå-Kallax Flygplats,13,Rådande väder,"momentanvärde, 1 gång/tim resp 8 gånger/dygn",kod,1992-02-24T12:00:00Z,1992-02-24T13:00:00+01:00,698932800000,,0,0,G,,corrected-archive-csv
162860,Luleå-Kallax Flygplats,13,Rådande väder,"momentanvärde, 1 gång/tim resp 8 gånger/dygn",kod,1992-02-24T15:00:00Z,1992-02-24T16:00:00+01:00,698943600000,,0,0,G,,corrected-archive-csv
162860,Luleå-Kallax Flygplats,13,Rådande väder,"momentanvärde, 1 gång/tim resp 8 gånger/dygn",kod,1992-02-24T18:00:00Z,1992-02-24T19:00:00+01:00,698954400000,,0,0,G,,corrected-archive-csv
162860,Luleå-Kallax Flygplats,13,Rådande väder,"momentanvärde, 1 gång/tim resp 8 gånger/dygn",kod,1992-02-24T21:00:00Z,1992-02-24T22:00:00+01:00,698965200000,,0,0,G,,corrected-archive-csv
162860,Luleå-Kallax Flygplats,13,Rådande väder,"momentanvärde, 1 gång/tim resp 8 gånger/dygn",kod,1992-02-25T00:00:00Z,1992-02-25T01:00:00+01:00,698976000000,,0,0,G,,corrected-archive-csv
162860,Luleå-Kallax Flygplats,13,Rådande väder,"momentanvärde, 1 gång/tim resp 8 gånger/dygn",kod,1992-02-25T03:00:00Z,1992-02-25T04:00:00+01:00,698986800000,,0,0,G,,corrected-archive-csv
162860,Luleå-Kallax Flygplats,13,Rådande väder,"momentanvärde, 1 gång/tim resp 8 gånger/dygn",kod,1992-02-25T06:00:00Z,1992-02-25T07:00:00+01:00,698997600000,,0,0,G,,corrected-archive-csv
162860,Luleå-Kallax Flygplats,13,Rådande väder,"momentanvärde, 1 gång/tim resp 8 gånger/dygn",kod,1992-02-25T09:00:00Z,1992-02-25T10:00:00+01:00,699008400000,,0,0,G,,corrected-archive-csv
162860,Luleå-Kallax Flygplats,13,Rådande väder,"momentanvärde, 1 gång/tim resp 8 gånger/dygn",kod,1992-02-25T12:00:00Z,1992-02-25T13:00:00+01:00,699019200000,,0,0,G,,corrected-archive-csv
162860,Luleå-Kallax Flygplats,13,Rådande väder,"momentanvärde, 1 gång/tim resp 8 gånger/dygn",kod,1992-02-25T15:00:00Z,1992-02-25T16:00:00+01:00,699030000000,,0,0,G,,corrected-archive-csv
162860,Luleå-Kallax Flygplats,13,Rådande väder,"momentanvärde, 1 gång/tim resp 8 gånger/dygn",kod,1992-02-25T18:00:00Z,1992-02-25T19:00:00+01:00,699040800000,,0,0,G,,corrected-archive-csv
162860,Luleå-Kallax Flygplats,13,Rådande väder,"momentanvärde, 1 gång/tim resp 8 gånger/dygn",kod,1992-02-25T21:00:00Z,1992-02-25T22:00:00+01:00,699051600000,,0,0,G,,corrected-archive-csv
162860,Luleå-Kallax Flygplats,13,Rådande väder,"momentanvärde, 1 gång/tim resp 8 gånger/dygn",kod,1992-02-26T00:00:00Z,1992-02-26T01:00:00+01:00,699062400000,,0,0,G,,corrected-archive-csv
162860,Luleå-Kallax Flygplats,13,Rådande väder,"momentanvärde, 1 gång/tim resp 8 gånger/dygn",kod,1992-02-26T03:00:00Z,1992-02-26T04:00:00+01:00,699073200000,,0,0,G,,corrected-archive-csv
162860,Luleå-Kallax Flygplats,13,Rådande väder,"momentanvärde, 1 gång/tim resp 8 gånger/dygn",kod,1992-02-26T06:00:00Z,1992-02-26T07:00:00+01:00,699084000000,,0,0,G,,corrected-archive-csv
162860,Luleå-Kallax Flygplats,13,Rådande väder,"momentanvärde, 1 gång/tim resp 8 gånger/dygn",kod,1992-02-26T09:00:00Z,1992-02-26T10:00:00+01:00,699094800000,,0,0,G,,corrected-archive-csv
162860,Luleå-Kallax Flygplats,13,Rådande väder,"momentanvärde, 1 gång/tim resp 8 gånger/dygn",kod,1992-02-26T12:00:00Z,1992-02-26T13:00:00+01:00,699105600000,,0,0,G,,corrected-archive-csv
162860,Luleå-Kallax Flygplats,13,Rådande väder,"momentanvärde, 1 gång/tim resp 8 gånger/dygn",kod,1992-02-26T15:00:00Z,1992-02-26T16:00:00+01:00,699116400000,,0,0,G,,corrected-archive-csv
162860,Luleå-Kallax Flygplats,13,Rådande väder,"momentanvärde, 1 gång/tim resp 8 gånger/dygn",kod,1992-02-26T18:00:00Z,1992-02-26T19:00:00+01:00,699127200000,,0,0,G,,corrected-archive-csv
162860,Luleå-Kallax Flygplats,13,Rådande väder,"momentanvärde, 1 gång/tim resp 8 gånger/dygn",kod,1992-02-26T21:00:00Z,1992-02-26T22:00:00+01:00,699138000000,,0,0,G,,corrected-archive-csv
162860,Luleå-Kallax Flygplats,13,Rådande väder,"momentanvärde, 1 gång/tim resp 8 gånger/dygn",kod,1992-02-27T00:00:00Z,1992-02-27T01:00:00+01:00,699148800000,,0,0,G,,corrected-archive-csv
162860,Luleå-Kallax Flygplats,13,Rådande väder,"momentanvärde, 1 gång/tim resp 8 gånger/dygn",kod,1992-02-27T03:00:00Z,1992-02-27T04:00:00+01:00,699159600000,,0,0,G,,corrected-archive-csv
162860,Luleå-Kallax Flygplats,13,Rådande väder,"momentanvärde, 1 gång/tim resp 8 gånger/dygn",kod,1992-02-27T04:00:00Z,1992-02-27T05:00:00+01:00,699163200000,,12,12,Y,,corrected-archive-csv
162860,Luleå-Kallax Flygplats,13,Rådande väder,"momentanvärde, 1 gång/tim resp 8 gånger/dygn",kod,1992-02-27T05:00:00Z,1992-02-27T06:00:00+01:00,699166800000,,49,49,Y,,corrected-archive-csv
162860,Luleå-Kallax Flygplats,13,Rådande väder,"momentanvärde, 1 gång/tim resp 8 gånger/dygn",kod,1992-02-27T06:00:00Z,1992-02-27T07:00:00+01:00,699170400000,,49,49,G,,corrected-archive-csv
162860,Luleå-Kallax Flygplats,13,Rådande väder,"momentanvärde, 1 gång/tim resp 8 gånger/dygn",kod,1992-02-27T07:00:00Z,1992-02-27T08:00:00+01:00,699174000000,,10,10,Y,,corrected-archive-csv
162860,Luleå-Kallax Flygplats,13,Rådande väder,"momentanvärde, 1 gång/tim resp 8 gånger/dygn",kod,1992-02-27T08:00:00Z,1992-02-27T09:00:00+01:00,699177600000,,10,10,Y,,corrected-archive-csv
162860,Luleå-Kallax Flygplats,13,Rådande väder,"momentanvärde, 1 gång/tim resp 8 gånger/dygn",kod,1992-02-27T09:00:00Z,1992-02-27T10:00:00+01:00,699181200000,,85,85,G,,corrected-archive-csv
162860,Luleå-Kallax Flygplats,13,Rådande väder,"momentanvärde, 1 gång/tim resp 8 gånger/dygn",kod,1992-02-27T10:00:00Z,1992-02-27T11:00:00+01:00,699184800000,,26,26,Y,,corrected-archive-csv
162860,Luleå-Kallax Flygplats,13,Rådande väder,"momentanvärde, 1 gång/tim resp 8 gånger/dygn",kod,1992-02-27T11:00:00Z,1992-02-27T12:00:00+01:00,699188400000,,1,1,Y,,corrected-archive-csv
162860,Luleå-Kallax Flygplats,13,Rådande väder,"momentanvärde, 1 gång/tim resp 8 gånger/dygn",kod,1992-02-27T12:00:00Z,1992-02-27T13:00:00+01:00,699192000000,,1,1,G,,corrected-archive-csv
162860,Luleå-Kallax Flygplats,13,Rådande väder,"momentanvärde, 1 gång/tim resp 8 gånger/dygn",kod,1992-02-27T15:00:00Z,1992-02-27T16:00:00+01:00,699202800000,,0,0,G,,corrected-archive-csv
162860,Luleå-Kallax Flygplats,13,Rådande väder,"momentanvärde, 1 gång/tim resp 8 gånger/dygn",kod,1992-02-27T18:00:00Z,1992-02-27T19:00:00+01:00,699213600000,,0,0,G,,corrected-archive-csv
162860,Luleå-Kallax Flygplats,13,Rådande väder,"momentanvärde, 1 gång/tim resp 8 gånger/dygn",kod,1992-02-27T21:00:00Z,1992-02-27T22:00:00+01:00,699224400000,,0,0,G,,corrected-archive-csv
162860,Luleå-Kallax Flygplats,13,Rådande väder,"momentanvärde, 1 gång/tim resp 8 gånger/dygn",kod,1992-02-28T00:00:00Z,1992-02-28T01:00:00+01:00,699235200000,,0,0,G,,corrected-archive-csv
162860,Luleå-Kallax Flygplats,13,Rådande väder,"momentanvärde, 1 gång/tim resp 8 gånger/dygn",kod,1992-02-28T03:00:00Z,1992-02-28T04:00:00+01:00,699246000000,,0,0,G,,corrected-archive-csv
162860,Luleå-Kallax Flygplats,13,Rådande väder,"momentanvärde, 1 gång/tim resp 8 gånger/dygn",kod,1992-02-28T06:00:00Z,1992-02-28T07:00:00+01:00,699256800000,,0,0,G,,corrected-archive-csv
162860,Luleå-Kallax Flygplats,13,Rådande väder,"momentanvärde, 1 gång/tim resp 8 gånger/dygn",kod,1992-02-28T09:00:00Z,1992-02-28T10:00:00+01:00,699267600000,,0,0,G,,corrected-archive-csv
162860,Luleå-Kallax Flygplats,13,Rådande väder,"momentanvärde, 1 gång/tim resp 8 gånger/dygn",kod,1992-02-28T10:00:00Z,1992-02-28T11:00:00+01:00,699271200000,,71,71,Y,,corrected-archive-csv
162860,Luleå-Kallax Flygplats,13,Rådande väder,"momentanvärde, 1 gång/tim resp 8 gånger/dygn",kod,1992-02-28T11:00:00Z,1992-02-28T12:00:00+01:00,699274800000,,75,75,Y,,corrected-archive-csv
162860,Luleå-Kallax Flygplats,13,Rådande väder,"momentanvärde, 1 gång/tim resp 8 gånger/dygn",kod,1992-02-28T12:00:00Z,1992-02-28T13:00:00+01:00,699278400000,,75,75,G,,corrected-archive-csv
162860,Luleå-Kallax Flygplats,13,Rådande väder,"momentanvärde, 1 gång/tim resp 8 gånger/dygn",kod,1992-02-28T13:00:00Z,1992-02-28T14:00:00+01:00,699282000000,,73,73,Y,,corrected-archive-csv
162860,Luleå-Kallax Flygplats,13,Rådande väder,"momentanvärde, 1 gång/tim resp 8 gånger/dygn",kod,1992-02-28T14:00:00Z,1992-02-28T15:00:00+01:00,699285600000,,73,73,Y,,corrected-archive-csv
162860,Luleå-Kallax Flygplats,13,Rådande väder,"momentanvärde, 1 gång/tim resp 8 gånger/dygn",kod,1992-02-28T15:00:00Z,1992-02-28T16:00:00+01:00,699289200000,,22,22,G,,corrected-archive-csv
162860,Luleå-Kallax Flygplats,13,Rådande väder,"momentanvärde, 1 gång/tim resp 8 gånger/dygn",kod,1992-02-28T16:00:00Z,1992-02-28T17:00:00+01:00,699292800000,,1,1,Y,,corrected-archive-csv
162860,Luleå-Kallax Flygplats,13,Rådande väder,"momentanvärde, 1 gång/tim resp 8 gånger/dygn",kod,1992-02-28T17:00:00Z,1992-02-28T18:00:00+01:00,699296400000,,1,1,Y,,corrected-archive-csv
162860,Luleå-Kallax Flygplats,13,Rådande väder,"momentanvärde, 1 gång/tim resp 8 gånger/dygn",kod,1992-02-28T18:00:00Z,1992-02-28T19:00:00+01:00,699300000000,,11,11,G,,corrected-archive-csv
162860,Luleå-Kallax Flygplats,13,Rådande väder,"momentanvärde, 1 gång/tim resp 8 gånger/dygn",kod,1992-02-28T21:00:00Z,1992-02-28T22:00:00+01:00,699310800000,,0,0,G,,corrected-archive-csv
162860,Luleå-Kallax Flygplats,13,Rådande väder,"momentanvärde, 1 gång/tim resp 8 gånger/dygn",kod,1992-02-29T00:00:00Z,1992-02-29T01:00:00+01:00,699321600000,,0,0,G,,corrected-archive-csv
162860,Luleå-Kallax Flygplats,13,Rådande väder,"momentanvärde, 1 gång/tim resp 8 gånger/dygn",kod,1992-02-29T03:00:00Z,1992-02-29T04:00:00+01:00,699332400000,,0,0,G,,corrected-archive-csv
162860,Luleå-Kallax Flygplats,13,Rådande väder,"momentanvärde, 1 gång/tim resp 8 gånger/dygn",kod,1992-02-29T06:00:00Z,1992-02-29T07:00:00+01:00,699343200000,,0,0,G,,corrected-archive-csv
162860,Luleå-Kallax Flygplats,13,Rådande väder,"momentanvärde, 1 gång/tim resp 8 gånger/dygn",kod,1992-02-29T09:00:00Z,1992-02-29T10:00:00+01:00,699354000000,,0,0,G,,corrected-archive-csv
162860,Luleå-Kallax Flygplats,13,Rådande väder,"momentanvärde, 1 gång/tim resp 8 gånger/dygn",kod,1992-02-29T12:00:00Z,1992-02-29T13:00:00+01:00,699364800000,,0,0,G,,corrected-archive-csv
162860,Luleå-Kallax Flygplats,13,Rådande väder,"momentanvärde, 1 gång/tim resp 8 gånger/dygn",kod,1992-02-29T15:00:00Z,1992-02-29T16:00:00+01:00,699375600000,,0,0,G,,corrected-archive-csv
162860,Luleå-Kallax Flygplats,13,Rådande väder,"momentanvärde, 1 gång/tim resp 8 gånger/dygn",kod,1992-02-29T18:00:00Z,1992-02-29T19:00:00+01:00,699386400000,,0,0,G,,corrected-archive-csv
162860,Luleå-Kallax Flygplats,13,Rådande väder,"momentanvärde, 1 gång/tim resp 8 gånger/dygn",kod,1992-02-29T21:00:00Z,1992-02-29T22:00:00+01:00,699397200000,,0,0,G,,corrected-archive-csv
162860,Luleå-Kallax Flygplats,13,Rådande väder,"momentanvärde, 1 gång/tim resp 8 gånger/dygn",kod,1992-03-01T00:00:00Z,1992-03-01T01:00:00+01:00,699408000000,,61,61,G,,corrected-archive-csv
162860,Luleå-Kallax Flygplats,13,Rådande väder,"momentanvärde, 1 gång/tim resp 8 gånger/dygn",kod,1992-03-01T01:00:00Z,1992-03-01T02:00:00+01:00,699411600000,,61,61,Y,,corrected-archive-csv
162860,Luleå-Kallax Flygplats,13,Rådande väder,"momentanvärde, 1 gång/tim resp 8 gånger/dygn",kod,1992-03-01T02:00:00Z,1992-03-01T03:00:00+01:00,699415200000,,61,61,Y,,corrected-archive-csv
162860,Luleå-Kallax Flygplats,13,Rådande väder,"momentanvärde, 1 gång/tim resp 8 gånger/dygn",kod,1992-03-01T03:00:00Z,1992-03-01T04:00:00+01:00,699418800000,,21,21,G,,corrected-archive-csv
162860,Luleå-Kallax Flygplats,13,Rådande väder,"momentanvärde, 1 gång/tim resp 8 gånger/dygn",kod,1992-03-01T04:00:00Z,1992-03-01T05:00:00+01:00,699422400000,,1,1,Y,,corrected-archive-csv
162860,Luleå-Kallax Flygplats,13,Rådande väder,"momentanvärde, 1 gång/tim resp 8 gånger/dygn",kod,1992-03-01T05:00:00Z,1992-03-01T06:00:00+01:00,699426000000,,2,2,Y,,corrected-archive-csv
162860,Luleå-Kallax Flygplats,13,Rådande väder,"momentanvärde, 1 gång/tim resp 8 gånger/dygn",kod,1992-03-01T06:00:00Z,1992-03-01T07:00:00+01:00,699429600000,,1,1,G,,corrected-archive-csv
162860,Luleå-Kallax Flygplats,13,Rådande väder,"momentanvärde, 1 gång/tim resp 8 gånger/dygn",kod,1992-03-01T09:00:00Z,1992-03-01T10:00:00+01:00,699440400000,,0,0,G,,corrected-archive-csv
162860,Luleå-Kallax Flygplats,13,Rådande väder,"momentanvärde, 1 gång/tim resp 8 gånger/dygn",kod,1992-03-01T12:00:00Z,1992-03-01T13:00:00+01:00,699451200000,,0,0,G,,corrected-archive-csv
162860,Luleå-Kallax Flygplats,13,Rådande väder,"momentanvärde, 1 gång/tim resp 8 gånger/dygn",kod,1992-03-01T15:00:00Z,1992-03-01T16:00:00+01:00,699462000000,,0,0,G,,corrected-archive-csv
162860,Luleå-Kallax Flygplats,13,Rådande väder,"momentanvärde, 1 gång/tim resp 8 gånger/dygn",kod,1992-03-01T18:00:00Z,1992-03-01T19:00:00+01:00,699472800000,,0,0,G,,corrected-archive-csv
162860,Luleå-Kallax Flygplats,13,Rådande väder,"momentanvärde, 1 gång/tim resp 8 gånger/dygn",kod,1992-03-01T21:00:00Z,1992-03-01T22:00:00+01:00,699483600000,,0,0,G,,corrected-archive-csv
162860,Luleå-Kallax Flygplats,13,Rådande väder,"momentanvärde, 1 gång/tim resp 8 gånger/dygn",kod,1992-03-02T00:00:00Z,1992-03-02T01:00:00+01:00,699494400000,,0,0,G,,corrected-archive-csv
162860,Luleå-Kallax Flygplats,13,Rådande väder,"momentanvärde, 1 gång/tim resp 8 gånger/dygn",kod,1992-03-02T03:00:00Z,1992-03-02T04:00:00+01:00,699505200000,,0,0,G,,corrected-archive-csv
162860,Luleå-Kallax Flygplats,13,Rådande väder,"momentanvärde, 1 gång/tim resp 8 gånger/dygn",kod,1992-03-02T06:00:00Z,1992-03-02T07:00:00+01:00,699516000000,,0,0,G,,corrected-archive-csv
162860,Luleå-Kallax Flygplats,13,Rådande väder,"momentanvärde, 1 gång/tim resp 8 gånger/dygn",kod,1992-03-02T09:00:00Z,1992-03-02T10:00:00+01:00,699526800000,,0,0,G,,corrected-archive-csv
162860,Luleå-Kallax Flygplats,13,Rådande väder,"momentanvärde, 1 gång/tim resp 8 gånger/dygn",kod,1992-03-02T12:00:00Z,1992-03-02T13:00:00+01:00,699537600000,,0,0,G,,corrected-archive-csv
162860,Luleå-Kallax Flygplats,13,Rådande väder,"momentanvärde, 1 gång/tim resp 8 gånger/dygn",kod,1992-03-02T15:00:00Z,1992-03-02T16:00:00+01:00,699548400000,,0,0,G,,corrected-archive-csv
162860,Luleå-Kallax Flygplats,13,Rådande väder,"momentanvärde, 1 gång/tim resp 8 gånger/dygn",kod,1992-03-02T18:00:00Z,1992-03-02T19:00:00+01:00,699559200000,,0,0,G,,corrected-archive-csv
162860,Luleå-Kallax Flygplats,13,Rådande väder,"momentanvärde, 1 gång/tim resp 8 gånger/dygn",kod,1992-03-02T21:00:00Z,1992-03-02T22:00:00+01:00,699570000000,,71,71,G,,corrected-archive-csv
162860,Luleå-Kallax Flygplats,13,Rådande väder,"momentanvärde, 1 gång/tim resp 8 gånger/dygn",kod,1992-03-02T22:00:00Z,1992-03-02T23:00:00+01:00,699573600000,,71,71,Y,,corrected-archive-csv
162860,Luleå-Kallax Flygplats,13,Rådande väder,"momentanvärde, 1 gång/tim resp 8 gånger/dygn",kod,1992-03-02T23:00:00Z,1992-03-03T00:00:00+01:00,699577200000,,71,71,Y,,corrected-archive-csv
162860,Luleå-Kallax Flygplats,13,Rådande väder,"momentanvärde, 1 gång/tim resp 8 gånger/dygn",kod,1992-03-03T00:00:00Z,1992-03-03T01:00:00+01:00,699580800000,,71,71,G,,corrected-archive-csv
162860,Luleå-Kallax Flygplats,13,Rådande väder,"momentanvärde, 1 gång/tim resp 8 gånger/dygn",kod,1992-03-03T01:00:00Z,1992-03-03T02:00:00+01:00,699584400000,,71,71,Y,,corrected-archive-csv
162860,Luleå-Kallax Flygplats,13,Rådande väder,"momentanvärde, 1 gång/tim resp 8 gånger/dygn",kod,1992-03-03T02:00:00Z,1992-03-03T03:00:00+01:00,699588000000,,71,71,Y,,corrected-archive-csv
162860,Luleå-Kallax Flygplats,13,Rådande väder,"momentanvärde, 1 gång/tim resp 8 gånger/dygn",kod,1992-03-03T03:00:00Z,1992-03-03T04:00:00+01:00,699591600000,,71,71,G,,corrected-archive-csv
162860,Luleå-Kallax Flygplats,13,Rådande väder,"momentanvärde, 1 gång/tim resp 8 gånger/dygn",kod,1992-03-03T04:00:00Z,1992-03-03T05:00:00+01:00,699595200000,,71,71,Y,,corrected-archive-csv
162860,Luleå-Kallax Flygplats,13,Rådande väder,"momentanvärde, 1 gång/tim resp 8 gånger/dygn",kod,1992-03-03T05:00:00Z,1992-03-03T06:00:00+01:00,699598800000,,71,71,Y,,corrected-archive-csv
162860,Luleå-Kallax Flygplats,13,Rådande väder,"momentanvärde, 1 gång/tim resp 8 gånger/dygn",kod,1992-03-03T06:00:00Z,1992-03-03T07:00:00+01:00,699602400000,,71,71,G,,corrected-archive-csv
162860,Luleå-Kallax Flygplats,13,Rådande väder,"momentanvärde, 1 gång/tim resp 8 gånger/dygn",kod,1992-03-03T07:00:00Z,1992-03-03T08:00:00+01:00,699606000000,,71,71,Y,,corrected-archive-csv
162860,Luleå-Kallax Flygplats,13,Rådande väder,"momentanvärde, 1 gång/tim resp 8 gånger/dygn",kod,1992-03-03T08:00:00Z,1992-03-03T09:00:00+01:00,699609600000,,71,71,Y,,corrected-archive-csv
162860,Luleå-Kallax Flygplats,13,Rådande väder,"momentanvärde, 1 gång/tim resp 8 gånger/dygn",kod,1992-03-03T09:00:00Z,1992-03-03T10:00:00+01:00,699613200000,,72,72,G,,corrected-archive-csv
162860,Luleå-Kallax Flygplats,13,Rådande väder,"momentanvärde, 1 gång/tim resp 8 gånger/dygn",kod,1992-03-03T10:00:00Z,1992-03-03T11:00:00+01:00,699616800000,,72,72,Y,,corrected-archive-csv
162860,Luleå-Kallax Flygplats,13,Rådande väder,"momentanvärde, 1 gång/tim resp 8 gånger/dygn",kod,1992-03-03T11:00:00Z,1992-03-03T12:00:00+01:00,699620400000,,72,72,Y,,corrected-archive-csv
162860,Luleå-Kallax Flygplats,13,Rådande väder,"momentanvärde, 1 gång/tim resp 8 gånger/dygn",kod,1992-03-03T12:00:00Z,1992-03-03T13:00:00+01:00,699624000000,,73,73,G,,corrected-archive-csv
162860,Luleå-Kallax Flygplats,13,Rådande väder,"momentanvärde, 1 gång/tim resp 8 gånger/dygn",kod,1992-03-03T13:00:00Z,1992-03-03T14:00:00+01:00,699627600000,,73,73,Y,,corrected-archive-csv
162860,Luleå-Kallax Flygplats,13,Rådande väder,"momentanvärde, 1 gång/tim resp 8 gånger/dygn",kod,1992-03-03T14:00:00Z,1992-03-03T15:00:00+01:00,699631200000,,73,73,Y,,corrected-archive-csv
162860,Luleå-Kallax Flygplats,13,Rådande väder,"momentanvärde, 1 gång/tim resp 8 gånger/dygn",kod,1992-03-03T15:00:00Z,1992-03-03T16:00:00+01:00,699634800000,,73,73,G,,corrected-archive-csv
162860,Luleå-Kallax Flygplats,13,Rådande väder,"momentanvärde, 1 gång/tim resp 8 gånger/dygn",kod,1992-03-03T16:00:00Z,1992-03-03T17:00:00+01:00,699638400000,,73,73,Y,,corrected-archive-csv
162860,Luleå-Kallax Flygplats,13,Rådande väder,"momentanvärde, 1 gång/tim resp 8 gånger/dygn",kod,1992-03-03T17:00:00Z,1992-03-03T18:00:00+01:00,699642000000,,73,73,Y,,corrected-archive-csv
162860,Luleå-Kallax Flygplats,13,Rådande väder,"momentanvärde, 1 gång/tim resp 8 gånger/dygn",kod,1992-03-03T18:00:00Z,1992-03-03T19:00:00+01:00,699645600000,,73,73,G,,corrected-archive-csv
162860,Luleå-Kallax Flygplats,13,Rådande väder,"momentanvärde, 1 gång/tim resp 8 gånger/dygn",kod,1992-03-03T19:00:00Z,1992-03-03T20:00:00+01:00,699649200000,,73,73,Y,,corrected-archive-csv
162860,Luleå-Kallax Flygplats,13,Rådande väder,"momentanvärde, 1 gång/tim resp 8 gånger/dygn",kod,1992-03-03T20:00:00Z,1992-03-03T21:00:00+01:00,699652800000,,73,73,Y,,corrected-archive-csv
162860,Luleå-Kallax Flygplats,13,Rådande väder,"momentanvärde, 1 gång/tim resp 8 gånger/dygn",kod,1992-03-03T21:00:00Z,1992-03-03T22:00:00+01:00,699656400000,,73,73,G,,corrected-archive-csv
162860,Luleå-Kallax Flygplats,13,Rådande väder,"momentanvärde, 1 gång/tim resp 8 gånger/dygn",kod,1992-03-03T22:00:00Z,1992-03-03T23:00:00+01:00,699660000000,,73,73,Y,,corrected-archive-csv
162860,Luleå-Kallax Flygplats,13,Rådande väder,"momentanvärde, 1 gång/tim resp 8 gånger/dygn",kod,1992-03-03T23:00:00Z,1992-03-04T00:00:00+01:00,699663600000,,71,71,Y,,corrected-archive-csv
162860,Luleå-Kallax Flygplats,13,Rådande väder,"momentanvärde, 1 gång/tim resp 8 gånger/dygn",kod,1992-03-04T00:00:00Z,1992-03-04T01:00:00+01:00,699667200000,,22,22,G,,corrected-archive-csv
162860,Luleå-Kallax Flygplats,13,Rådande väder,"momentanvärde, 1 gång/tim resp 8 gånger/dygn",kod,1992-03-04T03:00:00Z,1992-03-04T04:00:00+01:00,699678000000,,0,0,G,,corrected-archive-csv
162860,Luleå-Kallax Flygplats,13,Rådande väder,"momentanvärde, 1 gång/tim resp 8 gånger/dygn",kod,1992-03-04T06:00:00Z,1992-03-04T07:00:00+01:00,699688800000,,0,0,G,,corrected-archive-csv
162860,Luleå-Kallax Flygplats,13,Rådande väder,"momentanvärde, 1 gång/tim resp 8 gånger/dygn",kod,1992-03-04T09:00:00Z,1992-03-04T10:00:00+01:00,699699600000,,0,0,G,,corrected-archive-csv
162860,Luleå-Kallax Flygplats,13,Rådande väder,"momentanvärde, 1 gång/tim resp 8 gånger/dygn",kod,1992-03-04T12:00:00Z,1992-03-04T13:00:00+01:00,699710400000,,0,0,G,,corrected-archive-csv
162860,Luleå-Kallax Flygplats,13,Rådande väder,"momentanvärde, 1 gång/tim resp 8 gånger/dygn",kod,1992-03-04T15:00:00Z,1992-03-04T16:00:00+01:00,699721200000,,0,0,G,,corrected-archive-csv
162860,Luleå-Kallax Flygplats,13,Rådande väder,"momentanvärde, 1 gång/tim resp 8 gånger/dygn",kod,1992-03-04T18:00:00Z,1992-03-04T19:00:00+01:00,699732000000,,0,0,G,,corrected-archive-csv
162860,Luleå-Kallax Flygplats,13,Rådande väder,"momentanvärde, 1 gång/tim resp 8 gånger/dygn",kod,1992-03-04T21:00:00Z,1992-03-04T22:00:00+01:00,699742800000,,0,0,G,,corrected-archive-csv
162860,Luleå-Kallax Flygplats,13,Rådande väder,"momentanvärde, 1 gång/tim resp 8 gånger/dygn",kod,1992-03-05T00:00:00Z,1992-03-05T01:00:00+01:00,699753600000,,0,0,G,,corrected-archive-csv
162860,Luleå-Kallax Flygplats,13,Rådande väder,"momentanvärde, 1 gång/tim resp 8 gånger/dygn",kod,1992-03-05T03:00:00Z,1992-03-05T04:00:00+01:00,699764400000,,71,71,G,,corrected-archive-csv
162860,Luleå-Kallax Flygplats,13,Rådande väder,"momentanvärde, 1 gång/tim resp 8 gånger/dygn",kod,1992-03-05T04:00:00Z,1992-03-05T05:00:00+01:00,699768000000,,71,71,Y,,corrected-archive-csv
162860,Luleå-Kallax Flygplats,13,Rådande väder,"momentanvärde, 1 gång/tim resp 8 gånger/dygn",kod,1992-03-05T05:00:00Z,1992-03-05T06:00:00+01:00,699771600000,,70,70,Y,,corrected-archive-csv
162860,Luleå-Kallax Flygplats,13,Rådande väder,"momentanvärde, 1 gång/tim resp 8 gånger/dygn",kod,1992-03-05T06:00:00Z,1992-03-05T07:00:00+01:00,699775200000,,45,45,G,,corrected-archive-csv
162860,Luleå-Kallax Flygplats,13,Rådande väder,"momentanvärde, 1 gång/tim resp 8 gånger/dygn",kod,1992-03-05T07:00:00Z,1992-03-05T08:00:00+01:00,699778800000,,56,56,Y,,corrected-archive-csv
162860,Luleå-Kallax Flygplats,13,Rådande väder,"momentanvärde, 1 gång/tim resp 8 gånger/dygn",kod,1992-03-05T08:00:00Z,1992-03-05T09:00:00+01:00,699782400000,,56,56,Y,,corrected-archive-csv
162860,Luleå-Kallax Flygplats,13,Rådande väder,"momentanvärde, 1 gång/tim resp 8 gånger/dygn",kod,1992-03-05T09:00:00Z,1992-03-05T10:00:00+01:00,699786000000,,24,24,G,,corrected-archive-csv
162860,Luleå-Kallax Flygplats,13,Rådande väder,"momentanvärde, 1 gång/tim resp 8 gånger/dygn",kod,1992-03-05T10:00:00Z,1992-03-05T11:00:00+01:00,699789600000,,2,2,Y,,corrected-archive-csv
162860,Luleå-Kallax Flygplats,13,Rådande väder,"momentanvärde, 1 gång/tim resp 8 gånger/dygn",kod,1992-03-05T11:00:00Z,1992-03-05T12:00:00+01:00,699793200000,,10,10,Y,,corrected-archive-csv
162860,Luleå-Kallax Flygplats,13,Rådande väder,"momentanvärde, 1 gång/tim resp 8 gånger/dygn",kod,1992-03-05T12:00:00Z,1992-03-05T13:00:00+01:00,699796800000,,10,10,G,,corrected-archive-csv
162860,Luleå-Kallax Flygplats,13,Rådande väder,"momentanvärde, 1 gång/tim resp 8 gånger/dygn",kod,1992-03-05T13:00:00Z,1992-03-05T14:00:00+01:00,699800400000,,10,10,Y,,corrected-archive-csv
162860,Luleå-Kallax Flygplats,13,Rådande väder,"momentanvärde, 1 gång/tim resp 8 gånger/dygn",kod,1992-03-05T14:00:00Z,1992-03-05T15:00:00+01:00,699804000000,,2,2,Y,,corrected-archive-csv
162860,Luleå-Kallax Flygplats,13,Rådande väder,"momentanvärde, 1 gång/tim resp 8 gånger/dygn",kod,1992-03-05T15:00:00Z,1992-03-05T16:00:00+01:00,699807600000,,0,0,G,,corrected-archive-csv
162860,Luleå-Kallax Flygplats,13,Rådande väder,"momentanvärde, 1 gång/tim resp 8 gånger/dygn",kod,1992-03-05T16:00:00Z,1992-03-05T17:00:00+01:00,699811200000,,2,2,Y,,corrected-archive-csv
162860,Luleå-Kallax Flygplats,13,Rådande väder,"momentanvärde, 1 gång/tim resp 8 gånger/dygn",kod,1992-03-05T17:00:00Z,1992-03-05T18:00:00+01:00,699814800000,,2,2,Y,,corrected-archive-csv
162860,Luleå-Kallax Flygplats,13,Rådande väder,"momentanvärde, 1 gång/tim resp 8 gånger/dygn",kod,1992-03-05T18:00:00Z,1992-03-05T19:00:00+01:00,699818400000,,0,0,G,,corrected-archive-csv
162860,Luleå-Kallax Flygplats,13,Rådande väder,"momentanvärde, 1 gång/tim resp 8 gånger/dygn",kod,1992-03-05T21:00:00Z,1992-03-05T22:00:00+01:00,699829200000,,0,0,G,,corrected-archive-csv
162860,Luleå-Kallax Flygplats,13,Rådande väder,"momentanvärde, 1 gång/tim resp 8 gånger/dygn",kod,1992-03-05T23:00:00Z,1992-03-06T00:00:00+01:00,699836400000,,10,10,Y,,corrected-archive-csv
162860,Luleå-Kallax Flygplats,13,Rådande väder,"momentanvärde, 1 gång/tim resp 8 gånger/dygn",kod,1992-03-06T00:00:00Z,1992-03-06T01:00:00+01:00,699840000000,,0,0,G,,corrected-archive-csv
162860,Luleå-Kallax Flygplats,13,Rådande väder,"momentanvärde, 1 gång/tim resp 8 gånger/dygn",kod,1992-03-06T01:00:00Z,1992-03-06T02:00:00+01:00,699843600000,,10,10,Y,,corrected-archive-csv
162860,Luleå-Kallax Flygplats,13,Rådande väder,"momentanvärde, 1 gång/tim resp 8 gånger/dygn",kod,1992-03-06T03:00:00Z,1992-03-06T04:00:00+01:00,699850800000,,10,10,G,,corrected-archive-csv
162860,Luleå-Kallax Flygplats,13,Rådande väder,"momentanvärde, 1 gång/tim resp 8 gånger/dygn",kod,1992-03-06T04:00:00Z,1992-03-06T05:00:00+01:00,699854400000,,10,10,Y,,corrected-archive-csv
162860,Luleå-Kallax Flygplats,13,Rådande väder,"momentanvärde, 1 gång/tim resp 8 gånger/dygn",kod,1992-03-06T05:00:00Z,1992-03-06T06:00:00+01:00,699858000000,,10,10,Y,,corrected-archive-csv
162860,Luleå-Kallax Flygplats,13,Rådande väder,"momentanvärde, 1 gång/tim resp 8 gånger/dygn",kod,1992-03-06T06:00:00Z,1992-03-06T07:00:00+01:00,699861600000,,10,10,G,,corrected-archive-csv
162860,Luleå-Kallax Flygplats,13,Rådande väder,"momentanvärde, 1 gång/tim resp 8 gånger/dygn",kod,1992-03-06T07:00:00Z,1992-03-06T08:00:00+01:00,699865200000,,10,10,Y,,corrected-archive-csv
162860,Luleå-Kallax Flygplats,13,Rådande väder,"momentanvärde, 1 gång/tim resp 8 gånger/dygn",kod,1992-03-06T08:00:00Z,1992-03-06T09:00:00+01:00,699868800000,,10,10,Y,,corrected-archive-csv
162860,Luleå-Kallax Flygplats,13,Rådande väder,"momentanvärde, 1 gång/tim resp 8 gånger/dygn",kod,1992-03-06T09:00:00Z,1992-03-06T10:00:00+01:00,699872400000,,10,10,G,,corrected-archive-csv
162860,Luleå-Kallax Flygplats,13,Rådande väder,"momentanvärde, 1 gång/tim resp 8 gånger/dygn",kod,1992-03-06T10:00:00Z,1992-03-06T11:00:00+01:00,699876000000,,40,40,Y,,corrected-archive-csv
162860,Luleå-Kallax Flygplats,13,Rådande väder,"momentanvärde, 1 gång/tim resp 8 gånger/dygn",kod,1992-03-06T11:00:00Z,1992-03-06T12:00:00+01:00,699879600000,,40,40,Y,,corrected-archive-csv
162860,Luleå-Kallax Flygplats,13,Rådande väder,"momentanvärde, 1 gång/tim resp 8 gånger/dygn",kod,1992-03-06T12:00:00Z,1992-03-06T13:00:00+01:00,699883200000,,40,40,G,,corrected-archive-csv
162860,Luleå-Kallax Flygplats,13,Rådande väder,"momentanvärde, 1 gång/tim resp 8 gånger/dygn",kod,1992-03-06T13:00:00Z,1992-03-06T14:00:00+01:00,699886800000,,10,10,Y,,corrected-archive-csv
162860,Luleå-Kallax Flygplats,13,Rådande väder,"momentanvärde, 1 gång/tim resp 8 gånger/dygn",kod,1992-03-06T14:00:00Z,1992-03-06T15:00:00+01:00,699890400000,,10,10,Y,,corrected-archive-csv
162860,Luleå-Kallax Flygplats,13,Rådande väder,"momentanvärde, 1 gång/tim resp 8 gånger/dygn",kod,1992-03-06T15:00:00Z,1992-03-06T16:00:00+01:00,699894000000,,1,1,G,,corrected-archive-csv
162860,Luleå-Kallax Flygplats,13,Rådande väder,"momentanvärde, 1 gång/tim resp 8 gånger/dygn",kod,1992-03-06T16:00:00Z,1992-03-06T17:00:00+01:00,699897600000,,1,1,Y,,corrected-archive-csv
162860,Luleå-Kallax Flygplats,13,Rådande väder,"momentanvärde, 1 gång/tim resp 8 gånger/dygn",kod,1992-03-06T17:00:00Z,1992-03-06T18:00:00+01:00,699901200000,,1,1,Y,,corrected-archive-csv
162860,Luleå-Kallax Flygplats,13,Rådande väder,"momentanvärde, 1 gång/tim resp 8 gånger/dygn",kod,1992-03-06T18:00:00Z,1992-03-06T19:00:00+01:00,699904800000,,1,1,G,,corrected-archive-csv
162860,Luleå-Kallax Flygplats,13,Rådande väder,"momentanvärde, 1 gång/tim resp 8 gånger/dygn",kod,1992-03-06T21:00:00Z,1992-03-06T22:00:00+01:00,699915600000,,0,0,G,,corrected-archive-csv
162860,Luleå-Kallax Flygplats,13,Rådande väder,"momentanvärde, 1 gång/tim resp 8 gånger/dygn",kod,1992-03-06T22:00:00Z,1992-03-06T23:00:00+01:00,699919200000,,61,61,Y,,corrected-archive-csv
162860,Luleå-Kallax Flygplats,13,Rådande väder,"momentanvärde, 1 gång/tim resp 8 gånger/dygn",kod,1992-03-06T23:00:00Z,1992-03-07T00:00:00+01:00,699922800000,,21,21,Y,,corrected-archive-csv
162860,Luleå-Kallax Flygplats,13,Rådande väder,"momentanvärde, 1 gång/tim resp 8 gånger/dygn",kod,1992-03-07T00:00:00Z,1992-03-07T01:00:00+01:00,699926400000,,1,1,G,,corrected-archive-csv
162860,Luleå-Kallax Flygplats,13,Rådande väder,"momentanvärde, 1 gång/tim resp 8 gånger/dygn",kod,1992-03-07T03:00:00Z,1992-03-07T04:00:00+01:00,699937200000,,0,0,G,,corrected-archive-csv
162860,Luleå-Kallax Flygplats,13,Rådande väder,"momentanvärde, 1 gång/tim resp 8 gånger/dygn",kod,1992-03-07T06:00:00Z,1992-03-07T07:00:00+01:00,699948000000,,0,0,G,,corrected-archive-csv
162860,Luleå-Kallax Flygplats,13,Rådande väder,"momentanvärde, 1 gång/tim resp 8 gånger/dygn",kod,1992-03-07T09:00:00Z,1992-03-07T10:00:00+01:00,699958800000,,0,0,G,,corrected-archive-csv
162860,Luleå-Kallax Flygplats,13,Rådande väder,"momentanvärde, 1 gång/tim resp 8 gånger/dygn",kod,1992-03-07T12:00:00Z,1992-03-07T13:00:00+01:00,699969600000,,0,0,G,,corrected-archive-csv
162860,Luleå-Kallax Flygplats,13,Rådande väder,"momentanvärde, 1 gång/tim resp 8 gånger/dygn",kod,1992-03-07T15:00:00Z,1992-03-07T16:00:00+01:00,699980400000,,0,0,G,,corrected-archive-csv
162860,Luleå-Kallax Flygplats,13,Rådande väder,"momentanvärde, 1 gång/tim resp 8 gånger/dygn",kod,1992-03-07T18:00:00Z,1992-03-07T19:00:00+01:00,699991200000,,0,0,G,,corrected-archive-csv
162860,Luleå-Kallax Flygplats,13,Rådande väder,"momentanvärde, 1 gång/tim resp 8 gånger/dygn",kod,1992-03-07T21:00:00Z,1992-03-07T22:00:00+01:00,700002000000,,0,0,G,,corrected-archive-csv
162860,Luleå-Kallax Flygplats,13,Rådande väder,"momentanvärde, 1 gång/tim resp 8 gånger/dygn",kod,1992-03-07T22:00:00Z,1992-03-07T23:00:00+01:00,700005600000,,47,47,Y,,corrected-archive-csv
162860,Luleå-Kallax Flygplats,13,Rådande väder,"momentanvärde, 1 gång/tim resp 8 gånger/dygn",kod,1992-03-07T23:00:00Z,1992-03-08T00:00:00+01:00,700009200000,,43,43,Y,,corrected-archive-csv
162860,Luleå-Kallax Flygplats,13,Rådande väder,"momentanvärde, 1 gång/tim resp 8 gånger/dygn",kod,1992-03-08T00:00:00Z,1992-03-08T01:00:00+01:00,700012800000,,45,45,G,,corrected-archive-csv
162860,Luleå-Kallax Flygplats,13,Rådande väder,"momentanvärde, 1 gång/tim resp 8 gånger/dygn",kod,1992-03-08T01:00:00Z,1992-03-08T02:00:00+01:00,700016400000,,47,47,Y,,corrected-archive-csv
162860,Luleå-Kallax Flygplats,13,Rådande väder,"momentanvärde, 1 gång/tim resp 8 gånger/dygn",kod,1992-03-08T02:00:00Z,1992-03-08T03:00:00+01:00,700020000000,,28,28,Y,,corrected-archive-csv
162860,Luleå-Kallax Flygplats,13,Rådande väder,"momentanvärde, 1 gång/tim resp 8 gånger/dygn",kod,1992-03-08T03:00:00Z,1992-03-08T04:00:00+01:00,700023600000,,2,2,G,,corrected-archive-csv
162860,Luleå-Kallax Flygplats,13,Rådande väder,"momentanvärde, 1 gång/tim resp 8 gånger/dygn",kod,1992-03-08T04:00:00Z,1992-03-08T05:00:00+01:00,700027200000,,2,2,Y,,corrected-archive-csv
162860,Luleå-Kallax Flygplats,13,Rådande väder,"momentanvärde, 1 gång/tim resp 8 gånger/dygn",kod,1992-03-08T05:00:00Z,1992-03-08T06:00:00+01:00,700030800000,,2,2,Y,,corrected-archive-csv
162860,Luleå-Kallax Flygplats,13,Rådande väder,"momentanvärde, 1 gång/tim resp 8 gånger/dygn",kod,1992-03-08T06:00:00Z,1992-03-08T07:00:00+01:00,700034400000,,2,2,G,,corrected-archive-csv
162860,Luleå-Kallax Flygplats,13,Rådande väder,"momentanvärde, 1 gång/tim resp 8 gånger/dygn",kod,1992-03-08T09:00:00Z,1992-03-08T10:00:00+01:00,700045200000,,0,0,G,,corrected-archive-csv
162860,Luleå-Kallax Flygplats,13,Rådande väder,"momentanvärde, 1 gång/tim resp 8 gånger/dygn",kod,1992-03-08T12:00:00Z,1992-03-08T13:00:00+01:00,700056000000,,0,0,G,,corrected-archive-csv
162860,Luleå-Kallax Flygplats,13,Rådande väder,"momentanvärde, 1 gång/tim resp 8 gånger/dygn",kod,1992-03-08T15:00:00Z,1992-03-08T16:00:00+01:00,700066800000,,0,0,G,,corrected-archive-csv
162860,Luleå-Kallax Flygplats,13,Rådande väder,"momentanvärde, 1 gång/tim resp 8 gånger/dygn",kod,1992-03-08T18:00:00Z,1992-03-08T19:00:00+01:00,700077600000,,0,0,G,,corrected-archive-csv
162860,Luleå-Kallax Flygplats,13,Rådande väder,"momentanvärde, 1 gång/tim resp 8 gånger/dygn",kod,1992-03-08T21:00:00Z,1992-03-08T22:00:00+01:00,700088400000,,0,0,G,,corrected-archive-csv
162860,Luleå-Kallax Flygplats,13,Rådande väder,"momentanvärde, 1 gång/tim resp 8 gånger/dygn",kod,1992-03-09T00:00:00Z,1992-03-09T01:00:00+01:00,700099200000,,0,0,G,,corrected-archive-csv
162860,Luleå-Kallax Flygplats,13,Rådande väder,"momentanvärde, 1 gång/tim resp 8 gånger/dygn",kod,1992-03-09T03:00:00Z,1992-03-09T04:00:00+01:00,700110000000,,0,0,G,,corrected-archive-csv
162860,Luleå-Kallax Flygplats,13,Rådande väder,"momentanvärde, 1 gång/tim resp 8 gånger/dygn",kod,1992-03-09T06:00:00Z,1992-03-09T07:00:00+01:00,700120800000,,0,0,G,,corrected-archive-csv
162860,Luleå-Kallax Flygplats,13,Rådande väder,"momentanvärde, 1 gång/tim resp 8 gånger/dygn",kod,1992-03-09T09:00:00Z,1992-03-09T10:00:00+01:00,700131600000,,47,47,G,,corrected-archive-csv
162860,Luleå-Kallax Flygplats,13,Rådande väder,"momentanvärde, 1 gång/tim resp 8 gånger/dygn",kod,1992-03-09T10:00:00Z,1992-03-09T11:00:00+01:00,700135200000,,45,45,Y,,corrected-archive-csv
162860,Luleå-Kallax Flygplats,13,Rådande väder,"momentanvärde, 1 gång/tim resp 8 gånger/dygn",kod,1992-03-09T11:00:00Z,1992-03-09T12:00:00+01:00,700138800000,,45,45,Y,,corrected-archive-csv
162860,Luleå-Kallax Flygplats,13,Rådande väder,"momentanvärde, 1 gång/tim resp 8 gånger/dygn",kod,1992-03-09T12:00:00Z,1992-03-09T13:00:00+01:00,700142400000,,45,45,G,,corrected-archive-csv
162860,Luleå-Kallax Flygplats,13,Rådande väder,"momentanvärde, 1 gång/tim resp 8 gånger/dygn",kod,1992-03-09T13:00:00Z,1992-03-09T14:00:00+01:00,700146000000,,45,45,Y,,corrected-archive-csv
162860,Luleå-Kallax Flygplats,13,Rådande väder,"momentanvärde, 1 gång/tim resp 8 gånger/dygn",kod,1992-03-09T14:00:00Z,1992-03-09T15:00:00+01:00,700149600000,,45,45,Y,,corrected-archive-csv
162860,Luleå-Kallax Flygplats,13,Rådande väder,"momentanvärde, 1 gång/tim resp 8 gånger/dygn",kod,1992-03-09T15:00:00Z,1992-03-09T16:00:00+01:00,700153200000,,10,10,G,,corrected-archive-csv
162860,Luleå-Kallax Flygplats,13,Rådande väder,"momentanvärde, 1 gång/tim resp 8 gånger/dygn",kod,1992-03-09T16:00:00Z,1992-03-09T17:00:00+01:00,700156800000,,10,10,Y,,corrected-archive-csv
162860,Luleå-Kallax Flygplats,13,Rådande väder,"momentanvärde, 1 gång/tim resp 8 gånger/dygn",kod,1992-03-09T17:00:00Z,1992-03-09T18:00:00+01:00,700160400000,,10,10,Y,,corrected-archive-csv
162860,Luleå-Kallax Flygplats,13,Rådande väder,"momentanvärde, 1 gång/tim resp 8 gånger/dygn",kod,1992-03-09T18:00:00Z,1992-03-09T19:00:00+01:00,700164000000,,2,2,G,,corrected-archive-csv
162860,Luleå-Kallax Flygplats,13,Rådande väder,"momentanvärde, 1 gång/tim resp 8 gånger/dygn",kod,1992-03-09T21:00:00Z,1992-03-09T22:00:00+01:00,700174800000,,0,0,G,,corrected-archive-csv
162860,Luleå-Kallax Flygplats,13,Rådande väder,"momentanvärde, 1 gång/tim resp 8 gånger/dygn",kod,1992-03-09T23:00:00Z,1992-03-10T00:00:00+01:00,700182000000,,10,10,Y,,corrected-archive-csv
162860,Luleå-Kallax Flygplats,13,Rådande väder,"momentanvärde, 1 gång/tim resp 8 gånger/dygn",kod,1992-03-10T00:00:00Z,1992-03-10T01:00:00+01:00,700185600000,,10,10,G,,corrected-archive-csv
162860,Luleå-Kallax Flygplats,13,Rådande väder,"momentanvärde, 1 gång/tim resp 8 gånger/dygn",kod,1992-03-10T01:00:00Z,1992-03-10T02:00:00+01:00,700189200000,,10,10,Y,,corrected-archive-csv
162860,Luleå-Kallax Flygplats,13,Rådande väder,"momentanvärde, 1 gång/tim resp 8 gånger/dygn",kod,1992-03-10T02:00:00Z,1992-03-10T03:00:00+01:00,700192800000,,1,1,Y,,corrected-archive-csv
162860,Luleå-Kallax Flygplats,13,Rådande väder,"momentanvärde, 1 gång/tim resp 8 gånger/dygn",kod,1992-03-10T03:00:00Z,1992-03-10T04:00:00+01:00,700196400000,,0,0,G,,corrected-archive-csv
162860,Luleå-Kallax Flygplats,13,Rådande väder,"momentanvärde, 1 gång/tim resp 8 gånger/dygn",kod,1992-03-10T04:00:00Z,1992-03-10T05:00:00+01:00,700200000000,,3,3,Y,,corrected-archive-csv
162860,Luleå-Kallax Flygplats,13,Rådande väder,"momentanvärde, 1 gång/tim resp 8 gånger/dygn",kod,1992-03-10T05:00:00Z,1992-03-10T06:00:00+01:00,700203600000,,10,10,Y,,corrected-archive-csv
162860,Luleå-Kallax Flygplats,13,Rådande väder,"momentanvärde, 1 gång/tim resp 8 gånger/dygn",kod,1992-03-10T06:00:00Z,1992-03-10T07:00:00+01:00,700207200000,,10,10,G,,corrected-archive-csv
162860,Luleå-Kallax Flygplats,13,Rådande väder,"momentanvärde, 1 gång/tim resp 8 gånger/dygn",kod,1992-03-10T07:00:00Z,1992-03-10T08:00:00+01:00,700210800000,,10,10,Y,,corrected-archive-csv
162860,Luleå-Kallax Flygplats,13,Rådande väder,"momentanvärde, 1 gång/tim resp 8 gånger/dygn",kod,1992-03-10T08:00:00Z,1992-03-10T09:00:00+01:00,700214400000,,10,10,Y,,corrected-archive-csv
162860,Luleå-Kallax Flygplats,13,Rådande väder,"momentanvärde, 1 gång/tim resp 8 gånger/dygn",kod,1992-03-10T09:00:00Z,1992-03-10T10:00:00+01:00,700218000000,,10,10,G,,corrected-archive-csv
162860,Luleå-Kallax Flygplats,13,Rådande väder,"momentanvärde, 1 gång/tim resp 8 gånger/dygn",kod,1992-03-10T10:00:00Z,1992-03-10T11:00:00+01:00,700221600000,,10,10,Y,,corrected-archive-csv
162860,Luleå-Kallax Flygplats,13,Rådande väder,"momentanvärde, 1 gång/tim resp 8 gånger/dygn",kod,1992-03-10T11:00:00Z,1992-03-10T12:00:00+01:00,700225200000,,10,10,Y,,corrected-archive-csv
162860,Luleå-Kallax Flygplats,13,Rådande väder,"momentanvärde, 1 gång/tim resp 8 gånger/dygn",kod,1992-03-10T12:00:00Z,1992-03-10T13:00:00+01:00,700228800000,,10,10,G,,corrected-archive-csv
162860,Luleå-Kallax Flygplats,13,Rådande väder,"momentanvärde, 1 gång/tim resp 8 gånger/dygn",kod,1992-03-10T13:00:00Z,1992-03-10T14:00:00+01:00,700232400000,,3,3,Y,,corrected-archive-csv
162860,Luleå-Kallax Flygplats,13,Rådande väder,"momentanvärde, 1 gång/tim resp 8 gånger/dygn",kod,1992-03-10T15:00:00Z,1992-03-10T16:00:00+01:00,700239600000,,0,0,G,,corrected-archive-csv
162860,Luleå-Kallax Flygplats,13,Rådande väder,"momentanvärde, 1 gång/tim resp 8 gånger/dygn",kod,1992-03-10T18:00:00Z,1992-03-10T19:00:00+01:00,700250400000,,0,0,G,,corrected-archive-csv
162860,Luleå-Kallax Flygplats,13,Rådande väder,"momentanvärde, 1 gång/tim resp 8 gånger/dygn",kod,1992-03-10T21:00:00Z,1992-03-10T22:00:00+01:00,700261200000,,0,0,G,,corrected-archive-csv
162860,Luleå-Kallax Flygplats,13,Rådande väder,"momentanvärde, 1 gång/tim resp 8 gånger/dygn",kod,1992-03-11T00:00:00Z,1992-03-11T01:00:00+01:00,700272000000,,23,23,G,,corrected-archive-csv
162860,Luleå-Kallax Flygplats,13,Rådande väder,"momentanvärde, 1 gång/tim resp 8 gånger/dygn",kod,1992-03-11T01:00:00Z,1992-03-11T02:00:00+01:00,700275600000,,2,2,Y,,corrected-archive-csv
162860,Luleå-Kallax Flygplats,13,Rådande väder,"momentanvärde, 1 gång/tim resp 8 gånger/dygn",kod,1992-03-11T02:00:00Z,1992-03-11T03:00:00+01:00,700279200000,,2,2,Y,,corrected-archive-csv
162860,Luleå-Kallax Flygplats,13,Rådande väder,"momentanvärde, 1 gång/tim resp 8 gånger/dygn",kod,1992-03-11T03:00:00Z,1992-03-11T04:00:00+01:00,700282800000,,2,2,G,,corrected-archive-csv
162860,Luleå-Kallax Flygplats,13,Rådande väder,"momentanvärde, 1 gång/tim resp 8 gånger/dygn",kod,1992-03-11T04:00:00Z,1992-03-11T05:00:00+01:00,700286400000,,51,51,Y,,corrected-archive-csv
162860,Luleå-Kallax Flygplats,13,Rådande väder,"momentanvärde, 1 gång/tim resp 8 gånger/dygn",kod,1992-03-11T05:00:00Z,1992-03-11T06:00:00+01:00,700290000000,,51,51,Y,,corrected-archive-csv
162860,Luleå-Kallax Flygplats,13,Rådande väder,"momentanvärde, 1 gång/tim resp 8 gånger/dygn",kod,1992-03-11T06:00:00Z,1992-03-11T07:00:00+01:00,700293600000,,20,20,G,,corrected-archive-csv
162860,Luleå-Kallax Flygplats,13,Rådande väder,"momentanvärde, 1 gång/tim resp 8 gånger/dygn",kod,1992-03-11T07:00:00Z,1992-03-11T08:00:00+01:00,700297200000,,10,10,Y,,corrected-archive-csv
162860,Luleå-Kallax Flygplats,13,Rådande väder,"momentanvärde, 1 gång/tim resp 8 gånger/dygn",kod,1992-03-11T08:00:00Z,1992-03-11T09:00:00+01:00,700300800000,,10,10,Y,,corrected-archive-csv
162860,Luleå-Kallax Flygplats,13,Rådande väder,"momentanvärde, 1 gång/tim resp 8 gånger/dygn",kod,1992-03-11T09:00:00Z,1992-03-11T10:00:00+01:00,700304400000,,10,10,G,,corrected-archive-csv
162860,Luleå-Kallax Flygplats,13,Rådande väder,"momentanvärde, 1 gång/tim resp 8 gånger/dygn",kod,1992-03-11T10:00:00Z,1992-03-11T11:00:00+01:00,700308000000,,10,10,Y,,corrected-archive-csv
162860,Luleå-Kallax Flygplats,13,Rådande väder,"momentanvärde, 1 gång/tim resp 8 gånger/dygn",kod,1992-03-11T11:00:00Z,1992-03-11T12:00:00+01:00,700311600000,,10,10,Y,,corrected-archive-csv
162860,Luleå-Kallax Flygplats,13,Rådande väder,"momentanvärde, 1 gång/tim resp 8 gånger/dygn",kod,1992-03-11T12:00:00Z,1992-03-11T13:00:00+01:00,700315200000,,10,10,G,,corrected-archive-csv
162860,Luleå-Kallax Flygplats,13,Rådande väder,"momentanvärde, 1 gång/tim resp 8 gånger/dygn",kod,1992-03-11T13:00:00Z,1992-03-11T14:00:00+01:00,700318800000,,10,10,Y,,corrected-archive-csv
162860,Luleå-Kallax Flygplats,13,Rådande väder,"momentanvärde, 1 gång/tim resp 8 gånger/dygn",kod,1992-03-11T14:00:00Z,1992-03-11T15:00:00+01:00,700322400000,,10,10,Y,,corrected-archive-csv
162860,Luleå-Kallax Flygplats,13,Rådande väder,"momentanvärde, 1 gång/tim resp 8 gånger/dygn",kod,1992-03-11T15:00:00Z,1992-03-11T16:00:00+01:00,700326000000,,10,10,G,,corrected-archive-csv
162860,Luleå-Kallax Flygplats,13,Rådande väder,"momentanvärde, 1 gång/tim resp 8 gånger/dygn",kod,1992-03-11T16:00:00Z,1992-03-11T17:00:00+01:00,700329600000,,10,10,Y,,corrected-archive-csv
162860,Luleå-Kallax Flygplats,13,Rådande väder,"momentanvärde, 1 gång/tim resp 8 gånger/dygn",kod,1992-03-11T17:00:00Z,1992-03-11T18:00:00+01:00,700333200000,,1,1,Y,,corrected-archive-csv
162860,Luleå-Kallax Flygplats,13,Rådande väder,"momentanvärde, 1 gång/tim resp 8 gånger/dygn",kod,1992-03-11T18:00:00Z,1992-03-11T19:00:00+01:00,700336800000,,2,2,G,,corrected-archive-csv
162860,Luleå-Kallax Flygplats,13,Rådande väder,"momentanvärde, 1 gång/tim resp 8 gånger/dygn",kod,1992-03-11T21:00:00Z,1992-03-11T22:00:00+01:00,700347600000,,0,0,G,,corrected-archive-csv
162860,Luleå-Kallax Flygplats,13,Rådande väder,"momentanvärde, 1 gång/tim resp 8 gånger/dygn",kod,1992-03-12T00:00:00Z,1992-03-12T01:00:00+01:00,700358400000,,0,0,G,,corrected-archive-csv
162860,Luleå-Kallax Flygplats,13,Rådande väder,"momentanvärde, 1 gång/tim resp 8 gånger/dygn",kod,1992-03-12T03:00:00Z,1992-03-12T04:00:00+01:00,700369200000,,0,0,G,,corrected-archive-csv
162860,Luleå-Kallax Flygplats,13,Rådande väder,"momentanvärde, 1 gång/tim resp 8 gånger/dygn",kod,1992-03-12T06:00:00Z,1992-03-12T07:00:00+01:00,700380000000,,0,0,G,,corrected-archive-csv
162860,Luleå-Kallax Flygplats,13,Rådande väder,"momentanvärde, 1 gång/tim resp 8 gånger/dygn",kod,1992-03-12T09:00:00Z,1992-03-12T10:00:00+01:00,700390800000,,0,0,G,,corrected-archive-csv
162860,Luleå-Kallax Flygplats,13,Rådande väder,"momentanvärde, 1 gång/tim resp 8 gånger/dygn",kod,1992-03-12T12:00:00Z,1992-03-12T13:00:00+01:00,700401600000,,85,85,G,,corrected-archive-csv
162860,Luleå-Kallax Flygplats,13,Rådande väder,"momentanvärde, 1 gång/tim resp 8 gånger/dygn",kod,1992-03-12T13:00:00Z,1992-03-12T14:00:00+01:00,700405200000,,85,85,Y,,corrected-archive-csv
162860,Luleå-Kallax Flygplats,13,Rådande väder,"momentanvärde, 1 gång/tim resp 8 gånger/dygn",kod,1992-03-12T14:00:00Z,1992-03-12T15:00:00+01:00,700408800000,,26,26,Y,,corrected-archive-csv
162860,Luleå-Kallax Flygplats,13,Rådande väder,"momentanvärde, 1 gång/tim resp 8 gånger/dygn",kod,1992-03-12T15:00:00Z,1992-03-12T16:00:00+01:00,700412400000,,2,2,G,,corrected-archive-csv
162860,Luleå-Kallax Flygplats,13,Rådande väder,"momentanvärde, 1 gång/tim resp 8 gånger/dygn",kod,1992-03-12T16:00:00Z,1992-03-12T17:00:00+01:00,700416000000,,85,85,Y,,corrected-archive-csv
162860,Luleå-Kallax Flygplats,13,Rådande väder,"momentanvärde, 1 gång/tim resp 8 gånger/dygn",kod,1992-03-12T17:00:00Z,1992-03-12T18:00:00+01:00,700419600000,,77,77,Y,,corrected-archive-csv
162860,Luleå-Kallax Flygplats,13,Rådande väder,"momentanvärde, 1 gång/tim resp 8 gånger/dygn",kod,1992-03-12T18:00:00Z,1992-03-12T19:00:00+01:00,700423200000,,85,85,G,,corrected-archive-csv
162860,Luleå-Kallax Flygplats,13,Rådande väder,"momentanvärde, 1 gång/tim resp 8 gånger/dygn",kod,1992-03-12T19:00:00Z,1992-03-12T20:00:00+01:00,700426800000,,73,73,Y,,corrected-archive-csv
162860,Luleå-Kallax Flygplats,13,Rådande väder,"momentanvärde, 1 gång/tim resp 8 gånger/dygn",kod,1992-03-12T20:00:00Z,1992-03-12T21:00:00+01:00,700430400000,,73,73,Y,,corrected-archive-csv
162860,Luleå-Kallax Flygplats,13,Rådande väder,"momentanvärde, 1 gång/tim resp 8 gånger/dygn",kod,1992-03-12T21:00:00Z,1992-03-12T22:00:00+01:00,700434000000,,73,73,G,,corrected-archive-csv
162860,Luleå-Kallax Flygplats,13,Rådande väder,"momentanvärde, 1 gång/tim resp 8 gånger/dygn",kod,1992-03-12T22:00:00Z,1992-03-12T23:00:00+01:00,700437600000,,73,73,Y,,corrected-archive-csv
162860,Luleå-Kallax Flygplats,13,Rådande väder,"momentanvärde, 1 gång/tim resp 8 gånger/dygn",kod,1992-03-12T23:00:00Z,1992-03-13T00:00:00+01:00,700441200000,,73,73,Y,,corrected-archive-csv
162860,Luleå-Kallax Flygplats,13,Rådande väder,"momentanvärde, 1 gång/tim resp 8 gånger/dygn",kod,1992-03-13T00:00:00Z,1992-03-13T01:00:00+01:00,700444800000,,73,73,G,,corrected-archive-csv
162860,Luleå-Kallax Flygplats,13,Rådande väder,"momentanvärde, 1 gång/tim resp 8 gånger/dygn",kod,1992-03-13T01:00:00Z,1992-03-13T02:00:00+01:00,700448400000,,71,71,Y,,corrected-archive-csv
162860,Luleå-Kallax Flygplats,13,Rådande väder,"momentanvärde, 1 gång/tim resp 8 gånger/dygn",kod,1992-03-13T02:00:00Z,1992-03-13T03:00:00+01:00,700452000000,,71,71,Y,,corrected-archive-csv
162860,Luleå-Kallax Flygplats,13,Rådande väder,"momentanvärde, 1 gång/tim resp 8 gånger/dygn",kod,1992-03-13T03:00:00Z,1992-03-13T04:00:00+01:00,700455600000,,70,70,G,,corrected-archive-csv
162860,Luleå-Kallax Flygplats,13,Rådande väder,"momentanvärde, 1 gång/tim resp 8 gånger/dygn",kod,1992-03-13T04:00:00Z,1992-03-13T05:00:00+01:00,700459200000,,70,70,Y,,corrected-archive-csv
162860,Luleå-Kallax Flygplats,13,Rådande väder,"momentanvärde, 1 gång/tim resp 8 gånger/dygn",kod,1992-03-13T05:00:00Z,1992-03-13T06:00:00+01:00,700462800000,,71,71,Y,,corrected-archive-csv
162860,Luleå-Kallax Flygplats,13,Rådande väder,"momentanvärde, 1 gång/tim resp 8 gånger/dygn",kod,1992-03-13T06:00:00Z,1992-03-13T07:00:00+01:00,700466400000,,71,71,G,,corrected-archive-csv
162860,Luleå-Kallax Flygplats,13,Rådande väder,"momentanvärde, 1 gång/tim resp 8 gånger/dygn",kod,1992-03-13T07:00:00Z,1992-03-13T08:00:00+01:00,700470000000,,22,22,Y,,corrected-archive-csv
162860,Luleå-Kallax Flygplats,13,Rådande väder,"momentanvärde, 1 gång/tim resp 8 gånger/dygn",kod,1992-03-13T08:00:00Z,1992-03-13T09:00:00+01:00,700473600000,,2,2,Y,,corrected-archive-csv
162860,Luleå-Kallax Flygplats,13,Rådande väder,"momentanvärde, 1 gång/tim resp 8 gånger/dygn",kod,1992-03-13T09:00:00Z,1992-03-13T10:00:00+01:00,700477200000,,85,85,G,,corrected-archive-csv
162860,Luleå-Kallax Flygplats,13,Rådande väder,"momentanvärde, 1 gång/tim resp 8 gånger/dygn",kod,1992-03-13T10:00:00Z,1992-03-13T11:00:00+01:00,700480800000,,85,85,Y,,corrected-archive-csv
162860,Luleå-Kallax Flygplats,13,Rådande väder,"momentanvärde, 1 gång/tim resp 8 gånger/dygn",kod,1992-03-13T11:00:00Z,1992-03-13T12:00:00+01:00,700484400000,,2,2,Y,,corrected-archive-csv
162860,Luleå-Kallax Flygplats,13,Rådande väder,"momentanvärde, 1 gång/tim resp 8 gånger/dygn",kod,1992-03-13T12:00:00Z,1992-03-13T13:00:00+01:00,700488000000,,2,2,G,,corrected-archive-csv
162860,Luleå-Kallax Flygplats,13,Rådande väder,"momentanvärde, 1 gång/tim resp 8 gånger/dygn",kod,1992-03-13T15:00:00Z,1992-03-13T16:00:00+01:00,700498800000,,0,0,G,,corrected-archive-csv
162860,Luleå-Kallax Flygplats,13,Rådande väder,"momentanvärde, 1 gång/tim resp 8 gånger/dygn",kod,1992-03-13T18:00:00Z,1992-03-13T19:00:00+01:00,700509600000,,0,0,G,,corrected-archive-csv
162860,Luleå-Kallax Flygplats,13,Rådande väder,"momentanvärde, 1 gång/tim resp 8 gånger/dygn",kod,1992-03-13T19:00:00Z,1992-03-13T20:00:00+01:00,700513200000,,85,85,Y,,corrected-archive-csv
162860,Luleå-Kallax Flygplats,13,Rådande väder,"momentanvärde, 1 gång/tim resp 8 gånger/dygn",kod,1992-03-13T20:00:00Z,1992-03-13T21:00:00+01:00,700516800000,,10,10,Y,,corrected-archive-csv
162860,Luleå-Kallax Flygplats,13,Rådande väder,"momentanvärde, 1 gång/tim resp 8 gånger/dygn",kod,1992-03-13T21:00:00Z,1992-03-13T22:00:00+01:00,700520400000,,10,10,G,,corrected-archive-csv
162860,Luleå-Kallax Flygplats,13,Rådande väder,"momentanvärde, 1 gång/tim resp 8 gånger/dygn",kod,1992-03-13T22:00:00Z,1992-03-13T23:00:00+01:00,700524000000,,10,10,Y,,corrected-archive-csv
162860,Luleå-Kallax Flygplats,13,Rådande väder,"momentanvärde, 1 gång/tim resp 8 gånger/dygn",kod,1992-03-13T23:00:00Z,1992-03-14T00:00:00+01:00,700527600000,,10,10,Y,,corrected-archive-csv
162860,Luleå-Kallax Flygplats,13,Rådande väder,"momentanvärde, 1 gång/tim resp 8 gånger/dygn",kod,1992-03-14T00:00:00Z,1992-03-14T01:00:00+01:00,700531200000,,73,73,G,,corrected-archive-csv
162860,Luleå-Kallax Flygplats,13,Rådande väder,"momentanvärde, 1 gång/tim resp 8 gånger/dygn",kod,1992-03-14T01:00:00Z,1992-03-14T02:00:00+01:00,700534800000,,73,73,Y,,corrected-archive-csv
162860,Luleå-Kallax Flygplats,13,Rådande väder,"momentanvärde, 1 gång/tim resp 8 gånger/dygn",kod,1992-03-14T02:00:00Z,1992-03-14T03:00:00+01:00,700538400000,,73,73,Y,,corrected-archive-csv
162860,Luleå-Kallax Flygplats,13,Rådande väder,"momentanvärde, 1 gång/tim resp 8 gånger/dygn",kod,1992-03-14T03:00:00Z,1992-03-14T04:00:00+01:00,700542000000,,73,73,G,,corrected-archive-csv
162860,Luleå-Kallax Flygplats,13,Rådande väder,"momentanvärde, 1 gång/tim resp 8 gånger/dygn",kod,1992-03-14T04:00:00Z,1992-03-14T05:00:00+01:00,700545600000,,73,73,Y,,corrected-archive-csv
162860,Luleå-Kallax Flygplats,13,Rådande väder,"momentanvärde, 1 gång/tim resp 8 gånger/dygn",kod,1992-03-14T05:00:00Z,1992-03-14T06:00:00+01:00,700549200000,,73,73,Y,,corrected-archive-csv
162860,Luleå-Kallax Flygplats,13,Rådande väder,"momentanvärde, 1 gång/tim resp 8 gånger/dygn",kod,1992-03-14T06:00:00Z,1992-03-14T07:00:00+01:00,700552800000,,73,73,G,,corrected-archive-csv
162860,Luleå-Kallax Flygplats,13,Rådande väder,"momentanvärde, 1 gång/tim resp 8 gånger/dygn",kod,1992-03-14T07:00:00Z,1992-03-14T08:00:00+01:00,700556400000,,71,71,Y,,corrected-archive-csv
162860,Luleå-Kallax Flygplats,13,Rådande väder,"momentanvärde, 1 gång/tim resp 8 gånger/dygn",kod,1992-03-14T08:00:00Z,1992-03-14T09:00:00+01:00,700560000000,,71,71,Y,,corrected-archive-csv
162860,Luleå-Kallax Flygplats,13,Rådande väder,"momentanvärde, 1 gång/tim resp 8 gånger/dygn",kod,1992-03-14T09:00:00Z,1992-03-14T10:00:00+01:00,700563600000,,71,71,G,,corrected-archive-csv
162860,Luleå-Kallax Flygplats,13,Rådande väder,"momentanvärde, 1 gång/tim resp 8 gånger/dygn",kod,1992-03-14T10:00:00Z,1992-03-14T11:00:00+01:00,700567200000,,71,71,Y,,corrected-archive-csv
162860,Luleå-Kallax Flygplats,13,Rådande väder,"momentanvärde, 1 gång/tim resp 8 gånger/dygn",kod,1992-03-14T11:00:00Z,1992-03-14T12:00:00+01:00,700570800000,,2,2,Y,,corrected-archive-csv
162860,Luleå-Kallax Flygplats,13,Rådande väder,"momentanvärde, 1 gång/tim resp 8 gånger/dygn",kod,1992-03-14T12:00:00Z,1992-03-14T13:00:00+01:00,700574400000,,71,71,G,,corrected-archive-csv
162860,Luleå-Kallax Flygplats,13,Rådande väder,"momentanvärde, 1 gång/tim resp 8 gånger/dygn",kod,1992-03-14T13:00:00Z,1992-03-14T14:00:00+01:00,700578000000,,73,73,Y,,corrected-archive-csv
162860,Luleå-Kallax Flygplats,13,Rådande väder,"momentanvärde, 1 gång/tim resp 8 gånger/dygn",kod,1992-03-14T14:00:00Z,1992-03-14T15:00:00+01:00,700581600000,,73,73,Y,,corrected-archive-csv
162860,Luleå-Kallax Flygplats,13,Rådande väder,"momentanvärde, 1 gång/tim resp 8 gånger/dygn",kod,1992-03-14T15:00:00Z,1992-03-14T16:00:00+01:00,700585200000,,73,73,G,,corrected-archive-csv
162860,Luleå-Kallax Flygplats,13,Rådande väder,"momentanvärde, 1 gång/tim resp 8 gånger/dygn",kod,1992-03-14T16:00:00Z,1992-03-14T17:00:00+01:00,700588800000,,10,10,Y,,corrected-archive-csv
162860,Luleå-Kallax Flygplats,13,Rådande väder,"momentanvärde, 1 gång/tim resp 8 gånger/dygn",kod,1992-03-14T17:00:00Z,1992-03-14T18:00:00+01:00,700592400000,,2,2,Y,,corrected-archive-csv
162860,Luleå-Kallax Flygplats,13,Rådande väder,"momentanvärde, 1 gång/tim resp 8 gånger/dygn",kod,1992-03-14T18:00:00Z,1992-03-14T19:00:00+01:00,700596000000,,2,2,G,,corrected-archive-csv
162860,Luleå-Kallax Flygplats,13,Rådande väder,"momentanvärde, 1 gång/tim resp 8 gånger/dygn",kod,1992-03-14T20:00:00Z,1992-03-14T21:00:00+01:00,700603200000,,10,10,Y,,corrected-archive-csv
162860,Luleå-Kallax Flygplats,13,Rådande väder,"momentanvärde, 1 gång/tim resp 8 gånger/dygn",kod,1992-03-14T21:00:00Z,1992-03-14T22:00:00+01:00,700606800000,,0,0,G,,corrected-archive-csv
162860,Luleå-Kallax Flygplats,13,Rådande väder,"momentanvärde, 1 gång/tim resp 8 gånger/dygn",kod,1992-03-15T00:00:00Z,1992-03-15T01:00:00+01:00,700617600000,,0,0,G,,corrected-archive-csv
162860,Luleå-Kallax Flygplats,13,Rådande väder,"momentanvärde, 1 gång/tim resp 8 gånger/dygn",kod,1992-03-15T03:00:00Z,1992-03-15T04:00:00+01:00,700628400000,,0,0,G,,corrected-archive-csv
162860,Luleå-Kallax Flygplats,13,Rådande väder,"momentanvärde, 1 gång/tim resp 8 gånger/dygn",kod,1992-03-15T04:00:00Z,1992-03-15T05:00:00+01:00,700632000000,,46,46,Y,,corrected-archive-csv
162860,Luleå-Kallax Flygplats,13,Rådande väder,"momentanvärde, 1 gång/tim resp 8 gånger/dygn",kod,1992-03-15T05:00:00Z,1992-03-15T06:00:00+01:00,700635600000,,45,45,Y,,corrected-archive-csv
162860,Luleå-Kallax Flygplats,13,Rådande väder,"momentanvärde, 1 gång/tim resp 8 gånger/dygn",kod,1992-03-15T06:00:00Z,1992-03-15T07:00:00+01:00,700639200000,,45,45,G,,corrected-archive-csv
162860,Luleå-Kallax Flygplats,13,Rådande väder,"momentanvärde, 1 gång/tim resp 8 gånger/dygn",kod,1992-03-15T07:00:00Z,1992-03-15T08:00:00+01:00,700642800000,,45,45,Y,,corrected-archive-csv
162860,Luleå-Kallax Flygplats,13,Rådande väder,"momentanvärde, 1 gång/tim resp 8 gånger/dygn",kod,1992-03-15T08:00:00Z,1992-03-15T09:00:00+01:00,700646400000,,45,45,Y,,corrected-archive-csv
162860,Luleå-Kallax Flygplats,13,Rådande väder,"momentanvärde, 1 gång/tim resp 8 gånger/dygn",kod,1992-03-15T09:00:00Z,1992-03-15T10:00:00+01:00,700650000000,,10,10,G,,corrected-archive-csv
162860,Luleå-Kallax Flygplats,13,Rådande väder,"momentanvärde, 1 gång/tim resp 8 gånger/dygn",kod,1992-03-15T10:00:00Z,1992-03-15T11:00:00+01:00,700653600000,,10,10,Y,,corrected-archive-csv
162860,Luleå-Kallax Flygplats,13,Rådande väder,"momentanvärde, 1 gång/tim resp 8 gånger/dygn",kod,1992-03-15T11:00:00Z,1992-03-15T12:00:00+01:00,700657200000,,10,10,Y,,corrected-archive-csv
162860,Luleå-Kallax Flygplats,13,Rådande väder,"momentanvärde, 1 gång/tim resp 8 gånger/dygn",kod,1992-03-15T12:00:00Z,1992-03-15T13:00:00+01:00,700660800000,,1,1,G,,corrected-archive-csv
162860,Luleå-Kallax Flygplats,13,Rådande väder,"momentanvärde, 1 gång/tim resp 8 gånger/dygn",kod,1992-03-15T15:00:00Z,1992-03-15T16:00:00+01:00,700671600000,,71,71,G,,corrected-archive-csv
162860,Luleå-Kallax Flygplats,13,Rådande väder,"momentanvärde, 1 gång/tim resp 8 gånger/dygn",kod,1992-03-15T16:00:00Z,1992-03-15T17:00:00+01:00,700675200000,,1,1,Y,,corrected-archive-csv
162860,Luleå-Kallax Flygplats,13,Rådande väder,"momentanvärde, 1 gång/tim resp 8 gånger/dygn",kod,1992-03-15T17:00:00Z,1992-03-15T18:00:00+01:00,700678800000,,10,10,Y,,corrected-archive-csv
162860,Luleå-Kallax Flygplats,13,Rådande väder,"momentanvärde, 1 gång/tim resp 8 gånger/dygn",kod,1992-03-15T18:00:00Z,1992-03-15T19:00:00+01:00,700682400000,,1,1,G,,corrected-archive-csv
162860,Luleå-Kallax Flygplats,13,Rådande väder,"momentanvärde, 1 gång/tim resp 8 gånger/dygn",kod,1992-03-15T21:00:00Z,1992-03-15T22:00:00+01:00,700693200000,,0,0,G,,corrected-archive-csv
162860,Luleå-Kallax Flygplats,13,Rådande väder,"momentanvärde, 1 gång/tim resp 8 gånger/dygn",kod,1992-03-16T00:00:00Z,1992-03-16T01:00:00+01:00,700704000000,,0,0,G,,corrected-archive-csv
162860,Luleå-Kallax Flygplats,13,Rådande väder,"momentanvärde, 1 gång/tim resp 8 gånger/dygn",kod,1992-03-16T03:00:00Z,1992-03-16T04:00:00+01:00,700714800000,,0,0,G,,corrected-archive-csv
162860,Luleå-Kallax Flygplats,13,Rådande väder,"momentanvärde, 1 gång/tim resp 8 gånger/dygn",kod,1992-03-16T06:00:00Z,1992-03-16T07:00:00+01:00,700725600000,,0,0,G,,corrected-archive-csv
162860,Luleå-Kallax Flygplats,13,Rådande väder,"momentanvärde, 1 gång/tim resp 8 gånger/dygn",kod,1992-03-16T09:00:00Z,1992-03-16T10:00:00+01:00,700736400000,,1,1,G,,corrected-archive-csv
162860,Luleå-Kallax Flygplats,13,Rådande väder,"momentanvärde, 1 gång/tim resp 8 gånger/dygn",kod,1992-03-16T10:00:00Z,1992-03-16T11:00:00+01:00,700740000000,,2,2,Y,,corrected-archive-csv
162860,Luleå-Kallax Flygplats,13,Rådande väder,"momentanvärde, 1 gång/tim resp 8 gånger/dygn",kod,1992-03-16T11:00:00Z,1992-03-16T12:00:00+01:00,700743600000,,2,2,Y,,corrected-archive-csv
162860,Luleå-Kallax Flygplats,13,Rådande väder,"momentanvärde, 1 gång/tim resp 8 gånger/dygn",kod,1992-03-16T12:00:00Z,1992-03-16T13:00:00+01:00,700747200000,,1,1,G,,corrected-archive-csv
162860,Luleå-Kallax Flygplats,13,Rådande väder,"momentanvärde, 1 gång/tim resp 8 gånger/dygn",kod,1992-03-16T21:00:00Z,1992-03-16T22:00:00+01:00,700779600000,,0,0,G,,corrected-archive-csv
162860,Luleå-Kallax Flygplats,13,Rådande väder,"momentanvärde, 1 gång/tim resp 8 gånger/dygn",kod,1992-03-17T00:00:00Z,1992-03-17T01:00:00+01:00,700790400000,,0,0,G,,corrected-archive-csv
162860,Luleå-Kallax Flygplats,13,Rådande väder,"momentanvärde, 1 gång/tim resp 8 gånger/dygn",kod,1992-03-17T03:00:00Z,1992-03-17T04:00:00+01:00,700801200000,,0,0,G,,corrected-archive-csv
162860,Luleå-Kallax Flygplats,13,Rådande väder,"momentanvärde, 1 gång/tim resp 8 gånger/dygn",kod,1992-03-17T06:00:00Z,1992-03-17T07:00:00+01:00,700812000000,,0,0,G,,corrected-archive-csv
162860,Luleå-Kallax Flygplats,13,Rådande väder,"momentanvärde, 1 gång/tim resp 8 gånger/dygn",kod,1992-03-17T09:00:00Z,1992-03-17T10:00:00+01:00,700822800000,,0,0,G,,corrected-archive-csv
162860,Luleå-Kallax Flygplats,13,Rådande väder,"momentanvärde, 1 gång/tim resp 8 gånger/dygn",kod,1992-03-17T12:00:00Z,1992-03-17T13:00:00+01:00,700833600000,,71,71,G,,corrected-archive-csv
162860,Luleå-Kallax Flygplats,13,Rådande väder,"momentanvärde, 1 gång/tim resp 8 gånger/dygn",kod,1992-03-17T15:00:00Z,1992-03-17T16:00:00+01:00,700844400000,,2,2,G,,corrected-archive-csv
162860,Luleå-Kallax Flygplats,13,Rådande väder,"momentanvärde, 1 gång/tim resp 8 gånger/dygn",kod,1992-03-17T18:00:00Z,1992-03-17T19:00:00+01:00,700855200000,,1,1,G,,corrected-archive-csv
162860,Luleå-Kallax Flygplats,13,Rådande väder,"momentanvärde, 1 gång/tim resp 8 gånger/dygn",kod,1992-03-18T00:00:00Z,1992-03-18T01:00:00+01:00,700876800000,,0,0,G,,corrected-archive-csv
162860,Luleå-Kallax Flygplats,13,Rådande väder,"momentanvärde, 1 gång/tim resp 8 gånger/dygn",kod,1992-03-18T03:00:00Z,1992-03-18T04:00:00+01:00,700887600000,,61,61,G,,corrected-archive-csv
162860,Luleå-Kallax Flygplats,13,Rådande väder,"momentanvärde, 1 gång/tim resp 8 gånger/dygn",kod,1992-03-18T06:00:00Z,1992-03-18T07:00:00+01:00,700898400000,,1,1,G,,corrected-archive-csv
162860,Luleå-Kallax Flygplats,13,Rådande väder,"momentanvärde, 1 gång/tim resp 8 gånger/dygn",kod,1992-03-18T09:00:00Z,1992-03-18T10:00:00+01:00,700909200000,,0,0,G,,corrected-archive-csv
162860,Luleå-Kallax Flygplats,13,Rådande väder,"momentanvärde, 1 gång/tim resp 8 gånger/dygn",kod,1992-03-18T12:00:00Z,1992-03-18T13:00:00+01:00,700920000000,,0,0,G,,corrected-archive-csv
162860,Luleå-Kallax Flygplats,13,Rådande väder,"momentanvärde, 1 gång/tim resp 8 gånger/dygn",kod,1992-03-18T15:00:00Z,1992-03-18T16:00:00+01:00,700930800000,,0,0,G,,corrected-archive-csv
162860,Luleå-Kallax Flygplats,13,Rådande väder,"momentanvärde, 1 gång/tim resp 8 gånger/dygn",kod,1992-03-18T18:00:00Z,1992-03-18T19:00:00+01:00,700941600000,,0,0,G,,corrected-archive-csv
162860,Luleå-Kallax Flygplats,13,Rådande väder,"momentanvärde, 1 gång/tim resp 8 gånger/dygn",kod,1992-03-18T21:00:00Z,1992-03-18T22:00:00+01:00,700952400000,,0,0,G,,corrected-archive-csv
162860,Luleå-Kallax Flygplats,13,Rådande väder,"momentanvärde, 1 gång/tim resp 8 gånger/dygn",kod,1992-03-19T00:00:00Z,1992-03-19T01:00:00+01:00,700963200000,,0,0,G,,corrected-archive-csv
162860,Luleå-Kallax Flygplats,13,Rådande väder,"momentanvärde, 1 gång/tim resp 8 gånger/dygn",kod,1992-03-19T03:00:00Z,1992-03-19T04:00:00+01:00,700974000000,,0,0,G,,corrected-archive-csv
162860,Luleå-Kallax Flygplats,13,Rådande väder,"momentanvärde, 1 gång/tim resp 8 gånger/dygn",kod,1992-03-19T06:00:00Z,1992-03-19T07:00:00+01:00,700984800000,,47,47,G,,corrected-archive-csv
162860,Luleå-Kallax Flygplats,13,Rådande väder,"momentanvärde, 1 gång/tim resp 8 gånger/dygn",kod,1992-03-19T09:00:00Z,1992-03-19T10:00:00+01:00,700995600000,,63,63,G,,corrected-archive-csv
162860,Luleå-Kallax Flygplats,13,Rådande väder,"momentanvärde, 1 gång/tim resp 8 gånger/dygn",kod,1992-03-19T12:00:00Z,1992-03-19T13:00:00+01:00,701006400000,,10,10,G,,corrected-archive-csv
162860,Luleå-Kallax Flygplats,13,Rådande väder,"momentanvärde, 1 gång/tim resp 8 gånger/dygn",kod,1992-03-19T15:00:00Z,1992-03-19T16:00:00+01:00,701017200000,,10,10,G,,corrected-archive-csv
162860,Luleå-Kallax Flygplats,13,Rådande väder,"momentanvärde, 1 gång/tim resp 8 gånger/dygn",kod,1992-03-19T18:00:00Z,1992-03-19T19:00:00+01:00,701028000000,,61,61,G,,corrected-archive-csv
162860,Luleå-Kallax Flygplats,13,Rådande väder,"momentanvärde, 1 gång/tim resp 8 gånger/dygn",kod,1992-03-19T21:00:00Z,1992-03-19T22:00:00+01:00,701038800000,,20,20,G,,corrected-archive-csv
162860,Luleå-Kallax Flygplats,13,Rådande väder,"momentanvärde, 1 gång/tim resp 8 gånger/dygn",kod,1992-03-20T00:00:00Z,1992-03-20T01:00:00+01:00,701049600000,,61,61,G,,corrected-archive-csv
162860,Luleå-Kallax Flygplats,13,Rådande väder,"momentanvärde, 1 gång/tim resp 8 gånger/dygn",kod,1992-03-20T03:00:00Z,1992-03-20T04:00:00+01:00,701060400000,,61,61,G,,corrected-archive-csv
162860,Luleå-Kallax Flygplats,13,Rådande väder,"momentanvärde, 1 gång/tim resp 8 gånger/dygn",kod,1992-03-20T06:00:00Z,1992-03-20T07:00:00+01:00,701071200000,,45,45,G,,corrected-archive-csv
162860,Luleå-Kallax Flygplats,13,Rådande väder,"momentanvärde, 1 gång/tim resp 8 gånger/dygn",kod,1992-03-20T09:00:00Z,1992-03-20T10:00:00+01:00,701082000000,,2,2,G,,corrected-archive-csv
162860,Luleå-Kallax Flygplats,13,Rådande väder,"momentanvärde, 1 gång/tim resp 8 gånger/dygn",kod,1992-03-20T12:00:00Z,1992-03-20T13:00:00+01:00,701092800000,,2,2,G,,corrected-archive-csv
162860,Luleå-Kallax Flygplats,13,Rådande väder,"momentanvärde, 1 gång/tim resp 8 gånger/dygn",kod,1992-03-20T15:00:00Z,1992-03-20T16:00:00+01:00,701103600000,,0,0,G,,corrected-archive-csv
162860,Luleå-Kallax Flygplats,13,Rådande väder,"momentanvärde, 1 gång/tim resp 8 gånger/dygn",kod,1992-03-20T18:00:00Z,1992-03-20T19:00:00+01:00,701114400000,,0,0,G,,corrected-archive-csv
162860,Luleå-Kallax Flygplats,13,Rådande väder,"momentanvärde, 1 gång/tim resp 8 gånger/dygn",kod,1992-03-20T21:00:00Z,1992-03-20T22:00:00+01:00,701125200000,,0,0,G,,corrected-archive-csv
162860,Luleå-Kallax Flygplats,13,Rådande väder,"momentanvärde, 1 gång/tim resp 8 gånger/dygn",kod,1992-03-21T00:00:00Z,1992-03-21T01:00:00+01:00,701136000000,,0,0,G,,corrected-archive-csv
162860,Luleå-Kallax Flygplats,13,Rådande väder,"momentanvärde, 1 gång/tim resp 8 gånger/dygn",kod,1992-03-21T03:00:00Z,1992-03-21T04:00:00+01:00,701146800000,,0,0,G,,corrected-archive-csv
162860,Luleå-Kallax Flygplats,13,Rådande väder,"momentanvärde, 1 gång/tim resp 8 gånger/dygn",kod,1992-03-21T06:00:00Z,1992-03-21T07:00:00+01:00,701157600000,,0,0,G,,corrected-archive-csv
162860,Luleå-Kallax Flygplats,13,Rådande väder,"momentanvärde, 1 gång/tim resp 8 gånger/dygn",kod,1992-03-21T12:00:00Z,1992-03-21T13:00:00+01:00,701179200000,,0,0,G,,corrected-archive-csv
162860,Luleå-Kallax Flygplats,13,Rådande väder,"momentanvärde, 1 gång/tim resp 8 gånger/dygn",kod,1992-03-21T15:00:00Z,1992-03-21T16:00:00+01:00,701190000000,,0,0,G,,corrected-archive-csv
162860,Luleå-Kallax Flygplats,13,Rådande väder,"momentanvärde, 1 gång/tim resp 8 gånger/dygn",kod,1992-03-21T18:00:00Z,1992-03-21T19:00:00+01:00,701200800000,,0,0,G,,corrected-archive-csv
162860,Luleå-Kallax Flygplats,13,Rådande väder,"momentanvärde, 1 gång/tim resp 8 gånger/dygn",kod,1992-03-21T21:00:00Z,1992-03-21T22:00:00+01:00,701211600000,,45,45,G,,corrected-archive-csv
162860,Luleå-Kallax Flygplats,13,Rådande väder,"momentanvärde, 1 gång/tim resp 8 gånger/dygn",kod,1992-03-22T00:00:00Z,1992-03-22T01:00:00+01:00,701222400000,,49,49,G,,corrected-archive-csv
162860,Luleå-Kallax Flygplats,13,Rådande väder,"momentanvärde, 1 gång/tim resp 8 gånger/dygn",kod,1992-03-22T03:00:00Z,1992-03-22T04:00:00+01:00,701233200000,,49,49,G,,corrected-archive-csv
162860,Luleå-Kallax Flygplats,13,Rådande väder,"momentanvärde, 1 gång/tim resp 8 gånger/dygn",kod,1992-03-22T06:00:00Z,1992-03-22T07:00:00+01:00,701244000000,,45,45,G,,corrected-archive-csv
162860,Luleå-Kallax Flygplats,13,Rådande väder,"momentanvärde, 1 gång/tim resp 8 gånger/dygn",kod,1992-03-22T09:00:00Z,1992-03-22T10:00:00+01:00,701254800000,,47,47,G,,corrected-archive-csv
162860,Luleå-Kallax Flygplats,13,Rådande väder,"momentanvärde, 1 gång/tim resp 8 gånger/dygn",kod,1992-03-22T12:00:00Z,1992-03-22T13:00:00+01:00,701265600000,,10,10,G,,corrected-archive-csv
162860,Luleå-Kallax Flygplats,13,Rådande väder,"momentanvärde, 1 gång/tim resp 8 gånger/dygn",kod,1992-03-22T15:00:00Z,1992-03-22T16:00:00+01:00,701276400000,,0,0,G,,corrected-archive-csv
162860,Luleå-Kallax Flygplats,13,Rådande väder,"momentanvärde, 1 gång/tim resp 8 gånger/dygn",kod,1992-03-22T18:00:00Z,1992-03-22T19:00:00+01:00,701287200000,,10,10,G,,corrected-archive-csv
162860,Luleå-Kallax Flygplats,13,Rådande väder,"momentanvärde, 1 gång/tim resp 8 gånger/dygn",kod,1992-03-22T21:00:00Z,1992-03-22T22:00:00+01:00,701298000000,,47,47,G,,corrected-archive-csv
162860,Luleå-Kallax Flygplats,13,Rådande väder,"momentanvärde, 1 gång/tim resp 8 gånger/dygn",kod,1992-03-23T00:00:00Z,1992-03-23T01:00:00+01:00,701308800000,,10,10,G,,corrected-archive-csv
162860,Luleå-Kallax Flygplats,13,Rådande väder,"momentanvärde, 1 gång/tim resp 8 gånger/dygn",kod,1992-03-23T03:00:00Z,1992-03-23T04:00:00+01:00,701319600000,,61,61,G,,corrected-archive-csv
162860,Luleå-Kallax Flygplats,13,Rådande väder,"momentanvärde, 1 gång/tim resp 8 gånger/dygn",kod,1992-03-23T06:00:00Z,1992-03-23T07:00:00+01:00,701330400000,,71,71,G,,corrected-archive-csv
162860,Luleå-Kallax Flygplats,13,Rådande väder,"momentanvärde, 1 gång/tim resp 8 gånger/dygn",kod,1992-03-23T09:00:00Z,1992-03-23T10:00:00+01:00,701341200000,,71,71,G,,corrected-archive-csv
162860,Luleå-Kallax Flygplats,13,Rådande väder,"momentanvärde, 1 gång/tim resp 8 gånger/dygn",kod,1992-03-23T12:00:00Z,1992-03-23T13:00:00+01:00,701352000000,,71,71,G,,corrected-archive-csv
162860,Luleå-Kallax Flygplats,13,Rådande väder,"momentanvärde, 1 gång/tim resp 8 gånger/dygn",kod,1992-03-23T15:00:00Z,1992-03-23T16:00:00+01:00,701362800000,,1,1,G,,corrected-archive-csv
162860,Luleå-Kallax Flygplats,13,Rådande väder,"momentanvärde, 1 gång/tim resp 8 gånger/dygn",kod,1992-03-23T18:00:00Z,1992-03-23T19:00:00+01:00,701373600000,,1,1,G,,corrected-archive-csv
162860,Luleå-Kallax Flygplats,13,Rådande väder,"momentanvärde, 1 gång/tim resp 8 gånger/dygn",kod,1992-03-23T21:00:00Z,1992-03-23T22:00:00+01:00,701384400000,,0,0,G,,corrected-archive-csv
162860,Luleå-Kallax Flygplats,13,Rådande väder,"momentanvärde, 1 gång/tim resp 8 gånger/dygn",kod,1992-03-24T00:00:00Z,1992-03-24T01:00:00+01:00,701395200000,,0,0,G,,corrected-archive-csv
162860,Luleå-Kallax Flygplats,13,Rådande väder,"momentanvärde, 1 gång/tim resp 8 gånger/dygn",kod,1992-03-24T03:00:00Z,1992-03-24T04:00:00+01:00,701406000000,,0,0,G,,corrected-archive-csv
162860,Luleå-Kallax Flygplats,13,Rådande väder,"momentanvärde, 1 gång/tim resp 8 gånger/dygn",kod,1992-03-24T09:00:00Z,1992-03-24T10:00:00+01:00,701427600000,,0,0,G,,corrected-archive-csv
162860,Luleå-Kallax Flygplats,13,Rådande väder,"momentanvärde, 1 gång/tim resp 8 gånger/dygn",kod,1992-03-24T12:00:00Z,1992-03-24T13:00:00+01:00,701438400000,,0,0,G,,corrected-archive-csv
162860,Luleå-Kallax Flygplats,13,Rådande väder,"momentanvärde, 1 gång/tim resp 8 gånger/dygn",kod,1992-03-24T15:00:00Z,1992-03-24T16:00:00+01:00,701449200000,,0,0,G,,corrected-archive-csv
162860,Luleå-Kallax Flygplats,13,Rådande väder,"momentanvärde, 1 gång/tim resp 8 gånger/dygn",kod,1992-03-24T21:00:00Z,1992-03-24T22:00:00+01:00,701470800000,,0,0,G,,corrected-archive-csv
162860,Luleå-Kallax Flygplats,13,Rådande väder,"momentanvärde, 1 gång/tim resp 8 gånger/dygn",kod,1992-03-25T00:00:00Z,1992-03-25T01:00:00+01:00,701481600000,,0,0,G,,corrected-archive-csv
162860,Luleå-Kallax Flygplats,13,Rådande väder,"momentanvärde, 1 gång/tim resp 8 gånger/dygn",kod,1992-03-25T03:00:00Z,1992-03-25T04:00:00+01:00,701492400000,,0,0,G,,corrected-archive-csv
162860,Luleå-Kallax Flygplats,13,Rådande väder,"momentanvärde, 1 gång/tim resp 8 gånger/dygn",kod,1992-03-25T06:00:00Z,1992-03-25T07:00:00+01:00,701503200000,,14,14,G,,corrected-archive-csv
162860,Luleå-Kallax Flygplats,13,Rådande väder,"momentanvärde, 1 gång/tim resp 8 gånger/dygn",kod,1992-03-25T09:00:00Z,1992-03-25T10:00:00+01:00,701514000000,,0,0,G,,corrected-archive-csv
162860,Luleå-Kallax Flygplats,13,Rådande väder,"momentanvärde, 1 gång/tim resp 8 gånger/dygn",kod,1992-03-25T12:00:00Z,1992-03-25T13:00:00+01:00,701524800000,,0,0,G,,corrected-archive-csv
162860,Luleå-Kallax Flygplats,13,Rådande väder,"momentanvärde, 1 gång/tim resp 8 gånger/dygn",kod,1992-03-25T15:00:00Z,1992-03-25T16:00:00+01:00,701535600000,,0,0,G,,corrected-archive-csv
162860,Luleå-Kallax Flygplats,13,Rådande väder,"momentanvärde, 1 gång/tim resp 8 gånger/dygn",kod,1992-03-25T18:00:00Z,1992-03-25T19:00:00+01:00,701546400000,,0,0,G,,corrected-archive-csv
162860,Luleå-Kallax Flygplats,13,Rådande väder,"momentanvärde, 1 gång/tim resp 8 gånger/dygn",kod,1992-03-25T21:00:00Z,1992-03-25T22:00:00+01:00,701557200000,,0,0,G,,corrected-archive-csv
162860,Luleå-Kallax Flygplats,13,Rådande väder,"momentanvärde, 1 gång/tim resp 8 gånger/dygn",kod,1992-03-26T00:00:00Z,1992-03-26T01:00:00+01:00,701568000000,,0,0,G,,corrected-archive-csv
162860,Luleå-Kallax Flygplats,13,Rådande väder,"momentanvärde, 1 gång/tim resp 8 gånger/dygn",kod,1992-03-26T03:00:00Z,1992-03-26T04:00:00+01:00,701578800000,,0,0,G,,corrected-archive-csv
162860,Luleå-Kallax Flygplats,13,Rådande väder,"momentanvärde, 1 gång/tim resp 8 gånger/dygn",kod,1992-03-26T06:00:00Z,1992-03-26T07:00:00+01:00,701589600000,,0,0,G,,corrected-archive-csv
162860,Luleå-Kallax Flygplats,13,Rådande väder,"momentanvärde, 1 gång/tim resp 8 gånger/dygn",kod,1992-03-26T09:00:00Z,1992-03-26T10:00:00+01:00,701600400000,,0,0,G,,corrected-archive-csv
162860,Luleå-Kallax Flygplats,13,Rådande väder,"momentanvärde, 1 gång/tim resp 8 gånger/dygn",kod,1992-03-26T12:00:00Z,1992-03-26T13:00:00+01:00,701611200000,,0,0,G,,corrected-archive-csv
162860,Luleå-Kallax Flygplats,13,Rådande väder,"momentanvärde, 1 gång/tim resp 8 gånger/dygn",kod,1992-03-26T15:00:00Z,1992-03-26T16:00:00+01:00,701622000000,,0,0,G,,corrected-archive-csv
162860,Luleå-Kallax Flygplats,13,Rådande väder,"momentanvärde, 1 gång/tim resp 8 gånger/dygn",kod,1992-03-26T18:00:00Z,1992-03-26T19:00:00+01:00,701632800000,,0,0,G,,corrected-archive-csv
162860,Luleå-Kallax Flygplats,13,Rådande väder,"momentanvärde, 1 gång/tim resp 8 gånger/dygn",kod,1992-03-26T21:00:00Z,1992-03-26T22:00:00+01:00,701643600000,,0,0,G,,corrected-archive-csv
162860,Luleå-Kallax Flygplats,13,Rådande väder,"momentanvärde, 1 gång/tim resp 8 gånger/dygn",kod,1992-03-27T00:00:00Z,1992-03-27T01:00:00+01:00,701654400000,,0,0,G,,corrected-archive-csv
162860,Luleå-Kallax Flygplats,13,Rådande väder,"momentanvärde, 1 gång/tim resp 8 gånger/dygn",kod,1992-03-27T03:00:00Z,1992-03-27T04:00:00+01:00,701665200000,,0,0,G,,corrected-archive-csv
162860,Luleå-Kallax Flygplats,13,Rådande väder,"momentanvärde, 1 gång/tim resp 8 gånger/dygn",kod,1992-03-27T06:00:00Z,1992-03-27T07:00:00+01:00,701676000000,,0,0,G,,corrected-archive-csv
162860,Luleå-Kallax Flygplats,13,Rådande väder,"momentanvärde, 1 gång/tim resp 8 gånger/dygn",kod,1992-03-27T09:00:00Z,1992-03-27T10:00:00+01:00,701686800000,,2,2,G,,corrected-archive-csv
162860,Luleå-Kallax Flygplats,13,Rådande väder,"momentanvärde, 1 gång/tim resp 8 gånger/dygn",kod,1992-03-27T12:00:00Z,1992-03-27T13:00:00+01:00,701697600000,,2,2,G,,corrected-archive-csv
162860,Luleå-Kallax Flygplats,13,Rådande väder,"momentanvärde, 1 gång/tim resp 8 gånger/dygn",kod,1992-03-27T15:00:00Z,1992-03-27T16:00:00+01:00,701708400000,,71,71,G,,corrected-archive-csv
162860,Luleå-Kallax Flygplats,13,Rådande väder,"momentanvärde, 1 gång/tim resp 8 gånger/dygn",kod,1992-03-27T18:00:00Z,1992-03-27T19:00:00+01:00,701719200000,,73,73,G,,corrected-archive-csv
162860,Luleå-Kallax Flygplats,13,Rådande väder,"momentanvärde, 1 gång/tim resp 8 gånger/dygn",kod,1992-03-27T21:00:00Z,1992-03-27T22:00:00+01:00,701730000000,,71,71,G,,corrected-archive-csv
162860,Luleå-Kallax Flygplats,13,Rådande väder,"momentanvärde, 1 gång/tim resp 8 gånger/dygn",kod,1992-03-28T00:00:00Z,1992-03-28T01:00:00+01:00,701740800000,,71,71,G,,corrected-archive-csv
162860,Luleå-Kallax Flygplats,13,Rådande väder,"momentanvärde, 1 gång/tim resp 8 gånger/dygn",kod,1992-03-28T03:00:00Z,1992-03-28T04:00:00+01:00,701751600000,,71,71,G,,corrected-archive-csv
162860,Luleå-Kallax Flygplats,13,Rådande väder,"momentanvärde, 1 gång/tim resp 8 gånger/dygn",kod,1992-03-28T06:00:00Z,1992-03-28T07:00:00+01:00,701762400000,,2,2,G,,corrected-archive-csv
162860,Luleå-Kallax Flygplats,13,Rådande väder,"momentanvärde, 1 gång/tim resp 8 gånger/dygn",kod,1992-03-28T09:00:00Z,1992-03-28T10:00:00+01:00,701773200000,,0,0,G,,corrected-archive-csv
162860,Luleå-Kallax Flygplats,13,Rådande väder,"momentanvärde, 1 gång/tim resp 8 gånger/dygn",kod,1992-03-28T12:00:00Z,1992-03-28T13:00:00+01:00,701784000000,,0,0,G,,corrected-archive-csv
162860,Luleå-Kallax Flygplats,13,Rådande väder,"momentanvärde, 1 gång/tim resp 8 gånger/dygn",kod,1992-03-28T15:00:00Z,1992-03-28T16:00:00+01:00,701794800000,,0,0,G,,corrected-archive-csv
162860,Luleå-Kallax Flygplats,13,Rådande väder,"momentanvärde, 1 gång/tim resp 8 gånger/dygn",kod,1992-03-28T18:00:00Z,1992-03-28T19:00:00+01:00,701805600000,,0,0,G,,corrected-archive-csv
162860,Luleå-Kallax Flygplats,13,Rådande väder,"momentanvärde, 1 gång/tim resp 8 gånger/dygn",kod,1992-03-28T21:00:00Z,1992-03-28T22:00:00+01:00,701816400000,,0,0,G,,corrected-archive-csv
162860,Luleå-Kallax Flygplats,13,Rådande väder,"momentanvärde, 1 gång/tim resp 8 gånger/dygn",kod,1992-03-29T00:00:00Z,1992-03-29T01:00:00+01:00,701827200000,,0,0,G,,corrected-archive-csv
162860,Luleå-Kallax Flygplats,13,Rådande väder,"momentanvärde, 1 gång/tim resp 8 gånger/dygn",kod,1992-03-29T03:00:00Z,1992-03-29T05:00:00+02:00,701838000000,,0,0,G,,corrected-archive-csv
162860,Luleå-Kallax Flygplats,13,Rådande väder,"momentanvärde, 1 gång/tim resp 8 gånger/dygn",kod,1992-03-29T06:00:00Z,1992-03-29T08:00:00+02:00,701848800000,,0,0,G,,corrected-archive-csv
162860,Luleå-Kallax Flygplats,13,Rådande väder,"momentanvärde, 1 gång/tim resp 8 gånger/dygn",kod,1992-03-29T09:00:00Z,1992-03-29T11:00:00+02:00,701859600000,,22,22,G,,corrected-archive-csv
162860,Luleå-Kallax Flygplats,13,Rådande väder,"momentanvärde, 1 gång/tim resp 8 gånger/dygn",kod,1992-03-29T12:00:00Z,1992-03-29T14:00:00+02:00,701870400000,,71,71,G,,corrected-archive-csv
162860,Luleå-Kallax Flygplats,13,Rådande väder,"momentanvärde, 1 gång/tim resp 8 gånger/dygn",kod,1992-03-29T15:00:00Z,1992-03-29T17:00:00+02:00,701881200000,,71,71,G,,corrected-archive-csv
162860,Luleå-Kallax Flygplats,13,Rådande väder,"momentanvärde, 1 gång/tim resp 8 gånger/dygn",kod,1992-03-29T18:00:00Z,1992-03-29T20:00:00+02:00,701892000000,,22,22,G,,corrected-archive-csv
162860,Luleå-Kallax Flygplats,13,Rådande väder,"momentanvärde, 1 gång/tim resp 8 gånger/dygn",kod,1992-03-29T21:00:00Z,1992-03-29T23:00:00+02:00,701902800000,,0,0,G,,corrected-archive-csv
162860,Luleå-Kallax Flygplats,13,Rådande väder,"momentanvärde, 1 gång/tim resp 8 gånger/dygn",kod,1992-03-30T00:00:00Z,1992-03-30T02:00:00+02:00,701913600000,,0,0,G,,corrected-archive-csv
162860,Luleå-Kallax Flygplats,13,Rådande väder,"momentanvärde, 1 gång/tim resp 8 gånger/dygn",kod,1992-03-30T03:00:00Z,1992-03-30T05:00:00+02:00,701924400000,,0,0,G,,corrected-archive-csv
162860,Luleå-Kallax Flygplats,13,Rådande väder,"momentanvärde, 1 gång/tim resp 8 gånger/dygn",kod,1992-03-30T06:00:00Z,1992-03-30T08:00:00+02:00,701935200000,,77,77,G,,corrected-archive-csv
162860,Luleå-Kallax Flygplats,13,Rådande väder,"momentanvärde, 1 gång/tim resp 8 gånger/dygn",kod,1992-03-30T09:00:00Z,1992-03-30T11:00:00+02:00,701946000000,,85,85,G,,corrected-archive-csv
162860,Luleå-Kallax Flygplats,13,Rådande väder,"momentanvärde, 1 gång/tim resp 8 gånger/dygn",kod,1992-03-30T12:00:00Z,1992-03-30T14:00:00+02:00,701956800000,,2,2,G,,corrected-archive-csv
162860,Luleå-Kallax Flygplats,13,Rådande väder,"momentanvärde, 1 gång/tim resp 8 gånger/dygn",kod,1992-03-30T15:00:00Z,1992-03-30T17:00:00+02:00,701967600000,,2,2,G,,corrected-archive-csv
162860,Luleå-Kallax Flygplats,13,Rådande väder,"momentanvärde, 1 gång/tim resp 8 gånger/dygn",kod,1992-03-30T18:00:00Z,1992-03-30T20:00:00+02:00,701978400000,,71,71,G,,corrected-archive-csv
162860,Luleå-Kallax Flygplats,13,Rådande väder,"momentanvärde, 1 gång/tim resp 8 gånger/dygn",kod,1992-03-30T21:00:00Z,1992-03-30T23:00:00+02:00,701989200000,,71,71,G,,corrected-archive-csv
162860,Luleå-Kallax Flygplats,13,Rådande väder,"momentanvärde, 1 gång/tim resp 8 gånger/dygn",kod,1992-03-31T00:00:00Z,1992-03-31T02:00:00+02:00,702000000000,,71,71,G,,corrected-archive-csv
162860,Luleå-Kallax Flygplats,13,Rådande väder,"momentanvärde, 1 gång/tim resp 8 gånger/dygn",kod,1992-03-31T03:00:00Z,1992-03-31T05:00:00+02:00,702010800000,,71,71,G,,corrected-archive-csv
162860,Luleå-Kallax Flygplats,13,Rådande väder,"momentanvärde, 1 gång/tim resp 8 gånger/dygn",kod,1992-03-31T06:00:00Z,1992-03-31T08:00:00+02:00,702021600000,,71,71,G,,corrected-archive-csv
162860,Luleå-Kallax Flygplats,13,Rådande väder,"momentanvärde, 1 gång/tim resp 8 gånger/dygn",kod,1992-03-31T09:00:00Z,1992-03-31T11:00:00+02:00,702032400000,,71,71,G,,corrected-archive-csv
162860,Luleå-Kallax Flygplats,13,Rådande väder,"momentanvärde, 1 gång/tim resp 8 gånger/dygn",kod,1992-03-31T12:00:00Z,1992-03-31T14:00:00+02:00,702043200000,,71,71,G,,corrected-archive-csv
162860,Luleå-Kallax Flygplats,13,Rådande väder,"momentanvärde, 1 gång/tim resp 8 gånger/dygn",kod,1992-03-31T15:00:00Z,1992-03-31T17:00:00+02:00,702054000000,,73,73,G,,corrected-archive-csv
162860,Luleå-Kallax Flygplats,13,Rådande väder,"momentanvärde, 1 gång/tim resp 8 gånger/dygn",kod,1992-03-31T18:00:00Z,1992-03-31T20:00:00+02:00,702064800000,,73,73,G,,corrected-archive-csv
162860,Luleå-Kallax Flygplats,13,Rådande väder,"momentanvärde, 1 gång/tim resp 8 gånger/dygn",kod,1992-03-31T21:00:00Z,1992-03-31T23:00:00+02:00,702075600000,,70,70,G,,corrected-archive-csv
162860,Luleå-Kallax Flygplats,13,Rådande väder,"momentanvärde, 1 gång/tim resp 8 gånger/dygn",kod,1992-04-01T00:00:00Z,1992-04-01T02:00:00+02:00,702086400000,,3,3,G,,corrected-archive-csv
162860,Luleå-Kallax Flygplats,13,Rådande väder,"momentanvärde, 1 gång/tim resp 8 gånger/dygn",kod,1992-04-01T03:00:00Z,1992-04-01T05:00:00+02:00,702097200000,,70,70,G,,corrected-archive-csv
162860,Luleå-Kallax Flygplats,13,Rådande väder,"momentanvärde, 1 gång/tim resp 8 gånger/dygn",kod,1992-04-01T06:00:00Z,1992-04-01T08:00:00+02:00,702108000000,,71,71,G,,corrected-archive-csv
162860,Luleå-Kallax Flygplats,13,Rådande väder,"momentanvärde, 1 gång/tim resp 8 gånger/dygn",kod,1992-04-01T09:00:00Z,1992-04-01T11:00:00+02:00,702118800000,,73,73,G,,corrected-archive-csv
162860,Luleå-Kallax Flygplats,13,Rådande väder,"momentanvärde, 1 gång/tim resp 8 gånger/dygn",kod,1992-04-01T12:00:00Z,1992-04-01T14:00:00+02:00,702129600000,,71,71,G,,corrected-archive-csv
162860,Luleå-Kallax Flygplats,13,Rådande väder,"momentanvärde, 1 gång/tim resp 8 gånger/dygn",kod,1992-04-01T15:00:00Z,1992-04-01T17:00:00+02:00,702140400000,,2,2,G,,corrected-archive-csv
162860,Luleå-Kallax Flygplats,13,Rådande väder,"momentanvärde, 1 gång/tim resp 8 gånger/dygn",kod,1992-04-01T18:00:00Z,1992-04-01T20:00:00+02:00,702151200000,,2,2,G,,corrected-archive-csv
162860,Luleå-Kallax Flygplats,13,Rådande väder,"momentanvärde, 1 gång/tim resp 8 gånger/dygn",kod,1992-04-01T21:00:00Z,1992-04-01T23:00:00+02:00,702162000000,,0,0,G,,corrected-archive-csv
162860,Luleå-Kallax Flygplats,13,Rådande väder,"momentanvärde, 1 gång/tim resp 8 gånger/dygn",kod,1992-04-02T00:00:00Z,1992-04-02T02:00:00+02:00,702172800000,,0,0,G,,corrected-archive-csv
162860,Luleå-Kallax Flygplats,13,Rådande väder,"momentanvärde, 1 gång/tim resp 8 gånger/dygn",kod,1992-04-02T03:00:00Z,1992-04-02T05:00:00+02:00,702183600000,,0,0,G,,corrected-archive-csv
162860,Luleå-Kallax Flygplats,13,Rådande väder,"momentanvärde, 1 gång/tim resp 8 gånger/dygn",kod,1992-04-02T06:00:00Z,1992-04-02T08:00:00+02:00,702194400000,,0,0,G,,corrected-archive-csv
162860,Luleå-Kallax Flygplats,13,Rådande väder,"momentanvärde, 1 gång/tim resp 8 gånger/dygn",kod,1992-04-02T09:00:00Z,1992-04-02T11:00:00+02:00,702205200000,,0,0,G,,corrected-archive-csv
162860,Luleå-Kallax Flygplats,13,Rådande väder,"momentanvärde, 1 gång/tim resp 8 gånger/dygn",kod,1992-04-02T12:00:00Z,1992-04-02T14:00:00+02:00,702216000000,,0,0,G,,corrected-archive-csv
162860,Luleå-Kallax Flygplats,13,Rådande väder,"momentanvärde, 1 gång/tim resp 8 gånger/dygn",kod,1992-04-02T15:00:00Z,1992-04-02T17:00:00+02:00,702226800000,,0,0,G,,corrected-archive-csv
162860,Luleå-Kallax Flygplats,13,Rådande väder,"momentanvärde, 1 gång/tim resp 8 gånger/dygn",kod,1992-04-02T18:00:00Z,1992-04-02T20:00:00+02:00,702237600000,,0,0,G,,corrected-archive-csv
162860,Luleå-Kallax Flygplats,13,Rådande väder,"momentanvärde, 1 gång/tim resp 8 gånger/dygn",kod,1992-04-02T21:00:00Z,1992-04-02T23:00:00+02:00,702248400000,,0,0,G,,corrected-archive-csv
162860,Luleå-Kallax Flygplats,13,Rådande väder,"momentanvärde, 1 gång/tim resp 8 gånger/dygn",kod,1992-04-03T00:00:00Z,1992-04-03T02:00:00+02:00,702259200000,,0,0,G,,corrected-archive-csv
162860,Luleå-Kallax Flygplats,13,Rådande väder,"momentanvärde, 1 gång/tim resp 8 gånger/dygn",kod,1992-04-03T03:00:00Z,1992-04-03T05:00:00+02:00,702270000000,,0,0,G,,corrected-archive-csv
162860,Luleå-Kallax Flygplats,13,Rådande väder,"momentanvärde, 1 gång/tim resp 8 gånger/dygn",kod,1992-04-03T06:00:00Z,1992-04-03T08:00:00+02:00,702280800000,,0,0,G,,corrected-archive-csv
162860,Luleå-Kallax Flygplats,13,Rådande väder,"momentanvärde, 1 gång/tim resp 8 gånger/dygn",kod,1992-04-03T09:00:00Z,1992-04-03T11:00:00+02:00,702291600000,,71,71,G,,corrected-archive-csv
162860,Luleå-Kallax Flygplats,13,Rådande väder,"momentanvärde, 1 gång/tim resp 8 gånger/dygn",kod,1992-04-03T12:00:00Z,1992-04-03T14:00:00+02:00,702302400000,,71,71,G,,corrected-archive-csv
162860,Luleå-Kallax Flygplats,13,Rådande väder,"momentanvärde, 1 gång/tim resp 8 gånger/dygn",kod,1992-04-03T15:00:00Z,1992-04-03T17:00:00+02:00,702313200000,,71,71,G,,corrected-archive-csv
162860,Luleå-Kallax Flygplats,13,Rådande väder,"momentanvärde, 1 gång/tim resp 8 gånger/dygn",kod,1992-04-03T18:00:00Z,1992-04-03T20:00:00+02:00,702324000000,,71,71,G,,corrected-archive-csv
162860,Luleå-Kallax Flygplats,13,Rådande väder,"momentanvärde, 1 gång/tim resp 8 gånger/dygn",kod,1992-04-03T21:00:00Z,1992-04-03T23:00:00+02:00,702334800000,,2,2,G,,corrected-archive-csv
162860,Luleå-Kallax Flygplats,13,Rådande väder,"momentanvärde, 1 gång/tim resp 8 gånger/dygn",kod,1992-04-04T00:00:00Z,1992-04-04T02:00:00+02:00,702345600000,,1,1,G,,corrected-archive-csv
162860,Luleå-Kallax Flygplats,13,Rådande väder,"momentanvärde, 1 gång/tim resp 8 gånger/dygn",kod,1992-04-04T03:00:00Z,1992-04-04T05:00:00+02:00,702356400000,,0,0,G,,corrected-archive-csv
162860,Luleå-Kallax Flygplats,13,Rådande väder,"momentanvärde, 1 gång/tim resp 8 gånger/dygn",kod,1992-04-04T06:00:00Z,1992-04-04T08:00:00+02:00,702367200000,,0,0,G,,corrected-archive-csv
162860,Luleå-Kallax Flygplats,13,Rådande väder,"momentanvärde, 1 gång/tim resp 8 gånger/dygn",kod,1992-04-04T09:00:00Z,1992-04-04T11:00:00+02:00,702378000000,,0,0,G,,corrected-archive-csv
162860,Luleå-Kallax Flygplats,13,Rådande väder,"momentanvärde, 1 gång/tim resp 8 gånger/dygn",kod,1992-04-04T12:00:00Z,1992-04-04T14:00:00+02:00,702388800000,,0,0,G,,corrected-archive-csv
162860,Luleå-Kallax Flygplats,13,Rådande väder,"momentanvärde, 1 gång/tim resp 8 gånger/dygn",kod,1992-04-04T15:00:00Z,1992-04-04T17:00:00+02:00,702399600000,,0,0,G,,corrected-archive-csv
162860,Luleå-Kallax Flygplats,13,Rådande väder,"momentanvärde, 1 gång/tim resp 8 gånger/dygn",kod,1992-04-04T18:00:00Z,1992-04-04T20:00:00+02:00,702410400000,,0,0,G,,corrected-archive-csv
162860,Luleå-Kallax Flygplats,13,Rådande väder,"momentanvärde, 1 gång/tim resp 8 gånger/dygn",kod,1992-04-04T21:00:00Z,1992-04-04T23:00:00+02:00,702421200000,,0,0,G,,corrected-archive-csv
162860,Luleå-Kallax Flygplats,13,Rådande väder,"momentanvärde, 1 gång/tim resp 8 gånger/dygn",kod,1992-04-05T00:00:00Z,1992-04-05T02:00:00+02:00,702432000000,,0,0,G,,corrected-archive-csv
162860,Luleå-Kallax Flygplats,13,Rådande väder,"momentanvärde, 1 gång/tim resp 8 gånger/dygn",kod,1992-04-05T03:00:00Z,1992-04-05T05:00:00+02:00,702442800000,,0,0,G,,corrected-archive-csv
162860,Luleå-Kallax Flygplats,13,Rådande väder,"momentanvärde, 1 gång/tim resp 8 gånger/dygn",kod,1992-04-05T06:00:00Z,1992-04-05T08:00:00+02:00,702453600000,,0,0,G,,corrected-archive-csv
162860,Luleå-Kallax Flygplats,13,Rådande väder,"momentanvärde, 1 gång/tim resp 8 gånger/dygn",kod,1992-04-05T09:00:00Z,1992-04-05T11:00:00+02:00,702464400000,,0,0,G,,corrected-archive-csv
162860,Luleå-Kallax Flygplats,13,Rådande väder,"momentanvärde, 1 gång/tim resp 8 gånger/dygn",kod,1992-04-05T12:00:00Z,1992-04-05T14:00:00+02:00,702475200000,,0,0,G,,corrected-archive-csv
162860,Luleå-Kallax Flygplats,13,Rådande väder,"momentanvärde, 1 gång/tim resp 8 gånger/dygn",kod,1992-04-05T15:00:00Z,1992-04-05T17:00:00+02:00,702486000000,,0,0,G,,corrected-archive-csv
162860,Luleå-Kallax Flygplats,13,Rådande väder,"momentanvärde, 1 gång/tim resp 8 gånger/dygn",kod,1992-04-05T18:00:00Z,1992-04-05T20:00:00+02:00,702496800000,,0,0,G,,corrected-archive-csv
162860,Luleå-Kallax Flygplats,13,Rådande väder,"momentanvärde, 1 gång/tim resp 8 gånger/dygn",kod,1992-04-05T21:00:00Z,1992-04-05T23:00:00+02:00,702507600000,,0,0,G,,corrected-archive-csv
162860,Luleå-Kallax Flygplats,13,Rådande väder,"momentanvärde, 1 gång/tim resp 8 gånger/dygn",kod,1992-04-06T00:00:00Z,1992-04-06T02:00:00+02:00,702518400000,,0,0,G,,corrected-archive-csv
162860,Luleå-Kallax Flygplats,13,Rådande väder,"momentanvärde, 1 gång/tim resp 8 gånger/dygn",kod,1992-04-06T03:00:00Z,1992-04-06T05:00:00+02:00,702529200000,,2,2,G,,corrected-archive-csv
162860,Luleå-Kallax Flygplats,13,Rådande väder,"momentanvärde, 1 gång/tim resp 8 gånger/dygn",kod,1992-04-06T06:00:00Z,1992-04-06T08:00:00+02:00,702540000000,,2,2,G,,corrected-archive-csv
162860,Luleå-Kallax Flygplats,13,Rådande väder,"momentanvärde, 1 gång/tim resp 8 gånger/dygn",kod,1992-04-06T09:00:00Z,1992-04-06T11:00:00+02:00,702550800000,,0,0,G,,corrected-archive-csv
162860,Luleå-Kallax Flygplats,13,Rådande väder,"momentanvärde, 1 gång/tim resp 8 gånger/dygn",kod,1992-04-06T12:00:00Z,1992-04-06T14:00:00+02:00,702561600000,,77,77,G,,corrected-archive-csv
162860,Luleå-Kallax Flygplats,13,Rådande väder,"momentanvärde, 1 gång/tim resp 8 gånger/dygn",kod,1992-04-06T15:00:00Z,1992-04-06T17:00:00+02:00,702572400000,,2,2,G,,corrected-archive-csv
162860,Luleå-Kallax Flygplats,13,Rådande väder,"momentanvärde, 1 gång/tim resp 8 gånger/dygn",kod,1992-04-06T18:00:00Z,1992-04-06T20:00:00+02:00,702583200000,,71,71,G,,corrected-archive-csv
162860,Luleå-Kallax Flygplats,13,Rådande väder,"momentanvärde, 1 gång/tim resp 8 gånger/dygn",kod,1992-04-06T21:00:00Z,1992-04-06T23:00:00+02:00,702594000000,,71,71,G,,corrected-archive-csv
162860,Luleå-Kallax Flygplats,13,Rådande väder,"momentanvärde, 1 gång/tim resp 8 gånger/dygn",kod,1992-04-07T00:00:00Z,1992-04-07T02:00:00+02:00,702604800000,,70,70,G,,corrected-archive-csv
162860,Luleå-Kallax Flygplats,13,Rådande väder,"momentanvärde, 1 gång/tim resp 8 gånger/dygn",kod,1992-04-07T03:00:00Z,1992-04-07T05:00:00+02:00,702615600000,,71,71,G,,corrected-archive-csv
162860,Luleå-Kallax Flygplats,13,Rådande väder,"momentanvärde, 1 gång/tim resp 8 gånger/dygn",kod,1992-04-07T06:00:00Z,1992-04-07T08:00:00+02:00,702626400000,,71,71,G,,corrected-archive-csv
162860,Luleå-Kallax Flygplats,13,Rådande väder,"momentanvärde, 1 gång/tim resp 8 gånger/dygn",kod,1992-04-07T09:00:00Z,1992-04-07T11:00:00+02:00,702637200000,,71,71,G,,corrected-archive-csv
162860,Luleå-Kallax Flygplats,13,Rådande väder,"momentanvärde, 1 gång/tim resp 8 gånger/dygn",kod,1992-04-07T12:00:00Z,1992-04-07T14:00:00+02:00,702648000000,,71,71,G,,corrected-archive-csv
162860,Luleå-Kallax Flygplats,13,Rådande väder,"momentanvärde, 1 gång/tim resp 8 gånger/dygn",kod,1992-04-07T15:00:00Z,1992-04-07T17:00:00+02:00,702658800000,,71,71,G,,corrected-archive-csv
162860,Luleå-Kallax Flygplats,13,Rådande väder,"momentanvärde, 1 gång/tim resp 8 gånger/dygn",kod,1992-04-07T18:00:00Z,1992-04-07T20:00:00+02:00,702669600000,,71,71,G,,corrected-archive-csv
162860,Luleå-Kallax Flygplats,13,Rådande väder,"momentanvärde, 1 gång/tim resp 8 gånger/dygn",kod,1992-04-07T21:00:00Z,1992-04-07T23:00:00+02:00,702680400000,,71,71,G,,corrected-archive-csv
162860,Luleå-Kallax Flygplats,13,Rådande väder,"momentanvärde, 1 gång/tim resp 8 gånger/dygn",kod,1992-04-08T00:00:00Z,1992-04-08T02:00:00+02:00,702691200000,,10,10,G,,corrected-archive-csv
162860,Luleå-Kallax Flygplats,13,Rådande väder,"momentanvärde, 1 gång/tim resp 8 gånger/dygn",kod,1992-04-08T03:00:00Z,1992-04-08T05:00:00+02:00,702702000000,,40,40,G,,corrected-archive-csv
162860,Luleå-Kallax Flygplats,13,Rådande väder,"momentanvärde, 1 gång/tim resp 8 gånger/dygn",kod,1992-04-08T06:00:00Z,1992-04-08T08:00:00+02:00,702712800000,,40,40,G,,corrected-archive-csv
162860,Luleå-Kallax Flygplats,13,Rådande väder,"momentanvärde, 1 gång/tim resp 8 gånger/dygn",kod,1992-04-08T09:00:00Z,1992-04-08T11:00:00+02:00,702723600000,,0,0,G,,corrected-archive-csv
162860,Luleå-Kallax Flygplats,13,Rådande väder,"momentanvärde, 1 gång/tim resp 8 gånger/dygn",kod,1992-04-08T12:00:00Z,1992-04-08T14:00:00+02:00,702734400000,,0,0,G,,corrected-archive-csv
162860,Luleå-Kallax Flygplats,13,Rådande väder,"momentanvärde, 1 gång/tim resp 8 gånger/dygn",kod,1992-04-08T15:00:00Z,1992-04-08T17:00:00+02:00,702745200000,,0,0,G,,corrected-archive-csv
162860,Luleå-Kallax Flygplats,13,Rådande väder,"momentanvärde, 1 gång/tim resp 8 gånger/dygn",kod,1992-04-08T18:00:00Z,1992-04-08T20:00:00+02:00,702756000000,,0,0,G,,corrected-archive-csv
162860,Luleå-Kallax Flygplats,13,Rådande väder,"momentanvärde, 1 gång/tim resp 8 gånger/dygn",kod,1992-04-08T21:00:00Z,1992-04-08T23:00:00+02:00,702766800000,,0,0,G,,corrected-archive-csv
162860,Luleå-Kallax Flygplats,13,Rådande väder,"momentanvärde, 1 gång/tim resp 8 gånger/dygn",kod,1992-04-09T00:00:00Z,1992-04-09T02:00:00+02:00,702777600000,,68,68,G,,corrected-archive-csv
162860,Luleå-Kallax Flygplats,13,Rådande väder,"momentanvärde, 1 gång/tim resp 8 gånger/dygn",kod,1992-04-09T03:00:00Z,1992-04-09T05:00:00+02:00,702788400000,,71,71,G,,corrected-archive-csv
162860,Luleå-Kallax Flygplats,13,Rådande väder,"momentanvärde, 1 gång/tim resp 8 gånger/dygn",kod,1992-04-09T06:00:00Z,1992-04-09T08:00:00+02:00,702799200000,,0,0,G,,corrected-archive-csv
162860,Luleå-Kallax Flygplats,13,Rådande väder,"momentanvärde, 1 gång/tim resp 8 gånger/dygn",kod,1992-04-09T09:00:00Z,1992-04-09T11:00:00+02:00,702810000000,,0,0,G,,corrected-archive-csv
162860,Luleå-Kallax Flygplats,13,Rådande väder,"momentanvärde, 1 gång/tim resp 8 gånger/dygn",kod,1992-04-09T12:00:00Z,1992-04-09T14:00:00+02:00,702820800000,,0,0,G,,corrected-archive-csv
162860,Luleå-Kallax Flygplats,13,Rådande väder,"momentanvärde, 1 gång/tim resp 8 gånger/dygn",kod,1992-04-09T15:00:00Z,1992-04-09T17:00:00+02:00,702831600000,,0,0,G,,corrected-archive-csv
162860,Luleå-Kallax Flygplats,13,Rådande väder,"momentanvärde, 1 gång/tim resp 8 gånger/dygn",kod,1992-04-09T18:00:00Z,1992-04-09T20:00:00+02:00,702842400000,,0,0,G,,corrected-archive-csv
162860,Luleå-Kallax Flygplats,13,Rådande väder,"momentanvärde, 1 gång/tim resp 8 gånger/dygn",kod,1992-04-09T21:00:00Z,1992-04-09T23:00:00+02:00,702853200000,,0,0,G,,corrected-archive-csv
162860,Luleå-Kallax Flygplats,13,Rådande väder,"momentanvärde, 1 gång/tim resp 8 gånger/dygn",kod,1992-04-10T00:00:00Z,1992-04-10T02:00:00+02:00,702864000000,,0,0,G,,corrected-archive-csv
162860,Luleå-Kallax Flygplats,13,Rådande väder,"momentanvärde, 1 gång/tim resp 8 gånger/dygn",kod,1992-04-10T03:00:00Z,1992-04-10T05:00:00+02:00,702874800000,,0,0,G,,corrected-archive-csv
162860,Luleå-Kallax Flygplats,13,Rådande väder,"momentanvärde, 1 gång/tim resp 8 gånger/dygn",kod,1992-04-10T06:00:00Z,1992-04-10T08:00:00+02:00,702885600000,,0,0,G,,corrected-archive-csv
162860,Luleå-Kallax Flygplats,13,Rådande väder,"momentanvärde, 1 gång/tim resp 8 gånger/dygn",kod,1992-04-10T09:00:00Z,1992-04-10T11:00:00+02:00,702896400000,,0,0,G,,corrected-archive-csv
162860,Luleå-Kallax Flygplats,13,Rådande väder,"momentanvärde, 1 gång/tim resp 8 gånger/dygn",kod,1992-04-10T12:00:00Z,1992-04-10T14:00:00+02:00,702907200000,,0,0,G,,corrected-archive-csv
162860,Luleå-Kallax Flygplats,13,Rådande väder,"momentanvärde, 1 gång/tim resp 8 gånger/dygn",kod,1992-04-10T15:00:00Z,1992-04-10T17:00:00+02:00,702918000000,,0,0,G,,corrected-archive-csv
162860,Luleå-Kallax Flygplats,13,Rådande väder,"momentanvärde, 1 gång/tim resp 8 gånger/dygn",kod,1992-04-10T18:00:00Z,1992-04-10T20:00:00+02:00,702928800000,,0,0,G,,corrected-archive-csv
162860,Luleå-Kallax Flygplats,13,Rådande väder,"momentanvärde, 1 gång/tim resp 8 gånger/dygn",kod,1992-04-10T21:00:00Z,1992-04-10T23:00:00+02:00,702939600000,,0,0,G,,corrected-archive-csv
162860,Luleå-Kallax Flygplats,13,Rådande väder,"momentanvärde, 1 gång/tim resp 8 gånger/dygn",kod,1992-04-11T00:00:00Z,1992-04-11T02:00:00+02:00,702950400000,,71,71,G,,corrected-archive-csv
162860,Luleå-Kallax Flygplats,13,Rådande väder,"momentanvärde, 1 gång/tim resp 8 gånger/dygn",kod,1992-04-11T03:00:00Z,1992-04-11T05:00:00+02:00,702961200000,,71,71,G,,corrected-archive-csv
162860,Luleå-Kallax Flygplats,13,Rådande väder,"momentanvärde, 1 gång/tim resp 8 gånger/dygn",kod,1992-04-11T06:00:00Z,1992-04-11T08:00:00+02:00,702972000000,,10,10,G,,corrected-archive-csv
162860,Luleå-Kallax Flygplats,13,Rådande väder,"momentanvärde, 1 gång/tim resp 8 gånger/dygn",kod,1992-04-11T09:00:00Z,1992-04-11T11:00:00+02:00,702982800000,,22,22,G,,corrected-archive-csv
162860,Luleå-Kallax Flygplats,13,Rådande väder,"momentanvärde, 1 gång/tim resp 8 gånger/dygn",kod,1992-04-11T12:00:00Z,1992-04-11T14:00:00+02:00,702993600000,,2,2,G,,corrected-archive-csv
162860,Luleå-Kallax Flygplats,13,Rådande väder,"momentanvärde, 1 gång/tim resp 8 gånger/dygn",kod,1992-04-11T15:00:00Z,1992-04-11T17:00:00+02:00,703004400000,,0,0,G,,corrected-archive-csv
162860,Luleå-Kallax Flygplats,13,Rådande väder,"momentanvärde, 1 gång/tim resp 8 gånger/dygn",kod,1992-04-11T18:00:00Z,1992-04-11T20:00:00+02:00,703015200000,,0,0,G,,corrected-archive-csv
162860,Luleå-Kallax Flygplats,13,Rådande väder,"momentanvärde, 1 gång/tim resp 8 gånger/dygn",kod,1992-04-11T21:00:00Z,1992-04-11T23:00:00+02:00,703026000000,,0,0,G,,corrected-archive-csv
162860,Luleå-Kallax Flygplats,13,Rådande väder,"momentanvärde, 1 gång/tim resp 8 gånger/dygn",kod,1992-04-12T00:00:00Z,1992-04-12T02:00:00+02:00,703036800000,,0,0,G,,corrected-archive-csv
162860,Luleå-Kallax Flygplats,13,Rådande väder,"momentanvärde, 1 gång/tim resp 8 gånger/dygn",kod,1992-04-12T03:00:00Z,1992-04-12T05:00:00+02:00,703047600000,,0,0,G,,corrected-archive-csv
162860,Luleå-Kallax Flygplats,13,Rådande väder,"momentanvärde, 1 gång/tim resp 8 gånger/dygn",kod,1992-04-12T06:00:00Z,1992-04-12T08:00:00+02:00,703058400000,,0,0,G,,corrected-archive-csv
162860,Luleå-Kallax Flygplats,13,Rådande väder,"momentanvärde, 1 gång/tim resp 8 gånger/dygn",kod,1992-04-12T09:00:00Z,1992-04-12T11:00:00+02:00,703069200000,,0,0,G,,corrected-archive-csv
162860,Luleå-Kallax Flygplats,13,Rådande väder,"momentanvärde, 1 gång/tim resp 8 gånger/dygn",kod,1992-04-12T12:00:00Z,1992-04-12T14:00:00+02:00,703080000000,,0,0,G,,corrected-archive-csv
162860,Luleå-Kallax Flygplats,13,Rådande väder,"momentanvärde, 1 gång/tim resp 8 gånger/dygn",kod,1992-04-12T15:00:00Z,1992-04-12T17:00:00+02:00,703090800000,,0,0,G,,corrected-archive-csv
162860,Luleå-Kallax Flygplats,13,Rådande väder,"momentanvärde, 1 gång/tim resp 8 gånger/dygn",kod,1992-04-12T18:00:00Z,1992-04-12T20:00:00+02:00,703101600000,,0,0,G,,corrected-archive-csv
162860,Luleå-Kallax Flygplats,13,Rådande väder,"momentanvärde, 1 gång/tim resp 8 gånger/dygn",kod,1992-04-12T21:00:00Z,1992-04-12T23:00:00+02:00,703112400000,,0,0,G,,corrected-archive-csv
162860,Luleå-Kallax Flygplats,13,Rådande väder,"momentanvärde, 1 gång/tim resp 8 gånger/dygn",kod,1992-04-13T00:00:00Z,1992-04-13T02:00:00+02:00,703123200000,,0,0,G,,corrected-archive-csv
162860,Luleå-Kallax Flygplats,13,Rådande väder,"momentanvärde, 1 gång/tim resp 8 gånger/dygn",kod,1992-04-13T03:00:00Z,1992-04-13T05:00:00+02:00,703134000000,,0,0,G,,corrected-archive-csv
162860,Luleå-Kallax Flygplats,13,Rådande väder,"momentanvärde, 1 gång/tim resp 8 gånger/dygn",kod,1992-04-13T06:00:00Z,1992-04-13T08:00:00+02:00,703144800000,,71,71,G,,corrected-archive-csv
162860,Luleå-Kallax Flygplats,13,Rådande väder,"momentanvärde, 1 gång/tim resp 8 gånger/dygn",kod,1992-04-13T09:00:00Z,1992-04-13T11:00:00+02:00,703155600000,,22,22,G,,corrected-archive-csv
162860,Luleå-Kallax Flygplats,13,Rådande väder,"momentanvärde, 1 gång/tim resp 8 gånger/dygn",kod,1992-04-13T12:00:00Z,1992-04-13T14:00:00+02:00,703166400000,,2,2,G,,corrected-archive-csv
162860,Luleå-Kallax Flygplats,13,Rådande väder,"momentanvärde, 1 gång/tim resp 8 gånger/dygn",kod,1992-04-13T15:00:00Z,1992-04-13T17:00:00+02:00,703177200000,,0,0,G,,corrected-archive-csv
162860,Luleå-Kallax Flygplats,13,Rådande väder,"momentanvärde, 1 gång/tim resp 8 gånger/dygn",kod,1992-04-13T18:00:00Z,1992-04-13T20:00:00+02:00,703188000000,,0,0,G,,corrected-archive-csv
162860,Luleå-Kallax Flygplats,13,Rådande väder,"momentanvärde, 1 gång/tim resp 8 gånger/dygn",kod,1992-04-13T21:00:00Z,1992-04-13T23:00:00+02:00,703198800000,,0,0,G,,corrected-archive-csv
162860,Luleå-Kallax Flygplats,13,Rådande väder,"momentanvärde, 1 gång/tim resp 8 gånger/dygn",kod,1992-04-14T00:00:00Z,1992-04-14T02:00:00+02:00,703209600000,,0,0,G,,corrected-archive-csv
162860,Luleå-Kallax Flygplats,13,Rådande väder,"momentanvärde, 1 gång/tim resp 8 gånger/dygn",kod,1992-04-14T03:00:00Z,1992-04-14T05:00:00+02:00,703220400000,,0,0,G,,corrected-archive-csv
162860,Luleå-Kallax Flygplats,13,Rådande väder,"momentanvärde, 1 gång/tim resp 8 gånger/dygn",kod,1992-04-14T06:00:00Z,1992-04-14T08:00:00+02:00,703231200000,,2,2,G,,corrected-archive-csv
162860,Luleå-Kallax Flygplats,13,Rådande väder,"momentanvärde, 1 gång/tim resp 8 gånger/dygn",kod,1992-04-14T09:00:00Z,1992-04-14T11:00:00+02:00,703242000000,,0,0,G,,corrected-archive-csv
162860,Luleå-Kallax Flygplats,13,Rådande väder,"momentanvärde, 1 gång/tim resp 8 gånger/dygn",kod,1992-04-14T12:00:00Z,1992-04-14T14:00:00+02:00,703252800000,,15,15,G,,corrected-archive-csv
162860,Luleå-Kallax Flygplats,13,Rådande väder,"momentanvärde, 1 gång/tim resp 8 gånger/dygn",kod,1992-04-14T15:00:00Z,1992-04-14T17:00:00+02:00,703263600000,,2,2,G,,corrected-archive-csv
162860,Luleå-Kallax Flygplats,13,Rådande väder,"momentanvärde, 1 gång/tim resp 8 gånger/dygn",kod,1992-04-14T18:00:00Z,1992-04-14T20:00:00+02:00,703274400000,,1,1,G,,corrected-archive-csv
162860,Luleå-Kallax Flygplats,13,Rådande väder,"momentanvärde, 1 gång/tim resp 8 gånger/dygn",kod,1992-04-14T21:00:00Z,1992-04-14T23:00:00+02:00,703285200000,,0,0,G,,corrected-archive-csv
162860,Luleå-Kallax Flygplats,13,Rådande väder,"momentanvärde, 1 gång/tim resp 8 gånger/dygn",kod,1992-04-15T00:00:00Z,1992-04-15T02:00:00+02:00,703296000000,,0,0,G,,corrected-archive-csv
162860,Luleå-Kallax Flygplats,13,Rådande väder,"momentanvärde, 1 gång/tim resp 8 gånger/dygn",kod,1992-04-15T03:00:00Z,1992-04-15T05:00:00+02:00,703306800000,,0,0,G,,corrected-archive-csv
162860,Luleå-Kallax Flygplats,13,Rådande väder,"momentanvärde, 1 gång/tim resp 8 gånger/dygn",kod,1992-04-15T06:00:00Z,1992-04-15T08:00:00+02:00,703317600000,,0,0,G,,corrected-archive-csv
162860,Luleå-Kallax Flygplats,13,Rådande väder,"momentanvärde, 1 gång/tim resp 8 gånger/dygn",kod,1992-04-15T09:00:00Z,1992-04-15T11:00:00+02:00,703328400000,,0,0,G,,corrected-archive-csv
162860,Luleå-Kallax Flygplats,13,Rådande väder,"momentanvärde, 1 gång/tim resp 8 gånger/dygn",kod,1992-04-15T12:00:00Z,1992-04-15T14:00:00+02:00,703339200000,,0,0,G,,corrected-archive-csv
162860,Luleå-Kallax Flygplats,13,Rådande väder,"momentanvärde, 1 gång/tim resp 8 gånger/dygn",kod,1992-04-15T15:00:00Z,1992-04-15T17:00:00+02:00,703350000000,,0,0,G,,corrected-archive-csv
162860,Luleå-Kallax Flygplats,13,Rådande väder,"momentanvärde, 1 gång/tim resp 8 gånger/dygn",kod,1992-04-15T18:00:00Z,1992-04-15T20:00:00+02:00,703360800000,,0,0,G,,corrected-archive-csv
162860,Luleå-Kallax Flygplats,13,Rådande väder,"momentanvärde, 1 gång/tim resp 8 gånger/dygn",kod,1992-04-15T21:00:00Z,1992-04-15T23:00:00+02:00,703371600000,,0,0,G,,corrected-archive-csv
162860,Luleå-Kallax Flygplats,13,Rådande väder,"momentanvärde, 1 gång/tim resp 8 gånger/dygn",kod,1992-04-16T00:00:00Z,1992-04-16T02:00:00+02:00,703382400000,,0,0,G,,corrected-archive-csv
162860,Luleå-Kallax Flygplats,13,Rådande väder,"momentanvärde, 1 gång/tim resp 8 gånger/dygn",kod,1992-04-16T03:00:00Z,1992-04-16T05:00:00+02:00,703393200000,,0,0,G,,corrected-archive-csv
162860,Luleå-Kallax Flygplats,13,Rådande väder,"momentanvärde, 1 gång/tim resp 8 gånger/dygn",kod,1992-04-16T06:00:00Z,1992-04-16T08:00:00+02:00,703404000000,,0,0,G,,corrected-archive-csv
162860,Luleå-Kallax Flygplats,13,Rådande väder,"momentanvärde, 1 gång/tim resp 8 gånger/dygn",kod,1992-04-16T09:00:00Z,1992-04-16T11:00:00+02:00,703414800000,,0,0,G,,corrected-archive-csv
162860,Luleå-Kallax Flygplats,13,Rådande väder,"momentanvärde, 1 gång/tim resp 8 gånger/dygn",kod,1992-04-16T12:00:00Z,1992-04-16T14:00:00+02:00,703425600000,,0,0,G,,corrected-archive-csv
162860,Luleå-Kallax Flygplats,13,Rådande väder,"momentanvärde, 1 gång/tim resp 8 gånger/dygn",kod,1992-04-16T15:00:00Z,1992-04-16T17:00:00+02:00,703436400000,,0,0,G,,corrected-archive-csv
162860,Luleå-Kallax Flygplats,13,Rådande väder,"momentanvärde, 1 gång/tim resp 8 gånger/dygn",kod,1992-04-16T18:00:00Z,1992-04-16T20:00:00+02:00,703447200000,,0,0,G,,corrected-archive-csv
162860,Luleå-Kallax Flygplats,13,Rådande väder,"momentanvärde, 1 gång/tim resp 8 gånger/dygn",kod,1992-04-16T21:00:00Z,1992-04-16T23:00:00+02:00,703458000000,,0,0,G,,corrected-archive-csv
162860,Luleå-Kallax Flygplats,13,Rådande väder,"momentanvärde, 1 gång/tim resp 8 gånger/dygn",kod,1992-04-17T00:00:00Z,1992-04-17T02:00:00+02:00,703468800000,,0,0,G,,corrected-archive-csv
162860,Luleå-Kallax Flygplats,13,Rådande väder,"momentanvärde, 1 gång/tim resp 8 gånger/dygn",kod,1992-04-17T03:00:00Z,1992-04-17T05:00:00+02:00,703479600000,,0,0,G,,corrected-archive-csv
162860,Luleå-Kallax Flygplats,13,Rådande väder,"momentanvärde, 1 gång/tim resp 8 gånger/dygn",kod,1992-04-17T06:00:00Z,1992-04-17T08:00:00+02:00,703490400000,,0,0,G,,corrected-archive-csv
162860,Luleå-Kallax Flygplats,13,Rådande väder,"momentanvärde, 1 gång/tim resp 8 gånger/dygn",kod,1992-04-17T09:00:00Z,1992-04-17T11:00:00+02:00,703501200000,,0,0,G,,corrected-archive-csv
162860,Luleå-Kallax Flygplats,13,Rådande väder,"momentanvärde, 1 gång/tim resp 8 gånger/dygn",kod,1992-04-17T12:00:00Z,1992-04-17T14:00:00+02:00,703512000000,,0,0,G,,corrected-archive-csv
162860,Luleå-Kallax Flygplats,13,Rådande väder,"momentanvärde, 1 gång/tim resp 8 gånger/dygn",kod,1992-04-17T15:00:00Z,1992-04-17T17:00:00+02:00,703522800000,,0,0,G,,corrected-archive-csv
162860,Luleå-Kallax Flygplats,13,Rådande väder,"momentanvärde, 1 gång/tim resp 8 gånger/dygn",kod,1992-04-17T18:00:00Z,1992-04-17T20:00:00+02:00,703533600000,,0,0,G,,corrected-archive-csv
162860,Luleå-Kallax Flygplats,13,Rådande väder,"momentanvärde, 1 gång/tim resp 8 gånger/dygn",kod,1992-04-17T21:00:00Z,1992-04-17T23:00:00+02:00,703544400000,,0,0,G,,corrected-archive-csv
162860,Luleå-Kallax Flygplats,13,Rådande väder,"momentanvärde, 1 gång/tim resp 8 gånger/dygn",kod,1992-04-18T00:00:00Z,1992-04-18T02:00:00+02:00,703555200000,,0,0,G,,corrected-archive-csv
162860,Luleå-Kallax Flygplats,13,Rådande väder,"momentanvärde, 1 gång/tim resp 8 gånger/dygn",kod,1992-04-18T03:00:00Z,1992-04-18T05:00:00+02:00,703566000000,,0,0,G,,corrected-archive-csv
162860,Luleå-Kallax Flygplats,13,Rådande väder,"momentanvärde, 1 gång/tim resp 8 gånger/dygn",kod,1992-04-18T06:00:00Z,1992-04-18T08:00:00+02:00,703576800000,,0,0,G,,corrected-archive-csv
162860,Luleå-Kallax Flygplats,13,Rådande väder,"momentanvärde, 1 gång/tim resp 8 gånger/dygn",kod,1992-04-18T09:00:00Z,1992-04-18T11:00:00+02:00,703587600000,,0,0,G,,corrected-archive-csv
162860,Luleå-Kallax Flygplats,13,Rådande väder,"momentanvärde, 1 gång/tim resp 8 gånger/dygn",kod,1992-04-18T12:00:00Z,1992-04-18T14:00:00+02:00,703598400000,,0,0,G,,corrected-archive-csv
162860,Luleå-Kallax Flygplats,13,Rådande väder,"momentanvärde, 1 gång/tim resp 8 gånger/dygn",kod,1992-04-18T15:00:00Z,1992-04-18T17:00:00+02:00,703609200000,,0,0,G,,corrected-archive-csv
162860,Luleå-Kallax Flygplats,13,Rådande väder,"momentanvärde, 1 gång/tim resp 8 gånger/dygn",kod,1992-04-18T18:00:00Z,1992-04-18T20:00:00+02:00,703620000000,,75,75,G,,corrected-archive-csv
162860,Luleå-Kallax Flygplats,13,Rådande väder,"momentanvärde, 1 gång/tim resp 8 gånger/dygn",kod,1992-04-18T21:00:00Z,1992-04-18T23:00:00+02:00,703630800000,,71,71,G,,corrected-archive-csv
162860,Luleå-Kallax Flygplats,13,Rådande väder,"momentanvärde, 1 gång/tim resp 8 gånger/dygn",kod,1992-04-19T00:00:00Z,1992-04-19T02:00:00+02:00,703641600000,,2,2,G,,corrected-archive-csv
162860,Luleå-Kallax Flygplats,13,Rådande väder,"momentanvärde, 1 gång/tim resp 8 gånger/dygn",kod,1992-04-19T03:00:00Z,1992-04-19T05:00:00+02:00,703652400000,,0,0,G,,corrected-archive-csv
162860,Luleå-Kallax Flygplats,13,Rådande väder,"momentanvärde, 1 gång/tim resp 8 gånger/dygn",kod,1992-04-19T06:00:00Z,1992-04-19T08:00:00+02:00,703663200000,,0,0,G,,corrected-archive-csv
162860,Luleå-Kallax Flygplats,13,Rådande väder,"momentanvärde, 1 gång/tim resp 8 gånger/dygn",kod,1992-04-19T09:00:00Z,1992-04-19T11:00:00+02:00,703674000000,,0,0,G,,corrected-archive-csv
162860,Luleå-Kallax Flygplats,13,Rådande väder,"momentanvärde, 1 gång/tim resp 8 gånger/dygn",kod,1992-04-19T12:00:00Z,1992-04-19T14:00:00+02:00,703684800000,,0,0,G,,corrected-archive-csv
162860,Luleå-Kallax Flygplats,13,Rådande väder,"momentanvärde, 1 gång/tim resp 8 gånger/dygn",kod,1992-04-19T15:00:00Z,1992-04-19T17:00:00+02:00,703695600000,,0,0,G,,corrected-archive-csv
162860,Luleå-Kallax Flygplats,13,Rådande väder,"momentanvärde, 1 gång/tim resp 8 gånger/dygn",kod,1992-04-19T18:00:00Z,1992-04-19T20:00:00+02:00,703706400000,,0,0,G,,corrected-archive-csv
162860,Luleå-Kallax Flygplats,13,Rådande väder,"momentanvärde, 1 gång/tim resp 8 gånger/dygn",kod,1992-04-19T21:00:00Z,1992-04-19T23:00:00+02:00,703717200000,,0,0,G,,corrected-archive-csv
162860,Luleå-Kallax Flygplats,13,Rådande väder,"momentanvärde, 1 gång/tim resp 8 gånger/dygn",kod,1992-04-20T00:00:00Z,1992-04-20T02:00:00+02:00,703728000000,,0,0,G,,corrected-archive-csv
162860,Luleå-Kallax Flygplats,13,Rådande väder,"momentanvärde, 1 gång/tim resp 8 gånger/dygn",kod,1992-04-20T03:00:00Z,1992-04-20T05:00:00+02:00,703738800000,,0,0,G,,corrected-archive-csv
162860,Luleå-Kallax Flygplats,13,Rådande väder,"momentanvärde, 1 gång/tim resp 8 gånger/dygn",kod,1992-04-20T06:00:00Z,1992-04-20T08:00:00+02:00,703749600000,,0,0,G,,corrected-archive-csv
162860,Luleå-Kallax Flygplats,13,Rådande väder,"momentanvärde, 1 gång/tim resp 8 gånger/dygn",kod,1992-04-20T09:00:00Z,1992-04-20T11:00:00+02:00,703760400000,,0,0,G,,corrected-archive-csv
162860,Luleå-Kallax Flygplats,13,Rådande väder,"momentanvärde, 1 gång/tim resp 8 gånger/dygn",kod,1992-04-20T12:00:00Z,1992-04-20T14:00:00+02:00,703771200000,,0,0,G,,corrected-archive-csv
162860,Luleå-Kallax Flygplats,13,Rådande väder,"momentanvärde, 1 gång/tim resp 8 gånger/dygn",kod,1992-04-20T15:00:00Z,1992-04-20T17:00:00+02:00,703782000000,,0,0,G,,corrected-archive-csv
162860,Luleå-Kallax Flygplats,13,Rådande väder,"momentanvärde, 1 gång/tim resp 8 gånger/dygn",kod,1992-04-20T18:00:00Z,1992-04-20T20:00:00+02:00,703792800000,,0,0,G,,corrected-archive-csv
162860,Luleå-Kallax Flygplats,13,Rådande väder,"momentanvärde, 1 gång/tim resp 8 gånger/dygn",kod,1992-04-20T21:00:00Z,1992-04-20T23:00:00+02:00,703803600000,,0,0,G,,corrected-archive-csv
162860,Luleå-Kallax Flygplats,13,Rådande väder,"momentanvärde, 1 gång/tim resp 8 gånger/dygn",kod,1992-04-21T00:00:00Z,1992-04-21T02:00:00+02:00,703814400000,,0,0,G,,corrected-archive-csv
162860,Luleå-Kallax Flygplats,13,Rådande väder,"momentanvärde, 1 gång/tim resp 8 gånger/dygn",kod,1992-04-21T09:00:00Z,1992-04-21T11:00:00+02:00,703846800000,,0,0,G,,corrected-archive-csv
162860,Luleå-Kallax Flygplats,13,Rådande väder,"momentanvärde, 1 gång/tim resp 8 gånger/dygn",kod,1992-04-21T12:00:00Z,1992-04-21T14:00:00+02:00,703857600000,,0,0,G,,corrected-archive-csv
162860,Luleå-Kallax Flygplats,13,Rådande väder,"momentanvärde, 1 gång/tim resp 8 gånger/dygn",kod,1992-04-21T15:00:00Z,1992-04-21T17:00:00+02:00,703868400000,,0,0,G,,corrected-archive-csv
162860,Luleå-Kallax Flygplats,13,Rådande väder,"momentanvärde, 1 gång/tim resp 8 gånger/dygn",kod,1992-04-21T18:00:00Z,1992-04-21T20:00:00+02:00,703879200000,,0,0,G,,corrected-archive-csv
162860,Luleå-Kallax Flygplats,13,Rådande väder,"momentanvärde, 1 gång/tim resp 8 gånger/dygn",kod,1992-04-21T21:00:00Z,1992-04-21T23:00:00+02:00,703890000000,,0,0,G,,corrected-archive-csv
162860,Luleå-Kallax Flygplats,13,Rådande väder,"momentanvärde, 1 gång/tim resp 8 gånger/dygn",kod,1992-04-22T00:00:00Z,1992-04-22T02:00:00+02:00,703900800000,,0,0,G,,corrected-archive-csv
162860,Luleå-Kallax Flygplats,13,Rådande väder,"momentanvärde, 1 gång/tim resp 8 gånger/dygn",kod,1992-04-22T03:00:00Z,1992-04-22T05:00:00+02:00,703911600000,,0,0,G,,corrected-archive-csv
162860,Luleå-Kallax Flygplats,13,Rådande väder,"momentanvärde, 1 gång/tim resp 8 gånger/dygn",kod,1992-04-22T06:00:00Z,1992-04-22T08:00:00+02:00,703922400000,,0,0,G,,corrected-archive-csv
162860,Luleå-Kallax Flygplats,13,Rådande väder,"momentanvärde, 1 gång/tim resp 8 gånger/dygn",kod,1992-04-22T09:00:00Z,1992-04-22T11:00:00+02:00,703933200000,,0,0,G,,corrected-archive-csv
162860,Luleå-Kallax Flygplats,13,Rådande väder,"momentanvärde, 1 gång/tim resp 8 gånger/dygn",kod,1992-04-22T12:00:00Z,1992-04-22T14:00:00+02:00,703944000000,,0,0,G,,corrected-archive-csv
162860,Luleå-Kallax Flygplats,13,Rådande väder,"momentanvärde, 1 gång/tim resp 8 gånger/dygn",kod,1992-04-22T15:00:00Z,1992-04-22T17:00:00+02:00,703954800000,,0,0,G,,corrected-archive-csv
162860,Luleå-Kallax Flygplats,13,Rådande väder,"momentanvärde, 1 gång/tim resp 8 gånger/dygn",kod,1992-04-22T18:00:00Z,1992-04-22T20:00:00+02:00,703965600000,,0,0,G,,corrected-archive-csv
162860,Luleå-Kallax Flygplats,13,Rådande väder,"momentanvärde, 1 gång/tim resp 8 gånger/dygn",kod,1992-04-22T21:00:00Z,1992-04-22T23:00:00+02:00,703976400000,,0,0,G,,corrected-archive-csv
162860,Luleå-Kallax Flygplats,13,Rådande väder,"momentanvärde, 1 gång/tim resp 8 gånger/dygn",kod,1992-04-23T00:00:00Z,1992-04-23T02:00:00+02:00,703987200000,,71,71,G,,corrected-archive-csv
162860,Luleå-Kallax Flygplats,13,Rådande väder,"momentanvärde, 1 gång/tim resp 8 gånger/dygn",kod,1992-04-23T03:00:00Z,1992-04-23T05:00:00+02:00,703998000000,,71,71,G,,corrected-archive-csv
162860,Luleå-Kallax Flygplats,13,Rådande väder,"momentanvärde, 1 gång/tim resp 8 gånger/dygn",kod,1992-04-23T06:00:00Z,1992-04-23T08:00:00+02:00,704008800000,,71,71,G,,corrected-archive-csv
162860,Luleå-Kallax Flygplats,13,Rådande väder,"momentanvärde, 1 gång/tim resp 8 gånger/dygn",kod,1992-04-23T09:00:00Z,1992-04-23T11:00:00+02:00,704019600000,,71,71,G,,corrected-archive-csv
162860,Luleå-Kallax Flygplats,13,Rådande väder,"momentanvärde, 1 gång/tim resp 8 gånger/dygn",kod,1992-04-23T12:00:00Z,1992-04-23T14:00:00+02:00,704030400000,,22,22,G,,corrected-archive-csv
162860,Luleå-Kallax Flygplats,13,Rådande väder,"momentanvärde, 1 gång/tim resp 8 gånger/dygn",kod,1992-04-23T15:00:00Z,1992-04-23T17:00:00+02:00,704041200000,,0,0,G,,corrected-archive-csv
162860,Luleå-Kallax Flygplats,13,Rådande väder,"momentanvärde, 1 gång/tim resp 8 gånger/dygn",kod,1992-04-23T18:00:00Z,1992-04-23T20:00:00+02:00,704052000000,,71,71,G,,corrected-archive-csv
162860,Luleå-Kallax Flygplats,13,Rådande väder,"momentanvärde, 1 gång/tim resp 8 gånger/dygn",kod,1992-04-23T21:00:00Z,1992-04-23T23:00:00+02:00,704062800000,,71,71,G,,corrected-archive-csv
162860,Luleå-Kallax Flygplats,13,Rådande väder,"momentanvärde, 1 gång/tim resp 8 gånger/dygn",kod,1992-04-24T00:00:00Z,1992-04-24T02:00:00+02:00,704073600000,,0,0,G,,corrected-archive-csv
162860,Luleå-Kallax Flygplats,13,Rådande väder,"momentanvärde, 1 gång/tim resp 8 gånger/dygn",kod,1992-04-24T03:00:00Z,1992-04-24T05:00:00+02:00,704084400000,,73,73,G,,corrected-archive-csv
162860,Luleå-Kallax Flygplats,13,Rådande väder,"momentanvärde, 1 gång/tim resp 8 gånger/dygn",kod,1992-04-24T06:00:00Z,1992-04-24T08:00:00+02:00,704095200000,,71,71,G,,corrected-archive-csv
162860,Luleå-Kallax Flygplats,13,Rådande väder,"momentanvärde, 1 gång/tim resp 8 gånger/dygn",kod,1992-04-24T09:00:00Z,1992-04-24T11:00:00+02:00,704106000000,,73,73,G,,corrected-archive-csv
162860,Luleå-Kallax Flygplats,13,Rådande väder,"momentanvärde, 1 gång/tim resp 8 gånger/dygn",kod,1992-04-24T12:00:00Z,1992-04-24T14:00:00+02:00,704116800000,,71,71,G,,corrected-archive-csv
162860,Luleå-Kallax Flygplats,13,Rådande väder,"momentanvärde, 1 gång/tim resp 8 gånger/dygn",kod,1992-04-24T15:00:00Z,1992-04-24T17:00:00+02:00,704127600000,,71,71,G,,corrected-archive-csv
162860,Luleå-Kallax Flygplats,13,Rådande väder,"momentanvärde, 1 gång/tim resp 8 gånger/dygn",kod,1992-04-24T18:00:00Z,1992-04-24T20:00:00+02:00,704138400000,,71,71,G,,corrected-archive-csv
162860,Luleå-Kallax Flygplats,13,Rådande väder,"momentanvärde, 1 gång/tim resp 8 gånger/dygn",kod,1992-04-24T21:00:00Z,1992-04-24T23:00:00+02:00,704149200000,,71,71,G,,corrected-archive-csv
162860,Luleå-Kallax Flygplats,13,Rådande väder,"momentanvärde, 1 gång/tim resp 8 gånger/dygn",kod,1992-04-25T00:00:00Z,1992-04-25T02:00:00+02:00,704160000000,,71,71,G,,corrected-archive-csv
162860,Luleå-Kallax Flygplats,13,Rådande väder,"momentanvärde, 1 gång/tim resp 8 gånger/dygn",kod,1992-04-25T03:00:00Z,1992-04-25T05:00:00+02:00,704170800000,,47,47,G,,corrected-archive-csv
162860,Luleå-Kallax Flygplats,13,Rådande väder,"momentanvärde, 1 gång/tim resp 8 gånger/dygn",kod,1992-04-25T06:00:00Z,1992-04-25T08:00:00+02:00,704181600000,,22,22,G,,corrected-archive-csv
162860,Luleå-Kallax Flygplats,13,Rådande väder,"momentanvärde, 1 gång/tim resp 8 gånger/dygn",kod,1992-04-25T09:00:00Z,1992-04-25T11:00:00+02:00,704192400000,,0,0,G,,corrected-archive-csv
162860,Luleå-Kallax Flygplats,13,Rådande väder,"momentanvärde, 1 gång/tim resp 8 gånger/dygn",kod,1992-04-25T12:00:00Z,1992-04-25T14:00:00+02:00,704203200000,,0,0,G,,corrected-archive-csv
162860,Luleå-Kallax Flygplats,13,Rådande väder,"momentanvärde, 1 gång/tim resp 8 gånger/dygn",kod,1992-04-25T15:00:00Z,1992-04-25T17:00:00+02:00,704214000000,,0,0,G,,corrected-archive-csv
162860,Luleå-Kallax Flygplats,13,Rådande väder,"momentanvärde, 1 gång/tim resp 8 gånger/dygn",kod,1992-04-25T18:00:00Z,1992-04-25T20:00:00+02:00,704224800000,,0,0,G,,corrected-archive-csv
162860,Luleå-Kallax Flygplats,13,Rådande väder,"momentanvärde, 1 gång/tim resp 8 gånger/dygn",kod,1992-04-25T21:00:00Z,1992-04-25T23:00:00+02:00,704235600000,,0,0,G,,corrected-archive-csv
162860,Luleå-Kallax Flygplats,13,Rådande väder,"momentanvärde, 1 gång/tim resp 8 gånger/dygn",kod,1992-04-26T00:00:00Z,1992-04-26T02:00:00+02:00,704246400000,,0,0,G,,corrected-archive-csv
162860,Luleå-Kallax Flygplats,13,Rådande väder,"momentanvärde, 1 gång/tim resp 8 gånger/dygn",kod,1992-04-26T03:00:00Z,1992-04-26T05:00:00+02:00,704257200000,,0,0,G,,corrected-archive-csv
162860,Luleå-Kallax Flygplats,13,Rådande väder,"momentanvärde, 1 gång/tim resp 8 gånger/dygn",kod,1992-04-26T06:00:00Z,1992-04-26T08:00:00+02:00,704268000000,,0,0,G,,corrected-archive-csv
162860,Luleå-Kallax Flygplats,13,Rådande väder,"momentanvärde, 1 gång/tim resp 8 gånger/dygn",kod,1992-04-26T09:00:00Z,1992-04-26T11:00:00+02:00,704278800000,,0,0,G,,corrected-archive-csv
162860,Luleå-Kallax Flygplats,13,Rådande väder,"momentanvärde, 1 gång/tim resp 8 gånger/dygn",kod,1992-04-26T12:00:00Z,1992-04-26T14:00:00+02:00,704289600000,,77,77,G,,corrected-archive-csv
162860,Luleå-Kallax Flygplats,13,Rådande väder,"momentanvärde, 1 gång/tim resp 8 gånger/dygn",kod,1992-04-26T15:00:00Z,1992-04-26T17:00:00+02:00,704300400000,,71,71,G,,corrected-archive-csv
162860,Luleå-Kallax Flygplats,13,Rådande väder,"momentanvärde, 1 gång/tim resp 8 gånger/dygn",kod,1992-04-26T18:00:00Z,1992-04-26T20:00:00+02:00,704311200000,,71,71,G,,corrected-archive-csv
162860,Luleå-Kallax Flygplats,13,Rådande väder,"momentanvärde, 1 gång/tim resp 8 gånger/dygn",kod,1992-04-26T21:00:00Z,1992-04-26T23:00:00+02:00,704322000000,,71,71,G,,corrected-archive-csv
162860,Luleå-Kallax Flygplats,13,Rådande väder,"momentanvärde, 1 gång/tim resp 8 gånger/dygn",kod,1992-04-27T00:00:00Z,1992-04-27T02:00:00+02:00,704332800000,,71,71,G,,corrected-archive-csv
162860,Luleå-Kallax Flygplats,13,Rådande väder,"momentanvärde, 1 gång/tim resp 8 gånger/dygn",kod,1992-04-27T03:00:00Z,1992-04-27T05:00:00+02:00,704343600000,,2,2,G,,corrected-archive-csv
162860,Luleå-Kallax Flygplats,13,Rådande väder,"momentanvärde, 1 gång/tim resp 8 gånger/dygn",kod,1992-04-27T06:00:00Z,1992-04-27T08:00:00+02:00,704354400000,,53,53,G,,corrected-archive-csv
162860,Luleå-Kallax Flygplats,13,Rådande väder,"momentanvärde, 1 gång/tim resp 8 gånger/dygn",kod,1992-04-27T09:00:00Z,1992-04-27T11:00:00+02:00,704365200000,,51,51,G,,corrected-archive-csv
162860,Luleå-Kallax Flygplats,13,Rådande väder,"momentanvärde, 1 gång/tim resp 8 gånger/dygn",kod,1992-04-27T12:00:00Z,1992-04-27T14:00:00+02:00,704376000000,,2,2,G,,corrected-archive-csv
162860,Luleå-Kallax Flygplats,13,Rådande väder,"momentanvärde, 1 gång/tim resp 8 gånger/dygn",kod,1992-04-27T15:00:00Z,1992-04-27T17:00:00+02:00,704386800000,,0,0,G,,corrected-archive-csv
162860,Luleå-Kallax Flygplats,13,Rådande väder,"momentanvärde, 1 gång/tim resp 8 gånger/dygn",kod,1992-04-27T18:00:00Z,1992-04-27T20:00:00+02:00,704397600000,,0,0,G,,corrected-archive-csv
162860,Luleå-Kallax Flygplats,13,Rådande väder,"momentanvärde, 1 gång/tim resp 8 gånger/dygn",kod,1992-04-27T21:00:00Z,1992-04-27T23:00:00+02:00,704408400000,,0,0,G,,corrected-archive-csv
162860,Luleå-Kallax Flygplats,13,Rådande väder,"momentanvärde, 1 gång/tim resp 8 gånger/dygn",kod,1992-04-28T00:00:00Z,1992-04-28T02:00:00+02:00,704419200000,,0,0,G,,corrected-archive-csv
162860,Luleå-Kallax Flygplats,13,Rådande väder,"momentanvärde, 1 gång/tim resp 8 gånger/dygn",kod,1992-04-28T03:00:00Z,1992-04-28T05:00:00+02:00,704430000000,,68,68,G,,corrected-archive-csv
162860,Luleå-Kallax Flygplats,13,Rådande väder,"momentanvärde, 1 gång/tim resp 8 gånger/dygn",kod,1992-04-28T06:00:00Z,1992-04-28T08:00:00+02:00,704440800000,,2,2,G,,corrected-archive-csv
162860,Luleå-Kallax Flygplats,13,Rådande väder,"momentanvärde, 1 gång/tim resp 8 gånger/dygn",kod,1992-04-28T09:00:00Z,1992-04-28T11:00:00+02:00,704451600000,,2,2,G,,corrected-archive-csv
162860,Luleå-Kallax Flygplats,13,Rådande väder,"momentanvärde, 1 gång/tim resp 8 gånger/dygn",kod,1992-04-28T12:00:00Z,1992-04-28T14:00:00+02:00,704462400000,,2,2,G,,corrected-archive-csv
162860,Luleå-Kallax Flygplats,13,Rådande väder,"momentanvärde, 1 gång/tim resp 8 gånger/dygn",kod,1992-04-28T15:00:00Z,1992-04-28T17:00:00+02:00,704473200000,,10,10,G,,corrected-archive-csv
162860,Luleå-Kallax Flygplats,13,Rådande väder,"momentanvärde, 1 gång/tim resp 8 gånger/dygn",kod,1992-04-28T18:00:00Z,1992-04-28T20:00:00+02:00,704484000000,,10,10,G,,corrected-archive-csv
162860,Luleå-Kallax Flygplats,13,Rådande väder,"momentanvärde, 1 gång/tim resp 8 gånger/dygn",kod,1992-04-28T21:00:00Z,1992-04-28T23:00:00+02:00,704494800000,,10,10,G,,corrected-archive-csv
162860,Luleå-Kallax Flygplats,13,Rådande väder,"momentanvärde, 1 gång/tim resp 8 gånger/dygn",kod,1992-04-29T00:00:00Z,1992-04-29T02:00:00+02:00,704505600000,,47,47,G,,corrected-archive-csv
162860,Luleå-Kallax Flygplats,13,Rådande väder,"momentanvärde, 1 gång/tim resp 8 gånger/dygn",kod,1992-04-29T03:00:00Z,1992-04-29T05:00:00+02:00,704516400000,,45,45,G,,corrected-archive-csv
162860,Luleå-Kallax Flygplats,13,Rådande väder,"momentanvärde, 1 gång/tim resp 8 gånger/dygn",kod,1992-04-29T06:00:00Z,1992-04-29T08:00:00+02:00,704527200000,,10,10,G,,corrected-archive-csv
162860,Luleå-Kallax Flygplats,13,Rådande väder,"momentanvärde, 1 gång/tim resp 8 gånger/dygn",kod,1992-04-29T09:00:00Z,1992-04-29T11:00:00+02:00,704538000000,,10,10,G,,corrected-archive-csv
162860,Luleå-Kallax Flygplats,13,Rådande väder,"momentanvärde, 1 gång/tim resp 8 gånger/dygn",kod,1992-04-29T12:00:00Z,1992-04-29T14:00:00+02:00,704548800000,,10,10,G,,corrected-archive-csv
162860,Luleå-Kallax Flygplats,13,Rådande väder,"momentanvärde, 1 gång/tim resp 8 gånger/dygn",kod,1992-04-29T15:00:00Z,1992-04-29T17:00:00+02:00,704559600000,,2,2,G,,corrected-archive-csv
162860,Luleå-Kallax Flygplats,13,Rådande väder,"momentanvärde, 1 gång/tim resp 8 gånger/dygn",kod,1992-04-29T18:00:00Z,1992-04-29T20:00:00+02:00,704570400000,,2,2,G,,corrected-archive-csv
162860,Luleå-Kallax Flygplats,13,Rådande väder,"momentanvärde, 1 gång/tim resp 8 gånger/dygn",kod,1992-04-29T21:00:00Z,1992-04-29T23:00:00+02:00,704581200000,,0,0,G,,corrected-archive-csv
162860,Luleå-Kallax Flygplats,13,Rådande väder,"momentanvärde, 1 gång/tim resp 8 gånger/dygn",kod,1992-04-30T00:00:00Z,1992-04-30T02:00:00+02:00,704592000000,,0,0,G,,corrected-archive-csv
162860,Luleå-Kallax Flygplats,13,Rådande väder,"momentanvärde, 1 gång/tim resp 8 gånger/dygn",kod,1992-04-30T03:00:00Z,1992-04-30T05:00:00+02:00,704602800000,,61,61,G,,corrected-archive-csv
162860,Luleå-Kallax Flygplats,13,Rådande väder,"momentanvärde, 1 gång/tim resp 8 gånger/dygn",kod,1992-04-30T06:00:00Z,1992-04-30T08:00:00+02:00,704613600000,,61,61,G,,corrected-archive-csv
162860,Luleå-Kallax Flygplats,13,Rådande väder,"momentanvärde, 1 gång/tim resp 8 gånger/dygn",kod,1992-04-30T09:00:00Z,1992-04-30T11:00:00+02:00,704624400000,,10,10,G,,corrected-archive-csv
162860,Luleå-Kallax Flygplats,13,Rådande väder,"momentanvärde, 1 gång/tim resp 8 gånger/dygn",kod,1992-04-30T12:00:00Z,1992-04-30T14:00:00+02:00,704635200000,,2,2,G,,corrected-archive-csv
162860,Luleå-Kallax Flygplats,13,Rådande väder,"momentanvärde, 1 gång/tim resp 8 gånger/dygn",kod,1992-04-30T15:00:00Z,1992-04-30T17:00:00+02:00,704646000000,,61,61,G,,corrected-archive-csv
162860,Luleå-Kallax Flygplats,13,Rådande väder,"momentanvärde, 1 gång/tim resp 8 gånger/dygn",kod,1992-04-30T18:00:00Z,1992-04-30T20:00:00+02:00,704656800000,,61,61,G,,corrected-archive-csv
162860,Luleå-Kallax Flygplats,13,Rådande väder,"momentanvärde, 1 gång/tim resp 8 gånger/dygn",kod,1992-04-30T21:00:00Z,1992-04-30T23:00:00+02:00,704667600000,,2,2,G,,corrected-archive-csv
162860,Luleå-Kallax Flygplats,13,Rådande väder,"momentanvärde, 1 gång/tim resp 8 gånger/dygn",kod,1992-05-01T00:00:00Z,1992-05-01T02:00:00+02:00,704678400000,,1,1,G,,corrected-archive-csv
162860,Luleå-Kallax Flygplats,13,Rådande väder,"momentanvärde, 1 gång/tim resp 8 gånger/dygn",kod,1992-05-01T03:00:00Z,1992-05-01T05:00:00+02:00,704689200000,,0,0,G,,corrected-archive-csv
162860,Luleå-Kallax Flygplats,13,Rådande väder,"momentanvärde, 1 gång/tim resp 8 gånger/dygn",kod,1992-05-01T06:00:00Z,1992-05-01T08:00:00+02:00,704700000000,,0,0,G,,corrected-archive-csv
162860,Luleå-Kallax Flygplats,13,Rådande väder,"momentanvärde, 1 gång/tim resp 8 gånger/dygn",kod,1992-05-01T09:00:00Z,1992-05-01T11:00:00+02:00,704710800000,,0,0,G,,corrected-archive-csv
162860,Luleå-Kallax Flygplats,13,Rådande väder,"momentanvärde, 1 gång/tim resp 8 gånger/dygn",kod,1992-05-01T12:00:00Z,1992-05-01T14:00:00+02:00,704721600000,,0,0,G,,corrected-archive-csv
162860,Luleå-Kallax Flygplats,13,Rådande väder,"momentanvärde, 1 gång/tim resp 8 gånger/dygn",kod,1992-05-01T15:00:00Z,1992-05-01T17:00:00+02:00,704732400000,,61,61,G,,corrected-archive-csv
162860,Luleå-Kallax Flygplats,13,Rådande väder,"momentanvärde, 1 gång/tim resp 8 gånger/dygn",kod,1992-05-01T18:00:00Z,1992-05-01T20:00:00+02:00,704743200000,,61,61,G,,corrected-archive-csv
162860,Luleå-Kallax Flygplats,13,Rådande väder,"momentanvärde, 1 gång/tim resp 8 gånger/dygn",kod,1992-05-01T21:00:00Z,1992-05-01T23:00:00+02:00,704754000000,,61,61,G,,corrected-archive-csv
162860,Luleå-Kallax Flygplats,13,Rådande väder,"momentanvärde, 1 gång/tim resp 8 gånger/dygn",kod,1992-05-02T00:00:00Z,1992-05-02T02:00:00+02:00,704764800000,,51,51,G,,corrected-archive-csv
162860,Luleå-Kallax Flygplats,13,Rådande väder,"momentanvärde, 1 gång/tim resp 8 gånger/dygn",kod,1992-05-02T03:00:00Z,1992-05-02T05:00:00+02:00,704775600000,,21,21,G,,corrected-archive-csv
162860,Luleå-Kallax Flygplats,13,Rådande väder,"momentanvärde, 1 gång/tim resp 8 gånger/dygn",kod,1992-05-02T06:00:00Z,1992-05-02T08:00:00+02:00,704786400000,,1,1,G,,corrected-archive-csv
162860,Luleå-Kallax Flygplats,13,Rådande väder,"momentanvärde, 1 gång/tim resp 8 gånger/dygn",kod,1992-05-02T09:00:00Z,1992-05-02T11:00:00+02:00,704797200000,,0,0,G,,corrected-archive-csv
162860,Luleå-Kallax Flygplats,13,Rådande väder,"momentanvärde, 1 gång/tim resp 8 gånger/dygn",kod,1992-05-02T12:00:00Z,1992-05-02T14:00:00+02:00,704808000000,,61,61,G,,corrected-archive-csv
162860,Luleå-Kallax Flygplats,13,Rådande väder,"momentanvärde, 1 gång/tim resp 8 gånger/dygn",kod,1992-05-02T15:00:00Z,1992-05-02T17:00:00+02:00,704818800000,,63,63,G,,corrected-archive-csv
162860,Luleå-Kallax Flygplats,13,Rådande väder,"momentanvärde, 1 gång/tim resp 8 gånger/dygn",kod,1992-05-02T18:00:00Z,1992-05-02T20:00:00+02:00,704829600000,,43,43,G,,corrected-archive-csv
162860,Luleå-Kallax Flygplats,13,Rådande väder,"momentanvärde, 1 gång/tim resp 8 gånger/dygn",kod,1992-05-02T21:00:00Z,1992-05-02T23:00:00+02:00,704840400000,,10,10,G,,corrected-archive-csv
162860,Luleå-Kallax Flygplats,13,Rådande väder,"momentanvärde, 1 gång/tim resp 8 gånger/dygn",kod,1992-05-03T00:00:00Z,1992-05-03T02:00:00+02:00,704851200000,,10,10,G,,corrected-archive-csv
162860,Luleå-Kallax Flygplats,13,Rådande väder,"momentanvärde, 1 gång/tim resp 8 gånger/dygn",kod,1992-05-03T03:00:00Z,1992-05-03T05:00:00+02:00,704862000000,,0,0,G,,corrected-archive-csv
162860,Luleå-Kallax Flygplats,13,Rådande väder,"momentanvärde, 1 gång/tim resp 8 gånger/dygn",kod,1992-05-03T06:00:00Z,1992-05-03T08:00:00+02:00,704872800000,,0,0,G,,corrected-archive-csv
162860,Luleå-Kallax Flygplats,13,Rådande väder,"momentanvärde, 1 gång/tim resp 8 gånger/dygn",kod,1992-05-03T09:00:00Z,1992-05-03T11:00:00+02:00,704883600000,,0,0,G,,corrected-archive-csv
162860,Luleå-Kallax Flygplats,13,Rådande väder,"momentanvärde, 1 gång/tim resp 8 gånger/dygn",kod,1992-05-03T12:00:00Z,1992-05-03T14:00:00+02:00,704894400000,,0,0,G,,corrected-archive-csv
162860,Luleå-Kallax Flygplats,13,Rådande väder,"momentanvärde, 1 gång/tim resp 8 gånger/dygn",kod,1992-05-03T15:00:00Z,1992-05-03T17:00:00+02:00,704905200000,,80,80,G,,corrected-archive-csv
162860,Luleå-Kallax Flygplats,13,Rådande väder,"momentanvärde, 1 gång/tim resp 8 gånger/dygn",kod,1992-05-03T18:00:00Z,1992-05-03T20:00:00+02:00,704916000000,,2,2,G,,corrected-archive-csv
162860,Luleå-Kallax Flygplats,13,Rådande väder,"momentanvärde, 1 gång/tim resp 8 gånger/dygn",kod,1992-05-03T21:00:00Z,1992-05-03T23:00:00+02:00,704926800000,,0,0,G,,corrected-archive-csv
162860,Luleå-Kallax Flygplats,13,Rådande väder,"momentanvärde, 1 gång/tim resp 8 gånger/dygn",kod,1992-05-04T00:00:00Z,1992-05-04T02:00:00+02:00,704937600000,,0,0,G,,corrected-archive-csv
162860,Luleå-Kallax Flygplats,13,Rådande väder,"momentanvärde, 1 gång/tim resp 8 gånger/dygn",kod,1992-05-04T03:00:00Z,1992-05-04T05:00:00+02:00,704948400000,,0,0,G,,corrected-archive-csv
162860,Luleå-Kallax Flygplats,13,Rådande väder,"momentanvärde, 1 gång/tim resp 8 gånger/dygn",kod,1992-05-04T06:00:00Z,1992-05-04T08:00:00+02:00,704959200000,,0,0,G,,corrected-archive-csv
162860,Luleå-Kallax Flygplats,13,Rådande väder,"momentanvärde, 1 gång/tim resp 8 gånger/dygn",kod,1992-05-04T09:00:00Z,1992-05-04T11:00:00+02:00,704970000000,,0,0,G,,corrected-archive-csv
162860,Luleå-Kallax Flygplats,13,Rådande väder,"momentanvärde, 1 gång/tim resp 8 gånger/dygn",kod,1992-05-04T12:00:00Z,1992-05-04T14:00:00+02:00,704980800000,,0,0,G,,corrected-archive-csv
162860,Luleå-Kallax Flygplats,13,Rådande väder,"momentanvärde, 1 gång/tim resp 8 gånger/dygn",kod,1992-05-04T15:00:00Z,1992-05-04T17:00:00+02:00,704991600000,,0,0,G,,corrected-archive-csv
162860,Luleå-Kallax Flygplats,13,Rådande väder,"momentanvärde, 1 gång/tim resp 8 gånger/dygn",kod,1992-05-04T18:00:00Z,1992-05-04T20:00:00+02:00,705002400000,,0,0,G,,corrected-archive-csv
162860,Luleå-Kallax Flygplats,13,Rådande väder,"momentanvärde, 1 gång/tim resp 8 gånger/dygn",kod,1992-05-04T21:00:00Z,1992-05-04T23:00:00+02:00,705013200000,,0,0,G,,corrected-archive-csv
162860,Luleå-Kallax Flygplats,13,Rådande väder,"momentanvärde, 1 gång/tim resp 8 gånger/dygn",kod,1992-05-05T00:00:00Z,1992-05-05T02:00:00+02:00,705024000000,,0,0,G,,corrected-archive-csv
162860,Luleå-Kallax Flygplats,13,Rådande väder,"momentanvärde, 1 gång/tim resp 8 gånger/dygn",kod,1992-05-05T03:00:00Z,1992-05-05T05:00:00+02:00,705034800000,,0,0,G,,corrected-archive-csv
162860,Luleå-Kallax Flygplats,13,Rådande väder,"momentanvärde, 1 gång/tim resp 8 gånger/dygn",kod,1992-05-05T06:00:00Z,1992-05-05T08:00:00+02:00,705045600000,,0,0,G,,corrected-archive-csv
162860,Luleå-Kallax Flygplats,13,Rådande väder,"momentanvärde, 1 gång/tim resp 8 gånger/dygn",kod,1992-05-05T09:00:00Z,1992-05-05T11:00:00+02:00,705056400000,,0,0,G,,corrected-archive-csv
162860,Luleå-Kallax Flygplats,13,Rådande väder,"momentanvärde, 1 gång/tim resp 8 gånger/dygn",kod,1992-05-05T12:00:00Z,1992-05-05T14:00:00+02:00,705067200000,,0,0,G,,corrected-archive-csv
162860,Luleå-Kallax Flygplats,13,Rådande väder,"momentanvärde, 1 gång/tim resp 8 gånger/dygn",kod,1992-05-05T15:00:00Z,1992-05-05T17:00:00+02:00,705078000000,,0,0,G,,corrected-archive-csv
162860,Luleå-Kallax Flygplats,13,Rådande väder,"momentanvärde, 1 gång/tim resp 8 gånger/dygn",kod,1992-05-05T18:00:00Z,1992-05-05T20:00:00+02:00,705088800000,,0,0,G,,corrected-archive-csv
162860,Luleå-Kallax Flygplats,13,Rådande väder,"momentanvärde, 1 gång/tim resp 8 gånger/dygn",kod,1992-05-05T21:00:00Z,1992-05-05T23:00:00+02:00,705099600000,,0,0,G,,corrected-archive-csv
162860,Luleå-Kallax Flygplats,13,Rådande väder,"momentanvärde, 1 gång/tim resp 8 gånger/dygn",kod,1992-05-06T00:00:00Z,1992-05-06T02:00:00+02:00,705110400000,,0,0,G,,corrected-archive-csv
162860,Luleå-Kallax Flygplats,13,Rådande väder,"momentanvärde, 1 gång/tim resp 8 gånger/dygn",kod,1992-05-06T03:00:00Z,1992-05-06T05:00:00+02:00,705121200000,,0,0,G,,corrected-archive-csv
162860,Luleå-Kallax Flygplats,13,Rådande väder,"momentanvärde, 1 gång/tim resp 8 gånger/dygn",kod,1992-05-06T06:00:00Z,1992-05-06T08:00:00+02:00,705132000000,,61,61,G,,corrected-archive-csv
162860,Luleå-Kallax Flygplats,13,Rådande väder,"momentanvärde, 1 gång/tim resp 8 gånger/dygn",kod,1992-05-06T09:00:00Z,1992-05-06T11:00:00+02:00,705142800000,,10,10,G,,corrected-archive-csv
162860,Luleå-Kallax Flygplats,13,Rådande väder,"momentanvärde, 1 gång/tim resp 8 gånger/dygn",kod,1992-05-06T12:00:00Z,1992-05-06T14:00:00+02:00,705153600000,,2,2,G,,corrected-archive-csv
162860,Luleå-Kallax Flygplats,13,Rådande väder,"momentanvärde, 1 gång/tim resp 8 gånger/dygn",kod,1992-05-06T15:00:00Z,1992-05-06T17:00:00+02:00,705164400000,,0,0,G,,corrected-archive-csv
162860,Luleå-Kallax Flygplats,13,Rådande väder,"momentanvärde, 1 gång/tim resp 8 gånger/dygn",kod,1992-05-06T18:00:00Z,1992-05-06T20:00:00+02:00,705175200000,,0,0,G,,corrected-archive-csv
162860,Luleå-Kallax Flygplats,13,Rådande väder,"momentanvärde, 1 gång/tim resp 8 gånger/dygn",kod,1992-05-06T21:00:00Z,1992-05-06T23:00:00+02:00,705186000000,,60,60,G,,corrected-archive-csv
162860,Luleå-Kallax Flygplats,13,Rådande väder,"momentanvärde, 1 gång/tim resp 8 gånger/dygn",kod,1992-05-07T00:00:00Z,1992-05-07T02:00:00+02:00,705196800000,,2,2,G,,corrected-archive-csv
162860,Luleå-Kallax Flygplats,13,Rådande väder,"momentanvärde, 1 gång/tim resp 8 gånger/dygn",kod,1992-05-07T03:00:00Z,1992-05-07T05:00:00+02:00,705207600000,,0,0,G,,corrected-archive-csv
162860,Luleå-Kallax Flygplats,13,Rådande väder,"momentanvärde, 1 gång/tim resp 8 gånger/dygn",kod,1992-05-07T06:00:00Z,1992-05-07T08:00:00+02:00,705218400000,,0,0,G,,corrected-archive-csv
162860,Luleå-Kallax Flygplats,13,Rådande väder,"momentanvärde, 1 gång/tim resp 8 gånger/dygn",kod,1992-05-07T09:00:00Z,1992-05-07T11:00:00+02:00,705229200000,,0,0,G,,corrected-archive-csv
162860,Luleå-Kallax Flygplats,13,Rådande väder,"momentanvärde, 1 gång/tim resp 8 gånger/dygn",kod,1992-05-07T12:00:00Z,1992-05-07T14:00:00+02:00,705240000000,,0,0,G,,corrected-archive-csv
162860,Luleå-Kallax Flygplats,13,Rådande väder,"momentanvärde, 1 gång/tim resp 8 gånger/dygn",kod,1992-05-07T15:00:00Z,1992-05-07T17:00:00+02:00,705250800000,,0,0,G,,corrected-archive-csv
162860,Luleå-Kallax Flygplats,13,Rådande väder,"momentanvärde, 1 gång/tim resp 8 gånger/dygn",kod,1992-05-07T18:00:00Z,1992-05-07T20:00:00+02:00,705261600000,,0,0,G,,corrected-archive-csv
162860,Luleå-Kallax Flygplats,13,Rådande väder,"momentanvärde, 1 gång/tim resp 8 gånger/dygn",kod,1992-05-07T21:00:00Z,1992-05-07T23:00:00+02:00,705272400000,,0,0,G,,corrected-archive-csv
162860,Luleå-Kallax Flygplats,13,Rådande väder,"momentanvärde, 1 gång/tim resp 8 gånger/dygn",kod,1992-05-08T00:00:00Z,1992-05-08T02:00:00+02:00,705283200000,,0,0,G,,corrected-archive-csv
162860,Luleå-Kallax Flygplats,13,Rådande väder,"momentanvärde, 1 gång/tim resp 8 gånger/dygn",kod,1992-05-08T03:00:00Z,1992-05-08T05:00:00+02:00,705294000000,,45,45,G,,corrected-archive-csv
162860,Luleå-Kallax Flygplats,13,Rådande väder,"momentanvärde, 1 gång/tim resp 8 gånger/dygn",kod,1992-05-08T06:00:00Z,1992-05-08T08:00:00+02:00,705304800000,,61,61,G,,corrected-archive-csv
162860,Luleå-Kallax Flygplats,13,Rådande väder,"momentanvärde, 1 gång/tim resp 8 gånger/dygn",kod,1992-05-08T09:00:00Z,1992-05-08T11:00:00+02:00,705315600000,,88,88,G,,corrected-archive-csv
162860,Luleå-Kallax Flygplats,13,Rådande väder,"momentanvärde, 1 gång/tim resp 8 gånger/dygn",kod,1992-05-08T12:00:00Z,1992-05-08T14:00:00+02:00,705326400000,,51,51,G,,corrected-archive-csv
162860,Luleå-Kallax Flygplats,13,Rådande väder,"momentanvärde, 1 gång/tim resp 8 gånger/dygn",kod,1992-05-08T15:00:00Z,1992-05-08T17:00:00+02:00,705337200000,,2,2,G,,corrected-archive-csv
162860,Luleå-Kallax Flygplats,13,Rådande väder,"momentanvärde, 1 gång/tim resp 8 gånger/dygn",kod,1992-05-08T18:00:00Z,1992-05-08T20:00:00+02:00,705348000000,,2,2,G,,corrected-archive-csv
162860,Luleå-Kallax Flygplats,13,Rådande väder,"momentanvärde, 1 gång/tim resp 8 gånger/dygn",kod,1992-05-08T21:00:00Z,1992-05-08T23:00:00+02:00,705358800000,,21,21,G,,corrected-archive-csv
162860,Luleå-Kallax Flygplats,13,Rådande väder,"momentanvärde, 1 gång/tim resp 8 gånger/dygn",kod,1992-05-09T00:00:00Z,1992-05-09T02:00:00+02:00,705369600000,,71,71,G,,corrected-archive-csv
162860,Luleå-Kallax Flygplats,13,Rådande väder,"momentanvärde, 1 gång/tim resp 8 gånger/dygn",kod,1992-05-09T03:00:00Z,1992-05-09T05:00:00+02:00,705380400000,,71,71,G,,corrected-archive-csv
162860,Luleå-Kallax Flygplats,13,Rådande väder,"momentanvärde, 1 gång/tim resp 8 gånger/dygn",kod,1992-05-09T06:00:00Z,1992-05-09T08:00:00+02:00,705391200000,,2,2,G,,corrected-archive-csv
162860,Luleå-Kallax Flygplats,13,Rådande väder,"momentanvärde, 1 gång/tim resp 8 gånger/dygn",kod,1992-05-09T09:00:00Z,1992-05-09T11:00:00+02:00,705402000000,,0,0,G,,corrected-archive-csv
162860,Luleå-Kallax Flygplats,13,Rådande väder,"momentanvärde, 1 gång/tim resp 8 gånger/dygn",kod,1992-05-09T12:00:00Z,1992-05-09T14:00:00+02:00,705412800000,,0,0,G,,corrected-archive-csv
162860,Luleå-Kallax Flygplats,13,Rådande väder,"momentanvärde, 1 gång/tim resp 8 gånger/dygn",kod,1992-05-09T15:00:00Z,1992-05-09T17:00:00+02:00,705423600000,,0,0,G,,corrected-archive-csv
162860,Luleå-Kallax Flygplats,13,Rådande väder,"momentanvärde, 1 gång/tim resp 8 gånger/dygn",kod,1992-05-09T18:00:00Z,1992-05-09T20:00:00+02:00,705434400000,,0,0,G,,corrected-archive-csv
162860,Luleå-Kallax Flygplats,13,Rådande väder,"momentanvärde, 1 gång/tim resp 8 gånger/dygn",kod,1992-05-09T21:00:00Z,1992-05-09T23:00:00+02:00,705445200000,,0,0,G,,corrected-archive-csv
162860,Luleå-Kallax Flygplats,13,Rådande väder,"momentanvärde, 1 gång/tim resp 8 gånger/dygn",kod,1992-05-10T00:00:00Z,1992-05-10T02:00:00+02:00,705456000000,,0,0,G,,corrected-archive-csv
162860,Luleå-Kallax Flygplats,13,Rådande väder,"momentanvärde, 1 gång/tim resp 8 gånger/dygn",kod,1992-05-10T03:00:00Z,1992-05-10T05:00:00+02:00,705466800000,,0,0,G,,corrected-archive-csv
162860,Luleå-Kallax Flygplats,13,Rådande väder,"momentanvärde, 1 gång/tim resp 8 gånger/dygn",kod,1992-05-10T06:00:00Z,1992-05-10T08:00:00+02:00,705477600000,,0,0,G,,corrected-archive-csv
162860,Luleå-Kallax Flygplats,13,Rådande väder,"momentanvärde, 1 gång/tim resp 8 gånger/dygn",kod,1992-05-10T09:00:00Z,1992-05-10T11:00:00+02:00,705488400000,,14,14,G,,corrected-archive-csv
162860,Luleå-Kallax Flygplats,13,Rådande väder,"momentanvärde, 1 gång/tim resp 8 gånger/dygn",kod,1992-05-10T12:00:00Z,1992-05-10T14:00:00+02:00,705499200000,,14,14,G,,corrected-archive-csv
162860,Luleå-Kallax Flygplats,13,Rådande väder,"momentanvärde, 1 gång/tim resp 8 gånger/dygn",kod,1992-05-10T15:00:00Z,1992-05-10T17:00:00+02:00,705510000000,,15,15,G,,corrected-archive-csv
162860,Luleå-Kallax Flygplats,13,Rådande väder,"momentanvärde, 1 gång/tim resp 8 gånger/dygn",kod,1992-05-10T18:00:00Z,1992-05-10T20:00:00+02:00,705520800000,,10,10,G,,corrected-archive-csv
162860,Luleå-Kallax Flygplats,13,Rådande väder,"momentanvärde, 1 gång/tim resp 8 gånger/dygn",kod,1992-05-10T21:00:00Z,1992-05-10T23:00:00+02:00,705531600000,,45,45,G,,corrected-archive-csv
162860,Luleå-Kallax Flygplats,13,Rådande väder,"momentanvärde, 1 gång/tim resp 8 gånger/dygn",kod,1992-05-11T00:00:00Z,1992-05-11T02:00:00+02:00,705542400000,,41,41,G,,corrected-archive-csv
162860,Luleå-Kallax Flygplats,13,Rådande väder,"momentanvärde, 1 gång/tim resp 8 gånger/dygn",kod,1992-05-11T03:00:00Z,1992-05-11T05:00:00+02:00,705553200000,,44,44,G,,corrected-archive-csv
162860,Luleå-Kallax Flygplats,13,Rådande väder,"momentanvärde, 1 gång/tim resp 8 gånger/dygn",kod,1992-05-11T06:00:00Z,1992-05-11T08:00:00+02:00,705564000000,,45,45,G,,corrected-archive-csv
162860,Luleå-Kallax Flygplats,13,Rådande väder,"momentanvärde, 1 gång/tim resp 8 gånger/dygn",kod,1992-05-11T09:00:00Z,1992-05-11T11:00:00+02:00,705574800000,,3,3,G,,corrected-archive-csv
162860,Luleå-Kallax Flygplats,13,Rådande väder,"momentanvärde, 1 gång/tim resp 8 gånger/dygn",kod,1992-05-11T12:00:00Z,1992-05-11T14:00:00+02:00,705585600000,,40,40,G,,corrected-archive-csv
162860,Luleå-Kallax Flygplats,13,Rådande väder,"momentanvärde, 1 gång/tim resp 8 gånger/dygn",kod,1992-05-11T15:00:00Z,1992-05-11T17:00:00+02:00,705596400000,,2,2,G,,corrected-archive-csv
162860,Luleå-Kallax Flygplats,13,Rådande väder,"momentanvärde, 1 gång/tim resp 8 gånger/dygn",kod,1992-05-11T18:00:00Z,1992-05-11T20:00:00+02:00,705607200000,,2,2,G,,corrected-archive-csv
162860,Luleå-Kallax Flygplats,13,Rådande väder,"momentanvärde, 1 gång/tim resp 8 gånger/dygn",kod,1992-05-11T21:00:00Z,1992-05-11T23:00:00+02:00,705618000000,,40,40,G,,corrected-archive-csv
162860,Luleå-Kallax Flygplats,13,Rådande väder,"momentanvärde, 1 gång/tim resp 8 gånger/dygn",kod,1992-05-12T00:00:00Z,1992-05-12T02:00:00+02:00,705628800000,,46,46,G,,corrected-archive-csv
162860,Luleå-Kallax Flygplats,13,Rådande väder,"momentanvärde, 1 gång/tim resp 8 gånger/dygn",kod,1992-05-12T03:00:00Z,1992-05-12T05:00:00+02:00,705639600000,,44,44,G,,corrected-archive-csv
162860,Luleå-Kallax Flygplats,13,Rådande väder,"momentanvärde, 1 gång/tim resp 8 gånger/dygn",kod,1992-05-12T06:00:00Z,1992-05-12T08:00:00+02:00,705650400000,,45,45,G,,corrected-archive-csv
162860,Luleå-Kallax Flygplats,13,Rådande väder,"momentanvärde, 1 gång/tim resp 8 gånger/dygn",kod,1992-05-12T09:00:00Z,1992-05-12T11:00:00+02:00,705661200000,,1,1,G,,corrected-archive-csv
162860,Luleå-Kallax Flygplats,13,Rådande väder,"momentanvärde, 1 gång/tim resp 8 gånger/dygn",kod,1992-05-12T12:00:00Z,1992-05-12T14:00:00+02:00,705672000000,,1,1,G,,corrected-archive-csv
162860,Luleå-Kallax Flygplats,13,Rådande väder,"momentanvärde, 1 gång/tim resp 8 gånger/dygn",kod,1992-05-12T15:00:00Z,1992-05-12T17:00:00+02:00,705682800000,,2,2,G,,corrected-archive-csv
162860,Luleå-Kallax Flygplats,13,Rådande väder,"momentanvärde, 1 gång/tim resp 8 gånger/dygn",kod,1992-05-12T18:00:00Z,1992-05-12T20:00:00+02:00,705693600000,,40,40,G,,corrected-archive-csv
162860,Luleå-Kallax Flygplats,13,Rådande väder,"momentanvärde, 1 gång/tim resp 8 gånger/dygn",kod,1992-05-12T21:00:00Z,1992-05-12T23:00:00+02:00,705704400000,,1,1,G,,corrected-archive-csv
162860,Luleå-Kallax Flygplats,13,Rådande väder,"momentanvärde, 1 gång/tim resp 8 gånger/dygn",kod,1992-05-13T00:00:00Z,1992-05-13T02:00:00+02:00,705715200000,,1,1,G,,corrected-archive-csv
162860,Luleå-Kallax Flygplats,13,Rådande väder,"momentanvärde, 1 gång/tim resp 8 gånger/dygn",kod,1992-05-13T03:00:00Z,1992-05-13T05:00:00+02:00,705726000000,,0,0,G,,corrected-archive-csv
162860,Luleå-Kallax Flygplats,13,Rådande väder,"momentanvärde, 1 gång/tim resp 8 gånger/dygn",kod,1992-05-13T06:00:00Z,1992-05-13T08:00:00+02:00,705736800000,,2,2,G,,corrected-archive-csv
162860,Luleå-Kallax Flygplats,13,Rådande väder,"momentanvärde, 1 gång/tim resp 8 gånger/dygn",kod,1992-05-13T09:00:00Z,1992-05-13T11:00:00+02:00,705747600000,,14,14,G,,corrected-archive-csv
162860,Luleå-Kallax Flygplats,13,Rådande väder,"momentanvärde, 1 gång/tim resp 8 gånger/dygn",kod,1992-05-13T12:00:00Z,1992-05-13T14:00:00+02:00,705758400000,,2,2,G,,corrected-archive-csv
162860,Luleå-Kallax Flygplats,13,Rådande väder,"momentanvärde, 1 gång/tim resp 8 gånger/dygn",kod,1992-05-13T15:00:00Z,1992-05-13T17:00:00+02:00,705769200000,,0,0,G,,corrected-archive-csv
162860,Luleå-Kallax Flygplats,13,Rådande väder,"momentanvärde, 1 gång/tim resp 8 gånger/dygn",kod,1992-05-13T18:00:00Z,1992-05-13T20:00:00+02:00,705780000000,,0,0,G,,corrected-archive-csv
162860,Luleå-Kallax Flygplats,13,Rådande väder,"momentanvärde, 1 gång/tim resp 8 gånger/dygn",kod,1992-05-13T21:00:00Z,1992-05-13T23:00:00+02:00,705790800000,,61,61,G,,corrected-archive-csv
162860,Luleå-Kallax Flygplats,13,Rådande väder,"momentanvärde, 1 gång/tim resp 8 gånger/dygn",kod,1992-05-14T00:00:00Z,1992-05-14T02:00:00+02:00,705801600000,,2,2,G,,corrected-archive-csv
162860,Luleå-Kallax Flygplats,13,Rådande väder,"momentanvärde, 1 gång/tim resp 8 gånger/dygn",kod,1992-05-14T03:00:00Z,1992-05-14T05:00:00+02:00,705812400000,,0,0,G,,corrected-archive-csv
162860,Luleå-Kallax Flygplats,13,Rådande väder,"momentanvärde, 1 gång/tim resp 8 gånger/dygn",kod,1992-05-14T09:00:00Z,1992-05-14T11:00:00+02:00,705834000000,,0,0,G,,corrected-archive-csv
162860,Luleå-Kallax Flygplats,13,Rådande väder,"momentanvärde, 1 gång/tim resp 8 gånger/dygn",kod,1992-05-14T12:00:00Z,1992-05-14T14:00:00+02:00,705844800000,,0,0,G,,corrected-archive-csv
162860,Luleå-Kallax Flygplats,13,Rådande väder,"momentanvärde, 1 gång/tim resp 8 gånger/dygn",kod,1992-05-14T15:00:00Z,1992-05-14T17:00:00+02:00,705855600000,,0,0,G,,corrected-archive-csv
162860,Luleå-Kallax Flygplats,13,Rådande väder,"momentanvärde, 1 gång/tim resp 8 gånger/dygn",kod,1992-05-14T18:00:00Z,1992-05-14T20:00:00+02:00,705866400000,,0,0,G,,corrected-archive-csv
162860,Luleå-Kallax Flygplats,13,Rådande väder,"momentanvärde, 1 gång/tim resp 8 gånger/dygn",kod,1992-05-14T21:00:00Z,1992-05-14T23:00:00+02:00,705877200000,,0,0,G,,corrected-archive-csv
162860,Luleå-Kallax Flygplats,13,Rådande väder,"momentanvärde, 1 gång/tim resp 8 gånger/dygn",kod,1992-05-15T00:00:00Z,1992-05-15T02:00:00+02:00,705888000000,,60,60,G,,corrected-archive-csv
162860,Luleå-Kallax Flygplats,13,Rådande väder,"momentanvärde, 1 gång/tim resp 8 gånger/dygn",kod,1992-05-15T03:00:00Z,1992-05-15T05:00:00+02:00,705898800000,,0,0,G,,corrected-archive-csv
162860,Luleå-Kallax Flygplats,13,Rådande väder,"momentanvärde, 1 gång/tim resp 8 gånger/dygn",kod,1992-05-15T06:00:00Z,1992-05-15T08:00:00+02:00,705909600000,,0,0,G,,corrected-archive-csv
162860,Luleå-Kallax Flygplats,13,Rådande väder,"momentanvärde, 1 gång/tim resp 8 gånger/dygn",kod,1992-05-15T09:00:00Z,1992-05-15T11:00:00+02:00,705920400000,,0,0,G,,corrected-archive-csv
162860,Luleå-Kallax Flygplats,13,Rådande väder,"momentanvärde, 1 gång/tim resp 8 gånger/dygn",kod,1992-05-15T12:00:00Z,1992-05-15T14:00:00+02:00,705931200000,,0,0,G,,corrected-archive-csv
162860,Luleå-Kallax Flygplats,13,Rådande väder,"momentanvärde, 1 gång/tim resp 8 gånger/dygn",kod,1992-05-15T15:00:00Z,1992-05-15T17:00:00+02:00,705942000000,,0,0,G,,corrected-archive-csv
162860,Luleå-Kallax Flygplats,13,Rådande väder,"momentanvärde, 1 gång/tim resp 8 gånger/dygn",kod,1992-05-15T18:00:00Z,1992-05-15T20:00:00+02:00,705952800000,,51,51,G,,corrected-archive-csv
162860,Luleå-Kallax Flygplats,13,Rådande väder,"momentanvärde, 1 gång/tim resp 8 gånger/dygn",kod,1992-05-15T21:00:00Z,1992-05-15T23:00:00+02:00,705963600000,,63,63,G,,corrected-archive-csv
162860,Luleå-Kallax Flygplats,13,Rådande väder,"momentanvärde, 1 gång/tim resp 8 gånger/dygn",kod,1992-05-16T00:00:00Z,1992-05-16T02:00:00+02:00,705974400000,,2,2,G,,corrected-archive-csv
162860,Luleå-Kallax Flygplats,13,Rådande väder,"momentanvärde, 1 gång/tim resp 8 gånger/dygn",kod,1992-05-16T03:00:00Z,1992-05-16T05:00:00+02:00,705985200000,,0,0,G,,corrected-archive-csv
162860,Luleå-Kallax Flygplats,13,Rådande väder,"momentanvärde, 1 gång/tim resp 8 gånger/dygn",kod,1992-05-16T06:00:00Z,1992-05-16T08:00:00+02:00,705996000000,,0,0,G,,corrected-archive-csv
162860,Luleå-Kallax Flygplats,13,Rådande väder,"momentanvärde, 1 gång/tim resp 8 gånger/dygn",kod,1992-05-16T09:00:00Z,1992-05-16T11:00:00+02:00,706006800000,,0,0,G,,corrected-archive-csv
162860,Luleå-Kallax Flygplats,13,Rådande väder,"momentanvärde, 1 gång/tim resp 8 gånger/dygn",kod,1992-05-16T12:00:00Z,1992-05-16T14:00:00+02:00,706017600000,,0,0,G,,corrected-archive-csv
162860,Luleå-Kallax Flygplats,13,Rådande väder,"momentanvärde, 1 gång/tim resp 8 gånger/dygn",kod,1992-05-16T15:00:00Z,1992-05-16T17:00:00+02:00,706028400000,,0,0,G,,corrected-archive-csv
162860,Luleå-Kallax Flygplats,13,Rådande väder,"momentanvärde, 1 gång/tim resp 8 gånger/dygn",kod,1992-05-16T18:00:00Z,1992-05-16T20:00:00+02:00,706039200000,,1,1,G,,corrected-archive-csv
162860,Luleå-Kallax Flygplats,13,Rådande väder,"momentanvärde, 1 gång/tim resp 8 gånger/dygn",kod,1992-05-16T21:00:00Z,1992-05-16T23:00:00+02:00,706050000000,,0,0,G,,corrected-archive-csv
162860,Luleå-Kallax Flygplats,13,Rådande väder,"momentanvärde, 1 gång/tim resp 8 gånger/dygn",kod,1992-05-17T00:00:00Z,1992-05-17T02:00:00+02:00,706060800000,,0,0,G,,corrected-archive-csv
162860,Luleå-Kallax Flygplats,13,Rådande väder,"momentanvärde, 1 gång/tim resp 8 gånger/dygn",kod,1992-05-17T03:00:00Z,1992-05-17T05:00:00+02:00,706071600000,,0,0,G,,corrected-archive-csv
162860,Luleå-Kallax Flygplats,13,Rådande väder,"momentanvärde, 1 gång/tim resp 8 gånger/dygn",kod,1992-05-17T06:00:00Z,1992-05-17T08:00:00+02:00,706082400000,,0,0,G,,corrected-archive-csv
162860,Luleå-Kallax Flygplats,13,Rådande väder,"momentanvärde, 1 gång/tim resp 8 gånger/dygn",kod,1992-05-17T09:00:00Z,1992-05-17T11:00:00+02:00,706093200000,,0,0,G,,corrected-archive-csv
162860,Luleå-Kallax Flygplats,13,Rådande väder,"momentanvärde, 1 gång/tim resp 8 gånger/dygn",kod,1992-05-17T12:00:00Z,1992-05-17T14:00:00+02:00,706104000000,,0,0,G,,corrected-archive-csv
162860,Luleå-Kallax Flygplats,13,Rådande väder,"momentanvärde, 1 gång/tim resp 8 gånger/dygn",kod,1992-05-17T15:00:00Z,1992-05-17T17:00:00+02:00,706114800000,,0,0,G,,corrected-archive-csv
162860,Luleå-Kallax Flygplats,13,Rådande väder,"momentanvärde, 1 gång/tim resp 8 gånger/dygn",kod,1992-05-17T21:00:00Z,1992-05-17T23:00:00+02:00,706136400000,,0,0,G,,corrected-archive-csv
162860,Luleå-Kallax Flygplats,13,Rådande väder,"momentanvärde, 1 gång/tim resp 8 gånger/dygn",kod,1992-05-18T00:00:00Z,1992-05-18T02:00:00+02:00,706147200000,,0,0,G,,corrected-archive-csv
162860,Luleå-Kallax Flygplats,13,Rådande väder,"momentanvärde, 1 gång/tim resp 8 gånger/dygn",kod,1992-05-18T03:00:00Z,1992-05-18T05:00:00+02:00,706158000000,,0,0,G,,corrected-archive-csv
162860,Luleå-Kallax Flygplats,13,Rådande väder,"momentanvärde, 1 gång/tim resp 8 gånger/dygn",kod,1992-05-18T06:00:00Z,1992-05-18T08:00:00+02:00,706168800000,,0,0,G,,corrected-archive-csv
162860,Luleå-Kallax Flygplats,13,Rådande väder,"momentanvärde, 1 gång/tim resp 8 gånger/dygn",kod,1992-05-18T09:00:00Z,1992-05-18T11:00:00+02:00,706179600000,,14,14,G,,corrected-archive-csv
162860,Luleå-Kallax Flygplats,13,Rådande väder,"momentanvärde, 1 gång/tim resp 8 gånger/dygn",kod,1992-05-18T12:00:00Z,1992-05-18T14:00:00+02:00,706190400000,,14,14,G,,corrected-archive-csv
162860,Luleå-Kallax Flygplats,13,Rådande väder,"momentanvärde, 1 gång/tim resp 8 gånger/dygn",kod,1992-05-18T15:00:00Z,1992-05-18T17:00:00+02:00,706201200000,,14,14,G,,corrected-archive-csv
162860,Luleå-Kallax Flygplats,13,Rådande väder,"momentanvärde, 1 gång/tim resp 8 gånger/dygn",kod,1992-05-18T18:00:00Z,1992-05-18T20:00:00+02:00,706212000000,,0,0,G,,corrected-archive-csv
162860,Luleå-Kallax Flygplats,13,Rådande väder,"momentanvärde, 1 gång/tim resp 8 gånger/dygn",kod,1992-05-18T21:00:00Z,1992-05-18T23:00:00+02:00,706222800000,,0,0,G,,corrected-archive-csv
162860,Luleå-Kallax Flygplats,13,Rådande väder,"momentanvärde, 1 gång/tim resp 8 gånger/dygn",kod,1992-05-19T00:00:00Z,1992-05-19T02:00:00+02:00,706233600000,,0,0,G,,corrected-archive-csv
162860,Luleå-Kallax Flygplats,13,Rådande väder,"momentanvärde, 1 gång/tim resp 8 gånger/dygn",kod,1992-05-19T03:00:00Z,1992-05-19T05:00:00+02:00,706244400000,,61,61,G,,corrected-archive-csv
162860,Luleå-Kallax Flygplats,13,Rådande väder,"momentanvärde, 1 gång/tim resp 8 gånger/dygn",kod,1992-05-19T06:00:00Z,1992-05-19T08:00:00+02:00,706255200000,,61,61,G,,corrected-archive-csv
162860,Luleå-Kallax Flygplats,13,Rådande väder,"momentanvärde, 1 gång/tim resp 8 gånger/dygn",kod,1992-05-19T09:00:00Z,1992-05-19T11:00:00+02:00,706266000000,,21,21,G,,corrected-archive-csv
162860,Luleå-Kallax Flygplats,13,Rådande väder,"momentanvärde, 1 gång/tim resp 8 gånger/dygn",kod,1992-05-19T12:00:00Z,1992-05-19T14:00:00+02:00,706276800000,,21,21,G,,corrected-archive-csv
162860,Luleå-Kallax Flygplats,13,Rådande väder,"momentanvärde, 1 gång/tim resp 8 gånger/dygn",kod,1992-05-19T15:00:00Z,1992-05-19T17:00:00+02:00,706287600000,,1,1,G,,corrected-archive-csv
162860,Luleå-Kallax Flygplats,13,Rådande väder,"momentanvärde, 1 gång/tim resp 8 gånger/dygn",kod,1992-05-19T18:00:00Z,1992-05-19T20:00:00+02:00,706298400000,,2,2,G,,corrected-archive-csv
162860,Luleå-Kallax Flygplats,13,Rådande väder,"momentanvärde, 1 gång/tim resp 8 gånger/dygn",kod,1992-05-20T00:00:00Z,1992-05-20T02:00:00+02:00,706320000000,,0,0,G,,corrected-archive-csv
162860,Luleå-Kallax Flygplats,13,Rådande väder,"momentanvärde, 1 gång/tim resp 8 gånger/dygn",kod,1992-05-20T03:00:00Z,1992-05-20T05:00:00+02:00,706330800000,,0,0,G,,corrected-archive-csv
162860,Luleå-Kallax Flygplats,13,Rådande väder,"momentanvärde, 1 gång/tim resp 8 gånger/dygn",kod,1992-05-20T06:00:00Z,1992-05-20T08:00:00+02:00,706341600000,,0,0,G,,corrected-archive-csv
162860,Luleå-Kallax Flygplats,13,Rådande väder,"momentanvärde, 1 gång/tim resp 8 gånger/dygn",kod,1992-05-20T09:00:00Z,1992-05-20T11:00:00+02:00,706352400000,,0,0,G,,corrected-archive-csv
162860,Luleå-Kallax Flygplats,13,Rådande väder,"momentanvärde, 1 gång/tim resp 8 gånger/dygn",kod,1992-05-20T12:00:00Z,1992-05-20T14:00:00+02:00,706363200000,,0,0,G,,corrected-archive-csv
162860,Luleå-Kallax Flygplats,13,Rådande väder,"momentanvärde, 1 gång/tim resp 8 gånger/dygn",kod,1992-05-20T15:00:00Z,1992-05-20T17:00:00+02:00,706374000000,,0,0,G,,corrected-archive-csv
162860,Luleå-Kallax Flygplats,13,Rådande väder,"momentanvärde, 1 gång/tim resp 8 gånger/dygn",kod,1992-05-20T18:00:00Z,1992-05-20T20:00:00+02:00,706384800000,,0,0,G,,corrected-archive-csv
162860,Luleå-Kallax Flygplats,13,Rådande väder,"momentanvärde, 1 gång/tim resp 8 gånger/dygn",kod,1992-05-20T21:00:00Z,1992-05-20T23:00:00+02:00,706395600000,,0,0,G,,corrected-archive-csv
162860,Luleå-Kallax Flygplats,13,Rådande väder,"momentanvärde, 1 gång/tim resp 8 gånger/dygn",kod,1992-05-21T00:00:00Z,1992-05-21T02:00:00+02:00,706406400000,,61,61,G,,corrected-archive-csv
162860,Luleå-Kallax Flygplats,13,Rådande väder,"momentanvärde, 1 gång/tim resp 8 gånger/dygn",kod,1992-05-21T03:00:00Z,1992-05-21T05:00:00+02:00,706417200000,,0,0,G,,corrected-archive-csv
162860,Luleå-Kallax Flygplats,13,Rådande väder,"momentanvärde, 1 gång/tim resp 8 gånger/dygn",kod,1992-05-21T06:00:00Z,1992-05-21T08:00:00+02:00,706428000000,,0,0,G,,corrected-archive-csv
162860,Luleå-Kallax Flygplats,13,Rådande väder,"momentanvärde, 1 gång/tim resp 8 gånger/dygn",kod,1992-05-21T09:00:00Z,1992-05-21T11:00:00+02:00,706438800000,,0,0,G,,corrected-archive-csv
162860,Luleå-Kallax Flygplats,13,Rådande väder,"momentanvärde, 1 gång/tim resp 8 gånger/dygn",kod,1992-05-21T12:00:00Z,1992-05-21T14:00:00+02:00,706449600000,,0,0,G,,corrected-archive-csv
162860,Luleå-Kallax Flygplats,13,Rådande väder,"momentanvärde, 1 gång/tim resp 8 gånger/dygn",kod,1992-05-21T15:00:00Z,1992-05-21T17:00:00+02:00,706460400000,,0,0,G,,corrected-archive-csv
162860,Luleå-Kallax Flygplats,13,Rådande väder,"momentanvärde, 1 gång/tim resp 8 gånger/dygn",kod,1992-05-21T18:00:00Z,1992-05-21T20:00:00+02:00,706471200000,,0,0,G,,corrected-archive-csv
162860,Luleå-Kallax Flygplats,13,Rådande väder,"momentanvärde, 1 gång/tim resp 8 gånger/dygn",kod,1992-05-21T21:00:00Z,1992-05-21T23:00:00+02:00,706482000000,,0,0,G,,corrected-archive-csv
162860,Luleå-Kallax Flygplats,13,Rådande väder,"momentanvärde, 1 gång/tim resp 8 gånger/dygn",kod,1992-05-22T00:00:00Z,1992-05-22T02:00:00+02:00,706492800000,,0,0,G,,corrected-archive-csv
162860,Luleå-Kallax Flygplats,13,Rådande väder,"momentanvärde, 1 gång/tim resp 8 gånger/dygn",kod,1992-05-22T03:00:00Z,1992-05-22T05:00:00+02:00,706503600000,,0,0,G,,corrected-archive-csv
162860,Luleå-Kallax Flygplats,13,Rådande väder,"momentanvärde, 1 gång/tim resp 8 gånger/dygn",kod,1992-05-22T06:00:00Z,1992-05-22T08:00:00+02:00,706514400000,,0,0,G,,corrected-archive-csv
162860,Luleå-Kallax Flygplats,13,Rådande väder,"momentanvärde, 1 gång/tim resp 8 gånger/dygn",kod,1992-05-22T09:00:00Z,1992-05-22T11:00:00+02:00,706525200000,,0,0,G,,corrected-archive-csv
162860,Luleå-Kallax Flygplats,13,Rådande väder,"momentanvärde, 1 gång/tim resp 8 gånger/dygn",kod,1992-05-22T12:00:00Z,1992-05-22T14:00:00+02:00,706536000000,,0,0,G,,corrected-archive-csv
162860,Luleå-Kallax Flygplats,13,Rådande väder,"momentanvärde, 1 gång/tim resp 8 gånger/dygn",kod,1992-05-22T15:00:00Z,1992-05-22T17:00:00+02:00,706546800000,,0,0,G,,corrected-archive-csv
162860,Luleå-Kallax Flygplats,13,Rådande väder,"momentanvärde, 1 gång/tim resp 8 gånger/dygn",kod,1992-05-22T18:00:00Z,1992-05-22T20:00:00+02:00,706557600000,,0,0,G,,corrected-archive-csv
162860,Luleå-Kallax Flygplats,13,Rådande väder,"momentanvärde, 1 gång/tim resp 8 gånger/dygn",kod,1992-05-22T21:00:00Z,1992-05-22T23:00:00+02:00,706568400000,,0,0,G,,corrected-archive-csv
162860,Luleå-Kallax Flygplats,13,Rådande väder,"momentanvärde, 1 gång/tim resp 8 gånger/dygn",kod,1992-05-23T03:00:00Z,1992-05-23T05:00:00+02:00,706590000000,,0,0,G,,corrected-archive-csv
162860,Luleå-Kallax Flygplats,13,Rådande väder,"momentanvärde, 1 gång/tim resp 8 gånger/dygn",kod,1992-05-23T06:00:00Z,1992-05-23T08:00:00+02:00,706600800000,,0,0,G,,corrected-archive-csv
162860,Luleå-Kallax Flygplats,13,Rådande väder,"momentanvärde, 1 gång/tim resp 8 gånger/dygn",kod,1992-05-23T09:00:00Z,1992-05-23T11:00:00+02:00,706611600000,,0,0,G,,corrected-archive-csv
162860,Luleå-Kallax Flygplats,13,Rådande väder,"momentanvärde, 1 gång/tim resp 8 gånger/dygn",kod,1992-05-23T12:00:00Z,1992-05-23T14:00:00+02:00,706622400000,,0,0,G,,corrected-archive-csv
162860,Luleå-Kallax Flygplats,13,Rådande väder,"momentanvärde, 1 gång/tim resp 8 gånger/dygn",kod,1992-05-23T15:00:00Z,1992-05-23T17:00:00+02:00,706633200000,,0,0,G,,corrected-archive-csv
162860,Luleå-Kallax Flygplats,13,Rådande väder,"momentanvärde, 1 gång/tim resp 8 gånger/dygn",kod,1992-05-23T18:00:00Z,1992-05-23T20:00:00+02:00,706644000000,,25,25,G,,corrected-archive-csv
162860,Luleå-Kallax Flygplats,13,Rådande väder,"momentanvärde, 1 gång/tim resp 8 gånger/dygn",kod,1992-05-23T21:00:00Z,1992-05-23T23:00:00+02:00,706654800000,,0,0,G,,corrected-archive-csv
162860,Luleå-Kallax Flygplats,13,Rådande väder,"momentanvärde, 1 gång/tim resp 8 gånger/dygn",kod,1992-05-24T00:00:00Z,1992-05-24T02:00:00+02:00,706665600000,,0,0,G,,corrected-archive-csv
162860,Luleå-Kallax Flygplats,13,Rådande väder,"momentanvärde, 1 gång/tim resp 8 gånger/dygn",kod,1992-05-24T03:00:00Z,1992-05-24T05:00:00+02:00,706676400000,,10,10,G,,corrected-archive-csv
162860,Luleå-Kallax Flygplats,13,Rådande väder,"momentanvärde, 1 gång/tim resp 8 gånger/dygn",kod,1992-05-24T06:00:00Z,1992-05-24T08:00:00+02:00,706687200000,,0,0,G,,corrected-archive-csv
162860,Luleå-Kallax Flygplats,13,Rådande väder,"momentanvärde, 1 gång/tim resp 8 gånger/dygn",kod,1992-05-24T09:00:00Z,1992-05-24T11:00:00+02:00,706698000000,,0,0,G,,corrected-archive-csv
162860,Luleå-Kallax Flygplats,13,Rådande väder,"momentanvärde, 1 gång/tim resp 8 gånger/dygn",kod,1992-05-24T12:00:00Z,1992-05-24T14:00:00+02:00,706708800000,,0,0,G,,corrected-archive-csv
162860,Luleå-Kallax Flygplats,13,Rådande väder,"momentanvärde, 1 gång/tim resp 8 gånger/dygn",kod,1992-05-24T15:00:00Z,1992-05-24T17:00:00+02:00,706719600000,,0,0,G,,corrected-archive-csv
162860,Luleå-Kallax Flygplats,13,Rådande väder,"momentanvärde, 1 gång/tim resp 8 gånger/dygn",kod,1992-05-24T18:00:00Z,1992-05-24T20:00:00+02:00,706730400000,,0,0,G,,corrected-archive-csv
162860,Luleå-Kallax Flygplats,13,Rådande väder,"momentanvärde, 1 gång/tim resp 8 gånger/dygn",kod,1992-05-24T21:00:00Z,1992-05-24T23:00:00+02:00,706741200000,,0,0,G,,corrected-archive-csv
162860,Luleå-Kallax Flygplats,13,Rådande väder,"momentanvärde, 1 gång/tim resp 8 gånger/dygn",kod,1992-05-25T03:00:00Z,1992-05-25T05:00:00+02:00,706762800000,,0,0,G,,corrected-archive-csv
162860,Luleå-Kallax Flygplats,13,Rådande väder,"momentanvärde, 1 gång/tim resp 8 gånger/dygn",kod,1992-05-25T06:00:00Z,1992-05-25T08:00:00+02:00,706773600000,,0,0,G,,corrected-archive-csv
162860,Luleå-Kallax Flygplats,13,Rådande väder,"momentanvärde, 1 gång/tim resp 8 gånger/dygn",kod,1992-05-25T09:00:00Z,1992-05-25T11:00:00+02:00,706784400000,,0,0,G,,corrected-archive-csv
162860,Luleå-Kallax Flygplats,13,Rådande väder,"momentanvärde, 1 gång/tim resp 8 gånger/dygn",kod,1992-05-25T12:00:00Z,1992-05-25T14:00:00+02:00,706795200000,,0,0,G,,corrected-archive-csv
162860,Luleå-Kallax Flygplats,13,Rådande väder,"momentanvärde, 1 gång/tim resp 8 gånger/dygn",kod,1992-05-25T15:00:00Z,1992-05-25T17:00:00+02:00,706806000000,,0,0,G,,corrected-archive-csv
162860,Luleå-Kallax Flygplats,13,Rådande väder,"momentanvärde, 1 gång/tim resp 8 gånger/dygn",kod,1992-05-25T18:00:00Z,1992-05-25T20:00:00+02:00,706816800000,,0,0,G,,corrected-archive-csv
162860,Luleå-Kallax Flygplats,13,Rådande väder,"momentanvärde, 1 gång/tim resp 8 gånger/dygn",kod,1992-05-25T21:00:00Z,1992-05-25T23:00:00+02:00,706827600000,,0,0,G,,corrected-archive-csv
162860,Luleå-Kallax Flygplats,13,Rådande väder,"momentanvärde, 1 gång/tim resp 8 gånger/dygn",kod,1992-05-26T00:00:00Z,1992-05-26T02:00:00+02:00,706838400000,,0,0,G,,corrected-archive-csv
162860,Luleå-Kallax Flygplats,13,Rådande väder,"momentanvärde, 1 gång/tim resp 8 gånger/dygn",kod,1992-05-26T03:00:00Z,1992-05-26T05:00:00+02:00,706849200000,,0,0,G,,corrected-archive-csv
162860,Luleå-Kallax Flygplats,13,Rådande väder,"momentanvärde, 1 gång/tim resp 8 gånger/dygn",kod,1992-05-26T06:00:00Z,1992-05-26T08:00:00+02:00,706860000000,,0,0,G,,corrected-archive-csv
162860,Luleå-Kallax Flygplats,13,Rådande väder,"momentanvärde, 1 gång/tim resp 8 gånger/dygn",kod,1992-05-26T09:00:00Z,1992-05-26T11:00:00+02:00,706870800000,,0,0,G,,corrected-archive-csv
162860,Luleå-Kallax Flygplats,13,Rådande väder,"momentanvärde, 1 gång/tim resp 8 gånger/dygn",kod,1992-05-26T12:00:00Z,1992-05-26T14:00:00+02:00,706881600000,,0,0,G,,corrected-archive-csv
162860,Luleå-Kallax Flygplats,13,Rådande väder,"momentanvärde, 1 gång/tim resp 8 gånger/dygn",kod,1992-05-26T15:00:00Z,1992-05-26T17:00:00+02:00,706892400000,,0,0,G,,corrected-archive-csv
162860,Luleå-Kallax Flygplats,13,Rådande väder,"momentanvärde, 1 gång/tim resp 8 gånger/dygn",kod,1992-05-26T18:00:00Z,1992-05-26T20:00:00+02:00,706903200000,,0,0,G,,corrected-archive-csv
162860,Luleå-Kallax Flygplats,13,Rådande väder,"momentanvärde, 1 gång/tim resp 8 gånger/dygn",kod,1992-05-26T21:00:00Z,1992-05-26T23:00:00+02:00,706914000000,,0,0,G,,corrected-archive-csv
162860,Luleå-Kallax Flygplats,13,Rådande väder,"momentanvärde, 1 gång/tim resp 8 gånger/dygn",kod,1992-05-27T00:00:00Z,1992-05-27T02:00:00+02:00,706924800000,,0,0,G,,corrected-archive-csv
162860,Luleå-Kallax Flygplats,13,Rådande väder,"momentanvärde, 1 gång/tim resp 8 gånger/dygn",kod,1992-05-27T03:00:00Z,1992-05-27T05:00:00+02:00,706935600000,,0,0,G,,corrected-archive-csv
162860,Luleå-Kallax Flygplats,13,Rådande väder,"momentanvärde, 1 gång/tim resp 8 gånger/dygn",kod,1992-05-27T06:00:00Z,1992-05-27T08:00:00+02:00,706946400000,,0,0,G,,corrected-archive-csv
162860,Luleå-Kallax Flygplats,13,Rådande väder,"momentanvärde, 1 gång/tim resp 8 gånger/dygn",kod,1992-05-27T09:00:00Z,1992-05-27T11:00:00+02:00,706957200000,,0,0,G,,corrected-archive-csv
162860,Luleå-Kallax Flygplats,13,Rådande väder,"momentanvärde, 1 gång/tim resp 8 gånger/dygn",kod,1992-05-27T12:00:00Z,1992-05-27T14:00:00+02:00,706968000000,,0,0,G,,corrected-archive-csv
162860,Luleå-Kallax Flygplats,13,Rådande väder,"momentanvärde, 1 gång/tim resp 8 gånger/dygn",kod,1992-05-27T15:00:00Z,1992-05-27T17:00:00+02:00,706978800000,,0,0,G,,corrected-archive-csv
162860,Luleå-Kallax Flygplats,13,Rådande väder,"momentanvärde, 1 gång/tim resp 8 gånger/dygn",kod,1992-05-27T18:00:00Z,1992-05-27T20:00:00+02:00,706989600000,,0,0,G,,corrected-archive-csv
162860,Luleå-Kallax Flygplats,13,Rådande väder,"momentanvärde, 1 gång/tim resp 8 gånger/dygn",kod,1992-05-27T21:00:00Z,1992-05-27T23:00:00+02:00,707000400000,,0,0,G,,corrected-archive-csv
162860,Luleå-Kallax Flygplats,13,Rådande väder,"momentanvärde, 1 gång/tim resp 8 gånger/dygn",kod,1992-05-28T00:00:00Z,1992-05-28T02:00:00+02:00,707011200000,,0,0,G,,corrected-archive-csv
162860,Luleå-Kallax Flygplats,13,Rådande väder,"momentanvärde, 1 gång/tim resp 8 gånger/dygn",kod,1992-05-28T03:00:00Z,1992-05-28T05:00:00+02:00,707022000000,,0,0,G,,corrected-archive-csv
162860,Luleå-Kallax Flygplats,13,Rådande väder,"momentanvärde, 1 gång/tim resp 8 gånger/dygn",kod,1992-05-28T06:00:00Z,1992-05-28T08:00:00+02:00,707032800000,,0,0,G,,corrected-archive-csv
162860,Luleå-Kallax Flygplats,13,Rådande väder,"momentanvärde, 1 gång/tim resp 8 gånger/dygn",kod,1992-05-28T09:00:00Z,1992-05-28T11:00:00+02:00,707043600000,,0,0,G,,corrected-archive-csv
162860,Luleå-Kallax Flygplats,13,Rådande väder,"momentanvärde, 1 gång/tim resp 8 gånger/dygn",kod,1992-05-28T12:00:00Z,1992-05-28T14:00:00+02:00,707054400000,,0,0,G,,corrected-archive-csv
162860,Luleå-Kallax Flygplats,13,Rådande väder,"momentanvärde, 1 gång/tim resp 8 gånger/dygn",kod,1992-05-28T15:00:00Z,1992-05-28T17:00:00+02:00,707065200000,,0,0,G,,corrected-archive-csv
162860,Luleå-Kallax Flygplats,13,Rådande väder,"momentanvärde, 1 gång/tim resp 8 gånger/dygn",kod,1992-05-28T18:00:00Z,1992-05-28T20:00:00+02:00,707076000000,,0,0,G,,corrected-archive-csv
162860,Luleå-Kallax Flygplats,13,Rådande väder,"momentanvärde, 1 gång/tim resp 8 gånger/dygn",kod,1992-05-28T21:00:00Z,1992-05-28T23:00:00+02:00,707086800000,,0,0,G,,corrected-archive-csv
162860,Luleå-Kallax Flygplats,13,Rådande väder,"momentanvärde, 1 gång/tim resp 8 gånger/dygn",kod,1992-05-29T00:00:00Z,1992-05-29T02:00:00+02:00,707097600000,,0,0,G,,corrected-archive-csv
162860,Luleå-Kallax Flygplats,13,Rådande väder,"momentanvärde, 1 gång/tim resp 8 gånger/dygn",kod,1992-05-29T03:00:00Z,1992-05-29T05:00:00+02:00,707108400000,,0,0,G,,corrected-archive-csv
162860,Luleå-Kallax Flygplats,13,Rådande väder,"momentanvärde, 1 gång/tim resp 8 gånger/dygn",kod,1992-05-29T06:00:00Z,1992-05-29T08:00:00+02:00,707119200000,,0,0,G,,corrected-archive-csv
162860,Luleå-Kallax Flygplats,13,Rådande väder,"momentanvärde, 1 gång/tim resp 8 gånger/dygn",kod,1992-05-29T09:00:00Z,1992-05-29T11:00:00+02:00,707130000000,,0,0,G,,corrected-archive-csv
162860,Luleå-Kallax Flygplats,13,Rådande väder,"momentanvärde, 1 gång/tim resp 8 gånger/dygn",kod,1992-05-29T12:00:00Z,1992-05-29T14:00:00+02:00,707140800000,,0,0,G,,corrected-archive-csv
162860,Luleå-Kallax Flygplats,13,Rådande väder,"momentanvärde, 1 gång/tim resp 8 gånger/dygn",kod,1992-05-29T15:00:00Z,1992-05-29T17:00:00+02:00,707151600000,,0,0,G,,corrected-archive-csv
162860,Luleå-Kallax Flygplats,13,Rådande väder,"momentanvärde, 1 gång/tim resp 8 gånger/dygn",kod,1992-05-29T18:00:00Z,1992-05-29T20:00:00+02:00,707162400000,,0,0,G,,corrected-archive-csv
162860,Luleå-Kallax Flygplats,13,Rådande väder,"momentanvärde, 1 gång/tim resp 8 gånger/dygn",kod,1992-05-29T21:00:00Z,1992-05-29T23:00:00+02:00,707173200000,,0,0,G,,corrected-archive-csv
162860,Luleå-Kallax Flygplats,13,Rådande väder,"momentanvärde, 1 gång/tim resp 8 gånger/dygn",kod,1992-05-30T00:00:00Z,1992-05-30T02:00:00+02:00,707184000000,,0,0,G,,corrected-archive-csv
162860,Luleå-Kallax Flygplats,13,Rådande väder,"momentanvärde, 1 gång/tim resp 8 gånger/dygn",kod,1992-05-30T03:00:00Z,1992-05-30T05:00:00+02:00,707194800000,,0,0,G,,corrected-archive-csv
162860,Luleå-Kallax Flygplats,13,Rådande väder,"momentanvärde, 1 gång/tim resp 8 gånger/dygn",kod,1992-05-30T06:00:00Z,1992-05-30T08:00:00+02:00,707205600000,,0,0,G,,corrected-archive-csv
162860,Luleå-Kallax Flygplats,13,Rådande väder,"momentanvärde, 1 gång/tim resp 8 gånger/dygn",kod,1992-05-30T09:00:00Z,1992-05-30T11:00:00+02:00,707216400000,,0,0,G,,corrected-archive-csv
162860,Luleå-Kallax Flygplats,13,Rådande väder,"momentanvärde, 1 gång/tim resp 8 gånger/dygn",kod,1992-05-30T12:00:00Z,1992-05-30T14:00:00+02:00,707227200000,,0,0,G,,corrected-archive-csv
162860,Luleå-Kallax Flygplats,13,Rådande väder,"momentanvärde, 1 gång/tim resp 8 gånger/dygn",kod,1992-05-30T15:00:00Z,1992-05-30T17:00:00+02:00,707238000000,,0,0,G,,corrected-archive-csv
162860,Luleå-Kallax Flygplats,13,Rådande väder,"momentanvärde, 1 gång/tim resp 8 gånger/dygn",kod,1992-05-30T18:00:00Z,1992-05-30T20:00:00+02:00,707248800000,,0,0,G,,corrected-archive-csv
162860,Luleå-Kallax Flygplats,13,Rådande väder,"momentanvärde, 1 gång/tim resp 8 gånger/dygn",kod,1992-05-30T21:00:00Z,1992-05-30T23:00:00+02:00,707259600000,,0,0,G,,corrected-archive-csv
162860,Luleå-Kallax Flygplats,13,Rådande väder,"momentanvärde, 1 gång/tim resp 8 gånger/dygn",kod,1992-05-31T00:00:00Z,1992-05-31T02:00:00+02:00,707270400000,,0,0,G,,corrected-archive-csv
162860,Luleå-Kallax Flygplats,13,Rådande väder,"momentanvärde, 1 gång/tim resp 8 gånger/dygn",kod,1992-05-31T03:00:00Z,1992-05-31T05:00:00+02:00,707281200000,,0,0,G,,corrected-archive-csv
162860,Luleå-Kallax Flygplats,13,Rådande väder,"momentanvärde, 1 gång/tim resp 8 gånger/dygn",kod,1992-05-31T06:00:00Z,1992-05-31T08:00:00+02:00,707292000000,,0,0,G,,corrected-archive-csv
162860,Luleå-Kallax Flygplats,13,Rådande väder,"momentanvärde, 1 gång/tim resp 8 gånger/dygn",kod,1992-05-31T09:00:00Z,1992-05-31T11:00:00+02:00,707302800000,,0,0,G,,corrected-archive-csv
162860,Luleå-Kallax Flygplats,13,Rådande väder,"momentanvärde, 1 gång/tim resp 8 gånger/dygn",kod,1992-05-31T12:00:00Z,1992-05-31T14:00:00+02:00,707313600000,,0,0,G,,corrected-archive-csv
162860,Luleå-Kallax Flygplats,13,Rådande väder,"momentanvärde, 1 gång/tim resp 8 gånger/dygn",kod,1992-05-31T15:00:00Z,1992-05-31T17:00:00+02:00,707324400000,,0,0,G,,corrected-archive-csv
162860,Luleå-Kallax Flygplats,13,Rådande väder,"momentanvärde, 1 gång/tim resp 8 gånger/dygn",kod,1992-05-31T16:00:00Z,1992-05-31T18:00:00+02:00,707328000000,,25,25,Y,,corrected-archive-csv
162860,Luleå-Kallax Flygplats,13,Rådande väder,"momentanvärde, 1 gång/tim resp 8 gånger/dygn",kod,1992-05-31T17:00:00Z,1992-05-31T19:00:00+02:00,707331600000,,25,25,Y,,corrected-archive-csv
162860,Luleå-Kallax Flygplats,13,Rådande väder,"momentanvärde, 1 gång/tim resp 8 gånger/dygn",kod,1992-05-31T18:00:00Z,1992-05-31T20:00:00+02:00,707335200000,,1,1,G,,corrected-archive-csv
162860,Luleå-Kallax Flygplats,13,Rådande väder,"momentanvärde, 1 gång/tim resp 8 gånger/dygn",kod,1992-05-31T21:00:00Z,1992-05-31T23:00:00+02:00,707346000000,,0,0,G,,corrected-archive-csv
162860,Luleå-Kallax Flygplats,13,Rådande väder,"momentanvärde, 1 gång/tim resp 8 gånger/dygn",kod,1992-06-01T00:00:00Z,1992-06-01T02:00:00+02:00,707356800000,,0,0,G,,corrected-archive-csv
162860,Luleå-Kallax Flygplats,13,Rådande väder,"momentanvärde, 1 gång/tim resp 8 gånger/dygn",kod,1992-06-01T03:00:00Z,1992-06-01T05:00:00+02:00,707367600000,,0,0,G,,corrected-archive-csv
162860,Luleå-Kallax Flygplats,13,Rådande väder,"momentanvärde, 1 gång/tim resp 8 gånger/dygn",kod,1992-06-01T06:00:00Z,1992-06-01T08:00:00+02:00,707378400000,,0,0,G,,corrected-archive-csv
162860,Luleå-Kallax Flygplats,13,Rådande väder,"momentanvärde, 1 gång/tim resp 8 gånger/dygn",kod,1992-06-01T09:00:00Z,1992-06-01T11:00:00+02:00,707389200000,,0,0,G,,corrected-archive-csv
162860,Luleå-Kallax Flygplats,13,Rådande väder,"momentanvärde, 1 gång/tim resp 8 gånger/dygn",kod,1992-06-01T12:00:00Z,1992-06-01T14:00:00+02:00,707400000000,,0,0,G,,corrected-archive-csv
162860,Luleå-Kallax Flygplats,13,Rådande väder,"momentanvärde, 1 gång/tim resp 8 gånger/dygn",kod,1992-06-01T15:00:00Z,1992-06-01T17:00:00+02:00,707410800000,,0,0,G,,corrected-archive-csv
162860,Luleå-Kallax Flygplats,13,Rådande väder,"momentanvärde, 1 gång/tim resp 8 gånger/dygn",kod,1992-06-01T18:00:00Z,1992-06-01T20:00:00+02:00,707421600000,,0,0,G,,corrected-archive-csv
162860,Luleå-Kallax Flygplats,13,Rådande väder,"momentanvärde, 1 gång/tim resp 8 gånger/dygn",kod,1992-06-01T21:00:00Z,1992-06-01T23:00:00+02:00,707432400000,,0,0,G,,corrected-archive-csv
162860,Luleå-Kallax Flygplats,13,Rådande väder,"momentanvärde, 1 gång/tim resp 8 gånger/dygn",kod,1992-06-02T00:00:00Z,1992-06-02T02:00:00+02:00,707443200000,,0,0,G,,corrected-archive-csv
162860,Luleå-Kallax Flygplats,13,Rådande väder,"momentanvärde, 1 gång/tim resp 8 gånger/dygn",kod,1992-06-02T03:00:00Z,1992-06-02T05:00:00+02:00,707454000000,,0,0,G,,corrected-archive-csv
162860,Luleå-Kallax Flygplats,13,Rådande väder,"momentanvärde, 1 gång/tim resp 8 gånger/dygn",kod,1992-06-02T06:00:00Z,1992-06-02T08:00:00+02:00,707464800000,,0,0,G,,corrected-archive-csv
162860,Luleå-Kallax Flygplats,13,Rådande väder,"momentanvärde, 1 gång/tim resp 8 gånger/dygn",kod,1992-06-02T09:00:00Z,1992-06-02T11:00:00+02:00,707475600000,,0,0,G,,corrected-archive-csv
162860,Luleå-Kallax Flygplats,13,Rådande väder,"momentanvärde, 1 gång/tim resp 8 gånger/dygn",kod,1992-06-02T12:00:00Z,1992-06-02T14:00:00+02:00,707486400000,,0,0,G,,corrected-archive-csv
162860,Luleå-Kallax Flygplats,13,Rådande väder,"momentanvärde, 1 gång/tim resp 8 gånger/dygn",kod,1992-06-02T15:00:00Z,1992-06-02T17:00:00+02:00,707497200000,,0,0,G,,corrected-archive-csv
162860,Luleå-Kallax Flygplats,13,Rådande väder,"momentanvärde, 1 gång/tim resp 8 gånger/dygn",kod,1992-06-02T18:00:00Z,1992-06-02T20:00:00+02:00,707508000000,,0,0,G,,corrected-archive-csv
162860,Luleå-Kallax Flygplats,13,Rådande väder,"momentanvärde, 1 gång/tim resp 8 gånger/dygn",kod,1992-06-02T21:00:00Z,1992-06-02T23:00:00+02:00,707518800000,,0,0,G,,corrected-archive-csv
162860,Luleå-Kallax Flygplats,13,Rådande väder,"momentanvärde, 1 gång/tim resp 8 gånger/dygn",kod,1992-06-03T00:00:00Z,1992-06-03T02:00:00+02:00,707529600000,,11,11,G,,corrected-archive-csv
162860,Luleå-Kallax Flygplats,13,Rådande väder,"momentanvärde, 1 gång/tim resp 8 gånger/dygn",kod,1992-06-03T01:00:00Z,1992-06-03T03:00:00+02:00,707533200000,,2,2,Y,,corrected-archive-csv
162860,Luleå-Kallax Flygplats,13,Rådande väder,"momentanvärde, 1 gång/tim resp 8 gånger/dygn",kod,1992-06-03T02:00:00Z,1992-06-03T04:00:00+02:00,707536800000,,2,2,Y,,corrected-archive-csv
162860,Luleå-Kallax Flygplats,13,Rådande väder,"momentanvärde, 1 gång/tim resp 8 gånger/dygn",kod,1992-06-03T03:00:00Z,1992-06-03T05:00:00+02:00,707540400000,,2,2,G,,corrected-archive-csv
162860,Luleå-Kallax Flygplats,13,Rådande väder,"momentanvärde, 1 gång/tim resp 8 gånger/dygn",kod,1992-06-03T04:00:00Z,1992-06-03T06:00:00+02:00,707544000000,,2,2,Y,,corrected-archive-csv
162860,Luleå-Kallax Flygplats,13,Rådande väder,"momentanvärde, 1 gång/tim resp 8 gånger/dygn",kod,1992-06-03T05:00:00Z,1992-06-03T07:00:00+02:00,707547600000,,2,2,Y,,corrected-archive-csv
162860,Luleå-Kallax Flygplats,13,Rådande väder,"momentanvärde, 1 gång/tim resp 8 gånger/dygn",kod,1992-06-03T06:00:00Z,1992-06-03T08:00:00+02:00,707551200000,,2,2,G,,corrected-archive-csv
162860,Luleå-Kallax Flygplats,13,Rådande väder,"momentanvärde, 1 gång/tim resp 8 gånger/dygn",kod,1992-06-03T09:00:00Z,1992-06-03T11:00:00+02:00,707562000000,,0,0,G,,corrected-archive-csv
162860,Luleå-Kallax Flygplats,13,Rådande väder,"momentanvärde, 1 gång/tim resp 8 gånger/dygn",kod,1992-06-03T12:00:00Z,1992-06-03T14:00:00+02:00,707572800000,,0,0,G,,corrected-archive-csv
162860,Luleå-Kallax Flygplats,13,Rådande väder,"momentanvärde, 1 gång/tim resp 8 gånger/dygn",kod,1992-06-03T15:00:00Z,1992-06-03T17:00:00+02:00,707583600000,,0,0,G,,corrected-archive-csv
162860,Luleå-Kallax Flygplats,13,Rådande väder,"momentanvärde, 1 gång/tim resp 8 gånger/dygn",kod,1992-06-03T18:00:00Z,1992-06-03T20:00:00+02:00,707594400000,,0,0,G,,corrected-archive-csv
162860,Luleå-Kallax Flygplats,13,Rådande väder,"momentanvärde, 1 gång/tim resp 8 gånger/dygn",kod,1992-06-03T21:00:00Z,1992-06-03T23:00:00+02:00,707605200000,,0,0,G,,corrected-archive-csv
162860,Luleå-Kallax Flygplats,13,Rådande väder,"momentanvärde, 1 gång/tim resp 8 gånger/dygn",kod,1992-06-04T00:00:00Z,1992-06-04T02:00:00+02:00,707616000000,,0,0,G,,corrected-archive-csv
162860,Luleå-Kallax Flygplats,13,Rådande väder,"momentanvärde, 1 gång/tim resp 8 gånger/dygn",kod,1992-06-04T03:00:00Z,1992-06-04T05:00:00+02:00,707626800000,,0,0,G,,corrected-archive-csv
162860,Luleå-Kallax Flygplats,13,Rådande väder,"momentanvärde, 1 gång/tim resp 8 gånger/dygn",kod,1992-06-04T06:00:00Z,1992-06-04T08:00:00+02:00,707637600000,,0,0,G,,corrected-archive-csv
162860,Luleå-Kallax Flygplats,13,Rådande väder,"momentanvärde, 1 gång/tim resp 8 gånger/dygn",kod,1992-06-04T09:00:00Z,1992-06-04T11:00:00+02:00,707648400000,,0,0,G,,corrected-archive-csv
162860,Luleå-Kallax Flygplats,13,Rådande väder,"momentanvärde, 1 gång/tim resp 8 gånger/dygn",kod,1992-06-04T12:00:00Z,1992-06-04T14:00:00+02:00,707659200000,,0,0,G,,corrected-archive-csv
162860,Luleå-Kallax Flygplats,13,Rådande väder,"momentanvärde, 1 gång/tim resp 8 gånger/dygn",kod,1992-06-04T15:00:00Z,1992-06-04T17:00:00+02:00,707670000000,,0,0,G,,corrected-archive-csv
162860,Luleå-Kallax Flygplats,13,Rådande väder,"momentanvärde, 1 gång/tim resp 8 gånger/dygn",kod,1992-06-04T18:00:00Z,1992-06-04T20:00:00+02:00,707680800000,,0,0,G,,corrected-archive-csv
162860,Luleå-Kallax Flygplats,13,Rådande väder,"momentanvärde, 1 gång/tim resp 8 gånger/dygn",kod,1992-06-04T21:00:00Z,1992-06-04T23:00:00+02:00,707691600000,,0,0,G,,corrected-archive-csv
162860,Luleå-Kallax Flygplats,13,Rådande väder,"momentanvärde, 1 gång/tim resp 8 gånger/dygn",kod,1992-06-05T00:00:00Z,1992-06-05T02:00:00+02:00,707702400000,,0,0,G,,corrected-archive-csv
162860,Luleå-Kallax Flygplats,13,Rådande väder,"momentanvärde, 1 gång/tim resp 8 gånger/dygn",kod,1992-06-05T03:00:00Z,1992-06-05T05:00:00+02:00,707713200000,,0,0,G,,corrected-archive-csv
162860,Luleå-Kallax Flygplats,13,Rådande väder,"momentanvärde, 1 gång/tim resp 8 gånger/dygn",kod,1992-06-05T06:00:00Z,1992-06-05T08:00:00+02:00,707724000000,,0,0,G,,corrected-archive-csv
162860,Luleå-Kallax Flygplats,13,Rådande väder,"momentanvärde, 1 gång/tim resp 8 gånger/dygn",kod,1992-06-05T09:00:00Z,1992-06-05T11:00:00+02:00,707734800000,,0,0,G,,corrected-archive-csv
162860,Luleå-Kallax Flygplats,13,Rådande väder,"momentanvärde, 1 gång/tim resp 8 gånger/dygn",kod,1992-06-05T12:00:00Z,1992-06-05T14:00:00+02:00,707745600000,,0,0,G,,corrected-archive-csv
162860,Luleå-Kallax Flygplats,13,Rådande väder,"momentanvärde, 1 gång/tim resp 8 gånger/dygn",kod,1992-06-05T15:00:00Z,1992-06-05T17:00:00+02:00,707756400000,,0,0,G,,corrected-archive-csv
162860,Luleå-Kallax Flygplats,13,Rådande väder,"momentanvärde, 1 gång/tim resp 8 gånger/dygn",kod,1992-06-05T18:00:00Z,1992-06-05T20:00:00+02:00,707767200000,,0,0,G,,corrected-archive-csv
162860,Luleå-Kallax Flygplats,13,Rådande väder,"momentanvärde, 1 gång/tim resp 8 gånger/dygn",kod,1992-06-05T21:00:00Z,1992-06-05T23:00:00+02:00,707778000000,,0,0,G,,corrected-archive-csv
162860,Luleå-Kallax Flygplats,13,Rådande väder,"momentanvärde, 1 gång/tim resp 8 gånger/dygn",kod,1992-06-06T00:00:00Z,1992-06-06T02:00:00+02:00,707788800000,,0,0,G,,corrected-archive-csv
162860,Luleå-Kallax Flygplats,13,Rådande väder,"momentanvärde, 1 gång/tim resp 8 gånger/dygn",kod,1992-06-06T03:00:00Z,1992-06-06T05:00:00+02:00,707799600000,,0,0,G,,corrected-archive-csv
162860,Luleå-Kallax Flygplats,13,Rådande väder,"momentanvärde, 1 gång/tim resp 8 gånger/dygn",kod,1992-06-06T06:00:00Z,1992-06-06T08:00:00+02:00,707810400000,,0,0,G,,corrected-archive-csv
162860,Luleå-Kallax Flygplats,13,Rådande väder,"momentanvärde, 1 gång/tim resp 8 gånger/dygn",kod,1992-06-06T09:00:00Z,1992-06-06T11:00:00+02:00,707821200000,,0,0,G,,corrected-archive-csv
162860,Luleå-Kallax Flygplats,13,Rådande väder,"momentanvärde, 1 gång/tim resp 8 gånger/dygn",kod,1992-06-06T12:00:00Z,1992-06-06T14:00:00+02:00,707832000000,,0,0,G,,corrected-archive-csv
162860,Luleå-Kallax Flygplats,13,Rådande väder,"momentanvärde, 1 gång/tim resp 8 gånger/dygn",kod,1992-06-06T15:00:00Z,1992-06-06T17:00:00+02:00,707842800000,,0,0,G,,corrected-archive-csv
162860,Luleå-Kallax Flygplats,13,Rådande väder,"momentanvärde, 1 gång/tim resp 8 gånger/dygn",kod,1992-06-06T18:00:00Z,1992-06-06T20:00:00+02:00,707853600000,,0,0,G,,corrected-archive-csv
162860,Luleå-Kallax Flygplats,13,Rådande väder,"momentanvärde, 1 gång/tim resp 8 gånger/dygn",kod,1992-06-06T21:00:00Z,1992-06-06T23:00:00+02:00,707864400000,,0,0,G,,corrected-archive-csv
162860,Luleå-Kallax Flygplats,13,Rådande väder,"momentanvärde, 1 gång/tim resp 8 gånger/dygn",kod,1992-06-07T00:00:00Z,1992-06-07T02:00:00+02:00,707875200000,,0,0,G,,corrected-archive-csv
162860,Luleå-Kallax Flygplats,13,Rådande väder,"momentanvärde, 1 gång/tim resp 8 gånger/dygn",kod,1992-06-07T03:00:00Z,1992-06-07T05:00:00+02:00,707886000000,,0,0,G,,corrected-archive-csv
162860,Luleå-Kallax Flygplats,13,Rådande väder,"momentanvärde, 1 gång/tim resp 8 gånger/dygn",kod,1992-06-07T06:00:00Z,1992-06-07T08:00:00+02:00,707896800000,,0,0,G,,corrected-archive-csv
162860,Luleå-Kallax Flygplats,13,Rådande väder,"momentanvärde, 1 gång/tim resp 8 gånger/dygn",kod,1992-06-07T09:00:00Z,1992-06-07T11:00:00+02:00,707907600000,,0,0,G,,corrected-archive-csv
162860,Luleå-Kallax Flygplats,13,Rådande väder,"momentanvärde, 1 gång/tim resp 8 gånger/dygn",kod,1992-06-07T12:00:00Z,1992-06-07T14:00:00+02:00,707918400000,,0,0,G,,corrected-archive-csv
162860,Luleå-Kallax Flygplats,13,Rådande väder,"momentanvärde, 1 gång/tim resp 8 gånger/dygn",kod,1992-06-07T15:00:00Z,1992-06-07T17:00:00+02:00,707929200000,,0,0,G,,corrected-archive-csv
162860,Luleå-Kallax Flygplats,13,Rådande väder,"momentanvärde, 1 gång/tim resp 8 gånger/dygn",kod,1992-06-07T18:00:00Z,1992-06-07T20:00:00+02:00,707940000000,,0,0,G,,corrected-archive-csv
162860,Luleå-Kallax Flygplats,13,Rådande väder,"momentanvärde, 1 gång/tim resp 8 gånger/dygn",kod,1992-06-07T21:00:00Z,1992-06-07T23:00:00+02:00,707950800000,,0,0,G,,corrected-archive-csv
162860,Luleå-Kallax Flygplats,13,Rådande väder,"momentanvärde, 1 gång/tim resp 8 gånger/dygn",kod,1992-06-08T00:00:00Z,1992-06-08T02:00:00+02:00,707961600000,,0,0,G,,corrected-archive-csv
162860,Luleå-Kallax Flygplats,13,Rådande väder,"momentanvärde, 1 gång/tim resp 8 gånger/dygn",kod,1992-06-08T03:00:00Z,1992-06-08T05:00:00+02:00,707972400000,,0,0,G,,corrected-archive-csv
162860,Luleå-Kallax Flygplats,13,Rådande väder,"momentanvärde, 1 gång/tim resp 8 gånger/dygn",kod,1992-06-08T06:00:00Z,1992-06-08T08:00:00+02:00,707983200000,,0,0,G,,corrected-archive-csv
162860,Luleå-Kallax Flygplats,13,Rådande väder,"momentanvärde, 1 gång/tim resp 8 gånger/dygn",kod,1992-06-08T09:00:00Z,1992-06-08T11:00:00+02:00,707994000000,,0,0,G,,corrected-archive-csv
162860,Luleå-Kallax Flygplats,13,Rådande väder,"momentanvärde, 1 gång/tim resp 8 gånger/dygn",kod,1992-06-08T12:00:00Z,1992-06-08T14:00:00+02:00,708004800000,,0,0,G,,corrected-archive-csv
162860,Luleå-Kallax Flygplats,13,Rådande väder,"momentanvärde, 1 gång/tim resp 8 gånger/dygn",kod,1992-06-08T15:00:00Z,1992-06-08T17:00:00+02:00,708015600000,,0,0,G,,corrected-archive-csv
162860,Luleå-Kallax Flygplats,13,Rådande väder,"momentanvärde, 1 gång/tim resp 8 gånger/dygn",kod,1992-06-08T18:00:00Z,1992-06-08T20:00:00+02:00,708026400000,,0,0,G,,corrected-archive-csv
162860,Luleå-Kallax Flygplats,13,Rådande väder,"momentanvärde, 1 gång/tim resp 8 gånger/dygn",kod,1992-06-08T21:00:00Z,1992-06-08T23:00:00+02:00,708037200000,,0,0,G,,corrected-archive-csv
162860,Luleå-Kallax Flygplats,13,Rådande väder,"momentanvärde, 1 gång/tim resp 8 gånger/dygn",kod,1992-06-09T00:00:00Z,1992-06-09T02:00:00+02:00,708048000000,,0,0,G,,corrected-archive-csv
162860,Luleå-Kallax Flygplats,13,Rådande väder,"momentanvärde, 1 gång/tim resp 8 gånger/dygn",kod,1992-06-09T03:00:00Z,1992-06-09T05:00:00+02:00,708058800000,,0,0,G,,corrected-archive-csv
162860,Luleå-Kallax Flygplats,13,Rådande väder,"momentanvärde, 1 gång/tim resp 8 gånger/dygn",kod,1992-06-09T06:00:00Z,1992-06-09T08:00:00+02:00,708069600000,,0,0,G,,corrected-archive-csv
162860,Luleå-Kallax Flygplats,13,Rådande väder,"momentanvärde, 1 gång/tim resp 8 gånger/dygn",kod,1992-06-09T12:00:00Z,1992-06-09T14:00:00+02:00,708091200000,,0,0,G,,corrected-archive-csv
162860,Luleå-Kallax Flygplats,13,Rådande väder,"momentanvärde, 1 gång/tim resp 8 gånger/dygn",kod,1992-06-09T15:00:00Z,1992-06-09T17:00:00+02:00,708102000000,,0,0,G,,corrected-archive-csv
162860,Luleå-Kallax Flygplats,13,Rådande väder,"momentanvärde, 1 gång/tim resp 8 gånger/dygn",kod,1992-06-09T18:00:00Z,1992-06-09T20:00:00+02:00,708112800000,,0,0,G,,corrected-archive-csv
162860,Luleå-Kallax Flygplats,13,Rådande väder,"momentanvärde, 1 gång/tim resp 8 gånger/dygn",kod,1992-06-09T21:00:00Z,1992-06-09T23:00:00+02:00,708123600000,,0,0,G,,corrected-archive-csv
162860,Luleå-Kallax Flygplats,13,Rådande väder,"momentanvärde, 1 gång/tim resp 8 gånger/dygn",kod,1992-06-10T00:00:00Z,1992-06-10T02:00:00+02:00,708134400000,,0,0,G,,corrected-archive-csv
162860,Luleå-Kallax Flygplats,13,Rådande väder,"momentanvärde, 1 gång/tim resp 8 gånger/dygn",kod,1992-06-10T03:00:00Z,1992-06-10T05:00:00+02:00,708145200000,,0,0,G,,corrected-archive-csv
162860,Luleå-Kallax Flygplats,13,Rådande väder,"momentanvärde, 1 gång/tim resp 8 gånger/dygn",kod,1992-06-10T06:00:00Z,1992-06-10T08:00:00+02:00,708156000000,,0,0,G,,corrected-archive-csv
162860,Luleå-Kallax Flygplats,13,Rådande väder,"momentanvärde, 1 gång/tim resp 8 gånger/dygn",kod,1992-06-10T09:00:00Z,1992-06-10T11:00:00+02:00,708166800000,,0,0,G,,corrected-archive-csv
162860,Luleå-Kallax Flygplats,13,Rådande väder,"momentanvärde, 1 gång/tim resp 8 gånger/dygn",kod,1992-06-10T12:00:00Z,1992-06-10T14:00:00+02:00,708177600000,,0,0,G,,corrected-archive-csv
162860,Luleå-Kallax Flygplats,13,Rådande väder,"momentanvärde, 1 gång/tim resp 8 gånger/dygn",kod,1992-06-10T15:00:00Z,1992-06-10T17:00:00+02:00,708188400000,,0,0,G,,corrected-archive-csv
162860,Luleå-Kallax Flygplats,13,Rådande väder,"momentanvärde, 1 gång/tim resp 8 gånger/dygn",kod,1992-06-10T18:00:00Z,1992-06-10T20:00:00+02:00,708199200000,,0,0,G,,corrected-archive-csv
162860,Luleå-Kallax Flygplats,13,Rådande väder,"momentanvärde, 1 gång/tim resp 8 gånger/dygn",kod,1992-06-10T21:00:00Z,1992-06-10T23:00:00+02:00,708210000000,,0,0,G,,corrected-archive-csv
162860,Luleå-Kallax Flygplats,13,Rådande väder,"momentanvärde, 1 gång/tim resp 8 gånger/dygn",kod,1992-06-11T00:00:00Z,1992-06-11T02:00:00+02:00,708220800000,,0,0,G,,corrected-archive-csv
162860,Luleå-Kallax Flygplats,13,Rådande väder,"momentanvärde, 1 gång/tim resp 8 gånger/dygn",kod,1992-06-11T03:00:00Z,1992-06-11T05:00:00+02:00,708231600000,,0,0,G,,corrected-archive-csv
162860,Luleå-Kallax Flygplats,13,Rådande väder,"momentanvärde, 1 gång/tim resp 8 gånger/dygn",kod,1992-06-11T06:00:00Z,1992-06-11T08:00:00+02:00,708242400000,,0,0,G,,corrected-archive-csv
162860,Luleå-Kallax Flygplats,13,Rådande väder,"momentanvärde, 1 gång/tim resp 8 gånger/dygn",kod,1992-06-11T09:00:00Z,1992-06-11T11:00:00+02:00,708253200000,,0,0,G,,corrected-archive-csv
162860,Luleå-Kallax Flygplats,13,Rådande väder,"momentanvärde, 1 gång/tim resp 8 gånger/dygn",kod,1992-06-11T12:00:00Z,1992-06-11T14:00:00+02:00,708264000000,,0,0,G,,corrected-archive-csv
162860,Luleå-Kallax Flygplats,13,Rådande väder,"momentanvärde, 1 gång/tim resp 8 gånger/dygn",kod,1992-06-11T15:00:00Z,1992-06-11T17:00:00+02:00,708274800000,,0,0,G,,corrected-archive-csv
162860,Luleå-Kallax Flygplats,13,Rådande väder,"momentanvärde, 1 gång/tim resp 8 gånger/dygn",kod,1992-06-11T18:00:00Z,1992-06-11T20:00:00+02:00,708285600000,,0,0,G,,corrected-archive-csv
162860,Luleå-Kallax Flygplats,13,Rådande väder,"momentanvärde, 1 gång/tim resp 8 gånger/dygn",kod,1992-06-11T21:00:00Z,1992-06-11T23:00:00+02:00,708296400000,,0,0,G,,corrected-archive-csv
162860,Luleå-Kallax Flygplats,13,Rådande väder,"momentanvärde, 1 gång/tim resp 8 gånger/dygn",kod,1992-06-12T00:00:00Z,1992-06-12T02:00:00+02:00,708307200000,,0,0,G,,corrected-archive-csv
162860,Luleå-Kallax Flygplats,13,Rådande väder,"momentanvärde, 1 gång/tim resp 8 gånger/dygn",kod,1992-06-12T03:00:00Z,1992-06-12T05:00:00+02:00,708318000000,,0,0,G,,corrected-archive-csv
162860,Luleå-Kallax Flygplats,13,Rådande väder,"momentanvärde, 1 gång/tim resp 8 gånger/dygn",kod,1992-06-12T06:00:00Z,1992-06-12T08:00:00+02:00,708328800000,,0,0,G,,corrected-archive-csv
162860,Luleå-Kallax Flygplats,13,Rådande väder,"momentanvärde, 1 gång/tim resp 8 gånger/dygn",kod,1992-06-12T09:00:00Z,1992-06-12T11:00:00+02:00,708339600000,,0,0,G,,corrected-archive-csv
162860,Luleå-Kallax Flygplats,13,Rådande väder,"momentanvärde, 1 gång/tim resp 8 gånger/dygn",kod,1992-06-12T12:00:00Z,1992-06-12T14:00:00+02:00,708350400000,,0,0,G,,corrected-archive-csv
162860,Luleå-Kallax Flygplats,13,Rådande väder,"momentanvärde, 1 gång/tim resp 8 gånger/dygn",kod,1992-06-12T15:00:00Z,1992-06-12T17:00:00+02:00,708361200000,,0,0,G,,corrected-archive-csv
162860,Luleå-Kallax Flygplats,13,Rådande väder,"momentanvärde, 1 gång/tim resp 8 gånger/dygn",kod,1992-06-12T18:00:00Z,1992-06-12T20:00:00+02:00,708372000000,,0,0,G,,corrected-archive-csv
162860,Luleå-Kallax Flygplats,13,Rådande väder,"momentanvärde, 1 gång/tim resp 8 gånger/dygn",kod,1992-06-12T21:00:00Z,1992-06-12T23:00:00+02:00,708382800000,,0,0,G,,corrected-archive-csv
162860,Luleå-Kallax Flygplats,13,Rådande väder,"momentanvärde, 1 gång/tim resp 8 gånger/dygn",kod,1992-06-13T00:00:00Z,1992-06-13T02:00:00+02:00,708393600000,,0,0,G,,corrected-archive-csv
162860,Luleå-Kallax Flygplats,13,Rådande väder,"momentanvärde, 1 gång/tim resp 8 gånger/dygn",kod,1992-06-13T03:00:00Z,1992-06-13T05:00:00+02:00,708404400000,,0,0,G,,corrected-archive-csv
162860,Luleå-Kallax Flygplats,13,Rådande väder,"momentanvärde, 1 gång/tim resp 8 gånger/dygn",kod,1992-06-13T06:00:00Z,1992-06-13T08:00:00+02:00,708415200000,,0,0,G,,corrected-archive-csv
162860,Luleå-Kallax Flygplats,13,Rådande väder,"momentanvärde, 1 gång/tim resp 8 gånger/dygn",kod,1992-06-13T07:00:00Z,1992-06-13T09:00:00+02:00,708418800000,,14,14,Y,,corrected-archive-csv
162860,Luleå-Kallax Flygplats,13,Rådande väder,"momentanvärde, 1 gång/tim resp 8 gånger/dygn",kod,1992-06-13T09:00:00Z,1992-06-13T11:00:00+02:00,708426000000,,0,0,G,,corrected-archive-csv
162860,Luleå-Kallax Flygplats,13,Rådande väder,"momentanvärde, 1 gång/tim resp 8 gånger/dygn",kod,1992-06-13T12:00:00Z,1992-06-13T14:00:00+02:00,708436800000,,0,0,G,,corrected-archive-csv
162860,Luleå-Kallax Flygplats,13,Rådande väder,"momentanvärde, 1 gång/tim resp 8 gånger/dygn",kod,1992-06-13T15:00:00Z,1992-06-13T17:00:00+02:00,708447600000,,0,0,G,,corrected-archive-csv
162860,Luleå-Kallax Flygplats,13,Rådande väder,"momentanvärde, 1 gång/tim resp 8 gånger/dygn",kod,1992-06-13T18:00:00Z,1992-06-13T20:00:00+02:00,708458400000,,0,0,G,,corrected-archive-csv
162860,Luleå-Kallax Flygplats,13,Rådande väder,"momentanvärde, 1 gång/tim resp 8 gånger/dygn",kod,1992-06-13T21:00:00Z,1992-06-13T23:00:00+02:00,708469200000,,0,0,G,,corrected-archive-csv
162860,Luleå-Kallax Flygplats,13,Rådande väder,"momentanvärde, 1 gång/tim resp 8 gånger/dygn",kod,1992-06-14T00:00:00Z,1992-06-14T02:00:00+02:00,708480000000,,0,0,G,,corrected-archive-csv
162860,Luleå-Kallax Flygplats,13,Rådande väder,"momentanvärde, 1 gång/tim resp 8 gånger/dygn",kod,1992-06-14T03:00:00Z,1992-06-14T05:00:00+02:00,708490800000,,0,0,G,,corrected-archive-csv
162860,Luleå-Kallax Flygplats,13,Rådande väder,"momentanvärde, 1 gång/tim resp 8 gånger/dygn",kod,1992-06-14T06:00:00Z,1992-06-14T08:00:00+02:00,708501600000,,0,0,G,,corrected-archive-csv
162860,Luleå-Kallax Flygplats,13,Rådande väder,"momentanvärde, 1 gång/tim resp 8 gånger/dygn",kod,1992-06-14T09:00:00Z,1992-06-14T11:00:00+02:00,708512400000,,0,0,G,,corrected-archive-csv
162860,Luleå-Kallax Flygplats,13,Rådande väder,"momentanvärde, 1 gång/tim resp 8 gånger/dygn",kod,1992-06-14T12:00:00Z,1992-06-14T14:00:00+02:00,708523200000,,0,0,G,,corrected-archive-csv
162860,Luleå-Kallax Flygplats,13,Rådande väder,"momentanvärde, 1 gång/tim resp 8 gånger/dygn",kod,1992-06-14T15:00:00Z,1992-06-14T17:00:00+02:00,708534000000,,0,0,G,,corrected-archive-csv
162860,Luleå-Kallax Flygplats,13,Rådande väder,"momentanvärde, 1 gång/tim resp 8 gånger/dygn",kod,1992-06-14T18:00:00Z,1992-06-14T20:00:00+02:00,708544800000,,0,0,G,,corrected-archive-csv
162860,Luleå-Kallax Flygplats,13,Rådande väder,"momentanvärde, 1 gång/tim resp 8 gånger/dygn",kod,1992-06-14T21:00:00Z,1992-06-14T23:00:00+02:00,708555600000,,0,0,G,,corrected-archive-csv
162860,Luleå-Kallax Flygplats,13,Rådande väder,"momentanvärde, 1 gång/tim resp 8 gånger/dygn",kod,1992-06-14T22:00:00Z,1992-06-15T00:00:00+02:00,708559200000,,15,15,Y,,corrected-archive-csv
162860,Luleå-Kallax Flygplats,13,Rådande väder,"momentanvärde, 1 gång/tim resp 8 gånger/dygn",kod,1992-06-15T00:00:00Z,1992-06-15T02:00:00+02:00,708566400000,,61,61,G,,corrected-archive-csv
162860,Luleå-Kallax Flygplats,13,Rådande väder,"momentanvärde, 1 gång/tim resp 8 gånger/dygn",kod,1992-06-15T01:00:00Z,1992-06-15T03:00:00+02:00,708570000000,,61,61,Y,,corrected-archive-csv
162860,Luleå-Kallax Flygplats,13,Rådande väder,"momentanvärde, 1 gång/tim resp 8 gånger/dygn",kod,1992-06-15T02:00:00Z,1992-06-15T04:00:00+02:00,708573600000,,21,21,Y,,corrected-archive-csv
162860,Luleå-Kallax Flygplats,13,Rådande väder,"momentanvärde, 1 gång/tim resp 8 gånger/dygn",kod,1992-06-15T03:00:00Z,1992-06-15T05:00:00+02:00,708577200000,,1,1,G,,corrected-archive-csv
162860,Luleå-Kallax Flygplats,13,Rådande väder,"momentanvärde, 1 gång/tim resp 8 gånger/dygn",kod,1992-06-15T05:00:00Z,1992-06-15T07:00:00+02:00,708584400000,,1,1,Y,,corrected-archive-csv
162860,Luleå-Kallax Flygplats,13,Rådande väder,"momentanvärde, 1 gång/tim resp 8 gånger/dygn",kod,1992-06-15T06:00:00Z,1992-06-15T08:00:00+02:00,708588000000,,1,1,G,,corrected-archive-csv
162860,Luleå-Kallax Flygplats,13,Rådande väder,"momentanvärde, 1 gång/tim resp 8 gånger/dygn",kod,1992-06-15T09:00:00Z,1992-06-15T11:00:00+02:00,708598800000,,0,0,G,,corrected-archive-csv
162860,Luleå-Kallax Flygplats,13,Rådande väder,"momentanvärde, 1 gång/tim resp 8 gånger/dygn",kod,1992-06-15T12:00:00Z,1992-06-15T14:00:00+02:00,708609600000,,0,0,G,,corrected-archive-csv
162860,Luleå-Kallax Flygplats,13,Rådande väder,"momentanvärde, 1 gång/tim resp 8 gånger/dygn",kod,1992-06-15T15:00:00Z,1992-06-15T17:00:00+02:00,708620400000,,0,0,G,,corrected-archive-csv
162860,Luleå-Kallax Flygplats,13,Rådande väder,"momentanvärde, 1 gång/tim resp 8 gånger/dygn",kod,1992-06-15T18:00:00Z,1992-06-15T20:00:00+02:00,708631200000,,0,0,G,,corrected-archive-csv
162860,Luleå-Kallax Flygplats,13,Rådande väder,"momentanvärde, 1 gång/tim resp 8 gånger/dygn",kod,1992-06-15T19:00:00Z,1992-06-15T21:00:00+02:00,708634800000,,21,21,Y,,corrected-archive-csv
162860,Luleå-Kallax Flygplats,13,Rådande väder,"momentanvärde, 1 gång/tim resp 8 gånger/dygn",kod,1992-06-15T20:00:00Z,1992-06-15T22:00:00+02:00,708638400000,,2,2,Y,,corrected-archive-csv
162860,Luleå-Kallax Flygplats,13,Rådande väder,"momentanvärde, 1 gång/tim resp 8 gånger/dygn",kod,1992-06-15T21:00:00Z,1992-06-15T23:00:00+02:00,708642000000,,0,0,G,,corrected-archive-csv
162860,Luleå-Kallax Flygplats,13,Rådande väder,"momentanvärde, 1 gång/tim resp 8 gånger/dygn",kod,1992-06-15T22:00:00Z,1992-06-16T00:00:00+02:00,708645600000,,62,62,Y,,corrected-archive-csv
162860,Luleå-Kallax Flygplats,13,Rådande väder,"momentanvärde, 1 gång/tim resp 8 gånger/dygn",kod,1992-06-15T23:00:00Z,1992-06-16T01:00:00+02:00,708649200000,,61,61,Y,,corrected-archive-csv
162860,Luleå-Kallax Flygplats,13,Rådande väder,"momentanvärde, 1 gång/tim resp 8 gånger/dygn",kod,1992-06-16T00:00:00Z,1992-06-16T02:00:00+02:00,708652800000,,61,61,G,,corrected-archive-csv
162860,Luleå-Kallax Flygplats,13,Rådande väder,"momentanvärde, 1 gång/tim resp 8 gånger/dygn",kod,1992-06-16T03:00:00Z,1992-06-16T05:00:00+02:00,708663600000,,21,21,G,,corrected-archive-csv
162860,Luleå-Kallax Flygplats,13,Rådande väder,"momentanvärde, 1 gång/tim resp 8 gånger/dygn",kod,1992-06-16T04:00:00Z,1992-06-16T06:00:00+02:00,708667200000,,1,1,Y,,corrected-archive-csv
162860,Luleå-Kallax Flygplats,13,Rådande väder,"momentanvärde, 1 gång/tim resp 8 gånger/dygn",kod,1992-06-16T05:00:00Z,1992-06-16T07:00:00+02:00,708670800000,,1,1,Y,,corrected-archive-csv
162860,Luleå-Kallax Flygplats,13,Rådande väder,"momentanvärde, 1 gång/tim resp 8 gånger/dygn",kod,1992-06-16T06:00:00Z,1992-06-16T08:00:00+02:00,708674400000,,1,1,G,,corrected-archive-csv
162860,Luleå-Kallax Flygplats,13,Rådande väder,"momentanvärde, 1 gång/tim resp 8 gånger/dygn",kod,1992-06-16T08:00:00Z,1992-06-16T10:00:00+02:00,708681600000,,21,21,Y,,corrected-archive-csv
162860,Luleå-Kallax Flygplats,13,Rådande väder,"momentanvärde, 1 gång/tim resp 8 gånger/dygn",kod,1992-06-16T09:00:00Z,1992-06-16T11:00:00+02:00,708685200000,,3,3,G,,corrected-archive-csv
162860,Luleå-Kallax Flygplats,13,Rådande väder,"momentanvärde, 1 gång/tim resp 8 gånger/dygn",kod,1992-06-16T10:00:00Z,1992-06-16T12:00:00+02:00,708688800000,,3,3,Y,,corrected-archive-csv
162860,Luleå-Kallax Flygplats,13,Rådande väder,"momentanvärde, 1 gång/tim resp 8 gånger/dygn",kod,1992-06-16T11:00:00Z,1992-06-16T13:00:00+02:00,708692400000,,61,61,Y,,corrected-archive-csv
162860,Luleå-Kallax Flygplats,13,Rådande väder,"momentanvärde, 1 gång/tim resp 8 gånger/dygn",kod,1992-06-16T12:00:00Z,1992-06-16T14:00:00+02:00,708696000000,,61,61,G,,corrected-archive-csv
162860,Luleå-Kallax Flygplats,13,Rådande väder,"momentanvärde, 1 gång/tim resp 8 gånger/dygn",kod,1992-06-16T15:00:00Z,1992-06-16T17:00:00+02:00,708706800000,,0,0,G,,corrected-archive-csv
162860,Luleå-Kallax Flygplats,13,Rådande väder,"momentanvärde, 1 gång/tim resp 8 gånger/dygn",kod,1992-06-16T16:00:00Z,1992-06-16T18:00:00+02:00,708710400000,,15,15,Y,,corrected-archive-csv
162860,Luleå-Kallax Flygplats,13,Rådande väder,"momentanvärde, 1 gång/tim resp 8 gånger/dygn",kod,1992-06-16T17:00:00Z,1992-06-16T19:00:00+02:00,708714000000,,60,60,Y,,corrected-archive-csv
162860,Luleå-Kallax Flygplats,13,Rådande väder,"momentanvärde, 1 gång/tim resp 8 gånger/dygn",kod,1992-06-16T18:00:00Z,1992-06-16T20:00:00+02:00,708717600000,,21,21,G,,corrected-archive-csv
162860,Luleå-Kallax Flygplats,13,Rådande väder,"momentanvärde, 1 gång/tim resp 8 gånger/dygn",kod,1992-06-16T21:00:00Z,1992-06-16T23:00:00+02:00,708728400000,,0,0,G,,corrected-archive-csv
162860,Luleå-Kallax Flygplats,13,Rådande väder,"momentanvärde, 1 gång/tim resp 8 gånger/dygn",kod,1992-06-17T06:00:00Z,1992-06-17T08:00:00+02:00,708760800000,,0,0,G,,corrected-archive-csv
162860,Luleå-Kallax Flygplats,13,Rådande väder,"momentanvärde, 1 gång/tim resp 8 gånger/dygn",kod,1992-06-17T09:00:00Z,1992-06-17T11:00:00+02:00,708771600000,,0,0,G,,corrected-archive-csv
162860,Luleå-Kallax Flygplats,13,Rådande väder,"momentanvärde, 1 gång/tim resp 8 gånger/dygn",kod,1992-06-17T12:00:00Z,1992-06-17T14:00:00+02:00,708782400000,,0,0,G,,corrected-archive-csv
162860,Luleå-Kallax Flygplats,13,Rådande väder,"momentanvärde, 1 gång/tim resp 8 gånger/dygn",kod,1992-06-17T15:00:00Z,1992-06-17T17:00:00+02:00,708793200000,,0,0,G,,corrected-archive-csv
162860,Luleå-Kallax Flygplats,13,Rådande väder,"momentanvärde, 1 gång/tim resp 8 gånger/dygn",kod,1992-06-17T18:00:00Z,1992-06-17T20:00:00+02:00,708804000000,,0,0,G,,corrected-archive-csv
162860,Luleå-Kallax Flygplats,13,Rådande väder,"momentanvärde, 1 gång/tim resp 8 gånger/dygn",kod,1992-06-17T21:00:00Z,1992-06-17T23:00:00+02:00,708814800000,,0,0,G,,corrected-archive-csv
162860,Luleå-Kallax Flygplats,13,Rådande väder,"momentanvärde, 1 gång/tim resp 8 gånger/dygn",kod,1992-06-18T00:00:00Z,1992-06-18T02:00:00+02:00,708825600000,,0,0,G,,corrected-archive-csv
162860,Luleå-Kallax Flygplats,13,Rådande väder,"momentanvärde, 1 gång/tim resp 8 gånger/dygn",kod,1992-06-18T01:00:00Z,1992-06-18T03:00:00+02:00,708829200000,,61,61,Y,,corrected-archive-csv
162860,Luleå-Kallax Flygplats,13,Rådande väder,"momentanvärde, 1 gång/tim resp 8 gånger/dygn",kod,1992-06-18T02:00:00Z,1992-06-18T04:00:00+02:00,708832800000,,60,60,Y,,corrected-archive-csv
162860,Luleå-Kallax Flygplats,13,Rådande väder,"momentanvärde, 1 gång/tim resp 8 gånger/dygn",kod,1992-06-18T03:00:00Z,1992-06-18T05:00:00+02:00,708836400000,,60,60,G,,corrected-archive-csv
162860,Luleå-Kallax Flygplats,13,Rådande väder,"momentanvärde, 1 gång/tim resp 8 gånger/dygn",kod,1992-06-18T04:00:00Z,1992-06-18T06:00:00+02:00,708840000000,,1,1,Y,,corrected-archive-csv
162860,Luleå-Kallax Flygplats,13,Rådande väder,"momentanvärde, 1 gång/tim resp 8 gånger/dygn",kod,1992-06-18T05:00:00Z,1992-06-18T07:00:00+02:00,708843600000,,1,1,Y,,corrected-archive-csv
162860,Luleå-Kallax Flygplats,13,Rådande väder,"momentanvärde, 1 gång/tim resp 8 gånger/dygn",kod,1992-06-18T06:00:00Z,1992-06-18T08:00:00+02:00,708847200000,,1,1,G,,corrected-archive-csv
162860,Luleå-Kallax Flygplats,13,Rådande väder,"momentanvärde, 1 gång/tim resp 8 gånger/dygn",kod,1992-06-18T08:00:00Z,1992-06-18T10:00:00+02:00,708854400000,,10,10,Y,,corrected-archive-csv
162860,Luleå-Kallax Flygplats,13,Rådande väder,"momentanvärde, 1 gång/tim resp 8 gånger/dygn",kod,1992-06-18T09:00:00Z,1992-06-18T11:00:00+02:00,708858000000,,25,25,G,,corrected-archive-csv
162860,Luleå-Kallax Flygplats,13,Rådande väder,"momentanvärde, 1 gång/tim resp 8 gånger/dygn",kod,1992-06-18T10:00:00Z,1992-06-18T12:00:00+02:00,708861600000,,1,1,Y,,corrected-archive-csv
162860,Luleå-Kallax Flygplats,13,Rådande väder,"momentanvärde, 1 gång/tim resp 8 gånger/dygn",kod,1992-06-18T11:00:00Z,1992-06-18T13:00:00+02:00,708865200000,,14,14,Y,,corrected-archive-csv
162860,Luleå-Kallax Flygplats,13,Rådande väder,"momentanvärde, 1 gång/tim resp 8 gånger/dygn",kod,1992-06-18T12:00:00Z,1992-06-18T14:00:00+02:00,708868800000,,14,14,G,,corrected-archive-csv
162860,Luleå-Kallax Flygplats,13,Rådande väder,"momentanvärde, 1 gång/tim resp 8 gånger/dygn",kod,1992-06-18T13:00:00Z,1992-06-18T15:00:00+02:00,708872400000,,25,25,Y,,corrected-archive-csv
162860,Luleå-Kallax Flygplats,13,Rådande väder,"momentanvärde, 1 gång/tim resp 8 gånger/dygn",kod,1992-06-18T14:00:00Z,1992-06-18T16:00:00+02:00,708876000000,,14,14,Y,,corrected-archive-csv
162860,Luleå-Kallax Flygplats,13,Rådande väder,"momentanvärde, 1 gång/tim resp 8 gånger/dygn",kod,1992-06-18T15:00:00Z,1992-06-18T17:00:00+02:00,708879600000,,14,14,G,,corrected-archive-csv
162860,Luleå-Kallax Flygplats,13,Rådande väder,"momentanvärde, 1 gång/tim resp 8 gånger/dygn",kod,1992-06-18T16:00:00Z,1992-06-18T18:00:00+02:00,708883200000,,14,14,Y,,corrected-archive-csv
162860,Luleå-Kallax Flygplats,13,Rådande väder,"momentanvärde, 1 gång/tim resp 8 gånger/dygn",kod,1992-06-18T18:00:00Z,1992-06-18T20:00:00+02:00,708890400000,,15,15,G,,corrected-archive-csv
162860,Luleå-Kallax Flygplats,13,Rådande väder,"momentanvärde, 1 gång/tim resp 8 gånger/dygn",kod,1992-06-18T19:00:00Z,1992-06-18T21:00:00+02:00,708894000000,,15,15,Y,,corrected-archive-csv
162860,Luleå-Kallax Flygplats,13,Rådande väder,"momentanvärde, 1 gång/tim resp 8 gånger/dygn",kod,1992-06-18T20:00:00Z,1992-06-18T22:00:00+02:00,708897600000,,14,14,Y,,corrected-archive-csv
162860,Luleå-Kallax Flygplats,13,Rådande väder,"momentanvärde, 1 gång/tim resp 8 gånger/dygn",kod,1992-06-18T21:00:00Z,1992-06-18T23:00:00+02:00,708901200000,,0,0,G,,corrected-archive-csv
162860,Luleå-Kallax Flygplats,13,Rådande väder,"momentanvärde, 1 gång/tim resp 8 gånger/dygn",kod,1992-06-19T00:00:00Z,1992-06-19T02:00:00+02:00,708912000000,,12,12,G,,corrected-archive-csv
162860,Luleå-Kallax Flygplats,13,Rådande väder,"momentanvärde, 1 gång/tim resp 8 gånger/dygn",kod,1992-06-19T01:00:00Z,1992-06-19T03:00:00+02:00,708915600000,,12,12,Y,,corrected-archive-csv
162860,Luleå-Kallax Flygplats,13,Rådande väder,"momentanvärde, 1 gång/tim resp 8 gånger/dygn",kod,1992-06-19T02:00:00Z,1992-06-19T04:00:00+02:00,708919200000,,12,12,Y,,corrected-archive-csv
162860,Luleå-Kallax Flygplats,13,Rådande väder,"momentanvärde, 1 gång/tim resp 8 gånger/dygn",kod,1992-06-19T03:00:00Z,1992-06-19T05:00:00+02:00,708922800000,,0,0,G,,corrected-archive-csv
162860,Luleå-Kallax Flygplats,13,Rådande väder,"momentanvärde, 1 gång/tim resp 8 gånger/dygn",kod,1992-06-19T06:00:00Z,1992-06-19T08:00:00+02:00,708933600000,,0,0,G,,corrected-archive-csv
162860,Luleå-Kallax Flygplats,13,Rådande väder,"momentanvärde, 1 gång/tim resp 8 gånger/dygn",kod,1992-06-19T09:00:00Z,1992-06-19T11:00:00+02:00,708944400000,,0,0,G,,corrected-archive-csv
162860,Luleå-Kallax Flygplats,13,Rådande väder,"momentanvärde, 1 gång/tim resp 8 gånger/dygn",kod,1992-06-19T12:00:00Z,1992-06-19T14:00:00+02:00,708955200000,,0,0,G,,corrected-archive-csv
162860,Luleå-Kallax Flygplats,13,Rådande väder,"momentanvärde, 1 gång/tim resp 8 gånger/dygn",kod,1992-06-19T15:00:00Z,1992-06-19T17:00:00+02:00,708966000000,,0,0,G,,corrected-archive-csv
162860,Luleå-Kallax Flygplats,13,Rådande väder,"momentanvärde, 1 gång/tim resp 8 gånger/dygn",kod,1992-06-19T18:00:00Z,1992-06-19T20:00:00+02:00,708976800000,,0,0,G,,corrected-archive-csv
162860,Luleå-Kallax Flygplats,13,Rådande väder,"momentanvärde, 1 gång/tim resp 8 gånger/dygn",kod,1992-06-19T21:00:00Z,1992-06-19T23:00:00+02:00,708987600000,,0,0,G,,corrected-archive-csv
162860,Luleå-Kallax Flygplats,13,Rådande väder,"momentanvärde, 1 gång/tim resp 8 gånger/dygn",kod,1992-06-20T00:00:00Z,1992-06-20T02:00:00+02:00,708998400000,,0,0,G,,corrected-archive-csv
162860,Luleå-Kallax Flygplats,13,Rådande väder,"momentanvärde, 1 gång/tim resp 8 gånger/dygn",kod,1992-06-20T03:00:00Z,1992-06-20T05:00:00+02:00,709009200000,,0,0,G,,corrected-archive-csv
162860,Luleå-Kallax Flygplats,13,Rådande väder,"momentanvärde, 1 gång/tim resp 8 gånger/dygn",kod,1992-06-20T06:00:00Z,1992-06-20T08:00:00+02:00,709020000000,,0,0,G,,corrected-archive-csv
162860,Luleå-Kallax Flygplats,13,Rådande väder,"momentanvärde, 1 gång/tim resp 8 gånger/dygn",kod,1992-06-20T09:00:00Z,1992-06-20T11:00:00+02:00,709030800000,,0,0,G,,corrected-archive-csv
162860,Luleå-Kallax Flygplats,13,Rådande väder,"momentanvärde, 1 gång/tim resp 8 gånger/dygn",kod,1992-06-20T12:00:00Z,1992-06-20T14:00:00+02:00,709041600000,,0,0,G,,corrected-archive-csv
162860,Luleå-Kallax Flygplats,13,Rådande väder,"momentanvärde, 1 gång/tim resp 8 gånger/dygn",kod,1992-06-20T15:00:00Z,1992-06-20T17:00:00+02:00,709052400000,,0,0,G,,corrected-archive-csv
162860,Luleå-Kallax Flygplats,13,Rådande väder,"momentanvärde, 1 gång/tim resp 8 gånger/dygn",kod,1992-06-20T16:00:00Z,1992-06-20T18:00:00+02:00,709056000000,,21,21,Y,,corrected-archive-csv
162860,Luleå-Kallax Flygplats,13,Rådande väder,"momentanvärde, 1 gång/tim resp 8 gånger/dygn",kod,1992-06-20T17:00:00Z,1992-06-20T19:00:00+02:00,709059600000,,2,2,Y,,corrected-archive-csv
162860,Luleå-Kallax Flygplats,13,Rådande väder,"momentanvärde, 1 gång/tim resp 8 gånger/dygn",kod,1992-06-20T18:00:00Z,1992-06-20T20:00:00+02:00,709063200000,,2,2,G,,corrected-archive-csv
162860,Luleå-Kallax Flygplats,13,Rådande väder,"momentanvärde, 1 gång/tim resp 8 gånger/dygn",kod,1992-06-20T20:00:00Z,1992-06-20T22:00:00+02:00,709070400000,,61,61,Y,,corrected-archive-csv
162860,Luleå-Kallax Flygplats,13,Rådande väder,"momentanvärde, 1 gång/tim resp 8 gånger/dygn",kod,1992-06-20T21:00:00Z,1992-06-20T23:00:00+02:00,709074000000,,50,50,G,,corrected-archive-csv
162860,Luleå-Kallax Flygplats,13,Rådande väder,"momentanvärde, 1 gång/tim resp 8 gånger/dygn",kod,1992-06-20T22:00:00Z,1992-06-21T00:00:00+02:00,709077600000,,61,61,Y,,corrected-archive-csv
162860,Luleå-Kallax Flygplats,13,Rådande väder,"momentanvärde, 1 gång/tim resp 8 gånger/dygn",kod,1992-06-20T23:00:00Z,1992-06-21T01:00:00+02:00,709081200000,,61,61,Y,,corrected-archive-csv
162860,Luleå-Kallax Flygplats,13,Rådande väder,"momentanvärde, 1 gång/tim resp 8 gånger/dygn",kod,1992-06-21T00:00:00Z,1992-06-21T02:00:00+02:00,709084800000,,61,61,G,,corrected-archive-csv
162860,Luleå-Kallax Flygplats,13,Rådande väder,"momentanvärde, 1 gång/tim resp 8 gånger/dygn",kod,1992-06-21T01:00:00Z,1992-06-21T03:00:00+02:00,709088400000,,61,61,Y,,corrected-archive-csv
162860,Luleå-Kallax Flygplats,13,Rådande väder,"momentanvärde, 1 gång/tim resp 8 gånger/dygn",kod,1992-06-21T02:00:00Z,1992-06-21T04:00:00+02:00,709092000000,,61,61,Y,,corrected-archive-csv
162860,Luleå-Kallax Flygplats,13,Rådande väder,"momentanvärde, 1 gång/tim resp 8 gånger/dygn",kod,1992-06-21T03:00:00Z,1992-06-21T05:00:00+02:00,709095600000,,61,61,G,,corrected-archive-csv
162860,Luleå-Kallax Flygplats,13,Rådande väder,"momentanvärde, 1 gång/tim resp 8 gånger/dygn",kod,1992-06-21T04:00:00Z,1992-06-21T06:00:00+02:00,709099200000,,61,61,Y,,corrected-archive-csv
162860,Luleå-Kallax Flygplats,13,Rådande väder,"momentanvärde, 1 gång/tim resp 8 gånger/dygn",kod,1992-06-21T05:00:00Z,1992-06-21T07:00:00+02:00,709102800000,,61,61,Y,,corrected-archive-csv
162860,Luleå-Kallax Flygplats,13,Rådande väder,"momentanvärde, 1 gång/tim resp 8 gånger/dygn",kod,1992-06-21T06:00:00Z,1992-06-21T08:00:00+02:00,709106400000,,61,61,G,,corrected-archive-csv
162860,Luleå-Kallax Flygplats,13,Rådande väder,"momentanvärde, 1 gång/tim resp 8 gånger/dygn",kod,1992-06-21T07:00:00Z,1992-06-21T09:00:00+02:00,709110000000,,61,61,Y,,corrected-archive-csv
162860,Luleå-Kallax Flygplats,13,Rådande väder,"momentanvärde, 1 gång/tim resp 8 gånger/dygn",kod,1992-06-21T08:00:00Z,1992-06-21T10:00:00+02:00,709113600000,,63,63,Y,,corrected-archive-csv
162860,Luleå-Kallax Flygplats,13,Rådande väder,"momentanvärde, 1 gång/tim resp 8 gånger/dygn",kod,1992-06-21T09:00:00Z,1992-06-21T11:00:00+02:00,709117200000,,61,61,G,,corrected-archive-csv
162860,Luleå-Kallax Flygplats,13,Rådande väder,"momentanvärde, 1 gång/tim resp 8 gånger/dygn",kod,1992-06-21T10:00:00Z,1992-06-21T12:00:00+02:00,709120800000,,63,63,Y,,corrected-archive-csv
162860,Luleå-Kallax Flygplats,13,Rådande väder,"momentanvärde, 1 gång/tim resp 8 gånger/dygn",kod,1992-06-21T11:00:00Z,1992-06-21T13:00:00+02:00,709124400000,,61,61,Y,,corrected-archive-csv
162860,Luleå-Kallax Flygplats,13,Rådande väder,"momentanvärde, 1 gång/tim resp 8 gånger/dygn",kod,1992-06-21T12:00:00Z,1992-06-21T14:00:00+02:00,709128000000,,21,21,G,,corrected-archive-csv
162860,Luleå-Kallax Flygplats,13,Rådande väder,"momentanvärde, 1 gång/tim resp 8 gånger/dygn",kod,1992-06-21T15:00:00Z,1992-06-21T17:00:00+02:00,709138800000,,0,0,G,,corrected-archive-csv
162860,Luleå-Kallax Flygplats,13,Rådande väder,"momentanvärde, 1 gång/tim resp 8 gånger/dygn",kod,1992-06-21T18:00:00Z,1992-06-21T20:00:00+02:00,709149600000,,15,15,G,,corrected-archive-csv
162860,Luleå-Kallax Flygplats,13,Rådande väder,"momentanvärde, 1 gång/tim resp 8 gånger/dygn",kod,1992-06-21T19:00:00Z,1992-06-21T21:00:00+02:00,709153200000,,15,15,Y,,corrected-archive-csv
162860,Luleå-Kallax Flygplats,13,Rådande väder,"momentanvärde, 1 gång/tim resp 8 gånger/dygn",kod,1992-06-21T20:00:00Z,1992-06-21T22:00:00+02:00,709156800000,,15,15,Y,,corrected-archive-csv
162860,Luleå-Kallax Flygplats,13,Rådande väder,"momentanvärde, 1 gång/tim resp 8 gånger/dygn",kod,1992-06-21T21:00:00Z,1992-06-21T23:00:00+02:00,709160400000,,14,14,G,,corrected-archive-csv
162860,Luleå-Kallax Flygplats,13,Rådande väder,"momentanvärde, 1 gång/tim resp 8 gånger/dygn",kod,1992-06-21T22:00:00Z,1992-06-22T00:00:00+02:00,709164000000,,14,14,Y,,corrected-archive-csv
162860,Luleå-Kallax Flygplats,13,Rådande väder,"momentanvärde, 1 gång/tim resp 8 gånger/dygn",kod,1992-06-21T23:00:00Z,1992-06-22T01:00:00+02:00,709167600000,,14,14,Y,,corrected-archive-csv
162860,Luleå-Kallax Flygplats,13,Rådande väder,"momentanvärde, 1 gång/tim resp 8 gånger/dygn",kod,1992-06-22T00:00:00Z,1992-06-22T02:00:00+02:00,709171200000,,14,14,G,,corrected-archive-csv
162860,Luleå-Kallax Flygplats,13,Rådande väder,"momentanvärde, 1 gång/tim resp 8 gånger/dygn",kod,1992-06-22T01:00:00Z,1992-06-22T03:00:00+02:00,709174800000,,14,14,Y,,corrected-archive-csv
162860,Luleå-Kallax Flygplats,13,Rådande väder,"momentanvärde, 1 gång/tim resp 8 gånger/dygn",kod,1992-06-22T02:00:00Z,1992-06-22T04:00:00+02:00,709178400000,,14,14,Y,,corrected-archive-csv
162860,Luleå-Kallax Flygplats,13,Rådande väder,"momentanvärde, 1 gång/tim resp 8 gånger/dygn",kod,1992-06-22T03:00:00Z,1992-06-22T05:00:00+02:00,709182000000,,14,14,G,,corrected-archive-csv
162860,Luleå-Kallax Flygplats,13,Rådande väder,"momentanvärde, 1 gång/tim resp 8 gånger/dygn",kod,1992-06-22T06:00:00Z,1992-06-22T08:00:00+02:00,709192800000,,0,0,G,,corrected-archive-csv
162860,Luleå-Kallax Flygplats,13,Rådande väder,"momentanvärde, 1 gång/tim resp 8 gånger/dygn",kod,1992-06-22T09:00:00Z,1992-06-22T11:00:00+02:00,709203600000,,0,0,G,,corrected-archive-csv
162860,Luleå-Kallax Flygplats,13,Rådande väder,"momentanvärde, 1 gång/tim resp 8 gånger/dygn",kod,1992-06-22T12:00:00Z,1992-06-22T14:00:00+02:00,709214400000,,0,0,G,,corrected-archive-csv
162860,Luleå-Kallax Flygplats,13,Rådande väder,"momentanvärde, 1 gång/tim resp 8 gånger/dygn",kod,1992-06-22T15:00:00Z,1992-06-22T17:00:00+02:00,709225200000,,15,15,G,,corrected-archive-csv
162860,Luleå-Kallax Flygplats,13,Rådande väder,"momentanvärde, 1 gång/tim resp 8 gånger/dygn",kod,1992-06-22T16:00:00Z,1992-06-22T18:00:00+02:00,709228800000,,15,15,Y,,corrected-archive-csv
162860,Luleå-Kallax Flygplats,13,Rådande väder,"momentanvärde, 1 gång/tim resp 8 gånger/dygn",kod,1992-06-22T17:00:00Z,1992-06-22T19:00:00+02:00,709232400000,,15,15,Y,,corrected-archive-csv
162860,Luleå-Kallax Flygplats,13,Rådande väder,"momentanvärde, 1 gång/tim resp 8 gånger/dygn",kod,1992-06-22T18:00:00Z,1992-06-22T20:00:00+02:00,709236000000,,15,15,G,,corrected-archive-csv
162860,Luleå-Kallax Flygplats,13,Rådande väder,"momentanvärde, 1 gång/tim resp 8 gånger/dygn",kod,1992-06-22T19:00:00Z,1992-06-22T21:00:00+02:00,709239600000,,14,14,Y,,corrected-archive-csv
162860,Luleå-Kallax Flygplats,13,Rådande väder,"momentanvärde, 1 gång/tim resp 8 gånger/dygn",kod,1992-06-22T20:00:00Z,1992-06-22T22:00:00+02:00,709243200000,,14,14,Y,,corrected-archive-csv
162860,Luleå-Kallax Flygplats,13,Rådande väder,"momentanvärde, 1 gång/tim resp 8 gånger/dygn",kod,1992-06-22T21:00:00Z,1992-06-22T23:00:00+02:00,709246800000,,14,14,G,,corrected-archive-csv
162860,Luleå-Kallax Flygplats,13,Rådande väder,"momentanvärde, 1 gång/tim resp 8 gånger/dygn",kod,1992-06-23T00:00:00Z,1992-06-23T02:00:00+02:00,709257600000,,0,0,G,,corrected-archive-csv
162860,Luleå-Kallax Flygplats,13,Rådande väder,"momentanvärde, 1 gång/tim resp 8 gånger/dygn",kod,1992-06-23T03:00:00Z,1992-06-23T05:00:00+02:00,709268400000,,0,0,G,,corrected-archive-csv
162860,Luleå-Kallax Flygplats,13,Rådande väder,"momentanvärde, 1 gång/tim resp 8 gånger/dygn",kod,1992-06-23T06:00:00Z,1992-06-23T08:00:00+02:00,709279200000,,0,0,G,,corrected-archive-csv
162860,Luleå-Kallax Flygplats,13,Rådande väder,"momentanvärde, 1 gång/tim resp 8 gånger/dygn",kod,1992-06-23T09:00:00Z,1992-06-23T11:00:00+02:00,709290000000,,0,0,G,,corrected-archive-csv
162860,Luleå-Kallax Flygplats,13,Rådande väder,"momentanvärde, 1 gång/tim resp 8 gånger/dygn",kod,1992-06-23T12:00:00Z,1992-06-23T14:00:00+02:00,709300800000,,0,0,G,,corrected-archive-csv
162860,Luleå-Kallax Flygplats,13,Rådande väder,"momentanvärde, 1 gång/tim resp 8 gånger/dygn",kod,1992-06-23T15:00:00Z,1992-06-23T17:00:00+02:00,709311600000,,0,0,G,,corrected-archive-csv
162860,Luleå-Kallax Flygplats,13,Rådande väder,"momentanvärde, 1 gång/tim resp 8 gånger/dygn",kod,1992-06-23T16:00:00Z,1992-06-23T18:00:00+02:00,709315200000,,21,21,Y,,corrected-archive-csv
162860,Luleå-Kallax Flygplats,13,Rådande väder,"momentanvärde, 1 gång/tim resp 8 gånger/dygn",kod,1992-06-23T17:00:00Z,1992-06-23T19:00:00+02:00,709318800000,,2,2,Y,,corrected-archive-csv
162860,Luleå-Kallax Flygplats,13,Rådande väder,"momentanvärde, 1 gång/tim resp 8 gånger/dygn",kod,1992-06-23T18:00:00Z,1992-06-23T20:00:00+02:00,709322400000,,2,2,G,,corrected-archive-csv
162860,Luleå-Kallax Flygplats,13,Rådande väder,"momentanvärde, 1 gång/tim resp 8 gånger/dygn",kod,1992-06-23T21:00:00Z,1992-06-23T23:00:00+02:00,709333200000,,0,0,G,,corrected-archive-csv
162860,Luleå-Kallax Flygplats,13,Rådande väder,"momentanvärde, 1 gång/tim resp 8 gånger/dygn",kod,1992-06-24T00:00:00Z,1992-06-24T02:00:00+02:00,709344000000,,0,0,G,,corrected-archive-csv
162860,Luleå-Kallax Flygplats,13,Rådande väder,"momentanvärde, 1 gång/tim resp 8 gånger/dygn",kod,1992-06-24T03:00:00Z,1992-06-24T05:00:00+02:00,709354800000,,0,0,G,,corrected-archive-csv
162860,Luleå-Kallax Flygplats,13,Rådande väder,"momentanvärde, 1 gång/tim resp 8 gånger/dygn",kod,1992-06-24T06:00:00Z,1992-06-24T08:00:00+02:00,709365600000,,0,0,G,,corrected-archive-csv
162860,Luleå-Kallax Flygplats,13,Rådande väder,"momentanvärde, 1 gång/tim resp 8 gånger/dygn",kod,1992-06-24T09:00:00Z,1992-06-24T11:00:00+02:00,709376400000,,0,0,G,,corrected-archive-csv
162860,Luleå-Kallax Flygplats,13,Rådande väder,"momentanvärde, 1 gång/tim resp 8 gånger/dygn",kod,1992-06-24T12:00:00Z,1992-06-24T14:00:00+02:00,709387200000,,0,0,G,,corrected-archive-csv
162860,Luleå-Kallax Flygplats,13,Rådande väder,"momentanvärde, 1 gång/tim resp 8 gånger/dygn",kod,1992-06-24T15:00:00Z,1992-06-24T17:00:00+02:00,709398000000,,0,0,G,,corrected-archive-csv
162860,Luleå-Kallax Flygplats,13,Rådande väder,"momentanvärde, 1 gång/tim resp 8 gånger/dygn",kod,1992-06-24T18:00:00Z,1992-06-24T20:00:00+02:00,709408800000,,0,0,G,,corrected-archive-csv
162860,Luleå-Kallax Flygplats,13,Rådande väder,"momentanvärde, 1 gång/tim resp 8 gånger/dygn",kod,1992-06-24T21:00:00Z,1992-06-24T23:00:00+02:00,709419600000,,0,0,G,,corrected-archive-csv
162860,Luleå-Kallax Flygplats,13,Rådande väder,"momentanvärde, 1 gång/tim resp 8 gånger/dygn",kod,1992-06-25T00:00:00Z,1992-06-25T02:00:00+02:00,709430400000,,0,0,G,,corrected-archive-csv
162860,Luleå-Kallax Flygplats,13,Rådande väder,"momentanvärde, 1 gång/tim resp 8 gånger/dygn",kod,1992-06-25T03:00:00Z,1992-06-25T05:00:00+02:00,709441200000,,0,0,G,,corrected-archive-csv
162860,Luleå-Kallax Flygplats,13,Rådande väder,"momentanvärde, 1 gång/tim resp 8 gånger/dygn",kod,1992-06-25T06:00:00Z,1992-06-25T08:00:00+02:00,709452000000,,0,0,G,,corrected-archive-csv
162860,Luleå-Kallax Flygplats,13,Rådande väder,"momentanvärde, 1 gång/tim resp 8 gånger/dygn",kod,1992-06-25T09:00:00Z,1992-06-25T11:00:00+02:00,709462800000,,0,0,G,,corrected-archive-csv
162860,Luleå-Kallax Flygplats,13,Rådande väder,"momentanvärde, 1 gång/tim resp 8 gånger/dygn",kod,1992-06-25T12:00:00Z,1992-06-25T14:00:00+02:00,709473600000,,0,0,G,,corrected-archive-csv
162860,Luleå-Kallax Flygplats,13,Rådande väder,"momentanvärde, 1 gång/tim resp 8 gånger/dygn",kod,1992-06-25T15:00:00Z,1992-06-25T17:00:00+02:00,709484400000,,0,0,G,,corrected-archive-csv
162860,Luleå-Kallax Flygplats,13,Rådande väder,"momentanvärde, 1 gång/tim resp 8 gånger/dygn",kod,1992-06-25T18:00:00Z,1992-06-25T20:00:00+02:00,709495200000,,0,0,G,,corrected-archive-csv
162860,Luleå-Kallax Flygplats,13,Rådande väder,"momentanvärde, 1 gång/tim resp 8 gånger/dygn",kod,1992-06-25T21:00:00Z,1992-06-25T23:00:00+02:00,709506000000,,0,0,G,,corrected-archive-csv
162860,Luleå-Kallax Flygplats,13,Rådande väder,"momentanvärde, 1 gång/tim resp 8 gånger/dygn",kod,1992-06-26T00:00:00Z,1992-06-26T02:00:00+02:00,709516800000,,0,0,G,,corrected-archive-csv
162860,Luleå-Kallax Flygplats,13,Rådande väder,"momentanvärde, 1 gång/tim resp 8 gånger/dygn",kod,1992-06-26T01:00:00Z,1992-06-26T03:00:00+02:00,709520400000,,12,12,Y,,corrected-archive-csv
162860,Luleå-Kallax Flygplats,13,Rådande väder,"momentanvärde, 1 gång/tim resp 8 gånger/dygn",kod,1992-06-26T02:00:00Z,1992-06-26T04:00:00+02:00,709524000000,,12,12,Y,,corrected-archive-csv
162860,Luleå-Kallax Flygplats,13,Rådande väder,"momentanvärde, 1 gång/tim resp 8 gånger/dygn",kod,1992-06-26T03:00:00Z,1992-06-26T05:00:00+02:00,709527600000,,0,0,G,,corrected-archive-csv
162860,Luleå-Kallax Flygplats,13,Rådande väder,"momentanvärde, 1 gång/tim resp 8 gånger/dygn",kod,1992-06-26T06:00:00Z,1992-06-26T08:00:00+02:00,709538400000,,0,0,G,,corrected-archive-csv
162860,Luleå-Kallax Flygplats,13,Rådande väder,"momentanvärde, 1 gång/tim resp 8 gånger/dygn",kod,1992-06-26T09:00:00Z,1992-06-26T11:00:00+02:00,709549200000,,0,0,G,,corrected-archive-csv
162860,Luleå-Kallax Flygplats,13,Rådande väder,"momentanvärde, 1 gång/tim resp 8 gånger/dygn",kod,1992-06-26T12:00:00Z,1992-06-26T14:00:00+02:00,709560000000,,0,0,G,,corrected-archive-csv
162860,Luleå-Kallax Flygplats,13,Rådande väder,"momentanvärde, 1 gång/tim resp 8 gånger/dygn",kod,1992-06-26T15:00:00Z,1992-06-26T17:00:00+02:00,709570800000,,0,0,G,,corrected-archive-csv
162860,Luleå-Kallax Flygplats,13,Rådande väder,"momentanvärde, 1 gång/tim resp 8 gånger/dygn",kod,1992-06-26T18:00:00Z,1992-06-26T20:00:00+02:00,709581600000,,0,0,G,,corrected-archive-csv
162860,Luleå-Kallax Flygplats,13,Rådande väder,"momentanvärde, 1 gång/tim resp 8 gånger/dygn",kod,1992-06-26T21:00:00Z,1992-06-26T23:00:00+02:00,709592400000,,0,0,G,,corrected-archive-csv
162860,Luleå-Kallax Flygplats,13,Rådande väder,"momentanvärde, 1 gång/tim resp 8 gånger/dygn",kod,1992-06-27T00:00:00Z,1992-06-27T02:00:00+02:00,709603200000,,0,0,G,,corrected-archive-csv
162860,Luleå-Kallax Flygplats,13,Rådande väder,"momentanvärde, 1 gång/tim resp 8 gånger/dygn",kod,1992-06-27T03:00:00Z,1992-06-27T05:00:00+02:00,709614000000,,0,0,G,,corrected-archive-csv
162860,Luleå-Kallax Flygplats,13,Rådande väder,"momentanvärde, 1 gång/tim resp 8 gånger/dygn",kod,1992-06-27T06:00:00Z,1992-06-27T08:00:00+02:00,709624800000,,14,14,G,,corrected-archive-csv
162860,Luleå-Kallax Flygplats,13,Rådande väder,"momentanvärde, 1 gång/tim resp 8 gånger/dygn",kod,1992-06-27T07:00:00Z,1992-06-27T09:00:00+02:00,709628400000,,14,14,Y,,corrected-archive-csv
162860,Luleå-Kallax Flygplats,13,Rådande väder,"momentanvärde, 1 gång/tim resp 8 gånger/dygn",kod,1992-06-27T09:00:00Z,1992-06-27T11:00:00+02:00,709635600000,,3,3,G,,corrected-archive-csv
162860,Luleå-Kallax Flygplats,13,Rådande väder,"momentanvärde, 1 gång/tim resp 8 gånger/dygn",kod,1992-06-27T10:00:00Z,1992-06-27T12:00:00+02:00,709639200000,,2,2,Y,,corrected-archive-csv
162860,Luleå-Kallax Flygplats,13,Rådande väder,"momentanvärde, 1 gång/tim resp 8 gånger/dygn",kod,1992-06-27T11:00:00Z,1992-06-27T13:00:00+02:00,709642800000,,1,1,Y,,corrected-archive-csv
162860,Luleå-Kallax Flygplats,13,Rådande väder,"momentanvärde, 1 gång/tim resp 8 gånger/dygn",kod,1992-06-27T12:00:00Z,1992-06-27T14:00:00+02:00,709646400000,,3,3,G,,corrected-archive-csv
162860,Luleå-Kallax Flygplats,13,Rådande väder,"momentanvärde, 1 gång/tim resp 8 gånger/dygn",kod,1992-06-27T13:00:00Z,1992-06-27T15:00:00+02:00,709650000000,,14,14,Y,,corrected-archive-csv
162860,Luleå-Kallax Flygplats,13,Rådande väder,"momentanvärde, 1 gång/tim resp 8 gånger/dygn",kod,1992-06-27T14:00:00Z,1992-06-27T16:00:00+02:00,709653600000,,14,14,Y,,corrected-archive-csv
162860,Luleå-Kallax Flygplats,13,Rådande väder,"momentanvärde, 1 gång/tim resp 8 gånger/dygn",kod,1992-06-27T15:00:00Z,1992-06-27T17:00:00+02:00,709657200000,,1,1,G,,corrected-archive-csv
162860,Luleå-Kallax Flygplats,13,Rådande väder,"momentanvärde, 1 gång/tim resp 8 gånger/dygn",kod,1992-06-27T16:00:00Z,1992-06-27T18:00:00+02:00,709660800000,,1,1,Y,,corrected-archive-csv
162860,Luleå-Kallax Flygplats,13,Rådande väder,"momentanvärde, 1 gång/tim resp 8 gånger/dygn",kod,1992-06-27T17:00:00Z,1992-06-27T19:00:00+02:00,709664400000,,2,2,Y,,corrected-archive-csv
162860,Luleå-Kallax Flygplats,13,Rådande väder,"momentanvärde, 1 gång/tim resp 8 gånger/dygn",kod,1992-06-27T18:00:00Z,1992-06-27T20:00:00+02:00,709668000000,,0,0,G,,corrected-archive-csv
162860,Luleå-Kallax Flygplats,13,Rådande väder,"momentanvärde, 1 gång/tim resp 8 gånger/dygn",kod,1992-06-27T21:00:00Z,1992-06-27T23:00:00+02:00,709678800000,,0,0,G,,corrected-archive-csv
162860,Luleå-Kallax Flygplats,13,Rådande väder,"momentanvärde, 1 gång/tim resp 8 gånger/dygn",kod,1992-06-28T00:00:00Z,1992-06-28T02:00:00+02:00,709689600000,,0,0,G,,corrected-archive-csv
162860,Luleå-Kallax Flygplats,13,Rådande väder,"momentanvärde, 1 gång/tim resp 8 gånger/dygn",kod,1992-06-28T03:00:00Z,1992-06-28T05:00:00+02:00,709700400000,,61,61,G,,corrected-archive-csv
162860,Luleå-Kallax Flygplats,13,Rådande väder,"momentanvärde, 1 gång/tim resp 8 gånger/dygn",kod,1992-06-28T04:00:00Z,1992-06-28T06:00:00+02:00,709704000000,,61,61,Y,,corrected-archive-csv
162860,Luleå-Kallax Flygplats,13,Rådande väder,"momentanvärde, 1 gång/tim resp 8 gånger/dygn",kod,1992-06-28T05:00:00Z,1992-06-28T07:00:00+02:00,709707600000,,61,61,Y,,corrected-archive-csv
162860,Luleå-Kallax Flygplats,13,Rådande väder,"momentanvärde, 1 gång/tim resp 8 gånger/dygn",kod,1992-06-28T06:00:00Z,1992-06-28T08:00:00+02:00,709711200000,,21,21,G,,corrected-archive-csv
162860,Luleå-Kallax Flygplats,13,Rådande väder,"momentanvärde, 1 gång/tim resp 8 gånger/dygn",kod,1992-06-28T09:00:00Z,1992-06-28T11:00:00+02:00,709722000000,,0,0,G,,corrected-archive-csv
162860,Luleå-Kallax Flygplats,13,Rådande väder,"momentanvärde, 1 gång/tim resp 8 gånger/dygn",kod,1992-06-28T12:00:00Z,1992-06-28T14:00:00+02:00,709732800000,,0,0,G,,corrected-archive-csv
162860,Luleå-Kallax Flygplats,13,Rådande väder,"momentanvärde, 1 gång/tim resp 8 gånger/dygn",kod,1992-06-28T15:00:00Z,1992-06-28T17:00:00+02:00,709743600000,,0,0,G,,corrected-archive-csv
162860,Luleå-Kallax Flygplats,13,Rådande väder,"momentanvärde, 1 gång/tim resp 8 gånger/dygn",kod,1992-06-28T18:00:00Z,1992-06-28T20:00:00+02:00,709754400000,,0,0,G,,corrected-archive-csv
162860,Luleå-Kallax Flygplats,13,Rådande väder,"momentanvärde, 1 gång/tim resp 8 gånger/dygn",kod,1992-06-28T21:00:00Z,1992-06-28T23:00:00+02:00,709765200000,,0,0,G,,corrected-archive-csv
162860,Luleå-Kallax Flygplats,13,Rådande väder,"momentanvärde, 1 gång/tim resp 8 gånger/dygn",kod,1992-06-29T00:00:00Z,1992-06-29T02:00:00+02:00,709776000000,,0,0,G,,corrected-archive-csv
162860,Luleå-Kallax Flygplats,13,Rådande väder,"momentanvärde, 1 gång/tim resp 8 gånger/dygn",kod,1992-06-29T03:00:00Z,1992-06-29T05:00:00+02:00,709786800000,,0,0,G,,corrected-archive-csv
162860,Luleå-Kallax Flygplats,13,Rådande väder,"momentanvärde, 1 gång/tim resp 8 gånger/dygn",kod,1992-06-29T06:00:00Z,1992-06-29T08:00:00+02:00,709797600000,,0,0,G,,corrected-archive-csv
162860,Luleå-Kallax Flygplats,13,Rådande väder,"momentanvärde, 1 gång/tim resp 8 gånger/dygn",kod,1992-06-29T09:00:00Z,1992-06-29T11:00:00+02:00,709808400000,,0,0,G,,corrected-archive-csv
162860,Luleå-Kallax Flygplats,13,Rådande väder,"momentanvärde, 1 gång/tim resp 8 gånger/dygn",kod,1992-06-29T12:00:00Z,1992-06-29T14:00:00+02:00,709819200000,,0,0,G,,corrected-archive-csv
162860,Luleå-Kallax Flygplats,13,Rådande väder,"momentanvärde, 1 gång/tim resp 8 gånger/dygn",kod,1992-06-29T15:00:00Z,1992-06-29T17:00:00+02:00,709830000000,,0,0,G,,corrected-archive-csv
162860,Luleå-Kallax Flygplats,13,Rådande väder,"momentanvärde, 1 gång/tim resp 8 gånger/dygn",kod,1992-06-29T16:00:00Z,1992-06-29T18:00:00+02:00,709833600000,,16,16,Y,,corrected-archive-csv
162860,Luleå-Kallax Flygplats,13,Rådande väder,"momentanvärde, 1 gång/tim resp 8 gånger/dygn",kod,1992-06-29T17:00:00Z,1992-06-29T19:00:00+02:00,709837200000,,0,0,Y,,corrected-archive-csv
162860,Luleå-Kallax Flygplats,13,Rådande väder,"momentanvärde, 1 gång/tim resp 8 gånger/dygn",kod,1992-06-29T18:00:00Z,1992-06-29T20:00:00+02:00,709840800000,,0,0,G,,corrected-archive-csv
162860,Luleå-Kallax Flygplats,13,Rådande väder,"momentanvärde, 1 gång/tim resp 8 gånger/dygn",kod,1992-06-29T21:00:00Z,1992-06-29T23:00:00+02:00,709851600000,,0,0,G,,corrected-archive-csv
162860,Luleå-Kallax Flygplats,13,Rådande väder,"momentanvärde, 1 gång/tim resp 8 gånger/dygn",kod,1992-06-30T00:00:00Z,1992-06-30T02:00:00+02:00,709862400000,,0,0,G,,corrected-archive-csv
162860,Luleå-Kallax Flygplats,13,Rådande väder,"momentanvärde, 1 gång/tim resp 8 gånger/dygn",kod,1992-06-30T03:00:00Z,1992-06-30T05:00:00+02:00,709873200000,,0,0,G,,corrected-archive-csv
162860,Luleå-Kallax Flygplats,13,Rådande väder,"momentanvärde, 1 gång/tim resp 8 gånger/dygn",kod,1992-06-30T06:00:00Z,1992-06-30T08:00:00+02:00,709884000000,,0,0,G,,corrected-archive-csv
162860,Luleå-Kallax Flygplats,13,Rådande väder,"momentanvärde, 1 gång/tim resp 8 gånger/dygn",kod,1992-06-30T09:00:00Z,1992-06-30T11:00:00+02:00,709894800000,,0,0,G,,corrected-archive-csv
162860,Luleå-Kallax Flygplats,13,Rådande väder,"momentanvärde, 1 gång/tim resp 8 gånger/dygn",kod,1992-06-30T12:00:00Z,1992-06-30T14:00:00+02:00,709905600000,,0,0,G,,corrected-archive-csv
162860,Luleå-Kallax Flygplats,13,Rådande väder,"momentanvärde, 1 gång/tim resp 8 gånger/dygn",kod,1992-06-30T13:00:00Z,1992-06-30T15:00:00+02:00,709909200000,,15,15,Y,,corrected-archive-csv
162860,Luleå-Kallax Flygplats,13,Rådande väder,"momentanvärde, 1 gång/tim resp 8 gånger/dygn",kod,1992-06-30T14:00:00Z,1992-06-30T16:00:00+02:00,709912800000,,15,15,Y,,corrected-archive-csv
162860,Luleå-Kallax Flygplats,13,Rådande väder,"momentanvärde, 1 gång/tim resp 8 gånger/dygn",kod,1992-06-30T15:00:00Z,1992-06-30T17:00:00+02:00,709916400000,,2,2,G,,corrected-archive-csv
162860,Luleå-Kallax Flygplats,13,Rådande väder,"momentanvärde, 1 gång/tim resp 8 gånger/dygn",kod,1992-06-30T16:00:00Z,1992-06-30T18:00:00+02:00,709920000000,,2,2,Y,,corrected-archive-csv
162860,Luleå-Kallax Flygplats,13,Rådande väder,"momentanvärde, 1 gång/tim resp 8 gånger/dygn",kod,1992-06-30T17:00:00Z,1992-06-30T19:00:00+02:00,709923600000,,2,2,Y,,corrected-archive-csv
162860,Luleå-Kallax Flygplats,13,Rådande väder,"momentanvärde, 1 gång/tim resp 8 gånger/dygn",kod,1992-06-30T18:00:00Z,1992-06-30T20:00:00+02:00,709927200000,,21,21,G,,corrected-archive-csv
162860,Luleå-Kallax Flygplats,13,Rådande väder,"momentanvärde, 1 gång/tim resp 8 gånger/dygn",kod,1992-06-30T21:00:00Z,1992-06-30T23:00:00+02:00,709938000000,,0,0,G,,corrected-archive-csv
162860,Luleå-Kallax Flygplats,13,Rådande väder,"momentanvärde, 1 gång/tim resp 8 gånger/dygn",kod,1992-07-01T00:00:00Z,1992-07-01T02:00:00+02:00,709948800000,,0,0,G,,corrected-archive-csv
162860,Luleå-Kallax Flygplats,13,Rådande väder,"momentanvärde, 1 gång/tim resp 8 gånger/dygn",kod,1992-07-01T03:00:00Z,1992-07-01T05:00:00+02:00,709959600000,,0,0,G,,corrected-archive-csv
162860,Luleå-Kallax Flygplats,13,Rådande väder,"momentanvärde, 1 gång/tim resp 8 gånger/dygn",kod,1992-07-01T06:00:00Z,1992-07-01T08:00:00+02:00,709970400000,,0,0,G,,corrected-archive-csv
162860,Luleå-Kallax Flygplats,13,Rådande väder,"momentanvärde, 1 gång/tim resp 8 gånger/dygn",kod,1992-07-01T07:00:00Z,1992-07-01T09:00:00+02:00,709974000000,,15,15,Y,,corrected-archive-csv
162860,Luleå-Kallax Flygplats,13,Rådande väder,"momentanvärde, 1 gång/tim resp 8 gånger/dygn",kod,1992-07-01T08:00:00Z,1992-07-01T10:00:00+02:00,709977600000,,15,15,Y,,corrected-archive-csv
162860,Luleå-Kallax Flygplats,13,Rådande väder,"momentanvärde, 1 gång/tim resp 8 gånger/dygn",kod,1992-07-01T09:00:00Z,1992-07-01T11:00:00+02:00,709981200000,,15,15,G,,corrected-archive-csv
162860,Luleå-Kallax Flygplats,13,Rådande väder,"momentanvärde, 1 gång/tim resp 8 gånger/dygn",kod,1992-07-01T10:00:00Z,1992-07-01T12:00:00+02:00,709984800000,,15,15,Y,,corrected-archive-csv
162860,Luleå-Kallax Flygplats,13,Rådande väder,"momentanvärde, 1 gång/tim resp 8 gånger/dygn",kod,1992-07-01T11:00:00Z,1992-07-01T13:00:00+02:00,709988400000,,15,15,Y,,corrected-archive-csv
162860,Luleå-Kallax Flygplats,13,Rådande väder,"momentanvärde, 1 gång/tim resp 8 gånger/dygn",kod,1992-07-01T12:00:00Z,1992-07-01T14:00:00+02:00,709992000000,,15,15,G,,corrected-archive-csv
162860,Luleå-Kallax Flygplats,13,Rådande väder,"momentanvärde, 1 gång/tim resp 8 gånger/dygn",kod,1992-07-01T13:00:00Z,1992-07-01T15:00:00+02:00,709995600000,,15,15,Y,,corrected-archive-csv
162860,Luleå-Kallax Flygplats,13,Rådande väder,"momentanvärde, 1 gång/tim resp 8 gånger/dygn",kod,1992-07-01T14:00:00Z,1992-07-01T16:00:00+02:00,709999200000,,15,15,Y,,corrected-archive-csv
162860,Luleå-Kallax Flygplats,13,Rådande väder,"momentanvärde, 1 gång/tim resp 8 gånger/dygn",kod,1992-07-01T15:00:00Z,1992-07-01T17:00:00+02:00,710002800000,,51,51,G,,corrected-archive-csv
162860,Luleå-Kallax Flygplats,13,Rådande väder,"momentanvärde, 1 gång/tim resp 8 gånger/dygn",kod,1992-07-01T16:00:00Z,1992-07-01T18:00:00+02:00,710006400000,,20,20,Y,,corrected-archive-csv
162860,Luleå-Kallax Flygplats,13,Rådande väder,"momentanvärde, 1 gång/tim resp 8 gånger/dygn",kod,1992-07-01T17:00:00Z,1992-07-01T19:00:00+02:00,710010000000,,1,1,Y,,corrected-archive-csv
162860,Luleå-Kallax Flygplats,13,Rådande väder,"momentanvärde, 1 gång/tim resp 8 gånger/dygn",kod,1992-07-01T18:00:00Z,1992-07-01T20:00:00+02:00,710013600000,,1,1,G,,corrected-archive-csv
162860,Luleå-Kallax Flygplats,13,Rådande väder,"momentanvärde, 1 gång/tim resp 8 gånger/dygn",kod,1992-07-01T21:00:00Z,1992-07-01T23:00:00+02:00,710024400000,,0,0,G,,corrected-archive-csv
162860,Luleå-Kallax Flygplats,13,Rådande väder,"momentanvärde, 1 gång/tim resp 8 gånger/dygn",kod,1992-07-02T00:00:00Z,1992-07-02T02:00:00+02:00,710035200000,,0,0,G,,corrected-archive-csv
162860,Luleå-Kallax Flygplats,13,Rådande väder,"momentanvärde, 1 gång/tim resp 8 gånger/dygn",kod,1992-07-02T03:00:00Z,1992-07-02T05:00:00+02:00,710046000000,,0,0,G,,corrected-archive-csv
162860,Luleå-Kallax Flygplats,13,Rådande väder,"momentanvärde, 1 gång/tim resp 8 gånger/dygn",kod,1992-07-02T06:00:00Z,1992-07-02T08:00:00+02:00,710056800000,,0,0,G,,corrected-archive-csv
162860,Luleå-Kallax Flygplats,13,Rådande väder,"momentanvärde, 1 gång/tim resp 8 gånger/dygn",kod,1992-07-02T09:00:00Z,1992-07-02T11:00:00+02:00,710067600000,,0,0,G,,corrected-archive-csv
162860,Luleå-Kallax Flygplats,13,Rådande väder,"momentanvärde, 1 gång/tim resp 8 gånger/dygn",kod,1992-07-02T12:00:00Z,1992-07-02T14:00:00+02:00,710078400000,,15,15,G,,corrected-archive-csv
162860,Luleå-Kallax Flygplats,13,Rådande väder,"momentanvärde, 1 gång/tim resp 8 gånger/dygn",kod,1992-07-02T13:00:00Z,1992-07-02T15:00:00+02:00,710082000000,,80,80,Y,,corrected-archive-csv
162860,Luleå-Kallax Flygplats,13,Rådande väder,"momentanvärde, 1 gång/tim resp 8 gånger/dygn",kod,1992-07-02T15:00:00Z,1992-07-02T17:00:00+02:00,710089200000,,25,25,G,,corrected-archive-csv
162860,Luleå-Kallax Flygplats,13,Rådande väder,"momentanvärde, 1 gång/tim resp 8 gånger/dygn",kod,1992-07-02T16:00:00Z,1992-07-02T18:00:00+02:00,710092800000,,14,14,Y,,corrected-archive-csv
162860,Luleå-Kallax Flygplats,13,Rådande väder,"momentanvärde, 1 gång/tim resp 8 gånger/dygn",kod,1992-07-02T17:00:00Z,1992-07-02T19:00:00+02:00,710096400000,,1,1,Y,,corrected-archive-csv
162860,Luleå-Kallax Flygplats,13,Rådande väder,"momentanvärde, 1 gång/tim resp 8 gånger/dygn",kod,1992-07-02T18:00:00Z,1992-07-02T20:00:00+02:00,710100000000,,1,1,G,,corrected-archive-csv
162860,Luleå-Kallax Flygplats,13,Rådande väder,"momentanvärde, 1 gång/tim resp 8 gånger/dygn",kod,1992-07-02T21:00:00Z,1992-07-02T23:00:00+02:00,710110800000,,0,0,G,,corrected-archive-csv
162860,Luleå-Kallax Flygplats,13,Rådande väder,"momentanvärde, 1 gång/tim resp 8 gånger/dygn",kod,1992-07-03T00:00:00Z,1992-07-03T02:00:00+02:00,710121600000,,0,0,G,,corrected-archive-csv
162860,Luleå-Kallax Flygplats,13,Rådande väder,"momentanvärde, 1 gång/tim resp 8 gånger/dygn",kod,1992-07-03T03:00:00Z,1992-07-03T05:00:00+02:00,710132400000,,0,0,G,,corrected-archive-csv
162860,Luleå-Kallax Flygplats,13,Rådande väder,"momentanvärde, 1 gång/tim resp 8 gånger/dygn",kod,1992-07-03T06:00:00Z,1992-07-03T08:00:00+02:00,710143200000,,0,0,G,,corrected-archive-csv
162860,Luleå-Kallax Flygplats,13,Rådande väder,"momentanvärde, 1 gång/tim resp 8 gånger/dygn",kod,1992-07-03T09:00:00Z,1992-07-03T11:00:00+02:00,710154000000,,0,0,G,,corrected-archive-csv
162860,Luleå-Kallax Flygplats,13,Rådande väder,"momentanvärde, 1 gång/tim resp 8 gånger/dygn",kod,1992-07-03T12:00:00Z,1992-07-03T14:00:00+02:00,710164800000,,0,0,G,,corrected-archive-csv
162860,Luleå-Kallax Flygplats,13,Rådande väder,"momentanvärde, 1 gång/tim resp 8 gånger/dygn",kod,1992-07-03T13:00:00Z,1992-07-03T15:00:00+02:00,710168400000,,14,14,Y,,corrected-archive-csv
162860,Luleå-Kallax Flygplats,13,Rådande väder,"momentanvärde, 1 gång/tim resp 8 gånger/dygn",kod,1992-07-03T14:00:00Z,1992-07-03T16:00:00+02:00,710172000000,,14,14,Y,,corrected-archive-csv
162860,Luleå-Kallax Flygplats,13,Rådande väder,"momentanvärde, 1 gång/tim resp 8 gånger/dygn",kod,1992-07-03T15:00:00Z,1992-07-03T17:00:00+02:00,710175600000,,14,14,G,,corrected-archive-csv
162860,Luleå-Kallax Flygplats,13,Rådande väder,"momentanvärde, 1 gång/tim resp 8 gånger/dygn",kod,1992-07-03T16:00:00Z,1992-07-03T18:00:00+02:00,710179200000,,14,14,Y,,corrected-archive-csv
162860,Luleå-Kallax Flygplats,13,Rådande väder,"momentanvärde, 1 gång/tim resp 8 gånger/dygn",kod,1992-07-03T18:00:00Z,1992-07-03T20:00:00+02:00,710186400000,,0,0,G,,corrected-archive-csv
162860,Luleå-Kallax Flygplats,13,Rådande väder,"momentanvärde, 1 gång/tim resp 8 gånger/dygn",kod,1992-07-03T19:00:00Z,1992-07-03T21:00:00+02:00,710190000000,,14,14,Y,,corrected-archive-csv
162860,Luleå-Kallax Flygplats,13,Rådande väder,"momentanvärde, 1 gång/tim resp 8 gånger/dygn",kod,1992-07-03T20:00:00Z,1992-07-03T22:00:00+02:00,710193600000,,2,2,Y,,corrected-archive-csv
162860,Luleå-Kallax Flygplats,13,Rådande väder,"momentanvärde, 1 gång/tim resp 8 gånger/dygn",kod,1992-07-03T21:00:00Z,1992-07-03T23:00:00+02:00,710197200000,,61,61,G,,corrected-archive-csv
162860,Luleå-Kallax Flygplats,13,Rådande väder,"momentanvärde, 1 gång/tim resp 8 gånger/dygn",kod,1992-07-03T22:00:00Z,1992-07-04T00:00:00+02:00,710200800000,,61,61,Y,,corrected-archive-csv
162860,Luleå-Kallax Flygplats,13,Rådande väder,"momentanvärde, 1 gång/tim resp 8 gånger/dygn",kod,1992-07-03T23:00:00Z,1992-07-04T01:00:00+02:00,710204400000,,61,61,Y,,corrected-archive-csv
162860,Luleå-Kallax Flygplats,13,Rådande väder,"momentanvärde, 1 gång/tim resp 8 gånger/dygn",kod,1992-07-04T00:00:00Z,1992-07-04T02:00:00+02:00,710208000000,,61,61,G,,corrected-archive-csv
162860,Luleå-Kallax Flygplats,13,Rådande väder,"momentanvärde, 1 gång/tim resp 8 gånger/dygn",kod,1992-07-04T01:00:00Z,1992-07-04T03:00:00+02:00,710211600000,,21,21,Y,,corrected-archive-csv
162860,Luleå-Kallax Flygplats,13,Rådande väder,"momentanvärde, 1 gång/tim resp 8 gånger/dygn",kod,1992-07-04T02:00:00Z,1992-07-04T04:00:00+02:00,710215200000,,2,2,Y,,corrected-archive-csv
162860,Luleå-Kallax Flygplats,13,Rådande väder,"momentanvärde, 1 gång/tim resp 8 gånger/dygn",kod,1992-07-04T03:00:00Z,1992-07-04T05:00:00+02:00,710218800000,,61,61,G,,corrected-archive-csv
162860,Luleå-Kallax Flygplats,13,Rådande väder,"momentanvärde, 1 gång/tim resp 8 gånger/dygn",kod,1992-07-04T04:00:00Z,1992-07-04T06:00:00+02:00,710222400000,,61,61,Y,,corrected-archive-csv
162860,Luleå-Kallax Flygplats,13,Rådande väder,"momentanvärde, 1 gång/tim resp 8 gånger/dygn",kod,1992-07-04T05:00:00Z,1992-07-04T07:00:00+02:00,710226000000,,61,61,Y,,corrected-archive-csv
162860,Luleå-Kallax Flygplats,13,Rådande väder,"momentanvärde, 1 gång/tim resp 8 gånger/dygn",kod,1992-07-04T06:00:00Z,1992-07-04T08:00:00+02:00,710229600000,,61,61,G,,corrected-archive-csv
162860,Luleå-Kallax Flygplats,13,Rådande väder,"momentanvärde, 1 gång/tim resp 8 gånger/dygn",kod,1992-07-04T07:00:00Z,1992-07-04T09:00:00+02:00,710233200000,,61,61,Y,,corrected-archive-csv
162860,Luleå-Kallax Flygplats,13,Rådande väder,"momentanvärde, 1 gång/tim resp 8 gånger/dygn",kod,1992-07-04T08:00:00Z,1992-07-04T10:00:00+02:00,710236800000,,61,61,Y,,corrected-archive-csv
162860,Luleå-Kallax Flygplats,13,Rådande väder,"momentanvärde, 1 gång/tim resp 8 gånger/dygn",kod,1992-07-04T09:00:00Z,1992-07-04T11:00:00+02:00,710240400000,,21,21,G,,corrected-archive-csv
162860,Luleå-Kallax Flygplats,13,Rådande väder,"momentanvärde, 1 gång/tim resp 8 gånger/dygn",kod,1992-07-04T10:00:00Z,1992-07-04T12:00:00+02:00,710244000000,,61,61,Y,,corrected-archive-csv
162860,Luleå-Kallax Flygplats,13,Rådande väder,"momentanvärde, 1 gång/tim resp 8 gånger/dygn",kod,1992-07-04T11:00:00Z,1992-07-04T13:00:00+02:00,710247600000,,21,21,Y,,corrected-archive-csv
162860,Luleå-Kallax Flygplats,13,Rådande väder,"momentanvärde, 1 gång/tim resp 8 gånger/dygn",kod,1992-07-04T12:00:00Z,1992-07-04T14:00:00+02:00,710251200000,,1,1,G,,corrected-archive-csv
162860,Luleå-Kallax Flygplats,13,Rådande väder,"momentanvärde, 1 gång/tim resp 8 gånger/dygn",kod,1992-07-04T15:00:00Z,1992-07-04T17:00:00+02:00,710262000000,,0,0,G,,corrected-archive-csv
162860,Luleå-Kallax Flygplats,13,Rådande väder,"momentanvärde, 1 gång/tim resp 8 gånger/dygn",kod,1992-07-04T18:00:00Z,1992-07-04T20:00:00+02:00,710272800000,,0,0,G,,corrected-archive-csv
162860,Luleå-Kallax Flygplats,13,Rådande väder,"momentanvärde, 1 gång/tim resp 8 gånger/dygn",kod,1992-07-04T21:00:00Z,1992-07-04T23:00:00+02:00,710283600000,,0,0,G,,corrected-archive-csv
162860,Luleå-Kallax Flygplats,13,Rådande väder,"momentanvärde, 1 gång/tim resp 8 gånger/dygn",kod,1992-07-05T00:00:00Z,1992-07-05T02:00:00+02:00,710294400000,,0,0,G,,corrected-archive-csv
162860,Luleå-Kallax Flygplats,13,Rådande väder,"momentanvärde, 1 gång/tim resp 8 gånger/dygn",kod,1992-07-05T03:00:00Z,1992-07-05T05:00:00+02:00,710305200000,,0,0,G,,corrected-archive-csv
162860,Luleå-Kallax Flygplats,13,Rådande väder,"momentanvärde, 1 gång/tim resp 8 gånger/dygn",kod,1992-07-05T06:00:00Z,1992-07-05T08:00:00+02:00,710316000000,,0,0,G,,corrected-archive-csv
162860,Luleå-Kallax Flygplats,13,Rådande väder,"momentanvärde, 1 gång/tim resp 8 gånger/dygn",kod,1992-07-05T09:00:00Z,1992-07-05T11:00:00+02:00,710326800000,,0,0,G,,corrected-archive-csv
162860,Luleå-Kallax Flygplats,13,Rådande väder,"momentanvärde, 1 gång/tim resp 8 gånger/dygn",kod,1992-07-05T12:00:00Z,1992-07-05T14:00:00+02:00,710337600000,,0,0,G,,corrected-archive-csv
162860,Luleå-Kallax Flygplats,13,Rådande väder,"momentanvärde, 1 gång/tim resp 8 gånger/dygn",kod,1992-07-05T15:00:00Z,1992-07-05T17:00:00+02:00,710348400000,,0,0,G,,corrected-archive-csv
162860,Luleå-Kallax Flygplats,13,Rådande väder,"momentanvärde, 1 gång/tim resp 8 gånger/dygn",kod,1992-07-05T18:00:00Z,1992-07-05T20:00:00+02:00,710359200000,,0,0,G,,corrected-archive-csv
162860,Luleå-Kallax Flygplats,13,Rådande väder,"momentanvärde, 1 gång/tim resp 8 gånger/dygn",kod,1992-07-05T21:00:00Z,1992-07-05T23:00:00+02:00,710370000000,,0,0,G,,corrected-archive-csv
162860,Luleå-Kallax Flygplats,13,Rådande väder,"momentanvärde, 1 gång/tim resp 8 gånger/dygn",kod,1992-07-06T00:00:00Z,1992-07-06T02:00:00+02:00,710380800000,,0,0,G,,corrected-archive-csv
162860,Luleå-Kallax Flygplats,13,Rådande väder,"momentanvärde, 1 gång/tim resp 8 gånger/dygn",kod,1992-07-06T03:00:00Z,1992-07-06T05:00:00+02:00,710391600000,,0,0,G,,corrected-archive-csv
162860,Luleå-Kallax Flygplats,13,Rådande väder,"momentanvärde, 1 gång/tim resp 8 gånger/dygn",kod,1992-07-06T06:00:00Z,1992-07-06T08:00:00+02:00,710402400000,,0,0,G,,corrected-archive-csv
162860,Luleå-Kallax Flygplats,13,Rådande väder,"momentanvärde, 1 gång/tim resp 8 gånger/dygn",kod,1992-07-06T09:00:00Z,1992-07-06T11:00:00+02:00,710413200000,,0,0,G,,corrected-archive-csv
162860,Luleå-Kallax Flygplats,13,Rådande väder,"momentanvärde, 1 gång/tim resp 8 gånger/dygn",kod,1992-07-06T12:00:00Z,1992-07-06T14:00:00+02:00,710424000000,,0,0,G,,corrected-archive-csv
162860,Luleå-Kallax Flygplats,13,Rådande väder,"momentanvärde, 1 gång/tim resp 8 gånger/dygn",kod,1992-07-06T15:00:00Z,1992-07-06T17:00:00+02:00,710434800000,,0,0,G,,corrected-archive-csv
162860,Luleå-Kallax Flygplats,13,Rådande väder,"momentanvärde, 1 gång/tim resp 8 gånger/dygn",kod,1992-07-06T18:00:00Z,1992-07-06T20:00:00+02:00,710445600000,,52,52,G,,corrected-archive-csv
162860,Luleå-Kallax Flygplats,13,Rådande väder,"momentanvärde, 1 gång/tim resp 8 gånger/dygn",kod,1992-07-06T19:00:00Z,1992-07-06T21:00:00+02:00,710449200000,,20,20,Y,,corrected-archive-csv
162860,Luleå-Kallax Flygplats,13,Rådande väder,"momentanvärde, 1 gång/tim resp 8 gånger/dygn",kod,1992-07-06T20:00:00Z,1992-07-06T22:00:00+02:00,710452800000,,1,1,Y,,corrected-archive-csv
162860,Luleå-Kallax Flygplats,13,Rådande väder,"momentanvärde, 1 gång/tim resp 8 gånger/dygn",kod,1992-07-06T21:00:00Z,1992-07-06T23:00:00+02:00,710456400000,,1,1,G,,corrected-archive-csv
162860,Luleå-Kallax Flygplats,13,Rådande väder,"momentanvärde, 1 gång/tim resp 8 gånger/dygn",kod,1992-07-06T22:00:00Z,1992-07-07T00:00:00+02:00,710460000000,,1,1,Y,,corrected-archive-csv
162860,Luleå-Kallax Flygplats,13,Rådande väder,"momentanvärde, 1 gång/tim resp 8 gånger/dygn",kod,1992-07-06T23:00:00Z,1992-07-07T01:00:00+02:00,710463600000,,1,1,Y,,corrected-archive-csv
162860,Luleå-Kallax Flygplats,13,Rådande väder,"momentanvärde, 1 gång/tim resp 8 gånger/dygn",kod,1992-07-07T00:00:00Z,1992-07-07T02:00:00+02:00,710467200000,,1,1,G,,corrected-archive-csv
162860,Luleå-Kallax Flygplats,13,Rådande väder,"momentanvärde, 1 gång/tim resp 8 gånger/dygn",kod,1992-07-07T03:00:00Z,1992-07-07T05:00:00+02:00,710478000000,,0,0,G,,corrected-archive-csv
162860,Luleå-Kallax Flygplats,13,Rådande väder,"momentanvärde, 1 gång/tim resp 8 gånger/dygn",kod,1992-07-07T06:00:00Z,1992-07-07T08:00:00+02:00,710488800000,,0,0,G,,corrected-archive-csv
162860,Luleå-Kallax Flygplats,13,Rådande väder,"momentanvärde, 1 gång/tim resp 8 gånger/dygn",kod,1992-07-07T08:00:00Z,1992-07-07T10:00:00+02:00,710496000000,,15,15,Y,,corrected-archive-csv
162860,Luleå-Kallax Flygplats,13,Rådande väder,"momentanvärde, 1 gång/tim resp 8 gånger/dygn",kod,1992-07-07T09:00:00Z,1992-07-07T11:00:00+02:00,710499600000,,25,25,G,,corrected-archive-csv
162860,Luleå-Kallax Flygplats,13,Rådande väder,"momentanvärde, 1 gång/tim resp 8 gånger/dygn",kod,1992-07-07T10:00:00Z,1992-07-07T12:00:00+02:00,710503200000,,16,16,Y,,corrected-archive-csv
162860,Luleå-Kallax Flygplats,13,Rådande väder,"momentanvärde, 1 gång/tim resp 8 gånger/dygn",kod,1992-07-07T11:00:00Z,1992-07-07T13:00:00+02:00,710506800000,,15,15,Y,,corrected-archive-csv
162860,Luleå-Kallax Flygplats,13,Rådande väder,"momentanvärde, 1 gång/tim resp 8 gånger/dygn",kod,1992-07-07T12:00:00Z,1992-07-07T14:00:00+02:00,710510400000,,25,25,G,,corrected-archive-csv
162860,Luleå-Kallax Flygplats,13,Rådande väder,"momentanvärde, 1 gång/tim resp 8 gånger/dygn",kod,1992-07-07T15:00:00Z,1992-07-07T17:00:00+02:00,710521200000,,0,0,G,,corrected-archive-csv
162860,Luleå-Kallax Flygplats,13,Rådande väder,"momentanvärde, 1 gång/tim resp 8 gånger/dygn",kod,1992-07-07T18:00:00Z,1992-07-07T20:00:00+02:00,710532000000,,0,0,G,,corrected-archive-csv
162860,Luleå-Kallax Flygplats,13,Rådande väder,"momentanvärde, 1 gång/tim resp 8 gånger/dygn",kod,1992-07-07T21:00:00Z,1992-07-07T23:00:00+02:00,710542800000,,0,0,G,,corrected-archive-csv
162860,Luleå-Kallax Flygplats,13,Rådande väder,"momentanvärde, 1 gång/tim resp 8 gånger/dygn",kod,1992-07-08T00:00:00Z,1992-07-08T02:00:00+02:00,710553600000,,0,0,G,,corrected-archive-csv
162860,Luleå-Kallax Flygplats,13,Rådande väder,"momentanvärde, 1 gång/tim resp 8 gånger/dygn",kod,1992-07-08T03:00:00Z,1992-07-08T05:00:00+02:00,710564400000,,0,0,G,,corrected-archive-csv
162860,Luleå-Kallax Flygplats,13,Rådande väder,"momentanvärde, 1 gång/tim resp 8 gånger/dygn",kod,1992-07-08T06:00:00Z,1992-07-08T08:00:00+02:00,710575200000,,0,0,G,,corrected-archive-csv
162860,Luleå-Kallax Flygplats,13,Rådande väder,"momentanvärde, 1 gång/tim resp 8 gånger/dygn",kod,1992-07-08T09:00:00Z,1992-07-08T11:00:00+02:00,710586000000,,0,0,G,,corrected-archive-csv
162860,Luleå-Kallax Flygplats,13,Rådande väder,"momentanvärde, 1 gång/tim resp 8 gånger/dygn",kod,1992-07-08T12:00:00Z,1992-07-08T14:00:00+02:00,710596800000,,0,0,G,,corrected-archive-csv
162860,Luleå-Kallax Flygplats,13,Rådande väder,"momentanvärde, 1 gång/tim resp 8 gånger/dygn",kod,1992-07-08T15:00:00Z,1992-07-08T17:00:00+02:00,710607600000,,0,0,G,,corrected-archive-csv
162860,Luleå-Kallax Flygplats,13,Rådande väder,"momentanvärde, 1 gång/tim resp 8 gånger/dygn",kod,1992-07-08T16:00:00Z,1992-07-08T18:00:00+02:00,710611200000,,21,21,Y,,corrected-archive-csv
162860,Luleå-Kallax Flygplats,13,Rådande väder,"momentanvärde, 1 gång/tim resp 8 gånger/dygn",kod,1992-07-08T17:00:00Z,1992-07-08T19:00:00+02:00,710614800000,,2,2,Y,,corrected-archive-csv
162860,Luleå-Kallax Flygplats,13,Rådande väder,"momentanvärde, 1 gång/tim resp 8 gånger/dygn",kod,1992-07-08T18:00:00Z,1992-07-08T20:00:00+02:00,710618400000,,2,2,G,,corrected-archive-csv
162860,Luleå-Kallax Flygplats,13,Rådande väder,"momentanvärde, 1 gång/tim resp 8 gånger/dygn",kod,1992-07-08T21:00:00Z,1992-07-08T23:00:00+02:00,710629200000,,0,0,G,,corrected-archive-csv
162860,Luleå-Kallax Flygplats,13,Rådande väder,"momentanvärde, 1 gång/tim resp 8 gånger/dygn",kod,1992-07-09T00:00:00Z,1992-07-09T02:00:00+02:00,710640000000,,0,0,G,,corrected-archive-csv
162860,Luleå-Kallax Flygplats,13,Rådande väder,"momentanvärde, 1 gång/tim resp 8 gånger/dygn",kod,1992-07-09T03:00:00Z,1992-07-09T05:00:00+02:00,710650800000,,0,0,G,,corrected-archive-csv
162860,Luleå-Kallax Flygplats,13,Rådande väder,"momentanvärde, 1 gång/tim resp 8 gånger/dygn",kod,1992-07-09T06:00:00Z,1992-07-09T08:00:00+02:00,710661600000,,0,0,G,,corrected-archive-csv
162860,Luleå-Kallax Flygplats,13,Rådande väder,"momentanvärde, 1 gång/tim resp 8 gånger/dygn",kod,1992-07-09T09:00:00Z,1992-07-09T11:00:00+02:00,710672400000,,0,0,G,,corrected-archive-csv
162860,Luleå-Kallax Flygplats,13,Rådande väder,"momentanvärde, 1 gång/tim resp 8 gånger/dygn",kod,1992-07-09T12:00:00Z,1992-07-09T14:00:00+02:00,710683200000,,0,0,G,,corrected-archive-csv
162860,Luleå-Kallax Flygplats,13,Rådande väder,"momentanvärde, 1 gång/tim resp 8 gånger/dygn",kod,1992-07-09T15:00:00Z,1992-07-09T17:00:00+02:00,710694000000,,0,0,G,,corrected-archive-csv
162860,Luleå-Kallax Flygplats,13,Rådande väder,"momentanvärde, 1 gång/tim resp 8 gånger/dygn",kod,1992-07-09T18:00:00Z,1992-07-09T20:00:00+02:00,710704800000,,0,0,G,,corrected-archive-csv
162860,Luleå-Kallax Flygplats,13,Rådande väder,"momentanvärde, 1 gång/tim resp 8 gånger/dygn",kod,1992-07-09T21:00:00Z,1992-07-09T23:00:00+02:00,710715600000,,0,0,G,,corrected-archive-csv
162860,Luleå-Kallax Flygplats,13,Rådande väder,"momentanvärde, 1 gång/tim resp 8 gånger/dygn",kod,1992-07-10T00:00:00Z,1992-07-10T02:00:00+02:00,710726400000,,0,0,G,,corrected-archive-csv
162860,Luleå-Kallax Flygplats,13,Rådande väder,"momentanvärde, 1 gång/tim resp 8 gånger/dygn",kod,1992-07-10T03:00:00Z,1992-07-10T05:00:00+02:00,710737200000,,0,0,G,,corrected-archive-csv
162860,Luleå-Kallax Flygplats,13,Rådande väder,"momentanvärde, 1 gång/tim resp 8 gånger/dygn",kod,1992-07-10T06:00:00Z,1992-07-10T08:00:00+02:00,710748000000,,0,0,G,,corrected-archive-csv
162860,Luleå-Kallax Flygplats,13,Rådande väder,"momentanvärde, 1 gång/tim resp 8 gånger/dygn",kod,1992-07-10T09:00:00Z,1992-07-10T11:00:00+02:00,710758800000,,0,0,G,,corrected-archive-csv
162860,Luleå-Kallax Flygplats,13,Rådande väder,"momentanvärde, 1 gång/tim resp 8 gånger/dygn",kod,1992-07-10T12:00:00Z,1992-07-10T14:00:00+02:00,710769600000,,0,0,G,,corrected-archive-csv
162860,Luleå-Kallax Flygplats,13,Rådande väder,"momentanvärde, 1 gång/tim resp 8 gånger/dygn",kod,1992-07-10T15:00:00Z,1992-07-10T17:00:00+02:00,710780400000,,61,61,G,,corrected-archive-csv
162860,Luleå-Kallax Flygplats,13,Rådande väder,"momentanvärde, 1 gång/tim resp 8 gånger/dygn",kod,1992-07-10T16:00:00Z,1992-07-10T18:00:00+02:00,710784000000,,61,61,Y,,corrected-archive-csv
162860,Luleå-Kallax Flygplats,13,Rådande väder,"momentanvärde, 1 gång/tim resp 8 gånger/dygn",kod,1992-07-10T17:00:00Z,1992-07-10T19:00:00+02:00,710787600000,,63,63,Y,,corrected-archive-csv
162860,Luleå-Kallax Flygplats,13,Rådande väder,"momentanvärde, 1 gång/tim resp 8 gånger/dygn",kod,1992-07-10T18:00:00Z,1992-07-10T20:00:00+02:00,710791200000,,63,63,G,,corrected-archive-csv
162860,Luleå-Kallax Flygplats,13,Rådande väder,"momentanvärde, 1 gång/tim resp 8 gånger/dygn",kod,1992-07-10T19:00:00Z,1992-07-10T21:00:00+02:00,710794800000,,61,61,Y,,corrected-archive-csv
162860,Luleå-Kallax Flygplats,13,Rådande väder,"momentanvärde, 1 gång/tim resp 8 gånger/dygn",kod,1992-07-10T20:00:00Z,1992-07-10T22:00:00+02:00,710798400000,,63,63,Y,,corrected-archive-csv
162860,Luleå-Kallax Flygplats,13,Rådande väder,"momentanvärde, 1 gång/tim resp 8 gånger/dygn",kod,1992-07-10T21:00:00Z,1992-07-10T23:00:00+02:00,710802000000,,61,61,G,,corrected-archive-csv
162860,Luleå-Kallax Flygplats,13,Rådande väder,"momentanvärde, 1 gång/tim resp 8 gånger/dygn",kod,1992-07-10T22:00:00Z,1992-07-11T00:00:00+02:00,710805600000,,53,53,Y,,corrected-archive-csv
162860,Luleå-Kallax Flygplats,13,Rådande väder,"momentanvärde, 1 gång/tim resp 8 gånger/dygn",kod,1992-07-10T23:00:00Z,1992-07-11T01:00:00+02:00,710809200000,,53,53,Y,,corrected-archive-csv
162860,Luleå-Kallax Flygplats,13,Rådande väder,"momentanvärde, 1 gång/tim resp 8 gånger/dygn",kod,1992-07-11T00:00:00Z,1992-07-11T02:00:00+02:00,710812800000,,61,61,G,,corrected-archive-csv
162860,Luleå-Kallax Flygplats,13,Rådande väder,"momentanvärde, 1 gång/tim resp 8 gånger/dygn",kod,1992-07-11T01:00:00Z,1992-07-11T03:00:00+02:00,710816400000,,61,61,Y,,corrected-archive-csv
162860,Luleå-Kallax Flygplats,13,Rådande väder,"momentanvärde, 1 gång/tim resp 8 gånger/dygn",kod,1992-07-11T02:00:00Z,1992-07-11T04:00:00+02:00,710820000000,,21,21,Y,,corrected-archive-csv
162860,Luleå-Kallax Flygplats,13,Rådande väder,"momentanvärde, 1 gång/tim resp 8 gånger/dygn",kod,1992-07-11T03:00:00Z,1992-07-11T05:00:00+02:00,710823600000,,2,2,G,,corrected-archive-csv
162860,Luleå-Kallax Flygplats,13,Rådande väder,"momentanvärde, 1 gång/tim resp 8 gånger/dygn",kod,1992-07-11T04:00:00Z,1992-07-11T06:00:00+02:00,710827200000,,1,1,Y,,corrected-archive-csv
162860,Luleå-Kallax Flygplats,13,Rådande väder,"momentanvärde, 1 gång/tim resp 8 gånger/dygn",kod,1992-07-11T05:00:00Z,1992-07-11T07:00:00+02:00,710830800000,,3,3,Y,,corrected-archive-csv
162860,Luleå-Kallax Flygplats,13,Rådande väder,"momentanvärde, 1 gång/tim resp 8 gånger/dygn",kod,1992-07-11T06:00:00Z,1992-07-11T08:00:00+02:00,710834400000,,3,3,G,,corrected-archive-csv
162860,Luleå-Kallax Flygplats,13,Rådande väder,"momentanvärde, 1 gång/tim resp 8 gånger/dygn",kod,1992-07-11T09:00:00Z,1992-07-11T11:00:00+02:00,710845200000,,0,0,G,,corrected-archive-csv
162860,Luleå-Kallax Flygplats,13,Rådande väder,"momentanvärde, 1 gång/tim resp 8 gånger/dygn",kod,1992-07-11T12:00:00Z,1992-07-11T14:00:00+02:00,710856000000,,0,0,G,,corrected-archive-csv
162860,Luleå-Kallax Flygplats,13,Rådande väder,"momentanvärde, 1 gång/tim resp 8 gånger/dygn",kod,1992-07-11T15:00:00Z,1992-07-11T17:00:00+02:00,710866800000,,0,0,G,,corrected-archive-csv
162860,Luleå-Kallax Flygplats,13,Rådande väder,"momentanvärde, 1 gång/tim resp 8 gånger/dygn",kod,1992-07-11T18:00:00Z,1992-07-11T20:00:00+02:00,710877600000,,0,0,G,,corrected-archive-csv
162860,Luleå-Kallax Flygplats,13,Rådande väder,"momentanvärde, 1 gång/tim resp 8 gånger/dygn",kod,1992-07-11T21:00:00Z,1992-07-11T23:00:00+02:00,710888400000,,0,0,G,,corrected-archive-csv
162860,Luleå-Kallax Flygplats,13,Rådande väder,"momentanvärde, 1 gång/tim resp 8 gånger/dygn",kod,1992-07-12T00:00:00Z,1992-07-12T02:00:00+02:00,710899200000,,0,0,G,,corrected-archive-csv
162860,Luleå-Kallax Flygplats,13,Rådande väder,"momentanvärde, 1 gång/tim resp 8 gånger/dygn",kod,1992-07-12T03:00:00Z,1992-07-12T05:00:00+02:00,710910000000,,0,0,G,,corrected-archive-csv
162860,Luleå-Kallax Flygplats,13,Rådande väder,"momentanvärde, 1 gång/tim resp 8 gånger/dygn",kod,1992-07-12T06:00:00Z,1992-07-12T08:00:00+02:00,710920800000,,0,0,G,,corrected-archive-csv
162860,Luleå-Kallax Flygplats,13,Rådande väder,"momentanvärde, 1 gång/tim resp 8 gånger/dygn",kod,1992-07-12T09:00:00Z,1992-07-12T11:00:00+02:00,710931600000,,0,0,G,,corrected-archive-csv
162860,Luleå-Kallax Flygplats,13,Rådande väder,"momentanvärde, 1 gång/tim resp 8 gånger/dygn",kod,1992-07-12T12:00:00Z,1992-07-12T14:00:00+02:00,710942400000,,0,0,G,,corrected-archive-csv
162860,Luleå-Kallax Flygplats,13,Rådande väder,"momentanvärde, 1 gång/tim resp 8 gånger/dygn",kod,1992-07-12T15:00:00Z,1992-07-12T17:00:00+02:00,710953200000,,0,0,G,,corrected-archive-csv
162860,Luleå-Kallax Flygplats,13,Rådande väder,"momentanvärde, 1 gång/tim resp 8 gånger/dygn",kod,1992-07-12T18:00:00Z,1992-07-12T20:00:00+02:00,710964000000,,0,0,G,,corrected-archive-csv
162860,Luleå-Kallax Flygplats,13,Rådande väder,"momentanvärde, 1 gång/tim resp 8 gånger/dygn",kod,1992-07-12T21:00:00Z,1992-07-12T23:00:00+02:00,710974800000,,0,0,G,,corrected-archive-csv
162860,Luleå-Kallax Flygplats,13,Rådande väder,"momentanvärde, 1 gång/tim resp 8 gånger/dygn",kod,1992-07-12T23:00:00Z,1992-07-13T01:00:00+02:00,710982000000,,11,11,Y,,corrected-archive-csv
162860,Luleå-Kallax Flygplats,13,Rådande väder,"momentanvärde, 1 gång/tim resp 8 gånger/dygn",kod,1992-07-13T00:00:00Z,1992-07-13T02:00:00+02:00,710985600000,,2,2,G,,corrected-archive-csv
162860,Luleå-Kallax Flygplats,13,Rådande väder,"momentanvärde, 1 gång/tim resp 8 gånger/dygn",kod,1992-07-13T03:00:00Z,1992-07-13T05:00:00+02:00,710996400000,,0,0,G,,corrected-archive-csv
162860,Luleå-Kallax Flygplats,13,Rådande väder,"momentanvärde, 1 gång/tim resp 8 gånger/dygn",kod,1992-07-13T06:00:00Z,1992-07-13T08:00:00+02:00,711007200000,,63,63,G,,corrected-archive-csv
162860,Luleå-Kallax Flygplats,13,Rådande väder,"momentanvärde, 1 gång/tim resp 8 gånger/dygn",kod,1992-07-13T07:00:00Z,1992-07-13T09:00:00+02:00,711010800000,,21,21,Y,,corrected-archive-csv
162860,Luleå-Kallax Flygplats,13,Rådande väder,"momentanvärde, 1 gång/tim resp 8 gånger/dygn",kod,1992-07-13T08:00:00Z,1992-07-13T10:00:00+02:00,711014400000,,21,21,Y,,corrected-archive-csv
162860,Luleå-Kallax Flygplats,13,Rådande väder,"momentanvärde, 1 gång/tim resp 8 gånger/dygn",kod,1992-07-13T09:00:00Z,1992-07-13T11:00:00+02:00,711018000000,,2,2,G,,corrected-archive-csv
162860,Luleå-Kallax Flygplats,13,Rådande väder,"momentanvärde, 1 gång/tim resp 8 gånger/dygn",kod,1992-07-13T10:00:00Z,1992-07-13T12:00:00+02:00,711021600000,,2,2,Y,,corrected-archive-csv
162860,Luleå-Kallax Flygplats,13,Rådande väder,"momentanvärde, 1 gång/tim resp 8 gånger/dygn",kod,1992-07-13T11:00:00Z,1992-07-13T13:00:00+02:00,711025200000,,61,61,Y,,corrected-archive-csv
162860,Luleå-Kallax Flygplats,13,Rådande väder,"momentanvärde, 1 gång/tim resp 8 gånger/dygn",kod,1992-07-13T12:00:00Z,1992-07-13T14:00:00+02:00,711028800000,,63,63,G,,corrected-archive-csv
162860,Luleå-Kallax Flygplats,13,Rådande väder,"momentanvärde, 1 gång/tim resp 8 gånger/dygn",kod,1992-07-13T13:00:00Z,1992-07-13T15:00:00+02:00,711032400000,,21,21,Y,,corrected-archive-csv
162860,Luleå-Kallax Flygplats,13,Rådande väder,"momentanvärde, 1 gång/tim resp 8 gånger/dygn",kod,1992-07-13T14:00:00Z,1992-07-13T16:00:00+02:00,711036000000,,10,10,Y,,corrected-archive-csv
162860,Luleå-Kallax Flygplats,13,Rådande väder,"momentanvärde, 1 gång/tim resp 8 gånger/dygn",kod,1992-07-13T15:00:00Z,1992-07-13T17:00:00+02:00,711039600000,,61,61,G,,corrected-archive-csv
162860,Luleå-Kallax Flygplats,13,Rådande väder,"momentanvärde, 1 gång/tim resp 8 gånger/dygn",kod,1992-07-13T16:00:00Z,1992-07-13T18:00:00+02:00,711043200000,,51,51,Y,,corrected-archive-csv
162860,Luleå-Kallax Flygplats,13,Rådande väder,"momentanvärde, 1 gång/tim resp 8 gånger/dygn",kod,1992-07-13T17:00:00Z,1992-07-13T19:00:00+02:00,711046800000,,51,51,Y,,corrected-archive-csv
162860,Luleå-Kallax Flygplats,13,Rådande väder,"momentanvärde, 1 gång/tim resp 8 gånger/dygn",kod,1992-07-13T18:00:00Z,1992-07-13T20:00:00+02:00,711050400000,,20,20,G,,corrected-archive-csv
162860,Luleå-Kallax Flygplats,13,Rådande väder,"momentanvärde, 1 gång/tim resp 8 gånger/dygn",kod,1992-07-13T19:00:00Z,1992-07-13T21:00:00+02:00,711054000000,,10,10,Y,,corrected-archive-csv
162860,Luleå-Kallax Flygplats,13,Rådande väder,"momentanvärde, 1 gång/tim resp 8 gånger/dygn",kod,1992-07-13T20:00:00Z,1992-07-13T22:00:00+02:00,711057600000,,47,47,Y,,corrected-archive-csv
162860,Luleå-Kallax Flygplats,13,Rådande väder,"momentanvärde, 1 gång/tim resp 8 gånger/dygn",kod,1992-07-13T21:00:00Z,1992-07-13T23:00:00+02:00,711061200000,,45,45,G,,corrected-archive-csv
162860,Luleå-Kallax Flygplats,13,Rådande väder,"momentanvärde, 1 gång/tim resp 8 gånger/dygn",kod,1992-07-13T22:00:00Z,1992-07-14T00:00:00+02:00,711064800000,,43,43,Y,,corrected-archive-csv
162860,Luleå-Kallax Flygplats,13,Rådande väder,"momentanvärde, 1 gång/tim resp 8 gånger/dygn",kod,1992-07-13T23:00:00Z,1992-07-14T01:00:00+02:00,711068400000,,28,28,Y,,corrected-archive-csv
162860,Luleå-Kallax Flygplats,13,Rådande väder,"momentanvärde, 1 gång/tim resp 8 gånger/dygn",kod,1992-07-14T00:00:00Z,1992-07-14T02:00:00+02:00,711072000000,,10,10,G,,corrected-archive-csv
162860,Luleå-Kallax Flygplats,13,Rådande väder,"momentanvärde, 1 gång/tim resp 8 gånger/dygn",kod,1992-07-14T01:00:00Z,1992-07-14T03:00:00+02:00,711075600000,,47,47,Y,,corrected-archive-csv
162860,Luleå-Kallax Flygplats,13,Rådande väder,"momentanvärde, 1 gång/tim resp 8 gånger/dygn",kod,1992-07-14T02:00:00Z,1992-07-14T04:00:00+02:00,711079200000,,28,28,Y,,corrected-archive-csv
162860,Luleå-Kallax Flygplats,13,Rådande väder,"momentanvärde, 1 gång/tim resp 8 gånger/dygn",kod,1992-07-14T03:00:00Z,1992-07-14T05:00:00+02:00,711082800000,,10,10,G,,corrected-archive-csv
162860,Luleå-Kallax Flygplats,13,Rådande väder,"momentanvärde, 1 gång/tim resp 8 gånger/dygn",kod,1992-07-14T04:00:00Z,1992-07-14T06:00:00+02:00,711086400000,,10,10,Y,,corrected-archive-csv
162860,Luleå-Kallax Flygplats,13,Rådande väder,"momentanvärde, 1 gång/tim resp 8 gånger/dygn",kod,1992-07-14T05:00:00Z,1992-07-14T07:00:00+02:00,711090000000,,2,2,Y,,corrected-archive-csv
162860,Luleå-Kallax Flygplats,13,Rådande väder,"momentanvärde, 1 gång/tim resp 8 gånger/dygn",kod,1992-07-14T06:00:00Z,1992-07-14T08:00:00+02:00,711093600000,,2,2,G,,corrected-archive-csv
162860,Luleå-Kallax Flygplats,13,Rådande väder,"momentanvärde, 1 gång/tim resp 8 gånger/dygn",kod,1992-07-14T07:00:00Z,1992-07-14T09:00:00+02:00,711097200000,,10,10,Y,,corrected-archive-csv
162860,Luleå-Kallax Flygplats,13,Rådande väder,"momentanvärde, 1 gång/tim resp 8 gånger/dygn",kod,1992-07-14T08:00:00Z,1992-07-14T10:00:00+02:00,711100800000,,10,10,Y,,corrected-archive-csv
162860,Luleå-Kallax Flygplats,13,Rådande väder,"momentanvärde, 1 gång/tim resp 8 gånger/dygn",kod,1992-07-14T09:00:00Z,1992-07-14T11:00:00+02:00,711104400000,,47,47,G,,corrected-archive-csv
162860,Luleå-Kallax Flygplats,13,Rådande väder,"momentanvärde, 1 gång/tim resp 8 gånger/dygn",kod,1992-07-14T10:00:00Z,1992-07-14T12:00:00+02:00,711108000000,,10,10,Y,,corrected-archive-csv
162860,Luleå-Kallax Flygplats,13,Rådande väder,"momentanvärde, 1 gång/tim resp 8 gånger/dygn",kod,1992-07-14T11:00:00Z,1992-07-14T13:00:00+02:00,711111600000,,47,47,Y,,corrected-archive-csv
162860,Luleå-Kallax Flygplats,13,Rådande väder,"momentanvärde, 1 gång/tim resp 8 gånger/dygn",kod,1992-07-14T12:00:00Z,1992-07-14T14:00:00+02:00,711115200000,,1,1,G,,corrected-archive-csv
162860,Luleå-Kallax Flygplats,13,Rådande väder,"momentanvärde, 1 gång/tim resp 8 gånger/dygn",kod,1992-07-14T15:00:00Z,1992-07-14T17:00:00+02:00,711126000000,,0,0,G,,corrected-archive-csv
162860,Luleå-Kallax Flygplats,13,Rådande väder,"momentanvärde, 1 gång/tim resp 8 gånger/dygn",kod,1992-07-14T18:00:00Z,1992-07-14T20:00:00+02:00,711136800000,,0,0,G,,corrected-archive-csv
162860,Luleå-Kallax Flygplats,13,Rådande väder,"momentanvärde, 1 gång/tim resp 8 gånger/dygn",kod,1992-07-14T21:00:00Z,1992-07-14T23:00:00+02:00,711147600000,,10,10,G,,corrected-archive-csv
162860,Luleå-Kallax Flygplats,13,Rådande väder,"momentanvärde, 1 gång/tim resp 8 gånger/dygn",kod,1992-07-14T22:00:00Z,1992-07-15T00:00:00+02:00,711151200000,,61,61,Y,,corrected-archive-csv
162860,Luleå-Kallax Flygplats,13,Rådande väder,"momentanvärde, 1 gång/tim resp 8 gånger/dygn",kod,1992-07-14T23:00:00Z,1992-07-15T01:00:00+02:00,711154800000,,61,61,Y,,corrected-archive-csv
162860,Luleå-Kallax Flygplats,13,Rådande väder,"momentanvärde, 1 gång/tim resp 8 gånger/dygn",kod,1992-07-15T00:00:00Z,1992-07-15T02:00:00+02:00,711158400000,,63,63,G,,corrected-archive-csv
162860,Luleå-Kallax Flygplats,13,Rådande väder,"momentanvärde, 1 gång/tim resp 8 gånger/dygn",kod,1992-07-15T01:00:00Z,1992-07-15T03:00:00+02:00,711162000000,,65,65,Y,,corrected-archive-csv
162860,Luleå-Kallax Flygplats,13,Rådande väder,"momentanvärde, 1 gång/tim resp 8 gånger/dygn",kod,1992-07-15T02:00:00Z,1992-07-15T04:00:00+02:00,711165600000,,63,63,Y,,corrected-archive-csv
162860,Luleå-Kallax Flygplats,13,Rådande väder,"momentanvärde, 1 gång/tim resp 8 gånger/dygn",kod,1992-07-15T03:00:00Z,1992-07-15T05:00:00+02:00,711169200000,,65,65,G,,corrected-archive-csv
162860,Luleå-Kallax Flygplats,13,Rådande väder,"momentanvärde, 1 gång/tim resp 8 gånger/dygn",kod,1992-07-15T04:00:00Z,1992-07-15T06:00:00+02:00,711172800000,,53,53,Y,,corrected-archive-csv
162860,Luleå-Kallax Flygplats,13,Rådande väder,"momentanvärde, 1 gång/tim resp 8 gånger/dygn",kod,1992-07-15T05:00:00Z,1992-07-15T07:00:00+02:00,711176400000,,20,20,Y,,corrected-archive-csv
162860,Luleå-Kallax Flygplats,13,Rådande väder,"momentanvärde, 1 gång/tim resp 8 gånger/dygn",kod,1992-07-15T06:00:00Z,1992-07-15T08:00:00+02:00,711180000000,,20,20,G,,corrected-archive-csv
162860,Luleå-Kallax Flygplats,13,Rådande väder,"momentanvärde, 1 gång/tim resp 8 gånger/dygn",kod,1992-07-15T07:00:00Z,1992-07-15T09:00:00+02:00,711183600000,,10,10,Y,,corrected-archive-csv
162860,Luleå-Kallax Flygplats,13,Rådande väder,"momentanvärde, 1 gång/tim resp 8 gånger/dygn",kod,1992-07-15T08:00:00Z,1992-07-15T10:00:00+02:00,711187200000,,10,10,Y,,corrected-archive-csv
162860,Luleå-Kallax Flygplats,13,Rådande väder,"momentanvärde, 1 gång/tim resp 8 gånger/dygn",kod,1992-07-15T09:00:00Z,1992-07-15T11:00:00+02:00,711190800000,,10,10,G,,corrected-archive-csv
162860,Luleå-Kallax Flygplats,13,Rådande väder,"momentanvärde, 1 gång/tim resp 8 gånger/dygn",kod,1992-07-15T10:00:00Z,1992-07-15T12:00:00+02:00,711194400000,,10,10,Y,,corrected-archive-csv
162860,Luleå-Kallax Flygplats,13,Rådande väder,"momentanvärde, 1 gång/tim resp 8 gånger/dygn",kod,1992-07-15T11:00:00Z,1992-07-15T13:00:00+02:00,711198000000,,10,10,Y,,corrected-archive-csv
162860,Luleå-Kallax Flygplats,13,Rådande väder,"momentanvärde, 1 gång/tim resp 8 gånger/dygn",kod,1992-07-15T12:00:00Z,1992-07-15T14:00:00+02:00,711201600000,,2,2,G,,corrected-archive-csv
162860,Luleå-Kallax Flygplats,13,Rådande väder,"momentanvärde, 1 gång/tim resp 8 gånger/dygn",kod,1992-07-15T15:00:00Z,1992-07-15T17:00:00+02:00,711212400000,,0,0,G,,corrected-archive-csv
162860,Luleå-Kallax Flygplats,13,Rådande väder,"momentanvärde, 1 gång/tim resp 8 gånger/dygn",kod,1992-07-15T17:00:00Z,1992-07-15T19:00:00+02:00,711219600000,,25,25,Y,,corrected-archive-csv
162860,Luleå-Kallax Flygplats,13,Rådande väder,"momentanvärde, 1 gång/tim resp 8 gånger/dygn",kod,1992-07-15T18:00:00Z,1992-07-15T20:00:00+02:00,711223200000,,2,2,G,,corrected-archive-csv
162860,Luleå-Kallax Flygplats,13,Rådande väder,"momentanvärde, 1 gång/tim resp 8 gånger/dygn",kod,1992-07-15T21:00:00Z,1992-07-15T23:00:00+02:00,711234000000,,0,0,G,,corrected-archive-csv
162860,Luleå-Kallax Flygplats,13,Rådande väder,"momentanvärde, 1 gång/tim resp 8 gånger/dygn",kod,1992-07-16T00:00:00Z,1992-07-16T02:00:00+02:00,711244800000,,0,0,G,,corrected-archive-csv
162860,Luleå-Kallax Flygplats,13,Rådande väder,"momentanvärde, 1 gång/tim resp 8 gånger/dygn",kod,1992-07-16T01:00:00Z,1992-07-16T03:00:00+02:00,711248400000,,63,63,Y,,corrected-archive-csv
162860,Luleå-Kallax Flygplats,13,Rådande väder,"momentanvärde, 1 gång/tim resp 8 gånger/dygn",kod,1992-07-16T02:00:00Z,1992-07-16T04:00:00+02:00,711252000000,,63,63,Y,,corrected-archive-csv
162860,Luleå-Kallax Flygplats,13,Rådande väder,"momentanvärde, 1 gång/tim resp 8 gånger/dygn",kod,1992-07-16T03:00:00Z,1992-07-16T05:00:00+02:00,711255600000,,61,61,G,,corrected-archive-csv
162860,Luleå-Kallax Flygplats,13,Rådande väder,"momentanvärde, 1 gång/tim resp 8 gånger/dygn",kod,1992-07-16T04:00:00Z,1992-07-16T06:00:00+02:00,711259200000,,63,63,Y,,corrected-archive-csv
162860,Luleå-Kallax Flygplats,13,Rådande väder,"momentanvärde, 1 gång/tim resp 8 gånger/dygn",kod,1992-07-16T05:00:00Z,1992-07-16T07:00:00+02:00,711262800000,,61,61,Y,,corrected-archive-csv
162860,Luleå-Kallax Flygplats,13,Rådande väder,"momentanvärde, 1 gång/tim resp 8 gånger/dygn",kod,1992-07-16T06:00:00Z,1992-07-16T08:00:00+02:00,711266400000,,61,61,G,,corrected-archive-csv
162860,Luleå-Kallax Flygplats,13,Rådande väder,"momentanvärde, 1 gång/tim resp 8 gånger/dygn",kod,1992-07-16T07:00:00Z,1992-07-16T09:00:00+02:00,711270000000,,61,61,Y,,corrected-archive-csv
162860,Luleå-Kallax Flygplats,13,Rådande väder,"momentanvärde, 1 gång/tim resp 8 gånger/dygn",kod,1992-07-16T08:00:00Z,1992-07-16T10:00:00+02:00,711273600000,,61,61,Y,,corrected-archive-csv
162860,Luleå-Kallax Flygplats,13,Rådande väder,"momentanvärde, 1 gång/tim resp 8 gånger/dygn",kod,1992-07-16T09:00:00Z,1992-07-16T11:00:00+02:00,711277200000,,21,21,G,,corrected-archive-csv
162860,Luleå-Kallax Flygplats,13,Rådande väder,"momentanvärde, 1 gång/tim resp 8 gånger/dygn",kod,1992-07-16T10:00:00Z,1992-07-16T12:00:00+02:00,711280800000,,61,61,Y,,corrected-archive-csv
162860,Luleå-Kallax Flygplats,13,Rådande väder,"momentanvärde, 1 gång/tim resp 8 gånger/dygn",kod,1992-07-16T11:00:00Z,1992-07-16T13:00:00+02:00,711284400000,,21,21,Y,,corrected-archive-csv
162860,Luleå-Kallax Flygplats,13,Rådande väder,"momentanvärde, 1 gång/tim resp 8 gånger/dygn",kod,1992-07-16T12:00:00Z,1992-07-16T14:00:00+02:00,711288000000,,81,81,G,,corrected-archive-csv
162860,Luleå-Kallax Flygplats,13,Rådande väder,"momentanvärde, 1 gång/tim resp 8 gånger/dygn",kod,1992-07-16T13:00:00Z,1992-07-16T15:00:00+02:00,711291600000,,80,80,Y,,corrected-archive-csv
162860,Luleå-Kallax Flygplats,13,Rådande väder,"momentanvärde, 1 gång/tim resp 8 gånger/dygn",kod,1992-07-16T14:00:00Z,1992-07-16T16:00:00+02:00,711295200000,,21,21,Y,,corrected-archive-csv
162860,Luleå-Kallax Flygplats,13,Rådande väder,"momentanvärde, 1 gång/tim resp 8 gånger/dygn",kod,1992-07-16T15:00:00Z,1992-07-16T17:00:00+02:00,711298800000,,15,15,G,,corrected-archive-csv
162860,Luleå-Kallax Flygplats,13,Rådande väder,"momentanvärde, 1 gång/tim resp 8 gånger/dygn",kod,1992-07-16T16:00:00Z,1992-07-16T18:00:00+02:00,711302400000,,15,15,Y,,corrected-archive-csv
162860,Luleå-Kallax Flygplats,13,Rådande väder,"momentanvärde, 1 gång/tim resp 8 gånger/dygn",kod,1992-07-16T17:00:00Z,1992-07-16T19:00:00+02:00,711306000000,,61,61,Y,,corrected-archive-csv
162860,Luleå-Kallax Flygplats,13,Rådande väder,"momentanvärde, 1 gång/tim resp 8 gånger/dygn",kod,1992-07-16T18:00:00Z,1992-07-16T20:00:00+02:00,711309600000,,61,61,G,,corrected-archive-csv
162860,Luleå-Kallax Flygplats,13,Rådande väder,"momentanvärde, 1 gång/tim resp 8 gånger/dygn",kod,1992-07-16T19:00:00Z,1992-07-16T21:00:00+02:00,711313200000,,15,15,Y,,corrected-archive-csv
162860,Luleå-Kallax Flygplats,13,Rådande väder,"momentanvärde, 1 gång/tim resp 8 gånger/dygn",kod,1992-07-16T21:00:00Z,1992-07-16T23:00:00+02:00,711320400000,,0,0,G,,corrected-archive-csv
162860,Luleå-Kallax Flygplats,13,Rådande väder,"momentanvärde, 1 gång/tim resp 8 gånger/dygn",kod,1992-07-17T00:00:00Z,1992-07-17T02:00:00+02:00,711331200000,,21,21,G,,corrected-archive-csv
162860,Luleå-Kallax Flygplats,13,Rådande väder,"momentanvärde, 1 gång/tim resp 8 gånger/dygn",kod,1992-07-17T03:00:00Z,1992-07-17T05:00:00+02:00,711342000000,,0,0,G,,corrected-archive-csv
162860,Luleå-Kallax Flygplats,13,Rådande väder,"momentanvärde, 1 gång/tim resp 8 gånger/dygn",kod,1992-07-17T06:00:00Z,1992-07-17T08:00:00+02:00,711352800000,,0,0,G,,corrected-archive-csv
162860,Luleå-Kallax Flygplats,13,Rådande väder,"momentanvärde, 1 gång/tim resp 8 gånger/dygn",kod,1992-07-17T09:00:00Z,1992-07-17T11:00:00+02:00,711363600000,,0,0,G,,corrected-archive-csv
162860,Luleå-Kallax Flygplats,13,Rådande väder,"momentanvärde, 1 gång/tim resp 8 gånger/dygn",kod,1992-07-17T12:00:00Z,1992-07-17T14:00:00+02:00,711374400000,,0,0,G,,corrected-archive-csv
162860,Luleå-Kallax Flygplats,13,Rådande väder,"momentanvärde, 1 gång/tim resp 8 gånger/dygn",kod,1992-07-17T15:00:00Z,1992-07-17T17:00:00+02:00,711385200000,,0,0,G,,corrected-archive-csv
162860,Luleå-Kallax Flygplats,13,Rådande väder,"momentanvärde, 1 gång/tim resp 8 gånger/dygn",kod,1992-07-17T18:00:00Z,1992-07-17T20:00:00+02:00,711396000000,,0,0,G,,corrected-archive-csv
162860,Luleå-Kallax Flygplats,13,Rådande väder,"momentanvärde, 1 gång/tim resp 8 gånger/dygn",kod,1992-07-17T21:00:00Z,1992-07-17T23:00:00+02:00,711406800000,,0,0,G,,corrected-archive-csv
162860,Luleå-Kallax Flygplats,13,Rådande väder,"momentanvärde, 1 gång/tim resp 8 gånger/dygn",kod,1992-07-18T00:00:00Z,1992-07-18T02:00:00+02:00,711417600000,,0,0,G,,corrected-archive-csv
162860,Luleå-Kallax Flygplats,13,Rådande väder,"momentanvärde, 1 gång/tim resp 8 gånger/dygn",kod,1992-07-18T03:00:00Z,1992-07-18T05:00:00+02:00,711428400000,,0,0,G,,corrected-archive-csv
162860,Luleå-Kallax Flygplats,13,Rådande väder,"momentanvärde, 1 gång/tim resp 8 gånger/dygn",kod,1992-07-18T06:00:00Z,1992-07-18T08:00:00+02:00,711439200000,,0,0,G,,corrected-archive-csv
162860,Luleå-Kallax Flygplats,13,Rådande väder,"momentanvärde, 1 gång/tim resp 8 gånger/dygn",kod,1992-07-18T09:00:00Z,1992-07-18T11:00:00+02:00,711450000000,,0,0,G,,corrected-archive-csv
162860,Luleå-Kallax Flygplats,13,Rådande väder,"momentanvärde, 1 gång/tim resp 8 gånger/dygn",kod,1992-07-18T12:00:00Z,1992-07-18T14:00:00+02:00,711460800000,,0,0,G,,corrected-archive-csv
162860,Luleå-Kallax Flygplats,13,Rådande väder,"momentanvärde, 1 gång/tim resp 8 gånger/dygn",kod,1992-07-18T15:00:00Z,1992-07-18T17:00:00+02:00,711471600000,,0,0,G,,corrected-archive-csv
162860,Luleå-Kallax Flygplats,13,Rådande väder,"momentanvärde, 1 gång/tim resp 8 gånger/dygn",kod,1992-07-18T18:00:00Z,1992-07-18T20:00:00+02:00,711482400000,,0,0,G,,corrected-archive-csv
162860,Luleå-Kallax Flygplats,13,Rådande väder,"momentanvärde, 1 gång/tim resp 8 gånger/dygn",kod,1992-07-18T21:00:00Z,1992-07-18T23:00:00+02:00,711493200000,,0,0,G,,corrected-archive-csv
162860,Luleå-Kallax Flygplats,13,Rådande väder,"momentanvärde, 1 gång/tim resp 8 gånger/dygn",kod,1992-07-19T00:00:00Z,1992-07-19T02:00:00+02:00,711504000000,,0,0,G,,corrected-archive-csv
162860,Luleå-Kallax Flygplats,13,Rådande väder,"momentanvärde, 1 gång/tim resp 8 gånger/dygn",kod,1992-07-19T03:00:00Z,1992-07-19T05:00:00+02:00,711514800000,,0,0,G,,corrected-archive-csv
162860,Luleå-Kallax Flygplats,13,Rådande väder,"momentanvärde, 1 gång/tim resp 8 gånger/dygn",kod,1992-07-19T05:00:00Z,1992-07-19T07:00:00+02:00,711522000000,,60,60,Y,,corrected-archive-csv
162860,Luleå-Kallax Flygplats,13,Rådande väder,"momentanvärde, 1 gång/tim resp 8 gånger/dygn",kod,1992-07-19T06:00:00Z,1992-07-19T08:00:00+02:00,711525600000,,60,60,G,,corrected-archive-csv
162860,Luleå-Kallax Flygplats,13,Rådande väder,"momentanvärde, 1 gång/tim resp 8 gånger/dygn",kod,1992-07-19T07:00:00Z,1992-07-19T09:00:00+02:00,711529200000,,61,61,Y,,corrected-archive-csv
162860,Luleå-Kallax Flygplats,13,Rådande väder,"momentanvärde, 1 gång/tim resp 8 gånger/dygn",kod,1992-07-19T08:00:00Z,1992-07-19T10:00:00+02:00,711532800000,,61,61,Y,,corrected-archive-csv
162860,Luleå-Kallax Flygplats,13,Rådande väder,"momentanvärde, 1 gång/tim resp 8 gånger/dygn",kod,1992-07-19T09:00:00Z,1992-07-19T11:00:00+02:00,711536400000,,61,61,G,,corrected-archive-csv
162860,Luleå-Kallax Flygplats,13,Rådande väder,"momentanvärde, 1 gång/tim resp 8 gånger/dygn",kod,1992-07-19T10:00:00Z,1992-07-19T12:00:00+02:00,711540000000,,61,61,Y,,corrected-archive-csv
162860,Luleå-Kallax Flygplats,13,Rådande väder,"momentanvärde, 1 gång/tim resp 8 gånger/dygn",kod,1992-07-19T11:00:00Z,1992-07-19T13:00:00+02:00,711543600000,,61,61,Y,,corrected-archive-csv
162860,Luleå-Kallax Flygplats,13,Rådande väder,"momentanvärde, 1 gång/tim resp 8 gånger/dygn",kod,1992-07-19T12:00:00Z,1992-07-19T14:00:00+02:00,711547200000,,61,61,G,,corrected-archive-csv
162860,Luleå-Kallax Flygplats,13,Rådande väder,"momentanvärde, 1 gång/tim resp 8 gånger/dygn",kod,1992-07-19T13:00:00Z,1992-07-19T15:00:00+02:00,711550800000,,61,61,Y,,corrected-archive-csv
162860,Luleå-Kallax Flygplats,13,Rådande väder,"momentanvärde, 1 gång/tim resp 8 gånger/dygn",kod,1992-07-19T14:00:00Z,1992-07-19T16:00:00+02:00,711554400000,,61,61,Y,,corrected-archive-csv
162860,Luleå-Kallax Flygplats,13,Rådande väder,"momentanvärde, 1 gång/tim resp 8 gånger/dygn",kod,1992-07-19T15:00:00Z,1992-07-19T17:00:00+02:00,711558000000,,50,50,G,,corrected-archive-csv
162860,Luleå-Kallax Flygplats,13,Rådande väder,"momentanvärde, 1 gång/tim resp 8 gånger/dygn",kod,1992-07-19T16:00:00Z,1992-07-19T18:00:00+02:00,711561600000,,50,50,Y,,corrected-archive-csv
162860,Luleå-Kallax Flygplats,13,Rådande väder,"momentanvärde, 1 gång/tim resp 8 gånger/dygn",kod,1992-07-19T17:00:00Z,1992-07-19T19:00:00+02:00,711565200000,,20,20,Y,,corrected-archive-csv
162860,Luleå-Kallax Flygplats,13,Rådande väder,"momentanvärde, 1 gång/tim resp 8 gånger/dygn",kod,1992-07-19T18:00:00Z,1992-07-19T20:00:00+02:00,711568800000,,2,2,G,,corrected-archive-csv
162860,Luleå-Kallax Flygplats,13,Rådande väder,"momentanvärde, 1 gång/tim resp 8 gånger/dygn",kod,1992-07-19T20:00:00Z,1992-07-19T22:00:00+02:00,711576000000,,15,15,Y,,corrected-archive-csv
162860,Luleå-Kallax Flygplats,13,Rådande väder,"momentanvärde, 1 gång/tim resp 8 gånger/dygn",kod,1992-07-19T21:00:00Z,1992-07-19T23:00:00+02:00,711579600000,,15,15,G,,corrected-archive-csv
162860,Luleå-Kallax Flygplats,13,Rådande väder,"momentanvärde, 1 gång/tim resp 8 gånger/dygn",kod,1992-07-19T22:00:00Z,1992-07-20T00:00:00+02:00,711583200000,,15,15,Y,,corrected-archive-csv
162860,Luleå-Kallax Flygplats,13,Rådande väder,"momentanvärde, 1 gång/tim resp 8 gånger/dygn",kod,1992-07-19T23:00:00Z,1992-07-20T01:00:00+02:00,711586800000,,1,1,Y,,corrected-archive-csv
162860,Luleå-Kallax Flygplats,13,Rådande väder,"momentanvärde, 1 gång/tim resp 8 gånger/dygn",kod,1992-07-20T00:00:00Z,1992-07-20T02:00:00+02:00,711590400000,,0,0,G,,corrected-archive-csv
162860,Luleå-Kallax Flygplats,13,Rådande väder,"momentanvärde, 1 gång/tim resp 8 gånger/dygn",kod,1992-07-20T03:00:00Z,1992-07-20T05:00:00+02:00,711601200000,,0,0,G,,corrected-archive-csv
162860,Luleå-Kallax Flygplats,13,Rådande väder,"momentanvärde, 1 gång/tim resp 8 gånger/dygn",kod,1992-07-20T06:00:00Z,1992-07-20T08:00:00+02:00,711612000000,,0,0,G,,corrected-archive-csv
162860,Luleå-Kallax Flygplats,13,Rådande väder,"momentanvärde, 1 gång/tim resp 8 gånger/dygn",kod,1992-07-20T09:00:00Z,1992-07-20T11:00:00+02:00,711622800000,,0,0,G,,corrected-archive-csv
162860,Luleå-Kallax Flygplats,13,Rådande väder,"momentanvärde, 1 gång/tim resp 8 gånger/dygn",kod,1992-07-20T12:00:00Z,1992-07-20T14:00:00+02:00,711633600000,,0,0,G,,corrected-archive-csv
162860,Luleå-Kallax Flygplats,13,Rådande väder,"momentanvärde, 1 gång/tim resp 8 gånger/dygn",kod,1992-07-20T15:00:00Z,1992-07-20T17:00:00+02:00,711644400000,,0,0,G,,corrected-archive-csv
162860,Luleå-Kallax Flygplats,13,Rådande väder,"momentanvärde, 1 gång/tim resp 8 gånger/dygn",kod,1992-07-20T18:00:00Z,1992-07-20T20:00:00+02:00,711655200000,,0,0,G,,corrected-archive-csv
162860,Luleå-Kallax Flygplats,13,Rådande väder,"momentanvärde, 1 gång/tim resp 8 gånger/dygn",kod,1992-07-20T21:00:00Z,1992-07-20T23:00:00+02:00,711666000000,,0,0,G,,corrected-archive-csv
162860,Luleå-Kallax Flygplats,13,Rådande väder,"momentanvärde, 1 gång/tim resp 8 gånger/dygn",kod,1992-07-21T00:00:00Z,1992-07-21T02:00:00+02:00,711676800000,,0,0,G,,corrected-archive-csv
162860,Luleå-Kallax Flygplats,13,Rådande väder,"momentanvärde, 1 gång/tim resp 8 gånger/dygn",kod,1992-07-21T01:00:00Z,1992-07-21T03:00:00+02:00,711680400000,,61,61,Y,,corrected-archive-csv
162860,Luleå-Kallax Flygplats,13,Rådande väder,"momentanvärde, 1 gång/tim resp 8 gånger/dygn",kod,1992-07-21T02:00:00Z,1992-07-21T04:00:00+02:00,711684000000,,21,21,Y,,corrected-archive-csv
162860,Luleå-Kallax Flygplats,13,Rådande väder,"momentanvärde, 1 gång/tim resp 8 gånger/dygn",kod,1992-07-21T03:00:00Z,1992-07-21T05:00:00+02:00,711687600000,,1,1,G,,corrected-archive-csv
162860,Luleå-Kallax Flygplats,13,Rådande väder,"momentanvärde, 1 gång/tim resp 8 gånger/dygn",kod,1992-07-21T04:00:00Z,1992-07-21T06:00:00+02:00,711691200000,,2,2,Y,,corrected-archive-csv
162860,Luleå-Kallax Flygplats,13,Rådande väder,"momentanvärde, 1 gång/tim resp 8 gånger/dygn",kod,1992-07-21T05:00:00Z,1992-07-21T07:00:00+02:00,711694800000,,2,2,Y,,corrected-archive-csv
162860,Luleå-Kallax Flygplats,13,Rådande väder,"momentanvärde, 1 gång/tim resp 8 gånger/dygn",kod,1992-07-21T06:00:00Z,1992-07-21T08:00:00+02:00,711698400000,,1,1,G,,corrected-archive-csv
162860,Luleå-Kallax Flygplats,13,Rådande väder,"momentanvärde, 1 gång/tim resp 8 gånger/dygn",kod,1992-07-21T09:00:00Z,1992-07-21T11:00:00+02:00,711709200000,,0,0,G,,corrected-archive-csv
162860,Luleå-Kallax Flygplats,13,Rådande väder,"momentanvärde, 1 gång/tim resp 8 gånger/dygn",kod,1992-07-21T11:00:00Z,1992-07-21T13:00:00+02:00,711716400000,,15,15,Y,,corrected-archive-csv
162860,Luleå-Kallax Flygplats,13,Rådande väder,"momentanvärde, 1 gång/tim resp 8 gånger/dygn",kod,1992-07-21T12:00:00Z,1992-07-21T14:00:00+02:00,711720000000,,15,15,G,,corrected-archive-csv
162860,Luleå-Kallax Flygplats,13,Rådande väder,"momentanvärde, 1 gång/tim resp 8 gånger/dygn",kod,1992-07-21T15:00:00Z,1992-07-21T17:00:00+02:00,711730800000,,0,0,G,,corrected-archive-csv
162860,Luleå-Kallax Flygplats,13,Rådande väder,"momentanvärde, 1 gång/tim resp 8 gånger/dygn",kod,1992-07-21T18:00:00Z,1992-07-21T20:00:00+02:00,711741600000,,0,0,G,,corrected-archive-csv
162860,Luleå-Kallax Flygplats,13,Rådande väder,"momentanvärde, 1 gång/tim resp 8 gånger/dygn",kod,1992-07-21T21:00:00Z,1992-07-21T23:00:00+02:00,711752400000,,0,0,G,,corrected-archive-csv
162860,Luleå-Kallax Flygplats,13,Rådande väder,"momentanvärde, 1 gång/tim resp 8 gånger/dygn",kod,1992-07-22T00:00:00Z,1992-07-22T02:00:00+02:00,711763200000,,0,0,G,,corrected-archive-csv
162860,Luleå-Kallax Flygplats,13,Rådande väder,"momentanvärde, 1 gång/tim resp 8 gånger/dygn",kod,1992-07-22T03:00:00Z,1992-07-22T05:00:00+02:00,711774000000,,61,61,G,,corrected-archive-csv
162860,Luleå-Kallax Flygplats,13,Rådande väder,"momentanvärde, 1 gång/tim resp 8 gånger/dygn",kod,1992-07-22T04:00:00Z,1992-07-22T06:00:00+02:00,711777600000,,63,63,Y,,corrected-archive-csv
162860,Luleå-Kallax Flygplats,13,Rådande väder,"momentanvärde, 1 gång/tim resp 8 gånger/dygn",kod,1992-07-22T05:00:00Z,1992-07-22T07:00:00+02:00,711781200000,,63,63,Y,,corrected-archive-csv
162860,Luleå-Kallax Flygplats,13,Rådande väder,"momentanvärde, 1 gång/tim resp 8 gånger/dygn",kod,1992-07-22T06:00:00Z,1992-07-22T08:00:00+02:00,711784800000,,61,61,G,,corrected-archive-csv
162860,Luleå-Kallax Flygplats,13,Rådande väder,"momentanvärde, 1 gång/tim resp 8 gånger/dygn",kod,1992-07-22T07:00:00Z,1992-07-22T09:00:00+02:00,711788400000,,21,21,Y,,corrected-archive-csv
162860,Luleå-Kallax Flygplats,13,Rådande väder,"momentanvärde, 1 gång/tim resp 8 gånger/dygn",kod,1992-07-22T08:00:00Z,1992-07-22T10:00:00+02:00,711792000000,,2,2,Y,,corrected-archive-csv
162860,Luleå-Kallax Flygplats,13,Rådande väder,"momentanvärde, 1 gång/tim resp 8 gånger/dygn",kod,1992-07-22T09:00:00Z,1992-07-22T11:00:00+02:00,711795600000,,2,2,G,,corrected-archive-csv
162860,Luleå-Kallax Flygplats,13,Rådande väder,"momentanvärde, 1 gång/tim resp 8 gånger/dygn",kod,1992-07-22T10:00:00Z,1992-07-22T12:00:00+02:00,711799200000,,62,62,Y,,corrected-archive-csv
162860,Luleå-Kallax Flygplats,13,Rådande väder,"momentanvärde, 1 gång/tim resp 8 gånger/dygn",kod,1992-07-22T11:00:00Z,1992-07-22T13:00:00+02:00,711802800000,,62,62,Y,,corrected-archive-csv
162860,Luleå-Kallax Flygplats,13,Rådande väder,"momentanvärde, 1 gång/tim resp 8 gånger/dygn",kod,1992-07-22T12:00:00Z,1992-07-22T14:00:00+02:00,711806400000,,81,81,G,,corrected-archive-csv
162860,Luleå-Kallax Flygplats,13,Rådande väder,"momentanvärde, 1 gång/tim resp 8 gånger/dygn",kod,1992-07-22T13:00:00Z,1992-07-22T15:00:00+02:00,711810000000,,81,81,Y,,corrected-archive-csv
162860,Luleå-Kallax Flygplats,13,Rådande väder,"momentanvärde, 1 gång/tim resp 8 gånger/dygn",kod,1992-07-22T14:00:00Z,1992-07-22T16:00:00+02:00,711813600000,,80,80,Y,,corrected-archive-csv
162860,Luleå-Kallax Flygplats,13,Rådande väder,"momentanvärde, 1 gång/tim resp 8 gånger/dygn",kod,1992-07-22T15:00:00Z,1992-07-22T17:00:00+02:00,711817200000,,10,10,G,,corrected-archive-csv
162860,Luleå-Kallax Flygplats,13,Rådande väder,"momentanvärde, 1 gång/tim resp 8 gånger/dygn",kod,1992-07-22T16:00:00Z,1992-07-22T18:00:00+02:00,711820800000,,10,10,Y,,corrected-archive-csv
162860,Luleå-Kallax Flygplats,13,Rådande väder,"momentanvärde, 1 gång/tim resp 8 gånger/dygn",kod,1992-07-22T17:00:00Z,1992-07-22T19:00:00+02:00,711824400000,,10,10,Y,,corrected-archive-csv
162860,Luleå-Kallax Flygplats,13,Rådande väder,"momentanvärde, 1 gång/tim resp 8 gånger/dygn",kod,1992-07-22T18:00:00Z,1992-07-22T20:00:00+02:00,711828000000,,10,10,G,,corrected-archive-csv
162860,Luleå-Kallax Flygplats,13,Rådande väder,"momentanvärde, 1 gång/tim resp 8 gånger/dygn",kod,1992-07-22T19:00:00Z,1992-07-22T21:00:00+02:00,711831600000,,10,10,Y,,corrected-archive-csv
162860,Luleå-Kallax Flygplats,13,Rådande väder,"momentanvärde, 1 gång/tim resp 8 gånger/dygn",kod,1992-07-22T20:00:00Z,1992-07-22T22:00:00+02:00,711835200000,,10,10,Y,,corrected-archive-csv
162860,Luleå-Kallax Flygplats,13,Rådande väder,"momentanvärde, 1 gång/tim resp 8 gånger/dygn",kod,1992-07-22T21:00:00Z,1992-07-22T23:00:00+02:00,711838800000,,10,10,G,,corrected-archive-csv
162860,Luleå-Kallax Flygplats,13,Rådande väder,"momentanvärde, 1 gång/tim resp 8 gånger/dygn",kod,1992-07-23T00:00:00Z,1992-07-23T02:00:00+02:00,711849600000,,0,0,G,,corrected-archive-csv
162860,Luleå-Kallax Flygplats,13,Rådande väder,"momentanvärde, 1 gång/tim resp 8 gånger/dygn",kod,1992-07-23T03:00:00Z,1992-07-23T05:00:00+02:00,711860400000,,0,0,G,,corrected-archive-csv
162860,Luleå-Kallax Flygplats,13,Rådande väder,"momentanvärde, 1 gång/tim resp 8 gånger/dygn",kod,1992-07-23T06:00:00Z,1992-07-23T08:00:00+02:00,711871200000,,0,0,G,,corrected-archive-csv
162860,Luleå-Kallax Flygplats,13,Rådande väder,"momentanvärde, 1 gång/tim resp 8 gånger/dygn",kod,1992-07-23T09:00:00Z,1992-07-23T11:00:00+02:00,711882000000,,0,0,G,,corrected-archive-csv
162860,Luleå-Kallax Flygplats,13,Rådande väder,"momentanvärde, 1 gång/tim resp 8 gånger/dygn",kod,1992-07-23T12:00:00Z,1992-07-23T14:00:00+02:00,711892800000,,0,0,G,,corrected-archive-csv
162860,Luleå-Kallax Flygplats,13,Rådande väder,"momentanvärde, 1 gång/tim resp 8 gånger/dygn",kod,1992-07-23T13:00:00Z,1992-07-23T15:00:00+02:00,711896400000,,15,15,Y,,corrected-archive-csv
162860,Luleå-Kallax Flygplats,13,Rådande väder,"momentanvärde, 1 gång/tim resp 8 gånger/dygn",kod,1992-07-23T14:00:00Z,1992-07-23T16:00:00+02:00,711900000000,,15,15,Y,,corrected-archive-csv
162860,Luleå-Kallax Flygplats,13,Rådande väder,"momentanvärde, 1 gång/tim resp 8 gånger/dygn",kod,1992-07-23T15:00:00Z,1992-07-23T17:00:00+02:00,711903600000,,14,14,G,,corrected-archive-csv
162860,Luleå-Kallax Flygplats,13,Rådande väder,"momentanvärde, 1 gång/tim resp 8 gånger/dygn",kod,1992-07-23T18:00:00Z,1992-07-23T20:00:00+02:00,711914400000,,0,0,G,,corrected-archive-csv
162860,Luleå-Kallax Flygplats,13,Rådande väder,"momentanvärde, 1 gång/tim resp 8 gånger/dygn",kod,1992-07-23T21:00:00Z,1992-07-23T23:00:00+02:00,711925200000,,0,0,G,,corrected-archive-csv
162860,Luleå-Kallax Flygplats,13,Rådande väder,"momentanvärde, 1 gång/tim resp 8 gånger/dygn",kod,1992-07-24T00:00:00Z,1992-07-24T02:00:00+02:00,711936000000,,0,0,G,,corrected-archive-csv
162860,Luleå-Kallax Flygplats,13,Rådande väder,"momentanvärde, 1 gång/tim resp 8 gånger/dygn",kod,1992-07-24T03:00:00Z,1992-07-24T05:00:00+02:00,711946800000,,0,0,G,,corrected-archive-csv
162860,Luleå-Kallax Flygplats,13,Rådande väder,"momentanvärde, 1 gång/tim resp 8 gånger/dygn",kod,1992-07-24T06:00:00Z,1992-07-24T08:00:00+02:00,711957600000,,0,0,G,,corrected-archive-csv
162860,Luleå-Kallax Flygplats,13,Rådande väder,"momentanvärde, 1 gång/tim resp 8 gånger/dygn",kod,1992-07-24T09:00:00Z,1992-07-24T11:00:00+02:00,711968400000,,0,0,G,,corrected-archive-csv
162860,Luleå-Kallax Flygplats,13,Rådande väder,"momentanvärde, 1 gång/tim resp 8 gånger/dygn",kod,1992-07-24T12:00:00Z,1992-07-24T14:00:00+02:00,711979200000,,0,0,G,,corrected-archive-csv
162860,Luleå-Kallax Flygplats,13,Rådande väder,"momentanvärde, 1 gång/tim resp 8 gånger/dygn",kod,1992-07-24T15:00:00Z,1992-07-24T17:00:00+02:00,711990000000,,0,0,G,,corrected-archive-csv
162860,Luleå-Kallax Flygplats,13,Rådande väder,"momentanvärde, 1 gång/tim resp 8 gånger/dygn",kod,1992-07-24T18:00:00Z,1992-07-24T20:00:00+02:00,712000800000,,0,0,G,,corrected-archive-csv
162860,Luleå-Kallax Flygplats,13,Rådande väder,"momentanvärde, 1 gång/tim resp 8 gånger/dygn",kod,1992-07-24T21:00:00Z,1992-07-24T23:00:00+02:00,712011600000,,0,0,G,,corrected-archive-csv
162860,Luleå-Kallax Flygplats,13,Rådande väder,"momentanvärde, 1 gång/tim resp 8 gånger/dygn",kod,1992-07-25T00:00:00Z,1992-07-25T02:00:00+02:00,712022400000,,60,60,G,,corrected-archive-csv
162860,Luleå-Kallax Flygplats,13,Rådande väder,"momentanvärde, 1 gång/tim resp 8 gånger/dygn",kod,1992-07-25T02:00:00Z,1992-07-25T04:00:00+02:00,712029600000,,60,60,Y,,corrected-archive-csv
162860,Luleå-Kallax Flygplats,13,Rådande väder,"momentanvärde, 1 gång/tim resp 8 gånger/dygn",kod,1992-07-25T03:00:00Z,1992-07-25T05:00:00+02:00,712033200000,,61,61,G,,corrected-archive-csv
162860,Luleå-Kallax Flygplats,13,Rådande väder,"momentanvärde, 1 gång/tim resp 8 gånger/dygn",kod,1992-07-25T04:00:00Z,1992-07-25T06:00:00+02:00,712036800000,,61,61,Y,,corrected-archive-csv
162860,Luleå-Kallax Flygplats,13,Rådande väder,"momentanvärde, 1 gång/tim resp 8 gånger/dygn",kod,1992-07-25T05:00:00Z,1992-07-25T07:00:00+02:00,712040400000,,61,61,Y,,corrected-archive-csv
162860,Luleå-Kallax Flygplats,13,Rådande väder,"momentanvärde, 1 gång/tim resp 8 gånger/dygn",kod,1992-07-25T06:00:00Z,1992-07-25T08:00:00+02:00,712044000000,,63,63,G,,corrected-archive-csv
162860,Luleå-Kallax Flygplats,13,Rådande väder,"momentanvärde, 1 gång/tim resp 8 gånger/dygn",kod,1992-07-25T07:00:00Z,1992-07-25T09:00:00+02:00,712047600000,,61,61,Y,,corrected-archive-csv
162860,Luleå-Kallax Flygplats,13,Rådande väder,"momentanvärde, 1 gång/tim resp 8 gånger/dygn",kod,1992-07-25T08:00:00Z,1992-07-25T10:00:00+02:00,712051200000,,21,21,Y,,corrected-archive-csv
162860,Luleå-Kallax Flygplats,13,Rådande väder,"momentanvärde, 1 gång/tim resp 8 gånger/dygn",kod,1992-07-25T09:00:00Z,1992-07-25T11:00:00+02:00,712054800000,,2,2,G,,corrected-archive-csv
162860,Luleå-Kallax Flygplats,13,Rådande väder,"momentanvärde, 1 gång/tim resp 8 gånger/dygn",kod,1992-07-25T10:00:00Z,1992-07-25T12:00:00+02:00,712058400000,,2,2,Y,,corrected-archive-csv
162860,Luleå-Kallax Flygplats,13,Rådande väder,"momentanvärde, 1 gång/tim resp 8 gånger/dygn",kod,1992-07-25T11:00:00Z,1992-07-25T13:00:00+02:00,712062000000,,2,2,Y,,corrected-archive-csv
162860,Luleå-Kallax Flygplats,13,Rådande väder,"momentanvärde, 1 gång/tim resp 8 gånger/dygn",kod,1992-07-25T12:00:00Z,1992-07-25T14:00:00+02:00,712065600000,,1,1,G,,corrected-archive-csv
162860,Luleå-Kallax Flygplats,13,Rådande väder,"momentanvärde, 1 gång/tim resp 8 gånger/dygn",kod,1992-07-25T15:00:00Z,1992-07-25T17:00:00+02:00,712076400000,,0,0,G,,corrected-archive-csv
162860,Luleå-Kallax Flygplats,13,Rådande väder,"momentanvärde, 1 gång/tim resp 8 gånger/dygn",kod,1992-07-25T18:00:00Z,1992-07-25T20:00:00+02:00,712087200000,,15,15,G,,corrected-archive-csv
162860,Luleå-Kallax Flygplats,13,Rådande väder,"momentanvärde, 1 gång/tim resp 8 gånger/dygn",kod,1992-07-25T19:00:00Z,1992-07-25T21:00:00+02:00,712090800000,,15,15,Y,,corrected-archive-csv
162860,Luleå-Kallax Flygplats,13,Rådande väder,"momentanvärde, 1 gång/tim resp 8 gånger/dygn",kod,1992-07-25T20:00:00Z,1992-07-25T22:00:00+02:00,712094400000,,15,15,Y,,corrected-archive-csv
162860,Luleå-Kallax Flygplats,13,Rådande väder,"momentanvärde, 1 gång/tim resp 8 gånger/dygn",kod,1992-07-25T21:00:00Z,1992-07-25T23:00:00+02:00,712098000000,,0,0,G,,corrected-archive-csv
162860,Luleå-Kallax Flygplats,13,Rådande väder,"momentanvärde, 1 gång/tim resp 8 gånger/dygn",kod,1992-07-26T00:00:00Z,1992-07-26T02:00:00+02:00,712108800000,,0,0,G,,corrected-archive-csv
162860,Luleå-Kallax Flygplats,13,Rådande väder,"momentanvärde, 1 gång/tim resp 8 gånger/dygn",kod,1992-07-26T03:00:00Z,1992-07-26T05:00:00+02:00,712119600000,,0,0,G,,corrected-archive-csv
162860,Luleå-Kallax Flygplats,13,Rådande väder,"momentanvärde, 1 gång/tim resp 8 gånger/dygn",kod,1992-07-26T06:00:00Z,1992-07-26T08:00:00+02:00,712130400000,,0,0,G,,corrected-archive-csv
162860,Luleå-Kallax Flygplats,13,Rådande väder,"momentanvärde, 1 gång/tim resp 8 gånger/dygn",kod,1992-07-26T09:00:00Z,1992-07-26T11:00:00+02:00,712141200000,,0,0,G,,corrected-archive-csv
162860,Luleå-Kallax Flygplats,13,Rådande väder,"momentanvärde, 1 gång/tim resp 8 gånger/dygn",kod,1992-07-26T12:00:00Z,1992-07-26T14:00:00+02:00,712152000000,,0,0,G,,corrected-archive-csv
162860,Luleå-Kallax Flygplats,13,Rådande väder,"momentanvärde, 1 gång/tim resp 8 gånger/dygn",kod,1992-07-26T15:00:00Z,1992-07-26T17:00:00+02:00,712162800000,,1,1,G,,corrected-archive-csv
162860,Luleå-Kallax Flygplats,13,Rådande väder,"momentanvärde, 1 gång/tim resp 8 gånger/dygn",kod,1992-07-26T16:00:00Z,1992-07-26T18:00:00+02:00,712166400000,,1,1,Y,,corrected-archive-csv
162860,Luleå-Kallax Flygplats,13,Rådande väder,"momentanvärde, 1 gång/tim resp 8 gånger/dygn",kod,1992-07-26T17:00:00Z,1992-07-26T19:00:00+02:00,712170000000,,1,1,Y,,corrected-archive-csv
162860,Luleå-Kallax Flygplats,13,Rådande väder,"momentanvärde, 1 gång/tim resp 8 gånger/dygn",kod,1992-07-26T18:00:00Z,1992-07-26T20:00:00+02:00,712173600000,,2,2,G,,corrected-archive-csv
162860,Luleå-Kallax Flygplats,13,Rådande väder,"momentanvärde, 1 gång/tim resp 8 gånger/dygn",kod,1992-07-26T21:00:00Z,1992-07-26T23:00:00+02:00,712184400000,,15,15,G,,corrected-archive-csv
162860,Luleå-Kallax Flygplats,13,Rådande väder,"momentanvärde, 1 gång/tim resp 8 gånger/dygn",kod,1992-07-26T22:00:00Z,1992-07-27T00:00:00+02:00,712188000000,,29,29,Y,,corrected-archive-csv
162860,Luleå-Kallax Flygplats,13,Rådande väder,"momentanvärde, 1 gång/tim resp 8 gånger/dygn",kod,1992-07-26T23:00:00Z,1992-07-27T01:00:00+02:00,712191600000,,3,3,Y,,corrected-archive-csv
162860,Luleå-Kallax Flygplats,13,Rådande väder,"momentanvärde, 1 gång/tim resp 8 gånger/dygn",kod,1992-07-27T00:00:00Z,1992-07-27T02:00:00+02:00,712195200000,,0,0,G,,corrected-archive-csv
162860,Luleå-Kallax Flygplats,13,Rådande väder,"momentanvärde, 1 gång/tim resp 8 gånger/dygn",kod,1992-07-27T01:00:00Z,1992-07-27T03:00:00+02:00,712198800000,,10,10,Y,,corrected-archive-csv
162860,Luleå-Kallax Flygplats,13,Rådande väder,"momentanvärde, 1 gång/tim resp 8 gånger/dygn",kod,1992-07-27T03:00:00Z,1992-07-27T05:00:00+02:00,712206000000,,0,0,G,,corrected-archive-csv
162860,Luleå-Kallax Flygplats,13,Rådande väder,"momentanvärde, 1 gång/tim resp 8 gånger/dygn",kod,1992-07-27T06:00:00Z,1992-07-27T08:00:00+02:00,712216800000,,21,21,G,,corrected-archive-csv
162860,Luleå-Kallax Flygplats,13,Rådande väder,"momentanvärde, 1 gång/tim resp 8 gånger/dygn",kod,1992-07-27T07:00:00Z,1992-07-27T09:00:00+02:00,712220400000,,61,61,Y,,corrected-archive-csv
162860,Luleå-Kallax Flygplats,13,Rådande väder,"momentanvärde, 1 gång/tim resp 8 gånger/dygn",kod,1992-07-27T08:00:00Z,1992-07-27T10:00:00+02:00,712224000000,,61,61,Y,,corrected-archive-csv
162860,Luleå-Kallax Flygplats,13,Rådande väder,"momentanvärde, 1 gång/tim resp 8 gånger/dygn",kod,1992-07-27T09:00:00Z,1992-07-27T11:00:00+02:00,712227600000,,61,61,G,,corrected-archive-csv
162860,Luleå-Kallax Flygplats,13,Rådande väder,"momentanvärde, 1 gång/tim resp 8 gånger/dygn",kod,1992-07-27T10:00:00Z,1992-07-27T12:00:00+02:00,712231200000,,61,61,Y,,corrected-archive-csv
162860,Luleå-Kallax Flygplats,13,Rådande väder,"momentanvärde, 1 gång/tim resp 8 gånger/dygn",kod,1992-07-27T11:00:00Z,1992-07-27T13:00:00+02:00,712234800000,,63,63,Y,,corrected-archive-csv
162860,Luleå-Kallax Flygplats,13,Rådande väder,"momentanvärde, 1 gång/tim resp 8 gånger/dygn",kod,1992-07-27T12:00:00Z,1992-07-27T14:00:00+02:00,712238400000,,21,21,G,,corrected-archive-csv
162860,Luleå-Kallax Flygplats,13,Rådande väder,"momentanvärde, 1 gång/tim resp 8 gånger/dygn",kod,1992-07-27T14:00:00Z,1992-07-27T16:00:00+02:00,712245600000,,21,21,Y,,corrected-archive-csv
162860,Luleå-Kallax Flygplats,13,Rådande väder,"momentanvärde, 1 gång/tim resp 8 gånger/dygn",kod,1992-07-27T15:00:00Z,1992-07-27T17:00:00+02:00,712249200000,,2,2,G,,corrected-archive-csv
162860,Luleå-Kallax Flygplats,13,Rådande väder,"momentanvärde, 1 gång/tim resp 8 gånger/dygn",kod,1992-07-27T16:00:00Z,1992-07-27T18:00:00+02:00,712252800000,,1,1,Y,,corrected-archive-csv
162860,Luleå-Kallax Flygplats,13,Rådande väder,"momentanvärde, 1 gång/tim resp 8 gånger/dygn",kod,1992-07-27T17:00:00Z,1992-07-27T19:00:00+02:00,712256400000,,2,2,Y,,corrected-archive-csv
162860,Luleå-Kallax Flygplats,13,Rådande väder,"momentanvärde, 1 gång/tim resp 8 gånger/dygn",kod,1992-07-27T18:00:00Z,1992-07-27T20:00:00+02:00,712260000000,,2,2,G,,corrected-archive-csv
162860,Luleå-Kallax Flygplats,13,Rådande väder,"momentanvärde, 1 gång/tim resp 8 gånger/dygn",kod,1992-07-27T21:00:00Z,1992-07-27T23:00:00+02:00,712270800000,,0,0,G,,corrected-archive-csv
162860,Luleå-Kallax Flygplats,13,Rådande väder,"momentanvärde, 1 gång/tim resp 8 gånger/dygn",kod,1992-07-27T22:00:00Z,1992-07-28T00:00:00+02:00,712274400000,,10,10,Y,,corrected-archive-csv
162860,Luleå-Kallax Flygplats,13,Rådande väder,"momentanvärde, 1 gång/tim resp 8 gånger/dygn",kod,1992-07-27T23:00:00Z,1992-07-28T01:00:00+02:00,712278000000,,10,10,Y,,corrected-archive-csv
162860,Luleå-Kallax Flygplats,13,Rådande väder,"momentanvärde, 1 gång/tim resp 8 gånger/dygn",kod,1992-07-28T00:00:00Z,1992-07-28T02:00:00+02:00,712281600000,,0,0,G,,corrected-archive-csv
162860,Luleå-Kallax Flygplats,13,Rådande väder,"momentanvärde, 1 gång/tim resp 8 gånger/dygn",kod,1992-07-28T03:00:00Z,1992-07-28T05:00:00+02:00,712292400000,,0,0,G,,corrected-archive-csv
162860,Luleå-Kallax Flygplats,13,Rådande väder,"momentanvärde, 1 gång/tim resp 8 gånger/dygn",kod,1992-07-28T06:00:00Z,1992-07-28T08:00:00+02:00,712303200000,,0,0,G,,corrected-archive-csv
162860,Luleå-Kallax Flygplats,13,Rådande väder,"momentanvärde, 1 gång/tim resp 8 gånger/dygn",kod,1992-07-28T09:00:00Z,1992-07-28T11:00:00+02:00,712314000000,,0,0,G,,corrected-archive-csv
162860,Luleå-Kallax Flygplats,13,Rådande väder,"momentanvärde, 1 gång/tim resp 8 gånger/dygn",kod,1992-07-28T12:00:00Z,1992-07-28T14:00:00+02:00,712324800000,,0,0,G,,corrected-archive-csv
162860,Luleå-Kallax Flygplats,13,Rådande väder,"momentanvärde, 1 gång/tim resp 8 gånger/dygn",kod,1992-07-28T15:00:00Z,1992-07-28T17:00:00+02:00,712335600000,,0,0,G,,corrected-archive-csv
162860,Luleå-Kallax Flygplats,13,Rådande väder,"momentanvärde, 1 gång/tim resp 8 gånger/dygn",kod,1992-07-28T18:00:00Z,1992-07-28T20:00:00+02:00,712346400000,,0,0,G,,corrected-archive-csv
162860,Luleå-Kallax Flygplats,13,Rådande väder,"momentanvärde, 1 gång/tim resp 8 gånger/dygn",kod,1992-07-28T21:00:00Z,1992-07-28T23:00:00+02:00,712357200000,,0,0,G,,corrected-archive-csv
162860,Luleå-Kallax Flygplats,13,Rådande väder,"momentanvärde, 1 gång/tim resp 8 gånger/dygn",kod,1992-07-29T00:00:00Z,1992-07-29T02:00:00+02:00,712368000000,,0,0,G,,corrected-archive-csv
162860,Luleå-Kallax Flygplats,13,Rådande väder,"momentanvärde, 1 gång/tim resp 8 gånger/dygn",kod,1992-07-29T03:00:00Z,1992-07-29T05:00:00+02:00,712378800000,,0,0,G,,corrected-archive-csv
162860,Luleå-Kallax Flygplats,13,Rådande väder,"momentanvärde, 1 gång/tim resp 8 gånger/dygn",kod,1992-07-29T04:00:00Z,1992-07-29T06:00:00+02:00,712382400000,,21,21,Y,,corrected-archive-csv
162860,Luleå-Kallax Flygplats,13,Rådande väder,"momentanvärde, 1 gång/tim resp 8 gånger/dygn",kod,1992-07-29T06:00:00Z,1992-07-29T08:00:00+02:00,712389600000,,0,0,G,,corrected-archive-csv
162860,Luleå-Kallax Flygplats,13,Rådande väder,"momentanvärde, 1 gång/tim resp 8 gånger/dygn",kod,1992-07-29T09:00:00Z,1992-07-29T11:00:00+02:00,712400400000,,0,0,G,,corrected-archive-csv
162860,Luleå-Kallax Flygplats,13,Rådande väder,"momentanvärde, 1 gång/tim resp 8 gånger/dygn",kod,1992-07-29T10:00:00Z,1992-07-29T12:00:00+02:00,712404000000,,61,61,Y,,corrected-archive-csv
162860,Luleå-Kallax Flygplats,13,Rådande väder,"momentanvärde, 1 gång/tim resp 8 gånger/dygn",kod,1992-07-29T11:00:00Z,1992-07-29T13:00:00+02:00,712407600000,,61,61,Y,,corrected-archive-csv
162860,Luleå-Kallax Flygplats,13,Rådande väder,"momentanvärde, 1 gång/tim resp 8 gånger/dygn",kod,1992-07-29T12:00:00Z,1992-07-29T14:00:00+02:00,712411200000,,21,21,G,,corrected-archive-csv
162860,Luleå-Kallax Flygplats,13,Rådande väder,"momentanvärde, 1 gång/tim resp 8 gånger/dygn",kod,1992-07-29T15:00:00Z,1992-07-29T17:00:00+02:00,712422000000,,0,0,G,,corrected-archive-csv
162860,Luleå-Kallax Flygplats,13,Rådande väder,"momentanvärde, 1 gång/tim resp 8 gånger/dygn",kod,1992-07-29T18:00:00Z,1992-07-29T20:00:00+02:00,712432800000,,0,0,G,,corrected-archive-csv
162860,Luleå-Kallax Flygplats,13,Rådande väder,"momentanvärde, 1 gång/tim resp 8 gånger/dygn",kod,1992-07-29T21:00:00Z,1992-07-29T23:00:00+02:00,712443600000,,0,0,G,,corrected-archive-csv
162860,Luleå-Kallax Flygplats,13,Rådande väder,"momentanvärde, 1 gång/tim resp 8 gånger/dygn",kod,1992-07-30T00:00:00Z,1992-07-30T02:00:00+02:00,712454400000,,0,0,G,,corrected-archive-csv
162860,Luleå-Kallax Flygplats,13,Rådande väder,"momentanvärde, 1 gång/tim resp 8 gånger/dygn",kod,1992-07-30T03:00:00Z,1992-07-30T05:00:00+02:00,712465200000,,0,0,G,,corrected-archive-csv
162860,Luleå-Kallax Flygplats,13,Rådande väder,"momentanvärde, 1 gång/tim resp 8 gånger/dygn",kod,1992-07-30T06:00:00Z,1992-07-30T08:00:00+02:00,712476000000,,0,0,G,,corrected-archive-csv
162860,Luleå-Kallax Flygplats,13,Rådande väder,"momentanvärde, 1 gång/tim resp 8 gånger/dygn",kod,1992-07-30T09:00:00Z,1992-07-30T11:00:00+02:00,712486800000,,0,0,G,,corrected-archive-csv
162860,Luleå-Kallax Flygplats,13,Rådande väder,"momentanvärde, 1 gång/tim resp 8 gånger/dygn",kod,1992-07-30T12:00:00Z,1992-07-30T14:00:00+02:00,712497600000,,0,0,G,,corrected-archive-csv
162860,Luleå-Kallax Flygplats,13,Rådande väder,"momentanvärde, 1 gång/tim resp 8 gånger/dygn",kod,1992-07-30T15:00:00Z,1992-07-30T17:00:00+02:00,712508400000,,0,0,G,,corrected-archive-csv
162860,Luleå-Kallax Flygplats,13,Rådande väder,"momentanvärde, 1 gång/tim resp 8 gånger/dygn",kod,1992-07-30T17:00:00Z,1992-07-30T19:00:00+02:00,712515600000,,51,51,Y,,corrected-archive-csv
162860,Luleå-Kallax Flygplats,13,Rådande väder,"momentanvärde, 1 gång/tim resp 8 gånger/dygn",kod,1992-07-30T18:00:00Z,1992-07-30T20:00:00+02:00,712519200000,,16,16,G,,corrected-archive-csv
162860,Luleå-Kallax Flygplats,13,Rådande väder,"momentanvärde, 1 gång/tim resp 8 gånger/dygn",kod,1992-07-30T21:00:00Z,1992-07-30T23:00:00+02:00,712530000000,,0,0,G,,corrected-archive-csv
162860,Luleå-Kallax Flygplats,13,Rådande väder,"momentanvärde, 1 gång/tim resp 8 gånger/dygn",kod,1992-07-30T22:00:00Z,1992-07-31T00:00:00+02:00,712533600000,,61,61,Y,,corrected-archive-csv
162860,Luleå-Kallax Flygplats,13,Rådande väder,"momentanvärde, 1 gång/tim resp 8 gånger/dygn",kod,1992-07-30T23:00:00Z,1992-07-31T01:00:00+02:00,712537200000,,63,63,Y,,corrected-archive-csv
162860,Luleå-Kallax Flygplats,13,Rådande väder,"momentanvärde, 1 gång/tim resp 8 gånger/dygn",kod,1992-07-31T00:00:00Z,1992-07-31T02:00:00+02:00,712540800000,,21,21,G,,corrected-archive-csv
162860,Luleå-Kallax Flygplats,13,Rådande väder,"momentanvärde, 1 gång/tim resp 8 gånger/dygn",kod,1992-07-31T02:00:00Z,1992-07-31T04:00:00+02:00,712548000000,,50,50,Y,,corrected-archive-csv
162860,Luleå-Kallax Flygplats,13,Rådande väder,"momentanvärde, 1 gång/tim resp 8 gånger/dygn",kod,1992-07-31T03:00:00Z,1992-07-31T05:00:00+02:00,712551600000,,50,50,G,,corrected-archive-csv
162860,Luleå-Kallax Flygplats,13,Rådande väder,"momentanvärde, 1 gång/tim resp 8 gånger/dygn",kod,1992-07-31T04:00:00Z,1992-07-31T06:00:00+02:00,712555200000,,60,60,Y,,corrected-archive-csv
162860,Luleå-Kallax Flygplats,13,Rådande väder,"momentanvärde, 1 gång/tim resp 8 gånger/dygn",kod,1992-07-31T05:00:00Z,1992-07-31T07:00:00+02:00,712558800000,,20,20,Y,,corrected-archive-csv
162860,Luleå-Kallax Flygplats,13,Rådande väder,"momentanvärde, 1 gång/tim resp 8 gånger/dygn",kod,1992-07-31T06:00:00Z,1992-07-31T08:00:00+02:00,712562400000,,0,0,G,,corrected-archive-csv
162860,Luleå-Kallax Flygplats,13,Rådande väder,"momentanvärde, 1 gång/tim resp 8 gånger/dygn",kod,1992-07-31T08:00:00Z,1992-07-31T10:00:00+02:00,712569600000,,80,80,Y,,corrected-archive-csv
162860,Luleå-Kallax Flygplats,13,Rådande väder,"momentanvärde, 1 gång/tim resp 8 gånger/dygn",kod,1992-07-31T09:00:00Z,1992-07-31T11:00:00+02:00,712573200000,,14,14,G,,corrected-archive-csv
162860,Luleå-Kallax Flygplats,13,Rådande väder,"momentanvärde, 1 gång/tim resp 8 gånger/dygn",kod,1992-07-31T10:00:00Z,1992-07-31T12:00:00+02:00,712576800000,,2,2,Y,,corrected-archive-csv
162860,Luleå-Kallax Flygplats,13,Rådande väder,"momentanvärde, 1 gång/tim resp 8 gånger/dygn",kod,1992-07-31T11:00:00Z,1992-07-31T13:00:00+02:00,712580400000,,15,15,Y,,corrected-archive-csv
162860,Luleå-Kallax Flygplats,13,Rådande väder,"momentanvärde, 1 gång/tim resp 8 gånger/dygn",kod,1992-07-31T12:00:00Z,1992-07-31T14:00:00+02:00,712584000000,,16,16,G,,corrected-archive-csv
162860,Luleå-Kallax Flygplats,13,Rådande väder,"momentanvärde, 1 gång/tim resp 8 gånger/dygn",kod,1992-07-31T14:00:00Z,1992-07-31T16:00:00+02:00,712591200000,,15,15,Y,,corrected-archive-csv
162860,Luleå-Kallax Flygplats,13,Rådande väder,"momentanvärde, 1 gång/tim resp 8 gånger/dygn",kod,1992-07-31T15:00:00Z,1992-07-31T17:00:00+02:00,712594800000,,15,15,G,,corrected-archive-csv
162860,Luleå-Kallax Flygplats,13,Rådande väder,"momentanvärde, 1 gång/tim resp 8 gånger/dygn",kod,1992-07-31T16:00:00Z,1992-07-31T18:00:00+02:00,712598400000,,15,15,Y,,corrected-archive-csv
162860,Luleå-Kallax Flygplats,13,Rådande väder,"momentanvärde, 1 gång/tim resp 8 gånger/dygn",kod,1992-07-31T17:00:00Z,1992-07-31T19:00:00+02:00,712602000000,,25,25,Y,,corrected-archive-csv
162860,Luleå-Kallax Flygplats,13,Rådande väder,"momentanvärde, 1 gång/tim resp 8 gånger/dygn",kod,1992-07-31T18:00:00Z,1992-07-31T20:00:00+02:00,712605600000,,1,1,G,,corrected-archive-csv
162860,Luleå-Kallax Flygplats,13,Rådande väder,"momentanvärde, 1 gång/tim resp 8 gånger/dygn",kod,1992-07-31T21:00:00Z,1992-07-31T23:00:00+02:00,712616400000,,0,0,G,,corrected-archive-csv
162860,Luleå-Kallax Flygplats,13,Rådande väder,"momentanvärde, 1 gång/tim resp 8 gånger/dygn",kod,1992-08-01T00:00:00Z,1992-08-01T02:00:00+02:00,712627200000,,0,0,G,,corrected-archive-csv
162860,Luleå-Kallax Flygplats,13,Rådande väder,"momentanvärde, 1 gång/tim resp 8 gånger/dygn",kod,1992-08-01T03:00:00Z,1992-08-01T05:00:00+02:00,712638000000,,0,0,G,,corrected-archive-csv
162860,Luleå-Kallax Flygplats,13,Rådande väder,"momentanvärde, 1 gång/tim resp 8 gånger/dygn",kod,1992-08-01T06:00:00Z,1992-08-01T08:00:00+02:00,712648800000,,0,0,G,,corrected-archive-csv
162860,Luleå-Kallax Flygplats,13,Rådande väder,"momentanvärde, 1 gång/tim resp 8 gånger/dygn",kod,1992-08-01T09:00:00Z,1992-08-01T11:00:00+02:00,712659600000,,0,0,G,,corrected-archive-csv
162860,Luleå-Kallax Flygplats,13,Rådande väder,"momentanvärde, 1 gång/tim resp 8 gånger/dygn",kod,1992-08-01T11:00:00Z,1992-08-01T13:00:00+02:00,712666800000,,15,15,Y,,corrected-archive-csv
162860,Luleå-Kallax Flygplats,13,Rådande väder,"momentanvärde, 1 gång/tim resp 8 gånger/dygn",kod,1992-08-01T12:00:00Z,1992-08-01T14:00:00+02:00,712670400000,,15,15,G,,corrected-archive-csv
162860,Luleå-Kallax Flygplats,13,Rådande väder,"momentanvärde, 1 gång/tim resp 8 gånger/dygn",kod,1992-08-01T13:00:00Z,1992-08-01T15:00:00+02:00,712674000000,,15,15,Y,,corrected-archive-csv
162860,Luleå-Kallax Flygplats,13,Rådande väder,"momentanvärde, 1 gång/tim resp 8 gånger/dygn",kod,1992-08-01T14:00:00Z,1992-08-01T16:00:00+02:00,712677600000,,15,15,Y,,corrected-archive-csv
162860,Luleå-Kallax Flygplats,13,Rådande väder,"momentanvärde, 1 gång/tim resp 8 gånger/dygn",kod,1992-08-01T15:00:00Z,1992-08-01T17:00:00+02:00,712681200000,,15,15,G,,corrected-archive-csv
162860,Luleå-Kallax Flygplats,13,Rådande väder,"momentanvärde, 1 gång/tim resp 8 gånger/dygn",kod,1992-08-01T16:00:00Z,1992-08-01T18:00:00+02:00,712684800000,,14,14,Y,,corrected-archive-csv
162860,Luleå-Kallax Flygplats,13,Rådande väder,"momentanvärde, 1 gång/tim resp 8 gånger/dygn",kod,1992-08-01T18:00:00Z,1992-08-01T20:00:00+02:00,712692000000,,0,0,G,,corrected-archive-csv
162860,Luleå-Kallax Flygplats,13,Rådande väder,"momentanvärde, 1 gång/tim resp 8 gånger/dygn",kod,1992-08-01T21:00:00Z,1992-08-01T23:00:00+02:00,712702800000,,0,0,G,,corrected-archive-csv
162860,Luleå-Kallax Flygplats,13,Rådande väder,"momentanvärde, 1 gång/tim resp 8 gånger/dygn",kod,1992-08-02T00:00:00Z,1992-08-02T02:00:00+02:00,712713600000,,0,0,G,,corrected-archive-csv
162860,Luleå-Kallax Flygplats,13,Rådande väder,"momentanvärde, 1 gång/tim resp 8 gånger/dygn",kod,1992-08-02T03:00:00Z,1992-08-02T05:00:00+02:00,712724400000,,0,0,G,,corrected-archive-csv
162860,Luleå-Kallax Flygplats,13,Rådande väder,"momentanvärde, 1 gång/tim resp 8 gånger/dygn",kod,1992-08-02T06:00:00Z,1992-08-02T08:00:00+02:00,712735200000,,25,25,G,,corrected-archive-csv
162860,Luleå-Kallax Flygplats,13,Rådande väder,"momentanvärde, 1 gång/tim resp 8 gånger/dygn",kod,1992-08-02T08:00:00Z,1992-08-02T10:00:00+02:00,712742400000,,25,25,Y,,corrected-archive-csv
162860,Luleå-Kallax Flygplats,13,Rådande väder,"momentanvärde, 1 gång/tim resp 8 gånger/dygn",kod,1992-08-02T09:00:00Z,1992-08-02T11:00:00+02:00,712746000000,,1,1,G,,corrected-archive-csv
162860,Luleå-Kallax Flygplats,13,Rådande väder,"momentanvärde, 1 gång/tim resp 8 gånger/dygn",kod,1992-08-02T10:00:00Z,1992-08-02T12:00:00+02:00,712749600000,,2,2,Y,,corrected-archive-csv
162860,Luleå-Kallax Flygplats,13,Rådande väder,"momentanvärde, 1 gång/tim resp 8 gånger/dygn",kod,1992-08-02T11:00:00Z,1992-08-02T13:00:00+02:00,712753200000,,1,1,Y,,corrected-archive-csv
162860,Luleå-Kallax Flygplats,13,Rådande väder,"momentanvärde, 1 gång/tim resp 8 gånger/dygn",kod,1992-08-02T12:00:00Z,1992-08-02T14:00:00+02:00,712756800000,,2,2,G,,corrected-archive-csv
162860,Luleå-Kallax Flygplats,13,Rådande väder,"momentanvärde, 1 gång/tim resp 8 gånger/dygn",kod,1992-08-02T15:00:00Z,1992-08-02T17:00:00+02:00,712767600000,,0,0,G,,corrected-archive-csv
162860,Luleå-Kallax Flygplats,13,Rådande väder,"momentanvärde, 1 gång/tim resp 8 gånger/dygn",kod,1992-08-02T18:00:00Z,1992-08-02T20:00:00+02:00,712778400000,,0,0,G,,corrected-archive-csv
162860,Luleå-Kallax Flygplats,13,Rådande väder,"momentanvärde, 1 gång/tim resp 8 gånger/dygn",kod,1992-08-02T21:00:00Z,1992-08-02T23:00:00+02:00,712789200000,,0,0,G,,corrected-archive-csv
162860,Luleå-Kallax Flygplats,13,Rådande väder,"momentanvärde, 1 gång/tim resp 8 gånger/dygn",kod,1992-08-03T00:00:00Z,1992-08-03T02:00:00+02:00,712800000000,,61,61,G,,corrected-archive-csv
162860,Luleå-Kallax Flygplats,13,Rådande väder,"momentanvärde, 1 gång/tim resp 8 gånger/dygn",kod,1992-08-03T01:00:00Z,1992-08-03T03:00:00+02:00,712803600000,,61,61,Y,,corrected-archive-csv
162860,Luleå-Kallax Flygplats,13,Rådande väder,"momentanvärde, 1 gång/tim resp 8 gånger/dygn",kod,1992-08-03T02:00:00Z,1992-08-03T04:00:00+02:00,712807200000,,63,63,Y,,corrected-archive-csv
162860,Luleå-Kallax Flygplats,13,Rådande väder,"momentanvärde, 1 gång/tim resp 8 gånger/dygn",kod,1992-08-03T03:00:00Z,1992-08-03T05:00:00+02:00,712810800000,,61,61,G,,corrected-archive-csv
162860,Luleå-Kallax Flygplats,13,Rådande väder,"momentanvärde, 1 gång/tim resp 8 gånger/dygn",kod,1992-08-03T04:00:00Z,1992-08-03T06:00:00+02:00,712814400000,,51,51,Y,,corrected-archive-csv
162860,Luleå-Kallax Flygplats,13,Rådande väder,"momentanvärde, 1 gång/tim resp 8 gånger/dygn",kod,1992-08-03T05:00:00Z,1992-08-03T07:00:00+02:00,712818000000,,20,20,Y,,corrected-archive-csv
162860,Luleå-Kallax Flygplats,13,Rådande väder,"momentanvärde, 1 gång/tim resp 8 gånger/dygn",kod,1992-08-03T06:00:00Z,1992-08-03T08:00:00+02:00,712821600000,,2,2,G,,corrected-archive-csv
162860,Luleå-Kallax Flygplats,13,Rådande väder,"momentanvärde, 1 gång/tim resp 8 gånger/dygn",kod,1992-08-03T09:00:00Z,1992-08-03T11:00:00+02:00,712832400000,,0,0,G,,corrected-archive-csv
162860,Luleå-Kallax Flygplats,13,Rådande väder,"momentanvärde, 1 gång/tim resp 8 gånger/dygn",kod,1992-08-03T12:00:00Z,1992-08-03T14:00:00+02:00,712843200000,,0,0,G,,corrected-archive-csv
162860,Luleå-Kallax Flygplats,13,Rådande väder,"momentanvärde, 1 gång/tim resp 8 gånger/dygn",kod,1992-08-03T15:00:00Z,1992-08-03T17:00:00+02:00,712854000000,,0,0,G,,corrected-archive-csv
162860,Luleå-Kallax Flygplats,13,Rådande väder,"momentanvärde, 1 gång/tim resp 8 gånger/dygn",kod,1992-08-03T18:00:00Z,1992-08-03T20:00:00+02:00,712864800000,,0,0,G,,corrected-archive-csv
162860,Luleå-Kallax Flygplats,13,Rådande väder,"momentanvärde, 1 gång/tim resp 8 gånger/dygn",kod,1992-08-03T21:00:00Z,1992-08-03T23:00:00+02:00,712875600000,,0,0,G,,corrected-archive-csv
162860,Luleå-Kallax Flygplats,13,Rådande väder,"momentanvärde, 1 gång/tim resp 8 gånger/dygn",kod,1992-08-04T00:00:00Z,1992-08-04T02:00:00+02:00,712886400000,,0,0,G,,corrected-archive-csv
162860,Luleå-Kallax Flygplats,13,Rådande väder,"momentanvärde, 1 gång/tim resp 8 gånger/dygn",kod,1992-08-04T02:00:00Z,1992-08-04T04:00:00+02:00,712893600000,,21,21,Y,,corrected-archive-csv
162860,Luleå-Kallax Flygplats,13,Rådande väder,"momentanvärde, 1 gång/tim resp 8 gånger/dygn",kod,1992-08-04T03:00:00Z,1992-08-04T05:00:00+02:00,712897200000,,10,10,G,,corrected-archive-csv
162860,Luleå-Kallax Flygplats,13,Rådande väder,"momentanvärde, 1 gång/tim resp 8 gånger/dygn",kod,1992-08-04T04:00:00Z,1992-08-04T06:00:00+02:00,712900800000,,2,2,Y,,corrected-archive-csv
162860,Luleå-Kallax Flygplats,13,Rådande väder,"momentanvärde, 1 gång/tim resp 8 gånger/dygn",kod,1992-08-04T05:00:00Z,1992-08-04T07:00:00+02:00,712904400000,,2,2,Y,,corrected-archive-csv
162860,Luleå-Kallax Flygplats,13,Rådande väder,"momentanvärde, 1 gång/tim resp 8 gånger/dygn",kod,1992-08-04T06:00:00Z,1992-08-04T08:00:00+02:00,712908000000,,2,2,G,,corrected-archive-csv
162860,Luleå-Kallax Flygplats,13,Rådande väder,"momentanvärde, 1 gång/tim resp 8 gånger/dygn",kod,1992-08-04T07:00:00Z,1992-08-04T09:00:00+02:00,712911600000,,61,61,Y,,corrected-archive-csv
162860,Luleå-Kallax Flygplats,13,Rådande väder,"momentanvärde, 1 gång/tim resp 8 gånger/dygn",kod,1992-08-04T08:00:00Z,1992-08-04T10:00:00+02:00,712915200000,,61,61,Y,,corrected-archive-csv
162860,Luleå-Kallax Flygplats,13,Rådande väder,"momentanvärde, 1 gång/tim resp 8 gånger/dygn",kod,1992-08-04T09:00:00Z,1992-08-04T11:00:00+02:00,712918800000,,21,21,G,,corrected-archive-csv
162860,Luleå-Kallax Flygplats,13,Rådande väder,"momentanvärde, 1 gång/tim resp 8 gånger/dygn",kod,1992-08-04T10:00:00Z,1992-08-04T12:00:00+02:00,712922400000,,53,53,Y,,corrected-archive-csv
162860,Luleå-Kallax Flygplats,13,Rådande väder,"momentanvärde, 1 gång/tim resp 8 gånger/dygn",kod,1992-08-04T11:00:00Z,1992-08-04T13:00:00+02:00,712926000000,,20,20,Y,,corrected-archive-csv
162860,Luleå-Kallax Flygplats,13,Rådande väder,"momentanvärde, 1 gång/tim resp 8 gånger/dygn",kod,1992-08-04T12:00:00Z,1992-08-04T14:00:00+02:00,712929600000,,10,10,G,,corrected-archive-csv
162860,Luleå-Kallax Flygplats,13,Rådande väder,"momentanvärde, 1 gång/tim resp 8 gånger/dygn",kod,1992-08-04T13:00:00Z,1992-08-04T15:00:00+02:00,712933200000,,10,10,Y,,corrected-archive-csv
162860,Luleå-Kallax Flygplats,13,Rådande väder,"momentanvärde, 1 gång/tim resp 8 gånger/dygn",kod,1992-08-04T16:00:00Z,1992-08-04T18:00:00+02:00,712944000000,,15,15,Y,,corrected-archive-csv
162860,Luleå-Kallax Flygplats,13,Rådande väder,"momentanvärde, 1 gång/tim resp 8 gånger/dygn",kod,1992-08-04T17:00:00Z,1992-08-04T19:00:00+02:00,712947600000,,14,14,Y,,corrected-archive-csv
162860,Luleå-Kallax Flygplats,13,Rådande väder,"momentanvärde, 1 gång/tim resp 8 gånger/dygn",kod,1992-08-04T18:00:00Z,1992-08-04T20:00:00+02:00,712951200000,,0,0,G,,corrected-archive-csv
162860,Luleå-Kallax Flygplats,13,Rådande väder,"momentanvärde, 1 gång/tim resp 8 gånger/dygn",kod,1992-08-04T19:00:00Z,1992-08-04T21:00:00+02:00,712954800000,,15,15,Y,,corrected-archive-csv
162860,Luleå-Kallax Flygplats,13,Rådande väder,"momentanvärde, 1 gång/tim resp 8 gånger/dygn",kod,1992-08-04T20:00:00Z,1992-08-04T22:00:00+02:00,712958400000,,15,15,Y,,corrected-archive-csv
162860,Luleå-Kallax Flygplats,13,Rådande väder,"momentanvärde, 1 gång/tim resp 8 gånger/dygn",kod,1992-08-04T21:00:00Z,1992-08-04T23:00:00+02:00,712962000000,,0,0,G,,corrected-archive-csv
162860,Luleå-Kallax Flygplats,13,Rådande väder,"momentanvärde, 1 gång/tim resp 8 gånger/dygn",kod,1992-08-05T00:00:00Z,1992-08-05T02:00:00+02:00,712972800000,,0,0,G,,corrected-archive-csv
162860,Luleå-Kallax Flygplats,13,Rådande väder,"momentanvärde, 1 gång/tim resp 8 gånger/dygn",kod,1992-08-05T03:00:00Z,1992-08-05T05:00:00+02:00,712983600000,,0,0,G,,corrected-archive-csv
162860,Luleå-Kallax Flygplats,13,Rådande väder,"momentanvärde, 1 gång/tim resp 8 gånger/dygn",kod,1992-08-05T05:00:00Z,1992-08-05T07:00:00+02:00,712990800000,,14,14,Y,,corrected-archive-csv
162860,Luleå-Kallax Flygplats,13,Rådande väder,"momentanvärde, 1 gång/tim resp 8 gånger/dygn",kod,1992-08-05T06:00:00Z,1992-08-05T08:00:00+02:00,712994400000,,0,0,G,,corrected-archive-csv
162860,Luleå-Kallax Flygplats,13,Rådande väder,"momentanvärde, 1 gång/tim resp 8 gånger/dygn",kod,1992-08-05T09:00:00Z,1992-08-05T11:00:00+02:00,713005200000,,0,0,G,,corrected-archive-csv
162860,Luleå-Kallax Flygplats,13,Rådande väder,"momentanvärde, 1 gång/tim resp 8 gånger/dygn",kod,1992-08-05T12:00:00Z,1992-08-05T14:00:00+02:00,713016000000,,0,0,G,,corrected-archive-csv
162860,Luleå-Kallax Flygplats,13,Rådande väder,"momentanvärde, 1 gång/tim resp 8 gånger/dygn",kod,1992-08-05T15:00:00Z,1992-08-05T17:00:00+02:00,713026800000,,15,15,G,,corrected-archive-csv
162860,Luleå-Kallax Flygplats,13,Rådande väder,"momentanvärde, 1 gång/tim resp 8 gånger/dygn",kod,1992-08-05T16:00:00Z,1992-08-05T18:00:00+02:00,713030400000,,15,15,Y,,corrected-archive-csv
162860,Luleå-Kallax Flygplats,13,Rådande väder,"momentanvärde, 1 gång/tim resp 8 gånger/dygn",kod,1992-08-05T17:00:00Z,1992-08-05T19:00:00+02:00,713034000000,,15,15,Y,,corrected-archive-csv
162860,Luleå-Kallax Flygplats,13,Rådande väder,"momentanvärde, 1 gång/tim resp 8 gånger/dygn",kod,1992-08-05T18:00:00Z,1992-08-05T20:00:00+02:00,713037600000,,0,0,G,,corrected-archive-csv
162860,Luleå-Kallax Flygplats,13,Rådande väder,"momentanvärde, 1 gång/tim resp 8 gånger/dygn",kod,1992-08-05T21:00:00Z,1992-08-05T23:00:00+02:00,713048400000,,0,0,G,,corrected-archive-csv
162860,Luleå-Kallax Flygplats,13,Rådande väder,"momentanvärde, 1 gång/tim resp 8 gånger/dygn",kod,1992-08-06T00:00:00Z,1992-08-06T02:00:00+02:00,713059200000,,0,0,G,,corrected-archive-csv
162860,Luleå-Kallax Flygplats,13,Rådande väder,"momentanvärde, 1 gång/tim resp 8 gånger/dygn",kod,1992-08-06T03:00:00Z,1992-08-06T05:00:00+02:00,713070000000,,15,15,G,,corrected-archive-csv
162860,Luleå-Kallax Flygplats,13,Rådande väder,"momentanvärde, 1 gång/tim resp 8 gånger/dygn",kod,1992-08-06T04:00:00Z,1992-08-06T06:00:00+02:00,713073600000,,15,15,Y,,corrected-archive-csv
162860,Luleå-Kallax Flygplats,13,Rådande väder,"momentanvärde, 1 gång/tim resp 8 gånger/dygn",kod,1992-08-06T05:00:00Z,1992-08-06T07:00:00+02:00,713077200000,,15,15,Y,,corrected-archive-csv
162860,Luleå-Kallax Flygplats,13,Rådande väder,"momentanvärde, 1 gång/tim resp 8 gånger/dygn",kod,1992-08-06T06:00:00Z,1992-08-06T08:00:00+02:00,713080800000,,0,0,G,,corrected-archive-csv
162860,Luleå-Kallax Flygplats,13,Rådande väder,"momentanvärde, 1 gång/tim resp 8 gånger/dygn",kod,1992-08-06T07:00:00Z,1992-08-06T09:00:00+02:00,713084400000,,21,21,Y,,corrected-archive-csv
162860,Luleå-Kallax Flygplats,13,Rådande väder,"momentanvärde, 1 gång/tim resp 8 gånger/dygn",kod,1992-08-06T08:00:00Z,1992-08-06T10:00:00+02:00,713088000000,,21,21,Y,,corrected-archive-csv
162860,Luleå-Kallax Flygplats,13,Rådande väder,"momentanvärde, 1 gång/tim resp 8 gånger/dygn",kod,1992-08-06T09:00:00Z,1992-08-06T11:00:00+02:00,713091600000,,2,2,G,,corrected-archive-csv
162860,Luleå-Kallax Flygplats,13,Rådande väder,"momentanvärde, 1 gång/tim resp 8 gånger/dygn",kod,1992-08-06T10:00:00Z,1992-08-06T12:00:00+02:00,713095200000,,1,1,Y,,corrected-archive-csv
162860,Luleå-Kallax Flygplats,13,Rådande väder,"momentanvärde, 1 gång/tim resp 8 gånger/dygn",kod,1992-08-06T11:00:00Z,1992-08-06T13:00:00+02:00,713098800000,,1,1,Y,,corrected-archive-csv
162860,Luleå-Kallax Flygplats,13,Rådande väder,"momentanvärde, 1 gång/tim resp 8 gånger/dygn",kod,1992-08-06T12:00:00Z,1992-08-06T14:00:00+02:00,713102400000,,1,1,G,,corrected-archive-csv
162860,Luleå-Kallax Flygplats,13,Rådande väder,"momentanvärde, 1 gång/tim resp 8 gånger/dygn",kod,1992-08-06T15:00:00Z,1992-08-06T17:00:00+02:00,713113200000,,0,0,G,,corrected-archive-csv
162860,Luleå-Kallax Flygplats,13,Rådande väder,"momentanvärde, 1 gång/tim resp 8 gånger/dygn",kod,1992-08-06T18:00:00Z,1992-08-06T20:00:00+02:00,713124000000,,15,15,G,,corrected-archive-csv
162860,Luleå-Kallax Flygplats,13,Rådande väder,"momentanvärde, 1 gång/tim resp 8 gånger/dygn",kod,1992-08-06T21:00:00Z,1992-08-06T23:00:00+02:00,713134800000,,0,0,G,,corrected-archive-csv
162860,Luleå-Kallax Flygplats,13,Rådande väder,"momentanvärde, 1 gång/tim resp 8 gånger/dygn",kod,1992-08-07T00:00:00Z,1992-08-07T02:00:00+02:00,713145600000,,15,15,G,,corrected-archive-csv
162860,Luleå-Kallax Flygplats,13,Rådande väder,"momentanvärde, 1 gång/tim resp 8 gånger/dygn",kod,1992-08-07T01:00:00Z,1992-08-07T03:00:00+02:00,713149200000,,15,15,Y,,corrected-archive-csv
162860,Luleå-Kallax Flygplats,13,Rådande väder,"momentanvärde, 1 gång/tim resp 8 gånger/dygn",kod,1992-08-07T03:00:00Z,1992-08-07T05:00:00+02:00,713156400000,,10,10,G,,corrected-archive-csv
162860,Luleå-Kallax Flygplats,13,Rådande väder,"momentanvärde, 1 gång/tim resp 8 gånger/dygn",kod,1992-08-07T04:00:00Z,1992-08-07T06:00:00+02:00,713160000000,,15,15,Y,,corrected-archive-csv
162860,Luleå-Kallax Flygplats,13,Rådande väder,"momentanvärde, 1 gång/tim resp 8 gånger/dygn",kod,1992-08-07T05:00:00Z,1992-08-07T07:00:00+02:00,713163600000,,15,15,Y,,corrected-archive-csv
162860,Luleå-Kallax Flygplats,13,Rådande väder,"momentanvärde, 1 gång/tim resp 8 gånger/dygn",kod,1992-08-07T06:00:00Z,1992-08-07T08:00:00+02:00,713167200000,,0,0,G,,corrected-archive-csv
162860,Luleå-Kallax Flygplats,13,Rådande väder,"momentanvärde, 1 gång/tim resp 8 gånger/dygn",kod,1992-08-07T09:00:00Z,1992-08-07T11:00:00+02:00,713178000000,,0,0,G,,corrected-archive-csv
162860,Luleå-Kallax Flygplats,13,Rådande väder,"momentanvärde, 1 gång/tim resp 8 gånger/dygn",kod,1992-08-07T12:00:00Z,1992-08-07T14:00:00+02:00,713188800000,,0,0,G,,corrected-archive-csv
162860,Luleå-Kallax Flygplats,13,Rådande väder,"momentanvärde, 1 gång/tim resp 8 gånger/dygn",kod,1992-08-07T15:00:00Z,1992-08-07T17:00:00+02:00,713199600000,,0,0,G,,corrected-archive-csv
162860,Luleå-Kallax Flygplats,13,Rådande väder,"momentanvärde, 1 gång/tim resp 8 gånger/dygn",kod,1992-08-07T17:00:00Z,1992-08-07T19:00:00+02:00,713206800000,,15,15,Y,,corrected-archive-csv
162860,Luleå-Kallax Flygplats,13,Rådande väder,"momentanvärde, 1 gång/tim resp 8 gånger/dygn",kod,1992-08-07T18:00:00Z,1992-08-07T20:00:00+02:00,713210400000,,20,20,G,,corrected-archive-csv
162860,Luleå-Kallax Flygplats,13,Rådande väder,"momentanvärde, 1 gång/tim resp 8 gånger/dygn",kod,1992-08-07T21:00:00Z,1992-08-07T23:00:00+02:00,713221200000,,0,0,G,,corrected-archive-csv
162860,Luleå-Kallax Flygplats,13,Rådande väder,"momentanvärde, 1 gång/tim resp 8 gånger/dygn",kod,1992-08-08T00:00:00Z,1992-08-08T02:00:00+02:00,713232000000,,0,0,G,,corrected-archive-csv
162860,Luleå-Kallax Flygplats,13,Rådande väder,"momentanvärde, 1 gång/tim resp 8 gånger/dygn",kod,1992-08-08T03:00:00Z,1992-08-08T05:00:00+02:00,713242800000,,0,0,G,,corrected-archive-csv
162860,Luleå-Kallax Flygplats,13,Rådande väder,"momentanvärde, 1 gång/tim resp 8 gånger/dygn",kod,1992-08-08T06:00:00Z,1992-08-08T08:00:00+02:00,713253600000,,0,0,G,,corrected-archive-csv
162860,Luleå-Kallax Flygplats,13,Rådande väder,"momentanvärde, 1 gång/tim resp 8 gånger/dygn",kod,1992-08-08T09:00:00Z,1992-08-08T11:00:00+02:00,713264400000,,0,0,G,,corrected-archive-csv
162860,Luleå-Kallax Flygplats,13,Rådande väder,"momentanvärde, 1 gång/tim resp 8 gånger/dygn",kod,1992-08-08T11:00:00Z,1992-08-08T13:00:00+02:00,713271600000,,15,15,Y,,corrected-archive-csv
162860,Luleå-Kallax Flygplats,13,Rådande väder,"momentanvärde, 1 gång/tim resp 8 gånger/dygn",kod,1992-08-08T12:00:00Z,1992-08-08T14:00:00+02:00,713275200000,,25,25,G,,corrected-archive-csv
162860,Luleå-Kallax Flygplats,13,Rådande väder,"momentanvärde, 1 gång/tim resp 8 gånger/dygn",kod,1992-08-08T13:00:00Z,1992-08-08T15:00:00+02:00,713278800000,,25,25,Y,,corrected-archive-csv
162860,Luleå-Kallax Flygplats,13,Rådande väder,"momentanvärde, 1 gång/tim resp 8 gånger/dygn",kod,1992-08-08T15:00:00Z,1992-08-08T17:00:00+02:00,713286000000,,0,0,G,,corrected-archive-csv
162860,Luleå-Kallax Flygplats,13,Rådande väder,"momentanvärde, 1 gång/tim resp 8 gånger/dygn",kod,1992-08-08T18:00:00Z,1992-08-08T20:00:00+02:00,713296800000,,0,0,G,,corrected-archive-csv
162860,Luleå-Kallax Flygplats,13,Rådande väder,"momentanvärde, 1 gång/tim resp 8 gånger/dygn",kod,1992-08-08T21:00:00Z,1992-08-08T23:00:00+02:00,713307600000,,0,0,G,,corrected-archive-csv
162860,Luleå-Kallax Flygplats,13,Rådande väder,"momentanvärde, 1 gång/tim resp 8 gånger/dygn",kod,1992-08-09T00:00:00Z,1992-08-09T02:00:00+02:00,713318400000,,0,0,G,,corrected-archive-csv
162860,Luleå-Kallax Flygplats,13,Rådande väder,"momentanvärde, 1 gång/tim resp 8 gånger/dygn",kod,1992-08-09T03:00:00Z,1992-08-09T05:00:00+02:00,713329200000,,0,0,G,,corrected-archive-csv
162860,Luleå-Kallax Flygplats,13,Rådande väder,"momentanvärde, 1 gång/tim resp 8 gånger/dygn",kod,1992-08-09T06:00:00Z,1992-08-09T08:00:00+02:00,713340000000,,0,0,G,,corrected-archive-csv
162860,Luleå-Kallax Flygplats,13,Rådande väder,"momentanvärde, 1 gång/tim resp 8 gånger/dygn",kod,1992-08-09T09:00:00Z,1992-08-09T11:00:00+02:00,713350800000,,0,0,G,,corrected-archive-csv
162860,Luleå-Kallax Flygplats,13,Rådande väder,"momentanvärde, 1 gång/tim resp 8 gånger/dygn",kod,1992-08-09T12:00:00Z,1992-08-09T14:00:00+02:00,713361600000,,0,0,G,,corrected-archive-csv
162860,Luleå-Kallax Flygplats,13,Rådande väder,"momentanvärde, 1 gång/tim resp 8 gånger/dygn",kod,1992-08-09T15:00:00Z,1992-08-09T17:00:00+02:00,713372400000,,0,0,G,,corrected-archive-csv
162860,Luleå-Kallax Flygplats,13,Rådande väder,"momentanvärde, 1 gång/tim resp 8 gånger/dygn",kod,1992-08-09T18:00:00Z,1992-08-09T20:00:00+02:00,713383200000,,0,0,G,,corrected-archive-csv
162860,Luleå-Kallax Flygplats,13,Rådande väder,"momentanvärde, 1 gång/tim resp 8 gånger/dygn",kod,1992-08-09T21:00:00Z,1992-08-09T23:00:00+02:00,713394000000,,0,0,G,,corrected-archive-csv
162860,Luleå-Kallax Flygplats,13,Rådande väder,"momentanvärde, 1 gång/tim resp 8 gånger/dygn",kod,1992-08-10T00:00:00Z,1992-08-10T02:00:00+02:00,713404800000,,0,0,G,,corrected-archive-csv
162860,Luleå-Kallax Flygplats,13,Rådande väder,"momentanvärde, 1 gång/tim resp 8 gånger/dygn",kod,1992-08-10T01:00:00Z,1992-08-10T03:00:00+02:00,713408400000,,11,11,Y,,corrected-archive-csv
162860,Luleå-Kallax Flygplats,13,Rådande väder,"momentanvärde, 1 gång/tim resp 8 gånger/dygn",kod,1992-08-10T02:00:00Z,1992-08-10T04:00:00+02:00,713412000000,,2,2,Y,,corrected-archive-csv
162860,Luleå-Kallax Flygplats,13,Rådande väder,"momentanvärde, 1 gång/tim resp 8 gånger/dygn",kod,1992-08-10T03:00:00Z,1992-08-10T05:00:00+02:00,713415600000,,0,0,G,,corrected-archive-csv
162860,Luleå-Kallax Flygplats,13,Rådande väder,"momentanvärde, 1 gång/tim resp 8 gånger/dygn",kod,1992-08-10T04:00:00Z,1992-08-10T06:00:00+02:00,713419200000,,2,2,Y,,corrected-archive-csv
162860,Luleå-Kallax Flygplats,13,Rådande väder,"momentanvärde, 1 gång/tim resp 8 gånger/dygn",kod,1992-08-10T05:00:00Z,1992-08-10T07:00:00+02:00,713422800000,,2,2,Y,,corrected-archive-csv
162860,Luleå-Kallax Flygplats,13,Rådande väder,"momentanvärde, 1 gång/tim resp 8 gånger/dygn",kod,1992-08-10T06:00:00Z,1992-08-10T08:00:00+02:00,713426400000,,0,0,G,,corrected-archive-csv
162860,Luleå-Kallax Flygplats,13,Rådande väder,"momentanvärde, 1 gång/tim resp 8 gånger/dygn",kod,1992-08-10T09:00:00Z,1992-08-10T11:00:00+02:00,713437200000,,0,0,G,,corrected-archive-csv
162860,Luleå-Kallax Flygplats,13,Rådande väder,"momentanvärde, 1 gång/tim resp 8 gånger/dygn",kod,1992-08-10T10:00:00Z,1992-08-10T12:00:00+02:00,713440800000,,61,61,Y,,corrected-archive-csv
162860,Luleå-Kallax Flygplats,13,Rådande väder,"momentanvärde, 1 gång/tim resp 8 gånger/dygn",kod,1992-08-10T11:00:00Z,1992-08-10T13:00:00+02:00,713444400000,,61,61,Y,,corrected-archive-csv
162860,Luleå-Kallax Flygplats,13,Rådande väder,"momentanvärde, 1 gång/tim resp 8 gånger/dygn",kod,1992-08-10T12:00:00Z,1992-08-10T14:00:00+02:00,713448000000,,61,61,G,,corrected-archive-csv
162860,Luleå-Kallax Flygplats,13,Rådande väder,"momentanvärde, 1 gång/tim resp 8 gånger/dygn",kod,1992-08-10T13:00:00Z,1992-08-10T15:00:00+02:00,713451600000,,61,61,Y,,corrected-archive-csv
162860,Luleå-Kallax Flygplats,13,Rådande väder,"momentanvärde, 1 gång/tim resp 8 gånger/dygn",kod,1992-08-10T14:00:00Z,1992-08-10T16:00:00+02:00,713455200000,,61,61,Y,,corrected-archive-csv
162860,Luleå-Kallax Flygplats,13,Rådande väder,"momentanvärde, 1 gång/tim resp 8 gånger/dygn",kod,1992-08-10T15:00:00Z,1992-08-10T17:00:00+02:00,713458800000,,63,63,G,,corrected-archive-csv
162860,Luleå-Kallax Flygplats,13,Rådande väder,"momentanvärde, 1 gång/tim resp 8 gånger/dygn",kod,1992-08-10T16:00:00Z,1992-08-10T18:00:00+02:00,713462400000,,63,63,Y,,corrected-archive-csv
162860,Luleå-Kallax Flygplats,13,Rådande väder,"momentanvärde, 1 gång/tim resp 8 gånger/dygn",kod,1992-08-10T17:00:00Z,1992-08-10T19:00:00+02:00,713466000000,,63,63,Y,,corrected-archive-csv
162860,Luleå-Kallax Flygplats,13,Rådande väder,"momentanvärde, 1 gång/tim resp 8 gånger/dygn",kod,1992-08-10T18:00:00Z,1992-08-10T20:00:00+02:00,713469600000,,60,60,G,,corrected-archive-csv
162860,Luleå-Kallax Flygplats,13,Rådande väder,"momentanvärde, 1 gång/tim resp 8 gånger/dygn",kod,1992-08-10T19:00:00Z,1992-08-10T21:00:00+02:00,713473200000,,21,21,Y,,corrected-archive-csv
162860,Luleå-Kallax Flygplats,13,Rådande väder,"momentanvärde, 1 gång/tim resp 8 gånger/dygn",kod,1992-08-10T21:00:00Z,1992-08-10T23:00:00+02:00,713480400000,,0,0,G,,corrected-archive-csv
162860,Luleå-Kallax Flygplats,13,Rådande väder,"momentanvärde, 1 gång/tim resp 8 gånger/dygn",kod,1992-08-11T00:00:00Z,1992-08-11T02:00:00+02:00,713491200000,,51,51,G,,corrected-archive-csv
162860,Luleå-Kallax Flygplats,13,Rådande väder,"momentanvärde, 1 gång/tim resp 8 gånger/dygn",kod,1992-08-11T01:00:00Z,1992-08-11T03:00:00+02:00,713494800000,,20,20,Y,,corrected-archive-csv
162860,Luleå-Kallax Flygplats,13,Rådande väder,"momentanvärde, 1 gång/tim resp 8 gånger/dygn",kod,1992-08-11T02:00:00Z,1992-08-11T04:00:00+02:00,713498400000,,2,2,Y,,corrected-archive-csv
162860,Luleå-Kallax Flygplats,13,Rådande väder,"momentanvärde, 1 gång/tim resp 8 gånger/dygn",kod,1992-08-11T03:00:00Z,1992-08-11T05:00:00+02:00,713502000000,,2,2,G,,corrected-archive-csv
162860,Luleå-Kallax Flygplats,13,Rådande väder,"momentanvärde, 1 gång/tim resp 8 gånger/dygn",kod,1992-08-11T04:00:00Z,1992-08-11T06:00:00+02:00,713505600000,,2,2,Y,,corrected-archive-csv
162860,Luleå-Kallax Flygplats,13,Rådande väder,"momentanvärde, 1 gång/tim resp 8 gånger/dygn",kod,1992-08-11T05:00:00Z,1992-08-11T07:00:00+02:00,713509200000,,21,21,Y,,corrected-archive-csv
162860,Luleå-Kallax Flygplats,13,Rådande väder,"momentanvärde, 1 gång/tim resp 8 gånger/dygn",kod,1992-08-11T06:00:00Z,1992-08-11T08:00:00+02:00,713512800000,,2,2,G,,corrected-archive-csv
162860,Luleå-Kallax Flygplats,13,Rådande väder,"momentanvärde, 1 gång/tim resp 8 gånger/dygn",kod,1992-08-11T07:00:00Z,1992-08-11T09:00:00+02:00,713516400000,,95,95,Y,,corrected-archive-csv
162860,Luleå-Kallax Flygplats,13,Rådande väder,"momentanvärde, 1 gång/tim resp 8 gånger/dygn",kod,1992-08-11T08:00:00Z,1992-08-11T10:00:00+02:00,713520000000,,10,10,Y,,corrected-archive-csv
162860,Luleå-Kallax Flygplats,13,Rådande väder,"momentanvärde, 1 gång/tim resp 8 gånger/dygn",kod,1992-08-11T09:00:00Z,1992-08-11T11:00:00+02:00,713523600000,,2,2,G,,corrected-archive-csv
162860,Luleå-Kallax Flygplats,13,Rådande väder,"momentanvärde, 1 gång/tim resp 8 gånger/dygn",kod,1992-08-11T10:00:00Z,1992-08-11T12:00:00+02:00,713527200000,,17,17,Y,,corrected-archive-csv
162860,Luleå-Kallax Flygplats,13,Rådande väder,"momentanvärde, 1 gång/tim resp 8 gånger/dygn",kod,1992-08-11T11:00:00Z,1992-08-11T13:00:00+02:00,713530800000,,17,17,Y,,corrected-archive-csv
162860,Luleå-Kallax Flygplats,13,Rådande väder,"momentanvärde, 1 gång/tim resp 8 gånger/dygn",kod,1992-08-11T12:00:00Z,1992-08-11T14:00:00+02:00,713534400000,,10,10,G,,corrected-archive-csv
162860,Luleå-Kallax Flygplats,13,Rådande väder,"momentanvärde, 1 gång/tim resp 8 gånger/dygn",kod,1992-08-11T13:00:00Z,1992-08-11T15:00:00+02:00,713538000000,,10,10,Y,,corrected-archive-csv
162860,Luleå-Kallax Flygplats,13,Rådande väder,"momentanvärde, 1 gång/tim resp 8 gånger/dygn",kod,1992-08-11T14:00:00Z,1992-08-11T16:00:00+02:00,713541600000,,10,10,Y,,corrected-archive-csv
162860,Luleå-Kallax Flygplats,13,Rådande väder,"momentanvärde, 1 gång/tim resp 8 gånger/dygn",kod,1992-08-11T15:00:00Z,1992-08-11T17:00:00+02:00,713545200000,,0,0,G,,corrected-archive-csv
162860,Luleå-Kallax Flygplats,13,Rådande väder,"momentanvärde, 1 gång/tim resp 8 gånger/dygn",kod,1992-08-11T17:00:00Z,1992-08-11T19:00:00+02:00,713552400000,,50,50,Y,,corrected-archive-csv
162860,Luleå-Kallax Flygplats,13,Rådande väder,"momentanvärde, 1 gång/tim resp 8 gånger/dygn",kod,1992-08-11T18:00:00Z,1992-08-11T20:00:00+02:00,713556000000,,17,17,G,,corrected-archive-csv
162860,Luleå-Kallax Flygplats,13,Rådande väder,"momentanvärde, 1 gång/tim resp 8 gånger/dygn",kod,1992-08-11T19:00:00Z,1992-08-11T21:00:00+02:00,713559600000,,20,20,Y,,corrected-archive-csv
162860,Luleå-Kallax Flygplats,13,Rådande väder,"momentanvärde, 1 gång/tim resp 8 gånger/dygn",kod,1992-08-11T20:00:00Z,1992-08-11T22:00:00+02:00,713563200000,,10,10,Y,,corrected-archive-csv
162860,Luleå-Kallax Flygplats,13,Rådande väder,"momentanvärde, 1 gång/tim resp 8 gånger/dygn",kod,1992-08-11T21:00:00Z,1992-08-11T23:00:00+02:00,713566800000,,10,10,G,,corrected-archive-csv
162860,Luleå-Kallax Flygplats,13,Rådande väder,"momentanvärde, 1 gång/tim resp 8 gånger/dygn",kod,1992-08-11T22:00:00Z,1992-08-12T00:00:00+02:00,713570400000,,51,51,Y,,corrected-archive-csv
162860,Luleå-Kallax Flygplats,13,Rådande väder,"momentanvärde, 1 gång/tim resp 8 gånger/dygn",kod,1992-08-11T23:00:00Z,1992-08-12T01:00:00+02:00,713574000000,,50,50,Y,,corrected-archive-csv
162860,Luleå-Kallax Flygplats,13,Rådande väder,"momentanvärde, 1 gång/tim resp 8 gånger/dygn",kod,1992-08-12T00:00:00Z,1992-08-12T02:00:00+02:00,713577600000,,51,51,G,,corrected-archive-csv
162860,Luleå-Kallax Flygplats,13,Rådande väder,"momentanvärde, 1 gång/tim resp 8 gånger/dygn",kod,1992-08-12T01:00:00Z,1992-08-12T03:00:00+02:00,713581200000,,61,61,Y,,corrected-archive-csv
162860,Luleå-Kallax Flygplats,13,Rådande väder,"momentanvärde, 1 gång/tim resp 8 gånger/dygn",kod,1992-08-12T02:00:00Z,1992-08-12T04:00:00+02:00,713584800000,,63,63,Y,,corrected-archive-csv
162860,Luleå-Kallax Flygplats,13,Rådande väder,"momentanvärde, 1 gång/tim resp 8 gånger/dygn",kod,1992-08-12T03:00:00Z,1992-08-12T05:00:00+02:00,713588400000,,61,61,G,,corrected-archive-csv
162860,Luleå-Kallax Flygplats,13,Rådande väder,"momentanvärde, 1 gång/tim resp 8 gånger/dygn",kod,1992-08-12T04:00:00Z,1992-08-12T06:00:00+02:00,713592000000,,61,61,Y,,corrected-archive-csv
162860,Luleå-Kallax Flygplats,13,Rådande väder,"momentanvärde, 1 gång/tim resp 8 gånger/dygn",kod,1992-08-12T05:00:00Z,1992-08-12T07:00:00+02:00,713595600000,,61,61,Y,,corrected-archive-csv
162860,Luleå-Kallax Flygplats,13,Rådande väder,"momentanvärde, 1 gång/tim resp 8 gånger/dygn",kod,1992-08-12T06:00:00Z,1992-08-12T08:00:00+02:00,713599200000,,61,61,G,,corrected-archive-csv
162860,Luleå-Kallax Flygplats,13,Rådande väder,"momentanvärde, 1 gång/tim resp 8 gånger/dygn",kod,1992-08-12T07:00:00Z,1992-08-12T09:00:00+02:00,713602800000,,65,65,Y,,corrected-archive-csv
162860,Luleå-Kallax Flygplats,13,Rådande väder,"momentanvärde, 1 gång/tim resp 8 gånger/dygn",kod,1992-08-12T08:00:00Z,1992-08-12T10:00:00+02:00,713606400000,,61,61,Y,,corrected-archive-csv
162860,Luleå-Kallax Flygplats,13,Rådande väder,"momentanvärde, 1 gång/tim resp 8 gånger/dygn",kod,1992-08-12T09:00:00Z,1992-08-12T11:00:00+02:00,713610000000,,21,21,G,,corrected-archive-csv
162860,Luleå-Kallax Flygplats,13,Rådande väder,"momentanvärde, 1 gång/tim resp 8 gånger/dygn",kod,1992-08-12T10:00:00Z,1992-08-12T12:00:00+02:00,713613600000,,2,2,Y,,corrected-archive-csv
162860,Luleå-Kallax Flygplats,13,Rådande väder,"momentanvärde, 1 gång/tim resp 8 gånger/dygn",kod,1992-08-12T11:00:00Z,1992-08-12T13:00:00+02:00,713617200000,,61,61,Y,,corrected-archive-csv
162860,Luleå-Kallax Flygplats,13,Rådande väder,"momentanvärde, 1 gång/tim resp 8 gånger/dygn",kod,1992-08-12T12:00:00Z,1992-08-12T14:00:00+02:00,713620800000,,21,21,G,,corrected-archive-csv
162860,Luleå-Kallax Flygplats,13,Rådande väder,"momentanvärde, 1 gång/tim resp 8 gånger/dygn",kod,1992-08-12T15:00:00Z,1992-08-12T17:00:00+02:00,713631600000,,0,0,G,,corrected-archive-csv
162860,Luleå-Kallax Flygplats,13,Rådande väder,"momentanvärde, 1 gång/tim resp 8 gånger/dygn",kod,1992-08-12T18:00:00Z,1992-08-12T20:00:00+02:00,713642400000,,0,0,G,,corrected-archive-csv
162860,Luleå-Kallax Flygplats,13,Rådande väder,"momentanvärde, 1 gång/tim resp 8 gånger/dygn",kod,1992-08-12T21:00:00Z,1992-08-12T23:00:00+02:00,713653200000,,0,0,G,,corrected-archive-csv
162860,Luleå-Kallax Flygplats,13,Rådande väder,"momentanvärde, 1 gång/tim resp 8 gånger/dygn",kod,1992-08-13T00:00:00Z,1992-08-13T02:00:00+02:00,713664000000,,0,0,G,,corrected-archive-csv
162860,Luleå-Kallax Flygplats,13,Rådande väder,"momentanvärde, 1 gång/tim resp 8 gånger/dygn",kod,1992-08-13T03:00:00Z,1992-08-13T05:00:00+02:00,713674800000,,0,0,G,,corrected-archive-csv
162860,Luleå-Kallax Flygplats,13,Rådande väder,"momentanvärde, 1 gång/tim resp 8 gånger/dygn",kod,1992-08-13T06:00:00Z,1992-08-13T08:00:00+02:00,713685600000,,0,0,G,,corrected-archive-csv
162860,Luleå-Kallax Flygplats,13,Rådande väder,"momentanvärde, 1 gång/tim resp 8 gånger/dygn",kod,1992-08-13T09:00:00Z,1992-08-13T11:00:00+02:00,713696400000,,0,0,G,,corrected-archive-csv
162860,Luleå-Kallax Flygplats,13,Rådande väder,"momentanvärde, 1 gång/tim resp 8 gånger/dygn",kod,1992-08-13T12:00:00Z,1992-08-13T14:00:00+02:00,713707200000,,0,0,G,,corrected-archive-csv
162860,Luleå-Kallax Flygplats,13,Rådande väder,"momentanvärde, 1 gång/tim resp 8 gånger/dygn",kod,1992-08-13T15:00:00Z,1992-08-13T17:00:00+02:00,713718000000,,0,0,G,,corrected-archive-csv
162860,Luleå-Kallax Flygplats,13,Rådande väder,"momentanvärde, 1 gång/tim resp 8 gånger/dygn",kod,1992-08-13T18:00:00Z,1992-08-13T20:00:00+02:00,713728800000,,0,0,G,,corrected-archive-csv
162860,Luleå-Kallax Flygplats,13,Rådande väder,"momentanvärde, 1 gång/tim resp 8 gånger/dygn",kod,1992-08-13T21:00:00Z,1992-08-13T23:00:00+02:00,713739600000,,0,0,G,,corrected-archive-csv
162860,Luleå-Kallax Flygplats,13,Rådande väder,"momentanvärde, 1 gång/tim resp 8 gånger/dygn",kod,1992-08-14T00:00:00Z,1992-08-14T02:00:00+02:00,713750400000,,0,0,G,,corrected-archive-csv
162860,Luleå-Kallax Flygplats,13,Rådande väder,"momentanvärde, 1 gång/tim resp 8 gånger/dygn",kod,1992-08-14T03:00:00Z,1992-08-14T05:00:00+02:00,713761200000,,0,0,G,,corrected-archive-csv
162860,Luleå-Kallax Flygplats,13,Rådande väder,"momentanvärde, 1 gång/tim resp 8 gånger/dygn",kod,1992-08-14T06:00:00Z,1992-08-14T08:00:00+02:00,713772000000,,0,0,G,,corrected-archive-csv
162860,Luleå-Kallax Flygplats,13,Rådande väder,"momentanvärde, 1 gång/tim resp 8 gånger/dygn",kod,1992-08-14T07:00:00Z,1992-08-14T09:00:00+02:00,713775600000,,50,50,Y,,corrected-archive-csv
162860,Luleå-Kallax Flygplats,13,Rådande väder,"momentanvärde, 1 gång/tim resp 8 gånger/dygn",kod,1992-08-14T08:00:00Z,1992-08-14T10:00:00+02:00,713779200000,,21,21,Y,,corrected-archive-csv
162860,Luleå-Kallax Flygplats,13,Rådande väder,"momentanvärde, 1 gång/tim resp 8 gånger/dygn",kod,1992-08-14T09:00:00Z,1992-08-14T11:00:00+02:00,713782800000,,60,60,G,,corrected-archive-csv
162860,Luleå-Kallax Flygplats,13,Rådande väder,"momentanvärde, 1 gång/tim resp 8 gånger/dygn",kod,1992-08-14T10:00:00Z,1992-08-14T12:00:00+02:00,713786400000,,60,60,Y,,corrected-archive-csv
162860,Luleå-Kallax Flygplats,13,Rådande väder,"momentanvärde, 1 gång/tim resp 8 gånger/dygn",kod,1992-08-14T11:00:00Z,1992-08-14T13:00:00+02:00,713790000000,,61,61,Y,,corrected-archive-csv
162860,Luleå-Kallax Flygplats,13,Rådande väder,"momentanvärde, 1 gång/tim resp 8 gånger/dygn",kod,1992-08-14T12:00:00Z,1992-08-14T14:00:00+02:00,713793600000,,61,61,G,,corrected-archive-csv
162860,Luleå-Kallax Flygplats,13,Rådande väder,"momentanvärde, 1 gång/tim resp 8 gånger/dygn",kod,1992-08-14T13:00:00Z,1992-08-14T15:00:00+02:00,713797200000,,63,63,Y,,corrected-archive-csv
162860,Luleå-Kallax Flygplats,13,Rådande väder,"momentanvärde, 1 gång/tim resp 8 gånger/dygn",kod,1992-08-14T14:00:00Z,1992-08-14T16:00:00+02:00,713800800000,,61,61,Y,,corrected-archive-csv
162860,Luleå-Kallax Flygplats,13,Rådande väder,"momentanvärde, 1 gång/tim resp 8 gånger/dygn",kod,1992-08-14T15:00:00Z,1992-08-14T17:00:00+02:00,713804400000,,63,63,G,,corrected-archive-csv
162860,Luleå-Kallax Flygplats,13,Rådande väder,"momentanvärde, 1 gång/tim resp 8 gånger/dygn",kod,1992-08-14T16:00:00Z,1992-08-14T18:00:00+02:00,713808000000,,63,63,Y,,corrected-archive-csv
162860,Luleå-Kallax Flygplats,13,Rådande väder,"momentanvärde, 1 gång/tim resp 8 gånger/dygn",kod,1992-08-14T17:00:00Z,1992-08-14T19:00:00+02:00,713811600000,,61,61,Y,,corrected-archive-csv
162860,Luleå-Kallax Flygplats,13,Rådande väder,"momentanvärde, 1 gång/tim resp 8 gånger/dygn",kod,1992-08-14T18:00:00Z,1992-08-14T20:00:00+02:00,713815200000,,63,63,G,,corrected-archive-csv
162860,Luleå-Kallax Flygplats,13,Rådande väder,"momentanvärde, 1 gång/tim resp 8 gånger/dygn",kod,1992-08-14T19:00:00Z,1992-08-14T21:00:00+02:00,713818800000,,61,61,Y,,corrected-archive-csv
162860,Luleå-Kallax Flygplats,13,Rådande väder,"momentanvärde, 1 gång/tim resp 8 gånger/dygn",kod,1992-08-14T20:00:00Z,1992-08-14T22:00:00+02:00,713822400000,,21,21,Y,,corrected-archive-csv
162860,Luleå-Kallax Flygplats,13,Rådande väder,"momentanvärde, 1 gång/tim resp 8 gånger/dygn",kod,1992-08-14T21:00:00Z,1992-08-14T23:00:00+02:00,713826000000,,2,2,G,,corrected-archive-csv
162860,Luleå-Kallax Flygplats,13,Rådande väder,"momentanvärde, 1 gång/tim resp 8 gånger/dygn",kod,1992-08-14T22:00:00Z,1992-08-15T00:00:00+02:00,713829600000,,2,2,Y,,corrected-archive-csv
162860,Luleå-Kallax Flygplats,13,Rådande väder,"momentanvärde, 1 gång/tim resp 8 gånger/dygn",kod,1992-08-14T23:00:00Z,1992-08-15T01:00:00+02:00,713833200000,,2,2,Y,,corrected-archive-csv
162860,Luleå-Kallax Flygplats,13,Rådande väder,"momentanvärde, 1 gång/tim resp 8 gånger/dygn",kod,1992-08-15T00:00:00Z,1992-08-15T02:00:00+02:00,713836800000,,10,10,G,,corrected-archive-csv
162860,Luleå-Kallax Flygplats,13,Rådande väder,"momentanvärde, 1 gång/tim resp 8 gånger/dygn",kod,1992-08-15T01:00:00Z,1992-08-15T03:00:00+02:00,713840400000,,47,47,Y,,corrected-archive-csv
162860,Luleå-Kallax Flygplats,13,Rådande väder,"momentanvärde, 1 gång/tim resp 8 gånger/dygn",kod,1992-08-15T02:00:00Z,1992-08-15T04:00:00+02:00,713844000000,,62,62,Y,,corrected-archive-csv
162860,Luleå-Kallax Flygplats,13,Rådande väder,"momentanvärde, 1 gång/tim resp 8 gånger/dygn",kod,1992-08-15T03:00:00Z,1992-08-15T05:00:00+02:00,713847600000,,10,10,G,,corrected-archive-csv
162860,Luleå-Kallax Flygplats,13,Rådande väder,"momentanvärde, 1 gång/tim resp 8 gånger/dygn",kod,1992-08-15T04:00:00Z,1992-08-15T06:00:00+02:00,713851200000,,47,47,Y,,corrected-archive-csv
162860,Luleå-Kallax Flygplats,13,Rådande väder,"momentanvärde, 1 gång/tim resp 8 gånger/dygn",kod,1992-08-15T05:00:00Z,1992-08-15T07:00:00+02:00,713854800000,,45,45,Y,,corrected-archive-csv
162860,Luleå-Kallax Flygplats,13,Rådande väder,"momentanvärde, 1 gång/tim resp 8 gånger/dygn",kod,1992-08-15T06:00:00Z,1992-08-15T08:00:00+02:00,713858400000,,61,61,G,,corrected-archive-csv
162860,Luleå-Kallax Flygplats,13,Rådande väder,"momentanvärde, 1 gång/tim resp 8 gånger/dygn",kod,1992-08-15T07:00:00Z,1992-08-15T09:00:00+02:00,713862000000,,60,60,Y,,corrected-archive-csv
162860,Luleå-Kallax Flygplats,13,Rådande väder,"momentanvärde, 1 gång/tim resp 8 gånger/dygn",kod,1992-08-15T08:00:00Z,1992-08-15T10:00:00+02:00,713865600000,,21,21,Y,,corrected-archive-csv
162860,Luleå-Kallax Flygplats,13,Rådande väder,"momentanvärde, 1 gång/tim resp 8 gånger/dygn",kod,1992-08-15T09:00:00Z,1992-08-15T11:00:00+02:00,713869200000,,10,10,G,,corrected-archive-csv
162860,Luleå-Kallax Flygplats,13,Rådande väder,"momentanvärde, 1 gång/tim resp 8 gånger/dygn",kod,1992-08-15T10:00:00Z,1992-08-15T12:00:00+02:00,713872800000,,51,51,Y,,corrected-archive-csv
162860,Luleå-Kallax Flygplats,13,Rådande väder,"momentanvärde, 1 gång/tim resp 8 gånger/dygn",kod,1992-08-15T11:00:00Z,1992-08-15T13:00:00+02:00,713876400000,,61,61,Y,,corrected-archive-csv
162860,Luleå-Kallax Flygplats,13,Rådande väder,"momentanvärde, 1 gång/tim resp 8 gånger/dygn",kod,1992-08-15T12:00:00Z,1992-08-15T14:00:00+02:00,713880000000,,61,61,G,,corrected-archive-csv
162860,Luleå-Kallax Flygplats,13,Rådande väder,"momentanvärde, 1 gång/tim resp 8 gånger/dygn",kod,1992-08-15T13:00:00Z,1992-08-15T15:00:00+02:00,713883600000,,61,61,Y,,corrected-archive-csv
162860,Luleå-Kallax Flygplats,13,Rådande väder,"momentanvärde, 1 gång/tim resp 8 gånger/dygn",kod,1992-08-15T14:00:00Z,1992-08-15T16:00:00+02:00,713887200000,,61,61,Y,,corrected-archive-csv
162860,Luleå-Kallax Flygplats,13,Rådande väder,"momentanvärde, 1 gång/tim resp 8 gånger/dygn",kod,1992-08-15T15:00:00Z,1992-08-15T17:00:00+02:00,713890800000,,61,61,G,,corrected-archive-csv
162860,Luleå-Kallax Flygplats,13,Rådande väder,"momentanvärde, 1 gång/tim resp 8 gånger/dygn",kod,1992-08-15T16:00:00Z,1992-08-15T18:00:00+02:00,713894400000,,61,61,Y,,corrected-archive-csv
162860,Luleå-Kallax Flygplats,13,Rådande väder,"momentanvärde, 1 gång/tim resp 8 gånger/dygn",kod,1992-08-15T17:00:00Z,1992-08-15T19:00:00+02:00,713898000000,,61,61,Y,,corrected-archive-csv
162860,Luleå-Kallax Flygplats,13,Rådande väder,"momentanvärde, 1 gång/tim resp 8 gånger/dygn",kod,1992-08-15T18:00:00Z,1992-08-15T20:00:00+02:00,713901600000,,61,61,G,,corrected-archive-csv
162860,Luleå-Kallax Flygplats,13,Rådande väder,"momentanvärde, 1 gång/tim resp 8 gånger/dygn",kod,1992-08-15T19:00:00Z,1992-08-15T21:00:00+02:00,713905200000,,61,61,Y,,corrected-archive-csv
162860,Luleå-Kallax Flygplats,13,Rådande väder,"momentanvärde, 1 gång/tim resp 8 gånger/dygn",kod,1992-08-15T20:00:00Z,1992-08-15T22:00:00+02:00,713908800000,,61,61,Y,,corrected-archive-csv
162860,Luleå-Kallax Flygplats,13,Rådande väder,"momentanvärde, 1 gång/tim resp 8 gånger/dygn",kod,1992-08-15T21:00:00Z,1992-08-15T23:00:00+02:00,713912400000,,61,61,G,,corrected-archive-csv
162860,Luleå-Kallax Flygplats,13,Rådande väder,"momentanvärde, 1 gång/tim resp 8 gånger/dygn",kod,1992-08-15T22:00:00Z,1992-08-16T00:00:00+02:00,713916000000,,61,61,Y,,corrected-archive-csv
162860,Luleå-Kallax Flygplats,13,Rådande väder,"momentanvärde, 1 gång/tim resp 8 gånger/dygn",kod,1992-08-15T23:00:00Z,1992-08-16T01:00:00+02:00,713919600000,,61,61,Y,,corrected-archive-csv
162860,Luleå-Kallax Flygplats,13,Rådande väder,"momentanvärde, 1 gång/tim resp 8 gånger/dygn",kod,1992-08-16T00:00:00Z,1992-08-16T02:00:00+02:00,713923200000,,61,61,G,,corrected-archive-csv
162860,Luleå-Kallax Flygplats,13,Rådande väder,"momentanvärde, 1 gång/tim resp 8 gånger/dygn",kod,1992-08-16T01:00:00Z,1992-08-16T03:00:00+02:00,713926800000,,61,61,Y,,corrected-archive-csv
162860,Luleå-Kallax Flygplats,13,Rådande väder,"momentanvärde, 1 gång/tim resp 8 gånger/dygn",kod,1992-08-16T02:00:00Z,1992-08-16T04:00:00+02:00,713930400000,,60,60,Y,,corrected-archive-csv
162860,Luleå-Kallax Flygplats,13,Rådande väder,"momentanvärde, 1 gång/tim resp 8 gånger/dygn",kod,1992-08-16T03:00:00Z,1992-08-16T05:00:00+02:00,713934000000,,21,21,G,,corrected-archive-csv
162860,Luleå-Kallax Flygplats,13,Rådande väder,"momentanvärde, 1 gång/tim resp 8 gånger/dygn",kod,1992-08-16T04:00:00Z,1992-08-16T06:00:00+02:00,713937600000,,61,61,Y,,corrected-archive-csv
162860,Luleå-Kallax Flygplats,13,Rådande väder,"momentanvärde, 1 gång/tim resp 8 gånger/dygn",kod,1992-08-16T05:00:00Z,1992-08-16T07:00:00+02:00,713941200000,,61,61,Y,,corrected-archive-csv
162860,Luleå-Kallax Flygplats,13,Rådande väder,"momentanvärde, 1 gång/tim resp 8 gånger/dygn",kod,1992-08-16T06:00:00Z,1992-08-16T08:00:00+02:00,713944800000,,61,61,G,,corrected-archive-csv
162860,Luleå-Kallax Flygplats,13,Rådande väder,"momentanvärde, 1 gång/tim resp 8 gånger/dygn",kod,1992-08-16T07:00:00Z,1992-08-16T09:00:00+02:00,713948400000,,21,21,Y,,corrected-archive-csv
162860,Luleå-Kallax Flygplats,13,Rådande väder,"momentanvärde, 1 gång/tim resp 8 gånger/dygn",kod,1992-08-16T08:00:00Z,1992-08-16T10:00:00+02:00,713952000000,,2,2,Y,,corrected-archive-csv
162860,Luleå-Kallax Flygplats,13,Rådande väder,"momentanvärde, 1 gång/tim resp 8 gånger/dygn",kod,1992-08-16T09:00:00Z,1992-08-16T11:00:00+02:00,713955600000,,61,61,G,,corrected-archive-csv
162860,Luleå-Kallax Flygplats,13,Rådande väder,"momentanvärde, 1 gång/tim resp 8 gånger/dygn",kod,1992-08-16T10:00:00Z,1992-08-16T12:00:00+02:00,713959200000,,61,61,Y,,corrected-archive-csv
162860,Luleå-Kallax Flygplats,13,Rådande väder,"momentanvärde, 1 gång/tim resp 8 gånger/dygn",kod,1992-08-16T11:00:00Z,1992-08-16T13:00:00+02:00,713962800000,,21,21,Y,,corrected-archive-csv
162860,Luleå-Kallax Flygplats,13,Rådande väder,"momentanvärde, 1 gång/tim resp 8 gånger/dygn",kod,1992-08-16T12:00:00Z,1992-08-16T14:00:00+02:00,713966400000,,50,50,G,,corrected-archive-csv
162860,Luleå-Kallax Flygplats,13,Rådande väder,"momentanvärde, 1 gång/tim resp 8 gånger/dygn",kod,1992-08-16T13:00:00Z,1992-08-16T15:00:00+02:00,713970000000,,20,20,Y,,corrected-archive-csv
162860,Luleå-Kallax Flygplats,13,Rådande väder,"momentanvärde, 1 gång/tim resp 8 gånger/dygn",kod,1992-08-16T14:00:00Z,1992-08-16T16:00:00+02:00,713973600000,,2,2,Y,,corrected-archive-csv
162860,Luleå-Kallax Flygplats,13,Rådande väder,"momentanvärde, 1 gång/tim resp 8 gånger/dygn",kod,1992-08-16T15:00:00Z,1992-08-16T17:00:00+02:00,713977200000,,1,1,G,,corrected-archive-csv
162860,Luleå-Kallax Flygplats,13,Rådande väder,"momentanvärde, 1 gång/tim resp 8 gånger/dygn",kod,1992-08-16T16:00:00Z,1992-08-16T18:00:00+02:00,713980800000,,1,1,Y,,corrected-archive-csv
162860,Luleå-Kallax Flygplats,13,Rådande väder,"momentanvärde, 1 gång/tim resp 8 gånger/dygn",kod,1992-08-16T17:00:00Z,1992-08-16T19:00:00+02:00,713984400000,,1,1,Y,,corrected-archive-csv
162860,Luleå-Kallax Flygplats,13,Rådande väder,"momentanvärde, 1 gång/tim resp 8 gånger/dygn",kod,1992-08-16T18:00:00Z,1992-08-16T20:00:00+02:00,713988000000,,15,15,G,,corrected-archive-csv
162860,Luleå-Kallax Flygplats,13,Rådande väder,"momentanvärde, 1 gång/tim resp 8 gånger/dygn",kod,1992-08-16T19:00:00Z,1992-08-16T21:00:00+02:00,713991600000,,15,15,Y,,corrected-archive-csv
162860,Luleå-Kallax Flygplats,13,Rådande väder,"momentanvärde, 1 gång/tim resp 8 gånger/dygn",kod,1992-08-16T20:00:00Z,1992-08-16T22:00:00+02:00,713995200000,,61,61,Y,,corrected-archive-csv
162860,Luleå-Kallax Flygplats,13,Rådande väder,"momentanvärde, 1 gång/tim resp 8 gånger/dygn",kod,1992-08-16T21:00:00Z,1992-08-16T23:00:00+02:00,713998800000,,21,21,G,,corrected-archive-csv
162860,Luleå-Kallax Flygplats,13,Rådande väder,"momentanvärde, 1 gång/tim resp 8 gånger/dygn",kod,1992-08-17T00:00:00Z,1992-08-17T02:00:00+02:00,714009600000,,0,0,G,,corrected-archive-csv
162860,Luleå-Kallax Flygplats,13,Rådande väder,"momentanvärde, 1 gång/tim resp 8 gånger/dygn",kod,1992-08-17T03:00:00Z,1992-08-17T05:00:00+02:00,714020400000,,0,0,G,,corrected-archive-csv
162860,Luleå-Kallax Flygplats,13,Rådande väder,"momentanvärde, 1 gång/tim resp 8 gånger/dygn",kod,1992-08-17T06:00:00Z,1992-08-17T08:00:00+02:00,714031200000,,0,0,G,,corrected-archive-csv
162860,Luleå-Kallax Flygplats,13,Rådande väder,"momentanvärde, 1 gång/tim resp 8 gånger/dygn",kod,1992-08-17T09:00:00Z,1992-08-17T11:00:00+02:00,714042000000,,0,0,G,,corrected-archive-csv
162860,Luleå-Kallax Flygplats,13,Rådande väder,"momentanvärde, 1 gång/tim resp 8 gånger/dygn",kod,1992-08-17T12:00:00Z,1992-08-17T14:00:00+02:00,714052800000,,0,0,G,,corrected-archive-csv
162860,Luleå-Kallax Flygplats,13,Rådande väder,"momentanvärde, 1 gång/tim resp 8 gånger/dygn",kod,1992-08-17T13:00:00Z,1992-08-17T15:00:00+02:00,714056400000,,61,61,Y,,corrected-archive-csv
162860,Luleå-Kallax Flygplats,13,Rådande väder,"momentanvärde, 1 gång/tim resp 8 gånger/dygn",kod,1992-08-17T14:00:00Z,1992-08-17T16:00:00+02:00,714060000000,,61,61,Y,,corrected-archive-csv
162860,Luleå-Kallax Flygplats,13,Rådande väder,"momentanvärde, 1 gång/tim resp 8 gånger/dygn",kod,1992-08-17T15:00:00Z,1992-08-17T17:00:00+02:00,714063600000,,61,61,G,,corrected-archive-csv
162860,Luleå-Kallax Flygplats,13,Rådande väder,"momentanvärde, 1 gång/tim resp 8 gånger/dygn",kod,1992-08-17T16:00:00Z,1992-08-17T18:00:00+02:00,714067200000,,21,21,Y,,corrected-archive-csv
162860,Luleå-Kallax Flygplats,13,Rådande väder,"momentanvärde, 1 gång/tim resp 8 gånger/dygn",kod,1992-08-17T17:00:00Z,1992-08-17T19:00:00+02:00,714070800000,,10,10,Y,,corrected-archive-csv
162860,Luleå-Kallax Flygplats,13,Rådande väder,"momentanvärde, 1 gång/tim resp 8 gånger/dygn",kod,1992-08-17T18:00:00Z,1992-08-17T20:00:00+02:00,714074400000,,61,61,G,,corrected-archive-csv
162860,Luleå-Kallax Flygplats,13,Rådande väder,"momentanvärde, 1 gång/tim resp 8 gånger/dygn",kod,1992-08-17T19:00:00Z,1992-08-17T21:00:00+02:00,714078000000,,61,61,Y,,corrected-archive-csv
162860,Luleå-Kallax Flygplats,13,Rådande väder,"momentanvärde, 1 gång/tim resp 8 gånger/dygn",kod,1992-08-17T20:00:00Z,1992-08-17T22:00:00+02:00,714081600000,,61,61,Y,,corrected-archive-csv
162860,Luleå-Kallax Flygplats,13,Rådande väder,"momentanvärde, 1 gång/tim resp 8 gånger/dygn",kod,1992-08-17T21:00:00Z,1992-08-17T23:00:00+02:00,714085200000,,61,61,G,,corrected-archive-csv
162860,Luleå-Kallax Flygplats,13,Rådande väder,"momentanvärde, 1 gång/tim resp 8 gånger/dygn",kod,1992-08-17T22:00:00Z,1992-08-18T00:00:00+02:00,714088800000,,61,61,Y,,corrected-archive-csv
162860,Luleå-Kallax Flygplats,13,Rådande väder,"momentanvärde, 1 gång/tim resp 8 gånger/dygn",kod,1992-08-17T23:00:00Z,1992-08-18T01:00:00+02:00,714092400000,,61,61,Y,,corrected-archive-csv
162860,Luleå-Kallax Flygplats,13,Rådande väder,"momentanvärde, 1 gång/tim resp 8 gånger/dygn",kod,1992-08-18T00:00:00Z,1992-08-18T02:00:00+02:00,714096000000,,61,61,G,,corrected-archive-csv
162860,Luleå-Kallax Flygplats,13,Rådande väder,"momentanvärde, 1 gång/tim resp 8 gånger/dygn",kod,1992-08-18T01:00:00Z,1992-08-18T03:00:00+02:00,714099600000,,51,51,Y,,corrected-archive-csv
162860,Luleå-Kallax Flygplats,13,Rådande väder,"momentanvärde, 1 gång/tim resp 8 gånger/dygn",kod,1992-08-18T02:00:00Z,1992-08-18T04:00:00+02:00,714103200000,,61,61,Y,,corrected-archive-csv
162860,Luleå-Kallax Flygplats,13,Rådande väder,"momentanvärde, 1 gång/tim resp 8 gånger/dygn",kod,1992-08-18T03:00:00Z,1992-08-18T05:00:00+02:00,714106800000,,61,61,G,,corrected-archive-csv
162860,Luleå-Kallax Flygplats,13,Rådande väder,"momentanvärde, 1 gång/tim resp 8 gånger/dygn",kod,1992-08-18T04:00:00Z,1992-08-18T06:00:00+02:00,714110400000,,51,51,Y,,corrected-archive-csv
162860,Luleå-Kallax Flygplats,13,Rådande väder,"momentanvärde, 1 gång/tim resp 8 gånger/dygn",kod,1992-08-18T05:00:00Z,1992-08-18T07:00:00+02:00,714114000000,,61,61,Y,,corrected-archive-csv
162860,Luleå-Kallax Flygplats,13,Rådande väder,"momentanvärde, 1 gång/tim resp 8 gånger/dygn",kod,1992-08-18T06:00:00Z,1992-08-18T08:00:00+02:00,714117600000,,61,61,G,,corrected-archive-csv
162860,Luleå-Kallax Flygplats,13,Rådande väder,"momentanvärde, 1 gång/tim resp 8 gånger/dygn",kod,1992-08-18T07:00:00Z,1992-08-18T09:00:00+02:00,714121200000,,61,61,Y,,corrected-archive-csv
162860,Luleå-Kallax Flygplats,13,Rådande väder,"momentanvärde, 1 gång/tim resp 8 gånger/dygn",kod,1992-08-18T08:00:00Z,1992-08-18T10:00:00+02:00,714124800000,,61,61,Y,,corrected-archive-csv
162860,Luleå-Kallax Flygplats,13,Rådande väder,"momentanvärde, 1 gång/tim resp 8 gånger/dygn",kod,1992-08-18T09:00:00Z,1992-08-18T11:00:00+02:00,714128400000,,61,61,G,,corrected-archive-csv
162860,Luleå-Kallax Flygplats,13,Rådande väder,"momentanvärde, 1 gång/tim resp 8 gånger/dygn",kod,1992-08-18T10:00:00Z,1992-08-18T12:00:00+02:00,714132000000,,61,61,Y,,corrected-archive-csv
162860,Luleå-Kallax Flygplats,13,Rådande väder,"momentanvärde, 1 gång/tim resp 8 gånger/dygn",kod,1992-08-18T11:00:00Z,1992-08-18T13:00:00+02:00,714135600000,,61,61,Y,,corrected-archive-csv
162860,Luleå-Kallax Flygplats,13,Rådande väder,"momentanvärde, 1 gång/tim resp 8 gånger/dygn",kod,1992-08-18T12:00:00Z,1992-08-18T14:00:00+02:00,714139200000,,61,61,G,,corrected-archive-csv
162860,Luleå-Kallax Flygplats,13,Rådande väder,"momentanvärde, 1 gång/tim resp 8 gånger/dygn",kod,1992-08-18T13:00:00Z,1992-08-18T15:00:00+02:00,714142800000,,61,61,Y,,corrected-archive-csv
162860,Luleå-Kallax Flygplats,13,Rådande väder,"momentanvärde, 1 gång/tim resp 8 gånger/dygn",kod,1992-08-18T14:00:00Z,1992-08-18T16:00:00+02:00,714146400000,,53,53,Y,,corrected-archive-csv
162860,Luleå-Kallax Flygplats,13,Rådande väder,"momentanvärde, 1 gång/tim resp 8 gånger/dygn",kod,1992-08-18T15:00:00Z,1992-08-18T17:00:00+02:00,714150000000,,61,61,G,,corrected-archive-csv
162860,Luleå-Kallax Flygplats,13,Rådande väder,"momentanvärde, 1 gång/tim resp 8 gånger/dygn",kod,1992-08-18T16:00:00Z,1992-08-18T18:00:00+02:00,714153600000,,61,61,Y,,corrected-archive-csv
162860,Luleå-Kallax Flygplats,13,Rådande väder,"momentanvärde, 1 gång/tim resp 8 gånger/dygn",kod,1992-08-18T17:00:00Z,1992-08-18T19:00:00+02:00,714157200000,,61,61,Y,,corrected-archive-csv
162860,Luleå-Kallax Flygplats,13,Rådande väder,"momentanvärde, 1 gång/tim resp 8 gånger/dygn",kod,1992-08-18T18:00:00Z,1992-08-18T20:00:00+02:00,714160800000,,51,51,G,,corrected-archive-csv
162860,Luleå-Kallax Flygplats,13,Rådande väder,"momentanvärde, 1 gång/tim resp 8 gånger/dygn",kod,1992-08-18T21:00:00Z,1992-08-18T23:00:00+02:00,714171600000,,0,0,G,,corrected-archive-csv
162860,Luleå-Kallax Flygplats,13,Rådande väder,"momentanvärde, 1 gång/tim resp 8 gånger/dygn",kod,1992-08-19T00:00:00Z,1992-08-19T02:00:00+02:00,714182400000,,0,0,G,,corrected-archive-csv
162860,Luleå-Kallax Flygplats,13,Rådande väder,"momentanvärde, 1 gång/tim resp 8 gånger/dygn",kod,1992-08-19T03:00:00Z,1992-08-19T05:00:00+02:00,714193200000,,51,51,G,,corrected-archive-csv
162860,Luleå-Kallax Flygplats,13,Rådande väder,"momentanvärde, 1 gång/tim resp 8 gånger/dygn",kod,1992-08-19T04:00:00Z,1992-08-19T06:00:00+02:00,714196800000,,61,61,Y,,corrected-archive-csv
162860,Luleå-Kallax Flygplats,13,Rådande väder,"momentanvärde, 1 gång/tim resp 8 gånger/dygn",kod,1992-08-19T05:00:00Z,1992-08-19T07:00:00+02:00,714200400000,,61,61,Y,,corrected-archive-csv
162860,Luleå-Kallax Flygplats,13,Rådande väder,"momentanvärde, 1 gång/tim resp 8 gånger/dygn",kod,1992-08-19T06:00:00Z,1992-08-19T08:00:00+02:00,714204000000,,61,61,G,,corrected-archive-csv
162860,Luleå-Kallax Flygplats,13,Rådande väder,"momentanvärde, 1 gång/tim resp 8 gånger/dygn",kod,1992-08-19T07:00:00Z,1992-08-19T09:00:00+02:00,714207600000,,61,61,Y,,corrected-archive-csv
162860,Luleå-Kallax Flygplats,13,Rådande väder,"momentanvärde, 1 gång/tim resp 8 gånger/dygn",kod,1992-08-19T08:00:00Z,1992-08-19T10:00:00+02:00,714211200000,,20,20,Y,,corrected-archive-csv
162860,Luleå-Kallax Flygplats,13,Rådande väder,"momentanvärde, 1 gång/tim resp 8 gånger/dygn",kod,1992-08-19T09:00:00Z,1992-08-19T11:00:00+02:00,714214800000,,51,51,G,,corrected-archive-csv
162860,Luleå-Kallax Flygplats,13,Rådande väder,"momentanvärde, 1 gång/tim resp 8 gånger/dygn",kod,1992-08-19T10:00:00Z,1992-08-19T12:00:00+02:00,714218400000,,2,2,Y,,corrected-archive-csv
162860,Luleå-Kallax Flygplats,13,Rådande väder,"momentanvärde, 1 gång/tim resp 8 gånger/dygn",kod,1992-08-19T11:00:00Z,1992-08-19T13:00:00+02:00,714222000000,,2,2,Y,,corrected-archive-csv
162860,Luleå-Kallax Flygplats,13,Rådande väder,"momentanvärde, 1 gång/tim resp 8 gånger/dygn",kod,1992-08-19T12:00:00Z,1992-08-19T14:00:00+02:00,714225600000,,2,2,G,,corrected-archive-csv
162860,Luleå-Kallax Flygplats,13,Rådande väder,"momentanvärde, 1 gång/tim resp 8 gånger/dygn",kod,1992-08-19T15:00:00Z,1992-08-19T17:00:00+02:00,714236400000,,0,0,G,,corrected-archive-csv
162860,Luleå-Kallax Flygplats,13,Rådande väder,"momentanvärde, 1 gång/tim resp 8 gånger/dygn",kod,1992-08-19T18:00:00Z,1992-08-19T20:00:00+02:00,714247200000,,0,0,G,,corrected-archive-csv
162860,Luleå-Kallax Flygplats,13,Rådande väder,"momentanvärde, 1 gång/tim resp 8 gånger/dygn",kod,1992-08-19T20:00:00Z,1992-08-19T22:00:00+02:00,714254400000,,61,61,Y,,corrected-archive-csv
162860,Luleå-Kallax Flygplats,13,Rådande väder,"momentanvärde, 1 gång/tim resp 8 gånger/dygn",kod,1992-08-19T21:00:00Z,1992-08-19T23:00:00+02:00,714258000000,,61,61,G,,corrected-archive-csv
162860,Luleå-Kallax Flygplats,13,Rådande väder,"momentanvärde, 1 gång/tim resp 8 gånger/dygn",kod,1992-08-19T22:00:00Z,1992-08-20T00:00:00+02:00,714261600000,,51,51,Y,,corrected-archive-csv
162860,Luleå-Kallax Flygplats,13,Rådande väder,"momentanvärde, 1 gång/tim resp 8 gånger/dygn",kod,1992-08-19T23:00:00Z,1992-08-20T01:00:00+02:00,714265200000,,10,10,Y,,corrected-archive-csv
162860,Luleå-Kallax Flygplats,13,Rådande väder,"momentanvärde, 1 gång/tim resp 8 gånger/dygn",kod,1992-08-20T00:00:00Z,1992-08-20T02:00:00+02:00,714268800000,,2,2,G,,corrected-archive-csv
162860,Luleå-Kallax Flygplats,13,Rådande väder,"momentanvärde, 1 gång/tim resp 8 gånger/dygn",kod,1992-08-20T03:00:00Z,1992-08-20T05:00:00+02:00,714279600000,,51,51,G,,corrected-archive-csv
162860,Luleå-Kallax Flygplats,13,Rådande väder,"momentanvärde, 1 gång/tim resp 8 gånger/dygn",kod,1992-08-20T04:00:00Z,1992-08-20T06:00:00+02:00,714283200000,,51,51,Y,,corrected-archive-csv
162860,Luleå-Kallax Flygplats,13,Rådande väder,"momentanvärde, 1 gång/tim resp 8 gånger/dygn",kod,1992-08-20T05:00:00Z,1992-08-20T07:00:00+02:00,714286800000,,20,20,Y,,corrected-archive-csv
162860,Luleå-Kallax Flygplats,13,Rådande väder,"momentanvärde, 1 gång/tim resp 8 gånger/dygn",kod,1992-08-20T06:00:00Z,1992-08-20T08:00:00+02:00,714290400000,,51,51,G,,corrected-archive-csv
162860,Luleå-Kallax Flygplats,13,Rådande väder,"momentanvärde, 1 gång/tim resp 8 gånger/dygn",kod,1992-08-20T07:00:00Z,1992-08-20T09:00:00+02:00,714294000000,,51,51,Y,,corrected-archive-csv
162860,Luleå-Kallax Flygplats,13,Rådande väder,"momentanvärde, 1 gång/tim resp 8 gånger/dygn",kod,1992-08-20T08:00:00Z,1992-08-20T10:00:00+02:00,714297600000,,51,51,Y,,corrected-archive-csv
162860,Luleå-Kallax Flygplats,13,Rådande väder,"momentanvärde, 1 gång/tim resp 8 gånger/dygn",kod,1992-08-20T09:00:00Z,1992-08-20T11:00:00+02:00,714301200000,,20,20,G,,corrected-archive-csv
162860,Luleå-Kallax Flygplats,13,Rådande väder,"momentanvärde, 1 gång/tim resp 8 gånger/dygn",kod,1992-08-20T10:00:00Z,1992-08-20T12:00:00+02:00,714304800000,,2,2,Y,,corrected-archive-csv
162860,Luleå-Kallax Flygplats,13,Rådande väder,"momentanvärde, 1 gång/tim resp 8 gånger/dygn",kod,1992-08-20T11:00:00Z,1992-08-20T13:00:00+02:00,714308400000,,51,51,Y,,corrected-archive-csv
162860,Luleå-Kallax Flygplats,13,Rådande väder,"momentanvärde, 1 gång/tim resp 8 gånger/dygn",kod,1992-08-20T12:00:00Z,1992-08-20T14:00:00+02:00,714312000000,,61,61,G,,corrected-archive-csv
162860,Luleå-Kallax Flygplats,13,Rådande väder,"momentanvärde, 1 gång/tim resp 8 gånger/dygn",kod,1992-08-20T13:00:00Z,1992-08-20T15:00:00+02:00,714315600000,,58,58,Y,,corrected-archive-csv
162860,Luleå-Kallax Flygplats,13,Rådande väder,"momentanvärde, 1 gång/tim resp 8 gånger/dygn",kod,1992-08-20T14:00:00Z,1992-08-20T16:00:00+02:00,714319200000,,51,51,Y,,corrected-archive-csv
162860,Luleå-Kallax Flygplats,13,Rådande väder,"momentanvärde, 1 gång/tim resp 8 gånger/dygn",kod,1992-08-20T15:00:00Z,1992-08-20T17:00:00+02:00,714322800000,,61,61,G,,corrected-archive-csv
162860,Luleå-Kallax Flygplats,13,Rådande väder,"momentanvärde, 1 gång/tim resp 8 gånger/dygn",kod,1992-08-20T16:00:00Z,1992-08-20T18:00:00+02:00,714326400000,,61,61,Y,,corrected-archive-csv
162860,Luleå-Kallax Flygplats,13,Rådande väder,"momentanvärde, 1 gång/tim resp 8 gånger/dygn",kod,1992-08-20T17:00:00Z,1992-08-20T19:00:00+02:00,714330000000,,61,61,Y,,corrected-archive-csv
162860,Luleå-Kallax Flygplats,13,Rådande väder,"momentanvärde, 1 gång/tim resp 8 gånger/dygn",kod,1992-08-20T18:00:00Z,1992-08-20T20:00:00+02:00,714333600000,,61,61,G,,corrected-archive-csv
162860,Luleå-Kallax Flygplats,13,Rådande väder,"momentanvärde, 1 gång/tim resp 8 gånger/dygn",kod,1992-08-20T19:00:00Z,1992-08-20T21:00:00+02:00,714337200000,,61,61,Y,,corrected-archive-csv
162860,Luleå-Kallax Flygplats,13,Rådande väder,"momentanvärde, 1 gång/tim resp 8 gånger/dygn",kod,1992-08-20T20:00:00Z,1992-08-20T22:00:00+02:00,714340800000,,61,61,Y,,corrected-archive-csv
162860,Luleå-Kallax Flygplats,13,Rådande väder,"momentanvärde, 1 gång/tim resp 8 gånger/dygn",kod,1992-08-20T21:00:00Z,1992-08-20T23:00:00+02:00,714344400000,,61,61,G,,corrected-archive-csv
162860,Luleå-Kallax Flygplats,13,Rådande väder,"momentanvärde, 1 gång/tim resp 8 gånger/dygn",kod,1992-08-20T22:00:00Z,1992-08-21T00:00:00+02:00,714348000000,,61,61,Y,,corrected-archive-csv
162860,Luleå-Kallax Flygplats,13,Rådande väder,"momentanvärde, 1 gång/tim resp 8 gånger/dygn",kod,1992-08-20T23:00:00Z,1992-08-21T01:00:00+02:00,714351600000,,61,61,Y,,corrected-archive-csv
162860,Luleå-Kallax Flygplats,13,Rådande väder,"momentanvärde, 1 gång/tim resp 8 gånger/dygn",kod,1992-08-21T00:00:00Z,1992-08-21T02:00:00+02:00,714355200000,,51,51,G,,corrected-archive-csv
162860,Luleå-Kallax Flygplats,13,Rådande väder,"momentanvärde, 1 gång/tim resp 8 gånger/dygn",kod,1992-08-21T01:00:00Z,1992-08-21T03:00:00+02:00,714358800000,,51,51,Y,,corrected-archive-csv
162860,Luleå-Kallax Flygplats,13,Rådande väder,"momentanvärde, 1 gång/tim resp 8 gånger/dygn",kod,1992-08-21T02:00:00Z,1992-08-21T04:00:00+02:00,714362400000,,51,51,Y,,corrected-archive-csv
162860,Luleå-Kallax Flygplats,13,Rådande väder,"momentanvärde, 1 gång/tim resp 8 gånger/dygn",kod,1992-08-21T03:00:00Z,1992-08-21T05:00:00+02:00,714366000000,,51,51,G,,corrected-archive-csv
162860,Luleå-Kallax Flygplats,13,Rådande väder,"momentanvärde, 1 gång/tim resp 8 gånger/dygn",kod,1992-08-21T04:00:00Z,1992-08-21T06:00:00+02:00,714369600000,,51,51,Y,,corrected-archive-csv
162860,Luleå-Kallax Flygplats,13,Rådande väder,"momentanvärde, 1 gång/tim resp 8 gånger/dygn",kod,1992-08-21T05:00:00Z,1992-08-21T07:00:00+02:00,714373200000,,51,51,Y,,corrected-archive-csv
162860,Luleå-Kallax Flygplats,13,Rådande väder,"momentanvärde, 1 gång/tim resp 8 gånger/dygn",kod,1992-08-21T06:00:00Z,1992-08-21T08:00:00+02:00,714376800000,,61,61,G,,corrected-archive-csv
162860,Luleå-Kallax Flygplats,13,Rådande väder,"momentanvärde, 1 gång/tim resp 8 gånger/dygn",kod,1992-08-21T07:00:00Z,1992-08-21T09:00:00+02:00,714380400000,,61,61,Y,,corrected-archive-csv
162860,Luleå-Kallax Flygplats,13,Rådande väder,"momentanvärde, 1 gång/tim resp 8 gånger/dygn",kod,1992-08-21T08:00:00Z,1992-08-21T10:00:00+02:00,714384000000,,51,51,Y,,corrected-archive-csv
162860,Luleå-Kallax Flygplats,13,Rådande väder,"momentanvärde, 1 gång/tim resp 8 gånger/dygn",kod,1992-08-21T09:00:00Z,1992-08-21T11:00:00+02:00,714387600000,,61,61,G,,corrected-archive-csv
162860,Luleå-Kallax Flygplats,13,Rådande väder,"momentanvärde, 1 gång/tim resp 8 gånger/dygn",kod,1992-08-21T10:00:00Z,1992-08-21T12:00:00+02:00,714391200000,,51,51,Y,,corrected-archive-csv
162860,Luleå-Kallax Flygplats,13,Rådande väder,"momentanvärde, 1 gång/tim resp 8 gånger/dygn",kod,1992-08-21T11:00:00Z,1992-08-21T13:00:00+02:00,714394800000,,20,20,Y,,corrected-archive-csv
162860,Luleå-Kallax Flygplats,13,Rådande väder,"momentanvärde, 1 gång/tim resp 8 gånger/dygn",kod,1992-08-21T12:00:00Z,1992-08-21T14:00:00+02:00,714398400000,,2,2,G,,corrected-archive-csv
162860,Luleå-Kallax Flygplats,13,Rådande väder,"momentanvärde, 1 gång/tim resp 8 gånger/dygn",kod,1992-08-21T15:00:00Z,1992-08-21T17:00:00+02:00,714409200000,,0,0,G,,corrected-archive-csv
162860,Luleå-Kallax Flygplats,13,Rådande väder,"momentanvärde, 1 gång/tim resp 8 gånger/dygn",kod,1992-08-21T18:00:00Z,1992-08-21T20:00:00+02:00,714420000000,,0,0,G,,corrected-archive-csv
162860,Luleå-Kallax Flygplats,13,Rådande väder,"momentanvärde, 1 gång/tim resp 8 gånger/dygn",kod,1992-08-21T21:00:00Z,1992-08-21T23:00:00+02:00,714430800000,,0,0,G,,corrected-archive-csv
162860,Luleå-Kallax Flygplats,13,Rådande väder,"momentanvärde, 1 gång/tim resp 8 gånger/dygn",kod,1992-08-22T00:00:00Z,1992-08-22T02:00:00+02:00,714441600000,,0,0,G,,corrected-archive-csv
162860,Luleå-Kallax Flygplats,13,Rådande väder,"momentanvärde, 1 gång/tim resp 8 gånger/dygn",kod,1992-08-22T03:00:00Z,1992-08-22T05:00:00+02:00,714452400000,,0,0,G,,corrected-archive-csv
162860,Luleå-Kallax Flygplats,13,Rådande väder,"momentanvärde, 1 gång/tim resp 8 gånger/dygn",kod,1992-08-22T06:00:00Z,1992-08-22T08:00:00+02:00,714463200000,,0,0,G,,corrected-archive-csv
162860,Luleå-Kallax Flygplats,13,Rådande väder,"momentanvärde, 1 gång/tim resp 8 gånger/dygn",kod,1992-08-22T15:00:00Z,1992-08-22T17:00:00+02:00,714495600000,,0,0,G,,corrected-archive-csv
162860,Luleå-Kallax Flygplats,13,Rådande väder,"momentanvärde, 1 gång/tim resp 8 gånger/dygn",kod,1992-08-22T18:00:00Z,1992-08-22T20:00:00+02:00,714506400000,,0,0,G,,corrected-archive-csv
162860,Luleå-Kallax Flygplats,13,Rådande väder,"momentanvärde, 1 gång/tim resp 8 gånger/dygn",kod,1992-08-22T19:00:00Z,1992-08-22T21:00:00+02:00,714510000000,,61,61,Y,,corrected-archive-csv
162860,Luleå-Kallax Flygplats,13,Rådande väder,"momentanvärde, 1 gång/tim resp 8 gånger/dygn",kod,1992-08-22T20:00:00Z,1992-08-22T22:00:00+02:00,714513600000,,21,21,Y,,corrected-archive-csv
162860,Luleå-Kallax Flygplats,13,Rådande väder,"momentanvärde, 1 gång/tim resp 8 gånger/dygn",kod,1992-08-22T21:00:00Z,1992-08-22T23:00:00+02:00,714517200000,,2,2,G,,corrected-archive-csv
162860,Luleå-Kallax Flygplats,13,Rådande väder,"momentanvärde, 1 gång/tim resp 8 gånger/dygn",kod,1992-08-22T22:00:00Z,1992-08-23T00:00:00+02:00,714520800000,,2,2,Y,,corrected-archive-csv
162860,Luleå-Kallax Flygplats,13,Rådande väder,"momentanvärde, 1 gång/tim resp 8 gånger/dygn",kod,1992-08-22T23:00:00Z,1992-08-23T01:00:00+02:00,714524400000,,2,2,Y,,corrected-archive-csv
162860,Luleå-Kallax Flygplats,13,Rådande väder,"momentanvärde, 1 gång/tim resp 8 gånger/dygn",kod,1992-08-23T00:00:00Z,1992-08-23T02:00:00+02:00,714528000000,,2,2,G,,corrected-archive-csv
162860,Luleå-Kallax Flygplats,13,Rådande väder,"momentanvärde, 1 gång/tim resp 8 gånger/dygn",kod,1992-08-23T01:00:00Z,1992-08-23T03:00:00+02:00,714531600000,,51,51,Y,,corrected-archive-csv
162860,Luleå-Kallax Flygplats,13,Rådande väder,"momentanvärde, 1 gång/tim resp 8 gånger/dygn",kod,1992-08-23T02:00:00Z,1992-08-23T04:00:00+02:00,714535200000,,20,20,Y,,corrected-archive-csv
162860,Luleå-Kallax Flygplats,13,Rådande väder,"momentanvärde, 1 gång/tim resp 8 gånger/dygn",kod,1992-08-23T03:00:00Z,1992-08-23T05:00:00+02:00,714538800000,,51,51,G,,corrected-archive-csv
162860,Luleå-Kallax Flygplats,13,Rådande väder,"momentanvärde, 1 gång/tim resp 8 gånger/dygn",kod,1992-08-23T04:00:00Z,1992-08-23T06:00:00+02:00,714542400000,,51,51,Y,,corrected-archive-csv
162860,Luleå-Kallax Flygplats,13,Rådande väder,"momentanvärde, 1 gång/tim resp 8 gånger/dygn",kod,1992-08-23T05:00:00Z,1992-08-23T07:00:00+02:00,714546000000,,20,20,Y,,corrected-archive-csv
162860,Luleå-Kallax Flygplats,13,Rådande väder,"momentanvärde, 1 gång/tim resp 8 gånger/dygn",kod,1992-08-23T06:00:00Z,1992-08-23T08:00:00+02:00,714549600000,,2,2,G,,corrected-archive-csv
162860,Luleå-Kallax Flygplats,13,Rådande väder,"momentanvärde, 1 gång/tim resp 8 gånger/dygn",kod,1992-08-23T07:00:00Z,1992-08-23T09:00:00+02:00,714553200000,,51,51,Y,,corrected-archive-csv
162860,Luleå-Kallax Flygplats,13,Rådande väder,"momentanvärde, 1 gång/tim resp 8 gånger/dygn",kod,1992-08-23T08:00:00Z,1992-08-23T10:00:00+02:00,714556800000,,51,51,Y,,corrected-archive-csv
162860,Luleå-Kallax Flygplats,13,Rådande väder,"momentanvärde, 1 gång/tim resp 8 gånger/dygn",kod,1992-08-23T09:00:00Z,1992-08-23T11:00:00+02:00,714560400000,,58,58,G,,corrected-archive-csv
162860,Luleå-Kallax Flygplats,13,Rådande väder,"momentanvärde, 1 gång/tim resp 8 gånger/dygn",kod,1992-08-23T10:00:00Z,1992-08-23T12:00:00+02:00,714564000000,,58,58,Y,,corrected-archive-csv
162860,Luleå-Kallax Flygplats,13,Rådande väder,"momentanvärde, 1 gång/tim resp 8 gånger/dygn",kod,1992-08-23T11:00:00Z,1992-08-23T13:00:00+02:00,714567600000,,20,20,Y,,corrected-archive-csv
162860,Luleå-Kallax Flygplats,13,Rådande väder,"momentanvärde, 1 gång/tim resp 8 gånger/dygn",kod,1992-08-23T12:00:00Z,1992-08-23T14:00:00+02:00,714571200000,,2,2,G,,corrected-archive-csv
162860,Luleå-Kallax Flygplats,13,Rådande väder,"momentanvärde, 1 gång/tim resp 8 gånger/dygn",kod,1992-08-23T15:00:00Z,1992-08-23T17:00:00+02:00,714582000000,,0,0,G,,corrected-archive-csv
162860,Luleå-Kallax Flygplats,13,Rådande väder,"momentanvärde, 1 gång/tim resp 8 gånger/dygn",kod,1992-08-23T18:00:00Z,1992-08-23T20:00:00+02:00,714592800000,,0,0,G,,corrected-archive-csv
162860,Luleå-Kallax Flygplats,13,Rådande väder,"momentanvärde, 1 gång/tim resp 8 gånger/dygn",kod,1992-08-23T21:00:00Z,1992-08-23T23:00:00+02:00,714603600000,,0,0,G,,corrected-archive-csv
162860,Luleå-Kallax Flygplats,13,Rådande väder,"momentanvärde, 1 gång/tim resp 8 gånger/dygn",kod,1992-08-24T00:00:00Z,1992-08-24T02:00:00+02:00,714614400000,,0,0,G,,corrected-archive-csv
162860,Luleå-Kallax Flygplats,13,Rådande väder,"momentanvärde, 1 gång/tim resp 8 gånger/dygn",kod,1992-08-24T03:00:00Z,1992-08-24T05:00:00+02:00,714625200000,,0,0,G,,corrected-archive-csv
162860,Luleå-Kallax Flygplats,13,Rådande väder,"momentanvärde, 1 gång/tim resp 8 gånger/dygn",kod,1992-08-24T06:00:00Z,1992-08-24T08:00:00+02:00,714636000000,,0,0,G,,corrected-archive-csv
162860,Luleå-Kallax Flygplats,13,Rådande väder,"momentanvärde, 1 gång/tim resp 8 gånger/dygn",kod,1992-08-24T09:00:00Z,1992-08-24T11:00:00+02:00,714646800000,,0,0,G,,corrected-archive-csv
162860,Luleå-Kallax Flygplats,13,Rådande väder,"momentanvärde, 1 gång/tim resp 8 gånger/dygn",kod,1992-08-24T12:00:00Z,1992-08-24T14:00:00+02:00,714657600000,,0,0,G,,corrected-archive-csv
162860,Luleå-Kallax Flygplats,13,Rådande väder,"momentanvärde, 1 gång/tim resp 8 gånger/dygn",kod,1992-08-24T15:00:00Z,1992-08-24T17:00:00+02:00,714668400000,,0,0,G,,corrected-archive-csv
162860,Luleå-Kallax Flygplats,13,Rådande väder,"momentanvärde, 1 gång/tim resp 8 gånger/dygn",kod,1992-08-24T18:00:00Z,1992-08-24T20:00:00+02:00,714679200000,,0,0,G,,corrected-archive-csv
162860,Luleå-Kallax Flygplats,13,Rådande väder,"momentanvärde, 1 gång/tim resp 8 gånger/dygn",kod,1992-08-24T21:00:00Z,1992-08-24T23:00:00+02:00,714690000000,,0,0,G,,corrected-archive-csv
162860,Luleå-Kallax Flygplats,13,Rådande väder,"momentanvärde, 1 gång/tim resp 8 gånger/dygn",kod,1992-08-25T00:00:00Z,1992-08-25T02:00:00+02:00,714700800000,,0,0,G,,corrected-archive-csv
162860,Luleå-Kallax Flygplats,13,Rådande väder,"momentanvärde, 1 gång/tim resp 8 gånger/dygn",kod,1992-08-25T03:00:00Z,1992-08-25T05:00:00+02:00,714711600000,,0,0,G,,corrected-archive-csv
162860,Luleå-Kallax Flygplats,13,Rådande väder,"momentanvärde, 1 gång/tim resp 8 gånger/dygn",kod,1992-08-25T04:00:00Z,1992-08-25T06:00:00+02:00,714715200000,,51,51,Y,,corrected-archive-csv
162860,Luleå-Kallax Flygplats,13,Rådande väder,"momentanvärde, 1 gång/tim resp 8 gånger/dygn",kod,1992-08-25T05:00:00Z,1992-08-25T07:00:00+02:00,714718800000,,51,51,Y,,corrected-archive-csv
162860,Luleå-Kallax Flygplats,13,Rådande väder,"momentanvärde, 1 gång/tim resp 8 gånger/dygn",kod,1992-08-25T06:00:00Z,1992-08-25T08:00:00+02:00,714722400000,,20,20,G,,corrected-archive-csv
162860,Luleå-Kallax Flygplats,13,Rådande väder,"momentanvärde, 1 gång/tim resp 8 gånger/dygn",kod,1992-08-25T09:00:00Z,1992-08-25T11:00:00+02:00,714733200000,,0,0,G,,corrected-archive-csv
162860,Luleå-Kallax Flygplats,13,Rådande väder,"momentanvärde, 1 gång/tim resp 8 gånger/dygn",kod,1992-08-25T12:00:00Z,1992-08-25T14:00:00+02:00,714744000000,,51,51,G,,corrected-archive-csv
162860,Luleå-Kallax Flygplats,13,Rådande väder,"momentanvärde, 1 gång/tim resp 8 gånger/dygn",kod,1992-08-25T13:00:00Z,1992-08-25T15:00:00+02:00,714747600000,,51,51,Y,,corrected-archive-csv
162860,Luleå-Kallax Flygplats,13,Rådande väder,"momentanvärde, 1 gång/tim resp 8 gånger/dygn",kod,1992-08-25T14:00:00Z,1992-08-25T16:00:00+02:00,714751200000,,51,51,Y,,corrected-archive-csv
162860,Luleå-Kallax Flygplats,13,Rådande väder,"momentanvärde, 1 gång/tim resp 8 gånger/dygn",kod,1992-08-25T15:00:00Z,1992-08-25T17:00:00+02:00,714754800000,,51,51,G,,corrected-archive-csv
162860,Luleå-Kallax Flygplats,13,Rådande väder,"momentanvärde, 1 gång/tim resp 8 gånger/dygn",kod,1992-08-25T16:00:00Z,1992-08-25T18:00:00+02:00,714758400000,,51,51,Y,,corrected-archive-csv
162860,Luleå-Kallax Flygplats,13,Rådande väder,"momentanvärde, 1 gång/tim resp 8 gånger/dygn",kod,1992-08-25T17:00:00Z,1992-08-25T19:00:00+02:00,714762000000,,51,51,Y,,corrected-archive-csv
162860,Luleå-Kallax Flygplats,13,Rådande väder,"momentanvärde, 1 gång/tim resp 8 gånger/dygn",kod,1992-08-25T18:00:00Z,1992-08-25T20:00:00+02:00,714765600000,,51,51,G,,corrected-archive-csv
162860,Luleå-Kallax Flygplats,13,Rådande väder,"momentanvärde, 1 gång/tim resp 8 gånger/dygn",kod,1992-08-25T19:00:00Z,1992-08-25T21:00:00+02:00,714769200000,,51,51,Y,,corrected-archive-csv
162860,Luleå-Kallax Flygplats,13,Rådande väder,"momentanvärde, 1 gång/tim resp 8 gånger/dygn",kod,1992-08-25T20:00:00Z,1992-08-25T22:00:00+02:00,714772800000,,51,51,Y,,corrected-archive-csv
162860,Luleå-Kallax Flygplats,13,Rådande väder,"momentanvärde, 1 gång/tim resp 8 gånger/dygn",kod,1992-08-25T21:00:00Z,1992-08-25T23:00:00+02:00,714776400000,,20,20,G,,corrected-archive-csv
162860,Luleå-Kallax Flygplats,13,Rådande väder,"momentanvärde, 1 gång/tim resp 8 gånger/dygn",kod,1992-08-25T22:00:00Z,1992-08-26T00:00:00+02:00,714780000000,,61,61,Y,,corrected-archive-csv
162860,Luleå-Kallax Flygplats,13,Rådande väder,"momentanvärde, 1 gång/tim resp 8 gånger/dygn",kod,1992-08-25T23:00:00Z,1992-08-26T01:00:00+02:00,714783600000,,21,21,Y,,corrected-archive-csv
162860,Luleå-Kallax Flygplats,13,Rådande väder,"momentanvärde, 1 gång/tim resp 8 gånger/dygn",kod,1992-08-26T00:00:00Z,1992-08-26T02:00:00+02:00,714787200000,,2,2,G,,corrected-archive-csv
162860,Luleå-Kallax Flygplats,13,Rådande väder,"momentanvärde, 1 gång/tim resp 8 gånger/dygn",kod,1992-08-26T03:00:00Z,1992-08-26T05:00:00+02:00,714798000000,,0,0,G,,corrected-archive-csv
162860,Luleå-Kallax Flygplats,13,Rådande väder,"momentanvärde, 1 gång/tim resp 8 gånger/dygn",kod,1992-08-26T05:00:00Z,1992-08-26T07:00:00+02:00,714805200000,,51,51,Y,,corrected-archive-csv
162860,Luleå-Kallax Flygplats,13,Rådande väder,"momentanvärde, 1 gång/tim resp 8 gånger/dygn",kod,1992-08-26T06:00:00Z,1992-08-26T08:00:00+02:00,714808800000,,20,20,G,,corrected-archive-csv
162860,Luleå-Kallax Flygplats,13,Rådande väder,"momentanvärde, 1 gång/tim resp 8 gånger/dygn",kod,1992-08-26T07:00:00Z,1992-08-26T09:00:00+02:00,714812400000,,1,1,Y,,corrected-archive-csv
162860,Luleå-Kallax Flygplats,13,Rådande väder,"momentanvärde, 1 gång/tim resp 8 gånger/dygn",kod,1992-08-26T09:00:00Z,1992-08-26T11:00:00+02:00,714819600000,,0,0,G,,corrected-archive-csv
162860,Luleå-Kallax Flygplats,13,Rådande väder,"momentanvärde, 1 gång/tim resp 8 gånger/dygn",kod,1992-08-26T10:00:00Z,1992-08-26T12:00:00+02:00,714823200000,,51,51,Y,,corrected-archive-csv
162860,Luleå-Kallax Flygplats,13,Rådande väder,"momentanvärde, 1 gång/tim resp 8 gånger/dygn",kod,1992-08-26T11:00:00Z,1992-08-26T13:00:00+02:00,714826800000,,20,20,Y,,corrected-archive-csv
162860,Luleå-Kallax Flygplats,13,Rådande väder,"momentanvärde, 1 gång/tim resp 8 gånger/dygn",kod,1992-08-26T12:00:00Z,1992-08-26T14:00:00+02:00,714830400000,,51,51,G,,corrected-archive-csv
162860,Luleå-Kallax Flygplats,13,Rådande väder,"momentanvärde, 1 gång/tim resp 8 gånger/dygn",kod,1992-08-26T13:00:00Z,1992-08-26T15:00:00+02:00,714834000000,,16,16,Y,,corrected-archive-csv
162860,Luleå-Kallax Flygplats,13,Rådande väder,"momentanvärde, 1 gång/tim resp 8 gånger/dygn",kod,1992-08-26T14:00:00Z,1992-08-26T16:00:00+02:00,714837600000,,65,65,Y,,corrected-archive-csv
162860,Luleå-Kallax Flygplats,13,Rådande väder,"momentanvärde, 1 gång/tim resp 8 gånger/dygn",kod,1992-08-26T15:00:00Z,1992-08-26T17:00:00+02:00,714841200000,,21,21,G,,corrected-archive-csv
162860,Luleå-Kallax Flygplats,13,Rådande väder,"momentanvärde, 1 gång/tim resp 8 gånger/dygn",kod,1992-08-26T16:00:00Z,1992-08-26T18:00:00+02:00,714844800000,,2,2,Y,,corrected-archive-csv
162860,Luleå-Kallax Flygplats,13,Rådande väder,"momentanvärde, 1 gång/tim resp 8 gånger/dygn",kod,1992-08-26T17:00:00Z,1992-08-26T19:00:00+02:00,714848400000,,2,2,Y,,corrected-archive-csv
162860,Luleå-Kallax Flygplats,13,Rådande väder,"momentanvärde, 1 gång/tim resp 8 gånger/dygn",kod,1992-08-26T18:00:00Z,1992-08-26T20:00:00+02:00,714852000000,,61,61,G,,corrected-archive-csv
162860,Luleå-Kallax Flygplats,13,Rådande väder,"momentanvärde, 1 gång/tim resp 8 gånger/dygn",kod,1992-08-26T21:00:00Z,1992-08-26T23:00:00+02:00,714862800000,,0,0,G,,corrected-archive-csv
162860,Luleå-Kallax Flygplats,13,Rådande väder,"momentanvärde, 1 gång/tim resp 8 gånger/dygn",kod,1992-08-26T23:00:00Z,1992-08-27T01:00:00+02:00,714870000000,,51,51,Y,,corrected-archive-csv
162860,Luleå-Kallax Flygplats,13,Rådande väder,"momentanvärde, 1 gång/tim resp 8 gånger/dygn",kod,1992-08-27T00:00:00Z,1992-08-27T02:00:00+02:00,714873600000,,20,20,G,,corrected-archive-csv
162860,Luleå-Kallax Flygplats,13,Rådande väder,"momentanvärde, 1 gång/tim resp 8 gånger/dygn",kod,1992-08-27T03:00:00Z,1992-08-27T05:00:00+02:00,714884400000,,0,0,G,,corrected-archive-csv
162860,Luleå-Kallax Flygplats,13,Rådande väder,"momentanvärde, 1 gång/tim resp 8 gånger/dygn",kod,1992-08-27T06:00:00Z,1992-08-27T08:00:00+02:00,714895200000,,0,0,G,,corrected-archive-csv
162860,Luleå-Kallax Flygplats,13,Rådande väder,"momentanvärde, 1 gång/tim resp 8 gånger/dygn",kod,1992-08-27T09:00:00Z,1992-08-27T11:00:00+02:00,714906000000,,0,0,G,,corrected-archive-csv
162860,Luleå-Kallax Flygplats,13,Rådande väder,"momentanvärde, 1 gång/tim resp 8 gånger/dygn",kod,1992-08-27T11:00:00Z,1992-08-27T13:00:00+02:00,714913200000,,25,25,Y,,corrected-archive-csv
162860,Luleå-Kallax Flygplats,13,Rådande väder,"momentanvärde, 1 gång/tim resp 8 gånger/dygn",kod,1992-08-27T12:00:00Z,1992-08-27T14:00:00+02:00,714916800000,,2,2,G,,corrected-archive-csv
162860,Luleå-Kallax Flygplats,13,Rådande väder,"momentanvärde, 1 gång/tim resp 8 gånger/dygn",kod,1992-08-27T15:00:00Z,1992-08-27T17:00:00+02:00,714927600000,,0,0,G,,corrected-archive-csv
162860,Luleå-Kallax Flygplats,13,Rådande väder,"momentanvärde, 1 gång/tim resp 8 gånger/dygn",kod,1992-08-27T18:00:00Z,1992-08-27T20:00:00+02:00,714938400000,,0,0,G,,corrected-archive-csv
162860,Luleå-Kallax Flygplats,13,Rådande väder,"momentanvärde, 1 gång/tim resp 8 gånger/dygn",kod,1992-08-27T19:00:00Z,1992-08-27T21:00:00+02:00,714942000000,,61,61,Y,,corrected-archive-csv
162860,Luleå-Kallax Flygplats,13,Rådande väder,"momentanvärde, 1 gång/tim resp 8 gånger/dygn",kod,1992-08-27T20:00:00Z,1992-08-27T22:00:00+02:00,714945600000,,61,61,Y,,corrected-archive-csv
162860,Luleå-Kallax Flygplats,13,Rådande väder,"momentanvärde, 1 gång/tim resp 8 gånger/dygn",kod,1992-08-27T21:00:00Z,1992-08-27T23:00:00+02:00,714949200000,,61,61,G,,corrected-archive-csv
162860,Luleå-Kallax Flygplats,13,Rådande väder,"momentanvärde, 1 gång/tim resp 8 gånger/dygn",kod,1992-08-27T22:00:00Z,1992-08-28T00:00:00+02:00,714952800000,,61,61,Y,,corrected-archive-csv
162860,Luleå-Kallax Flygplats,13,Rådande väder,"momentanvärde, 1 gång/tim resp 8 gånger/dygn",kod,1992-08-27T23:00:00Z,1992-08-28T01:00:00+02:00,714956400000,,61,61,Y,,corrected-archive-csv
162860,Luleå-Kallax Flygplats,13,Rådande väder,"momentanvärde, 1 gång/tim resp 8 gånger/dygn",kod,1992-08-28T00:00:00Z,1992-08-28T02:00:00+02:00,714960000000,,61,61,G,,corrected-archive-csv
162860,Luleå-Kallax Flygplats,13,Rådande väder,"momentanvärde, 1 gång/tim resp 8 gånger/dygn",kod,1992-08-28T01:00:00Z,1992-08-28T03:00:00+02:00,714963600000,,61,61,Y,,corrected-archive-csv
162860,Luleå-Kallax Flygplats,13,Rådande väder,"momentanvärde, 1 gång/tim resp 8 gånger/dygn",kod,1992-08-28T02:00:00Z,1992-08-28T04:00:00+02:00,714967200000,,61,61,Y,,corrected-archive-csv
162860,Luleå-Kallax Flygplats,13,Rådande väder,"momentanvärde, 1 gång/tim resp 8 gånger/dygn",kod,1992-08-28T03:00:00Z,1992-08-28T05:00:00+02:00,714970800000,,61,61,G,,corrected-archive-csv
162860,Luleå-Kallax Flygplats,13,Rådande väder,"momentanvärde, 1 gång/tim resp 8 gånger/dygn",kod,1992-08-28T04:00:00Z,1992-08-28T06:00:00+02:00,714974400000,,61,61,Y,,corrected-archive-csv
162860,Luleå-Kallax Flygplats,13,Rådande väder,"momentanvärde, 1 gång/tim resp 8 gånger/dygn",kod,1992-08-28T05:00:00Z,1992-08-28T07:00:00+02:00,714978000000,,21,21,Y,,corrected-archive-csv
162860,Luleå-Kallax Flygplats,13,Rådande väder,"momentanvärde, 1 gång/tim resp 8 gånger/dygn",kod,1992-08-28T06:00:00Z,1992-08-28T08:00:00+02:00,714981600000,,2,2,G,,corrected-archive-csv
162860,Luleå-Kallax Flygplats,13,Rådande väder,"momentanvärde, 1 gång/tim resp 8 gånger/dygn",kod,1992-08-28T09:00:00Z,1992-08-28T11:00:00+02:00,714992400000,,0,0,G,,corrected-archive-csv
162860,Luleå-Kallax Flygplats,13,Rådande väder,"momentanvärde, 1 gång/tim resp 8 gånger/dygn",kod,1992-08-28T12:00:00Z,1992-08-28T14:00:00+02:00,715003200000,,0,0,G,,corrected-archive-csv
162860,Luleå-Kallax Flygplats,13,Rådande väder,"momentanvärde, 1 gång/tim resp 8 gånger/dygn",kod,1992-08-28T15:00:00Z,1992-08-28T17:00:00+02:00,715014000000,,0,0,G,,corrected-archive-csv
162860,Luleå-Kallax Flygplats,13,Rådande väder,"momentanvärde, 1 gång/tim resp 8 gånger/dygn",kod,1992-08-28T17:00:00Z,1992-08-28T19:00:00+02:00,715021200000,,80,80,Y,,corrected-archive-csv
162860,Luleå-Kallax Flygplats,13,Rådande väder,"momentanvärde, 1 gång/tim resp 8 gånger/dygn",kod,1992-08-28T18:00:00Z,1992-08-28T20:00:00+02:00,715024800000,,81,81,G,,corrected-archive-csv
162860,Luleå-Kallax Flygplats,13,Rådande väder,"momentanvärde, 1 gång/tim resp 8 gånger/dygn",kod,1992-08-28T19:00:00Z,1992-08-28T21:00:00+02:00,715028400000,,63,63,Y,,corrected-archive-csv
162860,Luleå-Kallax Flygplats,13,Rådande väder,"momentanvärde, 1 gång/tim resp 8 gånger/dygn",kod,1992-08-28T20:00:00Z,1992-08-28T22:00:00+02:00,715032000000,,65,65,Y,,corrected-archive-csv
162860,Luleå-Kallax Flygplats,13,Rådande väder,"momentanvärde, 1 gång/tim resp 8 gånger/dygn",kod,1992-08-28T21:00:00Z,1992-08-28T23:00:00+02:00,715035600000,,63,63,G,,corrected-archive-csv
162860,Luleå-Kallax Flygplats,13,Rådande väder,"momentanvärde, 1 gång/tim resp 8 gånger/dygn",kod,1992-08-28T22:00:00Z,1992-08-29T00:00:00+02:00,715039200000,,61,61,Y,,corrected-archive-csv
162860,Luleå-Kallax Flygplats,13,Rådande väder,"momentanvärde, 1 gång/tim resp 8 gånger/dygn",kod,1992-08-28T23:00:00Z,1992-08-29T01:00:00+02:00,715042800000,,21,21,Y,,corrected-archive-csv
162860,Luleå-Kallax Flygplats,13,Rådande väder,"momentanvärde, 1 gång/tim resp 8 gånger/dygn",kod,1992-08-29T00:00:00Z,1992-08-29T02:00:00+02:00,715046400000,,2,2,G,,corrected-archive-csv
162860,Luleå-Kallax Flygplats,13,Rådande väder,"momentanvärde, 1 gång/tim resp 8 gånger/dygn",kod,1992-08-29T02:00:00Z,1992-08-29T04:00:00+02:00,715053600000,,61,61,Y,,corrected-archive-csv
162860,Luleå-Kallax Flygplats,13,Rådande väder,"momentanvärde, 1 gång/tim resp 8 gånger/dygn",kod,1992-08-29T03:00:00Z,1992-08-29T05:00:00+02:00,715057200000,,51,51,G,,corrected-archive-csv
162860,Luleå-Kallax Flygplats,13,Rådande väder,"momentanvärde, 1 gång/tim resp 8 gånger/dygn",kod,1992-08-29T04:00:00Z,1992-08-29T06:00:00+02:00,715060800000,,20,20,Y,,corrected-archive-csv
162860,Luleå-Kallax Flygplats,13,Rådande väder,"momentanvärde, 1 gång/tim resp 8 gånger/dygn",kod,1992-08-29T05:00:00Z,1992-08-29T07:00:00+02:00,715064400000,,2,2,Y,,corrected-archive-csv
162860,Luleå-Kallax Flygplats,13,Rådande väder,"momentanvärde, 1 gång/tim resp 8 gånger/dygn",kod,1992-08-29T06:00:00Z,1992-08-29T08:00:00+02:00,715068000000,,2,2,G,,corrected-archive-csv
162860,Luleå-Kallax Flygplats,13,Rådande väder,"momentanvärde, 1 gång/tim resp 8 gånger/dygn",kod,1992-08-29T09:00:00Z,1992-08-29T11:00:00+02:00,715078800000,,0,0,G,,corrected-archive-csv
162860,Luleå-Kallax Flygplats,13,Rådande väder,"momentanvärde, 1 gång/tim resp 8 gånger/dygn",kod,1992-08-29T12:00:00Z,1992-08-29T14:00:00+02:00,715089600000,,0,0,G,,corrected-archive-csv
162860,Luleå-Kallax Flygplats,13,Rådande väder,"momentanvärde, 1 gång/tim resp 8 gånger/dygn",kod,1992-08-29T15:00:00Z,1992-08-29T17:00:00+02:00,715100400000,,0,0,G,,corrected-archive-csv
162860,Luleå-Kallax Flygplats,13,Rådande väder,"momentanvärde, 1 gång/tim resp 8 gånger/dygn",kod,1992-08-29T18:00:00Z,1992-08-29T20:00:00+02:00,715111200000,,0,0,G,,corrected-archive-csv
162860,Luleå-Kallax Flygplats,13,Rådande väder,"momentanvärde, 1 gång/tim resp 8 gånger/dygn",kod,1992-08-29T21:00:00Z,1992-08-29T23:00:00+02:00,715122000000,,0,0,G,,corrected-archive-csv
162860,Luleå-Kallax Flygplats,13,Rådande väder,"momentanvärde, 1 gång/tim resp 8 gånger/dygn",kod,1992-08-30T00:00:00Z,1992-08-30T02:00:00+02:00,715132800000,,0,0,G,,corrected-archive-csv
162860,Luleå-Kallax Flygplats,13,Rådande väder,"momentanvärde, 1 gång/tim resp 8 gånger/dygn",kod,1992-08-30T03:00:00Z,1992-08-30T05:00:00+02:00,715143600000,,0,0,G,,corrected-archive-csv
162860,Luleå-Kallax Flygplats,13,Rådande väder,"momentanvärde, 1 gång/tim resp 8 gånger/dygn",kod,1992-08-30T06:00:00Z,1992-08-30T08:00:00+02:00,715154400000,,0,0,G,,corrected-archive-csv
162860,Luleå-Kallax Flygplats,13,Rådande väder,"momentanvärde, 1 gång/tim resp 8 gånger/dygn",kod,1992-08-30T08:00:00Z,1992-08-30T10:00:00+02:00,715161600000,,61,61,Y,,corrected-archive-csv
162860,Luleå-Kallax Flygplats,13,Rådande väder,"momentanvärde, 1 gång/tim resp 8 gånger/dygn",kod,1992-08-30T09:00:00Z,1992-08-30T11:00:00+02:00,715165200000,,61,61,G,,corrected-archive-csv
162860,Luleå-Kallax Flygplats,13,Rådande väder,"momentanvärde, 1 gång/tim resp 8 gånger/dygn",kod,1992-08-30T10:00:00Z,1992-08-30T12:00:00+02:00,715168800000,,21,21,Y,,corrected-archive-csv
162860,Luleå-Kallax Flygplats,13,Rådande väder,"momentanvärde, 1 gång/tim resp 8 gånger/dygn",kod,1992-08-30T11:00:00Z,1992-08-30T13:00:00+02:00,715172400000,,61,61,Y,,corrected-archive-csv
162860,Luleå-Kallax Flygplats,13,Rådande väder,"momentanvärde, 1 gång/tim resp 8 gånger/dygn",kod,1992-08-30T12:00:00Z,1992-08-30T14:00:00+02:00,715176000000,,21,21,G,,corrected-archive-csv
162860,Luleå-Kallax Flygplats,13,Rådande väder,"momentanvärde, 1 gång/tim resp 8 gånger/dygn",kod,1992-08-30T14:00:00Z,1992-08-30T16:00:00+02:00,715183200000,,61,61,Y,,corrected-archive-csv
162860,Luleå-Kallax Flygplats,13,Rådande väder,"momentanvärde, 1 gång/tim resp 8 gånger/dygn",kod,1992-08-30T15:00:00Z,1992-08-30T17:00:00+02:00,715186800000,,21,21,G,,corrected-archive-csv
162860,Luleå-Kallax Flygplats,13,Rådande väder,"momentanvärde, 1 gång/tim resp 8 gånger/dygn",kod,1992-08-30T16:00:00Z,1992-08-30T18:00:00+02:00,715190400000,,2,2,Y,,corrected-archive-csv
162860,Luleå-Kallax Flygplats,13,Rådande väder,"momentanvärde, 1 gång/tim resp 8 gånger/dygn",kod,1992-08-30T17:00:00Z,1992-08-30T19:00:00+02:00,715194000000,,2,2,Y,,corrected-archive-csv
162860,Luleå-Kallax Flygplats,13,Rådande väder,"momentanvärde, 1 gång/tim resp 8 gånger/dygn",kod,1992-08-30T18:00:00Z,1992-08-30T20:00:00+02:00,715197600000,,2,2,G,,corrected-archive-csv
162860,Luleå-Kallax Flygplats,13,Rådande väder,"momentanvärde, 1 gång/tim resp 8 gånger/dygn",kod,1992-08-30T20:00:00Z,1992-08-30T22:00:00+02:00,715204800000,,51,51,Y,,corrected-archive-csv
162860,Luleå-Kallax Flygplats,13,Rådande väder,"momentanvärde, 1 gång/tim resp 8 gånger/dygn",kod,1992-08-30T21:00:00Z,1992-08-30T23:00:00+02:00,715208400000,,20,20,G,,corrected-archive-csv
162860,Luleå-Kallax Flygplats,13,Rådande väder,"momentanvärde, 1 gång/tim resp 8 gånger/dygn",kod,1992-08-30T22:00:00Z,1992-08-31T00:00:00+02:00,715212000000,,2,2,Y,,corrected-archive-csv
162860,Luleå-Kallax Flygplats,13,Rådande väder,"momentanvärde, 1 gång/tim resp 8 gånger/dygn",kod,1992-08-30T23:00:00Z,1992-08-31T01:00:00+02:00,715215600000,,2,2,Y,,corrected-archive-csv
162860,Luleå-Kallax Flygplats,13,Rådande väder,"momentanvärde, 1 gång/tim resp 8 gånger/dygn",kod,1992-08-31T00:00:00Z,1992-08-31T02:00:00+02:00,715219200000,,2,2,G,,corrected-archive-csv
162860,Luleå-Kallax Flygplats,13,Rådande väder,"momentanvärde, 1 gång/tim resp 8 gånger/dygn",kod,1992-08-31T03:00:00Z,1992-08-31T05:00:00+02:00,715230000000,,11,11,G,,corrected-archive-csv
162860,Luleå-Kallax Flygplats,13,Rådande väder,"momentanvärde, 1 gång/tim resp 8 gånger/dygn",kod,1992-08-31T04:00:00Z,1992-08-31T06:00:00+02:00,715233600000,,11,11,Y,,corrected-archive-csv
162860,Luleå-Kallax Flygplats,13,Rådande väder,"momentanvärde, 1 gång/tim resp 8 gånger/dygn",kod,1992-08-31T05:00:00Z,1992-08-31T07:00:00+02:00,715237200000,,28,28,Y,,corrected-archive-csv
162860,Luleå-Kallax Flygplats,13,Rådande väder,"momentanvärde, 1 gång/tim resp 8 gånger/dygn",kod,1992-08-31T06:00:00Z,1992-08-31T08:00:00+02:00,715240800000,,2,2,G,,corrected-archive-csv
162860,Luleå-Kallax Flygplats,13,Rådande väder,"momentanvärde, 1 gång/tim resp 8 gånger/dygn",kod,1992-08-31T09:00:00Z,1992-08-31T11:00:00+02:00,715251600000,,0,0,G,,corrected-archive-csv
162860,Luleå-Kallax Flygplats,13,Rådande väder,"momentanvärde, 1 gång/tim resp 8 gånger/dygn",kod,1992-08-31T12:00:00Z,1992-08-31T14:00:00+02:00,715262400000,,10,10,G,,corrected-archive-csv
162860,Luleå-Kallax Flygplats,13,Rådande väder,"momentanvärde, 1 gång/tim resp 8 gånger/dygn",kod,1992-08-31T13:00:00Z,1992-08-31T15:00:00+02:00,715266000000,,10,10,Y,,corrected-archive-csv
162860,Luleå-Kallax Flygplats,13,Rådande väder,"momentanvärde, 1 gång/tim resp 8 gånger/dygn",kod,1992-08-31T14:00:00Z,1992-08-31T16:00:00+02:00,715269600000,,10,10,Y,,corrected-archive-csv
162860,Luleå-Kallax Flygplats,13,Rådande väder,"momentanvärde, 1 gång/tim resp 8 gånger/dygn",kod,1992-08-31T15:00:00Z,1992-08-31T17:00:00+02:00,715273200000,,0,0,G,,corrected-archive-csv
162860,Luleå-Kallax Flygplats,13,Rådande väder,"momentanvärde, 1 gång/tim resp 8 gånger/dygn",kod,1992-08-31T16:00:00Z,1992-08-31T18:00:00+02:00,715276800000,,2,2,Y,,corrected-archive-csv
162860,Luleå-Kallax Flygplats,13,Rådande väder,"momentanvärde, 1 gång/tim resp 8 gånger/dygn",kod,1992-08-31T17:00:00Z,1992-08-31T19:00:00+02:00,715280400000,,51,51,Y,,corrected-archive-csv
162860,Luleå-Kallax Flygplats,13,Rådande väder,"momentanvärde, 1 gång/tim resp 8 gånger/dygn",kod,1992-08-31T18:00:00Z,1992-08-31T20:00:00+02:00,715284000000,,61,61,G,,corrected-archive-csv
162860,Luleå-Kallax Flygplats,13,Rådande väder,"momentanvärde, 1 gång/tim resp 8 gånger/dygn",kod,1992-08-31T19:00:00Z,1992-08-31T21:00:00+02:00,715287600000,,61,61,Y,,corrected-archive-csv
162860,Luleå-Kallax Flygplats,13,Rådande väder,"momentanvärde, 1 gång/tim resp 8 gånger/dygn",kod,1992-08-31T20:00:00Z,1992-08-31T22:00:00+02:00,715291200000,,21,21,Y,,corrected-archive-csv
162860,Luleå-Kallax Flygplats,13,Rådande väder,"momentanvärde, 1 gång/tim resp 8 gånger/dygn",kod,1992-08-31T21:00:00Z,1992-08-31T23:00:00+02:00,715294800000,,10,10,G,,corrected-archive-csv
162860,Luleå-Kallax Flygplats,13,Rådande väder,"momentanvärde, 1 gång/tim resp 8 gånger/dygn",kod,1992-08-31T22:00:00Z,1992-09-01T00:00:00+02:00,715298400000,,2,2,Y,,corrected-archive-csv
162860,Luleå-Kallax Flygplats,13,Rådande väder,"momentanvärde, 1 gång/tim resp 8 gånger/dygn",kod,1992-08-31T23:00:00Z,1992-09-01T01:00:00+02:00,715302000000,,61,61,Y,,corrected-archive-csv
162860,Luleå-Kallax Flygplats,13,Rådande väder,"momentanvärde, 1 gång/tim resp 8 gånger/dygn",kod,1992-09-01T00:00:00Z,1992-09-01T02:00:00+02:00,715305600000,,61,61,G,,corrected-archive-csv
162860,Luleå-Kallax Flygplats,13,Rådande väder,"momentanvärde, 1 gång/tim resp 8 gånger/dygn",kod,1992-09-01T01:00:00Z,1992-09-01T03:00:00+02:00,715309200000,,63,63,Y,,corrected-archive-csv
162860,Luleå-Kallax Flygplats,13,Rådande väder,"momentanvärde, 1 gång/tim resp 8 gånger/dygn",kod,1992-09-01T02:00:00Z,1992-09-01T04:00:00+02:00,715312800000,,61,61,Y,,corrected-archive-csv
162860,Luleå-Kallax Flygplats,13,Rådande väder,"momentanvärde, 1 gång/tim resp 8 gånger/dygn",kod,1992-09-01T03:00:00Z,1992-09-01T05:00:00+02:00,715316400000,,63,63,G,,corrected-archive-csv
162860,Luleå-Kallax Flygplats,13,Rådande väder,"momentanvärde, 1 gång/tim resp 8 gånger/dygn",kod,1992-09-01T04:00:00Z,1992-09-01T06:00:00+02:00,715320000000,,63,63,Y,,corrected-archive-csv
162860,Luleå-Kallax Flygplats,13,Rådande väder,"momentanvärde, 1 gång/tim resp 8 gånger/dygn",kod,1992-09-01T05:00:00Z,1992-09-01T07:00:00+02:00,715323600000,,61,61,Y,,corrected-archive-csv
162860,Luleå-Kallax Flygplats,13,Rådande väder,"momentanvärde, 1 gång/tim resp 8 gånger/dygn",kod,1992-09-01T06:00:00Z,1992-09-01T08:00:00+02:00,715327200000,,21,21,G,,corrected-archive-csv
162860,Luleå-Kallax Flygplats,13,Rådande väder,"momentanvärde, 1 gång/tim resp 8 gånger/dygn",kod,1992-09-01T09:00:00Z,1992-09-01T11:00:00+02:00,715338000000,,0,0,G,,corrected-archive-csv
162860,Luleå-Kallax Flygplats,13,Rådande väder,"momentanvärde, 1 gång/tim resp 8 gånger/dygn",kod,1992-09-01T12:00:00Z,1992-09-01T14:00:00+02:00,715348800000,,0,0,G,,corrected-archive-csv
162860,Luleå-Kallax Flygplats,13,Rådande väder,"momentanvärde, 1 gång/tim resp 8 gånger/dygn",kod,1992-09-01T15:00:00Z,1992-09-01T17:00:00+02:00,715359600000,,0,0,G,,corrected-archive-csv
162860,Luleå-Kallax Flygplats,13,Rådande väder,"momentanvärde, 1 gång/tim resp 8 gånger/dygn",kod,1992-09-01T18:00:00Z,1992-09-01T20:00:00+02:00,715370400000,,61,61,G,,corrected-archive-csv
162860,Luleå-Kallax Flygplats,13,Rådande väder,"momentanvärde, 1 gång/tim resp 8 gånger/dygn",kod,1992-09-01T19:00:00Z,1992-09-01T21:00:00+02:00,715374000000,,61,61,Y,,corrected-archive-csv
162860,Luleå-Kallax Flygplats,13,Rådande väder,"momentanvärde, 1 gång/tim resp 8 gånger/dygn",kod,1992-09-01T20:00:00Z,1992-09-01T22:00:00+02:00,715377600000,,61,61,Y,,corrected-archive-csv
162860,Luleå-Kallax Flygplats,13,Rådande väder,"momentanvärde, 1 gång/tim resp 8 gånger/dygn",kod,1992-09-01T21:00:00Z,1992-09-01T23:00:00+02:00,715381200000,,61,61,G,,corrected-archive-csv
162860,Luleå-Kallax Flygplats,13,Rådande väder,"momentanvärde, 1 gång/tim resp 8 gånger/dygn",kod,1992-09-01T22:00:00Z,1992-09-02T00:00:00+02:00,715384800000,,61,61,Y,,corrected-archive-csv
162860,Luleå-Kallax Flygplats,13,Rådande väder,"momentanvärde, 1 gång/tim resp 8 gånger/dygn",kod,1992-09-01T23:00:00Z,1992-09-02T01:00:00+02:00,715388400000,,61,61,Y,,corrected-archive-csv
162860,Luleå-Kallax Flygplats,13,Rådande väder,"momentanvärde, 1 gång/tim resp 8 gånger/dygn",kod,1992-09-02T00:00:00Z,1992-09-02T02:00:00+02:00,715392000000,,61,61,G,,corrected-archive-csv
162860,Luleå-Kallax Flygplats,13,Rådande väder,"momentanvärde, 1 gång/tim resp 8 gånger/dygn",kod,1992-09-02T01:00:00Z,1992-09-02T03:00:00+02:00,715395600000,,61,61,Y,,corrected-archive-csv
162860,Luleå-Kallax Flygplats,13,Rådande väder,"momentanvärde, 1 gång/tim resp 8 gånger/dygn",kod,1992-09-02T02:00:00Z,1992-09-02T04:00:00+02:00,715399200000,,61,61,Y,,corrected-archive-csv
162860,Luleå-Kallax Flygplats,13,Rådande väder,"momentanvärde, 1 gång/tim resp 8 gånger/dygn",kod,1992-09-02T03:00:00Z,1992-09-02T05:00:00+02:00,715402800000,,61,61,G,,corrected-archive-csv
162860,Luleå-Kallax Flygplats,13,Rådande väder,"momentanvärde, 1 gång/tim resp 8 gånger/dygn",kod,1992-09-02T04:00:00Z,1992-09-02T06:00:00+02:00,715406400000,,61,61,Y,,corrected-archive-csv
162860,Luleå-Kallax Flygplats,13,Rådande väder,"momentanvärde, 1 gång/tim resp 8 gånger/dygn",kod,1992-09-02T05:00:00Z,1992-09-02T07:00:00+02:00,715410000000,,62,62,Y,,corrected-archive-csv
162860,Luleå-Kallax Flygplats,13,Rådande väder,"momentanvärde, 1 gång/tim resp 8 gånger/dygn",kod,1992-09-02T06:00:00Z,1992-09-02T08:00:00+02:00,715413600000,,61,61,G,,corrected-archive-csv
162860,Luleå-Kallax Flygplats,13,Rådande väder,"momentanvärde, 1 gång/tim resp 8 gånger/dygn",kod,1992-09-02T07:00:00Z,1992-09-02T09:00:00+02:00,715417200000,,61,61,Y,,corrected-archive-csv
162860,Luleå-Kallax Flygplats,13,Rådande väder,"momentanvärde, 1 gång/tim resp 8 gånger/dygn",kod,1992-09-02T08:00:00Z,1992-09-02T10:00:00+02:00,715420800000,,61,61,Y,,corrected-archive-csv
162860,Luleå-Kallax Flygplats,13,Rådande väder,"momentanvärde, 1 gång/tim resp 8 gånger/dygn",kod,1992-09-02T09:00:00Z,1992-09-02T11:00:00+02:00,715424400000,,60,60,G,,corrected-archive-csv
162860,Luleå-Kallax Flygplats,13,Rådande väder,"momentanvärde, 1 gång/tim resp 8 gånger/dygn",kod,1992-09-02T10:00:00Z,1992-09-02T12:00:00+02:00,715428000000,,61,61,Y,,corrected-archive-csv
162860,Luleå-Kallax Flygplats,13,Rådande väder,"momentanvärde, 1 gång/tim resp 8 gånger/dygn",kod,1992-09-02T11:00:00Z,1992-09-02T13:00:00+02:00,715431600000,,61,61,Y,,corrected-archive-csv
162860,Luleå-Kallax Flygplats,13,Rådande väder,"momentanvärde, 1 gång/tim resp 8 gånger/dygn",kod,1992-09-02T12:00:00Z,1992-09-02T14:00:00+02:00,715435200000,,61,61,G,,corrected-archive-csv
162860,Luleå-Kallax Flygplats,13,Rådande väder,"momentanvärde, 1 gång/tim resp 8 gånger/dygn",kod,1992-09-02T13:00:00Z,1992-09-02T15:00:00+02:00,715438800000,,61,61,Y,,corrected-archive-csv
162860,Luleå-Kallax Flygplats,13,Rådande väder,"momentanvärde, 1 gång/tim resp 8 gånger/dygn",kod,1992-09-02T14:00:00Z,1992-09-02T16:00:00+02:00,715442400000,,61,61,Y,,corrected-archive-csv
162860,Luleå-Kallax Flygplats,13,Rådande väder,"momentanvärde, 1 gång/tim resp 8 gånger/dygn",kod,1992-09-02T15:00:00Z,1992-09-02T17:00:00+02:00,715446000000,,61,61,G,,corrected-archive-csv
162860,Luleå-Kallax Flygplats,13,Rådande väder,"momentanvärde, 1 gång/tim resp 8 gånger/dygn",kod,1992-09-02T16:00:00Z,1992-09-02T18:00:00+02:00,715449600000,,63,63,Y,,corrected-archive-csv
162860,Luleå-Kallax Flygplats,13,Rådande väder,"momentanvärde, 1 gång/tim resp 8 gånger/dygn",kod,1992-09-02T17:00:00Z,1992-09-02T19:00:00+02:00,715453200000,,63,63,Y,,corrected-archive-csv
162860,Luleå-Kallax Flygplats,13,Rådande väder,"momentanvärde, 1 gång/tim resp 8 gånger/dygn",kod,1992-09-02T18:00:00Z,1992-09-02T20:00:00+02:00,715456800000,,61,61,G,,corrected-archive-csv
162860,Luleå-Kallax Flygplats,13,Rådande väder,"momentanvärde, 1 gång/tim resp 8 gånger/dygn",kod,1992-09-02T19:00:00Z,1992-09-02T21:00:00+02:00,715460400000,,61,61,Y,,corrected-archive-csv
162860,Luleå-Kallax Flygplats,13,Rådande väder,"momentanvärde, 1 gång/tim resp 8 gånger/dygn",kod,1992-09-02T20:00:00Z,1992-09-02T22:00:00+02:00,715464000000,,61,61,Y,,corrected-archive-csv
162860,Luleå-Kallax Flygplats,13,Rådande väder,"momentanvärde, 1 gång/tim resp 8 gånger/dygn",kod,1992-09-02T21:00:00Z,1992-09-02T23:00:00+02:00,715467600000,,61,61,G,,corrected-archive-csv
162860,Luleå-Kallax Flygplats,13,Rådande väder,"momentanvärde, 1 gång/tim resp 8 gånger/dygn",kod,1992-09-02T22:00:00Z,1992-09-03T00:00:00+02:00,715471200000,,61,61,Y,,corrected-archive-csv
162860,Luleå-Kallax Flygplats,13,Rådande väder,"momentanvärde, 1 gång/tim resp 8 gånger/dygn",kod,1992-09-02T23:00:00Z,1992-09-03T01:00:00+02:00,715474800000,,61,61,Y,,corrected-archive-csv
162860,Luleå-Kallax Flygplats,13,Rådande väder,"momentanvärde, 1 gång/tim resp 8 gånger/dygn",kod,1992-09-03T00:00:00Z,1992-09-03T02:00:00+02:00,715478400000,,21,21,G,,corrected-archive-csv
162860,Luleå-Kallax Flygplats,13,Rådande väder,"momentanvärde, 1 gång/tim resp 8 gånger/dygn",kod,1992-09-03T03:00:00Z,1992-09-03T05:00:00+02:00,715489200000,,0,0,G,,corrected-archive-csv
162860,Luleå-Kallax Flygplats,13,Rådande väder,"momentanvärde, 1 gång/tim resp 8 gånger/dygn",kod,1992-09-03T05:00:00Z,1992-09-03T07:00:00+02:00,715496400000,,15,15,Y,,corrected-archive-csv
162860,Luleå-Kallax Flygplats,13,Rådande väder,"momentanvärde, 1 gång/tim resp 8 gånger/dygn",kod,1992-09-03T06:00:00Z,1992-09-03T08:00:00+02:00,715500000000,,0,0,G,,corrected-archive-csv
162860,Luleå-Kallax Flygplats,13,Rådande väder,"momentanvärde, 1 gång/tim resp 8 gånger/dygn",kod,1992-09-03T09:00:00Z,1992-09-03T11:00:00+02:00,715510800000,,0,0,G,,corrected-archive-csv
162860,Luleå-Kallax Flygplats,13,Rådande väder,"momentanvärde, 1 gång/tim resp 8 gånger/dygn",kod,1992-09-03T12:00:00Z,1992-09-03T14:00:00+02:00,715521600000,,15,15,G,,corrected-archive-csv
162860,Luleå-Kallax Flygplats,13,Rådande väder,"momentanvärde, 1 gång/tim resp 8 gånger/dygn",kod,1992-09-03T13:00:00Z,1992-09-03T15:00:00+02:00,715525200000,,15,15,Y,,corrected-archive-csv
162860,Luleå-Kallax Flygplats,13,Rådande väder,"momentanvärde, 1 gång/tim resp 8 gånger/dygn",kod,1992-09-03T14:00:00Z,1992-09-03T16:00:00+02:00,715528800000,,80,80,Y,,corrected-archive-csv
162860,Luleå-Kallax Flygplats,13,Rådande väder,"momentanvärde, 1 gång/tim resp 8 gånger/dygn",kod,1992-09-03T15:00:00Z,1992-09-03T17:00:00+02:00,715532400000,,80,80,G,,corrected-archive-csv
162860,Luleå-Kallax Flygplats,13,Rådande väder,"momentanvärde, 1 gång/tim resp 8 gånger/dygn",kod,1992-09-03T16:00:00Z,1992-09-03T18:00:00+02:00,715536000000,,25,25,Y,,corrected-archive-csv
162860,Luleå-Kallax Flygplats,13,Rådande väder,"momentanvärde, 1 gång/tim resp 8 gånger/dygn",kod,1992-09-03T17:00:00Z,1992-09-03T19:00:00+02:00,715539600000,,2,2,Y,,corrected-archive-csv
162860,Luleå-Kallax Flygplats,13,Rådande väder,"momentanvärde, 1 gång/tim resp 8 gånger/dygn",kod,1992-09-03T18:00:00Z,1992-09-03T20:00:00+02:00,715543200000,,2,2,G,,corrected-archive-csv
162860,Luleå-Kallax Flygplats,13,Rådande väder,"momentanvärde, 1 gång/tim resp 8 gånger/dygn",kod,1992-09-03T21:00:00Z,1992-09-03T23:00:00+02:00,715554000000,,0,0,G,,corrected-archive-csv
162860,Luleå-Kallax Flygplats,13,Rådande väder,"momentanvärde, 1 gång/tim resp 8 gånger/dygn",kod,1992-09-04T00:00:00Z,1992-09-04T02:00:00+02:00,715564800000,,46,46,G,,corrected-archive-csv
162860,Luleå-Kallax Flygplats,13,Rådande väder,"momentanvärde, 1 gång/tim resp 8 gånger/dygn",kod,1992-09-04T01:00:00Z,1992-09-04T03:00:00+02:00,715568400000,,41,41,Y,,corrected-archive-csv
162860,Luleå-Kallax Flygplats,13,Rådande väder,"momentanvärde, 1 gång/tim resp 8 gånger/dygn",kod,1992-09-04T02:00:00Z,1992-09-04T04:00:00+02:00,715572000000,,15,15,Y,,corrected-archive-csv
162860,Luleå-Kallax Flygplats,13,Rådande väder,"momentanvärde, 1 gång/tim resp 8 gånger/dygn",kod,1992-09-04T03:00:00Z,1992-09-04T05:00:00+02:00,715575600000,,15,15,G,,corrected-archive-csv
162860,Luleå-Kallax Flygplats,13,Rådande väder,"momentanvärde, 1 gång/tim resp 8 gånger/dygn",kod,1992-09-04T04:00:00Z,1992-09-04T06:00:00+02:00,715579200000,,15,15,Y,,corrected-archive-csv
162860,Luleå-Kallax Flygplats,13,Rådande väder,"momentanvärde, 1 gång/tim resp 8 gånger/dygn",kod,1992-09-04T05:00:00Z,1992-09-04T07:00:00+02:00,715582800000,,1,1,Y,,corrected-archive-csv
162860,Luleå-Kallax Flygplats,13,Rådande väder,"momentanvärde, 1 gång/tim resp 8 gånger/dygn",kod,1992-09-04T06:00:00Z,1992-09-04T08:00:00+02:00,715586400000,,0,0,G,,corrected-archive-csv
162860,Luleå-Kallax Flygplats,13,Rådande väder,"momentanvärde, 1 gång/tim resp 8 gånger/dygn",kod,1992-09-04T07:00:00Z,1992-09-04T09:00:00+02:00,715590000000,,14,14,Y,,corrected-archive-csv
162860,Luleå-Kallax Flygplats,13,Rådande väder,"momentanvärde, 1 gång/tim resp 8 gånger/dygn",kod,1992-09-04T08:00:00Z,1992-09-04T10:00:00+02:00,715593600000,,14,14,Y,,corrected-archive-csv
162860,Luleå-Kallax Flygplats,13,Rådande väder,"momentanvärde, 1 gång/tim resp 8 gånger/dygn",kod,1992-09-04T09:00:00Z,1992-09-04T11:00:00+02:00,715597200000,,14,14,G,,corrected-archive-csv
162860,Luleå-Kallax Flygplats,13,Rådande väder,"momentanvärde, 1 gång/tim resp 8 gånger/dygn",kod,1992-09-04T10:00:00Z,1992-09-04T12:00:00+02:00,715600800000,,14,14,Y,,corrected-archive-csv
162860,Luleå-Kallax Flygplats,13,Rådande väder,"momentanvärde, 1 gång/tim resp 8 gånger/dygn",kod,1992-09-04T11:00:00Z,1992-09-04T13:00:00+02:00,715604400000,,14,14,Y,,corrected-archive-csv
162860,Luleå-Kallax Flygplats,13,Rådande väder,"momentanvärde, 1 gång/tim resp 8 gånger/dygn",kod,1992-09-04T12:00:00Z,1992-09-04T14:00:00+02:00,715608000000,,14,14,G,,corrected-archive-csv
162860,Luleå-Kallax Flygplats,13,Rådande väder,"momentanvärde, 1 gång/tim resp 8 gånger/dygn",kod,1992-09-04T15:00:00Z,1992-09-04T17:00:00+02:00,715618800000,,0,0,G,,corrected-archive-csv
162860,Luleå-Kallax Flygplats,13,Rådande väder,"momentanvärde, 1 gång/tim resp 8 gånger/dygn",kod,1992-09-04T18:00:00Z,1992-09-04T20:00:00+02:00,715629600000,,0,0,G,,corrected-archive-csv
162860,Luleå-Kallax Flygplats,13,Rådande väder,"momentanvärde, 1 gång/tim resp 8 gånger/dygn",kod,1992-09-04T21:00:00Z,1992-09-04T23:00:00+02:00,715640400000,,0,0,G,,corrected-archive-csv
162860,Luleå-Kallax Flygplats,13,Rådande väder,"momentanvärde, 1 gång/tim resp 8 gånger/dygn",kod,1992-09-04T22:00:00Z,1992-09-05T00:00:00+02:00,715644000000,,61,61,Y,,corrected-archive-csv
162860,Luleå-Kallax Flygplats,13,Rådande väder,"momentanvärde, 1 gång/tim resp 8 gånger/dygn",kod,1992-09-04T23:00:00Z,1992-09-05T01:00:00+02:00,715647600000,,61,61,Y,,corrected-archive-csv
162860,Luleå-Kallax Flygplats,13,Rådande väder,"momentanvärde, 1 gång/tim resp 8 gånger/dygn",kod,1992-09-05T00:00:00Z,1992-09-05T02:00:00+02:00,715651200000,,61,61,G,,corrected-archive-csv
162860,Luleå-Kallax Flygplats,13,Rådande väder,"momentanvärde, 1 gång/tim resp 8 gånger/dygn",kod,1992-09-05T01:00:00Z,1992-09-05T03:00:00+02:00,715654800000,,61,61,Y,,corrected-archive-csv
162860,Luleå-Kallax Flygplats,13,Rådande väder,"momentanvärde, 1 gång/tim resp 8 gånger/dygn",kod,1992-09-05T02:00:00Z,1992-09-05T04:00:00+02:00,715658400000,,61,61,Y,,corrected-archive-csv
162860,Luleå-Kallax Flygplats,13,Rådande väder,"momentanvärde, 1 gång/tim resp 8 gånger/dygn",kod,1992-09-05T03:00:00Z,1992-09-05T05:00:00+02:00,715662000000,,61,61,G,,corrected-archive-csv
162860,Luleå-Kallax Flygplats,13,Rådande väder,"momentanvärde, 1 gång/tim resp 8 gånger/dygn",kod,1992-09-05T04:00:00Z,1992-09-05T06:00:00+02:00,715665600000,,61,61,Y,,corrected-archive-csv
162860,Luleå-Kallax Flygplats,13,Rådande väder,"momentanvärde, 1 gång/tim resp 8 gånger/dygn",kod,1992-09-05T05:00:00Z,1992-09-05T07:00:00+02:00,715669200000,,61,61,Y,,corrected-archive-csv
162860,Luleå-Kallax Flygplats,13,Rådande väder,"momentanvärde, 1 gång/tim resp 8 gånger/dygn",kod,1992-09-05T06:00:00Z,1992-09-05T08:00:00+02:00,715672800000,,61,61,G,,corrected-archive-csv
162860,Luleå-Kallax Flygplats,13,Rådande väder,"momentanvärde, 1 gång/tim resp 8 gånger/dygn",kod,1992-09-05T07:00:00Z,1992-09-05T09:00:00+02:00,715676400000,,61,61,Y,,corrected-archive-csv
162860,Luleå-Kallax Flygplats,13,Rådande väder,"momentanvärde, 1 gång/tim resp 8 gånger/dygn",kod,1992-09-05T08:00:00Z,1992-09-05T10:00:00+02:00,715680000000,,61,61,Y,,corrected-archive-csv
162860,Luleå-Kallax Flygplats,13,Rådande väder,"momentanvärde, 1 gång/tim resp 8 gånger/dygn",kod,1992-09-05T09:00:00Z,1992-09-05T11:00:00+02:00,715683600000,,61,61,G,,corrected-archive-csv
162860,Luleå-Kallax Flygplats,13,Rådande väder,"momentanvärde, 1 gång/tim resp 8 gånger/dygn",kod,1992-09-05T10:00:00Z,1992-09-05T12:00:00+02:00,715687200000,,61,61,Y,,corrected-archive-csv
162860,Luleå-Kallax Flygplats,13,Rådande väder,"momentanvärde, 1 gång/tim resp 8 gånger/dygn",kod,1992-09-05T11:00:00Z,1992-09-05T13:00:00+02:00,715690800000,,21,21,Y,,corrected-archive-csv
162860,Luleå-Kallax Flygplats,13,Rådande väder,"momentanvärde, 1 gång/tim resp 8 gånger/dygn",kod,1992-09-05T12:00:00Z,1992-09-05T14:00:00+02:00,715694400000,,51,51,G,,corrected-archive-csv
162860,Luleå-Kallax Flygplats,13,Rådande väder,"momentanvärde, 1 gång/tim resp 8 gånger/dygn",kod,1992-09-05T13:00:00Z,1992-09-05T15:00:00+02:00,715698000000,,51,51,Y,,corrected-archive-csv
162860,Luleå-Kallax Flygplats,13,Rådande väder,"momentanvärde, 1 gång/tim resp 8 gånger/dygn",kod,1992-09-05T14:00:00Z,1992-09-05T16:00:00+02:00,715701600000,,51,51,Y,,corrected-archive-csv
162860,Luleå-Kallax Flygplats,13,Rådande väder,"momentanvärde, 1 gång/tim resp 8 gånger/dygn",kod,1992-09-05T15:00:00Z,1992-09-05T17:00:00+02:00,715705200000,,51,51,G,,corrected-archive-csv
162860,Luleå-Kallax Flygplats,13,Rådande väder,"momentanvärde, 1 gång/tim resp 8 gånger/dygn",kod,1992-09-05T16:00:00Z,1992-09-05T18:00:00+02:00,715708800000,,51,51,Y,,corrected-archive-csv
162860,Luleå-Kallax Flygplats,13,Rådande väder,"momentanvärde, 1 gång/tim resp 8 gånger/dygn",kod,1992-09-05T17:00:00Z,1992-09-05T19:00:00+02:00,715712400000,,51,51,Y,,corrected-archive-csv
162860,Luleå-Kallax Flygplats,13,Rådande väder,"momentanvärde, 1 gång/tim resp 8 gånger/dygn",kod,1992-09-05T18:00:00Z,1992-09-05T20:00:00+02:00,715716000000,,51,51,G,,corrected-archive-csv
162860,Luleå-Kallax Flygplats,13,Rådande väder,"momentanvärde, 1 gång/tim resp 8 gånger/dygn",kod,1992-09-05T19:00:00Z,1992-09-05T21:00:00+02:00,715719600000,,51,51,Y,,corrected-archive-csv
162860,Luleå-Kallax Flygplats,13,Rådande väder,"momentanvärde, 1 gång/tim resp 8 gånger/dygn",kod,1992-09-05T20:00:00Z,1992-09-05T22:00:00+02:00,715723200000,,51,51,Y,,corrected-archive-csv
162860,Luleå-Kallax Flygplats,13,Rådande väder,"momentanvärde, 1 gång/tim resp 8 gånger/dygn",kod,1992-09-05T21:00:00Z,1992-09-05T23:00:00+02:00,715726800000,,51,51,G,,corrected-archive-csv
162860,Luleå-Kallax Flygplats,13,Rådande väder,"momentanvärde, 1 gång/tim resp 8 gånger/dygn",kod,1992-09-05T22:00:00Z,1992-09-06T00:00:00+02:00,715730400000,,51,51,Y,,corrected-archive-csv
162860,Luleå-Kallax Flygplats,13,Rådande väder,"momentanvärde, 1 gång/tim resp 8 gånger/dygn",kod,1992-09-05T23:00:00Z,1992-09-06T01:00:00+02:00,715734000000,,51,51,Y,,corrected-archive-csv
162860,Luleå-Kallax Flygplats,13,Rådande väder,"momentanvärde, 1 gång/tim resp 8 gånger/dygn",kod,1992-09-06T00:00:00Z,1992-09-06T02:00:00+02:00,715737600000,,51,51,G,,corrected-archive-csv
162860,Luleå-Kallax Flygplats,13,Rådande väder,"momentanvärde, 1 gång/tim resp 8 gånger/dygn",kod,1992-09-06T01:00:00Z,1992-09-06T03:00:00+02:00,715741200000,,20,20,Y,,corrected-archive-csv
162860,Luleå-Kallax Flygplats,13,Rådande väder,"momentanvärde, 1 gång/tim resp 8 gånger/dygn",kod,1992-09-06T02:00:00Z,1992-09-06T04:00:00+02:00,715744800000,,2,2,Y,,corrected-archive-csv
162860,Luleå-Kallax Flygplats,13,Rådande väder,"momentanvärde, 1 gång/tim resp 8 gånger/dygn",kod,1992-09-06T03:00:00Z,1992-09-06T05:00:00+02:00,715748400000,,2,2,G,,corrected-archive-csv
162860,Luleå-Kallax Flygplats,13,Rådande väder,"momentanvärde, 1 gång/tim resp 8 gånger/dygn",kod,1992-09-06T04:00:00Z,1992-09-06T06:00:00+02:00,715752000000,,2,2,Y,,corrected-archive-csv
162860,Luleå-Kallax Flygplats,13,Rådande väder,"momentanvärde, 1 gång/tim resp 8 gånger/dygn",kod,1992-09-06T05:00:00Z,1992-09-06T07:00:00+02:00,715755600000,,2,2,Y,,corrected-archive-csv
162860,Luleå-Kallax Flygplats,13,Rådande väder,"momentanvärde, 1 gång/tim resp 8 gånger/dygn",kod,1992-09-06T06:00:00Z,1992-09-06T08:00:00+02:00,715759200000,,2,2,G,,corrected-archive-csv
162860,Luleå-Kallax Flygplats,13,Rådande väder,"momentanvärde, 1 gång/tim resp 8 gånger/dygn",kod,1992-09-06T09:00:00Z,1992-09-06T11:00:00+02:00,715770000000,,0,0,G,,corrected-archive-csv
162860,Luleå-Kallax Flygplats,13,Rådande väder,"momentanvärde, 1 gång/tim resp 8 gånger/dygn",kod,1992-09-06T12:00:00Z,1992-09-06T14:00:00+02:00,715780800000,,0,0,G,,corrected-archive-csv
162860,Luleå-Kallax Flygplats,13,Rådande väder,"momentanvärde, 1 gång/tim resp 8 gånger/dygn",kod,1992-09-06T15:00:00Z,1992-09-06T17:00:00+02:00,715791600000,,0,0,G,,corrected-archive-csv
162860,Luleå-Kallax Flygplats,13,Rådande väder,"momentanvärde, 1 gång/tim resp 8 gånger/dygn",kod,1992-09-06T18:00:00Z,1992-09-06T20:00:00+02:00,715802400000,,0,0,G,,corrected-archive-csv
162860,Luleå-Kallax Flygplats,13,Rådande väder,"momentanvärde, 1 gång/tim resp 8 gånger/dygn",kod,1992-09-06T21:00:00Z,1992-09-06T23:00:00+02:00,715813200000,,0,0,G,,corrected-archive-csv
162860,Luleå-Kallax Flygplats,13,Rådande väder,"momentanvärde, 1 gång/tim resp 8 gånger/dygn",kod,1992-09-07T00:00:00Z,1992-09-07T02:00:00+02:00,715824000000,,0,0,G,,corrected-archive-csv
162860,Luleå-Kallax Flygplats,13,Rådande väder,"momentanvärde, 1 gång/tim resp 8 gånger/dygn",kod,1992-09-07T03:00:00Z,1992-09-07T05:00:00+02:00,715834800000,,0,0,G,,corrected-archive-csv
162860,Luleå-Kallax Flygplats,13,Rådande väder,"momentanvärde, 1 gång/tim resp 8 gånger/dygn",kod,1992-09-07T06:00:00Z,1992-09-07T08:00:00+02:00,715845600000,,0,0,G,,corrected-archive-csv
162860,Luleå-Kallax Flygplats,13,Rådande väder,"momentanvärde, 1 gång/tim resp 8 gånger/dygn",kod,1992-09-07T09:00:00Z,1992-09-07T11:00:00+02:00,715856400000,,0,0,G,,corrected-archive-csv
162860,Luleå-Kallax Flygplats,13,Rådande väder,"momentanvärde, 1 gång/tim resp 8 gånger/dygn",kod,1992-09-07T12:00:00Z,1992-09-07T14:00:00+02:00,715867200000,,0,0,G,,corrected-archive-csv
162860,Luleå-Kallax Flygplats,13,Rådande väder,"momentanvärde, 1 gång/tim resp 8 gånger/dygn",kod,1992-09-07T15:00:00Z,1992-09-07T17:00:00+02:00,715878000000,,0,0,G,,corrected-archive-csv
162860,Luleå-Kallax Flygplats,13,Rådande väder,"momentanvärde, 1 gång/tim resp 8 gånger/dygn",kod,1992-09-07T18:00:00Z,1992-09-07T20:00:00+02:00,715888800000,,0,0,G,,corrected-archive-csv
162860,Luleå-Kallax Flygplats,13,Rådande väder,"momentanvärde, 1 gång/tim resp 8 gånger/dygn",kod,1992-09-07T21:00:00Z,1992-09-07T23:00:00+02:00,715899600000,,0,0,G,,corrected-archive-csv
162860,Luleå-Kallax Flygplats,13,Rådande väder,"momentanvärde, 1 gång/tim resp 8 gånger/dygn",kod,1992-09-08T00:00:00Z,1992-09-08T02:00:00+02:00,715910400000,,61,61,G,,corrected-archive-csv
162860,Luleå-Kallax Flygplats,13,Rådande väder,"momentanvärde, 1 gång/tim resp 8 gånger/dygn",kod,1992-09-08T01:00:00Z,1992-09-08T03:00:00+02:00,715914000000,,61,61,Y,,corrected-archive-csv
162860,Luleå-Kallax Flygplats,13,Rådande väder,"momentanvärde, 1 gång/tim resp 8 gånger/dygn",kod,1992-09-08T02:00:00Z,1992-09-08T04:00:00+02:00,715917600000,,61,61,Y,,corrected-archive-csv
162860,Luleå-Kallax Flygplats,13,Rådande väder,"momentanvärde, 1 gång/tim resp 8 gånger/dygn",kod,1992-09-08T03:00:00Z,1992-09-08T05:00:00+02:00,715921200000,,61,61,G,,corrected-archive-csv
162860,Luleå-Kallax Flygplats,13,Rådande väder,"momentanvärde, 1 gång/tim resp 8 gånger/dygn",kod,1992-09-08T04:00:00Z,1992-09-08T06:00:00+02:00,715924800000,,61,61,Y,,corrected-archive-csv
162860,Luleå-Kallax Flygplats,13,Rådande väder,"momentanvärde, 1 gång/tim resp 8 gånger/dygn",kod,1992-09-08T05:00:00Z,1992-09-08T07:00:00+02:00,715928400000,,61,61,Y,,corrected-archive-csv
162860,Luleå-Kallax Flygplats,13,Rådande väder,"momentanvärde, 1 gång/tim resp 8 gånger/dygn",kod,1992-09-08T06:00:00Z,1992-09-08T08:00:00+02:00,715932000000,,61,61,G,,corrected-archive-csv
162860,Luleå-Kallax Flygplats,13,Rådande väder,"momentanvärde, 1 gång/tim resp 8 gånger/dygn",kod,1992-09-08T09:00:00Z,1992-09-08T11:00:00+02:00,715942800000,,0,0,G,,corrected-archive-csv
162860,Luleå-Kallax Flygplats,13,Rådande väder,"momentanvärde, 1 gång/tim resp 8 gånger/dygn",kod,1992-09-08T12:00:00Z,1992-09-08T14:00:00+02:00,715953600000,,0,0,G,,corrected-archive-csv
162860,Luleå-Kallax Flygplats,13,Rådande väder,"momentanvärde, 1 gång/tim resp 8 gånger/dygn",kod,1992-09-08T15:00:00Z,1992-09-08T17:00:00+02:00,715964400000,,0,0,G,,corrected-archive-csv
162860,Luleå-Kallax Flygplats,13,Rådande väder,"momentanvärde, 1 gång/tim resp 8 gånger/dygn",kod,1992-09-08T18:00:00Z,1992-09-08T20:00:00+02:00,715975200000,,0,0,G,,corrected-archive-csv
162860,Luleå-Kallax Flygplats,13,Rådande väder,"momentanvärde, 1 gång/tim resp 8 gånger/dygn",kod,1992-09-08T21:00:00Z,1992-09-08T23:00:00+02:00,715986000000,,0,0,G,,corrected-archive-csv
162860,Luleå-Kallax Flygplats,13,Rådande väder,"momentanvärde, 1 gång/tim resp 8 gånger/dygn",kod,1992-09-09T00:00:00Z,1992-09-09T02:00:00+02:00,715996800000,,0,0,G,,corrected-archive-csv
162860,Luleå-Kallax Flygplats,13,Rådande väder,"momentanvärde, 1 gång/tim resp 8 gånger/dygn",kod,1992-09-09T03:00:00Z,1992-09-09T05:00:00+02:00,716007600000,,0,0,G,,corrected-archive-csv
162860,Luleå-Kallax Flygplats,13,Rådande väder,"momentanvärde, 1 gång/tim resp 8 gånger/dygn",kod,1992-09-09T09:00:00Z,1992-09-09T11:00:00+02:00,716029200000,,0,0,G,,corrected-archive-csv
162860,Luleå-Kallax Flygplats,13,Rådande väder,"momentanvärde, 1 gång/tim resp 8 gånger/dygn",kod,1992-09-09T12:00:00Z,1992-09-09T14:00:00+02:00,716040000000,,0,0,G,,corrected-archive-csv
162860,Luleå-Kallax Flygplats,13,Rådande väder,"momentanvärde, 1 gång/tim resp 8 gånger/dygn",kod,1992-09-09T15:00:00Z,1992-09-09T17:00:00+02:00,716050800000,,0,0,G,,corrected-archive-csv
162860,Luleå-Kallax Flygplats,13,Rådande väder,"momentanvärde, 1 gång/tim resp 8 gånger/dygn",kod,1992-09-09T18:00:00Z,1992-09-09T20:00:00+02:00,716061600000,,0,0,G,,corrected-archive-csv
162860,Luleå-Kallax Flygplats,13,Rådande väder,"momentanvärde, 1 gång/tim resp 8 gånger/dygn",kod,1992-09-09T21:00:00Z,1992-09-09T23:00:00+02:00,716072400000,,0,0,G,,corrected-archive-csv
162860,Luleå-Kallax Flygplats,13,Rådande väder,"momentanvärde, 1 gång/tim resp 8 gånger/dygn",kod,1992-09-10T00:00:00Z,1992-09-10T02:00:00+02:00,716083200000,,0,0,G,,corrected-archive-csv
162860,Luleå-Kallax Flygplats,13,Rådande väder,"momentanvärde, 1 gång/tim resp 8 gånger/dygn",kod,1992-09-10T03:00:00Z,1992-09-10T05:00:00+02:00,716094000000,,0,0,G,,corrected-archive-csv
162860,Luleå-Kallax Flygplats,13,Rådande väder,"momentanvärde, 1 gång/tim resp 8 gånger/dygn",kod,1992-09-10T06:00:00Z,1992-09-10T08:00:00+02:00,716104800000,,0,0,G,,corrected-archive-csv
162860,Luleå-Kallax Flygplats,13,Rådande väder,"momentanvärde, 1 gång/tim resp 8 gånger/dygn",kod,1992-09-10T09:00:00Z,1992-09-10T11:00:00+02:00,716115600000,,0,0,G,,corrected-archive-csv
162860,Luleå-Kallax Flygplats,13,Rådande väder,"momentanvärde, 1 gång/tim resp 8 gånger/dygn",kod,1992-09-10T12:00:00Z,1992-09-10T14:00:00+02:00,716126400000,,0,0,G,,corrected-archive-csv
162860,Luleå-Kallax Flygplats,13,Rådande väder,"momentanvärde, 1 gång/tim resp 8 gånger/dygn",kod,1992-09-10T15:00:00Z,1992-09-10T17:00:00+02:00,716137200000,,0,0,G,,corrected-archive-csv
162860,Luleå-Kallax Flygplats,13,Rådande väder,"momentanvärde, 1 gång/tim resp 8 gånger/dygn",kod,1992-09-10T18:00:00Z,1992-09-10T20:00:00+02:00,716148000000,,11,11,G,,corrected-archive-csv
162860,Luleå-Kallax Flygplats,13,Rådande väder,"momentanvärde, 1 gång/tim resp 8 gånger/dygn",kod,1992-09-10T19:00:00Z,1992-09-10T21:00:00+02:00,716151600000,,2,2,Y,,corrected-archive-csv
162860,Luleå-Kallax Flygplats,13,Rådande väder,"momentanvärde, 1 gång/tim resp 8 gånger/dygn",kod,1992-09-10T20:00:00Z,1992-09-10T22:00:00+02:00,716155200000,,47,47,Y,,corrected-archive-csv
162860,Luleå-Kallax Flygplats,13,Rådande väder,"momentanvärde, 1 gång/tim resp 8 gånger/dygn",kod,1992-09-10T21:00:00Z,1992-09-10T23:00:00+02:00,716158800000,,47,47,G,,corrected-archive-csv
162860,Luleå-Kallax Flygplats,13,Rådande väder,"momentanvärde, 1 gång/tim resp 8 gånger/dygn",kod,1992-09-10T22:00:00Z,1992-09-11T00:00:00+02:00,716162400000,,45,45,Y,,corrected-archive-csv
162860,Luleå-Kallax Flygplats,13,Rådande väder,"momentanvärde, 1 gång/tim resp 8 gånger/dygn",kod,1992-09-10T23:00:00Z,1992-09-11T01:00:00+02:00,716166000000,,45,45,Y,,corrected-archive-csv
162860,Luleå-Kallax Flygplats,13,Rådande väder,"momentanvärde, 1 gång/tim resp 8 gånger/dygn",kod,1992-09-11T00:00:00Z,1992-09-11T02:00:00+02:00,716169600000,,42,42,G,,corrected-archive-csv
162860,Luleå-Kallax Flygplats,13,Rådande väder,"momentanvärde, 1 gång/tim resp 8 gånger/dygn",kod,1992-09-11T01:00:00Z,1992-09-11T03:00:00+02:00,716173200000,,40,40,Y,,corrected-archive-csv
162860,Luleå-Kallax Flygplats,13,Rådande väder,"momentanvärde, 1 gång/tim resp 8 gånger/dygn",kod,1992-09-11T02:00:00Z,1992-09-11T04:00:00+02:00,716176800000,,40,40,Y,,corrected-archive-csv
162860,Luleå-Kallax Flygplats,13,Rådande väder,"momentanvärde, 1 gång/tim resp 8 gånger/dygn",kod,1992-09-11T03:00:00Z,1992-09-11T05:00:00+02:00,716180400000,,40,40,G,,corrected-archive-csv
162860,Luleå-Kallax Flygplats,13,Rådande väder,"momentanvärde, 1 gång/tim resp 8 gånger/dygn",kod,1992-09-11T04:00:00Z,1992-09-11T06:00:00+02:00,716184000000,,40,40,Y,,corrected-archive-csv
162860,Luleå-Kallax Flygplats,13,Rådande väder,"momentanvärde, 1 gång/tim resp 8 gånger/dygn",kod,1992-09-11T05:00:00Z,1992-09-11T07:00:00+02:00,716187600000,,40,40,Y,,corrected-archive-csv
162860,Luleå-Kallax Flygplats,13,Rådande väder,"momentanvärde, 1 gång/tim resp 8 gånger/dygn",kod,1992-09-11T06:00:00Z,1992-09-11T08:00:00+02:00,716191200000,,28,28,G,,corrected-archive-csv
162860,Luleå-Kallax Flygplats,13,Rådande väder,"momentanvärde, 1 gång/tim resp 8 gånger/dygn",kod,1992-09-11T09:00:00Z,1992-09-11T11:00:00+02:00,716202000000,,0,0,G,,corrected-archive-csv
162860,Luleå-Kallax Flygplats,13,Rådande väder,"momentanvärde, 1 gång/tim resp 8 gånger/dygn",kod,1992-09-11T12:00:00Z,1992-09-11T14:00:00+02:00,716212800000,,0,0,G,,corrected-archive-csv
162860,Luleå-Kallax Flygplats,13,Rådande väder,"momentanvärde, 1 gång/tim resp 8 gånger/dygn",kod,1992-09-11T15:00:00Z,1992-09-11T17:00:00+02:00,716223600000,,46,46,G,,corrected-archive-csv
162860,Luleå-Kallax Flygplats,13,Rådande väder,"momentanvärde, 1 gång/tim resp 8 gånger/dygn",kod,1992-09-11T16:00:00Z,1992-09-11T18:00:00+02:00,716227200000,,46,46,Y,,corrected-archive-csv
162860,Luleå-Kallax Flygplats,13,Rådande väder,"momentanvärde, 1 gång/tim resp 8 gånger/dygn",kod,1992-09-11T17:00:00Z,1992-09-11T19:00:00+02:00,716230800000,,46,46,Y,,corrected-archive-csv
162860,Luleå-Kallax Flygplats,13,Rådande väder,"momentanvärde, 1 gång/tim resp 8 gånger/dygn",kod,1992-09-11T18:00:00Z,1992-09-11T20:00:00+02:00,716234400000,,47,47,G,,corrected-archive-csv
162860,Luleå-Kallax Flygplats,13,Rådande väder,"momentanvärde, 1 gång/tim resp 8 gånger/dygn",kod,1992-09-11T19:00:00Z,1992-09-11T21:00:00+02:00,716238000000,,45,45,Y,,corrected-archive-csv
162860,Luleå-Kallax Flygplats,13,Rådande väder,"momentanvärde, 1 gång/tim resp 8 gånger/dygn",kod,1992-09-11T20:00:00Z,1992-09-11T22:00:00+02:00,716241600000,,51,51,Y,,corrected-archive-csv
162860,Luleå-Kallax Flygplats,13,Rådande väder,"momentanvärde, 1 gång/tim resp 8 gånger/dygn",kod,1992-09-11T21:00:00Z,1992-09-11T23:00:00+02:00,716245200000,,45,45,G,,corrected-archive-csv
162860,Luleå-Kallax Flygplats,13,Rådande väder,"momentanvärde, 1 gång/tim resp 8 gånger/dygn",kod,1992-09-11T22:00:00Z,1992-09-12T00:00:00+02:00,716248800000,,45,45,Y,,corrected-archive-csv
162860,Luleå-Kallax Flygplats,13,Rådande väder,"momentanvärde, 1 gång/tim resp 8 gånger/dygn",kod,1992-09-11T23:00:00Z,1992-09-12T01:00:00+02:00,716252400000,,28,28,Y,,corrected-archive-csv
162860,Luleå-Kallax Flygplats,13,Rådande väder,"momentanvärde, 1 gång/tim resp 8 gånger/dygn",kod,1992-09-12T00:00:00Z,1992-09-12T02:00:00+02:00,716256000000,,10,10,G,,corrected-archive-csv
162860,Luleå-Kallax Flygplats,13,Rådande väder,"momentanvärde, 1 gång/tim resp 8 gånger/dygn",kod,1992-09-12T01:00:00Z,1992-09-12T03:00:00+02:00,716259600000,,10,10,Y,,corrected-archive-csv
162860,Luleå-Kallax Flygplats,13,Rådande väder,"momentanvärde, 1 gång/tim resp 8 gånger/dygn",kod,1992-09-12T02:00:00Z,1992-09-12T04:00:00+02:00,716263200000,,10,10,Y,,corrected-archive-csv
162860,Luleå-Kallax Flygplats,13,Rådande väder,"momentanvärde, 1 gång/tim resp 8 gånger/dygn",kod,1992-09-12T03:00:00Z,1992-09-12T05:00:00+02:00,716266800000,,47,47,G,,corrected-archive-csv
162860,Luleå-Kallax Flygplats,13,Rådande väder,"momentanvärde, 1 gång/tim resp 8 gånger/dygn",kod,1992-09-12T04:00:00Z,1992-09-12T06:00:00+02:00,716270400000,,53,53,Y,,corrected-archive-csv
162860,Luleå-Kallax Flygplats,13,Rådande väder,"momentanvärde, 1 gång/tim resp 8 gånger/dygn",kod,1992-09-12T05:00:00Z,1992-09-12T07:00:00+02:00,716274000000,,10,10,Y,,corrected-archive-csv
162860,Luleå-Kallax Flygplats,13,Rådande väder,"momentanvärde, 1 gång/tim resp 8 gånger/dygn",kod,1992-09-12T06:00:00Z,1992-09-12T08:00:00+02:00,716277600000,,10,10,G,,corrected-archive-csv
162860,Luleå-Kallax Flygplats,13,Rådande väder,"momentanvärde, 1 gång/tim resp 8 gånger/dygn",kod,1992-09-12T07:00:00Z,1992-09-12T09:00:00+02:00,716281200000,,10,10,Y,,corrected-archive-csv
162860,Luleå-Kallax Flygplats,13,Rådande väder,"momentanvärde, 1 gång/tim resp 8 gånger/dygn",kod,1992-09-12T08:00:00Z,1992-09-12T10:00:00+02:00,716284800000,,10,10,Y,,corrected-archive-csv
162860,Luleå-Kallax Flygplats,13,Rådande väder,"momentanvärde, 1 gång/tim resp 8 gånger/dygn",kod,1992-09-12T09:00:00Z,1992-09-12T11:00:00+02:00,716288400000,,10,10,G,,corrected-archive-csv
162860,Luleå-Kallax Flygplats,13,Rådande väder,"momentanvärde, 1 gång/tim resp 8 gånger/dygn",kod,1992-09-12T10:00:00Z,1992-09-12T12:00:00+02:00,716292000000,,10,10,Y,,corrected-archive-csv
162860,Luleå-Kallax Flygplats,13,Rådande väder,"momentanvärde, 1 gång/tim resp 8 gånger/dygn",kod,1992-09-12T11:00:00Z,1992-09-12T13:00:00+02:00,716295600000,,10,10,Y,,corrected-archive-csv
162860,Luleå-Kallax Flygplats,13,Rådande väder,"momentanvärde, 1 gång/tim resp 8 gånger/dygn",kod,1992-09-12T12:00:00Z,1992-09-12T14:00:00+02:00,716299200000,,10,10,G,,corrected-archive-csv
162860,Luleå-Kallax Flygplats,13,Rådande väder,"momentanvärde, 1 gång/tim resp 8 gånger/dygn",kod,1992-09-12T13:00:00Z,1992-09-12T15:00:00+02:00,716302800000,,10,10,Y,,corrected-archive-csv
162860,Luleå-Kallax Flygplats,13,Rådande väder,"momentanvärde, 1 gång/tim resp 8 gånger/dygn",kod,1992-09-12T14:00:00Z,1992-09-12T16:00:00+02:00,716306400000,,10,10,Y,,corrected-archive-csv
162860,Luleå-Kallax Flygplats,13,Rådande väder,"momentanvärde, 1 gång/tim resp 8 gånger/dygn",kod,1992-09-12T15:00:00Z,1992-09-12T17:00:00+02:00,716310000000,,10,10,G,,corrected-archive-csv
162860,Luleå-Kallax Flygplats,13,Rådande väder,"momentanvärde, 1 gång/tim resp 8 gånger/dygn",kod,1992-09-12T16:00:00Z,1992-09-12T18:00:00+02:00,716313600000,,10,10,Y,,corrected-archive-csv
162860,Luleå-Kallax Flygplats,13,Rådande väder,"momentanvärde, 1 gång/tim resp 8 gånger/dygn",kod,1992-09-12T17:00:00Z,1992-09-12T19:00:00+02:00,716317200000,,10,10,Y,,corrected-archive-csv
162860,Luleå-Kallax Flygplats,13,Rådande väder,"momentanvärde, 1 gång/tim resp 8 gånger/dygn",kod,1992-09-12T18:00:00Z,1992-09-12T20:00:00+02:00,716320800000,,10,10,G,,corrected-archive-csv
162860,Luleå-Kallax Flygplats,13,Rådande väder,"momentanvärde, 1 gång/tim resp 8 gånger/dygn",kod,1992-09-12T19:00:00Z,1992-09-12T21:00:00+02:00,716324400000,,10,10,Y,,corrected-archive-csv
162860,Luleå-Kallax Flygplats,13,Rådande väder,"momentanvärde, 1 gång/tim resp 8 gånger/dygn",kod,1992-09-12T20:00:00Z,1992-09-12T22:00:00+02:00,716328000000,,10,10,Y,,corrected-archive-csv
162860,Luleå-Kallax Flygplats,13,Rådande väder,"momentanvärde, 1 gång/tim resp 8 gånger/dygn",kod,1992-09-12T21:00:00Z,1992-09-12T23:00:00+02:00,716331600000,,10,10,G,,corrected-archive-csv
162860,Luleå-Kallax Flygplats,13,Rådande väder,"momentanvärde, 1 gång/tim resp 8 gånger/dygn",kod,1992-09-12T22:00:00Z,1992-09-13T00:00:00+02:00,716335200000,,10,10,Y,,corrected-archive-csv
162860,Luleå-Kallax Flygplats,13,Rådande väder,"momentanvärde, 1 gång/tim resp 8 gånger/dygn",kod,1992-09-12T23:00:00Z,1992-09-13T01:00:00+02:00,716338800000,,10,10,Y,,corrected-archive-csv
162860,Luleå-Kallax Flygplats,13,Rådande väder,"momentanvärde, 1 gång/tim resp 8 gånger/dygn",kod,1992-09-13T00:00:00Z,1992-09-13T02:00:00+02:00,716342400000,,10,10,G,,corrected-archive-csv
162860,Luleå-Kallax Flygplats,13,Rådande väder,"momentanvärde, 1 gång/tim resp 8 gånger/dygn",kod,1992-09-13T01:00:00Z,1992-09-13T03:00:00+02:00,716346000000,,10,10,Y,,corrected-archive-csv
162860,Luleå-Kallax Flygplats,13,Rådande väder,"momentanvärde, 1 gång/tim resp 8 gånger/dygn",kod,1992-09-13T02:00:00Z,1992-09-13T04:00:00+02:00,716349600000,,10,10,Y,,corrected-archive-csv
162860,Luleå-Kallax Flygplats,13,Rådande väder,"momentanvärde, 1 gång/tim resp 8 gånger/dygn",kod,1992-09-13T03:00:00Z,1992-09-13T05:00:00+02:00,716353200000,,10,10,G,,corrected-archive-csv
162860,Luleå-Kallax Flygplats,13,Rådande väder,"momentanvärde, 1 gång/tim resp 8 gånger/dygn",kod,1992-09-13T04:00:00Z,1992-09-13T06:00:00+02:00,716356800000,,10,10,Y,,corrected-archive-csv
162860,Luleå-Kallax Flygplats,13,Rådande väder,"momentanvärde, 1 gång/tim resp 8 gånger/dygn",kod,1992-09-13T05:00:00Z,1992-09-13T07:00:00+02:00,716360400000,,10,10,Y,,corrected-archive-csv
162860,Luleå-Kallax Flygplats,13,Rådande väder,"momentanvärde, 1 gång/tim resp 8 gånger/dygn",kod,1992-09-13T06:00:00Z,1992-09-13T08:00:00+02:00,716364000000,,10,10,G,,corrected-archive-csv
162860,Luleå-Kallax Flygplats,13,Rådande väder,"momentanvärde, 1 gång/tim resp 8 gånger/dygn",kod,1992-09-13T07:00:00Z,1992-09-13T09:00:00+02:00,716367600000,,51,51,Y,,corrected-archive-csv
162860,Luleå-Kallax Flygplats,13,Rådande väder,"momentanvärde, 1 gång/tim resp 8 gånger/dygn",kod,1992-09-13T08:00:00Z,1992-09-13T10:00:00+02:00,716371200000,,61,61,Y,,corrected-archive-csv
162860,Luleå-Kallax Flygplats,13,Rådande väder,"momentanvärde, 1 gång/tim resp 8 gånger/dygn",kod,1992-09-13T09:00:00Z,1992-09-13T11:00:00+02:00,716374800000,,51,51,G,,corrected-archive-csv
162860,Luleå-Kallax Flygplats,13,Rådande väder,"momentanvärde, 1 gång/tim resp 8 gånger/dygn",kod,1992-09-13T10:00:00Z,1992-09-13T12:00:00+02:00,716378400000,,10,10,Y,,corrected-archive-csv
162860,Luleå-Kallax Flygplats,13,Rådande väder,"momentanvärde, 1 gång/tim resp 8 gånger/dygn",kod,1992-09-13T11:00:00Z,1992-09-13T13:00:00+02:00,716382000000,,10,10,Y,,corrected-archive-csv
162860,Luleå-Kallax Flygplats,13,Rådande väder,"momentanvärde, 1 gång/tim resp 8 gånger/dygn",kod,1992-09-13T12:00:00Z,1992-09-13T14:00:00+02:00,716385600000,,47,47,G,,corrected-archive-csv
162860,Luleå-Kallax Flygplats,13,Rådande väder,"momentanvärde, 1 gång/tim resp 8 gånger/dygn",kod,1992-09-13T13:00:00Z,1992-09-13T15:00:00+02:00,716389200000,,10,10,Y,,corrected-archive-csv
162860,Luleå-Kallax Flygplats,13,Rådande väder,"momentanvärde, 1 gång/tim resp 8 gånger/dygn",kod,1992-09-13T14:00:00Z,1992-09-13T16:00:00+02:00,716392800000,,47,47,Y,,corrected-archive-csv
162860,Luleå-Kallax Flygplats,13,Rådande väder,"momentanvärde, 1 gång/tim resp 8 gånger/dygn",kod,1992-09-13T15:00:00Z,1992-09-13T17:00:00+02:00,716396400000,,45,45,G,,corrected-archive-csv
162860,Luleå-Kallax Flygplats,13,Rådande väder,"momentanvärde, 1 gång/tim resp 8 gånger/dygn",kod,1992-09-13T16:00:00Z,1992-09-13T18:00:00+02:00,716400000000,,45,45,Y,,corrected-archive-csv
162860,Luleå-Kallax Flygplats,13,Rådande väder,"momentanvärde, 1 gång/tim resp 8 gånger/dygn",kod,1992-09-13T17:00:00Z,1992-09-13T19:00:00+02:00,716403600000,,45,45,Y,,corrected-archive-csv
162860,Luleå-Kallax Flygplats,13,Rådande väder,"momentanvärde, 1 gång/tim resp 8 gånger/dygn",kod,1992-09-13T18:00:00Z,1992-09-13T20:00:00+02:00,716407200000,,45,45,G,,corrected-archive-csv
162860,Luleå-Kallax Flygplats,13,Rådande väder,"momentanvärde, 1 gång/tim resp 8 gånger/dygn",kod,1992-09-13T19:00:00Z,1992-09-13T21:00:00+02:00,716410800000,,45,45,Y,,corrected-archive-csv
162860,Luleå-Kallax Flygplats,13,Rådande väder,"momentanvärde, 1 gång/tim resp 8 gånger/dygn",kod,1992-09-13T20:00:00Z,1992-09-13T22:00:00+02:00,716414400000,,45,45,Y,,corrected-archive-csv
162860,Luleå-Kallax Flygplats,13,Rådande väder,"momentanvärde, 1 gång/tim resp 8 gånger/dygn",kod,1992-09-13T21:00:00Z,1992-09-13T23:00:00+02:00,716418000000,,45,45,G,,corrected-archive-csv
162860,Luleå-Kallax Flygplats,13,Rådande väder,"momentanvärde, 1 gång/tim resp 8 gånger/dygn",kod,1992-09-13T22:00:00Z,1992-09-14T00:00:00+02:00,716421600000,,10,10,Y,,corrected-archive-csv
162860,Luleå-Kallax Flygplats,13,Rådande väder,"momentanvärde, 1 gång/tim resp 8 gånger/dygn",kod,1992-09-13T23:00:00Z,1992-09-14T01:00:00+02:00,716425200000,,2,2,Y,,corrected-archive-csv
162860,Luleå-Kallax Flygplats,13,Rådande väder,"momentanvärde, 1 gång/tim resp 8 gånger/dygn",kod,1992-09-14T00:00:00Z,1992-09-14T02:00:00+02:00,716428800000,,2,2,G,,corrected-archive-csv
162860,Luleå-Kallax Flygplats,13,Rådande väder,"momentanvärde, 1 gång/tim resp 8 gånger/dygn",kod,1992-09-14T01:00:00Z,1992-09-14T03:00:00+02:00,716432400000,,2,2,Y,,corrected-archive-csv
162860,Luleå-Kallax Flygplats,13,Rådande väder,"momentanvärde, 1 gång/tim resp 8 gånger/dygn",kod,1992-09-14T03:00:00Z,1992-09-14T05:00:00+02:00,716439600000,,0,0,G,,corrected-archive-csv
162860,Luleå-Kallax Flygplats,13,Rådande väder,"momentanvärde, 1 gång/tim resp 8 gånger/dygn",kod,1992-09-14T06:00:00Z,1992-09-14T08:00:00+02:00,716450400000,,0,0,G,,corrected-archive-csv
162860,Luleå-Kallax Flygplats,13,Rådande väder,"momentanvärde, 1 gång/tim resp 8 gånger/dygn",kod,1992-09-14T09:00:00Z,1992-09-14T11:00:00+02:00,716461200000,,0,0,G,,corrected-archive-csv
162860,Luleå-Kallax Flygplats,13,Rådande väder,"momentanvärde, 1 gång/tim resp 8 gånger/dygn",kod,1992-09-14T12:00:00Z,1992-09-14T14:00:00+02:00,716472000000,,0,0,G,,corrected-archive-csv
162860,Luleå-Kallax Flygplats,13,Rådande väder,"momentanvärde, 1 gång/tim resp 8 gånger/dygn",kod,1992-09-14T15:00:00Z,1992-09-14T17:00:00+02:00,716482800000,,0,0,G,,corrected-archive-csv
162860,Luleå-Kallax Flygplats,13,Rådande väder,"momentanvärde, 1 gång/tim resp 8 gånger/dygn",kod,1992-09-14T18:00:00Z,1992-09-14T20:00:00+02:00,716493600000,,0,0,G,,corrected-archive-csv
162860,Luleå-Kallax Flygplats,13,Rådande väder,"momentanvärde, 1 gång/tim resp 8 gånger/dygn",kod,1992-09-14T21:00:00Z,1992-09-14T23:00:00+02:00,716504400000,,0,0,G,,corrected-archive-csv
162860,Luleå-Kallax Flygplats,13,Rådande väder,"momentanvärde, 1 gång/tim resp 8 gånger/dygn",kod,1992-09-14T22:00:00Z,1992-09-15T00:00:00+02:00,716508000000,,21,21,Y,,corrected-archive-csv
162860,Luleå-Kallax Flygplats,13,Rådande väder,"momentanvärde, 1 gång/tim resp 8 gånger/dygn",kod,1992-09-14T23:00:00Z,1992-09-15T01:00:00+02:00,716511600000,,2,2,Y,,corrected-archive-csv
162860,Luleå-Kallax Flygplats,13,Rådande väder,"momentanvärde, 1 gång/tim resp 8 gånger/dygn",kod,1992-09-15T00:00:00Z,1992-09-15T02:00:00+02:00,716515200000,,2,2,G,,corrected-archive-csv
162860,Luleå-Kallax Flygplats,13,Rådande väder,"momentanvärde, 1 gång/tim resp 8 gånger/dygn",kod,1992-09-15T03:00:00Z,1992-09-15T05:00:00+02:00,716526000000,,0,0,G,,corrected-archive-csv
162860,Luleå-Kallax Flygplats,13,Rådande väder,"momentanvärde, 1 gång/tim resp 8 gånger/dygn",kod,1992-09-15T04:00:00Z,1992-09-15T06:00:00+02:00,716529600000,,10,10,Y,,corrected-archive-csv
162860,Luleå-Kallax Flygplats,13,Rådande väder,"momentanvärde, 1 gång/tim resp 8 gånger/dygn",kod,1992-09-15T05:00:00Z,1992-09-15T07:00:00+02:00,716533200000,,10,10,Y,,corrected-archive-csv
162860,Luleå-Kallax Flygplats,13,Rådande väder,"momentanvärde, 1 gång/tim resp 8 gånger/dygn",kod,1992-09-15T06:00:00Z,1992-09-15T08:00:00+02:00,716536800000,,10,10,G,,corrected-archive-csv
162860,Luleå-Kallax Flygplats,13,Rådande väder,"momentanvärde, 1 gång/tim resp 8 gånger/dygn",kod,1992-09-15T07:00:00Z,1992-09-15T09:00:00+02:00,716540400000,,10,10,Y,,corrected-archive-csv
162860,Luleå-Kallax Flygplats,13,Rådande väder,"momentanvärde, 1 gång/tim resp 8 gånger/dygn",kod,1992-09-15T09:00:00Z,1992-09-15T11:00:00+02:00,716547600000,,0,0,G,,corrected-archive-csv
162860,Luleå-Kallax Flygplats,13,Rådande väder,"momentanvärde, 1 gång/tim resp 8 gånger/dygn",kod,1992-09-15T12:00:00Z,1992-09-15T14:00:00+02:00,716558400000,,0,0,G,,corrected-archive-csv
162860,Luleå-Kallax Flygplats,13,Rådande väder,"momentanvärde, 1 gång/tim resp 8 gånger/dygn",kod,1992-09-15T15:00:00Z,1992-09-15T17:00:00+02:00,716569200000,,0,0,G,,corrected-archive-csv
162860,Luleå-Kallax Flygplats,13,Rådande väder,"momentanvärde, 1 gång/tim resp 8 gånger/dygn",kod,1992-09-15T17:00:00Z,1992-09-15T19:00:00+02:00,716576400000,,61,61,Y,,corrected-archive-csv
162860,Luleå-Kallax Flygplats,13,Rådande väder,"momentanvärde, 1 gång/tim resp 8 gånger/dygn",kod,1992-09-15T18:00:00Z,1992-09-15T20:00:00+02:00,716580000000,,61,61,G,,corrected-archive-csv
162860,Luleå-Kallax Flygplats,13,Rådande väder,"momentanvärde, 1 gång/tim resp 8 gånger/dygn",kod,1992-09-15T19:00:00Z,1992-09-15T21:00:00+02:00,716583600000,,61,61,Y,,corrected-archive-csv
162860,Luleå-Kallax Flygplats,13,Rådande väder,"momentanvärde, 1 gång/tim resp 8 gånger/dygn",kod,1992-09-15T20:00:00Z,1992-09-15T22:00:00+02:00,716587200000,,61,61,Y,,corrected-archive-csv
162860,Luleå-Kallax Flygplats,13,Rådande väder,"momentanvärde, 1 gång/tim resp 8 gånger/dygn",kod,1992-09-15T21:00:00Z,1992-09-15T23:00:00+02:00,716590800000,,61,61,G,,corrected-archive-csv
162860,Luleå-Kallax Flygplats,13,Rådande väder,"momentanvärde, 1 gång/tim resp 8 gånger/dygn",kod,1992-09-15T22:00:00Z,1992-09-16T00:00:00+02:00,716594400000,,61,61,Y,,corrected-archive-csv
162860,Luleå-Kallax Flygplats,13,Rådande väder,"momentanvärde, 1 gång/tim resp 8 gånger/dygn",kod,1992-09-15T23:00:00Z,1992-09-16T01:00:00+02:00,716598000000,,21,21,Y,,corrected-archive-csv
162860,Luleå-Kallax Flygplats,13,Rådande väder,"momentanvärde, 1 gång/tim resp 8 gånger/dygn",kod,1992-09-16T00:00:00Z,1992-09-16T02:00:00+02:00,716601600000,,2,2,G,,corrected-archive-csv
162860,Luleå-Kallax Flygplats,13,Rådande väder,"momentanvärde, 1 gång/tim resp 8 gånger/dygn",kod,1992-09-16T02:00:00Z,1992-09-16T04:00:00+02:00,716608800000,,61,61,Y,,corrected-archive-csv
162860,Luleå-Kallax Flygplats,13,Rådande väder,"momentanvärde, 1 gång/tim resp 8 gånger/dygn",kod,1992-09-16T03:00:00Z,1992-09-16T05:00:00+02:00,716612400000,,61,61,G,,corrected-archive-csv
162860,Luleå-Kallax Flygplats,13,Rådande väder,"momentanvärde, 1 gång/tim resp 8 gånger/dygn",kod,1992-09-16T04:00:00Z,1992-09-16T06:00:00+02:00,716616000000,,61,61,Y,,corrected-archive-csv
162860,Luleå-Kallax Flygplats,13,Rådande väder,"momentanvärde, 1 gång/tim resp 8 gånger/dygn",kod,1992-09-16T05:00:00Z,1992-09-16T07:00:00+02:00,716619600000,,61,61,Y,,corrected-archive-csv
162860,Luleå-Kallax Flygplats,13,Rådande väder,"momentanvärde, 1 gång/tim resp 8 gånger/dygn",kod,1992-09-16T06:00:00Z,1992-09-16T08:00:00+02:00,716623200000,,61,61,G,,corrected-archive-csv
162860,Luleå-Kallax Flygplats,13,Rådande väder,"momentanvärde, 1 gång/tim resp 8 gånger/dygn",kod,1992-09-16T07:00:00Z,1992-09-16T09:00:00+02:00,716626800000,,63,63,Y,,corrected-archive-csv
162860,Luleå-Kallax Flygplats,13,Rådande väder,"momentanvärde, 1 gång/tim resp 8 gånger/dygn",kod,1992-09-16T08:00:00Z,1992-09-16T10:00:00+02:00,716630400000,,61,61,Y,,corrected-archive-csv
162860,Luleå-Kallax Flygplats,13,Rådande väder,"momentanvärde, 1 gång/tim resp 8 gånger/dygn",kod,1992-09-16T09:00:00Z,1992-09-16T11:00:00+02:00,716634000000,,63,63,G,,corrected-archive-csv
162860,Luleå-Kallax Flygplats,13,Rådande väder,"momentanvärde, 1 gång/tim resp 8 gånger/dygn",kod,1992-09-16T10:00:00Z,1992-09-16T12:00:00+02:00,716637600000,,61,61,Y,,corrected-archive-csv
162860,Luleå-Kallax Flygplats,13,Rådande väder,"momentanvärde, 1 gång/tim resp 8 gånger/dygn",kod,1992-09-16T11:00:00Z,1992-09-16T13:00:00+02:00,716641200000,,61,61,Y,,corrected-archive-csv
162860,Luleå-Kallax Flygplats,13,Rådande väder,"momentanvärde, 1 gång/tim resp 8 gånger/dygn",kod,1992-09-16T12:00:00Z,1992-09-16T14:00:00+02:00,716644800000,,63,63,G,,corrected-archive-csv
162860,Luleå-Kallax Flygplats,13,Rådande väder,"momentanvärde, 1 gång/tim resp 8 gånger/dygn",kod,1992-09-16T13:00:00Z,1992-09-16T15:00:00+02:00,716648400000,,61,61,Y,,corrected-archive-csv
162860,Luleå-Kallax Flygplats,13,Rådande väder,"momentanvärde, 1 gång/tim resp 8 gånger/dygn",kod,1992-09-16T14:00:00Z,1992-09-16T16:00:00+02:00,716652000000,,61,61,Y,,corrected-archive-csv
162860,Luleå-Kallax Flygplats,13,Rådande väder,"momentanvärde, 1 gång/tim resp 8 gånger/dygn",kod,1992-09-16T15:00:00Z,1992-09-16T17:00:00+02:00,716655600000,,61,61,G,,corrected-archive-csv
162860,Luleå-Kallax Flygplats,13,Rådande väder,"momentanvärde, 1 gång/tim resp 8 gånger/dygn",kod,1992-09-16T16:00:00Z,1992-09-16T18:00:00+02:00,716659200000,,61,61,Y,,corrected-archive-csv
162860,Luleå-Kallax Flygplats,13,Rådande väder,"momentanvärde, 1 gång/tim resp 8 gånger/dygn",kod,1992-09-16T17:00:00Z,1992-09-16T19:00:00+02:00,716662800000,,61,61,Y,,corrected-archive-csv
162860,Luleå-Kallax Flygplats,13,Rådande väder,"momentanvärde, 1 gång/tim resp 8 gånger/dygn",kod,1992-09-16T18:00:00Z,1992-09-16T20:00:00+02:00,716666400000,,61,61,G,,corrected-archive-csv
162860,Luleå-Kallax Flygplats,13,Rådande väder,"momentanvärde, 1 gång/tim resp 8 gånger/dygn",kod,1992-09-16T19:00:00Z,1992-09-16T21:00:00+02:00,716670000000,,51,51,Y,,corrected-archive-csv
162860,Luleå-Kallax Flygplats,13,Rådande väder,"momentanvärde, 1 gång/tim resp 8 gånger/dygn",kod,1992-09-16T20:00:00Z,1992-09-16T22:00:00+02:00,716673600000,,51,51,Y,,corrected-archive-csv
162860,Luleå-Kallax Flygplats,13,Rådande väder,"momentanvärde, 1 gång/tim resp 8 gånger/dygn",kod,1992-09-16T21:00:00Z,1992-09-16T23:00:00+02:00,716677200000,,20,20,G,,corrected-archive-csv
162860,Luleå-Kallax Flygplats,13,Rådande väder,"momentanvärde, 1 gång/tim resp 8 gånger/dygn",kod,1992-09-16T22:00:00Z,1992-09-17T00:00:00+02:00,716680800000,,51,51,Y,,corrected-archive-csv
162860,Luleå-Kallax Flygplats,13,Rådande väder,"momentanvärde, 1 gång/tim resp 8 gånger/dygn",kod,1992-09-16T23:00:00Z,1992-09-17T01:00:00+02:00,716684400000,,20,20,Y,,corrected-archive-csv
162860,Luleå-Kallax Flygplats,13,Rådande väder,"momentanvärde, 1 gång/tim resp 8 gånger/dygn",kod,1992-09-17T00:00:00Z,1992-09-17T02:00:00+02:00,716688000000,,2,2,G,,corrected-archive-csv
162860,Luleå-Kallax Flygplats,13,Rådande väder,"momentanvärde, 1 gång/tim resp 8 gånger/dygn",kod,1992-09-17T03:00:00Z,1992-09-17T05:00:00+02:00,716698800000,,0,0,G,,corrected-archive-csv
162860,Luleå-Kallax Flygplats,13,Rådande väder,"momentanvärde, 1 gång/tim resp 8 gånger/dygn",kod,1992-09-17T04:00:00Z,1992-09-17T06:00:00+02:00,716702400000,,40,40,Y,,corrected-archive-csv
162860,Luleå-Kallax Flygplats,13,Rådande väder,"momentanvärde, 1 gång/tim resp 8 gånger/dygn",kod,1992-09-17T05:00:00Z,1992-09-17T07:00:00+02:00,716706000000,,2,2,Y,,corrected-archive-csv
162860,Luleå-Kallax Flygplats,13,Rådande väder,"momentanvärde, 1 gång/tim resp 8 gånger/dygn",kod,1992-09-17T06:00:00Z,1992-09-17T08:00:00+02:00,716709600000,,0,0,G,,corrected-archive-csv
162860,Luleå-Kallax Flygplats,13,Rådande väder,"momentanvärde, 1 gång/tim resp 8 gånger/dygn",kod,1992-09-17T09:00:00Z,1992-09-17T11:00:00+02:00,716720400000,,0,0,G,,corrected-archive-csv
162860,Luleå-Kallax Flygplats,13,Rådande väder,"momentanvärde, 1 gång/tim resp 8 gånger/dygn",kod,1992-09-17T12:00:00Z,1992-09-17T14:00:00+02:00,716731200000,,0,0,G,,corrected-archive-csv
162860,Luleå-Kallax Flygplats,13,Rådande väder,"momentanvärde, 1 gång/tim resp 8 gånger/dygn",kod,1992-09-17T13:00:00Z,1992-09-17T15:00:00+02:00,716734800000,,14,14,Y,,corrected-archive-csv
162860,Luleå-Kallax Flygplats,13,Rådande väder,"momentanvärde, 1 gång/tim resp 8 gånger/dygn",kod,1992-09-17T14:00:00Z,1992-09-17T16:00:00+02:00,716738400000,,14,14,Y,,corrected-archive-csv
162860,Luleå-Kallax Flygplats,13,Rådande väder,"momentanvärde, 1 gång/tim resp 8 gånger/dygn",kod,1992-09-17T15:00:00Z,1992-09-17T17:00:00+02:00,716742000000,,2,2,G,,corrected-archive-csv
162860,Luleå-Kallax Flygplats,13,Rådande väder,"momentanvärde, 1 gång/tim resp 8 gånger/dygn",kod,1992-09-17T16:00:00Z,1992-09-17T18:00:00+02:00,716745600000,,2,2,Y,,corrected-archive-csv
162860,Luleå-Kallax Flygplats,13,Rådande väder,"momentanvärde, 1 gång/tim resp 8 gånger/dygn",kod,1992-09-17T17:00:00Z,1992-09-17T19:00:00+02:00,716749200000,,2,2,Y,,corrected-archive-csv
162860,Luleå-Kallax Flygplats,13,Rådande väder,"momentanvärde, 1 gång/tim resp 8 gånger/dygn",kod,1992-09-17T18:00:00Z,1992-09-17T20:00:00+02:00,716752800000,,2,2,G,,corrected-archive-csv
162860,Luleå-Kallax Flygplats,13,Rådande väder,"momentanvärde, 1 gång/tim resp 8 gånger/dygn",kod,1992-09-17T21:00:00Z,1992-09-17T23:00:00+02:00,716763600000,,0,0,G,,corrected-archive-csv
162860,Luleå-Kallax Flygplats,13,Rådande väder,"momentanvärde, 1 gång/tim resp 8 gånger/dygn",kod,1992-09-18T00:00:00Z,1992-09-18T02:00:00+02:00,716774400000,,0,0,G,,corrected-archive-csv
162860,Luleå-Kallax Flygplats,13,Rådande väder,"momentanvärde, 1 gång/tim resp 8 gånger/dygn",kod,1992-09-18T03:00:00Z,1992-09-18T05:00:00+02:00,716785200000,,0,0,G,,corrected-archive-csv
162860,Luleå-Kallax Flygplats,13,Rådande väder,"momentanvärde, 1 gång/tim resp 8 gånger/dygn",kod,1992-09-18T06:00:00Z,1992-09-18T08:00:00+02:00,716796000000,,0,0,G,,corrected-archive-csv
162860,Luleå-Kallax Flygplats,13,Rådande väder,"momentanvärde, 1 gång/tim resp 8 gånger/dygn",kod,1992-09-18T09:00:00Z,1992-09-18T11:00:00+02:00,716806800000,,0,0,G,,corrected-archive-csv
162860,Luleå-Kallax Flygplats,13,Rådande väder,"momentanvärde, 1 gång/tim resp 8 gånger/dygn",kod,1992-09-18T12:00:00Z,1992-09-18T14:00:00+02:00,716817600000,,0,0,G,,corrected-archive-csv
162860,Luleå-Kallax Flygplats,13,Rådande väder,"momentanvärde, 1 gång/tim resp 8 gånger/dygn",kod,1992-09-18T15:00:00Z,1992-09-18T17:00:00+02:00,716828400000,,15,15,G,,corrected-archive-csv
162860,Luleå-Kallax Flygplats,13,Rådande väder,"momentanvärde, 1 gång/tim resp 8 gånger/dygn",kod,1992-09-18T16:00:00Z,1992-09-18T18:00:00+02:00,716832000000,,15,15,Y,,corrected-archive-csv
162860,Luleå-Kallax Flygplats,13,Rådande väder,"momentanvärde, 1 gång/tim resp 8 gånger/dygn",kod,1992-09-18T17:00:00Z,1992-09-18T19:00:00+02:00,716835600000,,15,15,Y,,corrected-archive-csv
162860,Luleå-Kallax Flygplats,13,Rådande väder,"momentanvärde, 1 gång/tim resp 8 gånger/dygn",kod,1992-09-18T18:00:00Z,1992-09-18T20:00:00+02:00,716839200000,,0,0,G,,corrected-archive-csv
162860,Luleå-Kallax Flygplats,13,Rådande väder,"momentanvärde, 1 gång/tim resp 8 gånger/dygn",kod,1992-09-18T21:00:00Z,1992-09-18T23:00:00+02:00,716850000000,,0,0,G,,corrected-archive-csv
162860,Luleå-Kallax Flygplats,13,Rådande väder,"momentanvärde, 1 gång/tim resp 8 gånger/dygn",kod,1992-09-19T00:00:00Z,1992-09-19T02:00:00+02:00,716860800000,,0,0,G,,corrected-archive-csv
162860,Luleå-Kallax Flygplats,13,Rådande väder,"momentanvärde, 1 gång/tim resp 8 gånger/dygn",kod,1992-09-19T03:00:00Z,1992-09-19T05:00:00+02:00,716871600000,,0,0,G,,corrected-archive-csv
162860,Luleå-Kallax Flygplats,13,Rådande väder,"momentanvärde, 1 gång/tim resp 8 gånger/dygn",kod,1992-09-19T06:00:00Z,1992-09-19T08:00:00+02:00,716882400000,,0,0,G,,corrected-archive-csv
162860,Luleå-Kallax Flygplats,13,Rådande väder,"momentanvärde, 1 gång/tim resp 8 gånger/dygn",kod,1992-09-19T09:00:00Z,1992-09-19T11:00:00+02:00,716893200000,,0,0,G,,corrected-archive-csv
162860,Luleå-Kallax Flygplats,13,Rådande väder,"momentanvärde, 1 gång/tim resp 8 gånger/dygn",kod,1992-09-19T12:00:00Z,1992-09-19T14:00:00+02:00,716904000000,,0,0,G,,corrected-archive-csv
162860,Luleå-Kallax Flygplats,13,Rådande väder,"momentanvärde, 1 gång/tim resp 8 gånger/dygn",kod,1992-09-19T14:00:00Z,1992-09-19T16:00:00+02:00,716911200000,,61,61,Y,,corrected-archive-csv
162860,Luleå-Kallax Flygplats,13,Rådande väder,"momentanvärde, 1 gång/tim resp 8 gånger/dygn",kod,1992-09-19T15:00:00Z,1992-09-19T17:00:00+02:00,716914800000,,51,51,G,,corrected-archive-csv
162860,Luleå-Kallax Flygplats,13,Rådande väder,"momentanvärde, 1 gång/tim resp 8 gånger/dygn",kod,1992-09-19T16:00:00Z,1992-09-19T18:00:00+02:00,716918400000,,20,20,Y,,corrected-archive-csv
162860,Luleå-Kallax Flygplats,13,Rådande väder,"momentanvärde, 1 gång/tim resp 8 gånger/dygn",kod,1992-09-19T17:00:00Z,1992-09-19T19:00:00+02:00,716922000000,,2,2,Y,,corrected-archive-csv
162860,Luleå-Kallax Flygplats,13,Rådande väder,"momentanvärde, 1 gång/tim resp 8 gånger/dygn",kod,1992-09-19T18:00:00Z,1992-09-19T20:00:00+02:00,716925600000,,2,2,G,,corrected-archive-csv
162860,Luleå-Kallax Flygplats,13,Rådande väder,"momentanvärde, 1 gång/tim resp 8 gånger/dygn",kod,1992-09-19T21:00:00Z,1992-09-19T23:00:00+02:00,716936400000,,0,0,G,,corrected-archive-csv
162860,Luleå-Kallax Flygplats,13,Rådande väder,"momentanvärde, 1 gång/tim resp 8 gånger/dygn",kod,1992-09-20T00:00:00Z,1992-09-20T02:00:00+02:00,716947200000,,0,0,G,,corrected-archive-csv
162860,Luleå-Kallax Flygplats,13,Rådande väder,"momentanvärde, 1 gång/tim resp 8 gånger/dygn",kod,1992-09-20T03:00:00Z,1992-09-20T05:00:00+02:00,716958000000,,0,0,G,,corrected-archive-csv
162860,Luleå-Kallax Flygplats,13,Rådande väder,"momentanvärde, 1 gång/tim resp 8 gånger/dygn",kod,1992-09-20T06:00:00Z,1992-09-20T08:00:00+02:00,716968800000,,61,61,G,,corrected-archive-csv
162860,Luleå-Kallax Flygplats,13,Rådande väder,"momentanvärde, 1 gång/tim resp 8 gånger/dygn",kod,1992-09-20T07:00:00Z,1992-09-20T09:00:00+02:00,716972400000,,61,61,Y,,corrected-archive-csv
162860,Luleå-Kallax Flygplats,13,Rådande väder,"momentanvärde, 1 gång/tim resp 8 gånger/dygn",kod,1992-09-20T08:00:00Z,1992-09-20T10:00:00+02:00,716976000000,,61,61,Y,,corrected-archive-csv
162860,Luleå-Kallax Flygplats,13,Rådande väder,"momentanvärde, 1 gång/tim resp 8 gånger/dygn",kod,1992-09-20T09:00:00Z,1992-09-20T11:00:00+02:00,716979600000,,61,61,G,,corrected-archive-csv
162860,Luleå-Kallax Flygplats,13,Rådande väder,"momentanvärde, 1 gång/tim resp 8 gånger/dygn",kod,1992-09-20T10:00:00Z,1992-09-20T12:00:00+02:00,716983200000,,61,61,Y,,corrected-archive-csv
162860,Luleå-Kallax Flygplats,13,Rådande väder,"momentanvärde, 1 gång/tim resp 8 gånger/dygn",kod,1992-09-20T11:00:00Z,1992-09-20T13:00:00+02:00,716986800000,,21,21,Y,,corrected-archive-csv
162860,Luleå-Kallax Flygplats,13,Rådande väder,"momentanvärde, 1 gång/tim resp 8 gånger/dygn",kod,1992-09-20T12:00:00Z,1992-09-20T14:00:00+02:00,716990400000,,0,0,G,,corrected-archive-csv
162860,Luleå-Kallax Flygplats,13,Rådande väder,"momentanvärde, 1 gång/tim resp 8 gånger/dygn",kod,1992-09-20T14:00:00Z,1992-09-20T16:00:00+02:00,716997600000,,15,15,Y,,corrected-archive-csv
162860,Luleå-Kallax Flygplats,13,Rådande väder,"momentanvärde, 1 gång/tim resp 8 gånger/dygn",kod,1992-09-20T15:00:00Z,1992-09-20T17:00:00+02:00,717001200000,,15,15,G,,corrected-archive-csv
162860,Luleå-Kallax Flygplats,13,Rådande väder,"momentanvärde, 1 gång/tim resp 8 gånger/dygn",kod,1992-09-20T16:00:00Z,1992-09-20T18:00:00+02:00,717004800000,,15,15,Y,,corrected-archive-csv
162860,Luleå-Kallax Flygplats,13,Rådande väder,"momentanvärde, 1 gång/tim resp 8 gånger/dygn",kod,1992-09-20T17:00:00Z,1992-09-20T19:00:00+02:00,717008400000,,3,3,Y,,corrected-archive-csv
162860,Luleå-Kallax Flygplats,13,Rådande väder,"momentanvärde, 1 gång/tim resp 8 gånger/dygn",kod,1992-09-20T18:00:00Z,1992-09-20T20:00:00+02:00,717012000000,,2,2,G,,corrected-archive-csv
162860,Luleå-Kallax Flygplats,13,Rådande väder,"momentanvärde, 1 gång/tim resp 8 gånger/dygn",kod,1992-09-20T19:00:00Z,1992-09-20T21:00:00+02:00,717015600000,,61,61,Y,,corrected-archive-csv
162860,Luleå-Kallax Flygplats,13,Rådande väder,"momentanvärde, 1 gång/tim resp 8 gånger/dygn",kod,1992-09-20T20:00:00Z,1992-09-20T22:00:00+02:00,717019200000,,61,61,Y,,corrected-archive-csv
162860,Luleå-Kallax Flygplats,13,Rådande väder,"momentanvärde, 1 gång/tim resp 8 gånger/dygn",kod,1992-09-20T21:00:00Z,1992-09-20T23:00:00+02:00,717022800000,,63,63,G,,corrected-archive-csv
162860,Luleå-Kallax Flygplats,13,Rådande väder,"momentanvärde, 1 gång/tim resp 8 gånger/dygn",kod,1992-09-20T22:00:00Z,1992-09-21T00:00:00+02:00,717026400000,,61,61,Y,,corrected-archive-csv
162860,Luleå-Kallax Flygplats,13,Rådande väder,"momentanvärde, 1 gång/tim resp 8 gånger/dygn",kod,1992-09-20T23:00:00Z,1992-09-21T01:00:00+02:00,717030000000,,61,61,Y,,corrected-archive-csv
162860,Luleå-Kallax Flygplats,13,Rådande väder,"momentanvärde, 1 gång/tim resp 8 gånger/dygn",kod,1992-09-21T00:00:00Z,1992-09-21T02:00:00+02:00,717033600000,,21,21,G,,corrected-archive-csv
162860,Luleå-Kallax Flygplats,13,Rådande väder,"momentanvärde, 1 gång/tim resp 8 gånger/dygn",kod,1992-09-21T02:00:00Z,1992-09-21T04:00:00+02:00,717040800000,,61,61,Y,,corrected-archive-csv
162860,Luleå-Kallax Flygplats,13,Rådande väder,"momentanvärde, 1 gång/tim resp 8 gånger/dygn",kod,1992-09-21T03:00:00Z,1992-09-21T05:00:00+02:00,717044400000,,21,21,G,,corrected-archive-csv
162860,Luleå-Kallax Flygplats,13,Rådande väder,"momentanvärde, 1 gång/tim resp 8 gånger/dygn",kod,1992-09-21T04:00:00Z,1992-09-21T06:00:00+02:00,717048000000,,61,61,Y,,corrected-archive-csv
162860,Luleå-Kallax Flygplats,13,Rådande väder,"momentanvärde, 1 gång/tim resp 8 gånger/dygn",kod,1992-09-21T05:00:00Z,1992-09-21T07:00:00+02:00,717051600000,,21,21,Y,,corrected-archive-csv
162860,Luleå-Kallax Flygplats,13,Rådande väder,"momentanvärde, 1 gång/tim resp 8 gånger/dygn",kod,1992-09-21T06:00:00Z,1992-09-21T08:00:00+02:00,717055200000,,2,2,G,,corrected-archive-csv
162860,Luleå-Kallax Flygplats,13,Rådande väder,"momentanvärde, 1 gång/tim resp 8 gånger/dygn",kod,1992-09-21T09:00:00Z,1992-09-21T11:00:00+02:00,717066000000,,20,20,G,,corrected-archive-csv
162860,Luleå-Kallax Flygplats,13,Rådande väder,"momentanvärde, 1 gång/tim resp 8 gånger/dygn",kod,1992-09-21T10:00:00Z,1992-09-21T12:00:00+02:00,717069600000,,15,15,Y,,corrected-archive-csv
162860,Luleå-Kallax Flygplats,13,Rådande väder,"momentanvärde, 1 gång/tim resp 8 gånger/dygn",kod,1992-09-21T11:00:00Z,1992-09-21T13:00:00+02:00,717073200000,,21,21,Y,,corrected-archive-csv
162860,Luleå-Kallax Flygplats,13,Rådande väder,"momentanvärde, 1 gång/tim resp 8 gånger/dygn",kod,1992-09-21T12:00:00Z,1992-09-21T14:00:00+02:00,717076800000,,3,3,G,,corrected-archive-csv
162860,Luleå-Kallax Flygplats,13,Rådande väder,"momentanvärde, 1 gång/tim resp 8 gånger/dygn",kod,1992-09-21T15:00:00Z,1992-09-21T17:00:00+02:00,717087600000,,0,0,G,,corrected-archive-csv
162860,Luleå-Kallax Flygplats,13,Rådande väder,"momentanvärde, 1 gång/tim resp 8 gånger/dygn",kod,1992-09-21T18:00:00Z,1992-09-21T20:00:00+02:00,717098400000,,0,0,G,,corrected-archive-csv
162860,Luleå-Kallax Flygplats,13,Rådande väder,"momentanvärde, 1 gång/tim resp 8 gånger/dygn",kod,1992-09-21T21:00:00Z,1992-09-21T23:00:00+02:00,717109200000,,0,0,G,,corrected-archive-csv
162860,Luleå-Kallax Flygplats,13,Rådande väder,"momentanvärde, 1 gång/tim resp 8 gånger/dygn",kod,1992-09-22T00:00:00Z,1992-09-22T02:00:00+02:00,717120000000,,0,0,G,,corrected-archive-csv
162860,Luleå-Kallax Flygplats,13,Rådande väder,"momentanvärde, 1 gång/tim resp 8 gånger/dygn",kod,1992-09-22T03:00:00Z,1992-09-22T05:00:00+02:00,717130800000,,0,0,G,,corrected-archive-csv
162860,Luleå-Kallax Flygplats,13,Rådande väder,"momentanvärde, 1 gång/tim resp 8 gånger/dygn",kod,1992-09-22T06:00:00Z,1992-09-22T08:00:00+02:00,717141600000,,21,21,G,,corrected-archive-csv
162860,Luleå-Kallax Flygplats,13,Rådande väder,"momentanvärde, 1 gång/tim resp 8 gånger/dygn",kod,1992-09-22T07:00:00Z,1992-09-22T09:00:00+02:00,717145200000,,3,3,Y,,corrected-archive-csv
162860,Luleå-Kallax Flygplats,13,Rådande väder,"momentanvärde, 1 gång/tim resp 8 gånger/dygn",kod,1992-09-22T08:00:00Z,1992-09-22T10:00:00+02:00,717148800000,,3,3,Y,,corrected-archive-csv
162860,Luleå-Kallax Flygplats,13,Rådande väder,"momentanvärde, 1 gång/tim resp 8 gånger/dygn",kod,1992-09-22T09:00:00Z,1992-09-22T11:00:00+02:00,717152400000,,3,3,G,,corrected-archive-csv
162860,Luleå-Kallax Flygplats,13,Rådande väder,"momentanvärde, 1 gång/tim resp 8 gånger/dygn",kod,1992-09-22T10:00:00Z,1992-09-22T12:00:00+02:00,717156000000,,2,2,Y,,corrected-archive-csv
162860,Luleå-Kallax Flygplats,13,Rådande väder,"momentanvärde, 1 gång/tim resp 8 gånger/dygn",kod,1992-09-22T11:00:00Z,1992-09-22T13:00:00+02:00,717159600000,,2,2,Y,,corrected-archive-csv
162860,Luleå-Kallax Flygplats,13,Rådande väder,"momentanvärde, 1 gång/tim resp 8 gånger/dygn",kod,1992-09-22T12:00:00Z,1992-09-22T14:00:00+02:00,717163200000,,2,2,G,,corrected-archive-csv
162860,Luleå-Kallax Flygplats,13,Rådande väder,"momentanvärde, 1 gång/tim resp 8 gånger/dygn",kod,1992-09-22T14:00:00Z,1992-09-22T16:00:00+02:00,717170400000,,61,61,Y,,corrected-archive-csv
162860,Luleå-Kallax Flygplats,13,Rådande väder,"momentanvärde, 1 gång/tim resp 8 gånger/dygn",kod,1992-09-22T15:00:00Z,1992-09-22T17:00:00+02:00,717174000000,,21,21,G,,corrected-archive-csv
162860,Luleå-Kallax Flygplats,13,Rådande väder,"momentanvärde, 1 gång/tim resp 8 gånger/dygn",kod,1992-09-22T16:00:00Z,1992-09-22T18:00:00+02:00,717177600000,,61,61,Y,,corrected-archive-csv
162860,Luleå-Kallax Flygplats,13,Rådande väder,"momentanvärde, 1 gång/tim resp 8 gånger/dygn",kod,1992-09-22T17:00:00Z,1992-09-22T19:00:00+02:00,717181200000,,61,61,Y,,corrected-archive-csv
162860,Luleå-Kallax Flygplats,13,Rådande väder,"momentanvärde, 1 gång/tim resp 8 gånger/dygn",kod,1992-09-22T18:00:00Z,1992-09-22T20:00:00+02:00,717184800000,,60,60,G,,corrected-archive-csv
162860,Luleå-Kallax Flygplats,13,Rådande väder,"momentanvärde, 1 gång/tim resp 8 gånger/dygn",kod,1992-09-22T19:00:00Z,1992-09-22T21:00:00+02:00,717188400000,,21,21,Y,,corrected-archive-csv
162860,Luleå-Kallax Flygplats,13,Rådande väder,"momentanvärde, 1 gång/tim resp 8 gånger/dygn",kod,1992-09-22T20:00:00Z,1992-09-22T22:00:00+02:00,717192000000,,2,2,Y,,corrected-archive-csv
162860,Luleå-Kallax Flygplats,13,Rådande väder,"momentanvärde, 1 gång/tim resp 8 gånger/dygn",kod,1992-09-22T21:00:00Z,1992-09-22T23:00:00+02:00,717195600000,,2,2,G,,corrected-archive-csv
162860,Luleå-Kallax Flygplats,13,Rådande väder,"momentanvärde, 1 gång/tim resp 8 gånger/dygn",kod,1992-09-22T22:00:00Z,1992-09-23T00:00:00+02:00,717199200000,,2,2,Y,,corrected-archive-csv
162860,Luleå-Kallax Flygplats,13,Rådande väder,"momentanvärde, 1 gång/tim resp 8 gånger/dygn",kod,1992-09-22T23:00:00Z,1992-09-23T01:00:00+02:00,717202800000,,2,2,Y,,corrected-archive-csv
162860,Luleå-Kallax Flygplats,13,Rådande väder,"momentanvärde, 1 gång/tim resp 8 gånger/dygn",kod,1992-09-23T00:00:00Z,1992-09-23T02:00:00+02:00,717206400000,,2,2,G,,corrected-archive-csv
162860,Luleå-Kallax Flygplats,13,Rådande väder,"momentanvärde, 1 gång/tim resp 8 gånger/dygn",kod,1992-09-23T03:00:00Z,1992-09-23T05:00:00+02:00,717217200000,,0,0,G,,corrected-archive-csv
162860,Luleå-Kallax Flygplats,13,Rådande väder,"momentanvärde, 1 gång/tim resp 8 gånger/dygn",kod,1992-09-23T05:00:00Z,1992-09-23T07:00:00+02:00,717224400000,,10,10,Y,,corrected-archive-csv
162860,Luleå-Kallax Flygplats,13,Rådande väder,"momentanvärde, 1 gång/tim resp 8 gånger/dygn",kod,1992-09-23T06:00:00Z,1992-09-23T08:00:00+02:00,717228000000,,10,10,G,,corrected-archive-csv
162860,Luleå-Kallax Flygplats,13,Rådande väder,"momentanvärde, 1 gång/tim resp 8 gånger/dygn",kod,1992-09-23T09:00:00Z,1992-09-23T11:00:00+02:00,717238800000,,0,0,G,,corrected-archive-csv
162860,Luleå-Kallax Flygplats,13,Rådande väder,"momentanvärde, 1 gång/tim resp 8 gånger/dygn",kod,1992-09-23T10:00:00Z,1992-09-23T12:00:00+02:00,717242400000,,61,61,Y,,corrected-archive-csv
162860,Luleå-Kallax Flygplats,13,Rådande väder,"momentanvärde, 1 gång/tim resp 8 gånger/dygn",kod,1992-09-23T11:00:00Z,1992-09-23T13:00:00+02:00,717246000000,,61,61,Y,,corrected-archive-csv
162860,Luleå-Kallax Flygplats,13,Rådande väder,"momentanvärde, 1 gång/tim resp 8 gånger/dygn",kod,1992-09-23T12:00:00Z,1992-09-23T14:00:00+02:00,717249600000,,61,61,G,,corrected-archive-csv
162860,Luleå-Kallax Flygplats,13,Rådande väder,"momentanvärde, 1 gång/tim resp 8 gånger/dygn",kod,1992-09-23T13:00:00Z,1992-09-23T15:00:00+02:00,717253200000,,63,63,Y,,corrected-archive-csv
162860,Luleå-Kallax Flygplats,13,Rådande väder,"momentanvärde, 1 gång/tim resp 8 gånger/dygn",kod,1992-09-23T14:00:00Z,1992-09-23T16:00:00+02:00,717256800000,,61,61,Y,,corrected-archive-csv
162860,Luleå-Kallax Flygplats,13,Rådande väder,"momentanvärde, 1 gång/tim resp 8 gånger/dygn",kod,1992-09-23T15:00:00Z,1992-09-23T17:00:00+02:00,717260400000,,63,63,G,,corrected-archive-csv
162860,Luleå-Kallax Flygplats,13,Rådande väder,"momentanvärde, 1 gång/tim resp 8 gånger/dygn",kod,1992-09-23T16:00:00Z,1992-09-23T18:00:00+02:00,717264000000,,63,63,Y,,corrected-archive-csv
162860,Luleå-Kallax Flygplats,13,Rådande väder,"momentanvärde, 1 gång/tim resp 8 gånger/dygn",kod,1992-09-23T17:00:00Z,1992-09-23T19:00:00+02:00,717267600000,,21,21,Y,,corrected-archive-csv
162860,Luleå-Kallax Flygplats,13,Rådande väder,"momentanvärde, 1 gång/tim resp 8 gånger/dygn",kod,1992-09-23T18:00:00Z,1992-09-23T20:00:00+02:00,717271200000,,10,10,G,,corrected-archive-csv
162860,Luleå-Kallax Flygplats,13,Rådande väder,"momentanvärde, 1 gång/tim resp 8 gånger/dygn",kod,1992-09-23T21:00:00Z,1992-09-23T23:00:00+02:00,717282000000,,0,0,G,,corrected-archive-csv
162860,Luleå-Kallax Flygplats,13,Rådande väder,"momentanvärde, 1 gång/tim resp 8 gånger/dygn",kod,1992-09-24T00:00:00Z,1992-09-24T02:00:00+02:00,717292800000,,0,0,G,,corrected-archive-csv
162860,Luleå-Kallax Flygplats,13,Rådande väder,"momentanvärde, 1 gång/tim resp 8 gånger/dygn",kod,1992-09-24T03:00:00Z,1992-09-24T05:00:00+02:00,717303600000,,0,0,G,,corrected-archive-csv
162860,Luleå-Kallax Flygplats,13,Rådande väder,"momentanvärde, 1 gång/tim resp 8 gånger/dygn",kod,1992-09-24T06:00:00Z,1992-09-24T08:00:00+02:00,717314400000,,0,0,G,,corrected-archive-csv
162860,Luleå-Kallax Flygplats,13,Rådande väder,"momentanvärde, 1 gång/tim resp 8 gånger/dygn",kod,1992-09-24T09:00:00Z,1992-09-24T11:00:00+02:00,717325200000,,0,0,G,,corrected-archive-csv
162860,Luleå-Kallax Flygplats,13,Rådande väder,"momentanvärde, 1 gång/tim resp 8 gånger/dygn",kod,1992-09-24T12:00:00Z,1992-09-24T14:00:00+02:00,717336000000,,0,0,G,,corrected-archive-csv
162860,Luleå-Kallax Flygplats,13,Rådande väder,"momentanvärde, 1 gång/tim resp 8 gånger/dygn",kod,1992-09-24T15:00:00Z,1992-09-24T17:00:00+02:00,717346800000,,0,0,G,,corrected-archive-csv
162860,Luleå-Kallax Flygplats,13,Rådande väder,"momentanvärde, 1 gång/tim resp 8 gånger/dygn",kod,1992-09-24T16:00:00Z,1992-09-24T18:00:00+02:00,717350400000,,60,60,Y,,corrected-archive-csv
162860,Luleå-Kallax Flygplats,13,Rådande väder,"momentanvärde, 1 gång/tim resp 8 gånger/dygn",kod,1992-09-24T17:00:00Z,1992-09-24T19:00:00+02:00,717354000000,,21,21,Y,,corrected-archive-csv
162860,Luleå-Kallax Flygplats,13,Rådande väder,"momentanvärde, 1 gång/tim resp 8 gånger/dygn",kod,1992-09-24T18:00:00Z,1992-09-24T20:00:00+02:00,717357600000,,2,2,G,,corrected-archive-csv
162860,Luleå-Kallax Flygplats,13,Rådande väder,"momentanvärde, 1 gång/tim resp 8 gånger/dygn",kod,1992-09-24T21:00:00Z,1992-09-24T23:00:00+02:00,717368400000,,0,0,G,,corrected-archive-csv
162860,Luleå-Kallax Flygplats,13,Rådande väder,"momentanvärde, 1 gång/tim resp 8 gånger/dygn",kod,1992-09-25T00:00:00Z,1992-09-25T02:00:00+02:00,717379200000,,0,0,G,,corrected-archive-csv
162860,Luleå-Kallax Flygplats,13,Rådande väder,"momentanvärde, 1 gång/tim resp 8 gånger/dygn",kod,1992-09-25T03:00:00Z,1992-09-25T05:00:00+02:00,717390000000,,0,0,G,,corrected-archive-csv
162860,Luleå-Kallax Flygplats,13,Rådande väder,"momentanvärde, 1 gång/tim resp 8 gånger/dygn",kod,1992-09-25T05:00:00Z,1992-09-25T07:00:00+02:00,717397200000,,10,10,Y,,corrected-archive-csv
162860,Luleå-Kallax Flygplats,13,Rådande väder,"momentanvärde, 1 gång/tim resp 8 gånger/dygn",kod,1992-09-25T06:00:00Z,1992-09-25T08:00:00+02:00,717400800000,,10,10,G,,corrected-archive-csv
162860,Luleå-Kallax Flygplats,13,Rådande väder,"momentanvärde, 1 gång/tim resp 8 gånger/dygn",kod,1992-09-25T09:00:00Z,1992-09-25T11:00:00+02:00,717411600000,,0,0,G,,corrected-archive-csv
162860,Luleå-Kallax Flygplats,13,Rådande väder,"momentanvärde, 1 gång/tim resp 8 gånger/dygn",kod,1992-09-25T12:00:00Z,1992-09-25T14:00:00+02:00,717422400000,,0,0,G,,corrected-archive-csv
162860,Luleå-Kallax Flygplats,13,Rådande väder,"momentanvärde, 1 gång/tim resp 8 gånger/dygn",kod,1992-09-25T15:00:00Z,1992-09-25T17:00:00+02:00,717433200000,,0,0,G,,corrected-archive-csv
162860,Luleå-Kallax Flygplats,13,Rådande väder,"momentanvärde, 1 gång/tim resp 8 gånger/dygn",kod,1992-09-25T18:00:00Z,1992-09-25T20:00:00+02:00,717444000000,,0,0,G,,corrected-archive-csv
162860,Luleå-Kallax Flygplats,13,Rådande väder,"momentanvärde, 1 gång/tim resp 8 gånger/dygn",kod,1992-09-25T21:00:00Z,1992-09-25T23:00:00+02:00,717454800000,,0,0,G,,corrected-archive-csv
162860,Luleå-Kallax Flygplats,13,Rådande väder,"momentanvärde, 1 gång/tim resp 8 gånger/dygn",kod,1992-09-26T00:00:00Z,1992-09-26T02:00:00+02:00,717465600000,,0,0,G,,corrected-archive-csv
162860,Luleå-Kallax Flygplats,13,Rådande väder,"momentanvärde, 1 gång/tim resp 8 gånger/dygn",kod,1992-09-26T03:00:00Z,1992-09-26T05:00:00+02:00,717476400000,,0,0,G,,corrected-archive-csv
162860,Luleå-Kallax Flygplats,13,Rådande väder,"momentanvärde, 1 gång/tim resp 8 gånger/dygn",kod,1992-09-26T05:00:00Z,1992-09-26T07:00:00+02:00,717483600000,,40,40,Y,,corrected-archive-csv
162860,Luleå-Kallax Flygplats,13,Rådande väder,"momentanvärde, 1 gång/tim resp 8 gånger/dygn",kod,1992-09-26T06:00:00Z,1992-09-26T08:00:00+02:00,717487200000,,28,28,G,,corrected-archive-csv
162860,Luleå-Kallax Flygplats,13,Rådande väder,"momentanvärde, 1 gång/tim resp 8 gånger/dygn",kod,1992-09-26T09:00:00Z,1992-09-26T11:00:00+02:00,717498000000,,61,61,G,,corrected-archive-csv
162860,Luleå-Kallax Flygplats,13,Rådande väder,"momentanvärde, 1 gång/tim resp 8 gånger/dygn",kod,1992-09-26T10:00:00Z,1992-09-26T12:00:00+02:00,717501600000,,61,61,Y,,corrected-archive-csv
162860,Luleå-Kallax Flygplats,13,Rådande väder,"momentanvärde, 1 gång/tim resp 8 gånger/dygn",kod,1992-09-26T11:00:00Z,1992-09-26T13:00:00+02:00,717505200000,,61,61,Y,,corrected-archive-csv
162860,Luleå-Kallax Flygplats,13,Rådande väder,"momentanvärde, 1 gång/tim resp 8 gånger/dygn",kod,1992-09-26T12:00:00Z,1992-09-26T14:00:00+02:00,717508800000,,61,61,G,,corrected-archive-csv
162860,Luleå-Kallax Flygplats,13,Rådande väder,"momentanvärde, 1 gång/tim resp 8 gånger/dygn",kod,1992-09-26T13:00:00Z,1992-09-26T15:00:00+02:00,717512400000,,21,21,Y,,corrected-archive-csv
162860,Luleå-Kallax Flygplats,13,Rådande väder,"momentanvärde, 1 gång/tim resp 8 gånger/dygn",kod,1992-09-26T14:00:00Z,1992-09-26T16:00:00+02:00,717516000000,,3,3,Y,,corrected-archive-csv
162860,Luleå-Kallax Flygplats,13,Rådande väder,"momentanvärde, 1 gång/tim resp 8 gånger/dygn",kod,1992-09-26T15:00:00Z,1992-09-26T17:00:00+02:00,717519600000,,2,2,G,,corrected-archive-csv
162860,Luleå-Kallax Flygplats,13,Rådande väder,"momentanvärde, 1 gång/tim resp 8 gånger/dygn",kod,1992-09-26T16:00:00Z,1992-09-26T18:00:00+02:00,717523200000,,2,2,Y,,corrected-archive-csv
162860,Luleå-Kallax Flygplats,13,Rådande väder,"momentanvärde, 1 gång/tim resp 8 gånger/dygn",kod,1992-09-26T17:00:00Z,1992-09-26T19:00:00+02:00,717526800000,,2,2,Y,,corrected-archive-csv
162860,Luleå-Kallax Flygplats,13,Rådande väder,"momentanvärde, 1 gång/tim resp 8 gånger/dygn",kod,1992-09-26T18:00:00Z,1992-09-26T20:00:00+02:00,717530400000,,2,2,G,,corrected-archive-csv
162860,Luleå-Kallax Flygplats,13,Rådande väder,"momentanvärde, 1 gång/tim resp 8 gånger/dygn",kod,1992-09-26T21:00:00Z,1992-09-26T23:00:00+02:00,717541200000,,0,0,G,,corrected-archive-csv
162860,Luleå-Kallax Flygplats,13,Rådande väder,"momentanvärde, 1 gång/tim resp 8 gånger/dygn",kod,1992-09-27T00:00:00Z,1992-09-27T02:00:00+02:00,717552000000,,0,0,G,,corrected-archive-csv
162860,Luleå-Kallax Flygplats,13,Rådande väder,"momentanvärde, 1 gång/tim resp 8 gånger/dygn",kod,1992-09-27T06:00:00Z,1992-09-27T07:00:00+01:00,717573600000,,0,0,G,,corrected-archive-csv
162860,Luleå-Kallax Flygplats,13,Rådande väder,"momentanvärde, 1 gång/tim resp 8 gånger/dygn",kod,1992-09-27T07:00:00Z,1992-09-27T08:00:00+01:00,717577200000,,61,61,Y,,corrected-archive-csv
162860,Luleå-Kallax Flygplats,13,Rådande väder,"momentanvärde, 1 gång/tim resp 8 gånger/dygn",kod,1992-09-27T08:00:00Z,1992-09-27T09:00:00+01:00,717580800000,,21,21,Y,,corrected-archive-csv
162860,Luleå-Kallax Flygplats,13,Rådande väder,"momentanvärde, 1 gång/tim resp 8 gånger/dygn",kod,1992-09-27T09:00:00Z,1992-09-27T10:00:00+01:00,717584400000,,2,2,G,,corrected-archive-csv
162860,Luleå-Kallax Flygplats,13,Rådande väder,"momentanvärde, 1 gång/tim resp 8 gånger/dygn",kod,1992-09-27T10:00:00Z,1992-09-27T11:00:00+01:00,717588000000,,2,2,Y,,corrected-archive-csv
162860,Luleå-Kallax Flygplats,13,Rådande väder,"momentanvärde, 1 gång/tim resp 8 gånger/dygn",kod,1992-09-27T11:00:00Z,1992-09-27T12:00:00+01:00,717591600000,,2,2,Y,,corrected-archive-csv
162860,Luleå-Kallax Flygplats,13,Rådande väder,"momentanvärde, 1 gång/tim resp 8 gånger/dygn",kod,1992-09-27T12:00:00Z,1992-09-27T13:00:00+01:00,717595200000,,2,2,G,,corrected-archive-csv
162860,Luleå-Kallax Flygplats,13,Rådande väder,"momentanvärde, 1 gång/tim resp 8 gånger/dygn",kod,1992-09-27T18:00:00Z,1992-09-27T19:00:00+01:00,717616800000,,0,0,G,,corrected-archive-csv
162860,Luleå-Kallax Flygplats,13,Rådande väder,"momentanvärde, 1 gång/tim resp 8 gånger/dygn",kod,1992-09-27T21:00:00Z,1992-09-27T22:00:00+01:00,717627600000,,0,0,G,,corrected-archive-csv
162860,Luleå-Kallax Flygplats,13,Rådande väder,"momentanvärde, 1 gång/tim resp 8 gånger/dygn",kod,1992-09-28T00:00:00Z,1992-09-28T01:00:00+01:00,717638400000,,0,0,G,,corrected-archive-csv
162860,Luleå-Kallax Flygplats,13,Rådande väder,"momentanvärde, 1 gång/tim resp 8 gånger/dygn",kod,1992-09-28T03:00:00Z,1992-09-28T04:00:00+01:00,717649200000,,0,0,G,,corrected-archive-csv
162860,Luleå-Kallax Flygplats,13,Rådande väder,"momentanvärde, 1 gång/tim resp 8 gånger/dygn",kod,1992-09-28T06:00:00Z,1992-09-28T07:00:00+01:00,717660000000,,0,0,G,,corrected-archive-csv
162860,Luleå-Kallax Flygplats,13,Rådande väder,"momentanvärde, 1 gång/tim resp 8 gånger/dygn",kod,1992-09-28T09:00:00Z,1992-09-28T10:00:00+01:00,717670800000,,0,0,G,,corrected-archive-csv
162860,Luleå-Kallax Flygplats,13,Rådande väder,"momentanvärde, 1 gång/tim resp 8 gånger/dygn",kod,1992-09-28T12:00:00Z,1992-09-28T13:00:00+01:00,717681600000,,0,0,G,,corrected-archive-csv
162860,Luleå-Kallax Flygplats,13,Rådande väder,"momentanvärde, 1 gång/tim resp 8 gånger/dygn",kod,1992-09-28T15:00:00Z,1992-09-28T16:00:00+01:00,717692400000,,0,0,G,,corrected-archive-csv
162860,Luleå-Kallax Flygplats,13,Rådande väder,"momentanvärde, 1 gång/tim resp 8 gånger/dygn",kod,1992-09-28T18:00:00Z,1992-09-28T19:00:00+01:00,717703200000,,0,0,G,,corrected-archive-csv
162860,Luleå-Kallax Flygplats,13,Rådande väder,"momentanvärde, 1 gång/tim resp 8 gånger/dygn",kod,1992-09-28T21:00:00Z,1992-09-28T22:00:00+01:00,717714000000,,0,0,G,,corrected-archive-csv
162860,Luleå-Kallax Flygplats,13,Rådande väder,"momentanvärde, 1 gång/tim resp 8 gånger/dygn",kod,1992-09-29T00:00:00Z,1992-09-29T01:00:00+01:00,717724800000,,0,0,G,,corrected-archive-csv
162860,Luleå-Kallax Flygplats,13,Rådande väder,"momentanvärde, 1 gång/tim resp 8 gånger/dygn",kod,1992-09-29T03:00:00Z,1992-09-29T04:00:00+01:00,717735600000,,0,0,G,,corrected-archive-csv
162860,Luleå-Kallax Flygplats,13,Rådande väder,"momentanvärde, 1 gång/tim resp 8 gånger/dygn",kod,1992-09-29T06:00:00Z,1992-09-29T07:00:00+01:00,717746400000,,0,0,G,,corrected-archive-csv
162860,Luleå-Kallax Flygplats,13,Rådande väder,"momentanvärde, 1 gång/tim resp 8 gånger/dygn",kod,1992-09-29T09:00:00Z,1992-09-29T10:00:00+01:00,717757200000,,0,0,G,,corrected-archive-csv
162860,Luleå-Kallax Flygplats,13,Rådande väder,"momentanvärde, 1 gång/tim resp 8 gånger/dygn",kod,1992-09-29T12:00:00Z,1992-09-29T13:00:00+01:00,717768000000,,0,0,G,,corrected-archive-csv
162860,Luleå-Kallax Flygplats,13,Rådande väder,"momentanvärde, 1 gång/tim resp 8 gånger/dygn",kod,1992-09-29T15:00:00Z,1992-09-29T16:00:00+01:00,717778800000,,0,0,G,,corrected-archive-csv
162860,Luleå-Kallax Flygplats,13,Rådande väder,"momentanvärde, 1 gång/tim resp 8 gånger/dygn",kod,1992-09-29T18:00:00Z,1992-09-29T19:00:00+01:00,717789600000,,0,0,G,,corrected-archive-csv
162860,Luleå-Kallax Flygplats,13,Rådande väder,"momentanvärde, 1 gång/tim resp 8 gånger/dygn",kod,1992-09-29T21:00:00Z,1992-09-29T22:00:00+01:00,717800400000,,0,0,G,,corrected-archive-csv
162860,Luleå-Kallax Flygplats,13,Rådande väder,"momentanvärde, 1 gång/tim resp 8 gånger/dygn",kod,1992-09-30T00:00:00Z,1992-09-30T01:00:00+01:00,717811200000,,0,0,G,,corrected-archive-csv
162860,Luleå-Kallax Flygplats,13,Rådande väder,"momentanvärde, 1 gång/tim resp 8 gånger/dygn",kod,1992-09-30T03:00:00Z,1992-09-30T04:00:00+01:00,717822000000,,0,0,G,,corrected-archive-csv
162860,Luleå-Kallax Flygplats,13,Rådande väder,"momentanvärde, 1 gång/tim resp 8 gånger/dygn",kod,1992-09-30T04:00:00Z,1992-09-30T05:00:00+01:00,717825600000,,14,14,Y,,corrected-archive-csv
162860,Luleå-Kallax Flygplats,13,Rådande väder,"momentanvärde, 1 gång/tim resp 8 gånger/dygn",kod,1992-09-30T05:00:00Z,1992-09-30T06:00:00+01:00,717829200000,,14,14,Y,,corrected-archive-csv
162860,Luleå-Kallax Flygplats,13,Rådande väder,"momentanvärde, 1 gång/tim resp 8 gånger/dygn",kod,1992-09-30T06:00:00Z,1992-09-30T07:00:00+01:00,717832800000,,0,0,G,,corrected-archive-csv
162860,Luleå-Kallax Flygplats,13,Rådande väder,"momentanvärde, 1 gång/tim resp 8 gånger/dygn",kod,1992-09-30T09:00:00Z,1992-09-30T10:00:00+01:00,717843600000,,0,0,G,,corrected-archive-csv
162860,Luleå-Kallax Flygplats,13,Rådande väder,"momentanvärde, 1 gång/tim resp 8 gånger/dygn",kod,1992-09-30T10:00:00Z,1992-09-30T11:00:00+01:00,717847200000,,21,21,Y,,corrected-archive-csv
162860,Luleå-Kallax Flygplats,13,Rådande väder,"momentanvärde, 1 gång/tim resp 8 gånger/dygn",kod,1992-09-30T11:00:00Z,1992-09-30T12:00:00+01:00,717850800000,,1,1,Y,,corrected-archive-csv
162860,Luleå-Kallax Flygplats,13,Rådande väder,"momentanvärde, 1 gång/tim resp 8 gånger/dygn",kod,1992-09-30T12:00:00Z,1992-09-30T13:00:00+01:00,717854400000,,1,1,G,,corrected-archive-csv
162860,Luleå-Kallax Flygplats,13,Rådande väder,"momentanvärde, 1 gång/tim resp 8 gånger/dygn",kod,1992-09-30T15:00:00Z,1992-09-30T16:00:00+01:00,717865200000,,0,0,G,,corrected-archive-csv
162860,Luleå-Kallax Flygplats,13,Rådande väder,"momentanvärde, 1 gång/tim resp 8 gånger/dygn",kod,1992-09-30T18:00:00Z,1992-09-30T19:00:00+01:00,717876000000,,0,0,G,,corrected-archive-csv
162860,Luleå-Kallax Flygplats,13,Rådande väder,"momentanvärde, 1 gång/tim resp 8 gånger/dygn",kod,1992-09-30T21:00:00Z,1992-09-30T22:00:00+01:00,717886800000,,0,0,G,,corrected-archive-csv
162860,Luleå-Kallax Flygplats,13,Rådande väder,"momentanvärde, 1 gång/tim resp 8 gånger/dygn",kod,1992-10-01T00:00:00Z,1992-10-01T01:00:00+01:00,717897600000,,0,0,G,,corrected-archive-csv
162860,Luleå-Kallax Flygplats,13,Rådande väder,"momentanvärde, 1 gång/tim resp 8 gånger/dygn",kod,1992-10-01T03:00:00Z,1992-10-01T04:00:00+01:00,717908400000,,0,0,G,,corrected-archive-csv
162860,Luleå-Kallax Flygplats,13,Rådande väder,"momentanvärde, 1 gång/tim resp 8 gånger/dygn",kod,1992-10-01T06:00:00Z,1992-10-01T07:00:00+01:00,717919200000,,0,0,G,,corrected-archive-csv
162860,Luleå-Kallax Flygplats,13,Rådande väder,"momentanvärde, 1 gång/tim resp 8 gånger/dygn",kod,1992-10-01T09:00:00Z,1992-10-01T10:00:00+01:00,717930000000,,0,0,G,,corrected-archive-csv
162860,Luleå-Kallax Flygplats,13,Rådande väder,"momentanvärde, 1 gång/tim resp 8 gånger/dygn",kod,1992-10-01T12:00:00Z,1992-10-01T13:00:00+01:00,717940800000,,0,0,G,,corrected-archive-csv
162860,Luleå-Kallax Flygplats,13,Rådande väder,"momentanvärde, 1 gång/tim resp 8 gånger/dygn",kod,1992-10-01T14:00:00Z,1992-10-01T15:00:00+01:00,717948000000,,14,14,Y,,corrected-archive-csv
162860,Luleå-Kallax Flygplats,13,Rådande väder,"momentanvärde, 1 gång/tim resp 8 gånger/dygn",kod,1992-10-01T15:00:00Z,1992-10-01T16:00:00+01:00,717951600000,,14,14,G,,corrected-archive-csv
162860,Luleå-Kallax Flygplats,13,Rådande väder,"momentanvärde, 1 gång/tim resp 8 gånger/dygn",kod,1992-10-01T16:00:00Z,1992-10-01T17:00:00+01:00,717955200000,,14,14,Y,,corrected-archive-csv
162860,Luleå-Kallax Flygplats,13,Rådande väder,"momentanvärde, 1 gång/tim resp 8 gånger/dygn",kod,1992-10-01T17:00:00Z,1992-10-01T18:00:00+01:00,717958800000,,14,14,Y,,corrected-archive-csv
162860,Luleå-Kallax Flygplats,13,Rådande väder,"momentanvärde, 1 gång/tim resp 8 gånger/dygn",kod,1992-10-01T18:00:00Z,1992-10-01T19:00:00+01:00,717962400000,,0,0,G,,corrected-archive-csv
162860,Luleå-Kallax Flygplats,13,Rådande väder,"momentanvärde, 1 gång/tim resp 8 gånger/dygn",kod,1992-10-01T21:00:00Z,1992-10-01T22:00:00+01:00,717973200000,,0,0,G,,corrected-archive-csv
162860,Luleå-Kallax Flygplats,13,Rådande väder,"momentanvärde, 1 gång/tim resp 8 gånger/dygn",kod,1992-10-02T00:00:00Z,1992-10-02T01:00:00+01:00,717984000000,,0,0,G,,corrected-archive-csv
162860,Luleå-Kallax Flygplats,13,Rådande väder,"momentanvärde, 1 gång/tim resp 8 gånger/dygn",kod,1992-10-02T03:00:00Z,1992-10-02T04:00:00+01:00,717994800000,,0,0,G,,corrected-archive-csv
162860,Luleå-Kallax Flygplats,13,Rådande väder,"momentanvärde, 1 gång/tim resp 8 gånger/dygn",kod,1992-10-02T06:00:00Z,1992-10-02T07:00:00+01:00,718005600000,,0,0,G,,corrected-archive-csv
162860,Luleå-Kallax Flygplats,13,Rådande väder,"momentanvärde, 1 gång/tim resp 8 gånger/dygn",kod,1992-10-02T09:00:00Z,1992-10-02T10:00:00+01:00,718016400000,,0,0,G,,corrected-archive-csv
162860,Luleå-Kallax Flygplats,13,Rådande väder,"momentanvärde, 1 gång/tim resp 8 gånger/dygn",kod,1992-10-02T12:00:00Z,1992-10-02T13:00:00+01:00,718027200000,,0,0,G,,corrected-archive-csv
162860,Luleå-Kallax Flygplats,13,Rådande väder,"momentanvärde, 1 gång/tim resp 8 gånger/dygn",kod,1992-10-02T15:00:00Z,1992-10-02T16:00:00+01:00,718038000000,,0,0,G,,corrected-archive-csv
162860,Luleå-Kallax Flygplats,13,Rådande väder,"momentanvärde, 1 gång/tim resp 8 gånger/dygn",kod,1992-10-02T18:00:00Z,1992-10-02T19:00:00+01:00,718048800000,,0,0,G,,corrected-archive-csv
162860,Luleå-Kallax Flygplats,13,Rådande väder,"momentanvärde, 1 gång/tim resp 8 gånger/dygn",kod,1992-10-02T21:00:00Z,1992-10-02T22:00:00+01:00,718059600000,,0,0,G,,corrected-archive-csv
162860,Luleå-Kallax Flygplats,13,Rådande väder,"momentanvärde, 1 gång/tim resp 8 gånger/dygn",kod,1992-10-02T23:00:00Z,1992-10-03T00:00:00+01:00,718066800000,,61,61,Y,,corrected-archive-csv
162860,Luleå-Kallax Flygplats,13,Rådande väder,"momentanvärde, 1 gång/tim resp 8 gånger/dygn",kod,1992-10-03T00:00:00Z,1992-10-03T01:00:00+01:00,718070400000,,21,21,G,,corrected-archive-csv
162860,Luleå-Kallax Flygplats,13,Rådande väder,"momentanvärde, 1 gång/tim resp 8 gånger/dygn",kod,1992-10-03T01:00:00Z,1992-10-03T02:00:00+01:00,718074000000,,2,2,Y,,corrected-archive-csv
162860,Luleå-Kallax Flygplats,13,Rådande väder,"momentanvärde, 1 gång/tim resp 8 gånger/dygn",kod,1992-10-03T02:00:00Z,1992-10-03T03:00:00+01:00,718077600000,,2,2,Y,,corrected-archive-csv
162860,Luleå-Kallax Flygplats,13,Rådande väder,"momentanvärde, 1 gång/tim resp 8 gånger/dygn",kod,1992-10-03T03:00:00Z,1992-10-03T04:00:00+01:00,718081200000,,2,2,G,,corrected-archive-csv
162860,Luleå-Kallax Flygplats,13,Rådande väder,"momentanvärde, 1 gång/tim resp 8 gånger/dygn",kod,1992-10-03T04:00:00Z,1992-10-03T05:00:00+01:00,718084800000,,61,61,Y,,corrected-archive-csv
162860,Luleå-Kallax Flygplats,13,Rådande väder,"momentanvärde, 1 gång/tim resp 8 gånger/dygn",kod,1992-10-03T05:00:00Z,1992-10-03T06:00:00+01:00,718088400000,,21,21,Y,,corrected-archive-csv
162860,Luleå-Kallax Flygplats,13,Rådande väder,"momentanvärde, 1 gång/tim resp 8 gånger/dygn",kod,1992-10-03T06:00:00Z,1992-10-03T07:00:00+01:00,718092000000,,2,2,G,,corrected-archive-csv
162860,Luleå-Kallax Flygplats,13,Rådande väder,"momentanvärde, 1 gång/tim resp 8 gånger/dygn",kod,1992-10-03T09:00:00Z,1992-10-03T10:00:00+01:00,718102800000,,0,0,G,,corrected-archive-csv
162860,Luleå-Kallax Flygplats,13,Rådande väder,"momentanvärde, 1 gång/tim resp 8 gånger/dygn",kod,1992-10-03T12:00:00Z,1992-10-03T13:00:00+01:00,718113600000,,0,0,G,,corrected-archive-csv
162860,Luleå-Kallax Flygplats,13,Rådande väder,"momentanvärde, 1 gång/tim resp 8 gånger/dygn",kod,1992-10-03T15:00:00Z,1992-10-03T16:00:00+01:00,718124400000,,0,0,G,,corrected-archive-csv
162860,Luleå-Kallax Flygplats,13,Rådande väder,"momentanvärde, 1 gång/tim resp 8 gånger/dygn",kod,1992-10-03T18:00:00Z,1992-10-03T19:00:00+01:00,718135200000,,0,0,G,,corrected-archive-csv
162860,Luleå-Kallax Flygplats,13,Rådande väder,"momentanvärde, 1 gång/tim resp 8 gånger/dygn",kod,1992-10-03T21:00:00Z,1992-10-03T22:00:00+01:00,718146000000,,0,0,G,,corrected-archive-csv
162860,Luleå-Kallax Flygplats,13,Rådande väder,"momentanvärde, 1 gång/tim resp 8 gånger/dygn",kod,1992-10-03T22:00:00Z,1992-10-03T23:00:00+01:00,718149600000,,21,21,Y,,corrected-archive-csv
162860,Luleå-Kallax Flygplats,13,Rådande väder,"momentanvärde, 1 gång/tim resp 8 gånger/dygn",kod,1992-10-03T23:00:00Z,1992-10-04T00:00:00+01:00,718153200000,,2,2,Y,,corrected-archive-csv
162860,Luleå-Kallax Flygplats,13,Rådande väder,"momentanvärde, 1 gång/tim resp 8 gånger/dygn",kod,1992-10-04T00:00:00Z,1992-10-04T01:00:00+01:00,718156800000,,2,2,G,,corrected-archive-csv
162860,Luleå-Kallax Flygplats,13,Rådande väder,"momentanvärde, 1 gång/tim resp 8 gånger/dygn",kod,1992-10-04T03:00:00Z,1992-10-04T04:00:00+01:00,718167600000,,0,0,G,,corrected-archive-csv
162860,Luleå-Kallax Flygplats,13,Rådande väder,"momentanvärde, 1 gång/tim resp 8 gånger/dygn",kod,1992-10-04T06:00:00Z,1992-10-04T07:00:00+01:00,718178400000,,0,0,G,,corrected-archive-csv
162860,Luleå-Kallax Flygplats,13,Rådande väder,"momentanvärde, 1 gång/tim resp 8 gånger/dygn",kod,1992-10-04T09:00:00Z,1992-10-04T10:00:00+01:00,718189200000,,0,0,G,,corrected-archive-csv
162860,Luleå-Kallax Flygplats,13,Rådande väder,"momentanvärde, 1 gång/tim resp 8 gånger/dygn",kod,1992-10-04T12:00:00Z,1992-10-04T13:00:00+01:00,718200000000,,0,0,G,,corrected-archive-csv
162860,Luleå-Kallax Flygplats,13,Rådande väder,"momentanvärde, 1 gång/tim resp 8 gånger/dygn",kod,1992-10-04T15:00:00Z,1992-10-04T16:00:00+01:00,718210800000,,0,0,G,,corrected-archive-csv
162860,Luleå-Kallax Flygplats,13,Rådande väder,"momentanvärde, 1 gång/tim resp 8 gånger/dygn",kod,1992-10-04T16:00:00Z,1992-10-04T17:00:00+01:00,718214400000,,14,14,Y,,corrected-archive-csv
162860,Luleå-Kallax Flygplats,13,Rådande väder,"momentanvärde, 1 gång/tim resp 8 gånger/dygn",kod,1992-10-04T17:00:00Z,1992-10-04T18:00:00+01:00,718218000000,,3,3,Y,,corrected-archive-csv
162860,Luleå-Kallax Flygplats,13,Rådande väder,"momentanvärde, 1 gång/tim resp 8 gånger/dygn",kod,1992-10-04T18:00:00Z,1992-10-04T19:00:00+01:00,718221600000,,0,0,G,,corrected-archive-csv
162860,Luleå-Kallax Flygplats,13,Rådande väder,"momentanvärde, 1 gång/tim resp 8 gånger/dygn",kod,1992-10-04T21:00:00Z,1992-10-04T22:00:00+01:00,718232400000,,0,0,G,,corrected-archive-csv
162860,Luleå-Kallax Flygplats,13,Rådande väder,"momentanvärde, 1 gång/tim resp 8 gånger/dygn",kod,1992-10-05T00:00:00Z,1992-10-05T01:00:00+01:00,718243200000,,0,0,G,,corrected-archive-csv
162860,Luleå-Kallax Flygplats,13,Rådande väder,"momentanvärde, 1 gång/tim resp 8 gånger/dygn",kod,1992-10-05T03:00:00Z,1992-10-05T04:00:00+01:00,718254000000,,0,0,G,,corrected-archive-csv
162860,Luleå-Kallax Flygplats,13,Rådande väder,"momentanvärde, 1 gång/tim resp 8 gånger/dygn",kod,1992-10-05T06:00:00Z,1992-10-05T07:00:00+01:00,718264800000,,0,0,G,,corrected-archive-csv
162860,Luleå-Kallax Flygplats,13,Rådande väder,"momentanvärde, 1 gång/tim resp 8 gånger/dygn",kod,1992-10-05T08:00:00Z,1992-10-05T09:00:00+01:00,718272000000,,14,14,Y,,corrected-archive-csv
162860,Luleå-Kallax Flygplats,13,Rådande väder,"momentanvärde, 1 gång/tim resp 8 gånger/dygn",kod,1992-10-05T09:00:00Z,1992-10-05T10:00:00+01:00,718275600000,,0,0,G,,corrected-archive-csv
162860,Luleå-Kallax Flygplats,13,Rådande väder,"momentanvärde, 1 gång/tim resp 8 gånger/dygn",kod,1992-10-05T12:00:00Z,1992-10-05T13:00:00+01:00,718286400000,,0,0,G,,corrected-archive-csv
162860,Luleå-Kallax Flygplats,13,Rådande väder,"momentanvärde, 1 gång/tim resp 8 gånger/dygn",kod,1992-10-05T15:00:00Z,1992-10-05T16:00:00+01:00,718297200000,,0,0,G,,corrected-archive-csv
162860,Luleå-Kallax Flygplats,13,Rådande väder,"momentanvärde, 1 gång/tim resp 8 gånger/dygn",kod,1992-10-05T18:00:00Z,1992-10-05T19:00:00+01:00,718308000000,,0,0,G,,corrected-archive-csv
162860,Luleå-Kallax Flygplats,13,Rådande väder,"momentanvärde, 1 gång/tim resp 8 gånger/dygn",kod,1992-10-05T21:00:00Z,1992-10-05T22:00:00+01:00,718318800000,,0,0,G,,corrected-archive-csv
162860,Luleå-Kallax Flygplats,13,Rådande väder,"momentanvärde, 1 gång/tim resp 8 gånger/dygn",kod,1992-10-06T00:00:00Z,1992-10-06T01:00:00+01:00,718329600000,,0,0,G,,corrected-archive-csv
162860,Luleå-Kallax Flygplats,13,Rådande väder,"momentanvärde, 1 gång/tim resp 8 gånger/dygn",kod,1992-10-06T03:00:00Z,1992-10-06T04:00:00+01:00,718340400000,,0,0,G,,corrected-archive-csv
162860,Luleå-Kallax Flygplats,13,Rådande väder,"momentanvärde, 1 gång/tim resp 8 gånger/dygn",kod,1992-10-06T05:00:00Z,1992-10-06T06:00:00+01:00,718347600000,,14,14,Y,,corrected-archive-csv
162860,Luleå-Kallax Flygplats,13,Rådande väder,"momentanvärde, 1 gång/tim resp 8 gånger/dygn",kod,1992-10-06T06:00:00Z,1992-10-06T07:00:00+01:00,718351200000,,14,14,G,,corrected-archive-csv
162860,Luleå-Kallax Flygplats,13,Rådande väder,"momentanvärde, 1 gång/tim resp 8 gånger/dygn",kod,1992-10-06T07:00:00Z,1992-10-06T08:00:00+01:00,718354800000,,14,14,Y,,corrected-archive-csv
162860,Luleå-Kallax Flygplats,13,Rådande väder,"momentanvärde, 1 gång/tim resp 8 gånger/dygn",kod,1992-10-06T08:00:00Z,1992-10-06T09:00:00+01:00,718358400000,,80,80,Y,,corrected-archive-csv
162860,Luleå-Kallax Flygplats,13,Rådande väder,"momentanvärde, 1 gång/tim resp 8 gånger/dygn",kod,1992-10-06T09:00:00Z,1992-10-06T10:00:00+01:00,718362000000,,21,21,G,,corrected-archive-csv
162860,Luleå-Kallax Flygplats,13,Rådande väder,"momentanvärde, 1 gång/tim resp 8 gånger/dygn",kod,1992-10-06T10:00:00Z,1992-10-06T11:00:00+01:00,718365600000,,1,1,Y,,corrected-archive-csv
162860,Luleå-Kallax Flygplats,13,Rådande väder,"momentanvärde, 1 gång/tim resp 8 gånger/dygn",kod,1992-10-06T11:00:00Z,1992-10-06T12:00:00+01:00,718369200000,,3,3,Y,,corrected-archive-csv
162860,Luleå-Kallax Flygplats,13,Rådande väder,"momentanvärde, 1 gång/tim resp 8 gånger/dygn",kod,1992-10-06T12:00:00Z,1992-10-06T13:00:00+01:00,718372800000,,2,2,G,,corrected-archive-csv
162860,Luleå-Kallax Flygplats,13,Rådande väder,"momentanvärde, 1 gång/tim resp 8 gånger/dygn",kod,1992-10-06T15:00:00Z,1992-10-06T16:00:00+01:00,718383600000,,14,14,G,,corrected-archive-csv
162860,Luleå-Kallax Flygplats,13,Rådande väder,"momentanvärde, 1 gång/tim resp 8 gånger/dygn",kod,1992-10-06T16:00:00Z,1992-10-06T17:00:00+01:00,718387200000,,15,15,Y,,corrected-archive-csv
162860,Luleå-Kallax Flygplats,13,Rådande väder,"momentanvärde, 1 gång/tim resp 8 gånger/dygn",kod,1992-10-06T17:00:00Z,1992-10-06T18:00:00+01:00,718390800000,,80,80,Y,,corrected-archive-csv
162860,Luleå-Kallax Flygplats,13,Rådande väder,"momentanvärde, 1 gång/tim resp 8 gånger/dygn",kod,1992-10-06T18:00:00Z,1992-10-06T19:00:00+01:00,718394400000,,25,25,G,,corrected-archive-csv
162860,Luleå-Kallax Flygplats,13,Rådande väder,"momentanvärde, 1 gång/tim resp 8 gånger/dygn",kod,1992-10-06T21:00:00Z,1992-10-06T22:00:00+01:00,718405200000,,0,0,G,,corrected-archive-csv
162860,Luleå-Kallax Flygplats,13,Rådande väder,"momentanvärde, 1 gång/tim resp 8 gånger/dygn",kod,1992-10-07T00:00:00Z,1992-10-07T01:00:00+01:00,718416000000,,0,0,G,,corrected-archive-csv
162860,Luleå-Kallax Flygplats,13,Rådande väder,"momentanvärde, 1 gång/tim resp 8 gånger/dygn",kod,1992-10-07T03:00:00Z,1992-10-07T04:00:00+01:00,718426800000,,0,0,G,,corrected-archive-csv
162860,Luleå-Kallax Flygplats,13,Rådande väder,"momentanvärde, 1 gång/tim resp 8 gånger/dygn",kod,1992-10-07T06:00:00Z,1992-10-07T07:00:00+01:00,718437600000,,0,0,G,,corrected-archive-csv
162860,Luleå-Kallax Flygplats,13,Rådande väder,"momentanvärde, 1 gång/tim resp 8 gånger/dygn",kod,1992-10-07T09:00:00Z,1992-10-07T10:00:00+01:00,718448400000,,0,0,G,,corrected-archive-csv
162860,Luleå-Kallax Flygplats,13,Rådande väder,"momentanvärde, 1 gång/tim resp 8 gånger/dygn",kod,1992-10-07T12:00:00Z,1992-10-07T13:00:00+01:00,718459200000,,0,0,G,,corrected-archive-csv
162860,Luleå-Kallax Flygplats,13,Rådande väder,"momentanvärde, 1 gång/tim resp 8 gånger/dygn",kod,1992-10-07T13:00:00Z,1992-10-07T14:00:00+01:00,718462800000,,16,16,Y,,corrected-archive-csv
162860,Luleå-Kallax Flygplats,13,Rådande väder,"momentanvärde, 1 gång/tim resp 8 gånger/dygn",kod,1992-10-07T15:00:00Z,1992-10-07T16:00:00+01:00,718470000000,,0,0,G,,corrected-archive-csv
162860,Luleå-Kallax Flygplats,13,Rådande väder,"momentanvärde, 1 gång/tim resp 8 gånger/dygn",kod,1992-10-07T16:00:00Z,1992-10-07T17:00:00+01:00,718473600000,,15,15,Y,,corrected-archive-csv
162860,Luleå-Kallax Flygplats,13,Rådande väder,"momentanvärde, 1 gång/tim resp 8 gånger/dygn",kod,1992-10-07T18:00:00Z,1992-10-07T19:00:00+01:00,718480800000,,15,15,G,,corrected-archive-csv
162860,Luleå-Kallax Flygplats,13,Rådande väder,"momentanvärde, 1 gång/tim resp 8 gånger/dygn",kod,1992-10-07T19:00:00Z,1992-10-07T20:00:00+01:00,718484400000,,15,15,Y,,corrected-archive-csv
162860,Luleå-Kallax Flygplats,13,Rådande väder,"momentanvärde, 1 gång/tim resp 8 gånger/dygn",kod,1992-10-07T20:00:00Z,1992-10-07T21:00:00+01:00,718488000000,,15,15,Y,,corrected-archive-csv
162860,Luleå-Kallax Flygplats,13,Rådande väder,"momentanvärde, 1 gång/tim resp 8 gånger/dygn",kod,1992-10-07T21:00:00Z,1992-10-07T22:00:00+01:00,718491600000,,0,0,G,,corrected-archive-csv
162860,Luleå-Kallax Flygplats,13,Rådande väder,"momentanvärde, 1 gång/tim resp 8 gånger/dygn",kod,1992-10-07T23:00:00Z,1992-10-08T00:00:00+01:00,718498800000,,61,61,Y,,corrected-archive-csv
162860,Luleå-Kallax Flygplats,13,Rådande väder,"momentanvärde, 1 gång/tim resp 8 gånger/dygn",kod,1992-10-08T00:00:00Z,1992-10-08T01:00:00+01:00,718502400000,,61,61,G,,corrected-archive-csv
162860,Luleå-Kallax Flygplats,13,Rådande väder,"momentanvärde, 1 gång/tim resp 8 gånger/dygn",kod,1992-10-08T01:00:00Z,1992-10-08T02:00:00+01:00,718506000000,,61,61,Y,,corrected-archive-csv
162860,Luleå-Kallax Flygplats,13,Rådande väder,"momentanvärde, 1 gång/tim resp 8 gånger/dygn",kod,1992-10-08T02:00:00Z,1992-10-08T03:00:00+01:00,718509600000,,61,61,Y,,corrected-archive-csv
162860,Luleå-Kallax Flygplats,13,Rådande väder,"momentanvärde, 1 gång/tim resp 8 gånger/dygn",kod,1992-10-08T03:00:00Z,1992-10-08T04:00:00+01:00,718513200000,,61,61,G,,corrected-archive-csv
162860,Luleå-Kallax Flygplats,13,Rådande väder,"momentanvärde, 1 gång/tim resp 8 gånger/dygn",kod,1992-10-08T04:00:00Z,1992-10-08T05:00:00+01:00,718516800000,,63,63,Y,,corrected-archive-csv
162860,Luleå-Kallax Flygplats,13,Rådande väder,"momentanvärde, 1 gång/tim resp 8 gånger/dygn",kod,1992-10-08T05:00:00Z,1992-10-08T06:00:00+01:00,718520400000,,63,63,Y,,corrected-archive-csv
162860,Luleå-Kallax Flygplats,13,Rådande väder,"momentanvärde, 1 gång/tim resp 8 gånger/dygn",kod,1992-10-08T06:00:00Z,1992-10-08T07:00:00+01:00,718524000000,,21,21,G,,corrected-archive-csv
162860,Luleå-Kallax Flygplats,13,Rådande väder,"momentanvärde, 1 gång/tim resp 8 gånger/dygn",kod,1992-10-08T07:00:00Z,1992-10-08T08:00:00+01:00,718527600000,,16,16,Y,,corrected-archive-csv
162860,Luleå-Kallax Flygplats,13,Rådande väder,"momentanvärde, 1 gång/tim resp 8 gånger/dygn",kod,1992-10-08T09:00:00Z,1992-10-08T10:00:00+01:00,718534800000,,0,0,G,,corrected-archive-csv
162860,Luleå-Kallax Flygplats,13,Rådande väder,"momentanvärde, 1 gång/tim resp 8 gånger/dygn",kod,1992-10-08T12:00:00Z,1992-10-08T13:00:00+01:00,718545600000,,16,16,G,,corrected-archive-csv
162860,Luleå-Kallax Flygplats,13,Rådande väder,"momentanvärde, 1 gång/tim resp 8 gånger/dygn",kod,1992-10-08T13:00:00Z,1992-10-08T14:00:00+01:00,718549200000,,14,14,Y,,corrected-archive-csv
162860,Luleå-Kallax Flygplats,13,Rådande väder,"momentanvärde, 1 gång/tim resp 8 gånger/dygn",kod,1992-10-08T15:00:00Z,1992-10-08T16:00:00+01:00,718556400000,,14,14,G,,corrected-archive-csv
162860,Luleå-Kallax Flygplats,13,Rådande väder,"momentanvärde, 1 gång/tim resp 8 gånger/dygn",kod,1992-10-08T16:00:00Z,1992-10-08T17:00:00+01:00,718560000000,,15,15,Y,,corrected-archive-csv
162860,Luleå-Kallax Flygplats,13,Rådande väder,"momentanvärde, 1 gång/tim resp 8 gånger/dygn",kod,1992-10-08T17:00:00Z,1992-10-08T18:00:00+01:00,718563600000,,15,15,Y,,corrected-archive-csv
162860,Luleå-Kallax Flygplats,13,Rådande väder,"momentanvärde, 1 gång/tim resp 8 gånger/dygn",kod,1992-10-08T18:00:00Z,1992-10-08T19:00:00+01:00,718567200000,,21,21,G,,corrected-archive-csv
162860,Luleå-Kallax Flygplats,13,Rådande väder,"momentanvärde, 1 gång/tim resp 8 gånger/dygn",kod,1992-10-08T19:00:00Z,1992-10-08T20:00:00+01:00,718570800000,,15,15,Y,,corrected-archive-csv
162860,Luleå-Kallax Flygplats,13,Rådande väder,"momentanvärde, 1 gång/tim resp 8 gånger/dygn",kod,1992-10-08T21:00:00Z,1992-10-08T22:00:00+01:00,718578000000,,0,0,G,,corrected-archive-csv
162860,Luleå-Kallax Flygplats,13,Rådande väder,"momentanvärde, 1 gång/tim resp 8 gånger/dygn",kod,1992-10-08T23:00:00Z,1992-10-09T00:00:00+01:00,718585200000,,69,69,Y,,corrected-archive-csv
162860,Luleå-Kallax Flygplats,13,Rådande väder,"momentanvärde, 1 gång/tim resp 8 gånger/dygn",kod,1992-10-09T00:00:00Z,1992-10-09T01:00:00+01:00,718588800000,,73,73,G,,corrected-archive-csv
162860,Luleå-Kallax Flygplats,13,Rådande väder,"momentanvärde, 1 gång/tim resp 8 gånger/dygn",kod,1992-10-09T01:00:00Z,1992-10-09T02:00:00+01:00,718592400000,,73,73,Y,,corrected-archive-csv
162860,Luleå-Kallax Flygplats,13,Rådande väder,"momentanvärde, 1 gång/tim resp 8 gånger/dygn",kod,1992-10-09T02:00:00Z,1992-10-09T03:00:00+01:00,718596000000,,22,22,Y,,corrected-archive-csv
162860,Luleå-Kallax Flygplats,13,Rådande väder,"momentanvärde, 1 gång/tim resp 8 gånger/dygn",kod,1992-10-09T03:00:00Z,1992-10-09T04:00:00+01:00,718599600000,,2,2,G,,corrected-archive-csv
162860,Luleå-Kallax Flygplats,13,Rådande väder,"momentanvärde, 1 gång/tim resp 8 gånger/dygn",kod,1992-10-09T04:00:00Z,1992-10-09T05:00:00+01:00,718603200000,,77,77,Y,,corrected-archive-csv
162860,Luleå-Kallax Flygplats,13,Rådande väder,"momentanvärde, 1 gång/tim resp 8 gånger/dygn",kod,1992-10-09T05:00:00Z,1992-10-09T06:00:00+01:00,718606800000,,20,20,Y,,corrected-archive-csv
162860,Luleå-Kallax Flygplats,13,Rådande väder,"momentanvärde, 1 gång/tim resp 8 gånger/dygn",kod,1992-10-09T06:00:00Z,1992-10-09T07:00:00+01:00,718610400000,,2,2,G,,corrected-archive-csv
162860,Luleå-Kallax Flygplats,13,Rådande väder,"momentanvärde, 1 gång/tim resp 8 gånger/dygn",kod,1992-10-09T09:00:00Z,1992-10-09T10:00:00+01:00,718621200000,,0,0,G,,corrected-archive-csv
162860,Luleå-Kallax Flygplats,13,Rådande väder,"momentanvärde, 1 gång/tim resp 8 gånger/dygn",kod,1992-10-09T11:00:00Z,1992-10-09T12:00:00+01:00,718628400000,,15,15,Y,,corrected-archive-csv
162860,Luleå-Kallax Flygplats,13,Rådande väder,"momentanvärde, 1 gång/tim resp 8 gånger/dygn",kod,1992-10-09T12:00:00Z,1992-10-09T13:00:00+01:00,718632000000,,15,15,G,,corrected-archive-csv
162860,Luleå-Kallax Flygplats,13,Rådande väder,"momentanvärde, 1 gång/tim resp 8 gånger/dygn",kod,1992-10-09T15:00:00Z,1992-10-09T16:00:00+01:00,718642800000,,0,0,G,,corrected-archive-csv
162860,Luleå-Kallax Flygplats,13,Rådande väder,"momentanvärde, 1 gång/tim resp 8 gånger/dygn",kod,1992-10-09T18:00:00Z,1992-10-09T19:00:00+01:00,718653600000,,0,0,G,,corrected-archive-csv
162860,Luleå-Kallax Flygplats,13,Rådande väder,"momentanvärde, 1 gång/tim resp 8 gånger/dygn",kod,1992-10-09T21:00:00Z,1992-10-09T22:00:00+01:00,718664400000,,0,0,G,,corrected-archive-csv
162860,Luleå-Kallax Flygplats,13,Rådande väder,"momentanvärde, 1 gång/tim resp 8 gånger/dygn",kod,1992-10-10T00:00:00Z,1992-10-10T01:00:00+01:00,718675200000,,0,0,G,,corrected-archive-csv
162860,Luleå-Kallax Flygplats,13,Rådande väder,"momentanvärde, 1 gång/tim resp 8 gånger/dygn",kod,1992-10-10T03:00:00Z,1992-10-10T04:00:00+01:00,718686000000,,0,0,G,,corrected-archive-csv
162860,Luleå-Kallax Flygplats,13,Rådande väder,"momentanvärde, 1 gång/tim resp 8 gånger/dygn",kod,1992-10-10T06:00:00Z,1992-10-10T07:00:00+01:00,718696800000,,0,0,G,,corrected-archive-csv
162860,Luleå-Kallax Flygplats,13,Rådande väder,"momentanvärde, 1 gång/tim resp 8 gånger/dygn",kod,1992-10-10T08:00:00Z,1992-10-10T09:00:00+01:00,718704000000,,71,71,Y,,corrected-archive-csv
162860,Luleå-Kallax Flygplats,13,Rådande väder,"momentanvärde, 1 gång/tim resp 8 gånger/dygn",kod,1992-10-10T09:00:00Z,1992-10-10T10:00:00+01:00,718707600000,,73,73,G,,corrected-archive-csv
162860,Luleå-Kallax Flygplats,13,Rådande väder,"momentanvärde, 1 gång/tim resp 8 gånger/dygn",kod,1992-10-10T10:00:00Z,1992-10-10T11:00:00+01:00,718711200000,,73,73,Y,,corrected-archive-csv
162860,Luleå-Kallax Flygplats,13,Rådande väder,"momentanvärde, 1 gång/tim resp 8 gånger/dygn",kod,1992-10-10T11:00:00Z,1992-10-10T12:00:00+01:00,718714800000,,73,73,Y,,corrected-archive-csv
162860,Luleå-Kallax Flygplats,13,Rådande väder,"momentanvärde, 1 gång/tim resp 8 gånger/dygn",kod,1992-10-10T12:00:00Z,1992-10-10T13:00:00+01:00,718718400000,,73,73,G,,corrected-archive-csv
162860,Luleå-Kallax Flygplats,13,Rådande väder,"momentanvärde, 1 gång/tim resp 8 gånger/dygn",kod,1992-10-10T13:00:00Z,1992-10-10T14:00:00+01:00,718722000000,,71,71,Y,,corrected-archive-csv
162860,Luleå-Kallax Flygplats,13,Rådande väder,"momentanvärde, 1 gång/tim resp 8 gånger/dygn",kod,1992-10-10T14:00:00Z,1992-10-10T15:00:00+01:00,718725600000,,22,22,Y,,corrected-archive-csv
162860,Luleå-Kallax Flygplats,13,Rådande väder,"momentanvärde, 1 gång/tim resp 8 gånger/dygn",kod,1992-10-10T15:00:00Z,1992-10-10T16:00:00+01:00,718729200000,,1,1,G,,corrected-archive-csv
162860,Luleå-Kallax Flygplats,13,Rådande väder,"momentanvärde, 1 gång/tim resp 8 gånger/dygn",kod,1992-10-10T16:00:00Z,1992-10-10T17:00:00+01:00,718732800000,,10,10,Y,,corrected-archive-csv
162860,Luleå-Kallax Flygplats,13,Rådande väder,"momentanvärde, 1 gång/tim resp 8 gånger/dygn",kod,1992-10-10T17:00:00Z,1992-10-10T18:00:00+01:00,718736400000,,10,10,Y,,corrected-archive-csv
162860,Luleå-Kallax Flygplats,13,Rådande väder,"momentanvärde, 1 gång/tim resp 8 gånger/dygn",kod,1992-10-10T18:00:00Z,1992-10-10T19:00:00+01:00,718740000000,,2,2,G,,corrected-archive-csv
162860,Luleå-Kallax Flygplats,13,Rådande väder,"momentanvärde, 1 gång/tim resp 8 gånger/dygn",kod,1992-10-10T21:00:00Z,1992-10-10T22:00:00+01:00,718750800000,,0,0,G,,corrected-archive-csv
162860,Luleå-Kallax Flygplats,13,Rådande väder,"momentanvärde, 1 gång/tim resp 8 gånger/dygn",kod,1992-10-10T23:00:00Z,1992-10-11T00:00:00+01:00,718758000000,,71,71,Y,,corrected-archive-csv
162860,Luleå-Kallax Flygplats,13,Rådande väder,"momentanvärde, 1 gång/tim resp 8 gånger/dygn",kod,1992-10-11T00:00:00Z,1992-10-11T01:00:00+01:00,718761600000,,2,2,G,,corrected-archive-csv
162860,Luleå-Kallax Flygplats,13,Rådande väder,"momentanvärde, 1 gång/tim resp 8 gånger/dygn",kod,1992-10-11T03:00:00Z,1992-10-11T04:00:00+01:00,718772400000,,0,0,G,,corrected-archive-csv
162860,Luleå-Kallax Flygplats,13,Rådande väder,"momentanvärde, 1 gång/tim resp 8 gånger/dygn",kod,1992-10-11T06:00:00Z,1992-10-11T07:00:00+01:00,718783200000,,0,0,G,,corrected-archive-csv
162860,Luleå-Kallax Flygplats,13,Rådande väder,"momentanvärde, 1 gång/tim resp 8 gånger/dygn",kod,1992-10-11T09:00:00Z,1992-10-11T10:00:00+01:00,718794000000,,0,0,G,,corrected-archive-csv
162860,Luleå-Kallax Flygplats,13,Rådande väder,"momentanvärde, 1 gång/tim resp 8 gånger/dygn",kod,1992-10-11T12:00:00Z,1992-10-11T13:00:00+01:00,718804800000,,0,0,G,,corrected-archive-csv
162860,Luleå-Kallax Flygplats,13,Rådande väder,"momentanvärde, 1 gång/tim resp 8 gånger/dygn",kod,1992-10-11T15:00:00Z,1992-10-11T16:00:00+01:00,718815600000,,0,0,G,,corrected-archive-csv
162860,Luleå-Kallax Flygplats,13,Rådande väder,"momentanvärde, 1 gång/tim resp 8 gånger/dygn",kod,1992-10-11T18:00:00Z,1992-10-11T19:00:00+01:00,718826400000,,0,0,G,,corrected-archive-csv
162860,Luleå-Kallax Flygplats,13,Rådande väder,"momentanvärde, 1 gång/tim resp 8 gånger/dygn",kod,1992-10-11T21:00:00Z,1992-10-11T22:00:00+01:00,718837200000,,0,0,G,,corrected-archive-csv
162860,Luleå-Kallax Flygplats,13,Rådande väder,"momentanvärde, 1 gång/tim resp 8 gånger/dygn",kod,1992-10-12T00:00:00Z,1992-10-12T01:00:00+01:00,718848000000,,0,0,G,,corrected-archive-csv
162860,Luleå-Kallax Flygplats,13,Rådande väder,"momentanvärde, 1 gång/tim resp 8 gånger/dygn",kod,1992-10-12T03:00:00Z,1992-10-12T04:00:00+01:00,718858800000,,0,0,G,,corrected-archive-csv
162860,Luleå-Kallax Flygplats,13,Rådande väder,"momentanvärde, 1 gång/tim resp 8 gånger/dygn",kod,1992-10-12T06:00:00Z,1992-10-12T07:00:00+01:00,718869600000,,0,0,G,,corrected-archive-csv
162860,Luleå-Kallax Flygplats,13,Rådande väder,"momentanvärde, 1 gång/tim resp 8 gånger/dygn",kod,1992-10-12T09:00:00Z,1992-10-12T10:00:00+01:00,718880400000,,0,0,G,,corrected-archive-csv
162860,Luleå-Kallax Flygplats,13,Rådande väder,"momentanvärde, 1 gång/tim resp 8 gånger/dygn",kod,1992-10-12T12:00:00Z,1992-10-12T13:00:00+01:00,718891200000,,15,15,G,,corrected-archive-csv
162860,Luleå-Kallax Flygplats,13,Rådande väder,"momentanvärde, 1 gång/tim resp 8 gånger/dygn",kod,1992-10-12T14:00:00Z,1992-10-12T15:00:00+01:00,718898400000,,15,15,Y,,corrected-archive-csv
162860,Luleå-Kallax Flygplats,13,Rådande väder,"momentanvärde, 1 gång/tim resp 8 gånger/dygn",kod,1992-10-12T15:00:00Z,1992-10-12T16:00:00+01:00,718902000000,,15,15,G,,corrected-archive-csv
162860,Luleå-Kallax Flygplats,13,Rådande väder,"momentanvärde, 1 gång/tim resp 8 gånger/dygn",kod,1992-10-12T16:00:00Z,1992-10-12T17:00:00+01:00,718905600000,,15,15,Y,,corrected-archive-csv
162860,Luleå-Kallax Flygplats,13,Rådande väder,"momentanvärde, 1 gång/tim resp 8 gånger/dygn",kod,1992-10-12T18:00:00Z,1992-10-12T19:00:00+01:00,718912800000,,0,0,G,,corrected-archive-csv
162860,Luleå-Kallax Flygplats,13,Rådande väder,"momentanvärde, 1 gång/tim resp 8 gånger/dygn",kod,1992-10-12T21:00:00Z,1992-10-12T22:00:00+01:00,718923600000,,71,71,G,,corrected-archive-csv
162860,Luleå-Kallax Flygplats,13,Rådande väder,"momentanvärde, 1 gång/tim resp 8 gånger/dygn",kod,1992-10-12T22:00:00Z,1992-10-12T23:00:00+01:00,718927200000,,2,2,Y,,corrected-archive-csv
162860,Luleå-Kallax Flygplats,13,Rådande väder,"momentanvärde, 1 gång/tim resp 8 gånger/dygn",kod,1992-10-12T23:00:00Z,1992-10-13T00:00:00+01:00,718930800000,,2,2,Y,,corrected-archive-csv
162860,Luleå-Kallax Flygplats,13,Rådande väder,"momentanvärde, 1 gång/tim resp 8 gånger/dygn",kod,1992-10-13T00:00:00Z,1992-10-13T01:00:00+01:00,718934400000,,2,2,G,,corrected-archive-csv
162860,Luleå-Kallax Flygplats,13,Rådande väder,"momentanvärde, 1 gång/tim resp 8 gånger/dygn",kod,1992-10-13T03:00:00Z,1992-10-13T04:00:00+01:00,718945200000,,0,0,G,,corrected-archive-csv
162860,Luleå-Kallax Flygplats,13,Rådande väder,"momentanvärde, 1 gång/tim resp 8 gånger/dygn",kod,1992-10-13T06:00:00Z,1992-10-13T07:00:00+01:00,718956000000,,0,0,G,,corrected-archive-csv
162860,Luleå-Kallax Flygplats,13,Rådande väder,"momentanvärde, 1 gång/tim resp 8 gånger/dygn",kod,1992-10-13T09:00:00Z,1992-10-13T10:00:00+01:00,718966800000,,0,0,G,,corrected-archive-csv
162860,Luleå-Kallax Flygplats,13,Rådande väder,"momentanvärde, 1 gång/tim resp 8 gånger/dygn",kod,1992-10-13T12:00:00Z,1992-10-13T13:00:00+01:00,718977600000,,15,15,G,,corrected-archive-csv
162860,Luleå-Kallax Flygplats,13,Rådande väder,"momentanvärde, 1 gång/tim resp 8 gånger/dygn",kod,1992-10-13T13:00:00Z,1992-10-13T14:00:00+01:00,718981200000,,15,15,Y,,corrected-archive-csv
162860,Luleå-Kallax Flygplats,13,Rådande väder,"momentanvärde, 1 gång/tim resp 8 gånger/dygn",kod,1992-10-13T14:00:00Z,1992-10-13T15:00:00+01:00,718984800000,,22,22,Y,,corrected-archive-csv
162860,Luleå-Kallax Flygplats,13,Rådande väder,"momentanvärde, 1 gång/tim resp 8 gånger/dygn",kod,1992-10-13T15:00:00Z,1992-10-13T16:00:00+01:00,718988400000,,1,1,G,,corrected-archive-csv
162860,Luleå-Kallax Flygplats,13,Rådande väder,"momentanvärde, 1 gång/tim resp 8 gånger/dygn",kod,1992-10-13T16:00:00Z,1992-10-13T17:00:00+01:00,718992000000,,2,2,Y,,corrected-archive-csv
162860,Luleå-Kallax Flygplats,13,Rådande väder,"momentanvärde, 1 gång/tim resp 8 gånger/dygn",kod,1992-10-13T17:00:00Z,1992-10-13T18:00:00+01:00,718995600000,,85,85,Y,,corrected-archive-csv
162860,Luleå-Kallax Flygplats,13,Rådande väder,"momentanvärde, 1 gång/tim resp 8 gånger/dygn",kod,1992-10-13T18:00:00Z,1992-10-13T19:00:00+01:00,718999200000,,85,85,G,,corrected-archive-csv
162860,Luleå-Kallax Flygplats,13,Rådande väder,"momentanvärde, 1 gång/tim resp 8 gånger/dygn",kod,1992-10-13T19:00:00Z,1992-10-13T20:00:00+01:00,719002800000,,73,73,Y,,corrected-archive-csv
162860,Luleå-Kallax Flygplats,13,Rådande väder,"momentanvärde, 1 gång/tim resp 8 gånger/dygn",kod,1992-10-13T20:00:00Z,1992-10-13T21:00:00+01:00,719006400000,,71,71,Y,,corrected-archive-csv
162860,Luleå-Kallax Flygplats,13,Rådande väder,"momentanvärde, 1 gång/tim resp 8 gånger/dygn",kod,1992-10-13T21:00:00Z,1992-10-13T22:00:00+01:00,719010000000,,77,77,G,,corrected-archive-csv
162860,Luleå-Kallax Flygplats,13,Rådande väder,"momentanvärde, 1 gång/tim resp 8 gånger/dygn",kod,1992-10-13T22:00:00Z,1992-10-13T23:00:00+01:00,719013600000,,2,2,Y,,corrected-archive-csv
162860,Luleå-Kallax Flygplats,13,Rådande väder,"momentanvärde, 1 gång/tim resp 8 gånger/dygn",kod,1992-10-13T23:00:00Z,1992-10-14T00:00:00+01:00,719017200000,,2,2,Y,,corrected-archive-csv
162860,Luleå-Kallax Flygplats,13,Rådande väder,"momentanvärde, 1 gång/tim resp 8 gånger/dygn",kod,1992-10-14T00:00:00Z,1992-10-14T01:00:00+01:00,719020800000,,2,2,G,,corrected-archive-csv
162860,Luleå-Kallax Flygplats,13,Rådande väder,"momentanvärde, 1 gång/tim resp 8 gånger/dygn",kod,1992-10-14T01:00:00Z,1992-10-14T02:00:00+01:00,719024400000,,22,22,Y,,corrected-archive-csv
162860,Luleå-Kallax Flygplats,13,Rådande väder,"momentanvärde, 1 gång/tim resp 8 gånger/dygn",kod,1992-10-14T02:00:00Z,1992-10-14T03:00:00+01:00,719028000000,,2,2,Y,,corrected-archive-csv
162860,Luleå-Kallax Flygplats,13,Rådande väder,"momentanvärde, 1 gång/tim resp 8 gånger/dygn",kod,1992-10-14T03:00:00Z,1992-10-14T04:00:00+01:00,719031600000,,2,2,G,,corrected-archive-csv
162860,Luleå-Kallax Flygplats,13,Rådande väder,"momentanvärde, 1 gång/tim resp 8 gånger/dygn",kod,1992-10-14T04:00:00Z,1992-10-14T05:00:00+01:00,719035200000,,71,71,Y,,corrected-archive-csv
162860,Luleå-Kallax Flygplats,13,Rådande väder,"momentanvärde, 1 gång/tim resp 8 gånger/dygn",kod,1992-10-14T05:00:00Z,1992-10-14T06:00:00+01:00,719038800000,,77,77,Y,,corrected-archive-csv
162860,Luleå-Kallax Flygplats,13,Rådande väder,"momentanvärde, 1 gång/tim resp 8 gånger/dygn",kod,1992-10-14T06:00:00Z,1992-10-14T07:00:00+01:00,719042400000,,2,2,G,,corrected-archive-csv
162860,Luleå-Kallax Flygplats,13,Rådande väder,"momentanvärde, 1 gång/tim resp 8 gånger/dygn",kod,1992-10-14T07:00:00Z,1992-10-14T08:00:00+01:00,719046000000,,77,77,Y,,corrected-archive-csv
162860,Luleå-Kallax Flygplats,13,Rådande väder,"momentanvärde, 1 gång/tim resp 8 gånger/dygn",kod,1992-10-14T08:00:00Z,1992-10-14T09:00:00+01:00,719049600000,,20,20,Y,,corrected-archive-csv
162860,Luleå-Kallax Flygplats,13,Rådande väder,"momentanvärde, 1 gång/tim resp 8 gånger/dygn",kod,1992-10-14T09:00:00Z,1992-10-14T10:00:00+01:00,719053200000,,1,1,G,,corrected-archive-csv
162860,Luleå-Kallax Flygplats,13,Rådande väder,"momentanvärde, 1 gång/tim resp 8 gånger/dygn",kod,1992-10-14T10:00:00Z,1992-10-14T11:00:00+01:00,719056800000,,3,3,Y,,corrected-archive-csv
162860,Luleå-Kallax Flygplats,13,Rådande väder,"momentanvärde, 1 gång/tim resp 8 gånger/dygn",kod,1992-10-14T11:00:00Z,1992-10-14T12:00:00+01:00,719060400000,,3,3,Y,,corrected-archive-csv
162860,Luleå-Kallax Flygplats,13,Rådande väder,"momentanvärde, 1 gång/tim resp 8 gånger/dygn",kod,1992-10-14T12:00:00Z,1992-10-14T13:00:00+01:00,719064000000,,3,3,G,,corrected-archive-csv
162860,Luleå-Kallax Flygplats,13,Rådande väder,"momentanvärde, 1 gång/tim resp 8 gånger/dygn",kod,1992-10-14T15:00:00Z,1992-10-14T16:00:00+01:00,719074800000,,0,0,G,,corrected-archive-csv
162860,Luleå-Kallax Flygplats,13,Rådande väder,"momentanvärde, 1 gång/tim resp 8 gånger/dygn",kod,1992-10-14T18:00:00Z,1992-10-14T19:00:00+01:00,719085600000,,0,0,G,,corrected-archive-csv
162860,Luleå-Kallax Flygplats,13,Rådande väder,"momentanvärde, 1 gång/tim resp 8 gånger/dygn",kod,1992-10-14T21:00:00Z,1992-10-14T22:00:00+01:00,719096400000,,0,0,G,,corrected-archive-csv
162860,Luleå-Kallax Flygplats,13,Rådande väder,"momentanvärde, 1 gång/tim resp 8 gånger/dygn",kod,1992-10-14T23:00:00Z,1992-10-15T00:00:00+01:00,719103600000,,71,71,Y,,corrected-archive-csv
162860,Luleå-Kallax Flygplats,13,Rådande väder,"momentanvärde, 1 gång/tim resp 8 gånger/dygn",kod,1992-10-15T00:00:00Z,1992-10-15T01:00:00+01:00,719107200000,,71,71,G,,corrected-archive-csv
162860,Luleå-Kallax Flygplats,13,Rådande väder,"momentanvärde, 1 gång/tim resp 8 gånger/dygn",kod,1992-10-15T01:00:00Z,1992-10-15T02:00:00+01:00,719110800000,,22,22,Y,,corrected-archive-csv
162860,Luleå-Kallax Flygplats,13,Rådande väder,"momentanvärde, 1 gång/tim resp 8 gånger/dygn",kod,1992-10-15T02:00:00Z,1992-10-15T03:00:00+01:00,719114400000,,22,22,Y,,corrected-archive-csv
162860,Luleå-Kallax Flygplats,13,Rådande väder,"momentanvärde, 1 gång/tim resp 8 gånger/dygn",kod,1992-10-15T03:00:00Z,1992-10-15T04:00:00+01:00,719118000000,,71,71,G,,corrected-archive-csv
162860,Luleå-Kallax Flygplats,13,Rådande väder,"momentanvärde, 1 gång/tim resp 8 gånger/dygn",kod,1992-10-15T04:00:00Z,1992-10-15T05:00:00+01:00,719121600000,,71,71,Y,,corrected-archive-csv
162860,Luleå-Kallax Flygplats,13,Rådande väder,"momentanvärde, 1 gång/tim resp 8 gånger/dygn",kod,1992-10-15T05:00:00Z,1992-10-15T06:00:00+01:00,719125200000,,22,22,Y,,corrected-archive-csv
162860,Luleå-Kallax Flygplats,13,Rådande väder,"momentanvärde, 1 gång/tim resp 8 gånger/dygn",kod,1992-10-15T06:00:00Z,1992-10-15T07:00:00+01:00,719128800000,,77,77,G,,corrected-archive-csv
162860,Luleå-Kallax Flygplats,13,Rådande väder,"momentanvärde, 1 gång/tim resp 8 gånger/dygn",kod,1992-10-15T07:00:00Z,1992-10-15T08:00:00+01:00,719132400000,,2,2,Y,,corrected-archive-csv
162860,Luleå-Kallax Flygplats,13,Rådande väder,"momentanvärde, 1 gång/tim resp 8 gånger/dygn",kod,1992-10-15T08:00:00Z,1992-10-15T09:00:00+01:00,719136000000,,15,15,Y,,corrected-archive-csv
162860,Luleå-Kallax Flygplats,13,Rådande väder,"momentanvärde, 1 gång/tim resp 8 gånger/dygn",kod,1992-10-15T09:00:00Z,1992-10-15T10:00:00+01:00,719139600000,,2,2,G,,corrected-archive-csv
162860,Luleå-Kallax Flygplats,13,Rådande väder,"momentanvärde, 1 gång/tim resp 8 gånger/dygn",kod,1992-10-15T10:00:00Z,1992-10-15T11:00:00+01:00,719143200000,,1,1,Y,,corrected-archive-csv
162860,Luleå-Kallax Flygplats,13,Rådande väder,"momentanvärde, 1 gång/tim resp 8 gånger/dygn",kod,1992-10-15T11:00:00Z,1992-10-15T12:00:00+01:00,719146800000,,1,1,Y,,corrected-archive-csv
162860,Luleå-Kallax Flygplats,13,Rådande väder,"momentanvärde, 1 gång/tim resp 8 gånger/dygn",kod,1992-10-15T12:00:00Z,1992-10-15T13:00:00+01:00,719150400000,,0,0,G,,corrected-archive-csv
162860,Luleå-Kallax Flygplats,13,Rådande väder,"momentanvärde, 1 gång/tim resp 8 gånger/dygn",kod,1992-10-15T15:00:00Z,1992-10-15T16:00:00+01:00,719161200000,,0,0,G,,corrected-archive-csv
162860,Luleå-Kallax Flygplats,13,Rådande väder,"momentanvärde, 1 gång/tim resp 8 gånger/dygn",kod,1992-10-15T18:00:00Z,1992-10-15T19:00:00+01:00,719172000000,,0,0,G,,corrected-archive-csv
162860,Luleå-Kallax Flygplats,13,Rådande väder,"momentanvärde, 1 gång/tim resp 8 gånger/dygn",kod,1992-10-15T21:00:00Z,1992-10-15T22:00:00+01:00,719182800000,,0,0,G,,corrected-archive-csv
162860,Luleå-Kallax Flygplats,13,Rådande väder,"momentanvärde, 1 gång/tim resp 8 gånger/dygn",kod,1992-10-16T00:00:00Z,1992-10-16T01:00:00+01:00,719193600000,,0,0,G,,corrected-archive-csv
162860,Luleå-Kallax Flygplats,13,Rådande väder,"momentanvärde, 1 gång/tim resp 8 gånger/dygn",kod,1992-10-16T03:00:00Z,1992-10-16T04:00:00+01:00,719204400000,,0,0,G,,corrected-archive-csv
162860,Luleå-Kallax Flygplats,13,Rådande väder,"momentanvärde, 1 gång/tim resp 8 gånger/dygn",kod,1992-10-16T06:00:00Z,1992-10-16T07:00:00+01:00,719215200000,,0,0,G,,corrected-archive-csv
162860,Luleå-Kallax Flygplats,13,Rådande väder,"momentanvärde, 1 gång/tim resp 8 gånger/dygn",kod,1992-10-16T09:00:00Z,1992-10-16T10:00:00+01:00,719226000000,,0,0,G,,corrected-archive-csv
162860,Luleå-Kallax Flygplats,13,Rådande väder,"momentanvärde, 1 gång/tim resp 8 gånger/dygn",kod,1992-10-16T12:00:00Z,1992-10-16T13:00:00+01:00,719236800000,,0,0,G,,corrected-archive-csv
162860,Luleå-Kallax Flygplats,13,Rådande väder,"momentanvärde, 1 gång/tim resp 8 gånger/dygn",kod,1992-10-16T15:00:00Z,1992-10-16T16:00:00+01:00,719247600000,,0,0,G,,corrected-archive-csv
162860,Luleå-Kallax Flygplats,13,Rådande väder,"momentanvärde, 1 gång/tim resp 8 gånger/dygn",kod,1992-10-16T18:00:00Z,1992-10-16T19:00:00+01:00,719258400000,,0,0,G,,corrected-archive-csv
162860,Luleå-Kallax Flygplats,13,Rådande väder,"momentanvärde, 1 gång/tim resp 8 gånger/dygn",kod,1992-10-16T21:00:00Z,1992-10-16T22:00:00+01:00,719269200000,,0,0,G,,corrected-archive-csv
162860,Luleå-Kallax Flygplats,13,Rådande väder,"momentanvärde, 1 gång/tim resp 8 gånger/dygn",kod,1992-10-17T00:00:00Z,1992-10-17T01:00:00+01:00,719280000000,,0,0,G,,corrected-archive-csv
162860,Luleå-Kallax Flygplats,13,Rådande väder,"momentanvärde, 1 gång/tim resp 8 gånger/dygn",kod,1992-10-17T03:00:00Z,1992-10-17T04:00:00+01:00,719290800000,,0,0,G,,corrected-archive-csv
162860,Luleå-Kallax Flygplats,13,Rådande väder,"momentanvärde, 1 gång/tim resp 8 gånger/dygn",kod,1992-10-17T06:00:00Z,1992-10-17T07:00:00+01:00,719301600000,,0,0,G,,corrected-archive-csv
162860,Luleå-Kallax Flygplats,13,Rådande väder,"momentanvärde, 1 gång/tim resp 8 gånger/dygn",kod,1992-10-17T09:00:00Z,1992-10-17T10:00:00+01:00,719312400000,,0,0,G,,corrected-archive-csv
162860,Luleå-Kallax Flygplats,13,Rådande väder,"momentanvärde, 1 gång/tim resp 8 gånger/dygn",kod,1992-10-17T12:00:00Z,1992-10-17T13:00:00+01:00,719323200000,,0,0,G,,corrected-archive-csv
162860,Luleå-Kallax Flygplats,13,Rådande väder,"momentanvärde, 1 gång/tim resp 8 gånger/dygn",kod,1992-10-17T15:00:00Z,1992-10-17T16:00:00+01:00,719334000000,,0,0,G,,corrected-archive-csv
162860,Luleå-Kallax Flygplats,13,Rådande väder,"momentanvärde, 1 gång/tim resp 8 gånger/dygn",kod,1992-10-17T18:00:00Z,1992-10-17T19:00:00+01:00,719344800000,,0,0,G,,corrected-archive-csv
162860,Luleå-Kallax Flygplats,13,Rådande väder,"momentanvärde, 1 gång/tim resp 8 gånger/dygn",kod,1992-10-17T21:00:00Z,1992-10-17T22:00:00+01:00,719355600000,,0,0,G,,corrected-archive-csv
162860,Luleå-Kallax Flygplats,13,Rådande väder,"momentanvärde, 1 gång/tim resp 8 gånger/dygn",kod,1992-10-18T00:00:00Z,1992-10-18T01:00:00+01:00,719366400000,,0,0,G,,corrected-archive-csv
162860,Luleå-Kallax Flygplats,13,Rådande väder,"momentanvärde, 1 gång/tim resp 8 gånger/dygn",kod,1992-10-18T03:00:00Z,1992-10-18T04:00:00+01:00,719377200000,,0,0,G,,corrected-archive-csv
162860,Luleå-Kallax Flygplats,13,Rådande väder,"momentanvärde, 1 gång/tim resp 8 gånger/dygn",kod,1992-10-18T06:00:00Z,1992-10-18T07:00:00+01:00,719388000000,,0,0,G,,corrected-archive-csv
162860,Luleå-Kallax Flygplats,13,Rådande väder,"momentanvärde, 1 gång/tim resp 8 gånger/dygn",kod,1992-10-18T09:00:00Z,1992-10-18T10:00:00+01:00,719398800000,,0,0,G,,corrected-archive-csv
162860,Luleå-Kallax Flygplats,13,Rådande väder,"momentanvärde, 1 gång/tim resp 8 gånger/dygn",kod,1992-10-18T12:00:00Z,1992-10-18T13:00:00+01:00,719409600000,,0,0,G,,corrected-archive-csv
162860,Luleå-Kallax Flygplats,13,Rådande väder,"momentanvärde, 1 gång/tim resp 8 gånger/dygn",kod,1992-10-18T15:00:00Z,1992-10-18T16:00:00+01:00,719420400000,,0,0,G,,corrected-archive-csv
162860,Luleå-Kallax Flygplats,13,Rådande väder,"momentanvärde, 1 gång/tim resp 8 gånger/dygn",kod,1992-10-18T18:00:00Z,1992-10-18T19:00:00+01:00,719431200000,,0,0,G,,corrected-archive-csv
162860,Luleå-Kallax Flygplats,13,Rådande väder,"momentanvärde, 1 gång/tim resp 8 gånger/dygn",kod,1992-10-18T21:00:00Z,1992-10-18T22:00:00+01:00,719442000000,,0,0,G,,corrected-archive-csv
162860,Luleå-Kallax Flygplats,13,Rådande väder,"momentanvärde, 1 gång/tim resp 8 gånger/dygn",kod,1992-10-19T00:00:00Z,1992-10-19T01:00:00+01:00,719452800000,,0,0,G,,corrected-archive-csv
162860,Luleå-Kallax Flygplats,13,Rådande väder,"momentanvärde, 1 gång/tim resp 8 gånger/dygn",kod,1992-10-19T02:00:00Z,1992-10-19T03:00:00+01:00,719460000000,,71,71,Y,,corrected-archive-csv
162860,Luleå-Kallax Flygplats,13,Rådande väder,"momentanvärde, 1 gång/tim resp 8 gånger/dygn",kod,1992-10-19T03:00:00Z,1992-10-19T04:00:00+01:00,719463600000,,71,71,G,,corrected-archive-csv
162860,Luleå-Kallax Flygplats,13,Rådande väder,"momentanvärde, 1 gång/tim resp 8 gånger/dygn",kod,1992-10-19T04:00:00Z,1992-10-19T05:00:00+01:00,719467200000,,77,77,Y,,corrected-archive-csv
162860,Luleå-Kallax Flygplats,13,Rådande väder,"momentanvärde, 1 gång/tim resp 8 gånger/dygn",kod,1992-10-19T05:00:00Z,1992-10-19T06:00:00+01:00,719470800000,,71,71,Y,,corrected-archive-csv
162860,Luleå-Kallax Flygplats,13,Rådande väder,"momentanvärde, 1 gång/tim resp 8 gånger/dygn",kod,1992-10-19T06:00:00Z,1992-10-19T07:00:00+01:00,719474400000,,71,71,G,,corrected-archive-csv
162860,Luleå-Kallax Flygplats,13,Rådande väder,"momentanvärde, 1 gång/tim resp 8 gånger/dygn",kod,1992-10-19T07:00:00Z,1992-10-19T08:00:00+01:00,719478000000,,71,71,Y,,corrected-archive-csv
162860,Luleå-Kallax Flygplats,13,Rådande väder,"momentanvärde, 1 gång/tim resp 8 gånger/dygn",kod,1992-10-19T08:00:00Z,1992-10-19T09:00:00+01:00,719481600000,,71,71,Y,,corrected-archive-csv
162860,Luleå-Kallax Flygplats,13,Rådande väder,"momentanvärde, 1 gång/tim resp 8 gånger/dygn",kod,1992-10-19T09:00:00Z,1992-10-19T10:00:00+01:00,719485200000,,22,22,G,,corrected-archive-csv
162860,Luleå-Kallax Flygplats,13,Rådande väder,"momentanvärde, 1 gång/tim resp 8 gånger/dygn",kod,1992-10-19T10:00:00Z,1992-10-19T11:00:00+01:00,719488800000,,3,3,Y,,corrected-archive-csv
162860,Luleå-Kallax Flygplats,13,Rådande väder,"momentanvärde, 1 gång/tim resp 8 gånger/dygn",kod,1992-10-19T11:00:00Z,1992-10-19T12:00:00+01:00,719492400000,,2,2,Y,,corrected-archive-csv
162860,Luleå-Kallax Flygplats,13,Rådande väder,"momentanvärde, 1 gång/tim resp 8 gånger/dygn",kod,1992-10-19T12:00:00Z,1992-10-19T13:00:00+01:00,719496000000,,2,2,G,,corrected-archive-csv
162860,Luleå-Kallax Flygplats,13,Rådande väder,"momentanvärde, 1 gång/tim resp 8 gånger/dygn",kod,1992-10-19T15:00:00Z,1992-10-19T16:00:00+01:00,719506800000,,0,0,G,,corrected-archive-csv
162860,Luleå-Kallax Flygplats,13,Rådande väder,"momentanvärde, 1 gång/tim resp 8 gånger/dygn",kod,1992-10-19T18:00:00Z,1992-10-19T19:00:00+01:00,719517600000,,0,0,G,,corrected-archive-csv
162860,Luleå-Kallax Flygplats,13,Rådande väder,"momentanvärde, 1 gång/tim resp 8 gånger/dygn",kod,1992-10-19T21:00:00Z,1992-10-19T22:00:00+01:00,719528400000,,0,0,G,,corrected-archive-csv
162860,Luleå-Kallax Flygplats,13,Rådande väder,"momentanvärde, 1 gång/tim resp 8 gånger/dygn",kod,1992-10-20T00:00:00Z,1992-10-20T01:00:00+01:00,719539200000,,0,0,G,,corrected-archive-csv
162860,Luleå-Kallax Flygplats,13,Rådande väder,"momentanvärde, 1 gång/tim resp 8 gånger/dygn",kod,1992-10-20T03:00:00Z,1992-10-20T04:00:00+01:00,719550000000,,0,0,G,,corrected-archive-csv
162860,Luleå-Kallax Flygplats,13,Rådande väder,"momentanvärde, 1 gång/tim resp 8 gånger/dygn",kod,1992-10-20T06:00:00Z,1992-10-20T07:00:00+01:00,719560800000,,0,0,G,,corrected-archive-csv
162860,Luleå-Kallax Flygplats,13,Rådande väder,"momentanvärde, 1 gång/tim resp 8 gånger/dygn",kod,1992-10-20T07:00:00Z,1992-10-20T08:00:00+01:00,719564400000,,22,22,Y,,corrected-archive-csv
162860,Luleå-Kallax Flygplats,13,Rådande väder,"momentanvärde, 1 gång/tim resp 8 gånger/dygn",kod,1992-10-20T08:00:00Z,1992-10-20T09:00:00+01:00,719568000000,,2,2,Y,,corrected-archive-csv
162860,Luleå-Kallax Flygplats,13,Rådande väder,"momentanvärde, 1 gång/tim resp 8 gånger/dygn",kod,1992-10-20T09:00:00Z,1992-10-20T10:00:00+01:00,719571600000,,2,2,G,,corrected-archive-csv
162860,Luleå-Kallax Flygplats,13,Rådande väder,"momentanvärde, 1 gång/tim resp 8 gånger/dygn",kod,1992-10-20T10:00:00Z,1992-10-20T11:00:00+01:00,719575200000,,2,2,Y,,corrected-archive-csv
162860,Luleå-Kallax Flygplats,13,Rådande väder,"momentanvärde, 1 gång/tim resp 8 gånger/dygn",kod,1992-10-20T11:00:00Z,1992-10-20T12:00:00+01:00,719578800000,,2,2,Y,,corrected-archive-csv
162860,Luleå-Kallax Flygplats,13,Rådande väder,"momentanvärde, 1 gång/tim resp 8 gånger/dygn",kod,1992-10-20T12:00:00Z,1992-10-20T13:00:00+01:00,719582400000,,2,2,G,,corrected-archive-csv
162860,Luleå-Kallax Flygplats,13,Rådande väder,"momentanvärde, 1 gång/tim resp 8 gånger/dygn",kod,1992-10-20T15:00:00Z,1992-10-20T16:00:00+01:00,719593200000,,0,0,G,,corrected-archive-csv
162860,Luleå-Kallax Flygplats,13,Rådande väder,"momentanvärde, 1 gång/tim resp 8 gånger/dygn",kod,1992-10-20T18:00:00Z,1992-10-20T19:00:00+01:00,719604000000,,0,0,G,,corrected-archive-csv
162860,Luleå-Kallax Flygplats,13,Rådande väder,"momentanvärde, 1 gång/tim resp 8 gånger/dygn",kod,1992-10-20T21:00:00Z,1992-10-20T22:00:00+01:00,719614800000,,0,0,G,,corrected-archive-csv
162860,Luleå-Kallax Flygplats,13,Rådande väder,"momentanvärde, 1 gång/tim resp 8 gånger/dygn",kod,1992-10-21T00:00:00Z,1992-10-21T01:00:00+01:00,719625600000,,0,0,G,,corrected-archive-csv
162860,Luleå-Kallax Flygplats,13,Rådande väder,"momentanvärde, 1 gång/tim resp 8 gånger/dygn",kod,1992-10-21T03:00:00Z,1992-10-21T04:00:00+01:00,719636400000,,0,0,G,,corrected-archive-csv
162860,Luleå-Kallax Flygplats,13,Rådande väder,"momentanvärde, 1 gång/tim resp 8 gånger/dygn",kod,1992-10-21T06:00:00Z,1992-10-21T07:00:00+01:00,719647200000,,0,0,G,,corrected-archive-csv
162860,Luleå-Kallax Flygplats,13,Rådande väder,"momentanvärde, 1 gång/tim resp 8 gånger/dygn",kod,1992-10-21T09:00:00Z,1992-10-21T10:00:00+01:00,719658000000,,0,0,G,,corrected-archive-csv
162860,Luleå-Kallax Flygplats,13,Rådande väder,"momentanvärde, 1 gång/tim resp 8 gånger/dygn",kod,1992-10-21T12:00:00Z,1992-10-21T13:00:00+01:00,719668800000,,0,0,G,,corrected-archive-csv
162860,Luleå-Kallax Flygplats,13,Rådande väder,"momentanvärde, 1 gång/tim resp 8 gånger/dygn",kod,1992-10-21T15:00:00Z,1992-10-21T16:00:00+01:00,719679600000,,0,0,G,,corrected-archive-csv
162860,Luleå-Kallax Flygplats,13,Rådande väder,"momentanvärde, 1 gång/tim resp 8 gånger/dygn",kod,1992-10-21T18:00:00Z,1992-10-21T19:00:00+01:00,719690400000,,0,0,G,,corrected-archive-csv
162860,Luleå-Kallax Flygplats,13,Rådande väder,"momentanvärde, 1 gång/tim resp 8 gånger/dygn",kod,1992-10-21T21:00:00Z,1992-10-21T22:00:00+01:00,719701200000,,0,0,G,,corrected-archive-csv
162860,Luleå-Kallax Flygplats,13,Rådande väder,"momentanvärde, 1 gång/tim resp 8 gånger/dygn",kod,1992-10-22T00:00:00Z,1992-10-22T01:00:00+01:00,719712000000,,0,0,G,,corrected-archive-csv
162860,Luleå-Kallax Flygplats,13,Rådande väder,"momentanvärde, 1 gång/tim resp 8 gånger/dygn",kod,1992-10-22T03:00:00Z,1992-10-22T04:00:00+01:00,719722800000,,0,0,G,,corrected-archive-csv
162860,Luleå-Kallax Flygplats,13,Rådande väder,"momentanvärde, 1 gång/tim resp 8 gånger/dygn",kod,1992-10-22T06:00:00Z,1992-10-22T07:00:00+01:00,719733600000,,0,0,G,,corrected-archive-csv
162860,Luleå-Kallax Flygplats,13,Rådande väder,"momentanvärde, 1 gång/tim resp 8 gånger/dygn",kod,1992-10-22T09:00:00Z,1992-10-22T10:00:00+01:00,719744400000,,0,0,G,,corrected-archive-csv
162860,Luleå-Kallax Flygplats,13,Rådande väder,"momentanvärde, 1 gång/tim resp 8 gånger/dygn",kod,1992-10-22T12:00:00Z,1992-10-22T13:00:00+01:00,719755200000,,0,0,G,,corrected-archive-csv
162860,Luleå-Kallax Flygplats,13,Rådande väder,"momentanvärde, 1 gång/tim resp 8 gånger/dygn",kod,1992-10-22T15:00:00Z,1992-10-22T16:00:00+01:00,719766000000,,0,0,G,,corrected-archive-csv
162860,Luleå-Kallax Flygplats,13,Rådande väder,"momentanvärde, 1 gång/tim resp 8 gånger/dygn",kod,1992-10-22T18:00:00Z,1992-10-22T19:00:00+01:00,719776800000,,0,0,G,,corrected-archive-csv
162860,Luleå-Kallax Flygplats,13,Rådande väder,"momentanvärde, 1 gång/tim resp 8 gånger/dygn",kod,1992-10-22T21:00:00Z,1992-10-22T22:00:00+01:00,719787600000,,0,0,G,,corrected-archive-csv
162860,Luleå-Kallax Flygplats,13,Rådande väder,"momentanvärde, 1 gång/tim resp 8 gånger/dygn",kod,1992-10-23T00:00:00Z,1992-10-23T01:00:00+01:00,719798400000,,0,0,G,,corrected-archive-csv
162860,Luleå-Kallax Flygplats,13,Rådande väder,"momentanvärde, 1 gång/tim resp 8 gånger/dygn",kod,1992-10-23T03:00:00Z,1992-10-23T04:00:00+01:00,719809200000,,0,0,G,,corrected-archive-csv
162860,Luleå-Kallax Flygplats,13,Rådande väder,"momentanvärde, 1 gång/tim resp 8 gånger/dygn",kod,1992-10-23T04:00:00Z,1992-10-23T05:00:00+01:00,719812800000,,71,71,Y,,corrected-archive-csv
162860,Luleå-Kallax Flygplats,13,Rådande väder,"momentanvärde, 1 gång/tim resp 8 gånger/dygn",kod,1992-10-23T05:00:00Z,1992-10-23T06:00:00+01:00,719816400000,,71,71,Y,,corrected-archive-csv
162860,Luleå-Kallax Flygplats,13,Rådande väder,"momentanvärde, 1 gång/tim resp 8 gånger/dygn",kod,1992-10-23T06:00:00Z,1992-10-23T07:00:00+01:00,719820000000,,71,71,G,,corrected-archive-csv
162860,Luleå-Kallax Flygplats,13,Rådande väder,"momentanvärde, 1 gång/tim resp 8 gånger/dygn",kod,1992-10-23T07:00:00Z,1992-10-23T08:00:00+01:00,719823600000,,71,71,Y,,corrected-archive-csv
162860,Luleå-Kallax Flygplats,13,Rådande väder,"momentanvärde, 1 gång/tim resp 8 gånger/dygn",kod,1992-10-23T08:00:00Z,1992-10-23T09:00:00+01:00,719827200000,,71,71,Y,,corrected-archive-csv
162860,Luleå-Kallax Flygplats,13,Rådande väder,"momentanvärde, 1 gång/tim resp 8 gånger/dygn",kod,1992-10-23T09:00:00Z,1992-10-23T10:00:00+01:00,719830800000,,22,22,G,,corrected-archive-csv
162860,Luleå-Kallax Flygplats,13,Rådande väder,"momentanvärde, 1 gång/tim resp 8 gånger/dygn",kod,1992-10-23T10:00:00Z,1992-10-23T11:00:00+01:00,719834400000,,22,22,Y,,corrected-archive-csv
162860,Luleå-Kallax Flygplats,13,Rådande väder,"momentanvärde, 1 gång/tim resp 8 gånger/dygn",kod,1992-10-23T11:00:00Z,1992-10-23T12:00:00+01:00,719838000000,,15,15,Y,,corrected-archive-csv
162860,Luleå-Kallax Flygplats,13,Rådande väder,"momentanvärde, 1 gång/tim resp 8 gånger/dygn",kod,1992-10-23T12:00:00Z,1992-10-23T13:00:00+01:00,719841600000,,10,10,G,,corrected-archive-csv
162860,Luleå-Kallax Flygplats,13,Rådande väder,"momentanvärde, 1 gång/tim resp 8 gånger/dygn",kod,1992-10-23T13:00:00Z,1992-10-23T14:00:00+01:00,719845200000,,10,10,Y,,corrected-archive-csv
162860,Luleå-Kallax Flygplats,13,Rådande väder,"momentanvärde, 1 gång/tim resp 8 gånger/dygn",kod,1992-10-23T14:00:00Z,1992-10-23T15:00:00+01:00,719848800000,,1,1,Y,,corrected-archive-csv
162860,Luleå-Kallax Flygplats,13,Rådande väder,"momentanvärde, 1 gång/tim resp 8 gånger/dygn",kod,1992-10-23T15:00:00Z,1992-10-23T16:00:00+01:00,719852400000,,0,0,G,,corrected-archive-csv
162860,Luleå-Kallax Flygplats,13,Rådande väder,"momentanvärde, 1 gång/tim resp 8 gånger/dygn",kod,1992-10-23T18:00:00Z,1992-10-23T19:00:00+01:00,719863200000,,22,22,G,,corrected-archive-csv
162860,Luleå-Kallax Flygplats,13,Rådande väder,"momentanvärde, 1 gång/tim resp 8 gånger/dygn",kod,1992-10-23T21:00:00Z,1992-10-23T22:00:00+01:00,719874000000,,0,0,G,,corrected-archive-csv
162860,Luleå-Kallax Flygplats,13,Rådande väder,"momentanvärde, 1 gång/tim resp 8 gånger/dygn",kod,1992-10-23T22:00:00Z,1992-10-23T23:00:00+01:00,719877600000,,71,71,Y,,corrected-archive-csv
162860,Luleå-Kallax Flygplats,13,Rådande väder,"momentanvärde, 1 gång/tim resp 8 gånger/dygn",kod,1992-10-23T23:00:00Z,1992-10-24T00:00:00+01:00,719881200000,,71,71,Y,,corrected-archive-csv
162860,Luleå-Kallax Flygplats,13,Rådande väder,"momentanvärde, 1 gång/tim resp 8 gånger/dygn",kod,1992-10-24T00:00:00Z,1992-10-24T01:00:00+01:00,719884800000,,71,71,G,,corrected-archive-csv
162860,Luleå-Kallax Flygplats,13,Rådande väder,"momentanvärde, 1 gång/tim resp 8 gånger/dygn",kod,1992-10-24T01:00:00Z,1992-10-24T02:00:00+01:00,719888400000,,22,22,Y,,corrected-archive-csv
162860,Luleå-Kallax Flygplats,13,Rådande väder,"momentanvärde, 1 gång/tim resp 8 gånger/dygn",kod,1992-10-24T02:00:00Z,1992-10-24T03:00:00+01:00,719892000000,,10,10,Y,,corrected-archive-csv
162860,Luleå-Kallax Flygplats,13,Rådande väder,"momentanvärde, 1 gång/tim resp 8 gånger/dygn",kod,1992-10-24T03:00:00Z,1992-10-24T04:00:00+01:00,719895600000,,10,10,G,,corrected-archive-csv
162860,Luleå-Kallax Flygplats,13,Rådande väder,"momentanvärde, 1 gång/tim resp 8 gånger/dygn",kod,1992-10-24T04:00:00Z,1992-10-24T05:00:00+01:00,719899200000,,10,10,Y,,corrected-archive-csv
162860,Luleå-Kallax Flygplats,13,Rådande väder,"momentanvärde, 1 gång/tim resp 8 gånger/dygn",kod,1992-10-24T05:00:00Z,1992-10-24T06:00:00+01:00,719902800000,,10,10,Y,,corrected-archive-csv
162860,Luleå-Kallax Flygplats,13,Rådande väder,"momentanvärde, 1 gång/tim resp 8 gånger/dygn",kod,1992-10-24T06:00:00Z,1992-10-24T07:00:00+01:00,719906400000,,71,71,G,,corrected-archive-csv
162860,Luleå-Kallax Flygplats,13,Rådande väder,"momentanvärde, 1 gång/tim resp 8 gånger/dygn",kod,1992-10-24T07:00:00Z,1992-10-24T08:00:00+01:00,719910000000,,71,71,Y,,corrected-archive-csv
162860,Luleå-Kallax Flygplats,13,Rådande väder,"momentanvärde, 1 gång/tim resp 8 gånger/dygn",kod,1992-10-24T08:00:00Z,1992-10-24T09:00:00+01:00,719913600000,,71,71,Y,,corrected-archive-csv
162860,Luleå-Kallax Flygplats,13,Rådande väder,"momentanvärde, 1 gång/tim resp 8 gånger/dygn",kod,1992-10-24T09:00:00Z,1992-10-24T10:00:00+01:00,719917200000,,71,71,G,,corrected-archive-csv
162860,Luleå-Kallax Flygplats,13,Rådande väder,"momentanvärde, 1 gång/tim resp 8 gånger/dygn",kod,1992-10-24T10:00:00Z,1992-10-24T11:00:00+01:00,719920800000,,71,71,Y,,corrected-archive-csv
162860,Luleå-Kallax Flygplats,13,Rådande väder,"momentanvärde, 1 gång/tim resp 8 gånger/dygn",kod,1992-10-24T11:00:00Z,1992-10-24T12:00:00+01:00,719924400000,,71,71,Y,,corrected-archive-csv
162860,Luleå-Kallax Flygplats,13,Rådande väder,"momentanvärde, 1 gång/tim resp 8 gånger/dygn",kod,1992-10-24T12:00:00Z,1992-10-24T13:00:00+01:00,719928000000,,70,70,G,,corrected-archive-csv
162860,Luleå-Kallax Flygplats,13,Rådande väder,"momentanvärde, 1 gång/tim resp 8 gånger/dygn",kod,1992-10-24T13:00:00Z,1992-10-24T14:00:00+01:00,719931600000,,71,71,Y,,corrected-archive-csv
162860,Luleå-Kallax Flygplats,13,Rådande väder,"momentanvärde, 1 gång/tim resp 8 gånger/dygn",kod,1992-10-24T14:00:00Z,1992-10-24T15:00:00+01:00,719935200000,,71,71,Y,,corrected-archive-csv
162860,Luleå-Kallax Flygplats,13,Rådande väder,"momentanvärde, 1 gång/tim resp 8 gånger/dygn",kod,1992-10-24T15:00:00Z,1992-10-24T16:00:00+01:00,719938800000,,22,22,G,,corrected-archive-csv
162860,Luleå-Kallax Flygplats,13,Rådande väder,"momentanvärde, 1 gång/tim resp 8 gånger/dygn",kod,1992-10-24T16:00:00Z,1992-10-24T17:00:00+01:00,719942400000,,28,28,Y,,corrected-archive-csv
162860,Luleå-Kallax Flygplats,13,Rådande väder,"momentanvärde, 1 gång/tim resp 8 gånger/dygn",kod,1992-10-24T17:00:00Z,1992-10-24T18:00:00+01:00,719946000000,,1,1,Y,,corrected-archive-csv
162860,Luleå-Kallax Flygplats,13,Rådande väder,"momentanvärde, 1 gång/tim resp 8 gånger/dygn",kod,1992-10-24T18:00:00Z,1992-10-24T19:00:00+01:00,719949600000,,3,3,G,,corrected-archive-csv
162860,Luleå-Kallax Flygplats,13,Rådande väder,"momentanvärde, 1 gång/tim resp 8 gånger/dygn",kod,1992-10-24T19:00:00Z,1992-10-24T20:00:00+01:00,719953200000,,71,71,Y,,corrected-archive-csv
162860,Luleå-Kallax Flygplats,13,Rådande väder,"momentanvärde, 1 gång/tim resp 8 gånger/dygn",kod,1992-10-24T20:00:00Z,1992-10-24T21:00:00+01:00,719956800000,,71,71,Y,,corrected-archive-csv
162860,Luleå-Kallax Flygplats,13,Rådande väder,"momentanvärde, 1 gång/tim resp 8 gånger/dygn",kod,1992-10-24T21:00:00Z,1992-10-24T22:00:00+01:00,719960400000,,71,71,G,,corrected-archive-csv
162860,Luleå-Kallax Flygplats,13,Rådande väder,"momentanvärde, 1 gång/tim resp 8 gånger/dygn",kod,1992-10-24T22:00:00Z,1992-10-24T23:00:00+01:00,719964000000,,71,71,Y,,corrected-archive-csv
162860,Luleå-Kallax Flygplats,13,Rådande väder,"momentanvärde, 1 gång/tim resp 8 gånger/dygn",kod,1992-10-24T23:00:00Z,1992-10-25T00:00:00+01:00,719967600000,,22,22,Y,,corrected-archive-csv
162860,Luleå-Kallax Flygplats,13,Rådande väder,"momentanvärde, 1 gång/tim resp 8 gånger/dygn",kod,1992-10-25T00:00:00Z,1992-10-25T01:00:00+01:00,719971200000,,71,71,G,,corrected-archive-csv
162860,Luleå-Kallax Flygplats,13,Rådande väder,"momentanvärde, 1 gång/tim resp 8 gånger/dygn",kod,1992-10-25T03:00:00Z,1992-10-25T04:00:00+01:00,719982000000,,0,0,G,,corrected-archive-csv
162860,Luleå-Kallax Flygplats,13,Rådande väder,"momentanvärde, 1 gång/tim resp 8 gånger/dygn",kod,1992-10-25T06:00:00Z,1992-10-25T07:00:00+01:00,719992800000,,0,0,G,,corrected-archive-csv
162860,Luleå-Kallax Flygplats,13,Rådande väder,"momentanvärde, 1 gång/tim resp 8 gånger/dygn",kod,1992-10-25T09:00:00Z,1992-10-25T10:00:00+01:00,720003600000,,0,0,G,,corrected-archive-csv
162860,Luleå-Kallax Flygplats,13,Rådande väder,"momentanvärde, 1 gång/tim resp 8 gånger/dygn",kod,1992-10-25T12:00:00Z,1992-10-25T13:00:00+01:00,720014400000,,0,0,G,,corrected-archive-csv
162860,Luleå-Kallax Flygplats,13,Rådande väder,"momentanvärde, 1 gång/tim resp 8 gånger/dygn",kod,1992-10-25T15:00:00Z,1992-10-25T16:00:00+01:00,720025200000,,0,0,G,,corrected-archive-csv
162860,Luleå-Kallax Flygplats,13,Rådande väder,"momentanvärde, 1 gång/tim resp 8 gånger/dygn",kod,1992-10-25T18:00:00Z,1992-10-25T19:00:00+01:00,720036000000,,0,0,G,,corrected-archive-csv
162860,Luleå-Kallax Flygplats,13,Rådande väder,"momentanvärde, 1 gång/tim resp 8 gånger/dygn",kod,1992-10-25T19:00:00Z,1992-10-25T20:00:00+01:00,720039600000,,11,11,Y,,corrected-archive-csv
162860,Luleå-Kallax Flygplats,13,Rådande väder,"momentanvärde, 1 gång/tim resp 8 gånger/dygn",kod,1992-10-25T20:00:00Z,1992-10-25T21:00:00+01:00,720043200000,,2,2,Y,,corrected-archive-csv
162860,Luleå-Kallax Flygplats,13,Rådande väder,"momentanvärde, 1 gång/tim resp 8 gånger/dygn",kod,1992-10-25T21:00:00Z,1992-10-25T22:00:00+01:00,720046800000,,10,10,G,,corrected-archive-csv
162860,Luleå-Kallax Flygplats,13,Rådande väder,"momentanvärde, 1 gång/tim resp 8 gånger/dygn",kod,1992-10-25T22:00:00Z,1992-10-25T23:00:00+01:00,720050400000,,11,11,Y,,corrected-archive-csv
162860,Luleå-Kallax Flygplats,13,Rådande väder,"momentanvärde, 1 gång/tim resp 8 gånger/dygn",kod,1992-10-25T23:00:00Z,1992-10-26T00:00:00+01:00,720054000000,,10,10,Y,,corrected-archive-csv
162860,Luleå-Kallax Flygplats,13,Rådande väder,"momentanvärde, 1 gång/tim resp 8 gånger/dygn",kod,1992-10-26T00:00:00Z,1992-10-26T01:00:00+01:00,720057600000,,10,10,G,,corrected-archive-csv
162860,Luleå-Kallax Flygplats,13,Rådande väder,"momentanvärde, 1 gång/tim resp 8 gånger/dygn",kod,1992-10-26T03:00:00Z,1992-10-26T04:00:00+01:00,720068400000,,0,0,G,,corrected-archive-csv
162860,Luleå-Kallax Flygplats,13,Rådande väder,"momentanvärde, 1 gång/tim resp 8 gånger/dygn",kod,1992-10-26T06:00:00Z,1992-10-26T07:00:00+01:00,720079200000,,0,0,G,,corrected-archive-csv
162860,Luleå-Kallax Flygplats,13,Rådande väder,"momentanvärde, 1 gång/tim resp 8 gånger/dygn",kod,1992-10-26T09:00:00Z,1992-10-26T10:00:00+01:00,720090000000,,22,22,G,,corrected-archive-csv
162860,Luleå-Kallax Flygplats,13,Rådande väder,"momentanvärde, 1 gång/tim resp 8 gånger/dygn",kod,1992-10-26T10:00:00Z,1992-10-26T11:00:00+01:00,720093600000,,10,10,Y,,corrected-archive-csv
162860,Luleå-Kallax Flygplats,13,Rådande väder,"momentanvärde, 1 gång/tim resp 8 gånger/dygn",kod,1992-10-26T11:00:00Z,1992-10-26T12:00:00+01:00,720097200000,,22,22,Y,,corrected-archive-csv
162860,Luleå-Kallax Flygplats,13,Rådande väder,"momentanvärde, 1 gång/tim resp 8 gånger/dygn",kod,1992-10-26T12:00:00Z,1992-10-26T13:00:00+01:00,720100800000,,10,10,G,,corrected-archive-csv
162860,Luleå-Kallax Flygplats,13,Rådande väder,"momentanvärde, 1 gång/tim resp 8 gånger/dygn",kod,1992-10-26T13:00:00Z,1992-10-26T14:00:00+01:00,720104400000,,10,10,Y,,corrected-archive-csv
162860,Luleå-Kallax Flygplats,13,Rådande väder,"momentanvärde, 1 gång/tim resp 8 gånger/dygn",kod,1992-10-26T14:00:00Z,1992-10-26T15:00:00+01:00,720108000000,,22,22,Y,,corrected-archive-csv
162860,Luleå-Kallax Flygplats,13,Rådande väder,"momentanvärde, 1 gång/tim resp 8 gånger/dygn",kod,1992-10-26T15:00:00Z,1992-10-26T16:00:00+01:00,720111600000,,10,10,G,,corrected-archive-csv
162860,Luleå-Kallax Flygplats,13,Rådande väder,"momentanvärde, 1 gång/tim resp 8 gånger/dygn",kod,1992-10-26T16:00:00Z,1992-10-26T17:00:00+01:00,720115200000,,10,10,Y,,corrected-archive-csv
162860,Luleå-Kallax Flygplats,13,Rådande väder,"momentanvärde, 1 gång/tim resp 8 gånger/dygn",kod,1992-10-26T17:00:00Z,1992-10-26T18:00:00+01:00,720118800000,,47,47,Y,,corrected-archive-csv
162860,Luleå-Kallax Flygplats,13,Rådande väder,"momentanvärde, 1 gång/tim resp 8 gånger/dygn",kod,1992-10-26T18:00:00Z,1992-10-26T19:00:00+01:00,720122400000,,47,47,G,,corrected-archive-csv
162860,Luleå-Kallax Flygplats,13,Rådande väder,"momentanvärde, 1 gång/tim resp 8 gånger/dygn",kod,1992-10-26T19:00:00Z,1992-10-26T20:00:00+01:00,720126000000,,47,47,Y,,corrected-archive-csv
162860,Luleå-Kallax Flygplats,13,Rådande väder,"momentanvärde, 1 gång/tim resp 8 gånger/dygn",kod,1992-10-26T20:00:00Z,1992-10-26T21:00:00+01:00,720129600000,,44,44,Y,,corrected-archive-csv
162860,Luleå-Kallax Flygplats,13,Rådande väder,"momentanvärde, 1 gång/tim resp 8 gånger/dygn",kod,1992-10-26T21:00:00Z,1992-10-26T22:00:00+01:00,720133200000,,44,44,G,,corrected-archive-csv
162860,Luleå-Kallax Flygplats,13,Rådande väder,"momentanvärde, 1 gång/tim resp 8 gånger/dygn",kod,1992-10-26T22:00:00Z,1992-10-26T23:00:00+01:00,720136800000,,77,77,Y,,corrected-archive-csv
162860,Luleå-Kallax Flygplats,13,Rådande väder,"momentanvärde, 1 gång/tim resp 8 gånger/dygn",kod,1992-10-26T23:00:00Z,1992-10-27T00:00:00+01:00,720140400000,,71,71,Y,,corrected-archive-csv
162860,Luleå-Kallax Flygplats,13,Rådande väder,"momentanvärde, 1 gång/tim resp 8 gånger/dygn",kod,1992-10-27T00:00:00Z,1992-10-27T01:00:00+01:00,720144000000,,71,71,G,,corrected-archive-csv
162860,Luleå-Kallax Flygplats,13,Rådande väder,"momentanvärde, 1 gång/tim resp 8 gånger/dygn",kod,1992-10-27T01:00:00Z,1992-10-27T02:00:00+01:00,720147600000,,71,71,Y,,corrected-archive-csv
162860,Luleå-Kallax Flygplats,13,Rådande väder,"momentanvärde, 1 gång/tim resp 8 gånger/dygn",kod,1992-10-27T02:00:00Z,1992-10-27T03:00:00+01:00,720151200000,,71,71,Y,,corrected-archive-csv
162860,Luleå-Kallax Flygplats,13,Rådande väder,"momentanvärde, 1 gång/tim resp 8 gånger/dygn",kod,1992-10-27T03:00:00Z,1992-10-27T04:00:00+01:00,720154800000,,71,71,G,,corrected-archive-csv
162860,Luleå-Kallax Flygplats,13,Rådande väder,"momentanvärde, 1 gång/tim resp 8 gånger/dygn",kod,1992-10-27T04:00:00Z,1992-10-27T05:00:00+01:00,720158400000,,71,71,Y,,corrected-archive-csv
162860,Luleå-Kallax Flygplats,13,Rådande väder,"momentanvärde, 1 gång/tim resp 8 gånger/dygn",kod,1992-10-27T05:00:00Z,1992-10-27T06:00:00+01:00,720162000000,,71,71,Y,,corrected-archive-csv
162860,Luleå-Kallax Flygplats,13,Rådande väder,"momentanvärde, 1 gång/tim resp 8 gånger/dygn",kod,1992-10-27T06:00:00Z,1992-10-27T07:00:00+01:00,720165600000,,71,71,G,,corrected-archive-csv
162860,Luleå-Kallax Flygplats,13,Rådande väder,"momentanvärde, 1 gång/tim resp 8 gånger/dygn",kod,1992-10-27T07:00:00Z,1992-10-27T08:00:00+01:00,720169200000,,73,73,Y,,corrected-archive-csv
162860,Luleå-Kallax Flygplats,13,Rådande väder,"momentanvärde, 1 gång/tim resp 8 gånger/dygn",kod,1992-10-27T08:00:00Z,1992-10-27T09:00:00+01:00,720172800000,,71,71,Y,,corrected-archive-csv
162860,Luleå-Kallax Flygplats,13,Rådande väder,"momentanvärde, 1 gång/tim resp 8 gånger/dygn",kod,1992-10-27T09:00:00Z,1992-10-27T10:00:00+01:00,720176400000,,71,71,G,,corrected-archive-csv
162860,Luleå-Kallax Flygplats,13,Rådande väder,"momentanvärde, 1 gång/tim resp 8 gånger/dygn",kod,1992-10-27T10:00:00Z,1992-10-27T11:00:00+01:00,720180000000,,71,71,Y,,corrected-archive-csv
162860,Luleå-Kallax Flygplats,13,Rådande väder,"momentanvärde, 1 gång/tim resp 8 gånger/dygn",kod,1992-10-27T11:00:00Z,1992-10-27T12:00:00+01:00,720183600000,,71,71,Y,,corrected-archive-csv
162860,Luleå-Kallax Flygplats,13,Rådande väder,"momentanvärde, 1 gång/tim resp 8 gånger/dygn",kod,1992-10-27T12:00:00Z,1992-10-27T13:00:00+01:00,720187200000,,78,78,G,,corrected-archive-csv
162860,Luleå-Kallax Flygplats,13,Rådande väder,"momentanvärde, 1 gång/tim resp 8 gånger/dygn",kod,1992-10-27T13:00:00Z,1992-10-27T14:00:00+01:00,720190800000,,22,22,Y,,corrected-archive-csv
162860,Luleå-Kallax Flygplats,13,Rådande väder,"momentanvärde, 1 gång/tim resp 8 gånger/dygn",kod,1992-10-27T14:00:00Z,1992-10-27T15:00:00+01:00,720194400000,,2,2,Y,,corrected-archive-csv
162860,Luleå-Kallax Flygplats,13,Rådande väder,"momentanvärde, 1 gång/tim resp 8 gånger/dygn",kod,1992-10-27T15:00:00Z,1992-10-27T16:00:00+01:00,720198000000,,2,2,G,,corrected-archive-csv
162860,Luleå-Kallax Flygplats,13,Rådande väder,"momentanvärde, 1 gång/tim resp 8 gånger/dygn",kod,1992-10-27T16:00:00Z,1992-10-27T17:00:00+01:00,720201600000,,2,2,Y,,corrected-archive-csv
162860,Luleå-Kallax Flygplats,13,Rådande väder,"momentanvärde, 1 gång/tim resp 8 gånger/dygn",kod,1992-10-27T17:00:00Z,1992-10-27T18:00:00+01:00,720205200000,,2,2,Y,,corrected-archive-csv
162860,Luleå-Kallax Flygplats,13,Rådande väder,"momentanvärde, 1 gång/tim resp 8 gånger/dygn",kod,1992-10-27T18:00:00Z,1992-10-27T19:00:00+01:00,720208800000,,2,2,G,,corrected-archive-csv
162860,Luleå-Kallax Flygplats,13,Rådande väder,"momentanvärde, 1 gång/tim resp 8 gånger/dygn",kod,1992-10-27T21:00:00Z,1992-10-27T22:00:00+01:00,720219600000,,0,0,G,,corrected-archive-csv
162860,Luleå-Kallax Flygplats,13,Rådande väder,"momentanvärde, 1 gång/tim resp 8 gånger/dygn",kod,1992-10-27T22:00:00Z,1992-10-27T23:00:00+01:00,720223200000,,71,71,Y,,corrected-archive-csv
162860,Luleå-Kallax Flygplats,13,Rådande väder,"momentanvärde, 1 gång/tim resp 8 gånger/dygn",kod,1992-10-27T23:00:00Z,1992-10-28T00:00:00+01:00,720226800000,,71,71,Y,,corrected-archive-csv
162860,Luleå-Kallax Flygplats,13,Rådande väder,"momentanvärde, 1 gång/tim resp 8 gånger/dygn",kod,1992-10-28T00:00:00Z,1992-10-28T01:00:00+01:00,720230400000,,71,71,G,,corrected-archive-csv
162860,Luleå-Kallax Flygplats,13,Rådande väder,"momentanvärde, 1 gång/tim resp 8 gånger/dygn",kod,1992-10-28T01:00:00Z,1992-10-28T02:00:00+01:00,720234000000,,71,71,Y,,corrected-archive-csv
162860,Luleå-Kallax Flygplats,13,Rådande väder,"momentanvärde, 1 gång/tim resp 8 gånger/dygn",kod,1992-10-28T02:00:00Z,1992-10-28T03:00:00+01:00,720237600000,,71,71,Y,,corrected-archive-csv
162860,Luleå-Kallax Flygplats,13,Rådande väder,"momentanvärde, 1 gång/tim resp 8 gånger/dygn",kod,1992-10-28T03:00:00Z,1992-10-28T04:00:00+01:00,720241200000,,71,71,G,,corrected-archive-csv
162860,Luleå-Kallax Flygplats,13,Rådande väder,"momentanvärde, 1 gång/tim resp 8 gånger/dygn",kod,1992-10-28T04:00:00Z,1992-10-28T05:00:00+01:00,720244800000,,74,74,Y,,corrected-archive-csv
162860,Luleå-Kallax Flygplats,13,Rådande väder,"momentanvärde, 1 gång/tim resp 8 gånger/dygn",kod,1992-10-28T05:00:00Z,1992-10-28T06:00:00+01:00,720248400000,,71,71,Y,,corrected-archive-csv
162860,Luleå-Kallax Flygplats,13,Rådande väder,"momentanvärde, 1 gång/tim resp 8 gånger/dygn",kod,1992-10-28T06:00:00Z,1992-10-28T07:00:00+01:00,720252000000,,71,71,G,,corrected-archive-csv
162860,Luleå-Kallax Flygplats,13,Rådande väder,"momentanvärde, 1 gång/tim resp 8 gånger/dygn",kod,1992-10-28T07:00:00Z,1992-10-28T08:00:00+01:00,720255600000,,71,71,Y,,corrected-archive-csv
162860,Luleå-Kallax Flygplats,13,Rådande väder,"momentanvärde, 1 gång/tim resp 8 gånger/dygn",kod,1992-10-28T08:00:00Z,1992-10-28T09:00:00+01:00,720259200000,,71,71,Y,,corrected-archive-csv
162860,Luleå-Kallax Flygplats,13,Rådande väder,"momentanvärde, 1 gång/tim resp 8 gånger/dygn",kod,1992-10-28T09:00:00Z,1992-10-28T10:00:00+01:00,720262800000,,71,71,G,,corrected-archive-csv
162860,Luleå-Kallax Flygplats,13,Rådande väder,"momentanvärde, 1 gång/tim resp 8 gånger/dygn",kod,1992-10-28T10:00:00Z,1992-10-28T11:00:00+01:00,720266400000,,71,71,Y,,corrected-archive-csv
162860,Luleå-Kallax Flygplats,13,Rådande väder,"momentanvärde, 1 gång/tim resp 8 gånger/dygn",kod,1992-10-28T11:00:00Z,1992-10-28T12:00:00+01:00,720270000000,,71,71,Y,,corrected-archive-csv
162860,Luleå-Kallax Flygplats,13,Rådande väder,"momentanvärde, 1 gång/tim resp 8 gånger/dygn",kod,1992-10-28T12:00:00Z,1992-10-28T13:00:00+01:00,720273600000,,71,71,G,,corrected-archive-csv
162860,Luleå-Kallax Flygplats,13,Rådande väder,"momentanvärde, 1 gång/tim resp 8 gånger/dygn",kod,1992-10-28T13:00:00Z,1992-10-28T14:00:00+01:00,720277200000,,71,71,Y,,corrected-archive-csv
162860,Luleå-Kallax Flygplats,13,Rådande väder,"momentanvärde, 1 gång/tim resp 8 gånger/dygn",kod,1992-10-28T14:00:00Z,1992-10-28T15:00:00+01:00,720280800000,,71,71,Y,,corrected-archive-csv
162860,Luleå-Kallax Flygplats,13,Rådande väder,"momentanvärde, 1 gång/tim resp 8 gånger/dygn",kod,1992-10-28T15:00:00Z,1992-10-28T16:00:00+01:00,720284400000,,71,71,G,,corrected-archive-csv
162860,Luleå-Kallax Flygplats,13,Rådande väder,"momentanvärde, 1 gång/tim resp 8 gånger/dygn",kod,1992-10-28T16:00:00Z,1992-10-28T17:00:00+01:00,720288000000,,22,22,Y,,corrected-archive-csv
162860,Luleå-Kallax Flygplats,13,Rådande väder,"momentanvärde, 1 gång/tim resp 8 gånger/dygn",kod,1992-10-28T17:00:00Z,1992-10-28T18:00:00+01:00,720291600000,,2,2,Y,,corrected-archive-csv
162860,Luleå-Kallax Flygplats,13,Rådande väder,"momentanvärde, 1 gång/tim resp 8 gånger/dygn",kod,1992-10-28T18:00:00Z,1992-10-28T19:00:00+01:00,720295200000,,2,2,G,,corrected-archive-csv
162860,Luleå-Kallax Flygplats,13,Rådande väder,"momentanvärde, 1 gång/tim resp 8 gånger/dygn",kod,1992-10-28T21:00:00Z,1992-10-28T22:00:00+01:00,720306000000,,0,0,G,,corrected-archive-csv
162860,Luleå-Kallax Flygplats,13,Rådande väder,"momentanvärde, 1 gång/tim resp 8 gånger/dygn",kod,1992-10-28T22:00:00Z,1992-10-28T23:00:00+01:00,720309600000,,22,22,Y,,corrected-archive-csv
162860,Luleå-Kallax Flygplats,13,Rådande väder,"momentanvärde, 1 gång/tim resp 8 gånger/dygn",kod,1992-10-28T23:00:00Z,1992-10-29T00:00:00+01:00,720313200000,,71,71,Y,,corrected-archive-csv
162860,Luleå-Kallax Flygplats,13,Rådande väder,"momentanvärde, 1 gång/tim resp 8 gånger/dygn",kod,1992-10-29T00:00:00Z,1992-10-29T01:00:00+01:00,720316800000,,1,1,G,,corrected-archive-csv
162860,Luleå-Kallax Flygplats,13,Rådande väder,"momentanvärde, 1 gång/tim resp 8 gånger/dygn",kod,1992-10-29T03:00:00Z,1992-10-29T04:00:00+01:00,720327600000,,0,0,G,,corrected-archive-csv
162860,Luleå-Kallax Flygplats,13,Rådande väder,"momentanvärde, 1 gång/tim resp 8 gånger/dygn",kod,1992-10-29T06:00:00Z,1992-10-29T07:00:00+01:00,720338400000,,71,71,G,,corrected-archive-csv
162860,Luleå-Kallax Flygplats,13,Rådande väder,"momentanvärde, 1 gång/tim resp 8 gånger/dygn",kod,1992-10-29T07:00:00Z,1992-10-29T08:00:00+01:00,720342000000,,71,71,Y,,corrected-archive-csv
162860,Luleå-Kallax Flygplats,13,Rådande väder,"momentanvärde, 1 gång/tim resp 8 gånger/dygn",kod,1992-10-29T08:00:00Z,1992-10-29T09:00:00+01:00,720345600000,,71,71,Y,,corrected-archive-csv
162860,Luleå-Kallax Flygplats,13,Rådande väder,"momentanvärde, 1 gång/tim resp 8 gånger/dygn",kod,1992-10-29T09:00:00Z,1992-10-29T10:00:00+01:00,720349200000,,71,71,G,,corrected-archive-csv
162860,Luleå-Kallax Flygplats,13,Rådande väder,"momentanvärde, 1 gång/tim resp 8 gånger/dygn",kod,1992-10-29T10:00:00Z,1992-10-29T11:00:00+01:00,720352800000,,71,71,Y,,corrected-archive-csv
162860,Luleå-Kallax Flygplats,13,Rådande väder,"momentanvärde, 1 gång/tim resp 8 gånger/dygn",kod,1992-10-29T11:00:00Z,1992-10-29T12:00:00+01:00,720356400000,,71,71,Y,,corrected-archive-csv
162860,Luleå-Kallax Flygplats,13,Rådande väder,"momentanvärde, 1 gång/tim resp 8 gånger/dygn",kod,1992-10-29T12:00:00Z,1992-10-29T13:00:00+01:00,720360000000,,71,71,G,,corrected-archive-csv
162860,Luleå-Kallax Flygplats,13,Rådande väder,"momentanvärde, 1 gång/tim resp 8 gånger/dygn",kod,1992-10-29T13:00:00Z,1992-10-29T14:00:00+01:00,720363600000,,71,71,Y,,corrected-archive-csv
162860,Luleå-Kallax Flygplats,13,Rådande väder,"momentanvärde, 1 gång/tim resp 8 gånger/dygn",kod,1992-10-29T14:00:00Z,1992-10-29T15:00:00+01:00,720367200000,,73,73,Y,,corrected-archive-csv
162860,Luleå-Kallax Flygplats,13,Rådande väder,"momentanvärde, 1 gång/tim resp 8 gånger/dygn",kod,1992-10-29T15:00:00Z,1992-10-29T16:00:00+01:00,720370800000,,73,73,G,,corrected-archive-csv
162860,Luleå-Kallax Flygplats,13,Rådande väder,"momentanvärde, 1 gång/tim resp 8 gånger/dygn",kod,1992-10-29T16:00:00Z,1992-10-29T17:00:00+01:00,720374400000,,73,73,Y,,corrected-archive-csv
162860,Luleå-Kallax Flygplats,13,Rådande väder,"momentanvärde, 1 gång/tim resp 8 gånger/dygn",kod,1992-10-29T17:00:00Z,1992-10-29T18:00:00+01:00,720378000000,,71,71,Y,,corrected-archive-csv
162860,Luleå-Kallax Flygplats,13,Rådande väder,"momentanvärde, 1 gång/tim resp 8 gånger/dygn",kod,1992-10-29T18:00:00Z,1992-10-29T19:00:00+01:00,720381600000,,22,22,G,,corrected-archive-csv
162860,Luleå-Kallax Flygplats,13,Rådande väder,"momentanvärde, 1 gång/tim resp 8 gånger/dygn",kod,1992-10-29T21:00:00Z,1992-10-29T22:00:00+01:00,720392400000,,0,0,G,,corrected-archive-csv
162860,Luleå-Kallax Flygplats,13,Rådande väder,"momentanvärde, 1 gång/tim resp 8 gånger/dygn",kod,1992-10-29T22:00:00Z,1992-10-29T23:00:00+01:00,720396000000,,71,71,Y,,corrected-archive-csv
162860,Luleå-Kallax Flygplats,13,Rådande väder,"momentanvärde, 1 gång/tim resp 8 gånger/dygn",kod,1992-10-29T23:00:00Z,1992-10-30T00:00:00+01:00,720399600000,,71,71,Y,,corrected-archive-csv
162860,Luleå-Kallax Flygplats,13,Rådande väder,"momentanvärde, 1 gång/tim resp 8 gånger/dygn",kod,1992-10-30T00:00:00Z,1992-10-30T01:00:00+01:00,720403200000,,22,22,G,,corrected-archive-csv
162860,Luleå-Kallax Flygplats,13,Rådande väder,"momentanvärde, 1 gång/tim resp 8 gånger/dygn",kod,1992-10-30T03:00:00Z,1992-10-30T04:00:00+01:00,720414000000,,0,0,G,,corrected-archive-csv
162860,Luleå-Kallax Flygplats,13,Rådande väder,"momentanvärde, 1 gång/tim resp 8 gånger/dygn",kod,1992-10-30T04:00:00Z,1992-10-30T05:00:00+01:00,720417600000,,71,71,Y,,corrected-archive-csv
162860,Luleå-Kallax Flygplats,13,Rådande väder,"momentanvärde, 1 gång/tim resp 8 gånger/dygn",kod,1992-10-30T05:00:00Z,1992-10-30T06:00:00+01:00,720421200000,,22,22,Y,,corrected-archive-csv
162860,Luleå-Kallax Flygplats,13,Rådande väder,"momentanvärde, 1 gång/tim resp 8 gånger/dygn",kod,1992-10-30T06:00:00Z,1992-10-30T07:00:00+01:00,720424800000,,1,1,G,,corrected-archive-csv
162860,Luleå-Kallax Flygplats,13,Rådande väder,"momentanvärde, 1 gång/tim resp 8 gånger/dygn",kod,1992-10-30T09:00:00Z,1992-10-30T10:00:00+01:00,720435600000,,0,0,G,,corrected-archive-csv
162860,Luleå-Kallax Flygplats,13,Rådande väder,"momentanvärde, 1 gång/tim resp 8 gånger/dygn",kod,1992-10-30T12:00:00Z,1992-10-30T13:00:00+01:00,720446400000,,0,0,G,,corrected-archive-csv
162860,Luleå-Kallax Flygplats,13,Rådande väder,"momentanvärde, 1 gång/tim resp 8 gånger/dygn",kod,1992-10-30T15:00:00Z,1992-10-30T16:00:00+01:00,720457200000,,0,0,G,,corrected-archive-csv
162860,Luleå-Kallax Flygplats,13,Rådande väder,"momentanvärde, 1 gång/tim resp 8 gånger/dygn",kod,1992-10-30T18:00:00Z,1992-10-30T19:00:00+01:00,720468000000,,0,0,G,,corrected-archive-csv
162860,Luleå-Kallax Flygplats,13,Rådande väder,"momentanvärde, 1 gång/tim resp 8 gånger/dygn",kod,1992-10-30T21:00:00Z,1992-10-30T22:00:00+01:00,720478800000,,0,0,G,,corrected-archive-csv
162860,Luleå-Kallax Flygplats,13,Rådande väder,"momentanvärde, 1 gång/tim resp 8 gånger/dygn",kod,1992-10-31T00:00:00Z,1992-10-31T01:00:00+01:00,720489600000,,0,0,G,,corrected-archive-csv
162860,Luleå-Kallax Flygplats,13,Rådande väder,"momentanvärde, 1 gång/tim resp 8 gånger/dygn",kod,1992-10-31T03:00:00Z,1992-10-31T04:00:00+01:00,720500400000,,0,0,G,,corrected-archive-csv
162860,Luleå-Kallax Flygplats,13,Rådande väder,"momentanvärde, 1 gång/tim resp 8 gånger/dygn",kod,1992-10-31T06:00:00Z,1992-10-31T07:00:00+01:00,720511200000,,71,71,G,,corrected-archive-csv
162860,Luleå-Kallax Flygplats,13,Rådande väder,"momentanvärde, 1 gång/tim resp 8 gånger/dygn",kod,1992-10-31T07:00:00Z,1992-10-31T08:00:00+01:00,720514800000,,71,71,Y,,corrected-archive-csv
162860,Luleå-Kallax Flygplats,13,Rådande väder,"momentanvärde, 1 gång/tim resp 8 gånger/dygn",kod,1992-10-31T08:00:00Z,1992-10-31T09:00:00+01:00,720518400000,,71,71,Y,,corrected-archive-csv
162860,Luleå-Kallax Flygplats,13,Rådande väder,"momentanvärde, 1 gång/tim resp 8 gånger/dygn",kod,1992-10-31T09:00:00Z,1992-10-31T10:00:00+01:00,720522000000,,71,71,G,,corrected-archive-csv
162860,Luleå-Kallax Flygplats,13,Rådande väder,"momentanvärde, 1 gång/tim resp 8 gånger/dygn",kod,1992-10-31T10:00:00Z,1992-10-31T11:00:00+01:00,720525600000,,71,71,Y,,corrected-archive-csv
162860,Luleå-Kallax Flygplats,13,Rådande väder,"momentanvärde, 1 gång/tim resp 8 gånger/dygn",kod,1992-10-31T11:00:00Z,1992-10-31T12:00:00+01:00,720529200000,,22,22,Y,,corrected-archive-csv
162860,Luleå-Kallax Flygplats,13,Rådande väder,"momentanvärde, 1 gång/tim resp 8 gånger/dygn",kod,1992-10-31T12:00:00Z,1992-10-31T13:00:00+01:00,720532800000,,16,16,G,,corrected-archive-csv
162860,Luleå-Kallax Flygplats,13,Rådande väder,"momentanvärde, 1 gång/tim resp 8 gånger/dygn",kod,1992-10-31T13:00:00Z,1992-10-31T14:00:00+01:00,720536400000,,22,22,Y,,corrected-archive-csv
162860,Luleå-Kallax Flygplats,13,Rådande väder,"momentanvärde, 1 gång/tim resp 8 gånger/dygn",kod,1992-10-31T14:00:00Z,1992-10-31T15:00:00+01:00,720540000000,,71,71,Y,,corrected-archive-csv
162860,Luleå-Kallax Flygplats,13,Rådande väder,"momentanvärde, 1 gång/tim resp 8 gånger/dygn",kod,1992-10-31T15:00:00Z,1992-10-31T16:00:00+01:00,720543600000,,71,71,G,,corrected-archive-csv
162860,Luleå-Kallax Flygplats,13,Rådande väder,"momentanvärde, 1 gång/tim resp 8 gånger/dygn",kod,1992-10-31T16:00:00Z,1992-10-31T17:00:00+01:00,720547200000,,71,71,Y,,corrected-archive-csv
162860,Luleå-Kallax Flygplats,13,Rådande väder,"momentanvärde, 1 gång/tim resp 8 gånger/dygn",kod,1992-10-31T17:00:00Z,1992-10-31T18:00:00+01:00,720550800000,,73,73,Y,,corrected-archive-csv
162860,Luleå-Kallax Flygplats,13,Rådande väder,"momentanvärde, 1 gång/tim resp 8 gånger/dygn",kod,1992-10-31T18:00:00Z,1992-10-31T19:00:00+01:00,720554400000,,73,73,G,,corrected-archive-csv
162860,Luleå-Kallax Flygplats,13,Rådande väder,"momentanvärde, 1 gång/tim resp 8 gånger/dygn",kod,1992-10-31T19:00:00Z,1992-10-31T20:00:00+01:00,720558000000,,77,77,Y,,corrected-archive-csv
162860,Luleå-Kallax Flygplats,13,Rådande väder,"momentanvärde, 1 gång/tim resp 8 gånger/dygn",kod,1992-10-31T20:00:00Z,1992-10-31T21:00:00+01:00,720561600000,,77,77,Y,,corrected-archive-csv
162860,Luleå-Kallax Flygplats,13,Rådande väder,"momentanvärde, 1 gång/tim resp 8 gånger/dygn",kod,1992-10-31T21:00:00Z,1992-10-31T22:00:00+01:00,720565200000,,73,73,G,,corrected-archive-csv
162860,Luleå-Kallax Flygplats,13,Rådande väder,"momentanvärde, 1 gång/tim resp 8 gånger/dygn",kod,1992-10-31T22:00:00Z,1992-10-31T23:00:00+01:00,720568800000,,73,73,Y,,corrected-archive-csv
162860,Luleå-Kallax Flygplats,13,Rådande väder,"momentanvärde, 1 gång/tim resp 8 gånger/dygn",kod,1992-10-31T23:00:00Z,1992-11-01T00:00:00+01:00,720572400000,,73,73,Y,,corrected-archive-csv
162860,Luleå-Kallax Flygplats,13,Rådande väder,"momentanvärde, 1 gång/tim resp 8 gånger/dygn",kod,1992-11-01T00:00:00Z,1992-11-01T01:00:00+01:00,720576000000,,73,73,G,,corrected-archive-csv
162860,Luleå-Kallax Flygplats,13,Rådande väder,"momentanvärde, 1 gång/tim resp 8 gånger/dygn",kod,1992-11-01T01:00:00Z,1992-11-01T02:00:00+01:00,720579600000,,73,73,Y,,corrected-archive-csv
162860,Luleå-Kallax Flygplats,13,Rådande väder,"momentanvärde, 1 gång/tim resp 8 gånger/dygn",kod,1992-11-01T02:00:00Z,1992-11-01T03:00:00+01:00,720583200000,,73,73,Y,,corrected-archive-csv
162860,Luleå-Kallax Flygplats,13,Rådande väder,"momentanvärde, 1 gång/tim resp 8 gånger/dygn",kod,1992-11-01T03:00:00Z,1992-11-01T04:00:00+01:00,720586800000,,73,73,G,,corrected-archive-csv
162860,Luleå-Kallax Flygplats,13,Rådande väder,"momentanvärde, 1 gång/tim resp 8 gånger/dygn",kod,1992-11-01T04:00:00Z,1992-11-01T05:00:00+01:00,720590400000,,73,73,Y,,corrected-archive-csv
162860,Luleå-Kallax Flygplats,13,Rådande väder,"momentanvärde, 1 gång/tim resp 8 gånger/dygn",kod,1992-11-01T05:00:00Z,1992-11-01T06:00:00+01:00,720594000000,,73,73,Y,,corrected-archive-csv
162860,Luleå-Kallax Flygplats,13,Rådande väder,"momentanvärde, 1 gång/tim resp 8 gånger/dygn",kod,1992-11-01T06:00:00Z,1992-11-01T07:00:00+01:00,720597600000,,71,71,G,,corrected-archive-csv
162860,Luleå-Kallax Flygplats,13,Rådande väder,"momentanvärde, 1 gång/tim resp 8 gånger/dygn",kod,1992-11-01T07:00:00Z,1992-11-01T08:00:00+01:00,720601200000,,71,71,Y,,corrected-archive-csv
162860,Luleå-Kallax Flygplats,13,Rådande väder,"momentanvärde, 1 gång/tim resp 8 gånger/dygn",kod,1992-11-01T08:00:00Z,1992-11-01T09:00:00+01:00,720604800000,,71,71,Y,,corrected-archive-csv
162860,Luleå-Kallax Flygplats,13,Rådande väder,"momentanvärde, 1 gång/tim resp 8 gånger/dygn",kod,1992-11-01T09:00:00Z,1992-11-01T10:00:00+01:00,720608400000,,71,71,G,,corrected-archive-csv
162860,Luleå-Kallax Flygplats,13,Rådande väder,"momentanvärde, 1 gång/tim resp 8 gånger/dygn",kod,1992-11-01T10:00:00Z,1992-11-01T11:00:00+01:00,720612000000,,71,71,Y,,corrected-archive-csv
162860,Luleå-Kallax Flygplats,13,Rådande väder,"momentanvärde, 1 gång/tim resp 8 gånger/dygn",kod,1992-11-01T11:00:00Z,1992-11-01T12:00:00+01:00,720615600000,,71,71,Y,,corrected-archive-csv
162860,Luleå-Kallax Flygplats,13,Rådande väder,"momentanvärde, 1 gång/tim resp 8 gånger/dygn",kod,1992-11-01T12:00:00Z,1992-11-01T13:00:00+01:00,720619200000,,71,71,G,,corrected-archive-csv
162860,Luleå-Kallax Flygplats,13,Rådande väder,"momentanvärde, 1 gång/tim resp 8 gånger/dygn",kod,1992-11-01T13:00:00Z,1992-11-01T14:00:00+01:00,720622800000,,71,71,Y,,corrected-archive-csv
162860,Luleå-Kallax Flygplats,13,Rådande väder,"momentanvärde, 1 gång/tim resp 8 gånger/dygn",kod,1992-11-01T14:00:00Z,1992-11-01T15:00:00+01:00,720626400000,,71,71,Y,,corrected-archive-csv
162860,Luleå-Kallax Flygplats,13,Rådande väder,"momentanvärde, 1 gång/tim resp 8 gånger/dygn",kod,1992-11-01T15:00:00Z,1992-11-01T16:00:00+01:00,720630000000,,22,22,G,,corrected-archive-csv
162860,Luleå-Kallax Flygplats,13,Rådande väder,"momentanvärde, 1 gång/tim resp 8 gånger/dygn",kod,1992-11-01T16:00:00Z,1992-11-01T17:00:00+01:00,720633600000,,71,71,Y,,corrected-archive-csv
162860,Luleå-Kallax Flygplats,13,Rådande väder,"momentanvärde, 1 gång/tim resp 8 gånger/dygn",kod,1992-11-01T17:00:00Z,1992-11-01T18:00:00+01:00,720637200000,,22,22,Y,,corrected-archive-csv
162860,Luleå-Kallax Flygplats,13,Rådande väder,"momentanvärde, 1 gång/tim resp 8 gånger/dygn",kod,1992-11-01T18:00:00Z,1992-11-01T19:00:00+01:00,720640800000,,71,71,G,,corrected-archive-csv
162860,Luleå-Kallax Flygplats,13,Rådande väder,"momentanvärde, 1 gång/tim resp 8 gånger/dygn",kod,1992-11-01T19:00:00Z,1992-11-01T20:00:00+01:00,720644400000,,71,71,Y,,corrected-archive-csv
162860,Luleå-Kallax Flygplats,13,Rådande väder,"momentanvärde, 1 gång/tim resp 8 gånger/dygn",kod,1992-11-01T20:00:00Z,1992-11-01T21:00:00+01:00,720648000000,,71,71,Y,,corrected-archive-csv
162860,Luleå-Kallax Flygplats,13,Rådande väder,"momentanvärde, 1 gång/tim resp 8 gånger/dygn",kod,1992-11-01T21:00:00Z,1992-11-01T22:00:00+01:00,720651600000,,71,71,G,,corrected-archive-csv
162860,Luleå-Kallax Flygplats,13,Rådande väder,"momentanvärde, 1 gång/tim resp 8 gånger/dygn",kod,1992-11-01T22:00:00Z,1992-11-01T23:00:00+01:00,720655200000,,22,22,Y,,corrected-archive-csv
162860,Luleå-Kallax Flygplats,13,Rådande väder,"momentanvärde, 1 gång/tim resp 8 gånger/dygn",kod,1992-11-01T23:00:00Z,1992-11-02T00:00:00+01:00,720658800000,,77,77,Y,,corrected-archive-csv
162860,Luleå-Kallax Flygplats,13,Rådande väder,"momentanvärde, 1 gång/tim resp 8 gånger/dygn",kod,1992-11-02T00:00:00Z,1992-11-02T01:00:00+01:00,720662400000,,71,71,G,,corrected-archive-csv
162860,Luleå-Kallax Flygplats,13,Rådande väder,"momentanvärde, 1 gång/tim resp 8 gånger/dygn",kod,1992-11-02T01:00:00Z,1992-11-02T02:00:00+01:00,720666000000,,71,71,Y,,corrected-archive-csv
162860,Luleå-Kallax Flygplats,13,Rådande väder,"momentanvärde, 1 gång/tim resp 8 gånger/dygn",kod,1992-11-02T02:00:00Z,1992-11-02T03:00:00+01:00,720669600000,,71,71,Y,,corrected-archive-csv
162860,Luleå-Kallax Flygplats,13,Rådande väder,"momentanvärde, 1 gång/tim resp 8 gånger/dygn",kod,1992-11-02T03:00:00Z,1992-11-02T04:00:00+01:00,720673200000,,73,73,G,,corrected-archive-csv
162860,Luleå-Kallax Flygplats,13,Rådande väder,"momentanvärde, 1 gång/tim resp 8 gånger/dygn",kod,1992-11-02T04:00:00Z,1992-11-02T05:00:00+01:00,720676800000,,73,73,Y,,corrected-archive-csv
162860,Luleå-Kallax Flygplats,13,Rådande väder,"momentanvärde, 1 gång/tim resp 8 gånger/dygn",kod,1992-11-02T05:00:00Z,1992-11-02T06:00:00+01:00,720680400000,,71,71,Y,,corrected-archive-csv
162860,Luleå-Kallax Flygplats,13,Rådande väder,"momentanvärde, 1 gång/tim resp 8 gånger/dygn",kod,1992-11-02T06:00:00Z,1992-11-02T07:00:00+01:00,720684000000,,71,71,G,,corrected-archive-csv
162860,Luleå-Kallax Flygplats,13,Rådande väder,"momentanvärde, 1 gång/tim resp 8 gånger/dygn",kod,1992-11-02T07:00:00Z,1992-11-02T08:00:00+01:00,720687600000,,71,71,Y,,corrected-archive-csv
162860,Luleå-Kallax Flygplats,13,Rådande väder,"momentanvärde, 1 gång/tim resp 8 gånger/dygn",kod,1992-11-02T08:00:00Z,1992-11-02T09:00:00+01:00,720691200000,,71,71,Y,,corrected-archive-csv
162860,Luleå-Kallax Flygplats,13,Rådande väder,"momentanvärde, 1 gång/tim resp 8 gånger/dygn",kod,1992-11-02T09:00:00Z,1992-11-02T10:00:00+01:00,720694800000,,73,73,G,,corrected-archive-csv
162860,Luleå-Kallax Flygplats,13,Rådande väder,"momentanvärde, 1 gång/tim resp 8 gånger/dygn",kod,1992-11-02T10:00:00Z,1992-11-02T11:00:00+01:00,720698400000,,71,71,Y,,corrected-archive-csv
162860,Luleå-Kallax Flygplats,13,Rådande väder,"momentanvärde, 1 gång/tim resp 8 gånger/dygn",kod,1992-11-02T11:00:00Z,1992-11-02T12:00:00+01:00,720702000000,,73,73,Y,,corrected-archive-csv
162860,Luleå-Kallax Flygplats,13,Rådande väder,"momentanvärde, 1 gång/tim resp 8 gånger/dygn",kod,1992-11-02T12:00:00Z,1992-11-02T13:00:00+01:00,720705600000,,71,71,G,,corrected-archive-csv
162860,Luleå-Kallax Flygplats,13,Rådande väder,"momentanvärde, 1 gång/tim resp 8 gånger/dygn",kod,1992-11-02T13:00:00Z,1992-11-02T14:00:00+01:00,720709200000,,71,71,Y,,corrected-archive-csv
162860,Luleå-Kallax Flygplats,13,Rådande väder,"momentanvärde, 1 gång/tim resp 8 gånger/dygn",kod,1992-11-02T14:00:00Z,1992-11-02T15:00:00+01:00,720712800000,,71,71,Y,,corrected-archive-csv
162860,Luleå-Kallax Flygplats,13,Rådande väder,"momentanvärde, 1 gång/tim resp 8 gånger/dygn",kod,1992-11-02T15:00:00Z,1992-11-02T16:00:00+01:00,720716400000,,22,22,G,,corrected-archive-csv
162860,Luleå-Kallax Flygplats,13,Rådande väder,"momentanvärde, 1 gång/tim resp 8 gånger/dygn",kod,1992-11-02T16:00:00Z,1992-11-02T17:00:00+01:00,720720000000,,1,1,Y,,corrected-archive-csv
162860,Luleå-Kallax Flygplats,13,Rådande väder,"momentanvärde, 1 gång/tim resp 8 gånger/dygn",kod,1992-11-02T17:00:00Z,1992-11-02T18:00:00+01:00,720723600000,,2,2,Y,,corrected-archive-csv
162860,Luleå-Kallax Flygplats,13,Rådande väder,"momentanvärde, 1 gång/tim resp 8 gånger/dygn",kod,1992-11-02T18:00:00Z,1992-11-02T19:00:00+01:00,720727200000,,2,2,G,,corrected-archive-csv
162860,Luleå-Kallax Flygplats,13,Rådande väder,"momentanvärde, 1 gång/tim resp 8 gånger/dygn",kod,1992-11-02T21:00:00Z,1992-11-02T22:00:00+01:00,720738000000,,0,0,G,,corrected-archive-csv
162860,Luleå-Kallax Flygplats,13,Rådande väder,"momentanvärde, 1 gång/tim resp 8 gånger/dygn",kod,1992-11-03T00:00:00Z,1992-11-03T01:00:00+01:00,720748800000,,0,0,G,,corrected-archive-csv
162860,Luleå-Kallax Flygplats,13,Rådande väder,"momentanvärde, 1 gång/tim resp 8 gånger/dygn",kod,1992-11-03T03:00:00Z,1992-11-03T04:00:00+01:00,720759600000,,0,0,G,,corrected-archive-csv
162860,Luleå-Kallax Flygplats,13,Rådande väder,"momentanvärde, 1 gång/tim resp 8 gånger/dygn",kod,1992-11-03T04:00:00Z,1992-11-03T05:00:00+01:00,720763200000,,73,73,Y,,corrected-archive-csv
162860,Luleå-Kallax Flygplats,13,Rådande väder,"momentanvärde, 1 gång/tim resp 8 gånger/dygn",kod,1992-11-03T05:00:00Z,1992-11-03T06:00:00+01:00,720766800000,,73,73,Y,,corrected-archive-csv
162860,Luleå-Kallax Flygplats,13,Rådande väder,"momentanvärde, 1 gång/tim resp 8 gånger/dygn",kod,1992-11-03T06:00:00Z,1992-11-03T07:00:00+01:00,720770400000,,73,73,G,,corrected-archive-csv
162860,Luleå-Kallax Flygplats,13,Rådande väder,"momentanvärde, 1 gång/tim resp 8 gånger/dygn",kod,1992-11-03T07:00:00Z,1992-11-03T08:00:00+01:00,720774000000,,73,73,Y,,corrected-archive-csv
162860,Luleå-Kallax Flygplats,13,Rådande väder,"momentanvärde, 1 gång/tim resp 8 gånger/dygn",kod,1992-11-03T08:00:00Z,1992-11-03T09:00:00+01:00,720777600000,,73,73,Y,,corrected-archive-csv
162860,Luleå-Kallax Flygplats,13,Rådande väder,"momentanvärde, 1 gång/tim resp 8 gånger/dygn",kod,1992-11-03T09:00:00Z,1992-11-03T10:00:00+01:00,720781200000,,73,73,G,,corrected-archive-csv
162860,Luleå-Kallax Flygplats,13,Rådande väder,"momentanvärde, 1 gång/tim resp 8 gånger/dygn",kod,1992-11-03T10:00:00Z,1992-11-03T11:00:00+01:00,720784800000,,75,75,Y,,corrected-archive-csv
162860,Luleå-Kallax Flygplats,13,Rådande väder,"momentanvärde, 1 gång/tim resp 8 gånger/dygn",kod,1992-11-03T11:00:00Z,1992-11-03T12:00:00+01:00,720788400000,,73,73,Y,,corrected-archive-csv
162860,Luleå-Kallax Flygplats,13,Rådande väder,"momentanvärde, 1 gång/tim resp 8 gånger/dygn",kod,1992-11-03T12:00:00Z,1992-11-03T13:00:00+01:00,720792000000,,73,73,G,,corrected-archive-csv
162860,Luleå-Kallax Flygplats,13,Rådande väder,"momentanvärde, 1 gång/tim resp 8 gånger/dygn",kod,1992-11-03T13:00:00Z,1992-11-03T14:00:00+01:00,720795600000,,73,73,Y,,corrected-archive-csv
162860,Luleå-Kallax Flygplats,13,Rådande väder,"momentanvärde, 1 gång/tim resp 8 gånger/dygn",kod,1992-11-03T14:00:00Z,1992-11-03T15:00:00+01:00,720799200000,,73,73,Y,,corrected-archive-csv
162860,Luleå-Kallax Flygplats,13,Rådande väder,"momentanvärde, 1 gång/tim resp 8 gånger/dygn",kod,1992-11-03T15:00:00Z,1992-11-03T16:00:00+01:00,720802800000,,71,71,G,,corrected-archive-csv
162860,Luleå-Kallax Flygplats,13,Rådande väder,"momentanvärde, 1 gång/tim resp 8 gånger/dygn",kod,1992-11-03T16:00:00Z,1992-11-03T17:00:00+01:00,720806400000,,71,71,Y,,corrected-archive-csv
162860,Luleå-Kallax Flygplats,13,Rådande väder,"momentanvärde, 1 gång/tim resp 8 gånger/dygn",kod,1992-11-03T17:00:00Z,1992-11-03T18:00:00+01:00,720810000000,,71,71,Y,,corrected-archive-csv
162860,Luleå-Kallax Flygplats,13,Rådande väder,"momentanvärde, 1 gång/tim resp 8 gånger/dygn",kod,1992-11-03T18:00:00Z,1992-11-03T19:00:00+01:00,720813600000,,71,71,G,,corrected-archive-csv
162860,Luleå-Kallax Flygplats,13,Rådande väder,"momentanvärde, 1 gång/tim resp 8 gånger/dygn",kod,1992-11-03T19:00:00Z,1992-11-03T20:00:00+01:00,720817200000,,71,71,Y,,corrected-archive-csv
162860,Luleå-Kallax Flygplats,13,Rådande väder,"momentanvärde, 1 gång/tim resp 8 gånger/dygn",kod,1992-11-03T20:00:00Z,1992-11-03T21:00:00+01:00,720820800000,,71,71,Y,,corrected-archive-csv
162860,Luleå-Kallax Flygplats,13,Rådande väder,"momentanvärde, 1 gång/tim resp 8 gånger/dygn",kod,1992-11-03T21:00:00Z,1992-11-03T22:00:00+01:00,720824400000,,71,71,G,,corrected-archive-csv
162860,Luleå-Kallax Flygplats,13,Rådande väder,"momentanvärde, 1 gång/tim resp 8 gånger/dygn",kod,1992-11-03T22:00:00Z,1992-11-03T23:00:00+01:00,720828000000,,71,71,Y,,corrected-archive-csv
162860,Luleå-Kallax Flygplats,13,Rådande väder,"momentanvärde, 1 gång/tim resp 8 gånger/dygn",kod,1992-11-03T23:00:00Z,1992-11-04T00:00:00+01:00,720831600000,,22,22,Y,,corrected-archive-csv
162860,Luleå-Kallax Flygplats,13,Rådande väder,"momentanvärde, 1 gång/tim resp 8 gånger/dygn",kod,1992-11-04T00:00:00Z,1992-11-04T01:00:00+01:00,720835200000,,2,2,G,,corrected-archive-csv
162860,Luleå-Kallax Flygplats,13,Rådande väder,"momentanvärde, 1 gång/tim resp 8 gånger/dygn",kod,1992-11-04T03:00:00Z,1992-11-04T04:00:00+01:00,720846000000,,0,0,G,,corrected-archive-csv
162860,Luleå-Kallax Flygplats,13,Rådande väder,"momentanvärde, 1 gång/tim resp 8 gånger/dygn",kod,1992-11-04T06:00:00Z,1992-11-04T07:00:00+01:00,720856800000,,0,0,G,,corrected-archive-csv
162860,Luleå-Kallax Flygplats,13,Rådande väder,"momentanvärde, 1 gång/tim resp 8 gånger/dygn",kod,1992-11-04T09:00:00Z,1992-11-04T10:00:00+01:00,720867600000,,0,0,G,,corrected-archive-csv
162860,Luleå-Kallax Flygplats,13,Rådande väder,"momentanvärde, 1 gång/tim resp 8 gånger/dygn",kod,1992-11-04T12:00:00Z,1992-11-04T13:00:00+01:00,720878400000,,0,0,G,,corrected-archive-csv
162860,Luleå-Kallax Flygplats,13,Rådande väder,"momentanvärde, 1 gång/tim resp 8 gånger/dygn",kod,1992-11-04T15:00:00Z,1992-11-04T16:00:00+01:00,720889200000,,0,0,G,,corrected-archive-csv
162860,Luleå-Kallax Flygplats,13,Rådande väder,"momentanvärde, 1 gång/tim resp 8 gånger/dygn",kod,1992-11-04T18:00:00Z,1992-11-04T19:00:00+01:00,720900000000,,0,0,G,,corrected-archive-csv
162860,Luleå-Kallax Flygplats,13,Rådande väder,"momentanvärde, 1 gång/tim resp 8 gånger/dygn",kod,1992-11-04T21:00:00Z,1992-11-04T22:00:00+01:00,720910800000,,0,0,G,,corrected-archive-csv
162860,Luleå-Kallax Flygplats,13,Rådande väder,"momentanvärde, 1 gång/tim resp 8 gånger/dygn",kod,1992-11-05T03:00:00Z,1992-11-05T04:00:00+01:00,720932400000,,0,0,G,,corrected-archive-csv
162860,Luleå-Kallax Flygplats,13,Rådande väder,"momentanvärde, 1 gång/tim resp 8 gånger/dygn",kod,1992-11-05T06:00:00Z,1992-11-05T07:00:00+01:00,720943200000,,14,14,G,,corrected-archive-csv
162860,Luleå-Kallax Flygplats,13,Rådande väder,"momentanvärde, 1 gång/tim resp 8 gånger/dygn",kod,1992-11-05T07:00:00Z,1992-11-05T08:00:00+01:00,720946800000,,14,14,Y,,corrected-archive-csv
162860,Luleå-Kallax Flygplats,13,Rådande väder,"momentanvärde, 1 gång/tim resp 8 gånger/dygn",kod,1992-11-05T08:00:00Z,1992-11-05T09:00:00+01:00,720950400000,,2,2,Y,,corrected-archive-csv
162860,Luleå-Kallax Flygplats,13,Rådande väder,"momentanvärde, 1 gång/tim resp 8 gånger/dygn",kod,1992-11-05T09:00:00Z,1992-11-05T10:00:00+01:00,720954000000,,0,0,G,,corrected-archive-csv
162860,Luleå-Kallax Flygplats,13,Rådande väder,"momentanvärde, 1 gång/tim resp 8 gånger/dygn",kod,1992-11-05T10:00:00Z,1992-11-05T11:00:00+01:00,720957600000,,2,2,Y,,corrected-archive-csv
162860,Luleå-Kallax Flygplats,13,Rådande väder,"momentanvärde, 1 gång/tim resp 8 gånger/dygn",kod,1992-11-05T11:00:00Z,1992-11-05T12:00:00+01:00,720961200000,,2,2,Y,,corrected-archive-csv
162860,Luleå-Kallax Flygplats,13,Rådande väder,"momentanvärde, 1 gång/tim resp 8 gånger/dygn",kod,1992-11-05T12:00:00Z,1992-11-05T13:00:00+01:00,720964800000,,0,0,G,,corrected-archive-csv
162860,Luleå-Kallax Flygplats,13,Rådande väder,"momentanvärde, 1 gång/tim resp 8 gånger/dygn",kod,1992-11-05T15:00:00Z,1992-11-05T16:00:00+01:00,720975600000,,14,14,G,,corrected-archive-csv
162860,Luleå-Kallax Flygplats,13,Rådande väder,"momentanvärde, 1 gång/tim resp 8 gånger/dygn",kod,1992-11-05T18:00:00Z,1992-11-05T19:00:00+01:00,720986400000,,0,0,G,,corrected-archive-csv
162860,Luleå-Kallax Flygplats,13,Rådande väder,"momentanvärde, 1 gång/tim resp 8 gånger/dygn",kod,1992-11-05T21:00:00Z,1992-11-05T22:00:00+01:00,720997200000,,0,0,G,,corrected-archive-csv
162860,Luleå-Kallax Flygplats,13,Rådande väder,"momentanvärde, 1 gång/tim resp 8 gånger/dygn",kod,1992-11-06T00:00:00Z,1992-11-06T01:00:00+01:00,721008000000,,0,0,G,,corrected-archive-csv
162860,Luleå-Kallax Flygplats,13,Rådande väder,"momentanvärde, 1 gång/tim resp 8 gånger/dygn",kod,1992-11-06T06:00:00Z,1992-11-06T07:00:00+01:00,721029600000,,40,40,G,,corrected-archive-csv
162860,Luleå-Kallax Flygplats,13,Rådande väder,"momentanvärde, 1 gång/tim resp 8 gånger/dygn",kod,1992-11-06T07:00:00Z,1992-11-06T08:00:00+01:00,721033200000,,40,40,Y,,corrected-archive-csv
162860,Luleå-Kallax Flygplats,13,Rådande väder,"momentanvärde, 1 gång/tim resp 8 gånger/dygn",kod,1992-11-06T08:00:00Z,1992-11-06T09:00:00+01:00,721036800000,,41,41,Y,,corrected-archive-csv
162860,Luleå-Kallax Flygplats,13,Rådande väder,"momentanvärde, 1 gång/tim resp 8 gånger/dygn",kod,1992-11-06T09:00:00Z,1992-11-06T10:00:00+01:00,721040400000,,40,40,G,,corrected-archive-csv
162860,Luleå-Kallax Flygplats,13,Rådande väder,"momentanvärde, 1 gång/tim resp 8 gånger/dygn",kod,1992-11-06T10:00:00Z,1992-11-06T11:00:00+01:00,721044000000,,41,41,Y,,corrected-archive-csv
162860,Luleå-Kallax Flygplats,13,Rådande väder,"momentanvärde, 1 gång/tim resp 8 gånger/dygn",kod,1992-11-06T11:00:00Z,1992-11-06T12:00:00+01:00,721047600000,,77,77,Y,,corrected-archive-csv
162860,Luleå-Kallax Flygplats,13,Rådande väder,"momentanvärde, 1 gång/tim resp 8 gånger/dygn",kod,1992-11-06T12:00:00Z,1992-11-06T13:00:00+01:00,721051200000,,77,77,G,,corrected-archive-csv
162860,Luleå-Kallax Flygplats,13,Rådande väder,"momentanvärde, 1 gång/tim resp 8 gånger/dygn",kod,1992-11-06T13:00:00Z,1992-11-06T14:00:00+01:00,721054800000,,77,77,Y,,corrected-archive-csv
162860,Luleå-Kallax Flygplats,13,Rådande väder,"momentanvärde, 1 gång/tim resp 8 gånger/dygn",kod,1992-11-06T14:00:00Z,1992-11-06T15:00:00+01:00,721058400000,,77,77,Y,,corrected-archive-csv
162860,Luleå-Kallax Flygplats,13,Rådande väder,"momentanvärde, 1 gång/tim resp 8 gånger/dygn",kod,1992-11-06T15:00:00Z,1992-11-06T16:00:00+01:00,721062000000,,77,77,G,,corrected-archive-csv
162860,Luleå-Kallax Flygplats,13,Rådande väder,"momentanvärde, 1 gång/tim resp 8 gånger/dygn",kod,1992-11-06T16:00:00Z,1992-11-06T17:00:00+01:00,721065600000,,20,20,Y,,corrected-archive-csv
162860,Luleå-Kallax Flygplats,13,Rådande väder,"momentanvärde, 1 gång/tim resp 8 gånger/dygn",kod,1992-11-06T17:00:00Z,1992-11-06T18:00:00+01:00,721069200000,,77,77,Y,,corrected-archive-csv
162860,Luleå-Kallax Flygplats,13,Rådande väder,"momentanvärde, 1 gång/tim resp 8 gånger/dygn",kod,1992-11-06T18:00:00Z,1992-11-06T19:00:00+01:00,721072800000,,77,77,G,,corrected-archive-csv
162860,Luleå-Kallax Flygplats,13,Rådande väder,"momentanvärde, 1 gång/tim resp 8 gånger/dygn",kod,1992-11-06T19:00:00Z,1992-11-06T20:00:00+01:00,721076400000,,77,77,Y,,corrected-archive-csv
162860,Luleå-Kallax Flygplats,13,Rådande väder,"momentanvärde, 1 gång/tim resp 8 gånger/dygn",kod,1992-11-06T20:00:00Z,1992-11-06T21:00:00+01:00,721080000000,,77,77,Y,,corrected-archive-csv
162860,Luleå-Kallax Flygplats,13,Rådande väder,"momentanvärde, 1 gång/tim resp 8 gånger/dygn",kod,1992-11-06T21:00:00Z,1992-11-06T22:00:00+01:00,721083600000,,77,77,G,,corrected-archive-csv
162860,Luleå-Kallax Flygplats,13,Rådande väder,"momentanvärde, 1 gång/tim resp 8 gånger/dygn",kod,1992-11-06T22:00:00Z,1992-11-06T23:00:00+01:00,721087200000,,77,77,Y,,corrected-archive-csv
162860,Luleå-Kallax Flygplats,13,Rådande väder,"momentanvärde, 1 gång/tim resp 8 gånger/dygn",kod,1992-11-06T23:00:00Z,1992-11-07T00:00:00+01:00,721090800000,,77,77,Y,,corrected-archive-csv
162860,Luleå-Kallax Flygplats,13,Rådande väder,"momentanvärde, 1 gång/tim resp 8 gånger/dygn",kod,1992-11-07T00:00:00Z,1992-11-07T01:00:00+01:00,721094400000,,77,77,G,,corrected-archive-csv
162860,Luleå-Kallax Flygplats,13,Rådande väder,"momentanvärde, 1 gång/tim resp 8 gånger/dygn",kod,1992-11-07T01:00:00Z,1992-11-07T02:00:00+01:00,721098000000,,77,77,Y,,corrected-archive-csv
162860,Luleå-Kallax Flygplats,13,Rådande väder,"momentanvärde, 1 gång/tim resp 8 gånger/dygn",kod,1992-11-07T02:00:00Z,1992-11-07T03:00:00+01:00,721101600000,,77,77,Y,,corrected-archive-csv
162860,Luleå-Kallax Flygplats,13,Rådande väder,"momentanvärde, 1 gång/tim resp 8 gånger/dygn",kod,1992-11-07T03:00:00Z,1992-11-07T04:00:00+01:00,721105200000,,77,77,G,,corrected-archive-csv
162860,Luleå-Kallax Flygplats,13,Rådande väder,"momentanvärde, 1 gång/tim resp 8 gånger/dygn",kod,1992-11-07T04:00:00Z,1992-11-07T05:00:00+01:00,721108800000,,77,77,Y,,corrected-archive-csv
162860,Luleå-Kallax Flygplats,13,Rådande väder,"momentanvärde, 1 gång/tim resp 8 gånger/dygn",kod,1992-11-07T05:00:00Z,1992-11-07T06:00:00+01:00,721112400000,,77,77,Y,,corrected-archive-csv
162860,Luleå-Kallax Flygplats,13,Rådande väder,"momentanvärde, 1 gång/tim resp 8 gånger/dygn",kod,1992-11-07T06:00:00Z,1992-11-07T07:00:00+01:00,721116000000,,77,77,G,,corrected-archive-csv
162860,Luleå-Kallax Flygplats,13,Rådande väder,"momentanvärde, 1 gång/tim resp 8 gånger/dygn",kod,1992-11-07T07:00:00Z,1992-11-07T08:00:00+01:00,721119600000,,73,73,Y,,corrected-archive-csv
162860,Luleå-Kallax Flygplats,13,Rådande väder,"momentanvärde, 1 gång/tim resp 8 gånger/dygn",kod,1992-11-07T08:00:00Z,1992-11-07T09:00:00+01:00,721123200000,,71,71,Y,,corrected-archive-csv
162860,Luleå-Kallax Flygplats,13,Rådande väder,"momentanvärde, 1 gång/tim resp 8 gånger/dygn",kod,1992-11-07T09:00:00Z,1992-11-07T10:00:00+01:00,721126800000,,71,71,G,,corrected-archive-csv
162860,Luleå-Kallax Flygplats,13,Rådande väder,"momentanvärde, 1 gång/tim resp 8 gånger/dygn",kod,1992-11-07T10:00:00Z,1992-11-07T11:00:00+01:00,721130400000,,22,22,Y,,corrected-archive-csv
162860,Luleå-Kallax Flygplats,13,Rådande väder,"momentanvärde, 1 gång/tim resp 8 gånger/dygn",kod,1992-11-07T11:00:00Z,1992-11-07T12:00:00+01:00,721134000000,,1,1,Y,,corrected-archive-csv
162860,Luleå-Kallax Flygplats,13,Rådande väder,"momentanvärde, 1 gång/tim resp 8 gånger/dygn",kod,1992-11-07T12:00:00Z,1992-11-07T13:00:00+01:00,721137600000,,1,1,G,,corrected-archive-csv
162860,Luleå-Kallax Flygplats,13,Rådande väder,"momentanvärde, 1 gång/tim resp 8 gånger/dygn",kod,1992-11-07T15:00:00Z,1992-11-07T16:00:00+01:00,721148400000,,0,0,G,,corrected-archive-csv
162860,Luleå-Kallax Flygplats,13,Rådande väder,"momentanvärde, 1 gång/tim resp 8 gånger/dygn",kod,1992-11-07T18:00:00Z,1992-11-07T19:00:00+01:00,721159200000,,0,0,G,,corrected-archive-csv
162860,Luleå-Kallax Flygplats,13,Rådande väder,"momentanvärde, 1 gång/tim resp 8 gånger/dygn",kod,1992-11-07T21:00:00Z,1992-11-07T22:00:00+01:00,721170000000,,0,0,G,,corrected-archive-csv
162860,Luleå-Kallax Flygplats,13,Rådande väder,"momentanvärde, 1 gång/tim resp 8 gånger/dygn",kod,1992-11-08T00:00:00Z,1992-11-08T01:00:00+01:00,721180800000,,0,0,G,,corrected-archive-csv
162860,Luleå-Kallax Flygplats,13,Rådande väder,"momentanvärde, 1 gång/tim resp 8 gånger/dygn",kod,1992-11-08T03:00:00Z,1992-11-08T04:00:00+01:00,721191600000,,0,0,G,,corrected-archive-csv
162860,Luleå-Kallax Flygplats,13,Rådande väder,"momentanvärde, 1 gång/tim resp 8 gånger/dygn",kod,1992-11-08T06:00:00Z,1992-11-08T07:00:00+01:00,721202400000,,0,0,G,,corrected-archive-csv
162860,Luleå-Kallax Flygplats,13,Rådande väder,"momentanvärde, 1 gång/tim resp 8 gånger/dygn",kod,1992-11-08T09:00:00Z,1992-11-08T10:00:00+01:00,721213200000,,0,0,G,,corrected-archive-csv
162860,Luleå-Kallax Flygplats,13,Rådande väder,"momentanvärde, 1 gång/tim resp 8 gånger/dygn",kod,1992-11-08T12:00:00Z,1992-11-08T13:00:00+01:00,721224000000,,0,0,G,,corrected-archive-csv
162860,Luleå-Kallax Flygplats,13,Rådande väder,"momentanvärde, 1 gång/tim resp 8 gånger/dygn",kod,1992-11-08T15:00:00Z,1992-11-08T16:00:00+01:00,721234800000,,0,0,G,,corrected-archive-csv
162860,Luleå-Kallax Flygplats,13,Rådande väder,"momentanvärde, 1 gång/tim resp 8 gånger/dygn",kod,1992-11-08T18:00:00Z,1992-11-08T19:00:00+01:00,721245600000,,0,0,G,,corrected-archive-csv
162860,Luleå-Kallax Flygplats,13,Rådande väder,"momentanvärde, 1 gång/tim resp 8 gånger/dygn",kod,1992-11-08T21:00:00Z,1992-11-08T22:00:00+01:00,721256400000,,0,0,G,,corrected-archive-csv
162860,Luleå-Kallax Flygplats,13,Rådande väder,"momentanvärde, 1 gång/tim resp 8 gånger/dygn",kod,1992-11-09T00:00:00Z,1992-11-09T01:00:00+01:00,721267200000,,0,0,G,,corrected-archive-csv
162860,Luleå-Kallax Flygplats,13,Rådande väder,"momentanvärde, 1 gång/tim resp 8 gånger/dygn",kod,1992-11-09T03:00:00Z,1992-11-09T04:00:00+01:00,721278000000,,0,0,G,,corrected-archive-csv
162860,Luleå-Kallax Flygplats,13,Rådande väder,"momentanvärde, 1 gång/tim resp 8 gånger/dygn",kod,1992-11-09T06:00:00Z,1992-11-09T07:00:00+01:00,721288800000,,0,0,G,,corrected-archive-csv
162860,Luleå-Kallax Flygplats,13,Rådande väder,"momentanvärde, 1 gång/tim resp 8 gånger/dygn",kod,1992-11-09T09:00:00Z,1992-11-09T10:00:00+01:00,721299600000,,0,0,G,,corrected-archive-csv
162860,Luleå-Kallax Flygplats,13,Rådande väder,"momentanvärde, 1 gång/tim resp 8 gånger/dygn",kod,1992-11-09T12:00:00Z,1992-11-09T13:00:00+01:00,721310400000,,0,0,G,,corrected-archive-csv
162860,Luleå-Kallax Flygplats,13,Rådande väder,"momentanvärde, 1 gång/tim resp 8 gånger/dygn",kod,1992-11-09T15:00:00Z,1992-11-09T16:00:00+01:00,721321200000,,0,0,G,,corrected-archive-csv
162860,Luleå-Kallax Flygplats,13,Rådande väder,"momentanvärde, 1 gång/tim resp 8 gånger/dygn",kod,1992-11-09T18:00:00Z,1992-11-09T19:00:00+01:00,721332000000,,0,0,G,,corrected-archive-csv
162860,Luleå-Kallax Flygplats,13,Rådande väder,"momentanvärde, 1 gång/tim resp 8 gånger/dygn",kod,1992-11-09T21:00:00Z,1992-11-09T22:00:00+01:00,721342800000,,0,0,G,,corrected-archive-csv
162860,Luleå-Kallax Flygplats,13,Rådande väder,"momentanvärde, 1 gång/tim resp 8 gånger/dygn",kod,1992-11-10T00:00:00Z,1992-11-10T01:00:00+01:00,721353600000,,0,0,G,,corrected-archive-csv
162860,Luleå-Kallax Flygplats,13,Rådande väder,"momentanvärde, 1 gång/tim resp 8 gånger/dygn",kod,1992-11-10T03:00:00Z,1992-11-10T04:00:00+01:00,721364400000,,0,0,G,,corrected-archive-csv
162860,Luleå-Kallax Flygplats,13,Rådande väder,"momentanvärde, 1 gång/tim resp 8 gånger/dygn",kod,1992-11-10T06:00:00Z,1992-11-10T07:00:00+01:00,721375200000,,0,0,G,,corrected-archive-csv
162860,Luleå-Kallax Flygplats,13,Rådande väder,"momentanvärde, 1 gång/tim resp 8 gånger/dygn",kod,1992-11-10T09:00:00Z,1992-11-10T10:00:00+01:00,721386000000,,83,83,G,,corrected-archive-csv
162860,Luleå-Kallax Flygplats,13,Rådande väder,"momentanvärde, 1 gång/tim resp 8 gånger/dygn",kod,1992-11-10T10:00:00Z,1992-11-10T11:00:00+01:00,721389600000,,2,2,Y,,corrected-archive-csv
162860,Luleå-Kallax Flygplats,13,Rådande väder,"momentanvärde, 1 gång/tim resp 8 gånger/dygn",kod,1992-11-10T11:00:00Z,1992-11-10T12:00:00+01:00,721393200000,,2,2,Y,,corrected-archive-csv
162860,Luleå-Kallax Flygplats,13,Rådande väder,"momentanvärde, 1 gång/tim resp 8 gånger/dygn",kod,1992-11-10T12:00:00Z,1992-11-10T13:00:00+01:00,721396800000,,2,2,G,,corrected-archive-csv
162860,Luleå-Kallax Flygplats,13,Rådande väder,"momentanvärde, 1 gång/tim resp 8 gånger/dygn",kod,1992-11-10T15:00:00Z,1992-11-10T16:00:00+01:00,721407600000,,0,0,G,,corrected-archive-csv
162860,Luleå-Kallax Flygplats,13,Rådande väder,"momentanvärde, 1 gång/tim resp 8 gånger/dygn",kod,1992-11-10T18:00:00Z,1992-11-10T19:00:00+01:00,721418400000,,51,51,G,,corrected-archive-csv
162860,Luleå-Kallax Flygplats,13,Rådande väder,"momentanvärde, 1 gång/tim resp 8 gånger/dygn",kod,1992-11-10T19:00:00Z,1992-11-10T20:00:00+01:00,721422000000,,20,20,Y,,corrected-archive-csv
162860,Luleå-Kallax Flygplats,13,Rådande väder,"momentanvärde, 1 gång/tim resp 8 gånger/dygn",kod,1992-11-10T20:00:00Z,1992-11-10T21:00:00+01:00,721425600000,,2,2,Y,,corrected-archive-csv
162860,Luleå-Kallax Flygplats,13,Rådande väder,"momentanvärde, 1 gång/tim resp 8 gånger/dygn",kod,1992-11-10T21:00:00Z,1992-11-10T22:00:00+01:00,721429200000,,51,51,G,,corrected-archive-csv
162860,Luleå-Kallax Flygplats,13,Rådande väder,"momentanvärde, 1 gång/tim resp 8 gånger/dygn",kod,1992-11-10T22:00:00Z,1992-11-10T23:00:00+01:00,721432800000,,51,51,Y,,corrected-archive-csv
162860,Luleå-Kallax Flygplats,13,Rådande väder,"momentanvärde, 1 gång/tim resp 8 gånger/dygn",kod,1992-11-10T23:00:00Z,1992-11-11T00:00:00+01:00,721436400000,,51,51,Y,,corrected-archive-csv
162860,Luleå-Kallax Flygplats,13,Rådande väder,"momentanvärde, 1 gång/tim resp 8 gånger/dygn",kod,1992-11-11T00:00:00Z,1992-11-11T01:00:00+01:00,721440000000,,61,61,G,,corrected-archive-csv
162860,Luleå-Kallax Flygplats,13,Rådande väder,"momentanvärde, 1 gång/tim resp 8 gånger/dygn",kod,1992-11-11T01:00:00Z,1992-11-11T02:00:00+01:00,721443600000,,61,61,Y,,corrected-archive-csv
162860,Luleå-Kallax Flygplats,13,Rådande väder,"momentanvärde, 1 gång/tim resp 8 gånger/dygn",kod,1992-11-11T02:00:00Z,1992-11-11T03:00:00+01:00,721447200000,,61,61,Y,,corrected-archive-csv
162860,Luleå-Kallax Flygplats,13,Rådande väder,"momentanvärde, 1 gång/tim resp 8 gånger/dygn",kod,1992-11-11T03:00:00Z,1992-11-11T04:00:00+01:00,721450800000,,21,21,G,,corrected-archive-csv
162860,Luleå-Kallax Flygplats,13,Rådande väder,"momentanvärde, 1 gång/tim resp 8 gånger/dygn",kod,1992-11-11T04:00:00Z,1992-11-11T05:00:00+01:00,721454400000,,51,51,Y,,corrected-archive-csv
162860,Luleå-Kallax Flygplats,13,Rådande väder,"momentanvärde, 1 gång/tim resp 8 gånger/dygn",kod,1992-11-11T05:00:00Z,1992-11-11T06:00:00+01:00,721458000000,,51,51,Y,,corrected-archive-csv
162860,Luleå-Kallax Flygplats,13,Rådande väder,"momentanvärde, 1 gång/tim resp 8 gånger/dygn",kod,1992-11-11T06:00:00Z,1992-11-11T07:00:00+01:00,721461600000,,58,58,G,,corrected-archive-csv
162860,Luleå-Kallax Flygplats,13,Rådande väder,"momentanvärde, 1 gång/tim resp 8 gånger/dygn",kod,1992-11-11T07:00:00Z,1992-11-11T08:00:00+01:00,721465200000,,21,21,Y,,corrected-archive-csv
162860,Luleå-Kallax Flygplats,13,Rådande väder,"momentanvärde, 1 gång/tim resp 8 gånger/dygn",kod,1992-11-11T08:00:00Z,1992-11-11T09:00:00+01:00,721468800000,,51,51,Y,,corrected-archive-csv
162860,Luleå-Kallax Flygplats,13,Rådande väder,"momentanvärde, 1 gång/tim resp 8 gånger/dygn",kod,1992-11-11T09:00:00Z,1992-11-11T10:00:00+01:00,721472400000,,21,21,G,,corrected-archive-csv
162860,Luleå-Kallax Flygplats,13,Rådande väder,"momentanvärde, 1 gång/tim resp 8 gånger/dygn",kod,1992-11-11T10:00:00Z,1992-11-11T11:00:00+01:00,721476000000,,2,2,Y,,corrected-archive-csv
162860,Luleå-Kallax Flygplats,13,Rådande väder,"momentanvärde, 1 gång/tim resp 8 gånger/dygn",kod,1992-11-11T11:00:00Z,1992-11-11T12:00:00+01:00,721479600000,,2,2,Y,,corrected-archive-csv
162860,Luleå-Kallax Flygplats,13,Rådande väder,"momentanvärde, 1 gång/tim resp 8 gånger/dygn",kod,1992-11-11T12:00:00Z,1992-11-11T13:00:00+01:00,721483200000,,1,1,G,,corrected-archive-csv
162860,Luleå-Kallax Flygplats,13,Rådande väder,"momentanvärde, 1 gång/tim resp 8 gånger/dygn",kod,1992-11-11T15:00:00Z,1992-11-11T16:00:00+01:00,721494000000,,0,0,G,,corrected-archive-csv
162860,Luleå-Kallax Flygplats,13,Rådande väder,"momentanvärde, 1 gång/tim resp 8 gånger/dygn",kod,1992-11-11T18:00:00Z,1992-11-11T19:00:00+01:00,721504800000,,0,0,G,,corrected-archive-csv
162860,Luleå-Kallax Flygplats,13,Rådande väder,"momentanvärde, 1 gång/tim resp 8 gånger/dygn",kod,1992-11-11T21:00:00Z,1992-11-11T22:00:00+01:00,721515600000,,0,0,G,,corrected-archive-csv
162860,Luleå-Kallax Flygplats,13,Rådande väder,"momentanvärde, 1 gång/tim resp 8 gånger/dygn",kod,1992-11-12T00:00:00Z,1992-11-12T01:00:00+01:00,721526400000,,0,0,G,,corrected-archive-csv
162860,Luleå-Kallax Flygplats,13,Rådande väder,"momentanvärde, 1 gång/tim resp 8 gånger/dygn",kod,1992-11-12T03:00:00Z,1992-11-12T04:00:00+01:00,721537200000,,0,0,G,,corrected-archive-csv
162860,Luleå-Kallax Flygplats,13,Rådande väder,"momentanvärde, 1 gång/tim resp 8 gånger/dygn",kod,1992-11-12T04:00:00Z,1992-11-12T05:00:00+01:00,721540800000,,41,41,Y,,corrected-archive-csv
162860,Luleå-Kallax Flygplats,13,Rådande väder,"momentanvärde, 1 gång/tim resp 8 gånger/dygn",kod,1992-11-12T05:00:00Z,1992-11-12T06:00:00+01:00,721544400000,,42,42,Y,,corrected-archive-csv
162860,Luleå-Kallax Flygplats,13,Rådande väder,"momentanvärde, 1 gång/tim resp 8 gånger/dygn",kod,1992-11-12T06:00:00Z,1992-11-12T07:00:00+01:00,721548000000,,40,40,G,,corrected-archive-csv
162860,Luleå-Kallax Flygplats,13,Rådande väder,"momentanvärde, 1 gång/tim resp 8 gånger/dygn",kod,1992-11-12T07:00:00Z,1992-11-12T08:00:00+01:00,721551600000,,41,41,Y,,corrected-archive-csv
162860,Luleå-Kallax Flygplats,13,Rådande väder,"momentanvärde, 1 gång/tim resp 8 gånger/dygn",kod,1992-11-12T08:00:00Z,1992-11-12T09:00:00+01:00,721555200000,,53,53,Y,,corrected-archive-csv
162860,Luleå-Kallax Flygplats,13,Rådande väder,"momentanvärde, 1 gång/tim resp 8 gånger/dygn",kod,1992-11-12T09:00:00Z,1992-11-12T10:00:00+01:00,721558800000,,51,51,G,,corrected-archive-csv
162860,Luleå-Kallax Flygplats,13,Rådande väder,"momentanvärde, 1 gång/tim resp 8 gånger/dygn",kod,1992-11-12T10:00:00Z,1992-11-12T11:00:00+01:00,721562400000,,51,51,Y,,corrected-archive-csv
162860,Luleå-Kallax Flygplats,13,Rådande väder,"momentanvärde, 1 gång/tim resp 8 gånger/dygn",kod,1992-11-12T11:00:00Z,1992-11-12T12:00:00+01:00,721566000000,,68,68,Y,,corrected-archive-csv
162860,Luleå-Kallax Flygplats,13,Rådande väder,"momentanvärde, 1 gång/tim resp 8 gånger/dygn",kod,1992-11-12T12:00:00Z,1992-11-12T13:00:00+01:00,721569600000,,51,51,G,,corrected-archive-csv
162860,Luleå-Kallax Flygplats,13,Rådande väder,"momentanvärde, 1 gång/tim resp 8 gånger/dygn",kod,1992-11-12T13:00:00Z,1992-11-12T14:00:00+01:00,721573200000,,20,20,Y,,corrected-archive-csv
162860,Luleå-Kallax Flygplats,13,Rådande väder,"momentanvärde, 1 gång/tim resp 8 gånger/dygn",kod,1992-11-12T14:00:00Z,1992-11-12T15:00:00+01:00,721576800000,,10,10,Y,,corrected-archive-csv
162860,Luleå-Kallax Flygplats,13,Rådande väder,"momentanvärde, 1 gång/tim resp 8 gånger/dygn",kod,1992-11-12T15:00:00Z,1992-11-12T16:00:00+01:00,721580400000,,77,77,G,,corrected-archive-csv
162860,Luleå-Kallax Flygplats,13,Rådande väder,"momentanvärde, 1 gång/tim resp 8 gånger/dygn",kod,1992-11-12T16:00:00Z,1992-11-12T17:00:00+01:00,721584000000,,73,73,Y,,corrected-archive-csv
162860,Luleå-Kallax Flygplats,13,Rådande väder,"momentanvärde, 1 gång/tim resp 8 gånger/dygn",kod,1992-11-12T17:00:00Z,1992-11-12T18:00:00+01:00,721587600000,,73,73,Y,,corrected-archive-csv
162860,Luleå-Kallax Flygplats,13,Rådande väder,"momentanvärde, 1 gång/tim resp 8 gånger/dygn",kod,1992-11-12T18:00:00Z,1992-11-12T19:00:00+01:00,721591200000,,73,73,G,,corrected-archive-csv
162860,Luleå-Kallax Flygplats,13,Rådande väder,"momentanvärde, 1 gång/tim resp 8 gånger/dygn",kod,1992-11-12T19:00:00Z,1992-11-12T20:00:00+01:00,721594800000,,73,73,Y,,corrected-archive-csv
162860,Luleå-Kallax Flygplats,13,Rådande väder,"momentanvärde, 1 gång/tim resp 8 gånger/dygn",kod,1992-11-12T20:00:00Z,1992-11-12T21:00:00+01:00,721598400000,,71,71,Y,,corrected-archive-csv
162860,Luleå-Kallax Flygplats,13,Rådande väder,"momentanvärde, 1 gång/tim resp 8 gånger/dygn",kod,1992-11-12T21:00:00Z,1992-11-12T22:00:00+01:00,721602000000,,73,73,G,,corrected-archive-csv
162860,Luleå-Kallax Flygplats,13,Rådande väder,"momentanvärde, 1 gång/tim resp 8 gånger/dygn",kod,1992-11-12T22:00:00Z,1992-11-12T23:00:00+01:00,721605600000,,71,71,Y,,corrected-archive-csv
162860,Luleå-Kallax Flygplats,13,Rådande väder,"momentanvärde, 1 gång/tim resp 8 gånger/dygn",kod,1992-11-12T23:00:00Z,1992-11-13T00:00:00+01:00,721609200000,,71,71,Y,,corrected-archive-csv
162860,Luleå-Kallax Flygplats,13,Rådande väder,"momentanvärde, 1 gång/tim resp 8 gånger/dygn",kod,1992-11-13T00:00:00Z,1992-11-13T01:00:00+01:00,721612800000,,71,71,G,,corrected-archive-csv
162860,Luleå-Kallax Flygplats,13,Rådande väder,"momentanvärde, 1 gång/tim resp 8 gånger/dygn",kod,1992-11-13T01:00:00Z,1992-11-13T02:00:00+01:00,721616400000,,71,71,Y,,corrected-archive-csv
162860,Luleå-Kallax Flygplats,13,Rådande väder,"momentanvärde, 1 gång/tim resp 8 gånger/dygn",kod,1992-11-13T02:00:00Z,1992-11-13T03:00:00+01:00,721620000000,,71,71,Y,,corrected-archive-csv
162860,Luleå-Kallax Flygplats,13,Rådande väder,"momentanvärde, 1 gång/tim resp 8 gånger/dygn",kod,1992-11-13T03:00:00Z,1992-11-13T04:00:00+01:00,721623600000,,71,71,G,,corrected-archive-csv
162860,Luleå-Kallax Flygplats,13,Rådande väder,"momentanvärde, 1 gång/tim resp 8 gånger/dygn",kod,1992-11-13T04:00:00Z,1992-11-13T05:00:00+01:00,721627200000,,71,71,Y,,corrected-archive-csv
162860,Luleå-Kallax Flygplats,13,Rådande väder,"momentanvärde, 1 gång/tim resp 8 gånger/dygn",kod,1992-11-13T05:00:00Z,1992-11-13T06:00:00+01:00,721630800000,,73,73,Y,,corrected-archive-csv
162860,Luleå-Kallax Flygplats,13,Rådande väder,"momentanvärde, 1 gång/tim resp 8 gånger/dygn",kod,1992-11-13T06:00:00Z,1992-11-13T07:00:00+01:00,721634400000,,68,68,G,,corrected-archive-csv
162860,Luleå-Kallax Flygplats,13,Rådande väder,"momentanvärde, 1 gång/tim resp 8 gånger/dygn",kod,1992-11-13T07:00:00Z,1992-11-13T08:00:00+01:00,721638000000,,61,61,Y,,corrected-archive-csv
162860,Luleå-Kallax Flygplats,13,Rådande väder,"momentanvärde, 1 gång/tim resp 8 gånger/dygn",kod,1992-11-13T08:00:00Z,1992-11-13T09:00:00+01:00,721641600000,,61,61,Y,,corrected-archive-csv
162860,Luleå-Kallax Flygplats,13,Rådande väder,"momentanvärde, 1 gång/tim resp 8 gånger/dygn",kod,1992-11-13T09:00:00Z,1992-11-13T10:00:00+01:00,721645200000,,61,61,G,,corrected-archive-csv
162860,Luleå-Kallax Flygplats,13,Rådande väder,"momentanvärde, 1 gång/tim resp 8 gånger/dygn",kod,1992-11-13T10:00:00Z,1992-11-13T11:00:00+01:00,721648800000,,51,51,Y,,corrected-archive-csv
162860,Luleå-Kallax Flygplats,13,Rådande väder,"momentanvärde, 1 gång/tim resp 8 gånger/dygn",kod,1992-11-13T11:00:00Z,1992-11-13T12:00:00+01:00,721652400000,,87,87,Y,,corrected-archive-csv
162860,Luleå-Kallax Flygplats,13,Rådande väder,"momentanvärde, 1 gång/tim resp 8 gånger/dygn",kod,1992-11-13T12:00:00Z,1992-11-13T13:00:00+01:00,721656000000,,21,21,G,,corrected-archive-csv
162860,Luleå-Kallax Flygplats,13,Rådande väder,"momentanvärde, 1 gång/tim resp 8 gånger/dygn",kod,1992-11-13T13:00:00Z,1992-11-13T14:00:00+01:00,721659600000,,21,21,Y,,corrected-archive-csv
162860,Luleå-Kallax Flygplats,13,Rådande väder,"momentanvärde, 1 gång/tim resp 8 gånger/dygn",kod,1992-11-13T14:00:00Z,1992-11-13T15:00:00+01:00,721663200000,,10,10,Y,,corrected-archive-csv
162860,Luleå-Kallax Flygplats,13,Rådande väder,"momentanvärde, 1 gång/tim resp 8 gånger/dygn",kod,1992-11-13T15:00:00Z,1992-11-13T16:00:00+01:00,721666800000,,2,2,G,,corrected-archive-csv
162860,Luleå-Kallax Flygplats,13,Rådande väder,"momentanvärde, 1 gång/tim resp 8 gånger/dygn",kod,1992-11-13T16:00:00Z,1992-11-13T17:00:00+01:00,721670400000,,2,2,Y,,corrected-archive-csv
162860,Luleå-Kallax Flygplats,13,Rådande väder,"momentanvärde, 1 gång/tim resp 8 gånger/dygn",kod,1992-11-13T17:00:00Z,1992-11-13T18:00:00+01:00,721674000000,,2,2,Y,,corrected-archive-csv
162860,Luleå-Kallax Flygplats,13,Rådande väder,"momentanvärde, 1 gång/tim resp 8 gånger/dygn",kod,1992-11-13T18:00:00Z,1992-11-13T19:00:00+01:00,721677600000,,2,2,G,,corrected-archive-csv
162860,Luleå-Kallax Flygplats,13,Rådande väder,"momentanvärde, 1 gång/tim resp 8 gånger/dygn",kod,1992-11-13T21:00:00Z,1992-11-13T22:00:00+01:00,721688400000,,0,0,G,,corrected-archive-csv
162860,Luleå-Kallax Flygplats,13,Rådande väder,"momentanvärde, 1 gång/tim resp 8 gånger/dygn",kod,1992-11-13T22:00:00Z,1992-11-13T23:00:00+01:00,721692000000,,68,68,Y,,corrected-archive-csv
162860,Luleå-Kallax Flygplats,13,Rådande väder,"momentanvärde, 1 gång/tim resp 8 gånger/dygn",kod,1992-11-13T23:00:00Z,1992-11-14T00:00:00+01:00,721695600000,,68,68,Y,,corrected-archive-csv
162860,Luleå-Kallax Flygplats,13,Rådande väder,"momentanvärde, 1 gång/tim resp 8 gånger/dygn",kod,1992-11-14T00:00:00Z,1992-11-14T01:00:00+01:00,721699200000,,68,68,G,,corrected-archive-csv
162860,Luleå-Kallax Flygplats,13,Rådande väder,"momentanvärde, 1 gång/tim resp 8 gånger/dygn",kod,1992-11-14T01:00:00Z,1992-11-14T02:00:00+01:00,721702800000,,68,68,Y,,corrected-archive-csv
162860,Luleå-Kallax Flygplats,13,Rådande väder,"momentanvärde, 1 gång/tim resp 8 gånger/dygn",kod,1992-11-14T02:00:00Z,1992-11-14T03:00:00+01:00,721706400000,,68,68,Y,,corrected-archive-csv
162860,Luleå-Kallax Flygplats,13,Rådande väder,"momentanvärde, 1 gång/tim resp 8 gånger/dygn",kod,1992-11-14T03:00:00Z,1992-11-14T04:00:00+01:00,721710000000,,68,68,G,,corrected-archive-csv
162860,Luleå-Kallax Flygplats,13,Rådande väder,"momentanvärde, 1 gång/tim resp 8 gånger/dygn",kod,1992-11-14T04:00:00Z,1992-11-14T05:00:00+01:00,721713600000,,68,68,Y,,corrected-archive-csv
162860,Luleå-Kallax Flygplats,13,Rådande väder,"momentanvärde, 1 gång/tim resp 8 gånger/dygn",kod,1992-11-14T05:00:00Z,1992-11-14T06:00:00+01:00,721717200000,,68,68,Y,,corrected-archive-csv
162860,Luleå-Kallax Flygplats,13,Rådande väder,"momentanvärde, 1 gång/tim resp 8 gånger/dygn",kod,1992-11-14T06:00:00Z,1992-11-14T07:00:00+01:00,721720800000,,68,68,G,,corrected-archive-csv
162860,Luleå-Kallax Flygplats,13,Rådande väder,"momentanvärde, 1 gång/tim resp 8 gånger/dygn",kod,1992-11-14T07:00:00Z,1992-11-14T08:00:00+01:00,721724400000,,68,68,Y,,corrected-archive-csv
162860,Luleå-Kallax Flygplats,13,Rådande väder,"momentanvärde, 1 gång/tim resp 8 gånger/dygn",kod,1992-11-14T08:00:00Z,1992-11-14T09:00:00+01:00,721728000000,,68,68,Y,,corrected-archive-csv
162860,Luleå-Kallax Flygplats,13,Rådande väder,"momentanvärde, 1 gång/tim resp 8 gånger/dygn",kod,1992-11-14T09:00:00Z,1992-11-14T10:00:00+01:00,721731600000,,71,71,G,,corrected-archive-csv
162860,Luleå-Kallax Flygplats,13,Rådande väder,"momentanvärde, 1 gång/tim resp 8 gånger/dygn",kod,1992-11-14T10:00:00Z,1992-11-14T11:00:00+01:00,721735200000,,71,71,Y,,corrected-archive-csv
162860,Luleå-Kallax Flygplats,13,Rådande väder,"momentanvärde, 1 gång/tim resp 8 gånger/dygn",kod,1992-11-14T11:00:00Z,1992-11-14T12:00:00+01:00,721738800000,,71,71,Y,,corrected-archive-csv
162860,Luleå-Kallax Flygplats,13,Rådande väder,"momentanvärde, 1 gång/tim resp 8 gånger/dygn",kod,1992-11-14T12:00:00Z,1992-11-14T13:00:00+01:00,721742400000,,71,71,G,,corrected-archive-csv
162860,Luleå-Kallax Flygplats,13,Rådande väder,"momentanvärde, 1 gång/tim resp 8 gånger/dygn",kod,1992-11-14T13:00:00Z,1992-11-14T14:00:00+01:00,721746000000,,71,71,Y,,corrected-archive-csv
162860,Luleå-Kallax Flygplats,13,Rådande väder,"momentanvärde, 1 gång/tim resp 8 gånger/dygn",kod,1992-11-14T14:00:00Z,1992-11-14T15:00:00+01:00,721749600000,,71,71,Y,,corrected-archive-csv
162860,Luleå-Kallax Flygplats,13,Rådande väder,"momentanvärde, 1 gång/tim resp 8 gånger/dygn",kod,1992-11-14T15:00:00Z,1992-11-14T16:00:00+01:00,721753200000,,71,71,G,,corrected-archive-csv
162860,Luleå-Kallax Flygplats,13,Rådande väder,"momentanvärde, 1 gång/tim resp 8 gånger/dygn",kod,1992-11-14T16:00:00Z,1992-11-14T17:00:00+01:00,721756800000,,71,71,Y,,corrected-archive-csv
162860,Luleå-Kallax Flygplats,13,Rådande väder,"momentanvärde, 1 gång/tim resp 8 gånger/dygn",kod,1992-11-14T17:00:00Z,1992-11-14T18:00:00+01:00,721760400000,,71,71,Y,,corrected-archive-csv
162860,Luleå-Kallax Flygplats,13,Rådande väder,"momentanvärde, 1 gång/tim resp 8 gånger/dygn",kod,1992-11-14T18:00:00Z,1992-11-14T19:00:00+01:00,721764000000,,71,71,G,,corrected-archive-csv
162860,Luleå-Kallax Flygplats,13,Rådande väder,"momentanvärde, 1 gång/tim resp 8 gånger/dygn",kod,1992-11-14T19:00:00Z,1992-11-14T20:00:00+01:00,721767600000,,71,71,Y,,corrected-archive-csv
162860,Luleå-Kallax Flygplats,13,Rådande väder,"momentanvärde, 1 gång/tim resp 8 gånger/dygn",kod,1992-11-14T20:00:00Z,1992-11-14T21:00:00+01:00,721771200000,,71,71,Y,,corrected-archive-csv
162860,Luleå-Kallax Flygplats,13,Rådande väder,"momentanvärde, 1 gång/tim resp 8 gånger/dygn",kod,1992-11-14T21:00:00Z,1992-11-14T22:00:00+01:00,721774800000,,71,71,G,,corrected-archive-csv
162860,Luleå-Kallax Flygplats,13,Rådande väder,"momentanvärde, 1 gång/tim resp 8 gånger/dygn",kod,1992-11-14T22:00:00Z,1992-11-14T23:00:00+01:00,721778400000,,71,71,Y,,corrected-archive-csv
162860,Luleå-Kallax Flygplats,13,Rådande väder,"momentanvärde, 1 gång/tim resp 8 gånger/dygn",kod,1992-11-14T23:00:00Z,1992-11-15T00:00:00+01:00,721782000000,,22,22,Y,,corrected-archive-csv
162860,Luleå-Kallax Flygplats,13,Rådande väder,"momentanvärde, 1 gång/tim resp 8 gånger/dygn",kod,1992-11-15T00:00:00Z,1992-11-15T01:00:00+01:00,721785600000,,2,2,G,,corrected-archive-csv
162860,Luleå-Kallax Flygplats,13,Rådande väder,"momentanvärde, 1 gång/tim resp 8 gånger/dygn",kod,1992-11-15T03:00:00Z,1992-11-15T04:00:00+01:00,721796400000,,0,0,G,,corrected-archive-csv
162860,Luleå-Kallax Flygplats,13,Rådande väder,"momentanvärde, 1 gång/tim resp 8 gånger/dygn",kod,1992-11-15T06:00:00Z,1992-11-15T07:00:00+01:00,721807200000,,0,0,G,,corrected-archive-csv
162860,Luleå-Kallax Flygplats,13,Rådande väder,"momentanvärde, 1 gång/tim resp 8 gånger/dygn",kod,1992-11-15T07:00:00Z,1992-11-15T08:00:00+01:00,721810800000,,71,71,Y,,corrected-archive-csv
162860,Luleå-Kallax Flygplats,13,Rådande väder,"momentanvärde, 1 gång/tim resp 8 gånger/dygn",kod,1992-11-15T08:00:00Z,1992-11-15T09:00:00+01:00,721814400000,,22,22,Y,,corrected-archive-csv
162860,Luleå-Kallax Flygplats,13,Rådande väder,"momentanvärde, 1 gång/tim resp 8 gånger/dygn",kod,1992-11-15T09:00:00Z,1992-11-15T10:00:00+01:00,721818000000,,1,1,G,,corrected-archive-csv
162860,Luleå-Kallax Flygplats,13,Rådande väder,"momentanvärde, 1 gång/tim resp 8 gånger/dygn",kod,1992-11-15T10:00:00Z,1992-11-15T11:00:00+01:00,721821600000,,3,3,Y,,corrected-archive-csv
162860,Luleå-Kallax Flygplats,13,Rådande väder,"momentanvärde, 1 gång/tim resp 8 gånger/dygn",kod,1992-11-15T11:00:00Z,1992-11-15T12:00:00+01:00,721825200000,,71,71,Y,,corrected-archive-csv
162860,Luleå-Kallax Flygplats,13,Rådande väder,"momentanvärde, 1 gång/tim resp 8 gånger/dygn",kod,1992-11-15T12:00:00Z,1992-11-15T13:00:00+01:00,721828800000,,71,71,G,,corrected-archive-csv
162860,Luleå-Kallax Flygplats,13,Rådande väder,"momentanvärde, 1 gång/tim resp 8 gånger/dygn",kod,1992-11-15T13:00:00Z,1992-11-15T14:00:00+01:00,721832400000,,71,71,Y,,corrected-archive-csv
162860,Luleå-Kallax Flygplats,13,Rådande väder,"momentanvärde, 1 gång/tim resp 8 gånger/dygn",kod,1992-11-15T14:00:00Z,1992-11-15T15:00:00+01:00,721836000000,,71,71,Y,,corrected-archive-csv
162860,Luleå-Kallax Flygplats,13,Rådande väder,"momentanvärde, 1 gång/tim resp 8 gånger/dygn",kod,1992-11-15T15:00:00Z,1992-11-15T16:00:00+01:00,721839600000,,71,71,G,,corrected-archive-csv
162860,Luleå-Kallax Flygplats,13,Rådande väder,"momentanvärde, 1 gång/tim resp 8 gånger/dygn",kod,1992-11-15T16:00:00Z,1992-11-15T17:00:00+01:00,721843200000,,71,71,Y,,corrected-archive-csv
162860,Luleå-Kallax Flygplats,13,Rådande väder,"momentanvärde, 1 gång/tim resp 8 gånger/dygn",kod,1992-11-15T17:00:00Z,1992-11-15T18:00:00+01:00,721846800000,,71,71,Y,,corrected-archive-csv
162860,Luleå-Kallax Flygplats,13,Rådande väder,"momentanvärde, 1 gång/tim resp 8 gånger/dygn",kod,1992-11-15T18:00:00Z,1992-11-15T19:00:00+01:00,721850400000,,71,71,G,,corrected-archive-csv
162860,Luleå-Kallax Flygplats,13,Rådande väder,"momentanvärde, 1 gång/tim resp 8 gånger/dygn",kod,1992-11-15T19:00:00Z,1992-11-15T20:00:00+01:00,721854000000,,71,71,Y,,corrected-archive-csv
162860,Luleå-Kallax Flygplats,13,Rådande väder,"momentanvärde, 1 gång/tim resp 8 gånger/dygn",kod,1992-11-15T20:00:00Z,1992-11-15T21:00:00+01:00,721857600000,,71,71,Y,,corrected-archive-csv
162860,Luleå-Kallax Flygplats,13,Rådande väder,"momentanvärde, 1 gång/tim resp 8 gånger/dygn",kod,1992-11-15T21:00:00Z,1992-11-15T22:00:00+01:00,721861200000,,71,71,G,,corrected-archive-csv
162860,Luleå-Kallax Flygplats,13,Rådande väder,"momentanvärde, 1 gång/tim resp 8 gånger/dygn",kod,1992-11-15T22:00:00Z,1992-11-15T23:00:00+01:00,721864800000,,71,71,Y,,corrected-archive-csv
162860,Luleå-Kallax Flygplats,13,Rådande väder,"momentanvärde, 1 gång/tim resp 8 gånger/dygn",kod,1992-11-15T23:00:00Z,1992-11-16T00:00:00+01:00,721868400000,,71,71,Y,,corrected-archive-csv
162860,Luleå-Kallax Flygplats,13,Rådande väder,"momentanvärde, 1 gång/tim resp 8 gånger/dygn",kod,1992-11-16T00:00:00Z,1992-11-16T01:00:00+01:00,721872000000,,71,71,G,,corrected-archive-csv
162860,Luleå-Kallax Flygplats,13,Rådande väder,"momentanvärde, 1 gång/tim resp 8 gånger/dygn",kod,1992-11-16T01:00:00Z,1992-11-16T02:00:00+01:00,721875600000,,22,22,Y,,corrected-archive-csv
162860,Luleå-Kallax Flygplats,13,Rådande väder,"momentanvärde, 1 gång/tim resp 8 gånger/dygn",kod,1992-11-16T02:00:00Z,1992-11-16T03:00:00+01:00,721879200000,,2,2,Y,,corrected-archive-csv
162860,Luleå-Kallax Flygplats,13,Rådande väder,"momentanvärde, 1 gång/tim resp 8 gånger/dygn",kod,1992-11-16T03:00:00Z,1992-11-16T04:00:00+01:00,721882800000,,2,2,G,,corrected-archive-csv
162860,Luleå-Kallax Flygplats,13,Rådande väder,"momentanvärde, 1 gång/tim resp 8 gånger/dygn",kod,1992-11-16T04:00:00Z,1992-11-16T05:00:00+01:00,721886400000,,2,2,Y,,corrected-archive-csv
162860,Luleå-Kallax Flygplats,13,Rådande väder,"momentanvärde, 1 gång/tim resp 8 gånger/dygn",kod,1992-11-16T05:00:00Z,1992-11-16T06:00:00+01:00,721890000000,,71,71,Y,,corrected-archive-csv
162860,Luleå-Kallax Flygplats,13,Rådande väder,"momentanvärde, 1 gång/tim resp 8 gånger/dygn",kod,1992-11-16T06:00:00Z,1992-11-16T07:00:00+01:00,721893600000,,71,71,G,,corrected-archive-csv
162860,Luleå-Kallax Flygplats,13,Rådande väder,"momentanvärde, 1 gång/tim resp 8 gånger/dygn",kod,1992-11-16T07:00:00Z,1992-11-16T08:00:00+01:00,721897200000,,71,71,Y,,corrected-archive-csv
162860,Luleå-Kallax Flygplats,13,Rådande väder,"momentanvärde, 1 gång/tim resp 8 gånger/dygn",kod,1992-11-16T08:00:00Z,1992-11-16T09:00:00+01:00,721900800000,,71,71,Y,,corrected-archive-csv
162860,Luleå-Kallax Flygplats,13,Rådande väder,"momentanvärde, 1 gång/tim resp 8 gånger/dygn",kod,1992-11-16T09:00:00Z,1992-11-16T10:00:00+01:00,721904400000,,71,71,G,,corrected-archive-csv
162860,Luleå-Kallax Flygplats,13,Rådande väder,"momentanvärde, 1 gång/tim resp 8 gånger/dygn",kod,1992-11-16T10:00:00Z,1992-11-16T11:00:00+01:00,721908000000,,71,71,Y,,corrected-archive-csv
162860,Luleå-Kallax Flygplats,13,Rådande väder,"momentanvärde, 1 gång/tim resp 8 gånger/dygn",kod,1992-11-16T11:00:00Z,1992-11-16T12:00:00+01:00,721911600000,,71,71,Y,,corrected-archive-csv
162860,Luleå-Kallax Flygplats,13,Rådande väder,"momentanvärde, 1 gång/tim resp 8 gånger/dygn",kod,1992-11-16T12:00:00Z,1992-11-16T13:00:00+01:00,721915200000,,71,71,G,,corrected-archive-csv
162860,Luleå-Kallax Flygplats,13,Rådande väder,"momentanvärde, 1 gång/tim resp 8 gånger/dygn",kod,1992-11-16T13:00:00Z,1992-11-16T14:00:00+01:00,721918800000,,22,22,Y,,corrected-archive-csv
162860,Luleå-Kallax Flygplats,13,Rådande väder,"momentanvärde, 1 gång/tim resp 8 gånger/dygn",kod,1992-11-16T14:00:00Z,1992-11-16T15:00:00+01:00,721922400000,,2,2,Y,,corrected-archive-csv
162860,Luleå-Kallax Flygplats,13,Rådande väder,"momentanvärde, 1 gång/tim resp 8 gånger/dygn",kod,1992-11-16T15:00:00Z,1992-11-16T16:00:00+01:00,721926000000,,2,2,G,,corrected-archive-csv
162860,Luleå-Kallax Flygplats,13,Rådande väder,"momentanvärde, 1 gång/tim resp 8 gånger/dygn",kod,1992-11-16T16:00:00Z,1992-11-16T17:00:00+01:00,721929600000,,2,2,Y,,corrected-archive-csv
162860,Luleå-Kallax Flygplats,13,Rådande väder,"momentanvärde, 1 gång/tim resp 8 gånger/dygn",kod,1992-11-16T17:00:00Z,1992-11-16T18:00:00+01:00,721933200000,,71,71,Y,,corrected-archive-csv
162860,Luleå-Kallax Flygplats,13,Rådande väder,"momentanvärde, 1 gång/tim resp 8 gånger/dygn",kod,1992-11-16T18:00:00Z,1992-11-16T19:00:00+01:00,721936800000,,71,71,G,,corrected-archive-csv
162860,Luleå-Kallax Flygplats,13,Rådande väder,"momentanvärde, 1 gång/tim resp 8 gånger/dygn",kod,1992-11-16T19:00:00Z,1992-11-16T20:00:00+01:00,721940400000,,70,70,Y,,corrected-archive-csv
162860,Luleå-Kallax Flygplats,13,Rådande väder,"momentanvärde, 1 gång/tim resp 8 gånger/dygn",kod,1992-11-16T20:00:00Z,1992-11-16T21:00:00+01:00,721944000000,,70,70,Y,,corrected-archive-csv
162860,Luleå-Kallax Flygplats,13,Rådande väder,"momentanvärde, 1 gång/tim resp 8 gånger/dygn",kod,1992-11-16T21:00:00Z,1992-11-16T22:00:00+01:00,721947600000,,22,22,G,,corrected-archive-csv
162860,Luleå-Kallax Flygplats,13,Rådande väder,"momentanvärde, 1 gång/tim resp 8 gånger/dygn",kod,1992-11-16T22:00:00Z,1992-11-16T23:00:00+01:00,721951200000,,2,2,Y,,corrected-archive-csv
162860,Luleå-Kallax Flygplats,13,Rådande väder,"momentanvärde, 1 gång/tim resp 8 gånger/dygn",kod,1992-11-16T23:00:00Z,1992-11-17T00:00:00+01:00,721954800000,,22,22,Y,,corrected-archive-csv
162860,Luleå-Kallax Flygplats,13,Rådande väder,"momentanvärde, 1 gång/tim resp 8 gånger/dygn",kod,1992-11-17T00:00:00Z,1992-11-17T01:00:00+01:00,721958400000,,2,2,G,,corrected-archive-csv
162860,Luleå-Kallax Flygplats,13,Rådande väder,"momentanvärde, 1 gång/tim resp 8 gånger/dygn",kod,1992-11-17T01:00:00Z,1992-11-17T02:00:00+01:00,721962000000,,71,71,Y,,corrected-archive-csv
162860,Luleå-Kallax Flygplats,13,Rådande väder,"momentanvärde, 1 gång/tim resp 8 gånger/dygn",kod,1992-11-17T02:00:00Z,1992-11-17T03:00:00+01:00,721965600000,,71,71,Y,,corrected-archive-csv
162860,Luleå-Kallax Flygplats,13,Rådande väder,"momentanvärde, 1 gång/tim resp 8 gånger/dygn",kod,1992-11-17T03:00:00Z,1992-11-17T04:00:00+01:00,721969200000,,71,71,G,,corrected-archive-csv
162860,Luleå-Kallax Flygplats,13,Rådande väder,"momentanvärde, 1 gång/tim resp 8 gånger/dygn",kod,1992-11-17T04:00:00Z,1992-11-17T05:00:00+01:00,721972800000,,71,71,Y,,corrected-archive-csv
162860,Luleå-Kallax Flygplats,13,Rådande väder,"momentanvärde, 1 gång/tim resp 8 gånger/dygn",kod,1992-11-17T05:00:00Z,1992-11-17T06:00:00+01:00,721976400000,,71,71,Y,,corrected-archive-csv
162860,Luleå-Kallax Flygplats,13,Rådande väder,"momentanvärde, 1 gång/tim resp 8 gånger/dygn",kod,1992-11-17T06:00:00Z,1992-11-17T07:00:00+01:00,721980000000,,71,71,G,,corrected-archive-csv
162860,Luleå-Kallax Flygplats,13,Rådande väder,"momentanvärde, 1 gång/tim resp 8 gånger/dygn",kod,1992-11-17T07:00:00Z,1992-11-17T08:00:00+01:00,721983600000,,71,71,Y,,corrected-archive-csv
162860,Luleå-Kallax Flygplats,13,Rådande väder,"momentanvärde, 1 gång/tim resp 8 gånger/dygn",kod,1992-11-17T08:00:00Z,1992-11-17T09:00:00+01:00,721987200000,,71,71,Y,,corrected-archive-csv
162860,Luleå-Kallax Flygplats,13,Rådande väder,"momentanvärde, 1 gång/tim resp 8 gånger/dygn",kod,1992-11-17T09:00:00Z,1992-11-17T10:00:00+01:00,721990800000,,71,71,G,,corrected-archive-csv
162860,Luleå-Kallax Flygplats,13,Rådande väder,"momentanvärde, 1 gång/tim resp 8 gånger/dygn",kod,1992-11-17T10:00:00Z,1992-11-17T11:00:00+01:00,721994400000,,71,71,Y,,corrected-archive-csv
162860,Luleå-Kallax Flygplats,13,Rådande väder,"momentanvärde, 1 gång/tim resp 8 gånger/dygn",kod,1992-11-17T11:00:00Z,1992-11-17T12:00:00+01:00,721998000000,,71,71,Y,,corrected-archive-csv
162860,Luleå-Kallax Flygplats,13,Rådande väder,"momentanvärde, 1 gång/tim resp 8 gånger/dygn",kod,1992-11-17T12:00:00Z,1992-11-17T13:00:00+01:00,722001600000,,71,71,G,,corrected-archive-csv
162860,Luleå-Kallax Flygplats,13,Rådande väder,"momentanvärde, 1 gång/tim resp 8 gånger/dygn",kod,1992-11-17T13:00:00Z,1992-11-17T14:00:00+01:00,722005200000,,71,71,Y,,corrected-archive-csv
162860,Luleå-Kallax Flygplats,13,Rådande väder,"momentanvärde, 1 gång/tim resp 8 gånger/dygn",kod,1992-11-17T14:00:00Z,1992-11-17T15:00:00+01:00,722008800000,,22,22,Y,,corrected-archive-csv
162860,Luleå-Kallax Flygplats,13,Rådande väder,"momentanvärde, 1 gång/tim resp 8 gånger/dygn",kod,1992-11-17T15:00:00Z,1992-11-17T16:00:00+01:00,722012400000,,71,71,G,,corrected-archive-csv
162860,Luleå-Kallax Flygplats,13,Rådande väder,"momentanvärde, 1 gång/tim resp 8 gånger/dygn",kod,1992-11-17T16:00:00Z,1992-11-17T17:00:00+01:00,722016000000,,22,22,Y,,corrected-archive-csv
162860,Luleå-Kallax Flygplats,13,Rådande väder,"momentanvärde, 1 gång/tim resp 8 gånger/dygn",kod,1992-11-17T17:00:00Z,1992-11-17T18:00:00+01:00,722019600000,,71,71,Y,,corrected-archive-csv
162860,Luleå-Kallax Flygplats,13,Rådande väder,"momentanvärde, 1 gång/tim resp 8 gånger/dygn",kod,1992-11-17T18:00:00Z,1992-11-17T19:00:00+01:00,722023200000,,71,71,G,,corrected-archive-csv
162860,Luleå-Kallax Flygplats,13,Rådande väder,"momentanvärde, 1 gång/tim resp 8 gånger/dygn",kod,1992-11-17T19:00:00Z,1992-11-17T20:00:00+01:00,722026800000,,71,71,Y,,corrected-archive-csv
162860,Luleå-Kallax Flygplats,13,Rådande väder,"momentanvärde, 1 gång/tim resp 8 gånger/dygn",kod,1992-11-17T20:00:00Z,1992-11-17T21:00:00+01:00,722030400000,,71,71,Y,,corrected-archive-csv
162860,Luleå-Kallax Flygplats,13,Rådande väder,"momentanvärde, 1 gång/tim resp 8 gånger/dygn",kod,1992-11-17T21:00:00Z,1992-11-17T22:00:00+01:00,722034000000,,71,71,G,,corrected-archive-csv
162860,Luleå-Kallax Flygplats,13,Rådande väder,"momentanvärde, 1 gång/tim resp 8 gånger/dygn",kod,1992-11-17T22:00:00Z,1992-11-17T23:00:00+01:00,722037600000,,71,71,Y,,corrected-archive-csv
162860,Luleå-Kallax Flygplats,13,Rådande väder,"momentanvärde, 1 gång/tim resp 8 gånger/dygn",kod,1992-11-17T23:00:00Z,1992-11-18T00:00:00+01:00,722041200000,,71,71,Y,,corrected-archive-csv
162860,Luleå-Kallax Flygplats,13,Rådande väder,"momentanvärde, 1 gång/tim resp 8 gånger/dygn",kod,1992-11-18T00:00:00Z,1992-11-18T01:00:00+01:00,722044800000,,71,71,G,,corrected-archive-csv
162860,Luleå-Kallax Flygplats,13,Rådande väder,"momentanvärde, 1 gång/tim resp 8 gånger/dygn",kod,1992-11-18T01:00:00Z,1992-11-18T02:00:00+01:00,722048400000,,71,71,Y,,corrected-archive-csv
162860,Luleå-Kallax Flygplats,13,Rådande väder,"momentanvärde, 1 gång/tim resp 8 gånger/dygn",kod,1992-11-18T02:00:00Z,1992-11-18T03:00:00+01:00,722052000000,,71,71,Y,,corrected-archive-csv
162860,Luleå-Kallax Flygplats,13,Rådande väder,"momentanvärde, 1 gång/tim resp 8 gånger/dygn",kod,1992-11-18T03:00:00Z,1992-11-18T04:00:00+01:00,722055600000,,71,71,G,,corrected-archive-csv
162860,Luleå-Kallax Flygplats,13,Rådande väder,"momentanvärde, 1 gång/tim resp 8 gånger/dygn",kod,1992-11-18T04:00:00Z,1992-11-18T05:00:00+01:00,722059200000,,71,71,Y,,corrected-archive-csv
162860,Luleå-Kallax Flygplats,13,Rådande väder,"momentanvärde, 1 gång/tim resp 8 gånger/dygn",kod,1992-11-18T05:00:00Z,1992-11-18T06:00:00+01:00,722062800000,,71,71,Y,,corrected-archive-csv
162860,Luleå-Kallax Flygplats,13,Rådande väder,"momentanvärde, 1 gång/tim resp 8 gånger/dygn",kod,1992-11-18T06:00:00Z,1992-11-18T07:00:00+01:00,722066400000,,71,71,G,,corrected-archive-csv
162860,Luleå-Kallax Flygplats,13,Rådande väder,"momentanvärde, 1 gång/tim resp 8 gånger/dygn",kod,1992-11-18T07:00:00Z,1992-11-18T08:00:00+01:00,722070000000,,71,71,Y,,corrected-archive-csv
162860,Luleå-Kallax Flygplats,13,Rådande väder,"momentanvärde, 1 gång/tim resp 8 gånger/dygn",kod,1992-11-18T08:00:00Z,1992-11-18T09:00:00+01:00,722073600000,,71,71,Y,,corrected-archive-csv
162860,Luleå-Kallax Flygplats,13,Rådande väder,"momentanvärde, 1 gång/tim resp 8 gånger/dygn",kod,1992-11-18T09:00:00Z,1992-11-18T10:00:00+01:00,722077200000,,71,71,G,,corrected-archive-csv
162860,Luleå-Kallax Flygplats,13,Rådande väder,"momentanvärde, 1 gång/tim resp 8 gånger/dygn",kod,1992-11-18T10:00:00Z,1992-11-18T11:00:00+01:00,722080800000,,71,71,Y,,corrected-archive-csv
162860,Luleå-Kallax Flygplats,13,Rådande väder,"momentanvärde, 1 gång/tim resp 8 gånger/dygn",kod,1992-11-18T11:00:00Z,1992-11-18T12:00:00+01:00,722084400000,,71,71,Y,,corrected-archive-csv
162860,Luleå-Kallax Flygplats,13,Rådande väder,"momentanvärde, 1 gång/tim resp 8 gånger/dygn",kod,1992-11-18T12:00:00Z,1992-11-18T13:00:00+01:00,722088000000,,71,71,G,,corrected-archive-csv
162860,Luleå-Kallax Flygplats,13,Rådande väder,"momentanvärde, 1 gång/tim resp 8 gånger/dygn",kod,1992-11-18T13:00:00Z,1992-11-18T14:00:00+01:00,722091600000,,71,71,Y,,corrected-archive-csv
162860,Luleå-Kallax Flygplats,13,Rådande väder,"momentanvärde, 1 gång/tim resp 8 gånger/dygn",kod,1992-11-18T14:00:00Z,1992-11-18T15:00:00+01:00,722095200000,,22,22,Y,,corrected-archive-csv
162860,Luleå-Kallax Flygplats,13,Rådande väder,"momentanvärde, 1 gång/tim resp 8 gånger/dygn",kod,1992-11-18T15:00:00Z,1992-11-18T16:00:00+01:00,722098800000,,1,1,G,,corrected-archive-csv
162860,Luleå-Kallax Flygplats,13,Rådande väder,"momentanvärde, 1 gång/tim resp 8 gånger/dygn",kod,1992-11-18T16:00:00Z,1992-11-18T17:00:00+01:00,722102400000,,1,1,Y,,corrected-archive-csv
162860,Luleå-Kallax Flygplats,13,Rådande väder,"momentanvärde, 1 gång/tim resp 8 gånger/dygn",kod,1992-11-18T17:00:00Z,1992-11-18T18:00:00+01:00,722106000000,,2,2,Y,,corrected-archive-csv
162860,Luleå-Kallax Flygplats,13,Rådande väder,"momentanvärde, 1 gång/tim resp 8 gånger/dygn",kod,1992-11-18T18:00:00Z,1992-11-18T19:00:00+01:00,722109600000,,3,3,G,,corrected-archive-csv
162860,Luleå-Kallax Flygplats,13,Rådande väder,"momentanvärde, 1 gång/tim resp 8 gånger/dygn",kod,1992-11-18T19:00:00Z,1992-11-18T20:00:00+01:00,722113200000,,71,71,Y,,corrected-archive-csv
162860,Luleå-Kallax Flygplats,13,Rådande väder,"momentanvärde, 1 gång/tim resp 8 gånger/dygn",kod,1992-11-18T20:00:00Z,1992-11-18T21:00:00+01:00,722116800000,,71,71,Y,,corrected-archive-csv
162860,Luleå-Kallax Flygplats,13,Rådande väder,"momentanvärde, 1 gång/tim resp 8 gånger/dygn",kod,1992-11-18T21:00:00Z,1992-11-18T22:00:00+01:00,722120400000,,71,71,G,,corrected-archive-csv
162860,Luleå-Kallax Flygplats,13,Rådande väder,"momentanvärde, 1 gång/tim resp 8 gånger/dygn",kod,1992-11-18T22:00:00Z,1992-11-18T23:00:00+01:00,722124000000,,71,71,Y,,corrected-archive-csv
162860,Luleå-Kallax Flygplats,13,Rådande väder,"momentanvärde, 1 gång/tim resp 8 gånger/dygn",kod,1992-11-18T23:00:00Z,1992-11-19T00:00:00+01:00,722127600000,,22,22,Y,,corrected-archive-csv
162860,Luleå-Kallax Flygplats,13,Rådande väder,"momentanvärde, 1 gång/tim resp 8 gånger/dygn",kod,1992-11-19T00:00:00Z,1992-11-19T01:00:00+01:00,722131200000,,2,2,G,,corrected-archive-csv
162860,Luleå-Kallax Flygplats,13,Rådande väder,"momentanvärde, 1 gång/tim resp 8 gånger/dygn",kod,1992-11-19T03:00:00Z,1992-11-19T04:00:00+01:00,722142000000,,0,0,G,,corrected-archive-csv
162860,Luleå-Kallax Flygplats,13,Rådande väder,"momentanvärde, 1 gång/tim resp 8 gånger/dygn",kod,1992-11-19T05:00:00Z,1992-11-19T06:00:00+01:00,722149200000,,71,71,Y,,corrected-archive-csv
162860,Luleå-Kallax Flygplats,13,Rådande väder,"momentanvärde, 1 gång/tim resp 8 gånger/dygn",kod,1992-11-19T06:00:00Z,1992-11-19T07:00:00+01:00,722152800000,,22,22,G,,corrected-archive-csv
162860,Luleå-Kallax Flygplats,13,Rådande väder,"momentanvärde, 1 gång/tim resp 8 gånger/dygn",kod,1992-11-19T07:00:00Z,1992-11-19T08:00:00+01:00,722156400000,,71,71,Y,,corrected-archive-csv
162860,Luleå-Kallax Flygplats,13,Rådande väder,"momentanvärde, 1 gång/tim resp 8 gånger/dygn",kod,1992-11-19T08:00:00Z,1992-11-19T09:00:00+01:00,722160000000,,71,71,Y,,corrected-archive-csv
162860,Luleå-Kallax Flygplats,13,Rådande väder,"momentanvärde, 1 gång/tim resp 8 gånger/dygn",kod,1992-11-19T09:00:00Z,1992-11-19T10:00:00+01:00,722163600000,,71,71,G,,corrected-archive-csv
162860,Luleå-Kallax Flygplats,13,Rådande väder,"momentanvärde, 1 gång/tim resp 8 gånger/dygn",kod,1992-11-19T10:00:00Z,1992-11-19T11:00:00+01:00,722167200000,,22,22,Y,,corrected-archive-csv
162860,Luleå-Kallax Flygplats,13,Rådande väder,"momentanvärde, 1 gång/tim resp 8 gånger/dygn",kod,1992-11-19T11:00:00Z,1992-11-19T12:00:00+01:00,722170800000,,2,2,Y,,corrected-archive-csv
162860,Luleå-Kallax Flygplats,13,Rådande väder,"momentanvärde, 1 gång/tim resp 8 gånger/dygn",kod,1992-11-19T12:00:00Z,1992-11-19T13:00:00+01:00,722174400000,,2,2,G,,corrected-archive-csv
162860,Luleå-Kallax Flygplats,13,Rådande väder,"momentanvärde, 1 gång/tim resp 8 gånger/dygn",kod,1992-11-19T15:00:00Z,1992-11-19T16:00:00+01:00,722185200000,,0,0,G,,corrected-archive-csv
162860,Luleå-Kallax Flygplats,13,Rådande väder,"momentanvärde, 1 gång/tim resp 8 gånger/dygn",kod,1992-11-19T18:00:00Z,1992-11-19T19:00:00+01:00,722196000000,,0,0,G,,corrected-archive-csv
162860,Luleå-Kallax Flygplats,13,Rådande väder,"momentanvärde, 1 gång/tim resp 8 gånger/dygn",kod,1992-11-19T19:00:00Z,1992-11-19T20:00:00+01:00,722199600000,,71,71,Y,,corrected-archive-csv
162860,Luleå-Kallax Flygplats,13,Rådande väder,"momentanvärde, 1 gång/tim resp 8 gånger/dygn",kod,1992-11-19T20:00:00Z,1992-11-19T21:00:00+01:00,722203200000,,71,71,Y,,corrected-archive-csv
162860,Luleå-Kallax Flygplats,13,Rådande väder,"momentanvärde, 1 gång/tim resp 8 gånger/dygn",kod,1992-11-19T21:00:00Z,1992-11-19T22:00:00+01:00,722206800000,,71,71,G,,corrected-archive-csv
162860,Luleå-Kallax Flygplats,13,Rådande väder,"momentanvärde, 1 gång/tim resp 8 gånger/dygn",kod,1992-11-19T22:00:00Z,1992-11-19T23:00:00+01:00,722210400000,,71,71,Y,,corrected-archive-csv
162860,Luleå-Kallax Flygplats,13,Rådande väder,"momentanvärde, 1 gång/tim resp 8 gånger/dygn",kod,1992-11-19T23:00:00Z,1992-11-20T00:00:00+01:00,722214000000,,71,71,Y,,corrected-archive-csv
162860,Luleå-Kallax Flygplats,13,Rådande väder,"momentanvärde, 1 gång/tim resp 8 gånger/dygn",kod,1992-11-20T00:00:00Z,1992-11-20T01:00:00+01:00,722217600000,,71,71,G,,corrected-archive-csv
162860,Luleå-Kallax Flygplats,13,Rådande väder,"momentanvärde, 1 gång/tim resp 8 gånger/dygn",kod,1992-11-20T01:00:00Z,1992-11-20T02:00:00+01:00,722221200000,,22,22,Y,,corrected-archive-csv
162860,Luleå-Kallax Flygplats,13,Rådande väder,"momentanvärde, 1 gång/tim resp 8 gånger/dygn",kod,1992-11-20T02:00:00Z,1992-11-20T03:00:00+01:00,722224800000,,2,2,Y,,corrected-archive-csv
162860,Luleå-Kallax Flygplats,13,Rådande väder,"momentanvärde, 1 gång/tim resp 8 gånger/dygn",kod,1992-11-20T03:00:00Z,1992-11-20T04:00:00+01:00,722228400000,,2,2,G,,corrected-archive-csv
162860,Luleå-Kallax Flygplats,13,Rådande väder,"momentanvärde, 1 gång/tim resp 8 gånger/dygn",kod,1992-11-20T04:00:00Z,1992-11-20T05:00:00+01:00,722232000000,,70,70,Y,,corrected-archive-csv
162860,Luleå-Kallax Flygplats,13,Rådande väder,"momentanvärde, 1 gång/tim resp 8 gånger/dygn",kod,1992-11-20T05:00:00Z,1992-11-20T06:00:00+01:00,722235600000,,70,70,Y,,corrected-archive-csv
162860,Luleå-Kallax Flygplats,13,Rådande väder,"momentanvärde, 1 gång/tim resp 8 gånger/dygn",kod,1992-11-20T06:00:00Z,1992-11-20T07:00:00+01:00,722239200000,,22,22,G,,corrected-archive-csv
162860,Luleå-Kallax Flygplats,13,Rådande väder,"momentanvärde, 1 gång/tim resp 8 gånger/dygn",kod,1992-11-20T07:00:00Z,1992-11-20T08:00:00+01:00,722242800000,,71,71,Y,,corrected-archive-csv
162860,Luleå-Kallax Flygplats,13,Rådande väder,"momentanvärde, 1 gång/tim resp 8 gånger/dygn",kod,1992-11-20T08:00:00Z,1992-11-20T09:00:00+01:00,722246400000,,71,71,Y,,corrected-archive-csv
162860,Luleå-Kallax Flygplats,13,Rådande väder,"momentanvärde, 1 gång/tim resp 8 gånger/dygn",kod,1992-11-20T09:00:00Z,1992-11-20T10:00:00+01:00,722250000000,,73,73,G,,corrected-archive-csv
162860,Luleå-Kallax Flygplats,13,Rådande väder,"momentanvärde, 1 gång/tim resp 8 gånger/dygn",kod,1992-11-20T10:00:00Z,1992-11-20T11:00:00+01:00,722253600000,,73,73,Y,,corrected-archive-csv
162860,Luleå-Kallax Flygplats,13,Rådande väder,"momentanvärde, 1 gång/tim resp 8 gånger/dygn",kod,1992-11-20T11:00:00Z,1992-11-20T12:00:00+01:00,722257200000,,71,71,Y,,corrected-archive-csv
162860,Luleå-Kallax Flygplats,13,Rådande väder,"momentanvärde, 1 gång/tim resp 8 gånger/dygn",kod,1992-11-20T12:00:00Z,1992-11-20T13:00:00+01:00,722260800000,,71,71,G,,corrected-archive-csv
162860,Luleå-Kallax Flygplats,13,Rådande väder,"momentanvärde, 1 gång/tim resp 8 gånger/dygn",kod,1992-11-20T13:00:00Z,1992-11-20T14:00:00+01:00,722264400000,,73,73,Y,,corrected-archive-csv
162860,Luleå-Kallax Flygplats,13,Rådande väder,"momentanvärde, 1 gång/tim resp 8 gånger/dygn",kod,1992-11-20T14:00:00Z,1992-11-20T15:00:00+01:00,722268000000,,71,71,Y,,corrected-archive-csv
162860,Luleå-Kallax Flygplats,13,Rådande väder,"momentanvärde, 1 gång/tim resp 8 gånger/dygn",kod,1992-11-20T15:00:00Z,1992-11-20T16:00:00+01:00,722271600000,,71,71,G,,corrected-archive-csv
162860,Luleå-Kallax Flygplats,13,Rådande väder,"momentanvärde, 1 gång/tim resp 8 gånger/dygn",kod,1992-11-20T16:00:00Z,1992-11-20T17:00:00+01:00,722275200000,,71,71,Y,,corrected-archive-csv
162860,Luleå-Kallax Flygplats,13,Rådande väder,"momentanvärde, 1 gång/tim resp 8 gånger/dygn",kod,1992-11-20T17:00:00Z,1992-11-20T18:00:00+01:00,722278800000,,71,71,Y,,corrected-archive-csv
162860,Luleå-Kallax Flygplats,13,Rådande väder,"momentanvärde, 1 gång/tim resp 8 gånger/dygn",kod,1992-11-20T18:00:00Z,1992-11-20T19:00:00+01:00,722282400000,,73,73,G,,corrected-archive-csv
162860,Luleå-Kallax Flygplats,13,Rådande väder,"momentanvärde, 1 gång/tim resp 8 gånger/dygn",kod,1992-11-20T19:00:00Z,1992-11-20T20:00:00+01:00,722286000000,,73,73,Y,,corrected-archive-csv
162860,Luleå-Kallax Flygplats,13,Rådande väder,"momentanvärde, 1 gång/tim resp 8 gånger/dygn",kod,1992-11-20T20:00:00Z,1992-11-20T21:00:00+01:00,722289600000,,73,73,Y,,corrected-archive-csv
162860,Luleå-Kallax Flygplats,13,Rådande väder,"momentanvärde, 1 gång/tim resp 8 gånger/dygn",kod,1992-11-20T21:00:00Z,1992-11-20T22:00:00+01:00,722293200000,,73,73,G,,corrected-archive-csv
162860,Luleå-Kallax Flygplats,13,Rådande väder,"momentanvärde, 1 gång/tim resp 8 gånger/dygn",kod,1992-11-20T22:00:00Z,1992-11-20T23:00:00+01:00,722296800000,,71,71,Y,,corrected-archive-csv
162860,Luleå-Kallax Flygplats,13,Rådande väder,"momentanvärde, 1 gång/tim resp 8 gånger/dygn",kod,1992-11-20T23:00:00Z,1992-11-21T00:00:00+01:00,722300400000,,71,71,Y,,corrected-archive-csv
162860,Luleå-Kallax Flygplats,13,Rådande väder,"momentanvärde, 1 gång/tim resp 8 gånger/dygn",kod,1992-11-21T00:00:00Z,1992-11-21T01:00:00+01:00,722304000000,,71,71,G,,corrected-archive-csv
162860,Luleå-Kallax Flygplats,13,Rådande väder,"momentanvärde, 1 gång/tim resp 8 gånger/dygn",kod,1992-11-21T01:00:00Z,1992-11-21T02:00:00+01:00,722307600000,,71,71,Y,,corrected-archive-csv
162860,Luleå-Kallax Flygplats,13,Rådande väder,"momentanvärde, 1 gång/tim resp 8 gånger/dygn",kod,1992-11-21T02:00:00Z,1992-11-21T03:00:00+01:00,722311200000,,71,71,Y,,corrected-archive-csv
162860,Luleå-Kallax Flygplats,13,Rådande väder,"momentanvärde, 1 gång/tim resp 8 gånger/dygn",kod,1992-11-21T03:00:00Z,1992-11-21T04:00:00+01:00,722314800000,,71,71,G,,corrected-archive-csv
162860,Luleå-Kallax Flygplats,13,Rådande väder,"momentanvärde, 1 gång/tim resp 8 gånger/dygn",kod,1992-11-21T04:00:00Z,1992-11-21T05:00:00+01:00,722318400000,,71,71,Y,,corrected-archive-csv
162860,Luleå-Kallax Flygplats,13,Rådande väder,"momentanvärde, 1 gång/tim resp 8 gånger/dygn",kod,1992-11-21T05:00:00Z,1992-11-21T06:00:00+01:00,722322000000,,71,71,Y,,corrected-archive-csv
162860,Luleå-Kallax Flygplats,13,Rådande väder,"momentanvärde, 1 gång/tim resp 8 gånger/dygn",kod,1992-11-21T06:00:00Z,1992-11-21T07:00:00+01:00,722325600000,,71,71,G,,corrected-archive-csv
162860,Luleå-Kallax Flygplats,13,Rådande väder,"momentanvärde, 1 gång/tim resp 8 gånger/dygn",kod,1992-11-21T07:00:00Z,1992-11-21T08:00:00+01:00,722329200000,,71,71,Y,,corrected-archive-csv
162860,Luleå-Kallax Flygplats,13,Rådande väder,"momentanvärde, 1 gång/tim resp 8 gånger/dygn",kod,1992-11-21T08:00:00Z,1992-11-21T09:00:00+01:00,722332800000,,71,71,Y,,corrected-archive-csv
162860,Luleå-Kallax Flygplats,13,Rådande väder,"momentanvärde, 1 gång/tim resp 8 gånger/dygn",kod,1992-11-21T09:00:00Z,1992-11-21T10:00:00+01:00,722336400000,,71,71,G,,corrected-archive-csv
162860,Luleå-Kallax Flygplats,13,Rådande väder,"momentanvärde, 1 gång/tim resp 8 gånger/dygn",kod,1992-11-21T10:00:00Z,1992-11-21T11:00:00+01:00,722340000000,,71,71,Y,,corrected-archive-csv
162860,Luleå-Kallax Flygplats,13,Rådande väder,"momentanvärde, 1 gång/tim resp 8 gånger/dygn",kod,1992-11-21T11:00:00Z,1992-11-21T12:00:00+01:00,722343600000,,77,77,Y,,corrected-archive-csv
162860,Luleå-Kallax Flygplats,13,Rådande väder,"momentanvärde, 1 gång/tim resp 8 gånger/dygn",kod,1992-11-21T12:00:00Z,1992-11-21T13:00:00+01:00,722347200000,,71,71,G,,corrected-archive-csv
162860,Luleå-Kallax Flygplats,13,Rådande väder,"momentanvärde, 1 gång/tim resp 8 gånger/dygn",kod,1992-11-21T13:00:00Z,1992-11-21T14:00:00+01:00,722350800000,,71,71,Y,,corrected-archive-csv
162860,Luleå-Kallax Flygplats,13,Rådande väder,"momentanvärde, 1 gång/tim resp 8 gånger/dygn",kod,1992-11-21T14:00:00Z,1992-11-21T15:00:00+01:00,722354400000,,71,71,Y,,corrected-archive-csv
162860,Luleå-Kallax Flygplats,13,Rådande väder,"momentanvärde, 1 gång/tim resp 8 gånger/dygn",kod,1992-11-21T15:00:00Z,1992-11-21T16:00:00+01:00,722358000000,,71,71,G,,corrected-archive-csv
162860,Luleå-Kallax Flygplats,13,Rådande väder,"momentanvärde, 1 gång/tim resp 8 gånger/dygn",kod,1992-11-21T16:00:00Z,1992-11-21T17:00:00+01:00,722361600000,,71,71,Y,,corrected-archive-csv
162860,Luleå-Kallax Flygplats,13,Rådande väder,"momentanvärde, 1 gång/tim resp 8 gånger/dygn",kod,1992-11-21T17:00:00Z,1992-11-21T18:00:00+01:00,722365200000,,71,71,Y,,corrected-archive-csv
162860,Luleå-Kallax Flygplats,13,Rådande väder,"momentanvärde, 1 gång/tim resp 8 gånger/dygn",kod,1992-11-21T18:00:00Z,1992-11-21T19:00:00+01:00,722368800000,,71,71,G,,corrected-archive-csv
162860,Luleå-Kallax Flygplats,13,Rådande väder,"momentanvärde, 1 gång/tim resp 8 gånger/dygn",kod,1992-11-21T19:00:00Z,1992-11-21T20:00:00+01:00,722372400000,,71,71,Y,,corrected-archive-csv
162860,Luleå-Kallax Flygplats,13,Rådande väder,"momentanvärde, 1 gång/tim resp 8 gånger/dygn",kod,1992-11-21T20:00:00Z,1992-11-21T21:00:00+01:00,722376000000,,22,22,Y,,corrected-archive-csv
162860,Luleå-Kallax Flygplats,13,Rådande väder,"momentanvärde, 1 gång/tim resp 8 gånger/dygn",kod,1992-11-21T21:00:00Z,1992-11-21T22:00:00+01:00,722379600000,,1,1,G,,corrected-archive-csv
162860,Luleå-Kallax Flygplats,13,Rådande väder,"momentanvärde, 1 gång/tim resp 8 gånger/dygn",kod,1992-11-21T22:00:00Z,1992-11-21T23:00:00+01:00,722383200000,,1,1,Y,,corrected-archive-csv
162860,Luleå-Kallax Flygplats,13,Rådande väder,"momentanvärde, 1 gång/tim resp 8 gånger/dygn",kod,1992-11-21T23:00:00Z,1992-11-22T00:00:00+01:00,722386800000,,1,1,Y,,corrected-archive-csv
162860,Luleå-Kallax Flygplats,13,Rådande väder,"momentanvärde, 1 gång/tim resp 8 gånger/dygn",kod,1992-11-22T00:00:00Z,1992-11-22T01:00:00+01:00,722390400000,,1,1,G,,corrected-archive-csv
162860,Luleå-Kallax Flygplats,13,Rådande väder,"momentanvärde, 1 gång/tim resp 8 gånger/dygn",kod,1992-11-22T03:00:00Z,1992-11-22T04:00:00+01:00,722401200000,,0,0,G,,corrected-archive-csv
162860,Luleå-Kallax Flygplats,13,Rådande väder,"momentanvärde, 1 gång/tim resp 8 gånger/dygn",kod,1992-11-22T06:00:00Z,1992-11-22T07:00:00+01:00,722412000000,,0,0,G,,corrected-archive-csv
162860,Luleå-Kallax Flygplats,13,Rådande väder,"momentanvärde, 1 gång/tim resp 8 gånger/dygn",kod,1992-11-22T09:00:00Z,1992-11-22T10:00:00+01:00,722422800000,,0,0,G,,corrected-archive-csv
162860,Luleå-Kallax Flygplats,13,Rådande väder,"momentanvärde, 1 gång/tim resp 8 gånger/dygn",kod,1992-11-22T12:00:00Z,1992-11-22T13:00:00+01:00,722433600000,,0,0,G,,corrected-archive-csv
162860,Luleå-Kallax Flygplats,13,Rådande väder,"momentanvärde, 1 gång/tim resp 8 gånger/dygn",kod,1992-11-22T15:00:00Z,1992-11-22T16:00:00+01:00,722444400000,,0,0,G,,corrected-archive-csv
162860,Luleå-Kallax Flygplats,13,Rådande väder,"momentanvärde, 1 gång/tim resp 8 gånger/dygn",kod,1992-11-22T18:00:00Z,1992-11-22T19:00:00+01:00,722455200000,,0,0,G,,corrected-archive-csv
162860,Luleå-Kallax Flygplats,13,Rådande väder,"momentanvärde, 1 gång/tim resp 8 gånger/dygn",kod,1992-11-22T21:00:00Z,1992-11-22T22:00:00+01:00,722466000000,,0,0,G,,corrected-archive-csv
162860,Luleå-Kallax Flygplats,13,Rådande väder,"momentanvärde, 1 gång/tim resp 8 gånger/dygn",kod,1992-11-23T00:00:00Z,1992-11-23T01:00:00+01:00,722476800000,,0,0,G,,corrected-archive-csv
162860,Luleå-Kallax Flygplats,13,Rådande väder,"momentanvärde, 1 gång/tim resp 8 gånger/dygn",kod,1992-11-23T01:00:00Z,1992-11-23T02:00:00+01:00,722480400000,,10,10,Y,,corrected-archive-csv
162860,Luleå-Kallax Flygplats,13,Rådande väder,"momentanvärde, 1 gång/tim resp 8 gånger/dygn",kod,1992-11-23T03:00:00Z,1992-11-23T04:00:00+01:00,722487600000,,0,0,G,,corrected-archive-csv
162860,Luleå-Kallax Flygplats,13,Rådande väder,"momentanvärde, 1 gång/tim resp 8 gånger/dygn",kod,1992-11-23T06:00:00Z,1992-11-23T07:00:00+01:00,722498400000,,0,0,G,,corrected-archive-csv
162860,Luleå-Kallax Flygplats,13,Rådande väder,"momentanvärde, 1 gång/tim resp 8 gånger/dygn",kod,1992-11-23T07:00:00Z,1992-11-23T08:00:00+01:00,722502000000,,71,71,Y,,corrected-archive-csv
162860,Luleå-Kallax Flygplats,13,Rådande väder,"momentanvärde, 1 gång/tim resp 8 gånger/dygn",kod,1992-11-23T08:00:00Z,1992-11-23T09:00:00+01:00,722505600000,,71,71,Y,,corrected-archive-csv
162860,Luleå-Kallax Flygplats,13,Rådande väder,"momentanvärde, 1 gång/tim resp 8 gånger/dygn",kod,1992-11-23T09:00:00Z,1992-11-23T10:00:00+01:00,722509200000,,71,71,G,,corrected-archive-csv
162860,Luleå-Kallax Flygplats,13,Rådande väder,"momentanvärde, 1 gång/tim resp 8 gånger/dygn",kod,1992-11-23T10:00:00Z,1992-11-23T11:00:00+01:00,722512800000,,71,71,Y,,corrected-archive-csv
162860,Luleå-Kallax Flygplats,13,Rådande väder,"momentanvärde, 1 gång/tim resp 8 gånger/dygn",kod,1992-11-23T11:00:00Z,1992-11-23T12:00:00+01:00,722516400000,,71,71,Y,,corrected-archive-csv
162860,Luleå-Kallax Flygplats,13,Rådande väder,"momentanvärde, 1 gång/tim resp 8 gånger/dygn",kod,1992-11-23T12:00:00Z,1992-11-23T13:00:00+01:00,722520000000,,71,71,G,,corrected-archive-csv
162860,Luleå-Kallax Flygplats,13,Rådande väder,"momentanvärde, 1 gång/tim resp 8 gånger/dygn",kod,1992-11-23T13:00:00Z,1992-11-23T14:00:00+01:00,722523600000,,71,71,Y,,corrected-archive-csv
162860,Luleå-Kallax Flygplats,13,Rådande väder,"momentanvärde, 1 gång/tim resp 8 gånger/dygn",kod,1992-11-23T14:00:00Z,1992-11-23T15:00:00+01:00,722527200000,,22,22,Y,,corrected-archive-csv
162860,Luleå-Kallax Flygplats,13,Rådande väder,"momentanvärde, 1 gång/tim resp 8 gånger/dygn",kod,1992-11-23T15:00:00Z,1992-11-23T16:00:00+01:00,722530800000,,1,1,G,,corrected-archive-csv
162860,Luleå-Kallax Flygplats,13,Rådande väder,"momentanvärde, 1 gång/tim resp 8 gånger/dygn",kod,1992-11-23T16:00:00Z,1992-11-23T17:00:00+01:00,722534400000,,1,1,Y,,corrected-archive-csv
162860,Luleå-Kallax Flygplats,13,Rådande väder,"momentanvärde, 1 gång/tim resp 8 gånger/dygn",kod,1992-11-23T17:00:00Z,1992-11-23T18:00:00+01:00,722538000000,,2,2,Y,,corrected-archive-csv
162860,Luleå-Kallax Flygplats,13,Rådande väder,"momentanvärde, 1 gång/tim resp 8 gånger/dygn",kod,1992-11-23T18:00:00Z,1992-11-23T19:00:00+01:00,722541600000,,2,2,G,,corrected-archive-csv
162860,Luleå-Kallax Flygplats,13,Rådande väder,"momentanvärde, 1 gång/tim resp 8 gånger/dygn",kod,1992-11-23T21:00:00Z,1992-11-23T22:00:00+01:00,722552400000,,0,0,G,,corrected-archive-csv
162860,Luleå-Kallax Flygplats,13,Rådande väder,"momentanvärde, 1 gång/tim resp 8 gånger/dygn",kod,1992-11-24T00:00:00Z,1992-11-24T01:00:00+01:00,722563200000,,71,71,G,,corrected-archive-csv
162860,Luleå-Kallax Flygplats,13,Rådande väder,"momentanvärde, 1 gång/tim resp 8 gånger/dygn",kod,1992-11-24T01:00:00Z,1992-11-24T02:00:00+01:00,722566800000,,71,71,Y,,corrected-archive-csv
162860,Luleå-Kallax Flygplats,13,Rådande väder,"momentanvärde, 1 gång/tim resp 8 gånger/dygn",kod,1992-11-24T02:00:00Z,1992-11-24T03:00:00+01:00,722570400000,,71,71,Y,,corrected-archive-csv
162860,Luleå-Kallax Flygplats,13,Rådande väder,"momentanvärde, 1 gång/tim resp 8 gånger/dygn",kod,1992-11-24T03:00:00Z,1992-11-24T04:00:00+01:00,722574000000,,71,71,G,,corrected-archive-csv
162860,Luleå-Kallax Flygplats,13,Rådande väder,"momentanvärde, 1 gång/tim resp 8 gånger/dygn",kod,1992-11-24T04:00:00Z,1992-11-24T05:00:00+01:00,722577600000,,71,71,Y,,corrected-archive-csv
162860,Luleå-Kallax Flygplats,13,Rådande väder,"momentanvärde, 1 gång/tim resp 8 gånger/dygn",kod,1992-11-24T05:00:00Z,1992-11-24T06:00:00+01:00,722581200000,,22,22,Y,,corrected-archive-csv
162860,Luleå-Kallax Flygplats,13,Rådande väder,"momentanvärde, 1 gång/tim resp 8 gånger/dygn",kod,1992-11-24T06:00:00Z,1992-11-24T07:00:00+01:00,722584800000,,71,71,G,,corrected-archive-csv
162860,Luleå-Kallax Flygplats,13,Rådande väder,"momentanvärde, 1 gång/tim resp 8 gånger/dygn",kod,1992-11-24T07:00:00Z,1992-11-24T08:00:00+01:00,722588400000,,71,71,Y,,corrected-archive-csv
162860,Luleå-Kallax Flygplats,13,Rådande väder,"momentanvärde, 1 gång/tim resp 8 gånger/dygn",kod,1992-11-24T08:00:00Z,1992-11-24T09:00:00+01:00,722592000000,,71,71,Y,,corrected-archive-csv
162860,Luleå-Kallax Flygplats,13,Rådande väder,"momentanvärde, 1 gång/tim resp 8 gånger/dygn",kod,1992-11-24T09:00:00Z,1992-11-24T10:00:00+01:00,722595600000,,73,73,G,,corrected-archive-csv
162860,Luleå-Kallax Flygplats,13,Rådande väder,"momentanvärde, 1 gång/tim resp 8 gånger/dygn",kod,1992-11-24T10:00:00Z,1992-11-24T11:00:00+01:00,722599200000,,73,73,Y,,corrected-archive-csv
162860,Luleå-Kallax Flygplats,13,Rådande väder,"momentanvärde, 1 gång/tim resp 8 gånger/dygn",kod,1992-11-24T11:00:00Z,1992-11-24T12:00:00+01:00,722602800000,,73,73,Y,,corrected-archive-csv
162860,Luleå-Kallax Flygplats,13,Rådande väder,"momentanvärde, 1 gång/tim resp 8 gånger/dygn",kod,1992-11-24T12:00:00Z,1992-11-24T13:00:00+01:00,722606400000,,73,73,G,,corrected-archive-csv
162860,Luleå-Kallax Flygplats,13,Rådande väder,"momentanvärde, 1 gång/tim resp 8 gånger/dygn",kod,1992-11-24T13:00:00Z,1992-11-24T14:00:00+01:00,722610000000,,71,71,Y,,corrected-archive-csv
162860,Luleå-Kallax Flygplats,13,Rådande väder,"momentanvärde, 1 gång/tim resp 8 gånger/dygn",kod,1992-11-24T14:00:00Z,1992-11-24T15:00:00+01:00,722613600000,,71,71,Y,,corrected-archive-csv
162860,Luleå-Kallax Flygplats,13,Rådande väder,"momentanvärde, 1 gång/tim resp 8 gånger/dygn",kod,1992-11-24T15:00:00Z,1992-11-24T16:00:00+01:00,722617200000,,71,71,G,,corrected-archive-csv
162860,Luleå-Kallax Flygplats,13,Rådande väder,"momentanvärde, 1 gång/tim resp 8 gånger/dygn",kod,1992-11-24T16:00:00Z,1992-11-24T17:00:00+01:00,722620800000,,71,71,Y,,corrected-archive-csv
162860,Luleå-Kallax Flygplats,13,Rådande väder,"momentanvärde, 1 gång/tim resp 8 gånger/dygn",kod,1992-11-24T17:00:00Z,1992-11-24T18:00:00+01:00,722624400000,,71,71,Y,,corrected-archive-csv
162860,Luleå-Kallax Flygplats,13,Rådande väder,"momentanvärde, 1 gång/tim resp 8 gånger/dygn",kod,1992-11-24T18:00:00Z,1992-11-24T19:00:00+01:00,722628000000,,71,71,G,,corrected-archive-csv
162860,Luleå-Kallax Flygplats,13,Rådande väder,"momentanvärde, 1 gång/tim resp 8 gånger/dygn",kod,1992-11-24T19:00:00Z,1992-11-24T20:00:00+01:00,722631600000,,71,71,Y,,corrected-archive-csv
162860,Luleå-Kallax Flygplats,13,Rådande väder,"momentanvärde, 1 gång/tim resp 8 gånger/dygn",kod,1992-11-24T20:00:00Z,1992-11-24T21:00:00+01:00,722635200000,,11,11,Y,,corrected-archive-csv
162860,Luleå-Kallax Flygplats,13,Rådande väder,"momentanvärde, 1 gång/tim resp 8 gånger/dygn",kod,1992-11-24T21:00:00Z,1992-11-24T22:00:00+01:00,722638800000,,11,11,G,,corrected-archive-csv
162860,Luleå-Kallax Flygplats,13,Rådande väder,"momentanvärde, 1 gång/tim resp 8 gånger/dygn",kod,1992-11-24T22:00:00Z,1992-11-24T23:00:00+01:00,722642400000,,46,46,Y,,corrected-archive-csv
162860,Luleå-Kallax Flygplats,13,Rådande väder,"momentanvärde, 1 gång/tim resp 8 gånger/dygn",kod,1992-11-24T23:00:00Z,1992-11-25T00:00:00+01:00,722646000000,,40,40,Y,,corrected-archive-csv
162860,Luleå-Kallax Flygplats,13,Rådande väder,"momentanvärde, 1 gång/tim resp 8 gånger/dygn",kod,1992-11-25T00:00:00Z,1992-11-25T01:00:00+01:00,722649600000,,40,40,G,,corrected-archive-csv
162860,Luleå-Kallax Flygplats,13,Rådande väder,"momentanvärde, 1 gång/tim resp 8 gånger/dygn",kod,1992-11-25T01:00:00Z,1992-11-25T02:00:00+01:00,722653200000,,3,3,Y,,corrected-archive-csv
162860,Luleå-Kallax Flygplats,13,Rådande väder,"momentanvärde, 1 gång/tim resp 8 gånger/dygn",kod,1992-11-25T02:00:00Z,1992-11-25T03:00:00+01:00,722656800000,,3,3,Y,,corrected-archive-csv
162860,Luleå-Kallax Flygplats,13,Rådande väder,"momentanvärde, 1 gång/tim resp 8 gånger/dygn",kod,1992-11-25T03:00:00Z,1992-11-25T04:00:00+01:00,722660400000,,47,47,G,,corrected-archive-csv
162860,Luleå-Kallax Flygplats,13,Rådande väder,"momentanvärde, 1 gång/tim resp 8 gånger/dygn",kod,1992-11-25T04:00:00Z,1992-11-25T05:00:00+01:00,722664000000,,48,48,Y,,corrected-archive-csv
162860,Luleå-Kallax Flygplats,13,Rådande väder,"momentanvärde, 1 gång/tim resp 8 gånger/dygn",kod,1992-11-25T05:00:00Z,1992-11-25T06:00:00+01:00,722667600000,,48,48,Y,,corrected-archive-csv
162860,Luleå-Kallax Flygplats,13,Rådande väder,"momentanvärde, 1 gång/tim resp 8 gånger/dygn",kod,1992-11-25T06:00:00Z,1992-11-25T07:00:00+01:00,722671200000,,49,49,G,,corrected-archive-csv
162860,Luleå-Kallax Flygplats,13,Rådande väder,"momentanvärde, 1 gång/tim resp 8 gånger/dygn",kod,1992-11-25T07:00:00Z,1992-11-25T08:00:00+01:00,722674800000,,48,48,Y,,corrected-archive-csv
162860,Luleå-Kallax Flygplats,13,Rådande väder,"momentanvärde, 1 gång/tim resp 8 gånger/dygn",kod,1992-11-25T08:00:00Z,1992-11-25T09:00:00+01:00,722678400000,,28,28,Y,,corrected-archive-csv
162860,Luleå-Kallax Flygplats,13,Rådande väder,"momentanvärde, 1 gång/tim resp 8 gånger/dygn",kod,1992-11-25T09:00:00Z,1992-11-25T10:00:00+01:00,722682000000,,40,40,G,,corrected-archive-csv
162860,Luleå-Kallax Flygplats,13,Rådande väder,"momentanvärde, 1 gång/tim resp 8 gånger/dygn",kod,1992-11-25T10:00:00Z,1992-11-25T11:00:00+01:00,722685600000,,47,47,Y,,corrected-archive-csv
162860,Luleå-Kallax Flygplats,13,Rådande väder,"momentanvärde, 1 gång/tim resp 8 gånger/dygn",kod,1992-11-25T11:00:00Z,1992-11-25T12:00:00+01:00,722689200000,,45,45,Y,,corrected-archive-csv
162860,Luleå-Kallax Flygplats,13,Rådande väder,"momentanvärde, 1 gång/tim resp 8 gånger/dygn",kod,1992-11-25T12:00:00Z,1992-11-25T13:00:00+01:00,722692800000,,40,40,G,,corrected-archive-csv
162860,Luleå-Kallax Flygplats,13,Rådande väder,"momentanvärde, 1 gång/tim resp 8 gånger/dygn",kod,1992-11-25T13:00:00Z,1992-11-25T14:00:00+01:00,722696400000,,10,10,Y,,corrected-archive-csv
162860,Luleå-Kallax Flygplats,13,Rådande väder,"momentanvärde, 1 gång/tim resp 8 gånger/dygn",kod,1992-11-25T14:00:00Z,1992-11-25T15:00:00+01:00,722700000000,,10,10,Y,,corrected-archive-csv
162860,Luleå-Kallax Flygplats,13,Rådande väder,"momentanvärde, 1 gång/tim resp 8 gånger/dygn",kod,1992-11-25T15:00:00Z,1992-11-25T16:00:00+01:00,722703600000,,71,71,G,,corrected-archive-csv
162860,Luleå-Kallax Flygplats,13,Rådande väder,"momentanvärde, 1 gång/tim resp 8 gånger/dygn",kod,1992-11-25T16:00:00Z,1992-11-25T17:00:00+01:00,722707200000,,71,71,Y,,corrected-archive-csv
162860,Luleå-Kallax Flygplats,13,Rådande väder,"momentanvärde, 1 gång/tim resp 8 gånger/dygn",kod,1992-11-25T17:00:00Z,1992-11-25T18:00:00+01:00,722710800000,,22,22,Y,,corrected-archive-csv
162860,Luleå-Kallax Flygplats,13,Rådande väder,"momentanvärde, 1 gång/tim resp 8 gånger/dygn",kod,1992-11-25T18:00:00Z,1992-11-25T19:00:00+01:00,722714400000,,2,2,G,,corrected-archive-csv
162860,Luleå-Kallax Flygplats,13,Rådande väder,"momentanvärde, 1 gång/tim resp 8 gånger/dygn",kod,1992-11-25T19:00:00Z,1992-11-25T20:00:00+01:00,722718000000,,17,17,Y,,corrected-archive-csv
162860,Luleå-Kallax Flygplats,13,Rådande väder,"momentanvärde, 1 gång/tim resp 8 gånger/dygn",kod,1992-11-25T20:00:00Z,1992-11-25T21:00:00+01:00,722721600000,,71,71,Y,,corrected-archive-csv
162860,Luleå-Kallax Flygplats,13,Rådande väder,"momentanvärde, 1 gång/tim resp 8 gånger/dygn",kod,1992-11-25T21:00:00Z,1992-11-25T22:00:00+01:00,722725200000,,71,71,G,,corrected-archive-csv
162860,Luleå-Kallax Flygplats,13,Rådande väder,"momentanvärde, 1 gång/tim resp 8 gånger/dygn",kod,1992-11-25T22:00:00Z,1992-11-25T23:00:00+01:00,722728800000,,22,22,Y,,corrected-archive-csv
162860,Luleå-Kallax Flygplats,13,Rådande väder,"momentanvärde, 1 gång/tim resp 8 gånger/dygn",kod,1992-11-25T23:00:00Z,1992-11-26T00:00:00+01:00,722732400000,,22,22,Y,,corrected-archive-csv
162860,Luleå-Kallax Flygplats,13,Rådande väder,"momentanvärde, 1 gång/tim resp 8 gånger/dygn",kod,1992-11-26T00:00:00Z,1992-11-26T01:00:00+01:00,722736000000,,22,22,G,,corrected-archive-csv
162860,Luleå-Kallax Flygplats,13,Rådande väder,"momentanvärde, 1 gång/tim resp 8 gånger/dygn",kod,1992-11-26T03:00:00Z,1992-11-26T04:00:00+01:00,722746800000,,71,71,G,,corrected-archive-csv
162860,Luleå-Kallax Flygplats,13,Rådande väder,"momentanvärde, 1 gång/tim resp 8 gånger/dygn",kod,1992-11-26T04:00:00Z,1992-11-26T05:00:00+01:00,722750400000,,70,70,Y,,corrected-archive-csv
162860,Luleå-Kallax Flygplats,13,Rådande väder,"momentanvärde, 1 gång/tim resp 8 gånger/dygn",kod,1992-11-26T05:00:00Z,1992-11-26T06:00:00+01:00,722754000000,,70,70,Y,,corrected-archive-csv
162860,Luleå-Kallax Flygplats,13,Rådande väder,"momentanvärde, 1 gång/tim resp 8 gånger/dygn",kod,1992-11-26T06:00:00Z,1992-11-26T07:00:00+01:00,722757600000,,22,22,G,,corrected-archive-csv
162860,Luleå-Kallax Flygplats,13,Rådande väder,"momentanvärde, 1 gång/tim resp 8 gånger/dygn",kod,1992-11-26T09:00:00Z,1992-11-26T10:00:00+01:00,722768400000,,0,0,G,,corrected-archive-csv
162860,Luleå-Kallax Flygplats,13,Rådande väder,"momentanvärde, 1 gång/tim resp 8 gånger/dygn",kod,1992-11-26T12:00:00Z,1992-11-26T13:00:00+01:00,722779200000,,0,0,G,,corrected-archive-csv
162860,Luleå-Kallax Flygplats,13,Rådande väder,"momentanvärde, 1 gång/tim resp 8 gånger/dygn",kod,1992-11-26T13:00:00Z,1992-11-26T14:00:00+01:00,722782800000,,73,73,Y,,corrected-archive-csv
162860,Luleå-Kallax Flygplats,13,Rådande väder,"momentanvärde, 1 gång/tim resp 8 gånger/dygn",kod,1992-11-26T14:00:00Z,1992-11-26T15:00:00+01:00,722786400000,,71,71,Y,,corrected-archive-csv
162860,Luleå-Kallax Flygplats,13,Rådande väder,"momentanvärde, 1 gång/tim resp 8 gånger/dygn",kod,1992-11-26T15:00:00Z,1992-11-26T16:00:00+01:00,722790000000,,71,71,G,,corrected-archive-csv
162860,Luleå-Kallax Flygplats,13,Rådande väder,"momentanvärde, 1 gång/tim resp 8 gånger/dygn",kod,1992-11-26T16:00:00Z,1992-11-26T17:00:00+01:00,722793600000,,71,71,Y,,corrected-archive-csv
162860,Luleå-Kallax Flygplats,13,Rådande väder,"momentanvärde, 1 gång/tim resp 8 gånger/dygn",kod,1992-11-26T17:00:00Z,1992-11-26T18:00:00+01:00,722797200000,,71,71,Y,,corrected-archive-csv
162860,Luleå-Kallax Flygplats,13,Rådande väder,"momentanvärde, 1 gång/tim resp 8 gånger/dygn",kod,1992-11-26T18:00:00Z,1992-11-26T19:00:00+01:00,722800800000,,71,71,G,,corrected-archive-csv
162860,Luleå-Kallax Flygplats,13,Rådande väder,"momentanvärde, 1 gång/tim resp 8 gånger/dygn",kod,1992-11-26T19:00:00Z,1992-11-26T20:00:00+01:00,722804400000,,71,71,Y,,corrected-archive-csv
162860,Luleå-Kallax Flygplats,13,Rådande väder,"momentanvärde, 1 gång/tim resp 8 gånger/dygn",kod,1992-11-26T20:00:00Z,1992-11-26T21:00:00+01:00,722808000000,,71,71,Y,,corrected-archive-csv
162860,Luleå-Kallax Flygplats,13,Rådande väder,"momentanvärde, 1 gång/tim resp 8 gånger/dygn",kod,1992-11-26T21:00:00Z,1992-11-26T22:00:00+01:00,722811600000,,77,77,G,,corrected-archive-csv
162860,Luleå-Kallax Flygplats,13,Rådande väder,"momentanvärde, 1 gång/tim resp 8 gånger/dygn",kod,1992-11-26T22:00:00Z,1992-11-26T23:00:00+01:00,722815200000,,77,77,Y,,corrected-archive-csv
162860,Luleå-Kallax Flygplats,13,Rådande väder,"momentanvärde, 1 gång/tim resp 8 gånger/dygn",kod,1992-11-26T23:00:00Z,1992-11-27T00:00:00+01:00,722818800000,,66,66,Y,,corrected-archive-csv
162860,Luleå-Kallax Flygplats,13,Rådande väder,"momentanvärde, 1 gång/tim resp 8 gånger/dygn",kod,1992-11-27T00:00:00Z,1992-11-27T01:00:00+01:00,722822400000,,77,77,G,,corrected-archive-csv
162860,Luleå-Kallax Flygplats,13,Rådande väder,"momentanvärde, 1 gång/tim resp 8 gånger/dygn",kod,1992-11-27T01:00:00Z,1992-11-27T02:00:00+01:00,722826000000,,77,77,Y,,corrected-archive-csv
162860,Luleå-Kallax Flygplats,13,Rådande väder,"momentanvärde, 1 gång/tim resp 8 gånger/dygn",kod,1992-11-27T02:00:00Z,1992-11-27T03:00:00+01:00,722829600000,,77,77,Y,,corrected-archive-csv
162860,Luleå-Kallax Flygplats,13,Rådande väder,"momentanvärde, 1 gång/tim resp 8 gånger/dygn",kod,1992-11-27T03:00:00Z,1992-11-27T04:00:00+01:00,722833200000,,77,77,G,,corrected-archive-csv
162860,Luleå-Kallax Flygplats,13,Rådande väder,"momentanvärde, 1 gång/tim resp 8 gånger/dygn",kod,1992-11-27T04:00:00Z,1992-11-27T05:00:00+01:00,722836800000,,77,77,Y,,corrected-archive-csv
162860,Luleå-Kallax Flygplats,13,Rådande väder,"momentanvärde, 1 gång/tim resp 8 gånger/dygn",kod,1992-11-27T05:00:00Z,1992-11-27T06:00:00+01:00,722840400000,,77,77,Y,,corrected-archive-csv
162860,Luleå-Kallax Flygplats,13,Rådande väder,"momentanvärde, 1 gång/tim resp 8 gånger/dygn",kod,1992-11-27T06:00:00Z,1992-11-27T07:00:00+01:00,722844000000,,77,77,G,,corrected-archive-csv
162860,Luleå-Kallax Flygplats,13,Rådande väder,"momentanvärde, 1 gång/tim resp 8 gånger/dygn",kod,1992-11-27T07:00:00Z,1992-11-27T08:00:00+01:00,722847600000,,77,77,Y,,corrected-archive-csv
162860,Luleå-Kallax Flygplats,13,Rådande väder,"momentanvärde, 1 gång/tim resp 8 gånger/dygn",kod,1992-11-27T08:00:00Z,1992-11-27T09:00:00+01:00,722851200000,,77,77,Y,,corrected-archive-csv
162860,Luleå-Kallax Flygplats,13,Rådande väder,"momentanvärde, 1 gång/tim resp 8 gånger/dygn",kod,1992-11-27T09:00:00Z,1992-11-27T10:00:00+01:00,722854800000,,77,77,G,,corrected-archive-csv
162860,Luleå-Kallax Flygplats,13,Rådande väder,"momentanvärde, 1 gång/tim resp 8 gånger/dygn",kod,1992-11-27T10:00:00Z,1992-11-27T11:00:00+01:00,722858400000,,77,77,Y,,corrected-archive-csv
162860,Luleå-Kallax Flygplats,13,Rådande väder,"momentanvärde, 1 gång/tim resp 8 gånger/dygn",kod,1992-11-27T11:00:00Z,1992-11-27T12:00:00+01:00,722862000000,,77,77,Y,,corrected-archive-csv
162860,Luleå-Kallax Flygplats,13,Rådande väder,"momentanvärde, 1 gång/tim resp 8 gånger/dygn",kod,1992-11-27T12:00:00Z,1992-11-27T13:00:00+01:00,722865600000,,77,77,G,,corrected-archive-csv
162860,Luleå-Kallax Flygplats,13,Rådande väder,"momentanvärde, 1 gång/tim resp 8 gånger/dygn",kod,1992-11-27T13:00:00Z,1992-11-27T14:00:00+01:00,722869200000,,77,77,Y,,corrected-archive-csv
162860,Luleå-Kallax Flygplats,13,Rådande väder,"momentanvärde, 1 gång/tim resp 8 gånger/dygn",kod,1992-11-27T14:00:00Z,1992-11-27T15:00:00+01:00,722872800000,,77,77,Y,,corrected-archive-csv
162860,Luleå-Kallax Flygplats,13,Rådande väder,"momentanvärde, 1 gång/tim resp 8 gånger/dygn",kod,1992-11-27T15:00:00Z,1992-11-27T16:00:00+01:00,722876400000,,77,77,G,,corrected-archive-csv
162860,Luleå-Kallax Flygplats,13,Rådande väder,"momentanvärde, 1 gång/tim resp 8 gånger/dygn",kod,1992-11-27T16:00:00Z,1992-11-27T17:00:00+01:00,722880000000,,77,77,Y,,corrected-archive-csv
162860,Luleå-Kallax Flygplats,13,Rådande väder,"momentanvärde, 1 gång/tim resp 8 gånger/dygn",kod,1992-11-27T17:00:00Z,1992-11-27T18:00:00+01:00,722883600000,,77,77,Y,,corrected-archive-csv
162860,Luleå-Kallax Flygplats,13,Rådande väder,"momentanvärde, 1 gång/tim resp 8 gånger/dygn",kod,1992-11-27T18:00:00Z,1992-11-27T19:00:00+01:00,722887200000,,77,77,G,,corrected-archive-csv
162860,Luleå-Kallax Flygplats,13,Rådande väder,"momentanvärde, 1 gång/tim resp 8 gånger/dygn",kod,1992-11-27T19:00:00Z,1992-11-27T20:00:00+01:00,722890800000,,77,77,Y,,corrected-archive-csv
162860,Luleå-Kallax Flygplats,13,Rådande väder,"momentanvärde, 1 gång/tim resp 8 gånger/dygn",kod,1992-11-27T20:00:00Z,1992-11-27T21:00:00+01:00,722894400000,,77,77,Y,,corrected-archive-csv
162860,Luleå-Kallax Flygplats,13,Rådande väder,"momentanvärde, 1 gång/tim resp 8 gånger/dygn",kod,1992-11-27T21:00:00Z,1992-11-27T22:00:00+01:00,722898000000,,71,71,G,,corrected-archive-csv
162860,Luleå-Kallax Flygplats,13,Rådande väder,"momentanvärde, 1 gång/tim resp 8 gånger/dygn",kod,1992-11-27T22:00:00Z,1992-11-27T23:00:00+01:00,722901600000,,71,71,Y,,corrected-archive-csv
162860,Luleå-Kallax Flygplats,13,Rådande väder,"momentanvärde, 1 gång/tim resp 8 gånger/dygn",kod,1992-11-27T23:00:00Z,1992-11-28T00:00:00+01:00,722905200000,,71,71,Y,,corrected-archive-csv
162860,Luleå-Kallax Flygplats,13,Rådande väder,"momentanvärde, 1 gång/tim resp 8 gånger/dygn",kod,1992-11-28T00:00:00Z,1992-11-28T01:00:00+01:00,722908800000,,71,71,G,,corrected-archive-csv
162860,Luleå-Kallax Flygplats,13,Rådande väder,"momentanvärde, 1 gång/tim resp 8 gånger/dygn",kod,1992-11-28T01:00:00Z,1992-11-28T02:00:00+01:00,722912400000,,71,71,Y,,corrected-archive-csv
162860,Luleå-Kallax Flygplats,13,Rådande väder,"momentanvärde, 1 gång/tim resp 8 gånger/dygn",kod,1992-11-28T02:00:00Z,1992-11-28T03:00:00+01:00,722916000000,,71,71,Y,,corrected-archive-csv
162860,Luleå-Kallax Flygplats,13,Rådande väder,"momentanvärde, 1 gång/tim resp 8 gånger/dygn",kod,1992-11-28T03:00:00Z,1992-11-28T04:00:00+01:00,722919600000,,71,71,G,,corrected-archive-csv
162860,Luleå-Kallax Flygplats,13,Rådande väder,"momentanvärde, 1 gång/tim resp 8 gånger/dygn",kod,1992-11-28T04:00:00Z,1992-11-28T05:00:00+01:00,722923200000,,71,71,Y,,corrected-archive-csv
162860,Luleå-Kallax Flygplats,13,Rådande väder,"momentanvärde, 1 gång/tim resp 8 gånger/dygn",kod,1992-11-28T05:00:00Z,1992-11-28T06:00:00+01:00,722926800000,,71,71,Y,,corrected-archive-csv
162860,Luleå-Kallax Flygplats,13,Rådande väder,"momentanvärde, 1 gång/tim resp 8 gånger/dygn",kod,1992-11-28T06:00:00Z,1992-11-28T07:00:00+01:00,722930400000,,22,22,G,,corrected-archive-csv
162860,Luleå-Kallax Flygplats,13,Rådande väder,"momentanvärde, 1 gång/tim resp 8 gånger/dygn",kod,1992-11-28T07:00:00Z,1992-11-28T08:00:00+01:00,722934000000,,71,71,Y,,corrected-archive-csv
162860,Luleå-Kallax Flygplats,13,Rådande väder,"momentanvärde, 1 gång/tim resp 8 gånger/dygn",kod,1992-11-28T08:00:00Z,1992-11-28T09:00:00+01:00,722937600000,,71,71,Y,,corrected-archive-csv
162860,Luleå-Kallax Flygplats,13,Rådande väder,"momentanvärde, 1 gång/tim resp 8 gånger/dygn",kod,1992-11-28T09:00:00Z,1992-11-28T10:00:00+01:00,722941200000,,77,77,G,,corrected-archive-csv
162860,Luleå-Kallax Flygplats,13,Rådande väder,"momentanvärde, 1 gång/tim resp 8 gånger/dygn",kod,1992-11-28T10:00:00Z,1992-11-28T11:00:00+01:00,722944800000,,77,77,Y,,corrected-archive-csv
162860,Luleå-Kallax Flygplats,13,Rådande väder,"momentanvärde, 1 gång/tim resp 8 gånger/dygn",kod,1992-11-28T11:00:00Z,1992-11-28T12:00:00+01:00,722948400000,,45,45,Y,,corrected-archive-csv
162860,Luleå-Kallax Flygplats,13,Rådande väder,"momentanvärde, 1 gång/tim resp 8 gånger/dygn",kod,1992-11-28T12:00:00Z,1992-11-28T13:00:00+01:00,722952000000,,77,77,G,,corrected-archive-csv
162860,Luleå-Kallax Flygplats,13,Rådande väder,"momentanvärde, 1 gång/tim resp 8 gånger/dygn",kod,1992-11-28T13:00:00Z,1992-11-28T14:00:00+01:00,722955600000,,77,77,Y,,corrected-archive-csv
162860,Luleå-Kallax Flygplats,13,Rådande väder,"momentanvärde, 1 gång/tim resp 8 gånger/dygn",kod,1992-11-28T14:00:00Z,1992-11-28T15:00:00+01:00,722959200000,,22,22,Y,,corrected-archive-csv
162860,Luleå-Kallax Flygplats,13,Rådande väder,"momentanvärde, 1 gång/tim resp 8 gånger/dygn",kod,1992-11-28T15:00:00Z,1992-11-28T16:00:00+01:00,722962800000,,77,77,G,,corrected-archive-csv
162860,Luleå-Kallax Flygplats,13,Rådande väder,"momentanvärde, 1 gång/tim resp 8 gånger/dygn",kod,1992-11-28T16:00:00Z,1992-11-28T17:00:00+01:00,722966400000,,77,77,Y,,corrected-archive-csv
162860,Luleå-Kallax Flygplats,13,Rådande väder,"momentanvärde, 1 gång/tim resp 8 gånger/dygn",kod,1992-11-28T17:00:00Z,1992-11-28T18:00:00+01:00,722970000000,,77,77,Y,,corrected-archive-csv
162860,Luleå-Kallax Flygplats,13,Rådande väder,"momentanvärde, 1 gång/tim resp 8 gånger/dygn",kod,1992-11-28T18:00:00Z,1992-11-28T19:00:00+01:00,722973600000,,77,77,G,,corrected-archive-csv
162860,Luleå-Kallax Flygplats,13,Rådande väder,"momentanvärde, 1 gång/tim resp 8 gånger/dygn",kod,1992-11-28T19:00:00Z,1992-11-28T20:00:00+01:00,722977200000,,77,77,Y,,corrected-archive-csv
162860,Luleå-Kallax Flygplats,13,Rådande väder,"momentanvärde, 1 gång/tim resp 8 gånger/dygn",kod,1992-11-28T20:00:00Z,1992-11-28T21:00:00+01:00,722980800000,,71,71,Y,,corrected-archive-csv
162860,Luleå-Kallax Flygplats,13,Rådande väder,"momentanvärde, 1 gång/tim resp 8 gånger/dygn",kod,1992-11-28T21:00:00Z,1992-11-28T22:00:00+01:00,722984400000,,71,71,G,,corrected-archive-csv
162860,Luleå-Kallax Flygplats,13,Rådande väder,"momentanvärde, 1 gång/tim resp 8 gånger/dygn",kod,1992-11-28T22:00:00Z,1992-11-28T23:00:00+01:00,722988000000,,22,22,Y,,corrected-archive-csv
162860,Luleå-Kallax Flygplats,13,Rådande väder,"momentanvärde, 1 gång/tim resp 8 gånger/dygn",kod,1992-11-28T23:00:00Z,1992-11-29T00:00:00+01:00,722991600000,,10,10,Y,,corrected-archive-csv
162860,Luleå-Kallax Flygplats,13,Rådande väder,"momentanvärde, 1 gång/tim resp 8 gånger/dygn",kod,1992-11-29T00:00:00Z,1992-11-29T01:00:00+01:00,722995200000,,71,71,G,,corrected-archive-csv
162860,Luleå-Kallax Flygplats,13,Rådande väder,"momentanvärde, 1 gång/tim resp 8 gånger/dygn",kod,1992-11-29T01:00:00Z,1992-11-29T02:00:00+01:00,722998800000,,71,71,Y,,corrected-archive-csv
162860,Luleå-Kallax Flygplats,13,Rådande väder,"momentanvärde, 1 gång/tim resp 8 gånger/dygn",kod,1992-11-29T02:00:00Z,1992-11-29T03:00:00+01:00,723002400000,,71,71,Y,,corrected-archive-csv
162860,Luleå-Kallax Flygplats,13,Rådande väder,"momentanvärde, 1 gång/tim resp 8 gånger/dygn",kod,1992-11-29T03:00:00Z,1992-11-29T04:00:00+01:00,723006000000,,71,71,G,,corrected-archive-csv
162860,Luleå-Kallax Flygplats,13,Rådande väder,"momentanvärde, 1 gång/tim resp 8 gånger/dygn",kod,1992-11-29T04:00:00Z,1992-11-29T05:00:00+01:00,723009600000,,71,71,Y,,corrected-archive-csv
162860,Luleå-Kallax Flygplats,13,Rådande väder,"momentanvärde, 1 gång/tim resp 8 gånger/dygn",kod,1992-11-29T05:00:00Z,1992-11-29T06:00:00+01:00,723013200000,,71,71,Y,,corrected-archive-csv
162860,Luleå-Kallax Flygplats,13,Rådande väder,"momentanvärde, 1 gång/tim resp 8 gånger/dygn",kod,1992-11-29T06:00:00Z,1992-11-29T07:00:00+01:00,723016800000,,71,71,G,,corrected-archive-csv
162860,Luleå-Kallax Flygplats,13,Rådande väder,"momentanvärde, 1 gång/tim resp 8 gånger/dygn",kod,1992-11-29T07:00:00Z,1992-11-29T08:00:00+01:00,723020400000,,71,71,Y,,corrected-archive-csv
162860,Luleå-Kallax Flygplats,13,Rådande väder,"momentanvärde, 1 gång/tim resp 8 gånger/dygn",kod,1992-11-29T08:00:00Z,1992-11-29T09:00:00+01:00,723024000000,,71,71,Y,,corrected-archive-csv
162860,Luleå-Kallax Flygplats,13,Rådande väder,"momentanvärde, 1 gång/tim resp 8 gånger/dygn",kod,1992-11-29T09:00:00Z,1992-11-29T10:00:00+01:00,723027600000,,22,22,G,,corrected-archive-csv
162860,Luleå-Kallax Flygplats,13,Rådande väder,"momentanvärde, 1 gång/tim resp 8 gånger/dygn",kod,1992-11-29T10:00:00Z,1992-11-29T11:00:00+01:00,723031200000,,1,1,Y,,corrected-archive-csv
162860,Luleå-Kallax Flygplats,13,Rådande väder,"momentanvärde, 1 gång/tim resp 8 gånger/dygn",kod,1992-11-29T11:00:00Z,1992-11-29T12:00:00+01:00,723034800000,,2,2,Y,,corrected-archive-csv
162860,Luleå-Kallax Flygplats,13,Rådande väder,"momentanvärde, 1 gång/tim resp 8 gånger/dygn",kod,1992-11-29T12:00:00Z,1992-11-29T13:00:00+01:00,723038400000,,2,2,G,,corrected-archive-csv
162860,Luleå-Kallax Flygplats,13,Rådande väder,"momentanvärde, 1 gång/tim resp 8 gånger/dygn",kod,1992-11-29T15:00:00Z,1992-11-29T16:00:00+01:00,723049200000,,0,0,G,,corrected-archive-csv
162860,Luleå-Kallax Flygplats,13,Rådande väder,"momentanvärde, 1 gång/tim resp 8 gånger/dygn",kod,1992-11-29T18:00:00Z,1992-11-29T19:00:00+01:00,723060000000,,71,71,G,,corrected-archive-csv
162860,Luleå-Kallax Flygplats,13,Rådande väder,"momentanvärde, 1 gång/tim resp 8 gånger/dygn",kod,1992-11-29T21:00:00Z,1992-11-29T22:00:00+01:00,723070800000,,0,0,G,,corrected-archive-csv
162860,Luleå-Kallax Flygplats,13,Rådande väder,"momentanvärde, 1 gång/tim resp 8 gånger/dygn",kod,1992-11-30T00:00:00Z,1992-11-30T01:00:00+01:00,723081600000,,0,0,G,,corrected-archive-csv
162860,Luleå-Kallax Flygplats,13,Rådande väder,"momentanvärde, 1 gång/tim resp 8 gånger/dygn",kod,1992-11-30T03:00:00Z,1992-11-30T04:00:00+01:00,723092400000,,0,0,G,,corrected-archive-csv
162860,Luleå-Kallax Flygplats,13,Rådande väder,"momentanvärde, 1 gång/tim resp 8 gånger/dygn",kod,1992-11-30T06:00:00Z,1992-11-30T07:00:00+01:00,723103200000,,0,0,G,,corrected-archive-csv
162860,Luleå-Kallax Flygplats,13,Rådande väder,"momentanvärde, 1 gång/tim resp 8 gånger/dygn",kod,1992-11-30T09:00:00Z,1992-11-30T10:00:00+01:00,723114000000,,0,0,G,,corrected-archive-csv
162860,Luleå-Kallax Flygplats,13,Rådande väder,"momentanvärde, 1 gång/tim resp 8 gånger/dygn",kod,1992-11-30T12:00:00Z,1992-11-30T13:00:00+01:00,723124800000,,0,0,G,,corrected-archive-csv
162860,Luleå-Kallax Flygplats,13,Rådande väder,"momentanvärde, 1 gång/tim resp 8 gånger/dygn",kod,1992-11-30T15:00:00Z,1992-11-30T16:00:00+01:00,723135600000,,0,0,G,,corrected-archive-csv
162860,Luleå-Kallax Flygplats,13,Rådande väder,"momentanvärde, 1 gång/tim resp 8 gånger/dygn",kod,1992-11-30T18:00:00Z,1992-11-30T19:00:00+01:00,723146400000,,0,0,G,,corrected-archive-csv
162860,Luleå-Kallax Flygplats,13,Rådande väder,"momentanvärde, 1 gång/tim resp 8 gånger/dygn",kod,1992-11-30T21:00:00Z,1992-11-30T22:00:00+01:00,723157200000,,0,0,G,,corrected-archive-csv
162860,Luleå-Kallax Flygplats,13,Rådande väder,"momentanvärde, 1 gång/tim resp 8 gånger/dygn",kod,1992-12-01T00:00:00Z,1992-12-01T01:00:00+01:00,723168000000,,0,0,G,,corrected-archive-csv
162860,Luleå-Kallax Flygplats,13,Rådande väder,"momentanvärde, 1 gång/tim resp 8 gånger/dygn",kod,1992-12-01T02:00:00Z,1992-12-01T03:00:00+01:00,723175200000,,77,77,Y,,corrected-archive-csv
162860,Luleå-Kallax Flygplats,13,Rådande väder,"momentanvärde, 1 gång/tim resp 8 gånger/dygn",kod,1992-12-01T03:00:00Z,1992-12-01T04:00:00+01:00,723178800000,,68,68,G,,corrected-archive-csv
162860,Luleå-Kallax Flygplats,13,Rådande väder,"momentanvärde, 1 gång/tim resp 8 gånger/dygn",kod,1992-12-01T04:00:00Z,1992-12-01T05:00:00+01:00,723182400000,,63,63,Y,,corrected-archive-csv
162860,Luleå-Kallax Flygplats,13,Rådande väder,"momentanvärde, 1 gång/tim resp 8 gånger/dygn",kod,1992-12-01T05:00:00Z,1992-12-01T06:00:00+01:00,723186000000,,21,21,Y,,corrected-archive-csv
162860,Luleå-Kallax Flygplats,13,Rådande väder,"momentanvärde, 1 gång/tim resp 8 gånger/dygn",kod,1992-12-01T06:00:00Z,1992-12-01T07:00:00+01:00,723189600000,,61,61,G,,corrected-archive-csv
162860,Luleå-Kallax Flygplats,13,Rådande väder,"momentanvärde, 1 gång/tim resp 8 gånger/dygn",kod,1992-12-01T07:00:00Z,1992-12-01T08:00:00+01:00,723193200000,,61,61,Y,,corrected-archive-csv
162860,Luleå-Kallax Flygplats,13,Rådande väder,"momentanvärde, 1 gång/tim resp 8 gånger/dygn",kod,1992-12-01T08:00:00Z,1992-12-01T09:00:00+01:00,723196800000,,21,21,Y,,corrected-archive-csv
162860,Luleå-Kallax Flygplats,13,Rådande väder,"momentanvärde, 1 gång/tim resp 8 gånger/dygn",kod,1992-12-01T09:00:00Z,1992-12-01T10:00:00+01:00,723200400000,,2,2,G,,corrected-archive-csv
162860,Luleå-Kallax Flygplats,13,Rådande väder,"momentanvärde, 1 gång/tim resp 8 gånger/dygn",kod,1992-12-01T10:00:00Z,1992-12-01T11:00:00+01:00,723204000000,,10,10,Y,,corrected-archive-csv
162860,Luleå-Kallax Flygplats,13,Rådande väder,"momentanvärde, 1 gång/tim resp 8 gånger/dygn",kod,1992-12-01T11:00:00Z,1992-12-01T12:00:00+01:00,723207600000,,46,46,Y,,corrected-archive-csv
162860,Luleå-Kallax Flygplats,13,Rådande väder,"momentanvärde, 1 gång/tim resp 8 gånger/dygn",kod,1992-12-01T12:00:00Z,1992-12-01T13:00:00+01:00,723211200000,,47,47,G,,corrected-archive-csv
162860,Luleå-Kallax Flygplats,13,Rådande väder,"momentanvärde, 1 gång/tim resp 8 gånger/dygn",kod,1992-12-01T13:00:00Z,1992-12-01T14:00:00+01:00,723214800000,,47,47,Y,,corrected-archive-csv
162860,Luleå-Kallax Flygplats,13,Rådande väder,"momentanvärde, 1 gång/tim resp 8 gånger/dygn",kod,1992-12-01T14:00:00Z,1992-12-01T15:00:00+01:00,723218400000,,61,61,Y,,corrected-archive-csv
162860,Luleå-Kallax Flygplats,13,Rådande väder,"momentanvärde, 1 gång/tim resp 8 gånger/dygn",kod,1992-12-01T15:00:00Z,1992-12-01T16:00:00+01:00,723222000000,,10,10,G,,corrected-archive-csv
162860,Luleå-Kallax Flygplats,13,Rådande väder,"momentanvärde, 1 gång/tim resp 8 gånger/dygn",kod,1992-12-01T16:00:00Z,1992-12-01T17:00:00+01:00,723225600000,,51,51,Y,,corrected-archive-csv
162860,Luleå-Kallax Flygplats,13,Rådande väder,"momentanvärde, 1 gång/tim resp 8 gånger/dygn",kod,1992-12-01T17:00:00Z,1992-12-01T18:00:00+01:00,723229200000,,61,61,Y,,corrected-archive-csv
162860,Luleå-Kallax Flygplats,13,Rådande väder,"momentanvärde, 1 gång/tim resp 8 gånger/dygn",kod,1992-12-01T18:00:00Z,1992-12-01T19:00:00+01:00,723232800000,,51,51,G,,corrected-archive-csv
162860,Luleå-Kallax Flygplats,13,Rådande väder,"momentanvärde, 1 gång/tim resp 8 gånger/dygn",kod,1992-12-01T19:00:00Z,1992-12-01T20:00:00+01:00,723236400000,,20,20,Y,,corrected-archive-csv
162860,Luleå-Kallax Flygplats,13,Rådande väder,"momentanvärde, 1 gång/tim resp 8 gånger/dygn",kod,1992-12-01T20:00:00Z,1992-12-01T21:00:00+01:00,723240000000,,2,2,Y,,corrected-archive-csv
162860,Luleå-Kallax Flygplats,13,Rådande väder,"momentanvärde, 1 gång/tim resp 8 gånger/dygn",kod,1992-12-01T21:00:00Z,1992-12-01T22:00:00+01:00,723243600000,,2,2,G,,corrected-archive-csv
162860,Luleå-Kallax Flygplats,13,Rådande väder,"momentanvärde, 1 gång/tim resp 8 gånger/dygn",kod,1992-12-01T22:00:00Z,1992-12-01T23:00:00+01:00,723247200000,,2,2,Y,,corrected-archive-csv
162860,Luleå-Kallax Flygplats,13,Rådande väder,"momentanvärde, 1 gång/tim resp 8 gånger/dygn",kod,1992-12-01T23:00:00Z,1992-12-02T00:00:00+01:00,723250800000,,2,2,Y,,corrected-archive-csv
162860,Luleå-Kallax Flygplats,13,Rådande väder,"momentanvärde, 1 gång/tim resp 8 gånger/dygn",kod,1992-12-02T00:00:00Z,1992-12-02T01:00:00+01:00,723254400000,,61,61,G,,corrected-archive-csv
162860,Luleå-Kallax Flygplats,13,Rådande väder,"momentanvärde, 1 gång/tim resp 8 gånger/dygn",kod,1992-12-02T01:00:00Z,1992-12-02T02:00:00+01:00,723258000000,,21,21,Y,,corrected-archive-csv
162860,Luleå-Kallax Flygplats,13,Rådande väder,"momentanvärde, 1 gång/tim resp 8 gånger/dygn",kod,1992-12-02T02:00:00Z,1992-12-02T03:00:00+01:00,723261600000,,1,1,Y,,corrected-archive-csv
162860,Luleå-Kallax Flygplats,13,Rådande väder,"momentanvärde, 1 gång/tim resp 8 gånger/dygn",kod,1992-12-02T03:00:00Z,1992-12-02T04:00:00+01:00,723265200000,,1,1,G,,corrected-archive-csv
162860,Luleå-Kallax Flygplats,13,Rådande väder,"momentanvärde, 1 gång/tim resp 8 gånger/dygn",kod,1992-12-02T04:00:00Z,1992-12-02T05:00:00+01:00,723268800000,,1,1,Y,,corrected-archive-csv
162860,Luleå-Kallax Flygplats,13,Rådande väder,"momentanvärde, 1 gång/tim resp 8 gånger/dygn",kod,1992-12-02T05:00:00Z,1992-12-02T06:00:00+01:00,723272400000,,2,2,Y,,corrected-archive-csv
162860,Luleå-Kallax Flygplats,13,Rådande väder,"momentanvärde, 1 gång/tim resp 8 gånger/dygn",kod,1992-12-02T06:00:00Z,1992-12-02T07:00:00+01:00,723276000000,,3,3,G,,corrected-archive-csv
162860,Luleå-Kallax Flygplats,13,Rådande väder,"momentanvärde, 1 gång/tim resp 8 gånger/dygn",kod,1992-12-02T09:00:00Z,1992-12-02T10:00:00+01:00,723286800000,,0,0,G,,corrected-archive-csv
162860,Luleå-Kallax Flygplats,13,Rådande väder,"momentanvärde, 1 gång/tim resp 8 gånger/dygn",kod,1992-12-02T12:00:00Z,1992-12-02T13:00:00+01:00,723297600000,,0,0,G,,corrected-archive-csv
162860,Luleå-Kallax Flygplats,13,Rådande väder,"momentanvärde, 1 gång/tim resp 8 gånger/dygn",kod,1992-12-02T15:00:00Z,1992-12-02T16:00:00+01:00,723308400000,,0,0,G,,corrected-archive-csv
162860,Luleå-Kallax Flygplats,13,Rådande väder,"momentanvärde, 1 gång/tim resp 8 gånger/dygn",kod,1992-12-02T18:00:00Z,1992-12-02T19:00:00+01:00,723319200000,,0,0,G,,corrected-archive-csv
162860,Luleå-Kallax Flygplats,13,Rådande väder,"momentanvärde, 1 gång/tim resp 8 gånger/dygn",kod,1992-12-02T21:00:00Z,1992-12-02T22:00:00+01:00,723330000000,,0,0,G,,corrected-archive-csv
162860,Luleå-Kallax Flygplats,13,Rådande väder,"momentanvärde, 1 gång/tim resp 8 gånger/dygn",kod,1992-12-03T00:00:00Z,1992-12-03T01:00:00+01:00,723340800000,,0,0,G,,corrected-archive-csv
162860,Luleå-Kallax Flygplats,13,Rådande väder,"momentanvärde, 1 gång/tim resp 8 gånger/dygn",kod,1992-12-03T01:00:00Z,1992-12-03T02:00:00+01:00,723344400000,,61,61,Y,,corrected-archive-csv
162860,Luleå-Kallax Flygplats,13,Rådande väder,"momentanvärde, 1 gång/tim resp 8 gånger/dygn",kod,1992-12-03T02:00:00Z,1992-12-03T03:00:00+01:00,723348000000,,63,63,Y,,corrected-archive-csv
162860,Luleå-Kallax Flygplats,13,Rådande väder,"momentanvärde, 1 gång/tim resp 8 gånger/dygn",kod,1992-12-03T03:00:00Z,1992-12-03T04:00:00+01:00,723351600000,,21,21,G,,corrected-archive-csv
162860,Luleå-Kallax Flygplats,13,Rådande väder,"momentanvärde, 1 gång/tim resp 8 gånger/dygn",kod,1992-12-03T04:00:00Z,1992-12-03T05:00:00+01:00,723355200000,,10,10,Y,,corrected-archive-csv
162860,Luleå-Kallax Flygplats,13,Rådande väder,"momentanvärde, 1 gång/tim resp 8 gånger/dygn",kod,1992-12-03T05:00:00Z,1992-12-03T06:00:00+01:00,723358800000,,2,2,Y,,corrected-archive-csv
162860,Luleå-Kallax Flygplats,13,Rådande väder,"momentanvärde, 1 gång/tim resp 8 gånger/dygn",kod,1992-12-03T06:00:00Z,1992-12-03T07:00:00+01:00,723362400000,,2,2,G,,corrected-archive-csv
162860,Luleå-Kallax Flygplats,13,Rådande väder,"momentanvärde, 1 gång/tim resp 8 gånger/dygn",kod,1992-12-03T07:00:00Z,1992-12-03T08:00:00+01:00,723366000000,,51,51,Y,,corrected-archive-csv
162860,Luleå-Kallax Flygplats,13,Rådande väder,"momentanvärde, 1 gång/tim resp 8 gånger/dygn",kod,1992-12-03T08:00:00Z,1992-12-03T09:00:00+01:00,723369600000,,51,51,Y,,corrected-archive-csv
162860,Luleå-Kallax Flygplats,13,Rådande väder,"momentanvärde, 1 gång/tim resp 8 gånger/dygn",kod,1992-12-03T09:00:00Z,1992-12-03T10:00:00+01:00,723373200000,,61,61,G,,corrected-archive-csv
162860,Luleå-Kallax Flygplats,13,Rådande väder,"momentanvärde, 1 gång/tim resp 8 gånger/dygn",kod,1992-12-03T10:00:00Z,1992-12-03T11:00:00+01:00,723376800000,,61,61,Y,,corrected-archive-csv
162860,Luleå-Kallax Flygplats,13,Rådande väder,"momentanvärde, 1 gång/tim resp 8 gånger/dygn",kod,1992-12-03T11:00:00Z,1992-12-03T12:00:00+01:00,723380400000,,61,61,Y,,corrected-archive-csv
162860,Luleå-Kallax Flygplats,13,Rådande väder,"momentanvärde, 1 gång/tim resp 8 gånger/dygn",kod,1992-12-03T12:00:00Z,1992-12-03T13:00:00+01:00,723384000000,,61,61,G,,corrected-archive-csv
162860,Luleå-Kallax Flygplats,13,Rådande väder,"momentanvärde, 1 gång/tim resp 8 gånger/dygn",kod,1992-12-03T13:00:00Z,1992-12-03T14:00:00+01:00,723387600000,,62,62,Y,,corrected-archive-csv
162860,Luleå-Kallax Flygplats,13,Rådande väder,"momentanvärde, 1 gång/tim resp 8 gånger/dygn",kod,1992-12-03T14:00:00Z,1992-12-03T15:00:00+01:00,723391200000,,61,61,Y,,corrected-archive-csv
162860,Luleå-Kallax Flygplats,13,Rådande väder,"momentanvärde, 1 gång/tim resp 8 gånger/dygn",kod,1992-12-03T15:00:00Z,1992-12-03T16:00:00+01:00,723394800000,,61,61,G,,corrected-archive-csv
162860,Luleå-Kallax Flygplats,13,Rådande väder,"momentanvärde, 1 gång/tim resp 8 gånger/dygn",kod,1992-12-03T16:00:00Z,1992-12-03T17:00:00+01:00,723398400000,,61,61,Y,,corrected-archive-csv
162860,Luleå-Kallax Flygplats,13,Rådande väder,"momentanvärde, 1 gång/tim resp 8 gånger/dygn",kod,1992-12-03T17:00:00Z,1992-12-03T18:00:00+01:00,723402000000,,61,61,Y,,corrected-archive-csv
162860,Luleå-Kallax Flygplats,13,Rådande väder,"momentanvärde, 1 gång/tim resp 8 gånger/dygn",kod,1992-12-03T18:00:00Z,1992-12-03T19:00:00+01:00,723405600000,,61,61,G,,corrected-archive-csv
162860,Luleå-Kallax Flygplats,13,Rådande väder,"momentanvärde, 1 gång/tim resp 8 gånger/dygn",kod,1992-12-03T19:00:00Z,1992-12-03T20:00:00+01:00,723409200000,,61,61,Y,,corrected-archive-csv
162860,Luleå-Kallax Flygplats,13,Rådande väder,"momentanvärde, 1 gång/tim resp 8 gånger/dygn",kod,1992-12-03T20:00:00Z,1992-12-03T21:00:00+01:00,723412800000,,71,71,Y,,corrected-archive-csv
162860,Luleå-Kallax Flygplats,13,Rådande väder,"momentanvärde, 1 gång/tim resp 8 gånger/dygn",kod,1992-12-03T21:00:00Z,1992-12-03T22:00:00+01:00,723416400000,,71,71,G,,corrected-archive-csv
162860,Luleå-Kallax Flygplats,13,Rådande väder,"momentanvärde, 1 gång/tim resp 8 gånger/dygn",kod,1992-12-03T22:00:00Z,1992-12-03T23:00:00+01:00,723420000000,,61,61,Y,,corrected-archive-csv
162860,Luleå-Kallax Flygplats,13,Rådande väder,"momentanvärde, 1 gång/tim resp 8 gånger/dygn",kod,1992-12-03T23:00:00Z,1992-12-04T00:00:00+01:00,723423600000,,63,63,Y,,corrected-archive-csv
162860,Luleå-Kallax Flygplats,13,Rådande väder,"momentanvärde, 1 gång/tim resp 8 gånger/dygn",kod,1992-12-04T00:00:00Z,1992-12-04T01:00:00+01:00,723427200000,,61,61,G,,corrected-archive-csv
162860,Luleå-Kallax Flygplats,13,Rådande väder,"momentanvärde, 1 gång/tim resp 8 gånger/dygn",kod,1992-12-04T01:00:00Z,1992-12-04T02:00:00+01:00,723430800000,,61,61,Y,,corrected-archive-csv
162860,Luleå-Kallax Flygplats,13,Rådande väder,"momentanvärde, 1 gång/tim resp 8 gånger/dygn",kod,1992-12-04T02:00:00Z,1992-12-04T03:00:00+01:00,723434400000,,61,61,Y,,corrected-archive-csv
162860,Luleå-Kallax Flygplats,13,Rådande väder,"momentanvärde, 1 gång/tim resp 8 gånger/dygn",kod,1992-12-04T03:00:00Z,1992-12-04T04:00:00+01:00,723438000000,,61,61,G,,corrected-archive-csv
162860,Luleå-Kallax Flygplats,13,Rådande väder,"momentanvärde, 1 gång/tim resp 8 gånger/dygn",kod,1992-12-04T04:00:00Z,1992-12-04T05:00:00+01:00,723441600000,,68,68,Y,,corrected-archive-csv
162860,Luleå-Kallax Flygplats,13,Rådande väder,"momentanvärde, 1 gång/tim resp 8 gånger/dygn",kod,1992-12-04T05:00:00Z,1992-12-04T06:00:00+01:00,723445200000,,68,68,Y,,corrected-archive-csv
162860,Luleå-Kallax Flygplats,13,Rådande väder,"momentanvärde, 1 gång/tim resp 8 gånger/dygn",kod,1992-12-04T06:00:00Z,1992-12-04T07:00:00+01:00,723448800000,,61,61,G,,corrected-archive-csv
162860,Luleå-Kallax Flygplats,13,Rådande väder,"momentanvärde, 1 gång/tim resp 8 gånger/dygn",kod,1992-12-04T07:00:00Z,1992-12-04T08:00:00+01:00,723452400000,,21,21,Y,,corrected-archive-csv
162860,Luleå-Kallax Flygplats,13,Rådande väder,"momentanvärde, 1 gång/tim resp 8 gånger/dygn",kod,1992-12-04T08:00:00Z,1992-12-04T09:00:00+01:00,723456000000,,1,1,Y,,corrected-archive-csv
162860,Luleå-Kallax Flygplats,13,Rådande väder,"momentanvärde, 1 gång/tim resp 8 gånger/dygn",kod,1992-12-04T09:00:00Z,1992-12-04T10:00:00+01:00,723459600000,,1,1,G,,corrected-archive-csv
162860,Luleå-Kallax Flygplats,13,Rådande väder,"momentanvärde, 1 gång/tim resp 8 gånger/dygn",kod,1992-12-04T10:00:00Z,1992-12-04T11:00:00+01:00,723463200000,,1,1,Y,,corrected-archive-csv
162860,Luleå-Kallax Flygplats,13,Rådande väder,"momentanvärde, 1 gång/tim resp 8 gånger/dygn",kod,1992-12-04T11:00:00Z,1992-12-04T12:00:00+01:00,723466800000,,1,1,Y,,corrected-archive-csv
162860,Luleå-Kallax Flygplats,13,Rådande väder,"momentanvärde, 1 gång/tim resp 8 gånger/dygn",kod,1992-12-04T12:00:00Z,1992-12-04T13:00:00+01:00,723470400000,,2,2,G,,corrected-archive-csv
162860,Luleå-Kallax Flygplats,13,Rådande väder,"momentanvärde, 1 gång/tim resp 8 gånger/dygn",kod,1992-12-04T15:00:00Z,1992-12-04T16:00:00+01:00,723481200000,,0,0,G,,corrected-archive-csv
162860,Luleå-Kallax Flygplats,13,Rådande väder,"momentanvärde, 1 gång/tim resp 8 gånger/dygn",kod,1992-12-04T17:00:00Z,1992-12-04T18:00:00+01:00,723488400000,,50,50,Y,,corrected-archive-csv
162860,Luleå-Kallax Flygplats,13,Rådande väder,"momentanvärde, 1 gång/tim resp 8 gånger/dygn",kod,1992-12-04T18:00:00Z,1992-12-04T19:00:00+01:00,723492000000,,20,20,G,,corrected-archive-csv
162860,Luleå-Kallax Flygplats,13,Rådande väder,"momentanvärde, 1 gång/tim resp 8 gånger/dygn",kod,1992-12-04T21:00:00Z,1992-12-04T22:00:00+01:00,723502800000,,0,0,G,,corrected-archive-csv
162860,Luleå-Kallax Flygplats,13,Rådande väder,"momentanvärde, 1 gång/tim resp 8 gånger/dygn",kod,1992-12-05T00:00:00Z,1992-12-05T01:00:00+01:00,723513600000,,0,0,G,,corrected-archive-csv
162860,Luleå-Kallax Flygplats,13,Rådande väder,"momentanvärde, 1 gång/tim resp 8 gånger/dygn",kod,1992-12-05T03:00:00Z,1992-12-05T04:00:00+01:00,723524400000,,61,61,G,,corrected-archive-csv
162860,Luleå-Kallax Flygplats,13,Rådande väder,"momentanvärde, 1 gång/tim resp 8 gånger/dygn",kod,1992-12-05T04:00:00Z,1992-12-05T05:00:00+01:00,723528000000,,84,84,Y,,corrected-archive-csv
162860,Luleå-Kallax Flygplats,13,Rådande väder,"momentanvärde, 1 gång/tim resp 8 gånger/dygn",kod,1992-12-05T05:00:00Z,1992-12-05T06:00:00+01:00,723531600000,,84,84,Y,,corrected-archive-csv
162860,Luleå-Kallax Flygplats,13,Rådande väder,"momentanvärde, 1 gång/tim resp 8 gånger/dygn",kod,1992-12-05T06:00:00Z,1992-12-05T07:00:00+01:00,723535200000,,84,84,G,,corrected-archive-csv
162860,Luleå-Kallax Flygplats,13,Rådande väder,"momentanvärde, 1 gång/tim resp 8 gånger/dygn",kod,1992-12-05T07:00:00Z,1992-12-05T08:00:00+01:00,723538800000,,68,68,Y,,corrected-archive-csv
162860,Luleå-Kallax Flygplats,13,Rådande väder,"momentanvärde, 1 gång/tim resp 8 gånger/dygn",kod,1992-12-05T08:00:00Z,1992-12-05T09:00:00+01:00,723542400000,,68,68,Y,,corrected-archive-csv
162860,Luleå-Kallax Flygplats,13,Rådande väder,"momentanvärde, 1 gång/tim resp 8 gånger/dygn",kod,1992-12-05T09:00:00Z,1992-12-05T10:00:00+01:00,723546000000,,71,71,G,,corrected-archive-csv
162860,Luleå-Kallax Flygplats,13,Rådande väder,"momentanvärde, 1 gång/tim resp 8 gånger/dygn",kod,1992-12-05T10:00:00Z,1992-12-05T11:00:00+01:00,723549600000,,71,71,Y,,corrected-archive-csv
162860,Luleå-Kallax Flygplats,13,Rådande väder,"momentanvärde, 1 gång/tim resp 8 gånger/dygn",kod,1992-12-05T11:00:00Z,1992-12-05T12:00:00+01:00,723553200000,,71,71,Y,,corrected-archive-csv
162860,Luleå-Kallax Flygplats,13,Rådande väder,"momentanvärde, 1 gång/tim resp 8 gånger/dygn",kod,1992-12-05T12:00:00Z,1992-12-05T13:00:00+01:00,723556800000,,51,51,G,,corrected-archive-csv
162860,Luleå-Kallax Flygplats,13,Rådande väder,"momentanvärde, 1 gång/tim resp 8 gånger/dygn",kod,1992-12-05T13:00:00Z,1992-12-05T14:00:00+01:00,723560400000,,20,20,Y,,corrected-archive-csv
162860,Luleå-Kallax Flygplats,13,Rådande väder,"momentanvärde, 1 gång/tim resp 8 gånger/dygn",kod,1992-12-05T14:00:00Z,1992-12-05T15:00:00+01:00,723564000000,,71,71,Y,,corrected-archive-csv
162860,Luleå-Kallax Flygplats,13,Rådande väder,"momentanvärde, 1 gång/tim resp 8 gånger/dygn",kod,1992-12-05T15:00:00Z,1992-12-05T16:00:00+01:00,723567600000,,20,20,G,,corrected-archive-csv
162860,Luleå-Kallax Flygplats,13,Rådande väder,"momentanvärde, 1 gång/tim resp 8 gånger/dygn",kod,1992-12-05T16:00:00Z,1992-12-05T17:00:00+01:00,723571200000,,2,2,Y,,corrected-archive-csv
162860,Luleå-Kallax Flygplats,13,Rådande väder,"momentanvärde, 1 gång/tim resp 8 gånger/dygn",kod,1992-12-05T17:00:00Z,1992-12-05T18:00:00+01:00,723574800000,,2,2,Y,,corrected-archive-csv
162860,Luleå-Kallax Flygplats,13,Rådande väder,"momentanvärde, 1 gång/tim resp 8 gånger/dygn",kod,1992-12-05T18:00:00Z,1992-12-05T19:00:00+01:00,723578400000,,2,2,G,,corrected-archive-csv
162860,Luleå-Kallax Flygplats,13,Rådande väder,"momentanvärde, 1 gång/tim resp 8 gånger/dygn",kod,1992-12-05T21:00:00Z,1992-12-05T22:00:00+01:00,723589200000,,0,0,G,,corrected-archive-csv
162860,Luleå-Kallax Flygplats,13,Rådande väder,"momentanvärde, 1 gång/tim resp 8 gånger/dygn",kod,1992-12-05T22:00:00Z,1992-12-05T23:00:00+01:00,723592800000,,10,10,Y,,corrected-archive-csv
162860,Luleå-Kallax Flygplats,13,Rådande väder,"momentanvärde, 1 gång/tim resp 8 gånger/dygn",kod,1992-12-05T23:00:00Z,1992-12-06T00:00:00+01:00,723596400000,,10,10,Y,,corrected-archive-csv
162860,Luleå-Kallax Flygplats,13,Rådande väder,"momentanvärde, 1 gång/tim resp 8 gånger/dygn",kod,1992-12-06T00:00:00Z,1992-12-06T01:00:00+01:00,723600000000,,10,10,G,,corrected-archive-csv
162860,Luleå-Kallax Flygplats,13,Rådande väder,"momentanvärde, 1 gång/tim resp 8 gånger/dygn",kod,1992-12-06T03:00:00Z,1992-12-06T04:00:00+01:00,723610800000,,0,0,G,,corrected-archive-csv
162860,Luleå-Kallax Flygplats,13,Rådande väder,"momentanvärde, 1 gång/tim resp 8 gånger/dygn",kod,1992-12-06T06:00:00Z,1992-12-06T07:00:00+01:00,723621600000,,10,10,G,,corrected-archive-csv
162860,Luleå-Kallax Flygplats,13,Rådande väder,"momentanvärde, 1 gång/tim resp 8 gånger/dygn",kod,1992-12-06T09:00:00Z,1992-12-06T10:00:00+01:00,723632400000,,0,0,G,,corrected-archive-csv
162860,Luleå-Kallax Flygplats,13,Rådande väder,"momentanvärde, 1 gång/tim resp 8 gånger/dygn",kod,1992-12-06T12:00:00Z,1992-12-06T13:00:00+01:00,723643200000,,0,0,G,,corrected-archive-csv
162860,Luleå-Kallax Flygplats,13,Rådande väder,"momentanvärde, 1 gång/tim resp 8 gånger/dygn",kod,1992-12-06T15:00:00Z,1992-12-06T16:00:00+01:00,723654000000,,0,0,G,,corrected-archive-csv
162860,Luleå-Kallax Flygplats,13,Rådande väder,"momentanvärde, 1 gång/tim resp 8 gånger/dygn",kod,1992-12-06T18:00:00Z,1992-12-06T19:00:00+01:00,723664800000,,0,0,G,,corrected-archive-csv
162860,Luleå-Kallax Flygplats,13,Rådande väder,"momentanvärde, 1 gång/tim resp 8 gånger/dygn",kod,1992-12-06T21:00:00Z,1992-12-06T22:00:00+01:00,723675600000,,0,0,G,,corrected-archive-csv
162860,Luleå-Kallax Flygplats,13,Rådande väder,"momentanvärde, 1 gång/tim resp 8 gånger/dygn",kod,1992-12-07T00:00:00Z,1992-12-07T01:00:00+01:00,723686400000,,0,0,G,,corrected-archive-csv
162860,Luleå-Kallax Flygplats,13,Rådande väder,"momentanvärde, 1 gång/tim resp 8 gånger/dygn",kod,1992-12-07T03:00:00Z,1992-12-07T04:00:00+01:00,723697200000,,0,0,G,,corrected-archive-csv
162860,Luleå-Kallax Flygplats,13,Rådande väder,"momentanvärde, 1 gång/tim resp 8 gånger/dygn",kod,1992-12-07T06:00:00Z,1992-12-07T07:00:00+01:00,723708000000,,0,0,G,,corrected-archive-csv
162860,Luleå-Kallax Flygplats,13,Rådande väder,"momentanvärde, 1 gång/tim resp 8 gånger/dygn",kod,1992-12-07T08:00:00Z,1992-12-07T09:00:00+01:00,723715200000,,71,71,Y,,corrected-archive-csv
162860,Luleå-Kallax Flygplats,13,Rådande väder,"momentanvärde, 1 gång/tim resp 8 gånger/dygn",kod,1992-12-07T09:00:00Z,1992-12-07T10:00:00+01:00,723718800000,,71,71,G,,corrected-archive-csv
162860,Luleå-Kallax Flygplats,13,Rådande väder,"momentanvärde, 1 gång/tim resp 8 gånger/dygn",kod,1992-12-07T10:00:00Z,1992-12-07T11:00:00+01:00,723722400000,,71,71,Y,,corrected-archive-csv
162860,Luleå-Kallax Flygplats,13,Rådande väder,"momentanvärde, 1 gång/tim resp 8 gånger/dygn",kod,1992-12-07T11:00:00Z,1992-12-07T12:00:00+01:00,723726000000,,77,77,Y,,corrected-archive-csv
162860,Luleå-Kallax Flygplats,13,Rådande väder,"momentanvärde, 1 gång/tim resp 8 gånger/dygn",kod,1992-12-07T12:00:00Z,1992-12-07T13:00:00+01:00,723729600000,,71,71,G,,corrected-archive-csv
162860,Luleå-Kallax Flygplats,13,Rådande väder,"momentanvärde, 1 gång/tim resp 8 gånger/dygn",kod,1992-12-07T13:00:00Z,1992-12-07T14:00:00+01:00,723733200000,,22,22,Y,,corrected-archive-csv
162860,Luleå-Kallax Flygplats,13,Rådande väder,"momentanvärde, 1 gång/tim resp 8 gånger/dygn",kod,1992-12-07T14:00:00Z,1992-12-07T15:00:00+01:00,723736800000,,22,22,Y,,corrected-archive-csv
162860,Luleå-Kallax Flygplats,13,Rådande väder,"momentanvärde, 1 gång/tim resp 8 gånger/dygn",kod,1992-12-07T15:00:00Z,1992-12-07T16:00:00+01:00,723740400000,,2,2,G,,corrected-archive-csv
162860,Luleå-Kallax Flygplats,13,Rådande väder,"momentanvärde, 1 gång/tim resp 8 gånger/dygn",kod,1992-12-07T16:00:00Z,1992-12-07T17:00:00+01:00,723744000000,,2,2,Y,,corrected-archive-csv
162860,Luleå-Kallax Flygplats,13,Rådande väder,"momentanvärde, 1 gång/tim resp 8 gånger/dygn",kod,1992-12-07T17:00:00Z,1992-12-07T18:00:00+01:00,723747600000,,2,2,Y,,corrected-archive-csv
162860,Luleå-Kallax Flygplats,13,Rådande väder,"momentanvärde, 1 gång/tim resp 8 gånger/dygn",kod,1992-12-07T18:00:00Z,1992-12-07T19:00:00+01:00,723751200000,,2,2,G,,corrected-archive-csv
162860,Luleå-Kallax Flygplats,13,Rådande väder,"momentanvärde, 1 gång/tim resp 8 gånger/dygn",kod,1992-12-07T21:00:00Z,1992-12-07T22:00:00+01:00,723762000000,,0,0,G,,corrected-archive-csv
162860,Luleå-Kallax Flygplats,13,Rådande väder,"momentanvärde, 1 gång/tim resp 8 gånger/dygn",kod,1992-12-08T00:00:00Z,1992-12-08T01:00:00+01:00,723772800000,,0,0,G,,corrected-archive-csv
162860,Luleå-Kallax Flygplats,13,Rådande väder,"momentanvärde, 1 gång/tim resp 8 gånger/dygn",kod,1992-12-08T03:00:00Z,1992-12-08T04:00:00+01:00,723783600000,,0,0,G,,corrected-archive-csv
162860,Luleå-Kallax Flygplats,13,Rådande väder,"momentanvärde, 1 gång/tim resp 8 gånger/dygn",kod,1992-12-08T06:00:00Z,1992-12-08T07:00:00+01:00,723794400000,,0,0,G,,corrected-archive-csv
162860,Luleå-Kallax Flygplats,13,Rådande väder,"momentanvärde, 1 gång/tim resp 8 gånger/dygn",kod,1992-12-08T09:00:00Z,1992-12-08T10:00:00+01:00,723805200000,,0,0,G,,corrected-archive-csv
162860,Luleå-Kallax Flygplats,13,Rådande väder,"momentanvärde, 1 gång/tim resp 8 gånger/dygn",kod,1992-12-08T15:00:00Z,1992-12-08T16:00:00+01:00,723826800000,,0,0,G,,corrected-archive-csv
162860,Luleå-Kallax Flygplats,13,Rådande väder,"momentanvärde, 1 gång/tim resp 8 gånger/dygn",kod,1992-12-08T18:00:00Z,1992-12-08T19:00:00+01:00,723837600000,,0,0,G,,corrected-archive-csv
162860,Luleå-Kallax Flygplats,13,Rådande väder,"momentanvärde, 1 gång/tim resp 8 gånger/dygn",kod,1992-12-08T21:00:00Z,1992-12-08T22:00:00+01:00,723848400000,,0,0,G,,corrected-archive-csv
162860,Luleå-Kallax Flygplats,13,Rådande väder,"momentanvärde, 1 gång/tim resp 8 gånger/dygn",kod,1992-12-09T00:00:00Z,1992-12-09T01:00:00+01:00,723859200000,,0,0,G,,corrected-archive-csv
162860,Luleå-Kallax Flygplats,13,Rådande väder,"momentanvärde, 1 gång/tim resp 8 gånger/dygn",kod,1992-12-09T03:00:00Z,1992-12-09T04:00:00+01:00,723870000000,,0,0,G,,corrected-archive-csv
162860,Luleå-Kallax Flygplats,13,Rådande väder,"momentanvärde, 1 gång/tim resp 8 gånger/dygn",kod,1992-12-09T06:00:00Z,1992-12-09T07:00:00+01:00,723880800000,,0,0,G,,corrected-archive-csv
162860,Luleå-Kallax Flygplats,13,Rådande väder,"momentanvärde, 1 gång/tim resp 8 gånger/dygn",kod,1992-12-09T09:00:00Z,1992-12-09T10:00:00+01:00,723891600000,,0,0,G,,corrected-archive-csv
162860,Luleå-Kallax Flygplats,13,Rådande väder,"momentanvärde, 1 gång/tim resp 8 gånger/dygn",kod,1992-12-09T12:00:00Z,1992-12-09T13:00:00+01:00,723902400000,,0,0,G,,corrected-archive-csv
162860,Luleå-Kallax Flygplats,13,Rådande väder,"momentanvärde, 1 gång/tim resp 8 gånger/dygn",kod,1992-12-09T15:00:00Z,1992-12-09T16:00:00+01:00,723913200000,,0,0,G,,corrected-archive-csv
162860,Luleå-Kallax Flygplats,13,Rådande väder,"momentanvärde, 1 gång/tim resp 8 gånger/dygn",kod,1992-12-09T18:00:00Z,1992-12-09T19:00:00+01:00,723924000000,,0,0,G,,corrected-archive-csv
162860,Luleå-Kallax Flygplats,13,Rådande väder,"momentanvärde, 1 gång/tim resp 8 gånger/dygn",kod,1992-12-09T19:00:00Z,1992-12-09T20:00:00+01:00,723927600000,,20,20,Y,,corrected-archive-csv
162860,Luleå-Kallax Flygplats,13,Rådande väder,"momentanvärde, 1 gång/tim resp 8 gånger/dygn",kod,1992-12-09T20:00:00Z,1992-12-09T21:00:00+01:00,723931200000,,3,3,Y,,corrected-archive-csv
162860,Luleå-Kallax Flygplats,13,Rådande väder,"momentanvärde, 1 gång/tim resp 8 gånger/dygn",kod,1992-12-09T21:00:00Z,1992-12-09T22:00:00+01:00,723934800000,,2,2,G,,corrected-archive-csv
162860,Luleå-Kallax Flygplats,13,Rådande väder,"momentanvärde, 1 gång/tim resp 8 gånger/dygn",kod,1992-12-09T22:00:00Z,1992-12-09T23:00:00+01:00,723938400000,,2,2,Y,,corrected-archive-csv
162860,Luleå-Kallax Flygplats,13,Rådande väder,"momentanvärde, 1 gång/tim resp 8 gånger/dygn",kod,1992-12-09T23:00:00Z,1992-12-10T00:00:00+01:00,723942000000,,2,2,Y,,corrected-archive-csv
162860,Luleå-Kallax Flygplats,13,Rådande väder,"momentanvärde, 1 gång/tim resp 8 gånger/dygn",kod,1992-12-10T00:00:00Z,1992-12-10T01:00:00+01:00,723945600000,,2,2,G,,corrected-archive-csv
162860,Luleå-Kallax Flygplats,13,Rådande väder,"momentanvärde, 1 gång/tim resp 8 gånger/dygn",kod,1992-12-10T03:00:00Z,1992-12-10T04:00:00+01:00,723956400000,,0,0,G,,corrected-archive-csv
162860,Luleå-Kallax Flygplats,13,Rådande väder,"momentanvärde, 1 gång/tim resp 8 gånger/dygn",kod,1992-12-10T06:00:00Z,1992-12-10T07:00:00+01:00,723967200000,,0,0,G,,corrected-archive-csv
162860,Luleå-Kallax Flygplats,13,Rådande väder,"momentanvärde, 1 gång/tim resp 8 gånger/dygn",kod,1992-12-10T09:00:00Z,1992-12-10T10:00:00+01:00,723978000000,,0,0,G,,corrected-archive-csv
162860,Luleå-Kallax Flygplats,13,Rådande väder,"momentanvärde, 1 gång/tim resp 8 gånger/dygn",kod,1992-12-10T12:00:00Z,1992-12-10T13:00:00+01:00,723988800000,,0,0,G,,corrected-archive-csv
162860,Luleå-Kallax Flygplats,13,Rådande väder,"momentanvärde, 1 gång/tim resp 8 gånger/dygn",kod,1992-12-10T15:00:00Z,1992-12-10T16:00:00+01:00,723999600000,,0,0,G,,corrected-archive-csv
162860,Luleå-Kallax Flygplats,13,Rådande väder,"momentanvärde, 1 gång/tim resp 8 gånger/dygn",kod,1992-12-10T18:00:00Z,1992-12-10T19:00:00+01:00,724010400000,,0,0,G,,corrected-archive-csv
162860,Luleå-Kallax Flygplats,13,Rådande väder,"momentanvärde, 1 gång/tim resp 8 gånger/dygn",kod,1992-12-10T20:00:00Z,1992-12-10T21:00:00+01:00,724017600000,,61,61,Y,,corrected-archive-csv
162860,Luleå-Kallax Flygplats,13,Rådande väder,"momentanvärde, 1 gång/tim resp 8 gånger/dygn",kod,1992-12-10T21:00:00Z,1992-12-10T22:00:00+01:00,724021200000,,61,61,G,,corrected-archive-csv
162860,Luleå-Kallax Flygplats,13,Rådande väder,"momentanvärde, 1 gång/tim resp 8 gånger/dygn",kod,1992-12-10T22:00:00Z,1992-12-10T23:00:00+01:00,724024800000,,61,61,Y,,corrected-archive-csv
162860,Luleå-Kallax Flygplats,13,Rådande väder,"momentanvärde, 1 gång/tim resp 8 gånger/dygn",kod,1992-12-10T23:00:00Z,1992-12-11T00:00:00+01:00,724028400000,,61,61,Y,,corrected-archive-csv
162860,Luleå-Kallax Flygplats,13,Rådande väder,"momentanvärde, 1 gång/tim resp 8 gånger/dygn",kod,1992-12-11T00:00:00Z,1992-12-11T01:00:00+01:00,724032000000,,61,61,G,,corrected-archive-csv
162860,Luleå-Kallax Flygplats,13,Rådande väder,"momentanvärde, 1 gång/tim resp 8 gånger/dygn",kod,1992-12-11T01:00:00Z,1992-12-11T02:00:00+01:00,724035600000,,61,61,Y,,corrected-archive-csv
162860,Luleå-Kallax Flygplats,13,Rådande väder,"momentanvärde, 1 gång/tim resp 8 gånger/dygn",kod,1992-12-11T02:00:00Z,1992-12-11T03:00:00+01:00,724039200000,,61,61,Y,,corrected-archive-csv
162860,Luleå-Kallax Flygplats,13,Rådande väder,"momentanvärde, 1 gång/tim resp 8 gånger/dygn",kod,1992-12-11T03:00:00Z,1992-12-11T04:00:00+01:00,724042800000,,61,61,G,,corrected-archive-csv
162860,Luleå-Kallax Flygplats,13,Rådande väder,"momentanvärde, 1 gång/tim resp 8 gånger/dygn",kod,1992-12-11T04:00:00Z,1992-12-11T05:00:00+01:00,724046400000,,21,21,Y,,corrected-archive-csv
162860,Luleå-Kallax Flygplats,13,Rådande väder,"momentanvärde, 1 gång/tim resp 8 gånger/dygn",kod,1992-12-11T05:00:00Z,1992-12-11T06:00:00+01:00,724050000000,,2,2,Y,,corrected-archive-csv
162860,Luleå-Kallax Flygplats,13,Rådande väder,"momentanvärde, 1 gång/tim resp 8 gånger/dygn",kod,1992-12-11T06:00:00Z,1992-12-11T07:00:00+01:00,724053600000,,1,1,G,,corrected-archive-csv
162860,Luleå-Kallax Flygplats,13,Rådande väder,"momentanvärde, 1 gång/tim resp 8 gånger/dygn",kod,1992-12-11T09:00:00Z,1992-12-11T10:00:00+01:00,724064400000,,0,0,G,,corrected-archive-csv
162860,Luleå-Kallax Flygplats,13,Rådande väder,"momentanvärde, 1 gång/tim resp 8 gånger/dygn",kod,1992-12-11T15:00:00Z,1992-12-11T16:00:00+01:00,724086000000,,0,0,G,,corrected-archive-csv
162860,Luleå-Kallax Flygplats,13,Rådande väder,"momentanvärde, 1 gång/tim resp 8 gånger/dygn",kod,1992-12-11T18:00:00Z,1992-12-11T19:00:00+01:00,724096800000,,0,0,G,,corrected-archive-csv
162860,Luleå-Kallax Flygplats,13,Rådande väder,"momentanvärde, 1 gång/tim resp 8 gånger/dygn",kod,1992-12-11T21:00:00Z,1992-12-11T22:00:00+01:00,724107600000,,0,0,G,,corrected-archive-csv
162860,Luleå-Kallax Flygplats,13,Rådande väder,"momentanvärde, 1 gång/tim resp 8 gånger/dygn",kod,1992-12-12T00:00:00Z,1992-12-12T01:00:00+01:00,724118400000,,0,0,G,,corrected-archive-csv
162860,Luleå-Kallax Flygplats,13,Rådande väder,"momentanvärde, 1 gång/tim resp 8 gånger/dygn",kod,1992-12-12T03:00:00Z,1992-12-12T04:00:00+01:00,724129200000,,0,0,G,,corrected-archive-csv
162860,Luleå-Kallax Flygplats,13,Rådande väder,"momentanvärde, 1 gång/tim resp 8 gånger/dygn",kod,1992-12-12T06:00:00Z,1992-12-12T07:00:00+01:00,724140000000,,0,0,G,,corrected-archive-csv
162860,Luleå-Kallax Flygplats,13,Rådande väder,"momentanvärde, 1 gång/tim resp 8 gånger/dygn",kod,1992-12-12T09:00:00Z,1992-12-12T10:00:00+01:00,724150800000,,0,0,G,,corrected-archive-csv
162860,Luleå-Kallax Flygplats,13,Rådande väder,"momentanvärde, 1 gång/tim resp 8 gånger/dygn",kod,1992-12-12T12:00:00Z,1992-12-12T13:00:00+01:00,724161600000,,40,40,G,,corrected-archive-csv
162860,Luleå-Kallax Flygplats,13,Rådande väder,"momentanvärde, 1 gång/tim resp 8 gånger/dygn",kod,1992-12-12T13:00:00Z,1992-12-12T14:00:00+01:00,724165200000,,40,40,Y,,corrected-archive-csv
162860,Luleå-Kallax Flygplats,13,Rådande väder,"momentanvärde, 1 gång/tim resp 8 gånger/dygn",kod,1992-12-12T14:00:00Z,1992-12-12T15:00:00+01:00,724168800000,,40,40,Y,,corrected-archive-csv
162860,Luleå-Kallax Flygplats,13,Rådande väder,"momentanvärde, 1 gång/tim resp 8 gånger/dygn",kod,1992-12-12T15:00:00Z,1992-12-12T16:00:00+01:00,724172400000,,0,0,G,,corrected-archive-csv
162860,Luleå-Kallax Flygplats,13,Rådande väder,"momentanvärde, 1 gång/tim resp 8 gånger/dygn",kod,1992-12-12T18:00:00Z,1992-12-12T19:00:00+01:00,724183200000,,0,0,G,,corrected-archive-csv
162860,Luleå-Kallax Flygplats,13,Rådande väder,"momentanvärde, 1 gång/tim resp 8 gånger/dygn",kod,1992-12-12T21:00:00Z,1992-12-12T22:00:00+01:00,724194000000,,0,0,G,,corrected-archive-csv
162860,Luleå-Kallax Flygplats,13,Rådande väder,"momentanvärde, 1 gång/tim resp 8 gånger/dygn",kod,1992-12-13T00:00:00Z,1992-12-13T01:00:00+01:00,724204800000,,0,0,G,,corrected-archive-csv
162860,Luleå-Kallax Flygplats,13,Rådande väder,"momentanvärde, 1 gång/tim resp 8 gånger/dygn",kod,1992-12-13T03:00:00Z,1992-12-13T04:00:00+01:00,724215600000,,0,0,G,,corrected-archive-csv
162860,Luleå-Kallax Flygplats,13,Rådande väder,"momentanvärde, 1 gång/tim resp 8 gånger/dygn",kod,1992-12-13T06:00:00Z,1992-12-13T07:00:00+01:00,724226400000,,0,0,G,,corrected-archive-csv
162860,Luleå-Kallax Flygplats,13,Rådande väder,"momentanvärde, 1 gång/tim resp 8 gånger/dygn",kod,1992-12-13T09:00:00Z,1992-12-13T10:00:00+01:00,724237200000,,0,0,G,,corrected-archive-csv
162860,Luleå-Kallax Flygplats,13,Rådande väder,"momentanvärde, 1 gång/tim resp 8 gånger/dygn",kod,1992-12-13T12:00:00Z,1992-12-13T13:00:00+01:00,724248000000,,10,10,G,,corrected-archive-csv
162860,Luleå-Kallax Flygplats,13,Rådande väder,"momentanvärde, 1 gång/tim resp 8 gånger/dygn",kod,1992-12-13T13:00:00Z,1992-12-13T14:00:00+01:00,724251600000,,10,10,Y,,corrected-archive-csv
162860,Luleå-Kallax Flygplats,13,Rådande väder,"momentanvärde, 1 gång/tim resp 8 gånger/dygn",kod,1992-12-13T14:00:00Z,1992-12-13T15:00:00+01:00,724255200000,,2,2,Y,,corrected-archive-csv
162860,Luleå-Kallax Flygplats,13,Rådande väder,"momentanvärde, 1 gång/tim resp 8 gånger/dygn",kod,1992-12-13T15:00:00Z,1992-12-13T16:00:00+01:00,724258800000,,2,2,G,,corrected-archive-csv
162860,Luleå-Kallax Flygplats,13,Rådande väder,"momentanvärde, 1 gång/tim resp 8 gånger/dygn",kod,1992-12-13T16:00:00Z,1992-12-13T17:00:00+01:00,724262400000,,1,1,Y,,corrected-archive-csv
162860,Luleå-Kallax Flygplats,13,Rådande väder,"momentanvärde, 1 gång/tim resp 8 gånger/dygn",kod,1992-12-13T17:00:00Z,1992-12-13T18:00:00+01:00,724266000000,,1,1,Y,,corrected-archive-csv
162860,Luleå-Kallax Flygplats,13,Rådande väder,"momentanvärde, 1 gång/tim resp 8 gånger/dygn",kod,1992-12-13T18:00:00Z,1992-12-13T19:00:00+01:00,724269600000,,3,3,G,,corrected-archive-csv
162860,Luleå-Kallax Flygplats,13,Rådande väder,"momentanvärde, 1 gång/tim resp 8 gånger/dygn",kod,1992-12-13T21:00:00Z,1992-12-13T22:00:00+01:00,724280400000,,71,71,G,,corrected-archive-csv
162860,Luleå-Kallax Flygplats,13,Rådande väder,"momentanvärde, 1 gång/tim resp 8 gånger/dygn",kod,1992-12-13T22:00:00Z,1992-12-13T23:00:00+01:00,724284000000,,71,71,Y,,corrected-archive-csv
162860,Luleå-Kallax Flygplats,13,Rådande väder,"momentanvärde, 1 gång/tim resp 8 gånger/dygn",kod,1992-12-13T23:00:00Z,1992-12-14T00:00:00+01:00,724287600000,,22,22,Y,,corrected-archive-csv
162860,Luleå-Kallax Flygplats,13,Rådande väder,"momentanvärde, 1 gång/tim resp 8 gånger/dygn",kod,1992-12-14T00:00:00Z,1992-12-14T01:00:00+01:00,724291200000,,22,22,G,,corrected-archive-csv
162860,Luleå-Kallax Flygplats,13,Rådande väder,"momentanvärde, 1 gång/tim resp 8 gånger/dygn",kod,1992-12-14T01:00:00Z,1992-12-14T02:00:00+01:00,724294800000,,72,72,Y,,corrected-archive-csv
162860,Luleå-Kallax Flygplats,13,Rådande väder,"momentanvärde, 1 gång/tim resp 8 gånger/dygn",kod,1992-12-14T02:00:00Z,1992-12-14T03:00:00+01:00,724298400000,,22,22,Y,,corrected-archive-csv
162860,Luleå-Kallax Flygplats,13,Rådande väder,"momentanvärde, 1 gång/tim resp 8 gånger/dygn",kod,1992-12-14T03:00:00Z,1992-12-14T04:00:00+01:00,724302000000,,1,1,G,,corrected-archive-csv
162860,Luleå-Kallax Flygplats,13,Rådande väder,"momentanvärde, 1 gång/tim resp 8 gånger/dygn",kod,1992-12-14T04:00:00Z,1992-12-14T05:00:00+01:00,724305600000,,78,78,Y,,corrected-archive-csv
162860,Luleå-Kallax Flygplats,13,Rådande väder,"momentanvärde, 1 gång/tim resp 8 gånger/dygn",kod,1992-12-14T05:00:00Z,1992-12-14T06:00:00+01:00,724309200000,,22,22,Y,,corrected-archive-csv
162860,Luleå-Kallax Flygplats,13,Rådande väder,"momentanvärde, 1 gång/tim resp 8 gånger/dygn",kod,1992-12-14T06:00:00Z,1992-12-14T07:00:00+01:00,724312800000,,1,1,G,,corrected-archive-csv
162860,Luleå-Kallax Flygplats,13,Rådande väder,"momentanvärde, 1 gång/tim resp 8 gånger/dygn",kod,1992-12-14T08:00:00Z,1992-12-14T09:00:00+01:00,724320000000,,22,22,Y,,corrected-archive-csv
162860,Luleå-Kallax Flygplats,13,Rådande väder,"momentanvärde, 1 gång/tim resp 8 gånger/dygn",kod,1992-12-14T09:00:00Z,1992-12-14T10:00:00+01:00,724323600000,,3,3,G,,corrected-archive-csv
162860,Luleå-Kallax Flygplats,13,Rådande väder,"momentanvärde, 1 gång/tim resp 8 gånger/dygn",kod,1992-12-14T10:00:00Z,1992-12-14T11:00:00+01:00,724327200000,,3,3,Y,,corrected-archive-csv
162860,Luleå-Kallax Flygplats,13,Rådande väder,"momentanvärde, 1 gång/tim resp 8 gånger/dygn",kod,1992-12-14T11:00:00Z,1992-12-14T12:00:00+01:00,724330800000,,3,3,Y,,corrected-archive-csv
162860,Luleå-Kallax Flygplats,13,Rådande väder,"momentanvärde, 1 gång/tim resp 8 gånger/dygn",kod,1992-12-14T12:00:00Z,1992-12-14T13:00:00+01:00,724334400000,,3,3,G,,corrected-archive-csv
162860,Luleå-Kallax Flygplats,13,Rådande väder,"momentanvärde, 1 gång/tim resp 8 gånger/dygn",kod,1992-12-14T14:00:00Z,1992-12-14T15:00:00+01:00,724341600000,,71,71,Y,,corrected-archive-csv
162860,Luleå-Kallax Flygplats,13,Rådande väder,"momentanvärde, 1 gång/tim resp 8 gånger/dygn",kod,1992-12-14T15:00:00Z,1992-12-14T16:00:00+01:00,724345200000,,22,22,G,,corrected-archive-csv
162860,Luleå-Kallax Flygplats,13,Rådande väder,"momentanvärde, 1 gång/tim resp 8 gånger/dygn",kod,1992-12-14T16:00:00Z,1992-12-14T17:00:00+01:00,724348800000,,2,2,Y,,corrected-archive-csv
162860,Luleå-Kallax Flygplats,13,Rådande väder,"momentanvärde, 1 gång/tim resp 8 gånger/dygn",kod,1992-12-14T17:00:00Z,1992-12-14T18:00:00+01:00,724352400000,,73,73,Y,,corrected-archive-csv
162860,Luleå-Kallax Flygplats,13,Rådande väder,"momentanvärde, 1 gång/tim resp 8 gånger/dygn",kod,1992-12-14T18:00:00Z,1992-12-14T19:00:00+01:00,724356000000,,73,73,G,,corrected-archive-csv
162860,Luleå-Kallax Flygplats,13,Rådande väder,"momentanvärde, 1 gång/tim resp 8 gånger/dygn",kod,1992-12-14T19:00:00Z,1992-12-14T20:00:00+01:00,724359600000,,73,73,Y,,corrected-archive-csv
162860,Luleå-Kallax Flygplats,13,Rådande väder,"momentanvärde, 1 gång/tim resp 8 gånger/dygn",kod,1992-12-14T20:00:00Z,1992-12-14T21:00:00+01:00,724363200000,,73,73,Y,,corrected-archive-csv
162860,Luleå-Kallax Flygplats,13,Rådande väder,"momentanvärde, 1 gång/tim resp 8 gånger/dygn",kod,1992-12-14T21:00:00Z,1992-12-14T22:00:00+01:00,724366800000,,71,71,G,,corrected-archive-csv
162860,Luleå-Kallax Flygplats,13,Rådande väder,"momentanvärde, 1 gång/tim resp 8 gånger/dygn",kod,1992-12-14T22:00:00Z,1992-12-14T23:00:00+01:00,724370400000,,71,71,Y,,corrected-archive-csv
162860,Luleå-Kallax Flygplats,13,Rådande väder,"momentanvärde, 1 gång/tim resp 8 gånger/dygn",kod,1992-12-14T23:00:00Z,1992-12-15T00:00:00+01:00,724374000000,,71,71,Y,,corrected-archive-csv
162860,Luleå-Kallax Flygplats,13,Rådande väder,"momentanvärde, 1 gång/tim resp 8 gånger/dygn",kod,1992-12-15T00:00:00Z,1992-12-15T01:00:00+01:00,724377600000,,71,71,G,,corrected-archive-csv
162860,Luleå-Kallax Flygplats,13,Rådande väder,"momentanvärde, 1 gång/tim resp 8 gånger/dygn",kod,1992-12-15T01:00:00Z,1992-12-15T02:00:00+01:00,724381200000,,71,71,Y,,corrected-archive-csv
162860,Luleå-Kallax Flygplats,13,Rådande väder,"momentanvärde, 1 gång/tim resp 8 gånger/dygn",kod,1992-12-15T02:00:00Z,1992-12-15T03:00:00+01:00,724384800000,,71,71,Y,,corrected-archive-csv
162860,Luleå-Kallax Flygplats,13,Rådande väder,"momentanvärde, 1 gång/tim resp 8 gånger/dygn",kod,1992-12-15T03:00:00Z,1992-12-15T04:00:00+01:00,724388400000,,71,71,G,,corrected-archive-csv
162860,Luleå-Kallax Flygplats,13,Rådande väder,"momentanvärde, 1 gång/tim resp 8 gånger/dygn",kod,1992-12-15T04:00:00Z,1992-12-15T05:00:00+01:00,724392000000,,71,71,Y,,corrected-archive-csv
162860,Luleå-Kallax Flygplats,13,Rådande väder,"momentanvärde, 1 gång/tim resp 8 gånger/dygn",kod,1992-12-15T05:00:00Z,1992-12-15T06:00:00+01:00,724395600000,,71,71,Y,,corrected-archive-csv
162860,Luleå-Kallax Flygplats,13,Rådande väder,"momentanvärde, 1 gång/tim resp 8 gånger/dygn",kod,1992-12-15T06:00:00Z,1992-12-15T07:00:00+01:00,724399200000,,71,71,G,,corrected-archive-csv
162860,Luleå-Kallax Flygplats,13,Rådande väder,"momentanvärde, 1 gång/tim resp 8 gånger/dygn",kod,1992-12-15T07:00:00Z,1992-12-15T08:00:00+01:00,724402800000,,71,71,Y,,corrected-archive-csv
162860,Luleå-Kallax Flygplats,13,Rådande väder,"momentanvärde, 1 gång/tim resp 8 gånger/dygn",kod,1992-12-15T08:00:00Z,1992-12-15T09:00:00+01:00,724406400000,,71,71,Y,,corrected-archive-csv
162860,Luleå-Kallax Flygplats,13,Rådande väder,"momentanvärde, 1 gång/tim resp 8 gånger/dygn",kod,1992-12-15T09:00:00Z,1992-12-15T10:00:00+01:00,724410000000,,22,22,G,,corrected-archive-csv
162860,Luleå-Kallax Flygplats,13,Rådande väder,"momentanvärde, 1 gång/tim resp 8 gånger/dygn",kod,1992-12-15T10:00:00Z,1992-12-15T11:00:00+01:00,724413600000,,71,71,Y,,corrected-archive-csv
162860,Luleå-Kallax Flygplats,13,Rådande väder,"momentanvärde, 1 gång/tim resp 8 gånger/dygn",kod,1992-12-15T11:00:00Z,1992-12-15T12:00:00+01:00,724417200000,,71,71,Y,,corrected-archive-csv
162860,Luleå-Kallax Flygplats,13,Rådande väder,"momentanvärde, 1 gång/tim resp 8 gånger/dygn",kod,1992-12-15T12:00:00Z,1992-12-15T13:00:00+01:00,724420800000,,71,71,G,,corrected-archive-csv
162860,Luleå-Kallax Flygplats,13,Rådande väder,"momentanvärde, 1 gång/tim resp 8 gånger/dygn",kod,1992-12-15T13:00:00Z,1992-12-15T14:00:00+01:00,724424400000,,22,22,Y,,corrected-archive-csv
162860,Luleå-Kallax Flygplats,13,Rådande väder,"momentanvärde, 1 gång/tim resp 8 gånger/dygn",kod,1992-12-15T14:00:00Z,1992-12-15T15:00:00+01:00,724428000000,,22,22,Y,,corrected-archive-csv
162860,Luleå-Kallax Flygplats,13,Rådande väder,"momentanvärde, 1 gång/tim resp 8 gånger/dygn",kod,1992-12-15T15:00:00Z,1992-12-15T16:00:00+01:00,724431600000,,22,22,G,,corrected-archive-csv
162860,Luleå-Kallax Flygplats,13,Rådande väder,"momentanvärde, 1 gång/tim resp 8 gånger/dygn",kod,1992-12-15T16:00:00Z,1992-12-15T17:00:00+01:00,724435200000,,40,40,Y,,corrected-archive-csv
162860,Luleå-Kallax Flygplats,13,Rådande väder,"momentanvärde, 1 gång/tim resp 8 gånger/dygn",kod,1992-12-15T17:00:00Z,1992-12-15T18:00:00+01:00,724438800000,,40,40,Y,,corrected-archive-csv
162860,Luleå-Kallax Flygplats,13,Rådande väder,"momentanvärde, 1 gång/tim resp 8 gånger/dygn",kod,1992-12-15T18:00:00Z,1992-12-15T19:00:00+01:00,724442400000,,2,2,G,,corrected-archive-csv
162860,Luleå-Kallax Flygplats,13,Rådande väder,"momentanvärde, 1 gång/tim resp 8 gånger/dygn",kod,1992-12-15T21:00:00Z,1992-12-15T22:00:00+01:00,724453200000,,0,0,G,,corrected-archive-csv
162860,Luleå-Kallax Flygplats,13,Rådande väder,"momentanvärde, 1 gång/tim resp 8 gånger/dygn",kod,1992-12-16T00:00:00Z,1992-12-16T01:00:00+01:00,724464000000,,0,0,G,,corrected-archive-csv
162860,Luleå-Kallax Flygplats,13,Rådande väder,"momentanvärde, 1 gång/tim resp 8 gånger/dygn",kod,1992-12-16T03:00:00Z,1992-12-16T04:00:00+01:00,724474800000,,0,0,G,,corrected-archive-csv
162860,Luleå-Kallax Flygplats,13,Rådande väder,"momentanvärde, 1 gång/tim resp 8 gånger/dygn",kod,1992-12-16T06:00:00Z,1992-12-16T07:00:00+01:00,724485600000,,40,40,G,,corrected-archive-csv
162860,Luleå-Kallax Flygplats,13,Rådande väder,"momentanvärde, 1 gång/tim resp 8 gånger/dygn",kod,1992-12-16T07:00:00Z,1992-12-16T08:00:00+01:00,724489200000,,40,40,Y,,corrected-archive-csv
162860,Luleå-Kallax Flygplats,13,Rådande väder,"momentanvärde, 1 gång/tim resp 8 gånger/dygn",kod,1992-12-16T09:00:00Z,1992-12-16T10:00:00+01:00,724496400000,,3,3,G,,corrected-archive-csv
162860,Luleå-Kallax Flygplats,13,Rådande väder,"momentanvärde, 1 gång/tim resp 8 gånger/dygn",kod,1992-12-16T10:00:00Z,1992-12-16T11:00:00+01:00,724500000000,,2,2,Y,,corrected-archive-csv
162860,Luleå-Kallax Flygplats,13,Rådande väder,"momentanvärde, 1 gång/tim resp 8 gånger/dygn",kod,1992-12-16T12:00:00Z,1992-12-16T13:00:00+01:00,724507200000,,0,0,G,,corrected-archive-csv
162860,Luleå-Kallax Flygplats,13,Rådande väder,"momentanvärde, 1 gång/tim resp 8 gånger/dygn",kod,1992-12-16T15:00:00Z,1992-12-16T16:00:00+01:00,724518000000,,67,67,G,,corrected-archive-csv
162860,Luleå-Kallax Flygplats,13,Rådande väder,"momentanvärde, 1 gång/tim resp 8 gånger/dygn",kod,1992-12-16T16:00:00Z,1992-12-16T17:00:00+01:00,724521600000,,57,57,Y,,corrected-archive-csv
162860,Luleå-Kallax Flygplats,13,Rådande väder,"momentanvärde, 1 gång/tim resp 8 gånger/dygn",kod,1992-12-16T17:00:00Z,1992-12-16T18:00:00+01:00,724525200000,,51,51,Y,,corrected-archive-csv
162860,Luleå-Kallax Flygplats,13,Rådande väder,"momentanvärde, 1 gång/tim resp 8 gånger/dygn",kod,1992-12-16T18:00:00Z,1992-12-16T19:00:00+01:00,724528800000,,47,47,G,,corrected-archive-csv
162860,Luleå-Kallax Flygplats,13,Rådande väder,"momentanvärde, 1 gång/tim resp 8 gånger/dygn",kod,1992-12-16T19:00:00Z,1992-12-16T20:00:00+01:00,724532400000,,51,51,Y,,corrected-archive-csv
162860,Luleå-Kallax Flygplats,13,Rådande väder,"momentanvärde, 1 gång/tim resp 8 gånger/dygn",kod,1992-12-16T20:00:00Z,1992-12-16T21:00:00+01:00,724536000000,,47,47,Y,,corrected-archive-csv
162860,Luleå-Kallax Flygplats,13,Rådande väder,"momentanvärde, 1 gång/tim resp 8 gånger/dygn",kod,1992-12-16T21:00:00Z,1992-12-16T22:00:00+01:00,724539600000,,45,45,G,,corrected-archive-csv
162860,Luleå-Kallax Flygplats,13,Rådande väder,"momentanvärde, 1 gång/tim resp 8 gånger/dygn",kod,1992-12-16T22:00:00Z,1992-12-16T23:00:00+01:00,724543200000,,45,45,Y,,corrected-archive-csv
162860,Luleå-Kallax Flygplats,13,Rådande väder,"momentanvärde, 1 gång/tim resp 8 gånger/dygn",kod,1992-12-16T23:00:00Z,1992-12-17T00:00:00+01:00,724546800000,,20,20,Y,,corrected-archive-csv
162860,Luleå-Kallax Flygplats,13,Rådande väder,"momentanvärde, 1 gång/tim resp 8 gånger/dygn",kod,1992-12-17T00:00:00Z,1992-12-17T01:00:00+01:00,724550400000,,2,2,G,,corrected-archive-csv
162860,Luleå-Kallax Flygplats,13,Rådande väder,"momentanvärde, 1 gång/tim resp 8 gånger/dygn",kod,1992-12-17T03:00:00Z,1992-12-17T04:00:00+01:00,724561200000,,0,0,G,,corrected-archive-csv
162860,Luleå-Kallax Flygplats,13,Rådande väder,"momentanvärde, 1 gång/tim resp 8 gånger/dygn",kod,1992-12-17T06:00:00Z,1992-12-17T07:00:00+01:00,724572000000,,0,0,G,,corrected-archive-csv
162860,Luleå-Kallax Flygplats,13,Rådande väder,"momentanvärde, 1 gång/tim resp 8 gånger/dygn",kod,1992-12-17T09:00:00Z,1992-12-17T10:00:00+01:00,724582800000,,0,0,G,,corrected-archive-csv
162860,Luleå-Kallax Flygplats,13,Rådande väder,"momentanvärde, 1 gång/tim resp 8 gånger/dygn",kod,1992-12-17T12:00:00Z,1992-12-17T13:00:00+01:00,724593600000,,0,0,G,,corrected-archive-csv
162860,Luleå-Kallax Flygplats,13,Rådande väder,"momentanvärde, 1 gång/tim resp 8 gånger/dygn",kod,1992-12-17T18:00:00Z,1992-12-17T19:00:00+01:00,724615200000,,0,0,G,,corrected-archive-csv
162860,Luleå-Kallax Flygplats,13,Rådande väder,"momentanvärde, 1 gång/tim resp 8 gånger/dygn",kod,1992-12-18T00:00:00Z,1992-12-18T01:00:00+01:00,724636800000,,0,0,G,,corrected-archive-csv
162860,Luleå-Kallax Flygplats,13,Rådande väder,"momentanvärde, 1 gång/tim resp 8 gånger/dygn",kod,1992-12-18T03:00:00Z,1992-12-18T04:00:00+01:00,724647600000,,0,0,G,,corrected-archive-csv
162860,Luleå-Kallax Flygplats,13,Rådande väder,"momentanvärde, 1 gång/tim resp 8 gånger/dygn",kod,1992-12-18T06:00:00Z,1992-12-18T07:00:00+01:00,724658400000,,0,0,G,,corrected-archive-csv
162860,Luleå-Kallax Flygplats,13,Rådande väder,"momentanvärde, 1 gång/tim resp 8 gånger/dygn",kod,1992-12-18T09:00:00Z,1992-12-18T10:00:00+01:00,724669200000,,0,0,G,,corrected-archive-csv
162860,Luleå-Kallax Flygplats,13,Rådande väder,"momentanvärde, 1 gång/tim resp 8 gånger/dygn",kod,1992-12-18T12:00:00Z,1992-12-18T13:00:00+01:00,724680000000,,0,0,G,,corrected-archive-csv
162860,Luleå-Kallax Flygplats,13,Rådande väder,"momentanvärde, 1 gång/tim resp 8 gånger/dygn",kod,1992-12-18T15:00:00Z,1992-12-18T16:00:00+01:00,724690800000,,0,0,G,,corrected-archive-csv
162860,Luleå-Kallax Flygplats,13,Rådande väder,"momentanvärde, 1 gång/tim resp 8 gånger/dygn",kod,1992-12-18T18:00:00Z,1992-12-18T19:00:00+01:00,724701600000,,0,0,G,,corrected-archive-csv
162860,Luleå-Kallax Flygplats,13,Rådande väder,"momentanvärde, 1 gång/tim resp 8 gånger/dygn",kod,1992-12-18T21:00:00Z,1992-12-18T22:00:00+01:00,724712400000,,0,0,G,,corrected-archive-csv
162860,Luleå-Kallax Flygplats,13,Rådande väder,"momentanvärde, 1 gång/tim resp 8 gånger/dygn",kod,1992-12-19T00:00:00Z,1992-12-19T01:00:00+01:00,724723200000,,0,0,G,,corrected-archive-csv
162860,Luleå-Kallax Flygplats,13,Rådande väder,"momentanvärde, 1 gång/tim resp 8 gånger/dygn",kod,1992-12-19T03:00:00Z,1992-12-19T04:00:00+01:00,724734000000,,0,0,G,,corrected-archive-csv
162860,Luleå-Kallax Flygplats,13,Rådande väder,"momentanvärde, 1 gång/tim resp 8 gånger/dygn",kod,1992-12-19T06:00:00Z,1992-12-19T07:00:00+01:00,724744800000,,23,23,G,,corrected-archive-csv
162860,Luleå-Kallax Flygplats,13,Rådande väder,"momentanvärde, 1 gång/tim resp 8 gånger/dygn",kod,1992-12-19T07:00:00Z,1992-12-19T08:00:00+01:00,724748400000,,61,61,Y,,corrected-archive-csv
162860,Luleå-Kallax Flygplats,13,Rådande väder,"momentanvärde, 1 gång/tim resp 8 gånger/dygn",kod,1992-12-19T08:00:00Z,1992-12-19T09:00:00+01:00,724752000000,,61,61,Y,,corrected-archive-csv
162860,Luleå-Kallax Flygplats,13,Rådande väder,"momentanvärde, 1 gång/tim resp 8 gånger/dygn",kod,1992-12-19T09:00:00Z,1992-12-19T10:00:00+01:00,724755600000,,83,83,G,,corrected-archive-csv
162860,Luleå-Kallax Flygplats,13,Rådande väder,"momentanvärde, 1 gång/tim resp 8 gånger/dygn",kod,1992-12-19T10:00:00Z,1992-12-19T11:00:00+01:00,724759200000,,61,61,Y,,corrected-archive-csv
162860,Luleå-Kallax Flygplats,13,Rådande väder,"momentanvärde, 1 gång/tim resp 8 gånger/dygn",kod,1992-12-19T11:00:00Z,1992-12-19T12:00:00+01:00,724762800000,,21,21,Y,,corrected-archive-csv
162860,Luleå-Kallax Flygplats,13,Rådande väder,"momentanvärde, 1 gång/tim resp 8 gånger/dygn",kod,1992-12-19T12:00:00Z,1992-12-19T13:00:00+01:00,724766400000,,1,1,G,,corrected-archive-csv
162860,Luleå-Kallax Flygplats,13,Rådande väder,"momentanvärde, 1 gång/tim resp 8 gånger/dygn",kod,1992-12-19T15:00:00Z,1992-12-19T16:00:00+01:00,724777200000,,0,0,G,,corrected-archive-csv
162860,Luleå-Kallax Flygplats,13,Rådande väder,"momentanvärde, 1 gång/tim resp 8 gånger/dygn",kod,1992-12-19T18:00:00Z,1992-12-19T19:00:00+01:00,724788000000,,0,0,G,,corrected-archive-csv
162860,Luleå-Kallax Flygplats,13,Rådande väder,"momentanvärde, 1 gång/tim resp 8 gånger/dygn",kod,1992-12-19T21:00:00Z,1992-12-19T22:00:00+01:00,724798800000,,0,0,G,,corrected-archive-csv
162860,Luleå-Kallax Flygplats,13,Rådande väder,"momentanvärde, 1 gång/tim resp 8 gånger/dygn",kod,1992-12-20T09:00:00Z,1992-12-20T10:00:00+01:00,724842000000,,0,0,G,,corrected-archive-csv
162860,Luleå-Kallax Flygplats,13,Rådande väder,"momentanvärde, 1 gång/tim resp 8 gånger/dygn",kod,1992-12-20T12:00:00Z,1992-12-20T13:00:00+01:00,724852800000,,0,0,G,,corrected-archive-csv
162860,Luleå-Kallax Flygplats,13,Rådande väder,"momentanvärde, 1 gång/tim resp 8 gånger/dygn",kod,1992-12-20T15:00:00Z,1992-12-20T16:00:00+01:00,724863600000,,0,0,G,,corrected-archive-csv
162860,Luleå-Kallax Flygplats,13,Rådande väder,"momentanvärde, 1 gång/tim resp 8 gånger/dygn",kod,1992-12-20T18:00:00Z,1992-12-20T19:00:00+01:00,724874400000,,0,0,G,,corrected-archive-csv
162860,Luleå-Kallax Flygplats,13,Rådande väder,"momentanvärde, 1 gång/tim resp 8 gånger/dygn",kod,1992-12-20T21:00:00Z,1992-12-20T22:00:00+01:00,724885200000,,0,0,G,,corrected-archive-csv
162860,Luleå-Kallax Flygplats,13,Rådande väder,"momentanvärde, 1 gång/tim resp 8 gånger/dygn",kod,1992-12-21T00:00:00Z,1992-12-21T01:00:00+01:00,724896000000,,0,0,G,,corrected-archive-csv
162860,Luleå-Kallax Flygplats,13,Rådande väder,"momentanvärde, 1 gång/tim resp 8 gånger/dygn",kod,1992-12-21T03:00:00Z,1992-12-21T04:00:00+01:00,724906800000,,0,0,G,,corrected-archive-csv
162860,Luleå-Kallax Flygplats,13,Rådande väder,"momentanvärde, 1 gång/tim resp 8 gånger/dygn",kod,1992-12-21T06:00:00Z,1992-12-21T07:00:00+01:00,724917600000,,0,0,G,,corrected-archive-csv
162860,Luleå-Kallax Flygplats,13,Rådande väder,"momentanvärde, 1 gång/tim resp 8 gånger/dygn",kod,1992-12-21T09:00:00Z,1992-12-21T10:00:00+01:00,724928400000,,0,0,G,,corrected-archive-csv
162860,Luleå-Kallax Flygplats,13,Rådande väder,"momentanvärde, 1 gång/tim resp 8 gånger/dygn",kod,1992-12-21T12:00:00Z,1992-12-21T13:00:00+01:00,724939200000,,0,0,G,,corrected-archive-csv
162860,Luleå-Kallax Flygplats,13,Rådande väder,"momentanvärde, 1 gång/tim resp 8 gånger/dygn",kod,1992-12-21T15:00:00Z,1992-12-21T16:00:00+01:00,724950000000,,0,0,G,,corrected-archive-csv
162860,Luleå-Kallax Flygplats,13,Rådande väder,"momentanvärde, 1 gång/tim resp 8 gånger/dygn",kod,1992-12-21T18:00:00Z,1992-12-21T19:00:00+01:00,724960800000,,0,0,G,,corrected-archive-csv
162860,Luleå-Kallax Flygplats,13,Rådande väder,"momentanvärde, 1 gång/tim resp 8 gånger/dygn",kod,1992-12-21T21:00:00Z,1992-12-21T22:00:00+01:00,724971600000,,0,0,G,,corrected-archive-csv
162860,Luleå-Kallax Flygplats,13,Rådande väder,"momentanvärde, 1 gång/tim resp 8 gånger/dygn",kod,1992-12-22T00:00:00Z,1992-12-22T01:00:00+01:00,724982400000,,0,0,G,,corrected-archive-csv
162860,Luleå-Kallax Flygplats,13,Rådande väder,"momentanvärde, 1 gång/tim resp 8 gånger/dygn",kod,1992-12-22T03:00:00Z,1992-12-22T04:00:00+01:00,724993200000,,0,0,G,,corrected-archive-csv
162860,Luleå-Kallax Flygplats,13,Rådande väder,"momentanvärde, 1 gång/tim resp 8 gånger/dygn",kod,1992-12-22T06:00:00Z,1992-12-22T07:00:00+01:00,725004000000,,0,0,G,,corrected-archive-csv
162860,Luleå-Kallax Flygplats,13,Rådande väder,"momentanvärde, 1 gång/tim resp 8 gånger/dygn",kod,1992-12-22T09:00:00Z,1992-12-22T10:00:00+01:00,725014800000,,0,0,G,,corrected-archive-csv
162860,Luleå-Kallax Flygplats,13,Rådande väder,"momentanvärde, 1 gång/tim resp 8 gånger/dygn",kod,1992-12-22T12:00:00Z,1992-12-22T13:00:00+01:00,725025600000,,0,0,G,,corrected-archive-csv
162860,Luleå-Kallax Flygplats,13,Rådande väder,"momentanvärde, 1 gång/tim resp 8 gånger/dygn",kod,1992-12-22T15:00:00Z,1992-12-22T16:00:00+01:00,725036400000,,0,0,G,,corrected-archive-csv
162860,Luleå-Kallax Flygplats,13,Rådande väder,"momentanvärde, 1 gång/tim resp 8 gånger/dygn",kod,1992-12-22T18:00:00Z,1992-12-22T19:00:00+01:00,725047200000,,0,0,G,,corrected-archive-csv
162860,Luleå-Kallax Flygplats,13,Rådande väder,"momentanvärde, 1 gång/tim resp 8 gånger/dygn",kod,1992-12-22T21:00:00Z,1992-12-22T22:00:00+01:00,725058000000,,0,0,G,,corrected-archive-csv
162860,Luleå-Kallax Flygplats,13,Rådande väder,"momentanvärde, 1 gång/tim resp 8 gånger/dygn",kod,1992-12-23T00:00:00Z,1992-12-23T01:00:00+01:00,725068800000,,0,0,G,,corrected-archive-csv
162860,Luleå-Kallax Flygplats,13,Rådande väder,"momentanvärde, 1 gång/tim resp 8 gånger/dygn",kod,1992-12-23T03:00:00Z,1992-12-23T04:00:00+01:00,725079600000,,0,0,G,,corrected-archive-csv
162860,Luleå-Kallax Flygplats,13,Rådande väder,"momentanvärde, 1 gång/tim resp 8 gånger/dygn",kod,1992-12-23T06:00:00Z,1992-12-23T07:00:00+01:00,725090400000,,0,0,G,,corrected-archive-csv
162860,Luleå-Kallax Flygplats,13,Rådande väder,"momentanvärde, 1 gång/tim resp 8 gånger/dygn",kod,1992-12-23T09:00:00Z,1992-12-23T10:00:00+01:00,725101200000,,0,0,G,,corrected-archive-csv
162860,Luleå-Kallax Flygplats,13,Rådande väder,"momentanvärde, 1 gång/tim resp 8 gånger/dygn",kod,1992-12-23T12:00:00Z,1992-12-23T13:00:00+01:00,725112000000,,0,0,G,,corrected-archive-csv
162860,Luleå-Kallax Flygplats,13,Rådande väder,"momentanvärde, 1 gång/tim resp 8 gånger/dygn",kod,1992-12-23T15:00:00Z,1992-12-23T16:00:00+01:00,725122800000,,0,0,G,,corrected-archive-csv
162860,Luleå-Kallax Flygplats,13,Rådande väder,"momentanvärde, 1 gång/tim resp 8 gånger/dygn",kod,1992-12-23T18:00:00Z,1992-12-23T19:00:00+01:00,725133600000,,0,0,G,,corrected-archive-csv
162860,Luleå-Kallax Flygplats,13,Rådande väder,"momentanvärde, 1 gång/tim resp 8 gånger/dygn",kod,1992-12-23T21:00:00Z,1992-12-23T22:00:00+01:00,725144400000,,0,0,G,,corrected-archive-csv
162860,Luleå-Kallax Flygplats,13,Rådande väder,"momentanvärde, 1 gång/tim resp 8 gånger/dygn",kod,1992-12-24T00:00:00Z,1992-12-24T01:00:00+01:00,725155200000,,0,0,G,,corrected-archive-csv
162860,Luleå-Kallax Flygplats,13,Rådande väder,"momentanvärde, 1 gång/tim resp 8 gånger/dygn",kod,1992-12-24T03:00:00Z,1992-12-24T04:00:00+01:00,725166000000,,0,0,G,,corrected-archive-csv
162860,Luleå-Kallax Flygplats,13,Rådande väder,"momentanvärde, 1 gång/tim resp 8 gånger/dygn",kod,1992-12-24T06:00:00Z,1992-12-24T07:00:00+01:00,725176800000,,0,0,G,,corrected-archive-csv
162860,Luleå-Kallax Flygplats,13,Rådande väder,"momentanvärde, 1 gång/tim resp 8 gånger/dygn",kod,1992-12-24T09:00:00Z,1992-12-24T10:00:00+01:00,725187600000,,0,0,G,,corrected-archive-csv
162860,Luleå-Kallax Flygplats,13,Rådande väder,"momentanvärde, 1 gång/tim resp 8 gånger/dygn",kod,1992-12-24T10:00:00Z,1992-12-24T11:00:00+01:00,725191200000,,14,14,Y,,corrected-archive-csv
162860,Luleå-Kallax Flygplats,13,Rådande väder,"momentanvärde, 1 gång/tim resp 8 gånger/dygn",kod,1992-12-24T11:00:00Z,1992-12-24T12:00:00+01:00,725194800000,,14,14,Y,,corrected-archive-csv
162860,Luleå-Kallax Flygplats,13,Rådande väder,"momentanvärde, 1 gång/tim resp 8 gånger/dygn",kod,1992-12-24T12:00:00Z,1992-12-24T13:00:00+01:00,725198400000,,0,0,G,,corrected-archive-csv
162860,Luleå-Kallax Flygplats,13,Rådande väder,"momentanvärde, 1 gång/tim resp 8 gånger/dygn",kod,1992-12-24T15:00:00Z,1992-12-24T16:00:00+01:00,725209200000,,0,0,G,,corrected-archive-csv
162860,Luleå-Kallax Flygplats,13,Rådande väder,"momentanvärde, 1 gång/tim resp 8 gånger/dygn",kod,1992-12-24T18:00:00Z,1992-12-24T19:00:00+01:00,725220000000,,0,0,G,,corrected-archive-csv
162860,Luleå-Kallax Flygplats,13,Rådande väder,"momentanvärde, 1 gång/tim resp 8 gånger/dygn",kod,1992-12-24T21:00:00Z,1992-12-24T22:00:00+01:00,725230800000,,0,0,G,,corrected-archive-csv
162860,Luleå-Kallax Flygplats,13,Rådande väder,"momentanvärde, 1 gång/tim resp 8 gånger/dygn",kod,1992-12-25T00:00:00Z,1992-12-25T01:00:00+01:00,725241600000,,0,0,G,,corrected-archive-csv
162860,Luleå-Kallax Flygplats,13,Rådande väder,"momentanvärde, 1 gång/tim resp 8 gånger/dygn",kod,1992-12-25T03:00:00Z,1992-12-25T04:00:00+01:00,725252400000,,0,0,G,,corrected-archive-csv
162860,Luleå-Kallax Flygplats,13,Rådande väder,"momentanvärde, 1 gång/tim resp 8 gånger/dygn",kod,1992-12-25T06:00:00Z,1992-12-25T07:00:00+01:00,725263200000,,0,0,G,,corrected-archive-csv
162860,Luleå-Kallax Flygplats,13,Rådande väder,"momentanvärde, 1 gång/tim resp 8 gånger/dygn",kod,1992-12-25T09:00:00Z,1992-12-25T10:00:00+01:00,725274000000,,0,0,G,,corrected-archive-csv
162860,Luleå-Kallax Flygplats,13,Rådande väder,"momentanvärde, 1 gång/tim resp 8 gånger/dygn",kod,1992-12-25T12:00:00Z,1992-12-25T13:00:00+01:00,725284800000,,0,0,G,,corrected-archive-csv
162860,Luleå-Kallax Flygplats,13,Rådande väder,"momentanvärde, 1 gång/tim resp 8 gånger/dygn",kod,1992-12-25T15:00:00Z,1992-12-25T16:00:00+01:00,725295600000,,0,0,G,,corrected-archive-csv
162860,Luleå-Kallax Flygplats,13,Rådande väder,"momentanvärde, 1 gång/tim resp 8 gånger/dygn",kod,1992-12-25T18:00:00Z,1992-12-25T19:00:00+01:00,725306400000,,0,0,G,,corrected-archive-csv
162860,Luleå-Kallax Flygplats,13,Rådande väder,"momentanvärde, 1 gång/tim resp 8 gånger/dygn",kod,1992-12-25T21:00:00Z,1992-12-25T22:00:00+01:00,725317200000,,0,0,G,,corrected-archive-csv
162860,Luleå-Kallax Flygplats,13,Rådande väder,"momentanvärde, 1 gång/tim resp 8 gånger/dygn",kod,1992-12-26T00:00:00Z,1992-12-26T01:00:00+01:00,725328000000,,0,0,G,,corrected-archive-csv
162860,Luleå-Kallax Flygplats,13,Rådande väder,"momentanvärde, 1 gång/tim resp 8 gånger/dygn",kod,1992-12-26T03:00:00Z,1992-12-26T04:00:00+01:00,725338800000,,0,0,G,,corrected-archive-csv
162860,Luleå-Kallax Flygplats,13,Rådande väder,"momentanvärde, 1 gång/tim resp 8 gånger/dygn",kod,1992-12-26T06:00:00Z,1992-12-26T07:00:00+01:00,725349600000,,0,0,G,,corrected-archive-csv
162860,Luleå-Kallax Flygplats,13,Rådande väder,"momentanvärde, 1 gång/tim resp 8 gånger/dygn",kod,1992-12-26T09:00:00Z,1992-12-26T10:00:00+01:00,725360400000,,0,0,G,,corrected-archive-csv
162860,Luleå-Kallax Flygplats,13,Rådande väder,"momentanvärde, 1 gång/tim resp 8 gånger/dygn",kod,1992-12-26T12:00:00Z,1992-12-26T13:00:00+01:00,725371200000,,0,0,G,,corrected-archive-csv
162860,Luleå-Kallax Flygplats,13,Rådande väder,"momentanvärde, 1 gång/tim resp 8 gånger/dygn",kod,1992-12-26T15:00:00Z,1992-12-26T16:00:00+01:00,725382000000,,0,0,G,,corrected-archive-csv
162860,Luleå-Kallax Flygplats,13,Rådande väder,"momentanvärde, 1 gång/tim resp 8 gånger/dygn",kod,1992-12-26T18:00:00Z,1992-12-26T19:00:00+01:00,725392800000,,0,0,G,,corrected-archive-csv
162860,Luleå-Kallax Flygplats,13,Rådande väder,"momentanvärde, 1 gång/tim resp 8 gånger/dygn",kod,1992-12-26T21:00:00Z,1992-12-26T22:00:00+01:00,725403600000,,0,0,G,,corrected-archive-csv
162860,Luleå-Kallax Flygplats,13,Rådande väder,"momentanvärde, 1 gång/tim resp 8 gånger/dygn",kod,1992-12-27T00:00:00Z,1992-12-27T01:00:00+01:00,725414400000,,0,0,G,,corrected-archive-csv
162860,Luleå-Kallax Flygplats,13,Rådande väder,"momentanvärde, 1 gång/tim resp 8 gånger/dygn",kod,1992-12-27T03:00:00Z,1992-12-27T04:00:00+01:00,725425200000,,0,0,G,,corrected-archive-csv
162860,Luleå-Kallax Flygplats,13,Rådande väder,"momentanvärde, 1 gång/tim resp 8 gånger/dygn",kod,1992-12-27T06:00:00Z,1992-12-27T07:00:00+01:00,725436000000,,0,0,G,,corrected-archive-csv
162860,Luleå-Kallax Flygplats,13,Rådande väder,"momentanvärde, 1 gång/tim resp 8 gånger/dygn",kod,1992-12-27T09:00:00Z,1992-12-27T10:00:00+01:00,725446800000,,0,0,G,,corrected-archive-csv
162860,Luleå-Kallax Flygplats,13,Rådande väder,"momentanvärde, 1 gång/tim resp 8 gånger/dygn",kod,1992-12-27T12:00:00Z,1992-12-27T13:00:00+01:00,725457600000,,0,0,G,,corrected-archive-csv
162860,Luleå-Kallax Flygplats,13,Rådande väder,"momentanvärde, 1 gång/tim resp 8 gånger/dygn",kod,1992-12-27T15:00:00Z,1992-12-27T16:00:00+01:00,725468400000,,0,0,G,,corrected-archive-csv
162860,Luleå-Kallax Flygplats,13,Rådande väder,"momentanvärde, 1 gång/tim resp 8 gånger/dygn",kod,1992-12-27T18:00:00Z,1992-12-27T19:00:00+01:00,725479200000,,0,0,G,,corrected-archive-csv
162860,Luleå-Kallax Flygplats,13,Rådande väder,"momentanvärde, 1 gång/tim resp 8 gånger/dygn",kod,1992-12-27T21:00:00Z,1992-12-27T22:00:00+01:00,725490000000,,0,0,G,,corrected-archive-csv
162860,Luleå-Kallax Flygplats,13,Rådande väder,"momentanvärde, 1 gång/tim resp 8 gånger/dygn",kod,1992-12-28T00:00:00Z,1992-12-28T01:00:00+01:00,725500800000,,0,0,G,,corrected-archive-csv
162860,Luleå-Kallax Flygplats,13,Rådande väder,"momentanvärde, 1 gång/tim resp 8 gånger/dygn",kod,1992-12-28T03:00:00Z,1992-12-28T04:00:00+01:00,725511600000,,0,0,G,,corrected-archive-csv
162860,Luleå-Kallax Flygplats,13,Rådande väder,"momentanvärde, 1 gång/tim resp 8 gånger/dygn",kod,1992-12-28T06:00:00Z,1992-12-28T07:00:00+01:00,725522400000,,0,0,G,,corrected-archive-csv
162860,Luleå-Kallax Flygplats,13,Rådande väder,"momentanvärde, 1 gång/tim resp 8 gånger/dygn",kod,1992-12-28T09:00:00Z,1992-12-28T10:00:00+01:00,725533200000,,0,0,G,,corrected-archive-csv
162860,Luleå-Kallax Flygplats,13,Rådande väder,"momentanvärde, 1 gång/tim resp 8 gånger/dygn",kod,1992-12-28T12:00:00Z,1992-12-28T13:00:00+01:00,725544000000,,0,0,G,,corrected-archive-csv
162860,Luleå-Kallax Flygplats,13,Rådande väder,"momentanvärde, 1 gång/tim resp 8 gånger/dygn",kod,1992-12-28T15:00:00Z,1992-12-28T16:00:00+01:00,725554800000,,0,0,G,,corrected-archive-csv
162860,Luleå-Kallax Flygplats,13,Rådande väder,"momentanvärde, 1 gång/tim resp 8 gånger/dygn",kod,1992-12-28T18:00:00Z,1992-12-28T19:00:00+01:00,725565600000,,0,0,G,,corrected-archive-csv
162860,Luleå-Kallax Flygplats,13,Rådande väder,"momentanvärde, 1 gång/tim resp 8 gånger/dygn",kod,1992-12-28T21:00:00Z,1992-12-28T22:00:00+01:00,725576400000,,0,0,G,,corrected-archive-csv
162860,Luleå-Kallax Flygplats,13,Rådande väder,"momentanvärde, 1 gång/tim resp 8 gånger/dygn",kod,1992-12-29T00:00:00Z,1992-12-29T01:00:00+01:00,725587200000,,0,0,G,,corrected-archive-csv
162860,Luleå-Kallax Flygplats,13,Rådande väder,"momentanvärde, 1 gång/tim resp 8 gånger/dygn",kod,1992-12-29T03:00:00Z,1992-12-29T04:00:00+01:00,725598000000,,0,0,G,,corrected-archive-csv
162860,Luleå-Kallax Flygplats,13,Rådande väder,"momentanvärde, 1 gång/tim resp 8 gånger/dygn",kod,1992-12-29T06:00:00Z,1992-12-29T07:00:00+01:00,725608800000,,0,0,G,,corrected-archive-csv
162860,Luleå-Kallax Flygplats,13,Rådande väder,"momentanvärde, 1 gång/tim resp 8 gånger/dygn",kod,1992-12-29T09:00:00Z,1992-12-29T10:00:00+01:00,725619600000,,0,0,G,,corrected-archive-csv
162860,Luleå-Kallax Flygplats,13,Rådande väder,"momentanvärde, 1 gång/tim resp 8 gånger/dygn",kod,1992-12-29T12:00:00Z,1992-12-29T13:00:00+01:00,725630400000,,0,0,G,,corrected-archive-csv
162860,Luleå-Kallax Flygplats,13,Rådande väder,"momentanvärde, 1 gång/tim resp 8 gånger/dygn",kod,1992-12-29T15:00:00Z,1992-12-29T16:00:00+01:00,725641200000,,0,0,G,,corrected-archive-csv
162860,Luleå-Kallax Flygplats,13,Rådande väder,"momentanvärde, 1 gång/tim resp 8 gånger/dygn",kod,1992-12-29T18:00:00Z,1992-12-29T19:00:00+01:00,725652000000,,0,0,G,,corrected-archive-csv
162860,Luleå-Kallax Flygplats,13,Rådande väder,"momentanvärde, 1 gång/tim resp 8 gånger/dygn",kod,1992-12-29T21:00:00Z,1992-12-29T22:00:00+01:00,725662800000,,0,0,G,,corrected-archive-csv
162860,Luleå-Kallax Flygplats,13,Rådande väder,"momentanvärde, 1 gång/tim resp 8 gånger/dygn",kod,1992-12-30T00:00:00Z,1992-12-30T01:00:00+01:00,725673600000,,0,0,G,,corrected-archive-csv
162860,Luleå-Kallax Flygplats,13,Rådande väder,"momentanvärde, 1 gång/tim resp 8 gånger/dygn",kod,1992-12-30T03:00:00Z,1992-12-30T04:00:00+01:00,725684400000,,0,0,G,,corrected-archive-csv
162860,Luleå-Kallax Flygplats,13,Rådande väder,"momentanvärde, 1 gång/tim resp 8 gånger/dygn",kod,1992-12-30T05:00:00Z,1992-12-30T06:00:00+01:00,725691600000,,77,77,Y,,corrected-archive-csv
162860,Luleå-Kallax Flygplats,13,Rådande väder,"momentanvärde, 1 gång/tim resp 8 gånger/dygn",kod,1992-12-30T06:00:00Z,1992-12-30T07:00:00+01:00,725695200000,,20,20,G,,corrected-archive-csv
162860,Luleå-Kallax Flygplats,13,Rådande väder,"momentanvärde, 1 gång/tim resp 8 gånger/dygn",kod,1992-12-30T09:00:00Z,1992-12-30T10:00:00+01:00,725706000000,,0,0,G,,corrected-archive-csv
162860,Luleå-Kallax Flygplats,13,Rådande väder,"momentanvärde, 1 gång/tim resp 8 gånger/dygn",kod,1992-12-30T12:00:00Z,1992-12-30T13:00:00+01:00,725716800000,,0,0,G,,corrected-archive-csv
162860,Luleå-Kallax Flygplats,13,Rådande väder,"momentanvärde, 1 gång/tim resp 8 gånger/dygn",kod,1992-12-30T15:00:00Z,1992-12-30T16:00:00+01:00,725727600000,,0,0,G,,corrected-archive-csv
162860,Luleå-Kallax Flygplats,13,Rådande väder,"momentanvärde, 1 gång/tim resp 8 gånger/dygn",kod,1992-12-30T18:00:00Z,1992-12-30T19:00:00+01:00,725738400000,,0,0,G,,corrected-archive-csv
162860,Luleå-Kallax Flygplats,13,Rådande väder,"momentanvärde, 1 gång/tim resp 8 gånger/dygn",kod,1992-12-30T21:00:00Z,1992-12-30T22:00:00+01:00,725749200000,,0,0,G,,corrected-archive-csv
162860,Luleå-Kallax Flygplats,13,Rådande väder,"momentanvärde, 1 gång/tim resp 8 gånger/dygn",kod,1992-12-31T00:00:00Z,1992-12-31T01:00:00+01:00,725760000000,,0,0,G,,corrected-archive-csv
162860,Luleå-Kallax Flygplats,13,Rådande väder,"momentanvärde, 1 gång/tim resp 8 gånger/dygn",kod,1992-12-31T03:00:00Z,1992-12-31T04:00:00+01:00,725770800000,,0,0,G,,corrected-archive-csv
162860,Luleå-Kallax Flygplats,13,Rådande väder,"momentanvärde, 1 gång/tim resp 8 gånger/dygn",kod,1992-12-31T06:00:00Z,1992-12-31T07:00:00+01:00,725781600000,,0,0,G,,corrected-archive-csv
162860,Luleå-Kallax Flygplats,13,Rådande väder,"momentanvärde, 1 gång/tim resp 8 gånger/dygn",kod,1992-12-31T09:00:00Z,1992-12-31T10:00:00+01:00,725792400000,,0,0,G,,corrected-archive-csv
162860,Luleå-Kallax Flygplats,13,Rådande väder,"momentanvärde, 1 gång/tim resp 8 gånger/dygn",kod,1992-12-31T12:00:00Z,1992-12-31T13:00:00+01:00,725803200000,,0,0,G,,corrected-archive-csv
162860,Luleå-Kallax Flygplats,13,Rådande väder,"momentanvärde, 1 gång/tim resp 8 gånger/dygn",kod,1992-12-31T13:00:00Z,1992-12-31T14:00:00+01:00,725806800000,,71,71,Y,,corrected-archive-csv
162860,Luleå-Kallax Flygplats,13,Rådande väder,"momentanvärde, 1 gång/tim resp 8 gånger/dygn",kod,1992-12-31T14:00:00Z,1992-12-31T15:00:00+01:00,725810400000,,71,71,Y,,corrected-archive-csv
162860,Luleå-Kallax Flygplats,13,Rådande väder,"momentanvärde, 1 gång/tim resp 8 gånger/dygn",kod,1992-12-31T15:00:00Z,1992-12-31T16:00:00+01:00,725814000000,,71,71,G,,corrected-archive-csv
162860,Luleå-Kallax Flygplats,13,Rådande väder,"momentanvärde, 1 gång/tim resp 8 gånger/dygn",kod,1992-12-31T16:00:00Z,1992-12-31T17:00:00+01:00,725817600000,,22,22,Y,,corrected-archive-csv
162860,Luleå-Kallax Flygplats,13,Rådande väder,"momentanvärde, 1 gång/tim resp 8 gånger/dygn",kod,1992-12-31T18:00:00Z,1992-12-31T19:00:00+01:00,725824800000,,0,0,G,,corrected-archive-csv
162860,Luleå-Kallax Flygplats,13,Rådande väder,"momentanvärde, 1 gång/tim resp 8 gånger/dygn",kod,1992-12-31T21:00:00Z,1992-12-31T22:00:00+01:00,725835600000,,0,0,G,,corrected-archive-csv
