station_id,station_name,parameter_id,parameter_name,parameter_summary,unit,datetime_utc,datetime_local,from_ms,to_ms,value,value_numeric,quality,reference,source_period
162860,Luleå-Kallax Flygplats,13,Rådande väder,"momentanvärde, 1 gång/tim resp 8 gånger/dygn",kod,1993-01-01T00:00:00Z,1993-01-01T01:00:00+01:00,725846400000,,0,0,G,,corrected-archive-csv
162860,Luleå-Kallax Flygplats,13,Rådande väder,"momentanvärde, 1 gång/tim resp 8 gånger/dygn",kod,1993-01-01T03:00:00Z,1993-01-01T04:00:00+01:00,725857200000,,0,0,G,,corrected-archive-csv
162860,Luleå-Kallax Flygplats,13,Rådande väder,"momentanvärde, 1 gång/tim resp 8 gånger/dygn",kod,1993-01-01T06:00:00Z,1993-01-01T07:00:00+01:00,725868000000,,0,0,G,,corrected-archive-csv
162860,Luleå-Kallax Flygplats,13,Rådande väder,"momentanvärde, 1 gång/tim resp 8 gånger/dygn",kod,1993-01-01T09:00:00Z,1993-01-01T10:00:00+01:00,725878800000,,0,0,G,,corrected-archive-csv
162860,Luleå-Kallax Flygplats,13,Rådande väder,"momentanvärde, 1 gång/tim resp 8 gånger/dygn",kod,1993-01-01T12:00:00Z,1993-01-01T13:00:00+01:00,725889600000,,0,0,G,,corrected-archive-csv
162860,Luleå-Kallax Flygplats,13,Rådande väder,"momentanvärde, 1 gång/tim resp 8 gånger/dygn",kod,1993-01-01T15:00:00Z,1993-01-01T16:00:00+01:00,725900400000,,0,0,G,,corrected-archive-csv
162860,Luleå-Kallax Flygplats,13,Rådande väder,"momentanvärde, 1 gång/tim resp 8 gånger/dygn",kod,1993-01-01T18:00:00Z,1993-01-01T19:00:00+01:00,725911200000,,0,0,G,,corrected-archive-csv
162860,Luleå-Kallax Flygplats,13,Rådande väder,"momentanvärde, 1 gång/tim resp 8 gånger/dygn",kod,1993-01-01T21:00:00Z,1993-01-01T22:00:00+01:00,725922000000,,0,0,G,,corrected-archive-csv
162860,Luleå-Kallax Flygplats,13,Rådande väder,"momentanvärde, 1 gång/tim resp 8 gånger/dygn",kod,1993-01-02T00:00:00Z,1993-01-02T01:00:00+01:00,725932800000,,0,0,G,,corrected-archive-csv
162860,Luleå-Kallax Flygplats,13,Rådande väder,"momentanvärde, 1 gång/tim resp 8 gånger/dygn",kod,1993-01-02T03:00:00Z,1993-01-02T04:00:00+01:00,725943600000,,0,0,G,,corrected-archive-csv
162860,Luleå-Kallax Flygplats,13,Rådande väder,"momentanvärde, 1 gång/tim resp 8 gånger/dygn",kod,1993-01-02T06:00:00Z,1993-01-02T07:00:00+01:00,725954400000,,0,0,G,,corrected-archive-csv
162860,Luleå-Kallax Flygplats,13,Rådande väder,"momentanvärde, 1 gång/tim resp 8 gånger/dygn",kod,1993-01-02T09:00:00Z,1993-01-02T10:00:00+01:00,725965200000,,0,0,G,,corrected-archive-csv
162860,Luleå-Kallax Flygplats,13,Rådande väder,"momentanvärde, 1 gång/tim resp 8 gånger/dygn",kod,1993-01-02T12:00:00Z,1993-01-02T13:00:00+01:00,725976000000,,0,0,G,,corrected-archive-csv
162860,Luleå-Kallax Flygplats,13,Rådande väder,"momentanvärde, 1 gång/tim resp 8 gånger/dygn",kod,1993-01-02T15:00:00Z,1993-01-02T16:00:00+01:00,725986800000,,0,0,G,,corrected-archive-csv
162860,Luleå-Kallax Flygplats,13,Rådande väder,"momentanvärde, 1 gång/tim resp 8 gånger/dygn",kod,1993-01-02T18:00:00Z,1993-01-02T19:00:00+01:00,725997600000,,0,0,G,,corrected-archive-csv
162860,Luleå-Kallax Flygplats,13,Rådande väder,"momentanvärde, 1 gång/tim resp 8 gånger/dygn",kod,1993-01-02T21:00:00Z,1993-01-02T22:00:00+01:00,726008400000,,0,0,G,,corrected-archive-csv
162860,Luleå-Kallax Flygplats,13,Rådande väder,"momentanvärde, 1 gång/tim resp 8 gånger/dygn",kod,1993-01-03T00:00:00Z,1993-01-03T01:00:00+01:00,726019200000,,0,0,G,,corrected-archive-csv
162860,Luleå-Kallax Flygplats,13,Rådande väder,"momentanvärde, 1 gång/tim resp 8 gånger/dygn",kod,1993-01-03T03:00:00Z,1993-01-03T04:00:00+01:00,726030000000,,0,0,G,,corrected-archive-csv
162860,Luleå-Kallax Flygplats,13,Rådande väder,"momentanvärde, 1 gång/tim resp 8 gånger/dygn",kod,1993-01-03T06:00:00Z,1993-01-03T07:00:00+01:00,726040800000,,0,0,G,,corrected-archive-csv
162860,Luleå-Kallax Flygplats,13,Rådande väder,"momentanvärde, 1 gång/tim resp 8 gånger/dygn",kod,1993-01-03T09:00:00Z,1993-01-03T10:00:00+01:00,726051600000,,0,0,G,,corrected-archive-csv
162860,Luleå-Kallax Flygplats,13,Rådande väder,"momentanvärde, 1 gång/tim resp 8 gånger/dygn",kod,1993-01-03T12:00:00Z,1993-01-03T13:00:00+01:00,726062400000,,0,0,G,,corrected-archive-csv
162860,Luleå-Kallax Flygplats,13,Rådande väder,"momentanvärde, 1 gång/tim resp 8 gånger/dygn",kod,1993-01-03T15:00:00Z,1993-01-03T16:00:00+01:00,726073200000,,0,0,G,,corrected-archive-csv
162860,Luleå-Kallax Flygplats,13,Rådande väder,"momentanvärde, 1 gång/tim resp 8 gånger/dygn",kod,1993-01-03T18:00:00Z,1993-01-03T19:00:00+01:00,726084000000,,0,0,G,,corrected-archive-csv
162860,Luleå-Kallax Flygplats,13,Rådande väder,"momentanvärde, 1 gång/tim resp 8 gånger/dygn",kod,1993-01-03T21:00:00Z,1993-01-03T22:00:00+01:00,726094800000,,0,0,G,,corrected-archive-csv
162860,Luleå-Kallax Flygplats,13,Rådande väder,"momentanvärde, 1 gång/tim resp 8 gånger/dygn",kod,1993-01-04T00:00:00Z,1993-01-04T01:00:00+01:00,726105600000,,0,0,G,,corrected-archive-csv
162860,Luleå-Kallax Flygplats,13,Rådande väder,"momentanvärde, 1 gång/tim resp 8 gånger/dygn",kod,1993-01-04T03:00:00Z,1993-01-04T04:00:00+01:00,726116400000,,0,0,G,,corrected-archive-csv
162860,Luleå-Kallax Flygplats,13,Rådande väder,"momentanvärde, 1 gång/tim resp 8 gånger/dygn",kod,1993-01-04T06:00:00Z,1993-01-04T07:00:00+01:00,726127200000,,0,0,G,,corrected-archive-csv
162860,Luleå-Kallax Flygplats,13,Rådande väder,"momentanvärde, 1 gång/tim resp 8 gånger/dygn",kod,1993-01-04T09:00:00Z,1993-01-04T10:00:00+01:00,726138000000,,0,0,G,,corrected-archive-csv
162860,Luleå-Kallax Flygplats,13,Rådande väder,"momentanvärde, 1 gång/tim resp 8 gånger/dygn",kod,1993-01-04T12:00:00Z,1993-01-04T13:00:00+01:00,726148800000,,0,0,G,,corrected-archive-csv
162860,Luleå-Kallax Flygplats,13,Rådande väder,"momentanvärde, 1 gång/tim resp 8 gånger/dygn",kod,1993-01-04T15:00:00Z,1993-01-04T16:00:00+01:00,726159600000,,0,0,G,,corrected-archive-csv
162860,Luleå-Kallax Flygplats,13,Rådande väder,"momentanvärde, 1 gång/tim resp 8 gånger/dygn",kod,1993-01-04T18:00:00Z,1993-01-04T19:00:00+01:00,726170400000,,0,0,G,,corrected-archive-csv
162860,Luleå-Kallax Flygplats,13,Rådande väder,"momentanvärde, 1 gång/tim resp 8 gånger/dygn",kod,1993-01-04T21:00:00Z,1993-01-04T22:00:00+01:00,726181200000,,0,0,G,,corrected-archive-csv
162860,Luleå-Kallax Flygplats,13,Rådande väder,"momentanvärde, 1 gång/tim resp 8 gånger/dygn",kod,1993-01-05T00:00:00Z,1993-01-05T01:00:00+01:00,726192000000,,0,0,G,,corrected-archive-csv
162860,Luleå-Kallax Flygplats,13,Rådande väder,"momentanvärde, 1 gång/tim resp 8 gånger/dygn",kod,1993-01-05T03:00:00Z,1993-01-05T04:00:00+01:00,726202800000,,0,0,G,,corrected-archive-csv
162860,Luleå-Kallax Flygplats,13,Rådande väder,"momentanvärde, 1 gång/tim resp 8 gånger/dygn",kod,1993-01-05T06:00:00Z,1993-01-05T07:00:00+01:00,726213600000,,0,0,G,,corrected-archive-csv
162860,Luleå-Kallax Flygplats,13,Rådande väder,"momentanvärde, 1 gång/tim resp 8 gånger/dygn",kod,1993-01-05T09:00:00Z,1993-01-05T10:00:00+01:00,726224400000,,0,0,G,,corrected-archive-csv
162860,Luleå-Kallax Flygplats,13,Rådande väder,"momentanvärde, 1 gång/tim resp 8 gånger/dygn",kod,1993-01-05T12:00:00Z,1993-01-05T13:00:00+01:00,726235200000,,0,0,G,,corrected-archive-csv
162860,Luleå-Kallax Flygplats,13,Rådande väder,"momentanvärde, 1 gång/tim resp 8 gånger/dygn",kod,1993-01-05T15:00:00Z,1993-01-05T16:00:00+01:00,726246000000,,0,0,G,,corrected-archive-csv
162860,Luleå-Kallax Flygplats,13,Rådande väder,"momentanvärde, 1 gång/tim resp 8 gånger/dygn",kod,1993-01-05T18:00:00Z,1993-01-05T19:00:00+01:00,726256800000,,0,0,G,,corrected-archive-csv
162860,Luleå-Kallax Flygplats,13,Rådande väder,"momentanvärde, 1 gång/tim resp 8 gånger/dygn",kod,1993-01-05T21:00:00Z,1993-01-05T22:00:00+01:00,726267600000,,0,0,G,,corrected-archive-csv
162860,Luleå-Kallax Flygplats,13,Rådande väder,"momentanvärde, 1 gång/tim resp 8 gånger/dygn",kod,1993-01-05T23:00:00Z,1993-01-06T00:00:00+01:00,726274800000,,73,73,Y,,corrected-archive-csv
162860,Luleå-Kallax Flygplats,13,Rådande väder,"momentanvärde, 1 gång/tim resp 8 gånger/dygn",kod,1993-01-06T00:00:00Z,1993-01-06T01:00:00+01:00,726278400000,,71,71,G,,corrected-archive-csv
162860,Luleå-Kallax Flygplats,13,Rådande väder,"momentanvärde, 1 gång/tim resp 8 gånger/dygn",kod,1993-01-06T01:00:00Z,1993-01-06T02:00:00+01:00,726282000000,,71,71,Y,,corrected-archive-csv
162860,Luleå-Kallax Flygplats,13,Rådande väder,"momentanvärde, 1 gång/tim resp 8 gånger/dygn",kod,1993-01-06T03:00:00Z,1993-01-06T04:00:00+01:00,726289200000,,71,71,G,,corrected-archive-csv
162860,Luleå-Kallax Flygplats,13,Rådande väder,"momentanvärde, 1 gång/tim resp 8 gånger/dygn",kod,1993-01-06T04:00:00Z,1993-01-06T05:00:00+01:00,726292800000,,71,71,Y,,corrected-archive-csv
162860,Luleå-Kallax Flygplats,13,Rådande väder,"momentanvärde, 1 gång/tim resp 8 gånger/dygn",kod,1993-01-06T05:00:00Z,1993-01-06T06:00:00+01:00,726296400000,,71,71,Y,,corrected-archive-csv
162860,Luleå-Kallax Flygplats,13,Rådande väder,"momentanvärde, 1 gång/tim resp 8 gånger/dygn",kod,1993-01-06T06:00:00Z,1993-01-06T07:00:00+01:00,726300000000,,22,22,G,,corrected-archive-csv
162860,Luleå-Kallax Flygplats,13,Rådande väder,"momentanvärde, 1 gång/tim resp 8 gånger/dygn",kod,1993-01-06T09:00:00Z,1993-01-06T10:00:00+01:00,726310800000,,0,0,G,,corrected-archive-csv
162860,Luleå-Kallax Flygplats,13,Rådande väder,"momentanvärde, 1 gång/tim resp 8 gånger/dygn",kod,1993-01-06T12:00:00Z,1993-01-06T13:00:00+01:00,726321600000,,0,0,G,,corrected-archive-csv
162860,Luleå-Kallax Flygplats,13,Rådande väder,"momentanvärde, 1 gång/tim resp 8 gånger/dygn",kod,1993-01-06T15:00:00Z,1993-01-06T16:00:00+01:00,726332400000,,0,0,G,,corrected-archive-csv
162860,Luleå-Kallax Flygplats,13,Rådande väder,"momentanvärde, 1 gång/tim resp 8 gånger/dygn",kod,1993-01-06T18:00:00Z,1993-01-06T19:00:00+01:00,726343200000,,0,0,G,,corrected-archive-csv
162860,Luleå-Kallax Flygplats,13,Rådande väder,"momentanvärde, 1 gång/tim resp 8 gånger/dygn",kod,1993-01-06T21:00:00Z,1993-01-06T22:00:00+01:00,726354000000,,0,0,G,,corrected-archive-csv
162860,Luleå-Kallax Flygplats,13,Rådande väder,"momentanvärde, 1 gång/tim resp 8 gånger/dygn",kod,1993-01-06T22:00:00Z,1993-01-06T23:00:00+01:00,726357600000,,71,71,Y,,corrected-archive-csv
162860,Luleå-Kallax Flygplats,13,Rådande väder,"momentanvärde, 1 gång/tim resp 8 gånger/dygn",kod,1993-01-06T23:00:00Z,1993-01-07T00:00:00+01:00,726361200000,,22,22,Y,,corrected-archive-csv
162860,Luleå-Kallax Flygplats,13,Rådande väder,"momentanvärde, 1 gång/tim resp 8 gånger/dygn",kod,1993-01-07T00:00:00Z,1993-01-07T01:00:00+01:00,726364800000,,2,2,G,,corrected-archive-csv
162860,Luleå-Kallax Flygplats,13,Rådande väder,"momentanvärde, 1 gång/tim resp 8 gånger/dygn",kod,1993-01-07T03:00:00Z,1993-01-07T04:00:00+01:00,726375600000,,0,0,G,,corrected-archive-csv
162860,Luleå-Kallax Flygplats,13,Rådande väder,"momentanvärde, 1 gång/tim resp 8 gånger/dygn",kod,1993-01-07T06:00:00Z,1993-01-07T07:00:00+01:00,726386400000,,0,0,G,,corrected-archive-csv
162860,Luleå-Kallax Flygplats,13,Rådande väder,"momentanvärde, 1 gång/tim resp 8 gånger/dygn",kod,1993-01-07T09:00:00Z,1993-01-07T10:00:00+01:00,726397200000,,22,22,G,,corrected-archive-csv
162860,Luleå-Kallax Flygplats,13,Rådande väder,"momentanvärde, 1 gång/tim resp 8 gånger/dygn",kod,1993-01-07T10:00:00Z,1993-01-07T11:00:00+01:00,726400800000,,2,2,Y,,corrected-archive-csv
162860,Luleå-Kallax Flygplats,13,Rådande väder,"momentanvärde, 1 gång/tim resp 8 gånger/dygn",kod,1993-01-07T11:00:00Z,1993-01-07T12:00:00+01:00,726404400000,,2,2,Y,,corrected-archive-csv
162860,Luleå-Kallax Flygplats,13,Rådande väder,"momentanvärde, 1 gång/tim resp 8 gånger/dygn",kod,1993-01-07T12:00:00Z,1993-01-07T13:00:00+01:00,726408000000,,2,2,G,,corrected-archive-csv
162860,Luleå-Kallax Flygplats,13,Rådande väder,"momentanvärde, 1 gång/tim resp 8 gånger/dygn",kod,1993-01-07T18:00:00Z,1993-01-07T19:00:00+01:00,726429600000,,0,0,G,,corrected-archive-csv
162860,Luleå-Kallax Flygplats,13,Rådande väder,"momentanvärde, 1 gång/tim resp 8 gånger/dygn",kod,1993-01-07T21:00:00Z,1993-01-07T22:00:00+01:00,726440400000,,0,0,G,,corrected-archive-csv
162860,Luleå-Kallax Flygplats,13,Rådande väder,"momentanvärde, 1 gång/tim resp 8 gånger/dygn",kod,1993-01-08T00:00:00Z,1993-01-08T01:00:00+01:00,726451200000,,0,0,G,,corrected-archive-csv
162860,Luleå-Kallax Flygplats,13,Rådande väder,"momentanvärde, 1 gång/tim resp 8 gånger/dygn",kod,1993-01-08T03:00:00Z,1993-01-08T04:00:00+01:00,726462000000,,0,0,G,,corrected-archive-csv
162860,Luleå-Kallax Flygplats,13,Rådande väder,"momentanvärde, 1 gång/tim resp 8 gånger/dygn",kod,1993-01-08T06:00:00Z,1993-01-08T07:00:00+01:00,726472800000,,0,0,G,,corrected-archive-csv
162860,Luleå-Kallax Flygplats,13,Rådande väder,"momentanvärde, 1 gång/tim resp 8 gånger/dygn",kod,1993-01-08T09:00:00Z,1993-01-08T10:00:00+01:00,726483600000,,77,77,G,,corrected-archive-csv
162860,Luleå-Kallax Flygplats,13,Rådande väder,"momentanvärde, 1 gång/tim resp 8 gånger/dygn",kod,1993-01-08T10:00:00Z,1993-01-08T11:00:00+01:00,726487200000,,51,51,Y,,corrected-archive-csv
162860,Luleå-Kallax Flygplats,13,Rådande väder,"momentanvärde, 1 gång/tim resp 8 gånger/dygn",kod,1993-01-08T11:00:00Z,1993-01-08T12:00:00+01:00,726490800000,,51,51,Y,,corrected-archive-csv
162860,Luleå-Kallax Flygplats,13,Rådande väder,"momentanvärde, 1 gång/tim resp 8 gånger/dygn",kod,1993-01-08T12:00:00Z,1993-01-08T13:00:00+01:00,726494400000,,20,20,G,,corrected-archive-csv
162860,Luleå-Kallax Flygplats,13,Rådande väder,"momentanvärde, 1 gång/tim resp 8 gånger/dygn",kod,1993-01-08T14:00:00Z,1993-01-08T15:00:00+01:00,726501600000,,51,51,Y,,corrected-archive-csv
162860,Luleå-Kallax Flygplats,13,Rådande väder,"momentanvärde, 1 gång/tim resp 8 gånger/dygn",kod,1993-01-08T15:00:00Z,1993-01-08T16:00:00+01:00,726505200000,,51,51,G,,corrected-archive-csv
162860,Luleå-Kallax Flygplats,13,Rådande väder,"momentanvärde, 1 gång/tim resp 8 gånger/dygn",kod,1993-01-08T16:00:00Z,1993-01-08T17:00:00+01:00,726508800000,,51,51,Y,,corrected-archive-csv
162860,Luleå-Kallax Flygplats,13,Rådande väder,"momentanvärde, 1 gång/tim resp 8 gånger/dygn",kod,1993-01-08T17:00:00Z,1993-01-08T18:00:00+01:00,726512400000,,71,71,Y,,corrected-archive-csv
162860,Luleå-Kallax Flygplats,13,Rådande väder,"momentanvärde, 1 gång/tim resp 8 gånger/dygn",kod,1993-01-08T18:00:00Z,1993-01-08T19:00:00+01:00,726516000000,,71,71,G,,corrected-archive-csv
162860,Luleå-Kallax Flygplats,13,Rådande väder,"momentanvärde, 1 gång/tim resp 8 gånger/dygn",kod,1993-01-08T19:00:00Z,1993-01-08T20:00:00+01:00,726519600000,,71,71,Y,,corrected-archive-csv
162860,Luleå-Kallax Flygplats,13,Rådande väder,"momentanvärde, 1 gång/tim resp 8 gånger/dygn",kod,1993-01-08T20:00:00Z,1993-01-08T21:00:00+01:00,726523200000,,22,22,Y,,corrected-archive-csv
162860,Luleå-Kallax Flygplats,13,Rådande väder,"momentanvärde, 1 gång/tim resp 8 gånger/dygn",kod,1993-01-08T21:00:00Z,1993-01-08T22:00:00+01:00,726526800000,,0,0,G,,corrected-archive-csv
162860,Luleå-Kallax Flygplats,13,Rådande väder,"momentanvärde, 1 gång/tim resp 8 gånger/dygn",kod,1993-01-09T00:00:00Z,1993-01-09T01:00:00+01:00,726537600000,,0,0,G,,corrected-archive-csv
162860,Luleå-Kallax Flygplats,13,Rådande väder,"momentanvärde, 1 gång/tim resp 8 gånger/dygn",kod,1993-01-09T03:00:00Z,1993-01-09T04:00:00+01:00,726548400000,,0,0,G,,corrected-archive-csv
162860,Luleå-Kallax Flygplats,13,Rådande väder,"momentanvärde, 1 gång/tim resp 8 gånger/dygn",kod,1993-01-09T06:00:00Z,1993-01-09T07:00:00+01:00,726559200000,,0,0,G,,corrected-archive-csv
162860,Luleå-Kallax Flygplats,13,Rådande väder,"momentanvärde, 1 gång/tim resp 8 gånger/dygn",kod,1993-01-09T09:00:00Z,1993-01-09T10:00:00+01:00,726570000000,,0,0,G,,corrected-archive-csv
162860,Luleå-Kallax Flygplats,13,Rådande väder,"momentanvärde, 1 gång/tim resp 8 gånger/dygn",kod,1993-01-09T12:00:00Z,1993-01-09T13:00:00+01:00,726580800000,,0,0,G,,corrected-archive-csv
162860,Luleå-Kallax Flygplats,13,Rådande väder,"momentanvärde, 1 gång/tim resp 8 gånger/dygn",kod,1993-01-09T15:00:00Z,1993-01-09T16:00:00+01:00,726591600000,,0,0,G,,corrected-archive-csv
162860,Luleå-Kallax Flygplats,13,Rådande väder,"momentanvärde, 1 gång/tim resp 8 gånger/dygn",kod,1993-01-09T18:00:00Z,1993-01-09T19:00:00+01:00,726602400000,,0,0,G,,corrected-archive-csv
162860,Luleå-Kallax Flygplats,13,Rådande väder,"momentanvärde, 1 gång/tim resp 8 gånger/dygn",kod,1993-01-09T21:00:00Z,1993-01-09T22:00:00+01:00,726613200000,,77,77,G,,corrected-archive-csv
162860,Luleå-Kallax Flygplats,13,Rådande väder,"momentanvärde, 1 gång/tim resp 8 gånger/dygn",kod,1993-01-09T22:00:00Z,1993-01-09T23:00:00+01:00,726616800000,,77,77,Y,,corrected-archive-csv
162860,Luleå-Kallax Flygplats,13,Rådande väder,"momentanvärde, 1 gång/tim resp 8 gånger/dygn",kod,1993-01-09T23:00:00Z,1993-01-10T00:00:00+01:00,726620400000,,68,68,Y,,corrected-archive-csv
162860,Luleå-Kallax Flygplats,13,Rådande väder,"momentanvärde, 1 gång/tim resp 8 gånger/dygn",kod,1993-01-10T00:00:00Z,1993-01-10T01:00:00+01:00,726624000000,,68,68,G,,corrected-archive-csv
162860,Luleå-Kallax Flygplats,13,Rådande väder,"momentanvärde, 1 gång/tim resp 8 gånger/dygn",kod,1993-01-10T01:00:00Z,1993-01-10T02:00:00+01:00,726627600000,,23,23,Y,,corrected-archive-csv
162860,Luleå-Kallax Flygplats,13,Rådande väder,"momentanvärde, 1 gång/tim resp 8 gånger/dygn",kod,1993-01-10T02:00:00Z,1993-01-10T03:00:00+01:00,726631200000,,2,2,Y,,corrected-archive-csv
162860,Luleå-Kallax Flygplats,13,Rådande väder,"momentanvärde, 1 gång/tim resp 8 gånger/dygn",kod,1993-01-10T03:00:00Z,1993-01-10T04:00:00+01:00,726634800000,,68,68,G,,corrected-archive-csv
162860,Luleå-Kallax Flygplats,13,Rådande väder,"momentanvärde, 1 gång/tim resp 8 gånger/dygn",kod,1993-01-10T04:00:00Z,1993-01-10T05:00:00+01:00,726638400000,,23,23,Y,,corrected-archive-csv
162860,Luleå-Kallax Flygplats,13,Rådande väder,"momentanvärde, 1 gång/tim resp 8 gånger/dygn",kod,1993-01-10T05:00:00Z,1993-01-10T06:00:00+01:00,726642000000,,2,2,Y,,corrected-archive-csv
162860,Luleå-Kallax Flygplats,13,Rådande väder,"momentanvärde, 1 gång/tim resp 8 gånger/dygn",kod,1993-01-10T06:00:00Z,1993-01-10T07:00:00+01:00,726645600000,,2,2,G,,corrected-archive-csv
162860,Luleå-Kallax Flygplats,13,Rådande väder,"momentanvärde, 1 gång/tim resp 8 gånger/dygn",kod,1993-01-10T09:00:00Z,1993-01-10T10:00:00+01:00,726656400000,,0,0,G,,corrected-archive-csv
162860,Luleå-Kallax Flygplats,13,Rådande väder,"momentanvärde, 1 gång/tim resp 8 gånger/dygn",kod,1993-01-10T12:00:00Z,1993-01-10T13:00:00+01:00,726667200000,,0,0,G,,corrected-archive-csv
162860,Luleå-Kallax Flygplats,13,Rådande väder,"momentanvärde, 1 gång/tim resp 8 gånger/dygn",kod,1993-01-10T15:00:00Z,1993-01-10T16:00:00+01:00,726678000000,,0,0,G,,corrected-archive-csv
162860,Luleå-Kallax Flygplats,13,Rådande väder,"momentanvärde, 1 gång/tim resp 8 gånger/dygn",kod,1993-01-10T18:00:00Z,1993-01-10T19:00:00+01:00,726688800000,,0,0,G,,corrected-archive-csv
162860,Luleå-Kallax Flygplats,13,Rådande väder,"momentanvärde, 1 gång/tim resp 8 gånger/dygn",kod,1993-01-11T00:00:00Z,1993-01-11T01:00:00+01:00,726710400000,,0,0,G,,corrected-archive-csv
162860,Luleå-Kallax Flygplats,13,Rådande väder,"momentanvärde, 1 gång/tim resp 8 gånger/dygn",kod,1993-01-11T03:00:00Z,1993-01-11T04:00:00+01:00,726721200000,,0,0,G,,corrected-archive-csv
162860,Luleå-Kallax Flygplats,13,Rådande väder,"momentanvärde, 1 gång/tim resp 8 gånger/dygn",kod,1993-01-11T06:00:00Z,1993-01-11T07:00:00+01:00,726732000000,,0,0,G,,corrected-archive-csv
162860,Luleå-Kallax Flygplats,13,Rådande väder,"momentanvärde, 1 gång/tim resp 8 gånger/dygn",kod,1993-01-11T07:00:00Z,1993-01-11T08:00:00+01:00,726735600000,,71,71,Y,,corrected-archive-csv
162860,Luleå-Kallax Flygplats,13,Rådande väder,"momentanvärde, 1 gång/tim resp 8 gånger/dygn",kod,1993-01-11T08:00:00Z,1993-01-11T09:00:00+01:00,726739200000,,73,73,Y,,corrected-archive-csv
162860,Luleå-Kallax Flygplats,13,Rådande väder,"momentanvärde, 1 gång/tim resp 8 gånger/dygn",kod,1993-01-11T09:00:00Z,1993-01-11T10:00:00+01:00,726742800000,,71,71,G,,corrected-archive-csv
162860,Luleå-Kallax Flygplats,13,Rådande väder,"momentanvärde, 1 gång/tim resp 8 gånger/dygn",kod,1993-01-11T10:00:00Z,1993-01-11T11:00:00+01:00,726746400000,,71,71,Y,,corrected-archive-csv
162860,Luleå-Kallax Flygplats,13,Rådande väder,"momentanvärde, 1 gång/tim resp 8 gånger/dygn",kod,1993-01-11T11:00:00Z,1993-01-11T12:00:00+01:00,726750000000,,22,22,Y,,corrected-archive-csv
162860,Luleå-Kallax Flygplats,13,Rådande väder,"momentanvärde, 1 gång/tim resp 8 gånger/dygn",kod,1993-01-11T12:00:00Z,1993-01-11T13:00:00+01:00,726753600000,,2,2,G,,corrected-archive-csv
162860,Luleå-Kallax Flygplats,13,Rådande väder,"momentanvärde, 1 gång/tim resp 8 gånger/dygn",kod,1993-01-11T14:00:00Z,1993-01-11T15:00:00+01:00,726760800000,,10,10,Y,,corrected-archive-csv
162860,Luleå-Kallax Flygplats,13,Rådande väder,"momentanvärde, 1 gång/tim resp 8 gånger/dygn",kod,1993-01-11T15:00:00Z,1993-01-11T16:00:00+01:00,726764400000,,0,0,G,,corrected-archive-csv
162860,Luleå-Kallax Flygplats,13,Rådande väder,"momentanvärde, 1 gång/tim resp 8 gånger/dygn",kod,1993-01-11T16:00:00Z,1993-01-11T17:00:00+01:00,726768000000,,51,51,Y,,corrected-archive-csv
162860,Luleå-Kallax Flygplats,13,Rådande väder,"momentanvärde, 1 gång/tim resp 8 gånger/dygn",kod,1993-01-11T17:00:00Z,1993-01-11T18:00:00+01:00,726771600000,,20,20,Y,,corrected-archive-csv
162860,Luleå-Kallax Flygplats,13,Rådande väder,"momentanvärde, 1 gång/tim resp 8 gånger/dygn",kod,1993-01-11T18:00:00Z,1993-01-11T19:00:00+01:00,726775200000,,20,20,G,,corrected-archive-csv
162860,Luleå-Kallax Flygplats,13,Rådande väder,"momentanvärde, 1 gång/tim resp 8 gånger/dygn",kod,1993-01-11T19:00:00Z,1993-01-11T20:00:00+01:00,726778800000,,20,20,Y,,corrected-archive-csv
162860,Luleå-Kallax Flygplats,13,Rådande väder,"momentanvärde, 1 gång/tim resp 8 gånger/dygn",kod,1993-01-11T20:00:00Z,1993-01-11T21:00:00+01:00,726782400000,,20,20,Y,,corrected-archive-csv
162860,Luleå-Kallax Flygplats,13,Rådande väder,"momentanvärde, 1 gång/tim resp 8 gånger/dygn",kod,1993-01-11T21:00:00Z,1993-01-11T22:00:00+01:00,726786000000,,2,2,G,,corrected-archive-csv
162860,Luleå-Kallax Flygplats,13,Rådande väder,"momentanvärde, 1 gång/tim resp 8 gånger/dygn",kod,1993-01-11T22:00:00Z,1993-01-11T23:00:00+01:00,726789600000,,20,20,Y,,corrected-archive-csv
162860,Luleå-Kallax Flygplats,13,Rådande väder,"momentanvärde, 1 gång/tim resp 8 gånger/dygn",kod,1993-01-11T23:00:00Z,1993-01-12T00:00:00+01:00,726793200000,,2,2,Y,,corrected-archive-csv
162860,Luleå-Kallax Flygplats,13,Rådande väder,"momentanvärde, 1 gång/tim resp 8 gånger/dygn",kod,1993-01-12T00:00:00Z,1993-01-12T01:00:00+01:00,726796800000,,2,2,G,,corrected-archive-csv
162860,Luleå-Kallax Flygplats,13,Rådande väder,"momentanvärde, 1 gång/tim resp 8 gånger/dygn",kod,1993-01-12T03:00:00Z,1993-01-12T04:00:00+01:00,726807600000,,0,0,G,,corrected-archive-csv
162860,Luleå-Kallax Flygplats,13,Rådande väder,"momentanvärde, 1 gång/tim resp 8 gånger/dygn",kod,1993-01-12T06:00:00Z,1993-01-12T07:00:00+01:00,726818400000,,0,0,G,,corrected-archive-csv
162860,Luleå-Kallax Flygplats,13,Rådande väder,"momentanvärde, 1 gång/tim resp 8 gånger/dygn",kod,1993-01-12T08:00:00Z,1993-01-12T09:00:00+01:00,726825600000,,14,14,Y,,corrected-archive-csv
162860,Luleå-Kallax Flygplats,13,Rådande väder,"momentanvärde, 1 gång/tim resp 8 gånger/dygn",kod,1993-01-12T09:00:00Z,1993-01-12T10:00:00+01:00,726829200000,,14,14,G,,corrected-archive-csv
162860,Luleå-Kallax Flygplats,13,Rådande väder,"momentanvärde, 1 gång/tim resp 8 gånger/dygn",kod,1993-01-12T10:00:00Z,1993-01-12T11:00:00+01:00,726832800000,,15,15,Y,,corrected-archive-csv
162860,Luleå-Kallax Flygplats,13,Rådande väder,"momentanvärde, 1 gång/tim resp 8 gånger/dygn",kod,1993-01-12T11:00:00Z,1993-01-12T12:00:00+01:00,726836400000,,15,15,Y,,corrected-archive-csv
162860,Luleå-Kallax Flygplats,13,Rådande väder,"momentanvärde, 1 gång/tim resp 8 gånger/dygn",kod,1993-01-12T12:00:00Z,1993-01-12T13:00:00+01:00,726840000000,,14,14,G,,corrected-archive-csv
162860,Luleå-Kallax Flygplats,13,Rådande väder,"momentanvärde, 1 gång/tim resp 8 gånger/dygn",kod,1993-01-12T15:00:00Z,1993-01-12T16:00:00+01:00,726850800000,,0,0,G,,corrected-archive-csv
162860,Luleå-Kallax Flygplats,13,Rådande väder,"momentanvärde, 1 gång/tim resp 8 gånger/dygn",kod,1993-01-12T18:00:00Z,1993-01-12T19:00:00+01:00,726861600000,,0,0,G,,corrected-archive-csv
162860,Luleå-Kallax Flygplats,13,Rådande väder,"momentanvärde, 1 gång/tim resp 8 gånger/dygn",kod,1993-01-12T21:00:00Z,1993-01-12T22:00:00+01:00,726872400000,,0,0,G,,corrected-archive-csv
162860,Luleå-Kallax Flygplats,13,Rådande väder,"momentanvärde, 1 gång/tim resp 8 gånger/dygn",kod,1993-01-13T00:00:00Z,1993-01-13T01:00:00+01:00,726883200000,,0,0,G,,corrected-archive-csv
162860,Luleå-Kallax Flygplats,13,Rådande väder,"momentanvärde, 1 gång/tim resp 8 gånger/dygn",kod,1993-01-13T03:00:00Z,1993-01-13T04:00:00+01:00,726894000000,,0,0,G,,corrected-archive-csv
162860,Luleå-Kallax Flygplats,13,Rådande väder,"momentanvärde, 1 gång/tim resp 8 gånger/dygn",kod,1993-01-13T06:00:00Z,1993-01-13T07:00:00+01:00,726904800000,,0,0,G,,corrected-archive-csv
162860,Luleå-Kallax Flygplats,13,Rådande väder,"momentanvärde, 1 gång/tim resp 8 gånger/dygn",kod,1993-01-13T09:00:00Z,1993-01-13T10:00:00+01:00,726915600000,,0,0,G,,corrected-archive-csv
162860,Luleå-Kallax Flygplats,13,Rådande väder,"momentanvärde, 1 gång/tim resp 8 gånger/dygn",kod,1993-01-13T12:00:00Z,1993-01-13T13:00:00+01:00,726926400000,,0,0,G,,corrected-archive-csv
162860,Luleå-Kallax Flygplats,13,Rådande väder,"momentanvärde, 1 gång/tim resp 8 gånger/dygn",kod,1993-01-13T15:00:00Z,1993-01-13T16:00:00+01:00,726937200000,,0,0,G,,corrected-archive-csv
162860,Luleå-Kallax Flygplats,13,Rådande väder,"momentanvärde, 1 gång/tim resp 8 gånger/dygn",kod,1993-01-13T17:00:00Z,1993-01-13T18:00:00+01:00,726944400000,,71,71,Y,,corrected-archive-csv
162860,Luleå-Kallax Flygplats,13,Rådande väder,"momentanvärde, 1 gång/tim resp 8 gånger/dygn",kod,1993-01-13T18:00:00Z,1993-01-13T19:00:00+01:00,726948000000,,72,72,G,,corrected-archive-csv
162860,Luleå-Kallax Flygplats,13,Rådande väder,"momentanvärde, 1 gång/tim resp 8 gånger/dygn",kod,1993-01-13T19:00:00Z,1993-01-13T20:00:00+01:00,726951600000,,22,22,Y,,corrected-archive-csv
162860,Luleå-Kallax Flygplats,13,Rådande väder,"momentanvärde, 1 gång/tim resp 8 gånger/dygn",kod,1993-01-13T20:00:00Z,1993-01-13T21:00:00+01:00,726955200000,,1,1,Y,,corrected-archive-csv
162860,Luleå-Kallax Flygplats,13,Rådande väder,"momentanvärde, 1 gång/tim resp 8 gånger/dygn",kod,1993-01-13T21:00:00Z,1993-01-13T22:00:00+01:00,726958800000,,1,1,G,,corrected-archive-csv
162860,Luleå-Kallax Flygplats,13,Rådande väder,"momentanvärde, 1 gång/tim resp 8 gånger/dygn",kod,1993-01-13T22:00:00Z,1993-01-13T23:00:00+01:00,726962400000,,1,1,Y,,corrected-archive-csv
162860,Luleå-Kallax Flygplats,13,Rådande väder,"momentanvärde, 1 gång/tim resp 8 gånger/dygn",kod,1993-01-13T23:00:00Z,1993-01-14T00:00:00+01:00,726966000000,,1,1,Y,,corrected-archive-csv
162860,Luleå-Kallax Flygplats,13,Rådande väder,"momentanvärde, 1 gång/tim resp 8 gånger/dygn",kod,1993-01-14T00:00:00Z,1993-01-14T01:00:00+01:00,726969600000,,1,1,G,,corrected-archive-csv
162860,Luleå-Kallax Flygplats,13,Rådande väder,"momentanvärde, 1 gång/tim resp 8 gånger/dygn",kod,1993-01-14T03:00:00Z,1993-01-14T04:00:00+01:00,726980400000,,0,0,G,,corrected-archive-csv
162860,Luleå-Kallax Flygplats,13,Rådande väder,"momentanvärde, 1 gång/tim resp 8 gånger/dygn",kod,1993-01-14T05:00:00Z,1993-01-14T06:00:00+01:00,726987600000,,10,10,Y,,corrected-archive-csv
162860,Luleå-Kallax Flygplats,13,Rådande väder,"momentanvärde, 1 gång/tim resp 8 gånger/dygn",kod,1993-01-14T06:00:00Z,1993-01-14T07:00:00+01:00,726991200000,,10,10,G,,corrected-archive-csv
162860,Luleå-Kallax Flygplats,13,Rådande väder,"momentanvärde, 1 gång/tim resp 8 gånger/dygn",kod,1993-01-14T07:00:00Z,1993-01-14T08:00:00+01:00,726994800000,,70,70,Y,,corrected-archive-csv
162860,Luleå-Kallax Flygplats,13,Rådande väder,"momentanvärde, 1 gång/tim resp 8 gånger/dygn",kod,1993-01-14T08:00:00Z,1993-01-14T09:00:00+01:00,726998400000,,70,70,Y,,corrected-archive-csv
162860,Luleå-Kallax Flygplats,13,Rådande väder,"momentanvärde, 1 gång/tim resp 8 gånger/dygn",kod,1993-01-14T09:00:00Z,1993-01-14T10:00:00+01:00,727002000000,,70,70,G,,corrected-archive-csv
162860,Luleå-Kallax Flygplats,13,Rådande väder,"momentanvärde, 1 gång/tim resp 8 gånger/dygn",kod,1993-01-14T10:00:00Z,1993-01-14T11:00:00+01:00,727005600000,,22,22,Y,,corrected-archive-csv
162860,Luleå-Kallax Flygplats,13,Rådande väder,"momentanvärde, 1 gång/tim resp 8 gånger/dygn",kod,1993-01-14T11:00:00Z,1993-01-14T12:00:00+01:00,727009200000,,70,70,Y,,corrected-archive-csv
162860,Luleå-Kallax Flygplats,13,Rådande väder,"momentanvärde, 1 gång/tim resp 8 gånger/dygn",kod,1993-01-14T12:00:00Z,1993-01-14T13:00:00+01:00,727012800000,,49,49,G,,corrected-archive-csv
162860,Luleå-Kallax Flygplats,13,Rådande väder,"momentanvärde, 1 gång/tim resp 8 gånger/dygn",kod,1993-01-14T13:00:00Z,1993-01-14T14:00:00+01:00,727016400000,,78,78,Y,,corrected-archive-csv
162860,Luleå-Kallax Flygplats,13,Rådande väder,"momentanvärde, 1 gång/tim resp 8 gånger/dygn",kod,1993-01-14T14:00:00Z,1993-01-14T15:00:00+01:00,727020000000,,49,49,Y,,corrected-archive-csv
162860,Luleå-Kallax Flygplats,13,Rådande väder,"momentanvärde, 1 gång/tim resp 8 gånger/dygn",kod,1993-01-14T15:00:00Z,1993-01-14T16:00:00+01:00,727023600000,,2,2,G,,corrected-archive-csv
162860,Luleå-Kallax Flygplats,13,Rådande väder,"momentanvärde, 1 gång/tim resp 8 gånger/dygn",kod,1993-01-14T16:00:00Z,1993-01-14T17:00:00+01:00,727027200000,,2,2,Y,,corrected-archive-csv
162860,Luleå-Kallax Flygplats,13,Rådande väder,"momentanvärde, 1 gång/tim resp 8 gånger/dygn",kod,1993-01-14T17:00:00Z,1993-01-14T18:00:00+01:00,727030800000,,77,77,Y,,corrected-archive-csv
162860,Luleå-Kallax Flygplats,13,Rådande väder,"momentanvärde, 1 gång/tim resp 8 gånger/dygn",kod,1993-01-14T18:00:00Z,1993-01-14T19:00:00+01:00,727034400000,,71,71,G,,corrected-archive-csv
162860,Luleå-Kallax Flygplats,13,Rådande väder,"momentanvärde, 1 gång/tim resp 8 gånger/dygn",kod,1993-01-14T19:00:00Z,1993-01-14T20:00:00+01:00,727038000000,,71,71,Y,,corrected-archive-csv
162860,Luleå-Kallax Flygplats,13,Rådande väder,"momentanvärde, 1 gång/tim resp 8 gånger/dygn",kod,1993-01-14T20:00:00Z,1993-01-14T21:00:00+01:00,727041600000,,71,71,Y,,corrected-archive-csv
162860,Luleå-Kallax Flygplats,13,Rådande väder,"momentanvärde, 1 gång/tim resp 8 gånger/dygn",kod,1993-01-14T21:00:00Z,1993-01-14T22:00:00+01:00,727045200000,,22,22,G,,corrected-archive-csv
162860,Luleå-Kallax Flygplats,13,Rådande väder,"momentanvärde, 1 gång/tim resp 8 gånger/dygn",kod,1993-01-14T22:00:00Z,1993-01-14T23:00:00+01:00,727048800000,,1,1,Y,,corrected-archive-csv
162860,Luleå-Kallax Flygplats,13,Rådande väder,"momentanvärde, 1 gång/tim resp 8 gånger/dygn",kod,1993-01-14T23:00:00Z,1993-01-15T00:00:00+01:00,727052400000,,1,1,Y,,corrected-archive-csv
162860,Luleå-Kallax Flygplats,13,Rådande väder,"momentanvärde, 1 gång/tim resp 8 gånger/dygn",kod,1993-01-15T00:00:00Z,1993-01-15T01:00:00+01:00,727056000000,,2,2,G,,corrected-archive-csv
162860,Luleå-Kallax Flygplats,13,Rådande väder,"momentanvärde, 1 gång/tim resp 8 gånger/dygn",kod,1993-01-15T03:00:00Z,1993-01-15T04:00:00+01:00,727066800000,,0,0,G,,corrected-archive-csv
162860,Luleå-Kallax Flygplats,13,Rådande väder,"momentanvärde, 1 gång/tim resp 8 gånger/dygn",kod,1993-01-15T06:00:00Z,1993-01-15T07:00:00+01:00,727077600000,,0,0,G,,corrected-archive-csv
162860,Luleå-Kallax Flygplats,13,Rådande väder,"momentanvärde, 1 gång/tim resp 8 gånger/dygn",kod,1993-01-15T09:00:00Z,1993-01-15T10:00:00+01:00,727088400000,,73,73,G,,corrected-archive-csv
162860,Luleå-Kallax Flygplats,13,Rådande väder,"momentanvärde, 1 gång/tim resp 8 gånger/dygn",kod,1993-01-15T10:00:00Z,1993-01-15T11:00:00+01:00,727092000000,,71,71,Y,,corrected-archive-csv
162860,Luleå-Kallax Flygplats,13,Rådande väder,"momentanvärde, 1 gång/tim resp 8 gånger/dygn",kod,1993-01-15T11:00:00Z,1993-01-15T12:00:00+01:00,727095600000,,71,71,Y,,corrected-archive-csv
162860,Luleå-Kallax Flygplats,13,Rådande väder,"momentanvärde, 1 gång/tim resp 8 gånger/dygn",kod,1993-01-15T12:00:00Z,1993-01-15T13:00:00+01:00,727099200000,,22,22,G,,corrected-archive-csv
162860,Luleå-Kallax Flygplats,13,Rådande väder,"momentanvärde, 1 gång/tim resp 8 gånger/dygn",kod,1993-01-15T15:00:00Z,1993-01-15T16:00:00+01:00,727110000000,,0,0,G,,corrected-archive-csv
162860,Luleå-Kallax Flygplats,13,Rådande väder,"momentanvärde, 1 gång/tim resp 8 gånger/dygn",kod,1993-01-15T18:00:00Z,1993-01-15T19:00:00+01:00,727120800000,,0,0,G,,corrected-archive-csv
162860,Luleå-Kallax Flygplats,13,Rådande väder,"momentanvärde, 1 gång/tim resp 8 gånger/dygn",kod,1993-01-15T21:00:00Z,1993-01-15T22:00:00+01:00,727131600000,,0,0,G,,corrected-archive-csv
162860,Luleå-Kallax Flygplats,13,Rådande väder,"momentanvärde, 1 gång/tim resp 8 gånger/dygn",kod,1993-01-16T00:00:00Z,1993-01-16T01:00:00+01:00,727142400000,,71,71,G,,corrected-archive-csv
162860,Luleå-Kallax Flygplats,13,Rådande väder,"momentanvärde, 1 gång/tim resp 8 gånger/dygn",kod,1993-01-16T01:00:00Z,1993-01-16T02:00:00+01:00,727146000000,,73,73,Y,,corrected-archive-csv
162860,Luleå-Kallax Flygplats,13,Rådande väder,"momentanvärde, 1 gång/tim resp 8 gånger/dygn",kod,1993-01-16T02:00:00Z,1993-01-16T03:00:00+01:00,727149600000,,73,73,Y,,corrected-archive-csv
162860,Luleå-Kallax Flygplats,13,Rådande väder,"momentanvärde, 1 gång/tim resp 8 gånger/dygn",kod,1993-01-16T03:00:00Z,1993-01-16T04:00:00+01:00,727153200000,,73,73,G,,corrected-archive-csv
162860,Luleå-Kallax Flygplats,13,Rådande väder,"momentanvärde, 1 gång/tim resp 8 gånger/dygn",kod,1993-01-16T04:00:00Z,1993-01-16T05:00:00+01:00,727156800000,,73,73,Y,,corrected-archive-csv
162860,Luleå-Kallax Flygplats,13,Rådande väder,"momentanvärde, 1 gång/tim resp 8 gånger/dygn",kod,1993-01-16T05:00:00Z,1993-01-16T06:00:00+01:00,727160400000,,73,73,Y,,corrected-archive-csv
162860,Luleå-Kallax Flygplats,13,Rådande väder,"momentanvärde, 1 gång/tim resp 8 gånger/dygn",kod,1993-01-16T06:00:00Z,1993-01-16T07:00:00+01:00,727164000000,,71,71,G,,corrected-archive-csv
162860,Luleå-Kallax Flygplats,13,Rådande väder,"momentanvärde, 1 gång/tim resp 8 gånger/dygn",kod,1993-01-16T07:00:00Z,1993-01-16T08:00:00+01:00,727167600000,,71,71,Y,,corrected-archive-csv
162860,Luleå-Kallax Flygplats,13,Rådande väder,"momentanvärde, 1 gång/tim resp 8 gånger/dygn",kod,1993-01-16T08:00:00Z,1993-01-16T09:00:00+01:00,727171200000,,71,71,Y,,corrected-archive-csv
162860,Luleå-Kallax Flygplats,13,Rådande väder,"momentanvärde, 1 gång/tim resp 8 gånger/dygn",kod,1993-01-16T09:00:00Z,1993-01-16T10:00:00+01:00,727174800000,,61,61,G,,corrected-archive-csv
162860,Luleå-Kallax Flygplats,13,Rådande väder,"momentanvärde, 1 gång/tim resp 8 gånger/dygn",kod,1993-01-16T10:00:00Z,1993-01-16T11:00:00+01:00,727178400000,,83,83,Y,,corrected-archive-csv
162860,Luleå-Kallax Flygplats,13,Rådande väder,"momentanvärde, 1 gång/tim resp 8 gånger/dygn",kod,1993-01-16T11:00:00Z,1993-01-16T12:00:00+01:00,727182000000,,73,73,Y,,corrected-archive-csv
162860,Luleå-Kallax Flygplats,13,Rådande väder,"momentanvärde, 1 gång/tim resp 8 gånger/dygn",kod,1993-01-16T12:00:00Z,1993-01-16T13:00:00+01:00,727185600000,,73,73,G,,corrected-archive-csv
162860,Luleå-Kallax Flygplats,13,Rådande väder,"momentanvärde, 1 gång/tim resp 8 gånger/dygn",kod,1993-01-16T13:00:00Z,1993-01-16T14:00:00+01:00,727189200000,,22,22,Y,,corrected-archive-csv
162860,Luleå-Kallax Flygplats,13,Rådande väder,"momentanvärde, 1 gång/tim resp 8 gånger/dygn",kod,1993-01-16T14:00:00Z,1993-01-16T15:00:00+01:00,727192800000,,71,71,Y,,corrected-archive-csv
162860,Luleå-Kallax Flygplats,13,Rådande väder,"momentanvärde, 1 gång/tim resp 8 gånger/dygn",kod,1993-01-16T15:00:00Z,1993-01-16T16:00:00+01:00,727196400000,,71,71,G,,corrected-archive-csv
162860,Luleå-Kallax Flygplats,13,Rådande väder,"momentanvärde, 1 gång/tim resp 8 gånger/dygn",kod,1993-01-16T16:00:00Z,1993-01-16T17:00:00+01:00,727200000000,,71,71,Y,,corrected-archive-csv
162860,Luleå-Kallax Flygplats,13,Rådande väder,"momentanvärde, 1 gång/tim resp 8 gånger/dygn",kod,1993-01-16T17:00:00Z,1993-01-16T18:00:00+01:00,727203600000,,22,22,Y,,corrected-archive-csv
162860,Luleå-Kallax Flygplats,13,Rådande väder,"momentanvärde, 1 gång/tim resp 8 gånger/dygn",kod,1993-01-16T18:00:00Z,1993-01-16T19:00:00+01:00,727207200000,,1,1,G,,corrected-archive-csv
162860,Luleå-Kallax Flygplats,13,Rådande väder,"momentanvärde, 1 gång/tim resp 8 gånger/dygn",kod,1993-01-16T19:00:00Z,1993-01-16T20:00:00+01:00,727210800000,,1,1,Y,,corrected-archive-csv
162860,Luleå-Kallax Flygplats,13,Rådande väder,"momentanvärde, 1 gång/tim resp 8 gånger/dygn",kod,1993-01-16T21:00:00Z,1993-01-16T22:00:00+01:00,727218000000,,0,0,G,,corrected-archive-csv
162860,Luleå-Kallax Flygplats,13,Rådande väder,"momentanvärde, 1 gång/tim resp 8 gånger/dygn",kod,1993-01-17T00:00:00Z,1993-01-17T01:00:00+01:00,727228800000,,0,0,G,,corrected-archive-csv
162860,Luleå-Kallax Flygplats,13,Rådande väder,"momentanvärde, 1 gång/tim resp 8 gånger/dygn",kod,1993-01-17T03:00:00Z,1993-01-17T04:00:00+01:00,727239600000,,0,0,G,,corrected-archive-csv
162860,Luleå-Kallax Flygplats,13,Rådande väder,"momentanvärde, 1 gång/tim resp 8 gånger/dygn",kod,1993-01-17T06:00:00Z,1993-01-17T07:00:00+01:00,727250400000,,0,0,G,,corrected-archive-csv
162860,Luleå-Kallax Flygplats,13,Rådande väder,"momentanvärde, 1 gång/tim resp 8 gånger/dygn",kod,1993-01-17T09:00:00Z,1993-01-17T10:00:00+01:00,727261200000,,0,0,G,,corrected-archive-csv
162860,Luleå-Kallax Flygplats,13,Rådande väder,"momentanvärde, 1 gång/tim resp 8 gånger/dygn",kod,1993-01-17T12:00:00Z,1993-01-17T13:00:00+01:00,727272000000,,0,0,G,,corrected-archive-csv
162860,Luleå-Kallax Flygplats,13,Rådande väder,"momentanvärde, 1 gång/tim resp 8 gånger/dygn",kod,1993-01-17T15:00:00Z,1993-01-17T16:00:00+01:00,727282800000,,0,0,G,,corrected-archive-csv
162860,Luleå-Kallax Flygplats,13,Rådande väder,"momentanvärde, 1 gång/tim resp 8 gånger/dygn",kod,1993-01-17T18:00:00Z,1993-01-17T19:00:00+01:00,727293600000,,73,73,G,,corrected-archive-csv
162860,Luleå-Kallax Flygplats,13,Rådande väder,"momentanvärde, 1 gång/tim resp 8 gånger/dygn",kod,1993-01-17T19:00:00Z,1993-01-17T20:00:00+01:00,727297200000,,73,73,Y,,corrected-archive-csv
162860,Luleå-Kallax Flygplats,13,Rådande väder,"momentanvärde, 1 gång/tim resp 8 gånger/dygn",kod,1993-01-17T20:00:00Z,1993-01-17T21:00:00+01:00,727300800000,,75,75,Y,,corrected-archive-csv
162860,Luleå-Kallax Flygplats,13,Rådande väder,"momentanvärde, 1 gång/tim resp 8 gånger/dygn",kod,1993-01-17T21:00:00Z,1993-01-17T22:00:00+01:00,727304400000,,73,73,G,,corrected-archive-csv
162860,Luleå-Kallax Flygplats,13,Rådande väder,"momentanvärde, 1 gång/tim resp 8 gånger/dygn",kod,1993-01-17T22:00:00Z,1993-01-17T23:00:00+01:00,727308000000,,71,71,Y,,corrected-archive-csv
162860,Luleå-Kallax Flygplats,13,Rådande väder,"momentanvärde, 1 gång/tim resp 8 gånger/dygn",kod,1993-01-17T23:00:00Z,1993-01-18T00:00:00+01:00,727311600000,,68,68,Y,,corrected-archive-csv
162860,Luleå-Kallax Flygplats,13,Rådande väder,"momentanvärde, 1 gång/tim resp 8 gånger/dygn",kod,1993-01-18T00:00:00Z,1993-01-18T01:00:00+01:00,727315200000,,49,49,G,,corrected-archive-csv
162860,Luleå-Kallax Flygplats,13,Rådande väder,"momentanvärde, 1 gång/tim resp 8 gånger/dygn",kod,1993-01-18T01:00:00Z,1993-01-18T02:00:00+01:00,727318800000,,49,49,Y,,corrected-archive-csv
162860,Luleå-Kallax Flygplats,13,Rådande väder,"momentanvärde, 1 gång/tim resp 8 gånger/dygn",kod,1993-01-18T02:00:00Z,1993-01-18T03:00:00+01:00,727322400000,,71,71,Y,,corrected-archive-csv
162860,Luleå-Kallax Flygplats,13,Rådande väder,"momentanvärde, 1 gång/tim resp 8 gånger/dygn",kod,1993-01-18T03:00:00Z,1993-01-18T04:00:00+01:00,727326000000,,71,71,G,,corrected-archive-csv
162860,Luleå-Kallax Flygplats,13,Rådande väder,"momentanvärde, 1 gång/tim resp 8 gånger/dygn",kod,1993-01-18T04:00:00Z,1993-01-18T05:00:00+01:00,727329600000,,71,71,Y,,corrected-archive-csv
162860,Luleå-Kallax Flygplats,13,Rådande väder,"momentanvärde, 1 gång/tim resp 8 gånger/dygn",kod,1993-01-18T05:00:00Z,1993-01-18T06:00:00+01:00,727333200000,,22,22,Y,,corrected-archive-csv
162860,Luleå-Kallax Flygplats,13,Rådande väder,"momentanvärde, 1 gång/tim resp 8 gånger/dygn",kod,1993-01-18T06:00:00Z,1993-01-18T07:00:00+01:00,727336800000,,71,71,G,,corrected-archive-csv
162860,Luleå-Kallax Flygplats,13,Rådande väder,"momentanvärde, 1 gång/tim resp 8 gånger/dygn",kod,1993-01-18T09:00:00Z,1993-01-18T10:00:00+01:00,727347600000,,0,0,G,,corrected-archive-csv
162860,Luleå-Kallax Flygplats,13,Rådande väder,"momentanvärde, 1 gång/tim resp 8 gånger/dygn",kod,1993-01-18T12:00:00Z,1993-01-18T13:00:00+01:00,727358400000,,0,0,G,,corrected-archive-csv
162860,Luleå-Kallax Flygplats,13,Rådande väder,"momentanvärde, 1 gång/tim resp 8 gånger/dygn",kod,1993-01-18T15:00:00Z,1993-01-18T16:00:00+01:00,727369200000,,0,0,G,,corrected-archive-csv
162860,Luleå-Kallax Flygplats,13,Rådande väder,"momentanvärde, 1 gång/tim resp 8 gånger/dygn",kod,1993-01-18T17:00:00Z,1993-01-18T18:00:00+01:00,727376400000,,71,71,Y,,corrected-archive-csv
162860,Luleå-Kallax Flygplats,13,Rådande väder,"momentanvärde, 1 gång/tim resp 8 gånger/dygn",kod,1993-01-18T18:00:00Z,1993-01-18T19:00:00+01:00,727380000000,,71,71,G,,corrected-archive-csv
162860,Luleå-Kallax Flygplats,13,Rådande väder,"momentanvärde, 1 gång/tim resp 8 gånger/dygn",kod,1993-01-18T19:00:00Z,1993-01-18T20:00:00+01:00,727383600000,,71,71,Y,,corrected-archive-csv
162860,Luleå-Kallax Flygplats,13,Rådande väder,"momentanvärde, 1 gång/tim resp 8 gånger/dygn",kod,1993-01-18T20:00:00Z,1993-01-18T21:00:00+01:00,727387200000,,22,22,Y,,corrected-archive-csv
162860,Luleå-Kallax Flygplats,13,Rådande väder,"momentanvärde, 1 gång/tim resp 8 gånger/dygn",kod,1993-01-18T21:00:00Z,1993-01-18T22:00:00+01:00,727390800000,,1,1,G,,corrected-archive-csv
162860,Luleå-Kallax Flygplats,13,Rådande väder,"momentanvärde, 1 gång/tim resp 8 gånger/dygn",kod,1993-01-18T22:00:00Z,1993-01-18T23:00:00+01:00,727394400000,,1,1,Y,,corrected-archive-csv
162860,Luleå-Kallax Flygplats,13,Rådande väder,"momentanvärde, 1 gång/tim resp 8 gånger/dygn",kod,1993-01-18T23:00:00Z,1993-01-19T00:00:00+01:00,727398000000,,1,1,Y,,corrected-archive-csv
162860,Luleå-Kallax Flygplats,13,Rådande väder,"momentanvärde, 1 gång/tim resp 8 gånger/dygn",kod,1993-01-19T00:00:00Z,1993-01-19T01:00:00+01:00,727401600000,,0,0,G,,corrected-archive-csv
162860,Luleå-Kallax Flygplats,13,Rådande väder,"momentanvärde, 1 gång/tim resp 8 gånger/dygn",kod,1993-01-19T03:00:00Z,1993-01-19T04:00:00+01:00,727412400000,,0,0,G,,corrected-archive-csv
162860,Luleå-Kallax Flygplats,13,Rådande väder,"momentanvärde, 1 gång/tim resp 8 gånger/dygn",kod,1993-01-19T06:00:00Z,1993-01-19T07:00:00+01:00,727423200000,,0,0,G,,corrected-archive-csv
162860,Luleå-Kallax Flygplats,13,Rådande väder,"momentanvärde, 1 gång/tim resp 8 gånger/dygn",kod,1993-01-19T09:00:00Z,1993-01-19T10:00:00+01:00,727434000000,,0,0,G,,corrected-archive-csv
162860,Luleå-Kallax Flygplats,13,Rådande väder,"momentanvärde, 1 gång/tim resp 8 gånger/dygn",kod,1993-01-19T12:00:00Z,1993-01-19T13:00:00+01:00,727444800000,,0,0,G,,corrected-archive-csv
162860,Luleå-Kallax Flygplats,13,Rådande väder,"momentanvärde, 1 gång/tim resp 8 gånger/dygn",kod,1993-01-19T15:00:00Z,1993-01-19T16:00:00+01:00,727455600000,,0,0,G,,corrected-archive-csv
162860,Luleå-Kallax Flygplats,13,Rådande väder,"momentanvärde, 1 gång/tim resp 8 gånger/dygn",kod,1993-01-19T18:00:00Z,1993-01-19T19:00:00+01:00,727466400000,,0,0,G,,corrected-archive-csv
162860,Luleå-Kallax Flygplats,13,Rådande väder,"momentanvärde, 1 gång/tim resp 8 gånger/dygn",kod,1993-01-19T21:00:00Z,1993-01-19T22:00:00+01:00,727477200000,,0,0,G,,corrected-archive-csv
162860,Luleå-Kallax Flygplats,13,Rådande väder,"momentanvärde, 1 gång/tim resp 8 gånger/dygn",kod,1993-01-20T00:00:00Z,1993-01-20T01:00:00+01:00,727488000000,,0,0,G,,corrected-archive-csv
162860,Luleå-Kallax Flygplats,13,Rådande väder,"momentanvärde, 1 gång/tim resp 8 gånger/dygn",kod,1993-01-20T03:00:00Z,1993-01-20T04:00:00+01:00,727498800000,,71,71,G,,corrected-archive-csv
162860,Luleå-Kallax Flygplats,13,Rådande väder,"momentanvärde, 1 gång/tim resp 8 gånger/dygn",kod,1993-01-20T04:00:00Z,1993-01-20T05:00:00+01:00,727502400000,,71,71,Y,,corrected-archive-csv
162860,Luleå-Kallax Flygplats,13,Rådande väder,"momentanvärde, 1 gång/tim resp 8 gånger/dygn",kod,1993-01-20T05:00:00Z,1993-01-20T06:00:00+01:00,727506000000,,71,71,Y,,corrected-archive-csv
162860,Luleå-Kallax Flygplats,13,Rådande väder,"momentanvärde, 1 gång/tim resp 8 gånger/dygn",kod,1993-01-20T06:00:00Z,1993-01-20T07:00:00+01:00,727509600000,,71,71,G,,corrected-archive-csv
162860,Luleå-Kallax Flygplats,13,Rådande väder,"momentanvärde, 1 gång/tim resp 8 gånger/dygn",kod,1993-01-20T09:00:00Z,1993-01-20T10:00:00+01:00,727520400000,,0,0,G,,corrected-archive-csv
162860,Luleå-Kallax Flygplats,13,Rådande väder,"momentanvärde, 1 gång/tim resp 8 gånger/dygn",kod,1993-01-20T12:00:00Z,1993-01-20T13:00:00+01:00,727531200000,,0,0,G,,corrected-archive-csv
162860,Luleå-Kallax Flygplats,13,Rådande väder,"momentanvärde, 1 gång/tim resp 8 gånger/dygn",kod,1993-01-20T15:00:00Z,1993-01-20T16:00:00+01:00,727542000000,,0,0,G,,corrected-archive-csv
162860,Luleå-Kallax Flygplats,13,Rådande väder,"momentanvärde, 1 gång/tim resp 8 gånger/dygn",kod,1993-01-20T18:00:00Z,1993-01-20T19:00:00+01:00,727552800000,,0,0,G,,corrected-archive-csv
162860,Luleå-Kallax Flygplats,13,Rådande väder,"momentanvärde, 1 gång/tim resp 8 gånger/dygn",kod,1993-01-20T21:00:00Z,1993-01-20T22:00:00+01:00,727563600000,,0,0,G,,corrected-archive-csv
162860,Luleå-Kallax Flygplats,13,Rådande väder,"momentanvärde, 1 gång/tim resp 8 gånger/dygn",kod,1993-01-20T23:00:00Z,1993-01-21T00:00:00+01:00,727570800000,,71,71,Y,,corrected-archive-csv
162860,Luleå-Kallax Flygplats,13,Rådande väder,"momentanvärde, 1 gång/tim resp 8 gånger/dygn",kod,1993-01-21T00:00:00Z,1993-01-21T01:00:00+01:00,727574400000,,71,71,G,,corrected-archive-csv
162860,Luleå-Kallax Flygplats,13,Rådande väder,"momentanvärde, 1 gång/tim resp 8 gånger/dygn",kod,1993-01-21T01:00:00Z,1993-01-21T02:00:00+01:00,727578000000,,71,71,Y,,corrected-archive-csv
162860,Luleå-Kallax Flygplats,13,Rådande väder,"momentanvärde, 1 gång/tim resp 8 gånger/dygn",kod,1993-01-21T02:00:00Z,1993-01-21T03:00:00+01:00,727581600000,,22,22,Y,,corrected-archive-csv
162860,Luleå-Kallax Flygplats,13,Rådande väder,"momentanvärde, 1 gång/tim resp 8 gånger/dygn",kod,1993-01-21T03:00:00Z,1993-01-21T04:00:00+01:00,727585200000,,71,71,G,,corrected-archive-csv
162860,Luleå-Kallax Flygplats,13,Rådande väder,"momentanvärde, 1 gång/tim resp 8 gånger/dygn",kod,1993-01-21T04:00:00Z,1993-01-21T05:00:00+01:00,727588800000,,71,71,Y,,corrected-archive-csv
162860,Luleå-Kallax Flygplats,13,Rådande väder,"momentanvärde, 1 gång/tim resp 8 gånger/dygn",kod,1993-01-21T05:00:00Z,1993-01-21T06:00:00+01:00,727592400000,,22,22,Y,,corrected-archive-csv
162860,Luleå-Kallax Flygplats,13,Rådande väder,"momentanvärde, 1 gång/tim resp 8 gånger/dygn",kod,1993-01-21T06:00:00Z,1993-01-21T07:00:00+01:00,727596000000,,71,71,G,,corrected-archive-csv
162860,Luleå-Kallax Flygplats,13,Rådande väder,"momentanvärde, 1 gång/tim resp 8 gånger/dygn",kod,1993-01-21T07:00:00Z,1993-01-21T08:00:00+01:00,727599600000,,68,68,Y,,corrected-archive-csv
162860,Luleå-Kallax Flygplats,13,Rådande väder,"momentanvärde, 1 gång/tim resp 8 gånger/dygn",kod,1993-01-21T08:00:00Z,1993-01-21T09:00:00+01:00,727603200000,,47,47,Y,,corrected-archive-csv
162860,Luleå-Kallax Flygplats,13,Rådande väder,"momentanvärde, 1 gång/tim resp 8 gånger/dygn",kod,1993-01-21T09:00:00Z,1993-01-21T10:00:00+01:00,727606800000,,51,51,G,,corrected-archive-csv
162860,Luleå-Kallax Flygplats,13,Rådande väder,"momentanvärde, 1 gång/tim resp 8 gånger/dygn",kod,1993-01-21T10:00:00Z,1993-01-21T11:00:00+01:00,727610400000,,71,71,Y,,corrected-archive-csv
162860,Luleå-Kallax Flygplats,13,Rådande väder,"momentanvärde, 1 gång/tim resp 8 gånger/dygn",kod,1993-01-21T11:00:00Z,1993-01-21T12:00:00+01:00,727614000000,,71,71,Y,,corrected-archive-csv
162860,Luleå-Kallax Flygplats,13,Rådande väder,"momentanvärde, 1 gång/tim resp 8 gånger/dygn",kod,1993-01-21T12:00:00Z,1993-01-21T13:00:00+01:00,727617600000,,73,73,G,,corrected-archive-csv
162860,Luleå-Kallax Flygplats,13,Rådande väder,"momentanvärde, 1 gång/tim resp 8 gånger/dygn",kod,1993-01-21T13:00:00Z,1993-01-21T14:00:00+01:00,727621200000,,73,73,Y,,corrected-archive-csv
162860,Luleå-Kallax Flygplats,13,Rådande väder,"momentanvärde, 1 gång/tim resp 8 gånger/dygn",kod,1993-01-21T14:00:00Z,1993-01-21T15:00:00+01:00,727624800000,,73,73,Y,,corrected-archive-csv
162860,Luleå-Kallax Flygplats,13,Rådande väder,"momentanvärde, 1 gång/tim resp 8 gånger/dygn",kod,1993-01-21T15:00:00Z,1993-01-21T16:00:00+01:00,727628400000,,71,71,G,,corrected-archive-csv
162860,Luleå-Kallax Flygplats,13,Rådande väder,"momentanvärde, 1 gång/tim resp 8 gånger/dygn",kod,1993-01-21T16:00:00Z,1993-01-21T17:00:00+01:00,727632000000,,71,71,Y,,corrected-archive-csv
162860,Luleå-Kallax Flygplats,13,Rådande väder,"momentanvärde, 1 gång/tim resp 8 gånger/dygn",kod,1993-01-21T17:00:00Z,1993-01-21T18:00:00+01:00,727635600000,,71,71,Y,,corrected-archive-csv
162860,Luleå-Kallax Flygplats,13,Rådande väder,"momentanvärde, 1 gång/tim resp 8 gånger/dygn",kod,1993-01-21T18:00:00Z,1993-01-21T19:00:00+01:00,727639200000,,22,22,G,,corrected-archive-csv
162860,Luleå-Kallax Flygplats,13,Rådande väder,"momentanvärde, 1 gång/tim resp 8 gånger/dygn",kod,1993-01-21T19:00:00Z,1993-01-21T20:00:00+01:00,727642800000,,47,47,Y,,corrected-archive-csv
162860,Luleå-Kallax Flygplats,13,Rådande väder,"momentanvärde, 1 gång/tim resp 8 gånger/dygn",kod,1993-01-21T20:00:00Z,1993-01-21T21:00:00+01:00,727646400000,,43,43,Y,,corrected-archive-csv
162860,Luleå-Kallax Flygplats,13,Rådande väder,"momentanvärde, 1 gång/tim resp 8 gånger/dygn",kod,1993-01-21T21:00:00Z,1993-01-21T22:00:00+01:00,727650000000,,10,10,G,,corrected-archive-csv
162860,Luleå-Kallax Flygplats,13,Rådande väder,"momentanvärde, 1 gång/tim resp 8 gånger/dygn",kod,1993-01-21T22:00:00Z,1993-01-21T23:00:00+01:00,727653600000,,2,2,Y,,corrected-archive-csv
162860,Luleå-Kallax Flygplats,13,Rådande väder,"momentanvärde, 1 gång/tim resp 8 gånger/dygn",kod,1993-01-21T23:00:00Z,1993-01-22T00:00:00+01:00,727657200000,,2,2,Y,,corrected-archive-csv
162860,Luleå-Kallax Flygplats,13,Rådande väder,"momentanvärde, 1 gång/tim resp 8 gånger/dygn",kod,1993-01-22T00:00:00Z,1993-01-22T01:00:00+01:00,727660800000,,0,0,G,,corrected-archive-csv
162860,Luleå-Kallax Flygplats,13,Rådande väder,"momentanvärde, 1 gång/tim resp 8 gånger/dygn",kod,1993-01-22T03:00:00Z,1993-01-22T04:00:00+01:00,727671600000,,0,0,G,,corrected-archive-csv
162860,Luleå-Kallax Flygplats,13,Rådande väder,"momentanvärde, 1 gång/tim resp 8 gånger/dygn",kod,1993-01-22T05:00:00Z,1993-01-22T06:00:00+01:00,727678800000,,40,40,Y,,corrected-archive-csv
162860,Luleå-Kallax Flygplats,13,Rådande väder,"momentanvärde, 1 gång/tim resp 8 gånger/dygn",kod,1993-01-22T06:00:00Z,1993-01-22T07:00:00+01:00,727682400000,,3,3,G,,corrected-archive-csv
162860,Luleå-Kallax Flygplats,13,Rådande väder,"momentanvärde, 1 gång/tim resp 8 gånger/dygn",kod,1993-01-22T08:00:00Z,1993-01-22T09:00:00+01:00,727689600000,,10,10,Y,,corrected-archive-csv
162860,Luleå-Kallax Flygplats,13,Rådande väder,"momentanvärde, 1 gång/tim resp 8 gånger/dygn",kod,1993-01-22T09:00:00Z,1993-01-22T10:00:00+01:00,727693200000,,71,71,G,,corrected-archive-csv
162860,Luleå-Kallax Flygplats,13,Rådande väder,"momentanvärde, 1 gång/tim resp 8 gånger/dygn",kod,1993-01-22T10:00:00Z,1993-01-22T11:00:00+01:00,727696800000,,71,71,Y,,corrected-archive-csv
162860,Luleå-Kallax Flygplats,13,Rådande väder,"momentanvärde, 1 gång/tim resp 8 gånger/dygn",kod,1993-01-22T11:00:00Z,1993-01-22T12:00:00+01:00,727700400000,,71,71,Y,,corrected-archive-csv
162860,Luleå-Kallax Flygplats,13,Rådande väder,"momentanvärde, 1 gång/tim resp 8 gånger/dygn",kod,1993-01-22T12:00:00Z,1993-01-22T13:00:00+01:00,727704000000,,22,22,G,,corrected-archive-csv
162860,Luleå-Kallax Flygplats,13,Rådande väder,"momentanvärde, 1 gång/tim resp 8 gånger/dygn",kod,1993-01-22T15:00:00Z,1993-01-22T16:00:00+01:00,727714800000,,0,0,G,,corrected-archive-csv
162860,Luleå-Kallax Flygplats,13,Rådande väder,"momentanvärde, 1 gång/tim resp 8 gånger/dygn",kod,1993-01-22T16:00:00Z,1993-01-22T17:00:00+01:00,727718400000,,71,71,Y,,corrected-archive-csv
162860,Luleå-Kallax Flygplats,13,Rådande väder,"momentanvärde, 1 gång/tim resp 8 gånger/dygn",kod,1993-01-22T17:00:00Z,1993-01-22T18:00:00+01:00,727722000000,,22,22,Y,,corrected-archive-csv
162860,Luleå-Kallax Flygplats,13,Rådande väder,"momentanvärde, 1 gång/tim resp 8 gånger/dygn",kod,1993-01-22T18:00:00Z,1993-01-22T19:00:00+01:00,727725600000,,2,2,G,,corrected-archive-csv
162860,Luleå-Kallax Flygplats,13,Rådande väder,"momentanvärde, 1 gång/tim resp 8 gånger/dygn",kod,1993-01-22T20:00:00Z,1993-01-22T21:00:00+01:00,727732800000,,70,70,Y,,corrected-archive-csv
162860,Luleå-Kallax Flygplats,13,Rådande väder,"momentanvärde, 1 gång/tim resp 8 gånger/dygn",kod,1993-01-22T21:00:00Z,1993-01-22T22:00:00+01:00,727736400000,,71,71,G,,corrected-archive-csv
162860,Luleå-Kallax Flygplats,13,Rådande väder,"momentanvärde, 1 gång/tim resp 8 gånger/dygn",kod,1993-01-22T22:00:00Z,1993-01-22T23:00:00+01:00,727740000000,,71,71,Y,,corrected-archive-csv
162860,Luleå-Kallax Flygplats,13,Rådande väder,"momentanvärde, 1 gång/tim resp 8 gånger/dygn",kod,1993-01-22T23:00:00Z,1993-01-23T00:00:00+01:00,727743600000,,71,71,Y,,corrected-archive-csv
162860,Luleå-Kallax Flygplats,13,Rådande väder,"momentanvärde, 1 gång/tim resp 8 gånger/dygn",kod,1993-01-23T00:00:00Z,1993-01-23T01:00:00+01:00,727747200000,,2,2,G,,corrected-archive-csv
162860,Luleå-Kallax Flygplats,13,Rådande väder,"momentanvärde, 1 gång/tim resp 8 gånger/dygn",kod,1993-01-23T03:00:00Z,1993-01-23T04:00:00+01:00,727758000000,,0,0,G,,corrected-archive-csv
162860,Luleå-Kallax Flygplats,13,Rådande väder,"momentanvärde, 1 gång/tim resp 8 gånger/dygn",kod,1993-01-23T06:00:00Z,1993-01-23T07:00:00+01:00,727768800000,,0,0,G,,corrected-archive-csv
162860,Luleå-Kallax Flygplats,13,Rådande väder,"momentanvärde, 1 gång/tim resp 8 gånger/dygn",kod,1993-01-23T09:00:00Z,1993-01-23T10:00:00+01:00,727779600000,,0,0,G,,corrected-archive-csv
162860,Luleå-Kallax Flygplats,13,Rådande väder,"momentanvärde, 1 gång/tim resp 8 gånger/dygn",kod,1993-01-23T12:00:00Z,1993-01-23T13:00:00+01:00,727790400000,,0,0,G,,corrected-archive-csv
162860,Luleå-Kallax Flygplats,13,Rådande väder,"momentanvärde, 1 gång/tim resp 8 gånger/dygn",kod,1993-01-23T15:00:00Z,1993-01-23T16:00:00+01:00,727801200000,,0,0,G,,corrected-archive-csv
162860,Luleå-Kallax Flygplats,13,Rådande väder,"momentanvärde, 1 gång/tim resp 8 gånger/dygn",kod,1993-01-23T18:00:00Z,1993-01-23T19:00:00+01:00,727812000000,,0,0,G,,corrected-archive-csv
162860,Luleå-Kallax Flygplats,13,Rådande väder,"momentanvärde, 1 gång/tim resp 8 gånger/dygn",kod,1993-01-23T21:00:00Z,1993-01-23T22:00:00+01:00,727822800000,,0,0,G,,corrected-archive-csv
162860,Luleå-Kallax Flygplats,13,Rådande väder,"momentanvärde, 1 gång/tim resp 8 gånger/dygn",kod,1993-01-24T00:00:00Z,1993-01-24T01:00:00+01:00,727833600000,,0,0,G,,corrected-archive-csv
162860,Luleå-Kallax Flygplats,13,Rådande väder,"momentanvärde, 1 gång/tim resp 8 gånger/dygn",kod,1993-01-24T03:00:00Z,1993-01-24T04:00:00+01:00,727844400000,,0,0,G,,corrected-archive-csv
162860,Luleå-Kallax Flygplats,13,Rådande väder,"momentanvärde, 1 gång/tim resp 8 gånger/dygn",kod,1993-01-24T06:00:00Z,1993-01-24T07:00:00+01:00,727855200000,,0,0,G,,corrected-archive-csv
162860,Luleå-Kallax Flygplats,13,Rådande väder,"momentanvärde, 1 gång/tim resp 8 gånger/dygn",kod,1993-01-24T09:00:00Z,1993-01-24T10:00:00+01:00,727866000000,,0,0,G,,corrected-archive-csv
162860,Luleå-Kallax Flygplats,13,Rådande väder,"momentanvärde, 1 gång/tim resp 8 gånger/dygn",kod,1993-01-24T12:00:00Z,1993-01-24T13:00:00+01:00,727876800000,,0,0,G,,corrected-archive-csv
162860,Luleå-Kallax Flygplats,13,Rådande väder,"momentanvärde, 1 gång/tim resp 8 gånger/dygn",kod,1993-01-24T13:00:00Z,1993-01-24T14:00:00+01:00,727880400000,,71,71,Y,,corrected-archive-csv
162860,Luleå-Kallax Flygplats,13,Rådande väder,"momentanvärde, 1 gång/tim resp 8 gånger/dygn",kod,1993-01-24T14:00:00Z,1993-01-24T15:00:00+01:00,727884000000,,71,71,Y,,corrected-archive-csv
162860,Luleå-Kallax Flygplats,13,Rådande väder,"momentanvärde, 1 gång/tim resp 8 gånger/dygn",kod,1993-01-24T15:00:00Z,1993-01-24T16:00:00+01:00,727887600000,,71,71,G,,corrected-archive-csv
162860,Luleå-Kallax Flygplats,13,Rådande väder,"momentanvärde, 1 gång/tim resp 8 gånger/dygn",kod,1993-01-24T16:00:00Z,1993-01-24T17:00:00+01:00,727891200000,,71,71,Y,,corrected-archive-csv
162860,Luleå-Kallax Flygplats,13,Rådande väder,"momentanvärde, 1 gång/tim resp 8 gånger/dygn",kod,1993-01-24T17:00:00Z,1993-01-24T18:00:00+01:00,727894800000,,71,71,Y,,corrected-archive-csv
162860,Luleå-Kallax Flygplats,13,Rådande väder,"momentanvärde, 1 gång/tim resp 8 gånger/dygn",kod,1993-01-24T18:00:00Z,1993-01-24T19:00:00+01:00,727898400000,,71,71,G,,corrected-archive-csv
162860,Luleå-Kallax Flygplats,13,Rådande väder,"momentanvärde, 1 gång/tim resp 8 gånger/dygn",kod,1993-01-24T19:00:00Z,1993-01-24T20:00:00+01:00,727902000000,,10,10,Y,,corrected-archive-csv
162860,Luleå-Kallax Flygplats,13,Rådande väder,"momentanvärde, 1 gång/tim resp 8 gånger/dygn",kod,1993-01-24T20:00:00Z,1993-01-24T21:00:00+01:00,727905600000,,10,10,Y,,corrected-archive-csv
162860,Luleå-Kallax Flygplats,13,Rådande väder,"momentanvärde, 1 gång/tim resp 8 gånger/dygn",kod,1993-01-24T21:00:00Z,1993-01-24T22:00:00+01:00,727909200000,,10,10,G,,corrected-archive-csv
162860,Luleå-Kallax Flygplats,13,Rådande väder,"momentanvärde, 1 gång/tim resp 8 gånger/dygn",kod,1993-01-24T22:00:00Z,1993-01-24T23:00:00+01:00,727912800000,,10,10,Y,,corrected-archive-csv
162860,Luleå-Kallax Flygplats,13,Rådande väder,"momentanvärde, 1 gång/tim resp 8 gånger/dygn",kod,1993-01-24T23:00:00Z,1993-01-25T00:00:00+01:00,727916400000,,10,10,Y,,corrected-archive-csv
162860,Luleå-Kallax Flygplats,13,Rådande väder,"momentanvärde, 1 gång/tim resp 8 gånger/dygn",kod,1993-01-25T00:00:00Z,1993-01-25T01:00:00+01:00,727920000000,,71,71,G,,corrected-archive-csv
162860,Luleå-Kallax Flygplats,13,Rådande väder,"momentanvärde, 1 gång/tim resp 8 gånger/dygn",kod,1993-01-25T01:00:00Z,1993-01-25T02:00:00+01:00,727923600000,,10,10,Y,,corrected-archive-csv
162860,Luleå-Kallax Flygplats,13,Rådande väder,"momentanvärde, 1 gång/tim resp 8 gånger/dygn",kod,1993-01-25T02:00:00Z,1993-01-25T03:00:00+01:00,727927200000,,10,10,Y,,corrected-archive-csv
162860,Luleå-Kallax Flygplats,13,Rådande väder,"momentanvärde, 1 gång/tim resp 8 gånger/dygn",kod,1993-01-25T03:00:00Z,1993-01-25T04:00:00+01:00,727930800000,,1,1,G,,corrected-archive-csv
162860,Luleå-Kallax Flygplats,13,Rådande väder,"momentanvärde, 1 gång/tim resp 8 gånger/dygn",kod,1993-01-25T04:00:00Z,1993-01-25T05:00:00+01:00,727934400000,,3,3,Y,,corrected-archive-csv
162860,Luleå-Kallax Flygplats,13,Rådande väder,"momentanvärde, 1 gång/tim resp 8 gånger/dygn",kod,1993-01-25T06:00:00Z,1993-01-25T07:00:00+01:00,727941600000,,1,1,G,,corrected-archive-csv
162860,Luleå-Kallax Flygplats,13,Rådande väder,"momentanvärde, 1 gång/tim resp 8 gånger/dygn",kod,1993-01-25T09:00:00Z,1993-01-25T10:00:00+01:00,727952400000,,40,40,G,,corrected-archive-csv
162860,Luleå-Kallax Flygplats,13,Rådande väder,"momentanvärde, 1 gång/tim resp 8 gånger/dygn",kod,1993-01-25T10:00:00Z,1993-01-25T11:00:00+01:00,727956000000,,28,28,Y,,corrected-archive-csv
162860,Luleå-Kallax Flygplats,13,Rådande väder,"momentanvärde, 1 gång/tim resp 8 gånger/dygn",kod,1993-01-25T12:00:00Z,1993-01-25T13:00:00+01:00,727963200000,,0,0,G,,corrected-archive-csv
162860,Luleå-Kallax Flygplats,13,Rådande väder,"momentanvärde, 1 gång/tim resp 8 gånger/dygn",kod,1993-01-25T15:00:00Z,1993-01-25T16:00:00+01:00,727974000000,,0,0,G,,corrected-archive-csv
162860,Luleå-Kallax Flygplats,13,Rådande väder,"momentanvärde, 1 gång/tim resp 8 gånger/dygn",kod,1993-01-25T18:00:00Z,1993-01-25T19:00:00+01:00,727984800000,,0,0,G,,corrected-archive-csv
162860,Luleå-Kallax Flygplats,13,Rådande väder,"momentanvärde, 1 gång/tim resp 8 gånger/dygn",kod,1993-01-25T20:00:00Z,1993-01-25T21:00:00+01:00,727992000000,,77,77,Y,,corrected-archive-csv
162860,Luleå-Kallax Flygplats,13,Rådande väder,"momentanvärde, 1 gång/tim resp 8 gånger/dygn",kod,1993-01-25T21:00:00Z,1993-01-25T22:00:00+01:00,727995600000,,22,22,G,,corrected-archive-csv
162860,Luleå-Kallax Flygplats,13,Rådande väder,"momentanvärde, 1 gång/tim resp 8 gånger/dygn",kod,1993-01-25T22:00:00Z,1993-01-25T23:00:00+01:00,727999200000,,2,2,Y,,corrected-archive-csv
162860,Luleå-Kallax Flygplats,13,Rådande väder,"momentanvärde, 1 gång/tim resp 8 gånger/dygn",kod,1993-01-25T23:00:00Z,1993-01-26T00:00:00+01:00,728002800000,,2,2,Y,,corrected-archive-csv
162860,Luleå-Kallax Flygplats,13,Rådande väder,"momentanvärde, 1 gång/tim resp 8 gånger/dygn",kod,1993-01-26T00:00:00Z,1993-01-26T01:00:00+01:00,728006400000,,1,1,G,,corrected-archive-csv
162860,Luleå-Kallax Flygplats,13,Rådande väder,"momentanvärde, 1 gång/tim resp 8 gånger/dygn",kod,1993-01-26T03:00:00Z,1993-01-26T04:00:00+01:00,728017200000,,0,0,G,,corrected-archive-csv
162860,Luleå-Kallax Flygplats,13,Rådande väder,"momentanvärde, 1 gång/tim resp 8 gånger/dygn",kod,1993-01-26T06:00:00Z,1993-01-26T07:00:00+01:00,728028000000,,0,0,G,,corrected-archive-csv
162860,Luleå-Kallax Flygplats,13,Rådande väder,"momentanvärde, 1 gång/tim resp 8 gånger/dygn",kod,1993-01-26T09:00:00Z,1993-01-26T10:00:00+01:00,728038800000,,0,0,G,,corrected-archive-csv
162860,Luleå-Kallax Flygplats,13,Rådande väder,"momentanvärde, 1 gång/tim resp 8 gånger/dygn",kod,1993-01-26T12:00:00Z,1993-01-26T13:00:00+01:00,728049600000,,0,0,G,,corrected-archive-csv
162860,Luleå-Kallax Flygplats,13,Rådande väder,"momentanvärde, 1 gång/tim resp 8 gånger/dygn",kod,1993-01-26T15:00:00Z,1993-01-26T16:00:00+01:00,728060400000,,0,0,G,,corrected-archive-csv
162860,Luleå-Kallax Flygplats,13,Rådande väder,"momentanvärde, 1 gång/tim resp 8 gånger/dygn",kod,1993-01-26T16:00:00Z,1993-01-26T17:00:00+01:00,728064000000,,71,71,Y,,corrected-archive-csv
162860,Luleå-Kallax Flygplats,13,Rådande väder,"momentanvärde, 1 gång/tim resp 8 gånger/dygn",kod,1993-01-26T17:00:00Z,1993-01-26T18:00:00+01:00,728067600000,,22,22,Y,,corrected-archive-csv
162860,Luleå-Kallax Flygplats,13,Rådande väder,"momentanvärde, 1 gång/tim resp 8 gånger/dygn",kod,1993-01-26T18:00:00Z,1993-01-26T19:00:00+01:00,728071200000,,2,2,G,,corrected-archive-csv
162860,Luleå-Kallax Flygplats,13,Rådande väder,"momentanvärde, 1 gång/tim resp 8 gånger/dygn",kod,1993-01-26T21:00:00Z,1993-01-26T22:00:00+01:00,728082000000,,0,0,G,,corrected-archive-csv
162860,Luleå-Kallax Flygplats,13,Rådande väder,"momentanvärde, 1 gång/tim resp 8 gånger/dygn",kod,1993-01-27T00:00:00Z,1993-01-27T01:00:00+01:00,728092800000,,0,0,G,,corrected-archive-csv
162860,Luleå-Kallax Flygplats,13,Rådande väder,"momentanvärde, 1 gång/tim resp 8 gånger/dygn",kod,1993-01-27T03:00:00Z,1993-01-27T04:00:00+01:00,728103600000,,0,0,G,,corrected-archive-csv
162860,Luleå-Kallax Flygplats,13,Rådande väder,"momentanvärde, 1 gång/tim resp 8 gånger/dygn",kod,1993-01-27T06:00:00Z,1993-01-27T07:00:00+01:00,728114400000,,0,0,G,,corrected-archive-csv
162860,Luleå-Kallax Flygplats,13,Rådande väder,"momentanvärde, 1 gång/tim resp 8 gånger/dygn",kod,1993-01-27T09:00:00Z,1993-01-27T10:00:00+01:00,728125200000,,0,0,G,,corrected-archive-csv
162860,Luleå-Kallax Flygplats,13,Rådande väder,"momentanvärde, 1 gång/tim resp 8 gånger/dygn",kod,1993-01-27T12:00:00Z,1993-01-27T13:00:00+01:00,728136000000,,71,71,G,,corrected-archive-csv
162860,Luleå-Kallax Flygplats,13,Rådande väder,"momentanvärde, 1 gång/tim resp 8 gånger/dygn",kod,1993-01-27T13:00:00Z,1993-01-27T14:00:00+01:00,728139600000,,71,71,Y,,corrected-archive-csv
162860,Luleå-Kallax Flygplats,13,Rådande väder,"momentanvärde, 1 gång/tim resp 8 gånger/dygn",kod,1993-01-27T14:00:00Z,1993-01-27T15:00:00+01:00,728143200000,,22,22,Y,,corrected-archive-csv
162860,Luleå-Kallax Flygplats,13,Rådande väder,"momentanvärde, 1 gång/tim resp 8 gånger/dygn",kod,1993-01-27T15:00:00Z,1993-01-27T16:00:00+01:00,728146800000,,1,1,G,,corrected-archive-csv
162860,Luleå-Kallax Flygplats,13,Rådande väder,"momentanvärde, 1 gång/tim resp 8 gånger/dygn",kod,1993-01-27T16:00:00Z,1993-01-27T17:00:00+01:00,728150400000,,1,1,Y,,corrected-archive-csv
162860,Luleå-Kallax Flygplats,13,Rådande väder,"momentanvärde, 1 gång/tim resp 8 gånger/dygn",kod,1993-01-27T17:00:00Z,1993-01-27T18:00:00+01:00,728154000000,,1,1,Y,,corrected-archive-csv
162860,Luleå-Kallax Flygplats,13,Rådande väder,"momentanvärde, 1 gång/tim resp 8 gånger/dygn",kod,1993-01-27T18:00:00Z,1993-01-27T19:00:00+01:00,728157600000,,1,1,G,,corrected-archive-csv
162860,Luleå-Kallax Flygplats,13,Rådande väder,"momentanvärde, 1 gång/tim resp 8 gånger/dygn",kod,1993-01-27T21:00:00Z,1993-01-27T22:00:00+01:00,728168400000,,0,0,G,,corrected-archive-csv
162860,Luleå-Kallax Flygplats,13,Rådande väder,"momentanvärde, 1 gång/tim resp 8 gånger/dygn",kod,1993-01-27T23:00:00Z,1993-01-28T00:00:00+01:00,728175600000,,71,71,Y,,corrected-archive-csv
162860,Luleå-Kallax Flygplats,13,Rådande väder,"momentanvärde, 1 gång/tim resp 8 gånger/dygn",kod,1993-01-28T00:00:00Z,1993-01-28T01:00:00+01:00,728179200000,,71,71,G,,corrected-archive-csv
162860,Luleå-Kallax Flygplats,13,Rådande väder,"momentanvärde, 1 gång/tim resp 8 gånger/dygn",kod,1993-01-28T01:00:00Z,1993-01-28T02:00:00+01:00,728182800000,,71,71,Y,,corrected-archive-csv
162860,Luleå-Kallax Flygplats,13,Rådande väder,"momentanvärde, 1 gång/tim resp 8 gånger/dygn",kod,1993-01-28T02:00:00Z,1993-01-28T03:00:00+01:00,728186400000,,71,71,Y,,corrected-archive-csv
162860,Luleå-Kallax Flygplats,13,Rådande väder,"momentanvärde, 1 gång/tim resp 8 gånger/dygn",kod,1993-01-28T03:00:00Z,1993-01-28T04:00:00+01:00,728190000000,,71,71,G,,corrected-archive-csv
162860,Luleå-Kallax Flygplats,13,Rådande väder,"momentanvärde, 1 gång/tim resp 8 gånger/dygn",kod,1993-01-28T04:00:00Z,1993-01-28T05:00:00+01:00,728193600000,,22,22,Y,,corrected-archive-csv
162860,Luleå-Kallax Flygplats,13,Rådande väder,"momentanvärde, 1 gång/tim resp 8 gånger/dygn",kod,1993-01-28T05:00:00Z,1993-01-28T06:00:00+01:00,728197200000,,71,71,Y,,corrected-archive-csv
162860,Luleå-Kallax Flygplats,13,Rådande väder,"momentanvärde, 1 gång/tim resp 8 gånger/dygn",kod,1993-01-28T06:00:00Z,1993-01-28T07:00:00+01:00,728200800000,,22,22,G,,corrected-archive-csv
162860,Luleå-Kallax Flygplats,13,Rådande väder,"momentanvärde, 1 gång/tim resp 8 gånger/dygn",kod,1993-01-28T07:00:00Z,1993-01-28T08:00:00+01:00,728204400000,,22,22,Y,,corrected-archive-csv
162860,Luleå-Kallax Flygplats,13,Rådande väder,"momentanvärde, 1 gång/tim resp 8 gånger/dygn",kod,1993-01-28T08:00:00Z,1993-01-28T09:00:00+01:00,728208000000,,3,3,Y,,corrected-archive-csv
162860,Luleå-Kallax Flygplats,13,Rådande väder,"momentanvärde, 1 gång/tim resp 8 gånger/dygn",kod,1993-01-28T09:00:00Z,1993-01-28T10:00:00+01:00,728211600000,,71,71,G,,corrected-archive-csv
162860,Luleå-Kallax Flygplats,13,Rådande väder,"momentanvärde, 1 gång/tim resp 8 gånger/dygn",kod,1993-01-28T10:00:00Z,1993-01-28T11:00:00+01:00,728215200000,,22,22,Y,,corrected-archive-csv
162860,Luleå-Kallax Flygplats,13,Rådande väder,"momentanvärde, 1 gång/tim resp 8 gånger/dygn",kod,1993-01-28T11:00:00Z,1993-01-28T12:00:00+01:00,728218800000,,1,1,Y,,corrected-archive-csv
162860,Luleå-Kallax Flygplats,13,Rådande väder,"momentanvärde, 1 gång/tim resp 8 gånger/dygn",kod,1993-01-28T12:00:00Z,1993-01-28T13:00:00+01:00,728222400000,,1,1,G,,corrected-archive-csv
162860,Luleå-Kallax Flygplats,13,Rådande väder,"momentanvärde, 1 gång/tim resp 8 gånger/dygn",kod,1993-01-28T15:00:00Z,1993-01-28T16:00:00+01:00,728233200000,,0,0,G,,corrected-archive-csv
162860,Luleå-Kallax Flygplats,13,Rådande väder,"momentanvärde, 1 gång/tim resp 8 gånger/dygn",kod,1993-01-28T18:00:00Z,1993-01-28T19:00:00+01:00,728244000000,,0,0,G,,corrected-archive-csv
162860,Luleå-Kallax Flygplats,13,Rådande väder,"momentanvärde, 1 gång/tim resp 8 gånger/dygn",kod,1993-01-28T21:00:00Z,1993-01-28T22:00:00+01:00,728254800000,,0,0,G,,corrected-archive-csv
162860,Luleå-Kallax Flygplats,13,Rådande väder,"momentanvärde, 1 gång/tim resp 8 gånger/dygn",kod,1993-01-29T00:00:00Z,1993-01-29T01:00:00+01:00,728265600000,,0,0,G,,corrected-archive-csv
162860,Luleå-Kallax Flygplats,13,Rådande väder,"momentanvärde, 1 gång/tim resp 8 gånger/dygn",kod,1993-01-29T03:00:00Z,1993-01-29T04:00:00+01:00,728276400000,,0,0,G,,corrected-archive-csv
162860,Luleå-Kallax Flygplats,13,Rådande väder,"momentanvärde, 1 gång/tim resp 8 gånger/dygn",kod,1993-01-29T06:00:00Z,1993-01-29T07:00:00+01:00,728287200000,,0,0,G,,corrected-archive-csv
162860,Luleå-Kallax Flygplats,13,Rådande väder,"momentanvärde, 1 gång/tim resp 8 gånger/dygn",kod,1993-01-29T09:00:00Z,1993-01-29T10:00:00+01:00,728298000000,,0,0,G,,corrected-archive-csv
162860,Luleå-Kallax Flygplats,13,Rådande väder,"momentanvärde, 1 gång/tim resp 8 gånger/dygn",kod,1993-01-29T12:00:00Z,1993-01-29T13:00:00+01:00,728308800000,,0,0,G,,corrected-archive-csv
162860,Luleå-Kallax Flygplats,13,Rådande väder,"momentanvärde, 1 gång/tim resp 8 gånger/dygn",kod,1993-01-29T15:00:00Z,1993-01-29T16:00:00+01:00,728319600000,,0,0,G,,corrected-archive-csv
162860,Luleå-Kallax Flygplats,13,Rådande väder,"momentanvärde, 1 gång/tim resp 8 gånger/dygn",kod,1993-01-29T18:00:00Z,1993-01-29T19:00:00+01:00,728330400000,,0,0,G,,corrected-archive-csv
162860,Luleå-Kallax Flygplats,13,Rådande väder,"momentanvärde, 1 gång/tim resp 8 gånger/dygn",kod,1993-01-29T21:00:00Z,1993-01-29T22:00:00+01:00,728341200000,,0,0,G,,corrected-archive-csv
162860,Luleå-Kallax Flygplats,13,Rådande väder,"momentanvärde, 1 gång/tim resp 8 gånger/dygn",kod,1993-01-30T00:00:00Z,1993-01-30T01:00:00+01:00,728352000000,,0,0,G,,corrected-archive-csv
162860,Luleå-Kallax Flygplats,13,Rådande väder,"momentanvärde, 1 gång/tim resp 8 gånger/dygn",kod,1993-01-30T03:00:00Z,1993-01-30T04:00:00+01:00,728362800000,,0,0,G,,corrected-archive-csv
162860,Luleå-Kallax Flygplats,13,Rådande väder,"momentanvärde, 1 gång/tim resp 8 gånger/dygn",kod,1993-01-30T06:00:00Z,1993-01-30T07:00:00+01:00,728373600000,,0,0,G,,corrected-archive-csv
162860,Luleå-Kallax Flygplats,13,Rådande väder,"momentanvärde, 1 gång/tim resp 8 gånger/dygn",kod,1993-01-30T09:00:00Z,1993-01-30T10:00:00+01:00,728384400000,,0,0,G,,corrected-archive-csv
162860,Luleå-Kallax Flygplats,13,Rådande väder,"momentanvärde, 1 gång/tim resp 8 gånger/dygn",kod,1993-01-30T12:00:00Z,1993-01-30T13:00:00+01:00,728395200000,,0,0,G,,corrected-archive-csv
162860,Luleå-Kallax Flygplats,13,Rådande väder,"momentanvärde, 1 gång/tim resp 8 gånger/dygn",kod,1993-01-30T15:00:00Z,1993-01-30T16:00:00+01:00,728406000000,,0,0,G,,corrected-archive-csv
162860,Luleå-Kallax Flygplats,13,Rådande väder,"momentanvärde, 1 gång/tim resp 8 gånger/dygn",kod,1993-01-30T18:00:00Z,1993-01-30T19:00:00+01:00,728416800000,,0,0,G,,corrected-archive-csv
162860,Luleå-Kallax Flygplats,13,Rådande väder,"momentanvärde, 1 gång/tim resp 8 gånger/dygn",kod,1993-01-30T21:00:00Z,1993-01-30T22:00:00+01:00,728427600000,,0,0,G,,corrected-archive-csv
162860,Luleå-Kallax Flygplats,13,Rådande väder,"momentanvärde, 1 gång/tim resp 8 gånger/dygn",kod,1993-01-31T00:00:00Z,1993-01-31T01:00:00+01:00,728438400000,,0,0,G,,corrected-archive-csv
162860,Luleå-Kallax Flygplats,13,Rådande väder,"momentanvärde, 1 gång/tim resp 8 gånger/dygn",kod,1993-01-31T03:00:00Z,1993-01-31T04:00:00+01:00,728449200000,,0,0,G,,corrected-archive-csv
162860,Luleå-Kallax Flygplats,13,Rådande väder,"momentanvärde, 1 gång/tim resp 8 gånger/dygn",kod,1993-01-31T06:00:00Z,1993-01-31T07:00:00+01:00,728460000000,,0,0,G,,corrected-archive-csv
162860,Luleå-Kallax Flygplats,13,Rådande väder,"momentanvärde, 1 gång/tim resp 8 gånger/dygn",kod,1993-01-31T09:00:00Z,1993-01-31T10:00:00+01:00,728470800000,,0,0,G,,corrected-archive-csv
162860,Luleå-Kallax Flygplats,13,Rådande väder,"momentanvärde, 1 gång/tim resp 8 gånger/dygn",kod,1993-01-31T12:00:00Z,1993-01-31T13:00:00+01:00,728481600000,,0,0,G,,corrected-archive-csv
162860,Luleå-Kallax Flygplats,13,Rådande väder,"momentanvärde, 1 gång/tim resp 8 gånger/dygn",kod,1993-01-31T15:00:00Z,1993-01-31T16:00:00+01:00,728492400000,,0,0,G,,corrected-archive-csv
162860,Luleå-Kallax Flygplats,13,Rådande väder,"momentanvärde, 1 gång/tim resp 8 gånger/dygn",kod,1993-01-31T18:00:00Z,1993-01-31T19:00:00+01:00,728503200000,,0,0,G,,corrected-archive-csv
162860,Luleå-Kallax Flygplats,13,Rådande väder,"momentanvärde, 1 gång/tim resp 8 gånger/dygn",kod,1993-01-31T21:00:00Z,1993-01-31T22:00:00+01:00,728514000000,,0,0,G,,corrected-archive-csv
162860,Luleå-Kallax Flygplats,13,Rådande väder,"momentanvärde, 1 gång/tim resp 8 gånger/dygn",kod,1993-02-01T00:00:00Z,1993-02-01T01:00:00+01:00,728524800000,,0,0,G,,corrected-archive-csv
162860,Luleå-Kallax Flygplats,13,Rådande väder,"momentanvärde, 1 gång/tim resp 8 gånger/dygn",kod,1993-02-01T03:00:00Z,1993-02-01T04:00:00+01:00,728535600000,,0,0,G,,corrected-archive-csv
162860,Luleå-Kallax Flygplats,13,Rådande väder,"momentanvärde, 1 gång/tim resp 8 gånger/dygn",kod,1993-02-01T06:00:00Z,1993-02-01T07:00:00+01:00,728546400000,,0,0,G,,corrected-archive-csv
162860,Luleå-Kallax Flygplats,13,Rådande väder,"momentanvärde, 1 gång/tim resp 8 gånger/dygn",kod,1993-02-01T09:00:00Z,1993-02-01T10:00:00+01:00,728557200000,,0,0,G,,corrected-archive-csv
162860,Luleå-Kallax Flygplats,13,Rådande väder,"momentanvärde, 1 gång/tim resp 8 gånger/dygn",kod,1993-02-01T12:00:00Z,1993-02-01T13:00:00+01:00,728568000000,,0,0,G,,corrected-archive-csv
162860,Luleå-Kallax Flygplats,13,Rådande väder,"momentanvärde, 1 gång/tim resp 8 gånger/dygn",kod,1993-02-01T15:00:00Z,1993-02-01T16:00:00+01:00,728578800000,,0,0,G,,corrected-archive-csv
162860,Luleå-Kallax Flygplats,13,Rådande väder,"momentanvärde, 1 gång/tim resp 8 gånger/dygn",kod,1993-02-01T18:00:00Z,1993-02-01T19:00:00+01:00,728589600000,,0,0,G,,corrected-archive-csv
162860,Luleå-Kallax Flygplats,13,Rådande väder,"momentanvärde, 1 gång/tim resp 8 gånger/dygn",kod,1993-02-01T21:00:00Z,1993-02-01T22:00:00+01:00,728600400000,,0,0,G,,corrected-archive-csv
162860,Luleå-Kallax Flygplats,13,Rådande väder,"momentanvärde, 1 gång/tim resp 8 gånger/dygn",kod,1993-02-02T00:00:00Z,1993-02-02T01:00:00+01:00,728611200000,,0,0,G,,corrected-archive-csv
162860,Luleå-Kallax Flygplats,13,Rådande väder,"momentanvärde, 1 gång/tim resp 8 gånger/dygn",kod,1993-02-02T03:00:00Z,1993-02-02T04:00:00+01:00,728622000000,,0,0,G,,corrected-archive-csv
162860,Luleå-Kallax Flygplats,13,Rådande väder,"momentanvärde, 1 gång/tim resp 8 gånger/dygn",kod,1993-02-02T06:00:00Z,1993-02-02T07:00:00+01:00,728632800000,,0,0,G,,corrected-archive-csv
162860,Luleå-Kallax Flygplats,13,Rådande väder,"momentanvärde, 1 gång/tim resp 8 gånger/dygn",kod,1993-02-02T09:00:00Z,1993-02-02T10:00:00+01:00,728643600000,,0,0,G,,corrected-archive-csv
162860,Luleå-Kallax Flygplats,13,Rådande väder,"momentanvärde, 1 gång/tim resp 8 gånger/dygn",kod,1993-02-02T12:00:00Z,1993-02-02T13:00:00+01:00,728654400000,,0,0,G,,corrected-archive-csv
162860,Luleå-Kallax Flygplats,13,Rådande väder,"momentanvärde, 1 gång/tim resp 8 gånger/dygn",kod,1993-02-02T15:00:00Z,1993-02-02T16:00:00+01:00,728665200000,,0,0,G,,corrected-archive-csv
162860,Luleå-Kallax Flygplats,13,Rådande väder,"momentanvärde, 1 gång/tim resp 8 gånger/dygn",kod,1993-02-02T18:00:00Z,1993-02-02T19:00:00+01:00,728676000000,,0,0,G,,corrected-archive-csv
162860,Luleå-Kallax Flygplats,13,Rådande väder,"momentanvärde, 1 gång/tim resp 8 gånger/dygn",kod,1993-02-02T21:00:00Z,1993-02-02T22:00:00+01:00,728686800000,,0,0,G,,corrected-archive-csv
162860,Luleå-Kallax Flygplats,13,Rådande väder,"momentanvärde, 1 gång/tim resp 8 gånger/dygn",kod,1993-02-03T00:00:00Z,1993-02-03T01:00:00+01:00,728697600000,,0,0,G,,corrected-archive-csv
162860,Luleå-Kallax Flygplats,13,Rådande väder,"momentanvärde, 1 gång/tim resp 8 gånger/dygn",kod,1993-02-03T03:00:00Z,1993-02-03T04:00:00+01:00,728708400000,,0,0,G,,corrected-archive-csv
162860,Luleå-Kallax Flygplats,13,Rådande väder,"momentanvärde, 1 gång/tim resp 8 gånger/dygn",kod,1993-02-03T06:00:00Z,1993-02-03T07:00:00+01:00,728719200000,,0,0,G,,corrected-archive-csv
162860,Luleå-Kallax Flygplats,13,Rådande väder,"momentanvärde, 1 gång/tim resp 8 gånger/dygn",kod,1993-02-03T09:00:00Z,1993-02-03T10:00:00+01:00,728730000000,,0,0,G,,corrected-archive-csv
162860,Luleå-Kallax Flygplats,13,Rådande väder,"momentanvärde, 1 gång/tim resp 8 gånger/dygn",kod,1993-02-03T10:00:00Z,1993-02-03T11:00:00+01:00,728733600000,,22,22,Y,,corrected-archive-csv
162860,Luleå-Kallax Flygplats,13,Rådande väder,"momentanvärde, 1 gång/tim resp 8 gånger/dygn",kod,1993-02-03T11:00:00Z,1993-02-03T12:00:00+01:00,728737200000,,2,2,Y,,corrected-archive-csv
162860,Luleå-Kallax Flygplats,13,Rådande väder,"momentanvärde, 1 gång/tim resp 8 gånger/dygn",kod,1993-02-03T12:00:00Z,1993-02-03T13:00:00+01:00,728740800000,,0,0,G,,corrected-archive-csv
162860,Luleå-Kallax Flygplats,13,Rådande väder,"momentanvärde, 1 gång/tim resp 8 gånger/dygn",kod,1993-02-03T15:00:00Z,1993-02-03T16:00:00+01:00,728751600000,,0,0,G,,corrected-archive-csv
162860,Luleå-Kallax Flygplats,13,Rådande väder,"momentanvärde, 1 gång/tim resp 8 gånger/dygn",kod,1993-02-03T18:00:00Z,1993-02-03T19:00:00+01:00,728762400000,,0,0,G,,corrected-archive-csv
162860,Luleå-Kallax Flygplats,13,Rådande väder,"momentanvärde, 1 gång/tim resp 8 gånger/dygn",kod,1993-02-03T21:00:00Z,1993-02-03T22:00:00+01:00,728773200000,,0,0,G,,corrected-archive-csv
162860,Luleå-Kallax Flygplats,13,Rådande väder,"momentanvärde, 1 gång/tim resp 8 gånger/dygn",kod,1993-02-04T00:00:00Z,1993-02-04T01:00:00+01:00,728784000000,,0,0,G,,corrected-archive-csv
162860,Luleå-Kallax Flygplats,13,Rådande väder,"momentanvärde, 1 gång/tim resp 8 gånger/dygn",kod,1993-02-04T03:00:00Z,1993-02-04T04:00:00+01:00,728794800000,,0,0,G,,corrected-archive-csv
162860,Luleå-Kallax Flygplats,13,Rådande väder,"momentanvärde, 1 gång/tim resp 8 gånger/dygn",kod,1993-02-04T06:00:00Z,1993-02-04T07:00:00+01:00,728805600000,,0,0,G,,corrected-archive-csv
162860,Luleå-Kallax Flygplats,13,Rådande väder,"momentanvärde, 1 gång/tim resp 8 gånger/dygn",kod,1993-02-04T09:00:00Z,1993-02-04T10:00:00+01:00,728816400000,,0,0,G,,corrected-archive-csv
162860,Luleå-Kallax Flygplats,13,Rådande väder,"momentanvärde, 1 gång/tim resp 8 gånger/dygn",kod,1993-02-04T12:00:00Z,1993-02-04T13:00:00+01:00,728827200000,,0,0,G,,corrected-archive-csv
162860,Luleå-Kallax Flygplats,13,Rådande väder,"momentanvärde, 1 gång/tim resp 8 gånger/dygn",kod,1993-02-04T15:00:00Z,1993-02-04T16:00:00+01:00,728838000000,,0,0,G,,corrected-archive-csv
162860,Luleå-Kallax Flygplats,13,Rådande väder,"momentanvärde, 1 gång/tim resp 8 gånger/dygn",kod,1993-02-04T18:00:00Z,1993-02-04T19:00:00+01:00,728848800000,,0,0,G,,corrected-archive-csv
162860,Luleå-Kallax Flygplats,13,Rådande väder,"momentanvärde, 1 gång/tim resp 8 gånger/dygn",kod,1993-02-04T21:00:00Z,1993-02-04T22:00:00+01:00,728859600000,,0,0,G,,corrected-archive-csv
162860,Luleå-Kallax Flygplats,13,Rådande väder,"momentanvärde, 1 gång/tim resp 8 gånger/dygn",kod,1993-02-05T00:00:00Z,1993-02-05T01:00:00+01:00,728870400000,,0,0,G,,corrected-archive-csv
162860,Luleå-Kallax Flygplats,13,Rådande väder,"momentanvärde, 1 gång/tim resp 8 gånger/dygn",kod,1993-02-05T03:00:00Z,1993-02-05T04:00:00+01:00,728881200000,,0,0,G,,corrected-archive-csv
162860,Luleå-Kallax Flygplats,13,Rådande väder,"momentanvärde, 1 gång/tim resp 8 gånger/dygn",kod,1993-02-05T06:00:00Z,1993-02-05T07:00:00+01:00,728892000000,,0,0,G,,corrected-archive-csv
162860,Luleå-Kallax Flygplats,13,Rådande väder,"momentanvärde, 1 gång/tim resp 8 gånger/dygn",kod,1993-02-05T09:00:00Z,1993-02-05T10:00:00+01:00,728902800000,,0,0,G,,corrected-archive-csv
162860,Luleå-Kallax Flygplats,13,Rådande väder,"momentanvärde, 1 gång/tim resp 8 gånger/dygn",kod,1993-02-05T12:00:00Z,1993-02-05T13:00:00+01:00,728913600000,,71,71,G,,corrected-archive-csv
162860,Luleå-Kallax Flygplats,13,Rådande väder,"momentanvärde, 1 gång/tim resp 8 gånger/dygn",kod,1993-02-05T13:00:00Z,1993-02-05T14:00:00+01:00,728917200000,,71,71,Y,,corrected-archive-csv
162860,Luleå-Kallax Flygplats,13,Rådande väder,"momentanvärde, 1 gång/tim resp 8 gånger/dygn",kod,1993-02-05T14:00:00Z,1993-02-05T15:00:00+01:00,728920800000,,1,1,Y,,corrected-archive-csv
162860,Luleå-Kallax Flygplats,13,Rådande väder,"momentanvärde, 1 gång/tim resp 8 gånger/dygn",kod,1993-02-05T15:00:00Z,1993-02-05T16:00:00+01:00,728924400000,,3,3,G,,corrected-archive-csv
162860,Luleå-Kallax Flygplats,13,Rådande väder,"momentanvärde, 1 gång/tim resp 8 gånger/dygn",kod,1993-02-05T16:00:00Z,1993-02-05T17:00:00+01:00,728928000000,,2,2,Y,,corrected-archive-csv
162860,Luleå-Kallax Flygplats,13,Rådande väder,"momentanvärde, 1 gång/tim resp 8 gånger/dygn",kod,1993-02-05T17:00:00Z,1993-02-05T18:00:00+01:00,728931600000,,2,2,Y,,corrected-archive-csv
162860,Luleå-Kallax Flygplats,13,Rådande väder,"momentanvärde, 1 gång/tim resp 8 gånger/dygn",kod,1993-02-05T18:00:00Z,1993-02-05T19:00:00+01:00,728935200000,,2,2,G,,corrected-archive-csv
162860,Luleå-Kallax Flygplats,13,Rådande väder,"momentanvärde, 1 gång/tim resp 8 gånger/dygn",kod,1993-02-05T21:00:00Z,1993-02-05T22:00:00+01:00,728946000000,,0,0,G,,corrected-archive-csv
162860,Luleå-Kallax Flygplats,13,Rådande väder,"momentanvärde, 1 gång/tim resp 8 gånger/dygn",kod,1993-02-06T00:00:00Z,1993-02-06T01:00:00+01:00,728956800000,,0,0,G,,corrected-archive-csv
162860,Luleå-Kallax Flygplats,13,Rådande väder,"momentanvärde, 1 gång/tim resp 8 gånger/dygn",kod,1993-02-06T03:00:00Z,1993-02-06T04:00:00+01:00,728967600000,,0,0,G,,corrected-archive-csv
162860,Luleå-Kallax Flygplats,13,Rådande väder,"momentanvärde, 1 gång/tim resp 8 gånger/dygn",kod,1993-02-06T06:00:00Z,1993-02-06T07:00:00+01:00,728978400000,,0,0,G,,corrected-archive-csv
162860,Luleå-Kallax Flygplats,13,Rådande väder,"momentanvärde, 1 gång/tim resp 8 gånger/dygn",kod,1993-02-06T09:00:00Z,1993-02-06T10:00:00+01:00,728989200000,,0,0,G,,corrected-archive-csv
162860,Luleå-Kallax Flygplats,13,Rådande väder,"momentanvärde, 1 gång/tim resp 8 gånger/dygn",kod,1993-02-06T12:00:00Z,1993-02-06T13:00:00+01:00,729000000000,,0,0,G,,corrected-archive-csv
162860,Luleå-Kallax Flygplats,13,Rådande väder,"momentanvärde, 1 gång/tim resp 8 gånger/dygn",kod,1993-02-06T15:00:00Z,1993-02-06T16:00:00+01:00,729010800000,,0,0,G,,corrected-archive-csv
162860,Luleå-Kallax Flygplats,13,Rådande väder,"momentanvärde, 1 gång/tim resp 8 gånger/dygn",kod,1993-02-06T18:00:00Z,1993-02-06T19:00:00+01:00,729021600000,,0,0,G,,corrected-archive-csv
162860,Luleå-Kallax Flygplats,13,Rådande väder,"momentanvärde, 1 gång/tim resp 8 gånger/dygn",kod,1993-02-06T21:00:00Z,1993-02-06T22:00:00+01:00,729032400000,,0,0,G,,corrected-archive-csv
162860,Luleå-Kallax Flygplats,13,Rådande väder,"momentanvärde, 1 gång/tim resp 8 gånger/dygn",kod,1993-02-07T00:00:00Z,1993-02-07T01:00:00+01:00,729043200000,,0,0,G,,corrected-archive-csv
162860,Luleå-Kallax Flygplats,13,Rådande väder,"momentanvärde, 1 gång/tim resp 8 gånger/dygn",kod,1993-02-07T03:00:00Z,1993-02-07T04:00:00+01:00,729054000000,,0,0,G,,corrected-archive-csv
162860,Luleå-Kallax Flygplats,13,Rådande väder,"momentanvärde, 1 gång/tim resp 8 gånger/dygn",kod,1993-02-07T06:00:00Z,1993-02-07T07:00:00+01:00,729064800000,,0,0,G,,corrected-archive-csv
162860,Luleå-Kallax Flygplats,13,Rådande väder,"momentanvärde, 1 gång/tim resp 8 gånger/dygn",kod,1993-02-07T09:00:00Z,1993-02-07T10:00:00+01:00,729075600000,,0,0,G,,corrected-archive-csv
162860,Luleå-Kallax Flygplats,13,Rådande väder,"momentanvärde, 1 gång/tim resp 8 gånger/dygn",kod,1993-02-07T12:00:00Z,1993-02-07T13:00:00+01:00,729086400000,,0,0,G,,corrected-archive-csv
162860,Luleå-Kallax Flygplats,13,Rådande väder,"momentanvärde, 1 gång/tim resp 8 gånger/dygn",kod,1993-02-07T13:00:00Z,1993-02-07T14:00:00+01:00,729090000000,,22,22,Y,,corrected-archive-csv
162860,Luleå-Kallax Flygplats,13,Rådande väder,"momentanvärde, 1 gång/tim resp 8 gånger/dygn",kod,1993-02-07T14:00:00Z,1993-02-07T15:00:00+01:00,729093600000,,71,71,Y,,corrected-archive-csv
162860,Luleå-Kallax Flygplats,13,Rådande väder,"momentanvärde, 1 gång/tim resp 8 gånger/dygn",kod,1993-02-07T15:00:00Z,1993-02-07T16:00:00+01:00,729097200000,,75,75,G,,corrected-archive-csv
162860,Luleå-Kallax Flygplats,13,Rådande väder,"momentanvärde, 1 gång/tim resp 8 gånger/dygn",kod,1993-02-07T16:00:00Z,1993-02-07T17:00:00+01:00,729100800000,,75,75,Y,,corrected-archive-csv
162860,Luleå-Kallax Flygplats,13,Rådande väder,"momentanvärde, 1 gång/tim resp 8 gånger/dygn",kod,1993-02-07T17:00:00Z,1993-02-07T18:00:00+01:00,729104400000,,71,71,Y,,corrected-archive-csv
162860,Luleå-Kallax Flygplats,13,Rådande väder,"momentanvärde, 1 gång/tim resp 8 gånger/dygn",kod,1993-02-07T18:00:00Z,1993-02-07T19:00:00+01:00,729108000000,,71,71,G,,corrected-archive-csv
162860,Luleå-Kallax Flygplats,13,Rådande väder,"momentanvärde, 1 gång/tim resp 8 gånger/dygn",kod,1993-02-07T19:00:00Z,1993-02-07T20:00:00+01:00,729111600000,,1,1,Y,,corrected-archive-csv
162860,Luleå-Kallax Flygplats,13,Rådande väder,"momentanvärde, 1 gång/tim resp 8 gånger/dygn",kod,1993-02-07T20:00:00Z,1993-02-07T21:00:00+01:00,729115200000,,1,1,Y,,corrected-archive-csv
162860,Luleå-Kallax Flygplats,13,Rådande väder,"momentanvärde, 1 gång/tim resp 8 gånger/dygn",kod,1993-02-07T21:00:00Z,1993-02-07T22:00:00+01:00,729118800000,,0,0,G,,corrected-archive-csv
162860,Luleå-Kallax Flygplats,13,Rådande väder,"momentanvärde, 1 gång/tim resp 8 gånger/dygn",kod,1993-02-07T22:00:00Z,1993-02-07T23:00:00+01:00,729122400000,,1,1,Y,,corrected-archive-csv
162860,Luleå-Kallax Flygplats,13,Rådande väder,"momentanvärde, 1 gång/tim resp 8 gånger/dygn",kod,1993-02-07T23:00:00Z,1993-02-08T00:00:00+01:00,729126000000,,1,1,Y,,corrected-archive-csv
162860,Luleå-Kallax Flygplats,13,Rådande väder,"momentanvärde, 1 gång/tim resp 8 gånger/dygn",kod,1993-02-08T00:00:00Z,1993-02-08T01:00:00+01:00,729129600000,,0,0,G,,corrected-archive-csv
162860,Luleå-Kallax Flygplats,13,Rådande väder,"momentanvärde, 1 gång/tim resp 8 gånger/dygn",kod,1993-02-08T03:00:00Z,1993-02-08T04:00:00+01:00,729140400000,,0,0,G,,corrected-archive-csv
162860,Luleå-Kallax Flygplats,13,Rådande väder,"momentanvärde, 1 gång/tim resp 8 gånger/dygn",kod,1993-02-08T06:00:00Z,1993-02-08T07:00:00+01:00,729151200000,,0,0,G,,corrected-archive-csv
162860,Luleå-Kallax Flygplats,13,Rådande väder,"momentanvärde, 1 gång/tim resp 8 gånger/dygn",kod,1993-02-08T09:00:00Z,1993-02-08T10:00:00+01:00,729162000000,,0,0,G,,corrected-archive-csv
162860,Luleå-Kallax Flygplats,13,Rådande väder,"momentanvärde, 1 gång/tim resp 8 gånger/dygn",kod,1993-02-08T12:00:00Z,1993-02-08T13:00:00+01:00,729172800000,,0,0,G,,corrected-archive-csv
162860,Luleå-Kallax Flygplats,13,Rådande väder,"momentanvärde, 1 gång/tim resp 8 gånger/dygn",kod,1993-02-08T15:00:00Z,1993-02-08T16:00:00+01:00,729183600000,,68,68,G,,corrected-archive-csv
162860,Luleå-Kallax Flygplats,13,Rådande väder,"momentanvärde, 1 gång/tim resp 8 gånger/dygn",kod,1993-02-08T16:00:00Z,1993-02-08T17:00:00+01:00,729187200000,,23,23,Y,,corrected-archive-csv
162860,Luleå-Kallax Flygplats,13,Rådande väder,"momentanvärde, 1 gång/tim resp 8 gånger/dygn",kod,1993-02-08T17:00:00Z,1993-02-08T18:00:00+01:00,729190800000,,1,1,Y,,corrected-archive-csv
162860,Luleå-Kallax Flygplats,13,Rådande väder,"momentanvärde, 1 gång/tim resp 8 gånger/dygn",kod,1993-02-08T18:00:00Z,1993-02-08T19:00:00+01:00,729194400000,,1,1,G,,corrected-archive-csv
162860,Luleå-Kallax Flygplats,13,Rådande väder,"momentanvärde, 1 gång/tim resp 8 gånger/dygn",kod,1993-02-08T21:00:00Z,1993-02-08T22:00:00+01:00,729205200000,,0,0,G,,corrected-archive-csv
162860,Luleå-Kallax Flygplats,13,Rådande väder,"momentanvärde, 1 gång/tim resp 8 gånger/dygn",kod,1993-02-09T00:00:00Z,1993-02-09T01:00:00+01:00,729216000000,,0,0,G,,corrected-archive-csv
162860,Luleå-Kallax Flygplats,13,Rådande väder,"momentanvärde, 1 gång/tim resp 8 gånger/dygn",kod,1993-02-09T03:00:00Z,1993-02-09T04:00:00+01:00,729226800000,,0,0,G,,corrected-archive-csv
162860,Luleå-Kallax Flygplats,13,Rådande väder,"momentanvärde, 1 gång/tim resp 8 gånger/dygn",kod,1993-02-09T06:00:00Z,1993-02-09T07:00:00+01:00,729237600000,,0,0,G,,corrected-archive-csv
162860,Luleå-Kallax Flygplats,13,Rådande väder,"momentanvärde, 1 gång/tim resp 8 gånger/dygn",kod,1993-02-09T09:00:00Z,1993-02-09T10:00:00+01:00,729248400000,,0,0,G,,corrected-archive-csv
162860,Luleå-Kallax Flygplats,13,Rådande väder,"momentanvärde, 1 gång/tim resp 8 gånger/dygn",kod,1993-02-09T12:00:00Z,1993-02-09T13:00:00+01:00,729259200000,,0,0,G,,corrected-archive-csv
162860,Luleå-Kallax Flygplats,13,Rådande väder,"momentanvärde, 1 gång/tim resp 8 gånger/dygn",kod,1993-02-09T15:00:00Z,1993-02-09T16:00:00+01:00,729270000000,,0,0,G,,corrected-archive-csv
162860,Luleå-Kallax Flygplats,13,Rådande väder,"momentanvärde, 1 gång/tim resp 8 gånger/dygn",kod,1993-02-09T18:00:00Z,1993-02-09T19:00:00+01:00,729280800000,,0,0,G,,corrected-archive-csv
162860,Luleå-Kallax Flygplats,13,Rådande väder,"momentanvärde, 1 gång/tim resp 8 gånger/dygn",kod,1993-02-09T21:00:00Z,1993-02-09T22:00:00+01:00,729291600000,,0,0,G,,corrected-archive-csv
162860,Luleå-Kallax Flygplats,13,Rådande väder,"momentanvärde, 1 gång/tim resp 8 gånger/dygn",kod,1993-02-10T00:00:00Z,1993-02-10T01:00:00+01:00,729302400000,,0,0,G,,corrected-archive-csv
162860,Luleå-Kallax Flygplats,13,Rådande väder,"momentanvärde, 1 gång/tim resp 8 gånger/dygn",kod,1993-02-10T03:00:00Z,1993-02-10T04:00:00+01:00,729313200000,,0,0,G,,corrected-archive-csv
162860,Luleå-Kallax Flygplats,13,Rådande väder,"momentanvärde, 1 gång/tim resp 8 gånger/dygn",kod,1993-02-10T06:00:00Z,1993-02-10T07:00:00+01:00,729324000000,,0,0,G,,corrected-archive-csv
162860,Luleå-Kallax Flygplats,13,Rådande väder,"momentanvärde, 1 gång/tim resp 8 gånger/dygn",kod,1993-02-10T09:00:00Z,1993-02-10T10:00:00+01:00,729334800000,,0,0,G,,corrected-archive-csv
162860,Luleå-Kallax Flygplats,13,Rådande väder,"momentanvärde, 1 gång/tim resp 8 gånger/dygn",kod,1993-02-10T12:00:00Z,1993-02-10T13:00:00+01:00,729345600000,,0,0,G,,corrected-archive-csv
162860,Luleå-Kallax Flygplats,13,Rådande väder,"momentanvärde, 1 gång/tim resp 8 gånger/dygn",kod,1993-02-10T15:00:00Z,1993-02-10T16:00:00+01:00,729356400000,,0,0,G,,corrected-archive-csv
162860,Luleå-Kallax Flygplats,13,Rådande väder,"momentanvärde, 1 gång/tim resp 8 gånger/dygn",kod,1993-02-10T18:00:00Z,1993-02-10T19:00:00+01:00,729367200000,,0,0,G,,corrected-archive-csv
162860,Luleå-Kallax Flygplats,13,Rådande väder,"momentanvärde, 1 gång/tim resp 8 gånger/dygn",kod,1993-02-10T21:00:00Z,1993-02-10T22:00:00+01:00,729378000000,,0,0,G,,corrected-archive-csv
162860,Luleå-Kallax Flygplats,13,Rådande väder,"momentanvärde, 1 gång/tim resp 8 gånger/dygn",kod,1993-02-10T23:00:00Z,1993-02-11T00:00:00+01:00,729385200000,,71,71,Y,,corrected-archive-csv
162860,Luleå-Kallax Flygplats,13,Rådande väder,"momentanvärde, 1 gång/tim resp 8 gånger/dygn",kod,1993-02-11T00:00:00Z,1993-02-11T01:00:00+01:00,729388800000,,71,71,G,,corrected-archive-csv
162860,Luleå-Kallax Flygplats,13,Rådande väder,"momentanvärde, 1 gång/tim resp 8 gånger/dygn",kod,1993-02-11T01:00:00Z,1993-02-11T02:00:00+01:00,729392400000,,71,71,Y,,corrected-archive-csv
162860,Luleå-Kallax Flygplats,13,Rådande väder,"momentanvärde, 1 gång/tim resp 8 gånger/dygn",kod,1993-02-11T02:00:00Z,1993-02-11T03:00:00+01:00,729396000000,,71,71,Y,,corrected-archive-csv
162860,Luleå-Kallax Flygplats,13,Rådande väder,"momentanvärde, 1 gång/tim resp 8 gånger/dygn",kod,1993-02-11T03:00:00Z,1993-02-11T04:00:00+01:00,729399600000,,73,73,G,,corrected-archive-csv
162860,Luleå-Kallax Flygplats,13,Rådande väder,"momentanvärde, 1 gång/tim resp 8 gånger/dygn",kod,1993-02-11T04:00:00Z,1993-02-11T05:00:00+01:00,729403200000,,71,71,Y,,corrected-archive-csv
162860,Luleå-Kallax Flygplats,13,Rådande väder,"momentanvärde, 1 gång/tim resp 8 gånger/dygn",kod,1993-02-11T05:00:00Z,1993-02-11T06:00:00+01:00,729406800000,,71,71,Y,,corrected-archive-csv
162860,Luleå-Kallax Flygplats,13,Rådande väder,"momentanvärde, 1 gång/tim resp 8 gånger/dygn",kod,1993-02-11T06:00:00Z,1993-02-11T07:00:00+01:00,729410400000,,22,22,G,,corrected-archive-csv
162860,Luleå-Kallax Flygplats,13,Rådande väder,"momentanvärde, 1 gång/tim resp 8 gånger/dygn",kod,1993-02-11T09:00:00Z,1993-02-11T10:00:00+01:00,729421200000,,0,0,G,,corrected-archive-csv
162860,Luleå-Kallax Flygplats,13,Rådande väder,"momentanvärde, 1 gång/tim resp 8 gånger/dygn",kod,1993-02-11T12:00:00Z,1993-02-11T13:00:00+01:00,729432000000,,0,0,G,,corrected-archive-csv
162860,Luleå-Kallax Flygplats,13,Rådande väder,"momentanvärde, 1 gång/tim resp 8 gånger/dygn",kod,1993-02-11T15:00:00Z,1993-02-11T16:00:00+01:00,729442800000,,0,0,G,,corrected-archive-csv
162860,Luleå-Kallax Flygplats,13,Rådande väder,"momentanvärde, 1 gång/tim resp 8 gånger/dygn",kod,1993-02-11T18:00:00Z,1993-02-11T19:00:00+01:00,729453600000,,0,0,G,,corrected-archive-csv
162860,Luleå-Kallax Flygplats,13,Rådande väder,"momentanvärde, 1 gång/tim resp 8 gånger/dygn",kod,1993-02-11T21:00:00Z,1993-02-11T22:00:00+01:00,729464400000,,0,0,G,,corrected-archive-csv
162860,Luleå-Kallax Flygplats,13,Rådande väder,"momentanvärde, 1 gång/tim resp 8 gånger/dygn",kod,1993-02-12T00:00:00Z,1993-02-12T01:00:00+01:00,729475200000,,0,0,G,,corrected-archive-csv
162860,Luleå-Kallax Flygplats,13,Rådande väder,"momentanvärde, 1 gång/tim resp 8 gånger/dygn",kod,1993-02-12T03:00:00Z,1993-02-12T04:00:00+01:00,729486000000,,0,0,G,,corrected-archive-csv
162860,Luleå-Kallax Flygplats,13,Rådande väder,"momentanvärde, 1 gång/tim resp 8 gånger/dygn",kod,1993-02-12T06:00:00Z,1993-02-12T07:00:00+01:00,729496800000,,0,0,G,,corrected-archive-csv
162860,Luleå-Kallax Flygplats,13,Rådande väder,"momentanvärde, 1 gång/tim resp 8 gånger/dygn",kod,1993-02-12T09:00:00Z,1993-02-12T10:00:00+01:00,729507600000,,0,0,G,,corrected-archive-csv
162860,Luleå-Kallax Flygplats,13,Rådande väder,"momentanvärde, 1 gång/tim resp 8 gånger/dygn",kod,1993-02-12T12:00:00Z,1993-02-12T13:00:00+01:00,729518400000,,0,0,G,,corrected-archive-csv
162860,Luleå-Kallax Flygplats,13,Rådande väder,"momentanvärde, 1 gång/tim resp 8 gånger/dygn",kod,1993-02-12T15:00:00Z,1993-02-12T16:00:00+01:00,729529200000,,0,0,G,,corrected-archive-csv
162860,Luleå-Kallax Flygplats,13,Rådande väder,"momentanvärde, 1 gång/tim resp 8 gånger/dygn",kod,1993-02-12T18:00:00Z,1993-02-12T19:00:00+01:00,729540000000,,0,0,G,,corrected-archive-csv
162860,Luleå-Kallax Flygplats,13,Rådande väder,"momentanvärde, 1 gång/tim resp 8 gånger/dygn",kod,1993-02-12T21:00:00Z,1993-02-12T22:00:00+01:00,729550800000,,0,0,G,,corrected-archive-csv
162860,Luleå-Kallax Flygplats,13,Rådande väder,"momentanvärde, 1 gång/tim resp 8 gånger/dygn",kod,1993-02-13T00:00:00Z,1993-02-13T01:00:00+01:00,729561600000,,0,0,G,,corrected-archive-csv
162860,Luleå-Kallax Flygplats,13,Rådande väder,"momentanvärde, 1 gång/tim resp 8 gånger/dygn",kod,1993-02-13T03:00:00Z,1993-02-13T04:00:00+01:00,729572400000,,80,80,G,,corrected-archive-csv
162860,Luleå-Kallax Flygplats,13,Rådande väder,"momentanvärde, 1 gång/tim resp 8 gånger/dygn",kod,1993-02-13T04:00:00Z,1993-02-13T05:00:00+01:00,729576000000,,51,51,Y,,corrected-archive-csv
162860,Luleå-Kallax Flygplats,13,Rådande väder,"momentanvärde, 1 gång/tim resp 8 gånger/dygn",kod,1993-02-13T05:00:00Z,1993-02-13T06:00:00+01:00,729579600000,,61,61,Y,,corrected-archive-csv
162860,Luleå-Kallax Flygplats,13,Rådande väder,"momentanvärde, 1 gång/tim resp 8 gånger/dygn",kod,1993-02-13T06:00:00Z,1993-02-13T07:00:00+01:00,729583200000,,25,25,G,,corrected-archive-csv
162860,Luleå-Kallax Flygplats,13,Rådande väder,"momentanvärde, 1 gång/tim resp 8 gånger/dygn",kod,1993-02-13T09:00:00Z,1993-02-13T10:00:00+01:00,729594000000,,0,0,G,,corrected-archive-csv
162860,Luleå-Kallax Flygplats,13,Rådande väder,"momentanvärde, 1 gång/tim resp 8 gånger/dygn",kod,1993-02-13T12:00:00Z,1993-02-13T13:00:00+01:00,729604800000,,0,0,G,,corrected-archive-csv
162860,Luleå-Kallax Flygplats,13,Rådande väder,"momentanvärde, 1 gång/tim resp 8 gånger/dygn",kod,1993-02-13T15:00:00Z,1993-02-13T16:00:00+01:00,729615600000,,0,0,G,,corrected-archive-csv
162860,Luleå-Kallax Flygplats,13,Rådande väder,"momentanvärde, 1 gång/tim resp 8 gånger/dygn",kod,1993-02-13T18:00:00Z,1993-02-13T19:00:00+01:00,729626400000,,0,0,G,,corrected-archive-csv
162860,Luleå-Kallax Flygplats,13,Rådande väder,"momentanvärde, 1 gång/tim resp 8 gånger/dygn",kod,1993-02-13T21:00:00Z,1993-02-13T22:00:00+01:00,729637200000,,0,0,G,,corrected-archive-csv
162860,Luleå-Kallax Flygplats,13,Rådande väder,"momentanvärde, 1 gång/tim resp 8 gånger/dygn",kod,1993-02-14T00:00:00Z,1993-02-14T01:00:00+01:00,729648000000,,0,0,G,,corrected-archive-csv
162860,Luleå-Kallax Flygplats,13,Rådande väder,"momentanvärde, 1 gång/tim resp 8 gånger/dygn",kod,1993-02-14T03:00:00Z,1993-02-14T04:00:00+01:00,729658800000,,0,0,G,,corrected-archive-csv
162860,Luleå-Kallax Flygplats,13,Rådande väder,"momentanvärde, 1 gång/tim resp 8 gånger/dygn",kod,1993-02-14T06:00:00Z,1993-02-14T07:00:00+01:00,729669600000,,0,0,G,,corrected-archive-csv
162860,Luleå-Kallax Flygplats,13,Rådande väder,"momentanvärde, 1 gång/tim resp 8 gånger/dygn",kod,1993-02-14T09:00:00Z,1993-02-14T10:00:00+01:00,729680400000,,0,0,G,,corrected-archive-csv
162860,Luleå-Kallax Flygplats,13,Rådande väder,"momentanvärde, 1 gång/tim resp 8 gånger/dygn",kod,1993-02-14T12:00:00Z,1993-02-14T13:00:00+01:00,729691200000,,0,0,G,,corrected-archive-csv
162860,Luleå-Kallax Flygplats,13,Rådande väder,"momentanvärde, 1 gång/tim resp 8 gånger/dygn",kod,1993-02-14T15:00:00Z,1993-02-14T16:00:00+01:00,729702000000,,0,0,G,,corrected-archive-csv
162860,Luleå-Kallax Flygplats,13,Rådande väder,"momentanvärde, 1 gång/tim resp 8 gånger/dygn",kod,1993-02-14T18:00:00Z,1993-02-14T19:00:00+01:00,729712800000,,0,0,G,,corrected-archive-csv
162860,Luleå-Kallax Flygplats,13,Rådande väder,"momentanvärde, 1 gång/tim resp 8 gånger/dygn",kod,1993-02-14T21:00:00Z,1993-02-14T22:00:00+01:00,729723600000,,0,0,G,,corrected-archive-csv
162860,Luleå-Kallax Flygplats,13,Rådande väder,"momentanvärde, 1 gång/tim resp 8 gånger/dygn",kod,1993-02-15T00:00:00Z,1993-02-15T01:00:00+01:00,729734400000,,0,0,G,,corrected-archive-csv
162860,Luleå-Kallax Flygplats,13,Rådande väder,"momentanvärde, 1 gång/tim resp 8 gånger/dygn",kod,1993-02-15T03:00:00Z,1993-02-15T04:00:00+01:00,729745200000,,0,0,G,,corrected-archive-csv
162860,Luleå-Kallax Flygplats,13,Rådande väder,"momentanvärde, 1 gång/tim resp 8 gånger/dygn",kod,1993-02-15T06:00:00Z,1993-02-15T07:00:00+01:00,729756000000,,0,0,G,,corrected-archive-csv
162860,Luleå-Kallax Flygplats,13,Rådande väder,"momentanvärde, 1 gång/tim resp 8 gånger/dygn",kod,1993-02-15T08:00:00Z,1993-02-15T09:00:00+01:00,729763200000,,14,14,Y,,corrected-archive-csv
162860,Luleå-Kallax Flygplats,13,Rådande väder,"momentanvärde, 1 gång/tim resp 8 gånger/dygn",kod,1993-02-15T09:00:00Z,1993-02-15T10:00:00+01:00,729766800000,,14,14,G,,corrected-archive-csv
162860,Luleå-Kallax Flygplats,13,Rådande väder,"momentanvärde, 1 gång/tim resp 8 gånger/dygn",kod,1993-02-15T10:00:00Z,1993-02-15T11:00:00+01:00,729770400000,,71,71,Y,,corrected-archive-csv
162860,Luleå-Kallax Flygplats,13,Rådande väder,"momentanvärde, 1 gång/tim resp 8 gånger/dygn",kod,1993-02-15T11:00:00Z,1993-02-15T12:00:00+01:00,729774000000,,71,71,Y,,corrected-archive-csv
162860,Luleå-Kallax Flygplats,13,Rådande väder,"momentanvärde, 1 gång/tim resp 8 gånger/dygn",kod,1993-02-15T12:00:00Z,1993-02-15T13:00:00+01:00,729777600000,,71,71,G,,corrected-archive-csv
162860,Luleå-Kallax Flygplats,13,Rådande väder,"momentanvärde, 1 gång/tim resp 8 gånger/dygn",kod,1993-02-15T13:00:00Z,1993-02-15T14:00:00+01:00,729781200000,,22,22,Y,,corrected-archive-csv
162860,Luleå-Kallax Flygplats,13,Rådande väder,"momentanvärde, 1 gång/tim resp 8 gånger/dygn",kod,1993-02-15T14:00:00Z,1993-02-15T15:00:00+01:00,729784800000,,1,1,Y,,corrected-archive-csv
162860,Luleå-Kallax Flygplats,13,Rådande väder,"momentanvärde, 1 gång/tim resp 8 gånger/dygn",kod,1993-02-15T15:00:00Z,1993-02-15T16:00:00+01:00,729788400000,,1,1,G,,corrected-archive-csv
162860,Luleå-Kallax Flygplats,13,Rådande väder,"momentanvärde, 1 gång/tim resp 8 gånger/dygn",kod,1993-02-15T16:00:00Z,1993-02-15T17:00:00+01:00,729792000000,,1,1,Y,,corrected-archive-csv
162860,Luleå-Kallax Flygplats,13,Rådande väder,"momentanvärde, 1 gång/tim resp 8 gånger/dygn",kod,1993-02-15T17:00:00Z,1993-02-15T18:00:00+01:00,729795600000,,1,1,Y,,corrected-archive-csv
162860,Luleå-Kallax Flygplats,13,Rådande väder,"momentanvärde, 1 gång/tim resp 8 gånger/dygn",kod,1993-02-15T18:00:00Z,1993-02-15T19:00:00+01:00,729799200000,,1,1,G,,corrected-archive-csv
162860,Luleå-Kallax Flygplats,13,Rådande väder,"momentanvärde, 1 gång/tim resp 8 gånger/dygn",kod,1993-02-15T21:00:00Z,1993-02-15T22:00:00+01:00,729810000000,,0,0,G,,corrected-archive-csv
162860,Luleå-Kallax Flygplats,13,Rådande väder,"momentanvärde, 1 gång/tim resp 8 gånger/dygn",kod,1993-02-16T00:00:00Z,1993-02-16T01:00:00+01:00,729820800000,,0,0,G,,corrected-archive-csv
162860,Luleå-Kallax Flygplats,13,Rådande väder,"momentanvärde, 1 gång/tim resp 8 gånger/dygn",kod,1993-02-16T03:00:00Z,1993-02-16T04:00:00+01:00,729831600000,,0,0,G,,corrected-archive-csv
162860,Luleå-Kallax Flygplats,13,Rådande väder,"momentanvärde, 1 gång/tim resp 8 gånger/dygn",kod,1993-02-16T06:00:00Z,1993-02-16T07:00:00+01:00,729842400000,,0,0,G,,corrected-archive-csv
162860,Luleå-Kallax Flygplats,13,Rådande väder,"momentanvärde, 1 gång/tim resp 8 gånger/dygn",kod,1993-02-16T09:00:00Z,1993-02-16T10:00:00+01:00,729853200000,,0,0,G,,corrected-archive-csv
162860,Luleå-Kallax Flygplats,13,Rådande väder,"momentanvärde, 1 gång/tim resp 8 gånger/dygn",kod,1993-02-16T12:00:00Z,1993-02-16T13:00:00+01:00,729864000000,,0,0,G,,corrected-archive-csv
162860,Luleå-Kallax Flygplats,13,Rådande väder,"momentanvärde, 1 gång/tim resp 8 gånger/dygn",kod,1993-02-16T15:00:00Z,1993-02-16T16:00:00+01:00,729874800000,,0,0,G,,corrected-archive-csv
162860,Luleå-Kallax Flygplats,13,Rådande väder,"momentanvärde, 1 gång/tim resp 8 gånger/dygn",kod,1993-02-16T18:00:00Z,1993-02-16T19:00:00+01:00,729885600000,,0,0,G,,corrected-archive-csv
162860,Luleå-Kallax Flygplats,13,Rådande väder,"momentanvärde, 1 gång/tim resp 8 gånger/dygn",kod,1993-02-16T21:00:00Z,1993-02-16T22:00:00+01:00,729896400000,,0,0,G,,corrected-archive-csv
162860,Luleå-Kallax Flygplats,13,Rådande väder,"momentanvärde, 1 gång/tim resp 8 gånger/dygn",kod,1993-02-17T00:00:00Z,1993-02-17T01:00:00+01:00,729907200000,,0,0,G,,corrected-archive-csv
162860,Luleå-Kallax Flygplats,13,Rådande väder,"momentanvärde, 1 gång/tim resp 8 gånger/dygn",kod,1993-02-17T03:00:00Z,1993-02-17T04:00:00+01:00,729918000000,,0,0,G,,corrected-archive-csv
162860,Luleå-Kallax Flygplats,13,Rådande väder,"momentanvärde, 1 gång/tim resp 8 gånger/dygn",kod,1993-02-17T06:00:00Z,1993-02-17T07:00:00+01:00,729928800000,,0,0,G,,corrected-archive-csv
162860,Luleå-Kallax Flygplats,13,Rådande väder,"momentanvärde, 1 gång/tim resp 8 gånger/dygn",kod,1993-02-17T09:00:00Z,1993-02-17T10:00:00+01:00,729939600000,,0,0,G,,corrected-archive-csv
162860,Luleå-Kallax Flygplats,13,Rådande väder,"momentanvärde, 1 gång/tim resp 8 gånger/dygn",kod,1993-02-17T12:00:00Z,1993-02-17T13:00:00+01:00,729950400000,,0,0,G,,corrected-archive-csv
162860,Luleå-Kallax Flygplats,13,Rådande väder,"momentanvärde, 1 gång/tim resp 8 gånger/dygn",kod,1993-02-17T15:00:00Z,1993-02-17T16:00:00+01:00,729961200000,,0,0,G,,corrected-archive-csv
162860,Luleå-Kallax Flygplats,13,Rådande väder,"momentanvärde, 1 gång/tim resp 8 gånger/dygn",kod,1993-02-17T18:00:00Z,1993-02-17T19:00:00+01:00,729972000000,,0,0,G,,corrected-archive-csv
162860,Luleå-Kallax Flygplats,13,Rådande väder,"momentanvärde, 1 gång/tim resp 8 gånger/dygn",kod,1993-02-17T21:00:00Z,1993-02-17T22:00:00+01:00,729982800000,,0,0,G,,corrected-archive-csv
162860,Luleå-Kallax Flygplats,13,Rådande väder,"momentanvärde, 1 gång/tim resp 8 gånger/dygn",kod,1993-02-18T00:00:00Z,1993-02-18T01:00:00+01:00,729993600000,,0,0,G,,corrected-archive-csv
162860,Luleå-Kallax Flygplats,13,Rådande väder,"momentanvärde, 1 gång/tim resp 8 gånger/dygn",kod,1993-02-18T03:00:00Z,1993-02-18T04:00:00+01:00,730004400000,,0,0,G,,corrected-archive-csv
162860,Luleå-Kallax Flygplats,13,Rådande väder,"momentanvärde, 1 gång/tim resp 8 gånger/dygn",kod,1993-02-18T06:00:00Z,1993-02-18T07:00:00+01:00,730015200000,,0,0,G,,corrected-archive-csv
162860,Luleå-Kallax Flygplats,13,Rådande väder,"momentanvärde, 1 gång/tim resp 8 gånger/dygn",kod,1993-02-18T09:00:00Z,1993-02-18T10:00:00+01:00,730026000000,,0,0,G,,corrected-archive-csv
162860,Luleå-Kallax Flygplats,13,Rådande väder,"momentanvärde, 1 gång/tim resp 8 gånger/dygn",kod,1993-02-18T12:00:00Z,1993-02-18T13:00:00+01:00,730036800000,,0,0,G,,corrected-archive-csv
162860,Luleå-Kallax Flygplats,13,Rådande väder,"momentanvärde, 1 gång/tim resp 8 gånger/dygn",kod,1993-02-18T15:00:00Z,1993-02-18T16:00:00+01:00,730047600000,,0,0,G,,corrected-archive-csv
162860,Luleå-Kallax Flygplats,13,Rådande väder,"momentanvärde, 1 gång/tim resp 8 gånger/dygn",kod,1993-02-18T17:00:00Z,1993-02-18T18:00:00+01:00,730054800000,,22,22,Y,,corrected-archive-csv
162860,Luleå-Kallax Flygplats,13,Rådande väder,"momentanvärde, 1 gång/tim resp 8 gånger/dygn",kod,1993-02-18T18:00:00Z,1993-02-18T19:00:00+01:00,730058400000,,71,71,G,,corrected-archive-csv
162860,Luleå-Kallax Flygplats,13,Rådande väder,"momentanvärde, 1 gång/tim resp 8 gånger/dygn",kod,1993-02-18T21:00:00Z,1993-02-18T22:00:00+01:00,730069200000,,0,0,G,,corrected-archive-csv
162860,Luleå-Kallax Flygplats,13,Rådande väder,"momentanvärde, 1 gång/tim resp 8 gånger/dygn",kod,1993-02-18T23:00:00Z,1993-02-19T00:00:00+01:00,730076400000,,71,71,Y,,corrected-archive-csv
162860,Luleå-Kallax Flygplats,13,Rådande väder,"momentanvärde, 1 gång/tim resp 8 gånger/dygn",kod,1993-02-19T00:00:00Z,1993-02-19T01:00:00+01:00,730080000000,,22,22,G,,corrected-archive-csv
162860,Luleå-Kallax Flygplats,13,Rådande väder,"momentanvärde, 1 gång/tim resp 8 gånger/dygn",kod,1993-02-19T03:00:00Z,1993-02-19T04:00:00+01:00,730090800000,,0,0,G,,corrected-archive-csv
162860,Luleå-Kallax Flygplats,13,Rådande väder,"momentanvärde, 1 gång/tim resp 8 gånger/dygn",kod,1993-02-19T06:00:00Z,1993-02-19T07:00:00+01:00,730101600000,,0,0,G,,corrected-archive-csv
162860,Luleå-Kallax Flygplats,13,Rådande väder,"momentanvärde, 1 gång/tim resp 8 gånger/dygn",kod,1993-02-19T09:00:00Z,1993-02-19T10:00:00+01:00,730112400000,,0,0,G,,corrected-archive-csv
162860,Luleå-Kallax Flygplats,13,Rådande väder,"momentanvärde, 1 gång/tim resp 8 gånger/dygn",kod,1993-02-19T12:00:00Z,1993-02-19T13:00:00+01:00,730123200000,,0,0,G,,corrected-archive-csv
162860,Luleå-Kallax Flygplats,13,Rådande väder,"momentanvärde, 1 gång/tim resp 8 gånger/dygn",kod,1993-02-19T15:00:00Z,1993-02-19T16:00:00+01:00,730134000000,,0,0,G,,corrected-archive-csv
162860,Luleå-Kallax Flygplats,13,Rådande väder,"momentanvärde, 1 gång/tim resp 8 gånger/dygn",kod,1993-02-19T18:00:00Z,1993-02-19T19:00:00+01:00,730144800000,,0,0,G,,corrected-archive-csv
162860,Luleå-Kallax Flygplats,13,Rådande väder,"momentanvärde, 1 gång/tim resp 8 gånger/dygn",kod,1993-02-19T21:00:00Z,1993-02-19T22:00:00+01:00,730155600000,,0,0,G,,corrected-archive-csv
162860,Luleå-Kallax Flygplats,13,Rådande väder,"momentanvärde, 1 gång/tim resp 8 gånger/dygn",kod,1993-02-20T00:00:00Z,1993-02-20T01:00:00+01:00,730166400000,,0,0,G,,corrected-archive-csv
162860,Luleå-Kallax Flygplats,13,Rådande väder,"momentanvärde, 1 gång/tim resp 8 gånger/dygn",kod,1993-02-20T03:00:00Z,1993-02-20T04:00:00+01:00,730177200000,,0,0,G,,corrected-archive-csv
162860,Luleå-Kallax Flygplats,13,Rådande väder,"momentanvärde, 1 gång/tim resp 8 gånger/dygn",kod,1993-02-20T06:00:00Z,1993-02-20T07:00:00+01:00,730188000000,,0,0,G,,corrected-archive-csv
162860,Luleå-Kallax Flygplats,13,Rådande väder,"momentanvärde, 1 gång/tim resp 8 gånger/dygn",kod,1993-02-20T09:00:00Z,1993-02-20T10:00:00+01:00,730198800000,,0,0,G,,corrected-archive-csv
162860,Luleå-Kallax Flygplats,13,Rådande väder,"momentanvärde, 1 gång/tim resp 8 gånger/dygn",kod,1993-02-20T12:00:00Z,1993-02-20T13:00:00+01:00,730209600000,,0,0,G,,corrected-archive-csv
162860,Luleå-Kallax Flygplats,13,Rådande väder,"momentanvärde, 1 gång/tim resp 8 gånger/dygn",kod,1993-02-20T15:00:00Z,1993-02-20T16:00:00+01:00,730220400000,,0,0,G,,corrected-archive-csv
162860,Luleå-Kallax Flygplats,13,Rådande väder,"momentanvärde, 1 gång/tim resp 8 gånger/dygn",kod,1993-02-20T18:00:00Z,1993-02-20T19:00:00+01:00,730231200000,,0,0,G,,corrected-archive-csv
162860,Luleå-Kallax Flygplats,13,Rådande väder,"momentanvärde, 1 gång/tim resp 8 gånger/dygn",kod,1993-02-20T21:00:00Z,1993-02-20T22:00:00+01:00,730242000000,,0,0,G,,corrected-archive-csv
162860,Luleå-Kallax Flygplats,13,Rådande väder,"momentanvärde, 1 gång/tim resp 8 gånger/dygn",kod,1993-02-21T00:00:00Z,1993-02-21T01:00:00+01:00,730252800000,,0,0,G,,corrected-archive-csv
162860,Luleå-Kallax Flygplats,13,Rådande väder,"momentanvärde, 1 gång/tim resp 8 gånger/dygn",kod,1993-02-21T03:00:00Z,1993-02-21T04:00:00+01:00,730263600000,,0,0,G,,corrected-archive-csv
162860,Luleå-Kallax Flygplats,13,Rådande väder,"momentanvärde, 1 gång/tim resp 8 gånger/dygn",kod,1993-02-21T06:00:00Z,1993-02-21T07:00:00+01:00,730274400000,,0,0,G,,corrected-archive-csv
162860,Luleå-Kallax Flygplats,13,Rådande väder,"momentanvärde, 1 gång/tim resp 8 gånger/dygn",kod,1993-02-21T11:00:00Z,1993-02-21T12:00:00+01:00,730292400000,,71,71,Y,,corrected-archive-csv
162860,Luleå-Kallax Flygplats,13,Rådande väder,"momentanvärde, 1 gång/tim resp 8 gånger/dygn",kod,1993-02-21T12:00:00Z,1993-02-21T13:00:00+01:00,730296000000,,71,71,G,,corrected-archive-csv
162860,Luleå-Kallax Flygplats,13,Rådande väder,"momentanvärde, 1 gång/tim resp 8 gånger/dygn",kod,1993-02-21T13:00:00Z,1993-02-21T14:00:00+01:00,730299600000,,71,71,Y,,corrected-archive-csv
162860,Luleå-Kallax Flygplats,13,Rådande väder,"momentanvärde, 1 gång/tim resp 8 gånger/dygn",kod,1993-02-21T14:00:00Z,1993-02-21T15:00:00+01:00,730303200000,,71,71,Y,,corrected-archive-csv
162860,Luleå-Kallax Flygplats,13,Rådande väder,"momentanvärde, 1 gång/tim resp 8 gånger/dygn",kod,1993-02-21T15:00:00Z,1993-02-21T16:00:00+01:00,730306800000,,71,71,G,,corrected-archive-csv
162860,Luleå-Kallax Flygplats,13,Rådande väder,"momentanvärde, 1 gång/tim resp 8 gånger/dygn",kod,1993-02-21T16:00:00Z,1993-02-21T17:00:00+01:00,730310400000,,71,71,Y,,corrected-archive-csv
162860,Luleå-Kallax Flygplats,13,Rådande väder,"momentanvärde, 1 gång/tim resp 8 gånger/dygn",kod,1993-02-21T17:00:00Z,1993-02-21T18:00:00+01:00,730314000000,,22,22,Y,,corrected-archive-csv
162860,Luleå-Kallax Flygplats,13,Rådande väder,"momentanvärde, 1 gång/tim resp 8 gånger/dygn",kod,1993-02-21T18:00:00Z,1993-02-21T19:00:00+01:00,730317600000,,0,0,G,,corrected-archive-csv
162860,Luleå-Kallax Flygplats,13,Rådande väder,"momentanvärde, 1 gång/tim resp 8 gånger/dygn",kod,1993-02-21T21:00:00Z,1993-02-21T22:00:00+01:00,730328400000,,0,0,G,,corrected-archive-csv
162860,Luleå-Kallax Flygplats,13,Rådande väder,"momentanvärde, 1 gång/tim resp 8 gånger/dygn",kod,1993-02-22T00:00:00Z,1993-02-22T01:00:00+01:00,730339200000,,0,0,G,,corrected-archive-csv
162860,Luleå-Kallax Flygplats,13,Rådande väder,"momentanvärde, 1 gång/tim resp 8 gånger/dygn",kod,1993-02-22T03:00:00Z,1993-02-22T04:00:00+01:00,730350000000,,0,0,G,,corrected-archive-csv
162860,Luleå-Kallax Flygplats,13,Rådande väder,"momentanvärde, 1 gång/tim resp 8 gånger/dygn",kod,1993-02-22T06:00:00Z,1993-02-22T07:00:00+01:00,730360800000,,0,0,G,,corrected-archive-csv
162860,Luleå-Kallax Flygplats,13,Rådande väder,"momentanvärde, 1 gång/tim resp 8 gånger/dygn",kod,1993-02-22T09:00:00Z,1993-02-22T10:00:00+01:00,730371600000,,0,0,G,,corrected-archive-csv
162860,Luleå-Kallax Flygplats,13,Rådande väder,"momentanvärde, 1 gång/tim resp 8 gånger/dygn",kod,1993-02-22T12:00:00Z,1993-02-22T13:00:00+01:00,730382400000,,0,0,G,,corrected-archive-csv
162860,Luleå-Kallax Flygplats,13,Rådande väder,"momentanvärde, 1 gång/tim resp 8 gånger/dygn",kod,1993-02-22T15:00:00Z,1993-02-22T16:00:00+01:00,730393200000,,0,0,G,,corrected-archive-csv
162860,Luleå-Kallax Flygplats,13,Rådande väder,"momentanvärde, 1 gång/tim resp 8 gånger/dygn",kod,1993-02-22T18:00:00Z,1993-02-22T19:00:00+01:00,730404000000,,0,0,G,,corrected-archive-csv
162860,Luleå-Kallax Flygplats,13,Rådande väder,"momentanvärde, 1 gång/tim resp 8 gånger/dygn",kod,1993-02-22T21:00:00Z,1993-02-22T22:00:00+01:00,730414800000,,0,0,G,,corrected-archive-csv
162860,Luleå-Kallax Flygplats,13,Rådande väder,"momentanvärde, 1 gång/tim resp 8 gånger/dygn",kod,1993-02-23T00:00:00Z,1993-02-23T01:00:00+01:00,730425600000,,0,0,G,,corrected-archive-csv
162860,Luleå-Kallax Flygplats,13,Rådande väder,"momentanvärde, 1 gång/tim resp 8 gånger/dygn",kod,1993-02-23T03:00:00Z,1993-02-23T04:00:00+01:00,730436400000,,0,0,G,,corrected-archive-csv
162860,Luleå-Kallax Flygplats,13,Rådande väder,"momentanvärde, 1 gång/tim resp 8 gånger/dygn",kod,1993-02-23T06:00:00Z,1993-02-23T07:00:00+01:00,730447200000,,0,0,G,,corrected-archive-csv
162860,Luleå-Kallax Flygplats,13,Rådande väder,"momentanvärde, 1 gång/tim resp 8 gånger/dygn",kod,1993-02-23T09:00:00Z,1993-02-23T10:00:00+01:00,730458000000,,0,0,G,,corrected-archive-csv
162860,Luleå-Kallax Flygplats,13,Rådande väder,"momentanvärde, 1 gång/tim resp 8 gånger/dygn",kod,1993-02-23T12:00:00Z,1993-02-23T13:00:00+01:00,730468800000,,0,0,G,,corrected-archive-csv
162860,Luleå-Kallax Flygplats,13,Rådande väder,"momentanvärde, 1 gång/tim resp 8 gånger/dygn",kod,1993-02-23T15:00:00Z,1993-02-23T16:00:00+01:00,730479600000,,0,0,G,,corrected-archive-csv
162860,Luleå-Kallax Flygplats,13,Rådande väder,"momentanvärde, 1 gång/tim resp 8 gånger/dygn",kod,1993-02-23T18:00:00Z,1993-02-23T19:00:00+01:00,730490400000,,0,0,G,,corrected-archive-csv
162860,Luleå-Kallax Flygplats,13,Rådande väder,"momentanvärde, 1 gång/tim resp 8 gånger/dygn",kod,1993-02-23T21:00:00Z,1993-02-23T22:00:00+01:00,730501200000,,0,0,G,,corrected-archive-csv
162860,Luleå-Kallax Flygplats,13,Rådande väder,"momentanvärde, 1 gång/tim resp 8 gånger/dygn",kod,1993-02-24T00:00:00Z,1993-02-24T01:00:00+01:00,730512000000,,0,0,G,,corrected-archive-csv
162860,Luleå-Kallax Flygplats,13,Rådande väder,"momentanvärde, 1 gång/tim resp 8 gånger/dygn",kod,1993-02-24T03:00:00Z,1993-02-24T04:00:00+01:00,730522800000,,0,0,G,,corrected-archive-csv
162860,Luleå-Kallax Flygplats,13,Rådande väder,"momentanvärde, 1 gång/tim resp 8 gånger/dygn",kod,1993-02-24T06:00:00Z,1993-02-24T07:00:00+01:00,730533600000,,10,10,G,,corrected-archive-csv
162860,Luleå-Kallax Flygplats,13,Rådande väder,"momentanvärde, 1 gång/tim resp 8 gånger/dygn",kod,1993-02-24T07:00:00Z,1993-02-24T08:00:00+01:00,730537200000,,76,76,Y,,corrected-archive-csv
162860,Luleå-Kallax Flygplats,13,Rådande väder,"momentanvärde, 1 gång/tim resp 8 gånger/dygn",kod,1993-02-24T08:00:00Z,1993-02-24T09:00:00+01:00,730540800000,,71,71,Y,,corrected-archive-csv
162860,Luleå-Kallax Flygplats,13,Rådande väder,"momentanvärde, 1 gång/tim resp 8 gånger/dygn",kod,1993-02-24T09:00:00Z,1993-02-24T10:00:00+01:00,730544400000,,71,71,G,,corrected-archive-csv
162860,Luleå-Kallax Flygplats,13,Rådande väder,"momentanvärde, 1 gång/tim resp 8 gånger/dygn",kod,1993-02-24T10:00:00Z,1993-02-24T11:00:00+01:00,730548000000,,71,71,Y,,corrected-archive-csv
162860,Luleå-Kallax Flygplats,13,Rådande väder,"momentanvärde, 1 gång/tim resp 8 gånger/dygn",kod,1993-02-24T11:00:00Z,1993-02-24T12:00:00+01:00,730551600000,,71,71,Y,,corrected-archive-csv
162860,Luleå-Kallax Flygplats,13,Rådande väder,"momentanvärde, 1 gång/tim resp 8 gånger/dygn",kod,1993-02-24T12:00:00Z,1993-02-24T13:00:00+01:00,730555200000,,71,71,G,,corrected-archive-csv
162860,Luleå-Kallax Flygplats,13,Rådande väder,"momentanvärde, 1 gång/tim resp 8 gånger/dygn",kod,1993-02-24T13:00:00Z,1993-02-24T14:00:00+01:00,730558800000,,71,71,Y,,corrected-archive-csv
162860,Luleå-Kallax Flygplats,13,Rådande väder,"momentanvärde, 1 gång/tim resp 8 gånger/dygn",kod,1993-02-24T14:00:00Z,1993-02-24T15:00:00+01:00,730562400000,,71,71,Y,,corrected-archive-csv
162860,Luleå-Kallax Flygplats,13,Rådande väder,"momentanvärde, 1 gång/tim resp 8 gånger/dygn",kod,1993-02-24T15:00:00Z,1993-02-24T16:00:00+01:00,730566000000,,71,71,G,,corrected-archive-csv
162860,Luleå-Kallax Flygplats,13,Rådande väder,"momentanvärde, 1 gång/tim resp 8 gånger/dygn",kod,1993-02-24T16:00:00Z,1993-02-24T17:00:00+01:00,730569600000,,22,22,Y,,corrected-archive-csv
162860,Luleå-Kallax Flygplats,13,Rådande väder,"momentanvärde, 1 gång/tim resp 8 gånger/dygn",kod,1993-02-24T17:00:00Z,1993-02-24T18:00:00+01:00,730573200000,,2,2,Y,,corrected-archive-csv
162860,Luleå-Kallax Flygplats,13,Rådande väder,"momentanvärde, 1 gång/tim resp 8 gånger/dygn",kod,1993-02-24T18:00:00Z,1993-02-24T19:00:00+01:00,730576800000,,2,2,G,,corrected-archive-csv
162860,Luleå-Kallax Flygplats,13,Rådande väder,"momentanvärde, 1 gång/tim resp 8 gånger/dygn",kod,1993-02-24T21:00:00Z,1993-02-24T22:00:00+01:00,730587600000,,0,0,G,,corrected-archive-csv
162860,Luleå-Kallax Flygplats,13,Rådande väder,"momentanvärde, 1 gång/tim resp 8 gånger/dygn",kod,1993-02-25T00:00:00Z,1993-02-25T01:00:00+01:00,730598400000,,0,0,G,,corrected-archive-csv
162860,Luleå-Kallax Flygplats,13,Rådande väder,"momentanvärde, 1 gång/tim resp 8 gånger/dygn",kod,1993-02-25T03:00:00Z,1993-02-25T04:00:00+01:00,730609200000,,0,0,G,,corrected-archive-csv
162860,Luleå-Kallax Flygplats,13,Rådande väder,"momentanvärde, 1 gång/tim resp 8 gånger/dygn",kod,1993-02-25T06:00:00Z,1993-02-25T07:00:00+01:00,730620000000,,0,0,G,,corrected-archive-csv
162860,Luleå-Kallax Flygplats,13,Rådande väder,"momentanvärde, 1 gång/tim resp 8 gånger/dygn",kod,1993-02-25T07:00:00Z,1993-02-25T08:00:00+01:00,730623600000,,71,71,Y,,corrected-archive-csv
162860,Luleå-Kallax Flygplats,13,Rådande väder,"momentanvärde, 1 gång/tim resp 8 gånger/dygn",kod,1993-02-25T08:00:00Z,1993-02-25T09:00:00+01:00,730627200000,,71,71,Y,,corrected-archive-csv
162860,Luleå-Kallax Flygplats,13,Rådande väder,"momentanvärde, 1 gång/tim resp 8 gånger/dygn",kod,1993-02-25T09:00:00Z,1993-02-25T10:00:00+01:00,730630800000,,77,77,G,,corrected-archive-csv
162860,Luleå-Kallax Flygplats,13,Rådande väder,"momentanvärde, 1 gång/tim resp 8 gånger/dygn",kod,1993-02-25T10:00:00Z,1993-02-25T11:00:00+01:00,730634400000,,77,77,Y,,corrected-archive-csv
162860,Luleå-Kallax Flygplats,13,Rådande väder,"momentanvärde, 1 gång/tim resp 8 gånger/dygn",kod,1993-02-25T11:00:00Z,1993-02-25T12:00:00+01:00,730638000000,,77,77,Y,,corrected-archive-csv
162860,Luleå-Kallax Flygplats,13,Rådande väder,"momentanvärde, 1 gång/tim resp 8 gånger/dygn",kod,1993-02-25T12:00:00Z,1993-02-25T13:00:00+01:00,730641600000,,77,77,G,,corrected-archive-csv
162860,Luleå-Kallax Flygplats,13,Rådande väder,"momentanvärde, 1 gång/tim resp 8 gånger/dygn",kod,1993-02-25T13:00:00Z,1993-02-25T14:00:00+01:00,730645200000,,77,77,Y,,corrected-archive-csv
162860,Luleå-Kallax Flygplats,13,Rådande väder,"momentanvärde, 1 gång/tim resp 8 gånger/dygn",kod,1993-02-25T14:00:00Z,1993-02-25T15:00:00+01:00,730648800000,,77,77,Y,,corrected-archive-csv
162860,Luleå-Kallax Flygplats,13,Rådande väder,"momentanvärde, 1 gång/tim resp 8 gånger/dygn",kod,1993-02-25T15:00:00Z,1993-02-25T16:00:00+01:00,730652400000,,77,77,G,,corrected-archive-csv
162860,Luleå-Kallax Flygplats,13,Rådande väder,"momentanvärde, 1 gång/tim resp 8 gånger/dygn",kod,1993-02-25T16:00:00Z,1993-02-25T17:00:00+01:00,730656000000,,20,20,Y,,corrected-archive-csv
162860,Luleå-Kallax Flygplats,13,Rådande väder,"momentanvärde, 1 gång/tim resp 8 gånger/dygn",kod,1993-02-25T17:00:00Z,1993-02-25T18:00:00+01:00,730659600000,,2,2,Y,,corrected-archive-csv
162860,Luleå-Kallax Flygplats,13,Rådande väder,"momentanvärde, 1 gång/tim resp 8 gånger/dygn",kod,1993-02-25T18:00:00Z,1993-02-25T19:00:00+01:00,730663200000,,2,2,G,,corrected-archive-csv
162860,Luleå-Kallax Flygplats,13,Rådande väder,"momentanvärde, 1 gång/tim resp 8 gånger/dygn",kod,1993-02-25T21:00:00Z,1993-02-25T22:00:00+01:00,730674000000,,0,0,G,,corrected-archive-csv
162860,Luleå-Kallax Flygplats,13,Rådande väder,"momentanvärde, 1 gång/tim resp 8 gånger/dygn",kod,1993-02-26T00:00:00Z,1993-02-26T01:00:00+01:00,730684800000,,0,0,G,,corrected-archive-csv
162860,Luleå-Kallax Flygplats,13,Rådande väder,"momentanvärde, 1 gång/tim resp 8 gånger/dygn",kod,1993-02-26T03:00:00Z,1993-02-26T04:00:00+01:00,730695600000,,0,0,G,,corrected-archive-csv
162860,Luleå-Kallax Flygplats,13,Rådande väder,"momentanvärde, 1 gång/tim resp 8 gånger/dygn",kod,1993-02-26T06:00:00Z,1993-02-26T07:00:00+01:00,730706400000,,0,0,G,,corrected-archive-csv
162860,Luleå-Kallax Flygplats,13,Rådande väder,"momentanvärde, 1 gång/tim resp 8 gånger/dygn",kod,1993-02-26T09:00:00Z,1993-02-26T10:00:00+01:00,730717200000,,0,0,G,,corrected-archive-csv
162860,Luleå-Kallax Flygplats,13,Rådande väder,"momentanvärde, 1 gång/tim resp 8 gånger/dygn",kod,1993-02-26T12:00:00Z,1993-02-26T13:00:00+01:00,730728000000,,0,0,G,,corrected-archive-csv
162860,Luleå-Kallax Flygplats,13,Rådande väder,"momentanvärde, 1 gång/tim resp 8 gånger/dygn",kod,1993-02-26T15:00:00Z,1993-02-26T16:00:00+01:00,730738800000,,0,0,G,,corrected-archive-csv
162860,Luleå-Kallax Flygplats,13,Rådande väder,"momentanvärde, 1 gång/tim resp 8 gånger/dygn",kod,1993-02-26T16:00:00Z,1993-02-26T17:00:00+01:00,730742400000,,77,77,Y,,corrected-archive-csv
162860,Luleå-Kallax Flygplats,13,Rådande väder,"momentanvärde, 1 gång/tim resp 8 gånger/dygn",kod,1993-02-26T17:00:00Z,1993-02-26T18:00:00+01:00,730746000000,,77,77,Y,,corrected-archive-csv
162860,Luleå-Kallax Flygplats,13,Rådande väder,"momentanvärde, 1 gång/tim resp 8 gånger/dygn",kod,1993-02-26T18:00:00Z,1993-02-26T19:00:00+01:00,730749600000,,77,77,G,,corrected-archive-csv
162860,Luleå-Kallax Flygplats,13,Rådande väder,"momentanvärde, 1 gång/tim resp 8 gånger/dygn",kod,1993-02-26T19:00:00Z,1993-02-26T20:00:00+01:00,730753200000,,77,77,Y,,corrected-archive-csv
162860,Luleå-Kallax Flygplats,13,Rådande väder,"momentanvärde, 1 gång/tim resp 8 gånger/dygn",kod,1993-02-26T20:00:00Z,1993-02-26T21:00:00+01:00,730756800000,,77,77,Y,,corrected-archive-csv
162860,Luleå-Kallax Flygplats,13,Rådande väder,"momentanvärde, 1 gång/tim resp 8 gånger/dygn",kod,1993-02-26T21:00:00Z,1993-02-26T22:00:00+01:00,730760400000,,77,77,G,,corrected-archive-csv
162860,Luleå-Kallax Flygplats,13,Rådande väder,"momentanvärde, 1 gång/tim resp 8 gånger/dygn",kod,1993-02-26T22:00:00Z,1993-02-26T23:00:00+01:00,730764000000,,77,77,Y,,corrected-archive-csv
162860,Luleå-Kallax Flygplats,13,Rådande väder,"momentanvärde, 1 gång/tim resp 8 gånger/dygn",kod,1993-02-26T23:00:00Z,1993-02-27T00:00:00+01:00,730767600000,,77,77,Y,,corrected-archive-csv
162860,Luleå-Kallax Flygplats,13,Rådande väder,"momentanvärde, 1 gång/tim resp 8 gånger/dygn",kod,1993-02-27T00:00:00Z,1993-02-27T01:00:00+01:00,730771200000,,71,71,G,,corrected-archive-csv
162860,Luleå-Kallax Flygplats,13,Rådande väder,"momentanvärde, 1 gång/tim resp 8 gånger/dygn",kod,1993-02-27T01:00:00Z,1993-02-27T02:00:00+01:00,730774800000,,71,71,Y,,corrected-archive-csv
162860,Luleå-Kallax Flygplats,13,Rådande väder,"momentanvärde, 1 gång/tim resp 8 gånger/dygn",kod,1993-02-27T02:00:00Z,1993-02-27T03:00:00+01:00,730778400000,,71,71,Y,,corrected-archive-csv
162860,Luleå-Kallax Flygplats,13,Rådande väder,"momentanvärde, 1 gång/tim resp 8 gånger/dygn",kod,1993-02-27T03:00:00Z,1993-02-27T04:00:00+01:00,730782000000,,71,71,G,,corrected-archive-csv
162860,Luleå-Kallax Flygplats,13,Rådande väder,"momentanvärde, 1 gång/tim resp 8 gånger/dygn",kod,1993-02-27T04:00:00Z,1993-02-27T05:00:00+01:00,730785600000,,22,22,Y,,corrected-archive-csv
162860,Luleå-Kallax Flygplats,13,Rådande väder,"momentanvärde, 1 gång/tim resp 8 gånger/dygn",kod,1993-02-27T05:00:00Z,1993-02-27T06:00:00+01:00,730789200000,,2,2,Y,,corrected-archive-csv
162860,Luleå-Kallax Flygplats,13,Rådande väder,"momentanvärde, 1 gång/tim resp 8 gånger/dygn",kod,1993-02-27T06:00:00Z,1993-02-27T07:00:00+01:00,730792800000,,10,10,G,,corrected-archive-csv
162860,Luleå-Kallax Flygplats,13,Rådande väder,"momentanvärde, 1 gång/tim resp 8 gånger/dygn",kod,1993-02-27T07:00:00Z,1993-02-27T08:00:00+01:00,730796400000,,10,10,Y,,corrected-archive-csv
162860,Luleå-Kallax Flygplats,13,Rådande väder,"momentanvärde, 1 gång/tim resp 8 gånger/dygn",kod,1993-02-27T08:00:00Z,1993-02-27T09:00:00+01:00,730800000000,,10,10,Y,,corrected-archive-csv
162860,Luleå-Kallax Flygplats,13,Rådande väder,"momentanvärde, 1 gång/tim resp 8 gånger/dygn",kod,1993-02-27T09:00:00Z,1993-02-27T10:00:00+01:00,730803600000,,0,0,G,,corrected-archive-csv
162860,Luleå-Kallax Flygplats,13,Rådande väder,"momentanvärde, 1 gång/tim resp 8 gånger/dygn",kod,1993-02-27T12:00:00Z,1993-02-27T13:00:00+01:00,730814400000,,0,0,G,,corrected-archive-csv
162860,Luleå-Kallax Flygplats,13,Rådande väder,"momentanvärde, 1 gång/tim resp 8 gånger/dygn",kod,1993-02-27T15:00:00Z,1993-02-27T16:00:00+01:00,730825200000,,0,0,G,,corrected-archive-csv
162860,Luleå-Kallax Flygplats,13,Rådande väder,"momentanvärde, 1 gång/tim resp 8 gånger/dygn",kod,1993-02-27T18:00:00Z,1993-02-27T19:00:00+01:00,730836000000,,0,0,G,,corrected-archive-csv
162860,Luleå-Kallax Flygplats,13,Rådande väder,"momentanvärde, 1 gång/tim resp 8 gånger/dygn",kod,1993-02-27T21:00:00Z,1993-02-27T22:00:00+01:00,730846800000,,0,0,G,,corrected-archive-csv
162860,Luleå-Kallax Flygplats,13,Rådande väder,"momentanvärde, 1 gång/tim resp 8 gånger/dygn",kod,1993-02-28T00:00:00Z,1993-02-28T01:00:00+01:00,730857600000,,0,0,G,,corrected-archive-csv
162860,Luleå-Kallax Flygplats,13,Rådande väder,"momentanvärde, 1 gång/tim resp 8 gånger/dygn",kod,1993-02-28T03:00:00Z,1993-02-28T04:00:00+01:00,730868400000,,0,0,G,,corrected-archive-csv
162860,Luleå-Kallax Flygplats,13,Rådande väder,"momentanvärde, 1 gång/tim resp 8 gånger/dygn",kod,1993-02-28T06:00:00Z,1993-02-28T07:00:00+01:00,730879200000,,0,0,G,,corrected-archive-csv
162860,Luleå-Kallax Flygplats,13,Rådande väder,"momentanvärde, 1 gång/tim resp 8 gånger/dygn",kod,1993-02-28T12:00:00Z,1993-02-28T13:00:00+01:00,730900800000,,0,0,G,,corrected-archive-csv
162860,Luleå-Kallax Flygplats,13,Rådande väder,"momentanvärde, 1 gång/tim resp 8 gånger/dygn",kod,1993-02-28T15:00:00Z,1993-02-28T16:00:00+01:00,730911600000,,0,0,G,,corrected-archive-csv
162860,Luleå-Kallax Flygplats,13,Rådande väder,"momentanvärde, 1 gång/tim resp 8 gånger/dygn",kod,1993-02-28T18:00:00Z,1993-02-28T19:00:00+01:00,730922400000,,0,0,G,,corrected-archive-csv
162860,Luleå-Kallax Flygplats,13,Rådande väder,"momentanvärde, 1 gång/tim resp 8 gånger/dygn",kod,1993-02-28T21:00:00Z,1993-02-28T22:00:00+01:00,730933200000,,0,0,G,,corrected-archive-csv
162860,Luleå-Kallax Flygplats,13,Rådande väder,"momentanvärde, 1 gång/tim resp 8 gånger/dygn",kod,1993-03-01T00:00:00Z,1993-03-01T01:00:00+01:00,730944000000,,0,0,G,,corrected-archive-csv
162860,Luleå-Kallax Flygplats,13,Rådande väder,"momentanvärde, 1 gång/tim resp 8 gånger/dygn",kod,1993-03-01T03:00:00Z,1993-03-01T04:00:00+01:00,730954800000,,0,0,G,,corrected-archive-csv
162860,Luleå-Kallax Flygplats,13,Rådande väder,"momentanvärde, 1 gång/tim resp 8 gånger/dygn",kod,1993-03-01T06:00:00Z,1993-03-01T07:00:00+01:00,730965600000,,40,40,G,,corrected-archive-csv
162860,Luleå-Kallax Flygplats,13,Rådande väder,"momentanvärde, 1 gång/tim resp 8 gånger/dygn",kod,1993-03-01T07:00:00Z,1993-03-01T08:00:00+01:00,730969200000,,40,40,Y,,corrected-archive-csv
162860,Luleå-Kallax Flygplats,13,Rådande väder,"momentanvärde, 1 gång/tim resp 8 gånger/dygn",kod,1993-03-01T08:00:00Z,1993-03-01T09:00:00+01:00,730972800000,,40,40,Y,,corrected-archive-csv
162860,Luleå-Kallax Flygplats,13,Rådande väder,"momentanvärde, 1 gång/tim resp 8 gånger/dygn",kod,1993-03-01T09:00:00Z,1993-03-01T10:00:00+01:00,730976400000,,0,0,G,,corrected-archive-csv
162860,Luleå-Kallax Flygplats,13,Rådande väder,"momentanvärde, 1 gång/tim resp 8 gånger/dygn",kod,1993-03-01T10:00:00Z,1993-03-01T11:00:00+01:00,730980000000,,2,2,Y,,corrected-archive-csv
162860,Luleå-Kallax Flygplats,13,Rådande väder,"momentanvärde, 1 gång/tim resp 8 gånger/dygn",kod,1993-03-01T11:00:00Z,1993-03-01T12:00:00+01:00,730983600000,,2,2,Y,,corrected-archive-csv
162860,Luleå-Kallax Flygplats,13,Rådande väder,"momentanvärde, 1 gång/tim resp 8 gånger/dygn",kod,1993-03-01T12:00:00Z,1993-03-01T13:00:00+01:00,730987200000,,0,0,G,,corrected-archive-csv
162860,Luleå-Kallax Flygplats,13,Rådande väder,"momentanvärde, 1 gång/tim resp 8 gånger/dygn",kod,1993-03-01T18:00:00Z,1993-03-01T19:00:00+01:00,731008800000,,0,0,G,,corrected-archive-csv
162860,Luleå-Kallax Flygplats,13,Rådande väder,"momentanvärde, 1 gång/tim resp 8 gånger/dygn",kod,1993-03-01T21:00:00Z,1993-03-01T22:00:00+01:00,731019600000,,0,0,G,,corrected-archive-csv
162860,Luleå-Kallax Flygplats,13,Rådande väder,"momentanvärde, 1 gång/tim resp 8 gånger/dygn",kod,1993-03-02T00:00:00Z,1993-03-02T01:00:00+01:00,731030400000,,0,0,G,,corrected-archive-csv
162860,Luleå-Kallax Flygplats,13,Rådande väder,"momentanvärde, 1 gång/tim resp 8 gånger/dygn",kod,1993-03-02T03:00:00Z,1993-03-02T04:00:00+01:00,731041200000,,0,0,G,,corrected-archive-csv
162860,Luleå-Kallax Flygplats,13,Rådande väder,"momentanvärde, 1 gång/tim resp 8 gånger/dygn",kod,1993-03-02T06:00:00Z,1993-03-02T07:00:00+01:00,731052000000,,0,0,G,,corrected-archive-csv
162860,Luleå-Kallax Flygplats,13,Rådande väder,"momentanvärde, 1 gång/tim resp 8 gånger/dygn",kod,1993-03-02T09:00:00Z,1993-03-02T10:00:00+01:00,731062800000,,0,0,G,,corrected-archive-csv
162860,Luleå-Kallax Flygplats,13,Rådande väder,"momentanvärde, 1 gång/tim resp 8 gånger/dygn",kod,1993-03-02T12:00:00Z,1993-03-02T13:00:00+01:00,731073600000,,0,0,G,,corrected-archive-csv
162860,Luleå-Kallax Flygplats,13,Rådande väder,"momentanvärde, 1 gång/tim resp 8 gånger/dygn",kod,1993-03-02T15:00:00Z,1993-03-02T16:00:00+01:00,731084400000,,0,0,G,,corrected-archive-csv
162860,Luleå-Kallax Flygplats,13,Rådande väder,"momentanvärde, 1 gång/tim resp 8 gånger/dygn",kod,1993-03-02T18:00:00Z,1993-03-02T19:00:00+01:00,731095200000,,0,0,G,,corrected-archive-csv
162860,Luleå-Kallax Flygplats,13,Rådande väder,"momentanvärde, 1 gång/tim resp 8 gånger/dygn",kod,1993-03-02T21:00:00Z,1993-03-02T22:00:00+01:00,731106000000,,0,0,G,,corrected-archive-csv
162860,Luleå-Kallax Flygplats,13,Rådande väder,"momentanvärde, 1 gång/tim resp 8 gånger/dygn",kod,1993-03-02T22:00:00Z,1993-03-02T23:00:00+01:00,731109600000,,40,40,Y,,corrected-archive-csv
162860,Luleå-Kallax Flygplats,13,Rådande väder,"momentanvärde, 1 gång/tim resp 8 gånger/dygn",kod,1993-03-02T23:00:00Z,1993-03-03T00:00:00+01:00,731113200000,,40,40,Y,,corrected-archive-csv
162860,Luleå-Kallax Flygplats,13,Rådande väder,"momentanvärde, 1 gång/tim resp 8 gånger/dygn",kod,1993-03-03T00:00:00Z,1993-03-03T01:00:00+01:00,731116800000,,40,40,G,,corrected-archive-csv
162860,Luleå-Kallax Flygplats,13,Rådande väder,"momentanvärde, 1 gång/tim resp 8 gånger/dygn",kod,1993-03-03T01:00:00Z,1993-03-03T02:00:00+01:00,731120400000,,40,40,Y,,corrected-archive-csv
162860,Luleå-Kallax Flygplats,13,Rådande väder,"momentanvärde, 1 gång/tim resp 8 gånger/dygn",kod,1993-03-03T02:00:00Z,1993-03-03T03:00:00+01:00,731124000000,,40,40,Y,,corrected-archive-csv
162860,Luleå-Kallax Flygplats,13,Rådande väder,"momentanvärde, 1 gång/tim resp 8 gånger/dygn",kod,1993-03-03T03:00:00Z,1993-03-03T04:00:00+01:00,731127600000,,40,40,G,,corrected-archive-csv
162860,Luleå-Kallax Flygplats,13,Rådande väder,"momentanvärde, 1 gång/tim resp 8 gånger/dygn",kod,1993-03-03T04:00:00Z,1993-03-03T05:00:00+01:00,731131200000,,40,40,Y,,corrected-archive-csv
162860,Luleå-Kallax Flygplats,13,Rådande väder,"momentanvärde, 1 gång/tim resp 8 gånger/dygn",kod,1993-03-03T05:00:00Z,1993-03-03T06:00:00+01:00,731134800000,,40,40,Y,,corrected-archive-csv
162860,Luleå-Kallax Flygplats,13,Rådande väder,"momentanvärde, 1 gång/tim resp 8 gånger/dygn",kod,1993-03-03T06:00:00Z,1993-03-03T07:00:00+01:00,731138400000,,40,40,G,,corrected-archive-csv
162860,Luleå-Kallax Flygplats,13,Rådande väder,"momentanvärde, 1 gång/tim resp 8 gånger/dygn",kod,1993-03-03T07:00:00Z,1993-03-03T08:00:00+01:00,731142000000,,40,40,Y,,corrected-archive-csv
162860,Luleå-Kallax Flygplats,13,Rådande väder,"momentanvärde, 1 gång/tim resp 8 gånger/dygn",kod,1993-03-03T08:00:00Z,1993-03-03T09:00:00+01:00,731145600000,,11,11,Y,,corrected-archive-csv
162860,Luleå-Kallax Flygplats,13,Rådande väder,"momentanvärde, 1 gång/tim resp 8 gånger/dygn",kod,1993-03-03T09:00:00Z,1993-03-03T10:00:00+01:00,731149200000,,0,0,G,,corrected-archive-csv
162860,Luleå-Kallax Flygplats,13,Rådande väder,"momentanvärde, 1 gång/tim resp 8 gånger/dygn",kod,1993-03-03T10:00:00Z,1993-03-03T11:00:00+01:00,731152800000,,3,3,Y,,corrected-archive-csv
162860,Luleå-Kallax Flygplats,13,Rådande väder,"momentanvärde, 1 gång/tim resp 8 gånger/dygn",kod,1993-03-03T11:00:00Z,1993-03-03T12:00:00+01:00,731156400000,,2,2,Y,,corrected-archive-csv
162860,Luleå-Kallax Flygplats,13,Rådande väder,"momentanvärde, 1 gång/tim resp 8 gånger/dygn",kod,1993-03-03T12:00:00Z,1993-03-03T13:00:00+01:00,731160000000,,0,0,G,,corrected-archive-csv
162860,Luleå-Kallax Flygplats,13,Rådande väder,"momentanvärde, 1 gång/tim resp 8 gånger/dygn",kod,1993-03-03T15:00:00Z,1993-03-03T16:00:00+01:00,731170800000,,0,0,G,,corrected-archive-csv
162860,Luleå-Kallax Flygplats,13,Rådande väder,"momentanvärde, 1 gång/tim resp 8 gånger/dygn",kod,1993-03-03T18:00:00Z,1993-03-03T19:00:00+01:00,731181600000,,0,0,G,,corrected-archive-csv
162860,Luleå-Kallax Flygplats,13,Rådande väder,"momentanvärde, 1 gång/tim resp 8 gånger/dygn",kod,1993-03-03T21:00:00Z,1993-03-03T22:00:00+01:00,731192400000,,0,0,G,,corrected-archive-csv
162860,Luleå-Kallax Flygplats,13,Rådande väder,"momentanvärde, 1 gång/tim resp 8 gånger/dygn",kod,1993-03-04T00:00:00Z,1993-03-04T01:00:00+01:00,731203200000,,0,0,G,,corrected-archive-csv
162860,Luleå-Kallax Flygplats,13,Rådande väder,"momentanvärde, 1 gång/tim resp 8 gånger/dygn",kod,1993-03-04T03:00:00Z,1993-03-04T04:00:00+01:00,731214000000,,0,0,G,,corrected-archive-csv
162860,Luleå-Kallax Flygplats,13,Rådande väder,"momentanvärde, 1 gång/tim resp 8 gånger/dygn",kod,1993-03-04T06:00:00Z,1993-03-04T07:00:00+01:00,731224800000,,0,0,G,,corrected-archive-csv
162860,Luleå-Kallax Flygplats,13,Rådande väder,"momentanvärde, 1 gång/tim resp 8 gånger/dygn",kod,1993-03-04T09:00:00Z,1993-03-04T10:00:00+01:00,731235600000,,0,0,G,,corrected-archive-csv
162860,Luleå-Kallax Flygplats,13,Rådande väder,"momentanvärde, 1 gång/tim resp 8 gånger/dygn",kod,1993-03-04T10:00:00Z,1993-03-04T11:00:00+01:00,731239200000,,14,14,Y,,corrected-archive-csv
162860,Luleå-Kallax Flygplats,13,Rådande väder,"momentanvärde, 1 gång/tim resp 8 gånger/dygn",kod,1993-03-04T12:00:00Z,1993-03-04T13:00:00+01:00,731246400000,,0,0,G,,corrected-archive-csv
162860,Luleå-Kallax Flygplats,13,Rådande väder,"momentanvärde, 1 gång/tim resp 8 gånger/dygn",kod,1993-03-04T15:00:00Z,1993-03-04T16:00:00+01:00,731257200000,,0,0,G,,corrected-archive-csv
162860,Luleå-Kallax Flygplats,13,Rådande väder,"momentanvärde, 1 gång/tim resp 8 gånger/dygn",kod,1993-03-04T18:00:00Z,1993-03-04T19:00:00+01:00,731268000000,,0,0,G,,corrected-archive-csv
162860,Luleå-Kallax Flygplats,13,Rådande väder,"momentanvärde, 1 gång/tim resp 8 gånger/dygn",kod,1993-03-04T21:00:00Z,1993-03-04T22:00:00+01:00,731278800000,,0,0,G,,corrected-archive-csv
162860,Luleå-Kallax Flygplats,13,Rådande väder,"momentanvärde, 1 gång/tim resp 8 gånger/dygn",kod,1993-03-05T00:00:00Z,1993-03-05T01:00:00+01:00,731289600000,,0,0,G,,corrected-archive-csv
162860,Luleå-Kallax Flygplats,13,Rådande väder,"momentanvärde, 1 gång/tim resp 8 gånger/dygn",kod,1993-03-05T02:00:00Z,1993-03-05T03:00:00+01:00,731296800000,,71,71,Y,,corrected-archive-csv
162860,Luleå-Kallax Flygplats,13,Rådande väder,"momentanvärde, 1 gång/tim resp 8 gånger/dygn",kod,1993-03-05T03:00:00Z,1993-03-05T04:00:00+01:00,731300400000,,71,71,G,,corrected-archive-csv
162860,Luleå-Kallax Flygplats,13,Rådande väder,"momentanvärde, 1 gång/tim resp 8 gånger/dygn",kod,1993-03-05T04:00:00Z,1993-03-05T05:00:00+01:00,731304000000,,71,71,Y,,corrected-archive-csv
162860,Luleå-Kallax Flygplats,13,Rådande väder,"momentanvärde, 1 gång/tim resp 8 gånger/dygn",kod,1993-03-05T05:00:00Z,1993-03-05T06:00:00+01:00,731307600000,,71,71,Y,,corrected-archive-csv
162860,Luleå-Kallax Flygplats,13,Rådande väder,"momentanvärde, 1 gång/tim resp 8 gånger/dygn",kod,1993-03-05T06:00:00Z,1993-03-05T07:00:00+01:00,731311200000,,71,71,G,,corrected-archive-csv
162860,Luleå-Kallax Flygplats,13,Rådande väder,"momentanvärde, 1 gång/tim resp 8 gånger/dygn",kod,1993-03-05T07:00:00Z,1993-03-05T08:00:00+01:00,731314800000,,71,71,Y,,corrected-archive-csv
162860,Luleå-Kallax Flygplats,13,Rådande väder,"momentanvärde, 1 gång/tim resp 8 gånger/dygn",kod,1993-03-05T08:00:00Z,1993-03-05T09:00:00+01:00,731318400000,,73,73,Y,,corrected-archive-csv
162860,Luleå-Kallax Flygplats,13,Rådande väder,"momentanvärde, 1 gång/tim resp 8 gånger/dygn",kod,1993-03-05T09:00:00Z,1993-03-05T10:00:00+01:00,731322000000,,73,73,G,,corrected-archive-csv
162860,Luleå-Kallax Flygplats,13,Rådande väder,"momentanvärde, 1 gång/tim resp 8 gånger/dygn",kod,1993-03-05T10:00:00Z,1993-03-05T11:00:00+01:00,731325600000,,71,71,Y,,corrected-archive-csv
162860,Luleå-Kallax Flygplats,13,Rådande väder,"momentanvärde, 1 gång/tim resp 8 gånger/dygn",kod,1993-03-05T11:00:00Z,1993-03-05T12:00:00+01:00,731329200000,,73,73,Y,,corrected-archive-csv
162860,Luleå-Kallax Flygplats,13,Rådande väder,"momentanvärde, 1 gång/tim resp 8 gånger/dygn",kod,1993-03-05T12:00:00Z,1993-03-05T13:00:00+01:00,731332800000,,71,71,G,,corrected-archive-csv
162860,Luleå-Kallax Flygplats,13,Rådande väder,"momentanvärde, 1 gång/tim resp 8 gånger/dygn",kod,1993-03-05T13:00:00Z,1993-03-05T14:00:00+01:00,731336400000,,71,71,Y,,corrected-archive-csv
162860,Luleå-Kallax Flygplats,13,Rådande väder,"momentanvärde, 1 gång/tim resp 8 gånger/dygn",kod,1993-03-05T14:00:00Z,1993-03-05T15:00:00+01:00,731340000000,,71,71,Y,,corrected-archive-csv
162860,Luleå-Kallax Flygplats,13,Rådande väder,"momentanvärde, 1 gång/tim resp 8 gånger/dygn",kod,1993-03-05T15:00:00Z,1993-03-05T16:00:00+01:00,731343600000,,73,73,G,,corrected-archive-csv
162860,Luleå-Kallax Flygplats,13,Rådande väder,"momentanvärde, 1 gång/tim resp 8 gånger/dygn",kod,1993-03-05T16:00:00Z,1993-03-05T17:00:00+01:00,731347200000,,73,73,Y,,corrected-archive-csv
162860,Luleå-Kallax Flygplats,13,Rådande väder,"momentanvärde, 1 gång/tim resp 8 gånger/dygn",kod,1993-03-05T17:00:00Z,1993-03-05T18:00:00+01:00,731350800000,,73,73,Y,,corrected-archive-csv
162860,Luleå-Kallax Flygplats,13,Rådande väder,"momentanvärde, 1 gång/tim resp 8 gånger/dygn",kod,1993-03-05T18:00:00Z,1993-03-05T19:00:00+01:00,731354400000,,71,71,G,,corrected-archive-csv
162860,Luleå-Kallax Flygplats,13,Rådande väder,"momentanvärde, 1 gång/tim resp 8 gånger/dygn",kod,1993-03-05T19:00:00Z,1993-03-05T20:00:00+01:00,731358000000,,71,71,Y,,corrected-archive-csv
162860,Luleå-Kallax Flygplats,13,Rådande väder,"momentanvärde, 1 gång/tim resp 8 gånger/dygn",kod,1993-03-05T20:00:00Z,1993-03-05T21:00:00+01:00,731361600000,,71,71,Y,,corrected-archive-csv
162860,Luleå-Kallax Flygplats,13,Rådande väder,"momentanvärde, 1 gång/tim resp 8 gånger/dygn",kod,1993-03-05T21:00:00Z,1993-03-05T22:00:00+01:00,731365200000,,71,71,G,,corrected-archive-csv
162860,Luleå-Kallax Flygplats,13,Rådande väder,"momentanvärde, 1 gång/tim resp 8 gånger/dygn",kod,1993-03-05T22:00:00Z,1993-03-05T23:00:00+01:00,731368800000,,71,71,Y,,corrected-archive-csv
162860,Luleå-Kallax Flygplats,13,Rådande väder,"momentanvärde, 1 gång/tim resp 8 gånger/dygn",kod,1993-03-05T23:00:00Z,1993-03-06T00:00:00+01:00,731372400000,,71,71,Y,,corrected-archive-csv
162860,Luleå-Kallax Flygplats,13,Rådande väder,"momentanvärde, 1 gång/tim resp 8 gånger/dygn",kod,1993-03-06T00:00:00Z,1993-03-06T01:00:00+01:00,731376000000,,71,71,G,,corrected-archive-csv
162860,Luleå-Kallax Flygplats,13,Rådande väder,"momentanvärde, 1 gång/tim resp 8 gånger/dygn",kod,1993-03-06T01:00:00Z,1993-03-06T02:00:00+01:00,731379600000,,71,71,Y,,corrected-archive-csv
162860,Luleå-Kallax Flygplats,13,Rådande väder,"momentanvärde, 1 gång/tim resp 8 gånger/dygn",kod,1993-03-06T02:00:00Z,1993-03-06T03:00:00+01:00,731383200000,,71,71,Y,,corrected-archive-csv
162860,Luleå-Kallax Flygplats,13,Rådande väder,"momentanvärde, 1 gång/tim resp 8 gånger/dygn",kod,1993-03-06T03:00:00Z,1993-03-06T04:00:00+01:00,731386800000,,71,71,G,,corrected-archive-csv
162860,Luleå-Kallax Flygplats,13,Rådande väder,"momentanvärde, 1 gång/tim resp 8 gånger/dygn",kod,1993-03-06T04:00:00Z,1993-03-06T05:00:00+01:00,731390400000,,71,71,Y,,corrected-archive-csv
162860,Luleå-Kallax Flygplats,13,Rådande väder,"momentanvärde, 1 gång/tim resp 8 gånger/dygn",kod,1993-03-06T05:00:00Z,1993-03-06T06:00:00+01:00,731394000000,,71,71,Y,,corrected-archive-csv
162860,Luleå-Kallax Flygplats,13,Rådande väder,"momentanvärde, 1 gång/tim resp 8 gånger/dygn",kod,1993-03-06T06:00:00Z,1993-03-06T07:00:00+01:00,731397600000,,71,71,G,,corrected-archive-csv
162860,Luleå-Kallax Flygplats,13,Rådande väder,"momentanvärde, 1 gång/tim resp 8 gånger/dygn",kod,1993-03-06T07:00:00Z,1993-03-06T08:00:00+01:00,731401200000,,71,71,Y,,corrected-archive-csv
162860,Luleå-Kallax Flygplats,13,Rådande väder,"momentanvärde, 1 gång/tim resp 8 gånger/dygn",kod,1993-03-06T08:00:00Z,1993-03-06T09:00:00+01:00,731404800000,,71,71,Y,,corrected-archive-csv
162860,Luleå-Kallax Flygplats,13,Rådande väder,"momentanvärde, 1 gång/tim resp 8 gånger/dygn",kod,1993-03-06T09:00:00Z,1993-03-06T10:00:00+01:00,731408400000,,71,71,G,,corrected-archive-csv
162860,Luleå-Kallax Flygplats,13,Rådande väder,"momentanvärde, 1 gång/tim resp 8 gånger/dygn",kod,1993-03-06T10:00:00Z,1993-03-06T11:00:00+01:00,731412000000,,71,71,Y,,corrected-archive-csv
162860,Luleå-Kallax Flygplats,13,Rådande väder,"momentanvärde, 1 gång/tim resp 8 gånger/dygn",kod,1993-03-06T11:00:00Z,1993-03-06T12:00:00+01:00,731415600000,,71,71,Y,,corrected-archive-csv
162860,Luleå-Kallax Flygplats,13,Rådande väder,"momentanvärde, 1 gång/tim resp 8 gånger/dygn",kod,1993-03-06T12:00:00Z,1993-03-06T13:00:00+01:00,731419200000,,71,71,G,,corrected-archive-csv
162860,Luleå-Kallax Flygplats,13,Rådande väder,"momentanvärde, 1 gång/tim resp 8 gånger/dygn",kod,1993-03-06T13:00:00Z,1993-03-06T14:00:00+01:00,731422800000,,71,71,Y,,corrected-archive-csv
162860,Luleå-Kallax Flygplats,13,Rådande väder,"momentanvärde, 1 gång/tim resp 8 gånger/dygn",kod,1993-03-06T14:00:00Z,1993-03-06T15:00:00+01:00,731426400000,,71,71,Y,,corrected-archive-csv
162860,Luleå-Kallax Flygplats,13,Rådande väder,"momentanvärde, 1 gång/tim resp 8 gånger/dygn",kod,1993-03-06T15:00:00Z,1993-03-06T16:00:00+01:00,731430000000,,71,71,G,,corrected-archive-csv
162860,Luleå-Kallax Flygplats,13,Rådande väder,"momentanvärde, 1 gång/tim resp 8 gånger/dygn",kod,1993-03-06T16:00:00Z,1993-03-06T17:00:00+01:00,731433600000,,71,71,Y,,corrected-archive-csv
162860,Luleå-Kallax Flygplats,13,Rådande väder,"momentanvärde, 1 gång/tim resp 8 gånger/dygn",kod,1993-03-06T17:00:00Z,1993-03-06T18:00:00+01:00,731437200000,,71,71,Y,,corrected-archive-csv
162860,Luleå-Kallax Flygplats,13,Rådande väder,"momentanvärde, 1 gång/tim resp 8 gånger/dygn",kod,1993-03-06T18:00:00Z,1993-03-06T19:00:00+01:00,731440800000,,22,22,G,,corrected-archive-csv
162860,Luleå-Kallax Flygplats,13,Rådande väder,"momentanvärde, 1 gång/tim resp 8 gånger/dygn",kod,1993-03-06T19:00:00Z,1993-03-06T20:00:00+01:00,731444400000,,71,71,Y,,corrected-archive-csv
162860,Luleå-Kallax Flygplats,13,Rådande väder,"momentanvärde, 1 gång/tim resp 8 gånger/dygn",kod,1993-03-06T20:00:00Z,1993-03-06T21:00:00+01:00,731448000000,,71,71,Y,,corrected-archive-csv
162860,Luleå-Kallax Flygplats,13,Rådande väder,"momentanvärde, 1 gång/tim resp 8 gånger/dygn",kod,1993-03-06T21:00:00Z,1993-03-06T22:00:00+01:00,731451600000,,70,70,G,,corrected-archive-csv
162860,Luleå-Kallax Flygplats,13,Rådande väder,"momentanvärde, 1 gång/tim resp 8 gånger/dygn",kod,1993-03-06T22:00:00Z,1993-03-06T23:00:00+01:00,731455200000,,70,70,Y,,corrected-archive-csv
162860,Luleå-Kallax Flygplats,13,Rådande väder,"momentanvärde, 1 gång/tim resp 8 gånger/dygn",kod,1993-03-06T23:00:00Z,1993-03-07T00:00:00+01:00,731458800000,,70,70,Y,,corrected-archive-csv
162860,Luleå-Kallax Flygplats,13,Rådande väder,"momentanvärde, 1 gång/tim resp 8 gånger/dygn",kod,1993-03-07T00:00:00Z,1993-03-07T01:00:00+01:00,731462400000,,70,70,G,,corrected-archive-csv
162860,Luleå-Kallax Flygplats,13,Rådande väder,"momentanvärde, 1 gång/tim resp 8 gånger/dygn",kod,1993-03-07T01:00:00Z,1993-03-07T02:00:00+01:00,731466000000,,70,70,Y,,corrected-archive-csv
162860,Luleå-Kallax Flygplats,13,Rådande väder,"momentanvärde, 1 gång/tim resp 8 gånger/dygn",kod,1993-03-07T02:00:00Z,1993-03-07T03:00:00+01:00,731469600000,,2,2,Y,,corrected-archive-csv
162860,Luleå-Kallax Flygplats,13,Rådande väder,"momentanvärde, 1 gång/tim resp 8 gånger/dygn",kod,1993-03-07T03:00:00Z,1993-03-07T04:00:00+01:00,731473200000,,2,2,G,,corrected-archive-csv
162860,Luleå-Kallax Flygplats,13,Rådande väder,"momentanvärde, 1 gång/tim resp 8 gånger/dygn",kod,1993-03-07T04:00:00Z,1993-03-07T05:00:00+01:00,731476800000,,2,2,Y,,corrected-archive-csv
162860,Luleå-Kallax Flygplats,13,Rådande väder,"momentanvärde, 1 gång/tim resp 8 gånger/dygn",kod,1993-03-07T05:00:00Z,1993-03-07T06:00:00+01:00,731480400000,,2,2,Y,,corrected-archive-csv
162860,Luleå-Kallax Flygplats,13,Rådande väder,"momentanvärde, 1 gång/tim resp 8 gånger/dygn",kod,1993-03-07T06:00:00Z,1993-03-07T07:00:00+01:00,731484000000,,1,1,G,,corrected-archive-csv
162860,Luleå-Kallax Flygplats,13,Rådande väder,"momentanvärde, 1 gång/tim resp 8 gånger/dygn",kod,1993-03-07T09:00:00Z,1993-03-07T10:00:00+01:00,731494800000,,0,0,G,,corrected-archive-csv
162860,Luleå-Kallax Flygplats,13,Rådande väder,"momentanvärde, 1 gång/tim resp 8 gånger/dygn",kod,1993-03-07T12:00:00Z,1993-03-07T13:00:00+01:00,731505600000,,0,0,G,,corrected-archive-csv
162860,Luleå-Kallax Flygplats,13,Rådande väder,"momentanvärde, 1 gång/tim resp 8 gånger/dygn",kod,1993-03-07T15:00:00Z,1993-03-07T16:00:00+01:00,731516400000,,0,0,G,,corrected-archive-csv
162860,Luleå-Kallax Flygplats,13,Rådande väder,"momentanvärde, 1 gång/tim resp 8 gånger/dygn",kod,1993-03-07T18:00:00Z,1993-03-07T19:00:00+01:00,731527200000,,0,0,G,,corrected-archive-csv
162860,Luleå-Kallax Flygplats,13,Rådande väder,"momentanvärde, 1 gång/tim resp 8 gånger/dygn",kod,1993-03-07T21:00:00Z,1993-03-07T22:00:00+01:00,731538000000,,0,0,G,,corrected-archive-csv
162860,Luleå-Kallax Flygplats,13,Rådande väder,"momentanvärde, 1 gång/tim resp 8 gånger/dygn",kod,1993-03-08T00:00:00Z,1993-03-08T01:00:00+01:00,731548800000,,71,71,G,,corrected-archive-csv
162860,Luleå-Kallax Flygplats,13,Rådande väder,"momentanvärde, 1 gång/tim resp 8 gånger/dygn",kod,1993-03-08T01:00:00Z,1993-03-08T02:00:00+01:00,731552400000,,71,71,Y,,corrected-archive-csv
162860,Luleå-Kallax Flygplats,13,Rådande väder,"momentanvärde, 1 gång/tim resp 8 gånger/dygn",kod,1993-03-08T02:00:00Z,1993-03-08T03:00:00+01:00,731556000000,,71,71,Y,,corrected-archive-csv
162860,Luleå-Kallax Flygplats,13,Rådande väder,"momentanvärde, 1 gång/tim resp 8 gånger/dygn",kod,1993-03-08T03:00:00Z,1993-03-08T04:00:00+01:00,731559600000,,71,71,G,,corrected-archive-csv
162860,Luleå-Kallax Flygplats,13,Rådande väder,"momentanvärde, 1 gång/tim resp 8 gånger/dygn",kod,1993-03-08T04:00:00Z,1993-03-08T05:00:00+01:00,731563200000,,73,73,Y,,corrected-archive-csv
162860,Luleå-Kallax Flygplats,13,Rådande väder,"momentanvärde, 1 gång/tim resp 8 gånger/dygn",kod,1993-03-08T05:00:00Z,1993-03-08T06:00:00+01:00,731566800000,,71,71,Y,,corrected-archive-csv
162860,Luleå-Kallax Flygplats,13,Rådande väder,"momentanvärde, 1 gång/tim resp 8 gånger/dygn",kod,1993-03-08T06:00:00Z,1993-03-08T07:00:00+01:00,731570400000,,71,71,G,,corrected-archive-csv
162860,Luleå-Kallax Flygplats,13,Rådande väder,"momentanvärde, 1 gång/tim resp 8 gånger/dygn",kod,1993-03-08T07:00:00Z,1993-03-08T08:00:00+01:00,731574000000,,71,71,Y,,corrected-archive-csv
162860,Luleå-Kallax Flygplats,13,Rådande väder,"momentanvärde, 1 gång/tim resp 8 gånger/dygn",kod,1993-03-08T08:00:00Z,1993-03-08T09:00:00+01:00,731577600000,,71,71,Y,,corrected-archive-csv
162860,Luleå-Kallax Flygplats,13,Rådande väder,"momentanvärde, 1 gång/tim resp 8 gånger/dygn",kod,1993-03-08T09:00:00Z,1993-03-08T10:00:00+01:00,731581200000,,71,71,G,,corrected-archive-csv
162860,Luleå-Kallax Flygplats,13,Rådande väder,"momentanvärde, 1 gång/tim resp 8 gånger/dygn",kod,1993-03-08T10:00:00Z,1993-03-08T11:00:00+01:00,731584800000,,22,22,Y,,corrected-archive-csv
162860,Luleå-Kallax Flygplats,13,Rådande väder,"momentanvärde, 1 gång/tim resp 8 gånger/dygn",kod,1993-03-08T11:00:00Z,1993-03-08T12:00:00+01:00,731588400000,,2,2,Y,,corrected-archive-csv
162860,Luleå-Kallax Flygplats,13,Rådande väder,"momentanvärde, 1 gång/tim resp 8 gånger/dygn",kod,1993-03-08T12:00:00Z,1993-03-08T13:00:00+01:00,731592000000,,2,2,G,,corrected-archive-csv
162860,Luleå-Kallax Flygplats,13,Rådande väder,"momentanvärde, 1 gång/tim resp 8 gånger/dygn",kod,1993-03-08T15:00:00Z,1993-03-08T16:00:00+01:00,731602800000,,0,0,G,,corrected-archive-csv
162860,Luleå-Kallax Flygplats,13,Rådande väder,"momentanvärde, 1 gång/tim resp 8 gånger/dygn",kod,1993-03-08T18:00:00Z,1993-03-08T19:00:00+01:00,731613600000,,0,0,G,,corrected-archive-csv
162860,Luleå-Kallax Flygplats,13,Rådande väder,"momentanvärde, 1 gång/tim resp 8 gånger/dygn",kod,1993-03-08T21:00:00Z,1993-03-08T22:00:00+01:00,731624400000,,0,0,G,,corrected-archive-csv
162860,Luleå-Kallax Flygplats,13,Rådande väder,"momentanvärde, 1 gång/tim resp 8 gånger/dygn",kod,1993-03-09T00:00:00Z,1993-03-09T01:00:00+01:00,731635200000,,0,0,G,,corrected-archive-csv
162860,Luleå-Kallax Flygplats,13,Rådande väder,"momentanvärde, 1 gång/tim resp 8 gånger/dygn",kod,1993-03-09T03:00:00Z,1993-03-09T04:00:00+01:00,731646000000,,0,0,G,,corrected-archive-csv
162860,Luleå-Kallax Flygplats,13,Rådande väder,"momentanvärde, 1 gång/tim resp 8 gånger/dygn",kod,1993-03-09T06:00:00Z,1993-03-09T07:00:00+01:00,731656800000,,0,0,G,,corrected-archive-csv
162860,Luleå-Kallax Flygplats,13,Rådande väder,"momentanvärde, 1 gång/tim resp 8 gånger/dygn",kod,1993-03-09T09:00:00Z,1993-03-09T10:00:00+01:00,731667600000,,0,0,G,,corrected-archive-csv
162860,Luleå-Kallax Flygplats,13,Rådande väder,"momentanvärde, 1 gång/tim resp 8 gånger/dygn",kod,1993-03-09T12:00:00Z,1993-03-09T13:00:00+01:00,731678400000,,15,15,G,,corrected-archive-csv
162860,Luleå-Kallax Flygplats,13,Rådande väder,"momentanvärde, 1 gång/tim resp 8 gånger/dygn",kod,1993-03-09T13:00:00Z,1993-03-09T14:00:00+01:00,731682000000,,26,26,Y,,corrected-archive-csv
162860,Luleå-Kallax Flygplats,13,Rådande väder,"momentanvärde, 1 gång/tim resp 8 gånger/dygn",kod,1993-03-09T14:00:00Z,1993-03-09T15:00:00+01:00,731685600000,,1,1,Y,,corrected-archive-csv
162860,Luleå-Kallax Flygplats,13,Rådande väder,"momentanvärde, 1 gång/tim resp 8 gånger/dygn",kod,1993-03-09T15:00:00Z,1993-03-09T16:00:00+01:00,731689200000,,1,1,G,,corrected-archive-csv
162860,Luleå-Kallax Flygplats,13,Rådande väder,"momentanvärde, 1 gång/tim resp 8 gånger/dygn",kod,1993-03-09T16:00:00Z,1993-03-09T17:00:00+01:00,731692800000,,1,1,Y,,corrected-archive-csv
162860,Luleå-Kallax Flygplats,13,Rådande väder,"momentanvärde, 1 gång/tim resp 8 gånger/dygn",kod,1993-03-09T17:00:00Z,1993-03-09T18:00:00+01:00,731696400000,,1,1,Y,,corrected-archive-csv
162860,Luleå-Kallax Flygplats,13,Rådande väder,"momentanvärde, 1 gång/tim resp 8 gånger/dygn",kod,1993-03-09T18:00:00Z,1993-03-09T19:00:00+01:00,731700000000,,1,1,G,,corrected-archive-csv
162860,Luleå-Kallax Flygplats,13,Rådande väder,"momentanvärde, 1 gång/tim resp 8 gånger/dygn",kod,1993-03-09T21:00:00Z,1993-03-09T22:00:00+01:00,731710800000,,0,0,G,,corrected-archive-csv
162860,Luleå-Kallax Flygplats,13,Rådande väder,"momentanvärde, 1 gång/tim resp 8 gånger/dygn",kod,1993-03-10T00:00:00Z,1993-03-10T01:00:00+01:00,731721600000,,0,0,G,,corrected-archive-csv
162860,Luleå-Kallax Flygplats,13,Rådande väder,"momentanvärde, 1 gång/tim resp 8 gånger/dygn",kod,1993-03-10T03:00:00Z,1993-03-10T04:00:00+01:00,731732400000,,0,0,G,,corrected-archive-csv
162860,Luleå-Kallax Flygplats,13,Rådande väder,"momentanvärde, 1 gång/tim resp 8 gånger/dygn",kod,1993-03-10T06:00:00Z,1993-03-10T07:00:00+01:00,731743200000,,36,36,G,,corrected-archive-csv
162860,Luleå-Kallax Flygplats,13,Rådande väder,"momentanvärde, 1 gång/tim resp 8 gånger/dygn",kod,1993-03-10T07:00:00Z,1993-03-10T08:00:00+01:00,731746800000,,14,14,Y,,corrected-archive-csv
162860,Luleå-Kallax Flygplats,13,Rådande väder,"momentanvärde, 1 gång/tim resp 8 gånger/dygn",kod,1993-03-10T08:00:00Z,1993-03-10T09:00:00+01:00,731750400000,,14,14,Y,,corrected-archive-csv
162860,Luleå-Kallax Flygplats,13,Rådande väder,"momentanvärde, 1 gång/tim resp 8 gånger/dygn",kod,1993-03-10T09:00:00Z,1993-03-10T10:00:00+01:00,731754000000,,36,36,G,,corrected-archive-csv
162860,Luleå-Kallax Flygplats,13,Rådande väder,"momentanvärde, 1 gång/tim resp 8 gånger/dygn",kod,1993-03-10T10:00:00Z,1993-03-10T11:00:00+01:00,731757600000,,36,36,Y,,corrected-archive-csv
162860,Luleå-Kallax Flygplats,13,Rådande väder,"momentanvärde, 1 gång/tim resp 8 gånger/dygn",kod,1993-03-10T11:00:00Z,1993-03-10T12:00:00+01:00,731761200000,,36,36,Y,,corrected-archive-csv
162860,Luleå-Kallax Flygplats,13,Rådande väder,"momentanvärde, 1 gång/tim resp 8 gånger/dygn",kod,1993-03-10T12:00:00Z,1993-03-10T13:00:00+01:00,731764800000,,36,36,G,,corrected-archive-csv
162860,Luleå-Kallax Flygplats,13,Rådande väder,"momentanvärde, 1 gång/tim resp 8 gånger/dygn",kod,1993-03-10T13:00:00Z,1993-03-10T14:00:00+01:00,731768400000,,36,36,Y,,corrected-archive-csv
162860,Luleå-Kallax Flygplats,13,Rådande väder,"momentanvärde, 1 gång/tim resp 8 gånger/dygn",kod,1993-03-10T14:00:00Z,1993-03-10T15:00:00+01:00,731772000000,,36,36,Y,,corrected-archive-csv
162860,Luleå-Kallax Flygplats,13,Rådande väder,"momentanvärde, 1 gång/tim resp 8 gånger/dygn",kod,1993-03-10T15:00:00Z,1993-03-10T16:00:00+01:00,731775600000,,36,36,G,,corrected-archive-csv
162860,Luleå-Kallax Flygplats,13,Rådande väder,"momentanvärde, 1 gång/tim resp 8 gånger/dygn",kod,1993-03-10T16:00:00Z,1993-03-10T17:00:00+01:00,731779200000,,2,2,Y,,corrected-archive-csv
162860,Luleå-Kallax Flygplats,13,Rådande väder,"momentanvärde, 1 gång/tim resp 8 gånger/dygn",kod,1993-03-10T17:00:00Z,1993-03-10T18:00:00+01:00,731782800000,,2,2,Y,,corrected-archive-csv
162860,Luleå-Kallax Flygplats,13,Rådande väder,"momentanvärde, 1 gång/tim resp 8 gånger/dygn",kod,1993-03-10T18:00:00Z,1993-03-10T19:00:00+01:00,731786400000,,2,2,G,,corrected-archive-csv
162860,Luleå-Kallax Flygplats,13,Rådande väder,"momentanvärde, 1 gång/tim resp 8 gånger/dygn",kod,1993-03-10T21:00:00Z,1993-03-10T22:00:00+01:00,731797200000,,0,0,G,,corrected-archive-csv
162860,Luleå-Kallax Flygplats,13,Rådande väder,"momentanvärde, 1 gång/tim resp 8 gånger/dygn",kod,1993-03-11T00:00:00Z,1993-03-11T01:00:00+01:00,731808000000,,0,0,G,,corrected-archive-csv
162860,Luleå-Kallax Flygplats,13,Rådande väder,"momentanvärde, 1 gång/tim resp 8 gånger/dygn",kod,1993-03-11T03:00:00Z,1993-03-11T04:00:00+01:00,731818800000,,0,0,G,,corrected-archive-csv
162860,Luleå-Kallax Flygplats,13,Rådande väder,"momentanvärde, 1 gång/tim resp 8 gånger/dygn",kod,1993-03-11T05:00:00Z,1993-03-11T06:00:00+01:00,731826000000,,71,71,Y,,corrected-archive-csv
162860,Luleå-Kallax Flygplats,13,Rådande väder,"momentanvärde, 1 gång/tim resp 8 gånger/dygn",kod,1993-03-11T06:00:00Z,1993-03-11T07:00:00+01:00,731829600000,,71,71,G,,corrected-archive-csv
162860,Luleå-Kallax Flygplats,13,Rådande väder,"momentanvärde, 1 gång/tim resp 8 gånger/dygn",kod,1993-03-11T07:00:00Z,1993-03-11T08:00:00+01:00,731833200000,,72,72,Y,,corrected-archive-csv
162860,Luleå-Kallax Flygplats,13,Rådande väder,"momentanvärde, 1 gång/tim resp 8 gånger/dygn",kod,1993-03-11T08:00:00Z,1993-03-11T09:00:00+01:00,731836800000,,22,22,Y,,corrected-archive-csv
162860,Luleå-Kallax Flygplats,13,Rådande väder,"momentanvärde, 1 gång/tim resp 8 gånger/dygn",kod,1993-03-11T09:00:00Z,1993-03-11T10:00:00+01:00,731840400000,,1,1,G,,corrected-archive-csv
162860,Luleå-Kallax Flygplats,13,Rådande väder,"momentanvärde, 1 gång/tim resp 8 gånger/dygn",kod,1993-03-11T10:00:00Z,1993-03-11T11:00:00+01:00,731844000000,,2,2,Y,,corrected-archive-csv
162860,Luleå-Kallax Flygplats,13,Rådande väder,"momentanvärde, 1 gång/tim resp 8 gånger/dygn",kod,1993-03-11T11:00:00Z,1993-03-11T12:00:00+01:00,731847600000,,2,2,Y,,corrected-archive-csv
162860,Luleå-Kallax Flygplats,13,Rådande väder,"momentanvärde, 1 gång/tim resp 8 gånger/dygn",kod,1993-03-11T12:00:00Z,1993-03-11T13:00:00+01:00,731851200000,,2,2,G,,corrected-archive-csv
162860,Luleå-Kallax Flygplats,13,Rådande väder,"momentanvärde, 1 gång/tim resp 8 gånger/dygn",kod,1993-03-11T13:00:00Z,1993-03-11T14:00:00+01:00,731854800000,,69,69,Y,,corrected-archive-csv
162860,Luleå-Kallax Flygplats,13,Rådande väder,"momentanvärde, 1 gång/tim resp 8 gånger/dygn",kod,1993-03-11T14:00:00Z,1993-03-11T15:00:00+01:00,731858400000,,36,36,Y,,corrected-archive-csv
162860,Luleå-Kallax Flygplats,13,Rådande väder,"momentanvärde, 1 gång/tim resp 8 gånger/dygn",kod,1993-03-11T15:00:00Z,1993-03-11T16:00:00+01:00,731862000000,,2,2,G,,corrected-archive-csv
162860,Luleå-Kallax Flygplats,13,Rådande väder,"momentanvärde, 1 gång/tim resp 8 gånger/dygn",kod,1993-03-11T16:00:00Z,1993-03-11T17:00:00+01:00,731865600000,,2,2,Y,,corrected-archive-csv
162860,Luleå-Kallax Flygplats,13,Rådande väder,"momentanvärde, 1 gång/tim resp 8 gånger/dygn",kod,1993-03-11T17:00:00Z,1993-03-11T18:00:00+01:00,731869200000,,2,2,Y,,corrected-archive-csv
162860,Luleå-Kallax Flygplats,13,Rådande väder,"momentanvärde, 1 gång/tim resp 8 gånger/dygn",kod,1993-03-11T18:00:00Z,1993-03-11T19:00:00+01:00,731872800000,,1,1,G,,corrected-archive-csv
162860,Luleå-Kallax Flygplats,13,Rådande väder,"momentanvärde, 1 gång/tim resp 8 gånger/dygn",kod,1993-03-11T21:00:00Z,1993-03-11T22:00:00+01:00,731883600000,,0,0,G,,corrected-archive-csv
162860,Luleå-Kallax Flygplats,13,Rådande väder,"momentanvärde, 1 gång/tim resp 8 gånger/dygn",kod,1993-03-12T06:00:00Z,1993-03-12T07:00:00+01:00,731916000000,,0,0,G,,corrected-archive-csv
162860,Luleå-Kallax Flygplats,13,Rådande väder,"momentanvärde, 1 gång/tim resp 8 gånger/dygn",kod,1993-03-12T08:00:00Z,1993-03-12T09:00:00+01:00,731923200000,,71,71,Y,,corrected-archive-csv
162860,Luleå-Kallax Flygplats,13,Rådande väder,"momentanvärde, 1 gång/tim resp 8 gånger/dygn",kod,1993-03-12T09:00:00Z,1993-03-12T10:00:00+01:00,731926800000,,73,73,G,,corrected-archive-csv
162860,Luleå-Kallax Flygplats,13,Rådande väder,"momentanvärde, 1 gång/tim resp 8 gånger/dygn",kod,1993-03-12T10:00:00Z,1993-03-12T11:00:00+01:00,731930400000,,73,73,Y,,corrected-archive-csv
162860,Luleå-Kallax Flygplats,13,Rådande väder,"momentanvärde, 1 gång/tim resp 8 gånger/dygn",kod,1993-03-12T11:00:00Z,1993-03-12T12:00:00+01:00,731934000000,,73,73,Y,,corrected-archive-csv
162860,Luleå-Kallax Flygplats,13,Rådande väder,"momentanvärde, 1 gång/tim resp 8 gånger/dygn",kod,1993-03-12T12:00:00Z,1993-03-12T13:00:00+01:00,731937600000,,73,73,G,,corrected-archive-csv
162860,Luleå-Kallax Flygplats,13,Rådande väder,"momentanvärde, 1 gång/tim resp 8 gånger/dygn",kod,1993-03-12T13:00:00Z,1993-03-12T14:00:00+01:00,731941200000,,71,71,Y,,corrected-archive-csv
162860,Luleå-Kallax Flygplats,13,Rådande väder,"momentanvärde, 1 gång/tim resp 8 gånger/dygn",kod,1993-03-12T14:00:00Z,1993-03-12T15:00:00+01:00,731944800000,,71,71,Y,,corrected-archive-csv
162860,Luleå-Kallax Flygplats,13,Rådande väder,"momentanvärde, 1 gång/tim resp 8 gånger/dygn",kod,1993-03-12T15:00:00Z,1993-03-12T16:00:00+01:00,731948400000,,22,22,G,,corrected-archive-csv
162860,Luleå-Kallax Flygplats,13,Rådande väder,"momentanvärde, 1 gång/tim resp 8 gånger/dygn",kod,1993-03-12T16:00:00Z,1993-03-12T17:00:00+01:00,731952000000,,2,2,Y,,corrected-archive-csv
162860,Luleå-Kallax Flygplats,13,Rådande väder,"momentanvärde, 1 gång/tim resp 8 gånger/dygn",kod,1993-03-12T17:00:00Z,1993-03-12T18:00:00+01:00,731955600000,,2,2,Y,,corrected-archive-csv
162860,Luleå-Kallax Flygplats,13,Rådande väder,"momentanvärde, 1 gång/tim resp 8 gånger/dygn",kod,1993-03-12T18:00:00Z,1993-03-12T19:00:00+01:00,731959200000,,2,2,G,,corrected-archive-csv
162860,Luleå-Kallax Flygplats,13,Rådande väder,"momentanvärde, 1 gång/tim resp 8 gånger/dygn",kod,1993-03-12T21:00:00Z,1993-03-12T22:00:00+01:00,731970000000,,71,71,G,,corrected-archive-csv
162860,Luleå-Kallax Flygplats,13,Rådande väder,"momentanvärde, 1 gång/tim resp 8 gånger/dygn",kod,1993-03-12T22:00:00Z,1993-03-12T23:00:00+01:00,731973600000,,71,71,Y,,corrected-archive-csv
162860,Luleå-Kallax Flygplats,13,Rådande väder,"momentanvärde, 1 gång/tim resp 8 gånger/dygn",kod,1993-03-12T23:00:00Z,1993-03-13T00:00:00+01:00,731977200000,,71,71,Y,,corrected-archive-csv
162860,Luleå-Kallax Flygplats,13,Rådande väder,"momentanvärde, 1 gång/tim resp 8 gånger/dygn",kod,1993-03-13T00:00:00Z,1993-03-13T01:00:00+01:00,731980800000,,71,71,G,,corrected-archive-csv
162860,Luleå-Kallax Flygplats,13,Rådande väder,"momentanvärde, 1 gång/tim resp 8 gånger/dygn",kod,1993-03-13T01:00:00Z,1993-03-13T02:00:00+01:00,731984400000,,71,71,Y,,corrected-archive-csv
162860,Luleå-Kallax Flygplats,13,Rådande väder,"momentanvärde, 1 gång/tim resp 8 gånger/dygn",kod,1993-03-13T02:00:00Z,1993-03-13T03:00:00+01:00,731988000000,,71,71,Y,,corrected-archive-csv
162860,Luleå-Kallax Flygplats,13,Rådande väder,"momentanvärde, 1 gång/tim resp 8 gånger/dygn",kod,1993-03-13T03:00:00Z,1993-03-13T04:00:00+01:00,731991600000,,22,22,G,,corrected-archive-csv
162860,Luleå-Kallax Flygplats,13,Rådande väder,"momentanvärde, 1 gång/tim resp 8 gånger/dygn",kod,1993-03-13T04:00:00Z,1993-03-13T05:00:00+01:00,731995200000,,2,2,Y,,corrected-archive-csv
162860,Luleå-Kallax Flygplats,13,Rådande väder,"momentanvärde, 1 gång/tim resp 8 gånger/dygn",kod,1993-03-13T05:00:00Z,1993-03-13T06:00:00+01:00,731998800000,,2,2,Y,,corrected-archive-csv
162860,Luleå-Kallax Flygplats,13,Rådande väder,"momentanvärde, 1 gång/tim resp 8 gånger/dygn",kod,1993-03-13T06:00:00Z,1993-03-13T07:00:00+01:00,732002400000,,2,2,G,,corrected-archive-csv
162860,Luleå-Kallax Flygplats,13,Rådande väder,"momentanvärde, 1 gång/tim resp 8 gånger/dygn",kod,1993-03-13T07:00:00Z,1993-03-13T08:00:00+01:00,732006000000,,10,10,Y,,corrected-archive-csv
162860,Luleå-Kallax Flygplats,13,Rådande väder,"momentanvärde, 1 gång/tim resp 8 gånger/dygn",kod,1993-03-13T08:00:00Z,1993-03-13T09:00:00+01:00,732009600000,,10,10,Y,,corrected-archive-csv
162860,Luleå-Kallax Flygplats,13,Rådande väder,"momentanvärde, 1 gång/tim resp 8 gånger/dygn",kod,1993-03-13T09:00:00Z,1993-03-13T10:00:00+01:00,732013200000,,10,10,G,,corrected-archive-csv
162860,Luleå-Kallax Flygplats,13,Rådande väder,"momentanvärde, 1 gång/tim resp 8 gånger/dygn",kod,1993-03-13T10:00:00Z,1993-03-13T11:00:00+01:00,732016800000,,2,2,Y,,corrected-archive-csv
162860,Luleå-Kallax Flygplats,13,Rådande väder,"momentanvärde, 1 gång/tim resp 8 gånger/dygn",kod,1993-03-13T11:00:00Z,1993-03-13T12:00:00+01:00,732020400000,,2,2,Y,,corrected-archive-csv
162860,Luleå-Kallax Flygplats,13,Rådande väder,"momentanvärde, 1 gång/tim resp 8 gånger/dygn",kod,1993-03-13T12:00:00Z,1993-03-13T13:00:00+01:00,732024000000,,2,2,G,,corrected-archive-csv
162860,Luleå-Kallax Flygplats,13,Rådande väder,"momentanvärde, 1 gång/tim resp 8 gånger/dygn",kod,1993-03-13T15:00:00Z,1993-03-13T16:00:00+01:00,732034800000,,24,24,G,,corrected-archive-csv
162860,Luleå-Kallax Flygplats,13,Rådande väder,"momentanvärde, 1 gång/tim resp 8 gånger/dygn",kod,1993-03-13T16:00:00Z,1993-03-13T17:00:00+01:00,732038400000,,2,2,Y,,corrected-archive-csv
162860,Luleå-Kallax Flygplats,13,Rådande väder,"momentanvärde, 1 gång/tim resp 8 gånger/dygn",kod,1993-03-13T17:00:00Z,1993-03-13T18:00:00+01:00,732042000000,,2,2,Y,,corrected-archive-csv
162860,Luleå-Kallax Flygplats,13,Rådande väder,"momentanvärde, 1 gång/tim resp 8 gånger/dygn",kod,1993-03-13T18:00:00Z,1993-03-13T19:00:00+01:00,732045600000,,2,2,G,,corrected-archive-csv
162860,Luleå-Kallax Flygplats,13,Rådande väder,"momentanvärde, 1 gång/tim resp 8 gånger/dygn",kod,1993-03-13T21:00:00Z,1993-03-13T22:00:00+01:00,732056400000,,0,0,G,,corrected-archive-csv
162860,Luleå-Kallax Flygplats,13,Rådande väder,"momentanvärde, 1 gång/tim resp 8 gånger/dygn",kod,1993-03-14T00:00:00Z,1993-03-14T01:00:00+01:00,732067200000,,0,0,G,,corrected-archive-csv
162860,Luleå-Kallax Flygplats,13,Rådande väder,"momentanvärde, 1 gång/tim resp 8 gånger/dygn",kod,1993-03-14T03:00:00Z,1993-03-14T04:00:00+01:00,732078000000,,0,0,G,,corrected-archive-csv
162860,Luleå-Kallax Flygplats,13,Rådande väder,"momentanvärde, 1 gång/tim resp 8 gånger/dygn",kod,1993-03-14T06:00:00Z,1993-03-14T07:00:00+01:00,732088800000,,0,0,G,,corrected-archive-csv
162860,Luleå-Kallax Flygplats,13,Rådande väder,"momentanvärde, 1 gång/tim resp 8 gånger/dygn",kod,1993-03-14T12:00:00Z,1993-03-14T13:00:00+01:00,732110400000,,0,0,G,,corrected-archive-csv
162860,Luleå-Kallax Flygplats,13,Rådande väder,"momentanvärde, 1 gång/tim resp 8 gånger/dygn",kod,1993-03-14T15:00:00Z,1993-03-14T16:00:00+01:00,732121200000,,61,61,G,,corrected-archive-csv
162860,Luleå-Kallax Flygplats,13,Rådande väder,"momentanvärde, 1 gång/tim resp 8 gånger/dygn",kod,1993-03-14T16:00:00Z,1993-03-14T17:00:00+01:00,732124800000,,61,61,Y,,corrected-archive-csv
162860,Luleå-Kallax Flygplats,13,Rådande väder,"momentanvärde, 1 gång/tim resp 8 gånger/dygn",kod,1993-03-14T17:00:00Z,1993-03-14T18:00:00+01:00,732128400000,,21,21,Y,,corrected-archive-csv
162860,Luleå-Kallax Flygplats,13,Rådande väder,"momentanvärde, 1 gång/tim resp 8 gånger/dygn",kod,1993-03-14T18:00:00Z,1993-03-14T19:00:00+01:00,732132000000,,2,2,G,,corrected-archive-csv
162860,Luleå-Kallax Flygplats,13,Rådande väder,"momentanvärde, 1 gång/tim resp 8 gånger/dygn",kod,1993-03-14T21:00:00Z,1993-03-14T22:00:00+01:00,732142800000,,0,0,G,,corrected-archive-csv
162860,Luleå-Kallax Flygplats,13,Rådande väder,"momentanvärde, 1 gång/tim resp 8 gånger/dygn",kod,1993-03-15T00:00:00Z,1993-03-15T01:00:00+01:00,732153600000,,0,0,G,,corrected-archive-csv
162860,Luleå-Kallax Flygplats,13,Rådande väder,"momentanvärde, 1 gång/tim resp 8 gånger/dygn",kod,1993-03-15T03:00:00Z,1993-03-15T04:00:00+01:00,732164400000,,0,0,G,,corrected-archive-csv
162860,Luleå-Kallax Flygplats,13,Rådande väder,"momentanvärde, 1 gång/tim resp 8 gånger/dygn",kod,1993-03-15T06:00:00Z,1993-03-15T07:00:00+01:00,732175200000,,0,0,G,,corrected-archive-csv
162860,Luleå-Kallax Flygplats,13,Rådande väder,"momentanvärde, 1 gång/tim resp 8 gånger/dygn",kod,1993-03-15T09:00:00Z,1993-03-15T10:00:00+01:00,732186000000,,0,0,G,,corrected-archive-csv
162860,Luleå-Kallax Flygplats,13,Rådande väder,"momentanvärde, 1 gång/tim resp 8 gånger/dygn",kod,1993-03-15T12:00:00Z,1993-03-15T13:00:00+01:00,732196800000,,0,0,G,,corrected-archive-csv
162860,Luleå-Kallax Flygplats,13,Rådande väder,"momentanvärde, 1 gång/tim resp 8 gånger/dygn",kod,1993-03-15T15:00:00Z,1993-03-15T16:00:00+01:00,732207600000,,0,0,G,,corrected-archive-csv
162860,Luleå-Kallax Flygplats,13,Rådande väder,"momentanvärde, 1 gång/tim resp 8 gånger/dygn",kod,1993-03-15T18:00:00Z,1993-03-15T19:00:00+01:00,732218400000,,0,0,G,,corrected-archive-csv
162860,Luleå-Kallax Flygplats,13,Rådande väder,"momentanvärde, 1 gång/tim resp 8 gånger/dygn",kod,1993-03-15T21:00:00Z,1993-03-15T22:00:00+01:00,732229200000,,0,0,G,,corrected-archive-csv
162860,Luleå-Kallax Flygplats,13,Rådande väder,"momentanvärde, 1 gång/tim resp 8 gånger/dygn",kod,1993-03-16T00:00:00Z,1993-03-16T01:00:00+01:00,732240000000,,0,0,G,,corrected-archive-csv
162860,Luleå-Kallax Flygplats,13,Rådande väder,"momentanvärde, 1 gång/tim resp 8 gånger/dygn",kod,1993-03-16T02:00:00Z,1993-03-16T03:00:00+01:00,732247200000,,61,61,Y,,corrected-archive-csv
162860,Luleå-Kallax Flygplats,13,Rådande väder,"momentanvärde, 1 gång/tim resp 8 gånger/dygn",kod,1993-03-16T03:00:00Z,1993-03-16T04:00:00+01:00,732250800000,,2,2,G,,corrected-archive-csv
162860,Luleå-Kallax Flygplats,13,Rådande väder,"momentanvärde, 1 gång/tim resp 8 gånger/dygn",kod,1993-03-16T04:00:00Z,1993-03-16T05:00:00+01:00,732254400000,,61,61,Y,,corrected-archive-csv
162860,Luleå-Kallax Flygplats,13,Rådande väder,"momentanvärde, 1 gång/tim resp 8 gånger/dygn",kod,1993-03-16T05:00:00Z,1993-03-16T06:00:00+01:00,732258000000,,61,61,Y,,corrected-archive-csv
162860,Luleå-Kallax Flygplats,13,Rådande väder,"momentanvärde, 1 gång/tim resp 8 gånger/dygn",kod,1993-03-16T06:00:00Z,1993-03-16T07:00:00+01:00,732261600000,,61,61,G,,corrected-archive-csv
162860,Luleå-Kallax Flygplats,13,Rådande väder,"momentanvärde, 1 gång/tim resp 8 gånger/dygn",kod,1993-03-16T07:00:00Z,1993-03-16T08:00:00+01:00,732265200000,,61,61,Y,,corrected-archive-csv
162860,Luleå-Kallax Flygplats,13,Rådande väder,"momentanvärde, 1 gång/tim resp 8 gånger/dygn",kod,1993-03-16T08:00:00Z,1993-03-16T09:00:00+01:00,732268800000,,61,61,Y,,corrected-archive-csv
162860,Luleå-Kallax Flygplats,13,Rådande väder,"momentanvärde, 1 gång/tim resp 8 gånger/dygn",kod,1993-03-16T09:00:00Z,1993-03-16T10:00:00+01:00,732272400000,,21,21,G,,corrected-archive-csv
162860,Luleå-Kallax Flygplats,13,Rådande väder,"momentanvärde, 1 gång/tim resp 8 gånger/dygn",kod,1993-03-16T10:00:00Z,1993-03-16T11:00:00+01:00,732276000000,,1,1,Y,,corrected-archive-csv
162860,Luleå-Kallax Flygplats,13,Rådande väder,"momentanvärde, 1 gång/tim resp 8 gånger/dygn",kod,1993-03-16T11:00:00Z,1993-03-16T12:00:00+01:00,732279600000,,1,1,Y,,corrected-archive-csv
162860,Luleå-Kallax Flygplats,13,Rådande väder,"momentanvärde, 1 gång/tim resp 8 gånger/dygn",kod,1993-03-16T12:00:00Z,1993-03-16T13:00:00+01:00,732283200000,,1,1,G,,corrected-archive-csv
162860,Luleå-Kallax Flygplats,13,Rådande väder,"momentanvärde, 1 gång/tim resp 8 gånger/dygn",kod,1993-03-16T15:00:00Z,1993-03-16T16:00:00+01:00,732294000000,,0,0,G,,corrected-archive-csv
162860,Luleå-Kallax Flygplats,13,Rådande väder,"momentanvärde, 1 gång/tim resp 8 gånger/dygn",kod,1993-03-16T18:00:00Z,1993-03-16T19:00:00+01:00,732304800000,,0,0,G,,corrected-archive-csv
162860,Luleå-Kallax Flygplats,13,Rådande väder,"momentanvärde, 1 gång/tim resp 8 gånger/dygn",kod,1993-03-16T21:00:00Z,1993-03-16T22:00:00+01:00,732315600000,,0,0,G,,corrected-archive-csv
162860,Luleå-Kallax Flygplats,13,Rådande väder,"momentanvärde, 1 gång/tim resp 8 gånger/dygn",kod,1993-03-17T00:00:00Z,1993-03-17T01:00:00+01:00,732326400000,,0,0,G,,corrected-archive-csv
162860,Luleå-Kallax Flygplats,13,Rådande väder,"momentanvärde, 1 gång/tim resp 8 gånger/dygn",kod,1993-03-17T03:00:00Z,1993-03-17T04:00:00+01:00,732337200000,,0,0,G,,corrected-archive-csv
162860,Luleå-Kallax Flygplats,13,Rådande väder,"momentanvärde, 1 gång/tim resp 8 gånger/dygn",kod,1993-03-17T06:00:00Z,1993-03-17T07:00:00+01:00,732348000000,,0,0,G,,corrected-archive-csv
162860,Luleå-Kallax Flygplats,13,Rådande väder,"momentanvärde, 1 gång/tim resp 8 gånger/dygn",kod,1993-03-17T09:00:00Z,1993-03-17T10:00:00+01:00,732358800000,,0,0,G,,corrected-archive-csv
162860,Luleå-Kallax Flygplats,13,Rådande väder,"momentanvärde, 1 gång/tim resp 8 gånger/dygn",kod,1993-03-17T12:00:00Z,1993-03-17T13:00:00+01:00,732369600000,,0,0,G,,corrected-archive-csv
162860,Luleå-Kallax Flygplats,13,Rådande väder,"momentanvärde, 1 gång/tim resp 8 gånger/dygn",kod,1993-03-17T15:00:00Z,1993-03-17T16:00:00+01:00,732380400000,,0,0,G,,corrected-archive-csv
162860,Luleå-Kallax Flygplats,13,Rådande väder,"momentanvärde, 1 gång/tim resp 8 gånger/dygn",kod,1993-03-17T18:00:00Z,1993-03-17T19:00:00+01:00,732391200000,,0,0,G,,corrected-archive-csv
162860,Luleå-Kallax Flygplats,13,Rådande väder,"momentanvärde, 1 gång/tim resp 8 gånger/dygn",kod,1993-03-17T21:00:00Z,1993-03-17T22:00:00+01:00,732402000000,,0,0,G,,corrected-archive-csv
162860,Luleå-Kallax Flygplats,13,Rådande väder,"momentanvärde, 1 gång/tim resp 8 gånger/dygn",kod,1993-03-18T00:00:00Z,1993-03-18T01:00:00+01:00,732412800000,,10,10,G,,corrected-archive-csv
162860,Luleå-Kallax Flygplats,13,Rådande väder,"momentanvärde, 1 gång/tim resp 8 gånger/dygn",kod,1993-03-18T01:00:00Z,1993-03-18T02:00:00+01:00,732416400000,,12,12,Y,,corrected-archive-csv
162860,Luleå-Kallax Flygplats,13,Rådande väder,"momentanvärde, 1 gång/tim resp 8 gånger/dygn",kod,1993-03-18T02:00:00Z,1993-03-18T03:00:00+01:00,732420000000,,1,1,Y,,corrected-archive-csv
162860,Luleå-Kallax Flygplats,13,Rådande väder,"momentanvärde, 1 gång/tim resp 8 gånger/dygn",kod,1993-03-18T03:00:00Z,1993-03-18T04:00:00+01:00,732423600000,,2,2,G,,corrected-archive-csv
162860,Luleå-Kallax Flygplats,13,Rådande väder,"momentanvärde, 1 gång/tim resp 8 gånger/dygn",kod,1993-03-18T04:00:00Z,1993-03-18T05:00:00+01:00,732427200000,,2,2,Y,,corrected-archive-csv
162860,Luleå-Kallax Flygplats,13,Rådande väder,"momentanvärde, 1 gång/tim resp 8 gånger/dygn",kod,1993-03-18T05:00:00Z,1993-03-18T06:00:00+01:00,732430800000,,14,14,Y,,corrected-archive-csv
162860,Luleå-Kallax Flygplats,13,Rådande väder,"momentanvärde, 1 gång/tim resp 8 gånger/dygn",kod,1993-03-18T06:00:00Z,1993-03-18T07:00:00+01:00,732434400000,,71,71,G,,corrected-archive-csv
162860,Luleå-Kallax Flygplats,13,Rådande väder,"momentanvärde, 1 gång/tim resp 8 gånger/dygn",kod,1993-03-18T07:00:00Z,1993-03-18T08:00:00+01:00,732438000000,,71,71,Y,,corrected-archive-csv
162860,Luleå-Kallax Flygplats,13,Rådande väder,"momentanvärde, 1 gång/tim resp 8 gånger/dygn",kod,1993-03-18T08:00:00Z,1993-03-18T09:00:00+01:00,732441600000,,15,15,Y,,corrected-archive-csv
162860,Luleå-Kallax Flygplats,13,Rådande väder,"momentanvärde, 1 gång/tim resp 8 gånger/dygn",kod,1993-03-18T09:00:00Z,1993-03-18T10:00:00+01:00,732445200000,,2,2,G,,corrected-archive-csv
162860,Luleå-Kallax Flygplats,13,Rådande väder,"momentanvärde, 1 gång/tim resp 8 gånger/dygn",kod,1993-03-18T10:00:00Z,1993-03-18T11:00:00+01:00,732448800000,,2,2,Y,,corrected-archive-csv
162860,Luleå-Kallax Flygplats,13,Rådande väder,"momentanvärde, 1 gång/tim resp 8 gånger/dygn",kod,1993-03-18T11:00:00Z,1993-03-18T12:00:00+01:00,732452400000,,2,2,Y,,corrected-archive-csv
162860,Luleå-Kallax Flygplats,13,Rådande väder,"momentanvärde, 1 gång/tim resp 8 gånger/dygn",kod,1993-03-18T12:00:00Z,1993-03-18T13:00:00+01:00,732456000000,,2,2,G,,corrected-archive-csv
162860,Luleå-Kallax Flygplats,13,Rådande väder,"momentanvärde, 1 gång/tim resp 8 gånger/dygn",kod,1993-03-18T15:00:00Z,1993-03-18T16:00:00+01:00,732466800000,,71,71,G,,corrected-archive-csv
162860,Luleå-Kallax Flygplats,13,Rådande väder,"momentanvärde, 1 gång/tim resp 8 gånger/dygn",kod,1993-03-18T16:00:00Z,1993-03-18T17:00:00+01:00,732470400000,,22,22,Y,,corrected-archive-csv
162860,Luleå-Kallax Flygplats,13,Rådande väder,"momentanvärde, 1 gång/tim resp 8 gånger/dygn",kod,1993-03-18T17:00:00Z,1993-03-18T18:00:00+01:00,732474000000,,22,22,Y,,corrected-archive-csv
162860,Luleå-Kallax Flygplats,13,Rådande väder,"momentanvärde, 1 gång/tim resp 8 gånger/dygn",kod,1993-03-18T18:00:00Z,1993-03-18T19:00:00+01:00,732477600000,,71,71,G,,corrected-archive-csv
162860,Luleå-Kallax Flygplats,13,Rådande väder,"momentanvärde, 1 gång/tim resp 8 gånger/dygn",kod,1993-03-18T19:00:00Z,1993-03-18T20:00:00+01:00,732481200000,,22,22,Y,,corrected-archive-csv
162860,Luleå-Kallax Flygplats,13,Rådande väder,"momentanvärde, 1 gång/tim resp 8 gånger/dygn",kod,1993-03-18T20:00:00Z,1993-03-18T21:00:00+01:00,732484800000,,2,2,Y,,corrected-archive-csv
162860,Luleå-Kallax Flygplats,13,Rådande väder,"momentanvärde, 1 gång/tim resp 8 gånger/dygn",kod,1993-03-18T21:00:00Z,1993-03-18T22:00:00+01:00,732488400000,,2,2,G,,corrected-archive-csv
162860,Luleå-Kallax Flygplats,13,Rådande väder,"momentanvärde, 1 gång/tim resp 8 gånger/dygn",kod,1993-03-18T22:00:00Z,1993-03-18T23:00:00+01:00,732492000000,,2,2,Y,,corrected-archive-csv
162860,Luleå-Kallax Flygplats,13,Rådande väder,"momentanvärde, 1 gång/tim resp 8 gånger/dygn",kod,1993-03-18T23:00:00Z,1993-03-19T00:00:00+01:00,732495600000,,1,1,Y,,corrected-archive-csv
162860,Luleå-Kallax Flygplats,13,Rådande väder,"momentanvärde, 1 gång/tim resp 8 gånger/dygn",kod,1993-03-19T00:00:00Z,1993-03-19T01:00:00+01:00,732499200000,,0,0,G,,corrected-archive-csv
162860,Luleå-Kallax Flygplats,13,Rådande väder,"momentanvärde, 1 gång/tim resp 8 gånger/dygn",kod,1993-03-19T03:00:00Z,1993-03-19T04:00:00+01:00,732510000000,,0,0,G,,corrected-archive-csv
162860,Luleå-Kallax Flygplats,13,Rådande väder,"momentanvärde, 1 gång/tim resp 8 gånger/dygn",kod,1993-03-19T06:00:00Z,1993-03-19T07:00:00+01:00,732520800000,,0,0,G,,corrected-archive-csv
162860,Luleå-Kallax Flygplats,13,Rådande väder,"momentanvärde, 1 gång/tim resp 8 gånger/dygn",kod,1993-03-19T09:00:00Z,1993-03-19T10:00:00+01:00,732531600000,,0,0,G,,corrected-archive-csv
162860,Luleå-Kallax Flygplats,13,Rådande väder,"momentanvärde, 1 gång/tim resp 8 gånger/dygn",kod,1993-03-19T12:00:00Z,1993-03-19T13:00:00+01:00,732542400000,,0,0,G,,corrected-archive-csv
162860,Luleå-Kallax Flygplats,13,Rådande väder,"momentanvärde, 1 gång/tim resp 8 gånger/dygn",kod,1993-03-19T14:00:00Z,1993-03-19T15:00:00+01:00,732549600000,,71,71,Y,,corrected-archive-csv
162860,Luleå-Kallax Flygplats,13,Rådande väder,"momentanvärde, 1 gång/tim resp 8 gånger/dygn",kod,1993-03-19T15:00:00Z,1993-03-19T16:00:00+01:00,732553200000,,71,71,G,,corrected-archive-csv
162860,Luleå-Kallax Flygplats,13,Rådande väder,"momentanvärde, 1 gång/tim resp 8 gånger/dygn",kod,1993-03-19T16:00:00Z,1993-03-19T17:00:00+01:00,732556800000,,71,71,Y,,corrected-archive-csv
162860,Luleå-Kallax Flygplats,13,Rådande väder,"momentanvärde, 1 gång/tim resp 8 gånger/dygn",kod,1993-03-19T17:00:00Z,1993-03-19T18:00:00+01:00,732560400000,,71,71,Y,,corrected-archive-csv
162860,Luleå-Kallax Flygplats,13,Rådande väder,"momentanvärde, 1 gång/tim resp 8 gånger/dygn",kod,1993-03-19T18:00:00Z,1993-03-19T19:00:00+01:00,732564000000,,71,71,G,,corrected-archive-csv
162860,Luleå-Kallax Flygplats,13,Rådande väder,"momentanvärde, 1 gång/tim resp 8 gånger/dygn",kod,1993-03-19T19:00:00Z,1993-03-19T20:00:00+01:00,732567600000,,71,71,Y,,corrected-archive-csv
162860,Luleå-Kallax Flygplats,13,Rådande väder,"momentanvärde, 1 gång/tim resp 8 gånger/dygn",kod,1993-03-19T20:00:00Z,1993-03-19T21:00:00+01:00,732571200000,,22,22,Y,,corrected-archive-csv
162860,Luleå-Kallax Flygplats,13,Rådande väder,"momentanvärde, 1 gång/tim resp 8 gånger/dygn",kod,1993-03-19T21:00:00Z,1993-03-19T22:00:00+01:00,732574800000,,71,71,G,,corrected-archive-csv
162860,Luleå-Kallax Flygplats,13,Rådande väder,"momentanvärde, 1 gång/tim resp 8 gånger/dygn",kod,1993-03-19T22:00:00Z,1993-03-19T23:00:00+01:00,732578400000,,71,71,Y,,corrected-archive-csv
162860,Luleå-Kallax Flygplats,13,Rådande väder,"momentanvärde, 1 gång/tim resp 8 gånger/dygn",kod,1993-03-19T23:00:00Z,1993-03-20T00:00:00+01:00,732582000000,,71,71,Y,,corrected-archive-csv
162860,Luleå-Kallax Flygplats,13,Rådande väder,"momentanvärde, 1 gång/tim resp 8 gånger/dygn",kod,1993-03-20T00:00:00Z,1993-03-20T01:00:00+01:00,732585600000,,71,71,G,,corrected-archive-csv
162860,Luleå-Kallax Flygplats,13,Rådande väder,"momentanvärde, 1 gång/tim resp 8 gånger/dygn",kod,1993-03-20T01:00:00Z,1993-03-20T02:00:00+01:00,732589200000,,71,71,Y,,corrected-archive-csv
162860,Luleå-Kallax Flygplats,13,Rådande väder,"momentanvärde, 1 gång/tim resp 8 gånger/dygn",kod,1993-03-20T02:00:00Z,1993-03-20T03:00:00+01:00,732592800000,,14,14,Y,,corrected-archive-csv
162860,Luleå-Kallax Flygplats,13,Rådande väder,"momentanvärde, 1 gång/tim resp 8 gånger/dygn",kod,1993-03-20T03:00:00Z,1993-03-20T04:00:00+01:00,732596400000,,2,2,G,,corrected-archive-csv
162860,Luleå-Kallax Flygplats,13,Rådande väder,"momentanvärde, 1 gång/tim resp 8 gånger/dygn",kod,1993-03-20T04:00:00Z,1993-03-20T05:00:00+01:00,732600000000,,2,2,Y,,corrected-archive-csv
162860,Luleå-Kallax Flygplats,13,Rådande väder,"momentanvärde, 1 gång/tim resp 8 gånger/dygn",kod,1993-03-20T05:00:00Z,1993-03-20T06:00:00+01:00,732603600000,,2,2,Y,,corrected-archive-csv
162860,Luleå-Kallax Flygplats,13,Rådande väder,"momentanvärde, 1 gång/tim resp 8 gånger/dygn",kod,1993-03-20T06:00:00Z,1993-03-20T07:00:00+01:00,732607200000,,2,2,G,,corrected-archive-csv
162860,Luleå-Kallax Flygplats,13,Rådande väder,"momentanvärde, 1 gång/tim resp 8 gånger/dygn",kod,1993-03-20T09:00:00Z,1993-03-20T10:00:00+01:00,732618000000,,0,0,G,,corrected-archive-csv
162860,Luleå-Kallax Flygplats,13,Rådande väder,"momentanvärde, 1 gång/tim resp 8 gånger/dygn",kod,1993-03-20T12:00:00Z,1993-03-20T13:00:00+01:00,732628800000,,0,0,G,,corrected-archive-csv
162860,Luleå-Kallax Flygplats,13,Rådande väder,"momentanvärde, 1 gång/tim resp 8 gånger/dygn",kod,1993-03-20T15:00:00Z,1993-03-20T16:00:00+01:00,732639600000,,0,0,G,,corrected-archive-csv
162860,Luleå-Kallax Flygplats,13,Rådande väder,"momentanvärde, 1 gång/tim resp 8 gånger/dygn",kod,1993-03-20T18:00:00Z,1993-03-20T19:00:00+01:00,732650400000,,0,0,G,,corrected-archive-csv
162860,Luleå-Kallax Flygplats,13,Rådande väder,"momentanvärde, 1 gång/tim resp 8 gånger/dygn",kod,1993-03-20T21:00:00Z,1993-03-20T22:00:00+01:00,732661200000,,0,0,G,,corrected-archive-csv
162860,Luleå-Kallax Flygplats,13,Rådande väder,"momentanvärde, 1 gång/tim resp 8 gånger/dygn",kod,1993-03-21T00:00:00Z,1993-03-21T01:00:00+01:00,732672000000,,0,0,G,,corrected-archive-csv
162860,Luleå-Kallax Flygplats,13,Rådande väder,"momentanvärde, 1 gång/tim resp 8 gånger/dygn",kod,1993-03-21T03:00:00Z,1993-03-21T04:00:00+01:00,732682800000,,0,0,G,,corrected-archive-csv
162860,Luleå-Kallax Flygplats,13,Rådande väder,"momentanvärde, 1 gång/tim resp 8 gånger/dygn",kod,1993-03-21T04:00:00Z,1993-03-21T05:00:00+01:00,732686400000,,15,15,Y,,corrected-archive-csv
162860,Luleå-Kallax Flygplats,13,Rådande väder,"momentanvärde, 1 gång/tim resp 8 gånger/dygn",kod,1993-03-21T05:00:00Z,1993-03-21T06:00:00+01:00,732690000000,,71,71,Y,,corrected-archive-csv
162860,Luleå-Kallax Flygplats,13,Rådande väder,"momentanvärde, 1 gång/tim resp 8 gånger/dygn",kod,1993-03-21T06:00:00Z,1993-03-21T07:00:00+01:00,732693600000,,71,71,G,,corrected-archive-csv
162860,Luleå-Kallax Flygplats,13,Rådande väder,"momentanvärde, 1 gång/tim resp 8 gånger/dygn",kod,1993-03-21T07:00:00Z,1993-03-21T08:00:00+01:00,732697200000,,71,71,Y,,corrected-archive-csv
162860,Luleå-Kallax Flygplats,13,Rådande väder,"momentanvärde, 1 gång/tim resp 8 gånger/dygn",kod,1993-03-21T08:00:00Z,1993-03-21T09:00:00+01:00,732700800000,,71,71,Y,,corrected-archive-csv
162860,Luleå-Kallax Flygplats,13,Rådande väder,"momentanvärde, 1 gång/tim resp 8 gånger/dygn",kod,1993-03-21T09:00:00Z,1993-03-21T10:00:00+01:00,732704400000,,56,56,G,,corrected-archive-csv
162860,Luleå-Kallax Flygplats,13,Rådande väder,"momentanvärde, 1 gång/tim resp 8 gånger/dygn",kod,1993-03-21T10:00:00Z,1993-03-21T11:00:00+01:00,732708000000,,24,24,Y,,corrected-archive-csv
162860,Luleå-Kallax Flygplats,13,Rådande väder,"momentanvärde, 1 gång/tim resp 8 gånger/dygn",kod,1993-03-21T11:00:00Z,1993-03-21T12:00:00+01:00,732711600000,,1,1,Y,,corrected-archive-csv
162860,Luleå-Kallax Flygplats,13,Rådande väder,"momentanvärde, 1 gång/tim resp 8 gånger/dygn",kod,1993-03-21T12:00:00Z,1993-03-21T13:00:00+01:00,732715200000,,1,1,G,,corrected-archive-csv
162860,Luleå-Kallax Flygplats,13,Rådande väder,"momentanvärde, 1 gång/tim resp 8 gånger/dygn",kod,1993-03-21T15:00:00Z,1993-03-21T16:00:00+01:00,732726000000,,0,0,G,,corrected-archive-csv
162860,Luleå-Kallax Flygplats,13,Rådande väder,"momentanvärde, 1 gång/tim resp 8 gånger/dygn",kod,1993-03-21T18:00:00Z,1993-03-21T19:00:00+01:00,732736800000,,0,0,G,,corrected-archive-csv
162860,Luleå-Kallax Flygplats,13,Rådande väder,"momentanvärde, 1 gång/tim resp 8 gånger/dygn",kod,1993-03-21T21:00:00Z,1993-03-21T22:00:00+01:00,732747600000,,0,0,G,,corrected-archive-csv
162860,Luleå-Kallax Flygplats,13,Rådande väder,"momentanvärde, 1 gång/tim resp 8 gånger/dygn",kod,1993-03-22T00:00:00Z,1993-03-22T01:00:00+01:00,732758400000,,0,0,G,,corrected-archive-csv
162860,Luleå-Kallax Flygplats,13,Rådande väder,"momentanvärde, 1 gång/tim resp 8 gånger/dygn",kod,1993-03-22T03:00:00Z,1993-03-22T04:00:00+01:00,732769200000,,0,0,G,,corrected-archive-csv
162860,Luleå-Kallax Flygplats,13,Rådande väder,"momentanvärde, 1 gång/tim resp 8 gånger/dygn",kod,1993-03-22T06:00:00Z,1993-03-22T07:00:00+01:00,732780000000,,0,0,G,,corrected-archive-csv
162860,Luleå-Kallax Flygplats,13,Rådande väder,"momentanvärde, 1 gång/tim resp 8 gånger/dygn",kod,1993-03-22T09:00:00Z,1993-03-22T10:00:00+01:00,732790800000,,0,0,G,,corrected-archive-csv
162860,Luleå-Kallax Flygplats,13,Rådande väder,"momentanvärde, 1 gång/tim resp 8 gånger/dygn",kod,1993-03-22T12:00:00Z,1993-03-22T13:00:00+01:00,732801600000,,0,0,G,,corrected-archive-csv
162860,Luleå-Kallax Flygplats,13,Rådande väder,"momentanvärde, 1 gång/tim resp 8 gånger/dygn",kod,1993-03-22T15:00:00Z,1993-03-22T16:00:00+01:00,732812400000,,0,0,G,,corrected-archive-csv
162860,Luleå-Kallax Flygplats,13,Rådande väder,"momentanvärde, 1 gång/tim resp 8 gånger/dygn",kod,1993-03-22T18:00:00Z,1993-03-22T19:00:00+01:00,732823200000,,0,0,G,,corrected-archive-csv
162860,Luleå-Kallax Flygplats,13,Rådande väder,"momentanvärde, 1 gång/tim resp 8 gånger/dygn",kod,1993-03-22T21:00:00Z,1993-03-22T22:00:00+01:00,732834000000,,0,0,G,,corrected-archive-csv
162860,Luleå-Kallax Flygplats,13,Rådande väder,"momentanvärde, 1 gång/tim resp 8 gånger/dygn",kod,1993-03-23T00:00:00Z,1993-03-23T01:00:00+01:00,732844800000,,0,0,G,,corrected-archive-csv
162860,Luleå-Kallax Flygplats,13,Rådande väder,"momentanvärde, 1 gång/tim resp 8 gånger/dygn",kod,1993-03-23T03:00:00Z,1993-03-23T04:00:00+01:00,732855600000,,0,0,G,,corrected-archive-csv
162860,Luleå-Kallax Flygplats,13,Rådande väder,"momentanvärde, 1 gång/tim resp 8 gånger/dygn",kod,1993-03-23T06:00:00Z,1993-03-23T07:00:00+01:00,732866400000,,0,0,G,,corrected-archive-csv
162860,Luleå-Kallax Flygplats,13,Rådande väder,"momentanvärde, 1 gång/tim resp 8 gånger/dygn",kod,1993-03-23T09:00:00Z,1993-03-23T10:00:00+01:00,732877200000,,0,0,G,,corrected-archive-csv
162860,Luleå-Kallax Flygplats,13,Rådande väder,"momentanvärde, 1 gång/tim resp 8 gånger/dygn",kod,1993-03-23T10:00:00Z,1993-03-23T11:00:00+01:00,732880800000,,71,71,Y,,corrected-archive-csv
162860,Luleå-Kallax Flygplats,13,Rådande väder,"momentanvärde, 1 gång/tim resp 8 gånger/dygn",kod,1993-03-23T11:00:00Z,1993-03-23T12:00:00+01:00,732884400000,,71,71,Y,,corrected-archive-csv
162860,Luleå-Kallax Flygplats,13,Rådande väder,"momentanvärde, 1 gång/tim resp 8 gånger/dygn",kod,1993-03-23T12:00:00Z,1993-03-23T13:00:00+01:00,732888000000,,73,73,G,,corrected-archive-csv
162860,Luleå-Kallax Flygplats,13,Rådande väder,"momentanvärde, 1 gång/tim resp 8 gånger/dygn",kod,1993-03-23T13:00:00Z,1993-03-23T14:00:00+01:00,732891600000,,73,73,Y,,corrected-archive-csv
162860,Luleå-Kallax Flygplats,13,Rådande väder,"momentanvärde, 1 gång/tim resp 8 gånger/dygn",kod,1993-03-23T14:00:00Z,1993-03-23T15:00:00+01:00,732895200000,,71,71,Y,,corrected-archive-csv
162860,Luleå-Kallax Flygplats,13,Rådande väder,"momentanvärde, 1 gång/tim resp 8 gånger/dygn",kod,1993-03-23T15:00:00Z,1993-03-23T16:00:00+01:00,732898800000,,71,71,G,,corrected-archive-csv
162860,Luleå-Kallax Flygplats,13,Rådande väder,"momentanvärde, 1 gång/tim resp 8 gånger/dygn",kod,1993-03-23T16:00:00Z,1993-03-23T17:00:00+01:00,732902400000,,71,71,Y,,corrected-archive-csv
162860,Luleå-Kallax Flygplats,13,Rådande väder,"momentanvärde, 1 gång/tim resp 8 gånger/dygn",kod,1993-03-23T17:00:00Z,1993-03-23T18:00:00+01:00,732906000000,,71,71,Y,,corrected-archive-csv
162860,Luleå-Kallax Flygplats,13,Rådande väder,"momentanvärde, 1 gång/tim resp 8 gånger/dygn",kod,1993-03-23T18:00:00Z,1993-03-23T19:00:00+01:00,732909600000,,83,83,G,,corrected-archive-csv
162860,Luleå-Kallax Flygplats,13,Rådande väder,"momentanvärde, 1 gång/tim resp 8 gånger/dygn",kod,1993-03-23T19:00:00Z,1993-03-23T20:00:00+01:00,732913200000,,10,10,Y,,corrected-archive-csv
162860,Luleå-Kallax Flygplats,13,Rådande väder,"momentanvärde, 1 gång/tim resp 8 gånger/dygn",kod,1993-03-23T20:00:00Z,1993-03-23T21:00:00+01:00,732916800000,,47,47,Y,,corrected-archive-csv
162860,Luleå-Kallax Flygplats,13,Rådande väder,"momentanvärde, 1 gång/tim resp 8 gånger/dygn",kod,1993-03-23T21:00:00Z,1993-03-23T22:00:00+01:00,732920400000,,45,45,G,,corrected-archive-csv
162860,Luleå-Kallax Flygplats,13,Rådande väder,"momentanvärde, 1 gång/tim resp 8 gånger/dygn",kod,1993-03-23T22:00:00Z,1993-03-23T23:00:00+01:00,732924000000,,28,28,Y,,corrected-archive-csv
162860,Luleå-Kallax Flygplats,13,Rådande väder,"momentanvärde, 1 gång/tim resp 8 gånger/dygn",kod,1993-03-23T23:00:00Z,1993-03-24T00:00:00+01:00,732927600000,,10,10,Y,,corrected-archive-csv
162860,Luleå-Kallax Flygplats,13,Rådande väder,"momentanvärde, 1 gång/tim resp 8 gånger/dygn",kod,1993-03-24T00:00:00Z,1993-03-24T01:00:00+01:00,732931200000,,46,46,G,,corrected-archive-csv
162860,Luleå-Kallax Flygplats,13,Rådande väder,"momentanvärde, 1 gång/tim resp 8 gånger/dygn",kod,1993-03-24T01:00:00Z,1993-03-24T02:00:00+01:00,732934800000,,28,28,Y,,corrected-archive-csv
162860,Luleå-Kallax Flygplats,13,Rådande väder,"momentanvärde, 1 gång/tim resp 8 gånger/dygn",kod,1993-03-24T02:00:00Z,1993-03-24T03:00:00+01:00,732938400000,,2,2,Y,,corrected-archive-csv
162860,Luleå-Kallax Flygplats,13,Rådande väder,"momentanvärde, 1 gång/tim resp 8 gånger/dygn",kod,1993-03-24T03:00:00Z,1993-03-24T04:00:00+01:00,732942000000,,2,2,G,,corrected-archive-csv
162860,Luleå-Kallax Flygplats,13,Rådande väder,"momentanvärde, 1 gång/tim resp 8 gånger/dygn",kod,1993-03-24T04:00:00Z,1993-03-24T05:00:00+01:00,732945600000,,2,2,Y,,corrected-archive-csv
162860,Luleå-Kallax Flygplats,13,Rådande väder,"momentanvärde, 1 gång/tim resp 8 gånger/dygn",kod,1993-03-24T05:00:00Z,1993-03-24T06:00:00+01:00,732949200000,,2,2,Y,,corrected-archive-csv
162860,Luleå-Kallax Flygplats,13,Rådande väder,"momentanvärde, 1 gång/tim resp 8 gånger/dygn",kod,1993-03-24T06:00:00Z,1993-03-24T07:00:00+01:00,732952800000,,2,2,G,,corrected-archive-csv
162860,Luleå-Kallax Flygplats,13,Rådande väder,"momentanvärde, 1 gång/tim resp 8 gånger/dygn",kod,1993-03-24T09:00:00Z,1993-03-24T10:00:00+01:00,732963600000,,0,0,G,,corrected-archive-csv
162860,Luleå-Kallax Flygplats,13,Rådande väder,"momentanvärde, 1 gång/tim resp 8 gånger/dygn",kod,1993-03-24T12:00:00Z,1993-03-24T13:00:00+01:00,732974400000,,0,0,G,,corrected-archive-csv
162860,Luleå-Kallax Flygplats,13,Rådande väder,"momentanvärde, 1 gång/tim resp 8 gånger/dygn",kod,1993-03-24T15:00:00Z,1993-03-24T16:00:00+01:00,732985200000,,0,0,G,,corrected-archive-csv
162860,Luleå-Kallax Flygplats,13,Rådande väder,"momentanvärde, 1 gång/tim resp 8 gånger/dygn",kod,1993-03-24T18:00:00Z,1993-03-24T19:00:00+01:00,732996000000,,0,0,G,,corrected-archive-csv
162860,Luleå-Kallax Flygplats,13,Rådande väder,"momentanvärde, 1 gång/tim resp 8 gånger/dygn",kod,1993-03-24T21:00:00Z,1993-03-24T22:00:00+01:00,733006800000,,0,0,G,,corrected-archive-csv
162860,Luleå-Kallax Flygplats,13,Rådande väder,"momentanvärde, 1 gång/tim resp 8 gånger/dygn",kod,1993-03-25T00:00:00Z,1993-03-25T01:00:00+01:00,733017600000,,0,0,G,,corrected-archive-csv
162860,Luleå-Kallax Flygplats,13,Rådande väder,"momentanvärde, 1 gång/tim resp 8 gånger/dygn",kod,1993-03-25T03:00:00Z,1993-03-25T04:00:00+01:00,733028400000,,0,0,G,,corrected-archive-csv
162860,Luleå-Kallax Flygplats,13,Rådande väder,"momentanvärde, 1 gång/tim resp 8 gånger/dygn",kod,1993-03-25T06:00:00Z,1993-03-25T07:00:00+01:00,733039200000,,0,0,G,,corrected-archive-csv
162860,Luleå-Kallax Flygplats,13,Rådande väder,"momentanvärde, 1 gång/tim resp 8 gånger/dygn",kod,1993-03-25T09:00:00Z,1993-03-25T10:00:00+01:00,733050000000,,0,0,G,,corrected-archive-csv
162860,Luleå-Kallax Flygplats,13,Rådande väder,"momentanvärde, 1 gång/tim resp 8 gånger/dygn",kod,1993-03-25T12:00:00Z,1993-03-25T13:00:00+01:00,733060800000,,0,0,G,,corrected-archive-csv
162860,Luleå-Kallax Flygplats,13,Rådande väder,"momentanvärde, 1 gång/tim resp 8 gånger/dygn",kod,1993-03-25T15:00:00Z,1993-03-25T16:00:00+01:00,733071600000,,0,0,G,,corrected-archive-csv
162860,Luleå-Kallax Flygplats,13,Rådande väder,"momentanvärde, 1 gång/tim resp 8 gånger/dygn",kod,1993-03-25T18:00:00Z,1993-03-25T19:00:00+01:00,733082400000,,0,0,G,,corrected-archive-csv
162860,Luleå-Kallax Flygplats,13,Rådande väder,"momentanvärde, 1 gång/tim resp 8 gånger/dygn",kod,1993-03-25T21:00:00Z,1993-03-25T22:00:00+01:00,733093200000,,0,0,G,,corrected-archive-csv
162860,Luleå-Kallax Flygplats,13,Rådande väder,"momentanvärde, 1 gång/tim resp 8 gånger/dygn",kod,1993-03-26T00:00:00Z,1993-03-26T01:00:00+01:00,733104000000,,0,0,G,,corrected-archive-csv
162860,Luleå-Kallax Flygplats,13,Rådande väder,"momentanvärde, 1 gång/tim resp 8 gånger/dygn",kod,1993-03-26T03:00:00Z,1993-03-26T04:00:00+01:00,733114800000,,0,0,G,,corrected-archive-csv
162860,Luleå-Kallax Flygplats,13,Rådande väder,"momentanvärde, 1 gång/tim resp 8 gånger/dygn",kod,1993-03-26T06:00:00Z,1993-03-26T07:00:00+01:00,733125600000,,0,0,G,,corrected-archive-csv
162860,Luleå-Kallax Flygplats,13,Rådande väder,"momentanvärde, 1 gång/tim resp 8 gånger/dygn",kod,1993-03-26T09:00:00Z,1993-03-26T10:00:00+01:00,733136400000,,0,0,G,,corrected-archive-csv
162860,Luleå-Kallax Flygplats,13,Rådande väder,"momentanvärde, 1 gång/tim resp 8 gånger/dygn",kod,1993-03-26T12:00:00Z,1993-03-26T13:00:00+01:00,733147200000,,0,0,G,,corrected-archive-csv
162860,Luleå-Kallax Flygplats,13,Rådande väder,"momentanvärde, 1 gång/tim resp 8 gånger/dygn",kod,1993-03-26T15:00:00Z,1993-03-26T16:00:00+01:00,733158000000,,0,0,G,,corrected-archive-csv
162860,Luleå-Kallax Flygplats,13,Rådande väder,"momentanvärde, 1 gång/tim resp 8 gånger/dygn",kod,1993-03-26T18:00:00Z,1993-03-26T19:00:00+01:00,733168800000,,0,0,G,,corrected-archive-csv
162860,Luleå-Kallax Flygplats,13,Rådande väder,"momentanvärde, 1 gång/tim resp 8 gånger/dygn",kod,1993-03-26T21:00:00Z,1993-03-26T22:00:00+01:00,733179600000,,0,0,G,,corrected-archive-csv
162860,Luleå-Kallax Flygplats,13,Rådande väder,"momentanvärde, 1 gång/tim resp 8 gånger/dygn",kod,1993-03-27T00:00:00Z,1993-03-27T01:00:00+01:00,733190400000,,0,0,G,,corrected-archive-csv
162860,Luleå-Kallax Flygplats,13,Rådande väder,"momentanvärde, 1 gång/tim resp 8 gånger/dygn",kod,1993-03-27T03:00:00Z,1993-03-27T04:00:00+01:00,733201200000,,0,0,G,,corrected-archive-csv
162860,Luleå-Kallax Flygplats,13,Rådande väder,"momentanvärde, 1 gång/tim resp 8 gånger/dygn",kod,1993-03-27T06:00:00Z,1993-03-27T07:00:00+01:00,733212000000,,0,0,G,,corrected-archive-csv
162860,Luleå-Kallax Flygplats,13,Rådande väder,"momentanvärde, 1 gång/tim resp 8 gånger/dygn",kod,1993-03-27T09:00:00Z,1993-03-27T10:00:00+01:00,733222800000,,0,0,G,,corrected-archive-csv
162860,Luleå-Kallax Flygplats,13,Rådande väder,"momentanvärde, 1 gång/tim resp 8 gånger/dygn",kod,1993-03-27T12:00:00Z,1993-03-27T13:00:00+01:00,733233600000,,0,0,G,,corrected-archive-csv
162860,Luleå-Kallax Flygplats,13,Rådande väder,"momentanvärde, 1 gång/tim resp 8 gånger/dygn",kod,1993-03-27T15:00:00Z,1993-03-27T16:00:00+01:00,733244400000,,0,0,G,,corrected-archive-csv
162860,Luleå-Kallax Flygplats,13,Rådande väder,"momentanvärde, 1 gång/tim resp 8 gånger/dygn",kod,1993-03-27T18:00:00Z,1993-03-27T19:00:00+01:00,733255200000,,0,0,G,,corrected-archive-csv
162860,Luleå-Kallax Flygplats,13,Rådande väder,"momentanvärde, 1 gång/tim resp 8 gånger/dygn",kod,1993-03-27T21:00:00Z,1993-03-27T22:00:00+01:00,733266000000,,0,0,G,,corrected-archive-csv
162860,Luleå-Kallax Flygplats,13,Rådande väder,"momentanvärde, 1 gång/tim resp 8 gånger/dygn",kod,1993-03-28T00:00:00Z,1993-03-28T01:00:00+01:00,733276800000,,0,0,G,,corrected-archive-csv
162860,Luleå-Kallax Flygplats,13,Rådande väder,"momentanvärde, 1 gång/tim resp 8 gånger/dygn",kod,1993-03-28T03:00:00Z,1993-03-28T05:00:00+02:00,733287600000,,0,0,G,,corrected-archive-csv
162860,Luleå-Kallax Flygplats,13,Rådande väder,"momentanvärde, 1 gång/tim resp 8 gånger/dygn",kod,1993-03-28T06:00:00Z,1993-03-28T08:00:00+02:00,733298400000,,0,0,G,,corrected-archive-csv
162860,Luleå-Kallax Flygplats,13,Rådande väder,"momentanvärde, 1 gång/tim resp 8 gånger/dygn",kod,1993-03-28T09:00:00Z,1993-03-28T11:00:00+02:00,733309200000,,0,0,G,,corrected-archive-csv
162860,Luleå-Kallax Flygplats,13,Rådande väder,"momentanvärde, 1 gång/tim resp 8 gånger/dygn",kod,1993-03-28T12:00:00Z,1993-03-28T14:00:00+02:00,733320000000,,0,0,G,,corrected-archive-csv
162860,Luleå-Kallax Flygplats,13,Rådande väder,"momentanvärde, 1 gång/tim resp 8 gånger/dygn",kod,1993-03-28T15:00:00Z,1993-03-28T17:00:00+02:00,733330800000,,0,0,G,,corrected-archive-csv
162860,Luleå-Kallax Flygplats,13,Rådande väder,"momentanvärde, 1 gång/tim resp 8 gånger/dygn",kod,1993-03-28T18:00:00Z,1993-03-28T20:00:00+02:00,733341600000,,0,0,G,,corrected-archive-csv
162860,Luleå-Kallax Flygplats,13,Rådande väder,"momentanvärde, 1 gång/tim resp 8 gånger/dygn",kod,1993-03-28T21:00:00Z,1993-03-28T23:00:00+02:00,733352400000,,0,0,G,,corrected-archive-csv
162860,Luleå-Kallax Flygplats,13,Rådande väder,"momentanvärde, 1 gång/tim resp 8 gånger/dygn",kod,1993-03-28T22:00:00Z,1993-03-29T00:00:00+02:00,733356000000,,40,40,Y,,corrected-archive-csv
162860,Luleå-Kallax Flygplats,13,Rådande väder,"momentanvärde, 1 gång/tim resp 8 gånger/dygn",kod,1993-03-28T23:00:00Z,1993-03-29T01:00:00+02:00,733359600000,,48,48,Y,,corrected-archive-csv
162860,Luleå-Kallax Flygplats,13,Rådande väder,"momentanvärde, 1 gång/tim resp 8 gånger/dygn",kod,1993-03-29T00:00:00Z,1993-03-29T02:00:00+02:00,733363200000,,48,48,G,,corrected-archive-csv
162860,Luleå-Kallax Flygplats,13,Rådande väder,"momentanvärde, 1 gång/tim resp 8 gånger/dygn",kod,1993-03-29T01:00:00Z,1993-03-29T03:00:00+02:00,733366800000,,48,48,Y,,corrected-archive-csv
162860,Luleå-Kallax Flygplats,13,Rådande väder,"momentanvärde, 1 gång/tim resp 8 gånger/dygn",kod,1993-03-29T02:00:00Z,1993-03-29T04:00:00+02:00,733370400000,,48,48,Y,,corrected-archive-csv
162860,Luleå-Kallax Flygplats,13,Rådande väder,"momentanvärde, 1 gång/tim resp 8 gånger/dygn",kod,1993-03-29T03:00:00Z,1993-03-29T05:00:00+02:00,733374000000,,48,48,G,,corrected-archive-csv
162860,Luleå-Kallax Flygplats,13,Rådande väder,"momentanvärde, 1 gång/tim resp 8 gånger/dygn",kod,1993-03-29T04:00:00Z,1993-03-29T06:00:00+02:00,733377600000,,48,48,Y,,corrected-archive-csv
162860,Luleå-Kallax Flygplats,13,Rådande väder,"momentanvärde, 1 gång/tim resp 8 gånger/dygn",kod,1993-03-29T05:00:00Z,1993-03-29T07:00:00+02:00,733381200000,,48,48,Y,,corrected-archive-csv
162860,Luleå-Kallax Flygplats,13,Rådande väder,"momentanvärde, 1 gång/tim resp 8 gånger/dygn",kod,1993-03-29T06:00:00Z,1993-03-29T08:00:00+02:00,733384800000,,28,28,G,,corrected-archive-csv
162860,Luleå-Kallax Flygplats,13,Rådande väder,"momentanvärde, 1 gång/tim resp 8 gånger/dygn",kod,1993-03-29T07:00:00Z,1993-03-29T09:00:00+02:00,733388400000,,40,40,Y,,corrected-archive-csv
162860,Luleå-Kallax Flygplats,13,Rådande väder,"momentanvärde, 1 gång/tim resp 8 gånger/dygn",kod,1993-03-29T09:00:00Z,1993-03-29T11:00:00+02:00,733395600000,,0,0,G,,corrected-archive-csv
162860,Luleå-Kallax Flygplats,13,Rådande väder,"momentanvärde, 1 gång/tim resp 8 gånger/dygn",kod,1993-03-29T12:00:00Z,1993-03-29T14:00:00+02:00,733406400000,,0,0,G,,corrected-archive-csv
162860,Luleå-Kallax Flygplats,13,Rådande väder,"momentanvärde, 1 gång/tim resp 8 gånger/dygn",kod,1993-03-29T15:00:00Z,1993-03-29T17:00:00+02:00,733417200000,,0,0,G,,corrected-archive-csv
162860,Luleå-Kallax Flygplats,13,Rådande väder,"momentanvärde, 1 gång/tim resp 8 gånger/dygn",kod,1993-03-29T18:00:00Z,1993-03-29T20:00:00+02:00,733428000000,,0,0,G,,corrected-archive-csv
162860,Luleå-Kallax Flygplats,13,Rådande väder,"momentanvärde, 1 gång/tim resp 8 gånger/dygn",kod,1993-03-29T21:00:00Z,1993-03-29T23:00:00+02:00,733438800000,,0,0,G,,corrected-archive-csv
162860,Luleå-Kallax Flygplats,13,Rådande väder,"momentanvärde, 1 gång/tim resp 8 gånger/dygn",kod,1993-03-29T23:00:00Z,1993-03-30T01:00:00+02:00,733446000000,,40,40,Y,,corrected-archive-csv
162860,Luleå-Kallax Flygplats,13,Rådande väder,"momentanvärde, 1 gång/tim resp 8 gånger/dygn",kod,1993-03-30T00:00:00Z,1993-03-30T02:00:00+02:00,733449600000,,40,40,G,,corrected-archive-csv
162860,Luleå-Kallax Flygplats,13,Rådande väder,"momentanvärde, 1 gång/tim resp 8 gånger/dygn",kod,1993-03-30T01:00:00Z,1993-03-30T03:00:00+02:00,733453200000,,40,40,Y,,corrected-archive-csv
162860,Luleå-Kallax Flygplats,13,Rådande väder,"momentanvärde, 1 gång/tim resp 8 gånger/dygn",kod,1993-03-30T02:00:00Z,1993-03-30T04:00:00+02:00,733456800000,,40,40,Y,,corrected-archive-csv
162860,Luleå-Kallax Flygplats,13,Rådande väder,"momentanvärde, 1 gång/tim resp 8 gånger/dygn",kod,1993-03-30T03:00:00Z,1993-03-30T05:00:00+02:00,733460400000,,40,40,G,,corrected-archive-csv
162860,Luleå-Kallax Flygplats,13,Rådande väder,"momentanvärde, 1 gång/tim resp 8 gånger/dygn",kod,1993-03-30T04:00:00Z,1993-03-30T06:00:00+02:00,733464000000,,40,40,Y,,corrected-archive-csv
162860,Luleå-Kallax Flygplats,13,Rådande väder,"momentanvärde, 1 gång/tim resp 8 gånger/dygn",kod,1993-03-30T05:00:00Z,1993-03-30T07:00:00+02:00,733467600000,,40,40,Y,,corrected-archive-csv
162860,Luleå-Kallax Flygplats,13,Rådande väder,"momentanvärde, 1 gång/tim resp 8 gånger/dygn",kod,1993-03-30T06:00:00Z,1993-03-30T08:00:00+02:00,733471200000,,40,40,G,,corrected-archive-csv
162860,Luleå-Kallax Flygplats,13,Rådande väder,"momentanvärde, 1 gång/tim resp 8 gånger/dygn",kod,1993-03-30T09:00:00Z,1993-03-30T11:00:00+02:00,733482000000,,0,0,G,,corrected-archive-csv
162860,Luleå-Kallax Flygplats,13,Rådande väder,"momentanvärde, 1 gång/tim resp 8 gånger/dygn",kod,1993-03-30T12:00:00Z,1993-03-30T14:00:00+02:00,733492800000,,0,0,G,,corrected-archive-csv
162860,Luleå-Kallax Flygplats,13,Rådande väder,"momentanvärde, 1 gång/tim resp 8 gånger/dygn",kod,1993-03-30T15:00:00Z,1993-03-30T17:00:00+02:00,733503600000,,0,0,G,,corrected-archive-csv
162860,Luleå-Kallax Flygplats,13,Rådande väder,"momentanvärde, 1 gång/tim resp 8 gånger/dygn",kod,1993-03-30T18:00:00Z,1993-03-30T20:00:00+02:00,733514400000,,0,0,G,,corrected-archive-csv
162860,Luleå-Kallax Flygplats,13,Rådande väder,"momentanvärde, 1 gång/tim resp 8 gånger/dygn",kod,1993-03-30T19:00:00Z,1993-03-30T21:00:00+02:00,733518000000,,71,71,Y,,corrected-archive-csv
162860,Luleå-Kallax Flygplats,13,Rådande väder,"momentanvärde, 1 gång/tim resp 8 gånger/dygn",kod,1993-03-30T20:00:00Z,1993-03-30T22:00:00+02:00,733521600000,,73,73,Y,,corrected-archive-csv
162860,Luleå-Kallax Flygplats,13,Rådande väder,"momentanvärde, 1 gång/tim resp 8 gånger/dygn",kod,1993-03-30T21:00:00Z,1993-03-30T23:00:00+02:00,733525200000,,73,73,G,,corrected-archive-csv
162860,Luleå-Kallax Flygplats,13,Rådande väder,"momentanvärde, 1 gång/tim resp 8 gånger/dygn",kod,1993-03-30T22:00:00Z,1993-03-31T00:00:00+02:00,733528800000,,73,73,Y,,corrected-archive-csv
162860,Luleå-Kallax Flygplats,13,Rådande väder,"momentanvärde, 1 gång/tim resp 8 gånger/dygn",kod,1993-03-30T23:00:00Z,1993-03-31T01:00:00+02:00,733532400000,,73,73,Y,,corrected-archive-csv
162860,Luleå-Kallax Flygplats,13,Rådande väder,"momentanvärde, 1 gång/tim resp 8 gånger/dygn",kod,1993-03-31T00:00:00Z,1993-03-31T02:00:00+02:00,733536000000,,73,73,G,,corrected-archive-csv
162860,Luleå-Kallax Flygplats,13,Rådande väder,"momentanvärde, 1 gång/tim resp 8 gånger/dygn",kod,1993-03-31T01:00:00Z,1993-03-31T03:00:00+02:00,733539600000,,71,71,Y,,corrected-archive-csv
162860,Luleå-Kallax Flygplats,13,Rådande väder,"momentanvärde, 1 gång/tim resp 8 gånger/dygn",kod,1993-03-31T02:00:00Z,1993-03-31T04:00:00+02:00,733543200000,,71,71,Y,,corrected-archive-csv
162860,Luleå-Kallax Flygplats,13,Rådande väder,"momentanvärde, 1 gång/tim resp 8 gånger/dygn",kod,1993-03-31T03:00:00Z,1993-03-31T05:00:00+02:00,733546800000,,71,71,G,,corrected-archive-csv
162860,Luleå-Kallax Flygplats,13,Rådande väder,"momentanvärde, 1 gång/tim resp 8 gånger/dygn",kod,1993-03-31T04:00:00Z,1993-03-31T06:00:00+02:00,733550400000,,71,71,Y,,corrected-archive-csv
162860,Luleå-Kallax Flygplats,13,Rådande väder,"momentanvärde, 1 gång/tim resp 8 gånger/dygn",kod,1993-03-31T05:00:00Z,1993-03-31T07:00:00+02:00,733554000000,,71,71,Y,,corrected-archive-csv
162860,Luleå-Kallax Flygplats,13,Rådande väder,"momentanvärde, 1 gång/tim resp 8 gånger/dygn",kod,1993-03-31T06:00:00Z,1993-03-31T08:00:00+02:00,733557600000,,71,71,G,,corrected-archive-csv
162860,Luleå-Kallax Flygplats,13,Rådande väder,"momentanvärde, 1 gång/tim resp 8 gånger/dygn",kod,1993-03-31T07:00:00Z,1993-03-31T09:00:00+02:00,733561200000,,71,71,Y,,corrected-archive-csv
162860,Luleå-Kallax Flygplats,13,Rådande väder,"momentanvärde, 1 gång/tim resp 8 gånger/dygn",kod,1993-03-31T08:00:00Z,1993-03-31T10:00:00+02:00,733564800000,,71,71,Y,,corrected-archive-csv
162860,Luleå-Kallax Flygplats,13,Rådande väder,"momentanvärde, 1 gång/tim resp 8 gånger/dygn",kod,1993-03-31T09:00:00Z,1993-03-31T11:00:00+02:00,733568400000,,71,71,G,,corrected-archive-csv
162860,Luleå-Kallax Flygplats,13,Rådande väder,"momentanvärde, 1 gång/tim resp 8 gånger/dygn",kod,1993-03-31T10:00:00Z,1993-03-31T12:00:00+02:00,733572000000,,71,71,Y,,corrected-archive-csv
162860,Luleå-Kallax Flygplats,13,Rådande väder,"momentanvärde, 1 gång/tim resp 8 gånger/dygn",kod,1993-03-31T11:00:00Z,1993-03-31T13:00:00+02:00,733575600000,,71,71,Y,,corrected-archive-csv
162860,Luleå-Kallax Flygplats,13,Rådande väder,"momentanvärde, 1 gång/tim resp 8 gånger/dygn",kod,1993-03-31T12:00:00Z,1993-03-31T14:00:00+02:00,733579200000,,71,71,G,,corrected-archive-csv
162860,Luleå-Kallax Flygplats,13,Rådande väder,"momentanvärde, 1 gång/tim resp 8 gånger/dygn",kod,1993-03-31T13:00:00Z,1993-03-31T15:00:00+02:00,733582800000,,71,71,Y,,corrected-archive-csv
162860,Luleå-Kallax Flygplats,13,Rådande väder,"momentanvärde, 1 gång/tim resp 8 gånger/dygn",kod,1993-03-31T14:00:00Z,1993-03-31T16:00:00+02:00,733586400000,,71,71,Y,,corrected-archive-csv
162860,Luleå-Kallax Flygplats,13,Rådande väder,"momentanvärde, 1 gång/tim resp 8 gånger/dygn",kod,1993-03-31T15:00:00Z,1993-03-31T17:00:00+02:00,733590000000,,71,71,G,,corrected-archive-csv
162860,Luleå-Kallax Flygplats,13,Rådande väder,"momentanvärde, 1 gång/tim resp 8 gånger/dygn",kod,1993-03-31T16:00:00Z,1993-03-31T18:00:00+02:00,733593600000,,71,71,Y,,corrected-archive-csv
162860,Luleå-Kallax Flygplats,13,Rådande väder,"momentanvärde, 1 gång/tim resp 8 gånger/dygn",kod,1993-03-31T17:00:00Z,1993-03-31T19:00:00+02:00,733597200000,,71,71,Y,,corrected-archive-csv
162860,Luleå-Kallax Flygplats,13,Rådande väder,"momentanvärde, 1 gång/tim resp 8 gånger/dygn",kod,1993-03-31T18:00:00Z,1993-03-31T20:00:00+02:00,733600800000,,71,71,G,,corrected-archive-csv
162860,Luleå-Kallax Flygplats,13,Rådande väder,"momentanvärde, 1 gång/tim resp 8 gånger/dygn",kod,1993-03-31T19:00:00Z,1993-03-31T21:00:00+02:00,733604400000,,71,71,Y,,corrected-archive-csv
162860,Luleå-Kallax Flygplats,13,Rådande väder,"momentanvärde, 1 gång/tim resp 8 gånger/dygn",kod,1993-03-31T20:00:00Z,1993-03-31T22:00:00+02:00,733608000000,,71,71,Y,,corrected-archive-csv
162860,Luleå-Kallax Flygplats,13,Rådande väder,"momentanvärde, 1 gång/tim resp 8 gånger/dygn",kod,1993-03-31T21:00:00Z,1993-03-31T23:00:00+02:00,733611600000,,71,71,G,,corrected-archive-csv
162860,Luleå-Kallax Flygplats,13,Rådande väder,"momentanvärde, 1 gång/tim resp 8 gånger/dygn",kod,1993-03-31T22:00:00Z,1993-04-01T00:00:00+02:00,733615200000,,71,71,Y,,corrected-archive-csv
162860,Luleå-Kallax Flygplats,13,Rådande väder,"momentanvärde, 1 gång/tim resp 8 gånger/dygn",kod,1993-03-31T23:00:00Z,1993-04-01T01:00:00+02:00,733618800000,,71,71,Y,,corrected-archive-csv
162860,Luleå-Kallax Flygplats,13,Rådande väder,"momentanvärde, 1 gång/tim resp 8 gånger/dygn",kod,1993-04-01T00:00:00Z,1993-04-01T02:00:00+02:00,733622400000,,71,71,G,,corrected-archive-csv
162860,Luleå-Kallax Flygplats,13,Rådande väder,"momentanvärde, 1 gång/tim resp 8 gånger/dygn",kod,1993-04-01T01:00:00Z,1993-04-01T03:00:00+02:00,733626000000,,45,45,Y,,corrected-archive-csv
162860,Luleå-Kallax Flygplats,13,Rådande väder,"momentanvärde, 1 gång/tim resp 8 gånger/dygn",kod,1993-04-01T02:00:00Z,1993-04-01T04:00:00+02:00,733629600000,,45,45,Y,,corrected-archive-csv
162860,Luleå-Kallax Flygplats,13,Rådande väder,"momentanvärde, 1 gång/tim resp 8 gånger/dygn",kod,1993-04-01T03:00:00Z,1993-04-01T05:00:00+02:00,733633200000,,45,45,G,,corrected-archive-csv
162860,Luleå-Kallax Flygplats,13,Rådande väder,"momentanvärde, 1 gång/tim resp 8 gånger/dygn",kod,1993-04-01T04:00:00Z,1993-04-01T06:00:00+02:00,733636800000,,45,45,Y,,corrected-archive-csv
162860,Luleå-Kallax Flygplats,13,Rådande väder,"momentanvärde, 1 gång/tim resp 8 gånger/dygn",kod,1993-04-01T05:00:00Z,1993-04-01T07:00:00+02:00,733640400000,,40,40,Y,,corrected-archive-csv
162860,Luleå-Kallax Flygplats,13,Rådande väder,"momentanvärde, 1 gång/tim resp 8 gånger/dygn",kod,1993-04-01T06:00:00Z,1993-04-01T08:00:00+02:00,733644000000,,40,40,G,,corrected-archive-csv
162860,Luleå-Kallax Flygplats,13,Rådande väder,"momentanvärde, 1 gång/tim resp 8 gånger/dygn",kod,1993-04-01T07:00:00Z,1993-04-01T09:00:00+02:00,733647600000,,40,40,Y,,corrected-archive-csv
162860,Luleå-Kallax Flygplats,13,Rådande väder,"momentanvärde, 1 gång/tim resp 8 gånger/dygn",kod,1993-04-01T08:00:00Z,1993-04-01T10:00:00+02:00,733651200000,,70,70,Y,,corrected-archive-csv
162860,Luleå-Kallax Flygplats,13,Rådande väder,"momentanvärde, 1 gång/tim resp 8 gånger/dygn",kod,1993-04-01T09:00:00Z,1993-04-01T11:00:00+02:00,733654800000,,70,70,G,,corrected-archive-csv
162860,Luleå-Kallax Flygplats,13,Rådande väder,"momentanvärde, 1 gång/tim resp 8 gånger/dygn",kod,1993-04-01T10:00:00Z,1993-04-01T12:00:00+02:00,733658400000,,22,22,Y,,corrected-archive-csv
162860,Luleå-Kallax Flygplats,13,Rådande väder,"momentanvärde, 1 gång/tim resp 8 gånger/dygn",kod,1993-04-01T11:00:00Z,1993-04-01T13:00:00+02:00,733662000000,,22,22,Y,,corrected-archive-csv
162860,Luleå-Kallax Flygplats,13,Rådande väder,"momentanvärde, 1 gång/tim resp 8 gånger/dygn",kod,1993-04-01T12:00:00Z,1993-04-01T14:00:00+02:00,733665600000,,22,22,G,,corrected-archive-csv
162860,Luleå-Kallax Flygplats,13,Rådande väder,"momentanvärde, 1 gång/tim resp 8 gånger/dygn",kod,1993-04-01T14:00:00Z,1993-04-01T16:00:00+02:00,733672800000,,40,40,Y,,corrected-archive-csv
162860,Luleå-Kallax Flygplats,13,Rådande väder,"momentanvärde, 1 gång/tim resp 8 gånger/dygn",kod,1993-04-01T15:00:00Z,1993-04-01T17:00:00+02:00,733676400000,,40,40,G,,corrected-archive-csv
162860,Luleå-Kallax Flygplats,13,Rådande väder,"momentanvärde, 1 gång/tim resp 8 gånger/dygn",kod,1993-04-01T16:00:00Z,1993-04-01T18:00:00+02:00,733680000000,,28,28,Y,,corrected-archive-csv
162860,Luleå-Kallax Flygplats,13,Rådande väder,"momentanvärde, 1 gång/tim resp 8 gånger/dygn",kod,1993-04-01T17:00:00Z,1993-04-01T19:00:00+02:00,733683600000,,2,2,Y,,corrected-archive-csv
162860,Luleå-Kallax Flygplats,13,Rådande väder,"momentanvärde, 1 gång/tim resp 8 gånger/dygn",kod,1993-04-01T18:00:00Z,1993-04-01T20:00:00+02:00,733687200000,,40,40,G,,corrected-archive-csv
162860,Luleå-Kallax Flygplats,13,Rådande väder,"momentanvärde, 1 gång/tim resp 8 gånger/dygn",kod,1993-04-01T19:00:00Z,1993-04-01T21:00:00+02:00,733690800000,,40,40,Y,,corrected-archive-csv
162860,Luleå-Kallax Flygplats,13,Rådande väder,"momentanvärde, 1 gång/tim resp 8 gånger/dygn",kod,1993-04-01T20:00:00Z,1993-04-01T22:00:00+02:00,733694400000,,40,40,Y,,corrected-archive-csv
162860,Luleå-Kallax Flygplats,13,Rådande väder,"momentanvärde, 1 gång/tim resp 8 gånger/dygn",kod,1993-04-01T21:00:00Z,1993-04-01T23:00:00+02:00,733698000000,,10,10,G,,corrected-archive-csv
162860,Luleå-Kallax Flygplats,13,Rådande väder,"momentanvärde, 1 gång/tim resp 8 gånger/dygn",kod,1993-04-01T22:00:00Z,1993-04-02T00:00:00+02:00,733701600000,,61,61,Y,,corrected-archive-csv
162860,Luleå-Kallax Flygplats,13,Rådande väder,"momentanvärde, 1 gång/tim resp 8 gånger/dygn",kod,1993-04-01T23:00:00Z,1993-04-02T01:00:00+02:00,733705200000,,61,61,Y,,corrected-archive-csv
162860,Luleå-Kallax Flygplats,13,Rådande väder,"momentanvärde, 1 gång/tim resp 8 gånger/dygn",kod,1993-04-02T00:00:00Z,1993-04-02T02:00:00+02:00,733708800000,,68,68,G,,corrected-archive-csv
162860,Luleå-Kallax Flygplats,13,Rådande väder,"momentanvärde, 1 gång/tim resp 8 gånger/dygn",kod,1993-04-02T01:00:00Z,1993-04-02T03:00:00+02:00,733712400000,,70,70,Y,,corrected-archive-csv
162860,Luleå-Kallax Flygplats,13,Rådande väder,"momentanvärde, 1 gång/tim resp 8 gånger/dygn",kod,1993-04-02T02:00:00Z,1993-04-02T04:00:00+02:00,733716000000,,71,71,Y,,corrected-archive-csv
162860,Luleå-Kallax Flygplats,13,Rådande väder,"momentanvärde, 1 gång/tim resp 8 gånger/dygn",kod,1993-04-02T03:00:00Z,1993-04-02T05:00:00+02:00,733719600000,,71,71,G,,corrected-archive-csv
162860,Luleå-Kallax Flygplats,13,Rådande väder,"momentanvärde, 1 gång/tim resp 8 gånger/dygn",kod,1993-04-02T04:00:00Z,1993-04-02T06:00:00+02:00,733723200000,,71,71,Y,,corrected-archive-csv
162860,Luleå-Kallax Flygplats,13,Rådande väder,"momentanvärde, 1 gång/tim resp 8 gånger/dygn",kod,1993-04-02T05:00:00Z,1993-04-02T07:00:00+02:00,733726800000,,73,73,Y,,corrected-archive-csv
162860,Luleå-Kallax Flygplats,13,Rådande väder,"momentanvärde, 1 gång/tim resp 8 gånger/dygn",kod,1993-04-02T06:00:00Z,1993-04-02T08:00:00+02:00,733730400000,,73,73,G,,corrected-archive-csv
162860,Luleå-Kallax Flygplats,13,Rådande väder,"momentanvärde, 1 gång/tim resp 8 gånger/dygn",kod,1993-04-02T07:00:00Z,1993-04-02T09:00:00+02:00,733734000000,,71,71,Y,,corrected-archive-csv
162860,Luleå-Kallax Flygplats,13,Rådande väder,"momentanvärde, 1 gång/tim resp 8 gånger/dygn",kod,1993-04-02T08:00:00Z,1993-04-02T10:00:00+02:00,733737600000,,71,71,Y,,corrected-archive-csv
162860,Luleå-Kallax Flygplats,13,Rådande väder,"momentanvärde, 1 gång/tim resp 8 gånger/dygn",kod,1993-04-02T09:00:00Z,1993-04-02T11:00:00+02:00,733741200000,,22,22,G,,corrected-archive-csv
162860,Luleå-Kallax Flygplats,13,Rådande väder,"momentanvärde, 1 gång/tim resp 8 gånger/dygn",kod,1993-04-02T10:00:00Z,1993-04-02T12:00:00+02:00,733744800000,,1,1,Y,,corrected-archive-csv
162860,Luleå-Kallax Flygplats,13,Rådande väder,"momentanvärde, 1 gång/tim resp 8 gånger/dygn",kod,1993-04-02T11:00:00Z,1993-04-02T13:00:00+02:00,733748400000,,2,2,Y,,corrected-archive-csv
162860,Luleå-Kallax Flygplats,13,Rådande väder,"momentanvärde, 1 gång/tim resp 8 gånger/dygn",kod,1993-04-02T12:00:00Z,1993-04-02T14:00:00+02:00,733752000000,,2,2,G,,corrected-archive-csv
162860,Luleå-Kallax Flygplats,13,Rådande väder,"momentanvärde, 1 gång/tim resp 8 gånger/dygn",kod,1993-04-02T15:00:00Z,1993-04-02T17:00:00+02:00,733762800000,,0,0,G,,corrected-archive-csv
162860,Luleå-Kallax Flygplats,13,Rådande väder,"momentanvärde, 1 gång/tim resp 8 gånger/dygn",kod,1993-04-02T18:00:00Z,1993-04-02T20:00:00+02:00,733773600000,,0,0,G,,corrected-archive-csv
162860,Luleå-Kallax Flygplats,13,Rådande väder,"momentanvärde, 1 gång/tim resp 8 gånger/dygn",kod,1993-04-02T21:00:00Z,1993-04-02T23:00:00+02:00,733784400000,,0,0,G,,corrected-archive-csv
162860,Luleå-Kallax Flygplats,13,Rådande väder,"momentanvärde, 1 gång/tim resp 8 gånger/dygn",kod,1993-04-03T00:00:00Z,1993-04-03T02:00:00+02:00,733795200000,,0,0,G,,corrected-archive-csv
162860,Luleå-Kallax Flygplats,13,Rådande väder,"momentanvärde, 1 gång/tim resp 8 gånger/dygn",kod,1993-04-03T03:00:00Z,1993-04-03T05:00:00+02:00,733806000000,,0,0,G,,corrected-archive-csv
162860,Luleå-Kallax Flygplats,13,Rådande väder,"momentanvärde, 1 gång/tim resp 8 gånger/dygn",kod,1993-04-03T06:00:00Z,1993-04-03T08:00:00+02:00,733816800000,,0,0,G,,corrected-archive-csv
162860,Luleå-Kallax Flygplats,13,Rådande väder,"momentanvärde, 1 gång/tim resp 8 gånger/dygn",kod,1993-04-03T09:00:00Z,1993-04-03T11:00:00+02:00,733827600000,,0,0,G,,corrected-archive-csv
162860,Luleå-Kallax Flygplats,13,Rådande väder,"momentanvärde, 1 gång/tim resp 8 gånger/dygn",kod,1993-04-03T12:00:00Z,1993-04-03T14:00:00+02:00,733838400000,,0,0,G,,corrected-archive-csv
162860,Luleå-Kallax Flygplats,13,Rådande väder,"momentanvärde, 1 gång/tim resp 8 gånger/dygn",kod,1993-04-03T15:00:00Z,1993-04-03T17:00:00+02:00,733849200000,,0,0,G,,corrected-archive-csv
162860,Luleå-Kallax Flygplats,13,Rådande väder,"momentanvärde, 1 gång/tim resp 8 gånger/dygn",kod,1993-04-03T18:00:00Z,1993-04-03T20:00:00+02:00,733860000000,,0,0,G,,corrected-archive-csv
162860,Luleå-Kallax Flygplats,13,Rådande väder,"momentanvärde, 1 gång/tim resp 8 gånger/dygn",kod,1993-04-03T21:00:00Z,1993-04-03T23:00:00+02:00,733870800000,,0,0,G,,corrected-archive-csv
162860,Luleå-Kallax Flygplats,13,Rådande väder,"momentanvärde, 1 gång/tim resp 8 gånger/dygn",kod,1993-04-04T00:00:00Z,1993-04-04T02:00:00+02:00,733881600000,,0,0,G,,corrected-archive-csv
162860,Luleå-Kallax Flygplats,13,Rådande väder,"momentanvärde, 1 gång/tim resp 8 gånger/dygn",kod,1993-04-04T03:00:00Z,1993-04-04T05:00:00+02:00,733892400000,,0,0,G,,corrected-archive-csv
162860,Luleå-Kallax Flygplats,13,Rådande väder,"momentanvärde, 1 gång/tim resp 8 gånger/dygn",kod,1993-04-04T06:00:00Z,1993-04-04T08:00:00+02:00,733903200000,,0,0,G,,corrected-archive-csv
162860,Luleå-Kallax Flygplats,13,Rådande väder,"momentanvärde, 1 gång/tim resp 8 gånger/dygn",kod,1993-04-04T09:00:00Z,1993-04-04T11:00:00+02:00,733914000000,,16,16,G,,corrected-archive-csv
162860,Luleå-Kallax Flygplats,13,Rådande väder,"momentanvärde, 1 gång/tim resp 8 gånger/dygn",kod,1993-04-04T10:00:00Z,1993-04-04T12:00:00+02:00,733917600000,,16,16,Y,,corrected-archive-csv
162860,Luleå-Kallax Flygplats,13,Rådande väder,"momentanvärde, 1 gång/tim resp 8 gånger/dygn",kod,1993-04-04T11:00:00Z,1993-04-04T13:00:00+02:00,733921200000,,71,71,Y,,corrected-archive-csv
162860,Luleå-Kallax Flygplats,13,Rådande väder,"momentanvärde, 1 gång/tim resp 8 gånger/dygn",kod,1993-04-04T12:00:00Z,1993-04-04T14:00:00+02:00,733924800000,,22,22,G,,corrected-archive-csv
162860,Luleå-Kallax Flygplats,13,Rådande väder,"momentanvärde, 1 gång/tim resp 8 gånger/dygn",kod,1993-04-04T15:00:00Z,1993-04-04T17:00:00+02:00,733935600000,,0,0,G,,corrected-archive-csv
162860,Luleå-Kallax Flygplats,13,Rådande väder,"momentanvärde, 1 gång/tim resp 8 gånger/dygn",kod,1993-04-04T18:00:00Z,1993-04-04T20:00:00+02:00,733946400000,,0,0,G,,corrected-archive-csv
162860,Luleå-Kallax Flygplats,13,Rådande väder,"momentanvärde, 1 gång/tim resp 8 gånger/dygn",kod,1993-04-04T21:00:00Z,1993-04-04T23:00:00+02:00,733957200000,,0,0,G,,corrected-archive-csv
162860,Luleå-Kallax Flygplats,13,Rådande väder,"momentanvärde, 1 gång/tim resp 8 gånger/dygn",kod,1993-04-04T23:00:00Z,1993-04-05T01:00:00+02:00,733964400000,,40,40,Y,,corrected-archive-csv
162860,Luleå-Kallax Flygplats,13,Rådande väder,"momentanvärde, 1 gång/tim resp 8 gånger/dygn",kod,1993-04-05T00:00:00Z,1993-04-05T02:00:00+02:00,733968000000,,40,40,G,,corrected-archive-csv
162860,Luleå-Kallax Flygplats,13,Rådande väder,"momentanvärde, 1 gång/tim resp 8 gånger/dygn",kod,1993-04-05T01:00:00Z,1993-04-05T03:00:00+02:00,733971600000,,40,40,Y,,corrected-archive-csv
162860,Luleå-Kallax Flygplats,13,Rådande väder,"momentanvärde, 1 gång/tim resp 8 gånger/dygn",kod,1993-04-05T02:00:00Z,1993-04-05T04:00:00+02:00,733975200000,,40,40,Y,,corrected-archive-csv
162860,Luleå-Kallax Flygplats,13,Rådande väder,"momentanvärde, 1 gång/tim resp 8 gånger/dygn",kod,1993-04-05T03:00:00Z,1993-04-05T05:00:00+02:00,733978800000,,40,40,G,,corrected-archive-csv
162860,Luleå-Kallax Flygplats,13,Rådande väder,"momentanvärde, 1 gång/tim resp 8 gånger/dygn",kod,1993-04-05T04:00:00Z,1993-04-05T06:00:00+02:00,733982400000,,40,40,Y,,corrected-archive-csv
162860,Luleå-Kallax Flygplats,13,Rådande väder,"momentanvärde, 1 gång/tim resp 8 gånger/dygn",kod,1993-04-05T05:00:00Z,1993-04-05T07:00:00+02:00,733986000000,,40,40,Y,,corrected-archive-csv
162860,Luleå-Kallax Flygplats,13,Rådande väder,"momentanvärde, 1 gång/tim resp 8 gånger/dygn",kod,1993-04-05T06:00:00Z,1993-04-05T08:00:00+02:00,733989600000,,40,40,G,,corrected-archive-csv
162860,Luleå-Kallax Flygplats,13,Rådande väder,"momentanvärde, 1 gång/tim resp 8 gånger/dygn",kod,1993-04-05T07:00:00Z,1993-04-05T09:00:00+02:00,733993200000,,70,70,Y,,corrected-archive-csv
162860,Luleå-Kallax Flygplats,13,Rådande väder,"momentanvärde, 1 gång/tim resp 8 gånger/dygn",kod,1993-04-05T08:00:00Z,1993-04-05T10:00:00+02:00,733996800000,,1,1,Y,,corrected-archive-csv
162860,Luleå-Kallax Flygplats,13,Rådande väder,"momentanvärde, 1 gång/tim resp 8 gånger/dygn",kod,1993-04-05T09:00:00Z,1993-04-05T11:00:00+02:00,734000400000,,1,1,G,,corrected-archive-csv
162860,Luleå-Kallax Flygplats,13,Rådande väder,"momentanvärde, 1 gång/tim resp 8 gånger/dygn",kod,1993-04-05T10:00:00Z,1993-04-05T12:00:00+02:00,734004000000,,1,1,Y,,corrected-archive-csv
162860,Luleå-Kallax Flygplats,13,Rådande väder,"momentanvärde, 1 gång/tim resp 8 gånger/dygn",kod,1993-04-05T11:00:00Z,1993-04-05T13:00:00+02:00,734007600000,,1,1,Y,,corrected-archive-csv
162860,Luleå-Kallax Flygplats,13,Rådande väder,"momentanvärde, 1 gång/tim resp 8 gånger/dygn",kod,1993-04-05T12:00:00Z,1993-04-05T14:00:00+02:00,734011200000,,1,1,G,,corrected-archive-csv
162860,Luleå-Kallax Flygplats,13,Rådande väder,"momentanvärde, 1 gång/tim resp 8 gånger/dygn",kod,1993-04-05T15:00:00Z,1993-04-05T17:00:00+02:00,734022000000,,0,0,G,,corrected-archive-csv
162860,Luleå-Kallax Flygplats,13,Rådande väder,"momentanvärde, 1 gång/tim resp 8 gånger/dygn",kod,1993-04-05T18:00:00Z,1993-04-05T20:00:00+02:00,734032800000,,40,40,G,,corrected-archive-csv
162860,Luleå-Kallax Flygplats,13,Rådande väder,"momentanvärde, 1 gång/tim resp 8 gånger/dygn",kod,1993-04-05T19:00:00Z,1993-04-05T21:00:00+02:00,734036400000,,40,40,Y,,corrected-archive-csv
162860,Luleå-Kallax Flygplats,13,Rådande väder,"momentanvärde, 1 gång/tim resp 8 gånger/dygn",kod,1993-04-05T20:00:00Z,1993-04-05T22:00:00+02:00,734040000000,,46,46,Y,,corrected-archive-csv
162860,Luleå-Kallax Flygplats,13,Rådande väder,"momentanvärde, 1 gång/tim resp 8 gånger/dygn",kod,1993-04-05T21:00:00Z,1993-04-05T23:00:00+02:00,734043600000,,48,48,G,,corrected-archive-csv
162860,Luleå-Kallax Flygplats,13,Rådande väder,"momentanvärde, 1 gång/tim resp 8 gånger/dygn",kod,1993-04-05T22:00:00Z,1993-04-06T00:00:00+02:00,734047200000,,48,48,Y,,corrected-archive-csv
162860,Luleå-Kallax Flygplats,13,Rådande väder,"momentanvärde, 1 gång/tim resp 8 gånger/dygn",kod,1993-04-05T23:00:00Z,1993-04-06T01:00:00+02:00,734050800000,,28,28,Y,,corrected-archive-csv
162860,Luleå-Kallax Flygplats,13,Rådande väder,"momentanvärde, 1 gång/tim resp 8 gånger/dygn",kod,1993-04-06T00:00:00Z,1993-04-06T02:00:00+02:00,734054400000,,48,48,G,,corrected-archive-csv
162860,Luleå-Kallax Flygplats,13,Rådande väder,"momentanvärde, 1 gång/tim resp 8 gånger/dygn",kod,1993-04-06T01:00:00Z,1993-04-06T03:00:00+02:00,734058000000,,28,28,Y,,corrected-archive-csv
162860,Luleå-Kallax Flygplats,13,Rådande väder,"momentanvärde, 1 gång/tim resp 8 gånger/dygn",kod,1993-04-06T02:00:00Z,1993-04-06T04:00:00+02:00,734061600000,,10,10,Y,,corrected-archive-csv
162860,Luleå-Kallax Flygplats,13,Rådande väder,"momentanvärde, 1 gång/tim resp 8 gånger/dygn",kod,1993-04-06T03:00:00Z,1993-04-06T05:00:00+02:00,734065200000,,10,10,G,,corrected-archive-csv
162860,Luleå-Kallax Flygplats,13,Rådande väder,"momentanvärde, 1 gång/tim resp 8 gånger/dygn",kod,1993-04-06T04:00:00Z,1993-04-06T06:00:00+02:00,734068800000,,10,10,Y,,corrected-archive-csv
162860,Luleå-Kallax Flygplats,13,Rådande väder,"momentanvärde, 1 gång/tim resp 8 gånger/dygn",kod,1993-04-06T05:00:00Z,1993-04-06T07:00:00+02:00,734072400000,,10,10,Y,,corrected-archive-csv
162860,Luleå-Kallax Flygplats,13,Rådande väder,"momentanvärde, 1 gång/tim resp 8 gånger/dygn",kod,1993-04-06T06:00:00Z,1993-04-06T08:00:00+02:00,734076000000,,10,10,G,,corrected-archive-csv
162860,Luleå-Kallax Flygplats,13,Rådande väder,"momentanvärde, 1 gång/tim resp 8 gånger/dygn",kod,1993-04-06T07:00:00Z,1993-04-06T09:00:00+02:00,734079600000,,71,71,Y,,corrected-archive-csv
162860,Luleå-Kallax Flygplats,13,Rådande väder,"momentanvärde, 1 gång/tim resp 8 gånger/dygn",kod,1993-04-06T08:00:00Z,1993-04-06T10:00:00+02:00,734083200000,,71,71,Y,,corrected-archive-csv
162860,Luleå-Kallax Flygplats,13,Rådande väder,"momentanvärde, 1 gång/tim resp 8 gånger/dygn",kod,1993-04-06T09:00:00Z,1993-04-06T11:00:00+02:00,734086800000,,71,71,G,,corrected-archive-csv
162860,Luleå-Kallax Flygplats,13,Rådande väder,"momentanvärde, 1 gång/tim resp 8 gånger/dygn",kod,1993-04-06T10:00:00Z,1993-04-06T12:00:00+02:00,734090400000,,71,71,Y,,corrected-archive-csv
162860,Luleå-Kallax Flygplats,13,Rådande väder,"momentanvärde, 1 gång/tim resp 8 gånger/dygn",kod,1993-04-06T11:00:00Z,1993-04-06T13:00:00+02:00,734094000000,,71,71,Y,,corrected-archive-csv
162860,Luleå-Kallax Flygplats,13,Rådande väder,"momentanvärde, 1 gång/tim resp 8 gånger/dygn",kod,1993-04-06T12:00:00Z,1993-04-06T14:00:00+02:00,734097600000,,71,71,G,,corrected-archive-csv
162860,Luleå-Kallax Flygplats,13,Rådande väder,"momentanvärde, 1 gång/tim resp 8 gånger/dygn",kod,1993-04-06T13:00:00Z,1993-04-06T15:00:00+02:00,734101200000,,71,71,Y,,corrected-archive-csv
162860,Luleå-Kallax Flygplats,13,Rådande väder,"momentanvärde, 1 gång/tim resp 8 gånger/dygn",kod,1993-04-06T14:00:00Z,1993-04-06T16:00:00+02:00,734104800000,,22,22,Y,,corrected-archive-csv
162860,Luleå-Kallax Flygplats,13,Rådande väder,"momentanvärde, 1 gång/tim resp 8 gånger/dygn",kod,1993-04-06T15:00:00Z,1993-04-06T17:00:00+02:00,734108400000,,1,1,G,,corrected-archive-csv
162860,Luleå-Kallax Flygplats,13,Rådande väder,"momentanvärde, 1 gång/tim resp 8 gånger/dygn",kod,1993-04-06T16:00:00Z,1993-04-06T18:00:00+02:00,734112000000,,3,3,Y,,corrected-archive-csv
162860,Luleå-Kallax Flygplats,13,Rådande väder,"momentanvärde, 1 gång/tim resp 8 gånger/dygn",kod,1993-04-06T17:00:00Z,1993-04-06T19:00:00+02:00,734115600000,,3,3,Y,,corrected-archive-csv
162860,Luleå-Kallax Flygplats,13,Rådande väder,"momentanvärde, 1 gång/tim resp 8 gånger/dygn",kod,1993-04-06T18:00:00Z,1993-04-06T20:00:00+02:00,734119200000,,3,3,G,,corrected-archive-csv
162860,Luleå-Kallax Flygplats,13,Rådande väder,"momentanvärde, 1 gång/tim resp 8 gånger/dygn",kod,1993-04-06T21:00:00Z,1993-04-06T23:00:00+02:00,734130000000,,0,0,G,,corrected-archive-csv
162860,Luleå-Kallax Flygplats,13,Rådande väder,"momentanvärde, 1 gång/tim resp 8 gånger/dygn",kod,1993-04-07T00:00:00Z,1993-04-07T02:00:00+02:00,734140800000,,0,0,G,,corrected-archive-csv
162860,Luleå-Kallax Flygplats,13,Rådande väder,"momentanvärde, 1 gång/tim resp 8 gånger/dygn",kod,1993-04-07T03:00:00Z,1993-04-07T05:00:00+02:00,734151600000,,0,0,G,,corrected-archive-csv
162860,Luleå-Kallax Flygplats,13,Rådande väder,"momentanvärde, 1 gång/tim resp 8 gånger/dygn",kod,1993-04-07T06:00:00Z,1993-04-07T08:00:00+02:00,734162400000,,0,0,G,,corrected-archive-csv
162860,Luleå-Kallax Flygplats,13,Rådande väder,"momentanvärde, 1 gång/tim resp 8 gånger/dygn",kod,1993-04-07T09:00:00Z,1993-04-07T11:00:00+02:00,734173200000,,71,71,G,,corrected-archive-csv
162860,Luleå-Kallax Flygplats,13,Rådande väder,"momentanvärde, 1 gång/tim resp 8 gånger/dygn",kod,1993-04-07T10:00:00Z,1993-04-07T12:00:00+02:00,734176800000,,78,78,Y,,corrected-archive-csv
162860,Luleå-Kallax Flygplats,13,Rådande väder,"momentanvärde, 1 gång/tim resp 8 gånger/dygn",kod,1993-04-07T11:00:00Z,1993-04-07T13:00:00+02:00,734180400000,,71,71,Y,,corrected-archive-csv
162860,Luleå-Kallax Flygplats,13,Rådande väder,"momentanvärde, 1 gång/tim resp 8 gånger/dygn",kod,1993-04-07T12:00:00Z,1993-04-07T14:00:00+02:00,734184000000,,1,1,G,,corrected-archive-csv
162860,Luleå-Kallax Flygplats,13,Rådande väder,"momentanvärde, 1 gång/tim resp 8 gånger/dygn",kod,1993-04-07T15:00:00Z,1993-04-07T17:00:00+02:00,734194800000,,0,0,G,,corrected-archive-csv
162860,Luleå-Kallax Flygplats,13,Rådande väder,"momentanvärde, 1 gång/tim resp 8 gånger/dygn",kod,1993-04-07T18:00:00Z,1993-04-07T20:00:00+02:00,734205600000,,0,0,G,,corrected-archive-csv
162860,Luleå-Kallax Flygplats,13,Rådande väder,"momentanvärde, 1 gång/tim resp 8 gånger/dygn",kod,1993-04-07T21:00:00Z,1993-04-07T23:00:00+02:00,734216400000,,0,0,G,,corrected-archive-csv
162860,Luleå-Kallax Flygplats,13,Rådande väder,"momentanvärde, 1 gång/tim resp 8 gånger/dygn",kod,1993-04-08T00:00:00Z,1993-04-08T02:00:00+02:00,734227200000,,0,0,G,,corrected-archive-csv
162860,Luleå-Kallax Flygplats,13,Rådande väder,"momentanvärde, 1 gång/tim resp 8 gånger/dygn",kod,1993-04-08T03:00:00Z,1993-04-08T05:00:00+02:00,734238000000,,0,0,G,,corrected-archive-csv
162860,Luleå-Kallax Flygplats,13,Rådande väder,"momentanvärde, 1 gång/tim resp 8 gånger/dygn",kod,1993-04-08T06:00:00Z,1993-04-08T08:00:00+02:00,734248800000,,0,0,G,,corrected-archive-csv
162860,Luleå-Kallax Flygplats,13,Rådande väder,"momentanvärde, 1 gång/tim resp 8 gånger/dygn",kod,1993-04-08T09:00:00Z,1993-04-08T11:00:00+02:00,734259600000,,0,0,G,,corrected-archive-csv
162860,Luleå-Kallax Flygplats,13,Rådande väder,"momentanvärde, 1 gång/tim resp 8 gånger/dygn",kod,1993-04-08T12:00:00Z,1993-04-08T14:00:00+02:00,734270400000,,0,0,G,,corrected-archive-csv
162860,Luleå-Kallax Flygplats,13,Rådande väder,"momentanvärde, 1 gång/tim resp 8 gånger/dygn",kod,1993-04-08T15:00:00Z,1993-04-08T17:00:00+02:00,734281200000,,0,0,G,,corrected-archive-csv
162860,Luleå-Kallax Flygplats,13,Rådande väder,"momentanvärde, 1 gång/tim resp 8 gånger/dygn",kod,1993-04-08T18:00:00Z,1993-04-08T20:00:00+02:00,734292000000,,0,0,G,,corrected-archive-csv
162860,Luleå-Kallax Flygplats,13,Rådande väder,"momentanvärde, 1 gång/tim resp 8 gånger/dygn",kod,1993-04-08T21:00:00Z,1993-04-08T23:00:00+02:00,734302800000,,0,0,G,,corrected-archive-csv
162860,Luleå-Kallax Flygplats,13,Rådande väder,"momentanvärde, 1 gång/tim resp 8 gånger/dygn",kod,1993-04-09T00:00:00Z,1993-04-09T02:00:00+02:00,734313600000,,0,0,G,,corrected-archive-csv
162860,Luleå-Kallax Flygplats,13,Rådande väder,"momentanvärde, 1 gång/tim resp 8 gånger/dygn",kod,1993-04-09T03:00:00Z,1993-04-09T05:00:00+02:00,734324400000,,0,0,G,,corrected-archive-csv
162860,Luleå-Kallax Flygplats,13,Rådande väder,"momentanvärde, 1 gång/tim resp 8 gånger/dygn",kod,1993-04-09T06:00:00Z,1993-04-09T08:00:00+02:00,734335200000,,0,0,G,,corrected-archive-csv
162860,Luleå-Kallax Flygplats,13,Rådande väder,"momentanvärde, 1 gång/tim resp 8 gånger/dygn",kod,1993-04-09T09:00:00Z,1993-04-09T11:00:00+02:00,734346000000,,0,0,G,,corrected-archive-csv
162860,Luleå-Kallax Flygplats,13,Rådande väder,"momentanvärde, 1 gång/tim resp 8 gånger/dygn",kod,1993-04-09T12:00:00Z,1993-04-09T14:00:00+02:00,734356800000,,0,0,G,,corrected-archive-csv
162860,Luleå-Kallax Flygplats,13,Rådande väder,"momentanvärde, 1 gång/tim resp 8 gånger/dygn",kod,1993-04-09T15:00:00Z,1993-04-09T17:00:00+02:00,734367600000,,0,0,G,,corrected-archive-csv
162860,Luleå-Kallax Flygplats,13,Rådande väder,"momentanvärde, 1 gång/tim resp 8 gånger/dygn",kod,1993-04-09T18:00:00Z,1993-04-09T20:00:00+02:00,734378400000,,0,0,G,,corrected-archive-csv
162860,Luleå-Kallax Flygplats,13,Rådande väder,"momentanvärde, 1 gång/tim resp 8 gånger/dygn",kod,1993-04-09T21:00:00Z,1993-04-09T23:00:00+02:00,734389200000,,0,0,G,,corrected-archive-csv
162860,Luleå-Kallax Flygplats,13,Rådande väder,"momentanvärde, 1 gång/tim resp 8 gånger/dygn",kod,1993-04-10T00:00:00Z,1993-04-10T02:00:00+02:00,734400000000,,0,0,G,,corrected-archive-csv
162860,Luleå-Kallax Flygplats,13,Rådande väder,"momentanvärde, 1 gång/tim resp 8 gånger/dygn",kod,1993-04-10T03:00:00Z,1993-04-10T05:00:00+02:00,734410800000,,0,0,G,,corrected-archive-csv
162860,Luleå-Kallax Flygplats,13,Rådande väder,"momentanvärde, 1 gång/tim resp 8 gånger/dygn",kod,1993-04-10T06:00:00Z,1993-04-10T08:00:00+02:00,734421600000,,0,0,G,,corrected-archive-csv
162860,Luleå-Kallax Flygplats,13,Rådande väder,"momentanvärde, 1 gång/tim resp 8 gånger/dygn",kod,1993-04-10T09:00:00Z,1993-04-10T11:00:00+02:00,734432400000,,0,0,G,,corrected-archive-csv
162860,Luleå-Kallax Flygplats,13,Rådande väder,"momentanvärde, 1 gång/tim resp 8 gånger/dygn",kod,1993-04-10T12:00:00Z,1993-04-10T14:00:00+02:00,734443200000,,0,0,G,,corrected-archive-csv
162860,Luleå-Kallax Flygplats,13,Rådande väder,"momentanvärde, 1 gång/tim resp 8 gånger/dygn",kod,1993-04-10T15:00:00Z,1993-04-10T17:00:00+02:00,734454000000,,0,0,G,,corrected-archive-csv
162860,Luleå-Kallax Flygplats,13,Rådande väder,"momentanvärde, 1 gång/tim resp 8 gånger/dygn",kod,1993-04-10T18:00:00Z,1993-04-10T20:00:00+02:00,734464800000,,0,0,G,,corrected-archive-csv
162860,Luleå-Kallax Flygplats,13,Rådande väder,"momentanvärde, 1 gång/tim resp 8 gånger/dygn",kod,1993-04-10T21:00:00Z,1993-04-10T23:00:00+02:00,734475600000,,0,0,G,,corrected-archive-csv
162860,Luleå-Kallax Flygplats,13,Rådande väder,"momentanvärde, 1 gång/tim resp 8 gånger/dygn",kod,1993-04-11T00:00:00Z,1993-04-11T02:00:00+02:00,734486400000,,0,0,G,,corrected-archive-csv
162860,Luleå-Kallax Flygplats,13,Rådande väder,"momentanvärde, 1 gång/tim resp 8 gånger/dygn",kod,1993-04-11T03:00:00Z,1993-04-11T05:00:00+02:00,734497200000,,0,0,G,,corrected-archive-csv
162860,Luleå-Kallax Flygplats,13,Rådande väder,"momentanvärde, 1 gång/tim resp 8 gånger/dygn",kod,1993-04-11T06:00:00Z,1993-04-11T08:00:00+02:00,734508000000,,0,0,G,,corrected-archive-csv
162860,Luleå-Kallax Flygplats,13,Rådande väder,"momentanvärde, 1 gång/tim resp 8 gånger/dygn",kod,1993-04-11T09:00:00Z,1993-04-11T11:00:00+02:00,734518800000,,0,0,G,,corrected-archive-csv
162860,Luleå-Kallax Flygplats,13,Rådande väder,"momentanvärde, 1 gång/tim resp 8 gånger/dygn",kod,1993-04-11T12:00:00Z,1993-04-11T14:00:00+02:00,734529600000,,0,0,G,,corrected-archive-csv
162860,Luleå-Kallax Flygplats,13,Rådande väder,"momentanvärde, 1 gång/tim resp 8 gånger/dygn",kod,1993-04-11T15:00:00Z,1993-04-11T17:00:00+02:00,734540400000,,0,0,G,,corrected-archive-csv
162860,Luleå-Kallax Flygplats,13,Rådande väder,"momentanvärde, 1 gång/tim resp 8 gånger/dygn",kod,1993-04-11T18:00:00Z,1993-04-11T20:00:00+02:00,734551200000,,0,0,G,,corrected-archive-csv
162860,Luleå-Kallax Flygplats,13,Rådande väder,"momentanvärde, 1 gång/tim resp 8 gånger/dygn",kod,1993-04-11T21:00:00Z,1993-04-11T23:00:00+02:00,734562000000,,0,0,G,,corrected-archive-csv
162860,Luleå-Kallax Flygplats,13,Rådande väder,"momentanvärde, 1 gång/tim resp 8 gånger/dygn",kod,1993-04-12T00:00:00Z,1993-04-12T02:00:00+02:00,734572800000,,0,0,G,,corrected-archive-csv
162860,Luleå-Kallax Flygplats,13,Rådande väder,"momentanvärde, 1 gång/tim resp 8 gånger/dygn",kod,1993-04-12T03:00:00Z,1993-04-12T05:00:00+02:00,734583600000,,0,0,G,,corrected-archive-csv
162860,Luleå-Kallax Flygplats,13,Rådande väder,"momentanvärde, 1 gång/tim resp 8 gånger/dygn",kod,1993-04-12T06:00:00Z,1993-04-12T08:00:00+02:00,734594400000,,0,0,G,,corrected-archive-csv
162860,Luleå-Kallax Flygplats,13,Rådande väder,"momentanvärde, 1 gång/tim resp 8 gånger/dygn",kod,1993-04-12T09:00:00Z,1993-04-12T11:00:00+02:00,734605200000,,0,0,G,,corrected-archive-csv
162860,Luleå-Kallax Flygplats,13,Rådande väder,"momentanvärde, 1 gång/tim resp 8 gånger/dygn",kod,1993-04-12T12:00:00Z,1993-04-12T14:00:00+02:00,734616000000,,0,0,G,,corrected-archive-csv
162860,Luleå-Kallax Flygplats,13,Rådande väder,"momentanvärde, 1 gång/tim resp 8 gånger/dygn",kod,1993-04-12T15:00:00Z,1993-04-12T17:00:00+02:00,734626800000,,0,0,G,,corrected-archive-csv
162860,Luleå-Kallax Flygplats,13,Rådande väder,"momentanvärde, 1 gång/tim resp 8 gånger/dygn",kod,1993-04-12T18:00:00Z,1993-04-12T20:00:00+02:00,734637600000,,0,0,G,,corrected-archive-csv
162860,Luleå-Kallax Flygplats,13,Rådande väder,"momentanvärde, 1 gång/tim resp 8 gånger/dygn",kod,1993-04-12T21:00:00Z,1993-04-12T23:00:00+02:00,734648400000,,0,0,G,,corrected-archive-csv
162860,Luleå-Kallax Flygplats,13,Rådande väder,"momentanvärde, 1 gång/tim resp 8 gånger/dygn",kod,1993-04-13T00:00:00Z,1993-04-13T02:00:00+02:00,734659200000,,0,0,G,,corrected-archive-csv
162860,Luleå-Kallax Flygplats,13,Rådande väder,"momentanvärde, 1 gång/tim resp 8 gånger/dygn",kod,1993-04-13T03:00:00Z,1993-04-13T05:00:00+02:00,734670000000,,0,0,G,,corrected-archive-csv
162860,Luleå-Kallax Flygplats,13,Rådande väder,"momentanvärde, 1 gång/tim resp 8 gånger/dygn",kod,1993-04-13T06:00:00Z,1993-04-13T08:00:00+02:00,734680800000,,0,0,G,,corrected-archive-csv
162860,Luleå-Kallax Flygplats,13,Rådande väder,"momentanvärde, 1 gång/tim resp 8 gånger/dygn",kod,1993-04-13T09:00:00Z,1993-04-13T11:00:00+02:00,734691600000,,0,0,G,,corrected-archive-csv
162860,Luleå-Kallax Flygplats,13,Rådande väder,"momentanvärde, 1 gång/tim resp 8 gånger/dygn",kod,1993-04-13T12:00:00Z,1993-04-13T14:00:00+02:00,734702400000,,0,0,G,,corrected-archive-csv
162860,Luleå-Kallax Flygplats,13,Rådande väder,"momentanvärde, 1 gång/tim resp 8 gånger/dygn",kod,1993-04-13T15:00:00Z,1993-04-13T17:00:00+02:00,734713200000,,0,0,G,,corrected-archive-csv
162860,Luleå-Kallax Flygplats,13,Rådande väder,"momentanvärde, 1 gång/tim resp 8 gånger/dygn",kod,1993-04-13T18:00:00Z,1993-04-13T20:00:00+02:00,734724000000,,0,0,G,,corrected-archive-csv
162860,Luleå-Kallax Flygplats,13,Rådande väder,"momentanvärde, 1 gång/tim resp 8 gånger/dygn",kod,1993-04-13T21:00:00Z,1993-04-13T23:00:00+02:00,734734800000,,0,0,G,,corrected-archive-csv
162860,Luleå-Kallax Flygplats,13,Rådande väder,"momentanvärde, 1 gång/tim resp 8 gånger/dygn",kod,1993-04-14T00:00:00Z,1993-04-14T02:00:00+02:00,734745600000,,0,0,G,,corrected-archive-csv
162860,Luleå-Kallax Flygplats,13,Rådande väder,"momentanvärde, 1 gång/tim resp 8 gånger/dygn",kod,1993-04-14T03:00:00Z,1993-04-14T05:00:00+02:00,734756400000,,0,0,G,,corrected-archive-csv
162860,Luleå-Kallax Flygplats,13,Rådande väder,"momentanvärde, 1 gång/tim resp 8 gånger/dygn",kod,1993-04-14T06:00:00Z,1993-04-14T08:00:00+02:00,734767200000,,14,14,G,,corrected-archive-csv
162860,Luleå-Kallax Flygplats,13,Rådande väder,"momentanvärde, 1 gång/tim resp 8 gånger/dygn",kod,1993-04-14T07:00:00Z,1993-04-14T09:00:00+02:00,734770800000,,14,14,Y,,corrected-archive-csv
162860,Luleå-Kallax Flygplats,13,Rådande väder,"momentanvärde, 1 gång/tim resp 8 gånger/dygn",kod,1993-04-14T08:00:00Z,1993-04-14T10:00:00+02:00,734774400000,,26,26,Y,,corrected-archive-csv
162860,Luleå-Kallax Flygplats,13,Rådande väder,"momentanvärde, 1 gång/tim resp 8 gånger/dygn",kod,1993-04-14T09:00:00Z,1993-04-14T11:00:00+02:00,734778000000,,1,1,G,,corrected-archive-csv
162860,Luleå-Kallax Flygplats,13,Rådande väder,"momentanvärde, 1 gång/tim resp 8 gånger/dygn",kod,1993-04-14T11:00:00Z,1993-04-14T13:00:00+02:00,734785200000,,1,1,Y,,corrected-archive-csv
162860,Luleå-Kallax Flygplats,13,Rådande väder,"momentanvärde, 1 gång/tim resp 8 gånger/dygn",kod,1993-04-14T12:00:00Z,1993-04-14T14:00:00+02:00,734788800000,,1,1,G,,corrected-archive-csv
162860,Luleå-Kallax Flygplats,13,Rådande väder,"momentanvärde, 1 gång/tim resp 8 gånger/dygn",kod,1993-04-14T15:00:00Z,1993-04-14T17:00:00+02:00,734799600000,,0,0,G,,corrected-archive-csv
162860,Luleå-Kallax Flygplats,13,Rådande väder,"momentanvärde, 1 gång/tim resp 8 gånger/dygn",kod,1993-04-14T18:00:00Z,1993-04-14T20:00:00+02:00,734810400000,,0,0,G,,corrected-archive-csv
162860,Luleå-Kallax Flygplats,13,Rådande väder,"momentanvärde, 1 gång/tim resp 8 gånger/dygn",kod,1993-04-14T21:00:00Z,1993-04-14T23:00:00+02:00,734821200000,,0,0,G,,corrected-archive-csv
162860,Luleå-Kallax Flygplats,13,Rådande väder,"momentanvärde, 1 gång/tim resp 8 gånger/dygn",kod,1993-04-15T00:00:00Z,1993-04-15T02:00:00+02:00,734832000000,,0,0,G,,corrected-archive-csv
162860,Luleå-Kallax Flygplats,13,Rådande väder,"momentanvärde, 1 gång/tim resp 8 gånger/dygn",kod,1993-04-15T03:00:00Z,1993-04-15T05:00:00+02:00,734842800000,,14,14,G,,corrected-archive-csv
162860,Luleå-Kallax Flygplats,13,Rådande väder,"momentanvärde, 1 gång/tim resp 8 gånger/dygn",kod,1993-04-15T04:00:00Z,1993-04-15T06:00:00+02:00,734846400000,,14,14,Y,,corrected-archive-csv
162860,Luleå-Kallax Flygplats,13,Rådande väder,"momentanvärde, 1 gång/tim resp 8 gånger/dygn",kod,1993-04-15T06:00:00Z,1993-04-15T08:00:00+02:00,734853600000,,0,0,G,,corrected-archive-csv
162860,Luleå-Kallax Flygplats,13,Rådande väder,"momentanvärde, 1 gång/tim resp 8 gånger/dygn",kod,1993-04-15T09:00:00Z,1993-04-15T11:00:00+02:00,734864400000,,0,0,G,,corrected-archive-csv
162860,Luleå-Kallax Flygplats,13,Rådande väder,"momentanvärde, 1 gång/tim resp 8 gånger/dygn",kod,1993-04-15T12:00:00Z,1993-04-15T14:00:00+02:00,734875200000,,0,0,G,,corrected-archive-csv
162860,Luleå-Kallax Flygplats,13,Rådande väder,"momentanvärde, 1 gång/tim resp 8 gånger/dygn",kod,1993-04-15T15:00:00Z,1993-04-15T17:00:00+02:00,734886000000,,0,0,G,,corrected-archive-csv
162860,Luleå-Kallax Flygplats,13,Rådande väder,"momentanvärde, 1 gång/tim resp 8 gånger/dygn",kod,1993-04-15T18:00:00Z,1993-04-15T20:00:00+02:00,734896800000,,0,0,G,,corrected-archive-csv
162860,Luleå-Kallax Flygplats,13,Rådande väder,"momentanvärde, 1 gång/tim resp 8 gånger/dygn",kod,1993-04-15T21:00:00Z,1993-04-15T23:00:00+02:00,734907600000,,0,0,G,,corrected-archive-csv
162860,Luleå-Kallax Flygplats,13,Rådande väder,"momentanvärde, 1 gång/tim resp 8 gånger/dygn",kod,1993-04-16T00:00:00Z,1993-04-16T02:00:00+02:00,734918400000,,0,0,G,,corrected-archive-csv
162860,Luleå-Kallax Flygplats,13,Rådande väder,"momentanvärde, 1 gång/tim resp 8 gånger/dygn",kod,1993-04-16T03:00:00Z,1993-04-16T05:00:00+02:00,734929200000,,0,0,G,,corrected-archive-csv
162860,Luleå-Kallax Flygplats,13,Rådande väder,"momentanvärde, 1 gång/tim resp 8 gånger/dygn",kod,1993-04-16T06:00:00Z,1993-04-16T08:00:00+02:00,734940000000,,0,0,G,,corrected-archive-csv
162860,Luleå-Kallax Flygplats,13,Rådande väder,"momentanvärde, 1 gång/tim resp 8 gånger/dygn",kod,1993-04-16T07:00:00Z,1993-04-16T09:00:00+02:00,734943600000,,40,40,Y,,corrected-archive-csv
162860,Luleå-Kallax Flygplats,13,Rådande väder,"momentanvärde, 1 gång/tim resp 8 gånger/dygn",kod,1993-04-16T08:00:00Z,1993-04-16T10:00:00+02:00,734947200000,,10,10,Y,,corrected-archive-csv
162860,Luleå-Kallax Flygplats,13,Rådande väder,"momentanvärde, 1 gång/tim resp 8 gånger/dygn",kod,1993-04-16T09:00:00Z,1993-04-16T11:00:00+02:00,734950800000,,22,22,G,,corrected-archive-csv
162860,Luleå-Kallax Flygplats,13,Rådande väder,"momentanvärde, 1 gång/tim resp 8 gånger/dygn",kod,1993-04-16T10:00:00Z,1993-04-16T12:00:00+02:00,734954400000,,2,2,Y,,corrected-archive-csv
162860,Luleå-Kallax Flygplats,13,Rådande väder,"momentanvärde, 1 gång/tim resp 8 gånger/dygn",kod,1993-04-16T11:00:00Z,1993-04-16T13:00:00+02:00,734958000000,,2,2,Y,,corrected-archive-csv
162860,Luleå-Kallax Flygplats,13,Rådande väder,"momentanvärde, 1 gång/tim resp 8 gånger/dygn",kod,1993-04-16T12:00:00Z,1993-04-16T14:00:00+02:00,734961600000,,2,2,G,,corrected-archive-csv
162860,Luleå-Kallax Flygplats,13,Rådande väder,"momentanvärde, 1 gång/tim resp 8 gånger/dygn",kod,1993-04-16T15:00:00Z,1993-04-16T17:00:00+02:00,734972400000,,0,0,G,,corrected-archive-csv
162860,Luleå-Kallax Flygplats,13,Rådande väder,"momentanvärde, 1 gång/tim resp 8 gånger/dygn",kod,1993-04-16T18:00:00Z,1993-04-16T20:00:00+02:00,734983200000,,0,0,G,,corrected-archive-csv
162860,Luleå-Kallax Flygplats,13,Rådande väder,"momentanvärde, 1 gång/tim resp 8 gånger/dygn",kod,1993-04-16T21:00:00Z,1993-04-16T23:00:00+02:00,734994000000,,0,0,G,,corrected-archive-csv
162860,Luleå-Kallax Flygplats,13,Rådande väder,"momentanvärde, 1 gång/tim resp 8 gånger/dygn",kod,1993-04-17T00:00:00Z,1993-04-17T02:00:00+02:00,735004800000,,0,0,G,,corrected-archive-csv
162860,Luleå-Kallax Flygplats,13,Rådande väder,"momentanvärde, 1 gång/tim resp 8 gånger/dygn",kod,1993-04-17T03:00:00Z,1993-04-17T05:00:00+02:00,735015600000,,0,0,G,,corrected-archive-csv
162860,Luleå-Kallax Flygplats,13,Rådande väder,"momentanvärde, 1 gång/tim resp 8 gånger/dygn",kod,1993-04-17T06:00:00Z,1993-04-17T08:00:00+02:00,735026400000,,0,0,G,,corrected-archive-csv
162860,Luleå-Kallax Flygplats,13,Rådande väder,"momentanvärde, 1 gång/tim resp 8 gånger/dygn",kod,1993-04-17T09:00:00Z,1993-04-17T11:00:00+02:00,735037200000,,22,22,G,,corrected-archive-csv
162860,Luleå-Kallax Flygplats,13,Rådande väder,"momentanvärde, 1 gång/tim resp 8 gånger/dygn",kod,1993-04-17T10:00:00Z,1993-04-17T12:00:00+02:00,735040800000,,10,10,Y,,corrected-archive-csv
162860,Luleå-Kallax Flygplats,13,Rådande väder,"momentanvärde, 1 gång/tim resp 8 gånger/dygn",kod,1993-04-17T11:00:00Z,1993-04-17T13:00:00+02:00,735044400000,,10,10,Y,,corrected-archive-csv
162860,Luleå-Kallax Flygplats,13,Rådande väder,"momentanvärde, 1 gång/tim resp 8 gånger/dygn",kod,1993-04-17T12:00:00Z,1993-04-17T14:00:00+02:00,735048000000,,10,10,G,,corrected-archive-csv
162860,Luleå-Kallax Flygplats,13,Rådande väder,"momentanvärde, 1 gång/tim resp 8 gånger/dygn",kod,1993-04-17T13:00:00Z,1993-04-17T15:00:00+02:00,735051600000,,10,10,Y,,corrected-archive-csv
162860,Luleå-Kallax Flygplats,13,Rådande väder,"momentanvärde, 1 gång/tim resp 8 gånger/dygn",kod,1993-04-17T14:00:00Z,1993-04-17T16:00:00+02:00,735055200000,,10,10,Y,,corrected-archive-csv
162860,Luleå-Kallax Flygplats,13,Rådande väder,"momentanvärde, 1 gång/tim resp 8 gånger/dygn",kod,1993-04-17T15:00:00Z,1993-04-17T17:00:00+02:00,735058800000,,50,50,G,,corrected-archive-csv
162860,Luleå-Kallax Flygplats,13,Rådande väder,"momentanvärde, 1 gång/tim resp 8 gånger/dygn",kod,1993-04-17T16:00:00Z,1993-04-17T18:00:00+02:00,735062400000,,68,68,Y,,corrected-archive-csv
162860,Luleå-Kallax Flygplats,13,Rådande väder,"momentanvärde, 1 gång/tim resp 8 gånger/dygn",kod,1993-04-17T17:00:00Z,1993-04-17T19:00:00+02:00,735066000000,,73,73,Y,,corrected-archive-csv
162860,Luleå-Kallax Flygplats,13,Rådande väder,"momentanvärde, 1 gång/tim resp 8 gånger/dygn",kod,1993-04-17T18:00:00Z,1993-04-17T20:00:00+02:00,735069600000,,68,68,G,,corrected-archive-csv
162860,Luleå-Kallax Flygplats,13,Rådande väder,"momentanvärde, 1 gång/tim resp 8 gånger/dygn",kod,1993-04-17T19:00:00Z,1993-04-17T21:00:00+02:00,735073200000,,10,10,Y,,corrected-archive-csv
162860,Luleå-Kallax Flygplats,13,Rådande väder,"momentanvärde, 1 gång/tim resp 8 gånger/dygn",kod,1993-04-17T20:00:00Z,1993-04-17T22:00:00+02:00,735076800000,,51,51,Y,,corrected-archive-csv
162860,Luleå-Kallax Flygplats,13,Rådande väder,"momentanvärde, 1 gång/tim resp 8 gånger/dygn",kod,1993-04-17T21:00:00Z,1993-04-17T23:00:00+02:00,735080400000,,40,40,G,,corrected-archive-csv
162860,Luleå-Kallax Flygplats,13,Rådande väder,"momentanvärde, 1 gång/tim resp 8 gånger/dygn",kod,1993-04-17T22:00:00Z,1993-04-18T00:00:00+02:00,735084000000,,47,47,Y,,corrected-archive-csv
162860,Luleå-Kallax Flygplats,13,Rådande väder,"momentanvärde, 1 gång/tim resp 8 gånger/dygn",kod,1993-04-17T23:00:00Z,1993-04-18T01:00:00+02:00,735087600000,,47,47,Y,,corrected-archive-csv
162860,Luleå-Kallax Flygplats,13,Rådande väder,"momentanvärde, 1 gång/tim resp 8 gånger/dygn",kod,1993-04-18T00:00:00Z,1993-04-18T02:00:00+02:00,735091200000,,12,12,G,,corrected-archive-csv
162860,Luleå-Kallax Flygplats,13,Rådande väder,"momentanvärde, 1 gång/tim resp 8 gånger/dygn",kod,1993-04-18T03:00:00Z,1993-04-18T05:00:00+02:00,735102000000,,0,0,G,,corrected-archive-csv
162860,Luleå-Kallax Flygplats,13,Rådande väder,"momentanvärde, 1 gång/tim resp 8 gånger/dygn",kod,1993-04-18T06:00:00Z,1993-04-18T08:00:00+02:00,735112800000,,0,0,G,,corrected-archive-csv
162860,Luleå-Kallax Flygplats,13,Rådande väder,"momentanvärde, 1 gång/tim resp 8 gånger/dygn",kod,1993-04-18T09:00:00Z,1993-04-18T11:00:00+02:00,735123600000,,0,0,G,,corrected-archive-csv
162860,Luleå-Kallax Flygplats,13,Rådande väder,"momentanvärde, 1 gång/tim resp 8 gånger/dygn",kod,1993-04-18T12:00:00Z,1993-04-18T14:00:00+02:00,735134400000,,0,0,G,,corrected-archive-csv
162860,Luleå-Kallax Flygplats,13,Rådande väder,"momentanvärde, 1 gång/tim resp 8 gånger/dygn",kod,1993-04-18T15:00:00Z,1993-04-18T17:00:00+02:00,735145200000,,0,0,G,,corrected-archive-csv
162860,Luleå-Kallax Flygplats,13,Rådande väder,"momentanvärde, 1 gång/tim resp 8 gånger/dygn",kod,1993-04-18T16:00:00Z,1993-04-18T18:00:00+02:00,735148800000,,14,14,Y,,corrected-archive-csv
162860,Luleå-Kallax Flygplats,13,Rådande väder,"momentanvärde, 1 gång/tim resp 8 gånger/dygn",kod,1993-04-18T17:00:00Z,1993-04-18T19:00:00+02:00,735152400000,,14,14,Y,,corrected-archive-csv
162860,Luleå-Kallax Flygplats,13,Rådande väder,"momentanvärde, 1 gång/tim resp 8 gånger/dygn",kod,1993-04-18T18:00:00Z,1993-04-18T20:00:00+02:00,735156000000,,0,0,G,,corrected-archive-csv
162860,Luleå-Kallax Flygplats,13,Rådande väder,"momentanvärde, 1 gång/tim resp 8 gånger/dygn",kod,1993-04-18T21:00:00Z,1993-04-18T23:00:00+02:00,735166800000,,0,0,G,,corrected-archive-csv
162860,Luleå-Kallax Flygplats,13,Rådande väder,"momentanvärde, 1 gång/tim resp 8 gånger/dygn",kod,1993-04-19T00:00:00Z,1993-04-19T02:00:00+02:00,735177600000,,0,0,G,,corrected-archive-csv
162860,Luleå-Kallax Flygplats,13,Rådande väder,"momentanvärde, 1 gång/tim resp 8 gånger/dygn",kod,1993-04-19T03:00:00Z,1993-04-19T05:00:00+02:00,735188400000,,0,0,G,,corrected-archive-csv
162860,Luleå-Kallax Flygplats,13,Rådande väder,"momentanvärde, 1 gång/tim resp 8 gånger/dygn",kod,1993-04-19T06:00:00Z,1993-04-19T08:00:00+02:00,735199200000,,0,0,G,,corrected-archive-csv
162860,Luleå-Kallax Flygplats,13,Rådande väder,"momentanvärde, 1 gång/tim resp 8 gånger/dygn",kod,1993-04-19T09:00:00Z,1993-04-19T11:00:00+02:00,735210000000,,0,0,G,,corrected-archive-csv
162860,Luleå-Kallax Flygplats,13,Rådande väder,"momentanvärde, 1 gång/tim resp 8 gånger/dygn",kod,1993-04-19T12:00:00Z,1993-04-19T14:00:00+02:00,735220800000,,0,0,G,,corrected-archive-csv
162860,Luleå-Kallax Flygplats,13,Rådande väder,"momentanvärde, 1 gång/tim resp 8 gånger/dygn",kod,1993-04-19T15:00:00Z,1993-04-19T17:00:00+02:00,735231600000,,0,0,G,,corrected-archive-csv
162860,Luleå-Kallax Flygplats,13,Rådande väder,"momentanvärde, 1 gång/tim resp 8 gånger/dygn",kod,1993-04-19T18:00:00Z,1993-04-19T20:00:00+02:00,735242400000,,0,0,G,,corrected-archive-csv
162860,Luleå-Kallax Flygplats,13,Rådande väder,"momentanvärde, 1 gång/tim resp 8 gånger/dygn",kod,1993-04-19T21:00:00Z,1993-04-19T23:00:00+02:00,735253200000,,0,0,G,,corrected-archive-csv
162860,Luleå-Kallax Flygplats,13,Rådande väder,"momentanvärde, 1 gång/tim resp 8 gånger/dygn",kod,1993-04-20T00:00:00Z,1993-04-20T02:00:00+02:00,735264000000,,0,0,G,,corrected-archive-csv
162860,Luleå-Kallax Flygplats,13,Rådande väder,"momentanvärde, 1 gång/tim resp 8 gånger/dygn",kod,1993-04-20T03:00:00Z,1993-04-20T05:00:00+02:00,735274800000,,0,0,G,,corrected-archive-csv
162860,Luleå-Kallax Flygplats,13,Rådande väder,"momentanvärde, 1 gång/tim resp 8 gånger/dygn",kod,1993-04-20T06:00:00Z,1993-04-20T08:00:00+02:00,735285600000,,0,0,G,,corrected-archive-csv
162860,Luleå-Kallax Flygplats,13,Rådande väder,"momentanvärde, 1 gång/tim resp 8 gånger/dygn",kod,1993-04-20T09:00:00Z,1993-04-20T11:00:00+02:00,735296400000,,0,0,G,,corrected-archive-csv
162860,Luleå-Kallax Flygplats,13,Rådande väder,"momentanvärde, 1 gång/tim resp 8 gånger/dygn",kod,1993-04-20T12:00:00Z,1993-04-20T14:00:00+02:00,735307200000,,14,14,G,,corrected-archive-csv
162860,Luleå-Kallax Flygplats,13,Rådande väder,"momentanvärde, 1 gång/tim resp 8 gånger/dygn",kod,1993-04-20T13:00:00Z,1993-04-20T15:00:00+02:00,735310800000,,14,14,Y,,corrected-archive-csv
162860,Luleå-Kallax Flygplats,13,Rådande väder,"momentanvärde, 1 gång/tim resp 8 gånger/dygn",kod,1993-04-20T14:00:00Z,1993-04-20T16:00:00+02:00,735314400000,,14,14,Y,,corrected-archive-csv
162860,Luleå-Kallax Flygplats,13,Rådande väder,"momentanvärde, 1 gång/tim resp 8 gånger/dygn",kod,1993-04-20T15:00:00Z,1993-04-20T17:00:00+02:00,735318000000,,14,14,G,,corrected-archive-csv
162860,Luleå-Kallax Flygplats,13,Rådande väder,"momentanvärde, 1 gång/tim resp 8 gånger/dygn",kod,1993-04-20T16:00:00Z,1993-04-20T18:00:00+02:00,735321600000,,14,14,Y,,corrected-archive-csv
162860,Luleå-Kallax Flygplats,13,Rådande väder,"momentanvärde, 1 gång/tim resp 8 gånger/dygn",kod,1993-04-20T17:00:00Z,1993-04-20T19:00:00+02:00,735325200000,,14,14,Y,,corrected-archive-csv
162860,Luleå-Kallax Flygplats,13,Rådande väder,"momentanvärde, 1 gång/tim resp 8 gånger/dygn",kod,1993-04-20T18:00:00Z,1993-04-20T20:00:00+02:00,735328800000,,14,14,G,,corrected-archive-csv
162860,Luleå-Kallax Flygplats,13,Rådande väder,"momentanvärde, 1 gång/tim resp 8 gånger/dygn",kod,1993-04-20T21:00:00Z,1993-04-20T23:00:00+02:00,735339600000,,0,0,G,,corrected-archive-csv
162860,Luleå-Kallax Flygplats,13,Rådande väder,"momentanvärde, 1 gång/tim resp 8 gånger/dygn",kod,1993-04-21T00:00:00Z,1993-04-21T02:00:00+02:00,735350400000,,0,0,G,,corrected-archive-csv
162860,Luleå-Kallax Flygplats,13,Rådande väder,"momentanvärde, 1 gång/tim resp 8 gånger/dygn",kod,1993-04-21T03:00:00Z,1993-04-21T05:00:00+02:00,735361200000,,0,0,G,,corrected-archive-csv
162860,Luleå-Kallax Flygplats,13,Rådande väder,"momentanvärde, 1 gång/tim resp 8 gånger/dygn",kod,1993-04-21T06:00:00Z,1993-04-21T08:00:00+02:00,735372000000,,0,0,G,,corrected-archive-csv
162860,Luleå-Kallax Flygplats,13,Rådande väder,"momentanvärde, 1 gång/tim resp 8 gånger/dygn",kod,1993-04-21T07:00:00Z,1993-04-21T09:00:00+02:00,735375600000,,71,71,Y,,corrected-archive-csv
162860,Luleå-Kallax Flygplats,13,Rådande väder,"momentanvärde, 1 gång/tim resp 8 gånger/dygn",kod,1993-04-21T08:00:00Z,1993-04-21T10:00:00+02:00,735379200000,,73,73,Y,,corrected-archive-csv
162860,Luleå-Kallax Flygplats,13,Rådande väder,"momentanvärde, 1 gång/tim resp 8 gånger/dygn",kod,1993-04-21T09:00:00Z,1993-04-21T11:00:00+02:00,735382800000,,75,75,G,,corrected-archive-csv
162860,Luleå-Kallax Flygplats,13,Rådande väder,"momentanvärde, 1 gång/tim resp 8 gånger/dygn",kod,1993-04-21T10:00:00Z,1993-04-21T12:00:00+02:00,735386400000,,73,73,Y,,corrected-archive-csv
162860,Luleå-Kallax Flygplats,13,Rådande väder,"momentanvärde, 1 gång/tim resp 8 gånger/dygn",kod,1993-04-21T11:00:00Z,1993-04-21T13:00:00+02:00,735390000000,,77,77,Y,,corrected-archive-csv
162860,Luleå-Kallax Flygplats,13,Rådande väder,"momentanvärde, 1 gång/tim resp 8 gånger/dygn",kod,1993-04-21T12:00:00Z,1993-04-21T14:00:00+02:00,735393600000,,77,77,G,,corrected-archive-csv
162860,Luleå-Kallax Flygplats,13,Rådande väder,"momentanvärde, 1 gång/tim resp 8 gånger/dygn",kod,1993-04-21T13:00:00Z,1993-04-21T15:00:00+02:00,735397200000,,77,77,Y,,corrected-archive-csv
162860,Luleå-Kallax Flygplats,13,Rådande väder,"momentanvärde, 1 gång/tim resp 8 gånger/dygn",kod,1993-04-21T14:00:00Z,1993-04-21T16:00:00+02:00,735400800000,,73,73,Y,,corrected-archive-csv
162860,Luleå-Kallax Flygplats,13,Rådande väder,"momentanvärde, 1 gång/tim resp 8 gånger/dygn",kod,1993-04-21T15:00:00Z,1993-04-21T17:00:00+02:00,735404400000,,71,71,G,,corrected-archive-csv
162860,Luleå-Kallax Flygplats,13,Rådande väder,"momentanvärde, 1 gång/tim resp 8 gånger/dygn",kod,1993-04-21T16:00:00Z,1993-04-21T18:00:00+02:00,735408000000,,71,71,Y,,corrected-archive-csv
162860,Luleå-Kallax Flygplats,13,Rådande väder,"momentanvärde, 1 gång/tim resp 8 gånger/dygn",kod,1993-04-21T17:00:00Z,1993-04-21T19:00:00+02:00,735411600000,,71,71,Y,,corrected-archive-csv
162860,Luleå-Kallax Flygplats,13,Rådande väder,"momentanvärde, 1 gång/tim resp 8 gånger/dygn",kod,1993-04-21T18:00:00Z,1993-04-21T20:00:00+02:00,735415200000,,40,40,G,,corrected-archive-csv
162860,Luleå-Kallax Flygplats,13,Rådande väder,"momentanvärde, 1 gång/tim resp 8 gånger/dygn",kod,1993-04-21T19:00:00Z,1993-04-21T21:00:00+02:00,735418800000,,71,71,Y,,corrected-archive-csv
162860,Luleå-Kallax Flygplats,13,Rådande väder,"momentanvärde, 1 gång/tim resp 8 gånger/dygn",kod,1993-04-21T20:00:00Z,1993-04-21T22:00:00+02:00,735422400000,,71,71,Y,,corrected-archive-csv
162860,Luleå-Kallax Flygplats,13,Rådande väder,"momentanvärde, 1 gång/tim resp 8 gånger/dygn",kod,1993-04-21T21:00:00Z,1993-04-21T23:00:00+02:00,735426000000,,71,71,G,,corrected-archive-csv
162860,Luleå-Kallax Flygplats,13,Rådande väder,"momentanvärde, 1 gång/tim resp 8 gånger/dygn",kod,1993-04-21T22:00:00Z,1993-04-22T00:00:00+02:00,735429600000,,22,22,Y,,corrected-archive-csv
162860,Luleå-Kallax Flygplats,13,Rådande väder,"momentanvärde, 1 gång/tim resp 8 gånger/dygn",kod,1993-04-21T23:00:00Z,1993-04-22T01:00:00+02:00,735433200000,,10,10,Y,,corrected-archive-csv
162860,Luleå-Kallax Flygplats,13,Rådande väder,"momentanvärde, 1 gång/tim resp 8 gånger/dygn",kod,1993-04-22T00:00:00Z,1993-04-22T02:00:00+02:00,735436800000,,10,10,G,,corrected-archive-csv
162860,Luleå-Kallax Flygplats,13,Rådande väder,"momentanvärde, 1 gång/tim resp 8 gånger/dygn",kod,1993-04-22T01:00:00Z,1993-04-22T03:00:00+02:00,735440400000,,10,10,Y,,corrected-archive-csv
162860,Luleå-Kallax Flygplats,13,Rådande väder,"momentanvärde, 1 gång/tim resp 8 gånger/dygn",kod,1993-04-22T02:00:00Z,1993-04-22T04:00:00+02:00,735444000000,,47,47,Y,,corrected-archive-csv
162860,Luleå-Kallax Flygplats,13,Rådande väder,"momentanvärde, 1 gång/tim resp 8 gånger/dygn",kod,1993-04-22T03:00:00Z,1993-04-22T05:00:00+02:00,735447600000,,45,45,G,,corrected-archive-csv
162860,Luleå-Kallax Flygplats,13,Rådande väder,"momentanvärde, 1 gång/tim resp 8 gånger/dygn",kod,1993-04-22T04:00:00Z,1993-04-22T06:00:00+02:00,735451200000,,45,45,Y,,corrected-archive-csv
162860,Luleå-Kallax Flygplats,13,Rådande väder,"momentanvärde, 1 gång/tim resp 8 gånger/dygn",kod,1993-04-22T05:00:00Z,1993-04-22T07:00:00+02:00,735454800000,,45,45,Y,,corrected-archive-csv
162860,Luleå-Kallax Flygplats,13,Rådande väder,"momentanvärde, 1 gång/tim resp 8 gånger/dygn",kod,1993-04-22T06:00:00Z,1993-04-22T08:00:00+02:00,735458400000,,45,45,G,,corrected-archive-csv
162860,Luleå-Kallax Flygplats,13,Rådande väder,"momentanvärde, 1 gång/tim resp 8 gånger/dygn",kod,1993-04-22T07:00:00Z,1993-04-22T09:00:00+02:00,735462000000,,10,10,Y,,corrected-archive-csv
162860,Luleå-Kallax Flygplats,13,Rådande väder,"momentanvärde, 1 gång/tim resp 8 gånger/dygn",kod,1993-04-22T08:00:00Z,1993-04-22T10:00:00+02:00,735465600000,,10,10,Y,,corrected-archive-csv
162860,Luleå-Kallax Flygplats,13,Rådande väder,"momentanvärde, 1 gång/tim resp 8 gånger/dygn",kod,1993-04-22T09:00:00Z,1993-04-22T11:00:00+02:00,735469200000,,40,40,G,,corrected-archive-csv
162860,Luleå-Kallax Flygplats,13,Rådande väder,"momentanvärde, 1 gång/tim resp 8 gånger/dygn",kod,1993-04-22T10:00:00Z,1993-04-22T12:00:00+02:00,735472800000,,40,40,Y,,corrected-archive-csv
162860,Luleå-Kallax Flygplats,13,Rådande väder,"momentanvärde, 1 gång/tim resp 8 gånger/dygn",kod,1993-04-22T11:00:00Z,1993-04-22T13:00:00+02:00,735476400000,,2,2,Y,,corrected-archive-csv
162860,Luleå-Kallax Flygplats,13,Rådande väder,"momentanvärde, 1 gång/tim resp 8 gånger/dygn",kod,1993-04-22T12:00:00Z,1993-04-22T14:00:00+02:00,735480000000,,2,2,G,,corrected-archive-csv
162860,Luleå-Kallax Flygplats,13,Rådande väder,"momentanvärde, 1 gång/tim resp 8 gånger/dygn",kod,1993-04-22T15:00:00Z,1993-04-22T17:00:00+02:00,735490800000,,0,0,G,,corrected-archive-csv
162860,Luleå-Kallax Flygplats,13,Rådande väder,"momentanvärde, 1 gång/tim resp 8 gånger/dygn",kod,1993-04-22T17:00:00Z,1993-04-22T19:00:00+02:00,735498000000,,10,10,Y,,corrected-archive-csv
162860,Luleå-Kallax Flygplats,13,Rådande väder,"momentanvärde, 1 gång/tim resp 8 gånger/dygn",kod,1993-04-22T18:00:00Z,1993-04-22T20:00:00+02:00,735501600000,,10,10,G,,corrected-archive-csv
162860,Luleå-Kallax Flygplats,13,Rådande väder,"momentanvärde, 1 gång/tim resp 8 gånger/dygn",kod,1993-04-22T19:00:00Z,1993-04-22T21:00:00+02:00,735505200000,,47,47,Y,,corrected-archive-csv
162860,Luleå-Kallax Flygplats,13,Rådande väder,"momentanvärde, 1 gång/tim resp 8 gånger/dygn",kod,1993-04-22T20:00:00Z,1993-04-22T22:00:00+02:00,735508800000,,66,66,Y,,corrected-archive-csv
162860,Luleå-Kallax Flygplats,13,Rådande väder,"momentanvärde, 1 gång/tim resp 8 gånger/dygn",kod,1993-04-22T21:00:00Z,1993-04-22T23:00:00+02:00,735512400000,,45,45,G,,corrected-archive-csv
162860,Luleå-Kallax Flygplats,13,Rådande väder,"momentanvärde, 1 gång/tim resp 8 gånger/dygn",kod,1993-04-22T22:00:00Z,1993-04-23T00:00:00+02:00,735516000000,,22,22,Y,,corrected-archive-csv
162860,Luleå-Kallax Flygplats,13,Rådande väder,"momentanvärde, 1 gång/tim resp 8 gånger/dygn",kod,1993-04-22T23:00:00Z,1993-04-23T01:00:00+02:00,735519600000,,45,45,Y,,corrected-archive-csv
162860,Luleå-Kallax Flygplats,13,Rådande väder,"momentanvärde, 1 gång/tim resp 8 gånger/dygn",kod,1993-04-23T00:00:00Z,1993-04-23T02:00:00+02:00,735523200000,,45,45,G,,corrected-archive-csv
162860,Luleå-Kallax Flygplats,13,Rådande väder,"momentanvärde, 1 gång/tim resp 8 gånger/dygn",kod,1993-04-23T01:00:00Z,1993-04-23T03:00:00+02:00,735526800000,,45,45,Y,,corrected-archive-csv
162860,Luleå-Kallax Flygplats,13,Rådande väder,"momentanvärde, 1 gång/tim resp 8 gånger/dygn",kod,1993-04-23T02:00:00Z,1993-04-23T04:00:00+02:00,735530400000,,49,49,Y,,corrected-archive-csv
162860,Luleå-Kallax Flygplats,13,Rådande väder,"momentanvärde, 1 gång/tim resp 8 gånger/dygn",kod,1993-04-23T03:00:00Z,1993-04-23T05:00:00+02:00,735534000000,,48,48,G,,corrected-archive-csv
162860,Luleå-Kallax Flygplats,13,Rådande väder,"momentanvärde, 1 gång/tim resp 8 gånger/dygn",kod,1993-04-23T04:00:00Z,1993-04-23T06:00:00+02:00,735537600000,,48,48,Y,,corrected-archive-csv
162860,Luleå-Kallax Flygplats,13,Rådande väder,"momentanvärde, 1 gång/tim resp 8 gånger/dygn",kod,1993-04-23T05:00:00Z,1993-04-23T07:00:00+02:00,735541200000,,48,48,Y,,corrected-archive-csv
162860,Luleå-Kallax Flygplats,13,Rådande väder,"momentanvärde, 1 gång/tim resp 8 gånger/dygn",kod,1993-04-23T06:00:00Z,1993-04-23T08:00:00+02:00,735544800000,,48,48,G,,corrected-archive-csv
162860,Luleå-Kallax Flygplats,13,Rådande väder,"momentanvärde, 1 gång/tim resp 8 gånger/dygn",kod,1993-04-23T07:00:00Z,1993-04-23T09:00:00+02:00,735548400000,,40,40,Y,,corrected-archive-csv
162860,Luleå-Kallax Flygplats,13,Rådande väder,"momentanvärde, 1 gång/tim resp 8 gånger/dygn",kod,1993-04-23T08:00:00Z,1993-04-23T10:00:00+02:00,735552000000,,28,28,Y,,corrected-archive-csv
162860,Luleå-Kallax Flygplats,13,Rådande väder,"momentanvärde, 1 gång/tim resp 8 gånger/dygn",kod,1993-04-23T09:00:00Z,1993-04-23T11:00:00+02:00,735555600000,,40,40,G,,corrected-archive-csv
162860,Luleå-Kallax Flygplats,13,Rådande väder,"momentanvärde, 1 gång/tim resp 8 gånger/dygn",kod,1993-04-23T10:00:00Z,1993-04-23T12:00:00+02:00,735559200000,,40,40,Y,,corrected-archive-csv
162860,Luleå-Kallax Flygplats,13,Rådande väder,"momentanvärde, 1 gång/tim resp 8 gånger/dygn",kod,1993-04-23T11:00:00Z,1993-04-23T13:00:00+02:00,735562800000,,40,40,Y,,corrected-archive-csv
162860,Luleå-Kallax Flygplats,13,Rådande väder,"momentanvärde, 1 gång/tim resp 8 gånger/dygn",kod,1993-04-23T12:00:00Z,1993-04-23T14:00:00+02:00,735566400000,,40,40,G,,corrected-archive-csv
162860,Luleå-Kallax Flygplats,13,Rådande väder,"momentanvärde, 1 gång/tim resp 8 gånger/dygn",kod,1993-04-23T15:00:00Z,1993-04-23T17:00:00+02:00,735577200000,,0,0,G,,corrected-archive-csv
162860,Luleå-Kallax Flygplats,13,Rådande väder,"momentanvärde, 1 gång/tim resp 8 gånger/dygn",kod,1993-04-23T18:00:00Z,1993-04-23T20:00:00+02:00,735588000000,,0,0,G,,corrected-archive-csv
162860,Luleå-Kallax Flygplats,13,Rådande väder,"momentanvärde, 1 gång/tim resp 8 gånger/dygn",kod,1993-04-23T21:00:00Z,1993-04-23T23:00:00+02:00,735598800000,,0,0,G,,corrected-archive-csv
162860,Luleå-Kallax Flygplats,13,Rådande väder,"momentanvärde, 1 gång/tim resp 8 gånger/dygn",kod,1993-04-24T00:00:00Z,1993-04-24T02:00:00+02:00,735609600000,,0,0,G,,corrected-archive-csv
162860,Luleå-Kallax Flygplats,13,Rådande väder,"momentanvärde, 1 gång/tim resp 8 gånger/dygn",kod,1993-04-24T03:00:00Z,1993-04-24T05:00:00+02:00,735620400000,,0,0,G,,corrected-archive-csv
162860,Luleå-Kallax Flygplats,13,Rådande väder,"momentanvärde, 1 gång/tim resp 8 gånger/dygn",kod,1993-04-24T06:00:00Z,1993-04-24T08:00:00+02:00,735631200000,,0,0,G,,corrected-archive-csv
162860,Luleå-Kallax Flygplats,13,Rådande väder,"momentanvärde, 1 gång/tim resp 8 gånger/dygn",kod,1993-04-24T09:00:00Z,1993-04-24T11:00:00+02:00,735642000000,,0,0,G,,corrected-archive-csv
162860,Luleå-Kallax Flygplats,13,Rådande väder,"momentanvärde, 1 gång/tim resp 8 gånger/dygn",kod,1993-04-24T12:00:00Z,1993-04-24T14:00:00+02:00,735652800000,,0,0,G,,corrected-archive-csv
162860,Luleå-Kallax Flygplats,13,Rådande väder,"momentanvärde, 1 gång/tim resp 8 gånger/dygn",kod,1993-04-24T15:00:00Z,1993-04-24T17:00:00+02:00,735663600000,,40,40,G,,corrected-archive-csv
162860,Luleå-Kallax Flygplats,13,Rådande väder,"momentanvärde, 1 gång/tim resp 8 gånger/dygn",kod,1993-04-24T16:00:00Z,1993-04-24T18:00:00+02:00,735667200000,,40,40,Y,,corrected-archive-csv
162860,Luleå-Kallax Flygplats,13,Rådande väder,"momentanvärde, 1 gång/tim resp 8 gånger/dygn",kod,1993-04-24T17:00:00Z,1993-04-24T19:00:00+02:00,735670800000,,46,46,Y,,corrected-archive-csv
162860,Luleå-Kallax Flygplats,13,Rådande väder,"momentanvärde, 1 gång/tim resp 8 gånger/dygn",kod,1993-04-24T18:00:00Z,1993-04-24T20:00:00+02:00,735674400000,,44,44,G,,corrected-archive-csv
162860,Luleå-Kallax Flygplats,13,Rådande väder,"momentanvärde, 1 gång/tim resp 8 gånger/dygn",kod,1993-04-24T19:00:00Z,1993-04-24T21:00:00+02:00,735678000000,,45,45,Y,,corrected-archive-csv
162860,Luleå-Kallax Flygplats,13,Rådande väder,"momentanvärde, 1 gång/tim resp 8 gånger/dygn",kod,1993-04-24T20:00:00Z,1993-04-24T22:00:00+02:00,735681600000,,45,45,Y,,corrected-archive-csv
162860,Luleå-Kallax Flygplats,13,Rådande väder,"momentanvärde, 1 gång/tim resp 8 gånger/dygn",kod,1993-04-24T21:00:00Z,1993-04-24T23:00:00+02:00,735685200000,,45,45,G,,corrected-archive-csv
162860,Luleå-Kallax Flygplats,13,Rådande väder,"momentanvärde, 1 gång/tim resp 8 gånger/dygn",kod,1993-04-24T22:00:00Z,1993-04-25T00:00:00+02:00,735688800000,,45,45,Y,,corrected-archive-csv
162860,Luleå-Kallax Flygplats,13,Rådande väder,"momentanvärde, 1 gång/tim resp 8 gånger/dygn",kod,1993-04-24T23:00:00Z,1993-04-25T01:00:00+02:00,735692400000,,45,45,Y,,corrected-archive-csv
162860,Luleå-Kallax Flygplats,13,Rådande väder,"momentanvärde, 1 gång/tim resp 8 gånger/dygn",kod,1993-04-25T00:00:00Z,1993-04-25T02:00:00+02:00,735696000000,,45,45,G,,corrected-archive-csv
162860,Luleå-Kallax Flygplats,13,Rådande väder,"momentanvärde, 1 gång/tim resp 8 gånger/dygn",kod,1993-04-25T01:00:00Z,1993-04-25T03:00:00+02:00,735699600000,,45,45,Y,,corrected-archive-csv
162860,Luleå-Kallax Flygplats,13,Rådande väder,"momentanvärde, 1 gång/tim resp 8 gånger/dygn",kod,1993-04-25T02:00:00Z,1993-04-25T04:00:00+02:00,735703200000,,45,45,Y,,corrected-archive-csv
162860,Luleå-Kallax Flygplats,13,Rådande väder,"momentanvärde, 1 gång/tim resp 8 gånger/dygn",kod,1993-04-25T03:00:00Z,1993-04-25T05:00:00+02:00,735706800000,,45,45,G,,corrected-archive-csv
162860,Luleå-Kallax Flygplats,13,Rådande väder,"momentanvärde, 1 gång/tim resp 8 gånger/dygn",kod,1993-04-25T04:00:00Z,1993-04-25T06:00:00+02:00,735710400000,,45,45,Y,,corrected-archive-csv
162860,Luleå-Kallax Flygplats,13,Rådande väder,"momentanvärde, 1 gång/tim resp 8 gånger/dygn",kod,1993-04-25T05:00:00Z,1993-04-25T07:00:00+02:00,735714000000,,45,45,Y,,corrected-archive-csv
162860,Luleå-Kallax Flygplats,13,Rådande väder,"momentanvärde, 1 gång/tim resp 8 gånger/dygn",kod,1993-04-25T06:00:00Z,1993-04-25T08:00:00+02:00,735717600000,,45,45,G,,corrected-archive-csv
162860,Luleå-Kallax Flygplats,13,Rådande väder,"momentanvärde, 1 gång/tim resp 8 gånger/dygn",kod,1993-04-25T07:00:00Z,1993-04-25T09:00:00+02:00,735721200000,,45,45,Y,,corrected-archive-csv
162860,Luleå-Kallax Flygplats,13,Rådande väder,"momentanvärde, 1 gång/tim resp 8 gånger/dygn",kod,1993-04-25T08:00:00Z,1993-04-25T10:00:00+02:00,735724800000,,45,45,Y,,corrected-archive-csv
162860,Luleå-Kallax Flygplats,13,Rådande väder,"momentanvärde, 1 gång/tim resp 8 gånger/dygn",kod,1993-04-25T09:00:00Z,1993-04-25T11:00:00+02:00,735728400000,,45,45,G,,corrected-archive-csv
162860,Luleå-Kallax Flygplats,13,Rådande väder,"momentanvärde, 1 gång/tim resp 8 gånger/dygn",kod,1993-04-25T10:00:00Z,1993-04-25T12:00:00+02:00,735732000000,,45,45,Y,,corrected-archive-csv
162860,Luleå-Kallax Flygplats,13,Rådande väder,"momentanvärde, 1 gång/tim resp 8 gånger/dygn",kod,1993-04-25T11:00:00Z,1993-04-25T13:00:00+02:00,735735600000,,45,45,Y,,corrected-archive-csv
162860,Luleå-Kallax Flygplats,13,Rådande väder,"momentanvärde, 1 gång/tim resp 8 gånger/dygn",kod,1993-04-25T12:00:00Z,1993-04-25T14:00:00+02:00,735739200000,,10,10,G,,corrected-archive-csv
162860,Luleå-Kallax Flygplats,13,Rådande väder,"momentanvärde, 1 gång/tim resp 8 gånger/dygn",kod,1993-04-25T13:00:00Z,1993-04-25T15:00:00+02:00,735742800000,,40,40,Y,,corrected-archive-csv
162860,Luleå-Kallax Flygplats,13,Rådande väder,"momentanvärde, 1 gång/tim resp 8 gånger/dygn",kod,1993-04-25T14:00:00Z,1993-04-25T16:00:00+02:00,735746400000,,40,40,Y,,corrected-archive-csv
162860,Luleå-Kallax Flygplats,13,Rådande väder,"momentanvärde, 1 gång/tim resp 8 gånger/dygn",kod,1993-04-25T15:00:00Z,1993-04-25T17:00:00+02:00,735750000000,,40,40,G,,corrected-archive-csv
162860,Luleå-Kallax Flygplats,13,Rådande väder,"momentanvärde, 1 gång/tim resp 8 gånger/dygn",kod,1993-04-25T16:00:00Z,1993-04-25T18:00:00+02:00,735753600000,,3,3,Y,,corrected-archive-csv
162860,Luleå-Kallax Flygplats,13,Rådande väder,"momentanvärde, 1 gång/tim resp 8 gånger/dygn",kod,1993-04-25T17:00:00Z,1993-04-25T19:00:00+02:00,735757200000,,2,2,Y,,corrected-archive-csv
162860,Luleå-Kallax Flygplats,13,Rådande väder,"momentanvärde, 1 gång/tim resp 8 gånger/dygn",kod,1993-04-25T18:00:00Z,1993-04-25T20:00:00+02:00,735760800000,,2,2,G,,corrected-archive-csv
162860,Luleå-Kallax Flygplats,13,Rådande väder,"momentanvärde, 1 gång/tim resp 8 gånger/dygn",kod,1993-04-25T20:00:00Z,1993-04-25T22:00:00+02:00,735768000000,,25,25,Y,,corrected-archive-csv
162860,Luleå-Kallax Flygplats,13,Rådande väder,"momentanvärde, 1 gång/tim resp 8 gånger/dygn",kod,1993-04-25T21:00:00Z,1993-04-25T23:00:00+02:00,735771600000,,2,2,G,,corrected-archive-csv
162860,Luleå-Kallax Flygplats,13,Rådande väder,"momentanvärde, 1 gång/tim resp 8 gånger/dygn",kod,1993-04-25T22:00:00Z,1993-04-26T00:00:00+02:00,735775200000,,2,2,Y,,corrected-archive-csv
162860,Luleå-Kallax Flygplats,13,Rådande väder,"momentanvärde, 1 gång/tim resp 8 gånger/dygn",kod,1993-04-25T23:00:00Z,1993-04-26T01:00:00+02:00,735778800000,,62,62,Y,,corrected-archive-csv
162860,Luleå-Kallax Flygplats,13,Rådande väder,"momentanvärde, 1 gång/tim resp 8 gånger/dygn",kod,1993-04-26T00:00:00Z,1993-04-26T02:00:00+02:00,735782400000,,60,60,G,,corrected-archive-csv
162860,Luleå-Kallax Flygplats,13,Rådande väder,"momentanvärde, 1 gång/tim resp 8 gånger/dygn",kod,1993-04-26T01:00:00Z,1993-04-26T03:00:00+02:00,735786000000,,60,60,Y,,corrected-archive-csv
162860,Luleå-Kallax Flygplats,13,Rådande väder,"momentanvärde, 1 gång/tim resp 8 gånger/dygn",kod,1993-04-26T02:00:00Z,1993-04-26T04:00:00+02:00,735789600000,,1,1,Y,,corrected-archive-csv
162860,Luleå-Kallax Flygplats,13,Rådande väder,"momentanvärde, 1 gång/tim resp 8 gånger/dygn",kod,1993-04-26T03:00:00Z,1993-04-26T05:00:00+02:00,735793200000,,1,1,G,,corrected-archive-csv
162860,Luleå-Kallax Flygplats,13,Rådande väder,"momentanvärde, 1 gång/tim resp 8 gånger/dygn",kod,1993-04-26T04:00:00Z,1993-04-26T06:00:00+02:00,735796800000,,1,1,Y,,corrected-archive-csv
162860,Luleå-Kallax Flygplats,13,Rådande väder,"momentanvärde, 1 gång/tim resp 8 gånger/dygn",kod,1993-04-26T05:00:00Z,1993-04-26T07:00:00+02:00,735800400000,,1,1,Y,,corrected-archive-csv
162860,Luleå-Kallax Flygplats,13,Rådande väder,"momentanvärde, 1 gång/tim resp 8 gånger/dygn",kod,1993-04-26T06:00:00Z,1993-04-26T08:00:00+02:00,735804000000,,0,0,G,,corrected-archive-csv
162860,Luleå-Kallax Flygplats,13,Rådande väder,"momentanvärde, 1 gång/tim resp 8 gånger/dygn",kod,1993-04-26T09:00:00Z,1993-04-26T11:00:00+02:00,735814800000,,0,0,G,,corrected-archive-csv
162860,Luleå-Kallax Flygplats,13,Rådande väder,"momentanvärde, 1 gång/tim resp 8 gånger/dygn",kod,1993-04-26T12:00:00Z,1993-04-26T14:00:00+02:00,735825600000,,0,0,G,,corrected-archive-csv
162860,Luleå-Kallax Flygplats,13,Rådande väder,"momentanvärde, 1 gång/tim resp 8 gånger/dygn",kod,1993-04-26T15:00:00Z,1993-04-26T17:00:00+02:00,735836400000,,0,0,G,,corrected-archive-csv
162860,Luleå-Kallax Flygplats,13,Rådande väder,"momentanvärde, 1 gång/tim resp 8 gånger/dygn",kod,1993-04-26T18:00:00Z,1993-04-26T20:00:00+02:00,735847200000,,0,0,G,,corrected-archive-csv
162860,Luleå-Kallax Flygplats,13,Rådande väder,"momentanvärde, 1 gång/tim resp 8 gånger/dygn",kod,1993-04-26T21:00:00Z,1993-04-26T23:00:00+02:00,735858000000,,0,0,G,,corrected-archive-csv
162860,Luleå-Kallax Flygplats,13,Rådande väder,"momentanvärde, 1 gång/tim resp 8 gånger/dygn",kod,1993-04-27T00:00:00Z,1993-04-27T02:00:00+02:00,735868800000,,0,0,G,,corrected-archive-csv
162860,Luleå-Kallax Flygplats,13,Rådande väder,"momentanvärde, 1 gång/tim resp 8 gånger/dygn",kod,1993-04-27T03:00:00Z,1993-04-27T05:00:00+02:00,735879600000,,0,0,G,,corrected-archive-csv
162860,Luleå-Kallax Flygplats,13,Rådande väder,"momentanvärde, 1 gång/tim resp 8 gånger/dygn",kod,1993-04-27T06:00:00Z,1993-04-27T08:00:00+02:00,735890400000,,0,0,G,,corrected-archive-csv
162860,Luleå-Kallax Flygplats,13,Rådande väder,"momentanvärde, 1 gång/tim resp 8 gånger/dygn",kod,1993-04-27T09:00:00Z,1993-04-27T11:00:00+02:00,735901200000,,0,0,G,,corrected-archive-csv
162860,Luleå-Kallax Flygplats,13,Rådande väder,"momentanvärde, 1 gång/tim resp 8 gånger/dygn",kod,1993-04-27T12:00:00Z,1993-04-27T14:00:00+02:00,735912000000,,0,0,G,,corrected-archive-csv
162860,Luleå-Kallax Flygplats,13,Rådande väder,"momentanvärde, 1 gång/tim resp 8 gånger/dygn",kod,1993-04-27T15:00:00Z,1993-04-27T17:00:00+02:00,735922800000,,0,0,G,,corrected-archive-csv
162860,Luleå-Kallax Flygplats,13,Rådande väder,"momentanvärde, 1 gång/tim resp 8 gånger/dygn",kod,1993-04-27T18:00:00Z,1993-04-27T20:00:00+02:00,735933600000,,0,0,G,,corrected-archive-csv
162860,Luleå-Kallax Flygplats,13,Rådande väder,"momentanvärde, 1 gång/tim resp 8 gånger/dygn",kod,1993-04-27T21:00:00Z,1993-04-27T23:00:00+02:00,735944400000,,0,0,G,,corrected-archive-csv
162860,Luleå-Kallax Flygplats,13,Rådande väder,"momentanvärde, 1 gång/tim resp 8 gånger/dygn",kod,1993-04-28T00:00:00Z,1993-04-28T02:00:00+02:00,735955200000,,0,0,G,,corrected-archive-csv
162860,Luleå-Kallax Flygplats,13,Rådande väder,"momentanvärde, 1 gång/tim resp 8 gånger/dygn",kod,1993-04-28T03:00:00Z,1993-04-28T05:00:00+02:00,735966000000,,0,0,G,,corrected-archive-csv
162860,Luleå-Kallax Flygplats,13,Rådande väder,"momentanvärde, 1 gång/tim resp 8 gånger/dygn",kod,1993-04-28T06:00:00Z,1993-04-28T08:00:00+02:00,735976800000,,0,0,G,,corrected-archive-csv
162860,Luleå-Kallax Flygplats,13,Rådande väder,"momentanvärde, 1 gång/tim resp 8 gånger/dygn",kod,1993-04-28T09:00:00Z,1993-04-28T11:00:00+02:00,735987600000,,0,0,G,,corrected-archive-csv
162860,Luleå-Kallax Flygplats,13,Rådande väder,"momentanvärde, 1 gång/tim resp 8 gånger/dygn",kod,1993-04-28T12:00:00Z,1993-04-28T14:00:00+02:00,735998400000,,0,0,G,,corrected-archive-csv
162860,Luleå-Kallax Flygplats,13,Rådande väder,"momentanvärde, 1 gång/tim resp 8 gånger/dygn",kod,1993-04-28T15:00:00Z,1993-04-28T17:00:00+02:00,736009200000,,0,0,G,,corrected-archive-csv
162860,Luleå-Kallax Flygplats,13,Rådande väder,"momentanvärde, 1 gång/tim resp 8 gånger/dygn",kod,1993-04-28T18:00:00Z,1993-04-28T20:00:00+02:00,736020000000,,0,0,G,,corrected-archive-csv
162860,Luleå-Kallax Flygplats,13,Rådande väder,"momentanvärde, 1 gång/tim resp 8 gånger/dygn",kod,1993-04-28T21:00:00Z,1993-04-28T23:00:00+02:00,736030800000,,0,0,G,,corrected-archive-csv
162860,Luleå-Kallax Flygplats,13,Rådande väder,"momentanvärde, 1 gång/tim resp 8 gånger/dygn",kod,1993-04-29T00:00:00Z,1993-04-29T02:00:00+02:00,736041600000,,0,0,G,,corrected-archive-csv
162860,Luleå-Kallax Flygplats,13,Rådande väder,"momentanvärde, 1 gång/tim resp 8 gånger/dygn",kod,1993-04-29T03:00:00Z,1993-04-29T05:00:00+02:00,736052400000,,0,0,G,,corrected-archive-csv
162860,Luleå-Kallax Flygplats,13,Rådande väder,"momentanvärde, 1 gång/tim resp 8 gånger/dygn",kod,1993-04-29T06:00:00Z,1993-04-29T08:00:00+02:00,736063200000,,0,0,G,,corrected-archive-csv
162860,Luleå-Kallax Flygplats,13,Rådande väder,"momentanvärde, 1 gång/tim resp 8 gånger/dygn",kod,1993-04-29T09:00:00Z,1993-04-29T11:00:00+02:00,736074000000,,0,0,G,,corrected-archive-csv
162860,Luleå-Kallax Flygplats,13,Rådande väder,"momentanvärde, 1 gång/tim resp 8 gånger/dygn",kod,1993-04-29T12:00:00Z,1993-04-29T14:00:00+02:00,736084800000,,0,0,G,,corrected-archive-csv
162860,Luleå-Kallax Flygplats,13,Rådande väder,"momentanvärde, 1 gång/tim resp 8 gånger/dygn",kod,1993-04-29T15:00:00Z,1993-04-29T17:00:00+02:00,736095600000,,0,0,G,,corrected-archive-csv
162860,Luleå-Kallax Flygplats,13,Rådande väder,"momentanvärde, 1 gång/tim resp 8 gånger/dygn",kod,1993-04-29T18:00:00Z,1993-04-29T20:00:00+02:00,736106400000,,0,0,G,,corrected-archive-csv
162860,Luleå-Kallax Flygplats,13,Rådande väder,"momentanvärde, 1 gång/tim resp 8 gånger/dygn",kod,1993-04-29T21:00:00Z,1993-04-29T23:00:00+02:00,736117200000,,0,0,G,,corrected-archive-csv
162860,Luleå-Kallax Flygplats,13,Rådande väder,"momentanvärde, 1 gång/tim resp 8 gånger/dygn",kod,1993-04-30T00:00:00Z,1993-04-30T02:00:00+02:00,736128000000,,0,0,G,,corrected-archive-csv
162860,Luleå-Kallax Flygplats,13,Rådande väder,"momentanvärde, 1 gång/tim resp 8 gånger/dygn",kod,1993-04-30T03:00:00Z,1993-04-30T05:00:00+02:00,736138800000,,0,0,G,,corrected-archive-csv
162860,Luleå-Kallax Flygplats,13,Rådande väder,"momentanvärde, 1 gång/tim resp 8 gånger/dygn",kod,1993-04-30T06:00:00Z,1993-04-30T08:00:00+02:00,736149600000,,0,0,G,,corrected-archive-csv
162860,Luleå-Kallax Flygplats,13,Rådande väder,"momentanvärde, 1 gång/tim resp 8 gånger/dygn",kod,1993-04-30T09:00:00Z,1993-04-30T11:00:00+02:00,736160400000,,0,0,G,,corrected-archive-csv
162860,Luleå-Kallax Flygplats,13,Rådande väder,"momentanvärde, 1 gång/tim resp 8 gånger/dygn",kod,1993-04-30T12:00:00Z,1993-04-30T14:00:00+02:00,736171200000,,0,0,G,,corrected-archive-csv
162860,Luleå-Kallax Flygplats,13,Rådande väder,"momentanvärde, 1 gång/tim resp 8 gånger/dygn",kod,1993-04-30T15:00:00Z,1993-04-30T17:00:00+02:00,736182000000,,0,0,G,,corrected-archive-csv
162860,Luleå-Kallax Flygplats,13,Rådande väder,"momentanvärde, 1 gång/tim resp 8 gånger/dygn",kod,1993-04-30T18:00:00Z,1993-04-30T20:00:00+02:00,736192800000,,0,0,G,,corrected-archive-csv
162860,Luleå-Kallax Flygplats,13,Rådande väder,"momentanvärde, 1 gång/tim resp 8 gånger/dygn",kod,1993-04-30T21:00:00Z,1993-04-30T23:00:00+02:00,736203600000,,0,0,G,,corrected-archive-csv
162860,Luleå-Kallax Flygplats,13,Rådande väder,"momentanvärde, 1 gång/tim resp 8 gånger/dygn",kod,1993-05-01T03:00:00Z,1993-05-01T05:00:00+02:00,736225200000,,0,0,G,,corrected-archive-csv
162860,Luleå-Kallax Flygplats,13,Rådande väder,"momentanvärde, 1 gång/tim resp 8 gånger/dygn",kod,1993-05-01T06:00:00Z,1993-05-01T08:00:00+02:00,736236000000,,0,0,G,,corrected-archive-csv
162860,Luleå-Kallax Flygplats,13,Rådande väder,"momentanvärde, 1 gång/tim resp 8 gånger/dygn",kod,1993-05-01T09:00:00Z,1993-05-01T11:00:00+02:00,736246800000,,0,0,G,,corrected-archive-csv
162860,Luleå-Kallax Flygplats,13,Rådande väder,"momentanvärde, 1 gång/tim resp 8 gånger/dygn",kod,1993-05-01T12:00:00Z,1993-05-01T14:00:00+02:00,736257600000,,0,0,G,,corrected-archive-csv
162860,Luleå-Kallax Flygplats,13,Rådande väder,"momentanvärde, 1 gång/tim resp 8 gånger/dygn",kod,1993-05-01T15:00:00Z,1993-05-01T17:00:00+02:00,736268400000,,0,0,G,,corrected-archive-csv
162860,Luleå-Kallax Flygplats,13,Rådande väder,"momentanvärde, 1 gång/tim resp 8 gånger/dygn",kod,1993-05-01T18:00:00Z,1993-05-01T20:00:00+02:00,736279200000,,0,0,G,,corrected-archive-csv
162860,Luleå-Kallax Flygplats,13,Rådande väder,"momentanvärde, 1 gång/tim resp 8 gånger/dygn",kod,1993-05-01T21:00:00Z,1993-05-01T23:00:00+02:00,736290000000,,0,0,G,,corrected-archive-csv
162860,Luleå-Kallax Flygplats,13,Rådande väder,"momentanvärde, 1 gång/tim resp 8 gånger/dygn",kod,1993-05-02T00:00:00Z,1993-05-02T02:00:00+02:00,736300800000,,0,0,G,,corrected-archive-csv
162860,Luleå-Kallax Flygplats,13,Rådande väder,"momentanvärde, 1 gång/tim resp 8 gånger/dygn",kod,1993-05-02T03:00:00Z,1993-05-02T05:00:00+02:00,736311600000,,0,0,G,,corrected-archive-csv
162860,Luleå-Kallax Flygplats,13,Rådande väder,"momentanvärde, 1 gång/tim resp 8 gånger/dygn",kod,1993-05-02T06:00:00Z,1993-05-02T08:00:00+02:00,736322400000,,0,0,G,,corrected-archive-csv
162860,Luleå-Kallax Flygplats,13,Rådande väder,"momentanvärde, 1 gång/tim resp 8 gånger/dygn",kod,1993-05-02T09:00:00Z,1993-05-02T11:00:00+02:00,736333200000,,0,0,G,,corrected-archive-csv
162860,Luleå-Kallax Flygplats,13,Rådande väder,"momentanvärde, 1 gång/tim resp 8 gånger/dygn",kod,1993-05-02T12:00:00Z,1993-05-02T14:00:00+02:00,736344000000,,0,0,G,,corrected-archive-csv
162860,Luleå-Kallax Flygplats,13,Rådande väder,"momentanvärde, 1 gång/tim resp 8 gånger/dygn",kod,1993-05-02T15:00:00Z,1993-05-02T17:00:00+02:00,736354800000,,0,0,G,,corrected-archive-csv
162860,Luleå-Kallax Flygplats,13,Rådande väder,"momentanvärde, 1 gång/tim resp 8 gånger/dygn",kod,1993-05-02T18:00:00Z,1993-05-02T20:00:00+02:00,736365600000,,0,0,G,,corrected-archive-csv
162860,Luleå-Kallax Flygplats,13,Rådande väder,"momentanvärde, 1 gång/tim resp 8 gånger/dygn",kod,1993-05-02T21:00:00Z,1993-05-02T23:00:00+02:00,736376400000,,0,0,G,,corrected-archive-csv
162860,Luleå-Kallax Flygplats,13,Rådande väder,"momentanvärde, 1 gång/tim resp 8 gånger/dygn",kod,1993-05-03T00:00:00Z,1993-05-03T02:00:00+02:00,736387200000,,0,0,G,,corrected-archive-csv
162860,Luleå-Kallax Flygplats,13,Rådande väder,"momentanvärde, 1 gång/tim resp 8 gånger/dygn",kod,1993-05-03T03:00:00Z,1993-05-03T05:00:00+02:00,736398000000,,0,0,G,,corrected-archive-csv
162860,Luleå-Kallax Flygplats,13,Rådande väder,"momentanvärde, 1 gång/tim resp 8 gånger/dygn",kod,1993-05-03T06:00:00Z,1993-05-03T08:00:00+02:00,736408800000,,0,0,G,,corrected-archive-csv
162860,Luleå-Kallax Flygplats,13,Rådande väder,"momentanvärde, 1 gång/tim resp 8 gånger/dygn",kod,1993-05-03T09:00:00Z,1993-05-03T11:00:00+02:00,736419600000,,0,0,G,,corrected-archive-csv
162860,Luleå-Kallax Flygplats,13,Rådande väder,"momentanvärde, 1 gång/tim resp 8 gånger/dygn",kod,1993-05-03T12:00:00Z,1993-05-03T14:00:00+02:00,736430400000,,0,0,G,,corrected-archive-csv
162860,Luleå-Kallax Flygplats,13,Rådande väder,"momentanvärde, 1 gång/tim resp 8 gånger/dygn",kod,1993-05-03T15:00:00Z,1993-05-03T17:00:00+02:00,736441200000,,0,0,G,,corrected-archive-csv
162860,Luleå-Kallax Flygplats,13,Rådande väder,"momentanvärde, 1 gång/tim resp 8 gånger/dygn",kod,1993-05-03T18:00:00Z,1993-05-03T20:00:00+02:00,736452000000,,0,0,G,,corrected-archive-csv
162860,Luleå-Kallax Flygplats,13,Rådande väder,"momentanvärde, 1 gång/tim resp 8 gånger/dygn",kod,1993-05-03T21:00:00Z,1993-05-03T23:00:00+02:00,736462800000,,0,0,G,,corrected-archive-csv
162860,Luleå-Kallax Flygplats,13,Rådande väder,"momentanvärde, 1 gång/tim resp 8 gånger/dygn",kod,1993-05-04T00:00:00Z,1993-05-04T02:00:00+02:00,736473600000,,0,0,G,,corrected-archive-csv
162860,Luleå-Kallax Flygplats,13,Rådande väder,"momentanvärde, 1 gång/tim resp 8 gånger/dygn",kod,1993-05-04T03:00:00Z,1993-05-04T05:00:00+02:00,736484400000,,61,61,G,,corrected-archive-csv
162860,Luleå-Kallax Flygplats,13,Rådande väder,"momentanvärde, 1 gång/tim resp 8 gånger/dygn",kod,1993-05-04T04:00:00Z,1993-05-04T06:00:00+02:00,736488000000,,21,21,Y,,corrected-archive-csv
162860,Luleå-Kallax Flygplats,13,Rådande väder,"momentanvärde, 1 gång/tim resp 8 gånger/dygn",kod,1993-05-04T05:00:00Z,1993-05-04T07:00:00+02:00,736491600000,,61,61,Y,,corrected-archive-csv
162860,Luleå-Kallax Flygplats,13,Rådande väder,"momentanvärde, 1 gång/tim resp 8 gånger/dygn",kod,1993-05-04T06:00:00Z,1993-05-04T08:00:00+02:00,736495200000,,61,61,G,,corrected-archive-csv
162860,Luleå-Kallax Flygplats,13,Rådande väder,"momentanvärde, 1 gång/tim resp 8 gånger/dygn",kod,1993-05-04T07:00:00Z,1993-05-04T09:00:00+02:00,736498800000,,61,61,Y,,corrected-archive-csv
162860,Luleå-Kallax Flygplats,13,Rådande väder,"momentanvärde, 1 gång/tim resp 8 gånger/dygn",kod,1993-05-04T08:00:00Z,1993-05-04T10:00:00+02:00,736502400000,,2,2,Y,,corrected-archive-csv
162860,Luleå-Kallax Flygplats,13,Rådande väder,"momentanvärde, 1 gång/tim resp 8 gånger/dygn",kod,1993-05-04T09:00:00Z,1993-05-04T11:00:00+02:00,736506000000,,3,3,G,,corrected-archive-csv
162860,Luleå-Kallax Flygplats,13,Rådande väder,"momentanvärde, 1 gång/tim resp 8 gånger/dygn",kod,1993-05-04T10:00:00Z,1993-05-04T12:00:00+02:00,736509600000,,3,3,Y,,corrected-archive-csv
162860,Luleå-Kallax Flygplats,13,Rådande väder,"momentanvärde, 1 gång/tim resp 8 gånger/dygn",kod,1993-05-04T11:00:00Z,1993-05-04T13:00:00+02:00,736513200000,,2,2,Y,,corrected-archive-csv
162860,Luleå-Kallax Flygplats,13,Rådande väder,"momentanvärde, 1 gång/tim resp 8 gånger/dygn",kod,1993-05-04T12:00:00Z,1993-05-04T14:00:00+02:00,736516800000,,2,2,G,,corrected-archive-csv
162860,Luleå-Kallax Flygplats,13,Rådande väder,"momentanvärde, 1 gång/tim resp 8 gånger/dygn",kod,1993-05-04T15:00:00Z,1993-05-04T17:00:00+02:00,736527600000,,0,0,G,,corrected-archive-csv
162860,Luleå-Kallax Flygplats,13,Rådande väder,"momentanvärde, 1 gång/tim resp 8 gånger/dygn",kod,1993-05-04T18:00:00Z,1993-05-04T20:00:00+02:00,736538400000,,0,0,G,,corrected-archive-csv
162860,Luleå-Kallax Flygplats,13,Rådande väder,"momentanvärde, 1 gång/tim resp 8 gånger/dygn",kod,1993-05-04T21:00:00Z,1993-05-04T23:00:00+02:00,736549200000,,0,0,G,,corrected-archive-csv
162860,Luleå-Kallax Flygplats,13,Rådande väder,"momentanvärde, 1 gång/tim resp 8 gånger/dygn",kod,1993-05-05T00:00:00Z,1993-05-05T02:00:00+02:00,736560000000,,0,0,G,,corrected-archive-csv
162860,Luleå-Kallax Flygplats,13,Rådande väder,"momentanvärde, 1 gång/tim resp 8 gånger/dygn",kod,1993-05-05T03:00:00Z,1993-05-05T05:00:00+02:00,736570800000,,0,0,G,,corrected-archive-csv
162860,Luleå-Kallax Flygplats,13,Rådande väder,"momentanvärde, 1 gång/tim resp 8 gånger/dygn",kod,1993-05-05T06:00:00Z,1993-05-05T08:00:00+02:00,736581600000,,0,0,G,,corrected-archive-csv
162860,Luleå-Kallax Flygplats,13,Rådande väder,"momentanvärde, 1 gång/tim resp 8 gånger/dygn",kod,1993-05-05T09:00:00Z,1993-05-05T11:00:00+02:00,736592400000,,0,0,G,,corrected-archive-csv
162860,Luleå-Kallax Flygplats,13,Rådande väder,"momentanvärde, 1 gång/tim resp 8 gånger/dygn",kod,1993-05-05T12:00:00Z,1993-05-05T14:00:00+02:00,736603200000,,0,0,G,,corrected-archive-csv
162860,Luleå-Kallax Flygplats,13,Rådande väder,"momentanvärde, 1 gång/tim resp 8 gånger/dygn",kod,1993-05-05T15:00:00Z,1993-05-05T17:00:00+02:00,736614000000,,0,0,G,,corrected-archive-csv
162860,Luleå-Kallax Flygplats,13,Rådande väder,"momentanvärde, 1 gång/tim resp 8 gånger/dygn",kod,1993-05-05T18:00:00Z,1993-05-05T20:00:00+02:00,736624800000,,0,0,G,,corrected-archive-csv
162860,Luleå-Kallax Flygplats,13,Rådande väder,"momentanvärde, 1 gång/tim resp 8 gånger/dygn",kod,1993-05-05T21:00:00Z,1993-05-05T23:00:00+02:00,736635600000,,0,0,G,,corrected-archive-csv
162860,Luleå-Kallax Flygplats,13,Rådande väder,"momentanvärde, 1 gång/tim resp 8 gånger/dygn",kod,1993-05-06T00:00:00Z,1993-05-06T02:00:00+02:00,736646400000,,0,0,G,,corrected-archive-csv
162860,Luleå-Kallax Flygplats,13,Rådande väder,"momentanvärde, 1 gång/tim resp 8 gånger/dygn",kod,1993-05-06T02:00:00Z,1993-05-06T04:00:00+02:00,736653600000,,10,10,Y,,corrected-archive-csv
162860,Luleå-Kallax Flygplats,13,Rådande väder,"momentanvärde, 1 gång/tim resp 8 gånger/dygn",kod,1993-05-06T03:00:00Z,1993-05-06T05:00:00+02:00,736657200000,,2,2,G,,corrected-archive-csv
162860,Luleå-Kallax Flygplats,13,Rådande väder,"momentanvärde, 1 gång/tim resp 8 gånger/dygn",kod,1993-05-06T04:00:00Z,1993-05-06T06:00:00+02:00,736660800000,,2,2,Y,,corrected-archive-csv
162860,Luleå-Kallax Flygplats,13,Rådande väder,"momentanvärde, 1 gång/tim resp 8 gånger/dygn",kod,1993-05-06T05:00:00Z,1993-05-06T07:00:00+02:00,736664400000,,2,2,Y,,corrected-archive-csv
162860,Luleå-Kallax Flygplats,13,Rådande väder,"momentanvärde, 1 gång/tim resp 8 gånger/dygn",kod,1993-05-06T06:00:00Z,1993-05-06T08:00:00+02:00,736668000000,,0,0,G,,corrected-archive-csv
162860,Luleå-Kallax Flygplats,13,Rådande väder,"momentanvärde, 1 gång/tim resp 8 gånger/dygn",kod,1993-05-06T07:00:00Z,1993-05-06T09:00:00+02:00,736671600000,,61,61,Y,,corrected-archive-csv
162860,Luleå-Kallax Flygplats,13,Rådande väder,"momentanvärde, 1 gång/tim resp 8 gånger/dygn",kod,1993-05-06T08:00:00Z,1993-05-06T10:00:00+02:00,736675200000,,21,21,Y,,corrected-archive-csv
162860,Luleå-Kallax Flygplats,13,Rådande väder,"momentanvärde, 1 gång/tim resp 8 gånger/dygn",kod,1993-05-06T09:00:00Z,1993-05-06T11:00:00+02:00,736678800000,,61,61,G,,corrected-archive-csv
162860,Luleå-Kallax Flygplats,13,Rådande väder,"momentanvärde, 1 gång/tim resp 8 gånger/dygn",kod,1993-05-06T10:00:00Z,1993-05-06T12:00:00+02:00,736682400000,,21,21,Y,,corrected-archive-csv
162860,Luleå-Kallax Flygplats,13,Rådande väder,"momentanvärde, 1 gång/tim resp 8 gånger/dygn",kod,1993-05-06T11:00:00Z,1993-05-06T13:00:00+02:00,736686000000,,3,3,Y,,corrected-archive-csv
162860,Luleå-Kallax Flygplats,13,Rådande väder,"momentanvärde, 1 gång/tim resp 8 gånger/dygn",kod,1993-05-06T12:00:00Z,1993-05-06T14:00:00+02:00,736689600000,,2,2,G,,corrected-archive-csv
162860,Luleå-Kallax Flygplats,13,Rådande väder,"momentanvärde, 1 gång/tim resp 8 gånger/dygn",kod,1993-05-06T15:00:00Z,1993-05-06T17:00:00+02:00,736700400000,,0,0,G,,corrected-archive-csv
162860,Luleå-Kallax Flygplats,13,Rådande väder,"momentanvärde, 1 gång/tim resp 8 gånger/dygn",kod,1993-05-06T18:00:00Z,1993-05-06T20:00:00+02:00,736711200000,,0,0,G,,corrected-archive-csv
162860,Luleå-Kallax Flygplats,13,Rådande väder,"momentanvärde, 1 gång/tim resp 8 gånger/dygn",kod,1993-05-06T21:00:00Z,1993-05-06T23:00:00+02:00,736722000000,,0,0,G,,corrected-archive-csv
162860,Luleå-Kallax Flygplats,13,Rådande väder,"momentanvärde, 1 gång/tim resp 8 gånger/dygn",kod,1993-05-07T00:00:00Z,1993-05-07T02:00:00+02:00,736732800000,,0,0,G,,corrected-archive-csv
162860,Luleå-Kallax Flygplats,13,Rådande väder,"momentanvärde, 1 gång/tim resp 8 gånger/dygn",kod,1993-05-07T01:00:00Z,1993-05-07T03:00:00+02:00,736736400000,,60,60,Y,,corrected-archive-csv
162860,Luleå-Kallax Flygplats,13,Rådande väder,"momentanvärde, 1 gång/tim resp 8 gånger/dygn",kod,1993-05-07T02:00:00Z,1993-05-07T04:00:00+02:00,736740000000,,2,2,Y,,corrected-archive-csv
162860,Luleå-Kallax Flygplats,13,Rådande väder,"momentanvärde, 1 gång/tim resp 8 gånger/dygn",kod,1993-05-07T03:00:00Z,1993-05-07T05:00:00+02:00,736743600000,,2,2,G,,corrected-archive-csv
162860,Luleå-Kallax Flygplats,13,Rådande väder,"momentanvärde, 1 gång/tim resp 8 gånger/dygn",kod,1993-05-07T04:00:00Z,1993-05-07T06:00:00+02:00,736747200000,,2,2,Y,,corrected-archive-csv
162860,Luleå-Kallax Flygplats,13,Rådande väder,"momentanvärde, 1 gång/tim resp 8 gånger/dygn",kod,1993-05-07T05:00:00Z,1993-05-07T07:00:00+02:00,736750800000,,2,2,Y,,corrected-archive-csv
162860,Luleå-Kallax Flygplats,13,Rådande väder,"momentanvärde, 1 gång/tim resp 8 gånger/dygn",kod,1993-05-07T06:00:00Z,1993-05-07T08:00:00+02:00,736754400000,,2,2,G,,corrected-archive-csv
162860,Luleå-Kallax Flygplats,13,Rådande väder,"momentanvärde, 1 gång/tim resp 8 gånger/dygn",kod,1993-05-07T09:00:00Z,1993-05-07T11:00:00+02:00,736765200000,,0,0,G,,corrected-archive-csv
162860,Luleå-Kallax Flygplats,13,Rådande väder,"momentanvärde, 1 gång/tim resp 8 gånger/dygn",kod,1993-05-07T12:00:00Z,1993-05-07T14:00:00+02:00,736776000000,,0,0,G,,corrected-archive-csv
162860,Luleå-Kallax Flygplats,13,Rådande väder,"momentanvärde, 1 gång/tim resp 8 gånger/dygn",kod,1993-05-07T15:00:00Z,1993-05-07T17:00:00+02:00,736786800000,,0,0,G,,corrected-archive-csv
162860,Luleå-Kallax Flygplats,13,Rådande väder,"momentanvärde, 1 gång/tim resp 8 gånger/dygn",kod,1993-05-07T18:00:00Z,1993-05-07T20:00:00+02:00,736797600000,,0,0,G,,corrected-archive-csv
162860,Luleå-Kallax Flygplats,13,Rådande väder,"momentanvärde, 1 gång/tim resp 8 gånger/dygn",kod,1993-05-07T21:00:00Z,1993-05-07T23:00:00+02:00,736808400000,,0,0,G,,corrected-archive-csv
162860,Luleå-Kallax Flygplats,13,Rådande väder,"momentanvärde, 1 gång/tim resp 8 gånger/dygn",kod,1993-05-08T00:00:00Z,1993-05-08T02:00:00+02:00,736819200000,,0,0,G,,corrected-archive-csv
162860,Luleå-Kallax Flygplats,13,Rådande väder,"momentanvärde, 1 gång/tim resp 8 gånger/dygn",kod,1993-05-08T03:00:00Z,1993-05-08T05:00:00+02:00,736830000000,,0,0,G,,corrected-archive-csv
162860,Luleå-Kallax Flygplats,13,Rådande väder,"momentanvärde, 1 gång/tim resp 8 gånger/dygn",kod,1993-05-08T06:00:00Z,1993-05-08T08:00:00+02:00,736840800000,,40,40,G,,corrected-archive-csv
162860,Luleå-Kallax Flygplats,13,Rådande väder,"momentanvärde, 1 gång/tim resp 8 gånger/dygn",kod,1993-05-08T07:00:00Z,1993-05-08T09:00:00+02:00,736844400000,,40,40,Y,,corrected-archive-csv
162860,Luleå-Kallax Flygplats,13,Rådande väder,"momentanvärde, 1 gång/tim resp 8 gånger/dygn",kod,1993-05-08T08:00:00Z,1993-05-08T10:00:00+02:00,736848000000,,40,40,Y,,corrected-archive-csv
162860,Luleå-Kallax Flygplats,13,Rådande väder,"momentanvärde, 1 gång/tim resp 8 gånger/dygn",kod,1993-05-08T09:00:00Z,1993-05-08T11:00:00+02:00,736851600000,,40,40,G,,corrected-archive-csv
162860,Luleå-Kallax Flygplats,13,Rådande väder,"momentanvärde, 1 gång/tim resp 8 gånger/dygn",kod,1993-05-08T10:00:00Z,1993-05-08T12:00:00+02:00,736855200000,,40,40,Y,,corrected-archive-csv
162860,Luleå-Kallax Flygplats,13,Rådande väder,"momentanvärde, 1 gång/tim resp 8 gånger/dygn",kod,1993-05-08T11:00:00Z,1993-05-08T13:00:00+02:00,736858800000,,40,40,Y,,corrected-archive-csv
162860,Luleå-Kallax Flygplats,13,Rådande väder,"momentanvärde, 1 gång/tim resp 8 gånger/dygn",kod,1993-05-08T12:00:00Z,1993-05-08T14:00:00+02:00,736862400000,,3,3,G,,corrected-archive-csv
162860,Luleå-Kallax Flygplats,13,Rådande väder,"momentanvärde, 1 gång/tim resp 8 gånger/dygn",kod,1993-05-08T15:00:00Z,1993-05-08T17:00:00+02:00,736873200000,,0,0,G,,corrected-archive-csv
162860,Luleå-Kallax Flygplats,13,Rådande väder,"momentanvärde, 1 gång/tim resp 8 gånger/dygn",kod,1993-05-08T18:00:00Z,1993-05-08T20:00:00+02:00,736884000000,,0,0,G,,corrected-archive-csv
162860,Luleå-Kallax Flygplats,13,Rådande väder,"momentanvärde, 1 gång/tim resp 8 gånger/dygn",kod,1993-05-08T21:00:00Z,1993-05-08T23:00:00+02:00,736894800000,,0,0,G,,corrected-archive-csv
162860,Luleå-Kallax Flygplats,13,Rådande väder,"momentanvärde, 1 gång/tim resp 8 gånger/dygn",kod,1993-05-09T00:00:00Z,1993-05-09T02:00:00+02:00,736905600000,,0,0,G,,corrected-archive-csv
162860,Luleå-Kallax Flygplats,13,Rådande väder,"momentanvärde, 1 gång/tim resp 8 gånger/dygn",kod,1993-05-09T03:00:00Z,1993-05-09T05:00:00+02:00,736916400000,,0,0,G,,corrected-archive-csv
162860,Luleå-Kallax Flygplats,13,Rådande väder,"momentanvärde, 1 gång/tim resp 8 gånger/dygn",kod,1993-05-09T04:00:00Z,1993-05-09T06:00:00+02:00,736920000000,,61,61,Y,,corrected-archive-csv
162860,Luleå-Kallax Flygplats,13,Rådande väder,"momentanvärde, 1 gång/tim resp 8 gånger/dygn",kod,1993-05-09T05:00:00Z,1993-05-09T07:00:00+02:00,736923600000,,61,61,Y,,corrected-archive-csv
162860,Luleå-Kallax Flygplats,13,Rådande väder,"momentanvärde, 1 gång/tim resp 8 gånger/dygn",kod,1993-05-09T06:00:00Z,1993-05-09T08:00:00+02:00,736927200000,,21,21,G,,corrected-archive-csv
162860,Luleå-Kallax Flygplats,13,Rådande väder,"momentanvärde, 1 gång/tim resp 8 gånger/dygn",kod,1993-05-09T09:00:00Z,1993-05-09T11:00:00+02:00,736938000000,,0,0,G,,corrected-archive-csv
162860,Luleå-Kallax Flygplats,13,Rådande väder,"momentanvärde, 1 gång/tim resp 8 gånger/dygn",kod,1993-05-09T12:00:00Z,1993-05-09T14:00:00+02:00,736948800000,,0,0,G,,corrected-archive-csv
162860,Luleå-Kallax Flygplats,13,Rådande väder,"momentanvärde, 1 gång/tim resp 8 gånger/dygn",kod,1993-05-09T15:00:00Z,1993-05-09T17:00:00+02:00,736959600000,,0,0,G,,corrected-archive-csv
162860,Luleå-Kallax Flygplats,13,Rådande väder,"momentanvärde, 1 gång/tim resp 8 gånger/dygn",kod,1993-05-09T18:00:00Z,1993-05-09T20:00:00+02:00,736970400000,,0,0,G,,corrected-archive-csv
162860,Luleå-Kallax Flygplats,13,Rådande väder,"momentanvärde, 1 gång/tim resp 8 gånger/dygn",kod,1993-05-09T21:00:00Z,1993-05-09T23:00:00+02:00,736981200000,,0,0,G,,corrected-archive-csv
162860,Luleå-Kallax Flygplats,13,Rådande väder,"momentanvärde, 1 gång/tim resp 8 gånger/dygn",kod,1993-05-10T00:00:00Z,1993-05-10T02:00:00+02:00,736992000000,,0,0,G,,corrected-archive-csv
162860,Luleå-Kallax Flygplats,13,Rådande väder,"momentanvärde, 1 gång/tim resp 8 gånger/dygn",kod,1993-05-10T03:00:00Z,1993-05-10T05:00:00+02:00,737002800000,,0,0,G,,corrected-archive-csv
162860,Luleå-Kallax Flygplats,13,Rådande väder,"momentanvärde, 1 gång/tim resp 8 gånger/dygn",kod,1993-05-10T06:00:00Z,1993-05-10T08:00:00+02:00,737013600000,,0,0,G,,corrected-archive-csv
162860,Luleå-Kallax Flygplats,13,Rådande väder,"momentanvärde, 1 gång/tim resp 8 gånger/dygn",kod,1993-05-10T09:00:00Z,1993-05-10T11:00:00+02:00,737024400000,,0,0,G,,corrected-archive-csv
162860,Luleå-Kallax Flygplats,13,Rådande väder,"momentanvärde, 1 gång/tim resp 8 gånger/dygn",kod,1993-05-10T15:00:00Z,1993-05-10T17:00:00+02:00,737046000000,,0,0,G,,corrected-archive-csv
162860,Luleå-Kallax Flygplats,13,Rådande väder,"momentanvärde, 1 gång/tim resp 8 gånger/dygn",kod,1993-05-10T18:00:00Z,1993-05-10T20:00:00+02:00,737056800000,,0,0,G,,corrected-archive-csv
162860,Luleå-Kallax Flygplats,13,Rådande väder,"momentanvärde, 1 gång/tim resp 8 gånger/dygn",kod,1993-05-10T21:00:00Z,1993-05-10T23:00:00+02:00,737067600000,,0,0,G,,corrected-archive-csv
162860,Luleå-Kallax Flygplats,13,Rådande väder,"momentanvärde, 1 gång/tim resp 8 gånger/dygn",kod,1993-05-11T00:00:00Z,1993-05-11T02:00:00+02:00,737078400000,,0,0,G,,corrected-archive-csv
162860,Luleå-Kallax Flygplats,13,Rådande väder,"momentanvärde, 1 gång/tim resp 8 gånger/dygn",kod,1993-05-11T03:00:00Z,1993-05-11T05:00:00+02:00,737089200000,,0,0,G,,corrected-archive-csv
162860,Luleå-Kallax Flygplats,13,Rådande väder,"momentanvärde, 1 gång/tim resp 8 gånger/dygn",kod,1993-05-11T06:00:00Z,1993-05-11T08:00:00+02:00,737100000000,,0,0,G,,corrected-archive-csv
162860,Luleå-Kallax Flygplats,13,Rådande väder,"momentanvärde, 1 gång/tim resp 8 gånger/dygn",kod,1993-05-11T09:00:00Z,1993-05-11T11:00:00+02:00,737110800000,,0,0,G,,corrected-archive-csv
162860,Luleå-Kallax Flygplats,13,Rådande väder,"momentanvärde, 1 gång/tim resp 8 gånger/dygn",kod,1993-05-11T12:00:00Z,1993-05-11T14:00:00+02:00,737121600000,,0,0,G,,corrected-archive-csv
162860,Luleå-Kallax Flygplats,13,Rådande väder,"momentanvärde, 1 gång/tim resp 8 gånger/dygn",kod,1993-05-11T15:00:00Z,1993-05-11T17:00:00+02:00,737132400000,,0,0,G,,corrected-archive-csv
162860,Luleå-Kallax Flygplats,13,Rådande väder,"momentanvärde, 1 gång/tim resp 8 gånger/dygn",kod,1993-05-11T18:00:00Z,1993-05-11T20:00:00+02:00,737143200000,,0,0,G,,corrected-archive-csv
162860,Luleå-Kallax Flygplats,13,Rådande väder,"momentanvärde, 1 gång/tim resp 8 gånger/dygn",kod,1993-05-11T21:00:00Z,1993-05-11T23:00:00+02:00,737154000000,,0,0,G,,corrected-archive-csv
162860,Luleå-Kallax Flygplats,13,Rådande väder,"momentanvärde, 1 gång/tim resp 8 gånger/dygn",kod,1993-05-12T00:00:00Z,1993-05-12T02:00:00+02:00,737164800000,,0,0,G,,corrected-archive-csv
162860,Luleå-Kallax Flygplats,13,Rådande väder,"momentanvärde, 1 gång/tim resp 8 gånger/dygn",kod,1993-05-12T03:00:00Z,1993-05-12T05:00:00+02:00,737175600000,,14,14,G,,corrected-archive-csv
162860,Luleå-Kallax Flygplats,13,Rådande väder,"momentanvärde, 1 gång/tim resp 8 gånger/dygn",kod,1993-05-12T04:00:00Z,1993-05-12T06:00:00+02:00,737179200000,,14,14,Y,,corrected-archive-csv
162860,Luleå-Kallax Flygplats,13,Rådande väder,"momentanvärde, 1 gång/tim resp 8 gånger/dygn",kod,1993-05-12T05:00:00Z,1993-05-12T07:00:00+02:00,737182800000,,14,14,Y,,corrected-archive-csv
162860,Luleå-Kallax Flygplats,13,Rådande väder,"momentanvärde, 1 gång/tim resp 8 gånger/dygn",kod,1993-05-12T06:00:00Z,1993-05-12T08:00:00+02:00,737186400000,,14,14,G,,corrected-archive-csv
162860,Luleå-Kallax Flygplats,13,Rådande väder,"momentanvärde, 1 gång/tim resp 8 gånger/dygn",kod,1993-05-12T09:00:00Z,1993-05-12T11:00:00+02:00,737197200000,,0,0,G,,corrected-archive-csv
162860,Luleå-Kallax Flygplats,13,Rådande väder,"momentanvärde, 1 gång/tim resp 8 gånger/dygn",kod,1993-05-12T12:00:00Z,1993-05-12T14:00:00+02:00,737208000000,,0,0,G,,corrected-archive-csv
162860,Luleå-Kallax Flygplats,13,Rådande väder,"momentanvärde, 1 gång/tim resp 8 gånger/dygn",kod,1993-05-12T15:00:00Z,1993-05-12T17:00:00+02:00,737218800000,,0,0,G,,corrected-archive-csv
162860,Luleå-Kallax Flygplats,13,Rådande väder,"momentanvärde, 1 gång/tim resp 8 gånger/dygn",kod,1993-05-12T17:00:00Z,1993-05-12T19:00:00+02:00,737226000000,,15,15,Y,,corrected-archive-csv
162860,Luleå-Kallax Flygplats,13,Rådande väder,"momentanvärde, 1 gång/tim resp 8 gånger/dygn",kod,1993-05-12T18:00:00Z,1993-05-12T20:00:00+02:00,737229600000,,15,15,G,,corrected-archive-csv
162860,Luleå-Kallax Flygplats,13,Rådande väder,"momentanvärde, 1 gång/tim resp 8 gånger/dygn",kod,1993-05-12T19:00:00Z,1993-05-12T21:00:00+02:00,737233200000,,14,14,Y,,corrected-archive-csv
162860,Luleå-Kallax Flygplats,13,Rådande väder,"momentanvärde, 1 gång/tim resp 8 gånger/dygn",kod,1993-05-12T20:00:00Z,1993-05-12T22:00:00+02:00,737236800000,,14,14,Y,,corrected-archive-csv
162860,Luleå-Kallax Flygplats,13,Rådande väder,"momentanvärde, 1 gång/tim resp 8 gånger/dygn",kod,1993-05-12T21:00:00Z,1993-05-12T23:00:00+02:00,737240400000,,14,14,G,,corrected-archive-csv
162860,Luleå-Kallax Flygplats,13,Rådande väder,"momentanvärde, 1 gång/tim resp 8 gånger/dygn",kod,1993-05-12T22:00:00Z,1993-05-13T00:00:00+02:00,737244000000,,14,14,Y,,corrected-archive-csv
162860,Luleå-Kallax Flygplats,13,Rådande väder,"momentanvärde, 1 gång/tim resp 8 gånger/dygn",kod,1993-05-12T23:00:00Z,1993-05-13T01:00:00+02:00,737247600000,,2,2,Y,,corrected-archive-csv
162860,Luleå-Kallax Flygplats,13,Rådande väder,"momentanvärde, 1 gång/tim resp 8 gånger/dygn",kod,1993-05-13T00:00:00Z,1993-05-13T02:00:00+02:00,737251200000,,2,2,G,,corrected-archive-csv
162860,Luleå-Kallax Flygplats,13,Rådande väder,"momentanvärde, 1 gång/tim resp 8 gånger/dygn",kod,1993-05-13T03:00:00Z,1993-05-13T05:00:00+02:00,737262000000,,0,0,G,,corrected-archive-csv
162860,Luleå-Kallax Flygplats,13,Rådande väder,"momentanvärde, 1 gång/tim resp 8 gånger/dygn",kod,1993-05-13T06:00:00Z,1993-05-13T08:00:00+02:00,737272800000,,0,0,G,,corrected-archive-csv
162860,Luleå-Kallax Flygplats,13,Rådande väder,"momentanvärde, 1 gång/tim resp 8 gånger/dygn",kod,1993-05-13T09:00:00Z,1993-05-13T11:00:00+02:00,737283600000,,0,0,G,,corrected-archive-csv
162860,Luleå-Kallax Flygplats,13,Rådande väder,"momentanvärde, 1 gång/tim resp 8 gånger/dygn",kod,1993-05-13T12:00:00Z,1993-05-13T14:00:00+02:00,737294400000,,0,0,G,,corrected-archive-csv
162860,Luleå-Kallax Flygplats,13,Rådande väder,"momentanvärde, 1 gång/tim resp 8 gånger/dygn",kod,1993-05-13T15:00:00Z,1993-05-13T17:00:00+02:00,737305200000,,0,0,G,,corrected-archive-csv
162860,Luleå-Kallax Flygplats,13,Rådande väder,"momentanvärde, 1 gång/tim resp 8 gånger/dygn",kod,1993-05-13T18:00:00Z,1993-05-13T20:00:00+02:00,737316000000,,0,0,G,,corrected-archive-csv
162860,Luleå-Kallax Flygplats,13,Rådande väder,"momentanvärde, 1 gång/tim resp 8 gånger/dygn",kod,1993-05-13T21:00:00Z,1993-05-13T23:00:00+02:00,737326800000,,0,0,G,,corrected-archive-csv
162860,Luleå-Kallax Flygplats,13,Rådande väder,"momentanvärde, 1 gång/tim resp 8 gånger/dygn",kod,1993-05-14T00:00:00Z,1993-05-14T02:00:00+02:00,737337600000,,0,0,G,,corrected-archive-csv
162860,Luleå-Kallax Flygplats,13,Rådande väder,"momentanvärde, 1 gång/tim resp 8 gånger/dygn",kod,1993-05-14T03:00:00Z,1993-05-14T05:00:00+02:00,737348400000,,0,0,G,,corrected-archive-csv
162860,Luleå-Kallax Flygplats,13,Rådande väder,"momentanvärde, 1 gång/tim resp 8 gånger/dygn",kod,1993-05-14T06:00:00Z,1993-05-14T08:00:00+02:00,737359200000,,0,0,G,,corrected-archive-csv
162860,Luleå-Kallax Flygplats,13,Rådande väder,"momentanvärde, 1 gång/tim resp 8 gånger/dygn",kod,1993-05-14T07:00:00Z,1993-05-14T09:00:00+02:00,737362800000,,60,60,Y,,corrected-archive-csv
162860,Luleå-Kallax Flygplats,13,Rådande väder,"momentanvärde, 1 gång/tim resp 8 gånger/dygn",kod,1993-05-14T08:00:00Z,1993-05-14T10:00:00+02:00,737366400000,,68,68,Y,,corrected-archive-csv
162860,Luleå-Kallax Flygplats,13,Rådande väder,"momentanvärde, 1 gång/tim resp 8 gånger/dygn",kod,1993-05-14T09:00:00Z,1993-05-14T11:00:00+02:00,737370000000,,21,21,G,,corrected-archive-csv
162860,Luleå-Kallax Flygplats,13,Rådande väder,"momentanvärde, 1 gång/tim resp 8 gånger/dygn",kod,1993-05-14T10:00:00Z,1993-05-14T12:00:00+02:00,737373600000,,21,21,Y,,corrected-archive-csv
162860,Luleå-Kallax Flygplats,13,Rådande väder,"momentanvärde, 1 gång/tim resp 8 gånger/dygn",kod,1993-05-14T11:00:00Z,1993-05-14T13:00:00+02:00,737377200000,,2,2,Y,,corrected-archive-csv
162860,Luleå-Kallax Flygplats,13,Rådande väder,"momentanvärde, 1 gång/tim resp 8 gånger/dygn",kod,1993-05-14T12:00:00Z,1993-05-14T14:00:00+02:00,737380800000,,2,2,G,,corrected-archive-csv
162860,Luleå-Kallax Flygplats,13,Rådande väder,"momentanvärde, 1 gång/tim resp 8 gånger/dygn",kod,1993-05-14T15:00:00Z,1993-05-14T17:00:00+02:00,737391600000,,0,0,G,,corrected-archive-csv
162860,Luleå-Kallax Flygplats,13,Rådande väder,"momentanvärde, 1 gång/tim resp 8 gånger/dygn",kod,1993-05-14T18:00:00Z,1993-05-14T20:00:00+02:00,737402400000,,61,61,G,,corrected-archive-csv
162860,Luleå-Kallax Flygplats,13,Rådande väder,"momentanvärde, 1 gång/tim resp 8 gånger/dygn",kod,1993-05-14T19:00:00Z,1993-05-14T21:00:00+02:00,737406000000,,63,63,Y,,corrected-archive-csv
162860,Luleå-Kallax Flygplats,13,Rådande väder,"momentanvärde, 1 gång/tim resp 8 gånger/dygn",kod,1993-05-14T20:00:00Z,1993-05-14T22:00:00+02:00,737409600000,,63,63,Y,,corrected-archive-csv
162860,Luleå-Kallax Flygplats,13,Rådande väder,"momentanvärde, 1 gång/tim resp 8 gånger/dygn",kod,1993-05-14T21:00:00Z,1993-05-14T23:00:00+02:00,737413200000,,63,63,G,,corrected-archive-csv
162860,Luleå-Kallax Flygplats,13,Rådande väder,"momentanvärde, 1 gång/tim resp 8 gånger/dygn",kod,1993-05-14T22:00:00Z,1993-05-15T00:00:00+02:00,737416800000,,63,63,Y,,corrected-archive-csv
162860,Luleå-Kallax Flygplats,13,Rådande väder,"momentanvärde, 1 gång/tim resp 8 gånger/dygn",kod,1993-05-14T23:00:00Z,1993-05-15T01:00:00+02:00,737420400000,,21,21,Y,,corrected-archive-csv
162860,Luleå-Kallax Flygplats,13,Rådande väder,"momentanvärde, 1 gång/tim resp 8 gånger/dygn",kod,1993-05-15T00:00:00Z,1993-05-15T02:00:00+02:00,737424000000,,10,10,G,,corrected-archive-csv
162860,Luleå-Kallax Flygplats,13,Rådande väder,"momentanvärde, 1 gång/tim resp 8 gånger/dygn",kod,1993-05-15T01:00:00Z,1993-05-15T03:00:00+02:00,737427600000,,10,10,Y,,corrected-archive-csv
162860,Luleå-Kallax Flygplats,13,Rådande väder,"momentanvärde, 1 gång/tim resp 8 gånger/dygn",kod,1993-05-15T02:00:00Z,1993-05-15T04:00:00+02:00,737431200000,,10,10,Y,,corrected-archive-csv
162860,Luleå-Kallax Flygplats,13,Rådande väder,"momentanvärde, 1 gång/tim resp 8 gånger/dygn",kod,1993-05-15T03:00:00Z,1993-05-15T05:00:00+02:00,737434800000,,10,10,G,,corrected-archive-csv
162860,Luleå-Kallax Flygplats,13,Rådande väder,"momentanvärde, 1 gång/tim resp 8 gånger/dygn",kod,1993-05-15T04:00:00Z,1993-05-15T06:00:00+02:00,737438400000,,10,10,Y,,corrected-archive-csv
162860,Luleå-Kallax Flygplats,13,Rådande väder,"momentanvärde, 1 gång/tim resp 8 gånger/dygn",kod,1993-05-15T05:00:00Z,1993-05-15T07:00:00+02:00,737442000000,,10,10,Y,,corrected-archive-csv
162860,Luleå-Kallax Flygplats,13,Rådande väder,"momentanvärde, 1 gång/tim resp 8 gånger/dygn",kod,1993-05-15T06:00:00Z,1993-05-15T08:00:00+02:00,737445600000,,47,47,G,,corrected-archive-csv
162860,Luleå-Kallax Flygplats,13,Rådande väder,"momentanvärde, 1 gång/tim resp 8 gånger/dygn",kod,1993-05-15T07:00:00Z,1993-05-15T09:00:00+02:00,737449200000,,28,28,Y,,corrected-archive-csv
162860,Luleå-Kallax Flygplats,13,Rådande väder,"momentanvärde, 1 gång/tim resp 8 gånger/dygn",kod,1993-05-15T08:00:00Z,1993-05-15T10:00:00+02:00,737452800000,,10,10,Y,,corrected-archive-csv
162860,Luleå-Kallax Flygplats,13,Rådande väder,"momentanvärde, 1 gång/tim resp 8 gånger/dygn",kod,1993-05-15T09:00:00Z,1993-05-15T11:00:00+02:00,737456400000,,10,10,G,,corrected-archive-csv
162860,Luleå-Kallax Flygplats,13,Rådande väder,"momentanvärde, 1 gång/tim resp 8 gånger/dygn",kod,1993-05-15T10:00:00Z,1993-05-15T12:00:00+02:00,737460000000,,10,10,Y,,corrected-archive-csv
162860,Luleå-Kallax Flygplats,13,Rådande väder,"momentanvärde, 1 gång/tim resp 8 gånger/dygn",kod,1993-05-15T11:00:00Z,1993-05-15T13:00:00+02:00,737463600000,,61,61,Y,,corrected-archive-csv
162860,Luleå-Kallax Flygplats,13,Rådande väder,"momentanvärde, 1 gång/tim resp 8 gånger/dygn",kod,1993-05-15T12:00:00Z,1993-05-15T14:00:00+02:00,737467200000,,21,21,G,,corrected-archive-csv
162860,Luleå-Kallax Flygplats,13,Rådande väder,"momentanvärde, 1 gång/tim resp 8 gånger/dygn",kod,1993-05-15T15:00:00Z,1993-05-15T17:00:00+02:00,737478000000,,0,0,G,,corrected-archive-csv
162860,Luleå-Kallax Flygplats,13,Rådande väder,"momentanvärde, 1 gång/tim resp 8 gånger/dygn",kod,1993-05-15T18:00:00Z,1993-05-15T20:00:00+02:00,737488800000,,0,0,G,,corrected-archive-csv
162860,Luleå-Kallax Flygplats,13,Rådande väder,"momentanvärde, 1 gång/tim resp 8 gånger/dygn",kod,1993-05-15T21:00:00Z,1993-05-15T23:00:00+02:00,737499600000,,0,0,G,,corrected-archive-csv
162860,Luleå-Kallax Flygplats,13,Rådande väder,"momentanvärde, 1 gång/tim resp 8 gånger/dygn",kod,1993-05-16T00:00:00Z,1993-05-16T02:00:00+02:00,737510400000,,0,0,G,,corrected-archive-csv
162860,Luleå-Kallax Flygplats,13,Rådande väder,"momentanvärde, 1 gång/tim resp 8 gånger/dygn",kod,1993-05-16T03:00:00Z,1993-05-16T05:00:00+02:00,737521200000,,0,0,G,,corrected-archive-csv
162860,Luleå-Kallax Flygplats,13,Rådande väder,"momentanvärde, 1 gång/tim resp 8 gånger/dygn",kod,1993-05-16T06:00:00Z,1993-05-16T08:00:00+02:00,737532000000,,0,0,G,,corrected-archive-csv
162860,Luleå-Kallax Flygplats,13,Rådande väder,"momentanvärde, 1 gång/tim resp 8 gånger/dygn",kod,1993-05-16T09:00:00Z,1993-05-16T11:00:00+02:00,737542800000,,0,0,G,,corrected-archive-csv
162860,Luleå-Kallax Flygplats,13,Rådande väder,"momentanvärde, 1 gång/tim resp 8 gånger/dygn",kod,1993-05-16T10:00:00Z,1993-05-16T12:00:00+02:00,737546400000,,25,25,Y,,corrected-archive-csv
162860,Luleå-Kallax Flygplats,13,Rådande väder,"momentanvärde, 1 gång/tim resp 8 gånger/dygn",kod,1993-05-16T11:00:00Z,1993-05-16T13:00:00+02:00,737550000000,,1,1,Y,,corrected-archive-csv
162860,Luleå-Kallax Flygplats,13,Rådande väder,"momentanvärde, 1 gång/tim resp 8 gånger/dygn",kod,1993-05-16T12:00:00Z,1993-05-16T14:00:00+02:00,737553600000,,2,2,G,,corrected-archive-csv
162860,Luleå-Kallax Flygplats,13,Rådande väder,"momentanvärde, 1 gång/tim resp 8 gånger/dygn",kod,1993-05-16T15:00:00Z,1993-05-16T17:00:00+02:00,737564400000,,0,0,G,,corrected-archive-csv
162860,Luleå-Kallax Flygplats,13,Rådande väder,"momentanvärde, 1 gång/tim resp 8 gånger/dygn",kod,1993-05-16T18:00:00Z,1993-05-16T20:00:00+02:00,737575200000,,0,0,G,,corrected-archive-csv
162860,Luleå-Kallax Flygplats,13,Rådande väder,"momentanvärde, 1 gång/tim resp 8 gånger/dygn",kod,1993-05-16T20:00:00Z,1993-05-16T22:00:00+02:00,737582400000,,25,25,Y,,corrected-archive-csv
162860,Luleå-Kallax Flygplats,13,Rådande väder,"momentanvärde, 1 gång/tim resp 8 gånger/dygn",kod,1993-05-16T21:00:00Z,1993-05-16T23:00:00+02:00,737586000000,,21,21,G,,corrected-archive-csv
162860,Luleå-Kallax Flygplats,13,Rådande väder,"momentanvärde, 1 gång/tim resp 8 gånger/dygn",kod,1993-05-16T22:00:00Z,1993-05-17T00:00:00+02:00,737589600000,,2,2,Y,,corrected-archive-csv
162860,Luleå-Kallax Flygplats,13,Rådande väder,"momentanvärde, 1 gång/tim resp 8 gånger/dygn",kod,1993-05-16T23:00:00Z,1993-05-17T01:00:00+02:00,737593200000,,2,2,Y,,corrected-archive-csv
162860,Luleå-Kallax Flygplats,13,Rådande väder,"momentanvärde, 1 gång/tim resp 8 gånger/dygn",kod,1993-05-17T00:00:00Z,1993-05-17T02:00:00+02:00,737596800000,,2,2,G,,corrected-archive-csv
162860,Luleå-Kallax Flygplats,13,Rådande väder,"momentanvärde, 1 gång/tim resp 8 gånger/dygn",kod,1993-05-17T03:00:00Z,1993-05-17T05:00:00+02:00,737607600000,,0,0,G,,corrected-archive-csv
162860,Luleå-Kallax Flygplats,13,Rådande väder,"momentanvärde, 1 gång/tim resp 8 gånger/dygn",kod,1993-05-17T04:00:00Z,1993-05-17T06:00:00+02:00,737611200000,,20,20,Y,,corrected-archive-csv
162860,Luleå-Kallax Flygplats,13,Rådande väder,"momentanvärde, 1 gång/tim resp 8 gånger/dygn",kod,1993-05-17T05:00:00Z,1993-05-17T07:00:00+02:00,737614800000,,1,1,Y,,corrected-archive-csv
162860,Luleå-Kallax Flygplats,13,Rådande väder,"momentanvärde, 1 gång/tim resp 8 gånger/dygn",kod,1993-05-17T06:00:00Z,1993-05-17T08:00:00+02:00,737618400000,,1,1,G,,corrected-archive-csv
162860,Luleå-Kallax Flygplats,13,Rådande väder,"momentanvärde, 1 gång/tim resp 8 gånger/dygn",kod,1993-05-17T07:00:00Z,1993-05-17T09:00:00+02:00,737622000000,,63,63,Y,,corrected-archive-csv
162860,Luleå-Kallax Flygplats,13,Rådande väder,"momentanvärde, 1 gång/tim resp 8 gånger/dygn",kod,1993-05-17T08:00:00Z,1993-05-17T10:00:00+02:00,737625600000,,63,63,Y,,corrected-archive-csv
162860,Luleå-Kallax Flygplats,13,Rådande väder,"momentanvärde, 1 gång/tim resp 8 gånger/dygn",kod,1993-05-17T09:00:00Z,1993-05-17T11:00:00+02:00,737629200000,,21,21,G,,corrected-archive-csv
162860,Luleå-Kallax Flygplats,13,Rådande väder,"momentanvärde, 1 gång/tim resp 8 gånger/dygn",kod,1993-05-17T10:00:00Z,1993-05-17T12:00:00+02:00,737632800000,,1,1,Y,,corrected-archive-csv
162860,Luleå-Kallax Flygplats,13,Rådande väder,"momentanvärde, 1 gång/tim resp 8 gånger/dygn",kod,1993-05-17T11:00:00Z,1993-05-17T13:00:00+02:00,737636400000,,61,61,Y,,corrected-archive-csv
162860,Luleå-Kallax Flygplats,13,Rådande väder,"momentanvärde, 1 gång/tim resp 8 gånger/dygn",kod,1993-05-17T12:00:00Z,1993-05-17T14:00:00+02:00,737640000000,,25,25,G,,corrected-archive-csv
162860,Luleå-Kallax Flygplats,13,Rådande väder,"momentanvärde, 1 gång/tim resp 8 gånger/dygn",kod,1993-05-17T15:00:00Z,1993-05-17T17:00:00+02:00,737650800000,,0,0,G,,corrected-archive-csv
162860,Luleå-Kallax Flygplats,13,Rådande väder,"momentanvärde, 1 gång/tim resp 8 gånger/dygn",kod,1993-05-17T18:00:00Z,1993-05-17T20:00:00+02:00,737661600000,,0,0,G,,corrected-archive-csv
162860,Luleå-Kallax Flygplats,13,Rådande väder,"momentanvärde, 1 gång/tim resp 8 gånger/dygn",kod,1993-05-17T21:00:00Z,1993-05-17T23:00:00+02:00,737672400000,,0,0,G,,corrected-archive-csv
162860,Luleå-Kallax Flygplats,13,Rådande väder,"momentanvärde, 1 gång/tim resp 8 gånger/dygn",kod,1993-05-18T00:00:00Z,1993-05-18T02:00:00+02:00,737683200000,,0,0,G,,corrected-archive-csv
162860,Luleå-Kallax Flygplats,13,Rådande väder,"momentanvärde, 1 gång/tim resp 8 gånger/dygn",kod,1993-05-18T03:00:00Z,1993-05-18T05:00:00+02:00,737694000000,,0,0,G,,corrected-archive-csv
162860,Luleå-Kallax Flygplats,13,Rådande väder,"momentanvärde, 1 gång/tim resp 8 gånger/dygn",kod,1993-05-18T06:00:00Z,1993-05-18T08:00:00+02:00,737704800000,,0,0,G,,corrected-archive-csv
162860,Luleå-Kallax Flygplats,13,Rådande väder,"momentanvärde, 1 gång/tim resp 8 gånger/dygn",kod,1993-05-18T09:00:00Z,1993-05-18T11:00:00+02:00,737715600000,,0,0,G,,corrected-archive-csv
162860,Luleå-Kallax Flygplats,13,Rådande väder,"momentanvärde, 1 gång/tim resp 8 gånger/dygn",kod,1993-05-18T12:00:00Z,1993-05-18T14:00:00+02:00,737726400000,,0,0,G,,corrected-archive-csv
162860,Luleå-Kallax Flygplats,13,Rådande väder,"momentanvärde, 1 gång/tim resp 8 gånger/dygn",kod,1993-05-18T15:00:00Z,1993-05-18T17:00:00+02:00,737737200000,,0,0,G,,corrected-archive-csv
162860,Luleå-Kallax Flygplats,13,Rådande väder,"momentanvärde, 1 gång/tim resp 8 gånger/dygn",kod,1993-05-18T18:00:00Z,1993-05-18T20:00:00+02:00,737748000000,,0,0,G,,corrected-archive-csv
162860,Luleå-Kallax Flygplats,13,Rådande väder,"momentanvärde, 1 gång/tim resp 8 gånger/dygn",kod,1993-05-18T21:00:00Z,1993-05-18T23:00:00+02:00,737758800000,,0,0,G,,corrected-archive-csv
162860,Luleå-Kallax Flygplats,13,Rådande väder,"momentanvärde, 1 gång/tim resp 8 gånger/dygn",kod,1993-05-19T00:00:00Z,1993-05-19T02:00:00+02:00,737769600000,,0,0,G,,corrected-archive-csv
162860,Luleå-Kallax Flygplats,13,Rådande väder,"momentanvärde, 1 gång/tim resp 8 gånger/dygn",kod,1993-05-19T03:00:00Z,1993-05-19T05:00:00+02:00,737780400000,,0,0,G,,corrected-archive-csv
162860,Luleå-Kallax Flygplats,13,Rådande väder,"momentanvärde, 1 gång/tim resp 8 gånger/dygn",kod,1993-05-19T06:00:00Z,1993-05-19T08:00:00+02:00,737791200000,,0,0,G,,corrected-archive-csv
162860,Luleå-Kallax Flygplats,13,Rådande väder,"momentanvärde, 1 gång/tim resp 8 gånger/dygn",kod,1993-05-19T09:00:00Z,1993-05-19T11:00:00+02:00,737802000000,,0,0,G,,corrected-archive-csv
162860,Luleå-Kallax Flygplats,13,Rådande väder,"momentanvärde, 1 gång/tim resp 8 gånger/dygn",kod,1993-05-19T12:00:00Z,1993-05-19T14:00:00+02:00,737812800000,,0,0,G,,corrected-archive-csv
162860,Luleå-Kallax Flygplats,13,Rådande väder,"momentanvärde, 1 gång/tim resp 8 gånger/dygn",kod,1993-05-19T15:00:00Z,1993-05-19T17:00:00+02:00,737823600000,,0,0,G,,corrected-archive-csv
162860,Luleå-Kallax Flygplats,13,Rådande väder,"momentanvärde, 1 gång/tim resp 8 gånger/dygn",kod,1993-05-19T18:00:00Z,1993-05-19T20:00:00+02:00,737834400000,,0,0,G,,corrected-archive-csv
162860,Luleå-Kallax Flygplats,13,Rådande väder,"momentanvärde, 1 gång/tim resp 8 gånger/dygn",kod,1993-05-19T21:00:00Z,1993-05-19T23:00:00+02:00,737845200000,,0,0,G,,corrected-archive-csv
162860,Luleå-Kallax Flygplats,13,Rådande väder,"momentanvärde, 1 gång/tim resp 8 gånger/dygn",kod,1993-05-20T00:00:00Z,1993-05-20T02:00:00+02:00,737856000000,,0,0,G,,corrected-archive-csv
162860,Luleå-Kallax Flygplats,13,Rådande väder,"momentanvärde, 1 gång/tim resp 8 gånger/dygn",kod,1993-05-20T03:00:00Z,1993-05-20T05:00:00+02:00,737866800000,,0,0,G,,corrected-archive-csv
162860,Luleå-Kallax Flygplats,13,Rådande väder,"momentanvärde, 1 gång/tim resp 8 gånger/dygn",kod,1993-05-20T06:00:00Z,1993-05-20T08:00:00+02:00,737877600000,,0,0,G,,corrected-archive-csv
162860,Luleå-Kallax Flygplats,13,Rådande väder,"momentanvärde, 1 gång/tim resp 8 gånger/dygn",kod,1993-05-20T09:00:00Z,1993-05-20T11:00:00+02:00,737888400000,,0,0,G,,corrected-archive-csv
162860,Luleå-Kallax Flygplats,13,Rådande väder,"momentanvärde, 1 gång/tim resp 8 gånger/dygn",kod,1993-05-20T12:00:00Z,1993-05-20T14:00:00+02:00,737899200000,,0,0,G,,corrected-archive-csv
162860,Luleå-Kallax Flygplats,13,Rådande väder,"momentanvärde, 1 gång/tim resp 8 gånger/dygn",kod,1993-05-20T15:00:00Z,1993-05-20T17:00:00+02:00,737910000000,,0,0,G,,corrected-archive-csv
162860,Luleå-Kallax Flygplats,13,Rådande väder,"momentanvärde, 1 gång/tim resp 8 gånger/dygn",kod,1993-05-20T18:00:00Z,1993-05-20T20:00:00+02:00,737920800000,,0,0,G,,corrected-archive-csv
162860,Luleå-Kallax Flygplats,13,Rådande väder,"momentanvärde, 1 gång/tim resp 8 gånger/dygn",kod,1993-05-20T21:00:00Z,1993-05-20T23:00:00+02:00,737931600000,,0,0,G,,corrected-archive-csv
162860,Luleå-Kallax Flygplats,13,Rådande väder,"momentanvärde, 1 gång/tim resp 8 gånger/dygn",kod,1993-05-21T00:00:00Z,1993-05-21T02:00:00+02:00,737942400000,,0,0,G,,corrected-archive-csv
162860,Luleå-Kallax Flygplats,13,Rådande väder,"momentanvärde, 1 gång/tim resp 8 gånger/dygn",kod,1993-05-21T03:00:00Z,1993-05-21T05:00:00+02:00,737953200000,,0,0,G,,corrected-archive-csv
162860,Luleå-Kallax Flygplats,13,Rådande väder,"momentanvärde, 1 gång/tim resp 8 gånger/dygn",kod,1993-05-21T06:00:00Z,1993-05-21T08:00:00+02:00,737964000000,,0,0,G,,corrected-archive-csv
162860,Luleå-Kallax Flygplats,13,Rådande väder,"momentanvärde, 1 gång/tim resp 8 gånger/dygn",kod,1993-05-21T09:00:00Z,1993-05-21T11:00:00+02:00,737974800000,,0,0,G,,corrected-archive-csv
162860,Luleå-Kallax Flygplats,13,Rådande väder,"momentanvärde, 1 gång/tim resp 8 gånger/dygn",kod,1993-05-21T12:00:00Z,1993-05-21T14:00:00+02:00,737985600000,,0,0,G,,corrected-archive-csv
162860,Luleå-Kallax Flygplats,13,Rådande väder,"momentanvärde, 1 gång/tim resp 8 gånger/dygn",kod,1993-05-21T15:00:00Z,1993-05-21T17:00:00+02:00,737996400000,,0,0,G,,corrected-archive-csv
162860,Luleå-Kallax Flygplats,13,Rådande väder,"momentanvärde, 1 gång/tim resp 8 gånger/dygn",kod,1993-05-21T18:00:00Z,1993-05-21T20:00:00+02:00,738007200000,,0,0,G,,corrected-archive-csv
162860,Luleå-Kallax Flygplats,13,Rådande väder,"momentanvärde, 1 gång/tim resp 8 gånger/dygn",kod,1993-05-21T21:00:00Z,1993-05-21T23:00:00+02:00,738018000000,,0,0,G,,corrected-archive-csv
162860,Luleå-Kallax Flygplats,13,Rådande väder,"momentanvärde, 1 gång/tim resp 8 gånger/dygn",kod,1993-05-22T00:00:00Z,1993-05-22T02:00:00+02:00,738028800000,,0,0,G,,corrected-archive-csv
162860,Luleå-Kallax Flygplats,13,Rådande väder,"momentanvärde, 1 gång/tim resp 8 gånger/dygn",kod,1993-05-22T03:00:00Z,1993-05-22T05:00:00+02:00,738039600000,,0,0,G,,corrected-archive-csv
162860,Luleå-Kallax Flygplats,13,Rådande väder,"momentanvärde, 1 gång/tim resp 8 gånger/dygn",kod,1993-05-22T06:00:00Z,1993-05-22T08:00:00+02:00,738050400000,,0,0,G,,corrected-archive-csv
162860,Luleå-Kallax Flygplats,13,Rådande väder,"momentanvärde, 1 gång/tim resp 8 gånger/dygn",kod,1993-05-22T09:00:00Z,1993-05-22T11:00:00+02:00,738061200000,,0,0,G,,corrected-archive-csv
162860,Luleå-Kallax Flygplats,13,Rådande väder,"momentanvärde, 1 gång/tim resp 8 gånger/dygn",kod,1993-05-22T12:00:00Z,1993-05-22T14:00:00+02:00,738072000000,,0,0,G,,corrected-archive-csv
162860,Luleå-Kallax Flygplats,13,Rådande väder,"momentanvärde, 1 gång/tim resp 8 gånger/dygn",kod,1993-05-22T15:00:00Z,1993-05-22T17:00:00+02:00,738082800000,,0,0,G,,corrected-archive-csv
162860,Luleå-Kallax Flygplats,13,Rådande väder,"momentanvärde, 1 gång/tim resp 8 gånger/dygn",kod,1993-05-22T18:00:00Z,1993-05-22T20:00:00+02:00,738093600000,,0,0,G,,corrected-archive-csv
162860,Luleå-Kallax Flygplats,13,Rådande väder,"momentanvärde, 1 gång/tim resp 8 gånger/dygn",kod,1993-05-22T21:00:00Z,1993-05-22T23:00:00+02:00,738104400000,,0,0,G,,corrected-archive-csv
162860,Luleå-Kallax Flygplats,13,Rådande väder,"momentanvärde, 1 gång/tim resp 8 gånger/dygn",kod,1993-05-23T00:00:00Z,1993-05-23T02:00:00+02:00,738115200000,,0,0,G,,corrected-archive-csv
162860,Luleå-Kallax Flygplats,13,Rådande väder,"momentanvärde, 1 gång/tim resp 8 gånger/dygn",kod,1993-05-23T03:00:00Z,1993-05-23T05:00:00+02:00,738126000000,,0,0,G,,corrected-archive-csv
162860,Luleå-Kallax Flygplats,13,Rådande väder,"momentanvärde, 1 gång/tim resp 8 gånger/dygn",kod,1993-05-23T06:00:00Z,1993-05-23T08:00:00+02:00,738136800000,,0,0,G,,corrected-archive-csv
162860,Luleå-Kallax Flygplats,13,Rådande väder,"momentanvärde, 1 gång/tim resp 8 gånger/dygn",kod,1993-05-23T09:00:00Z,1993-05-23T11:00:00+02:00,738147600000,,0,0,G,,corrected-archive-csv
162860,Luleå-Kallax Flygplats,13,Rådande väder,"momentanvärde, 1 gång/tim resp 8 gånger/dygn",kod,1993-05-23T12:00:00Z,1993-05-23T14:00:00+02:00,738158400000,,0,0,G,,corrected-archive-csv
162860,Luleå-Kallax Flygplats,13,Rådande väder,"momentanvärde, 1 gång/tim resp 8 gånger/dygn",kod,1993-05-23T15:00:00Z,1993-05-23T17:00:00+02:00,738169200000,,0,0,G,,corrected-archive-csv
162860,Luleå-Kallax Flygplats,13,Rådande väder,"momentanvärde, 1 gång/tim resp 8 gånger/dygn",kod,1993-05-23T18:00:00Z,1993-05-23T20:00:00+02:00,738180000000,,0,0,G,,corrected-archive-csv
162860,Luleå-Kallax Flygplats,13,Rådande väder,"momentanvärde, 1 gång/tim resp 8 gånger/dygn",kod,1993-05-23T21:00:00Z,1993-05-23T23:00:00+02:00,738190800000,,0,0,G,,corrected-archive-csv
162860,Luleå-Kallax Flygplats,13,Rådande väder,"momentanvärde, 1 gång/tim resp 8 gånger/dygn",kod,1993-05-24T00:00:00Z,1993-05-24T02:00:00+02:00,738201600000,,0,0,G,,corrected-archive-csv
162860,Luleå-Kallax Flygplats,13,Rådande väder,"momentanvärde, 1 gång/tim resp 8 gånger/dygn",kod,1993-05-24T03:00:00Z,1993-05-24T05:00:00+02:00,738212400000,,0,0,G,,corrected-archive-csv
162860,Luleå-Kallax Flygplats,13,Rådande väder,"momentanvärde, 1 gång/tim resp 8 gånger/dygn",kod,1993-05-24T09:00:00Z,1993-05-24T11:00:00+02:00,738234000000,,0,0,G,,corrected-archive-csv
162860,Luleå-Kallax Flygplats,13,Rådande väder,"momentanvärde, 1 gång/tim resp 8 gånger/dygn",kod,1993-05-24T12:00:00Z,1993-05-24T14:00:00+02:00,738244800000,,0,0,G,,corrected-archive-csv
162860,Luleå-Kallax Flygplats,13,Rådande väder,"momentanvärde, 1 gång/tim resp 8 gånger/dygn",kod,1993-05-24T13:00:00Z,1993-05-24T15:00:00+02:00,738248400000,,14,14,Y,,corrected-archive-csv
162860,Luleå-Kallax Flygplats,13,Rådande väder,"momentanvärde, 1 gång/tim resp 8 gånger/dygn",kod,1993-05-24T14:00:00Z,1993-05-24T16:00:00+02:00,738252000000,,14,14,Y,,corrected-archive-csv
162860,Luleå-Kallax Flygplats,13,Rådande väder,"momentanvärde, 1 gång/tim resp 8 gånger/dygn",kod,1993-05-24T15:00:00Z,1993-05-24T17:00:00+02:00,738255600000,,14,14,G,,corrected-archive-csv
162860,Luleå-Kallax Flygplats,13,Rådande väder,"momentanvärde, 1 gång/tim resp 8 gånger/dygn",kod,1993-05-24T16:00:00Z,1993-05-24T18:00:00+02:00,738259200000,,14,14,Y,,corrected-archive-csv
162860,Luleå-Kallax Flygplats,13,Rådande väder,"momentanvärde, 1 gång/tim resp 8 gånger/dygn",kod,1993-05-24T17:00:00Z,1993-05-24T19:00:00+02:00,738262800000,,25,25,Y,,corrected-archive-csv
162860,Luleå-Kallax Flygplats,13,Rådande väder,"momentanvärde, 1 gång/tim resp 8 gånger/dygn",kod,1993-05-24T18:00:00Z,1993-05-24T20:00:00+02:00,738266400000,,15,15,G,,corrected-archive-csv
162860,Luleå-Kallax Flygplats,13,Rådande väder,"momentanvärde, 1 gång/tim resp 8 gånger/dygn",kod,1993-05-24T19:00:00Z,1993-05-24T21:00:00+02:00,738270000000,,15,15,Y,,corrected-archive-csv
162860,Luleå-Kallax Flygplats,13,Rådande väder,"momentanvärde, 1 gång/tim resp 8 gånger/dygn",kod,1993-05-24T20:00:00Z,1993-05-24T22:00:00+02:00,738273600000,,15,15,Y,,corrected-archive-csv
162860,Luleå-Kallax Flygplats,13,Rådande väder,"momentanvärde, 1 gång/tim resp 8 gånger/dygn",kod,1993-05-24T21:00:00Z,1993-05-24T23:00:00+02:00,738277200000,,15,15,G,,corrected-archive-csv
162860,Luleå-Kallax Flygplats,13,Rådande väder,"momentanvärde, 1 gång/tim resp 8 gånger/dygn",kod,1993-05-25T00:00:00Z,1993-05-25T02:00:00+02:00,738288000000,,14,14,G,,corrected-archive-csv
162860,Luleå-Kallax Flygplats,13,Rådande väder,"momentanvärde, 1 gång/tim resp 8 gånger/dygn",kod,1993-05-25T03:00:00Z,1993-05-25T05:00:00+02:00,738298800000,,0,0,G,,corrected-archive-csv
162860,Luleå-Kallax Flygplats,13,Rådande väder,"momentanvärde, 1 gång/tim resp 8 gånger/dygn",kod,1993-05-25T06:00:00Z,1993-05-25T08:00:00+02:00,738309600000,,0,0,G,,corrected-archive-csv
162860,Luleå-Kallax Flygplats,13,Rådande väder,"momentanvärde, 1 gång/tim resp 8 gånger/dygn",kod,1993-05-25T09:00:00Z,1993-05-25T11:00:00+02:00,738320400000,,0,0,G,,corrected-archive-csv
162860,Luleå-Kallax Flygplats,13,Rådande väder,"momentanvärde, 1 gång/tim resp 8 gånger/dygn",kod,1993-05-25T11:00:00Z,1993-05-25T13:00:00+02:00,738327600000,,14,14,Y,,corrected-archive-csv
162860,Luleå-Kallax Flygplats,13,Rådande väder,"momentanvärde, 1 gång/tim resp 8 gånger/dygn",kod,1993-05-25T12:00:00Z,1993-05-25T14:00:00+02:00,738331200000,,14,14,G,,corrected-archive-csv
162860,Luleå-Kallax Flygplats,13,Rådande väder,"momentanvärde, 1 gång/tim resp 8 gånger/dygn",kod,1993-05-25T13:00:00Z,1993-05-25T15:00:00+02:00,738334800000,,14,14,Y,,corrected-archive-csv
162860,Luleå-Kallax Flygplats,13,Rådande väder,"momentanvärde, 1 gång/tim resp 8 gånger/dygn",kod,1993-05-25T14:00:00Z,1993-05-25T16:00:00+02:00,738338400000,,15,15,Y,,corrected-archive-csv
162860,Luleå-Kallax Flygplats,13,Rådande väder,"momentanvärde, 1 gång/tim resp 8 gånger/dygn",kod,1993-05-25T15:00:00Z,1993-05-25T17:00:00+02:00,738342000000,,15,15,G,,corrected-archive-csv
162860,Luleå-Kallax Flygplats,13,Rådande väder,"momentanvärde, 1 gång/tim resp 8 gånger/dygn",kod,1993-05-25T16:00:00Z,1993-05-25T18:00:00+02:00,738345600000,,15,15,Y,,corrected-archive-csv
162860,Luleå-Kallax Flygplats,13,Rådande väder,"momentanvärde, 1 gång/tim resp 8 gånger/dygn",kod,1993-05-25T18:00:00Z,1993-05-25T20:00:00+02:00,738352800000,,0,0,G,,corrected-archive-csv
162860,Luleå-Kallax Flygplats,13,Rådande väder,"momentanvärde, 1 gång/tim resp 8 gånger/dygn",kod,1993-05-25T21:00:00Z,1993-05-25T23:00:00+02:00,738363600000,,0,0,G,,corrected-archive-csv
162860,Luleå-Kallax Flygplats,13,Rådande väder,"momentanvärde, 1 gång/tim resp 8 gånger/dygn",kod,1993-05-26T00:00:00Z,1993-05-26T02:00:00+02:00,738374400000,,0,0,G,,corrected-archive-csv
162860,Luleå-Kallax Flygplats,13,Rådande väder,"momentanvärde, 1 gång/tim resp 8 gånger/dygn",kod,1993-05-26T03:00:00Z,1993-05-26T05:00:00+02:00,738385200000,,0,0,G,,corrected-archive-csv
162860,Luleå-Kallax Flygplats,13,Rådande väder,"momentanvärde, 1 gång/tim resp 8 gånger/dygn",kod,1993-05-26T05:00:00Z,1993-05-26T07:00:00+02:00,738392400000,,14,14,Y,,corrected-archive-csv
162860,Luleå-Kallax Flygplats,13,Rådande väder,"momentanvärde, 1 gång/tim resp 8 gånger/dygn",kod,1993-05-26T06:00:00Z,1993-05-26T08:00:00+02:00,738396000000,,0,0,G,,corrected-archive-csv
162860,Luleå-Kallax Flygplats,13,Rådande väder,"momentanvärde, 1 gång/tim resp 8 gånger/dygn",kod,1993-05-26T07:00:00Z,1993-05-26T09:00:00+02:00,738399600000,,14,14,Y,,corrected-archive-csv
162860,Luleå-Kallax Flygplats,13,Rådande väder,"momentanvärde, 1 gång/tim resp 8 gånger/dygn",kod,1993-05-26T08:00:00Z,1993-05-26T10:00:00+02:00,738403200000,,87,87,Y,,corrected-archive-csv
162860,Luleå-Kallax Flygplats,13,Rådande väder,"momentanvärde, 1 gång/tim resp 8 gånger/dygn",kod,1993-05-26T09:00:00Z,1993-05-26T11:00:00+02:00,738406800000,,27,27,G,,corrected-archive-csv
162860,Luleå-Kallax Flygplats,13,Rådande väder,"momentanvärde, 1 gång/tim resp 8 gånger/dygn",kod,1993-05-26T10:00:00Z,1993-05-26T12:00:00+02:00,738410400000,,60,60,Y,,corrected-archive-csv
162860,Luleå-Kallax Flygplats,13,Rådande väder,"momentanvärde, 1 gång/tim resp 8 gånger/dygn",kod,1993-05-26T11:00:00Z,1993-05-26T13:00:00+02:00,738414000000,,21,21,Y,,corrected-archive-csv
162860,Luleå-Kallax Flygplats,13,Rådande väder,"momentanvärde, 1 gång/tim resp 8 gånger/dygn",kod,1993-05-26T12:00:00Z,1993-05-26T14:00:00+02:00,738417600000,,15,15,G,,corrected-archive-csv
162860,Luleå-Kallax Flygplats,13,Rådande väder,"momentanvärde, 1 gång/tim resp 8 gånger/dygn",kod,1993-05-26T13:00:00Z,1993-05-26T15:00:00+02:00,738421200000,,83,83,Y,,corrected-archive-csv
162860,Luleå-Kallax Flygplats,13,Rådande väder,"momentanvärde, 1 gång/tim resp 8 gånger/dygn",kod,1993-05-26T14:00:00Z,1993-05-26T16:00:00+02:00,738424800000,,23,23,Y,,corrected-archive-csv
162860,Luleå-Kallax Flygplats,13,Rådande väder,"momentanvärde, 1 gång/tim resp 8 gånger/dygn",kod,1993-05-26T15:00:00Z,1993-05-26T17:00:00+02:00,738428400000,,23,23,G,,corrected-archive-csv
162860,Luleå-Kallax Flygplats,13,Rådande väder,"momentanvärde, 1 gång/tim resp 8 gånger/dygn",kod,1993-05-26T16:00:00Z,1993-05-26T18:00:00+02:00,738432000000,,15,15,Y,,corrected-archive-csv
162860,Luleå-Kallax Flygplats,13,Rådande väder,"momentanvärde, 1 gång/tim resp 8 gånger/dygn",kod,1993-05-26T17:00:00Z,1993-05-26T19:00:00+02:00,738435600000,,15,15,Y,,corrected-archive-csv
162860,Luleå-Kallax Flygplats,13,Rådande väder,"momentanvärde, 1 gång/tim resp 8 gånger/dygn",kod,1993-05-26T18:00:00Z,1993-05-26T20:00:00+02:00,738439200000,,15,15,G,,corrected-archive-csv
162860,Luleå-Kallax Flygplats,13,Rådande väder,"momentanvärde, 1 gång/tim resp 8 gånger/dygn",kod,1993-05-26T21:00:00Z,1993-05-26T23:00:00+02:00,738450000000,,0,0,G,,corrected-archive-csv
162860,Luleå-Kallax Flygplats,13,Rådande väder,"momentanvärde, 1 gång/tim resp 8 gånger/dygn",kod,1993-05-27T00:00:00Z,1993-05-27T02:00:00+02:00,738460800000,,0,0,G,,corrected-archive-csv
162860,Luleå-Kallax Flygplats,13,Rådande väder,"momentanvärde, 1 gång/tim resp 8 gånger/dygn",kod,1993-05-27T03:00:00Z,1993-05-27T05:00:00+02:00,738471600000,,14,14,G,,corrected-archive-csv
162860,Luleå-Kallax Flygplats,13,Rådande väder,"momentanvärde, 1 gång/tim resp 8 gånger/dygn",kod,1993-05-27T06:00:00Z,1993-05-27T08:00:00+02:00,738482400000,,0,0,G,,corrected-archive-csv
162860,Luleå-Kallax Flygplats,13,Rådande väder,"momentanvärde, 1 gång/tim resp 8 gånger/dygn",kod,1993-05-27T09:00:00Z,1993-05-27T11:00:00+02:00,738493200000,,14,14,G,,corrected-archive-csv
162860,Luleå-Kallax Flygplats,13,Rådande väder,"momentanvärde, 1 gång/tim resp 8 gånger/dygn",kod,1993-05-27T10:00:00Z,1993-05-27T12:00:00+02:00,738496800000,,14,14,Y,,corrected-archive-csv
162860,Luleå-Kallax Flygplats,13,Rådande väder,"momentanvärde, 1 gång/tim resp 8 gånger/dygn",kod,1993-05-27T11:00:00Z,1993-05-27T13:00:00+02:00,738500400000,,14,14,Y,,corrected-archive-csv
162860,Luleå-Kallax Flygplats,13,Rådande väder,"momentanvärde, 1 gång/tim resp 8 gånger/dygn",kod,1993-05-27T12:00:00Z,1993-05-27T14:00:00+02:00,738504000000,,14,14,G,,corrected-archive-csv
162860,Luleå-Kallax Flygplats,13,Rådande väder,"momentanvärde, 1 gång/tim resp 8 gånger/dygn",kod,1993-05-27T13:00:00Z,1993-05-27T15:00:00+02:00,738507600000,,14,14,Y,,corrected-archive-csv
162860,Luleå-Kallax Flygplats,13,Rådande väder,"momentanvärde, 1 gång/tim resp 8 gånger/dygn",kod,1993-05-27T14:00:00Z,1993-05-27T16:00:00+02:00,738511200000,,15,15,Y,,corrected-archive-csv
162860,Luleå-Kallax Flygplats,13,Rådande väder,"momentanvärde, 1 gång/tim resp 8 gånger/dygn",kod,1993-05-27T15:00:00Z,1993-05-27T17:00:00+02:00,738514800000,,15,15,G,,corrected-archive-csv
162860,Luleå-Kallax Flygplats,13,Rådande väder,"momentanvärde, 1 gång/tim resp 8 gånger/dygn",kod,1993-05-27T16:00:00Z,1993-05-27T18:00:00+02:00,738518400000,,15,15,Y,,corrected-archive-csv
162860,Luleå-Kallax Flygplats,13,Rådande väder,"momentanvärde, 1 gång/tim resp 8 gånger/dygn",kod,1993-05-27T18:00:00Z,1993-05-27T20:00:00+02:00,738525600000,,15,15,G,,corrected-archive-csv
162860,Luleå-Kallax Flygplats,13,Rådande väder,"momentanvärde, 1 gång/tim resp 8 gånger/dygn",kod,1993-05-27T19:00:00Z,1993-05-27T21:00:00+02:00,738529200000,,14,14,Y,,corrected-archive-csv
162860,Luleå-Kallax Flygplats,13,Rådande väder,"momentanvärde, 1 gång/tim resp 8 gånger/dygn",kod,1993-05-27T21:00:00Z,1993-05-27T23:00:00+02:00,738536400000,,14,14,G,,corrected-archive-csv
162860,Luleå-Kallax Flygplats,13,Rådande väder,"momentanvärde, 1 gång/tim resp 8 gånger/dygn",kod,1993-05-27T22:00:00Z,1993-05-28T00:00:00+02:00,738540000000,,14,14,Y,,corrected-archive-csv
162860,Luleå-Kallax Flygplats,13,Rådande väder,"momentanvärde, 1 gång/tim resp 8 gånger/dygn",kod,1993-05-27T23:00:00Z,1993-05-28T01:00:00+02:00,738543600000,,14,14,Y,,corrected-archive-csv
162860,Luleå-Kallax Flygplats,13,Rådande väder,"momentanvärde, 1 gång/tim resp 8 gånger/dygn",kod,1993-05-28T00:00:00Z,1993-05-28T02:00:00+02:00,738547200000,,14,14,G,,corrected-archive-csv
162860,Luleå-Kallax Flygplats,13,Rådande väder,"momentanvärde, 1 gång/tim resp 8 gånger/dygn",kod,1993-05-28T01:00:00Z,1993-05-28T03:00:00+02:00,738550800000,,14,14,Y,,corrected-archive-csv
162860,Luleå-Kallax Flygplats,13,Rådande väder,"momentanvärde, 1 gång/tim resp 8 gånger/dygn",kod,1993-05-28T02:00:00Z,1993-05-28T04:00:00+02:00,738554400000,,14,14,Y,,corrected-archive-csv
162860,Luleå-Kallax Flygplats,13,Rådande väder,"momentanvärde, 1 gång/tim resp 8 gånger/dygn",kod,1993-05-28T03:00:00Z,1993-05-28T05:00:00+02:00,738558000000,,14,14,G,,corrected-archive-csv
162860,Luleå-Kallax Flygplats,13,Rådande väder,"momentanvärde, 1 gång/tim resp 8 gånger/dygn",kod,1993-05-28T04:00:00Z,1993-05-28T06:00:00+02:00,738561600000,,14,14,Y,,corrected-archive-csv
162860,Luleå-Kallax Flygplats,13,Rådande väder,"momentanvärde, 1 gång/tim resp 8 gånger/dygn",kod,1993-05-28T05:00:00Z,1993-05-28T07:00:00+02:00,738565200000,,1,1,Y,,corrected-archive-csv
162860,Luleå-Kallax Flygplats,13,Rådande väder,"momentanvärde, 1 gång/tim resp 8 gånger/dygn",kod,1993-05-28T06:00:00Z,1993-05-28T08:00:00+02:00,738568800000,,0,0,G,,corrected-archive-csv
162860,Luleå-Kallax Flygplats,13,Rådande väder,"momentanvärde, 1 gång/tim resp 8 gånger/dygn",kod,1993-05-28T08:00:00Z,1993-05-28T10:00:00+02:00,738576000000,,14,14,Y,,corrected-archive-csv
162860,Luleå-Kallax Flygplats,13,Rådande väder,"momentanvärde, 1 gång/tim resp 8 gånger/dygn",kod,1993-05-28T09:00:00Z,1993-05-28T11:00:00+02:00,738579600000,,14,14,G,,corrected-archive-csv
162860,Luleå-Kallax Flygplats,13,Rådande väder,"momentanvärde, 1 gång/tim resp 8 gånger/dygn",kod,1993-05-28T10:00:00Z,1993-05-28T12:00:00+02:00,738583200000,,22,22,Y,,corrected-archive-csv
162860,Luleå-Kallax Flygplats,13,Rådande väder,"momentanvärde, 1 gång/tim resp 8 gånger/dygn",kod,1993-05-28T11:00:00Z,1993-05-28T13:00:00+02:00,738586800000,,2,2,Y,,corrected-archive-csv
162860,Luleå-Kallax Flygplats,13,Rådande väder,"momentanvärde, 1 gång/tim resp 8 gånger/dygn",kod,1993-05-28T12:00:00Z,1993-05-28T14:00:00+02:00,738590400000,,2,2,G,,corrected-archive-csv
162860,Luleå-Kallax Flygplats,13,Rådande väder,"momentanvärde, 1 gång/tim resp 8 gånger/dygn",kod,1993-05-28T15:00:00Z,1993-05-28T17:00:00+02:00,738601200000,,0,0,G,,corrected-archive-csv
162860,Luleå-Kallax Flygplats,13,Rådande väder,"momentanvärde, 1 gång/tim resp 8 gånger/dygn",kod,1993-05-28T18:00:00Z,1993-05-28T20:00:00+02:00,738612000000,,0,0,G,,corrected-archive-csv
162860,Luleå-Kallax Flygplats,13,Rådande väder,"momentanvärde, 1 gång/tim resp 8 gånger/dygn",kod,1993-05-28T21:00:00Z,1993-05-28T23:00:00+02:00,738622800000,,0,0,G,,corrected-archive-csv
162860,Luleå-Kallax Flygplats,13,Rådande väder,"momentanvärde, 1 gång/tim resp 8 gånger/dygn",kod,1993-05-29T00:00:00Z,1993-05-29T02:00:00+02:00,738633600000,,0,0,G,,corrected-archive-csv
162860,Luleå-Kallax Flygplats,13,Rådande väder,"momentanvärde, 1 gång/tim resp 8 gånger/dygn",kod,1993-05-29T03:00:00Z,1993-05-29T05:00:00+02:00,738644400000,,0,0,G,,corrected-archive-csv
162860,Luleå-Kallax Flygplats,13,Rådande väder,"momentanvärde, 1 gång/tim resp 8 gånger/dygn",kod,1993-05-29T06:00:00Z,1993-05-29T08:00:00+02:00,738655200000,,0,0,G,,corrected-archive-csv
162860,Luleå-Kallax Flygplats,13,Rådande väder,"momentanvärde, 1 gång/tim resp 8 gånger/dygn",kod,1993-05-29T09:00:00Z,1993-05-29T11:00:00+02:00,738666000000,,0,0,G,,corrected-archive-csv
162860,Luleå-Kallax Flygplats,13,Rådande väder,"momentanvärde, 1 gång/tim resp 8 gånger/dygn",kod,1993-05-29T12:00:00Z,1993-05-29T14:00:00+02:00,738676800000,,0,0,G,,corrected-archive-csv
162860,Luleå-Kallax Flygplats,13,Rådande väder,"momentanvärde, 1 gång/tim resp 8 gånger/dygn",kod,1993-05-29T15:00:00Z,1993-05-29T17:00:00+02:00,738687600000,,0,0,G,,corrected-archive-csv
162860,Luleå-Kallax Flygplats,13,Rådande väder,"momentanvärde, 1 gång/tim resp 8 gånger/dygn",kod,1993-05-29T18:00:00Z,1993-05-29T20:00:00+02:00,738698400000,,0,0,G,,corrected-archive-csv
162860,Luleå-Kallax Flygplats,13,Rådande väder,"momentanvärde, 1 gång/tim resp 8 gånger/dygn",kod,1993-05-29T21:00:00Z,1993-05-29T23:00:00+02:00,738709200000,,0,0,G,,corrected-archive-csv
162860,Luleå-Kallax Flygplats,13,Rådande väder,"momentanvärde, 1 gång/tim resp 8 gånger/dygn",kod,1993-05-30T00:00:00Z,1993-05-30T02:00:00+02:00,738720000000,,0,0,G,,corrected-archive-csv
162860,Luleå-Kallax Flygplats,13,Rådande väder,"momentanvärde, 1 gång/tim resp 8 gånger/dygn",kod,1993-05-30T03:00:00Z,1993-05-30T05:00:00+02:00,738730800000,,0,0,G,,corrected-archive-csv
162860,Luleå-Kallax Flygplats,13,Rådande väder,"momentanvärde, 1 gång/tim resp 8 gånger/dygn",kod,1993-05-30T06:00:00Z,1993-05-30T08:00:00+02:00,738741600000,,0,0,G,,corrected-archive-csv
162860,Luleå-Kallax Flygplats,13,Rådande väder,"momentanvärde, 1 gång/tim resp 8 gånger/dygn",kod,1993-05-30T09:00:00Z,1993-05-30T11:00:00+02:00,738752400000,,0,0,G,,corrected-archive-csv
162860,Luleå-Kallax Flygplats,13,Rådande väder,"momentanvärde, 1 gång/tim resp 8 gånger/dygn",kod,1993-05-30T12:00:00Z,1993-05-30T14:00:00+02:00,738763200000,,0,0,G,,corrected-archive-csv
162860,Luleå-Kallax Flygplats,13,Rådande väder,"momentanvärde, 1 gång/tim resp 8 gånger/dygn",kod,1993-05-30T15:00:00Z,1993-05-30T17:00:00+02:00,738774000000,,0,0,G,,corrected-archive-csv
162860,Luleå-Kallax Flygplats,13,Rådande väder,"momentanvärde, 1 gång/tim resp 8 gånger/dygn",kod,1993-05-30T18:00:00Z,1993-05-30T20:00:00+02:00,738784800000,,0,0,G,,corrected-archive-csv
162860,Luleå-Kallax Flygplats,13,Rådande väder,"momentanvärde, 1 gång/tim resp 8 gånger/dygn",kod,1993-05-30T20:00:00Z,1993-05-30T22:00:00+02:00,738792000000,,60,60,Y,,corrected-archive-csv
162860,Luleå-Kallax Flygplats,13,Rådande väder,"momentanvärde, 1 gång/tim resp 8 gånger/dygn",kod,1993-05-30T21:00:00Z,1993-05-30T23:00:00+02:00,738795600000,,61,61,G,,corrected-archive-csv
162860,Luleå-Kallax Flygplats,13,Rådande väder,"momentanvärde, 1 gång/tim resp 8 gånger/dygn",kod,1993-05-30T22:00:00Z,1993-05-31T00:00:00+02:00,738799200000,,21,21,Y,,corrected-archive-csv
162860,Luleå-Kallax Flygplats,13,Rådande väder,"momentanvärde, 1 gång/tim resp 8 gånger/dygn",kod,1993-05-30T23:00:00Z,1993-05-31T01:00:00+02:00,738802800000,,14,14,Y,,corrected-archive-csv
162860,Luleå-Kallax Flygplats,13,Rådande väder,"momentanvärde, 1 gång/tim resp 8 gånger/dygn",kod,1993-05-31T00:00:00Z,1993-05-31T02:00:00+02:00,738806400000,,11,11,G,,corrected-archive-csv
162860,Luleå-Kallax Flygplats,13,Rådande väder,"momentanvärde, 1 gång/tim resp 8 gånger/dygn",kod,1993-05-31T01:00:00Z,1993-05-31T03:00:00+02:00,738810000000,,11,11,Y,,corrected-archive-csv
162860,Luleå-Kallax Flygplats,13,Rådande väder,"momentanvärde, 1 gång/tim resp 8 gånger/dygn",kod,1993-05-31T02:00:00Z,1993-05-31T04:00:00+02:00,738813600000,,1,1,Y,,corrected-archive-csv
162860,Luleå-Kallax Flygplats,13,Rådande väder,"momentanvärde, 1 gång/tim resp 8 gånger/dygn",kod,1993-05-31T03:00:00Z,1993-05-31T05:00:00+02:00,738817200000,,0,0,G,,corrected-archive-csv
162860,Luleå-Kallax Flygplats,13,Rådande väder,"momentanvärde, 1 gång/tim resp 8 gånger/dygn",kod,1993-05-31T04:00:00Z,1993-05-31T06:00:00+02:00,738820800000,,1,1,Y,,corrected-archive-csv
162860,Luleå-Kallax Flygplats,13,Rådande väder,"momentanvärde, 1 gång/tim resp 8 gånger/dygn",kod,1993-05-31T05:00:00Z,1993-05-31T07:00:00+02:00,738824400000,,1,1,Y,,corrected-archive-csv
162860,Luleå-Kallax Flygplats,13,Rådande väder,"momentanvärde, 1 gång/tim resp 8 gånger/dygn",kod,1993-05-31T06:00:00Z,1993-05-31T08:00:00+02:00,738828000000,,0,0,G,,corrected-archive-csv
162860,Luleå-Kallax Flygplats,13,Rådande väder,"momentanvärde, 1 gång/tim resp 8 gånger/dygn",kod,1993-05-31T09:00:00Z,1993-05-31T11:00:00+02:00,738838800000,,0,0,G,,corrected-archive-csv
162860,Luleå-Kallax Flygplats,13,Rådande väder,"momentanvärde, 1 gång/tim resp 8 gånger/dygn",kod,1993-05-31T12:00:00Z,1993-05-31T14:00:00+02:00,738849600000,,0,0,G,,corrected-archive-csv
162860,Luleå-Kallax Flygplats,13,Rådande väder,"momentanvärde, 1 gång/tim resp 8 gånger/dygn",kod,1993-05-31T15:00:00Z,1993-05-31T17:00:00+02:00,738860400000,,0,0,G,,corrected-archive-csv
162860,Luleå-Kallax Flygplats,13,Rådande väder,"momentanvärde, 1 gång/tim resp 8 gånger/dygn",kod,1993-05-31T18:00:00Z,1993-05-31T20:00:00+02:00,738871200000,,61,61,G,,corrected-archive-csv
162860,Luleå-Kallax Flygplats,13,Rådande väder,"momentanvärde, 1 gång/tim resp 8 gånger/dygn",kod,1993-05-31T19:00:00Z,1993-05-31T21:00:00+02:00,738874800000,,61,61,Y,,corrected-archive-csv
162860,Luleå-Kallax Flygplats,13,Rådande väder,"momentanvärde, 1 gång/tim resp 8 gånger/dygn",kod,1993-05-31T20:00:00Z,1993-05-31T22:00:00+02:00,738878400000,,63,63,Y,,corrected-archive-csv
162860,Luleå-Kallax Flygplats,13,Rådande väder,"momentanvärde, 1 gång/tim resp 8 gånger/dygn",kod,1993-05-31T21:00:00Z,1993-05-31T23:00:00+02:00,738882000000,,65,65,G,,corrected-archive-csv
162860,Luleå-Kallax Flygplats,13,Rådande väder,"momentanvärde, 1 gång/tim resp 8 gånger/dygn",kod,1993-05-31T22:00:00Z,1993-06-01T00:00:00+02:00,738885600000,,65,65,Y,,corrected-archive-csv
162860,Luleå-Kallax Flygplats,13,Rådande väder,"momentanvärde, 1 gång/tim resp 8 gånger/dygn",kod,1993-05-31T23:00:00Z,1993-06-01T01:00:00+02:00,738889200000,,65,65,Y,,corrected-archive-csv
162860,Luleå-Kallax Flygplats,13,Rådande väder,"momentanvärde, 1 gång/tim resp 8 gånger/dygn",kod,1993-06-01T00:00:00Z,1993-06-01T02:00:00+02:00,738892800000,,65,65,G,,corrected-archive-csv
162860,Luleå-Kallax Flygplats,13,Rådande väder,"momentanvärde, 1 gång/tim resp 8 gånger/dygn",kod,1993-06-01T01:00:00Z,1993-06-01T03:00:00+02:00,738896400000,,65,65,Y,,corrected-archive-csv
162860,Luleå-Kallax Flygplats,13,Rådande väder,"momentanvärde, 1 gång/tim resp 8 gånger/dygn",kod,1993-06-01T02:00:00Z,1993-06-01T04:00:00+02:00,738900000000,,65,65,Y,,corrected-archive-csv
162860,Luleå-Kallax Flygplats,13,Rådande väder,"momentanvärde, 1 gång/tim resp 8 gånger/dygn",kod,1993-06-01T03:00:00Z,1993-06-01T05:00:00+02:00,738903600000,,63,63,G,,corrected-archive-csv
162860,Luleå-Kallax Flygplats,13,Rådande väder,"momentanvärde, 1 gång/tim resp 8 gånger/dygn",kod,1993-06-01T04:00:00Z,1993-06-01T06:00:00+02:00,738907200000,,21,21,Y,,corrected-archive-csv
162860,Luleå-Kallax Flygplats,13,Rådande väder,"momentanvärde, 1 gång/tim resp 8 gånger/dygn",kod,1993-06-01T05:00:00Z,1993-06-01T07:00:00+02:00,738910800000,,10,10,Y,,corrected-archive-csv
162860,Luleå-Kallax Flygplats,13,Rådande väder,"momentanvärde, 1 gång/tim resp 8 gånger/dygn",kod,1993-06-01T06:00:00Z,1993-06-01T08:00:00+02:00,738914400000,,2,2,G,,corrected-archive-csv
162860,Luleå-Kallax Flygplats,13,Rådande väder,"momentanvärde, 1 gång/tim resp 8 gånger/dygn",kod,1993-06-01T07:00:00Z,1993-06-01T09:00:00+02:00,738918000000,,61,61,Y,,corrected-archive-csv
162860,Luleå-Kallax Flygplats,13,Rådande väder,"momentanvärde, 1 gång/tim resp 8 gånger/dygn",kod,1993-06-01T08:00:00Z,1993-06-01T10:00:00+02:00,738921600000,,61,61,Y,,corrected-archive-csv
162860,Luleå-Kallax Flygplats,13,Rådande väder,"momentanvärde, 1 gång/tim resp 8 gånger/dygn",kod,1993-06-01T09:00:00Z,1993-06-01T11:00:00+02:00,738925200000,,61,61,G,,corrected-archive-csv
162860,Luleå-Kallax Flygplats,13,Rådande väder,"momentanvärde, 1 gång/tim resp 8 gånger/dygn",kod,1993-06-01T10:00:00Z,1993-06-01T12:00:00+02:00,738928800000,,21,21,Y,,corrected-archive-csv
162860,Luleå-Kallax Flygplats,13,Rådande väder,"momentanvärde, 1 gång/tim resp 8 gånger/dygn",kod,1993-06-01T11:00:00Z,1993-06-01T13:00:00+02:00,738932400000,,28,28,Y,,corrected-archive-csv
162860,Luleå-Kallax Flygplats,13,Rådande väder,"momentanvärde, 1 gång/tim resp 8 gånger/dygn",kod,1993-06-01T12:00:00Z,1993-06-01T14:00:00+02:00,738936000000,,40,40,G,,corrected-archive-csv
162860,Luleå-Kallax Flygplats,13,Rådande väder,"momentanvärde, 1 gång/tim resp 8 gånger/dygn",kod,1993-06-01T13:00:00Z,1993-06-01T15:00:00+02:00,738939600000,,40,40,Y,,corrected-archive-csv
162860,Luleå-Kallax Flygplats,13,Rådande väder,"momentanvärde, 1 gång/tim resp 8 gånger/dygn",kod,1993-06-01T14:00:00Z,1993-06-01T16:00:00+02:00,738943200000,,40,40,Y,,corrected-archive-csv
162860,Luleå-Kallax Flygplats,13,Rådande väder,"momentanvärde, 1 gång/tim resp 8 gånger/dygn",kod,1993-06-01T15:00:00Z,1993-06-01T17:00:00+02:00,738946800000,,40,40,G,,corrected-archive-csv
162860,Luleå-Kallax Flygplats,13,Rådande väder,"momentanvärde, 1 gång/tim resp 8 gånger/dygn",kod,1993-06-01T16:00:00Z,1993-06-01T18:00:00+02:00,738950400000,,47,47,Y,,corrected-archive-csv
162860,Luleå-Kallax Flygplats,13,Rådande väder,"momentanvärde, 1 gång/tim resp 8 gånger/dygn",kod,1993-06-01T17:00:00Z,1993-06-01T19:00:00+02:00,738954000000,,40,40,Y,,corrected-archive-csv
162860,Luleå-Kallax Flygplats,13,Rådande väder,"momentanvärde, 1 gång/tim resp 8 gånger/dygn",kod,1993-06-01T18:00:00Z,1993-06-01T20:00:00+02:00,738957600000,,28,28,G,,corrected-archive-csv
162860,Luleå-Kallax Flygplats,13,Rådande väder,"momentanvärde, 1 gång/tim resp 8 gånger/dygn",kod,1993-06-01T19:00:00Z,1993-06-01T21:00:00+02:00,738961200000,,47,47,Y,,corrected-archive-csv
162860,Luleå-Kallax Flygplats,13,Rådande väder,"momentanvärde, 1 gång/tim resp 8 gånger/dygn",kod,1993-06-01T20:00:00Z,1993-06-01T22:00:00+02:00,738964800000,,47,47,Y,,corrected-archive-csv
162860,Luleå-Kallax Flygplats,13,Rådande väder,"momentanvärde, 1 gång/tim resp 8 gånger/dygn",kod,1993-06-01T21:00:00Z,1993-06-01T23:00:00+02:00,738968400000,,47,47,G,,corrected-archive-csv
162860,Luleå-Kallax Flygplats,13,Rådande väder,"momentanvärde, 1 gång/tim resp 8 gånger/dygn",kod,1993-06-01T22:00:00Z,1993-06-02T00:00:00+02:00,738972000000,,55,55,Y,,corrected-archive-csv
162860,Luleå-Kallax Flygplats,13,Rådande väder,"momentanvärde, 1 gång/tim resp 8 gånger/dygn",kod,1993-06-01T23:00:00Z,1993-06-02T01:00:00+02:00,738975600000,,55,55,Y,,corrected-archive-csv
162860,Luleå-Kallax Flygplats,13,Rådande väder,"momentanvärde, 1 gång/tim resp 8 gånger/dygn",kod,1993-06-02T00:00:00Z,1993-06-02T02:00:00+02:00,738979200000,,51,51,G,,corrected-archive-csv
162860,Luleå-Kallax Flygplats,13,Rådande väder,"momentanvärde, 1 gång/tim resp 8 gånger/dygn",kod,1993-06-02T01:00:00Z,1993-06-02T03:00:00+02:00,738982800000,,55,55,Y,,corrected-archive-csv
162860,Luleå-Kallax Flygplats,13,Rådande väder,"momentanvärde, 1 gång/tim resp 8 gånger/dygn",kod,1993-06-02T02:00:00Z,1993-06-02T04:00:00+02:00,738986400000,,55,55,Y,,corrected-archive-csv
162860,Luleå-Kallax Flygplats,13,Rådande väder,"momentanvärde, 1 gång/tim resp 8 gånger/dygn",kod,1993-06-02T03:00:00Z,1993-06-02T05:00:00+02:00,738990000000,,45,45,G,,corrected-archive-csv
162860,Luleå-Kallax Flygplats,13,Rådande väder,"momentanvärde, 1 gång/tim resp 8 gånger/dygn",kod,1993-06-02T04:00:00Z,1993-06-02T06:00:00+02:00,738993600000,,45,45,Y,,corrected-archive-csv
162860,Luleå-Kallax Flygplats,13,Rådande väder,"momentanvärde, 1 gång/tim resp 8 gånger/dygn",kod,1993-06-02T05:00:00Z,1993-06-02T07:00:00+02:00,738997200000,,45,45,Y,,corrected-archive-csv
162860,Luleå-Kallax Flygplats,13,Rådande väder,"momentanvärde, 1 gång/tim resp 8 gånger/dygn",kod,1993-06-02T06:00:00Z,1993-06-02T08:00:00+02:00,739000800000,,45,45,G,,corrected-archive-csv
162860,Luleå-Kallax Flygplats,13,Rådande väder,"momentanvärde, 1 gång/tim resp 8 gånger/dygn",kod,1993-06-02T07:00:00Z,1993-06-02T09:00:00+02:00,739004400000,,61,61,Y,,corrected-archive-csv
162860,Luleå-Kallax Flygplats,13,Rådande väder,"momentanvärde, 1 gång/tim resp 8 gånger/dygn",kod,1993-06-02T08:00:00Z,1993-06-02T10:00:00+02:00,739008000000,,61,61,Y,,corrected-archive-csv
162860,Luleå-Kallax Flygplats,13,Rådande väder,"momentanvärde, 1 gång/tim resp 8 gånger/dygn",kod,1993-06-02T09:00:00Z,1993-06-02T11:00:00+02:00,739011600000,,40,40,G,,corrected-archive-csv
162860,Luleå-Kallax Flygplats,13,Rådande väder,"momentanvärde, 1 gång/tim resp 8 gånger/dygn",kod,1993-06-02T10:00:00Z,1993-06-02T12:00:00+02:00,739015200000,,47,47,Y,,corrected-archive-csv
162860,Luleå-Kallax Flygplats,13,Rådande väder,"momentanvärde, 1 gång/tim resp 8 gånger/dygn",kod,1993-06-02T11:00:00Z,1993-06-02T13:00:00+02:00,739018800000,,40,40,Y,,corrected-archive-csv
162860,Luleå-Kallax Flygplats,13,Rådande väder,"momentanvärde, 1 gång/tim resp 8 gånger/dygn",kod,1993-06-02T12:00:00Z,1993-06-02T14:00:00+02:00,739022400000,,10,10,G,,corrected-archive-csv
162860,Luleå-Kallax Flygplats,13,Rådande väder,"momentanvärde, 1 gång/tim resp 8 gånger/dygn",kod,1993-06-02T13:00:00Z,1993-06-02T15:00:00+02:00,739026000000,,28,28,Y,,corrected-archive-csv
162860,Luleå-Kallax Flygplats,13,Rådande väder,"momentanvärde, 1 gång/tim resp 8 gånger/dygn",kod,1993-06-02T14:00:00Z,1993-06-02T16:00:00+02:00,739029600000,,1,1,Y,,corrected-archive-csv
162860,Luleå-Kallax Flygplats,13,Rådande väder,"momentanvärde, 1 gång/tim resp 8 gånger/dygn",kod,1993-06-02T15:00:00Z,1993-06-02T17:00:00+02:00,739033200000,,1,1,G,,corrected-archive-csv
162860,Luleå-Kallax Flygplats,13,Rådande väder,"momentanvärde, 1 gång/tim resp 8 gånger/dygn",kod,1993-06-02T16:00:00Z,1993-06-02T18:00:00+02:00,739036800000,,1,1,Y,,corrected-archive-csv
162860,Luleå-Kallax Flygplats,13,Rådande väder,"momentanvärde, 1 gång/tim resp 8 gånger/dygn",kod,1993-06-02T17:00:00Z,1993-06-02T19:00:00+02:00,739040400000,,61,61,Y,,corrected-archive-csv
162860,Luleå-Kallax Flygplats,13,Rådande väder,"momentanvärde, 1 gång/tim resp 8 gånger/dygn",kod,1993-06-02T18:00:00Z,1993-06-02T20:00:00+02:00,739044000000,,61,61,G,,corrected-archive-csv
162860,Luleå-Kallax Flygplats,13,Rådande väder,"momentanvärde, 1 gång/tim resp 8 gånger/dygn",kod,1993-06-02T19:00:00Z,1993-06-02T21:00:00+02:00,739047600000,,61,61,Y,,corrected-archive-csv
162860,Luleå-Kallax Flygplats,13,Rådande väder,"momentanvärde, 1 gång/tim resp 8 gånger/dygn",kod,1993-06-02T20:00:00Z,1993-06-02T22:00:00+02:00,739051200000,,51,51,Y,,corrected-archive-csv
162860,Luleå-Kallax Flygplats,13,Rådande väder,"momentanvärde, 1 gång/tim resp 8 gånger/dygn",kod,1993-06-02T21:00:00Z,1993-06-02T23:00:00+02:00,739054800000,,21,21,G,,corrected-archive-csv
162860,Luleå-Kallax Flygplats,13,Rådande väder,"momentanvärde, 1 gång/tim resp 8 gånger/dygn",kod,1993-06-02T22:00:00Z,1993-06-03T00:00:00+02:00,739058400000,,21,21,Y,,corrected-archive-csv
162860,Luleå-Kallax Flygplats,13,Rådande väder,"momentanvärde, 1 gång/tim resp 8 gånger/dygn",kod,1993-06-02T23:00:00Z,1993-06-03T01:00:00+02:00,739062000000,,60,60,Y,,corrected-archive-csv
162860,Luleå-Kallax Flygplats,13,Rådande väder,"momentanvärde, 1 gång/tim resp 8 gånger/dygn",kod,1993-06-03T00:00:00Z,1993-06-03T02:00:00+02:00,739065600000,,21,21,G,,corrected-archive-csv
162860,Luleå-Kallax Flygplats,13,Rådande väder,"momentanvärde, 1 gång/tim resp 8 gånger/dygn",kod,1993-06-03T01:00:00Z,1993-06-03T03:00:00+02:00,739069200000,,60,60,Y,,corrected-archive-csv
162860,Luleå-Kallax Flygplats,13,Rådande väder,"momentanvärde, 1 gång/tim resp 8 gånger/dygn",kod,1993-06-03T02:00:00Z,1993-06-03T04:00:00+02:00,739072800000,,21,21,Y,,corrected-archive-csv
162860,Luleå-Kallax Flygplats,13,Rådande väder,"momentanvärde, 1 gång/tim resp 8 gånger/dygn",kod,1993-06-03T03:00:00Z,1993-06-03T05:00:00+02:00,739076400000,,10,10,G,,corrected-archive-csv
162860,Luleå-Kallax Flygplats,13,Rådande väder,"momentanvärde, 1 gång/tim resp 8 gånger/dygn",kod,1993-06-03T04:00:00Z,1993-06-03T06:00:00+02:00,739080000000,,10,10,Y,,corrected-archive-csv
162860,Luleå-Kallax Flygplats,13,Rådande väder,"momentanvärde, 1 gång/tim resp 8 gånger/dygn",kod,1993-06-03T05:00:00Z,1993-06-03T07:00:00+02:00,739083600000,,10,10,Y,,corrected-archive-csv
162860,Luleå-Kallax Flygplats,13,Rådande väder,"momentanvärde, 1 gång/tim resp 8 gånger/dygn",kod,1993-06-03T06:00:00Z,1993-06-03T08:00:00+02:00,739087200000,,40,40,G,,corrected-archive-csv
162860,Luleå-Kallax Flygplats,13,Rådande väder,"momentanvärde, 1 gång/tim resp 8 gånger/dygn",kod,1993-06-03T07:00:00Z,1993-06-03T09:00:00+02:00,739090800000,,25,25,Y,,corrected-archive-csv
162860,Luleå-Kallax Flygplats,13,Rådande väder,"momentanvärde, 1 gång/tim resp 8 gånger/dygn",kod,1993-06-03T08:00:00Z,1993-06-03T10:00:00+02:00,739094400000,,51,51,Y,,corrected-archive-csv
162860,Luleå-Kallax Flygplats,13,Rådande väder,"momentanvärde, 1 gång/tim resp 8 gånger/dygn",kod,1993-06-03T09:00:00Z,1993-06-03T11:00:00+02:00,739098000000,,20,20,G,,corrected-archive-csv
162860,Luleå-Kallax Flygplats,13,Rådande väder,"momentanvärde, 1 gång/tim resp 8 gånger/dygn",kod,1993-06-03T10:00:00Z,1993-06-03T12:00:00+02:00,739101600000,,2,2,Y,,corrected-archive-csv
162860,Luleå-Kallax Flygplats,13,Rådande väder,"momentanvärde, 1 gång/tim resp 8 gånger/dygn",kod,1993-06-03T11:00:00Z,1993-06-03T13:00:00+02:00,739105200000,,2,2,Y,,corrected-archive-csv
162860,Luleå-Kallax Flygplats,13,Rådande väder,"momentanvärde, 1 gång/tim resp 8 gånger/dygn",kod,1993-06-03T12:00:00Z,1993-06-03T14:00:00+02:00,739108800000,,2,2,G,,corrected-archive-csv
162860,Luleå-Kallax Flygplats,13,Rådande väder,"momentanvärde, 1 gång/tim resp 8 gånger/dygn",kod,1993-06-03T15:00:00Z,1993-06-03T17:00:00+02:00,739119600000,,0,0,G,,corrected-archive-csv
162860,Luleå-Kallax Flygplats,13,Rådande väder,"momentanvärde, 1 gång/tim resp 8 gånger/dygn",kod,1993-06-03T18:00:00Z,1993-06-03T20:00:00+02:00,739130400000,,0,0,G,,corrected-archive-csv
162860,Luleå-Kallax Flygplats,13,Rådande väder,"momentanvärde, 1 gång/tim resp 8 gånger/dygn",kod,1993-06-03T21:00:00Z,1993-06-03T23:00:00+02:00,739141200000,,0,0,G,,corrected-archive-csv
162860,Luleå-Kallax Flygplats,13,Rådande väder,"momentanvärde, 1 gång/tim resp 8 gånger/dygn",kod,1993-06-03T22:00:00Z,1993-06-04T00:00:00+02:00,739144800000,,61,61,Y,,corrected-archive-csv
162860,Luleå-Kallax Flygplats,13,Rådande väder,"momentanvärde, 1 gång/tim resp 8 gånger/dygn",kod,1993-06-03T23:00:00Z,1993-06-04T01:00:00+02:00,739148400000,,61,61,Y,,corrected-archive-csv
162860,Luleå-Kallax Flygplats,13,Rådande väder,"momentanvärde, 1 gång/tim resp 8 gånger/dygn",kod,1993-06-04T00:00:00Z,1993-06-04T02:00:00+02:00,739152000000,,60,60,G,,corrected-archive-csv
162860,Luleå-Kallax Flygplats,13,Rådande väder,"momentanvärde, 1 gång/tim resp 8 gånger/dygn",kod,1993-06-04T01:00:00Z,1993-06-04T03:00:00+02:00,739155600000,,61,61,Y,,corrected-archive-csv
162860,Luleå-Kallax Flygplats,13,Rådande väder,"momentanvärde, 1 gång/tim resp 8 gånger/dygn",kod,1993-06-04T02:00:00Z,1993-06-04T04:00:00+02:00,739159200000,,61,61,Y,,corrected-archive-csv
162860,Luleå-Kallax Flygplats,13,Rådande väder,"momentanvärde, 1 gång/tim resp 8 gånger/dygn",kod,1993-06-04T03:00:00Z,1993-06-04T05:00:00+02:00,739162800000,,60,60,G,,corrected-archive-csv
162860,Luleå-Kallax Flygplats,13,Rådande väder,"momentanvärde, 1 gång/tim resp 8 gånger/dygn",kod,1993-06-04T04:00:00Z,1993-06-04T06:00:00+02:00,739166400000,,3,3,Y,,corrected-archive-csv
162860,Luleå-Kallax Flygplats,13,Rådande väder,"momentanvärde, 1 gång/tim resp 8 gånger/dygn",kod,1993-06-04T05:00:00Z,1993-06-04T07:00:00+02:00,739170000000,,3,3,Y,,corrected-archive-csv
162860,Luleå-Kallax Flygplats,13,Rådande väder,"momentanvärde, 1 gång/tim resp 8 gånger/dygn",kod,1993-06-04T06:00:00Z,1993-06-04T08:00:00+02:00,739173600000,,2,2,G,,corrected-archive-csv
162860,Luleå-Kallax Flygplats,13,Rådande väder,"momentanvärde, 1 gång/tim resp 8 gånger/dygn",kod,1993-06-04T09:00:00Z,1993-06-04T11:00:00+02:00,739184400000,,0,0,G,,corrected-archive-csv
162860,Luleå-Kallax Flygplats,13,Rådande väder,"momentanvärde, 1 gång/tim resp 8 gånger/dygn",kod,1993-06-04T12:00:00Z,1993-06-04T14:00:00+02:00,739195200000,,0,0,G,,corrected-archive-csv
162860,Luleå-Kallax Flygplats,13,Rådande väder,"momentanvärde, 1 gång/tim resp 8 gånger/dygn",kod,1993-06-04T15:00:00Z,1993-06-04T17:00:00+02:00,739206000000,,0,0,G,,corrected-archive-csv
162860,Luleå-Kallax Flygplats,13,Rådande väder,"momentanvärde, 1 gång/tim resp 8 gånger/dygn",kod,1993-06-04T18:00:00Z,1993-06-04T20:00:00+02:00,739216800000,,14,14,G,,corrected-archive-csv
162860,Luleå-Kallax Flygplats,13,Rådande väder,"momentanvärde, 1 gång/tim resp 8 gånger/dygn",kod,1993-06-04T19:00:00Z,1993-06-04T21:00:00+02:00,739220400000,,14,14,Y,,corrected-archive-csv
162860,Luleå-Kallax Flygplats,13,Rådande väder,"momentanvärde, 1 gång/tim resp 8 gånger/dygn",kod,1993-06-04T20:00:00Z,1993-06-04T22:00:00+02:00,739224000000,,14,14,Y,,corrected-archive-csv
162860,Luleå-Kallax Flygplats,13,Rådande väder,"momentanvärde, 1 gång/tim resp 8 gånger/dygn",kod,1993-06-04T21:00:00Z,1993-06-04T23:00:00+02:00,739227600000,,1,1,G,,corrected-archive-csv
162860,Luleå-Kallax Flygplats,13,Rådande väder,"momentanvärde, 1 gång/tim resp 8 gånger/dygn",kod,1993-06-04T22:00:00Z,1993-06-05T00:00:00+02:00,739231200000,,1,1,Y,,corrected-archive-csv
162860,Luleå-Kallax Flygplats,13,Rådande väder,"momentanvärde, 1 gång/tim resp 8 gånger/dygn",kod,1993-06-04T23:00:00Z,1993-06-05T01:00:00+02:00,739234800000,,1,1,Y,,corrected-archive-csv
162860,Luleå-Kallax Flygplats,13,Rådande väder,"momentanvärde, 1 gång/tim resp 8 gånger/dygn",kod,1993-06-05T00:00:00Z,1993-06-05T02:00:00+02:00,739238400000,,0,0,G,,corrected-archive-csv
162860,Luleå-Kallax Flygplats,13,Rådande väder,"momentanvärde, 1 gång/tim resp 8 gånger/dygn",kod,1993-06-05T03:00:00Z,1993-06-05T05:00:00+02:00,739249200000,,0,0,G,,corrected-archive-csv
162860,Luleå-Kallax Flygplats,13,Rådande väder,"momentanvärde, 1 gång/tim resp 8 gånger/dygn",kod,1993-06-05T06:00:00Z,1993-06-05T08:00:00+02:00,739260000000,,0,0,G,,corrected-archive-csv
162860,Luleå-Kallax Flygplats,13,Rådande väder,"momentanvärde, 1 gång/tim resp 8 gånger/dygn",kod,1993-06-05T09:00:00Z,1993-06-05T11:00:00+02:00,739270800000,,0,0,G,,corrected-archive-csv
162860,Luleå-Kallax Flygplats,13,Rådande väder,"momentanvärde, 1 gång/tim resp 8 gånger/dygn",kod,1993-06-05T12:00:00Z,1993-06-05T14:00:00+02:00,739281600000,,0,0,G,,corrected-archive-csv
162860,Luleå-Kallax Flygplats,13,Rådande väder,"momentanvärde, 1 gång/tim resp 8 gånger/dygn",kod,1993-06-05T15:00:00Z,1993-06-05T17:00:00+02:00,739292400000,,0,0,G,,corrected-archive-csv
162860,Luleå-Kallax Flygplats,13,Rådande väder,"momentanvärde, 1 gång/tim resp 8 gånger/dygn",kod,1993-06-05T18:00:00Z,1993-06-05T20:00:00+02:00,739303200000,,0,0,G,,corrected-archive-csv
162860,Luleå-Kallax Flygplats,13,Rådande väder,"momentanvärde, 1 gång/tim resp 8 gånger/dygn",kod,1993-06-05T21:00:00Z,1993-06-05T23:00:00+02:00,739314000000,,0,0,G,,corrected-archive-csv
162860,Luleå-Kallax Flygplats,13,Rådande väder,"momentanvärde, 1 gång/tim resp 8 gånger/dygn",kod,1993-06-06T00:00:00Z,1993-06-06T02:00:00+02:00,739324800000,,0,0,G,,corrected-archive-csv
162860,Luleå-Kallax Flygplats,13,Rådande väder,"momentanvärde, 1 gång/tim resp 8 gånger/dygn",kod,1993-06-06T03:00:00Z,1993-06-06T05:00:00+02:00,739335600000,,0,0,G,,corrected-archive-csv
162860,Luleå-Kallax Flygplats,13,Rådande väder,"momentanvärde, 1 gång/tim resp 8 gånger/dygn",kod,1993-06-06T06:00:00Z,1993-06-06T08:00:00+02:00,739346400000,,14,14,G,,corrected-archive-csv
162860,Luleå-Kallax Flygplats,13,Rådande väder,"momentanvärde, 1 gång/tim resp 8 gånger/dygn",kod,1993-06-06T07:00:00Z,1993-06-06T09:00:00+02:00,739350000000,,14,14,Y,,corrected-archive-csv
162860,Luleå-Kallax Flygplats,13,Rådande väder,"momentanvärde, 1 gång/tim resp 8 gånger/dygn",kod,1993-06-06T08:00:00Z,1993-06-06T10:00:00+02:00,739353600000,,14,14,Y,,corrected-archive-csv
162860,Luleå-Kallax Flygplats,13,Rådande väder,"momentanvärde, 1 gång/tim resp 8 gånger/dygn",kod,1993-06-06T09:00:00Z,1993-06-06T11:00:00+02:00,739357200000,,3,3,G,,corrected-archive-csv
162860,Luleå-Kallax Flygplats,13,Rådande väder,"momentanvärde, 1 gång/tim resp 8 gånger/dygn",kod,1993-06-06T10:00:00Z,1993-06-06T12:00:00+02:00,739360800000,,2,2,Y,,corrected-archive-csv
162860,Luleå-Kallax Flygplats,13,Rådande väder,"momentanvärde, 1 gång/tim resp 8 gånger/dygn",kod,1993-06-06T11:00:00Z,1993-06-06T13:00:00+02:00,739364400000,,14,14,Y,,corrected-archive-csv
162860,Luleå-Kallax Flygplats,13,Rådande väder,"momentanvärde, 1 gång/tim resp 8 gånger/dygn",kod,1993-06-06T12:00:00Z,1993-06-06T14:00:00+02:00,739368000000,,0,0,G,,corrected-archive-csv
162860,Luleå-Kallax Flygplats,13,Rådande väder,"momentanvärde, 1 gång/tim resp 8 gånger/dygn",kod,1993-06-06T15:00:00Z,1993-06-06T17:00:00+02:00,739378800000,,0,0,G,,corrected-archive-csv
162860,Luleå-Kallax Flygplats,13,Rådande väder,"momentanvärde, 1 gång/tim resp 8 gånger/dygn",kod,1993-06-06T18:00:00Z,1993-06-06T20:00:00+02:00,739389600000,,61,61,G,,corrected-archive-csv
162860,Luleå-Kallax Flygplats,13,Rådande väder,"momentanvärde, 1 gång/tim resp 8 gånger/dygn",kod,1993-06-06T19:00:00Z,1993-06-06T21:00:00+02:00,739393200000,,14,14,Y,,corrected-archive-csv
162860,Luleå-Kallax Flygplats,13,Rådande väder,"momentanvärde, 1 gång/tim resp 8 gånger/dygn",kod,1993-06-06T20:00:00Z,1993-06-06T22:00:00+02:00,739396800000,,2,2,Y,,corrected-archive-csv
162860,Luleå-Kallax Flygplats,13,Rådande väder,"momentanvärde, 1 gång/tim resp 8 gånger/dygn",kod,1993-06-06T21:00:00Z,1993-06-06T23:00:00+02:00,739400400000,,61,61,G,,corrected-archive-csv
162860,Luleå-Kallax Flygplats,13,Rådande väder,"momentanvärde, 1 gång/tim resp 8 gånger/dygn",kod,1993-06-06T22:00:00Z,1993-06-07T00:00:00+02:00,739404000000,,14,14,Y,,corrected-archive-csv
162860,Luleå-Kallax Flygplats,13,Rådande väder,"momentanvärde, 1 gång/tim resp 8 gånger/dygn",kod,1993-06-06T23:00:00Z,1993-06-07T01:00:00+02:00,739407600000,,14,14,Y,,corrected-archive-csv
162860,Luleå-Kallax Flygplats,13,Rådande väder,"momentanvärde, 1 gång/tim resp 8 gånger/dygn",kod,1993-06-07T00:00:00Z,1993-06-07T02:00:00+02:00,739411200000,,2,2,G,,corrected-archive-csv
162860,Luleå-Kallax Flygplats,13,Rådande väder,"momentanvärde, 1 gång/tim resp 8 gånger/dygn",kod,1993-06-07T03:00:00Z,1993-06-07T05:00:00+02:00,739422000000,,0,0,G,,corrected-archive-csv
162860,Luleå-Kallax Flygplats,13,Rådande väder,"momentanvärde, 1 gång/tim resp 8 gånger/dygn",kod,1993-06-07T06:00:00Z,1993-06-07T08:00:00+02:00,739432800000,,0,0,G,,corrected-archive-csv
162860,Luleå-Kallax Flygplats,13,Rådande väder,"momentanvärde, 1 gång/tim resp 8 gånger/dygn",kod,1993-06-07T07:00:00Z,1993-06-07T09:00:00+02:00,739436400000,,15,15,Y,,corrected-archive-csv
162860,Luleå-Kallax Flygplats,13,Rådande väder,"momentanvärde, 1 gång/tim resp 8 gånger/dygn",kod,1993-06-07T08:00:00Z,1993-06-07T10:00:00+02:00,739440000000,,15,15,Y,,corrected-archive-csv
162860,Luleå-Kallax Flygplats,13,Rådande väder,"momentanvärde, 1 gång/tim resp 8 gånger/dygn",kod,1993-06-07T09:00:00Z,1993-06-07T11:00:00+02:00,739443600000,,15,15,G,,corrected-archive-csv
162860,Luleå-Kallax Flygplats,13,Rådande väder,"momentanvärde, 1 gång/tim resp 8 gånger/dygn",kod,1993-06-07T10:00:00Z,1993-06-07T12:00:00+02:00,739447200000,,15,15,Y,,corrected-archive-csv
162860,Luleå-Kallax Flygplats,13,Rådande väder,"momentanvärde, 1 gång/tim resp 8 gånger/dygn",kod,1993-06-07T11:00:00Z,1993-06-07T13:00:00+02:00,739450800000,,16,16,Y,,corrected-archive-csv
162860,Luleå-Kallax Flygplats,13,Rådande väder,"momentanvärde, 1 gång/tim resp 8 gånger/dygn",kod,1993-06-07T12:00:00Z,1993-06-07T14:00:00+02:00,739454400000,,16,16,G,,corrected-archive-csv
162860,Luleå-Kallax Flygplats,13,Rådande väder,"momentanvärde, 1 gång/tim resp 8 gånger/dygn",kod,1993-06-07T13:00:00Z,1993-06-07T15:00:00+02:00,739458000000,,16,16,Y,,corrected-archive-csv
162860,Luleå-Kallax Flygplats,13,Rådande väder,"momentanvärde, 1 gång/tim resp 8 gånger/dygn",kod,1993-06-07T14:00:00Z,1993-06-07T16:00:00+02:00,739461600000,,25,25,Y,,corrected-archive-csv
162860,Luleå-Kallax Flygplats,13,Rådande väder,"momentanvärde, 1 gång/tim resp 8 gånger/dygn",kod,1993-06-07T15:00:00Z,1993-06-07T17:00:00+02:00,739465200000,,16,16,G,,corrected-archive-csv
162860,Luleå-Kallax Flygplats,13,Rådande väder,"momentanvärde, 1 gång/tim resp 8 gånger/dygn",kod,1993-06-07T16:00:00Z,1993-06-07T18:00:00+02:00,739468800000,,2,2,Y,,corrected-archive-csv
162860,Luleå-Kallax Flygplats,13,Rådande väder,"momentanvärde, 1 gång/tim resp 8 gånger/dygn",kod,1993-06-07T17:00:00Z,1993-06-07T19:00:00+02:00,739472400000,,2,2,Y,,corrected-archive-csv
162860,Luleå-Kallax Flygplats,13,Rådande väder,"momentanvärde, 1 gång/tim resp 8 gånger/dygn",kod,1993-06-07T18:00:00Z,1993-06-07T20:00:00+02:00,739476000000,,14,14,G,,corrected-archive-csv
162860,Luleå-Kallax Flygplats,13,Rådande väder,"momentanvärde, 1 gång/tim resp 8 gånger/dygn",kod,1993-06-07T19:00:00Z,1993-06-07T21:00:00+02:00,739479600000,,14,14,Y,,corrected-archive-csv
162860,Luleå-Kallax Flygplats,13,Rådande väder,"momentanvärde, 1 gång/tim resp 8 gånger/dygn",kod,1993-06-07T20:00:00Z,1993-06-07T22:00:00+02:00,739483200000,,14,14,Y,,corrected-archive-csv
162860,Luleå-Kallax Flygplats,13,Rådande väder,"momentanvärde, 1 gång/tim resp 8 gånger/dygn",kod,1993-06-07T21:00:00Z,1993-06-07T23:00:00+02:00,739486800000,,14,14,G,,corrected-archive-csv
162860,Luleå-Kallax Flygplats,13,Rådande väder,"momentanvärde, 1 gång/tim resp 8 gånger/dygn",kod,1993-06-07T22:00:00Z,1993-06-08T00:00:00+02:00,739490400000,,14,14,Y,,corrected-archive-csv
162860,Luleå-Kallax Flygplats,13,Rådande väder,"momentanvärde, 1 gång/tim resp 8 gånger/dygn",kod,1993-06-07T23:00:00Z,1993-06-08T01:00:00+02:00,739494000000,,2,2,Y,,corrected-archive-csv
162860,Luleå-Kallax Flygplats,13,Rådande väder,"momentanvärde, 1 gång/tim resp 8 gånger/dygn",kod,1993-06-08T01:00:00Z,1993-06-08T03:00:00+02:00,739501200000,,21,21,Y,,corrected-archive-csv
162860,Luleå-Kallax Flygplats,13,Rådande väder,"momentanvärde, 1 gång/tim resp 8 gånger/dygn",kod,1993-06-08T02:00:00Z,1993-06-08T04:00:00+02:00,739504800000,,61,61,Y,,corrected-archive-csv
162860,Luleå-Kallax Flygplats,13,Rådande väder,"momentanvärde, 1 gång/tim resp 8 gånger/dygn",kod,1993-06-08T03:00:00Z,1993-06-08T05:00:00+02:00,739508400000,,61,61,G,,corrected-archive-csv
162860,Luleå-Kallax Flygplats,13,Rådande väder,"momentanvärde, 1 gång/tim resp 8 gånger/dygn",kod,1993-06-08T04:00:00Z,1993-06-08T06:00:00+02:00,739512000000,,14,14,Y,,corrected-archive-csv
162860,Luleå-Kallax Flygplats,13,Rådande väder,"momentanvärde, 1 gång/tim resp 8 gånger/dygn",kod,1993-06-08T05:00:00Z,1993-06-08T07:00:00+02:00,739515600000,,14,14,Y,,corrected-archive-csv
162860,Luleå-Kallax Flygplats,13,Rådande väder,"momentanvärde, 1 gång/tim resp 8 gånger/dygn",kod,1993-06-08T06:00:00Z,1993-06-08T08:00:00+02:00,739519200000,,14,14,G,,corrected-archive-csv
162860,Luleå-Kallax Flygplats,13,Rådande väder,"momentanvärde, 1 gång/tim resp 8 gånger/dygn",kod,1993-06-08T07:00:00Z,1993-06-08T09:00:00+02:00,739522800000,,14,14,Y,,corrected-archive-csv
162860,Luleå-Kallax Flygplats,13,Rådande väder,"momentanvärde, 1 gång/tim resp 8 gånger/dygn",kod,1993-06-08T08:00:00Z,1993-06-08T10:00:00+02:00,739526400000,,14,14,Y,,corrected-archive-csv
162860,Luleå-Kallax Flygplats,13,Rådande väder,"momentanvärde, 1 gång/tim resp 8 gånger/dygn",kod,1993-06-08T09:00:00Z,1993-06-08T11:00:00+02:00,739530000000,,14,14,G,,corrected-archive-csv
162860,Luleå-Kallax Flygplats,13,Rådande väder,"momentanvärde, 1 gång/tim resp 8 gånger/dygn",kod,1993-06-08T12:00:00Z,1993-06-08T14:00:00+02:00,739540800000,,0,0,G,,corrected-archive-csv
162860,Luleå-Kallax Flygplats,13,Rådande väder,"momentanvärde, 1 gång/tim resp 8 gånger/dygn",kod,1993-06-08T13:00:00Z,1993-06-08T15:00:00+02:00,739544400000,,14,14,Y,,corrected-archive-csv
162860,Luleå-Kallax Flygplats,13,Rådande väder,"momentanvärde, 1 gång/tim resp 8 gånger/dygn",kod,1993-06-08T15:00:00Z,1993-06-08T17:00:00+02:00,739551600000,,14,14,G,,corrected-archive-csv
162860,Luleå-Kallax Flygplats,13,Rådande väder,"momentanvärde, 1 gång/tim resp 8 gånger/dygn",kod,1993-06-08T16:00:00Z,1993-06-08T18:00:00+02:00,739555200000,,14,14,Y,,corrected-archive-csv
162860,Luleå-Kallax Flygplats,13,Rådande väder,"momentanvärde, 1 gång/tim resp 8 gånger/dygn",kod,1993-06-08T17:00:00Z,1993-06-08T19:00:00+02:00,739558800000,,14,14,Y,,corrected-archive-csv
162860,Luleå-Kallax Flygplats,13,Rådande väder,"momentanvärde, 1 gång/tim resp 8 gånger/dygn",kod,1993-06-08T18:00:00Z,1993-06-08T20:00:00+02:00,739562400000,,2,2,G,,corrected-archive-csv
162860,Luleå-Kallax Flygplats,13,Rådande väder,"momentanvärde, 1 gång/tim resp 8 gånger/dygn",kod,1993-06-08T19:00:00Z,1993-06-08T21:00:00+02:00,739566000000,,14,14,Y,,corrected-archive-csv
162860,Luleå-Kallax Flygplats,13,Rådande väder,"momentanvärde, 1 gång/tim resp 8 gånger/dygn",kod,1993-06-08T20:00:00Z,1993-06-08T22:00:00+02:00,739569600000,,14,14,Y,,corrected-archive-csv
162860,Luleå-Kallax Flygplats,13,Rådande väder,"momentanvärde, 1 gång/tim resp 8 gånger/dygn",kod,1993-06-08T21:00:00Z,1993-06-08T23:00:00+02:00,739573200000,,3,3,G,,corrected-archive-csv
162860,Luleå-Kallax Flygplats,13,Rådande väder,"momentanvärde, 1 gång/tim resp 8 gånger/dygn",kod,1993-06-08T22:00:00Z,1993-06-09T00:00:00+02:00,739576800000,,2,2,Y,,corrected-archive-csv
162860,Luleå-Kallax Flygplats,13,Rådande väder,"momentanvärde, 1 gång/tim resp 8 gånger/dygn",kod,1993-06-08T23:00:00Z,1993-06-09T01:00:00+02:00,739580400000,,2,2,Y,,corrected-archive-csv
162860,Luleå-Kallax Flygplats,13,Rådande väder,"momentanvärde, 1 gång/tim resp 8 gånger/dygn",kod,1993-06-09T00:00:00Z,1993-06-09T02:00:00+02:00,739584000000,,2,2,G,,corrected-archive-csv
162860,Luleå-Kallax Flygplats,13,Rådande väder,"momentanvärde, 1 gång/tim resp 8 gånger/dygn",kod,1993-06-09T03:00:00Z,1993-06-09T05:00:00+02:00,739594800000,,0,0,G,,corrected-archive-csv
162860,Luleå-Kallax Flygplats,13,Rådande väder,"momentanvärde, 1 gång/tim resp 8 gånger/dygn",kod,1993-06-09T06:00:00Z,1993-06-09T08:00:00+02:00,739605600000,,0,0,G,,corrected-archive-csv
162860,Luleå-Kallax Flygplats,13,Rådande väder,"momentanvärde, 1 gång/tim resp 8 gånger/dygn",kod,1993-06-09T09:00:00Z,1993-06-09T11:00:00+02:00,739616400000,,0,0,G,,corrected-archive-csv
162860,Luleå-Kallax Flygplats,13,Rådande väder,"momentanvärde, 1 gång/tim resp 8 gånger/dygn",kod,1993-06-09T12:00:00Z,1993-06-09T14:00:00+02:00,739627200000,,0,0,G,,corrected-archive-csv
162860,Luleå-Kallax Flygplats,13,Rådande väder,"momentanvärde, 1 gång/tim resp 8 gånger/dygn",kod,1993-06-09T15:00:00Z,1993-06-09T17:00:00+02:00,739638000000,,0,0,G,,corrected-archive-csv
162860,Luleå-Kallax Flygplats,13,Rådande väder,"momentanvärde, 1 gång/tim resp 8 gånger/dygn",kod,1993-06-09T17:00:00Z,1993-06-09T19:00:00+02:00,739645200000,,14,14,Y,,corrected-archive-csv
162860,Luleå-Kallax Flygplats,13,Rådande väder,"momentanvärde, 1 gång/tim resp 8 gånger/dygn",kod,1993-06-09T18:00:00Z,1993-06-09T20:00:00+02:00,739648800000,,14,14,G,,corrected-archive-csv
162860,Luleå-Kallax Flygplats,13,Rådande väder,"momentanvärde, 1 gång/tim resp 8 gånger/dygn",kod,1993-06-09T19:00:00Z,1993-06-09T21:00:00+02:00,739652400000,,14,14,Y,,corrected-archive-csv
162860,Luleå-Kallax Flygplats,13,Rådande väder,"momentanvärde, 1 gång/tim resp 8 gånger/dygn",kod,1993-06-09T20:00:00Z,1993-06-09T22:00:00+02:00,739656000000,,14,14,Y,,corrected-archive-csv
162860,Luleå-Kallax Flygplats,13,Rådande väder,"momentanvärde, 1 gång/tim resp 8 gånger/dygn",kod,1993-06-09T21:00:00Z,1993-06-09T23:00:00+02:00,739659600000,,14,14,G,,corrected-archive-csv
162860,Luleå-Kallax Flygplats,13,Rådande väder,"momentanvärde, 1 gång/tim resp 8 gånger/dygn",kod,1993-06-09T22:00:00Z,1993-06-10T00:00:00+02:00,739663200000,,14,14,Y,,corrected-archive-csv
162860,Luleå-Kallax Flygplats,13,Rådande väder,"momentanvärde, 1 gång/tim resp 8 gånger/dygn",kod,1993-06-09T23:00:00Z,1993-06-10T01:00:00+02:00,739666800000,,14,14,Y,,corrected-archive-csv
162860,Luleå-Kallax Flygplats,13,Rådande väder,"momentanvärde, 1 gång/tim resp 8 gånger/dygn",kod,1993-06-10T00:00:00Z,1993-06-10T02:00:00+02:00,739670400000,,2,2,G,,corrected-archive-csv
162860,Luleå-Kallax Flygplats,13,Rådande väder,"momentanvärde, 1 gång/tim resp 8 gånger/dygn",kod,1993-06-10T03:00:00Z,1993-06-10T05:00:00+02:00,739681200000,,0,0,G,,corrected-archive-csv
162860,Luleå-Kallax Flygplats,13,Rådande väder,"momentanvärde, 1 gång/tim resp 8 gånger/dygn",kod,1993-06-10T06:00:00Z,1993-06-10T08:00:00+02:00,739692000000,,0,0,G,,corrected-archive-csv
162860,Luleå-Kallax Flygplats,13,Rådande väder,"momentanvärde, 1 gång/tim resp 8 gånger/dygn",kod,1993-06-10T09:00:00Z,1993-06-10T11:00:00+02:00,739702800000,,0,0,G,,corrected-archive-csv
162860,Luleå-Kallax Flygplats,13,Rådande väder,"momentanvärde, 1 gång/tim resp 8 gånger/dygn",kod,1993-06-10T12:00:00Z,1993-06-10T14:00:00+02:00,739713600000,,0,0,G,,corrected-archive-csv
162860,Luleå-Kallax Flygplats,13,Rådande väder,"momentanvärde, 1 gång/tim resp 8 gånger/dygn",kod,1993-06-10T15:00:00Z,1993-06-10T17:00:00+02:00,739724400000,,0,0,G,,corrected-archive-csv
162860,Luleå-Kallax Flygplats,13,Rådande väder,"momentanvärde, 1 gång/tim resp 8 gånger/dygn",kod,1993-06-10T18:00:00Z,1993-06-10T20:00:00+02:00,739735200000,,0,0,G,,corrected-archive-csv
162860,Luleå-Kallax Flygplats,13,Rådande väder,"momentanvärde, 1 gång/tim resp 8 gånger/dygn",kod,1993-06-10T21:00:00Z,1993-06-10T23:00:00+02:00,739746000000,,0,0,G,,corrected-archive-csv
162860,Luleå-Kallax Flygplats,13,Rådande väder,"momentanvärde, 1 gång/tim resp 8 gånger/dygn",kod,1993-06-11T00:00:00Z,1993-06-11T02:00:00+02:00,739756800000,,0,0,G,,corrected-archive-csv
162860,Luleå-Kallax Flygplats,13,Rådande väder,"momentanvärde, 1 gång/tim resp 8 gånger/dygn",kod,1993-06-11T03:00:00Z,1993-06-11T05:00:00+02:00,739767600000,,0,0,G,,corrected-archive-csv
162860,Luleå-Kallax Flygplats,13,Rådande väder,"momentanvärde, 1 gång/tim resp 8 gånger/dygn",kod,1993-06-11T06:00:00Z,1993-06-11T08:00:00+02:00,739778400000,,0,0,G,,corrected-archive-csv
162860,Luleå-Kallax Flygplats,13,Rådande väder,"momentanvärde, 1 gång/tim resp 8 gånger/dygn",kod,1993-06-11T09:00:00Z,1993-06-11T11:00:00+02:00,739789200000,,0,0,G,,corrected-archive-csv
162860,Luleå-Kallax Flygplats,13,Rådande väder,"momentanvärde, 1 gång/tim resp 8 gånger/dygn",kod,1993-06-11T12:00:00Z,1993-06-11T14:00:00+02:00,739800000000,,0,0,G,,corrected-archive-csv
162860,Luleå-Kallax Flygplats,13,Rådande väder,"momentanvärde, 1 gång/tim resp 8 gånger/dygn",kod,1993-06-11T15:00:00Z,1993-06-11T17:00:00+02:00,739810800000,,0,0,G,,corrected-archive-csv
162860,Luleå-Kallax Flygplats,13,Rådande väder,"momentanvärde, 1 gång/tim resp 8 gånger/dygn",kod,1993-06-11T18:00:00Z,1993-06-11T20:00:00+02:00,739821600000,,0,0,G,,corrected-archive-csv
162860,Luleå-Kallax Flygplats,13,Rådande väder,"momentanvärde, 1 gång/tim resp 8 gånger/dygn",kod,1993-06-11T21:00:00Z,1993-06-11T23:00:00+02:00,739832400000,,0,0,G,,corrected-archive-csv
162860,Luleå-Kallax Flygplats,13,Rådande väder,"momentanvärde, 1 gång/tim resp 8 gånger/dygn",kod,1993-06-12T00:00:00Z,1993-06-12T02:00:00+02:00,739843200000,,0,0,G,,corrected-archive-csv
162860,Luleå-Kallax Flygplats,13,Rådande väder,"momentanvärde, 1 gång/tim resp 8 gånger/dygn",kod,1993-06-12T03:00:00Z,1993-06-12T05:00:00+02:00,739854000000,,0,0,G,,corrected-archive-csv
162860,Luleå-Kallax Flygplats,13,Rådande väder,"momentanvärde, 1 gång/tim resp 8 gånger/dygn",kod,1993-06-12T06:00:00Z,1993-06-12T08:00:00+02:00,739864800000,,0,0,G,,corrected-archive-csv
162860,Luleå-Kallax Flygplats,13,Rådande väder,"momentanvärde, 1 gång/tim resp 8 gånger/dygn",kod,1993-06-12T09:00:00Z,1993-06-12T11:00:00+02:00,739875600000,,0,0,G,,corrected-archive-csv
162860,Luleå-Kallax Flygplats,13,Rådande väder,"momentanvärde, 1 gång/tim resp 8 gånger/dygn",kod,1993-06-12T12:00:00Z,1993-06-12T14:00:00+02:00,739886400000,,0,0,G,,corrected-archive-csv
162860,Luleå-Kallax Flygplats,13,Rådande väder,"momentanvärde, 1 gång/tim resp 8 gånger/dygn",kod,1993-06-12T15:00:00Z,1993-06-12T17:00:00+02:00,739897200000,,0,0,G,,corrected-archive-csv
162860,Luleå-Kallax Flygplats,13,Rådande väder,"momentanvärde, 1 gång/tim resp 8 gånger/dygn",kod,1993-06-12T18:00:00Z,1993-06-12T20:00:00+02:00,739908000000,,0,0,G,,corrected-archive-csv
162860,Luleå-Kallax Flygplats,13,Rådande väder,"momentanvärde, 1 gång/tim resp 8 gånger/dygn",kod,1993-06-12T21:00:00Z,1993-06-12T23:00:00+02:00,739918800000,,0,0,G,,corrected-archive-csv
162860,Luleå-Kallax Flygplats,13,Rådande väder,"momentanvärde, 1 gång/tim resp 8 gånger/dygn",kod,1993-06-13T00:00:00Z,1993-06-13T02:00:00+02:00,739929600000,,0,0,G,,corrected-archive-csv
162860,Luleå-Kallax Flygplats,13,Rådande väder,"momentanvärde, 1 gång/tim resp 8 gånger/dygn",kod,1993-06-13T03:00:00Z,1993-06-13T05:00:00+02:00,739940400000,,0,0,G,,corrected-archive-csv
162860,Luleå-Kallax Flygplats,13,Rådande väder,"momentanvärde, 1 gång/tim resp 8 gånger/dygn",kod,1993-06-13T06:00:00Z,1993-06-13T08:00:00+02:00,739951200000,,0,0,G,,corrected-archive-csv
162860,Luleå-Kallax Flygplats,13,Rådande väder,"momentanvärde, 1 gång/tim resp 8 gånger/dygn",kod,1993-06-13T09:00:00Z,1993-06-13T11:00:00+02:00,739962000000,,0,0,G,,corrected-archive-csv
162860,Luleå-Kallax Flygplats,13,Rådande väder,"momentanvärde, 1 gång/tim resp 8 gånger/dygn",kod,1993-06-13T12:00:00Z,1993-06-13T14:00:00+02:00,739972800000,,0,0,G,,corrected-archive-csv
162860,Luleå-Kallax Flygplats,13,Rådande väder,"momentanvärde, 1 gång/tim resp 8 gånger/dygn",kod,1993-06-13T15:00:00Z,1993-06-13T17:00:00+02:00,739983600000,,0,0,G,,corrected-archive-csv
162860,Luleå-Kallax Flygplats,13,Rådande väder,"momentanvärde, 1 gång/tim resp 8 gånger/dygn",kod,1993-06-13T18:00:00Z,1993-06-13T20:00:00+02:00,739994400000,,0,0,G,,corrected-archive-csv
162860,Luleå-Kallax Flygplats,13,Rådande väder,"momentanvärde, 1 gång/tim resp 8 gånger/dygn",kod,1993-06-13T21:00:00Z,1993-06-13T23:00:00+02:00,740005200000,,0,0,G,,corrected-archive-csv
162860,Luleå-Kallax Flygplats,13,Rådande väder,"momentanvärde, 1 gång/tim resp 8 gånger/dygn",kod,1993-06-14T00:00:00Z,1993-06-14T02:00:00+02:00,740016000000,,0,0,G,,corrected-archive-csv
162860,Luleå-Kallax Flygplats,13,Rådande väder,"momentanvärde, 1 gång/tim resp 8 gånger/dygn",kod,1993-06-14T03:00:00Z,1993-06-14T05:00:00+02:00,740026800000,,0,0,G,,corrected-archive-csv
162860,Luleå-Kallax Flygplats,13,Rådande väder,"momentanvärde, 1 gång/tim resp 8 gånger/dygn",kod,1993-06-14T06:00:00Z,1993-06-14T08:00:00+02:00,740037600000,,0,0,G,,corrected-archive-csv
162860,Luleå-Kallax Flygplats,13,Rådande väder,"momentanvärde, 1 gång/tim resp 8 gånger/dygn",kod,1993-06-14T09:00:00Z,1993-06-14T11:00:00+02:00,740048400000,,0,0,G,,corrected-archive-csv
162860,Luleå-Kallax Flygplats,13,Rådande väder,"momentanvärde, 1 gång/tim resp 8 gånger/dygn",kod,1993-06-14T11:00:00Z,1993-06-14T13:00:00+02:00,740055600000,,51,51,Y,,corrected-archive-csv
162860,Luleå-Kallax Flygplats,13,Rådande väder,"momentanvärde, 1 gång/tim resp 8 gånger/dygn",kod,1993-06-14T12:00:00Z,1993-06-14T14:00:00+02:00,740059200000,,20,20,G,,corrected-archive-csv
162860,Luleå-Kallax Flygplats,13,Rådande väder,"momentanvärde, 1 gång/tim resp 8 gånger/dygn",kod,1993-06-14T15:00:00Z,1993-06-14T17:00:00+02:00,740070000000,,0,0,G,,corrected-archive-csv
162860,Luleå-Kallax Flygplats,13,Rådande väder,"momentanvärde, 1 gång/tim resp 8 gånger/dygn",kod,1993-06-14T18:00:00Z,1993-06-14T20:00:00+02:00,740080800000,,0,0,G,,corrected-archive-csv
162860,Luleå-Kallax Flygplats,13,Rådande väder,"momentanvärde, 1 gång/tim resp 8 gånger/dygn",kod,1993-06-14T21:00:00Z,1993-06-14T23:00:00+02:00,740091600000,,0,0,G,,corrected-archive-csv
162860,Luleå-Kallax Flygplats,13,Rådande väder,"momentanvärde, 1 gång/tim resp 8 gånger/dygn",kod,1993-06-14T23:00:00Z,1993-06-15T01:00:00+02:00,740098800000,,40,40,Y,,corrected-archive-csv
162860,Luleå-Kallax Flygplats,13,Rådande väder,"momentanvärde, 1 gång/tim resp 8 gånger/dygn",kod,1993-06-15T00:00:00Z,1993-06-15T02:00:00+02:00,740102400000,,40,40,G,,corrected-archive-csv
162860,Luleå-Kallax Flygplats,13,Rådande väder,"momentanvärde, 1 gång/tim resp 8 gånger/dygn",kod,1993-06-15T01:00:00Z,1993-06-15T03:00:00+02:00,740106000000,,40,40,Y,,corrected-archive-csv
162860,Luleå-Kallax Flygplats,13,Rådande väder,"momentanvärde, 1 gång/tim resp 8 gånger/dygn",kod,1993-06-15T02:00:00Z,1993-06-15T04:00:00+02:00,740109600000,,40,40,Y,,corrected-archive-csv
162860,Luleå-Kallax Flygplats,13,Rådande väder,"momentanvärde, 1 gång/tim resp 8 gånger/dygn",kod,1993-06-15T03:00:00Z,1993-06-15T05:00:00+02:00,740113200000,,2,2,G,,corrected-archive-csv
162860,Luleå-Kallax Flygplats,13,Rådande väder,"momentanvärde, 1 gång/tim resp 8 gånger/dygn",kod,1993-06-15T04:00:00Z,1993-06-15T06:00:00+02:00,740116800000,,2,2,Y,,corrected-archive-csv
162860,Luleå-Kallax Flygplats,13,Rådande väder,"momentanvärde, 1 gång/tim resp 8 gånger/dygn",kod,1993-06-15T05:00:00Z,1993-06-15T07:00:00+02:00,740120400000,,2,2,Y,,corrected-archive-csv
162860,Luleå-Kallax Flygplats,13,Rådande väder,"momentanvärde, 1 gång/tim resp 8 gånger/dygn",kod,1993-06-15T06:00:00Z,1993-06-15T08:00:00+02:00,740124000000,,0,0,G,,corrected-archive-csv
162860,Luleå-Kallax Flygplats,13,Rådande väder,"momentanvärde, 1 gång/tim resp 8 gånger/dygn",kod,1993-06-15T09:00:00Z,1993-06-15T11:00:00+02:00,740134800000,,0,0,G,,corrected-archive-csv
162860,Luleå-Kallax Flygplats,13,Rådande väder,"momentanvärde, 1 gång/tim resp 8 gånger/dygn",kod,1993-06-15T12:00:00Z,1993-06-15T14:00:00+02:00,740145600000,,0,0,G,,corrected-archive-csv
162860,Luleå-Kallax Flygplats,13,Rådande väder,"momentanvärde, 1 gång/tim resp 8 gånger/dygn",kod,1993-06-15T15:00:00Z,1993-06-15T17:00:00+02:00,740156400000,,0,0,G,,corrected-archive-csv
162860,Luleå-Kallax Flygplats,13,Rådande väder,"momentanvärde, 1 gång/tim resp 8 gånger/dygn",kod,1993-06-15T18:00:00Z,1993-06-15T20:00:00+02:00,740167200000,,0,0,G,,corrected-archive-csv
162860,Luleå-Kallax Flygplats,13,Rådande väder,"momentanvärde, 1 gång/tim resp 8 gånger/dygn",kod,1993-06-15T21:00:00Z,1993-06-15T23:00:00+02:00,740178000000,,0,0,G,,corrected-archive-csv
162860,Luleå-Kallax Flygplats,13,Rådande väder,"momentanvärde, 1 gång/tim resp 8 gånger/dygn",kod,1993-06-15T23:00:00Z,1993-06-16T01:00:00+02:00,740185200000,,40,40,Y,,corrected-archive-csv
162860,Luleå-Kallax Flygplats,13,Rådande väder,"momentanvärde, 1 gång/tim resp 8 gånger/dygn",kod,1993-06-16T00:00:00Z,1993-06-16T02:00:00+02:00,740188800000,,40,40,G,,corrected-archive-csv
162860,Luleå-Kallax Flygplats,13,Rådande väder,"momentanvärde, 1 gång/tim resp 8 gånger/dygn",kod,1993-06-16T01:00:00Z,1993-06-16T03:00:00+02:00,740192400000,,40,40,Y,,corrected-archive-csv
162860,Luleå-Kallax Flygplats,13,Rådande väder,"momentanvärde, 1 gång/tim resp 8 gånger/dygn",kod,1993-06-16T02:00:00Z,1993-06-16T04:00:00+02:00,740196000000,,3,3,Y,,corrected-archive-csv
162860,Luleå-Kallax Flygplats,13,Rådande väder,"momentanvärde, 1 gång/tim resp 8 gånger/dygn",kod,1993-06-16T03:00:00Z,1993-06-16T05:00:00+02:00,740199600000,,2,2,G,,corrected-archive-csv
162860,Luleå-Kallax Flygplats,13,Rådande väder,"momentanvärde, 1 gång/tim resp 8 gånger/dygn",kod,1993-06-16T04:00:00Z,1993-06-16T06:00:00+02:00,740203200000,,2,2,Y,,corrected-archive-csv
162860,Luleå-Kallax Flygplats,13,Rådande väder,"momentanvärde, 1 gång/tim resp 8 gånger/dygn",kod,1993-06-16T05:00:00Z,1993-06-16T07:00:00+02:00,740206800000,,2,2,Y,,corrected-archive-csv
162860,Luleå-Kallax Flygplats,13,Rådande väder,"momentanvärde, 1 gång/tim resp 8 gånger/dygn",kod,1993-06-16T06:00:00Z,1993-06-16T08:00:00+02:00,740210400000,,2,2,G,,corrected-archive-csv
162860,Luleå-Kallax Flygplats,13,Rådande väder,"momentanvärde, 1 gång/tim resp 8 gånger/dygn",kod,1993-06-16T12:00:00Z,1993-06-16T14:00:00+02:00,740232000000,,0,0,G,,corrected-archive-csv
162860,Luleå-Kallax Flygplats,13,Rådande väder,"momentanvärde, 1 gång/tim resp 8 gånger/dygn",kod,1993-06-16T15:00:00Z,1993-06-16T17:00:00+02:00,740242800000,,0,0,G,,corrected-archive-csv
162860,Luleå-Kallax Flygplats,13,Rådande väder,"momentanvärde, 1 gång/tim resp 8 gånger/dygn",kod,1993-06-16T18:00:00Z,1993-06-16T20:00:00+02:00,740253600000,,0,0,G,,corrected-archive-csv
162860,Luleå-Kallax Flygplats,13,Rådande väder,"momentanvärde, 1 gång/tim resp 8 gånger/dygn",kod,1993-06-16T21:00:00Z,1993-06-16T23:00:00+02:00,740264400000,,0,0,G,,corrected-archive-csv
162860,Luleå-Kallax Flygplats,13,Rådande väder,"momentanvärde, 1 gång/tim resp 8 gånger/dygn",kod,1993-06-17T00:00:00Z,1993-06-17T02:00:00+02:00,740275200000,,0,0,G,,corrected-archive-csv
162860,Luleå-Kallax Flygplats,13,Rådande väder,"momentanvärde, 1 gång/tim resp 8 gånger/dygn",kod,1993-06-17T03:00:00Z,1993-06-17T05:00:00+02:00,740286000000,,14,14,G,,corrected-archive-csv
162860,Luleå-Kallax Flygplats,13,Rådande väder,"momentanvärde, 1 gång/tim resp 8 gånger/dygn",kod,1993-06-17T06:00:00Z,1993-06-17T08:00:00+02:00,740296800000,,0,0,G,,corrected-archive-csv
162860,Luleå-Kallax Flygplats,13,Rådande väder,"momentanvärde, 1 gång/tim resp 8 gånger/dygn",kod,1993-06-17T09:00:00Z,1993-06-17T11:00:00+02:00,740307600000,,0,0,G,,corrected-archive-csv
162860,Luleå-Kallax Flygplats,13,Rådande väder,"momentanvärde, 1 gång/tim resp 8 gånger/dygn",kod,1993-06-17T12:00:00Z,1993-06-17T14:00:00+02:00,740318400000,,0,0,G,,corrected-archive-csv
162860,Luleå-Kallax Flygplats,13,Rådande väder,"momentanvärde, 1 gång/tim resp 8 gånger/dygn",kod,1993-06-17T21:00:00Z,1993-06-17T23:00:00+02:00,740350800000,,0,0,G,,corrected-archive-csv
162860,Luleå-Kallax Flygplats,13,Rådande väder,"momentanvärde, 1 gång/tim resp 8 gånger/dygn",kod,1993-06-17T22:00:00Z,1993-06-18T00:00:00+02:00,740354400000,,61,61,Y,,corrected-archive-csv
162860,Luleå-Kallax Flygplats,13,Rådande väder,"momentanvärde, 1 gång/tim resp 8 gånger/dygn",kod,1993-06-17T23:00:00Z,1993-06-18T01:00:00+02:00,740358000000,,61,61,Y,,corrected-archive-csv
162860,Luleå-Kallax Flygplats,13,Rådande väder,"momentanvärde, 1 gång/tim resp 8 gånger/dygn",kod,1993-06-18T00:00:00Z,1993-06-18T02:00:00+02:00,740361600000,,21,21,G,,corrected-archive-csv
162860,Luleå-Kallax Flygplats,13,Rådande väder,"momentanvärde, 1 gång/tim resp 8 gånger/dygn",kod,1993-06-18T03:00:00Z,1993-06-18T05:00:00+02:00,740372400000,,0,0,G,,corrected-archive-csv
162860,Luleå-Kallax Flygplats,13,Rådande väder,"momentanvärde, 1 gång/tim resp 8 gånger/dygn",kod,1993-06-18T06:00:00Z,1993-06-18T08:00:00+02:00,740383200000,,0,0,G,,corrected-archive-csv
162860,Luleå-Kallax Flygplats,13,Rådande väder,"momentanvärde, 1 gång/tim resp 8 gånger/dygn",kod,1993-06-18T08:00:00Z,1993-06-18T10:00:00+02:00,740390400000,,61,61,Y,,corrected-archive-csv
162860,Luleå-Kallax Flygplats,13,Rådande väder,"momentanvärde, 1 gång/tim resp 8 gånger/dygn",kod,1993-06-18T09:00:00Z,1993-06-18T11:00:00+02:00,740394000000,,61,61,G,,corrected-archive-csv
162860,Luleå-Kallax Flygplats,13,Rådande väder,"momentanvärde, 1 gång/tim resp 8 gånger/dygn",kod,1993-06-18T10:00:00Z,1993-06-18T12:00:00+02:00,740397600000,,61,61,Y,,corrected-archive-csv
162860,Luleå-Kallax Flygplats,13,Rådande väder,"momentanvärde, 1 gång/tim resp 8 gånger/dygn",kod,1993-06-18T11:00:00Z,1993-06-18T13:00:00+02:00,740401200000,,61,61,Y,,corrected-archive-csv
162860,Luleå-Kallax Flygplats,13,Rådande väder,"momentanvärde, 1 gång/tim resp 8 gånger/dygn",kod,1993-06-18T12:00:00Z,1993-06-18T14:00:00+02:00,740404800000,,61,61,G,,corrected-archive-csv
162860,Luleå-Kallax Flygplats,13,Rådande väder,"momentanvärde, 1 gång/tim resp 8 gånger/dygn",kod,1993-06-18T13:00:00Z,1993-06-18T15:00:00+02:00,740408400000,,21,21,Y,,corrected-archive-csv
162860,Luleå-Kallax Flygplats,13,Rådande väder,"momentanvärde, 1 gång/tim resp 8 gånger/dygn",kod,1993-06-18T14:00:00Z,1993-06-18T16:00:00+02:00,740412000000,,21,21,Y,,corrected-archive-csv
162860,Luleå-Kallax Flygplats,13,Rådande väder,"momentanvärde, 1 gång/tim resp 8 gånger/dygn",kod,1993-06-18T15:00:00Z,1993-06-18T17:00:00+02:00,740415600000,,1,1,G,,corrected-archive-csv
162860,Luleå-Kallax Flygplats,13,Rådande väder,"momentanvärde, 1 gång/tim resp 8 gånger/dygn",kod,1993-06-18T16:00:00Z,1993-06-18T18:00:00+02:00,740419200000,,1,1,Y,,corrected-archive-csv
162860,Luleå-Kallax Flygplats,13,Rådande väder,"momentanvärde, 1 gång/tim resp 8 gånger/dygn",kod,1993-06-18T17:00:00Z,1993-06-18T19:00:00+02:00,740422800000,,1,1,Y,,corrected-archive-csv
162860,Luleå-Kallax Flygplats,13,Rådande väder,"momentanvärde, 1 gång/tim resp 8 gånger/dygn",kod,1993-06-18T18:00:00Z,1993-06-18T20:00:00+02:00,740426400000,,1,1,G,,corrected-archive-csv
162860,Luleå-Kallax Flygplats,13,Rådande väder,"momentanvärde, 1 gång/tim resp 8 gånger/dygn",kod,1993-06-18T21:00:00Z,1993-06-18T23:00:00+02:00,740437200000,,0,0,G,,corrected-archive-csv
162860,Luleå-Kallax Flygplats,13,Rådande väder,"momentanvärde, 1 gång/tim resp 8 gånger/dygn",kod,1993-06-19T00:00:00Z,1993-06-19T02:00:00+02:00,740448000000,,0,0,G,,corrected-archive-csv
162860,Luleå-Kallax Flygplats,13,Rådande väder,"momentanvärde, 1 gång/tim resp 8 gånger/dygn",kod,1993-06-19T03:00:00Z,1993-06-19T05:00:00+02:00,740458800000,,0,0,G,,corrected-archive-csv
162860,Luleå-Kallax Flygplats,13,Rådande väder,"momentanvärde, 1 gång/tim resp 8 gånger/dygn",kod,1993-06-19T06:00:00Z,1993-06-19T08:00:00+02:00,740469600000,,61,61,G,,corrected-archive-csv
162860,Luleå-Kallax Flygplats,13,Rådande väder,"momentanvärde, 1 gång/tim resp 8 gånger/dygn",kod,1993-06-19T07:00:00Z,1993-06-19T09:00:00+02:00,740473200000,,21,21,Y,,corrected-archive-csv
162860,Luleå-Kallax Flygplats,13,Rådande väder,"momentanvärde, 1 gång/tim resp 8 gånger/dygn",kod,1993-06-19T08:00:00Z,1993-06-19T10:00:00+02:00,740476800000,,1,1,Y,,corrected-archive-csv
162860,Luleå-Kallax Flygplats,13,Rådande väder,"momentanvärde, 1 gång/tim resp 8 gånger/dygn",kod,1993-06-19T09:00:00Z,1993-06-19T11:00:00+02:00,740480400000,,1,1,G,,corrected-archive-csv
162860,Luleå-Kallax Flygplats,13,Rådande väder,"momentanvärde, 1 gång/tim resp 8 gånger/dygn",kod,1993-06-19T10:00:00Z,1993-06-19T12:00:00+02:00,740484000000,,15,15,Y,,corrected-archive-csv
162860,Luleå-Kallax Flygplats,13,Rådande väder,"momentanvärde, 1 gång/tim resp 8 gånger/dygn",kod,1993-06-19T11:00:00Z,1993-06-19T13:00:00+02:00,740487600000,,15,15,Y,,corrected-archive-csv
162860,Luleå-Kallax Flygplats,13,Rådande väder,"momentanvärde, 1 gång/tim resp 8 gånger/dygn",kod,1993-06-19T12:00:00Z,1993-06-19T14:00:00+02:00,740491200000,,15,15,G,,corrected-archive-csv
162860,Luleå-Kallax Flygplats,13,Rådande väder,"momentanvärde, 1 gång/tim resp 8 gånger/dygn",kod,1993-06-19T13:00:00Z,1993-06-19T15:00:00+02:00,740494800000,,25,25,Y,,corrected-archive-csv
162860,Luleå-Kallax Flygplats,13,Rådande väder,"momentanvärde, 1 gång/tim resp 8 gånger/dygn",kod,1993-06-19T14:00:00Z,1993-06-19T16:00:00+02:00,740498400000,,2,2,Y,,corrected-archive-csv
162860,Luleå-Kallax Flygplats,13,Rådande väder,"momentanvärde, 1 gång/tim resp 8 gånger/dygn",kod,1993-06-19T15:00:00Z,1993-06-19T17:00:00+02:00,740502000000,,25,25,G,,corrected-archive-csv
162860,Luleå-Kallax Flygplats,13,Rådande väder,"momentanvärde, 1 gång/tim resp 8 gånger/dygn",kod,1993-06-19T16:00:00Z,1993-06-19T18:00:00+02:00,740505600000,,2,2,Y,,corrected-archive-csv
162860,Luleå-Kallax Flygplats,13,Rådande väder,"momentanvärde, 1 gång/tim resp 8 gånger/dygn",kod,1993-06-19T17:00:00Z,1993-06-19T19:00:00+02:00,740509200000,,2,2,Y,,corrected-archive-csv
162860,Luleå-Kallax Flygplats,13,Rådande väder,"momentanvärde, 1 gång/tim resp 8 gånger/dygn",kod,1993-06-19T18:00:00Z,1993-06-19T20:00:00+02:00,740512800000,,81,81,G,,corrected-archive-csv
162860,Luleå-Kallax Flygplats,13,Rådande väder,"momentanvärde, 1 gång/tim resp 8 gånger/dygn",kod,1993-06-19T19:00:00Z,1993-06-19T21:00:00+02:00,740516400000,,21,21,Y,,corrected-archive-csv
162860,Luleå-Kallax Flygplats,13,Rådande väder,"momentanvärde, 1 gång/tim resp 8 gånger/dygn",kod,1993-06-19T20:00:00Z,1993-06-19T22:00:00+02:00,740520000000,,21,21,Y,,corrected-archive-csv
162860,Luleå-Kallax Flygplats,13,Rådande väder,"momentanvärde, 1 gång/tim resp 8 gånger/dygn",kod,1993-06-19T21:00:00Z,1993-06-19T23:00:00+02:00,740523600000,,21,21,G,,corrected-archive-csv
162860,Luleå-Kallax Flygplats,13,Rådande väder,"momentanvärde, 1 gång/tim resp 8 gånger/dygn",kod,1993-06-19T22:00:00Z,1993-06-20T00:00:00+02:00,740527200000,,1,1,Y,,corrected-archive-csv
162860,Luleå-Kallax Flygplats,13,Rådande väder,"momentanvärde, 1 gång/tim resp 8 gånger/dygn",kod,1993-06-20T00:00:00Z,1993-06-20T02:00:00+02:00,740534400000,,1,1,G,,corrected-archive-csv
162860,Luleå-Kallax Flygplats,13,Rådande väder,"momentanvärde, 1 gång/tim resp 8 gånger/dygn",kod,1993-06-20T03:00:00Z,1993-06-20T05:00:00+02:00,740545200000,,0,0,G,,corrected-archive-csv
162860,Luleå-Kallax Flygplats,13,Rådande väder,"momentanvärde, 1 gång/tim resp 8 gånger/dygn",kod,1993-06-20T06:00:00Z,1993-06-20T08:00:00+02:00,740556000000,,0,0,G,,corrected-archive-csv
162860,Luleå-Kallax Flygplats,13,Rådande väder,"momentanvärde, 1 gång/tim resp 8 gånger/dygn",kod,1993-06-20T09:00:00Z,1993-06-20T11:00:00+02:00,740566800000,,0,0,G,,corrected-archive-csv
162860,Luleå-Kallax Flygplats,13,Rådande väder,"momentanvärde, 1 gång/tim resp 8 gånger/dygn",kod,1993-06-20T12:00:00Z,1993-06-20T14:00:00+02:00,740577600000,,0,0,G,,corrected-archive-csv
162860,Luleå-Kallax Flygplats,13,Rådande väder,"momentanvärde, 1 gång/tim resp 8 gånger/dygn",kod,1993-06-20T15:00:00Z,1993-06-20T17:00:00+02:00,740588400000,,0,0,G,,corrected-archive-csv
162860,Luleå-Kallax Flygplats,13,Rådande väder,"momentanvärde, 1 gång/tim resp 8 gånger/dygn",kod,1993-06-20T18:00:00Z,1993-06-20T20:00:00+02:00,740599200000,,0,0,G,,corrected-archive-csv
162860,Luleå-Kallax Flygplats,13,Rådande väder,"momentanvärde, 1 gång/tim resp 8 gånger/dygn",kod,1993-06-20T21:00:00Z,1993-06-20T23:00:00+02:00,740610000000,,0,0,G,,corrected-archive-csv
162860,Luleå-Kallax Flygplats,13,Rådande väder,"momentanvärde, 1 gång/tim resp 8 gånger/dygn",kod,1993-06-21T00:00:00Z,1993-06-21T02:00:00+02:00,740620800000,,12,12,G,,corrected-archive-csv
162860,Luleå-Kallax Flygplats,13,Rådande väder,"momentanvärde, 1 gång/tim resp 8 gånger/dygn",kod,1993-06-21T03:00:00Z,1993-06-21T05:00:00+02:00,740631600000,,0,0,G,,corrected-archive-csv
162860,Luleå-Kallax Flygplats,13,Rådande väder,"momentanvärde, 1 gång/tim resp 8 gånger/dygn",kod,1993-06-21T06:00:00Z,1993-06-21T08:00:00+02:00,740642400000,,0,0,G,,corrected-archive-csv
162860,Luleå-Kallax Flygplats,13,Rådande väder,"momentanvärde, 1 gång/tim resp 8 gånger/dygn",kod,1993-06-21T09:00:00Z,1993-06-21T11:00:00+02:00,740653200000,,0,0,G,,corrected-archive-csv
162860,Luleå-Kallax Flygplats,13,Rådande väder,"momentanvärde, 1 gång/tim resp 8 gånger/dygn",kod,1993-06-21T12:00:00Z,1993-06-21T14:00:00+02:00,740664000000,,0,0,G,,corrected-archive-csv
162860,Luleå-Kallax Flygplats,13,Rådande väder,"momentanvärde, 1 gång/tim resp 8 gånger/dygn",kod,1993-06-21T15:00:00Z,1993-06-21T17:00:00+02:00,740674800000,,0,0,G,,corrected-archive-csv
162860,Luleå-Kallax Flygplats,13,Rådande väder,"momentanvärde, 1 gång/tim resp 8 gånger/dygn",kod,1993-06-21T18:00:00Z,1993-06-21T20:00:00+02:00,740685600000,,0,0,G,,corrected-archive-csv
162860,Luleå-Kallax Flygplats,13,Rådande väder,"momentanvärde, 1 gång/tim resp 8 gånger/dygn",kod,1993-06-21T21:00:00Z,1993-06-21T23:00:00+02:00,740696400000,,0,0,G,,corrected-archive-csv
162860,Luleå-Kallax Flygplats,13,Rådande väder,"momentanvärde, 1 gång/tim resp 8 gånger/dygn",kod,1993-06-22T00:00:00Z,1993-06-22T02:00:00+02:00,740707200000,,0,0,G,,corrected-archive-csv
162860,Luleå-Kallax Flygplats,13,Rådande väder,"momentanvärde, 1 gång/tim resp 8 gånger/dygn",kod,1993-06-22T03:00:00Z,1993-06-22T05:00:00+02:00,740718000000,,0,0,G,,corrected-archive-csv
162860,Luleå-Kallax Flygplats,13,Rådande väder,"momentanvärde, 1 gång/tim resp 8 gånger/dygn",kod,1993-06-22T06:00:00Z,1993-06-22T08:00:00+02:00,740728800000,,0,0,G,,corrected-archive-csv
162860,Luleå-Kallax Flygplats,13,Rådande väder,"momentanvärde, 1 gång/tim resp 8 gånger/dygn",kod,1993-06-22T08:00:00Z,1993-06-22T10:00:00+02:00,740736000000,,14,14,Y,,corrected-archive-csv
162860,Luleå-Kallax Flygplats,13,Rådande väder,"momentanvärde, 1 gång/tim resp 8 gånger/dygn",kod,1993-06-22T09:00:00Z,1993-06-22T11:00:00+02:00,740739600000,,14,14,G,,corrected-archive-csv
162860,Luleå-Kallax Flygplats,13,Rådande väder,"momentanvärde, 1 gång/tim resp 8 gånger/dygn",kod,1993-06-22T10:00:00Z,1993-06-22T12:00:00+02:00,740743200000,,14,14,Y,,corrected-archive-csv
162860,Luleå-Kallax Flygplats,13,Rådande väder,"momentanvärde, 1 gång/tim resp 8 gånger/dygn",kod,1993-06-22T11:00:00Z,1993-06-22T13:00:00+02:00,740746800000,,14,14,Y,,corrected-archive-csv
162860,Luleå-Kallax Flygplats,13,Rådande väder,"momentanvärde, 1 gång/tim resp 8 gånger/dygn",kod,1993-06-22T12:00:00Z,1993-06-22T14:00:00+02:00,740750400000,,0,0,G,,corrected-archive-csv
162860,Luleå-Kallax Flygplats,13,Rådande väder,"momentanvärde, 1 gång/tim resp 8 gånger/dygn",kod,1993-06-22T15:00:00Z,1993-06-22T17:00:00+02:00,740761200000,,0,0,G,,corrected-archive-csv
162860,Luleå-Kallax Flygplats,13,Rådande väder,"momentanvärde, 1 gång/tim resp 8 gånger/dygn",kod,1993-06-22T17:00:00Z,1993-06-22T19:00:00+02:00,740768400000,,14,14,Y,,corrected-archive-csv
162860,Luleå-Kallax Flygplats,13,Rådande väder,"momentanvärde, 1 gång/tim resp 8 gånger/dygn",kod,1993-06-22T18:00:00Z,1993-06-22T20:00:00+02:00,740772000000,,14,14,G,,corrected-archive-csv
162860,Luleå-Kallax Flygplats,13,Rådande väder,"momentanvärde, 1 gång/tim resp 8 gånger/dygn",kod,1993-06-23T00:00:00Z,1993-06-23T02:00:00+02:00,740793600000,,0,0,G,,corrected-archive-csv
162860,Luleå-Kallax Flygplats,13,Rådande väder,"momentanvärde, 1 gång/tim resp 8 gånger/dygn",kod,1993-06-23T03:00:00Z,1993-06-23T05:00:00+02:00,740804400000,,61,61,G,,corrected-archive-csv
162860,Luleå-Kallax Flygplats,13,Rådande väder,"momentanvärde, 1 gång/tim resp 8 gånger/dygn",kod,1993-06-23T04:00:00Z,1993-06-23T06:00:00+02:00,740808000000,,61,61,Y,,corrected-archive-csv
162860,Luleå-Kallax Flygplats,13,Rådande väder,"momentanvärde, 1 gång/tim resp 8 gånger/dygn",kod,1993-06-23T05:00:00Z,1993-06-23T07:00:00+02:00,740811600000,,61,61,Y,,corrected-archive-csv
162860,Luleå-Kallax Flygplats,13,Rådande väder,"momentanvärde, 1 gång/tim resp 8 gånger/dygn",kod,1993-06-23T06:00:00Z,1993-06-23T08:00:00+02:00,740815200000,,61,61,G,,corrected-archive-csv
162860,Luleå-Kallax Flygplats,13,Rådande väder,"momentanvärde, 1 gång/tim resp 8 gånger/dygn",kod,1993-06-23T07:00:00Z,1993-06-23T09:00:00+02:00,740818800000,,61,61,Y,,corrected-archive-csv
162860,Luleå-Kallax Flygplats,13,Rådande väder,"momentanvärde, 1 gång/tim resp 8 gånger/dygn",kod,1993-06-23T08:00:00Z,1993-06-23T10:00:00+02:00,740822400000,,61,61,Y,,corrected-archive-csv
162860,Luleå-Kallax Flygplats,13,Rådande väder,"momentanvärde, 1 gång/tim resp 8 gånger/dygn",kod,1993-06-23T09:00:00Z,1993-06-23T11:00:00+02:00,740826000000,,61,61,G,,corrected-archive-csv
162860,Luleå-Kallax Flygplats,13,Rådande väder,"momentanvärde, 1 gång/tim resp 8 gånger/dygn",kod,1993-06-23T10:00:00Z,1993-06-23T12:00:00+02:00,740829600000,,61,61,Y,,corrected-archive-csv
162860,Luleå-Kallax Flygplats,13,Rådande väder,"momentanvärde, 1 gång/tim resp 8 gånger/dygn",kod,1993-06-23T11:00:00Z,1993-06-23T13:00:00+02:00,740833200000,,51,51,Y,,corrected-archive-csv
162860,Luleå-Kallax Flygplats,13,Rådande väder,"momentanvärde, 1 gång/tim resp 8 gånger/dygn",kod,1993-06-23T12:00:00Z,1993-06-23T14:00:00+02:00,740836800000,,61,61,G,,corrected-archive-csv
162860,Luleå-Kallax Flygplats,13,Rådande väder,"momentanvärde, 1 gång/tim resp 8 gånger/dygn",kod,1993-06-23T13:00:00Z,1993-06-23T15:00:00+02:00,740840400000,,61,61,Y,,corrected-archive-csv
162860,Luleå-Kallax Flygplats,13,Rådande väder,"momentanvärde, 1 gång/tim resp 8 gånger/dygn",kod,1993-06-23T14:00:00Z,1993-06-23T16:00:00+02:00,740844000000,,61,61,Y,,corrected-archive-csv
162860,Luleå-Kallax Flygplats,13,Rådande väder,"momentanvärde, 1 gång/tim resp 8 gånger/dygn",kod,1993-06-23T15:00:00Z,1993-06-23T17:00:00+02:00,740847600000,,61,61,G,,corrected-archive-csv
162860,Luleå-Kallax Flygplats,13,Rådande väder,"momentanvärde, 1 gång/tim resp 8 gånger/dygn",kod,1993-06-23T16:00:00Z,1993-06-23T18:00:00+02:00,740851200000,,61,61,Y,,corrected-archive-csv
162860,Luleå-Kallax Flygplats,13,Rådande väder,"momentanvärde, 1 gång/tim resp 8 gånger/dygn",kod,1993-06-23T17:00:00Z,1993-06-23T19:00:00+02:00,740854800000,,61,61,Y,,corrected-archive-csv
162860,Luleå-Kallax Flygplats,13,Rådande väder,"momentanvärde, 1 gång/tim resp 8 gånger/dygn",kod,1993-06-23T18:00:00Z,1993-06-23T20:00:00+02:00,740858400000,,61,61,G,,corrected-archive-csv
162860,Luleå-Kallax Flygplats,13,Rådande väder,"momentanvärde, 1 gång/tim resp 8 gånger/dygn",kod,1993-06-23T19:00:00Z,1993-06-23T21:00:00+02:00,740862000000,,61,61,Y,,corrected-archive-csv
162860,Luleå-Kallax Flygplats,13,Rådande väder,"momentanvärde, 1 gång/tim resp 8 gånger/dygn",kod,1993-06-23T20:00:00Z,1993-06-23T22:00:00+02:00,740865600000,,61,61,Y,,corrected-archive-csv
162860,Luleå-Kallax Flygplats,13,Rådande väder,"momentanvärde, 1 gång/tim resp 8 gånger/dygn",kod,1993-06-23T21:00:00Z,1993-06-23T23:00:00+02:00,740869200000,,61,61,G,,corrected-archive-csv
162860,Luleå-Kallax Flygplats,13,Rådande väder,"momentanvärde, 1 gång/tim resp 8 gånger/dygn",kod,1993-06-23T22:00:00Z,1993-06-24T00:00:00+02:00,740872800000,,21,21,Y,,corrected-archive-csv
162860,Luleå-Kallax Flygplats,13,Rådande väder,"momentanvärde, 1 gång/tim resp 8 gånger/dygn",kod,1993-06-24T00:00:00Z,1993-06-24T02:00:00+02:00,740880000000,,10,10,G,,corrected-archive-csv
162860,Luleå-Kallax Flygplats,13,Rådande väder,"momentanvärde, 1 gång/tim resp 8 gånger/dygn",kod,1993-06-24T01:00:00Z,1993-06-24T03:00:00+02:00,740883600000,,2,2,Y,,corrected-archive-csv
162860,Luleå-Kallax Flygplats,13,Rådande väder,"momentanvärde, 1 gång/tim resp 8 gånger/dygn",kod,1993-06-24T02:00:00Z,1993-06-24T04:00:00+02:00,740887200000,,1,1,Y,,corrected-archive-csv
162860,Luleå-Kallax Flygplats,13,Rådande väder,"momentanvärde, 1 gång/tim resp 8 gånger/dygn",kod,1993-06-24T03:00:00Z,1993-06-24T05:00:00+02:00,740890800000,,2,2,G,,corrected-archive-csv
162860,Luleå-Kallax Flygplats,13,Rådande väder,"momentanvärde, 1 gång/tim resp 8 gånger/dygn",kod,1993-06-24T04:00:00Z,1993-06-24T06:00:00+02:00,740894400000,,2,2,Y,,corrected-archive-csv
162860,Luleå-Kallax Flygplats,13,Rådande väder,"momentanvärde, 1 gång/tim resp 8 gånger/dygn",kod,1993-06-24T05:00:00Z,1993-06-24T07:00:00+02:00,740898000000,,2,2,Y,,corrected-archive-csv
162860,Luleå-Kallax Flygplats,13,Rådande väder,"momentanvärde, 1 gång/tim resp 8 gånger/dygn",kod,1993-06-24T06:00:00Z,1993-06-24T08:00:00+02:00,740901600000,,2,2,G,,corrected-archive-csv
162860,Luleå-Kallax Flygplats,13,Rådande väder,"momentanvärde, 1 gång/tim resp 8 gånger/dygn",kod,1993-06-24T07:00:00Z,1993-06-24T09:00:00+02:00,740905200000,,21,21,Y,,corrected-archive-csv
162860,Luleå-Kallax Flygplats,13,Rådande väder,"momentanvärde, 1 gång/tim resp 8 gånger/dygn",kod,1993-06-24T08:00:00Z,1993-06-24T10:00:00+02:00,740908800000,,2,2,Y,,corrected-archive-csv
162860,Luleå-Kallax Flygplats,13,Rådande väder,"momentanvärde, 1 gång/tim resp 8 gånger/dygn",kod,1993-06-24T09:00:00Z,1993-06-24T11:00:00+02:00,740912400000,,2,2,G,,corrected-archive-csv
162860,Luleå-Kallax Flygplats,13,Rådande väder,"momentanvärde, 1 gång/tim resp 8 gånger/dygn",kod,1993-06-24T10:00:00Z,1993-06-24T12:00:00+02:00,740916000000,,61,61,Y,,corrected-archive-csv
162860,Luleå-Kallax Flygplats,13,Rådande väder,"momentanvärde, 1 gång/tim resp 8 gånger/dygn",kod,1993-06-24T11:00:00Z,1993-06-24T13:00:00+02:00,740919600000,,61,61,Y,,corrected-archive-csv
162860,Luleå-Kallax Flygplats,13,Rådande väder,"momentanvärde, 1 gång/tim resp 8 gånger/dygn",kod,1993-06-24T12:00:00Z,1993-06-24T14:00:00+02:00,740923200000,,61,61,G,,corrected-archive-csv
162860,Luleå-Kallax Flygplats,13,Rådande väder,"momentanvärde, 1 gång/tim resp 8 gånger/dygn",kod,1993-06-24T13:00:00Z,1993-06-24T15:00:00+02:00,740926800000,,61,61,Y,,corrected-archive-csv
162860,Luleå-Kallax Flygplats,13,Rådande väder,"momentanvärde, 1 gång/tim resp 8 gånger/dygn",kod,1993-06-24T14:00:00Z,1993-06-24T16:00:00+02:00,740930400000,,61,61,Y,,corrected-archive-csv
162860,Luleå-Kallax Flygplats,13,Rådande väder,"momentanvärde, 1 gång/tim resp 8 gånger/dygn",kod,1993-06-24T15:00:00Z,1993-06-24T17:00:00+02:00,740934000000,,21,21,G,,corrected-archive-csv
162860,Luleå-Kallax Flygplats,13,Rådande väder,"momentanvärde, 1 gång/tim resp 8 gånger/dygn",kod,1993-06-24T16:00:00Z,1993-06-24T18:00:00+02:00,740937600000,,21,21,Y,,corrected-archive-csv
162860,Luleå-Kallax Flygplats,13,Rådande väder,"momentanvärde, 1 gång/tim resp 8 gånger/dygn",kod,1993-06-24T17:00:00Z,1993-06-24T19:00:00+02:00,740941200000,,21,21,Y,,corrected-archive-csv
162860,Luleå-Kallax Flygplats,13,Rådande väder,"momentanvärde, 1 gång/tim resp 8 gånger/dygn",kod,1993-06-24T18:00:00Z,1993-06-24T20:00:00+02:00,740944800000,,1,1,G,,corrected-archive-csv
162860,Luleå-Kallax Flygplats,13,Rådande väder,"momentanvärde, 1 gång/tim resp 8 gånger/dygn",kod,1993-06-24T21:00:00Z,1993-06-24T23:00:00+02:00,740955600000,,0,0,G,,corrected-archive-csv
162860,Luleå-Kallax Flygplats,13,Rådande väder,"momentanvärde, 1 gång/tim resp 8 gånger/dygn",kod,1993-06-25T00:00:00Z,1993-06-25T02:00:00+02:00,740966400000,,0,0,G,,corrected-archive-csv
162860,Luleå-Kallax Flygplats,13,Rådande väder,"momentanvärde, 1 gång/tim resp 8 gånger/dygn",kod,1993-06-25T03:00:00Z,1993-06-25T05:00:00+02:00,740977200000,,0,0,G,,corrected-archive-csv
162860,Luleå-Kallax Flygplats,13,Rådande väder,"momentanvärde, 1 gång/tim resp 8 gånger/dygn",kod,1993-06-25T04:00:00Z,1993-06-25T06:00:00+02:00,740980800000,,21,21,Y,,corrected-archive-csv
162860,Luleå-Kallax Flygplats,13,Rådande väder,"momentanvärde, 1 gång/tim resp 8 gånger/dygn",kod,1993-06-25T05:00:00Z,1993-06-25T07:00:00+02:00,740984400000,,21,21,Y,,corrected-archive-csv
162860,Luleå-Kallax Flygplats,13,Rådande väder,"momentanvärde, 1 gång/tim resp 8 gånger/dygn",kod,1993-06-25T06:00:00Z,1993-06-25T08:00:00+02:00,740988000000,,21,21,G,,corrected-archive-csv
162860,Luleå-Kallax Flygplats,13,Rådande väder,"momentanvärde, 1 gång/tim resp 8 gånger/dygn",kod,1993-06-25T09:00:00Z,1993-06-25T11:00:00+02:00,740998800000,,0,0,G,,corrected-archive-csv
162860,Luleå-Kallax Flygplats,13,Rådande väder,"momentanvärde, 1 gång/tim resp 8 gånger/dygn",kod,1993-06-25T12:00:00Z,1993-06-25T14:00:00+02:00,741009600000,,0,0,G,,corrected-archive-csv
162860,Luleå-Kallax Flygplats,13,Rådande väder,"momentanvärde, 1 gång/tim resp 8 gånger/dygn",kod,1993-06-25T15:00:00Z,1993-06-25T17:00:00+02:00,741020400000,,0,0,G,,corrected-archive-csv
162860,Luleå-Kallax Flygplats,13,Rådande väder,"momentanvärde, 1 gång/tim resp 8 gånger/dygn",kod,1993-06-25T18:00:00Z,1993-06-25T20:00:00+02:00,741031200000,,0,0,G,,corrected-archive-csv
162860,Luleå-Kallax Flygplats,13,Rådande väder,"momentanvärde, 1 gång/tim resp 8 gånger/dygn",kod,1993-06-25T21:00:00Z,1993-06-25T23:00:00+02:00,741042000000,,0,0,G,,corrected-archive-csv
162860,Luleå-Kallax Flygplats,13,Rådande väder,"momentanvärde, 1 gång/tim resp 8 gånger/dygn",kod,1993-06-26T00:00:00Z,1993-06-26T02:00:00+02:00,741052800000,,11,11,G,,corrected-archive-csv
162860,Luleå-Kallax Flygplats,13,Rådande väder,"momentanvärde, 1 gång/tim resp 8 gånger/dygn",kod,1993-06-26T01:00:00Z,1993-06-26T03:00:00+02:00,741056400000,,11,11,Y,,corrected-archive-csv
162860,Luleå-Kallax Flygplats,13,Rådande väder,"momentanvärde, 1 gång/tim resp 8 gånger/dygn",kod,1993-06-26T02:00:00Z,1993-06-26T04:00:00+02:00,741060000000,,11,11,Y,,corrected-archive-csv
162860,Luleå-Kallax Flygplats,13,Rådande väder,"momentanvärde, 1 gång/tim resp 8 gånger/dygn",kod,1993-06-26T03:00:00Z,1993-06-26T05:00:00+02:00,741063600000,,3,3,G,,corrected-archive-csv
162860,Luleå-Kallax Flygplats,13,Rådande väder,"momentanvärde, 1 gång/tim resp 8 gånger/dygn",kod,1993-06-26T04:00:00Z,1993-06-26T06:00:00+02:00,741067200000,,2,2,Y,,corrected-archive-csv
162860,Luleå-Kallax Flygplats,13,Rådande väder,"momentanvärde, 1 gång/tim resp 8 gånger/dygn",kod,1993-06-26T05:00:00Z,1993-06-26T07:00:00+02:00,741070800000,,3,3,Y,,corrected-archive-csv
162860,Luleå-Kallax Flygplats,13,Rådande väder,"momentanvärde, 1 gång/tim resp 8 gånger/dygn",kod,1993-06-26T06:00:00Z,1993-06-26T08:00:00+02:00,741074400000,,3,3,G,,corrected-archive-csv
162860,Luleå-Kallax Flygplats,13,Rådande väder,"momentanvärde, 1 gång/tim resp 8 gånger/dygn",kod,1993-06-26T09:00:00Z,1993-06-26T11:00:00+02:00,741085200000,,0,0,G,,corrected-archive-csv
162860,Luleå-Kallax Flygplats,13,Rådande väder,"momentanvärde, 1 gång/tim resp 8 gånger/dygn",kod,1993-06-26T12:00:00Z,1993-06-26T14:00:00+02:00,741096000000,,0,0,G,,corrected-archive-csv
162860,Luleå-Kallax Flygplats,13,Rådande väder,"momentanvärde, 1 gång/tim resp 8 gånger/dygn",kod,1993-06-26T15:00:00Z,1993-06-26T17:00:00+02:00,741106800000,,0,0,G,,corrected-archive-csv
162860,Luleå-Kallax Flygplats,13,Rådande väder,"momentanvärde, 1 gång/tim resp 8 gånger/dygn",kod,1993-06-26T18:00:00Z,1993-06-26T20:00:00+02:00,741117600000,,0,0,G,,corrected-archive-csv
162860,Luleå-Kallax Flygplats,13,Rådande väder,"momentanvärde, 1 gång/tim resp 8 gånger/dygn",kod,1993-06-26T21:00:00Z,1993-06-26T23:00:00+02:00,741128400000,,0,0,G,,corrected-archive-csv
162860,Luleå-Kallax Flygplats,13,Rådande väder,"momentanvärde, 1 gång/tim resp 8 gånger/dygn",kod,1993-06-27T00:00:00Z,1993-06-27T02:00:00+02:00,741139200000,,15,15,G,,corrected-archive-csv
162860,Luleå-Kallax Flygplats,13,Rådande väder,"momentanvärde, 1 gång/tim resp 8 gånger/dygn",kod,1993-06-27T01:00:00Z,1993-06-27T03:00:00+02:00,741142800000,,15,15,Y,,corrected-archive-csv
162860,Luleå-Kallax Flygplats,13,Rådande väder,"momentanvärde, 1 gång/tim resp 8 gånger/dygn",kod,1993-06-27T02:00:00Z,1993-06-27T04:00:00+02:00,741146400000,,2,2,Y,,corrected-archive-csv
162860,Luleå-Kallax Flygplats,13,Rådande väder,"momentanvärde, 1 gång/tim resp 8 gånger/dygn",kod,1993-06-27T03:00:00Z,1993-06-27T05:00:00+02:00,741150000000,,15,15,G,,corrected-archive-csv
162860,Luleå-Kallax Flygplats,13,Rådande väder,"momentanvärde, 1 gång/tim resp 8 gånger/dygn",kod,1993-06-27T04:00:00Z,1993-06-27T06:00:00+02:00,741153600000,,2,2,Y,,corrected-archive-csv
162860,Luleå-Kallax Flygplats,13,Rådande väder,"momentanvärde, 1 gång/tim resp 8 gånger/dygn",kod,1993-06-27T05:00:00Z,1993-06-27T07:00:00+02:00,741157200000,,21,21,Y,,corrected-archive-csv
162860,Luleå-Kallax Flygplats,13,Rådande väder,"momentanvärde, 1 gång/tim resp 8 gånger/dygn",kod,1993-06-27T06:00:00Z,1993-06-27T08:00:00+02:00,741160800000,,2,2,G,,corrected-archive-csv
162860,Luleå-Kallax Flygplats,13,Rådande väder,"momentanvärde, 1 gång/tim resp 8 gånger/dygn",kod,1993-06-27T09:00:00Z,1993-06-27T11:00:00+02:00,741171600000,,0,0,G,,corrected-archive-csv
162860,Luleå-Kallax Flygplats,13,Rådande väder,"momentanvärde, 1 gång/tim resp 8 gånger/dygn",kod,1993-06-27T15:00:00Z,1993-06-27T17:00:00+02:00,741193200000,,0,0,G,,corrected-archive-csv
162860,Luleå-Kallax Flygplats,13,Rådande väder,"momentanvärde, 1 gång/tim resp 8 gånger/dygn",kod,1993-06-27T18:00:00Z,1993-06-27T20:00:00+02:00,741204000000,,0,0,G,,corrected-archive-csv
162860,Luleå-Kallax Flygplats,13,Rådande väder,"momentanvärde, 1 gång/tim resp 8 gånger/dygn",kod,1993-06-27T21:00:00Z,1993-06-27T23:00:00+02:00,741214800000,,0,0,G,,corrected-archive-csv
162860,Luleå-Kallax Flygplats,13,Rådande väder,"momentanvärde, 1 gång/tim resp 8 gånger/dygn",kod,1993-06-28T00:00:00Z,1993-06-28T02:00:00+02:00,741225600000,,0,0,G,,corrected-archive-csv
162860,Luleå-Kallax Flygplats,13,Rådande väder,"momentanvärde, 1 gång/tim resp 8 gånger/dygn",kod,1993-06-28T03:00:00Z,1993-06-28T05:00:00+02:00,741236400000,,0,0,G,,corrected-archive-csv
162860,Luleå-Kallax Flygplats,13,Rådande väder,"momentanvärde, 1 gång/tim resp 8 gånger/dygn",kod,1993-06-28T06:00:00Z,1993-06-28T08:00:00+02:00,741247200000,,0,0,G,,corrected-archive-csv
162860,Luleå-Kallax Flygplats,13,Rådande väder,"momentanvärde, 1 gång/tim resp 8 gånger/dygn",kod,1993-06-28T09:00:00Z,1993-06-28T11:00:00+02:00,741258000000,,15,15,G,,corrected-archive-csv
162860,Luleå-Kallax Flygplats,13,Rådande väder,"momentanvärde, 1 gång/tim resp 8 gånger/dygn",kod,1993-06-28T10:00:00Z,1993-06-28T12:00:00+02:00,741261600000,,15,15,Y,,corrected-archive-csv
162860,Luleå-Kallax Flygplats,13,Rådande väder,"momentanvärde, 1 gång/tim resp 8 gånger/dygn",kod,1993-06-28T11:00:00Z,1993-06-28T13:00:00+02:00,741265200000,,14,14,Y,,corrected-archive-csv
162860,Luleå-Kallax Flygplats,13,Rådande väder,"momentanvärde, 1 gång/tim resp 8 gånger/dygn",kod,1993-06-28T12:00:00Z,1993-06-28T14:00:00+02:00,741268800000,,15,15,G,,corrected-archive-csv
162860,Luleå-Kallax Flygplats,13,Rådande väder,"momentanvärde, 1 gång/tim resp 8 gånger/dygn",kod,1993-06-28T13:00:00Z,1993-06-28T15:00:00+02:00,741272400000,,15,15,Y,,corrected-archive-csv
162860,Luleå-Kallax Flygplats,13,Rådande väder,"momentanvärde, 1 gång/tim resp 8 gånger/dygn",kod,1993-06-28T14:00:00Z,1993-06-28T16:00:00+02:00,741276000000,,15,15,Y,,corrected-archive-csv
162860,Luleå-Kallax Flygplats,13,Rådande väder,"momentanvärde, 1 gång/tim resp 8 gånger/dygn",kod,1993-06-28T15:00:00Z,1993-06-28T17:00:00+02:00,741279600000,,21,21,G,,corrected-archive-csv
162860,Luleå-Kallax Flygplats,13,Rådande väder,"momentanvärde, 1 gång/tim resp 8 gånger/dygn",kod,1993-06-28T17:00:00Z,1993-06-28T19:00:00+02:00,741286800000,,15,15,Y,,corrected-archive-csv
162860,Luleå-Kallax Flygplats,13,Rådande väder,"momentanvärde, 1 gång/tim resp 8 gånger/dygn",kod,1993-06-28T18:00:00Z,1993-06-28T20:00:00+02:00,741290400000,,15,15,G,,corrected-archive-csv
162860,Luleå-Kallax Flygplats,13,Rådande väder,"momentanvärde, 1 gång/tim resp 8 gånger/dygn",kod,1993-06-28T19:00:00Z,1993-06-28T21:00:00+02:00,741294000000,,16,16,Y,,corrected-archive-csv
162860,Luleå-Kallax Flygplats,13,Rådande väder,"momentanvärde, 1 gång/tim resp 8 gånger/dygn",kod,1993-06-28T20:00:00Z,1993-06-28T22:00:00+02:00,741297600000,,15,15,Y,,corrected-archive-csv
162860,Luleå-Kallax Flygplats,13,Rådande väder,"momentanvärde, 1 gång/tim resp 8 gånger/dygn",kod,1993-06-28T21:00:00Z,1993-06-28T23:00:00+02:00,741301200000,,15,15,G,,corrected-archive-csv
162860,Luleå-Kallax Flygplats,13,Rådande väder,"momentanvärde, 1 gång/tim resp 8 gånger/dygn",kod,1993-06-28T22:00:00Z,1993-06-29T00:00:00+02:00,741304800000,,15,15,Y,,corrected-archive-csv
162860,Luleå-Kallax Flygplats,13,Rådande väder,"momentanvärde, 1 gång/tim resp 8 gånger/dygn",kod,1993-06-28T23:00:00Z,1993-06-29T01:00:00+02:00,741308400000,,21,21,Y,,corrected-archive-csv
162860,Luleå-Kallax Flygplats,13,Rådande väder,"momentanvärde, 1 gång/tim resp 8 gånger/dygn",kod,1993-06-29T00:00:00Z,1993-06-29T02:00:00+02:00,741312000000,,16,16,G,,corrected-archive-csv
162860,Luleå-Kallax Flygplats,13,Rådande väder,"momentanvärde, 1 gång/tim resp 8 gånger/dygn",kod,1993-06-29T01:00:00Z,1993-06-29T03:00:00+02:00,741315600000,,15,15,Y,,corrected-archive-csv
162860,Luleå-Kallax Flygplats,13,Rådande väder,"momentanvärde, 1 gång/tim resp 8 gånger/dygn",kod,1993-06-29T02:00:00Z,1993-06-29T04:00:00+02:00,741319200000,,15,15,Y,,corrected-archive-csv
162860,Luleå-Kallax Flygplats,13,Rådande väder,"momentanvärde, 1 gång/tim resp 8 gånger/dygn",kod,1993-06-29T03:00:00Z,1993-06-29T05:00:00+02:00,741322800000,,60,60,G,,corrected-archive-csv
162860,Luleå-Kallax Flygplats,13,Rådande väder,"momentanvärde, 1 gång/tim resp 8 gånger/dygn",kod,1993-06-29T04:00:00Z,1993-06-29T06:00:00+02:00,741326400000,,2,2,Y,,corrected-archive-csv
162860,Luleå-Kallax Flygplats,13,Rådande väder,"momentanvärde, 1 gång/tim resp 8 gånger/dygn",kod,1993-06-29T05:00:00Z,1993-06-29T07:00:00+02:00,741330000000,,15,15,Y,,corrected-archive-csv
162860,Luleå-Kallax Flygplats,13,Rådande väder,"momentanvärde, 1 gång/tim resp 8 gånger/dygn",kod,1993-06-29T06:00:00Z,1993-06-29T08:00:00+02:00,741333600000,,14,14,G,,corrected-archive-csv
162860,Luleå-Kallax Flygplats,13,Rådande väder,"momentanvärde, 1 gång/tim resp 8 gånger/dygn",kod,1993-06-29T07:00:00Z,1993-06-29T09:00:00+02:00,741337200000,,14,14,Y,,corrected-archive-csv
162860,Luleå-Kallax Flygplats,13,Rådande väder,"momentanvärde, 1 gång/tim resp 8 gånger/dygn",kod,1993-06-29T09:00:00Z,1993-06-29T11:00:00+02:00,741344400000,,0,0,G,,corrected-archive-csv
162860,Luleå-Kallax Flygplats,13,Rådande väder,"momentanvärde, 1 gång/tim resp 8 gånger/dygn",kod,1993-06-29T11:00:00Z,1993-06-29T13:00:00+02:00,741351600000,,14,14,Y,,corrected-archive-csv
162860,Luleå-Kallax Flygplats,13,Rådande väder,"momentanvärde, 1 gång/tim resp 8 gånger/dygn",kod,1993-06-29T12:00:00Z,1993-06-29T14:00:00+02:00,741355200000,,16,16,G,,corrected-archive-csv
162860,Luleå-Kallax Flygplats,13,Rådande väder,"momentanvärde, 1 gång/tim resp 8 gånger/dygn",kod,1993-06-29T13:00:00Z,1993-06-29T15:00:00+02:00,741358800000,,14,14,Y,,corrected-archive-csv
162860,Luleå-Kallax Flygplats,13,Rådande väder,"momentanvärde, 1 gång/tim resp 8 gånger/dygn",kod,1993-06-29T15:00:00Z,1993-06-29T17:00:00+02:00,741366000000,,2,2,G,,corrected-archive-csv
162860,Luleå-Kallax Flygplats,13,Rådande väder,"momentanvärde, 1 gång/tim resp 8 gånger/dygn",kod,1993-06-29T16:00:00Z,1993-06-29T18:00:00+02:00,741369600000,,21,21,Y,,corrected-archive-csv
162860,Luleå-Kallax Flygplats,13,Rådande väder,"momentanvärde, 1 gång/tim resp 8 gånger/dygn",kod,1993-06-29T17:00:00Z,1993-06-29T19:00:00+02:00,741373200000,,3,3,Y,,corrected-archive-csv
162860,Luleå-Kallax Flygplats,13,Rådande väder,"momentanvärde, 1 gång/tim resp 8 gånger/dygn",kod,1993-06-29T18:00:00Z,1993-06-29T20:00:00+02:00,741376800000,,2,2,G,,corrected-archive-csv
162860,Luleå-Kallax Flygplats,13,Rådande väder,"momentanvärde, 1 gång/tim resp 8 gånger/dygn",kod,1993-06-29T20:00:00Z,1993-06-29T22:00:00+02:00,741384000000,,15,15,Y,,corrected-archive-csv
162860,Luleå-Kallax Flygplats,13,Rådande väder,"momentanvärde, 1 gång/tim resp 8 gånger/dygn",kod,1993-06-29T21:00:00Z,1993-06-29T23:00:00+02:00,741387600000,,2,2,G,,corrected-archive-csv
162860,Luleå-Kallax Flygplats,13,Rådande väder,"momentanvärde, 1 gång/tim resp 8 gånger/dygn",kod,1993-06-29T22:00:00Z,1993-06-30T00:00:00+02:00,741391200000,,2,2,Y,,corrected-archive-csv
162860,Luleå-Kallax Flygplats,13,Rådande väder,"momentanvärde, 1 gång/tim resp 8 gånger/dygn",kod,1993-06-29T23:00:00Z,1993-06-30T01:00:00+02:00,741394800000,,2,2,Y,,corrected-archive-csv
162860,Luleå-Kallax Flygplats,13,Rådande väder,"momentanvärde, 1 gång/tim resp 8 gånger/dygn",kod,1993-06-30T00:00:00Z,1993-06-30T02:00:00+02:00,741398400000,,1,1,G,,corrected-archive-csv
162860,Luleå-Kallax Flygplats,13,Rådande väder,"momentanvärde, 1 gång/tim resp 8 gånger/dygn",kod,1993-06-30T03:00:00Z,1993-06-30T05:00:00+02:00,741409200000,,0,0,G,,corrected-archive-csv
162860,Luleå-Kallax Flygplats,13,Rådande väder,"momentanvärde, 1 gång/tim resp 8 gånger/dygn",kod,1993-06-30T06:00:00Z,1993-06-30T08:00:00+02:00,741420000000,,0,0,G,,corrected-archive-csv
162860,Luleå-Kallax Flygplats,13,Rådande väder,"momentanvärde, 1 gång/tim resp 8 gånger/dygn",kod,1993-06-30T09:00:00Z,1993-06-30T11:00:00+02:00,741430800000,,0,0,G,,corrected-archive-csv
162860,Luleå-Kallax Flygplats,13,Rådande väder,"momentanvärde, 1 gång/tim resp 8 gånger/dygn",kod,1993-06-30T12:00:00Z,1993-06-30T14:00:00+02:00,741441600000,,0,0,G,,corrected-archive-csv
162860,Luleå-Kallax Flygplats,13,Rådande väder,"momentanvärde, 1 gång/tim resp 8 gånger/dygn",kod,1993-06-30T15:00:00Z,1993-06-30T17:00:00+02:00,741452400000,,0,0,G,,corrected-archive-csv
162860,Luleå-Kallax Flygplats,13,Rådande väder,"momentanvärde, 1 gång/tim resp 8 gånger/dygn",kod,1993-06-30T18:00:00Z,1993-06-30T20:00:00+02:00,741463200000,,0,0,G,,corrected-archive-csv
162860,Luleå-Kallax Flygplats,13,Rådande väder,"momentanvärde, 1 gång/tim resp 8 gånger/dygn",kod,1993-06-30T21:00:00Z,1993-06-30T23:00:00+02:00,741474000000,,0,0,G,,corrected-archive-csv
162860,Luleå-Kallax Flygplats,13,Rådande väder,"momentanvärde, 1 gång/tim resp 8 gånger/dygn",kod,1993-07-01T00:00:00Z,1993-07-01T02:00:00+02:00,741484800000,,11,11,G,,corrected-archive-csv
162860,Luleå-Kallax Flygplats,13,Rådande väder,"momentanvärde, 1 gång/tim resp 8 gånger/dygn",kod,1993-07-01T01:00:00Z,1993-07-01T03:00:00+02:00,741488400000,,11,11,Y,,corrected-archive-csv
162860,Luleå-Kallax Flygplats,13,Rådande väder,"momentanvärde, 1 gång/tim resp 8 gånger/dygn",kod,1993-07-01T02:00:00Z,1993-07-01T04:00:00+02:00,741492000000,,11,11,Y,,corrected-archive-csv
162860,Luleå-Kallax Flygplats,13,Rådande väder,"momentanvärde, 1 gång/tim resp 8 gånger/dygn",kod,1993-07-01T03:00:00Z,1993-07-01T05:00:00+02:00,741495600000,,3,3,G,,corrected-archive-csv
162860,Luleå-Kallax Flygplats,13,Rådande väder,"momentanvärde, 1 gång/tim resp 8 gånger/dygn",kod,1993-07-01T04:00:00Z,1993-07-01T06:00:00+02:00,741499200000,,1,1,Y,,corrected-archive-csv
162860,Luleå-Kallax Flygplats,13,Rådande väder,"momentanvärde, 1 gång/tim resp 8 gånger/dygn",kod,1993-07-01T05:00:00Z,1993-07-01T07:00:00+02:00,741502800000,,3,3,Y,,corrected-archive-csv
162860,Luleå-Kallax Flygplats,13,Rådande väder,"momentanvärde, 1 gång/tim resp 8 gånger/dygn",kod,1993-07-01T06:00:00Z,1993-07-01T08:00:00+02:00,741506400000,,2,2,G,,corrected-archive-csv
162860,Luleå-Kallax Flygplats,13,Rådande väder,"momentanvärde, 1 gång/tim resp 8 gånger/dygn",kod,1993-07-01T09:00:00Z,1993-07-01T11:00:00+02:00,741517200000,,0,0,G,,corrected-archive-csv
162860,Luleå-Kallax Flygplats,13,Rådande väder,"momentanvärde, 1 gång/tim resp 8 gånger/dygn",kod,1993-07-01T12:00:00Z,1993-07-01T14:00:00+02:00,741528000000,,0,0,G,,corrected-archive-csv
162860,Luleå-Kallax Flygplats,13,Rådande väder,"momentanvärde, 1 gång/tim resp 8 gånger/dygn",kod,1993-07-01T15:00:00Z,1993-07-01T17:00:00+02:00,741538800000,,0,0,G,,corrected-archive-csv
162860,Luleå-Kallax Flygplats,13,Rådande väder,"momentanvärde, 1 gång/tim resp 8 gånger/dygn",kod,1993-07-01T18:00:00Z,1993-07-01T20:00:00+02:00,741549600000,,0,0,G,,corrected-archive-csv
162860,Luleå-Kallax Flygplats,13,Rådande väder,"momentanvärde, 1 gång/tim resp 8 gånger/dygn",kod,1993-07-01T21:00:00Z,1993-07-01T23:00:00+02:00,741560400000,,0,0,G,,corrected-archive-csv
162860,Luleå-Kallax Flygplats,13,Rådande väder,"momentanvärde, 1 gång/tim resp 8 gånger/dygn",kod,1993-07-02T00:00:00Z,1993-07-02T02:00:00+02:00,741571200000,,0,0,G,,corrected-archive-csv
162860,Luleå-Kallax Flygplats,13,Rådande väder,"momentanvärde, 1 gång/tim resp 8 gånger/dygn",kod,1993-07-02T02:00:00Z,1993-07-02T04:00:00+02:00,741578400000,,15,15,Y,,corrected-archive-csv
162860,Luleå-Kallax Flygplats,13,Rådande väder,"momentanvärde, 1 gång/tim resp 8 gånger/dygn",kod,1993-07-02T03:00:00Z,1993-07-02T05:00:00+02:00,741582000000,,14,14,G,,corrected-archive-csv
162860,Luleå-Kallax Flygplats,13,Rådande väder,"momentanvärde, 1 gång/tim resp 8 gånger/dygn",kod,1993-07-02T04:00:00Z,1993-07-02T06:00:00+02:00,741585600000,,2,2,Y,,corrected-archive-csv
162860,Luleå-Kallax Flygplats,13,Rådande väder,"momentanvärde, 1 gång/tim resp 8 gånger/dygn",kod,1993-07-02T05:00:00Z,1993-07-02T07:00:00+02:00,741589200000,,2,2,Y,,corrected-archive-csv
162860,Luleå-Kallax Flygplats,13,Rådande väder,"momentanvärde, 1 gång/tim resp 8 gånger/dygn",kod,1993-07-02T06:00:00Z,1993-07-02T08:00:00+02:00,741592800000,,1,1,G,,corrected-archive-csv
162860,Luleå-Kallax Flygplats,13,Rådande väder,"momentanvärde, 1 gång/tim resp 8 gånger/dygn",kod,1993-07-02T09:00:00Z,1993-07-02T11:00:00+02:00,741603600000,,0,0,G,,corrected-archive-csv
162860,Luleå-Kallax Flygplats,13,Rådande väder,"momentanvärde, 1 gång/tim resp 8 gånger/dygn",kod,1993-07-02T12:00:00Z,1993-07-02T14:00:00+02:00,741614400000,,0,0,G,,corrected-archive-csv
162860,Luleå-Kallax Flygplats,13,Rådande väder,"momentanvärde, 1 gång/tim resp 8 gånger/dygn",kod,1993-07-02T15:00:00Z,1993-07-02T17:00:00+02:00,741625200000,,0,0,G,,corrected-archive-csv
162860,Luleå-Kallax Flygplats,13,Rådande väder,"momentanvärde, 1 gång/tim resp 8 gånger/dygn",kod,1993-07-02T18:00:00Z,1993-07-02T20:00:00+02:00,741636000000,,0,0,G,,corrected-archive-csv
162860,Luleå-Kallax Flygplats,13,Rådande väder,"momentanvärde, 1 gång/tim resp 8 gånger/dygn",kod,1993-07-02T21:00:00Z,1993-07-02T23:00:00+02:00,741646800000,,0,0,G,,corrected-archive-csv
162860,Luleå-Kallax Flygplats,13,Rådande väder,"momentanvärde, 1 gång/tim resp 8 gånger/dygn",kod,1993-07-03T00:00:00Z,1993-07-03T02:00:00+02:00,741657600000,,15,15,G,,corrected-archive-csv
162860,Luleå-Kallax Flygplats,13,Rådande väder,"momentanvärde, 1 gång/tim resp 8 gånger/dygn",kod,1993-07-03T01:00:00Z,1993-07-03T03:00:00+02:00,741661200000,,15,15,Y,,corrected-archive-csv
162860,Luleå-Kallax Flygplats,13,Rådande väder,"momentanvärde, 1 gång/tim resp 8 gånger/dygn",kod,1993-07-03T02:00:00Z,1993-07-03T04:00:00+02:00,741664800000,,2,2,Y,,corrected-archive-csv
162860,Luleå-Kallax Flygplats,13,Rådande väder,"momentanvärde, 1 gång/tim resp 8 gånger/dygn",kod,1993-07-03T03:00:00Z,1993-07-03T05:00:00+02:00,741668400000,,15,15,G,,corrected-archive-csv
162860,Luleå-Kallax Flygplats,13,Rådande väder,"momentanvärde, 1 gång/tim resp 8 gånger/dygn",kod,1993-07-03T04:00:00Z,1993-07-03T06:00:00+02:00,741672000000,,61,61,Y,,corrected-archive-csv
162860,Luleå-Kallax Flygplats,13,Rådande väder,"momentanvärde, 1 gång/tim resp 8 gånger/dygn",kod,1993-07-03T05:00:00Z,1993-07-03T07:00:00+02:00,741675600000,,63,63,Y,,corrected-archive-csv
162860,Luleå-Kallax Flygplats,13,Rådande väder,"momentanvärde, 1 gång/tim resp 8 gånger/dygn",kod,1993-07-03T06:00:00Z,1993-07-03T08:00:00+02:00,741679200000,,21,21,G,,corrected-archive-csv
162860,Luleå-Kallax Flygplats,13,Rådande väder,"momentanvärde, 1 gång/tim resp 8 gånger/dygn",kod,1993-07-03T07:00:00Z,1993-07-03T09:00:00+02:00,741682800000,,61,61,Y,,corrected-archive-csv
162860,Luleå-Kallax Flygplats,13,Rådande väder,"momentanvärde, 1 gång/tim resp 8 gånger/dygn",kod,1993-07-03T08:00:00Z,1993-07-03T10:00:00+02:00,741686400000,,2,2,Y,,corrected-archive-csv
162860,Luleå-Kallax Flygplats,13,Rådande väder,"momentanvärde, 1 gång/tim resp 8 gånger/dygn",kod,1993-07-03T09:00:00Z,1993-07-03T11:00:00+02:00,741690000000,,2,2,G,,corrected-archive-csv
162860,Luleå-Kallax Flygplats,13,Rådande väder,"momentanvärde, 1 gång/tim resp 8 gånger/dygn",kod,1993-07-03T10:00:00Z,1993-07-03T12:00:00+02:00,741693600000,,15,15,Y,,corrected-archive-csv
162860,Luleå-Kallax Flygplats,13,Rådande väder,"momentanvärde, 1 gång/tim resp 8 gånger/dygn",kod,1993-07-03T11:00:00Z,1993-07-03T13:00:00+02:00,741697200000,,15,15,Y,,corrected-archive-csv
162860,Luleå-Kallax Flygplats,13,Rådande väder,"momentanvärde, 1 gång/tim resp 8 gånger/dygn",kod,1993-07-03T12:00:00Z,1993-07-03T14:00:00+02:00,741700800000,,15,15,G,,corrected-archive-csv
162860,Luleå-Kallax Flygplats,13,Rådande väder,"momentanvärde, 1 gång/tim resp 8 gånger/dygn",kod,1993-07-03T15:00:00Z,1993-07-03T17:00:00+02:00,741711600000,,0,0,G,,corrected-archive-csv
162860,Luleå-Kallax Flygplats,13,Rådande väder,"momentanvärde, 1 gång/tim resp 8 gånger/dygn",kod,1993-07-03T18:00:00Z,1993-07-03T20:00:00+02:00,741722400000,,0,0,G,,corrected-archive-csv
162860,Luleå-Kallax Flygplats,13,Rådande väder,"momentanvärde, 1 gång/tim resp 8 gånger/dygn",kod,1993-07-03T20:00:00Z,1993-07-03T22:00:00+02:00,741729600000,,15,15,Y,,corrected-archive-csv
162860,Luleå-Kallax Flygplats,13,Rådande väder,"momentanvärde, 1 gång/tim resp 8 gånger/dygn",kod,1993-07-03T21:00:00Z,1993-07-03T23:00:00+02:00,741733200000,,15,15,G,,corrected-archive-csv
162860,Luleå-Kallax Flygplats,13,Rådande väder,"momentanvärde, 1 gång/tim resp 8 gånger/dygn",kod,1993-07-03T22:00:00Z,1993-07-04T00:00:00+02:00,741736800000,,61,61,Y,,corrected-archive-csv
162860,Luleå-Kallax Flygplats,13,Rådande väder,"momentanvärde, 1 gång/tim resp 8 gånger/dygn",kod,1993-07-03T23:00:00Z,1993-07-04T01:00:00+02:00,741740400000,,61,61,Y,,corrected-archive-csv
162860,Luleå-Kallax Flygplats,13,Rådande väder,"momentanvärde, 1 gång/tim resp 8 gånger/dygn",kod,1993-07-04T00:00:00Z,1993-07-04T02:00:00+02:00,741744000000,,12,12,G,,corrected-archive-csv
162860,Luleå-Kallax Flygplats,13,Rådande väder,"momentanvärde, 1 gång/tim resp 8 gånger/dygn",kod,1993-07-04T01:00:00Z,1993-07-04T03:00:00+02:00,741747600000,,12,12,Y,,corrected-archive-csv
162860,Luleå-Kallax Flygplats,13,Rådande väder,"momentanvärde, 1 gång/tim resp 8 gånger/dygn",kod,1993-07-04T02:00:00Z,1993-07-04T04:00:00+02:00,741751200000,,15,15,Y,,corrected-archive-csv
162860,Luleå-Kallax Flygplats,13,Rådande väder,"momentanvärde, 1 gång/tim resp 8 gånger/dygn",kod,1993-07-04T03:00:00Z,1993-07-04T05:00:00+02:00,741754800000,,51,51,G,,corrected-archive-csv
162860,Luleå-Kallax Flygplats,13,Rådande väder,"momentanvärde, 1 gång/tim resp 8 gånger/dygn",kod,1993-07-04T04:00:00Z,1993-07-04T06:00:00+02:00,741758400000,,21,21,Y,,corrected-archive-csv
162860,Luleå-Kallax Flygplats,13,Rådande väder,"momentanvärde, 1 gång/tim resp 8 gånger/dygn",kod,1993-07-04T05:00:00Z,1993-07-04T07:00:00+02:00,741762000000,,21,21,Y,,corrected-archive-csv
162860,Luleå-Kallax Flygplats,13,Rådande väder,"momentanvärde, 1 gång/tim resp 8 gånger/dygn",kod,1993-07-04T06:00:00Z,1993-07-04T08:00:00+02:00,741765600000,,60,60,G,,corrected-archive-csv
162860,Luleå-Kallax Flygplats,13,Rådande väder,"momentanvärde, 1 gång/tim resp 8 gånger/dygn",kod,1993-07-04T07:00:00Z,1993-07-04T09:00:00+02:00,741769200000,,61,61,Y,,corrected-archive-csv
162860,Luleå-Kallax Flygplats,13,Rådande väder,"momentanvärde, 1 gång/tim resp 8 gånger/dygn",kod,1993-07-04T08:00:00Z,1993-07-04T10:00:00+02:00,741772800000,,61,61,Y,,corrected-archive-csv
162860,Luleå-Kallax Flygplats,13,Rådande väder,"momentanvärde, 1 gång/tim resp 8 gånger/dygn",kod,1993-07-04T09:00:00Z,1993-07-04T11:00:00+02:00,741776400000,,61,61,G,,corrected-archive-csv
162860,Luleå-Kallax Flygplats,13,Rådande väder,"momentanvärde, 1 gång/tim resp 8 gånger/dygn",kod,1993-07-04T10:00:00Z,1993-07-04T12:00:00+02:00,741780000000,,61,61,Y,,corrected-archive-csv
162860,Luleå-Kallax Flygplats,13,Rådande väder,"momentanvärde, 1 gång/tim resp 8 gånger/dygn",kod,1993-07-04T11:00:00Z,1993-07-04T13:00:00+02:00,741783600000,,61,61,Y,,corrected-archive-csv
162860,Luleå-Kallax Flygplats,13,Rådande väder,"momentanvärde, 1 gång/tim resp 8 gånger/dygn",kod,1993-07-04T12:00:00Z,1993-07-04T14:00:00+02:00,741787200000,,61,61,G,,corrected-archive-csv
162860,Luleå-Kallax Flygplats,13,Rådande väder,"momentanvärde, 1 gång/tim resp 8 gånger/dygn",kod,1993-07-04T13:00:00Z,1993-07-04T15:00:00+02:00,741790800000,,61,61,Y,,corrected-archive-csv
162860,Luleå-Kallax Flygplats,13,Rådande väder,"momentanvärde, 1 gång/tim resp 8 gånger/dygn",kod,1993-07-04T14:00:00Z,1993-07-04T16:00:00+02:00,741794400000,,61,61,Y,,corrected-archive-csv
162860,Luleå-Kallax Flygplats,13,Rådande väder,"momentanvärde, 1 gång/tim resp 8 gånger/dygn",kod,1993-07-04T15:00:00Z,1993-07-04T17:00:00+02:00,741798000000,,61,61,G,,corrected-archive-csv
162860,Luleå-Kallax Flygplats,13,Rådande väder,"momentanvärde, 1 gång/tim resp 8 gånger/dygn",kod,1993-07-04T16:00:00Z,1993-07-04T18:00:00+02:00,741801600000,,61,61,Y,,corrected-archive-csv
162860,Luleå-Kallax Flygplats,13,Rådande väder,"momentanvärde, 1 gång/tim resp 8 gånger/dygn",kod,1993-07-04T17:00:00Z,1993-07-04T19:00:00+02:00,741805200000,,61,61,Y,,corrected-archive-csv
162860,Luleå-Kallax Flygplats,13,Rådande väder,"momentanvärde, 1 gång/tim resp 8 gånger/dygn",kod,1993-07-04T18:00:00Z,1993-07-04T20:00:00+02:00,741808800000,,21,21,G,,corrected-archive-csv
162860,Luleå-Kallax Flygplats,13,Rådande väder,"momentanvärde, 1 gång/tim resp 8 gånger/dygn",kod,1993-07-04T21:00:00Z,1993-07-04T23:00:00+02:00,741819600000,,0,0,G,,corrected-archive-csv
162860,Luleå-Kallax Flygplats,13,Rådande väder,"momentanvärde, 1 gång/tim resp 8 gånger/dygn",kod,1993-07-05T00:00:00Z,1993-07-05T02:00:00+02:00,741830400000,,0,0,G,,corrected-archive-csv
162860,Luleå-Kallax Flygplats,13,Rådande väder,"momentanvärde, 1 gång/tim resp 8 gånger/dygn",kod,1993-07-05T03:00:00Z,1993-07-05T05:00:00+02:00,741841200000,,0,0,G,,corrected-archive-csv
162860,Luleå-Kallax Flygplats,13,Rådande väder,"momentanvärde, 1 gång/tim resp 8 gånger/dygn",kod,1993-07-05T06:00:00Z,1993-07-05T08:00:00+02:00,741852000000,,0,0,G,,corrected-archive-csv
162860,Luleå-Kallax Flygplats,13,Rådande väder,"momentanvärde, 1 gång/tim resp 8 gånger/dygn",kod,1993-07-05T08:00:00Z,1993-07-05T10:00:00+02:00,741859200000,,15,15,Y,,corrected-archive-csv
162860,Luleå-Kallax Flygplats,13,Rådande väder,"momentanvärde, 1 gång/tim resp 8 gånger/dygn",kod,1993-07-05T09:00:00Z,1993-07-05T11:00:00+02:00,741862800000,,15,15,G,,corrected-archive-csv
162860,Luleå-Kallax Flygplats,13,Rådande väder,"momentanvärde, 1 gång/tim resp 8 gånger/dygn",kod,1993-07-05T10:00:00Z,1993-07-05T12:00:00+02:00,741866400000,,15,15,Y,,corrected-archive-csv
162860,Luleå-Kallax Flygplats,13,Rådande väder,"momentanvärde, 1 gång/tim resp 8 gånger/dygn",kod,1993-07-05T11:00:00Z,1993-07-05T13:00:00+02:00,741870000000,,15,15,Y,,corrected-archive-csv
162860,Luleå-Kallax Flygplats,13,Rådande väder,"momentanvärde, 1 gång/tim resp 8 gånger/dygn",kod,1993-07-05T12:00:00Z,1993-07-05T14:00:00+02:00,741873600000,,15,15,G,,corrected-archive-csv
162860,Luleå-Kallax Flygplats,13,Rådande väder,"momentanvärde, 1 gång/tim resp 8 gånger/dygn",kod,1993-07-05T13:00:00Z,1993-07-05T15:00:00+02:00,741877200000,,15,15,Y,,corrected-archive-csv
162860,Luleå-Kallax Flygplats,13,Rådande väder,"momentanvärde, 1 gång/tim resp 8 gånger/dygn",kod,1993-07-05T14:00:00Z,1993-07-05T16:00:00+02:00,741880800000,,15,15,Y,,corrected-archive-csv
162860,Luleå-Kallax Flygplats,13,Rådande väder,"momentanvärde, 1 gång/tim resp 8 gånger/dygn",kod,1993-07-05T15:00:00Z,1993-07-05T17:00:00+02:00,741884400000,,15,15,G,,corrected-archive-csv
162860,Luleå-Kallax Flygplats,13,Rådande väder,"momentanvärde, 1 gång/tim resp 8 gånger/dygn",kod,1993-07-05T16:00:00Z,1993-07-05T18:00:00+02:00,741888000000,,15,15,Y,,corrected-archive-csv
162860,Luleå-Kallax Flygplats,13,Rådande väder,"momentanvärde, 1 gång/tim resp 8 gånger/dygn",kod,1993-07-05T17:00:00Z,1993-07-05T19:00:00+02:00,741891600000,,15,15,Y,,corrected-archive-csv
162860,Luleå-Kallax Flygplats,13,Rådande väder,"momentanvärde, 1 gång/tim resp 8 gånger/dygn",kod,1993-07-05T18:00:00Z,1993-07-05T20:00:00+02:00,741895200000,,15,15,G,,corrected-archive-csv
162860,Luleå-Kallax Flygplats,13,Rådande väder,"momentanvärde, 1 gång/tim resp 8 gånger/dygn",kod,1993-07-05T21:00:00Z,1993-07-05T23:00:00+02:00,741906000000,,0,0,G,,corrected-archive-csv
162860,Luleå-Kallax Flygplats,13,Rådande väder,"momentanvärde, 1 gång/tim resp 8 gånger/dygn",kod,1993-07-05T22:00:00Z,1993-07-06T00:00:00+02:00,741909600000,,51,51,Y,,corrected-archive-csv
162860,Luleå-Kallax Flygplats,13,Rådande väder,"momentanvärde, 1 gång/tim resp 8 gånger/dygn",kod,1993-07-05T23:00:00Z,1993-07-06T01:00:00+02:00,741913200000,,61,61,Y,,corrected-archive-csv
162860,Luleå-Kallax Flygplats,13,Rådande väder,"momentanvärde, 1 gång/tim resp 8 gånger/dygn",kod,1993-07-06T00:00:00Z,1993-07-06T02:00:00+02:00,741916800000,,63,63,G,,corrected-archive-csv
162860,Luleå-Kallax Flygplats,13,Rådande väder,"momentanvärde, 1 gång/tim resp 8 gånger/dygn",kod,1993-07-06T01:00:00Z,1993-07-06T03:00:00+02:00,741920400000,,63,63,Y,,corrected-archive-csv
162860,Luleå-Kallax Flygplats,13,Rådande väder,"momentanvärde, 1 gång/tim resp 8 gånger/dygn",kod,1993-07-06T02:00:00Z,1993-07-06T04:00:00+02:00,741924000000,,36,36,Y,,corrected-archive-csv
162860,Luleå-Kallax Flygplats,13,Rådande väder,"momentanvärde, 1 gång/tim resp 8 gånger/dygn",kod,1993-07-06T03:00:00Z,1993-07-06T05:00:00+02:00,741927600000,,63,63,G,,corrected-archive-csv
162860,Luleå-Kallax Flygplats,13,Rådande väder,"momentanvärde, 1 gång/tim resp 8 gånger/dygn",kod,1993-07-06T04:00:00Z,1993-07-06T06:00:00+02:00,741931200000,,63,63,Y,,corrected-archive-csv
162860,Luleå-Kallax Flygplats,13,Rådande väder,"momentanvärde, 1 gång/tim resp 8 gånger/dygn",kod,1993-07-06T05:00:00Z,1993-07-06T07:00:00+02:00,741934800000,,63,63,Y,,corrected-archive-csv
162860,Luleå-Kallax Flygplats,13,Rådande väder,"momentanvärde, 1 gång/tim resp 8 gånger/dygn",kod,1993-07-06T06:00:00Z,1993-07-06T08:00:00+02:00,741938400000,,61,61,G,,corrected-archive-csv
162860,Luleå-Kallax Flygplats,13,Rådande väder,"momentanvärde, 1 gång/tim resp 8 gånger/dygn",kod,1993-07-06T07:00:00Z,1993-07-06T09:00:00+02:00,741942000000,,61,61,Y,,corrected-archive-csv
162860,Luleå-Kallax Flygplats,13,Rådande väder,"momentanvärde, 1 gång/tim resp 8 gånger/dygn",kod,1993-07-06T08:00:00Z,1993-07-06T10:00:00+02:00,741945600000,,63,63,Y,,corrected-archive-csv
162860,Luleå-Kallax Flygplats,13,Rådande väder,"momentanvärde, 1 gång/tim resp 8 gånger/dygn",kod,1993-07-06T09:00:00Z,1993-07-06T11:00:00+02:00,741949200000,,61,61,G,,corrected-archive-csv
162860,Luleå-Kallax Flygplats,13,Rådande väder,"momentanvärde, 1 gång/tim resp 8 gånger/dygn",kod,1993-07-06T10:00:00Z,1993-07-06T12:00:00+02:00,741952800000,,21,21,Y,,corrected-archive-csv
162860,Luleå-Kallax Flygplats,13,Rådande väder,"momentanvärde, 1 gång/tim resp 8 gånger/dygn",kod,1993-07-06T11:00:00Z,1993-07-06T13:00:00+02:00,741956400000,,2,2,Y,,corrected-archive-csv
162860,Luleå-Kallax Flygplats,13,Rådande väder,"momentanvärde, 1 gång/tim resp 8 gånger/dygn",kod,1993-07-06T12:00:00Z,1993-07-06T14:00:00+02:00,741960000000,,1,1,G,,corrected-archive-csv
162860,Luleå-Kallax Flygplats,13,Rådande väder,"momentanvärde, 1 gång/tim resp 8 gånger/dygn",kod,1993-07-06T13:00:00Z,1993-07-06T15:00:00+02:00,741963600000,,2,2,Y,,corrected-archive-csv
162860,Luleå-Kallax Flygplats,13,Rådande väder,"momentanvärde, 1 gång/tim resp 8 gånger/dygn",kod,1993-07-06T14:00:00Z,1993-07-06T16:00:00+02:00,741967200000,,2,2,Y,,corrected-archive-csv
162860,Luleå-Kallax Flygplats,13,Rådande väder,"momentanvärde, 1 gång/tim resp 8 gånger/dygn",kod,1993-07-06T15:00:00Z,1993-07-06T17:00:00+02:00,741970800000,,2,2,G,,corrected-archive-csv
162860,Luleå-Kallax Flygplats,13,Rådande väder,"momentanvärde, 1 gång/tim resp 8 gånger/dygn",kod,1993-07-06T16:00:00Z,1993-07-06T18:00:00+02:00,741974400000,,2,2,Y,,corrected-archive-csv
162860,Luleå-Kallax Flygplats,13,Rådande väder,"momentanvärde, 1 gång/tim resp 8 gånger/dygn",kod,1993-07-06T17:00:00Z,1993-07-06T19:00:00+02:00,741978000000,,2,2,Y,,corrected-archive-csv
162860,Luleå-Kallax Flygplats,13,Rådande väder,"momentanvärde, 1 gång/tim resp 8 gånger/dygn",kod,1993-07-06T18:00:00Z,1993-07-06T20:00:00+02:00,741981600000,,2,2,G,,corrected-archive-csv
162860,Luleå-Kallax Flygplats,13,Rådande väder,"momentanvärde, 1 gång/tim resp 8 gånger/dygn",kod,1993-07-06T21:00:00Z,1993-07-06T23:00:00+02:00,741992400000,,0,0,G,,corrected-archive-csv
162860,Luleå-Kallax Flygplats,13,Rådande väder,"momentanvärde, 1 gång/tim resp 8 gånger/dygn",kod,1993-07-06T22:00:00Z,1993-07-07T00:00:00+02:00,741996000000,,51,51,Y,,corrected-archive-csv
162860,Luleå-Kallax Flygplats,13,Rådande väder,"momentanvärde, 1 gång/tim resp 8 gånger/dygn",kod,1993-07-06T23:00:00Z,1993-07-07T01:00:00+02:00,741999600000,,51,51,Y,,corrected-archive-csv
162860,Luleå-Kallax Flygplats,13,Rådande väder,"momentanvärde, 1 gång/tim resp 8 gånger/dygn",kod,1993-07-07T00:00:00Z,1993-07-07T02:00:00+02:00,742003200000,,51,51,G,,corrected-archive-csv
162860,Luleå-Kallax Flygplats,13,Rådande väder,"momentanvärde, 1 gång/tim resp 8 gånger/dygn",kod,1993-07-07T01:00:00Z,1993-07-07T03:00:00+02:00,742006800000,,61,61,Y,,corrected-archive-csv
162860,Luleå-Kallax Flygplats,13,Rådande väder,"momentanvärde, 1 gång/tim resp 8 gånger/dygn",kod,1993-07-07T02:00:00Z,1993-07-07T04:00:00+02:00,742010400000,,51,51,Y,,corrected-archive-csv
162860,Luleå-Kallax Flygplats,13,Rådande väder,"momentanvärde, 1 gång/tim resp 8 gånger/dygn",kod,1993-07-07T03:00:00Z,1993-07-07T05:00:00+02:00,742014000000,,61,61,G,,corrected-archive-csv
162860,Luleå-Kallax Flygplats,13,Rådande väder,"momentanvärde, 1 gång/tim resp 8 gånger/dygn",kod,1993-07-07T04:00:00Z,1993-07-07T06:00:00+02:00,742017600000,,51,51,Y,,corrected-archive-csv
162860,Luleå-Kallax Flygplats,13,Rådande väder,"momentanvärde, 1 gång/tim resp 8 gånger/dygn",kod,1993-07-07T05:00:00Z,1993-07-07T07:00:00+02:00,742021200000,,2,2,Y,,corrected-archive-csv
162860,Luleå-Kallax Flygplats,13,Rådande väder,"momentanvärde, 1 gång/tim resp 8 gånger/dygn",kod,1993-07-07T06:00:00Z,1993-07-07T08:00:00+02:00,742024800000,,2,2,G,,corrected-archive-csv
162860,Luleå-Kallax Flygplats,13,Rådande väder,"momentanvärde, 1 gång/tim resp 8 gånger/dygn",kod,1993-07-07T07:00:00Z,1993-07-07T09:00:00+02:00,742028400000,,61,61,Y,,corrected-archive-csv
162860,Luleå-Kallax Flygplats,13,Rådande väder,"momentanvärde, 1 gång/tim resp 8 gånger/dygn",kod,1993-07-07T08:00:00Z,1993-07-07T10:00:00+02:00,742032000000,,1,1,Y,,corrected-archive-csv
162860,Luleå-Kallax Flygplats,13,Rådande väder,"momentanvärde, 1 gång/tim resp 8 gånger/dygn",kod,1993-07-07T09:00:00Z,1993-07-07T11:00:00+02:00,742035600000,,2,2,G,,corrected-archive-csv
162860,Luleå-Kallax Flygplats,13,Rådande väder,"momentanvärde, 1 gång/tim resp 8 gånger/dygn",kod,1993-07-07T10:00:00Z,1993-07-07T12:00:00+02:00,742039200000,,2,2,Y,,corrected-archive-csv
162860,Luleå-Kallax Flygplats,13,Rådande väder,"momentanvärde, 1 gång/tim resp 8 gånger/dygn",kod,1993-07-07T11:00:00Z,1993-07-07T13:00:00+02:00,742042800000,,2,2,Y,,corrected-archive-csv
162860,Luleå-Kallax Flygplats,13,Rådande väder,"momentanvärde, 1 gång/tim resp 8 gånger/dygn",kod,1993-07-07T12:00:00Z,1993-07-07T14:00:00+02:00,742046400000,,3,3,G,,corrected-archive-csv
162860,Luleå-Kallax Flygplats,13,Rådande väder,"momentanvärde, 1 gång/tim resp 8 gånger/dygn",kod,1993-07-07T15:00:00Z,1993-07-07T17:00:00+02:00,742057200000,,0,0,G,,corrected-archive-csv
162860,Luleå-Kallax Flygplats,13,Rådande väder,"momentanvärde, 1 gång/tim resp 8 gånger/dygn",kod,1993-07-07T18:00:00Z,1993-07-07T20:00:00+02:00,742068000000,,0,0,G,,corrected-archive-csv
162860,Luleå-Kallax Flygplats,13,Rådande väder,"momentanvärde, 1 gång/tim resp 8 gånger/dygn",kod,1993-07-07T20:00:00Z,1993-07-07T22:00:00+02:00,742075200000,,51,51,Y,,corrected-archive-csv
162860,Luleå-Kallax Flygplats,13,Rådande väder,"momentanvärde, 1 gång/tim resp 8 gånger/dygn",kod,1993-07-07T21:00:00Z,1993-07-07T23:00:00+02:00,742078800000,,20,20,G,,corrected-archive-csv
162860,Luleå-Kallax Flygplats,13,Rådande väder,"momentanvärde, 1 gång/tim resp 8 gånger/dygn",kod,1993-07-07T22:00:00Z,1993-07-08T00:00:00+02:00,742082400000,,2,2,Y,,corrected-archive-csv
162860,Luleå-Kallax Flygplats,13,Rådande väder,"momentanvärde, 1 gång/tim resp 8 gånger/dygn",kod,1993-07-07T23:00:00Z,1993-07-08T01:00:00+02:00,742086000000,,2,2,Y,,corrected-archive-csv
162860,Luleå-Kallax Flygplats,13,Rådande väder,"momentanvärde, 1 gång/tim resp 8 gånger/dygn",kod,1993-07-08T00:00:00Z,1993-07-08T02:00:00+02:00,742089600000,,0,0,G,,corrected-archive-csv
162860,Luleå-Kallax Flygplats,13,Rådande väder,"momentanvärde, 1 gång/tim resp 8 gånger/dygn",kod,1993-07-08T03:00:00Z,1993-07-08T05:00:00+02:00,742100400000,,0,0,G,,corrected-archive-csv
162860,Luleå-Kallax Flygplats,13,Rådande väder,"momentanvärde, 1 gång/tim resp 8 gånger/dygn",kod,1993-07-08T06:00:00Z,1993-07-08T08:00:00+02:00,742111200000,,51,51,G,,corrected-archive-csv
162860,Luleå-Kallax Flygplats,13,Rådande väder,"momentanvärde, 1 gång/tim resp 8 gånger/dygn",kod,1993-07-08T07:00:00Z,1993-07-08T09:00:00+02:00,742114800000,,53,53,Y,,corrected-archive-csv
162860,Luleå-Kallax Flygplats,13,Rådande väder,"momentanvärde, 1 gång/tim resp 8 gånger/dygn",kod,1993-07-08T08:00:00Z,1993-07-08T10:00:00+02:00,742118400000,,51,51,Y,,corrected-archive-csv
162860,Luleå-Kallax Flygplats,13,Rådande väder,"momentanvärde, 1 gång/tim resp 8 gånger/dygn",kod,1993-07-08T09:00:00Z,1993-07-08T11:00:00+02:00,742122000000,,2,2,G,,corrected-archive-csv
162860,Luleå-Kallax Flygplats,13,Rådande väder,"momentanvärde, 1 gång/tim resp 8 gånger/dygn",kod,1993-07-08T10:00:00Z,1993-07-08T12:00:00+02:00,742125600000,,2,2,Y,,corrected-archive-csv
162860,Luleå-Kallax Flygplats,13,Rådande väder,"momentanvärde, 1 gång/tim resp 8 gånger/dygn",kod,1993-07-08T11:00:00Z,1993-07-08T13:00:00+02:00,742129200000,,2,2,Y,,corrected-archive-csv
162860,Luleå-Kallax Flygplats,13,Rådande väder,"momentanvärde, 1 gång/tim resp 8 gånger/dygn",kod,1993-07-08T12:00:00Z,1993-07-08T14:00:00+02:00,742132800000,,2,2,G,,corrected-archive-csv
162860,Luleå-Kallax Flygplats,13,Rådande väder,"momentanvärde, 1 gång/tim resp 8 gånger/dygn",kod,1993-07-08T15:00:00Z,1993-07-08T17:00:00+02:00,742143600000,,0,0,G,,corrected-archive-csv
162860,Luleå-Kallax Flygplats,13,Rådande väder,"momentanvärde, 1 gång/tim resp 8 gånger/dygn",kod,1993-07-08T18:00:00Z,1993-07-08T20:00:00+02:00,742154400000,,0,0,G,,corrected-archive-csv
162860,Luleå-Kallax Flygplats,13,Rådande väder,"momentanvärde, 1 gång/tim resp 8 gånger/dygn",kod,1993-07-08T21:00:00Z,1993-07-08T23:00:00+02:00,742165200000,,0,0,G,,corrected-archive-csv
162860,Luleå-Kallax Flygplats,13,Rådande väder,"momentanvärde, 1 gång/tim resp 8 gånger/dygn",kod,1993-07-09T00:00:00Z,1993-07-09T02:00:00+02:00,742176000000,,0,0,G,,corrected-archive-csv
162860,Luleå-Kallax Flygplats,13,Rådande väder,"momentanvärde, 1 gång/tim resp 8 gånger/dygn",kod,1993-07-09T03:00:00Z,1993-07-09T05:00:00+02:00,742186800000,,0,0,G,,corrected-archive-csv
162860,Luleå-Kallax Flygplats,13,Rådande väder,"momentanvärde, 1 gång/tim resp 8 gånger/dygn",kod,1993-07-09T06:00:00Z,1993-07-09T08:00:00+02:00,742197600000,,0,0,G,,corrected-archive-csv
162860,Luleå-Kallax Flygplats,13,Rådande väder,"momentanvärde, 1 gång/tim resp 8 gånger/dygn",kod,1993-07-09T09:00:00Z,1993-07-09T11:00:00+02:00,742208400000,,0,0,G,,corrected-archive-csv
162860,Luleå-Kallax Flygplats,13,Rådande väder,"momentanvärde, 1 gång/tim resp 8 gånger/dygn",kod,1993-07-09T12:00:00Z,1993-07-09T14:00:00+02:00,742219200000,,0,0,G,,corrected-archive-csv
162860,Luleå-Kallax Flygplats,13,Rådande väder,"momentanvärde, 1 gång/tim resp 8 gånger/dygn",kod,1993-07-09T15:00:00Z,1993-07-09T17:00:00+02:00,742230000000,,0,0,G,,corrected-archive-csv
162860,Luleå-Kallax Flygplats,13,Rådande väder,"momentanvärde, 1 gång/tim resp 8 gånger/dygn",kod,1993-07-09T18:00:00Z,1993-07-09T20:00:00+02:00,742240800000,,0,0,G,,corrected-archive-csv
162860,Luleå-Kallax Flygplats,13,Rådande väder,"momentanvärde, 1 gång/tim resp 8 gånger/dygn",kod,1993-07-09T21:00:00Z,1993-07-09T23:00:00+02:00,742251600000,,0,0,G,,corrected-archive-csv
162860,Luleå-Kallax Flygplats,13,Rådande väder,"momentanvärde, 1 gång/tim resp 8 gånger/dygn",kod,1993-07-09T23:00:00Z,1993-07-10T01:00:00+02:00,742258800000,,60,60,Y,,corrected-archive-csv
162860,Luleå-Kallax Flygplats,13,Rådande väder,"momentanvärde, 1 gång/tim resp 8 gånger/dygn",kod,1993-07-10T00:00:00Z,1993-07-10T02:00:00+02:00,742262400000,,60,60,G,,corrected-archive-csv
162860,Luleå-Kallax Flygplats,13,Rådande väder,"momentanvärde, 1 gång/tim resp 8 gånger/dygn",kod,1993-07-10T01:00:00Z,1993-07-10T03:00:00+02:00,742266000000,,2,2,Y,,corrected-archive-csv
162860,Luleå-Kallax Flygplats,13,Rådande väder,"momentanvärde, 1 gång/tim resp 8 gånger/dygn",kod,1993-07-10T02:00:00Z,1993-07-10T04:00:00+02:00,742269600000,,2,2,Y,,corrected-archive-csv
162860,Luleå-Kallax Flygplats,13,Rådande väder,"momentanvärde, 1 gång/tim resp 8 gånger/dygn",kod,1993-07-10T03:00:00Z,1993-07-10T05:00:00+02:00,742273200000,,2,2,G,,corrected-archive-csv
162860,Luleå-Kallax Flygplats,13,Rådande väder,"momentanvärde, 1 gång/tim resp 8 gånger/dygn",kod,1993-07-10T04:00:00Z,1993-07-10T06:00:00+02:00,742276800000,,50,50,Y,,corrected-archive-csv
162860,Luleå-Kallax Flygplats,13,Rådande väder,"momentanvärde, 1 gång/tim resp 8 gånger/dygn",kod,1993-07-10T05:00:00Z,1993-07-10T07:00:00+02:00,742280400000,,61,61,Y,,corrected-archive-csv
162860,Luleå-Kallax Flygplats,13,Rådande väder,"momentanvärde, 1 gång/tim resp 8 gånger/dygn",kod,1993-07-10T06:00:00Z,1993-07-10T08:00:00+02:00,742284000000,,63,63,G,,corrected-archive-csv
162860,Luleå-Kallax Flygplats,13,Rådande väder,"momentanvärde, 1 gång/tim resp 8 gånger/dygn",kod,1993-07-10T07:00:00Z,1993-07-10T09:00:00+02:00,742287600000,,63,63,Y,,corrected-archive-csv
162860,Luleå-Kallax Flygplats,13,Rådande väder,"momentanvärde, 1 gång/tim resp 8 gånger/dygn",kod,1993-07-10T08:00:00Z,1993-07-10T10:00:00+02:00,742291200000,,51,51,Y,,corrected-archive-csv
162860,Luleå-Kallax Flygplats,13,Rådande väder,"momentanvärde, 1 gång/tim resp 8 gånger/dygn",kod,1993-07-10T09:00:00Z,1993-07-10T11:00:00+02:00,742294800000,,21,21,G,,corrected-archive-csv
162860,Luleå-Kallax Flygplats,13,Rådande väder,"momentanvärde, 1 gång/tim resp 8 gånger/dygn",kod,1993-07-10T10:00:00Z,1993-07-10T12:00:00+02:00,742298400000,,63,63,Y,,corrected-archive-csv
162860,Luleå-Kallax Flygplats,13,Rådande väder,"momentanvärde, 1 gång/tim resp 8 gånger/dygn",kod,1993-07-10T11:00:00Z,1993-07-10T13:00:00+02:00,742302000000,,51,51,Y,,corrected-archive-csv
162860,Luleå-Kallax Flygplats,13,Rådande väder,"momentanvärde, 1 gång/tim resp 8 gånger/dygn",kod,1993-07-10T12:00:00Z,1993-07-10T14:00:00+02:00,742305600000,,51,51,G,,corrected-archive-csv
162860,Luleå-Kallax Flygplats,13,Rådande väder,"momentanvärde, 1 gång/tim resp 8 gånger/dygn",kod,1993-07-10T13:00:00Z,1993-07-10T15:00:00+02:00,742309200000,,15,15,Y,,corrected-archive-csv
162860,Luleå-Kallax Flygplats,13,Rådande väder,"momentanvärde, 1 gång/tim resp 8 gånger/dygn",kod,1993-07-10T14:00:00Z,1993-07-10T16:00:00+02:00,742312800000,,15,15,Y,,corrected-archive-csv
162860,Luleå-Kallax Flygplats,13,Rådande väder,"momentanvärde, 1 gång/tim resp 8 gånger/dygn",kod,1993-07-10T15:00:00Z,1993-07-10T17:00:00+02:00,742316400000,,15,15,G,,corrected-archive-csv
162860,Luleå-Kallax Flygplats,13,Rådande väder,"momentanvärde, 1 gång/tim resp 8 gånger/dygn",kod,1993-07-10T16:00:00Z,1993-07-10T18:00:00+02:00,742320000000,,14,14,Y,,corrected-archive-csv
162860,Luleå-Kallax Flygplats,13,Rådande väder,"momentanvärde, 1 gång/tim resp 8 gånger/dygn",kod,1993-07-10T18:00:00Z,1993-07-10T20:00:00+02:00,742327200000,,0,0,G,,corrected-archive-csv
162860,Luleå-Kallax Flygplats,13,Rådande väder,"momentanvärde, 1 gång/tim resp 8 gånger/dygn",kod,1993-07-10T21:00:00Z,1993-07-10T23:00:00+02:00,742338000000,,25,25,G,,corrected-archive-csv
162860,Luleå-Kallax Flygplats,13,Rådande väder,"momentanvärde, 1 gång/tim resp 8 gånger/dygn",kod,1993-07-10T22:00:00Z,1993-07-11T00:00:00+02:00,742341600000,,21,21,Y,,corrected-archive-csv
162860,Luleå-Kallax Flygplats,13,Rådande väder,"momentanvärde, 1 gång/tim resp 8 gånger/dygn",kod,1993-07-10T23:00:00Z,1993-07-11T01:00:00+02:00,742345200000,,63,63,Y,,corrected-archive-csv
162860,Luleå-Kallax Flygplats,13,Rådande väder,"momentanvärde, 1 gång/tim resp 8 gånger/dygn",kod,1993-07-11T00:00:00Z,1993-07-11T02:00:00+02:00,742348800000,,92,92,G,,corrected-archive-csv
162860,Luleå-Kallax Flygplats,13,Rådande väder,"momentanvärde, 1 gång/tim resp 8 gånger/dygn",kod,1993-07-11T01:00:00Z,1993-07-11T03:00:00+02:00,742352400000,,15,15,Y,,corrected-archive-csv
162860,Luleå-Kallax Flygplats,13,Rådande väder,"momentanvärde, 1 gång/tim resp 8 gånger/dygn",kod,1993-07-11T02:00:00Z,1993-07-11T04:00:00+02:00,742356000000,,1,1,Y,,corrected-archive-csv
162860,Luleå-Kallax Flygplats,13,Rådande väder,"momentanvärde, 1 gång/tim resp 8 gånger/dygn",kod,1993-07-11T03:00:00Z,1993-07-11T05:00:00+02:00,742359600000,,1,1,G,,corrected-archive-csv
162860,Luleå-Kallax Flygplats,13,Rådande väder,"momentanvärde, 1 gång/tim resp 8 gånger/dygn",kod,1993-07-11T04:00:00Z,1993-07-11T06:00:00+02:00,742363200000,,1,1,Y,,corrected-archive-csv
162860,Luleå-Kallax Flygplats,13,Rådande väder,"momentanvärde, 1 gång/tim resp 8 gånger/dygn",kod,1993-07-11T05:00:00Z,1993-07-11T07:00:00+02:00,742366800000,,2,2,Y,,corrected-archive-csv
162860,Luleå-Kallax Flygplats,13,Rådande väder,"momentanvärde, 1 gång/tim resp 8 gånger/dygn",kod,1993-07-11T06:00:00Z,1993-07-11T08:00:00+02:00,742370400000,,2,2,G,,corrected-archive-csv
162860,Luleå-Kallax Flygplats,13,Rådande väder,"momentanvärde, 1 gång/tim resp 8 gånger/dygn",kod,1993-07-11T09:00:00Z,1993-07-11T11:00:00+02:00,742381200000,,0,0,G,,corrected-archive-csv
162860,Luleå-Kallax Flygplats,13,Rådande väder,"momentanvärde, 1 gång/tim resp 8 gånger/dygn",kod,1993-07-11T11:00:00Z,1993-07-11T13:00:00+02:00,742388400000,,14,14,Y,,corrected-archive-csv
162860,Luleå-Kallax Flygplats,13,Rådande väder,"momentanvärde, 1 gång/tim resp 8 gånger/dygn",kod,1993-07-11T12:00:00Z,1993-07-11T14:00:00+02:00,742392000000,,14,14,G,,corrected-archive-csv
162860,Luleå-Kallax Flygplats,13,Rådande väder,"momentanvärde, 1 gång/tim resp 8 gånger/dygn",kod,1993-07-11T15:00:00Z,1993-07-11T17:00:00+02:00,742402800000,,0,0,G,,corrected-archive-csv
162860,Luleå-Kallax Flygplats,13,Rådande väder,"momentanvärde, 1 gång/tim resp 8 gånger/dygn",kod,1993-07-11T17:00:00Z,1993-07-11T19:00:00+02:00,742410000000,,10,10,Y,,corrected-archive-csv
162860,Luleå-Kallax Flygplats,13,Rådande väder,"momentanvärde, 1 gång/tim resp 8 gånger/dygn",kod,1993-07-11T18:00:00Z,1993-07-11T20:00:00+02:00,742413600000,,10,10,G,,corrected-archive-csv
162860,Luleå-Kallax Flygplats,13,Rådande väder,"momentanvärde, 1 gång/tim resp 8 gånger/dygn",kod,1993-07-11T19:00:00Z,1993-07-11T21:00:00+02:00,742417200000,,50,50,Y,,corrected-archive-csv
162860,Luleå-Kallax Flygplats,13,Rådande väder,"momentanvärde, 1 gång/tim resp 8 gånger/dygn",kod,1993-07-11T20:00:00Z,1993-07-11T22:00:00+02:00,742420800000,,50,50,Y,,corrected-archive-csv
162860,Luleå-Kallax Flygplats,13,Rådande väder,"momentanvärde, 1 gång/tim resp 8 gånger/dygn",kod,1993-07-11T21:00:00Z,1993-07-11T23:00:00+02:00,742424400000,,50,50,G,,corrected-archive-csv
162860,Luleå-Kallax Flygplats,13,Rådande väder,"momentanvärde, 1 gång/tim resp 8 gånger/dygn",kod,1993-07-11T22:00:00Z,1993-07-12T00:00:00+02:00,742428000000,,10,10,Y,,corrected-archive-csv
162860,Luleå-Kallax Flygplats,13,Rådande väder,"momentanvärde, 1 gång/tim resp 8 gånger/dygn",kod,1993-07-11T23:00:00Z,1993-07-12T01:00:00+02:00,742431600000,,10,10,Y,,corrected-archive-csv
162860,Luleå-Kallax Flygplats,13,Rådande väder,"momentanvärde, 1 gång/tim resp 8 gånger/dygn",kod,1993-07-12T00:00:00Z,1993-07-12T02:00:00+02:00,742435200000,,10,10,G,,corrected-archive-csv
162860,Luleå-Kallax Flygplats,13,Rådande väder,"momentanvärde, 1 gång/tim resp 8 gånger/dygn",kod,1993-07-12T01:00:00Z,1993-07-12T03:00:00+02:00,742438800000,,10,10,Y,,corrected-archive-csv
162860,Luleå-Kallax Flygplats,13,Rådande väder,"momentanvärde, 1 gång/tim resp 8 gånger/dygn",kod,1993-07-12T02:00:00Z,1993-07-12T04:00:00+02:00,742442400000,,10,10,Y,,corrected-archive-csv
162860,Luleå-Kallax Flygplats,13,Rådande väder,"momentanvärde, 1 gång/tim resp 8 gånger/dygn",kod,1993-07-12T03:00:00Z,1993-07-12T05:00:00+02:00,742446000000,,1,1,G,,corrected-archive-csv
162860,Luleå-Kallax Flygplats,13,Rådande väder,"momentanvärde, 1 gång/tim resp 8 gånger/dygn",kod,1993-07-12T04:00:00Z,1993-07-12T06:00:00+02:00,742449600000,,1,1,Y,,corrected-archive-csv
162860,Luleå-Kallax Flygplats,13,Rådande väder,"momentanvärde, 1 gång/tim resp 8 gånger/dygn",kod,1993-07-12T05:00:00Z,1993-07-12T07:00:00+02:00,742453200000,,1,1,Y,,corrected-archive-csv
162860,Luleå-Kallax Flygplats,13,Rådande väder,"momentanvärde, 1 gång/tim resp 8 gånger/dygn",kod,1993-07-12T06:00:00Z,1993-07-12T08:00:00+02:00,742456800000,,0,0,G,,corrected-archive-csv
162860,Luleå-Kallax Flygplats,13,Rådande väder,"momentanvärde, 1 gång/tim resp 8 gånger/dygn",kod,1993-07-12T09:00:00Z,1993-07-12T11:00:00+02:00,742467600000,,0,0,G,,corrected-archive-csv
162860,Luleå-Kallax Flygplats,13,Rådande väder,"momentanvärde, 1 gång/tim resp 8 gånger/dygn",kod,1993-07-12T12:00:00Z,1993-07-12T14:00:00+02:00,742478400000,,0,0,G,,corrected-archive-csv
162860,Luleå-Kallax Flygplats,13,Rådande väder,"momentanvärde, 1 gång/tim resp 8 gånger/dygn",kod,1993-07-12T15:00:00Z,1993-07-12T17:00:00+02:00,742489200000,,0,0,G,,corrected-archive-csv
162860,Luleå-Kallax Flygplats,13,Rådande väder,"momentanvärde, 1 gång/tim resp 8 gånger/dygn",kod,1993-07-12T18:00:00Z,1993-07-12T20:00:00+02:00,742500000000,,0,0,G,,corrected-archive-csv
162860,Luleå-Kallax Flygplats,13,Rådande väder,"momentanvärde, 1 gång/tim resp 8 gånger/dygn",kod,1993-07-12T21:00:00Z,1993-07-12T23:00:00+02:00,742510800000,,0,0,G,,corrected-archive-csv
162860,Luleå-Kallax Flygplats,13,Rådande väder,"momentanvärde, 1 gång/tim resp 8 gånger/dygn",kod,1993-07-13T00:00:00Z,1993-07-13T02:00:00+02:00,742521600000,,0,0,G,,corrected-archive-csv
162860,Luleå-Kallax Flygplats,13,Rådande väder,"momentanvärde, 1 gång/tim resp 8 gånger/dygn",kod,1993-07-13T03:00:00Z,1993-07-13T05:00:00+02:00,742532400000,,0,0,G,,corrected-archive-csv
162860,Luleå-Kallax Flygplats,13,Rådande väder,"momentanvärde, 1 gång/tim resp 8 gånger/dygn",kod,1993-07-13T09:00:00Z,1993-07-13T11:00:00+02:00,742554000000,,0,0,G,,corrected-archive-csv
162860,Luleå-Kallax Flygplats,13,Rådande väder,"momentanvärde, 1 gång/tim resp 8 gånger/dygn",kod,1993-07-13T12:00:00Z,1993-07-13T14:00:00+02:00,742564800000,,0,0,G,,corrected-archive-csv
162860,Luleå-Kallax Flygplats,13,Rådande väder,"momentanvärde, 1 gång/tim resp 8 gånger/dygn",kod,1993-07-13T15:00:00Z,1993-07-13T17:00:00+02:00,742575600000,,0,0,G,,corrected-archive-csv
162860,Luleå-Kallax Flygplats,13,Rådande väder,"momentanvärde, 1 gång/tim resp 8 gånger/dygn",kod,1993-07-13T18:00:00Z,1993-07-13T20:00:00+02:00,742586400000,,0,0,G,,corrected-archive-csv
162860,Luleå-Kallax Flygplats,13,Rådande väder,"momentanvärde, 1 gång/tim resp 8 gånger/dygn",kod,1993-07-13T21:00:00Z,1993-07-13T23:00:00+02:00,742597200000,,0,0,G,,corrected-archive-csv
162860,Luleå-Kallax Flygplats,13,Rådande väder,"momentanvärde, 1 gång/tim resp 8 gånger/dygn",kod,1993-07-14T00:00:00Z,1993-07-14T02:00:00+02:00,742608000000,,0,0,G,,corrected-archive-csv
162860,Luleå-Kallax Flygplats,13,Rådande väder,"momentanvärde, 1 gång/tim resp 8 gånger/dygn",kod,1993-07-14T03:00:00Z,1993-07-14T05:00:00+02:00,742618800000,,0,0,G,,corrected-archive-csv
162860,Luleå-Kallax Flygplats,13,Rådande väder,"momentanvärde, 1 gång/tim resp 8 gånger/dygn",kod,1993-07-14T06:00:00Z,1993-07-14T08:00:00+02:00,742629600000,,0,0,G,,corrected-archive-csv
162860,Luleå-Kallax Flygplats,13,Rådande väder,"momentanvärde, 1 gång/tim resp 8 gånger/dygn",kod,1993-07-14T09:00:00Z,1993-07-14T11:00:00+02:00,742640400000,,0,0,G,,corrected-archive-csv
162860,Luleå-Kallax Flygplats,13,Rådande väder,"momentanvärde, 1 gång/tim resp 8 gånger/dygn",kod,1993-07-14T12:00:00Z,1993-07-14T14:00:00+02:00,742651200000,,0,0,G,,corrected-archive-csv
162860,Luleå-Kallax Flygplats,13,Rådande väder,"momentanvärde, 1 gång/tim resp 8 gånger/dygn",kod,1993-07-14T18:00:00Z,1993-07-14T20:00:00+02:00,742672800000,,0,0,G,,corrected-archive-csv
162860,Luleå-Kallax Flygplats,13,Rådande väder,"momentanvärde, 1 gång/tim resp 8 gånger/dygn",kod,1993-07-14T21:00:00Z,1993-07-14T23:00:00+02:00,742683600000,,0,0,G,,corrected-archive-csv
162860,Luleå-Kallax Flygplats,13,Rådande väder,"momentanvärde, 1 gång/tim resp 8 gånger/dygn",kod,1993-07-15T00:00:00Z,1993-07-15T02:00:00+02:00,742694400000,,0,0,G,,corrected-archive-csv
162860,Luleå-Kallax Flygplats,13,Rådande väder,"momentanvärde, 1 gång/tim resp 8 gånger/dygn",kod,1993-07-15T03:00:00Z,1993-07-15T05:00:00+02:00,742705200000,,0,0,G,,corrected-archive-csv
162860,Luleå-Kallax Flygplats,13,Rådande väder,"momentanvärde, 1 gång/tim resp 8 gånger/dygn",kod,1993-07-15T06:00:00Z,1993-07-15T08:00:00+02:00,742716000000,,0,0,G,,corrected-archive-csv
162860,Luleå-Kallax Flygplats,13,Rådande väder,"momentanvärde, 1 gång/tim resp 8 gånger/dygn",kod,1993-07-15T09:00:00Z,1993-07-15T11:00:00+02:00,742726800000,,0,0,G,,corrected-archive-csv
162860,Luleå-Kallax Flygplats,13,Rådande väder,"momentanvärde, 1 gång/tim resp 8 gånger/dygn",kod,1993-07-15T12:00:00Z,1993-07-15T14:00:00+02:00,742737600000,,0,0,G,,corrected-archive-csv
162860,Luleå-Kallax Flygplats,13,Rådande väder,"momentanvärde, 1 gång/tim resp 8 gånger/dygn",kod,1993-07-15T15:00:00Z,1993-07-15T17:00:00+02:00,742748400000,,0,0,G,,corrected-archive-csv
162860,Luleå-Kallax Flygplats,13,Rådande väder,"momentanvärde, 1 gång/tim resp 8 gånger/dygn",kod,1993-07-15T18:00:00Z,1993-07-15T20:00:00+02:00,742759200000,,0,0,G,,corrected-archive-csv
162860,Luleå-Kallax Flygplats,13,Rådande väder,"momentanvärde, 1 gång/tim resp 8 gånger/dygn",kod,1993-07-15T21:00:00Z,1993-07-15T23:00:00+02:00,742770000000,,0,0,G,,corrected-archive-csv
162860,Luleå-Kallax Flygplats,13,Rådande väder,"momentanvärde, 1 gång/tim resp 8 gånger/dygn",kod,1993-07-16T00:00:00Z,1993-07-16T02:00:00+02:00,742780800000,,0,0,G,,corrected-archive-csv
162860,Luleå-Kallax Flygplats,13,Rådande väder,"momentanvärde, 1 gång/tim resp 8 gånger/dygn",kod,1993-07-16T03:00:00Z,1993-07-16T05:00:00+02:00,742791600000,,0,0,G,,corrected-archive-csv
162860,Luleå-Kallax Flygplats,13,Rådande väder,"momentanvärde, 1 gång/tim resp 8 gånger/dygn",kod,1993-07-16T06:00:00Z,1993-07-16T08:00:00+02:00,742802400000,,0,0,G,,corrected-archive-csv
162860,Luleå-Kallax Flygplats,13,Rådande väder,"momentanvärde, 1 gång/tim resp 8 gånger/dygn",kod,1993-07-16T09:00:00Z,1993-07-16T11:00:00+02:00,742813200000,,0,0,G,,corrected-archive-csv
162860,Luleå-Kallax Flygplats,13,Rådande väder,"momentanvärde, 1 gång/tim resp 8 gånger/dygn",kod,1993-07-16T12:00:00Z,1993-07-16T14:00:00+02:00,742824000000,,0,0,G,,corrected-archive-csv
162860,Luleå-Kallax Flygplats,13,Rådande väder,"momentanvärde, 1 gång/tim resp 8 gånger/dygn",kod,1993-07-16T15:00:00Z,1993-07-16T17:00:00+02:00,742834800000,,0,0,G,,corrected-archive-csv
162860,Luleå-Kallax Flygplats,13,Rådande väder,"momentanvärde, 1 gång/tim resp 8 gånger/dygn",kod,1993-07-16T17:00:00Z,1993-07-16T19:00:00+02:00,742842000000,,60,60,Y,,corrected-archive-csv
162860,Luleå-Kallax Flygplats,13,Rådande väder,"momentanvärde, 1 gång/tim resp 8 gånger/dygn",kod,1993-07-16T18:00:00Z,1993-07-16T20:00:00+02:00,742845600000,,61,61,G,,corrected-archive-csv
162860,Luleå-Kallax Flygplats,13,Rådande väder,"momentanvärde, 1 gång/tim resp 8 gånger/dygn",kod,1993-07-16T20:00:00Z,1993-07-16T22:00:00+02:00,742852800000,,60,60,Y,,corrected-archive-csv
162860,Luleå-Kallax Flygplats,13,Rådande väder,"momentanvärde, 1 gång/tim resp 8 gånger/dygn",kod,1993-07-16T21:00:00Z,1993-07-16T23:00:00+02:00,742856400000,,60,60,G,,corrected-archive-csv
162860,Luleå-Kallax Flygplats,13,Rådande väder,"momentanvärde, 1 gång/tim resp 8 gånger/dygn",kod,1993-07-16T22:00:00Z,1993-07-17T00:00:00+02:00,742860000000,,21,21,Y,,corrected-archive-csv
162860,Luleå-Kallax Flygplats,13,Rådande väder,"momentanvärde, 1 gång/tim resp 8 gånger/dygn",kod,1993-07-16T23:00:00Z,1993-07-17T01:00:00+02:00,742863600000,,2,2,Y,,corrected-archive-csv
162860,Luleå-Kallax Flygplats,13,Rådande väder,"momentanvärde, 1 gång/tim resp 8 gånger/dygn",kod,1993-07-17T00:00:00Z,1993-07-17T02:00:00+02:00,742867200000,,2,2,G,,corrected-archive-csv
162860,Luleå-Kallax Flygplats,13,Rådande väder,"momentanvärde, 1 gång/tim resp 8 gånger/dygn",kod,1993-07-17T01:00:00Z,1993-07-17T03:00:00+02:00,742870800000,,60,60,Y,,corrected-archive-csv
162860,Luleå-Kallax Flygplats,13,Rådande väder,"momentanvärde, 1 gång/tim resp 8 gånger/dygn",kod,1993-07-17T02:00:00Z,1993-07-17T04:00:00+02:00,742874400000,,60,60,Y,,corrected-archive-csv
162860,Luleå-Kallax Flygplats,13,Rådande väder,"momentanvärde, 1 gång/tim resp 8 gånger/dygn",kod,1993-07-17T03:00:00Z,1993-07-17T05:00:00+02:00,742878000000,,61,61,G,,corrected-archive-csv
162860,Luleå-Kallax Flygplats,13,Rådande väder,"momentanvärde, 1 gång/tim resp 8 gånger/dygn",kod,1993-07-17T04:00:00Z,1993-07-17T06:00:00+02:00,742881600000,,63,63,Y,,corrected-archive-csv
162860,Luleå-Kallax Flygplats,13,Rådande väder,"momentanvärde, 1 gång/tim resp 8 gånger/dygn",kod,1993-07-17T05:00:00Z,1993-07-17T07:00:00+02:00,742885200000,,63,63,Y,,corrected-archive-csv
162860,Luleå-Kallax Flygplats,13,Rådande väder,"momentanvärde, 1 gång/tim resp 8 gånger/dygn",kod,1993-07-17T06:00:00Z,1993-07-17T08:00:00+02:00,742888800000,,21,21,G,,corrected-archive-csv
162860,Luleå-Kallax Flygplats,13,Rådande väder,"momentanvärde, 1 gång/tim resp 8 gånger/dygn",kod,1993-07-17T09:00:00Z,1993-07-17T11:00:00+02:00,742899600000,,0,0,G,,corrected-archive-csv
162860,Luleå-Kallax Flygplats,13,Rådande väder,"momentanvärde, 1 gång/tim resp 8 gånger/dygn",kod,1993-07-17T12:00:00Z,1993-07-17T14:00:00+02:00,742910400000,,0,0,G,,corrected-archive-csv
162860,Luleå-Kallax Flygplats,13,Rådande väder,"momentanvärde, 1 gång/tim resp 8 gånger/dygn",kod,1993-07-17T13:00:00Z,1993-07-17T15:00:00+02:00,742914000000,,21,21,Y,,corrected-archive-csv
162860,Luleå-Kallax Flygplats,13,Rådande väder,"momentanvärde, 1 gång/tim resp 8 gånger/dygn",kod,1993-07-17T14:00:00Z,1993-07-17T16:00:00+02:00,742917600000,,1,1,Y,,corrected-archive-csv
162860,Luleå-Kallax Flygplats,13,Rådande väder,"momentanvärde, 1 gång/tim resp 8 gånger/dygn",kod,1993-07-17T15:00:00Z,1993-07-17T17:00:00+02:00,742921200000,,1,1,G,,corrected-archive-csv
162860,Luleå-Kallax Flygplats,13,Rådande väder,"momentanvärde, 1 gång/tim resp 8 gånger/dygn",kod,1993-07-17T16:00:00Z,1993-07-17T18:00:00+02:00,742924800000,,1,1,Y,,corrected-archive-csv
162860,Luleå-Kallax Flygplats,13,Rådande väder,"momentanvärde, 1 gång/tim resp 8 gånger/dygn",kod,1993-07-17T17:00:00Z,1993-07-17T19:00:00+02:00,742928400000,,1,1,Y,,corrected-archive-csv
162860,Luleå-Kallax Flygplats,13,Rådande väder,"momentanvärde, 1 gång/tim resp 8 gånger/dygn",kod,1993-07-17T18:00:00Z,1993-07-17T20:00:00+02:00,742932000000,,3,3,G,,corrected-archive-csv
162860,Luleå-Kallax Flygplats,13,Rådande väder,"momentanvärde, 1 gång/tim resp 8 gånger/dygn",kod,1993-07-17T21:00:00Z,1993-07-17T23:00:00+02:00,742942800000,,0,0,G,,corrected-archive-csv
162860,Luleå-Kallax Flygplats,13,Rådande väder,"momentanvärde, 1 gång/tim resp 8 gånger/dygn",kod,1993-07-18T00:00:00Z,1993-07-18T02:00:00+02:00,742953600000,,0,0,G,,corrected-archive-csv
162860,Luleå-Kallax Flygplats,13,Rådande väder,"momentanvärde, 1 gång/tim resp 8 gånger/dygn",kod,1993-07-18T03:00:00Z,1993-07-18T05:00:00+02:00,742964400000,,0,0,G,,corrected-archive-csv
162860,Luleå-Kallax Flygplats,13,Rådande väder,"momentanvärde, 1 gång/tim resp 8 gånger/dygn",kod,1993-07-18T06:00:00Z,1993-07-18T08:00:00+02:00,742975200000,,0,0,G,,corrected-archive-csv
162860,Luleå-Kallax Flygplats,13,Rådande väder,"momentanvärde, 1 gång/tim resp 8 gånger/dygn",kod,1993-07-18T09:00:00Z,1993-07-18T11:00:00+02:00,742986000000,,0,0,G,,corrected-archive-csv
162860,Luleå-Kallax Flygplats,13,Rådande väder,"momentanvärde, 1 gång/tim resp 8 gånger/dygn",kod,1993-07-18T12:00:00Z,1993-07-18T14:00:00+02:00,742996800000,,0,0,G,,corrected-archive-csv
162860,Luleå-Kallax Flygplats,13,Rådande väder,"momentanvärde, 1 gång/tim resp 8 gånger/dygn",kod,1993-07-18T15:00:00Z,1993-07-18T17:00:00+02:00,743007600000,,0,0,G,,corrected-archive-csv
162860,Luleå-Kallax Flygplats,13,Rådande väder,"momentanvärde, 1 gång/tim resp 8 gånger/dygn",kod,1993-07-18T18:00:00Z,1993-07-18T20:00:00+02:00,743018400000,,0,0,G,,corrected-archive-csv
162860,Luleå-Kallax Flygplats,13,Rådande väder,"momentanvärde, 1 gång/tim resp 8 gånger/dygn",kod,1993-07-18T21:00:00Z,1993-07-18T23:00:00+02:00,743029200000,,0,0,G,,corrected-archive-csv
162860,Luleå-Kallax Flygplats,13,Rådande väder,"momentanvärde, 1 gång/tim resp 8 gånger/dygn",kod,1993-07-19T00:00:00Z,1993-07-19T02:00:00+02:00,743040000000,,0,0,G,,corrected-archive-csv
162860,Luleå-Kallax Flygplats,13,Rådande väder,"momentanvärde, 1 gång/tim resp 8 gånger/dygn",kod,1993-07-19T02:00:00Z,1993-07-19T04:00:00+02:00,743047200000,,40,40,Y,,corrected-archive-csv
162860,Luleå-Kallax Flygplats,13,Rådande väder,"momentanvärde, 1 gång/tim resp 8 gånger/dygn",kod,1993-07-19T03:00:00Z,1993-07-19T05:00:00+02:00,743050800000,,0,0,G,,corrected-archive-csv
162860,Luleå-Kallax Flygplats,13,Rådande väder,"momentanvärde, 1 gång/tim resp 8 gånger/dygn",kod,1993-07-19T04:00:00Z,1993-07-19T06:00:00+02:00,743054400000,,28,28,Y,,corrected-archive-csv
162860,Luleå-Kallax Flygplats,13,Rådande väder,"momentanvärde, 1 gång/tim resp 8 gånger/dygn",kod,1993-07-19T05:00:00Z,1993-07-19T07:00:00+02:00,743058000000,,28,28,Y,,corrected-archive-csv
162860,Luleå-Kallax Flygplats,13,Rådande väder,"momentanvärde, 1 gång/tim resp 8 gånger/dygn",kod,1993-07-19T06:00:00Z,1993-07-19T08:00:00+02:00,743061600000,,0,0,G,,corrected-archive-csv
162860,Luleå-Kallax Flygplats,13,Rådande väder,"momentanvärde, 1 gång/tim resp 8 gånger/dygn",kod,1993-07-19T09:00:00Z,1993-07-19T11:00:00+02:00,743072400000,,0,0,G,,corrected-archive-csv
162860,Luleå-Kallax Flygplats,13,Rådande väder,"momentanvärde, 1 gång/tim resp 8 gånger/dygn",kod,1993-07-19T12:00:00Z,1993-07-19T14:00:00+02:00,743083200000,,0,0,G,,corrected-archive-csv
162860,Luleå-Kallax Flygplats,13,Rådande väder,"momentanvärde, 1 gång/tim resp 8 gånger/dygn",kod,1993-07-19T15:00:00Z,1993-07-19T17:00:00+02:00,743094000000,,0,0,G,,corrected-archive-csv
162860,Luleå-Kallax Flygplats,13,Rådande väder,"momentanvärde, 1 gång/tim resp 8 gånger/dygn",kod,1993-07-19T18:00:00Z,1993-07-19T20:00:00+02:00,743104800000,,0,0,G,,corrected-archive-csv
162860,Luleå-Kallax Flygplats,13,Rådande väder,"momentanvärde, 1 gång/tim resp 8 gånger/dygn",kod,1993-07-19T21:00:00Z,1993-07-19T23:00:00+02:00,743115600000,,11,11,G,,corrected-archive-csv
162860,Luleå-Kallax Flygplats,13,Rådande väder,"momentanvärde, 1 gång/tim resp 8 gånger/dygn",kod,1993-07-19T22:00:00Z,1993-07-20T00:00:00+02:00,743119200000,,11,11,Y,,corrected-archive-csv
162860,Luleå-Kallax Flygplats,13,Rådande väder,"momentanvärde, 1 gång/tim resp 8 gånger/dygn",kod,1993-07-19T23:00:00Z,1993-07-20T01:00:00+02:00,743122800000,,15,15,Y,,corrected-archive-csv
162860,Luleå-Kallax Flygplats,13,Rådande väder,"momentanvärde, 1 gång/tim resp 8 gånger/dygn",kod,1993-07-20T00:00:00Z,1993-07-20T02:00:00+02:00,743126400000,,15,15,G,,corrected-archive-csv
162860,Luleå-Kallax Flygplats,13,Rådande väder,"momentanvärde, 1 gång/tim resp 8 gånger/dygn",kod,1993-07-20T01:00:00Z,1993-07-20T03:00:00+02:00,743130000000,,11,11,Y,,corrected-archive-csv
162860,Luleå-Kallax Flygplats,13,Rådande väder,"momentanvärde, 1 gång/tim resp 8 gånger/dygn",kod,1993-07-20T02:00:00Z,1993-07-20T04:00:00+02:00,743133600000,,11,11,Y,,corrected-archive-csv
162860,Luleå-Kallax Flygplats,13,Rådande väder,"momentanvärde, 1 gång/tim resp 8 gånger/dygn",kod,1993-07-20T03:00:00Z,1993-07-20T05:00:00+02:00,743137200000,,44,44,G,,corrected-archive-csv
162860,Luleå-Kallax Flygplats,13,Rådande väder,"momentanvärde, 1 gång/tim resp 8 gånger/dygn",kod,1993-07-20T04:00:00Z,1993-07-20T06:00:00+02:00,743140800000,,44,44,Y,,corrected-archive-csv
162860,Luleå-Kallax Flygplats,13,Rådande väder,"momentanvärde, 1 gång/tim resp 8 gånger/dygn",kod,1993-07-20T05:00:00Z,1993-07-20T07:00:00+02:00,743144400000,,28,28,Y,,corrected-archive-csv
162860,Luleå-Kallax Flygplats,13,Rådande väder,"momentanvärde, 1 gång/tim resp 8 gånger/dygn",kod,1993-07-20T06:00:00Z,1993-07-20T08:00:00+02:00,743148000000,,0,0,G,,corrected-archive-csv
162860,Luleå-Kallax Flygplats,13,Rådande väder,"momentanvärde, 1 gång/tim resp 8 gånger/dygn",kod,1993-07-20T09:00:00Z,1993-07-20T11:00:00+02:00,743158800000,,15,15,G,,corrected-archive-csv
162860,Luleå-Kallax Flygplats,13,Rådande väder,"momentanvärde, 1 gång/tim resp 8 gånger/dygn",kod,1993-07-20T10:00:00Z,1993-07-20T12:00:00+02:00,743162400000,,15,15,Y,,corrected-archive-csv
162860,Luleå-Kallax Flygplats,13,Rådande väder,"momentanvärde, 1 gång/tim resp 8 gånger/dygn",kod,1993-07-20T11:00:00Z,1993-07-20T13:00:00+02:00,743166000000,,15,15,Y,,corrected-archive-csv
162860,Luleå-Kallax Flygplats,13,Rådande väder,"momentanvärde, 1 gång/tim resp 8 gånger/dygn",kod,1993-07-20T12:00:00Z,1993-07-20T14:00:00+02:00,743169600000,,15,15,G,,corrected-archive-csv
162860,Luleå-Kallax Flygplats,13,Rådande väder,"momentanvärde, 1 gång/tim resp 8 gånger/dygn",kod,1993-07-20T13:00:00Z,1993-07-20T15:00:00+02:00,743173200000,,2,2,Y,,corrected-archive-csv
162860,Luleå-Kallax Flygplats,13,Rådande väder,"momentanvärde, 1 gång/tim resp 8 gånger/dygn",kod,1993-07-20T14:00:00Z,1993-07-20T16:00:00+02:00,743176800000,,2,2,Y,,corrected-archive-csv
162860,Luleå-Kallax Flygplats,13,Rådande väder,"momentanvärde, 1 gång/tim resp 8 gånger/dygn",kod,1993-07-20T15:00:00Z,1993-07-20T17:00:00+02:00,743180400000,,2,2,G,,corrected-archive-csv
162860,Luleå-Kallax Flygplats,13,Rådande väder,"momentanvärde, 1 gång/tim resp 8 gånger/dygn",kod,1993-07-20T16:00:00Z,1993-07-20T18:00:00+02:00,743184000000,,3,3,Y,,corrected-archive-csv
162860,Luleå-Kallax Flygplats,13,Rådande väder,"momentanvärde, 1 gång/tim resp 8 gånger/dygn",kod,1993-07-20T17:00:00Z,1993-07-20T19:00:00+02:00,743187600000,,2,2,Y,,corrected-archive-csv
162860,Luleå-Kallax Flygplats,13,Rådande väder,"momentanvärde, 1 gång/tim resp 8 gånger/dygn",kod,1993-07-20T18:00:00Z,1993-07-20T20:00:00+02:00,743191200000,,2,2,G,,corrected-archive-csv
162860,Luleå-Kallax Flygplats,13,Rådande väder,"momentanvärde, 1 gång/tim resp 8 gånger/dygn",kod,1993-07-21T00:00:00Z,1993-07-21T02:00:00+02:00,743212800000,,0,0,G,,corrected-archive-csv
162860,Luleå-Kallax Flygplats,13,Rådande väder,"momentanvärde, 1 gång/tim resp 8 gånger/dygn",kod,1993-07-21T03:00:00Z,1993-07-21T05:00:00+02:00,743223600000,,11,11,G,,corrected-archive-csv
162860,Luleå-Kallax Flygplats,13,Rådande väder,"momentanvärde, 1 gång/tim resp 8 gånger/dygn",kod,1993-07-21T04:00:00Z,1993-07-21T06:00:00+02:00,743227200000,,11,11,Y,,corrected-archive-csv
162860,Luleå-Kallax Flygplats,13,Rådande väder,"momentanvärde, 1 gång/tim resp 8 gånger/dygn",kod,1993-07-21T05:00:00Z,1993-07-21T07:00:00+02:00,743230800000,,2,2,Y,,corrected-archive-csv
162860,Luleå-Kallax Flygplats,13,Rådande väder,"momentanvärde, 1 gång/tim resp 8 gånger/dygn",kod,1993-07-21T06:00:00Z,1993-07-21T08:00:00+02:00,743234400000,,0,0,G,,corrected-archive-csv
162860,Luleå-Kallax Flygplats,13,Rådande väder,"momentanvärde, 1 gång/tim resp 8 gånger/dygn",kod,1993-07-21T09:00:00Z,1993-07-21T11:00:00+02:00,743245200000,,0,0,G,,corrected-archive-csv
162860,Luleå-Kallax Flygplats,13,Rådande väder,"momentanvärde, 1 gång/tim resp 8 gånger/dygn",kod,1993-07-21T12:00:00Z,1993-07-21T14:00:00+02:00,743256000000,,0,0,G,,corrected-archive-csv
162860,Luleå-Kallax Flygplats,13,Rådande väder,"momentanvärde, 1 gång/tim resp 8 gånger/dygn",kod,1993-07-21T15:00:00Z,1993-07-21T17:00:00+02:00,743266800000,,0,0,G,,corrected-archive-csv
162860,Luleå-Kallax Flygplats,13,Rådande väder,"momentanvärde, 1 gång/tim resp 8 gånger/dygn",kod,1993-07-21T18:00:00Z,1993-07-21T20:00:00+02:00,743277600000,,0,0,G,,corrected-archive-csv
162860,Luleå-Kallax Flygplats,13,Rådande väder,"momentanvärde, 1 gång/tim resp 8 gånger/dygn",kod,1993-07-22T03:00:00Z,1993-07-22T05:00:00+02:00,743310000000,,0,0,G,,corrected-archive-csv
162860,Luleå-Kallax Flygplats,13,Rådande väder,"momentanvärde, 1 gång/tim resp 8 gånger/dygn",kod,1993-07-22T06:00:00Z,1993-07-22T08:00:00+02:00,743320800000,,0,0,G,,corrected-archive-csv
162860,Luleå-Kallax Flygplats,13,Rådande väder,"momentanvärde, 1 gång/tim resp 8 gånger/dygn",kod,1993-07-22T09:00:00Z,1993-07-22T11:00:00+02:00,743331600000,,0,0,G,,corrected-archive-csv
162860,Luleå-Kallax Flygplats,13,Rådande väder,"momentanvärde, 1 gång/tim resp 8 gånger/dygn",kod,1993-07-22T12:00:00Z,1993-07-22T14:00:00+02:00,743342400000,,0,0,G,,corrected-archive-csv
162860,Luleå-Kallax Flygplats,13,Rådande väder,"momentanvärde, 1 gång/tim resp 8 gånger/dygn",kod,1993-07-22T15:00:00Z,1993-07-22T17:00:00+02:00,743353200000,,0,0,G,,corrected-archive-csv
162860,Luleå-Kallax Flygplats,13,Rådande väder,"momentanvärde, 1 gång/tim resp 8 gånger/dygn",kod,1993-07-22T18:00:00Z,1993-07-22T20:00:00+02:00,743364000000,,0,0,G,,corrected-archive-csv
162860,Luleå-Kallax Flygplats,13,Rådande väder,"momentanvärde, 1 gång/tim resp 8 gånger/dygn",kod,1993-07-22T21:00:00Z,1993-07-22T23:00:00+02:00,743374800000,,0,0,G,,corrected-archive-csv
162860,Luleå-Kallax Flygplats,13,Rådande väder,"momentanvärde, 1 gång/tim resp 8 gånger/dygn",kod,1993-07-23T00:00:00Z,1993-07-23T02:00:00+02:00,743385600000,,0,0,G,,corrected-archive-csv
162860,Luleå-Kallax Flygplats,13,Rådande väder,"momentanvärde, 1 gång/tim resp 8 gånger/dygn",kod,1993-07-23T03:00:00Z,1993-07-23T05:00:00+02:00,743396400000,,0,0,G,,corrected-archive-csv
162860,Luleå-Kallax Flygplats,13,Rådande väder,"momentanvärde, 1 gång/tim resp 8 gånger/dygn",kod,1993-07-23T06:00:00Z,1993-07-23T08:00:00+02:00,743407200000,,0,0,G,,corrected-archive-csv
162860,Luleå-Kallax Flygplats,13,Rådande väder,"momentanvärde, 1 gång/tim resp 8 gånger/dygn",kod,1993-07-23T09:00:00Z,1993-07-23T11:00:00+02:00,743418000000,,0,0,G,,corrected-archive-csv
162860,Luleå-Kallax Flygplats,13,Rådande väder,"momentanvärde, 1 gång/tim resp 8 gånger/dygn",kod,1993-07-23T12:00:00Z,1993-07-23T14:00:00+02:00,743428800000,,0,0,G,,corrected-archive-csv
162860,Luleå-Kallax Flygplats,13,Rådande väder,"momentanvärde, 1 gång/tim resp 8 gånger/dygn",kod,1993-07-23T15:00:00Z,1993-07-23T17:00:00+02:00,743439600000,,0,0,G,,corrected-archive-csv
162860,Luleå-Kallax Flygplats,13,Rådande väder,"momentanvärde, 1 gång/tim resp 8 gånger/dygn",kod,1993-07-23T18:00:00Z,1993-07-23T20:00:00+02:00,743450400000,,0,0,G,,corrected-archive-csv
162860,Luleå-Kallax Flygplats,13,Rådande väder,"momentanvärde, 1 gång/tim resp 8 gånger/dygn",kod,1993-07-23T21:00:00Z,1993-07-23T23:00:00+02:00,743461200000,,0,0,G,,corrected-archive-csv
162860,Luleå-Kallax Flygplats,13,Rådande väder,"momentanvärde, 1 gång/tim resp 8 gånger/dygn",kod,1993-07-24T00:00:00Z,1993-07-24T02:00:00+02:00,743472000000,,14,14,G,,corrected-archive-csv
162860,Luleå-Kallax Flygplats,13,Rådande väder,"momentanvärde, 1 gång/tim resp 8 gånger/dygn",kod,1993-07-24T01:00:00Z,1993-07-24T03:00:00+02:00,743475600000,,14,14,Y,,corrected-archive-csv
162860,Luleå-Kallax Flygplats,13,Rådande väder,"momentanvärde, 1 gång/tim resp 8 gånger/dygn",kod,1993-07-24T02:00:00Z,1993-07-24T04:00:00+02:00,743479200000,,2,2,Y,,corrected-archive-csv
162860,Luleå-Kallax Flygplats,13,Rådande väder,"momentanvärde, 1 gång/tim resp 8 gånger/dygn",kod,1993-07-24T03:00:00Z,1993-07-24T05:00:00+02:00,743482800000,,0,0,G,,corrected-archive-csv
162860,Luleå-Kallax Flygplats,13,Rådande väder,"momentanvärde, 1 gång/tim resp 8 gånger/dygn",kod,1993-07-24T05:00:00Z,1993-07-24T07:00:00+02:00,743490000000,,2,2,Y,,corrected-archive-csv
162860,Luleå-Kallax Flygplats,13,Rådande väder,"momentanvärde, 1 gång/tim resp 8 gånger/dygn",kod,1993-07-24T06:00:00Z,1993-07-24T08:00:00+02:00,743493600000,,2,2,G,,corrected-archive-csv
162860,Luleå-Kallax Flygplats,13,Rådande väder,"momentanvärde, 1 gång/tim resp 8 gånger/dygn",kod,1993-07-24T09:00:00Z,1993-07-24T11:00:00+02:00,743504400000,,0,0,G,,corrected-archive-csv
162860,Luleå-Kallax Flygplats,13,Rådande väder,"momentanvärde, 1 gång/tim resp 8 gånger/dygn",kod,1993-07-24T11:00:00Z,1993-07-24T13:00:00+02:00,743511600000,,60,60,Y,,corrected-archive-csv
162860,Luleå-Kallax Flygplats,13,Rådande väder,"momentanvärde, 1 gång/tim resp 8 gånger/dygn",kod,1993-07-24T12:00:00Z,1993-07-24T14:00:00+02:00,743515200000,,21,21,G,,corrected-archive-csv
162860,Luleå-Kallax Flygplats,13,Rådande väder,"momentanvärde, 1 gång/tim resp 8 gånger/dygn",kod,1993-07-24T13:00:00Z,1993-07-24T15:00:00+02:00,743518800000,,2,2,Y,,corrected-archive-csv
162860,Luleå-Kallax Flygplats,13,Rådande väder,"momentanvärde, 1 gång/tim resp 8 gånger/dygn",kod,1993-07-24T14:00:00Z,1993-07-24T16:00:00+02:00,743522400000,,2,2,Y,,corrected-archive-csv
162860,Luleå-Kallax Flygplats,13,Rådande väder,"momentanvärde, 1 gång/tim resp 8 gånger/dygn",kod,1993-07-24T15:00:00Z,1993-07-24T17:00:00+02:00,743526000000,,2,2,G,,corrected-archive-csv
162860,Luleå-Kallax Flygplats,13,Rådande väder,"momentanvärde, 1 gång/tim resp 8 gånger/dygn",kod,1993-07-24T16:00:00Z,1993-07-24T18:00:00+02:00,743529600000,,2,2,Y,,corrected-archive-csv
162860,Luleå-Kallax Flygplats,13,Rådande väder,"momentanvärde, 1 gång/tim resp 8 gånger/dygn",kod,1993-07-24T17:00:00Z,1993-07-24T19:00:00+02:00,743533200000,,2,2,Y,,corrected-archive-csv
162860,Luleå-Kallax Flygplats,13,Rådande väder,"momentanvärde, 1 gång/tim resp 8 gånger/dygn",kod,1993-07-24T18:00:00Z,1993-07-24T20:00:00+02:00,743536800000,,2,2,G,,corrected-archive-csv
162860,Luleå-Kallax Flygplats,13,Rådande väder,"momentanvärde, 1 gång/tim resp 8 gånger/dygn",kod,1993-07-24T21:00:00Z,1993-07-24T23:00:00+02:00,743547600000,,0,0,G,,corrected-archive-csv
162860,Luleå-Kallax Flygplats,13,Rådande väder,"momentanvärde, 1 gång/tim resp 8 gånger/dygn",kod,1993-07-25T00:00:00Z,1993-07-25T02:00:00+02:00,743558400000,,0,0,G,,corrected-archive-csv
162860,Luleå-Kallax Flygplats,13,Rådande väder,"momentanvärde, 1 gång/tim resp 8 gånger/dygn",kod,1993-07-25T03:00:00Z,1993-07-25T05:00:00+02:00,743569200000,,0,0,G,,corrected-archive-csv
162860,Luleå-Kallax Flygplats,13,Rådande väder,"momentanvärde, 1 gång/tim resp 8 gånger/dygn",kod,1993-07-25T06:00:00Z,1993-07-25T08:00:00+02:00,743580000000,,0,0,G,,corrected-archive-csv
162860,Luleå-Kallax Flygplats,13,Rådande väder,"momentanvärde, 1 gång/tim resp 8 gånger/dygn",kod,1993-07-25T09:00:00Z,1993-07-25T11:00:00+02:00,743590800000,,0,0,G,,corrected-archive-csv
162860,Luleå-Kallax Flygplats,13,Rådande väder,"momentanvärde, 1 gång/tim resp 8 gånger/dygn",kod,1993-07-25T10:00:00Z,1993-07-25T12:00:00+02:00,743594400000,,63,63,Y,,corrected-archive-csv
162860,Luleå-Kallax Flygplats,13,Rådande väder,"momentanvärde, 1 gång/tim resp 8 gånger/dygn",kod,1993-07-25T11:00:00Z,1993-07-25T13:00:00+02:00,743598000000,,61,61,Y,,corrected-archive-csv
162860,Luleå-Kallax Flygplats,13,Rådande väder,"momentanvärde, 1 gång/tim resp 8 gånger/dygn",kod,1993-07-25T12:00:00Z,1993-07-25T14:00:00+02:00,743601600000,,63,63,G,,corrected-archive-csv
162860,Luleå-Kallax Flygplats,13,Rådande väder,"momentanvärde, 1 gång/tim resp 8 gånger/dygn",kod,1993-07-25T13:00:00Z,1993-07-25T15:00:00+02:00,743605200000,,63,63,Y,,corrected-archive-csv
162860,Luleå-Kallax Flygplats,13,Rådande väder,"momentanvärde, 1 gång/tim resp 8 gånger/dygn",kod,1993-07-25T14:00:00Z,1993-07-25T16:00:00+02:00,743608800000,,63,63,Y,,corrected-archive-csv
162860,Luleå-Kallax Flygplats,13,Rådande väder,"momentanvärde, 1 gång/tim resp 8 gånger/dygn",kod,1993-07-25T15:00:00Z,1993-07-25T17:00:00+02:00,743612400000,,61,61,G,,corrected-archive-csv
162860,Luleå-Kallax Flygplats,13,Rådande väder,"momentanvärde, 1 gång/tim resp 8 gånger/dygn",kod,1993-07-25T16:00:00Z,1993-07-25T18:00:00+02:00,743616000000,,61,61,Y,,corrected-archive-csv
162860,Luleå-Kallax Flygplats,13,Rådande väder,"momentanvärde, 1 gång/tim resp 8 gånger/dygn",kod,1993-07-25T17:00:00Z,1993-07-25T19:00:00+02:00,743619600000,,60,60,Y,,corrected-archive-csv
162860,Luleå-Kallax Flygplats,13,Rådande väder,"momentanvärde, 1 gång/tim resp 8 gånger/dygn",kod,1993-07-25T18:00:00Z,1993-07-25T20:00:00+02:00,743623200000,,63,63,G,,corrected-archive-csv
162860,Luleå-Kallax Flygplats,13,Rådande väder,"momentanvärde, 1 gång/tim resp 8 gånger/dygn",kod,1993-07-25T19:00:00Z,1993-07-25T21:00:00+02:00,743626800000,,61,61,Y,,corrected-archive-csv
162860,Luleå-Kallax Flygplats,13,Rådande väder,"momentanvärde, 1 gång/tim resp 8 gånger/dygn",kod,1993-07-25T20:00:00Z,1993-07-25T22:00:00+02:00,743630400000,,61,61,Y,,corrected-archive-csv
162860,Luleå-Kallax Flygplats,13,Rådande väder,"momentanvärde, 1 gång/tim resp 8 gånger/dygn",kod,1993-07-25T21:00:00Z,1993-07-25T23:00:00+02:00,743634000000,,61,61,G,,corrected-archive-csv
162860,Luleå-Kallax Flygplats,13,Rådande väder,"momentanvärde, 1 gång/tim resp 8 gånger/dygn",kod,1993-07-25T22:00:00Z,1993-07-26T00:00:00+02:00,743637600000,,60,60,Y,,corrected-archive-csv
162860,Luleå-Kallax Flygplats,13,Rådande väder,"momentanvärde, 1 gång/tim resp 8 gånger/dygn",kod,1993-07-25T23:00:00Z,1993-07-26T01:00:00+02:00,743641200000,,2,2,Y,,corrected-archive-csv
162860,Luleå-Kallax Flygplats,13,Rådande väder,"momentanvärde, 1 gång/tim resp 8 gånger/dygn",kod,1993-07-26T00:00:00Z,1993-07-26T02:00:00+02:00,743644800000,,2,2,G,,corrected-archive-csv
162860,Luleå-Kallax Flygplats,13,Rådande väder,"momentanvärde, 1 gång/tim resp 8 gånger/dygn",kod,1993-07-26T03:00:00Z,1993-07-26T05:00:00+02:00,743655600000,,0,0,G,,corrected-archive-csv
162860,Luleå-Kallax Flygplats,13,Rådande väder,"momentanvärde, 1 gång/tim resp 8 gånger/dygn",kod,1993-07-26T05:00:00Z,1993-07-26T07:00:00+02:00,743662800000,,10,10,Y,,corrected-archive-csv
162860,Luleå-Kallax Flygplats,13,Rådande väder,"momentanvärde, 1 gång/tim resp 8 gånger/dygn",kod,1993-07-26T06:00:00Z,1993-07-26T08:00:00+02:00,743666400000,,0,0,G,,corrected-archive-csv
162860,Luleå-Kallax Flygplats,13,Rådande väder,"momentanvärde, 1 gång/tim resp 8 gånger/dygn",kod,1993-07-26T09:00:00Z,1993-07-26T11:00:00+02:00,743677200000,,0,0,G,,corrected-archive-csv
162860,Luleå-Kallax Flygplats,13,Rådande väder,"momentanvärde, 1 gång/tim resp 8 gånger/dygn",kod,1993-07-26T11:00:00Z,1993-07-26T13:00:00+02:00,743684400000,,51,51,Y,,corrected-archive-csv
162860,Luleå-Kallax Flygplats,13,Rådande väder,"momentanvärde, 1 gång/tim resp 8 gånger/dygn",kod,1993-07-26T12:00:00Z,1993-07-26T14:00:00+02:00,743688000000,,1,1,G,,corrected-archive-csv
162860,Luleå-Kallax Flygplats,13,Rådande väder,"momentanvärde, 1 gång/tim resp 8 gånger/dygn",kod,1993-07-26T15:00:00Z,1993-07-26T17:00:00+02:00,743698800000,,0,0,G,,corrected-archive-csv
162860,Luleå-Kallax Flygplats,13,Rådande väder,"momentanvärde, 1 gång/tim resp 8 gånger/dygn",kod,1993-07-26T16:00:00Z,1993-07-26T18:00:00+02:00,743702400000,,63,63,Y,,corrected-archive-csv
162860,Luleå-Kallax Flygplats,13,Rådande väder,"momentanvärde, 1 gång/tim resp 8 gånger/dygn",kod,1993-07-26T17:00:00Z,1993-07-26T19:00:00+02:00,743706000000,,63,63,Y,,corrected-archive-csv
162860,Luleå-Kallax Flygplats,13,Rådande väder,"momentanvärde, 1 gång/tim resp 8 gånger/dygn",kod,1993-07-26T18:00:00Z,1993-07-26T20:00:00+02:00,743709600000,,2,2,G,,corrected-archive-csv
162860,Luleå-Kallax Flygplats,13,Rådande väder,"momentanvärde, 1 gång/tim resp 8 gånger/dygn",kod,1993-07-26T21:00:00Z,1993-07-26T23:00:00+02:00,743720400000,,0,0,G,,corrected-archive-csv
162860,Luleå-Kallax Flygplats,13,Rådande väder,"momentanvärde, 1 gång/tim resp 8 gånger/dygn",kod,1993-07-27T00:00:00Z,1993-07-27T02:00:00+02:00,743731200000,,0,0,G,,corrected-archive-csv
162860,Luleå-Kallax Flygplats,13,Rådande väder,"momentanvärde, 1 gång/tim resp 8 gånger/dygn",kod,1993-07-27T03:00:00Z,1993-07-27T05:00:00+02:00,743742000000,,0,0,G,,corrected-archive-csv
162860,Luleå-Kallax Flygplats,13,Rådande väder,"momentanvärde, 1 gång/tim resp 8 gånger/dygn",kod,1993-07-27T06:00:00Z,1993-07-27T08:00:00+02:00,743752800000,,0,0,G,,corrected-archive-csv
162860,Luleå-Kallax Flygplats,13,Rådande väder,"momentanvärde, 1 gång/tim resp 8 gånger/dygn",kod,1993-07-27T09:00:00Z,1993-07-27T11:00:00+02:00,743763600000,,0,0,G,,corrected-archive-csv
162860,Luleå-Kallax Flygplats,13,Rådande väder,"momentanvärde, 1 gång/tim resp 8 gånger/dygn",kod,1993-07-27T12:00:00Z,1993-07-27T14:00:00+02:00,743774400000,,0,0,G,,corrected-archive-csv
162860,Luleå-Kallax Flygplats,13,Rådande väder,"momentanvärde, 1 gång/tim resp 8 gånger/dygn",kod,1993-07-27T15:00:00Z,1993-07-27T17:00:00+02:00,743785200000,,0,0,G,,corrected-archive-csv
162860,Luleå-Kallax Flygplats,13,Rådande väder,"momentanvärde, 1 gång/tim resp 8 gånger/dygn",kod,1993-07-27T18:00:00Z,1993-07-27T20:00:00+02:00,743796000000,,0,0,G,,corrected-archive-csv
162860,Luleå-Kallax Flygplats,13,Rådande väder,"momentanvärde, 1 gång/tim resp 8 gånger/dygn",kod,1993-07-27T21:00:00Z,1993-07-27T23:00:00+02:00,743806800000,,0,0,G,,corrected-archive-csv
162860,Luleå-Kallax Flygplats,13,Rådande väder,"momentanvärde, 1 gång/tim resp 8 gånger/dygn",kod,1993-07-28T00:00:00Z,1993-07-28T02:00:00+02:00,743817600000,,0,0,G,,corrected-archive-csv
162860,Luleå-Kallax Flygplats,13,Rådande väder,"momentanvärde, 1 gång/tim resp 8 gånger/dygn",kod,1993-07-28T03:00:00Z,1993-07-28T05:00:00+02:00,743828400000,,0,0,G,,corrected-archive-csv
162860,Luleå-Kallax Flygplats,13,Rådande väder,"momentanvärde, 1 gång/tim resp 8 gånger/dygn",kod,1993-07-28T06:00:00Z,1993-07-28T08:00:00+02:00,743839200000,,0,0,G,,corrected-archive-csv
162860,Luleå-Kallax Flygplats,13,Rådande väder,"momentanvärde, 1 gång/tim resp 8 gånger/dygn",kod,1993-07-28T08:00:00Z,1993-07-28T10:00:00+02:00,743846400000,,80,80,Y,,corrected-archive-csv
162860,Luleå-Kallax Flygplats,13,Rådande väder,"momentanvärde, 1 gång/tim resp 8 gånger/dygn",kod,1993-07-28T09:00:00Z,1993-07-28T11:00:00+02:00,743850000000,,1,1,G,,corrected-archive-csv
162860,Luleå-Kallax Flygplats,13,Rådande väder,"momentanvärde, 1 gång/tim resp 8 gånger/dygn",kod,1993-07-28T10:00:00Z,1993-07-28T12:00:00+02:00,743853600000,,1,1,Y,,corrected-archive-csv
162860,Luleå-Kallax Flygplats,13,Rådande väder,"momentanvärde, 1 gång/tim resp 8 gånger/dygn",kod,1993-07-28T11:00:00Z,1993-07-28T13:00:00+02:00,743857200000,,1,1,Y,,corrected-archive-csv
162860,Luleå-Kallax Flygplats,13,Rådande väder,"momentanvärde, 1 gång/tim resp 8 gånger/dygn",kod,1993-07-28T12:00:00Z,1993-07-28T14:00:00+02:00,743860800000,,1,1,G,,corrected-archive-csv
162860,Luleå-Kallax Flygplats,13,Rådande väder,"momentanvärde, 1 gång/tim resp 8 gånger/dygn",kod,1993-07-28T15:00:00Z,1993-07-28T17:00:00+02:00,743871600000,,0,0,G,,corrected-archive-csv
162860,Luleå-Kallax Flygplats,13,Rådande väder,"momentanvärde, 1 gång/tim resp 8 gånger/dygn",kod,1993-07-28T18:00:00Z,1993-07-28T20:00:00+02:00,743882400000,,0,0,G,,corrected-archive-csv
162860,Luleå-Kallax Flygplats,13,Rådande väder,"momentanvärde, 1 gång/tim resp 8 gånger/dygn",kod,1993-07-28T21:00:00Z,1993-07-28T23:00:00+02:00,743893200000,,0,0,G,,corrected-archive-csv
162860,Luleå-Kallax Flygplats,13,Rådande väder,"momentanvärde, 1 gång/tim resp 8 gånger/dygn",kod,1993-07-29T00:00:00Z,1993-07-29T02:00:00+02:00,743904000000,,0,0,G,,corrected-archive-csv
162860,Luleå-Kallax Flygplats,13,Rådande väder,"momentanvärde, 1 gång/tim resp 8 gånger/dygn",kod,1993-07-29T02:00:00Z,1993-07-29T04:00:00+02:00,743911200000,,12,12,Y,,corrected-archive-csv
162860,Luleå-Kallax Flygplats,13,Rådande väder,"momentanvärde, 1 gång/tim resp 8 gånger/dygn",kod,1993-07-29T03:00:00Z,1993-07-29T05:00:00+02:00,743914800000,,0,0,G,,corrected-archive-csv
162860,Luleå-Kallax Flygplats,13,Rådande väder,"momentanvärde, 1 gång/tim resp 8 gånger/dygn",kod,1993-07-29T06:00:00Z,1993-07-29T08:00:00+02:00,743925600000,,0,0,G,,corrected-archive-csv
162860,Luleå-Kallax Flygplats,13,Rådande väder,"momentanvärde, 1 gång/tim resp 8 gånger/dygn",kod,1993-07-29T09:00:00Z,1993-07-29T11:00:00+02:00,743936400000,,0,0,G,,corrected-archive-csv
162860,Luleå-Kallax Flygplats,13,Rådande väder,"momentanvärde, 1 gång/tim resp 8 gånger/dygn",kod,1993-07-29T12:00:00Z,1993-07-29T14:00:00+02:00,743947200000,,0,0,G,,corrected-archive-csv
162860,Luleå-Kallax Flygplats,13,Rådande väder,"momentanvärde, 1 gång/tim resp 8 gånger/dygn",kod,1993-07-29T15:00:00Z,1993-07-29T17:00:00+02:00,743958000000,,0,0,G,,corrected-archive-csv
162860,Luleå-Kallax Flygplats,13,Rådande väder,"momentanvärde, 1 gång/tim resp 8 gånger/dygn",kod,1993-07-29T18:00:00Z,1993-07-29T20:00:00+02:00,743968800000,,0,0,G,,corrected-archive-csv
162860,Luleå-Kallax Flygplats,13,Rådande väder,"momentanvärde, 1 gång/tim resp 8 gånger/dygn",kod,1993-07-29T21:00:00Z,1993-07-29T23:00:00+02:00,743979600000,,0,0,G,,corrected-archive-csv
162860,Luleå-Kallax Flygplats,13,Rådande väder,"momentanvärde, 1 gång/tim resp 8 gånger/dygn",kod,1993-07-29T23:00:00Z,1993-07-30T01:00:00+02:00,743986800000,,12,12,Y,,corrected-archive-csv
162860,Luleå-Kallax Flygplats,13,Rådande väder,"momentanvärde, 1 gång/tim resp 8 gånger/dygn",kod,1993-07-30T00:00:00Z,1993-07-30T02:00:00+02:00,743990400000,,12,12,G,,corrected-archive-csv
162860,Luleå-Kallax Flygplats,13,Rådande väder,"momentanvärde, 1 gång/tim resp 8 gånger/dygn",kod,1993-07-30T01:00:00Z,1993-07-30T03:00:00+02:00,743994000000,,12,12,Y,,corrected-archive-csv
162860,Luleå-Kallax Flygplats,13,Rådande väder,"momentanvärde, 1 gång/tim resp 8 gånger/dygn",kod,1993-07-30T02:00:00Z,1993-07-30T04:00:00+02:00,743997600000,,12,12,Y,,corrected-archive-csv
162860,Luleå-Kallax Flygplats,13,Rådande väder,"momentanvärde, 1 gång/tim resp 8 gånger/dygn",kod,1993-07-30T03:00:00Z,1993-07-30T05:00:00+02:00,744001200000,,12,12,G,,corrected-archive-csv
162860,Luleå-Kallax Flygplats,13,Rådande väder,"momentanvärde, 1 gång/tim resp 8 gånger/dygn",kod,1993-07-30T06:00:00Z,1993-07-30T08:00:00+02:00,744012000000,,0,0,G,,corrected-archive-csv
162860,Luleå-Kallax Flygplats,13,Rådande väder,"momentanvärde, 1 gång/tim resp 8 gånger/dygn",kod,1993-07-30T09:00:00Z,1993-07-30T11:00:00+02:00,744022800000,,0,0,G,,corrected-archive-csv
162860,Luleå-Kallax Flygplats,13,Rådande väder,"momentanvärde, 1 gång/tim resp 8 gånger/dygn",kod,1993-07-30T12:00:00Z,1993-07-30T14:00:00+02:00,744033600000,,0,0,G,,corrected-archive-csv
162860,Luleå-Kallax Flygplats,13,Rådande väder,"momentanvärde, 1 gång/tim resp 8 gånger/dygn",kod,1993-07-30T18:00:00Z,1993-07-30T20:00:00+02:00,744055200000,,0,0,G,,corrected-archive-csv
162860,Luleå-Kallax Flygplats,13,Rådande väder,"momentanvärde, 1 gång/tim resp 8 gånger/dygn",kod,1993-07-30T21:00:00Z,1993-07-30T23:00:00+02:00,744066000000,,0,0,G,,corrected-archive-csv
162860,Luleå-Kallax Flygplats,13,Rådande väder,"momentanvärde, 1 gång/tim resp 8 gånger/dygn",kod,1993-07-31T00:00:00Z,1993-07-31T02:00:00+02:00,744076800000,,0,0,G,,corrected-archive-csv
162860,Luleå-Kallax Flygplats,13,Rådande väder,"momentanvärde, 1 gång/tim resp 8 gånger/dygn",kod,1993-07-31T01:00:00Z,1993-07-31T03:00:00+02:00,744080400000,,15,15,Y,,corrected-archive-csv
162860,Luleå-Kallax Flygplats,13,Rådande väder,"momentanvärde, 1 gång/tim resp 8 gånger/dygn",kod,1993-07-31T02:00:00Z,1993-07-31T04:00:00+02:00,744084000000,,21,21,Y,,corrected-archive-csv
162860,Luleå-Kallax Flygplats,13,Rådande väder,"momentanvärde, 1 gång/tim resp 8 gånger/dygn",kod,1993-07-31T03:00:00Z,1993-07-31T05:00:00+02:00,744087600000,,21,21,G,,corrected-archive-csv
162860,Luleå-Kallax Flygplats,13,Rådande väder,"momentanvärde, 1 gång/tim resp 8 gånger/dygn",kod,1993-07-31T04:00:00Z,1993-07-31T06:00:00+02:00,744091200000,,21,21,Y,,corrected-archive-csv
162860,Luleå-Kallax Flygplats,13,Rådande väder,"momentanvärde, 1 gång/tim resp 8 gånger/dygn",kod,1993-07-31T05:00:00Z,1993-07-31T07:00:00+02:00,744094800000,,61,61,Y,,corrected-archive-csv
162860,Luleå-Kallax Flygplats,13,Rådande väder,"momentanvärde, 1 gång/tim resp 8 gånger/dygn",kod,1993-07-31T06:00:00Z,1993-07-31T08:00:00+02:00,744098400000,,61,61,G,,corrected-archive-csv
162860,Luleå-Kallax Flygplats,13,Rådande väder,"momentanvärde, 1 gång/tim resp 8 gånger/dygn",kod,1993-07-31T07:00:00Z,1993-07-31T09:00:00+02:00,744102000000,,63,63,Y,,corrected-archive-csv
162860,Luleå-Kallax Flygplats,13,Rådande väder,"momentanvärde, 1 gång/tim resp 8 gånger/dygn",kod,1993-07-31T08:00:00Z,1993-07-31T10:00:00+02:00,744105600000,,63,63,Y,,corrected-archive-csv
162860,Luleå-Kallax Flygplats,13,Rådande väder,"momentanvärde, 1 gång/tim resp 8 gånger/dygn",kod,1993-07-31T09:00:00Z,1993-07-31T11:00:00+02:00,744109200000,,63,63,G,,corrected-archive-csv
162860,Luleå-Kallax Flygplats,13,Rådande väder,"momentanvärde, 1 gång/tim resp 8 gånger/dygn",kod,1993-07-31T10:00:00Z,1993-07-31T12:00:00+02:00,744112800000,,51,51,Y,,corrected-archive-csv
162860,Luleå-Kallax Flygplats,13,Rådande väder,"momentanvärde, 1 gång/tim resp 8 gånger/dygn",kod,1993-07-31T11:00:00Z,1993-07-31T13:00:00+02:00,744116400000,,61,61,Y,,corrected-archive-csv
162860,Luleå-Kallax Flygplats,13,Rådande väder,"momentanvärde, 1 gång/tim resp 8 gånger/dygn",kod,1993-07-31T12:00:00Z,1993-07-31T14:00:00+02:00,744120000000,,21,21,G,,corrected-archive-csv
162860,Luleå-Kallax Flygplats,13,Rådande väder,"momentanvärde, 1 gång/tim resp 8 gånger/dygn",kod,1993-07-31T13:00:00Z,1993-07-31T15:00:00+02:00,744123600000,,20,20,Y,,corrected-archive-csv
162860,Luleå-Kallax Flygplats,13,Rådande väder,"momentanvärde, 1 gång/tim resp 8 gånger/dygn",kod,1993-07-31T14:00:00Z,1993-07-31T16:00:00+02:00,744127200000,,61,61,Y,,corrected-archive-csv
162860,Luleå-Kallax Flygplats,13,Rådande väder,"momentanvärde, 1 gång/tim resp 8 gånger/dygn",kod,1993-07-31T15:00:00Z,1993-07-31T17:00:00+02:00,744130800000,,61,61,G,,corrected-archive-csv
162860,Luleå-Kallax Flygplats,13,Rådande väder,"momentanvärde, 1 gång/tim resp 8 gånger/dygn",kod,1993-07-31T16:00:00Z,1993-07-31T18:00:00+02:00,744134400000,,2,2,Y,,corrected-archive-csv
162860,Luleå-Kallax Flygplats,13,Rådande väder,"momentanvärde, 1 gång/tim resp 8 gånger/dygn",kod,1993-07-31T17:00:00Z,1993-07-31T19:00:00+02:00,744138000000,,63,63,Y,,corrected-archive-csv
162860,Luleå-Kallax Flygplats,13,Rådande väder,"momentanvärde, 1 gång/tim resp 8 gånger/dygn",kod,1993-07-31T18:00:00Z,1993-07-31T20:00:00+02:00,744141600000,,63,63,G,,corrected-archive-csv
162860,Luleå-Kallax Flygplats,13,Rådande väder,"momentanvärde, 1 gång/tim resp 8 gånger/dygn",kod,1993-07-31T19:00:00Z,1993-07-31T21:00:00+02:00,744145200000,,63,63,Y,,corrected-archive-csv
162860,Luleå-Kallax Flygplats,13,Rådande väder,"momentanvärde, 1 gång/tim resp 8 gånger/dygn",kod,1993-07-31T20:00:00Z,1993-07-31T22:00:00+02:00,744148800000,,63,63,Y,,corrected-archive-csv
162860,Luleå-Kallax Flygplats,13,Rådande väder,"momentanvärde, 1 gång/tim resp 8 gånger/dygn",kod,1993-07-31T21:00:00Z,1993-07-31T23:00:00+02:00,744152400000,,63,63,G,,corrected-archive-csv
162860,Luleå-Kallax Flygplats,13,Rådande väder,"momentanvärde, 1 gång/tim resp 8 gånger/dygn",kod,1993-07-31T22:00:00Z,1993-08-01T00:00:00+02:00,744156000000,,21,21,Y,,corrected-archive-csv
162860,Luleå-Kallax Flygplats,13,Rådande väder,"momentanvärde, 1 gång/tim resp 8 gånger/dygn",kod,1993-07-31T23:00:00Z,1993-08-01T01:00:00+02:00,744159600000,,63,63,Y,,corrected-archive-csv
162860,Luleå-Kallax Flygplats,13,Rådande väder,"momentanvärde, 1 gång/tim resp 8 gånger/dygn",kod,1993-08-01T00:00:00Z,1993-08-01T02:00:00+02:00,744163200000,,63,63,G,,corrected-archive-csv
162860,Luleå-Kallax Flygplats,13,Rådande väder,"momentanvärde, 1 gång/tim resp 8 gånger/dygn",kod,1993-08-01T01:00:00Z,1993-08-01T03:00:00+02:00,744166800000,,63,63,Y,,corrected-archive-csv
162860,Luleå-Kallax Flygplats,13,Rådande väder,"momentanvärde, 1 gång/tim resp 8 gånger/dygn",kod,1993-08-01T02:00:00Z,1993-08-01T04:00:00+02:00,744170400000,,21,21,Y,,corrected-archive-csv
162860,Luleå-Kallax Flygplats,13,Rådande väder,"momentanvärde, 1 gång/tim resp 8 gånger/dygn",kod,1993-08-01T03:00:00Z,1993-08-01T05:00:00+02:00,744174000000,,2,2,G,,corrected-archive-csv
162860,Luleå-Kallax Flygplats,13,Rådande väder,"momentanvärde, 1 gång/tim resp 8 gånger/dygn",kod,1993-08-01T04:00:00Z,1993-08-01T06:00:00+02:00,744177600000,,2,2,Y,,corrected-archive-csv
162860,Luleå-Kallax Flygplats,13,Rådande väder,"momentanvärde, 1 gång/tim resp 8 gånger/dygn",kod,1993-08-01T05:00:00Z,1993-08-01T07:00:00+02:00,744181200000,,1,1,Y,,corrected-archive-csv
162860,Luleå-Kallax Flygplats,13,Rådande väder,"momentanvärde, 1 gång/tim resp 8 gånger/dygn",kod,1993-08-01T06:00:00Z,1993-08-01T08:00:00+02:00,744184800000,,1,1,G,,corrected-archive-csv
162860,Luleå-Kallax Flygplats,13,Rådande väder,"momentanvärde, 1 gång/tim resp 8 gånger/dygn",kod,1993-08-01T09:00:00Z,1993-08-01T11:00:00+02:00,744195600000,,0,0,G,,corrected-archive-csv
162860,Luleå-Kallax Flygplats,13,Rådande väder,"momentanvärde, 1 gång/tim resp 8 gånger/dygn",kod,1993-08-01T12:00:00Z,1993-08-01T14:00:00+02:00,744206400000,,0,0,G,,corrected-archive-csv
162860,Luleå-Kallax Flygplats,13,Rådande väder,"momentanvärde, 1 gång/tim resp 8 gånger/dygn",kod,1993-08-01T15:00:00Z,1993-08-01T17:00:00+02:00,744217200000,,0,0,G,,corrected-archive-csv
162860,Luleå-Kallax Flygplats,13,Rådande väder,"momentanvärde, 1 gång/tim resp 8 gånger/dygn",kod,1993-08-01T17:00:00Z,1993-08-01T19:00:00+02:00,744224400000,,61,61,Y,,corrected-archive-csv
162860,Luleå-Kallax Flygplats,13,Rådande väder,"momentanvärde, 1 gång/tim resp 8 gånger/dygn",kod,1993-08-01T18:00:00Z,1993-08-01T20:00:00+02:00,744228000000,,61,61,G,,corrected-archive-csv
162860,Luleå-Kallax Flygplats,13,Rådande väder,"momentanvärde, 1 gång/tim resp 8 gånger/dygn",kod,1993-08-01T19:00:00Z,1993-08-01T21:00:00+02:00,744231600000,,61,61,Y,,corrected-archive-csv
162860,Luleå-Kallax Flygplats,13,Rådande väder,"momentanvärde, 1 gång/tim resp 8 gånger/dygn",kod,1993-08-01T20:00:00Z,1993-08-01T22:00:00+02:00,744235200000,,61,61,Y,,corrected-archive-csv
162860,Luleå-Kallax Flygplats,13,Rådande väder,"momentanvärde, 1 gång/tim resp 8 gånger/dygn",kod,1993-08-01T21:00:00Z,1993-08-01T23:00:00+02:00,744238800000,,2,2,G,,corrected-archive-csv
162860,Luleå-Kallax Flygplats,13,Rådande väder,"momentanvärde, 1 gång/tim resp 8 gånger/dygn",kod,1993-08-01T22:00:00Z,1993-08-02T00:00:00+02:00,744242400000,,51,51,Y,,corrected-archive-csv
162860,Luleå-Kallax Flygplats,13,Rådande väder,"momentanvärde, 1 gång/tim resp 8 gånger/dygn",kod,1993-08-01T23:00:00Z,1993-08-02T01:00:00+02:00,744246000000,,2,2,Y,,corrected-archive-csv
162860,Luleå-Kallax Flygplats,13,Rådande väder,"momentanvärde, 1 gång/tim resp 8 gånger/dygn",kod,1993-08-02T00:00:00Z,1993-08-02T02:00:00+02:00,744249600000,,3,3,G,,corrected-archive-csv
162860,Luleå-Kallax Flygplats,13,Rådande väder,"momentanvärde, 1 gång/tim resp 8 gånger/dygn",kod,1993-08-02T03:00:00Z,1993-08-02T05:00:00+02:00,744260400000,,61,61,G,,corrected-archive-csv
162860,Luleå-Kallax Flygplats,13,Rådande väder,"momentanvärde, 1 gång/tim resp 8 gånger/dygn",kod,1993-08-02T04:00:00Z,1993-08-02T06:00:00+02:00,744264000000,,61,61,Y,,corrected-archive-csv
162860,Luleå-Kallax Flygplats,13,Rådande väder,"momentanvärde, 1 gång/tim resp 8 gånger/dygn",kod,1993-08-02T05:00:00Z,1993-08-02T07:00:00+02:00,744267600000,,61,61,Y,,corrected-archive-csv
162860,Luleå-Kallax Flygplats,13,Rådande väder,"momentanvärde, 1 gång/tim resp 8 gånger/dygn",kod,1993-08-02T06:00:00Z,1993-08-02T08:00:00+02:00,744271200000,,61,61,G,,corrected-archive-csv
162860,Luleå-Kallax Flygplats,13,Rådande väder,"momentanvärde, 1 gång/tim resp 8 gånger/dygn",kod,1993-08-02T07:00:00Z,1993-08-02T09:00:00+02:00,744274800000,,61,61,Y,,corrected-archive-csv
162860,Luleå-Kallax Flygplats,13,Rådande väder,"momentanvärde, 1 gång/tim resp 8 gånger/dygn",kod,1993-08-02T08:00:00Z,1993-08-02T10:00:00+02:00,744278400000,,61,61,Y,,corrected-archive-csv
162860,Luleå-Kallax Flygplats,13,Rådande väder,"momentanvärde, 1 gång/tim resp 8 gånger/dygn",kod,1993-08-02T09:00:00Z,1993-08-02T11:00:00+02:00,744282000000,,61,61,G,,corrected-archive-csv
162860,Luleå-Kallax Flygplats,13,Rådande väder,"momentanvärde, 1 gång/tim resp 8 gånger/dygn",kod,1993-08-02T10:00:00Z,1993-08-02T12:00:00+02:00,744285600000,,61,61,Y,,corrected-archive-csv
162860,Luleå-Kallax Flygplats,13,Rådande väder,"momentanvärde, 1 gång/tim resp 8 gånger/dygn",kod,1993-08-02T11:00:00Z,1993-08-02T13:00:00+02:00,744289200000,,61,61,Y,,corrected-archive-csv
162860,Luleå-Kallax Flygplats,13,Rådande väder,"momentanvärde, 1 gång/tim resp 8 gånger/dygn",kod,1993-08-02T12:00:00Z,1993-08-02T14:00:00+02:00,744292800000,,1,1,G,,corrected-archive-csv
162860,Luleå-Kallax Flygplats,13,Rådande väder,"momentanvärde, 1 gång/tim resp 8 gånger/dygn",kod,1993-08-02T15:00:00Z,1993-08-02T17:00:00+02:00,744303600000,,0,0,G,,corrected-archive-csv
162860,Luleå-Kallax Flygplats,13,Rådande väder,"momentanvärde, 1 gång/tim resp 8 gånger/dygn",kod,1993-08-02T18:00:00Z,1993-08-02T20:00:00+02:00,744314400000,,0,0,G,,corrected-archive-csv
162860,Luleå-Kallax Flygplats,13,Rådande väder,"momentanvärde, 1 gång/tim resp 8 gånger/dygn",kod,1993-08-02T21:00:00Z,1993-08-02T23:00:00+02:00,744325200000,,0,0,G,,corrected-archive-csv
162860,Luleå-Kallax Flygplats,13,Rådande väder,"momentanvärde, 1 gång/tim resp 8 gånger/dygn",kod,1993-08-03T00:00:00Z,1993-08-03T02:00:00+02:00,744336000000,,0,0,G,,corrected-archive-csv
162860,Luleå-Kallax Flygplats,13,Rådande väder,"momentanvärde, 1 gång/tim resp 8 gånger/dygn",kod,1993-08-03T02:00:00Z,1993-08-03T04:00:00+02:00,744343200000,,12,12,Y,,corrected-archive-csv
162860,Luleå-Kallax Flygplats,13,Rådande väder,"momentanvärde, 1 gång/tim resp 8 gånger/dygn",kod,1993-08-03T03:00:00Z,1993-08-03T05:00:00+02:00,744346800000,,0,0,G,,corrected-archive-csv
162860,Luleå-Kallax Flygplats,13,Rådande väder,"momentanvärde, 1 gång/tim resp 8 gånger/dygn",kod,1993-08-03T04:00:00Z,1993-08-03T06:00:00+02:00,744350400000,,3,3,Y,,corrected-archive-csv
162860,Luleå-Kallax Flygplats,13,Rådande väder,"momentanvärde, 1 gång/tim resp 8 gånger/dygn",kod,1993-08-03T05:00:00Z,1993-08-03T07:00:00+02:00,744354000000,,3,3,Y,,corrected-archive-csv
162860,Luleå-Kallax Flygplats,13,Rådande väder,"momentanvärde, 1 gång/tim resp 8 gånger/dygn",kod,1993-08-03T06:00:00Z,1993-08-03T08:00:00+02:00,744357600000,,0,0,G,,corrected-archive-csv
162860,Luleå-Kallax Flygplats,13,Rådande väder,"momentanvärde, 1 gång/tim resp 8 gånger/dygn",kod,1993-08-03T09:00:00Z,1993-08-03T11:00:00+02:00,744368400000,,0,0,G,,corrected-archive-csv
162860,Luleå-Kallax Flygplats,13,Rådande väder,"momentanvärde, 1 gång/tim resp 8 gånger/dygn",kod,1993-08-03T12:00:00Z,1993-08-03T14:00:00+02:00,744379200000,,0,0,G,,corrected-archive-csv
162860,Luleå-Kallax Flygplats,13,Rådande väder,"momentanvärde, 1 gång/tim resp 8 gånger/dygn",kod,1993-08-03T15:00:00Z,1993-08-03T17:00:00+02:00,744390000000,,0,0,G,,corrected-archive-csv
162860,Luleå-Kallax Flygplats,13,Rådande väder,"momentanvärde, 1 gång/tim resp 8 gånger/dygn",kod,1993-08-03T18:00:00Z,1993-08-03T20:00:00+02:00,744400800000,,0,0,G,,corrected-archive-csv
162860,Luleå-Kallax Flygplats,13,Rådande väder,"momentanvärde, 1 gång/tim resp 8 gånger/dygn",kod,1993-08-03T21:00:00Z,1993-08-03T23:00:00+02:00,744411600000,,0,0,G,,corrected-archive-csv
162860,Luleå-Kallax Flygplats,13,Rådande väder,"momentanvärde, 1 gång/tim resp 8 gånger/dygn",kod,1993-08-04T00:00:00Z,1993-08-04T02:00:00+02:00,744422400000,,0,0,G,,corrected-archive-csv
162860,Luleå-Kallax Flygplats,13,Rådande väder,"momentanvärde, 1 gång/tim resp 8 gånger/dygn",kod,1993-08-04T02:00:00Z,1993-08-04T04:00:00+02:00,744429600000,,12,12,Y,,corrected-archive-csv
162860,Luleå-Kallax Flygplats,13,Rådande väder,"momentanvärde, 1 gång/tim resp 8 gånger/dygn",kod,1993-08-04T03:00:00Z,1993-08-04T05:00:00+02:00,744433200000,,3,3,G,,corrected-archive-csv
162860,Luleå-Kallax Flygplats,13,Rådande väder,"momentanvärde, 1 gång/tim resp 8 gånger/dygn",kod,1993-08-04T04:00:00Z,1993-08-04T06:00:00+02:00,744436800000,,15,15,Y,,corrected-archive-csv
162860,Luleå-Kallax Flygplats,13,Rådande väder,"momentanvärde, 1 gång/tim resp 8 gånger/dygn",kod,1993-08-04T06:00:00Z,1993-08-04T08:00:00+02:00,744444000000,,0,0,G,,corrected-archive-csv
162860,Luleå-Kallax Flygplats,13,Rådande väder,"momentanvärde, 1 gång/tim resp 8 gånger/dygn",kod,1993-08-04T09:00:00Z,1993-08-04T11:00:00+02:00,744454800000,,14,14,G,,corrected-archive-csv
162860,Luleå-Kallax Flygplats,13,Rådande väder,"momentanvärde, 1 gång/tim resp 8 gånger/dygn",kod,1993-08-04T10:00:00Z,1993-08-04T12:00:00+02:00,744458400000,,63,63,Y,,corrected-archive-csv
162860,Luleå-Kallax Flygplats,13,Rådande väder,"momentanvärde, 1 gång/tim resp 8 gånger/dygn",kod,1993-08-04T11:00:00Z,1993-08-04T13:00:00+02:00,744462000000,,63,63,Y,,corrected-archive-csv
162860,Luleå-Kallax Flygplats,13,Rådande väder,"momentanvärde, 1 gång/tim resp 8 gånger/dygn",kod,1993-08-04T12:00:00Z,1993-08-04T14:00:00+02:00,744465600000,,63,63,G,,corrected-archive-csv
162860,Luleå-Kallax Flygplats,13,Rådande väder,"momentanvärde, 1 gång/tim resp 8 gånger/dygn",kod,1993-08-04T13:00:00Z,1993-08-04T15:00:00+02:00,744469200000,,1,1,Y,,corrected-archive-csv
162860,Luleå-Kallax Flygplats,13,Rådande väder,"momentanvärde, 1 gång/tim resp 8 gånger/dygn",kod,1993-08-04T14:00:00Z,1993-08-04T16:00:00+02:00,744472800000,,1,1,Y,,corrected-archive-csv
162860,Luleå-Kallax Flygplats,13,Rådande väder,"momentanvärde, 1 gång/tim resp 8 gånger/dygn",kod,1993-08-04T15:00:00Z,1993-08-04T17:00:00+02:00,744476400000,,14,14,G,,corrected-archive-csv
162860,Luleå-Kallax Flygplats,13,Rådande väder,"momentanvärde, 1 gång/tim resp 8 gånger/dygn",kod,1993-08-04T16:00:00Z,1993-08-04T18:00:00+02:00,744480000000,,14,14,Y,,corrected-archive-csv
162860,Luleå-Kallax Flygplats,13,Rådande väder,"momentanvärde, 1 gång/tim resp 8 gånger/dygn",kod,1993-08-04T17:00:00Z,1993-08-04T19:00:00+02:00,744483600000,,1,1,Y,,corrected-archive-csv
162860,Luleå-Kallax Flygplats,13,Rådande väder,"momentanvärde, 1 gång/tim resp 8 gånger/dygn",kod,1993-08-04T18:00:00Z,1993-08-04T20:00:00+02:00,744487200000,,1,1,G,,corrected-archive-csv
162860,Luleå-Kallax Flygplats,13,Rådande väder,"momentanvärde, 1 gång/tim resp 8 gånger/dygn",kod,1993-08-04T21:00:00Z,1993-08-04T23:00:00+02:00,744498000000,,0,0,G,,corrected-archive-csv
162860,Luleå-Kallax Flygplats,13,Rådande väder,"momentanvärde, 1 gång/tim resp 8 gånger/dygn",kod,1993-08-04T23:00:00Z,1993-08-05T01:00:00+02:00,744505200000,,63,63,Y,,corrected-archive-csv
162860,Luleå-Kallax Flygplats,13,Rådande väder,"momentanvärde, 1 gång/tim resp 8 gånger/dygn",kod,1993-08-05T00:00:00Z,1993-08-05T02:00:00+02:00,744508800000,,2,2,G,,corrected-archive-csv
162860,Luleå-Kallax Flygplats,13,Rådande väder,"momentanvärde, 1 gång/tim resp 8 gånger/dygn",kod,1993-08-05T03:00:00Z,1993-08-05T05:00:00+02:00,744519600000,,0,0,G,,corrected-archive-csv
162860,Luleå-Kallax Flygplats,13,Rådande väder,"momentanvärde, 1 gång/tim resp 8 gånger/dygn",kod,1993-08-05T06:00:00Z,1993-08-05T08:00:00+02:00,744530400000,,0,0,G,,corrected-archive-csv
162860,Luleå-Kallax Flygplats,13,Rådande väder,"momentanvärde, 1 gång/tim resp 8 gånger/dygn",kod,1993-08-05T09:00:00Z,1993-08-05T11:00:00+02:00,744541200000,,0,0,G,,corrected-archive-csv
162860,Luleå-Kallax Flygplats,13,Rådande väder,"momentanvärde, 1 gång/tim resp 8 gånger/dygn",kod,1993-08-05T11:00:00Z,1993-08-05T13:00:00+02:00,744548400000,,80,80,Y,,corrected-archive-csv
162860,Luleå-Kallax Flygplats,13,Rådande väder,"momentanvärde, 1 gång/tim resp 8 gånger/dygn",kod,1993-08-05T12:00:00Z,1993-08-05T14:00:00+02:00,744552000000,,2,2,G,,corrected-archive-csv
162860,Luleå-Kallax Flygplats,13,Rådande väder,"momentanvärde, 1 gång/tim resp 8 gånger/dygn",kod,1993-08-05T13:00:00Z,1993-08-05T15:00:00+02:00,744555600000,,2,2,Y,,corrected-archive-csv
162860,Luleå-Kallax Flygplats,13,Rådande väder,"momentanvärde, 1 gång/tim resp 8 gånger/dygn",kod,1993-08-05T14:00:00Z,1993-08-05T16:00:00+02:00,744559200000,,14,14,Y,,corrected-archive-csv
162860,Luleå-Kallax Flygplats,13,Rådande väder,"momentanvärde, 1 gång/tim resp 8 gånger/dygn",kod,1993-08-05T15:00:00Z,1993-08-05T17:00:00+02:00,744562800000,,60,60,G,,corrected-archive-csv
162860,Luleå-Kallax Flygplats,13,Rådande väder,"momentanvärde, 1 gång/tim resp 8 gånger/dygn",kod,1993-08-05T16:00:00Z,1993-08-05T18:00:00+02:00,744566400000,,15,15,Y,,corrected-archive-csv
162860,Luleå-Kallax Flygplats,13,Rådande väder,"momentanvärde, 1 gång/tim resp 8 gånger/dygn",kod,1993-08-05T17:00:00Z,1993-08-05T19:00:00+02:00,744570000000,,14,14,Y,,corrected-archive-csv
162860,Luleå-Kallax Flygplats,13,Rådande väder,"momentanvärde, 1 gång/tim resp 8 gånger/dygn",kod,1993-08-05T18:00:00Z,1993-08-05T20:00:00+02:00,744573600000,,14,14,G,,corrected-archive-csv
162860,Luleå-Kallax Flygplats,13,Rådande väder,"momentanvärde, 1 gång/tim resp 8 gånger/dygn",kod,1993-08-05T22:00:00Z,1993-08-06T00:00:00+02:00,744588000000,,20,20,Y,,corrected-archive-csv
162860,Luleå-Kallax Flygplats,13,Rådande väder,"momentanvärde, 1 gång/tim resp 8 gånger/dygn",kod,1993-08-05T23:00:00Z,1993-08-06T01:00:00+02:00,744591600000,,2,2,Y,,corrected-archive-csv
162860,Luleå-Kallax Flygplats,13,Rådande väder,"momentanvärde, 1 gång/tim resp 8 gånger/dygn",kod,1993-08-06T00:00:00Z,1993-08-06T02:00:00+02:00,744595200000,,0,0,G,,corrected-archive-csv
162860,Luleå-Kallax Flygplats,13,Rådande väder,"momentanvärde, 1 gång/tim resp 8 gånger/dygn",kod,1993-08-06T03:00:00Z,1993-08-06T05:00:00+02:00,744606000000,,60,60,G,,corrected-archive-csv
162860,Luleå-Kallax Flygplats,13,Rådande väder,"momentanvärde, 1 gång/tim resp 8 gånger/dygn",kod,1993-08-06T04:00:00Z,1993-08-06T06:00:00+02:00,744609600000,,2,2,Y,,corrected-archive-csv
162860,Luleå-Kallax Flygplats,13,Rådande väder,"momentanvärde, 1 gång/tim resp 8 gånger/dygn",kod,1993-08-06T05:00:00Z,1993-08-06T07:00:00+02:00,744613200000,,2,2,Y,,corrected-archive-csv
162860,Luleå-Kallax Flygplats,13,Rådande väder,"momentanvärde, 1 gång/tim resp 8 gånger/dygn",kod,1993-08-06T06:00:00Z,1993-08-06T08:00:00+02:00,744616800000,,0,0,G,,corrected-archive-csv
162860,Luleå-Kallax Flygplats,13,Rådande väder,"momentanvärde, 1 gång/tim resp 8 gånger/dygn",kod,1993-08-06T09:00:00Z,1993-08-06T11:00:00+02:00,744627600000,,0,0,G,,corrected-archive-csv
162860,Luleå-Kallax Flygplats,13,Rådande väder,"momentanvärde, 1 gång/tim resp 8 gånger/dygn",kod,1993-08-06T13:00:00Z,1993-08-06T15:00:00+02:00,744642000000,,15,15,Y,,corrected-archive-csv
162860,Luleå-Kallax Flygplats,13,Rådande väder,"momentanvärde, 1 gång/tim resp 8 gånger/dygn",kod,1993-08-06T14:00:00Z,1993-08-06T16:00:00+02:00,744645600000,,15,15,Y,,corrected-archive-csv
162860,Luleå-Kallax Flygplats,13,Rådande väder,"momentanvärde, 1 gång/tim resp 8 gånger/dygn",kod,1993-08-06T15:00:00Z,1993-08-06T17:00:00+02:00,744649200000,,16,16,G,,corrected-archive-csv
162860,Luleå-Kallax Flygplats,13,Rådande väder,"momentanvärde, 1 gång/tim resp 8 gånger/dygn",kod,1993-08-06T18:00:00Z,1993-08-06T20:00:00+02:00,744660000000,,0,0,G,,corrected-archive-csv
162860,Luleå-Kallax Flygplats,13,Rådande väder,"momentanvärde, 1 gång/tim resp 8 gånger/dygn",kod,1993-08-06T21:00:00Z,1993-08-06T23:00:00+02:00,744670800000,,0,0,G,,corrected-archive-csv
162860,Luleå-Kallax Flygplats,13,Rådande väder,"momentanvärde, 1 gång/tim resp 8 gånger/dygn",kod,1993-08-07T00:00:00Z,1993-08-07T02:00:00+02:00,744681600000,,0,0,G,,corrected-archive-csv
162860,Luleå-Kallax Flygplats,13,Rådande väder,"momentanvärde, 1 gång/tim resp 8 gånger/dygn",kod,1993-08-07T03:00:00Z,1993-08-07T05:00:00+02:00,744692400000,,0,0,G,,corrected-archive-csv
162860,Luleå-Kallax Flygplats,13,Rådande väder,"momentanvärde, 1 gång/tim resp 8 gånger/dygn",kod,1993-08-07T06:00:00Z,1993-08-07T08:00:00+02:00,744703200000,,0,0,G,,corrected-archive-csv
162860,Luleå-Kallax Flygplats,13,Rådande väder,"momentanvärde, 1 gång/tim resp 8 gånger/dygn",kod,1993-08-07T09:00:00Z,1993-08-07T11:00:00+02:00,744714000000,,0,0,G,,corrected-archive-csv
162860,Luleå-Kallax Flygplats,13,Rådande väder,"momentanvärde, 1 gång/tim resp 8 gånger/dygn",kod,1993-08-07T12:00:00Z,1993-08-07T14:00:00+02:00,744724800000,,0,0,G,,corrected-archive-csv
162860,Luleå-Kallax Flygplats,13,Rådande väder,"momentanvärde, 1 gång/tim resp 8 gånger/dygn",kod,1993-08-07T15:00:00Z,1993-08-07T17:00:00+02:00,744735600000,,0,0,G,,corrected-archive-csv
162860,Luleå-Kallax Flygplats,13,Rådande väder,"momentanvärde, 1 gång/tim resp 8 gånger/dygn",kod,1993-08-07T18:00:00Z,1993-08-07T20:00:00+02:00,744746400000,,0,0,G,,corrected-archive-csv
162860,Luleå-Kallax Flygplats,13,Rådande väder,"momentanvärde, 1 gång/tim resp 8 gånger/dygn",kod,1993-08-07T21:00:00Z,1993-08-07T23:00:00+02:00,744757200000,,0,0,G,,corrected-archive-csv
162860,Luleå-Kallax Flygplats,13,Rådande väder,"momentanvärde, 1 gång/tim resp 8 gånger/dygn",kod,1993-08-08T00:00:00Z,1993-08-08T02:00:00+02:00,744768000000,,0,0,G,,corrected-archive-csv
162860,Luleå-Kallax Flygplats,13,Rådande väder,"momentanvärde, 1 gång/tim resp 8 gånger/dygn",kod,1993-08-08T03:00:00Z,1993-08-08T05:00:00+02:00,744778800000,,0,0,G,,corrected-archive-csv
162860,Luleå-Kallax Flygplats,13,Rådande väder,"momentanvärde, 1 gång/tim resp 8 gånger/dygn",kod,1993-08-08T06:00:00Z,1993-08-08T08:00:00+02:00,744789600000,,0,0,G,,corrected-archive-csv
162860,Luleå-Kallax Flygplats,13,Rådande väder,"momentanvärde, 1 gång/tim resp 8 gånger/dygn",kod,1993-08-08T09:00:00Z,1993-08-08T11:00:00+02:00,744800400000,,0,0,G,,corrected-archive-csv
162860,Luleå-Kallax Flygplats,13,Rådande väder,"momentanvärde, 1 gång/tim resp 8 gånger/dygn",kod,1993-08-08T12:00:00Z,1993-08-08T14:00:00+02:00,744811200000,,0,0,G,,corrected-archive-csv
162860,Luleå-Kallax Flygplats,13,Rådande väder,"momentanvärde, 1 gång/tim resp 8 gånger/dygn",kod,1993-08-08T15:00:00Z,1993-08-08T17:00:00+02:00,744822000000,,0,0,G,,corrected-archive-csv
162860,Luleå-Kallax Flygplats,13,Rådande väder,"momentanvärde, 1 gång/tim resp 8 gånger/dygn",kod,1993-08-08T18:00:00Z,1993-08-08T20:00:00+02:00,744832800000,,0,0,G,,corrected-archive-csv
162860,Luleå-Kallax Flygplats,13,Rådande väder,"momentanvärde, 1 gång/tim resp 8 gånger/dygn",kod,1993-08-08T21:00:00Z,1993-08-08T23:00:00+02:00,744843600000,,0,0,G,,corrected-archive-csv
162860,Luleå-Kallax Flygplats,13,Rådande väder,"momentanvärde, 1 gång/tim resp 8 gånger/dygn",kod,1993-08-09T00:00:00Z,1993-08-09T02:00:00+02:00,744854400000,,0,0,G,,corrected-archive-csv
162860,Luleå-Kallax Flygplats,13,Rådande väder,"momentanvärde, 1 gång/tim resp 8 gånger/dygn",kod,1993-08-09T03:00:00Z,1993-08-09T05:00:00+02:00,744865200000,,0,0,G,,corrected-archive-csv
162860,Luleå-Kallax Flygplats,13,Rådande väder,"momentanvärde, 1 gång/tim resp 8 gånger/dygn",kod,1993-08-09T06:00:00Z,1993-08-09T08:00:00+02:00,744876000000,,0,0,G,,corrected-archive-csv
162860,Luleå-Kallax Flygplats,13,Rådande väder,"momentanvärde, 1 gång/tim resp 8 gånger/dygn",kod,1993-08-09T09:00:00Z,1993-08-09T11:00:00+02:00,744886800000,,0,0,G,,corrected-archive-csv
162860,Luleå-Kallax Flygplats,13,Rådande väder,"momentanvärde, 1 gång/tim resp 8 gånger/dygn",kod,1993-08-09T12:00:00Z,1993-08-09T14:00:00+02:00,744897600000,,0,0,G,,corrected-archive-csv
162860,Luleå-Kallax Flygplats,13,Rådande väder,"momentanvärde, 1 gång/tim resp 8 gånger/dygn",kod,1993-08-09T15:00:00Z,1993-08-09T17:00:00+02:00,744908400000,,0,0,G,,corrected-archive-csv
162860,Luleå-Kallax Flygplats,13,Rådande väder,"momentanvärde, 1 gång/tim resp 8 gånger/dygn",kod,1993-08-09T18:00:00Z,1993-08-09T20:00:00+02:00,744919200000,,0,0,G,,corrected-archive-csv
162860,Luleå-Kallax Flygplats,13,Rådande väder,"momentanvärde, 1 gång/tim resp 8 gånger/dygn",kod,1993-08-09T21:00:00Z,1993-08-09T23:00:00+02:00,744930000000,,0,0,G,,corrected-archive-csv
162860,Luleå-Kallax Flygplats,13,Rådande väder,"momentanvärde, 1 gång/tim resp 8 gånger/dygn",kod,1993-08-10T00:00:00Z,1993-08-10T02:00:00+02:00,744940800000,,0,0,G,,corrected-archive-csv
162860,Luleå-Kallax Flygplats,13,Rådande väder,"momentanvärde, 1 gång/tim resp 8 gånger/dygn",kod,1993-08-10T03:00:00Z,1993-08-10T05:00:00+02:00,744951600000,,0,0,G,,corrected-archive-csv
162860,Luleå-Kallax Flygplats,13,Rådande väder,"momentanvärde, 1 gång/tim resp 8 gånger/dygn",kod,1993-08-10T06:00:00Z,1993-08-10T08:00:00+02:00,744962400000,,20,20,G,,corrected-archive-csv
162860,Luleå-Kallax Flygplats,13,Rådande väder,"momentanvärde, 1 gång/tim resp 8 gånger/dygn",kod,1993-08-10T09:00:00Z,1993-08-10T11:00:00+02:00,744973200000,,0,0,G,,corrected-archive-csv
162860,Luleå-Kallax Flygplats,13,Rådande väder,"momentanvärde, 1 gång/tim resp 8 gånger/dygn",kod,1993-08-10T11:00:00Z,1993-08-10T13:00:00+02:00,744980400000,,61,61,Y,,corrected-archive-csv
162860,Luleå-Kallax Flygplats,13,Rådande väder,"momentanvärde, 1 gång/tim resp 8 gånger/dygn",kod,1993-08-10T12:00:00Z,1993-08-10T14:00:00+02:00,744984000000,,2,2,G,,corrected-archive-csv
162860,Luleå-Kallax Flygplats,13,Rådande väder,"momentanvärde, 1 gång/tim resp 8 gånger/dygn",kod,1993-08-10T14:00:00Z,1993-08-10T16:00:00+02:00,744991200000,,81,81,Y,,corrected-archive-csv
162860,Luleå-Kallax Flygplats,13,Rådande väder,"momentanvärde, 1 gång/tim resp 8 gånger/dygn",kod,1993-08-10T15:00:00Z,1993-08-10T17:00:00+02:00,744994800000,,63,63,G,,corrected-archive-csv
162860,Luleå-Kallax Flygplats,13,Rådande väder,"momentanvärde, 1 gång/tim resp 8 gånger/dygn",kod,1993-08-10T16:00:00Z,1993-08-10T18:00:00+02:00,744998400000,,63,63,Y,,corrected-archive-csv
162860,Luleå-Kallax Flygplats,13,Rådande väder,"momentanvärde, 1 gång/tim resp 8 gånger/dygn",kod,1993-08-10T17:00:00Z,1993-08-10T19:00:00+02:00,745002000000,,63,63,Y,,corrected-archive-csv
162860,Luleå-Kallax Flygplats,13,Rådande väder,"momentanvärde, 1 gång/tim resp 8 gånger/dygn",kod,1993-08-10T18:00:00Z,1993-08-10T20:00:00+02:00,745005600000,,63,63,G,,corrected-archive-csv
162860,Luleå-Kallax Flygplats,13,Rådande väder,"momentanvärde, 1 gång/tim resp 8 gånger/dygn",kod,1993-08-10T19:00:00Z,1993-08-10T21:00:00+02:00,745009200000,,63,63,Y,,corrected-archive-csv
162860,Luleå-Kallax Flygplats,13,Rådande väder,"momentanvärde, 1 gång/tim resp 8 gånger/dygn",kod,1993-08-10T20:00:00Z,1993-08-10T22:00:00+02:00,745012800000,,60,60,Y,,corrected-archive-csv
162860,Luleå-Kallax Flygplats,13,Rådande väder,"momentanvärde, 1 gång/tim resp 8 gånger/dygn",kod,1993-08-10T21:00:00Z,1993-08-10T23:00:00+02:00,745016400000,,20,20,G,,corrected-archive-csv
162860,Luleå-Kallax Flygplats,13,Rådande väder,"momentanvärde, 1 gång/tim resp 8 gånger/dygn",kod,1993-08-10T22:00:00Z,1993-08-11T00:00:00+02:00,745020000000,,2,2,Y,,corrected-archive-csv
162860,Luleå-Kallax Flygplats,13,Rådande väder,"momentanvärde, 1 gång/tim resp 8 gånger/dygn",kod,1993-08-10T23:00:00Z,1993-08-11T01:00:00+02:00,745023600000,,2,2,Y,,corrected-archive-csv
162860,Luleå-Kallax Flygplats,13,Rådande väder,"momentanvärde, 1 gång/tim resp 8 gånger/dygn",kod,1993-08-11T00:00:00Z,1993-08-11T02:00:00+02:00,745027200000,,0,0,G,,corrected-archive-csv
162860,Luleå-Kallax Flygplats,13,Rådande väder,"momentanvärde, 1 gång/tim resp 8 gånger/dygn",kod,1993-08-11T03:00:00Z,1993-08-11T05:00:00+02:00,745038000000,,50,50,G,,corrected-archive-csv
162860,Luleå-Kallax Flygplats,13,Rådande väder,"momentanvärde, 1 gång/tim resp 8 gånger/dygn",kod,1993-08-11T04:00:00Z,1993-08-11T06:00:00+02:00,745041600000,,62,62,Y,,corrected-archive-csv
162860,Luleå-Kallax Flygplats,13,Rådande väder,"momentanvärde, 1 gång/tim resp 8 gånger/dygn",kod,1993-08-11T05:00:00Z,1993-08-11T07:00:00+02:00,745045200000,,63,63,Y,,corrected-archive-csv
162860,Luleå-Kallax Flygplats,13,Rådande väder,"momentanvärde, 1 gång/tim resp 8 gånger/dygn",kod,1993-08-11T06:00:00Z,1993-08-11T08:00:00+02:00,745048800000,,20,20,G,,corrected-archive-csv
162860,Luleå-Kallax Flygplats,13,Rådande väder,"momentanvärde, 1 gång/tim resp 8 gånger/dygn",kod,1993-08-11T09:00:00Z,1993-08-11T11:00:00+02:00,745059600000,,61,61,G,,corrected-archive-csv
162860,Luleå-Kallax Flygplats,13,Rådande väder,"momentanvärde, 1 gång/tim resp 8 gånger/dygn",kod,1993-08-11T10:00:00Z,1993-08-11T12:00:00+02:00,745063200000,,63,63,Y,,corrected-archive-csv
162860,Luleå-Kallax Flygplats,13,Rådande väder,"momentanvärde, 1 gång/tim resp 8 gånger/dygn",kod,1993-08-11T11:00:00Z,1993-08-11T13:00:00+02:00,745066800000,,63,63,Y,,corrected-archive-csv
162860,Luleå-Kallax Flygplats,13,Rådande väder,"momentanvärde, 1 gång/tim resp 8 gånger/dygn",kod,1993-08-11T12:00:00Z,1993-08-11T14:00:00+02:00,745070400000,,65,65,G,,corrected-archive-csv
162860,Luleå-Kallax Flygplats,13,Rådande väder,"momentanvärde, 1 gång/tim resp 8 gånger/dygn",kod,1993-08-11T13:00:00Z,1993-08-11T15:00:00+02:00,745074000000,,61,61,Y,,corrected-archive-csv
162860,Luleå-Kallax Flygplats,13,Rådande väder,"momentanvärde, 1 gång/tim resp 8 gånger/dygn",kod,1993-08-11T14:00:00Z,1993-08-11T16:00:00+02:00,745077600000,,21,21,Y,,corrected-archive-csv
162860,Luleå-Kallax Flygplats,13,Rådande väder,"momentanvärde, 1 gång/tim resp 8 gånger/dygn",kod,1993-08-11T15:00:00Z,1993-08-11T17:00:00+02:00,745081200000,,10,10,G,,corrected-archive-csv
162860,Luleå-Kallax Flygplats,13,Rådande väder,"momentanvärde, 1 gång/tim resp 8 gånger/dygn",kod,1993-08-11T16:00:00Z,1993-08-11T18:00:00+02:00,745084800000,,61,61,Y,,corrected-archive-csv
162860,Luleå-Kallax Flygplats,13,Rådande väder,"momentanvärde, 1 gång/tim resp 8 gånger/dygn",kod,1993-08-11T17:00:00Z,1993-08-11T19:00:00+02:00,745088400000,,63,63,Y,,corrected-archive-csv
162860,Luleå-Kallax Flygplats,13,Rådande väder,"momentanvärde, 1 gång/tim resp 8 gånger/dygn",kod,1993-08-11T18:00:00Z,1993-08-11T20:00:00+02:00,745092000000,,63,63,G,,corrected-archive-csv
162860,Luleå-Kallax Flygplats,13,Rådande väder,"momentanvärde, 1 gång/tim resp 8 gånger/dygn",kod,1993-08-11T19:00:00Z,1993-08-11T21:00:00+02:00,745095600000,,63,63,Y,,corrected-archive-csv
162860,Luleå-Kallax Flygplats,13,Rådande väder,"momentanvärde, 1 gång/tim resp 8 gånger/dygn",kod,1993-08-11T20:00:00Z,1993-08-11T22:00:00+02:00,745099200000,,63,63,Y,,corrected-archive-csv
162860,Luleå-Kallax Flygplats,13,Rådande väder,"momentanvärde, 1 gång/tim resp 8 gånger/dygn",kod,1993-08-11T21:00:00Z,1993-08-11T23:00:00+02:00,745102800000,,21,21,G,,corrected-archive-csv
162860,Luleå-Kallax Flygplats,13,Rådande väder,"momentanvärde, 1 gång/tim resp 8 gånger/dygn",kod,1993-08-11T22:00:00Z,1993-08-12T00:00:00+02:00,745106400000,,51,51,Y,,corrected-archive-csv
162860,Luleå-Kallax Flygplats,13,Rådande väder,"momentanvärde, 1 gång/tim resp 8 gånger/dygn",kod,1993-08-11T23:00:00Z,1993-08-12T01:00:00+02:00,745110000000,,51,51,Y,,corrected-archive-csv
162860,Luleå-Kallax Flygplats,13,Rådande väder,"momentanvärde, 1 gång/tim resp 8 gånger/dygn",kod,1993-08-12T00:00:00Z,1993-08-12T02:00:00+02:00,745113600000,,60,60,G,,corrected-archive-csv
162860,Luleå-Kallax Flygplats,13,Rådande väder,"momentanvärde, 1 gång/tim resp 8 gånger/dygn",kod,1993-08-12T01:00:00Z,1993-08-12T03:00:00+02:00,745117200000,,61,61,Y,,corrected-archive-csv
162860,Luleå-Kallax Flygplats,13,Rådande väder,"momentanvärde, 1 gång/tim resp 8 gånger/dygn",kod,1993-08-12T02:00:00Z,1993-08-12T04:00:00+02:00,745120800000,,21,21,Y,,corrected-archive-csv
162860,Luleå-Kallax Flygplats,13,Rådande väder,"momentanvärde, 1 gång/tim resp 8 gånger/dygn",kod,1993-08-12T03:00:00Z,1993-08-12T05:00:00+02:00,745124400000,,2,2,G,,corrected-archive-csv
162860,Luleå-Kallax Flygplats,13,Rådande väder,"momentanvärde, 1 gång/tim resp 8 gånger/dygn",kod,1993-08-12T04:00:00Z,1993-08-12T06:00:00+02:00,745128000000,,2,2,Y,,corrected-archive-csv
162860,Luleå-Kallax Flygplats,13,Rådande väder,"momentanvärde, 1 gång/tim resp 8 gånger/dygn",kod,1993-08-12T05:00:00Z,1993-08-12T07:00:00+02:00,745131600000,,2,2,Y,,corrected-archive-csv
162860,Luleå-Kallax Flygplats,13,Rådande väder,"momentanvärde, 1 gång/tim resp 8 gånger/dygn",kod,1993-08-12T06:00:00Z,1993-08-12T08:00:00+02:00,745135200000,,3,3,G,,corrected-archive-csv
162860,Luleå-Kallax Flygplats,13,Rådande väder,"momentanvärde, 1 gång/tim resp 8 gånger/dygn",kod,1993-08-12T07:00:00Z,1993-08-12T09:00:00+02:00,745138800000,,15,15,Y,,corrected-archive-csv
162860,Luleå-Kallax Flygplats,13,Rådande väder,"momentanvärde, 1 gång/tim resp 8 gånger/dygn",kod,1993-08-12T09:00:00Z,1993-08-12T11:00:00+02:00,745146000000,,0,0,G,,corrected-archive-csv
162860,Luleå-Kallax Flygplats,13,Rådande väder,"momentanvärde, 1 gång/tim resp 8 gånger/dygn",kod,1993-08-12T12:00:00Z,1993-08-12T14:00:00+02:00,745156800000,,0,0,G,,corrected-archive-csv
162860,Luleå-Kallax Flygplats,13,Rådande väder,"momentanvärde, 1 gång/tim resp 8 gånger/dygn",kod,1993-08-12T18:00:00Z,1993-08-12T20:00:00+02:00,745178400000,,0,0,G,,corrected-archive-csv
162860,Luleå-Kallax Flygplats,13,Rådande väder,"momentanvärde, 1 gång/tim resp 8 gånger/dygn",kod,1993-08-12T21:00:00Z,1993-08-12T23:00:00+02:00,745189200000,,0,0,G,,corrected-archive-csv
162860,Luleå-Kallax Flygplats,13,Rådande väder,"momentanvärde, 1 gång/tim resp 8 gånger/dygn",kod,1993-08-13T00:00:00Z,1993-08-13T02:00:00+02:00,745200000000,,0,0,G,,corrected-archive-csv
162860,Luleå-Kallax Flygplats,13,Rådande väder,"momentanvärde, 1 gång/tim resp 8 gånger/dygn",kod,1993-08-13T03:00:00Z,1993-08-13T05:00:00+02:00,745210800000,,0,0,G,,corrected-archive-csv
162860,Luleå-Kallax Flygplats,13,Rådande väder,"momentanvärde, 1 gång/tim resp 8 gånger/dygn",kod,1993-08-13T06:00:00Z,1993-08-13T08:00:00+02:00,745221600000,,0,0,G,,corrected-archive-csv
162860,Luleå-Kallax Flygplats,13,Rådande väder,"momentanvärde, 1 gång/tim resp 8 gånger/dygn",kod,1993-08-13T07:00:00Z,1993-08-13T09:00:00+02:00,745225200000,,21,21,Y,,corrected-archive-csv
162860,Luleå-Kallax Flygplats,13,Rådande väder,"momentanvärde, 1 gång/tim resp 8 gånger/dygn",kod,1993-08-13T08:00:00Z,1993-08-13T10:00:00+02:00,745228800000,,81,81,Y,,corrected-archive-csv
162860,Luleå-Kallax Flygplats,13,Rådande väder,"momentanvärde, 1 gång/tim resp 8 gånger/dygn",kod,1993-08-13T09:00:00Z,1993-08-13T11:00:00+02:00,745232400000,,25,25,G,,corrected-archive-csv
162860,Luleå-Kallax Flygplats,13,Rådande väder,"momentanvärde, 1 gång/tim resp 8 gånger/dygn",kod,1993-08-13T10:00:00Z,1993-08-13T12:00:00+02:00,745236000000,,2,2,Y,,corrected-archive-csv
162860,Luleå-Kallax Flygplats,13,Rådande väder,"momentanvärde, 1 gång/tim resp 8 gånger/dygn",kod,1993-08-13T11:00:00Z,1993-08-13T13:00:00+02:00,745239600000,,2,2,Y,,corrected-archive-csv
162860,Luleå-Kallax Flygplats,13,Rådande väder,"momentanvärde, 1 gång/tim resp 8 gånger/dygn",kod,1993-08-13T12:00:00Z,1993-08-13T14:00:00+02:00,745243200000,,2,2,G,,corrected-archive-csv
162860,Luleå-Kallax Flygplats,13,Rådande väder,"momentanvärde, 1 gång/tim resp 8 gånger/dygn",kod,1993-08-13T14:00:00Z,1993-08-13T16:00:00+02:00,745250400000,,63,63,Y,,corrected-archive-csv
162860,Luleå-Kallax Flygplats,13,Rådande väder,"momentanvärde, 1 gång/tim resp 8 gånger/dygn",kod,1993-08-13T15:00:00Z,1993-08-13T17:00:00+02:00,745254000000,,63,63,G,,corrected-archive-csv
162860,Luleå-Kallax Flygplats,13,Rådande väder,"momentanvärde, 1 gång/tim resp 8 gånger/dygn",kod,1993-08-13T16:00:00Z,1993-08-13T18:00:00+02:00,745257600000,,63,63,Y,,corrected-archive-csv
162860,Luleå-Kallax Flygplats,13,Rådande väder,"momentanvärde, 1 gång/tim resp 8 gånger/dygn",kod,1993-08-13T17:00:00Z,1993-08-13T19:00:00+02:00,745261200000,,63,63,Y,,corrected-archive-csv
162860,Luleå-Kallax Flygplats,13,Rådande väder,"momentanvärde, 1 gång/tim resp 8 gånger/dygn",kod,1993-08-13T18:00:00Z,1993-08-13T20:00:00+02:00,745264800000,,63,63,G,,corrected-archive-csv
162860,Luleå-Kallax Flygplats,13,Rådande väder,"momentanvärde, 1 gång/tim resp 8 gånger/dygn",kod,1993-08-13T19:00:00Z,1993-08-13T21:00:00+02:00,745268400000,,63,63,Y,,corrected-archive-csv
162860,Luleå-Kallax Flygplats,13,Rådande väder,"momentanvärde, 1 gång/tim resp 8 gånger/dygn",kod,1993-08-13T20:00:00Z,1993-08-13T22:00:00+02:00,745272000000,,61,61,Y,,corrected-archive-csv
162860,Luleå-Kallax Flygplats,13,Rådande väder,"momentanvärde, 1 gång/tim resp 8 gånger/dygn",kod,1993-08-13T21:00:00Z,1993-08-13T23:00:00+02:00,745275600000,,63,63,G,,corrected-archive-csv
162860,Luleå-Kallax Flygplats,13,Rådande väder,"momentanvärde, 1 gång/tim resp 8 gånger/dygn",kod,1993-08-13T22:00:00Z,1993-08-14T00:00:00+02:00,745279200000,,63,63,Y,,corrected-archive-csv
162860,Luleå-Kallax Flygplats,13,Rådande väder,"momentanvärde, 1 gång/tim resp 8 gånger/dygn",kod,1993-08-13T23:00:00Z,1993-08-14T01:00:00+02:00,745282800000,,61,61,Y,,corrected-archive-csv
162860,Luleå-Kallax Flygplats,13,Rådande väder,"momentanvärde, 1 gång/tim resp 8 gånger/dygn",kod,1993-08-14T00:00:00Z,1993-08-14T02:00:00+02:00,745286400000,,1,1,G,,corrected-archive-csv
162860,Luleå-Kallax Flygplats,13,Rådande väder,"momentanvärde, 1 gång/tim resp 8 gånger/dygn",kod,1993-08-14T03:00:00Z,1993-08-14T05:00:00+02:00,745297200000,,0,0,G,,corrected-archive-csv
162860,Luleå-Kallax Flygplats,13,Rådande väder,"momentanvärde, 1 gång/tim resp 8 gånger/dygn",kod,1993-08-14T06:00:00Z,1993-08-14T08:00:00+02:00,745308000000,,0,0,G,,corrected-archive-csv
162860,Luleå-Kallax Flygplats,13,Rådande väder,"momentanvärde, 1 gång/tim resp 8 gånger/dygn",kod,1993-08-14T09:00:00Z,1993-08-14T11:00:00+02:00,745318800000,,0,0,G,,corrected-archive-csv
162860,Luleå-Kallax Flygplats,13,Rådande väder,"momentanvärde, 1 gång/tim resp 8 gånger/dygn",kod,1993-08-14T12:00:00Z,1993-08-14T14:00:00+02:00,745329600000,,0,0,G,,corrected-archive-csv
162860,Luleå-Kallax Flygplats,13,Rådande väder,"momentanvärde, 1 gång/tim resp 8 gånger/dygn",kod,1993-08-14T15:00:00Z,1993-08-14T17:00:00+02:00,745340400000,,0,0,G,,corrected-archive-csv
162860,Luleå-Kallax Flygplats,13,Rådande väder,"momentanvärde, 1 gång/tim resp 8 gånger/dygn",kod,1993-08-14T18:00:00Z,1993-08-14T20:00:00+02:00,745351200000,,0,0,G,,corrected-archive-csv
162860,Luleå-Kallax Flygplats,13,Rådande väder,"momentanvärde, 1 gång/tim resp 8 gånger/dygn",kod,1993-08-14T21:00:00Z,1993-08-14T23:00:00+02:00,745362000000,,0,0,G,,corrected-archive-csv
162860,Luleå-Kallax Flygplats,13,Rådande väder,"momentanvärde, 1 gång/tim resp 8 gånger/dygn",kod,1993-08-15T00:00:00Z,1993-08-15T02:00:00+02:00,745372800000,,0,0,G,,corrected-archive-csv
162860,Luleå-Kallax Flygplats,13,Rådande väder,"momentanvärde, 1 gång/tim resp 8 gånger/dygn",kod,1993-08-15T03:00:00Z,1993-08-15T05:00:00+02:00,745383600000,,0,0,G,,corrected-archive-csv
162860,Luleå-Kallax Flygplats,13,Rådande väder,"momentanvärde, 1 gång/tim resp 8 gånger/dygn",kod,1993-08-15T06:00:00Z,1993-08-15T08:00:00+02:00,745394400000,,0,0,G,,corrected-archive-csv
162860,Luleå-Kallax Flygplats,13,Rådande väder,"momentanvärde, 1 gång/tim resp 8 gånger/dygn",kod,1993-08-15T09:00:00Z,1993-08-15T11:00:00+02:00,745405200000,,0,0,G,,corrected-archive-csv
162860,Luleå-Kallax Flygplats,13,Rådande väder,"momentanvärde, 1 gång/tim resp 8 gånger/dygn",kod,1993-08-15T12:00:00Z,1993-08-15T14:00:00+02:00,745416000000,,15,15,G,,corrected-archive-csv
162860,Luleå-Kallax Flygplats,13,Rådande väder,"momentanvärde, 1 gång/tim resp 8 gånger/dygn",kod,1993-08-15T13:00:00Z,1993-08-15T15:00:00+02:00,745419600000,,15,15,Y,,corrected-archive-csv
162860,Luleå-Kallax Flygplats,13,Rådande väder,"momentanvärde, 1 gång/tim resp 8 gånger/dygn",kod,1993-08-15T14:00:00Z,1993-08-15T16:00:00+02:00,745423200000,,15,15,Y,,corrected-archive-csv
162860,Luleå-Kallax Flygplats,13,Rådande väder,"momentanvärde, 1 gång/tim resp 8 gånger/dygn",kod,1993-08-15T15:00:00Z,1993-08-15T17:00:00+02:00,745426800000,,15,15,G,,corrected-archive-csv
162860,Luleå-Kallax Flygplats,13,Rådande väder,"momentanvärde, 1 gång/tim resp 8 gånger/dygn",kod,1993-08-15T18:00:00Z,1993-08-15T20:00:00+02:00,745437600000,,0,0,G,,corrected-archive-csv
162860,Luleå-Kallax Flygplats,13,Rådande väder,"momentanvärde, 1 gång/tim resp 8 gånger/dygn",kod,1993-08-15T21:00:00Z,1993-08-15T23:00:00+02:00,745448400000,,0,0,G,,corrected-archive-csv
162860,Luleå-Kallax Flygplats,13,Rådande väder,"momentanvärde, 1 gång/tim resp 8 gånger/dygn",kod,1993-08-16T00:00:00Z,1993-08-16T02:00:00+02:00,745459200000,,0,0,G,,corrected-archive-csv
162860,Luleå-Kallax Flygplats,13,Rådande väder,"momentanvärde, 1 gång/tim resp 8 gånger/dygn",kod,1993-08-16T03:00:00Z,1993-08-16T05:00:00+02:00,745470000000,,40,40,G,,corrected-archive-csv
162860,Luleå-Kallax Flygplats,13,Rådande väder,"momentanvärde, 1 gång/tim resp 8 gånger/dygn",kod,1993-08-16T06:00:00Z,1993-08-16T08:00:00+02:00,745480800000,,0,0,G,,corrected-archive-csv
162860,Luleå-Kallax Flygplats,13,Rådande väder,"momentanvärde, 1 gång/tim resp 8 gånger/dygn",kod,1993-08-16T09:00:00Z,1993-08-16T11:00:00+02:00,745491600000,,0,0,G,,corrected-archive-csv
162860,Luleå-Kallax Flygplats,13,Rådande väder,"momentanvärde, 1 gång/tim resp 8 gånger/dygn",kod,1993-08-16T15:00:00Z,1993-08-16T17:00:00+02:00,745513200000,,0,0,G,,corrected-archive-csv
162860,Luleå-Kallax Flygplats,13,Rådande väder,"momentanvärde, 1 gång/tim resp 8 gånger/dygn",kod,1993-08-16T17:00:00Z,1993-08-16T19:00:00+02:00,745520400000,,15,15,Y,,corrected-archive-csv
162860,Luleå-Kallax Flygplats,13,Rådande väder,"momentanvärde, 1 gång/tim resp 8 gånger/dygn",kod,1993-08-16T18:00:00Z,1993-08-16T20:00:00+02:00,745524000000,,15,15,G,,corrected-archive-csv
162860,Luleå-Kallax Flygplats,13,Rådande väder,"momentanvärde, 1 gång/tim resp 8 gånger/dygn",kod,1993-08-16T19:00:00Z,1993-08-16T21:00:00+02:00,745527600000,,61,61,Y,,corrected-archive-csv
162860,Luleå-Kallax Flygplats,13,Rådande väder,"momentanvärde, 1 gång/tim resp 8 gånger/dygn",kod,1993-08-16T20:00:00Z,1993-08-16T22:00:00+02:00,745531200000,,63,63,Y,,corrected-archive-csv
162860,Luleå-Kallax Flygplats,13,Rådande väder,"momentanvärde, 1 gång/tim resp 8 gånger/dygn",kod,1993-08-16T21:00:00Z,1993-08-16T23:00:00+02:00,745534800000,,61,61,G,,corrected-archive-csv
162860,Luleå-Kallax Flygplats,13,Rådande väder,"momentanvärde, 1 gång/tim resp 8 gånger/dygn",kod,1993-08-16T22:00:00Z,1993-08-17T00:00:00+02:00,745538400000,,61,61,Y,,corrected-archive-csv
162860,Luleå-Kallax Flygplats,13,Rådande väder,"momentanvärde, 1 gång/tim resp 8 gånger/dygn",kod,1993-08-16T23:00:00Z,1993-08-17T01:00:00+02:00,745542000000,,61,61,Y,,corrected-archive-csv
162860,Luleå-Kallax Flygplats,13,Rådande väder,"momentanvärde, 1 gång/tim resp 8 gånger/dygn",kod,1993-08-17T00:00:00Z,1993-08-17T02:00:00+02:00,745545600000,,63,63,G,,corrected-archive-csv
162860,Luleå-Kallax Flygplats,13,Rådande väder,"momentanvärde, 1 gång/tim resp 8 gånger/dygn",kod,1993-08-17T01:00:00Z,1993-08-17T03:00:00+02:00,745549200000,,63,63,Y,,corrected-archive-csv
162860,Luleå-Kallax Flygplats,13,Rådande väder,"momentanvärde, 1 gång/tim resp 8 gånger/dygn",kod,1993-08-17T02:00:00Z,1993-08-17T04:00:00+02:00,745552800000,,63,63,Y,,corrected-archive-csv
162860,Luleå-Kallax Flygplats,13,Rådande väder,"momentanvärde, 1 gång/tim resp 8 gånger/dygn",kod,1993-08-17T03:00:00Z,1993-08-17T05:00:00+02:00,745556400000,,63,63,G,,corrected-archive-csv
162860,Luleå-Kallax Flygplats,13,Rådande väder,"momentanvärde, 1 gång/tim resp 8 gånger/dygn",kod,1993-08-17T04:00:00Z,1993-08-17T06:00:00+02:00,745560000000,,63,63,Y,,corrected-archive-csv
162860,Luleå-Kallax Flygplats,13,Rådande väder,"momentanvärde, 1 gång/tim resp 8 gånger/dygn",kod,1993-08-17T05:00:00Z,1993-08-17T07:00:00+02:00,745563600000,,63,63,Y,,corrected-archive-csv
162860,Luleå-Kallax Flygplats,13,Rådande väder,"momentanvärde, 1 gång/tim resp 8 gånger/dygn",kod,1993-08-17T06:00:00Z,1993-08-17T08:00:00+02:00,745567200000,,21,21,G,,corrected-archive-csv
162860,Luleå-Kallax Flygplats,13,Rådande väder,"momentanvärde, 1 gång/tim resp 8 gånger/dygn",kod,1993-08-17T07:00:00Z,1993-08-17T09:00:00+02:00,745570800000,,58,58,Y,,corrected-archive-csv
162860,Luleå-Kallax Flygplats,13,Rådande väder,"momentanvärde, 1 gång/tim resp 8 gånger/dygn",kod,1993-08-17T08:00:00Z,1993-08-17T10:00:00+02:00,745574400000,,20,20,Y,,corrected-archive-csv
162860,Luleå-Kallax Flygplats,13,Rådande väder,"momentanvärde, 1 gång/tim resp 8 gånger/dygn",kod,1993-08-17T09:00:00Z,1993-08-17T11:00:00+02:00,745578000000,,2,2,G,,corrected-archive-csv
162860,Luleå-Kallax Flygplats,13,Rådande väder,"momentanvärde, 1 gång/tim resp 8 gånger/dygn",kod,1993-08-17T10:00:00Z,1993-08-17T12:00:00+02:00,745581600000,,2,2,Y,,corrected-archive-csv
162860,Luleå-Kallax Flygplats,13,Rådande väder,"momentanvärde, 1 gång/tim resp 8 gånger/dygn",kod,1993-08-17T11:00:00Z,1993-08-17T13:00:00+02:00,745585200000,,2,2,Y,,corrected-archive-csv
162860,Luleå-Kallax Flygplats,13,Rådande väder,"momentanvärde, 1 gång/tim resp 8 gånger/dygn",kod,1993-08-17T12:00:00Z,1993-08-17T14:00:00+02:00,745588800000,,2,2,G,,corrected-archive-csv
162860,Luleå-Kallax Flygplats,13,Rådande väder,"momentanvärde, 1 gång/tim resp 8 gånger/dygn",kod,1993-08-17T14:00:00Z,1993-08-17T16:00:00+02:00,745596000000,,50,50,Y,,corrected-archive-csv
162860,Luleå-Kallax Flygplats,13,Rådande väder,"momentanvärde, 1 gång/tim resp 8 gånger/dygn",kod,1993-08-17T15:00:00Z,1993-08-17T17:00:00+02:00,745599600000,,20,20,G,,corrected-archive-csv
162860,Luleå-Kallax Flygplats,13,Rådande väder,"momentanvärde, 1 gång/tim resp 8 gånger/dygn",kod,1993-08-17T16:00:00Z,1993-08-17T18:00:00+02:00,745603200000,,2,2,Y,,corrected-archive-csv
162860,Luleå-Kallax Flygplats,13,Rådande väder,"momentanvärde, 1 gång/tim resp 8 gånger/dygn",kod,1993-08-17T17:00:00Z,1993-08-17T19:00:00+02:00,745606800000,,2,2,Y,,corrected-archive-csv
162860,Luleå-Kallax Flygplats,13,Rådande väder,"momentanvärde, 1 gång/tim resp 8 gånger/dygn",kod,1993-08-17T18:00:00Z,1993-08-17T20:00:00+02:00,745610400000,,0,0,G,,corrected-archive-csv
162860,Luleå-Kallax Flygplats,13,Rådande väder,"momentanvärde, 1 gång/tim resp 8 gånger/dygn",kod,1993-08-17T21:00:00Z,1993-08-17T23:00:00+02:00,745621200000,,0,0,G,,corrected-archive-csv
162860,Luleå-Kallax Flygplats,13,Rådande väder,"momentanvärde, 1 gång/tim resp 8 gånger/dygn",kod,1993-08-17T23:00:00Z,1993-08-18T01:00:00+02:00,745628400000,,51,51,Y,,corrected-archive-csv
162860,Luleå-Kallax Flygplats,13,Rådande väder,"momentanvärde, 1 gång/tim resp 8 gånger/dygn",kod,1993-08-18T00:00:00Z,1993-08-18T02:00:00+02:00,745632000000,,51,51,G,,corrected-archive-csv
162860,Luleå-Kallax Flygplats,13,Rådande väder,"momentanvärde, 1 gång/tim resp 8 gånger/dygn",kod,1993-08-18T01:00:00Z,1993-08-18T03:00:00+02:00,745635600000,,63,63,Y,,corrected-archive-csv
162860,Luleå-Kallax Flygplats,13,Rådande väder,"momentanvärde, 1 gång/tim resp 8 gånger/dygn",kod,1993-08-18T02:00:00Z,1993-08-18T04:00:00+02:00,745639200000,,63,63,Y,,corrected-archive-csv
162860,Luleå-Kallax Flygplats,13,Rådande väder,"momentanvärde, 1 gång/tim resp 8 gånger/dygn",kod,1993-08-18T03:00:00Z,1993-08-18T05:00:00+02:00,745642800000,,63,63,G,,corrected-archive-csv
162860,Luleå-Kallax Flygplats,13,Rådande väder,"momentanvärde, 1 gång/tim resp 8 gånger/dygn",kod,1993-08-18T04:00:00Z,1993-08-18T06:00:00+02:00,745646400000,,63,63,Y,,corrected-archive-csv
162860,Luleå-Kallax Flygplats,13,Rådande väder,"momentanvärde, 1 gång/tim resp 8 gånger/dygn",kod,1993-08-18T05:00:00Z,1993-08-18T07:00:00+02:00,745650000000,,63,63,Y,,corrected-archive-csv
162860,Luleå-Kallax Flygplats,13,Rådande väder,"momentanvärde, 1 gång/tim resp 8 gånger/dygn",kod,1993-08-18T06:00:00Z,1993-08-18T08:00:00+02:00,745653600000,,63,63,G,,corrected-archive-csv
162860,Luleå-Kallax Flygplats,13,Rådande väder,"momentanvärde, 1 gång/tim resp 8 gånger/dygn",kod,1993-08-18T07:00:00Z,1993-08-18T09:00:00+02:00,745657200000,,63,63,Y,,corrected-archive-csv
162860,Luleå-Kallax Flygplats,13,Rådande väder,"momentanvärde, 1 gång/tim resp 8 gånger/dygn",kod,1993-08-18T08:00:00Z,1993-08-18T10:00:00+02:00,745660800000,,63,63,Y,,corrected-archive-csv
162860,Luleå-Kallax Flygplats,13,Rådande väder,"momentanvärde, 1 gång/tim resp 8 gånger/dygn",kod,1993-08-18T09:00:00Z,1993-08-18T11:00:00+02:00,745664400000,,63,63,G,,corrected-archive-csv
162860,Luleå-Kallax Flygplats,13,Rådande väder,"momentanvärde, 1 gång/tim resp 8 gånger/dygn",kod,1993-08-18T10:00:00Z,1993-08-18T12:00:00+02:00,745668000000,,63,63,Y,,corrected-archive-csv
162860,Luleå-Kallax Flygplats,13,Rådande väder,"momentanvärde, 1 gång/tim resp 8 gånger/dygn",kod,1993-08-18T11:00:00Z,1993-08-18T13:00:00+02:00,745671600000,,63,63,Y,,corrected-archive-csv
162860,Luleå-Kallax Flygplats,13,Rådande väder,"momentanvärde, 1 gång/tim resp 8 gånger/dygn",kod,1993-08-18T12:00:00Z,1993-08-18T14:00:00+02:00,745675200000,,63,63,G,,corrected-archive-csv
162860,Luleå-Kallax Flygplats,13,Rådande väder,"momentanvärde, 1 gång/tim resp 8 gånger/dygn",kod,1993-08-18T13:00:00Z,1993-08-18T15:00:00+02:00,745678800000,,63,63,Y,,corrected-archive-csv
162860,Luleå-Kallax Flygplats,13,Rådande väder,"momentanvärde, 1 gång/tim resp 8 gånger/dygn",kod,1993-08-18T14:00:00Z,1993-08-18T16:00:00+02:00,745682400000,,21,21,Y,,corrected-archive-csv
162860,Luleå-Kallax Flygplats,13,Rådande väder,"momentanvärde, 1 gång/tim resp 8 gånger/dygn",kod,1993-08-18T15:00:00Z,1993-08-18T17:00:00+02:00,745686000000,,2,2,G,,corrected-archive-csv
162860,Luleå-Kallax Flygplats,13,Rådande väder,"momentanvärde, 1 gång/tim resp 8 gånger/dygn",kod,1993-08-18T16:00:00Z,1993-08-18T18:00:00+02:00,745689600000,,51,51,Y,,corrected-archive-csv
162860,Luleå-Kallax Flygplats,13,Rådande väder,"momentanvärde, 1 gång/tim resp 8 gånger/dygn",kod,1993-08-18T17:00:00Z,1993-08-18T19:00:00+02:00,745693200000,,2,2,Y,,corrected-archive-csv
162860,Luleå-Kallax Flygplats,13,Rådande väder,"momentanvärde, 1 gång/tim resp 8 gånger/dygn",kod,1993-08-18T18:00:00Z,1993-08-18T20:00:00+02:00,745696800000,,2,2,G,,corrected-archive-csv
162860,Luleå-Kallax Flygplats,13,Rådande väder,"momentanvärde, 1 gång/tim resp 8 gånger/dygn",kod,1993-08-18T21:00:00Z,1993-08-18T23:00:00+02:00,745707600000,,0,0,G,,corrected-archive-csv
162860,Luleå-Kallax Flygplats,13,Rådande väder,"momentanvärde, 1 gång/tim resp 8 gånger/dygn",kod,1993-08-19T00:00:00Z,1993-08-19T02:00:00+02:00,745718400000,,0,0,G,,corrected-archive-csv
162860,Luleå-Kallax Flygplats,13,Rådande väder,"momentanvärde, 1 gång/tim resp 8 gånger/dygn",kod,1993-08-19T03:00:00Z,1993-08-19T05:00:00+02:00,745729200000,,0,0,G,,corrected-archive-csv
162860,Luleå-Kallax Flygplats,13,Rådande väder,"momentanvärde, 1 gång/tim resp 8 gånger/dygn",kod,1993-08-19T06:00:00Z,1993-08-19T08:00:00+02:00,745740000000,,0,0,G,,corrected-archive-csv
162860,Luleå-Kallax Flygplats,13,Rådande väder,"momentanvärde, 1 gång/tim resp 8 gånger/dygn",kod,1993-08-19T09:00:00Z,1993-08-19T11:00:00+02:00,745750800000,,0,0,G,,corrected-archive-csv
162860,Luleå-Kallax Flygplats,13,Rådande väder,"momentanvärde, 1 gång/tim resp 8 gånger/dygn",kod,1993-08-19T12:00:00Z,1993-08-19T14:00:00+02:00,745761600000,,0,0,G,,corrected-archive-csv
162860,Luleå-Kallax Flygplats,13,Rådande väder,"momentanvärde, 1 gång/tim resp 8 gånger/dygn",kod,1993-08-19T15:00:00Z,1993-08-19T17:00:00+02:00,745772400000,,0,0,G,,corrected-archive-csv
162860,Luleå-Kallax Flygplats,13,Rådande väder,"momentanvärde, 1 gång/tim resp 8 gånger/dygn",kod,1993-08-19T18:00:00Z,1993-08-19T20:00:00+02:00,745783200000,,0,0,G,,corrected-archive-csv
162860,Luleå-Kallax Flygplats,13,Rådande väder,"momentanvärde, 1 gång/tim resp 8 gånger/dygn",kod,1993-08-19T21:00:00Z,1993-08-19T23:00:00+02:00,745794000000,,0,0,G,,corrected-archive-csv
162860,Luleå-Kallax Flygplats,13,Rådande väder,"momentanvärde, 1 gång/tim resp 8 gånger/dygn",kod,1993-08-20T00:00:00Z,1993-08-20T02:00:00+02:00,745804800000,,0,0,G,,corrected-archive-csv
162860,Luleå-Kallax Flygplats,13,Rådande väder,"momentanvärde, 1 gång/tim resp 8 gånger/dygn",kod,1993-08-20T03:00:00Z,1993-08-20T05:00:00+02:00,745815600000,,0,0,G,,corrected-archive-csv
162860,Luleå-Kallax Flygplats,13,Rådande väder,"momentanvärde, 1 gång/tim resp 8 gånger/dygn",kod,1993-08-20T06:00:00Z,1993-08-20T08:00:00+02:00,745826400000,,0,0,G,,corrected-archive-csv
162860,Luleå-Kallax Flygplats,13,Rådande väder,"momentanvärde, 1 gång/tim resp 8 gånger/dygn",kod,1993-08-20T09:00:00Z,1993-08-20T11:00:00+02:00,745837200000,,0,0,G,,corrected-archive-csv
162860,Luleå-Kallax Flygplats,13,Rådande väder,"momentanvärde, 1 gång/tim resp 8 gånger/dygn",kod,1993-08-20T12:00:00Z,1993-08-20T14:00:00+02:00,745848000000,,0,0,G,,corrected-archive-csv
162860,Luleå-Kallax Flygplats,13,Rådande väder,"momentanvärde, 1 gång/tim resp 8 gånger/dygn",kod,1993-08-20T15:00:00Z,1993-08-20T17:00:00+02:00,745858800000,,0,0,G,,corrected-archive-csv
162860,Luleå-Kallax Flygplats,13,Rådande väder,"momentanvärde, 1 gång/tim resp 8 gånger/dygn",kod,1993-08-20T16:00:00Z,1993-08-20T18:00:00+02:00,745862400000,,15,15,Y,,corrected-archive-csv
162860,Luleå-Kallax Flygplats,13,Rådande väder,"momentanvärde, 1 gång/tim resp 8 gånger/dygn",kod,1993-08-20T17:00:00Z,1993-08-20T19:00:00+02:00,745866000000,,15,15,Y,,corrected-archive-csv
162860,Luleå-Kallax Flygplats,13,Rådande väder,"momentanvärde, 1 gång/tim resp 8 gånger/dygn",kod,1993-08-20T18:00:00Z,1993-08-20T20:00:00+02:00,745869600000,,61,61,G,,corrected-archive-csv
162860,Luleå-Kallax Flygplats,13,Rådande väder,"momentanvärde, 1 gång/tim resp 8 gånger/dygn",kod,1993-08-20T19:00:00Z,1993-08-20T21:00:00+02:00,745873200000,,51,51,Y,,corrected-archive-csv
162860,Luleå-Kallax Flygplats,13,Rådande väder,"momentanvärde, 1 gång/tim resp 8 gånger/dygn",kod,1993-08-20T20:00:00Z,1993-08-20T22:00:00+02:00,745876800000,,51,51,Y,,corrected-archive-csv
162860,Luleå-Kallax Flygplats,13,Rådande väder,"momentanvärde, 1 gång/tim resp 8 gånger/dygn",kod,1993-08-20T21:00:00Z,1993-08-20T23:00:00+02:00,745880400000,,51,51,G,,corrected-archive-csv
162860,Luleå-Kallax Flygplats,13,Rådande väder,"momentanvärde, 1 gång/tim resp 8 gånger/dygn",kod,1993-08-20T22:00:00Z,1993-08-21T00:00:00+02:00,745884000000,,20,20,Y,,corrected-archive-csv
162860,Luleå-Kallax Flygplats,13,Rådande väder,"momentanvärde, 1 gång/tim resp 8 gånger/dygn",kod,1993-08-20T23:00:00Z,1993-08-21T01:00:00+02:00,745887600000,,2,2,Y,,corrected-archive-csv
162860,Luleå-Kallax Flygplats,13,Rådande väder,"momentanvärde, 1 gång/tim resp 8 gånger/dygn",kod,1993-08-21T00:00:00Z,1993-08-21T02:00:00+02:00,745891200000,,0,0,G,,corrected-archive-csv
162860,Luleå-Kallax Flygplats,13,Rådande väder,"momentanvärde, 1 gång/tim resp 8 gånger/dygn",kod,1993-08-21T03:00:00Z,1993-08-21T05:00:00+02:00,745902000000,,0,0,G,,corrected-archive-csv
162860,Luleå-Kallax Flygplats,13,Rådande väder,"momentanvärde, 1 gång/tim resp 8 gånger/dygn",kod,1993-08-21T06:00:00Z,1993-08-21T08:00:00+02:00,745912800000,,0,0,G,,corrected-archive-csv
162860,Luleå-Kallax Flygplats,13,Rådande väder,"momentanvärde, 1 gång/tim resp 8 gånger/dygn",kod,1993-08-21T09:00:00Z,1993-08-21T11:00:00+02:00,745923600000,,0,0,G,,corrected-archive-csv
162860,Luleå-Kallax Flygplats,13,Rådande väder,"momentanvärde, 1 gång/tim resp 8 gånger/dygn",kod,1993-08-21T12:00:00Z,1993-08-21T14:00:00+02:00,745934400000,,0,0,G,,corrected-archive-csv
162860,Luleå-Kallax Flygplats,13,Rådande väder,"momentanvärde, 1 gång/tim resp 8 gånger/dygn",kod,1993-08-21T15:00:00Z,1993-08-21T17:00:00+02:00,745945200000,,0,0,G,,corrected-archive-csv
162860,Luleå-Kallax Flygplats,13,Rådande väder,"momentanvärde, 1 gång/tim resp 8 gånger/dygn",kod,1993-08-21T18:00:00Z,1993-08-21T20:00:00+02:00,745956000000,,0,0,G,,corrected-archive-csv
162860,Luleå-Kallax Flygplats,13,Rådande väder,"momentanvärde, 1 gång/tim resp 8 gånger/dygn",kod,1993-08-21T21:00:00Z,1993-08-21T23:00:00+02:00,745966800000,,0,0,G,,corrected-archive-csv
162860,Luleå-Kallax Flygplats,13,Rådande väder,"momentanvärde, 1 gång/tim resp 8 gånger/dygn",kod,1993-08-22T00:00:00Z,1993-08-22T02:00:00+02:00,745977600000,,0,0,G,,corrected-archive-csv
162860,Luleå-Kallax Flygplats,13,Rådande väder,"momentanvärde, 1 gång/tim resp 8 gånger/dygn",kod,1993-08-22T03:00:00Z,1993-08-22T05:00:00+02:00,745988400000,,0,0,G,,corrected-archive-csv
162860,Luleå-Kallax Flygplats,13,Rådande väder,"momentanvärde, 1 gång/tim resp 8 gånger/dygn",kod,1993-08-22T06:00:00Z,1993-08-22T08:00:00+02:00,745999200000,,0,0,G,,corrected-archive-csv
162860,Luleå-Kallax Flygplats,13,Rådande väder,"momentanvärde, 1 gång/tim resp 8 gånger/dygn",kod,1993-08-22T09:00:00Z,1993-08-22T11:00:00+02:00,746010000000,,0,0,G,,corrected-archive-csv
162860,Luleå-Kallax Flygplats,13,Rådande väder,"momentanvärde, 1 gång/tim resp 8 gånger/dygn",kod,1993-08-22T12:00:00Z,1993-08-22T14:00:00+02:00,746020800000,,0,0,G,,corrected-archive-csv
162860,Luleå-Kallax Flygplats,13,Rådande väder,"momentanvärde, 1 gång/tim resp 8 gånger/dygn",kod,1993-08-22T15:00:00Z,1993-08-22T17:00:00+02:00,746031600000,,0,0,G,,corrected-archive-csv
162860,Luleå-Kallax Flygplats,13,Rådande väder,"momentanvärde, 1 gång/tim resp 8 gånger/dygn",kod,1993-08-22T18:00:00Z,1993-08-22T20:00:00+02:00,746042400000,,0,0,G,,corrected-archive-csv
162860,Luleå-Kallax Flygplats,13,Rådande väder,"momentanvärde, 1 gång/tim resp 8 gånger/dygn",kod,1993-08-22T21:00:00Z,1993-08-22T23:00:00+02:00,746053200000,,0,0,G,,corrected-archive-csv
162860,Luleå-Kallax Flygplats,13,Rådande väder,"momentanvärde, 1 gång/tim resp 8 gånger/dygn",kod,1993-08-23T00:00:00Z,1993-08-23T02:00:00+02:00,746064000000,,0,0,G,,corrected-archive-csv
162860,Luleå-Kallax Flygplats,13,Rådande väder,"momentanvärde, 1 gång/tim resp 8 gånger/dygn",kod,1993-08-23T03:00:00Z,1993-08-23T05:00:00+02:00,746074800000,,0,0,G,,corrected-archive-csv
162860,Luleå-Kallax Flygplats,13,Rådande väder,"momentanvärde, 1 gång/tim resp 8 gånger/dygn",kod,1993-08-23T06:00:00Z,1993-08-23T08:00:00+02:00,746085600000,,0,0,G,,corrected-archive-csv
162860,Luleå-Kallax Flygplats,13,Rådande väder,"momentanvärde, 1 gång/tim resp 8 gånger/dygn",kod,1993-08-23T09:00:00Z,1993-08-23T11:00:00+02:00,746096400000,,0,0,G,,corrected-archive-csv
162860,Luleå-Kallax Flygplats,13,Rådande väder,"momentanvärde, 1 gång/tim resp 8 gånger/dygn",kod,1993-08-23T12:00:00Z,1993-08-23T14:00:00+02:00,746107200000,,0,0,G,,corrected-archive-csv
162860,Luleå-Kallax Flygplats,13,Rådande väder,"momentanvärde, 1 gång/tim resp 8 gånger/dygn",kod,1993-08-23T13:00:00Z,1993-08-23T15:00:00+02:00,746110800000,,15,15,Y,,corrected-archive-csv
162860,Luleå-Kallax Flygplats,13,Rådande väder,"momentanvärde, 1 gång/tim resp 8 gånger/dygn",kod,1993-08-23T15:00:00Z,1993-08-23T17:00:00+02:00,746118000000,,61,61,G,,corrected-archive-csv
162860,Luleå-Kallax Flygplats,13,Rådande väder,"momentanvärde, 1 gång/tim resp 8 gånger/dygn",kod,1993-08-23T16:00:00Z,1993-08-23T18:00:00+02:00,746121600000,,15,15,Y,,corrected-archive-csv
162860,Luleå-Kallax Flygplats,13,Rådande väder,"momentanvärde, 1 gång/tim resp 8 gånger/dygn",kod,1993-08-23T17:00:00Z,1993-08-23T19:00:00+02:00,746125200000,,60,60,Y,,corrected-archive-csv
162860,Luleå-Kallax Flygplats,13,Rådande väder,"momentanvärde, 1 gång/tim resp 8 gånger/dygn",kod,1993-08-23T18:00:00Z,1993-08-23T20:00:00+02:00,746128800000,,21,21,G,,corrected-archive-csv
162860,Luleå-Kallax Flygplats,13,Rådande väder,"momentanvärde, 1 gång/tim resp 8 gånger/dygn",kod,1993-08-23T21:00:00Z,1993-08-23T23:00:00+02:00,746139600000,,0,0,G,,corrected-archive-csv
162860,Luleå-Kallax Flygplats,13,Rådande väder,"momentanvärde, 1 gång/tim resp 8 gånger/dygn",kod,1993-08-24T00:00:00Z,1993-08-24T02:00:00+02:00,746150400000,,0,0,G,,corrected-archive-csv
162860,Luleå-Kallax Flygplats,13,Rådande väder,"momentanvärde, 1 gång/tim resp 8 gånger/dygn",kod,1993-08-24T03:00:00Z,1993-08-24T05:00:00+02:00,746161200000,,0,0,G,,corrected-archive-csv
162860,Luleå-Kallax Flygplats,13,Rådande väder,"momentanvärde, 1 gång/tim resp 8 gånger/dygn",kod,1993-08-24T05:00:00Z,1993-08-24T07:00:00+02:00,746168400000,,51,51,Y,,corrected-archive-csv
162860,Luleå-Kallax Flygplats,13,Rådande väder,"momentanvärde, 1 gång/tim resp 8 gånger/dygn",kod,1993-08-24T06:00:00Z,1993-08-24T08:00:00+02:00,746172000000,,51,51,G,,corrected-archive-csv
162860,Luleå-Kallax Flygplats,13,Rådande väder,"momentanvärde, 1 gång/tim resp 8 gånger/dygn",kod,1993-08-24T07:00:00Z,1993-08-24T09:00:00+02:00,746175600000,,20,20,Y,,corrected-archive-csv
162860,Luleå-Kallax Flygplats,13,Rådande väder,"momentanvärde, 1 gång/tim resp 8 gånger/dygn",kod,1993-08-24T08:00:00Z,1993-08-24T10:00:00+02:00,746179200000,,51,51,Y,,corrected-archive-csv
162860,Luleå-Kallax Flygplats,13,Rådande väder,"momentanvärde, 1 gång/tim resp 8 gånger/dygn",kod,1993-08-24T09:00:00Z,1993-08-24T11:00:00+02:00,746182800000,,20,20,G,,corrected-archive-csv
162860,Luleå-Kallax Flygplats,13,Rådande väder,"momentanvärde, 1 gång/tim resp 8 gånger/dygn",kod,1993-08-24T10:00:00Z,1993-08-24T12:00:00+02:00,746186400000,,2,2,Y,,corrected-archive-csv
162860,Luleå-Kallax Flygplats,13,Rådande väder,"momentanvärde, 1 gång/tim resp 8 gånger/dygn",kod,1993-08-24T11:00:00Z,1993-08-24T13:00:00+02:00,746190000000,,2,2,Y,,corrected-archive-csv
162860,Luleå-Kallax Flygplats,13,Rådande väder,"momentanvärde, 1 gång/tim resp 8 gånger/dygn",kod,1993-08-24T12:00:00Z,1993-08-24T14:00:00+02:00,746193600000,,1,1,G,,corrected-archive-csv
162860,Luleå-Kallax Flygplats,13,Rådande väder,"momentanvärde, 1 gång/tim resp 8 gånger/dygn",kod,1993-08-24T15:00:00Z,1993-08-24T17:00:00+02:00,746204400000,,0,0,G,,corrected-archive-csv
162860,Luleå-Kallax Flygplats,13,Rådande väder,"momentanvärde, 1 gång/tim resp 8 gånger/dygn",kod,1993-08-24T18:00:00Z,1993-08-24T20:00:00+02:00,746215200000,,0,0,G,,corrected-archive-csv
162860,Luleå-Kallax Flygplats,13,Rådande väder,"momentanvärde, 1 gång/tim resp 8 gånger/dygn",kod,1993-08-24T21:00:00Z,1993-08-24T23:00:00+02:00,746226000000,,0,0,G,,corrected-archive-csv
162860,Luleå-Kallax Flygplats,13,Rådande väder,"momentanvärde, 1 gång/tim resp 8 gånger/dygn",kod,1993-08-24T23:00:00Z,1993-08-25T01:00:00+02:00,746233200000,,51,51,Y,,corrected-archive-csv
162860,Luleå-Kallax Flygplats,13,Rådande väder,"momentanvärde, 1 gång/tim resp 8 gånger/dygn",kod,1993-08-25T00:00:00Z,1993-08-25T02:00:00+02:00,746236800000,,51,51,G,,corrected-archive-csv
162860,Luleå-Kallax Flygplats,13,Rådande väder,"momentanvärde, 1 gång/tim resp 8 gånger/dygn",kod,1993-08-25T01:00:00Z,1993-08-25T03:00:00+02:00,746240400000,,61,61,Y,,corrected-archive-csv
162860,Luleå-Kallax Flygplats,13,Rådande väder,"momentanvärde, 1 gång/tim resp 8 gånger/dygn",kod,1993-08-25T02:00:00Z,1993-08-25T04:00:00+02:00,746244000000,,51,51,Y,,corrected-archive-csv
162860,Luleå-Kallax Flygplats,13,Rådande väder,"momentanvärde, 1 gång/tim resp 8 gånger/dygn",kod,1993-08-25T03:00:00Z,1993-08-25T05:00:00+02:00,746247600000,,61,61,G,,corrected-archive-csv
162860,Luleå-Kallax Flygplats,13,Rådande väder,"momentanvärde, 1 gång/tim resp 8 gånger/dygn",kod,1993-08-25T04:00:00Z,1993-08-25T06:00:00+02:00,746251200000,,21,21,Y,,corrected-archive-csv
162860,Luleå-Kallax Flygplats,13,Rådande väder,"momentanvärde, 1 gång/tim resp 8 gånger/dygn",kod,1993-08-25T05:00:00Z,1993-08-25T07:00:00+02:00,746254800000,,1,1,Y,,corrected-archive-csv
162860,Luleå-Kallax Flygplats,13,Rådande väder,"momentanvärde, 1 gång/tim resp 8 gånger/dygn",kod,1993-08-25T06:00:00Z,1993-08-25T08:00:00+02:00,746258400000,,2,2,G,,corrected-archive-csv
162860,Luleå-Kallax Flygplats,13,Rådande väder,"momentanvärde, 1 gång/tim resp 8 gånger/dygn",kod,1993-08-25T09:00:00Z,1993-08-25T11:00:00+02:00,746269200000,,0,0,G,,corrected-archive-csv
162860,Luleå-Kallax Flygplats,13,Rådande väder,"momentanvärde, 1 gång/tim resp 8 gånger/dygn",kod,1993-08-25T12:00:00Z,1993-08-25T14:00:00+02:00,746280000000,,0,0,G,,corrected-archive-csv
162860,Luleå-Kallax Flygplats,13,Rådande väder,"momentanvärde, 1 gång/tim resp 8 gånger/dygn",kod,1993-08-25T15:00:00Z,1993-08-25T17:00:00+02:00,746290800000,,0,0,G,,corrected-archive-csv
162860,Luleå-Kallax Flygplats,13,Rådande väder,"momentanvärde, 1 gång/tim resp 8 gånger/dygn",kod,1993-08-25T18:00:00Z,1993-08-25T20:00:00+02:00,746301600000,,0,0,G,,corrected-archive-csv
162860,Luleå-Kallax Flygplats,13,Rådande väder,"momentanvärde, 1 gång/tim resp 8 gånger/dygn",kod,1993-08-25T21:00:00Z,1993-08-25T23:00:00+02:00,746312400000,,0,0,G,,corrected-archive-csv
162860,Luleå-Kallax Flygplats,13,Rådande väder,"momentanvärde, 1 gång/tim resp 8 gånger/dygn",kod,1993-08-26T00:00:00Z,1993-08-26T02:00:00+02:00,746323200000,,0,0,G,,corrected-archive-csv
162860,Luleå-Kallax Flygplats,13,Rådande väder,"momentanvärde, 1 gång/tim resp 8 gånger/dygn",kod,1993-08-26T03:00:00Z,1993-08-26T05:00:00+02:00,746334000000,,0,0,G,,corrected-archive-csv
162860,Luleå-Kallax Flygplats,13,Rådande väder,"momentanvärde, 1 gång/tim resp 8 gånger/dygn",kod,1993-08-26T06:00:00Z,1993-08-26T08:00:00+02:00,746344800000,,0,0,G,,corrected-archive-csv
162860,Luleå-Kallax Flygplats,13,Rådande väder,"momentanvärde, 1 gång/tim resp 8 gånger/dygn",kod,1993-08-26T09:00:00Z,1993-08-26T11:00:00+02:00,746355600000,,14,14,G,,corrected-archive-csv
162860,Luleå-Kallax Flygplats,13,Rådande väder,"momentanvärde, 1 gång/tim resp 8 gånger/dygn",kod,1993-08-26T10:00:00Z,1993-08-26T12:00:00+02:00,746359200000,,3,3,Y,,corrected-archive-csv
162860,Luleå-Kallax Flygplats,13,Rådande väder,"momentanvärde, 1 gång/tim resp 8 gånger/dygn",kod,1993-08-26T12:00:00Z,1993-08-26T14:00:00+02:00,746366400000,,60,60,G,,corrected-archive-csv
162860,Luleå-Kallax Flygplats,13,Rådande väder,"momentanvärde, 1 gång/tim resp 8 gånger/dygn",kod,1993-08-26T13:00:00Z,1993-08-26T15:00:00+02:00,746370000000,,60,60,Y,,corrected-archive-csv
162860,Luleå-Kallax Flygplats,13,Rådande väder,"momentanvärde, 1 gång/tim resp 8 gånger/dygn",kod,1993-08-26T14:00:00Z,1993-08-26T16:00:00+02:00,746373600000,,60,60,Y,,corrected-archive-csv
162860,Luleå-Kallax Flygplats,13,Rådande väder,"momentanvärde, 1 gång/tim resp 8 gånger/dygn",kod,1993-08-26T15:00:00Z,1993-08-26T17:00:00+02:00,746377200000,,2,2,G,,corrected-archive-csv
162860,Luleå-Kallax Flygplats,13,Rådande väder,"momentanvärde, 1 gång/tim resp 8 gånger/dygn",kod,1993-08-26T16:00:00Z,1993-08-26T18:00:00+02:00,746380800000,,2,2,Y,,corrected-archive-csv
162860,Luleå-Kallax Flygplats,13,Rådande väder,"momentanvärde, 1 gång/tim resp 8 gånger/dygn",kod,1993-08-26T17:00:00Z,1993-08-26T19:00:00+02:00,746384400000,,2,2,Y,,corrected-archive-csv
162860,Luleå-Kallax Flygplats,13,Rådande väder,"momentanvärde, 1 gång/tim resp 8 gånger/dygn",kod,1993-08-26T18:00:00Z,1993-08-26T20:00:00+02:00,746388000000,,2,2,G,,corrected-archive-csv
162860,Luleå-Kallax Flygplats,13,Rådande väder,"momentanvärde, 1 gång/tim resp 8 gånger/dygn",kod,1993-08-26T21:00:00Z,1993-08-26T23:00:00+02:00,746398800000,,0,0,G,,corrected-archive-csv
162860,Luleå-Kallax Flygplats,13,Rådande väder,"momentanvärde, 1 gång/tim resp 8 gånger/dygn",kod,1993-08-27T00:00:00Z,1993-08-27T02:00:00+02:00,746409600000,,0,0,G,,corrected-archive-csv
162860,Luleå-Kallax Flygplats,13,Rådande väder,"momentanvärde, 1 gång/tim resp 8 gånger/dygn",kod,1993-08-27T03:00:00Z,1993-08-27T05:00:00+02:00,746420400000,,0,0,G,,corrected-archive-csv
162860,Luleå-Kallax Flygplats,13,Rådande väder,"momentanvärde, 1 gång/tim resp 8 gånger/dygn",kod,1993-08-27T04:00:00Z,1993-08-27T06:00:00+02:00,746424000000,,14,14,Y,,corrected-archive-csv
162860,Luleå-Kallax Flygplats,13,Rådande väder,"momentanvärde, 1 gång/tim resp 8 gånger/dygn",kod,1993-08-27T06:00:00Z,1993-08-27T08:00:00+02:00,746431200000,,0,0,G,,corrected-archive-csv
162860,Luleå-Kallax Flygplats,13,Rådande väder,"momentanvärde, 1 gång/tim resp 8 gånger/dygn",kod,1993-08-27T09:00:00Z,1993-08-27T11:00:00+02:00,746442000000,,0,0,G,,corrected-archive-csv
162860,Luleå-Kallax Flygplats,13,Rådande väder,"momentanvärde, 1 gång/tim resp 8 gånger/dygn",kod,1993-08-27T12:00:00Z,1993-08-27T14:00:00+02:00,746452800000,,0,0,G,,corrected-archive-csv
162860,Luleå-Kallax Flygplats,13,Rådande väder,"momentanvärde, 1 gång/tim resp 8 gånger/dygn",kod,1993-08-27T15:00:00Z,1993-08-27T17:00:00+02:00,746463600000,,0,0,G,,corrected-archive-csv
162860,Luleå-Kallax Flygplats,13,Rådande väder,"momentanvärde, 1 gång/tim resp 8 gånger/dygn",kod,1993-08-27T16:00:00Z,1993-08-27T18:00:00+02:00,746467200000,,14,14,Y,,corrected-archive-csv
162860,Luleå-Kallax Flygplats,13,Rådande väder,"momentanvärde, 1 gång/tim resp 8 gånger/dygn",kod,1993-08-27T17:00:00Z,1993-08-27T19:00:00+02:00,746470800000,,25,25,Y,,corrected-archive-csv
162860,Luleå-Kallax Flygplats,13,Rådande väder,"momentanvärde, 1 gång/tim resp 8 gånger/dygn",kod,1993-08-27T18:00:00Z,1993-08-27T20:00:00+02:00,746474400000,,2,2,G,,corrected-archive-csv
162860,Luleå-Kallax Flygplats,13,Rådande väder,"momentanvärde, 1 gång/tim resp 8 gånger/dygn",kod,1993-08-27T21:00:00Z,1993-08-27T23:00:00+02:00,746485200000,,0,0,G,,corrected-archive-csv
162860,Luleå-Kallax Flygplats,13,Rådande väder,"momentanvärde, 1 gång/tim resp 8 gånger/dygn",kod,1993-08-28T00:00:00Z,1993-08-28T02:00:00+02:00,746496000000,,0,0,G,,corrected-archive-csv
162860,Luleå-Kallax Flygplats,13,Rådande väder,"momentanvärde, 1 gång/tim resp 8 gånger/dygn",kod,1993-08-28T03:00:00Z,1993-08-28T05:00:00+02:00,746506800000,,0,0,G,,corrected-archive-csv
162860,Luleå-Kallax Flygplats,13,Rådande väder,"momentanvärde, 1 gång/tim resp 8 gånger/dygn",kod,1993-08-28T06:00:00Z,1993-08-28T08:00:00+02:00,746517600000,,15,15,G,,corrected-archive-csv
162860,Luleå-Kallax Flygplats,13,Rådande väder,"momentanvärde, 1 gång/tim resp 8 gånger/dygn",kod,1993-08-28T07:00:00Z,1993-08-28T09:00:00+02:00,746521200000,,15,15,Y,,corrected-archive-csv
162860,Luleå-Kallax Flygplats,13,Rådande väder,"momentanvärde, 1 gång/tim resp 8 gånger/dygn",kod,1993-08-28T08:00:00Z,1993-08-28T10:00:00+02:00,746524800000,,15,15,Y,,corrected-archive-csv
162860,Luleå-Kallax Flygplats,13,Rådande väder,"momentanvärde, 1 gång/tim resp 8 gånger/dygn",kod,1993-08-28T09:00:00Z,1993-08-28T11:00:00+02:00,746528400000,,0,0,G,,corrected-archive-csv
162860,Luleå-Kallax Flygplats,13,Rådande väder,"momentanvärde, 1 gång/tim resp 8 gånger/dygn",kod,1993-08-28T12:00:00Z,1993-08-28T14:00:00+02:00,746539200000,,0,0,G,,corrected-archive-csv
162860,Luleå-Kallax Flygplats,13,Rådande väder,"momentanvärde, 1 gång/tim resp 8 gånger/dygn",kod,1993-08-28T13:00:00Z,1993-08-28T15:00:00+02:00,746542800000,,80,80,Y,,corrected-archive-csv
162860,Luleå-Kallax Flygplats,13,Rådande väder,"momentanvärde, 1 gång/tim resp 8 gånger/dygn",kod,1993-08-28T14:00:00Z,1993-08-28T16:00:00+02:00,746546400000,,2,2,Y,,corrected-archive-csv
162860,Luleå-Kallax Flygplats,13,Rådande väder,"momentanvärde, 1 gång/tim resp 8 gånger/dygn",kod,1993-08-28T15:00:00Z,1993-08-28T17:00:00+02:00,746550000000,,2,2,G,,corrected-archive-csv
162860,Luleå-Kallax Flygplats,13,Rådande väder,"momentanvärde, 1 gång/tim resp 8 gånger/dygn",kod,1993-08-28T16:00:00Z,1993-08-28T18:00:00+02:00,746553600000,,2,2,Y,,corrected-archive-csv
162860,Luleå-Kallax Flygplats,13,Rådande väder,"momentanvärde, 1 gång/tim resp 8 gånger/dygn",kod,1993-08-28T17:00:00Z,1993-08-28T19:00:00+02:00,746557200000,,2,2,Y,,corrected-archive-csv
162860,Luleå-Kallax Flygplats,13,Rådande väder,"momentanvärde, 1 gång/tim resp 8 gånger/dygn",kod,1993-08-28T18:00:00Z,1993-08-28T20:00:00+02:00,746560800000,,2,2,G,,corrected-archive-csv
162860,Luleå-Kallax Flygplats,13,Rådande väder,"momentanvärde, 1 gång/tim resp 8 gånger/dygn",kod,1993-08-28T21:00:00Z,1993-08-28T23:00:00+02:00,746571600000,,0,0,G,,corrected-archive-csv
162860,Luleå-Kallax Flygplats,13,Rådande väder,"momentanvärde, 1 gång/tim resp 8 gånger/dygn",kod,1993-08-29T00:00:00Z,1993-08-29T02:00:00+02:00,746582400000,,0,0,G,,corrected-archive-csv
162860,Luleå-Kallax Flygplats,13,Rådande väder,"momentanvärde, 1 gång/tim resp 8 gånger/dygn",kod,1993-08-29T03:00:00Z,1993-08-29T05:00:00+02:00,746593200000,,0,0,G,,corrected-archive-csv
162860,Luleå-Kallax Flygplats,13,Rådande väder,"momentanvärde, 1 gång/tim resp 8 gånger/dygn",kod,1993-08-29T06:00:00Z,1993-08-29T08:00:00+02:00,746604000000,,0,0,G,,corrected-archive-csv
162860,Luleå-Kallax Flygplats,13,Rådande väder,"momentanvärde, 1 gång/tim resp 8 gånger/dygn",kod,1993-08-29T09:00:00Z,1993-08-29T11:00:00+02:00,746614800000,,0,0,G,,corrected-archive-csv
162860,Luleå-Kallax Flygplats,13,Rådande väder,"momentanvärde, 1 gång/tim resp 8 gånger/dygn",kod,1993-08-29T12:00:00Z,1993-08-29T14:00:00+02:00,746625600000,,0,0,G,,corrected-archive-csv
162860,Luleå-Kallax Flygplats,13,Rådande väder,"momentanvärde, 1 gång/tim resp 8 gånger/dygn",kod,1993-08-29T15:00:00Z,1993-08-29T17:00:00+02:00,746636400000,,0,0,G,,corrected-archive-csv
162860,Luleå-Kallax Flygplats,13,Rådande väder,"momentanvärde, 1 gång/tim resp 8 gånger/dygn",kod,1993-08-29T18:00:00Z,1993-08-29T20:00:00+02:00,746647200000,,0,0,G,,corrected-archive-csv
162860,Luleå-Kallax Flygplats,13,Rådande väder,"momentanvärde, 1 gång/tim resp 8 gånger/dygn",kod,1993-08-29T21:00:00Z,1993-08-29T23:00:00+02:00,746658000000,,0,0,G,,corrected-archive-csv
162860,Luleå-Kallax Flygplats,13,Rådande väder,"momentanvärde, 1 gång/tim resp 8 gånger/dygn",kod,1993-08-30T00:00:00Z,1993-08-30T02:00:00+02:00,746668800000,,0,0,G,,corrected-archive-csv
162860,Luleå-Kallax Flygplats,13,Rådande väder,"momentanvärde, 1 gång/tim resp 8 gånger/dygn",kod,1993-08-30T03:00:00Z,1993-08-30T05:00:00+02:00,746679600000,,0,0,G,,corrected-archive-csv
162860,Luleå-Kallax Flygplats,13,Rådande väder,"momentanvärde, 1 gång/tim resp 8 gånger/dygn",kod,1993-08-30T06:00:00Z,1993-08-30T08:00:00+02:00,746690400000,,61,61,G,,corrected-archive-csv
162860,Luleå-Kallax Flygplats,13,Rådande väder,"momentanvärde, 1 gång/tim resp 8 gånger/dygn",kod,1993-08-30T07:00:00Z,1993-08-30T09:00:00+02:00,746694000000,,21,21,Y,,corrected-archive-csv
162860,Luleå-Kallax Flygplats,13,Rådande väder,"momentanvärde, 1 gång/tim resp 8 gånger/dygn",kod,1993-08-30T08:00:00Z,1993-08-30T10:00:00+02:00,746697600000,,61,61,Y,,corrected-archive-csv
162860,Luleå-Kallax Flygplats,13,Rådande väder,"momentanvärde, 1 gång/tim resp 8 gånger/dygn",kod,1993-08-30T09:00:00Z,1993-08-30T11:00:00+02:00,746701200000,,61,61,G,,corrected-archive-csv
162860,Luleå-Kallax Flygplats,13,Rådande väder,"momentanvärde, 1 gång/tim resp 8 gånger/dygn",kod,1993-08-30T10:00:00Z,1993-08-30T12:00:00+02:00,746704800000,,61,61,Y,,corrected-archive-csv
162860,Luleå-Kallax Flygplats,13,Rådande väder,"momentanvärde, 1 gång/tim resp 8 gånger/dygn",kod,1993-08-30T11:00:00Z,1993-08-30T13:00:00+02:00,746708400000,,25,25,Y,,corrected-archive-csv
162860,Luleå-Kallax Flygplats,13,Rådande väder,"momentanvärde, 1 gång/tim resp 8 gånger/dygn",kod,1993-08-30T12:00:00Z,1993-08-30T14:00:00+02:00,746712000000,,0,0,G,,corrected-archive-csv
162860,Luleå-Kallax Flygplats,13,Rådande väder,"momentanvärde, 1 gång/tim resp 8 gånger/dygn",kod,1993-08-30T13:00:00Z,1993-08-30T15:00:00+02:00,746715600000,,80,80,Y,,corrected-archive-csv
162860,Luleå-Kallax Flygplats,13,Rådande väder,"momentanvärde, 1 gång/tim resp 8 gånger/dygn",kod,1993-08-30T14:00:00Z,1993-08-30T16:00:00+02:00,746719200000,,25,25,Y,,corrected-archive-csv
162860,Luleå-Kallax Flygplats,13,Rådande väder,"momentanvärde, 1 gång/tim resp 8 gånger/dygn",kod,1993-08-30T15:00:00Z,1993-08-30T17:00:00+02:00,746722800000,,2,2,G,,corrected-archive-csv
162860,Luleå-Kallax Flygplats,13,Rådande väder,"momentanvärde, 1 gång/tim resp 8 gånger/dygn",kod,1993-08-30T16:00:00Z,1993-08-30T18:00:00+02:00,746726400000,,2,2,Y,,corrected-archive-csv
162860,Luleå-Kallax Flygplats,13,Rådande väder,"momentanvärde, 1 gång/tim resp 8 gånger/dygn",kod,1993-08-30T17:00:00Z,1993-08-30T19:00:00+02:00,746730000000,,2,2,Y,,corrected-archive-csv
162860,Luleå-Kallax Flygplats,13,Rådande väder,"momentanvärde, 1 gång/tim resp 8 gånger/dygn",kod,1993-08-30T18:00:00Z,1993-08-30T20:00:00+02:00,746733600000,,2,2,G,,corrected-archive-csv
162860,Luleå-Kallax Flygplats,13,Rådande väder,"momentanvärde, 1 gång/tim resp 8 gånger/dygn",kod,1993-08-30T21:00:00Z,1993-08-30T23:00:00+02:00,746744400000,,0,0,G,,corrected-archive-csv
162860,Luleå-Kallax Flygplats,13,Rådande väder,"momentanvärde, 1 gång/tim resp 8 gånger/dygn",kod,1993-08-31T00:00:00Z,1993-08-31T02:00:00+02:00,746755200000,,0,0,G,,corrected-archive-csv
162860,Luleå-Kallax Flygplats,13,Rådande väder,"momentanvärde, 1 gång/tim resp 8 gånger/dygn",kod,1993-08-31T03:00:00Z,1993-08-31T05:00:00+02:00,746766000000,,0,0,G,,corrected-archive-csv
162860,Luleå-Kallax Flygplats,13,Rådande väder,"momentanvärde, 1 gång/tim resp 8 gånger/dygn",kod,1993-08-31T06:00:00Z,1993-08-31T08:00:00+02:00,746776800000,,0,0,G,,corrected-archive-csv
162860,Luleå-Kallax Flygplats,13,Rådande väder,"momentanvärde, 1 gång/tim resp 8 gånger/dygn",kod,1993-08-31T09:00:00Z,1993-08-31T11:00:00+02:00,746787600000,,0,0,G,,corrected-archive-csv
162860,Luleå-Kallax Flygplats,13,Rådande väder,"momentanvärde, 1 gång/tim resp 8 gånger/dygn",kod,1993-08-31T12:00:00Z,1993-08-31T14:00:00+02:00,746798400000,,0,0,G,,corrected-archive-csv
162860,Luleå-Kallax Flygplats,13,Rådande väder,"momentanvärde, 1 gång/tim resp 8 gånger/dygn",kod,1993-08-31T15:00:00Z,1993-08-31T17:00:00+02:00,746809200000,,0,0,G,,corrected-archive-csv
162860,Luleå-Kallax Flygplats,13,Rådande väder,"momentanvärde, 1 gång/tim resp 8 gånger/dygn",kod,1993-08-31T18:00:00Z,1993-08-31T20:00:00+02:00,746820000000,,0,0,G,,corrected-archive-csv
162860,Luleå-Kallax Flygplats,13,Rådande väder,"momentanvärde, 1 gång/tim resp 8 gånger/dygn",kod,1993-08-31T21:00:00Z,1993-08-31T23:00:00+02:00,746830800000,,0,0,G,,corrected-archive-csv
162860,Luleå-Kallax Flygplats,13,Rådande väder,"momentanvärde, 1 gång/tim resp 8 gånger/dygn",kod,1993-09-01T00:00:00Z,1993-09-01T02:00:00+02:00,746841600000,,0,0,G,,corrected-archive-csv
162860,Luleå-Kallax Flygplats,13,Rådande väder,"momentanvärde, 1 gång/tim resp 8 gånger/dygn",kod,1993-09-01T03:00:00Z,1993-09-01T05:00:00+02:00,746852400000,,0,0,G,,corrected-archive-csv
162860,Luleå-Kallax Flygplats,13,Rådande väder,"momentanvärde, 1 gång/tim resp 8 gånger/dygn",kod,1993-09-01T06:00:00Z,1993-09-01T08:00:00+02:00,746863200000,,0,0,G,,corrected-archive-csv
162860,Luleå-Kallax Flygplats,13,Rådande väder,"momentanvärde, 1 gång/tim resp 8 gånger/dygn",kod,1993-09-01T09:00:00Z,1993-09-01T11:00:00+02:00,746874000000,,0,0,G,,corrected-archive-csv
162860,Luleå-Kallax Flygplats,13,Rådande väder,"momentanvärde, 1 gång/tim resp 8 gånger/dygn",kod,1993-09-01T12:00:00Z,1993-09-01T14:00:00+02:00,746884800000,,0,0,G,,corrected-archive-csv
162860,Luleå-Kallax Flygplats,13,Rådande väder,"momentanvärde, 1 gång/tim resp 8 gånger/dygn",kod,1993-09-01T15:00:00Z,1993-09-01T17:00:00+02:00,746895600000,,0,0,G,,corrected-archive-csv
162860,Luleå-Kallax Flygplats,13,Rådande väder,"momentanvärde, 1 gång/tim resp 8 gånger/dygn",kod,1993-09-01T16:00:00Z,1993-09-01T18:00:00+02:00,746899200000,,16,16,Y,,corrected-archive-csv
162860,Luleå-Kallax Flygplats,13,Rådande väder,"momentanvärde, 1 gång/tim resp 8 gånger/dygn",kod,1993-09-01T17:00:00Z,1993-09-01T19:00:00+02:00,746902800000,,21,21,Y,,corrected-archive-csv
162860,Luleå-Kallax Flygplats,13,Rådande väder,"momentanvärde, 1 gång/tim resp 8 gånger/dygn",kod,1993-09-01T18:00:00Z,1993-09-01T20:00:00+02:00,746906400000,,15,15,G,,corrected-archive-csv
162860,Luleå-Kallax Flygplats,13,Rådande väder,"momentanvärde, 1 gång/tim resp 8 gånger/dygn",kod,1993-09-01T21:00:00Z,1993-09-01T23:00:00+02:00,746917200000,,0,0,G,,corrected-archive-csv
162860,Luleå-Kallax Flygplats,13,Rådande väder,"momentanvärde, 1 gång/tim resp 8 gånger/dygn",kod,1993-09-02T00:00:00Z,1993-09-02T02:00:00+02:00,746928000000,,0,0,G,,corrected-archive-csv
162860,Luleå-Kallax Flygplats,13,Rådande väder,"momentanvärde, 1 gång/tim resp 8 gånger/dygn",kod,1993-09-02T03:00:00Z,1993-09-02T05:00:00+02:00,746938800000,,0,0,G,,corrected-archive-csv
162860,Luleå-Kallax Flygplats,13,Rådande väder,"momentanvärde, 1 gång/tim resp 8 gånger/dygn",kod,1993-09-02T06:00:00Z,1993-09-02T08:00:00+02:00,746949600000,,0,0,G,,corrected-archive-csv
162860,Luleå-Kallax Flygplats,13,Rådande väder,"momentanvärde, 1 gång/tim resp 8 gånger/dygn",kod,1993-09-02T09:00:00Z,1993-09-02T11:00:00+02:00,746960400000,,0,0,G,,corrected-archive-csv
162860,Luleå-Kallax Flygplats,13,Rådande väder,"momentanvärde, 1 gång/tim resp 8 gånger/dygn",kod,1993-09-02T12:00:00Z,1993-09-02T14:00:00+02:00,746971200000,,80,80,G,,corrected-archive-csv
162860,Luleå-Kallax Flygplats,13,Rådande väder,"momentanvärde, 1 gång/tim resp 8 gånger/dygn",kod,1993-09-02T13:00:00Z,1993-09-02T15:00:00+02:00,746974800000,,16,16,Y,,corrected-archive-csv
162860,Luleå-Kallax Flygplats,13,Rådande väder,"momentanvärde, 1 gång/tim resp 8 gånger/dygn",kod,1993-09-02T14:00:00Z,1993-09-02T16:00:00+02:00,746978400000,,80,80,Y,,corrected-archive-csv
162860,Luleå-Kallax Flygplats,13,Rådande väder,"momentanvärde, 1 gång/tim resp 8 gånger/dygn",kod,1993-09-02T15:00:00Z,1993-09-02T17:00:00+02:00,746982000000,,25,25,G,,corrected-archive-csv
162860,Luleå-Kallax Flygplats,13,Rådande väder,"momentanvärde, 1 gång/tim resp 8 gånger/dygn",kod,1993-09-02T16:00:00Z,1993-09-02T18:00:00+02:00,746985600000,,25,25,Y,,corrected-archive-csv
162860,Luleå-Kallax Flygplats,13,Rådande väder,"momentanvärde, 1 gång/tim resp 8 gånger/dygn",kod,1993-09-02T17:00:00Z,1993-09-02T19:00:00+02:00,746989200000,,16,16,Y,,corrected-archive-csv
162860,Luleå-Kallax Flygplats,13,Rådande väder,"momentanvärde, 1 gång/tim resp 8 gånger/dygn",kod,1993-09-02T18:00:00Z,1993-09-02T20:00:00+02:00,746992800000,,80,80,G,,corrected-archive-csv
162860,Luleå-Kallax Flygplats,13,Rådande väder,"momentanvärde, 1 gång/tim resp 8 gånger/dygn",kod,1993-09-02T19:00:00Z,1993-09-02T21:00:00+02:00,746996400000,,21,21,Y,,corrected-archive-csv
162860,Luleå-Kallax Flygplats,13,Rådande väder,"momentanvärde, 1 gång/tim resp 8 gånger/dygn",kod,1993-09-02T20:00:00Z,1993-09-02T22:00:00+02:00,747000000000,,2,2,Y,,corrected-archive-csv
162860,Luleå-Kallax Flygplats,13,Rådande väder,"momentanvärde, 1 gång/tim resp 8 gånger/dygn",kod,1993-09-02T21:00:00Z,1993-09-02T23:00:00+02:00,747003600000,,2,2,G,,corrected-archive-csv
162860,Luleå-Kallax Flygplats,13,Rådande väder,"momentanvärde, 1 gång/tim resp 8 gånger/dygn",kod,1993-09-02T22:00:00Z,1993-09-03T00:00:00+02:00,747007200000,,61,61,Y,,corrected-archive-csv
162860,Luleå-Kallax Flygplats,13,Rådande väder,"momentanvärde, 1 gång/tim resp 8 gånger/dygn",kod,1993-09-02T23:00:00Z,1993-09-03T01:00:00+02:00,747010800000,,21,21,Y,,corrected-archive-csv
162860,Luleå-Kallax Flygplats,13,Rådande väder,"momentanvärde, 1 gång/tim resp 8 gånger/dygn",kod,1993-09-03T00:00:00Z,1993-09-03T02:00:00+02:00,747014400000,,21,21,G,,corrected-archive-csv
162860,Luleå-Kallax Flygplats,13,Rådande väder,"momentanvärde, 1 gång/tim resp 8 gånger/dygn",kod,1993-09-03T03:00:00Z,1993-09-03T05:00:00+02:00,747025200000,,0,0,G,,corrected-archive-csv
162860,Luleå-Kallax Flygplats,13,Rådande väder,"momentanvärde, 1 gång/tim resp 8 gånger/dygn",kod,1993-09-03T06:00:00Z,1993-09-03T08:00:00+02:00,747036000000,,0,0,G,,corrected-archive-csv
162860,Luleå-Kallax Flygplats,13,Rådande väder,"momentanvärde, 1 gång/tim resp 8 gånger/dygn",kod,1993-09-03T09:00:00Z,1993-09-03T11:00:00+02:00,747046800000,,0,0,G,,corrected-archive-csv
162860,Luleå-Kallax Flygplats,13,Rådande väder,"momentanvärde, 1 gång/tim resp 8 gånger/dygn",kod,1993-09-03T12:00:00Z,1993-09-03T14:00:00+02:00,747057600000,,0,0,G,,corrected-archive-csv
162860,Luleå-Kallax Flygplats,13,Rådande väder,"momentanvärde, 1 gång/tim resp 8 gånger/dygn",kod,1993-09-03T15:00:00Z,1993-09-03T17:00:00+02:00,747068400000,,0,0,G,,corrected-archive-csv
162860,Luleå-Kallax Flygplats,13,Rådande väder,"momentanvärde, 1 gång/tim resp 8 gånger/dygn",kod,1993-09-03T18:00:00Z,1993-09-03T20:00:00+02:00,747079200000,,0,0,G,,corrected-archive-csv
162860,Luleå-Kallax Flygplats,13,Rådande väder,"momentanvärde, 1 gång/tim resp 8 gånger/dygn",kod,1993-09-03T21:00:00Z,1993-09-03T23:00:00+02:00,747090000000,,0,0,G,,corrected-archive-csv
162860,Luleå-Kallax Flygplats,13,Rådande väder,"momentanvärde, 1 gång/tim resp 8 gånger/dygn",kod,1993-09-04T00:00:00Z,1993-09-04T02:00:00+02:00,747100800000,,0,0,G,,corrected-archive-csv
162860,Luleå-Kallax Flygplats,13,Rådande väder,"momentanvärde, 1 gång/tim resp 8 gånger/dygn",kod,1993-09-04T03:00:00Z,1993-09-04T05:00:00+02:00,747111600000,,0,0,G,,corrected-archive-csv
162860,Luleå-Kallax Flygplats,13,Rådande väder,"momentanvärde, 1 gång/tim resp 8 gånger/dygn",kod,1993-09-04T06:00:00Z,1993-09-04T08:00:00+02:00,747122400000,,0,0,G,,corrected-archive-csv
162860,Luleå-Kallax Flygplats,13,Rådande väder,"momentanvärde, 1 gång/tim resp 8 gånger/dygn",kod,1993-09-04T09:00:00Z,1993-09-04T11:00:00+02:00,747133200000,,0,0,G,,corrected-archive-csv
162860,Luleå-Kallax Flygplats,13,Rådande väder,"momentanvärde, 1 gång/tim resp 8 gånger/dygn",kod,1993-09-04T12:00:00Z,1993-09-04T14:00:00+02:00,747144000000,,0,0,G,,corrected-archive-csv
162860,Luleå-Kallax Flygplats,13,Rådande väder,"momentanvärde, 1 gång/tim resp 8 gånger/dygn",kod,1993-09-04T15:00:00Z,1993-09-04T17:00:00+02:00,747154800000,,0,0,G,,corrected-archive-csv
162860,Luleå-Kallax Flygplats,13,Rådande väder,"momentanvärde, 1 gång/tim resp 8 gånger/dygn",kod,1993-09-04T18:00:00Z,1993-09-04T20:00:00+02:00,747165600000,,0,0,G,,corrected-archive-csv
162860,Luleå-Kallax Flygplats,13,Rådande väder,"momentanvärde, 1 gång/tim resp 8 gånger/dygn",kod,1993-09-04T21:00:00Z,1993-09-04T23:00:00+02:00,747176400000,,0,0,G,,corrected-archive-csv
162860,Luleå-Kallax Flygplats,13,Rådande väder,"momentanvärde, 1 gång/tim resp 8 gånger/dygn",kod,1993-09-05T00:00:00Z,1993-09-05T02:00:00+02:00,747187200000,,0,0,G,,corrected-archive-csv
162860,Luleå-Kallax Flygplats,13,Rådande väder,"momentanvärde, 1 gång/tim resp 8 gånger/dygn",kod,1993-09-05T03:00:00Z,1993-09-05T05:00:00+02:00,747198000000,,40,40,G,,corrected-archive-csv
162860,Luleå-Kallax Flygplats,13,Rådande väder,"momentanvärde, 1 gång/tim resp 8 gånger/dygn",kod,1993-09-05T04:00:00Z,1993-09-05T06:00:00+02:00,747201600000,,40,40,Y,,corrected-archive-csv
162860,Luleå-Kallax Flygplats,13,Rådande väder,"momentanvärde, 1 gång/tim resp 8 gånger/dygn",kod,1993-09-05T06:00:00Z,1993-09-05T08:00:00+02:00,747208800000,,0,0,G,,corrected-archive-csv
162860,Luleå-Kallax Flygplats,13,Rådande väder,"momentanvärde, 1 gång/tim resp 8 gånger/dygn",kod,1993-09-05T09:00:00Z,1993-09-05T11:00:00+02:00,747219600000,,0,0,G,,corrected-archive-csv
162860,Luleå-Kallax Flygplats,13,Rådande väder,"momentanvärde, 1 gång/tim resp 8 gånger/dygn",kod,1993-09-05T12:00:00Z,1993-09-05T14:00:00+02:00,747230400000,,0,0,G,,corrected-archive-csv
162860,Luleå-Kallax Flygplats,13,Rådande väder,"momentanvärde, 1 gång/tim resp 8 gånger/dygn",kod,1993-09-05T15:00:00Z,1993-09-05T17:00:00+02:00,747241200000,,0,0,G,,corrected-archive-csv
162860,Luleå-Kallax Flygplats,13,Rådande väder,"momentanvärde, 1 gång/tim resp 8 gånger/dygn",kod,1993-09-05T18:00:00Z,1993-09-05T20:00:00+02:00,747252000000,,14,14,G,,corrected-archive-csv
162860,Luleå-Kallax Flygplats,13,Rådande väder,"momentanvärde, 1 gång/tim resp 8 gånger/dygn",kod,1993-09-05T19:00:00Z,1993-09-05T21:00:00+02:00,747255600000,,61,61,Y,,corrected-archive-csv
162860,Luleå-Kallax Flygplats,13,Rådande väder,"momentanvärde, 1 gång/tim resp 8 gånger/dygn",kod,1993-09-05T20:00:00Z,1993-09-05T22:00:00+02:00,747259200000,,21,21,Y,,corrected-archive-csv
162860,Luleå-Kallax Flygplats,13,Rådande väder,"momentanvärde, 1 gång/tim resp 8 gånger/dygn",kod,1993-09-05T21:00:00Z,1993-09-05T23:00:00+02:00,747262800000,,61,61,G,,corrected-archive-csv
162860,Luleå-Kallax Flygplats,13,Rådande väder,"momentanvärde, 1 gång/tim resp 8 gånger/dygn",kod,1993-09-05T22:00:00Z,1993-09-06T00:00:00+02:00,747266400000,,61,61,Y,,corrected-archive-csv
162860,Luleå-Kallax Flygplats,13,Rådande väder,"momentanvärde, 1 gång/tim resp 8 gånger/dygn",kod,1993-09-05T23:00:00Z,1993-09-06T01:00:00+02:00,747270000000,,61,61,Y,,corrected-archive-csv
162860,Luleå-Kallax Flygplats,13,Rådande väder,"momentanvärde, 1 gång/tim resp 8 gånger/dygn",kod,1993-09-06T00:00:00Z,1993-09-06T02:00:00+02:00,747273600000,,61,61,G,,corrected-archive-csv
162860,Luleå-Kallax Flygplats,13,Rådande väder,"momentanvärde, 1 gång/tim resp 8 gånger/dygn",kod,1993-09-06T01:00:00Z,1993-09-06T03:00:00+02:00,747277200000,,61,61,Y,,corrected-archive-csv
162860,Luleå-Kallax Flygplats,13,Rådande väder,"momentanvärde, 1 gång/tim resp 8 gånger/dygn",kod,1993-09-06T02:00:00Z,1993-09-06T04:00:00+02:00,747280800000,,63,63,Y,,corrected-archive-csv
162860,Luleå-Kallax Flygplats,13,Rådande väder,"momentanvärde, 1 gång/tim resp 8 gånger/dygn",kod,1993-09-06T03:00:00Z,1993-09-06T05:00:00+02:00,747284400000,,61,61,G,,corrected-archive-csv
162860,Luleå-Kallax Flygplats,13,Rådande väder,"momentanvärde, 1 gång/tim resp 8 gånger/dygn",kod,1993-09-06T04:00:00Z,1993-09-06T06:00:00+02:00,747288000000,,61,61,Y,,corrected-archive-csv
162860,Luleå-Kallax Flygplats,13,Rådande väder,"momentanvärde, 1 gång/tim resp 8 gånger/dygn",kod,1993-09-06T05:00:00Z,1993-09-06T07:00:00+02:00,747291600000,,61,61,Y,,corrected-archive-csv
162860,Luleå-Kallax Flygplats,13,Rådande väder,"momentanvärde, 1 gång/tim resp 8 gånger/dygn",kod,1993-09-06T06:00:00Z,1993-09-06T08:00:00+02:00,747295200000,,63,63,G,,corrected-archive-csv
162860,Luleå-Kallax Flygplats,13,Rådande väder,"momentanvärde, 1 gång/tim resp 8 gånger/dygn",kod,1993-09-06T07:00:00Z,1993-09-06T09:00:00+02:00,747298800000,,63,63,Y,,corrected-archive-csv
162860,Luleå-Kallax Flygplats,13,Rådande väder,"momentanvärde, 1 gång/tim resp 8 gånger/dygn",kod,1993-09-06T08:00:00Z,1993-09-06T10:00:00+02:00,747302400000,,63,63,Y,,corrected-archive-csv
162860,Luleå-Kallax Flygplats,13,Rådande väder,"momentanvärde, 1 gång/tim resp 8 gånger/dygn",kod,1993-09-06T09:00:00Z,1993-09-06T11:00:00+02:00,747306000000,,63,63,G,,corrected-archive-csv
162860,Luleå-Kallax Flygplats,13,Rådande väder,"momentanvärde, 1 gång/tim resp 8 gånger/dygn",kod,1993-09-06T10:00:00Z,1993-09-06T12:00:00+02:00,747309600000,,63,63,Y,,corrected-archive-csv
162860,Luleå-Kallax Flygplats,13,Rådande väder,"momentanvärde, 1 gång/tim resp 8 gånger/dygn",kod,1993-09-06T11:00:00Z,1993-09-06T13:00:00+02:00,747313200000,,63,63,Y,,corrected-archive-csv
162860,Luleå-Kallax Flygplats,13,Rådande väder,"momentanvärde, 1 gång/tim resp 8 gånger/dygn",kod,1993-09-06T12:00:00Z,1993-09-06T14:00:00+02:00,747316800000,,63,63,G,,corrected-archive-csv
162860,Luleå-Kallax Flygplats,13,Rådande väder,"momentanvärde, 1 gång/tim resp 8 gånger/dygn",kod,1993-09-06T13:00:00Z,1993-09-06T15:00:00+02:00,747320400000,,63,63,Y,,corrected-archive-csv
162860,Luleå-Kallax Flygplats,13,Rådande väder,"momentanvärde, 1 gång/tim resp 8 gånger/dygn",kod,1993-09-06T14:00:00Z,1993-09-06T16:00:00+02:00,747324000000,,63,63,Y,,corrected-archive-csv
162860,Luleå-Kallax Flygplats,13,Rådande väder,"momentanvärde, 1 gång/tim resp 8 gånger/dygn",kod,1993-09-06T15:00:00Z,1993-09-06T17:00:00+02:00,747327600000,,61,61,G,,corrected-archive-csv
162860,Luleå-Kallax Flygplats,13,Rådande väder,"momentanvärde, 1 gång/tim resp 8 gånger/dygn",kod,1993-09-06T16:00:00Z,1993-09-06T18:00:00+02:00,747331200000,,61,61,Y,,corrected-archive-csv
162860,Luleå-Kallax Flygplats,13,Rådande väder,"momentanvärde, 1 gång/tim resp 8 gånger/dygn",kod,1993-09-06T17:00:00Z,1993-09-06T19:00:00+02:00,747334800000,,61,61,Y,,corrected-archive-csv
162860,Luleå-Kallax Flygplats,13,Rådande väder,"momentanvärde, 1 gång/tim resp 8 gånger/dygn",kod,1993-09-06T18:00:00Z,1993-09-06T20:00:00+02:00,747338400000,,61,61,G,,corrected-archive-csv
162860,Luleå-Kallax Flygplats,13,Rådande väder,"momentanvärde, 1 gång/tim resp 8 gånger/dygn",kod,1993-09-06T19:00:00Z,1993-09-06T21:00:00+02:00,747342000000,,61,61,Y,,corrected-archive-csv
162860,Luleå-Kallax Flygplats,13,Rådande väder,"momentanvärde, 1 gång/tim resp 8 gånger/dygn",kod,1993-09-06T20:00:00Z,1993-09-06T22:00:00+02:00,747345600000,,61,61,Y,,corrected-archive-csv
162860,Luleå-Kallax Flygplats,13,Rådande väder,"momentanvärde, 1 gång/tim resp 8 gånger/dygn",kod,1993-09-06T21:00:00Z,1993-09-06T23:00:00+02:00,747349200000,,61,61,G,,corrected-archive-csv
162860,Luleå-Kallax Flygplats,13,Rådande väder,"momentanvärde, 1 gång/tim resp 8 gånger/dygn",kod,1993-09-06T22:00:00Z,1993-09-07T00:00:00+02:00,747352800000,,61,61,Y,,corrected-archive-csv
162860,Luleå-Kallax Flygplats,13,Rådande väder,"momentanvärde, 1 gång/tim resp 8 gånger/dygn",kod,1993-09-06T23:00:00Z,1993-09-07T01:00:00+02:00,747356400000,,61,61,Y,,corrected-archive-csv
162860,Luleå-Kallax Flygplats,13,Rådande väder,"momentanvärde, 1 gång/tim resp 8 gånger/dygn",kod,1993-09-07T00:00:00Z,1993-09-07T02:00:00+02:00,747360000000,,61,61,G,,corrected-archive-csv
162860,Luleå-Kallax Flygplats,13,Rådande väder,"momentanvärde, 1 gång/tim resp 8 gånger/dygn",kod,1993-09-07T01:00:00Z,1993-09-07T03:00:00+02:00,747363600000,,61,61,Y,,corrected-archive-csv
162860,Luleå-Kallax Flygplats,13,Rådande väder,"momentanvärde, 1 gång/tim resp 8 gånger/dygn",kod,1993-09-07T02:00:00Z,1993-09-07T04:00:00+02:00,747367200000,,61,61,Y,,corrected-archive-csv
162860,Luleå-Kallax Flygplats,13,Rådande väder,"momentanvärde, 1 gång/tim resp 8 gånger/dygn",kod,1993-09-07T03:00:00Z,1993-09-07T05:00:00+02:00,747370800000,,61,61,G,,corrected-archive-csv
162860,Luleå-Kallax Flygplats,13,Rådande väder,"momentanvärde, 1 gång/tim resp 8 gånger/dygn",kod,1993-09-07T04:00:00Z,1993-09-07T06:00:00+02:00,747374400000,,61,61,Y,,corrected-archive-csv
162860,Luleå-Kallax Flygplats,13,Rådande väder,"momentanvärde, 1 gång/tim resp 8 gånger/dygn",kod,1993-09-07T05:00:00Z,1993-09-07T07:00:00+02:00,747378000000,,61,61,Y,,corrected-archive-csv
162860,Luleå-Kallax Flygplats,13,Rådande väder,"momentanvärde, 1 gång/tim resp 8 gånger/dygn",kod,1993-09-07T06:00:00Z,1993-09-07T08:00:00+02:00,747381600000,,21,21,G,,corrected-archive-csv
162860,Luleå-Kallax Flygplats,13,Rådande väder,"momentanvärde, 1 gång/tim resp 8 gånger/dygn",kod,1993-09-07T12:00:00Z,1993-09-07T14:00:00+02:00,747403200000,,0,0,G,,corrected-archive-csv
162860,Luleå-Kallax Flygplats,13,Rådande väder,"momentanvärde, 1 gång/tim resp 8 gånger/dygn",kod,1993-09-07T15:00:00Z,1993-09-07T17:00:00+02:00,747414000000,,0,0,G,,corrected-archive-csv
162860,Luleå-Kallax Flygplats,13,Rådande väder,"momentanvärde, 1 gång/tim resp 8 gånger/dygn",kod,1993-09-07T18:00:00Z,1993-09-07T20:00:00+02:00,747424800000,,0,0,G,,corrected-archive-csv
162860,Luleå-Kallax Flygplats,13,Rådande väder,"momentanvärde, 1 gång/tim resp 8 gånger/dygn",kod,1993-09-07T21:00:00Z,1993-09-07T23:00:00+02:00,747435600000,,0,0,G,,corrected-archive-csv
162860,Luleå-Kallax Flygplats,13,Rådande väder,"momentanvärde, 1 gång/tim resp 8 gånger/dygn",kod,1993-09-08T00:00:00Z,1993-09-08T02:00:00+02:00,747446400000,,0,0,G,,corrected-archive-csv
162860,Luleå-Kallax Flygplats,13,Rådande väder,"momentanvärde, 1 gång/tim resp 8 gånger/dygn",kod,1993-09-08T03:00:00Z,1993-09-08T05:00:00+02:00,747457200000,,0,0,G,,corrected-archive-csv
162860,Luleå-Kallax Flygplats,13,Rådande väder,"momentanvärde, 1 gång/tim resp 8 gånger/dygn",kod,1993-09-08T06:00:00Z,1993-09-08T08:00:00+02:00,747468000000,,15,15,G,,corrected-archive-csv
162860,Luleå-Kallax Flygplats,13,Rådande väder,"momentanvärde, 1 gång/tim resp 8 gånger/dygn",kod,1993-09-08T07:00:00Z,1993-09-08T09:00:00+02:00,747471600000,,15,15,Y,,corrected-archive-csv
162860,Luleå-Kallax Flygplats,13,Rådande väder,"momentanvärde, 1 gång/tim resp 8 gånger/dygn",kod,1993-09-08T08:00:00Z,1993-09-08T10:00:00+02:00,747475200000,,15,15,Y,,corrected-archive-csv
162860,Luleå-Kallax Flygplats,13,Rådande väder,"momentanvärde, 1 gång/tim resp 8 gånger/dygn",kod,1993-09-08T09:00:00Z,1993-09-08T11:00:00+02:00,747478800000,,0,0,G,,corrected-archive-csv
162860,Luleå-Kallax Flygplats,13,Rådande väder,"momentanvärde, 1 gång/tim resp 8 gånger/dygn",kod,1993-09-08T10:00:00Z,1993-09-08T12:00:00+02:00,747482400000,,2,2,Y,,corrected-archive-csv
162860,Luleå-Kallax Flygplats,13,Rådande väder,"momentanvärde, 1 gång/tim resp 8 gånger/dygn",kod,1993-09-08T11:00:00Z,1993-09-08T13:00:00+02:00,747486000000,,2,2,Y,,corrected-archive-csv
162860,Luleå-Kallax Flygplats,13,Rådande väder,"momentanvärde, 1 gång/tim resp 8 gånger/dygn",kod,1993-09-08T12:00:00Z,1993-09-08T14:00:00+02:00,747489600000,,0,0,G,,corrected-archive-csv
162860,Luleå-Kallax Flygplats,13,Rådande väder,"momentanvärde, 1 gång/tim resp 8 gånger/dygn",kod,1993-09-08T14:00:00Z,1993-09-08T16:00:00+02:00,747496800000,,15,15,Y,,corrected-archive-csv
162860,Luleå-Kallax Flygplats,13,Rådande väder,"momentanvärde, 1 gång/tim resp 8 gånger/dygn",kod,1993-09-08T15:00:00Z,1993-09-08T17:00:00+02:00,747500400000,,14,14,G,,corrected-archive-csv
162860,Luleå-Kallax Flygplats,13,Rådande väder,"momentanvärde, 1 gång/tim resp 8 gånger/dygn",kod,1993-09-08T18:00:00Z,1993-09-08T20:00:00+02:00,747511200000,,0,0,G,,corrected-archive-csv
162860,Luleå-Kallax Flygplats,13,Rådande väder,"momentanvärde, 1 gång/tim resp 8 gånger/dygn",kod,1993-09-08T21:00:00Z,1993-09-08T23:00:00+02:00,747522000000,,0,0,G,,corrected-archive-csv
162860,Luleå-Kallax Flygplats,13,Rådande väder,"momentanvärde, 1 gång/tim resp 8 gånger/dygn",kod,1993-09-09T00:00:00Z,1993-09-09T02:00:00+02:00,747532800000,,0,0,G,,corrected-archive-csv
162860,Luleå-Kallax Flygplats,13,Rådande väder,"momentanvärde, 1 gång/tim resp 8 gånger/dygn",kod,1993-09-09T03:00:00Z,1993-09-09T05:00:00+02:00,747543600000,,0,0,G,,corrected-archive-csv
162860,Luleå-Kallax Flygplats,13,Rådande väder,"momentanvärde, 1 gång/tim resp 8 gånger/dygn",kod,1993-09-09T06:00:00Z,1993-09-09T08:00:00+02:00,747554400000,,0,0,G,,corrected-archive-csv
162860,Luleå-Kallax Flygplats,13,Rådande väder,"momentanvärde, 1 gång/tim resp 8 gånger/dygn",kod,1993-09-09T09:00:00Z,1993-09-09T11:00:00+02:00,747565200000,,0,0,G,,corrected-archive-csv
162860,Luleå-Kallax Flygplats,13,Rådande väder,"momentanvärde, 1 gång/tim resp 8 gånger/dygn",kod,1993-09-09T12:00:00Z,1993-09-09T14:00:00+02:00,747576000000,,0,0,G,,corrected-archive-csv
162860,Luleå-Kallax Flygplats,13,Rådande väder,"momentanvärde, 1 gång/tim resp 8 gånger/dygn",kod,1993-09-09T15:00:00Z,1993-09-09T17:00:00+02:00,747586800000,,14,14,G,,corrected-archive-csv
162860,Luleå-Kallax Flygplats,13,Rådande väder,"momentanvärde, 1 gång/tim resp 8 gånger/dygn",kod,1993-09-09T18:00:00Z,1993-09-09T20:00:00+02:00,747597600000,,0,0,G,,corrected-archive-csv
162860,Luleå-Kallax Flygplats,13,Rådande väder,"momentanvärde, 1 gång/tim resp 8 gånger/dygn",kod,1993-09-09T21:00:00Z,1993-09-09T23:00:00+02:00,747608400000,,0,0,G,,corrected-archive-csv
162860,Luleå-Kallax Flygplats,13,Rådande väder,"momentanvärde, 1 gång/tim resp 8 gånger/dygn",kod,1993-09-10T03:00:00Z,1993-09-10T05:00:00+02:00,747630000000,,21,21,G,,corrected-archive-csv
162860,Luleå-Kallax Flygplats,13,Rådande väder,"momentanvärde, 1 gång/tim resp 8 gånger/dygn",kod,1993-09-10T04:00:00Z,1993-09-10T06:00:00+02:00,747633600000,,61,61,Y,,corrected-archive-csv
162860,Luleå-Kallax Flygplats,13,Rådande väder,"momentanvärde, 1 gång/tim resp 8 gånger/dygn",kod,1993-09-10T05:00:00Z,1993-09-10T07:00:00+02:00,747637200000,,61,61,Y,,corrected-archive-csv
162860,Luleå-Kallax Flygplats,13,Rådande väder,"momentanvärde, 1 gång/tim resp 8 gånger/dygn",kod,1993-09-10T06:00:00Z,1993-09-10T08:00:00+02:00,747640800000,,61,61,G,,corrected-archive-csv
162860,Luleå-Kallax Flygplats,13,Rådande väder,"momentanvärde, 1 gång/tim resp 8 gånger/dygn",kod,1993-09-10T07:00:00Z,1993-09-10T09:00:00+02:00,747644400000,,61,61,Y,,corrected-archive-csv
162860,Luleå-Kallax Flygplats,13,Rådande väder,"momentanvärde, 1 gång/tim resp 8 gånger/dygn",kod,1993-09-10T08:00:00Z,1993-09-10T10:00:00+02:00,747648000000,,21,21,Y,,corrected-archive-csv
162860,Luleå-Kallax Flygplats,13,Rådande väder,"momentanvärde, 1 gång/tim resp 8 gånger/dygn",kod,1993-09-10T09:00:00Z,1993-09-10T11:00:00+02:00,747651600000,,1,1,G,,corrected-archive-csv
162860,Luleå-Kallax Flygplats,13,Rådande väder,"momentanvärde, 1 gång/tim resp 8 gånger/dygn",kod,1993-09-10T10:00:00Z,1993-09-10T12:00:00+02:00,747655200000,,1,1,Y,,corrected-archive-csv
162860,Luleå-Kallax Flygplats,13,Rådande väder,"momentanvärde, 1 gång/tim resp 8 gånger/dygn",kod,1993-09-10T11:00:00Z,1993-09-10T13:00:00+02:00,747658800000,,2,2,Y,,corrected-archive-csv
162860,Luleå-Kallax Flygplats,13,Rådande väder,"momentanvärde, 1 gång/tim resp 8 gånger/dygn",kod,1993-09-10T12:00:00Z,1993-09-10T14:00:00+02:00,747662400000,,15,15,G,,corrected-archive-csv
162860,Luleå-Kallax Flygplats,13,Rådande väder,"momentanvärde, 1 gång/tim resp 8 gånger/dygn",kod,1993-09-10T13:00:00Z,1993-09-10T15:00:00+02:00,747666000000,,15,15,Y,,corrected-archive-csv
162860,Luleå-Kallax Flygplats,13,Rådande väder,"momentanvärde, 1 gång/tim resp 8 gånger/dygn",kod,1993-09-10T14:00:00Z,1993-09-10T16:00:00+02:00,747669600000,,15,15,Y,,corrected-archive-csv
162860,Luleå-Kallax Flygplats,13,Rådande väder,"momentanvärde, 1 gång/tim resp 8 gånger/dygn",kod,1993-09-10T15:00:00Z,1993-09-10T17:00:00+02:00,747673200000,,15,15,G,,corrected-archive-csv
162860,Luleå-Kallax Flygplats,13,Rådande väder,"momentanvärde, 1 gång/tim resp 8 gånger/dygn",kod,1993-09-10T16:00:00Z,1993-09-10T18:00:00+02:00,747676800000,,15,15,Y,,corrected-archive-csv
162860,Luleå-Kallax Flygplats,13,Rådande väder,"momentanvärde, 1 gång/tim resp 8 gånger/dygn",kod,1993-09-10T17:00:00Z,1993-09-10T19:00:00+02:00,747680400000,,15,15,Y,,corrected-archive-csv
162860,Luleå-Kallax Flygplats,13,Rådande väder,"momentanvärde, 1 gång/tim resp 8 gånger/dygn",kod,1993-09-10T18:00:00Z,1993-09-10T20:00:00+02:00,747684000000,,63,63,G,,corrected-archive-csv
162860,Luleå-Kallax Flygplats,13,Rådande väder,"momentanvärde, 1 gång/tim resp 8 gånger/dygn",kod,1993-09-10T19:00:00Z,1993-09-10T21:00:00+02:00,747687600000,,63,63,Y,,corrected-archive-csv
162860,Luleå-Kallax Flygplats,13,Rådande väder,"momentanvärde, 1 gång/tim resp 8 gånger/dygn",kod,1993-09-10T20:00:00Z,1993-09-10T22:00:00+02:00,747691200000,,1,1,Y,,corrected-archive-csv
162860,Luleå-Kallax Flygplats,13,Rådande väder,"momentanvärde, 1 gång/tim resp 8 gånger/dygn",kod,1993-09-10T21:00:00Z,1993-09-10T23:00:00+02:00,747694800000,,10,10,G,,corrected-archive-csv
162860,Luleå-Kallax Flygplats,13,Rådande väder,"momentanvärde, 1 gång/tim resp 8 gånger/dygn",kod,1993-09-10T22:00:00Z,1993-09-11T00:00:00+02:00,747698400000,,12,12,Y,,corrected-archive-csv
162860,Luleå-Kallax Flygplats,13,Rådande väder,"momentanvärde, 1 gång/tim resp 8 gånger/dygn",kod,1993-09-10T23:00:00Z,1993-09-11T01:00:00+02:00,747702000000,,46,46,Y,,corrected-archive-csv
162860,Luleå-Kallax Flygplats,13,Rådande väder,"momentanvärde, 1 gång/tim resp 8 gånger/dygn",kod,1993-09-11T00:00:00Z,1993-09-11T02:00:00+02:00,747705600000,,46,46,G,,corrected-archive-csv
162860,Luleå-Kallax Flygplats,13,Rådande väder,"momentanvärde, 1 gång/tim resp 8 gånger/dygn",kod,1993-09-11T01:00:00Z,1993-09-11T03:00:00+02:00,747709200000,,46,46,Y,,corrected-archive-csv
162860,Luleå-Kallax Flygplats,13,Rådande väder,"momentanvärde, 1 gång/tim resp 8 gånger/dygn",kod,1993-09-11T02:00:00Z,1993-09-11T04:00:00+02:00,747712800000,,46,46,Y,,corrected-archive-csv
162860,Luleå-Kallax Flygplats,13,Rådande väder,"momentanvärde, 1 gång/tim resp 8 gånger/dygn",kod,1993-09-11T03:00:00Z,1993-09-11T05:00:00+02:00,747716400000,,46,46,G,,corrected-archive-csv
162860,Luleå-Kallax Flygplats,13,Rådande väder,"momentanvärde, 1 gång/tim resp 8 gånger/dygn",kod,1993-09-11T04:00:00Z,1993-09-11T06:00:00+02:00,747720000000,,46,46,Y,,corrected-archive-csv
162860,Luleå-Kallax Flygplats,13,Rådande väder,"momentanvärde, 1 gång/tim resp 8 gånger/dygn",kod,1993-09-11T05:00:00Z,1993-09-11T07:00:00+02:00,747723600000,,46,46,Y,,corrected-archive-csv
162860,Luleå-Kallax Flygplats,13,Rådande väder,"momentanvärde, 1 gång/tim resp 8 gånger/dygn",kod,1993-09-11T06:00:00Z,1993-09-11T08:00:00+02:00,747727200000,,46,46,G,,corrected-archive-csv
162860,Luleå-Kallax Flygplats,13,Rådande väder,"momentanvärde, 1 gång/tim resp 8 gånger/dygn",kod,1993-09-11T07:00:00Z,1993-09-11T09:00:00+02:00,747730800000,,46,46,Y,,corrected-archive-csv
162860,Luleå-Kallax Flygplats,13,Rådande väder,"momentanvärde, 1 gång/tim resp 8 gånger/dygn",kod,1993-09-11T08:00:00Z,1993-09-11T10:00:00+02:00,747734400000,,46,46,Y,,corrected-archive-csv
162860,Luleå-Kallax Flygplats,13,Rådande väder,"momentanvärde, 1 gång/tim resp 8 gånger/dygn",kod,1993-09-11T09:00:00Z,1993-09-11T11:00:00+02:00,747738000000,,45,45,G,,corrected-archive-csv
162860,Luleå-Kallax Flygplats,13,Rådande väder,"momentanvärde, 1 gång/tim resp 8 gånger/dygn",kod,1993-09-11T10:00:00Z,1993-09-11T12:00:00+02:00,747741600000,,10,10,Y,,corrected-archive-csv
162860,Luleå-Kallax Flygplats,13,Rådande väder,"momentanvärde, 1 gång/tim resp 8 gånger/dygn",kod,1993-09-11T11:00:00Z,1993-09-11T13:00:00+02:00,747745200000,,1,1,Y,,corrected-archive-csv
162860,Luleå-Kallax Flygplats,13,Rådande väder,"momentanvärde, 1 gång/tim resp 8 gånger/dygn",kod,1993-09-11T12:00:00Z,1993-09-11T14:00:00+02:00,747748800000,,1,1,G,,corrected-archive-csv
162860,Luleå-Kallax Flygplats,13,Rådande väder,"momentanvärde, 1 gång/tim resp 8 gånger/dygn",kod,1993-09-11T15:00:00Z,1993-09-11T17:00:00+02:00,747759600000,,0,0,G,,corrected-archive-csv
162860,Luleå-Kallax Flygplats,13,Rådande väder,"momentanvärde, 1 gång/tim resp 8 gånger/dygn",kod,1993-09-11T18:00:00Z,1993-09-11T20:00:00+02:00,747770400000,,0,0,G,,corrected-archive-csv
162860,Luleå-Kallax Flygplats,13,Rådande väder,"momentanvärde, 1 gång/tim resp 8 gånger/dygn",kod,1993-09-11T21:00:00Z,1993-09-11T23:00:00+02:00,747781200000,,0,0,G,,corrected-archive-csv
162860,Luleå-Kallax Flygplats,13,Rådande väder,"momentanvärde, 1 gång/tim resp 8 gånger/dygn",kod,1993-09-12T00:00:00Z,1993-09-12T02:00:00+02:00,747792000000,,0,0,G,,corrected-archive-csv
162860,Luleå-Kallax Flygplats,13,Rådande väder,"momentanvärde, 1 gång/tim resp 8 gånger/dygn",kod,1993-09-12T03:00:00Z,1993-09-12T05:00:00+02:00,747802800000,,0,0,G,,corrected-archive-csv
162860,Luleå-Kallax Flygplats,13,Rådande väder,"momentanvärde, 1 gång/tim resp 8 gånger/dygn",kod,1993-09-12T06:00:00Z,1993-09-12T08:00:00+02:00,747813600000,,0,0,G,,corrected-archive-csv
162860,Luleå-Kallax Flygplats,13,Rådande väder,"momentanvärde, 1 gång/tim resp 8 gånger/dygn",kod,1993-09-12T09:00:00Z,1993-09-12T11:00:00+02:00,747824400000,,0,0,G,,corrected-archive-csv
162860,Luleå-Kallax Flygplats,13,Rådande väder,"momentanvärde, 1 gång/tim resp 8 gånger/dygn",kod,1993-09-12T12:00:00Z,1993-09-12T14:00:00+02:00,747835200000,,0,0,G,,corrected-archive-csv
162860,Luleå-Kallax Flygplats,13,Rådande väder,"momentanvärde, 1 gång/tim resp 8 gånger/dygn",kod,1993-09-12T15:00:00Z,1993-09-12T17:00:00+02:00,747846000000,,0,0,G,,corrected-archive-csv
162860,Luleå-Kallax Flygplats,13,Rådande väder,"momentanvärde, 1 gång/tim resp 8 gånger/dygn",kod,1993-09-12T18:00:00Z,1993-09-12T20:00:00+02:00,747856800000,,0,0,G,,corrected-archive-csv
162860,Luleå-Kallax Flygplats,13,Rådande väder,"momentanvärde, 1 gång/tim resp 8 gånger/dygn",kod,1993-09-12T21:00:00Z,1993-09-12T23:00:00+02:00,747867600000,,0,0,G,,corrected-archive-csv
162860,Luleå-Kallax Flygplats,13,Rådande väder,"momentanvärde, 1 gång/tim resp 8 gånger/dygn",kod,1993-09-13T00:00:00Z,1993-09-13T02:00:00+02:00,747878400000,,0,0,G,,corrected-archive-csv
162860,Luleå-Kallax Flygplats,13,Rådande väder,"momentanvärde, 1 gång/tim resp 8 gånger/dygn",kod,1993-09-13T03:00:00Z,1993-09-13T05:00:00+02:00,747889200000,,0,0,G,,corrected-archive-csv
162860,Luleå-Kallax Flygplats,13,Rådande väder,"momentanvärde, 1 gång/tim resp 8 gånger/dygn",kod,1993-09-13T06:00:00Z,1993-09-13T08:00:00+02:00,747900000000,,0,0,G,,corrected-archive-csv
162860,Luleå-Kallax Flygplats,13,Rådande väder,"momentanvärde, 1 gång/tim resp 8 gånger/dygn",kod,1993-09-13T09:00:00Z,1993-09-13T11:00:00+02:00,747910800000,,0,0,G,,corrected-archive-csv
162860,Luleå-Kallax Flygplats,13,Rådande väder,"momentanvärde, 1 gång/tim resp 8 gånger/dygn",kod,1993-09-13T12:00:00Z,1993-09-13T14:00:00+02:00,747921600000,,0,0,G,,corrected-archive-csv
162860,Luleå-Kallax Flygplats,13,Rådande väder,"momentanvärde, 1 gång/tim resp 8 gånger/dygn",kod,1993-09-13T14:00:00Z,1993-09-13T16:00:00+02:00,747928800000,,61,61,Y,,corrected-archive-csv
162860,Luleå-Kallax Flygplats,13,Rådande väder,"momentanvärde, 1 gång/tim resp 8 gånger/dygn",kod,1993-09-13T15:00:00Z,1993-09-13T17:00:00+02:00,747932400000,,21,21,G,,corrected-archive-csv
162860,Luleå-Kallax Flygplats,13,Rådande väder,"momentanvärde, 1 gång/tim resp 8 gånger/dygn",kod,1993-09-13T16:00:00Z,1993-09-13T18:00:00+02:00,747936000000,,2,2,Y,,corrected-archive-csv
162860,Luleå-Kallax Flygplats,13,Rådande väder,"momentanvärde, 1 gång/tim resp 8 gånger/dygn",kod,1993-09-13T17:00:00Z,1993-09-13T19:00:00+02:00,747939600000,,15,15,Y,,corrected-archive-csv
162860,Luleå-Kallax Flygplats,13,Rådande väder,"momentanvärde, 1 gång/tim resp 8 gånger/dygn",kod,1993-09-13T18:00:00Z,1993-09-13T20:00:00+02:00,747943200000,,61,61,G,,corrected-archive-csv
162860,Luleå-Kallax Flygplats,13,Rådande väder,"momentanvärde, 1 gång/tim resp 8 gånger/dygn",kod,1993-09-13T20:00:00Z,1993-09-13T22:00:00+02:00,747950400000,,61,61,Y,,corrected-archive-csv
162860,Luleå-Kallax Flygplats,13,Rådande väder,"momentanvärde, 1 gång/tim resp 8 gånger/dygn",kod,1993-09-13T21:00:00Z,1993-09-13T23:00:00+02:00,747954000000,,21,21,G,,corrected-archive-csv
162860,Luleå-Kallax Flygplats,13,Rådande väder,"momentanvärde, 1 gång/tim resp 8 gånger/dygn",kod,1993-09-13T22:00:00Z,1993-09-14T00:00:00+02:00,747957600000,,2,2,Y,,corrected-archive-csv
162860,Luleå-Kallax Flygplats,13,Rådande väder,"momentanvärde, 1 gång/tim resp 8 gånger/dygn",kod,1993-09-13T23:00:00Z,1993-09-14T01:00:00+02:00,747961200000,,2,2,Y,,corrected-archive-csv
162860,Luleå-Kallax Flygplats,13,Rådande väder,"momentanvärde, 1 gång/tim resp 8 gånger/dygn",kod,1993-09-14T00:00:00Z,1993-09-14T02:00:00+02:00,747964800000,,0,0,G,,corrected-archive-csv
162860,Luleå-Kallax Flygplats,13,Rådande väder,"momentanvärde, 1 gång/tim resp 8 gånger/dygn",kod,1993-09-14T03:00:00Z,1993-09-14T05:00:00+02:00,747975600000,,0,0,G,,corrected-archive-csv
162860,Luleå-Kallax Flygplats,13,Rådande väder,"momentanvärde, 1 gång/tim resp 8 gånger/dygn",kod,1993-09-14T06:00:00Z,1993-09-14T08:00:00+02:00,747986400000,,0,0,G,,corrected-archive-csv
162860,Luleå-Kallax Flygplats,13,Rådande väder,"momentanvärde, 1 gång/tim resp 8 gånger/dygn",kod,1993-09-14T09:00:00Z,1993-09-14T11:00:00+02:00,747997200000,,0,0,G,,corrected-archive-csv
162860,Luleå-Kallax Flygplats,13,Rådande väder,"momentanvärde, 1 gång/tim resp 8 gånger/dygn",kod,1993-09-14T12:00:00Z,1993-09-14T14:00:00+02:00,748008000000,,0,0,G,,corrected-archive-csv
162860,Luleå-Kallax Flygplats,13,Rådande väder,"momentanvärde, 1 gång/tim resp 8 gånger/dygn",kod,1993-09-14T15:00:00Z,1993-09-14T17:00:00+02:00,748018800000,,0,0,G,,corrected-archive-csv
162860,Luleå-Kallax Flygplats,13,Rådande väder,"momentanvärde, 1 gång/tim resp 8 gånger/dygn",kod,1993-09-14T18:00:00Z,1993-09-14T20:00:00+02:00,748029600000,,0,0,G,,corrected-archive-csv
162860,Luleå-Kallax Flygplats,13,Rådande väder,"momentanvärde, 1 gång/tim resp 8 gånger/dygn",kod,1993-09-14T21:00:00Z,1993-09-14T23:00:00+02:00,748040400000,,0,0,G,,corrected-archive-csv
162860,Luleå-Kallax Flygplats,13,Rådande väder,"momentanvärde, 1 gång/tim resp 8 gånger/dygn",kod,1993-09-15T00:00:00Z,1993-09-15T02:00:00+02:00,748051200000,,0,0,G,,corrected-archive-csv
162860,Luleå-Kallax Flygplats,13,Rådande väder,"momentanvärde, 1 gång/tim resp 8 gånger/dygn",kod,1993-09-15T01:00:00Z,1993-09-15T03:00:00+02:00,748054800000,,61,61,Y,,corrected-archive-csv
162860,Luleå-Kallax Flygplats,13,Rådande väder,"momentanvärde, 1 gång/tim resp 8 gånger/dygn",kod,1993-09-15T02:00:00Z,1993-09-15T04:00:00+02:00,748058400000,,51,51,Y,,corrected-archive-csv
162860,Luleå-Kallax Flygplats,13,Rådande väder,"momentanvärde, 1 gång/tim resp 8 gånger/dygn",kod,1993-09-15T03:00:00Z,1993-09-15T05:00:00+02:00,748062000000,,61,61,G,,corrected-archive-csv
162860,Luleå-Kallax Flygplats,13,Rådande väder,"momentanvärde, 1 gång/tim resp 8 gånger/dygn",kod,1993-09-15T04:00:00Z,1993-09-15T06:00:00+02:00,748065600000,,61,61,Y,,corrected-archive-csv
162860,Luleå-Kallax Flygplats,13,Rådande väder,"momentanvärde, 1 gång/tim resp 8 gånger/dygn",kod,1993-09-15T05:00:00Z,1993-09-15T07:00:00+02:00,748069200000,,2,2,Y,,corrected-archive-csv
162860,Luleå-Kallax Flygplats,13,Rådande väder,"momentanvärde, 1 gång/tim resp 8 gånger/dygn",kod,1993-09-15T06:00:00Z,1993-09-15T08:00:00+02:00,748072800000,,15,15,G,,corrected-archive-csv
162860,Luleå-Kallax Flygplats,13,Rådande väder,"momentanvärde, 1 gång/tim resp 8 gånger/dygn",kod,1993-09-15T09:00:00Z,1993-09-15T11:00:00+02:00,748083600000,,14,14,G,,corrected-archive-csv
162860,Luleå-Kallax Flygplats,13,Rådande väder,"momentanvärde, 1 gång/tim resp 8 gånger/dygn",kod,1993-09-15T10:00:00Z,1993-09-15T12:00:00+02:00,748087200000,,14,14,Y,,corrected-archive-csv
162860,Luleå-Kallax Flygplats,13,Rådande väder,"momentanvärde, 1 gång/tim resp 8 gånger/dygn",kod,1993-09-15T11:00:00Z,1993-09-15T13:00:00+02:00,748090800000,,14,14,Y,,corrected-archive-csv
162860,Luleå-Kallax Flygplats,13,Rådande väder,"momentanvärde, 1 gång/tim resp 8 gånger/dygn",kod,1993-09-15T12:00:00Z,1993-09-15T14:00:00+02:00,748094400000,,14,14,G,,corrected-archive-csv
162860,Luleå-Kallax Flygplats,13,Rådande väder,"momentanvärde, 1 gång/tim resp 8 gånger/dygn",kod,1993-09-15T15:00:00Z,1993-09-15T17:00:00+02:00,748105200000,,0,0,G,,corrected-archive-csv
162860,Luleå-Kallax Flygplats,13,Rådande väder,"momentanvärde, 1 gång/tim resp 8 gånger/dygn",kod,1993-09-15T18:00:00Z,1993-09-15T20:00:00+02:00,748116000000,,0,0,G,,corrected-archive-csv
162860,Luleå-Kallax Flygplats,13,Rådande väder,"momentanvärde, 1 gång/tim resp 8 gånger/dygn",kod,1993-09-15T21:00:00Z,1993-09-15T23:00:00+02:00,748126800000,,0,0,G,,corrected-archive-csv
162860,Luleå-Kallax Flygplats,13,Rådande väder,"momentanvärde, 1 gång/tim resp 8 gånger/dygn",kod,1993-09-16T00:00:00Z,1993-09-16T02:00:00+02:00,748137600000,,0,0,G,,corrected-archive-csv
162860,Luleå-Kallax Flygplats,13,Rådande väder,"momentanvärde, 1 gång/tim resp 8 gånger/dygn",kod,1993-09-16T03:00:00Z,1993-09-16T05:00:00+02:00,748148400000,,0,0,G,,corrected-archive-csv
162860,Luleå-Kallax Flygplats,13,Rådande väder,"momentanvärde, 1 gång/tim resp 8 gånger/dygn",kod,1993-09-16T09:00:00Z,1993-09-16T11:00:00+02:00,748170000000,,0,0,G,,corrected-archive-csv
162860,Luleå-Kallax Flygplats,13,Rådande väder,"momentanvärde, 1 gång/tim resp 8 gånger/dygn",kod,1993-09-16T12:00:00Z,1993-09-16T14:00:00+02:00,748180800000,,0,0,G,,corrected-archive-csv
162860,Luleå-Kallax Flygplats,13,Rådande väder,"momentanvärde, 1 gång/tim resp 8 gånger/dygn",kod,1993-09-16T15:00:00Z,1993-09-16T17:00:00+02:00,748191600000,,0,0,G,,corrected-archive-csv
162860,Luleå-Kallax Flygplats,13,Rådande väder,"momentanvärde, 1 gång/tim resp 8 gånger/dygn",kod,1993-09-16T18:00:00Z,1993-09-16T20:00:00+02:00,748202400000,,0,0,G,,corrected-archive-csv
162860,Luleå-Kallax Flygplats,13,Rådande väder,"momentanvärde, 1 gång/tim resp 8 gånger/dygn",kod,1993-09-16T21:00:00Z,1993-09-16T23:00:00+02:00,748213200000,,0,0,G,,corrected-archive-csv
162860,Luleå-Kallax Flygplats,13,Rådande väder,"momentanvärde, 1 gång/tim resp 8 gånger/dygn",kod,1993-09-16T22:00:00Z,1993-09-17T00:00:00+02:00,748216800000,,40,40,Y,,corrected-archive-csv
162860,Luleå-Kallax Flygplats,13,Rådande väder,"momentanvärde, 1 gång/tim resp 8 gånger/dygn",kod,1993-09-16T23:00:00Z,1993-09-17T01:00:00+02:00,748220400000,,41,41,Y,,corrected-archive-csv
162860,Luleå-Kallax Flygplats,13,Rådande väder,"momentanvärde, 1 gång/tim resp 8 gånger/dygn",kod,1993-09-17T00:00:00Z,1993-09-17T02:00:00+02:00,748224000000,,0,0,G,,corrected-archive-csv
162860,Luleå-Kallax Flygplats,13,Rådande väder,"momentanvärde, 1 gång/tim resp 8 gånger/dygn",kod,1993-09-17T03:00:00Z,1993-09-17T05:00:00+02:00,748234800000,,0,0,G,,corrected-archive-csv
162860,Luleå-Kallax Flygplats,13,Rådande väder,"momentanvärde, 1 gång/tim resp 8 gånger/dygn",kod,1993-09-17T04:00:00Z,1993-09-17T06:00:00+02:00,748238400000,,14,14,Y,,corrected-archive-csv
162860,Luleå-Kallax Flygplats,13,Rådande väder,"momentanvärde, 1 gång/tim resp 8 gånger/dygn",kod,1993-09-17T05:00:00Z,1993-09-17T07:00:00+02:00,748242000000,,14,14,Y,,corrected-archive-csv
162860,Luleå-Kallax Flygplats,13,Rådande väder,"momentanvärde, 1 gång/tim resp 8 gånger/dygn",kod,1993-09-17T06:00:00Z,1993-09-17T08:00:00+02:00,748245600000,,0,0,G,,corrected-archive-csv
162860,Luleå-Kallax Flygplats,13,Rådande väder,"momentanvärde, 1 gång/tim resp 8 gånger/dygn",kod,1993-09-17T09:00:00Z,1993-09-17T11:00:00+02:00,748256400000,,0,0,G,,corrected-archive-csv
162860,Luleå-Kallax Flygplats,13,Rådande väder,"momentanvärde, 1 gång/tim resp 8 gånger/dygn",kod,1993-09-17T12:00:00Z,1993-09-17T14:00:00+02:00,748267200000,,0,0,G,,corrected-archive-csv
162860,Luleå-Kallax Flygplats,13,Rådande väder,"momentanvärde, 1 gång/tim resp 8 gånger/dygn",kod,1993-09-17T15:00:00Z,1993-09-17T17:00:00+02:00,748278000000,,0,0,G,,corrected-archive-csv
162860,Luleå-Kallax Flygplats,13,Rådande väder,"momentanvärde, 1 gång/tim resp 8 gånger/dygn",kod,1993-09-17T18:00:00Z,1993-09-17T20:00:00+02:00,748288800000,,0,0,G,,corrected-archive-csv
162860,Luleå-Kallax Flygplats,13,Rådande väder,"momentanvärde, 1 gång/tim resp 8 gånger/dygn",kod,1993-09-17T21:00:00Z,1993-09-17T23:00:00+02:00,748299600000,,0,0,G,,corrected-archive-csv
162860,Luleå-Kallax Flygplats,13,Rådande väder,"momentanvärde, 1 gång/tim resp 8 gånger/dygn",kod,1993-09-18T00:00:00Z,1993-09-18T02:00:00+02:00,748310400000,,0,0,G,,corrected-archive-csv
162860,Luleå-Kallax Flygplats,13,Rådande väder,"momentanvärde, 1 gång/tim resp 8 gånger/dygn",kod,1993-09-18T03:00:00Z,1993-09-18T05:00:00+02:00,748321200000,,0,0,G,,corrected-archive-csv
162860,Luleå-Kallax Flygplats,13,Rådande väder,"momentanvärde, 1 gång/tim resp 8 gånger/dygn",kod,1993-09-18T06:00:00Z,1993-09-18T08:00:00+02:00,748332000000,,0,0,G,,corrected-archive-csv
162860,Luleå-Kallax Flygplats,13,Rådande väder,"momentanvärde, 1 gång/tim resp 8 gånger/dygn",kod,1993-09-18T09:00:00Z,1993-09-18T11:00:00+02:00,748342800000,,0,0,G,,corrected-archive-csv
162860,Luleå-Kallax Flygplats,13,Rådande väder,"momentanvärde, 1 gång/tim resp 8 gånger/dygn",kod,1993-09-18T12:00:00Z,1993-09-18T14:00:00+02:00,748353600000,,0,0,G,,corrected-archive-csv
162860,Luleå-Kallax Flygplats,13,Rådande väder,"momentanvärde, 1 gång/tim resp 8 gånger/dygn",kod,1993-09-18T15:00:00Z,1993-09-18T17:00:00+02:00,748364400000,,0,0,G,,corrected-archive-csv
162860,Luleå-Kallax Flygplats,13,Rådande väder,"momentanvärde, 1 gång/tim resp 8 gånger/dygn",kod,1993-09-18T18:00:00Z,1993-09-18T20:00:00+02:00,748375200000,,0,0,G,,corrected-archive-csv
162860,Luleå-Kallax Flygplats,13,Rådande väder,"momentanvärde, 1 gång/tim resp 8 gånger/dygn",kod,1993-09-18T21:00:00Z,1993-09-18T23:00:00+02:00,748386000000,,0,0,G,,corrected-archive-csv
162860,Luleå-Kallax Flygplats,13,Rådande väder,"momentanvärde, 1 gång/tim resp 8 gånger/dygn",kod,1993-09-19T00:00:00Z,1993-09-19T02:00:00+02:00,748396800000,,0,0,G,,corrected-archive-csv
162860,Luleå-Kallax Flygplats,13,Rådande väder,"momentanvärde, 1 gång/tim resp 8 gånger/dygn",kod,1993-09-19T03:00:00Z,1993-09-19T05:00:00+02:00,748407600000,,0,0,G,,corrected-archive-csv
162860,Luleå-Kallax Flygplats,13,Rådande väder,"momentanvärde, 1 gång/tim resp 8 gånger/dygn",kod,1993-09-19T06:00:00Z,1993-09-19T08:00:00+02:00,748418400000,,0,0,G,,corrected-archive-csv
162860,Luleå-Kallax Flygplats,13,Rådande väder,"momentanvärde, 1 gång/tim resp 8 gånger/dygn",kod,1993-09-19T09:00:00Z,1993-09-19T11:00:00+02:00,748429200000,,0,0,G,,corrected-archive-csv
162860,Luleå-Kallax Flygplats,13,Rådande väder,"momentanvärde, 1 gång/tim resp 8 gånger/dygn",kod,1993-09-19T12:00:00Z,1993-09-19T14:00:00+02:00,748440000000,,0,0,G,,corrected-archive-csv
162860,Luleå-Kallax Flygplats,13,Rådande väder,"momentanvärde, 1 gång/tim resp 8 gånger/dygn",kod,1993-09-19T15:00:00Z,1993-09-19T17:00:00+02:00,748450800000,,0,0,G,,corrected-archive-csv
162860,Luleå-Kallax Flygplats,13,Rådande väder,"momentanvärde, 1 gång/tim resp 8 gånger/dygn",kod,1993-09-19T18:00:00Z,1993-09-19T20:00:00+02:00,748461600000,,0,0,G,,corrected-archive-csv
162860,Luleå-Kallax Flygplats,13,Rådande väder,"momentanvärde, 1 gång/tim resp 8 gånger/dygn",kod,1993-09-19T21:00:00Z,1993-09-19T23:00:00+02:00,748472400000,,0,0,G,,corrected-archive-csv
162860,Luleå-Kallax Flygplats,13,Rådande väder,"momentanvärde, 1 gång/tim resp 8 gånger/dygn",kod,1993-09-20T00:00:00Z,1993-09-20T02:00:00+02:00,748483200000,,0,0,G,,corrected-archive-csv
162860,Luleå-Kallax Flygplats,13,Rådande väder,"momentanvärde, 1 gång/tim resp 8 gånger/dygn",kod,1993-09-20T03:00:00Z,1993-09-20T05:00:00+02:00,748494000000,,0,0,G,,corrected-archive-csv
162860,Luleå-Kallax Flygplats,13,Rådande väder,"momentanvärde, 1 gång/tim resp 8 gånger/dygn",kod,1993-09-20T06:00:00Z,1993-09-20T08:00:00+02:00,748504800000,,0,0,G,,corrected-archive-csv
162860,Luleå-Kallax Flygplats,13,Rådande väder,"momentanvärde, 1 gång/tim resp 8 gånger/dygn",kod,1993-09-20T09:00:00Z,1993-09-20T11:00:00+02:00,748515600000,,0,0,G,,corrected-archive-csv
162860,Luleå-Kallax Flygplats,13,Rådande väder,"momentanvärde, 1 gång/tim resp 8 gånger/dygn",kod,1993-09-20T12:00:00Z,1993-09-20T14:00:00+02:00,748526400000,,0,0,G,,corrected-archive-csv
162860,Luleå-Kallax Flygplats,13,Rådande väder,"momentanvärde, 1 gång/tim resp 8 gånger/dygn",kod,1993-09-20T15:00:00Z,1993-09-20T17:00:00+02:00,748537200000,,0,0,G,,corrected-archive-csv
162860,Luleå-Kallax Flygplats,13,Rådande väder,"momentanvärde, 1 gång/tim resp 8 gånger/dygn",kod,1993-09-20T18:00:00Z,1993-09-20T20:00:00+02:00,748548000000,,0,0,G,,corrected-archive-csv
162860,Luleå-Kallax Flygplats,13,Rådande väder,"momentanvärde, 1 gång/tim resp 8 gånger/dygn",kod,1993-09-20T21:00:00Z,1993-09-20T23:00:00+02:00,748558800000,,0,0,G,,corrected-archive-csv
162860,Luleå-Kallax Flygplats,13,Rådande väder,"momentanvärde, 1 gång/tim resp 8 gånger/dygn",kod,1993-09-21T00:00:00Z,1993-09-21T02:00:00+02:00,748569600000,,0,0,G,,corrected-archive-csv
162860,Luleå-Kallax Flygplats,13,Rådande väder,"momentanvärde, 1 gång/tim resp 8 gånger/dygn",kod,1993-09-21T03:00:00Z,1993-09-21T05:00:00+02:00,748580400000,,0,0,G,,corrected-archive-csv
162860,Luleå-Kallax Flygplats,13,Rådande väder,"momentanvärde, 1 gång/tim resp 8 gånger/dygn",kod,1993-09-21T06:00:00Z,1993-09-21T08:00:00+02:00,748591200000,,0,0,G,,corrected-archive-csv
162860,Luleå-Kallax Flygplats,13,Rådande väder,"momentanvärde, 1 gång/tim resp 8 gånger/dygn",kod,1993-09-21T09:00:00Z,1993-09-21T11:00:00+02:00,748602000000,,0,0,G,,corrected-archive-csv
162860,Luleå-Kallax Flygplats,13,Rådande väder,"momentanvärde, 1 gång/tim resp 8 gånger/dygn",kod,1993-09-21T12:00:00Z,1993-09-21T14:00:00+02:00,748612800000,,0,0,G,,corrected-archive-csv
162860,Luleå-Kallax Flygplats,13,Rådande väder,"momentanvärde, 1 gång/tim resp 8 gånger/dygn",kod,1993-09-21T15:00:00Z,1993-09-21T17:00:00+02:00,748623600000,,0,0,G,,corrected-archive-csv
162860,Luleå-Kallax Flygplats,13,Rådande väder,"momentanvärde, 1 gång/tim resp 8 gånger/dygn",kod,1993-09-21T18:00:00Z,1993-09-21T20:00:00+02:00,748634400000,,0,0,G,,corrected-archive-csv
162860,Luleå-Kallax Flygplats,13,Rådande väder,"momentanvärde, 1 gång/tim resp 8 gånger/dygn",kod,1993-09-21T21:00:00Z,1993-09-21T23:00:00+02:00,748645200000,,0,0,G,,corrected-archive-csv
162860,Luleå-Kallax Flygplats,13,Rådande väder,"momentanvärde, 1 gång/tim resp 8 gånger/dygn",kod,1993-09-22T00:00:00Z,1993-09-22T02:00:00+02:00,748656000000,,63,63,G,,corrected-archive-csv
162860,Luleå-Kallax Flygplats,13,Rådande väder,"momentanvärde, 1 gång/tim resp 8 gånger/dygn",kod,1993-09-22T01:00:00Z,1993-09-22T03:00:00+02:00,748659600000,,63,63,Y,,corrected-archive-csv
162860,Luleå-Kallax Flygplats,13,Rådande väder,"momentanvärde, 1 gång/tim resp 8 gånger/dygn",kod,1993-09-22T02:00:00Z,1993-09-22T04:00:00+02:00,748663200000,,63,63,Y,,corrected-archive-csv
162860,Luleå-Kallax Flygplats,13,Rådande väder,"momentanvärde, 1 gång/tim resp 8 gånger/dygn",kod,1993-09-22T03:00:00Z,1993-09-22T05:00:00+02:00,748666800000,,63,63,G,,corrected-archive-csv
162860,Luleå-Kallax Flygplats,13,Rådande väder,"momentanvärde, 1 gång/tim resp 8 gånger/dygn",kod,1993-09-22T04:00:00Z,1993-09-22T06:00:00+02:00,748670400000,,63,63,Y,,corrected-archive-csv
162860,Luleå-Kallax Flygplats,13,Rådande väder,"momentanvärde, 1 gång/tim resp 8 gånger/dygn",kod,1993-09-22T05:00:00Z,1993-09-22T07:00:00+02:00,748674000000,,63,63,Y,,corrected-archive-csv
162860,Luleå-Kallax Flygplats,13,Rådande väder,"momentanvärde, 1 gång/tim resp 8 gånger/dygn",kod,1993-09-22T06:00:00Z,1993-09-22T08:00:00+02:00,748677600000,,63,63,G,,corrected-archive-csv
162860,Luleå-Kallax Flygplats,13,Rådande väder,"momentanvärde, 1 gång/tim resp 8 gånger/dygn",kod,1993-09-22T07:00:00Z,1993-09-22T09:00:00+02:00,748681200000,,63,63,Y,,corrected-archive-csv
162860,Luleå-Kallax Flygplats,13,Rådande väder,"momentanvärde, 1 gång/tim resp 8 gånger/dygn",kod,1993-09-22T08:00:00Z,1993-09-22T10:00:00+02:00,748684800000,,63,63,Y,,corrected-archive-csv
162860,Luleå-Kallax Flygplats,13,Rådande väder,"momentanvärde, 1 gång/tim resp 8 gånger/dygn",kod,1993-09-22T09:00:00Z,1993-09-22T11:00:00+02:00,748688400000,,61,61,G,,corrected-archive-csv
162860,Luleå-Kallax Flygplats,13,Rådande väder,"momentanvärde, 1 gång/tim resp 8 gånger/dygn",kod,1993-09-22T10:00:00Z,1993-09-22T12:00:00+02:00,748692000000,,61,61,Y,,corrected-archive-csv
162860,Luleå-Kallax Flygplats,13,Rådande väder,"momentanvärde, 1 gång/tim resp 8 gånger/dygn",kod,1993-09-22T11:00:00Z,1993-09-22T13:00:00+02:00,748695600000,,61,61,Y,,corrected-archive-csv
162860,Luleå-Kallax Flygplats,13,Rådande väder,"momentanvärde, 1 gång/tim resp 8 gånger/dygn",kod,1993-09-22T12:00:00Z,1993-09-22T14:00:00+02:00,748699200000,,61,61,G,,corrected-archive-csv
162860,Luleå-Kallax Flygplats,13,Rådande väder,"momentanvärde, 1 gång/tim resp 8 gånger/dygn",kod,1993-09-22T13:00:00Z,1993-09-22T15:00:00+02:00,748702800000,,61,61,Y,,corrected-archive-csv
162860,Luleå-Kallax Flygplats,13,Rådande väder,"momentanvärde, 1 gång/tim resp 8 gånger/dygn",kod,1993-09-22T14:00:00Z,1993-09-22T16:00:00+02:00,748706400000,,61,61,Y,,corrected-archive-csv
162860,Luleå-Kallax Flygplats,13,Rådande väder,"momentanvärde, 1 gång/tim resp 8 gånger/dygn",kod,1993-09-22T15:00:00Z,1993-09-22T17:00:00+02:00,748710000000,,61,61,G,,corrected-archive-csv
162860,Luleå-Kallax Flygplats,13,Rådande väder,"momentanvärde, 1 gång/tim resp 8 gånger/dygn",kod,1993-09-22T16:00:00Z,1993-09-22T18:00:00+02:00,748713600000,,61,61,Y,,corrected-archive-csv
162860,Luleå-Kallax Flygplats,13,Rådande väder,"momentanvärde, 1 gång/tim resp 8 gånger/dygn",kod,1993-09-22T17:00:00Z,1993-09-22T19:00:00+02:00,748717200000,,61,61,Y,,corrected-archive-csv
162860,Luleå-Kallax Flygplats,13,Rådande väder,"momentanvärde, 1 gång/tim resp 8 gånger/dygn",kod,1993-09-22T18:00:00Z,1993-09-22T20:00:00+02:00,748720800000,,61,61,G,,corrected-archive-csv
162860,Luleå-Kallax Flygplats,13,Rådande väder,"momentanvärde, 1 gång/tim resp 8 gånger/dygn",kod,1993-09-22T19:00:00Z,1993-09-22T21:00:00+02:00,748724400000,,61,61,Y,,corrected-archive-csv
162860,Luleå-Kallax Flygplats,13,Rådande väder,"momentanvärde, 1 gång/tim resp 8 gånger/dygn",kod,1993-09-22T20:00:00Z,1993-09-22T22:00:00+02:00,748728000000,,61,61,Y,,corrected-archive-csv
162860,Luleå-Kallax Flygplats,13,Rådande väder,"momentanvärde, 1 gång/tim resp 8 gånger/dygn",kod,1993-09-22T21:00:00Z,1993-09-22T23:00:00+02:00,748731600000,,61,61,G,,corrected-archive-csv
162860,Luleå-Kallax Flygplats,13,Rådande väder,"momentanvärde, 1 gång/tim resp 8 gånger/dygn",kod,1993-09-22T22:00:00Z,1993-09-23T00:00:00+02:00,748735200000,,21,21,Y,,corrected-archive-csv
162860,Luleå-Kallax Flygplats,13,Rådande väder,"momentanvärde, 1 gång/tim resp 8 gånger/dygn",kod,1993-09-22T23:00:00Z,1993-09-23T01:00:00+02:00,748738800000,,21,21,Y,,corrected-archive-csv
162860,Luleå-Kallax Flygplats,13,Rådande väder,"momentanvärde, 1 gång/tim resp 8 gånger/dygn",kod,1993-09-23T00:00:00Z,1993-09-23T02:00:00+02:00,748742400000,,2,2,G,,corrected-archive-csv
162860,Luleå-Kallax Flygplats,13,Rådande väder,"momentanvärde, 1 gång/tim resp 8 gånger/dygn",kod,1993-09-23T03:00:00Z,1993-09-23T05:00:00+02:00,748753200000,,0,0,G,,corrected-archive-csv
162860,Luleå-Kallax Flygplats,13,Rådande väder,"momentanvärde, 1 gång/tim resp 8 gånger/dygn",kod,1993-09-23T06:00:00Z,1993-09-23T08:00:00+02:00,748764000000,,0,0,G,,corrected-archive-csv
162860,Luleå-Kallax Flygplats,13,Rådande väder,"momentanvärde, 1 gång/tim resp 8 gånger/dygn",kod,1993-09-23T09:00:00Z,1993-09-23T11:00:00+02:00,748774800000,,0,0,G,,corrected-archive-csv
162860,Luleå-Kallax Flygplats,13,Rådande väder,"momentanvärde, 1 gång/tim resp 8 gånger/dygn",kod,1993-09-23T12:00:00Z,1993-09-23T14:00:00+02:00,748785600000,,0,0,G,,corrected-archive-csv
162860,Luleå-Kallax Flygplats,13,Rådande väder,"momentanvärde, 1 gång/tim resp 8 gånger/dygn",kod,1993-09-23T15:00:00Z,1993-09-23T17:00:00+02:00,748796400000,,0,0,G,,corrected-archive-csv
162860,Luleå-Kallax Flygplats,13,Rådande väder,"momentanvärde, 1 gång/tim resp 8 gånger/dygn",kod,1993-09-23T17:00:00Z,1993-09-23T19:00:00+02:00,748803600000,,51,51,Y,,corrected-archive-csv
162860,Luleå-Kallax Flygplats,13,Rådande väder,"momentanvärde, 1 gång/tim resp 8 gånger/dygn",kod,1993-09-23T18:00:00Z,1993-09-23T20:00:00+02:00,748807200000,,51,51,G,,corrected-archive-csv
162860,Luleå-Kallax Flygplats,13,Rådande väder,"momentanvärde, 1 gång/tim resp 8 gånger/dygn",kod,1993-09-23T21:00:00Z,1993-09-23T23:00:00+02:00,748818000000,,0,0,G,,corrected-archive-csv
162860,Luleå-Kallax Flygplats,13,Rådande väder,"momentanvärde, 1 gång/tim resp 8 gånger/dygn",kod,1993-09-24T00:00:00Z,1993-09-24T02:00:00+02:00,748828800000,,0,0,G,,corrected-archive-csv
162860,Luleå-Kallax Flygplats,13,Rådande väder,"momentanvärde, 1 gång/tim resp 8 gånger/dygn",kod,1993-09-24T03:00:00Z,1993-09-24T05:00:00+02:00,748839600000,,0,0,G,,corrected-archive-csv
162860,Luleå-Kallax Flygplats,13,Rådande väder,"momentanvärde, 1 gång/tim resp 8 gånger/dygn",kod,1993-09-24T06:00:00Z,1993-09-24T08:00:00+02:00,748850400000,,0,0,G,,corrected-archive-csv
162860,Luleå-Kallax Flygplats,13,Rådande väder,"momentanvärde, 1 gång/tim resp 8 gånger/dygn",kod,1993-09-24T09:00:00Z,1993-09-24T11:00:00+02:00,748861200000,,0,0,G,,corrected-archive-csv
162860,Luleå-Kallax Flygplats,13,Rådande väder,"momentanvärde, 1 gång/tim resp 8 gånger/dygn",kod,1993-09-24T12:00:00Z,1993-09-24T14:00:00+02:00,748872000000,,0,0,G,,corrected-archive-csv
162860,Luleå-Kallax Flygplats,13,Rådande väder,"momentanvärde, 1 gång/tim resp 8 gånger/dygn",kod,1993-09-24T15:00:00Z,1993-09-24T17:00:00+02:00,748882800000,,0,0,G,,corrected-archive-csv
162860,Luleå-Kallax Flygplats,13,Rådande väder,"momentanvärde, 1 gång/tim resp 8 gånger/dygn",kod,1993-09-24T18:00:00Z,1993-09-24T20:00:00+02:00,748893600000,,0,0,G,,corrected-archive-csv
162860,Luleå-Kallax Flygplats,13,Rådande väder,"momentanvärde, 1 gång/tim resp 8 gånger/dygn",kod,1993-09-24T21:00:00Z,1993-09-24T23:00:00+02:00,748904400000,,0,0,G,,corrected-archive-csv
162860,Luleå-Kallax Flygplats,13,Rådande väder,"momentanvärde, 1 gång/tim resp 8 gånger/dygn",kod,1993-09-25T00:00:00Z,1993-09-25T02:00:00+02:00,748915200000,,0,0,G,,corrected-archive-csv
162860,Luleå-Kallax Flygplats,13,Rådande väder,"momentanvärde, 1 gång/tim resp 8 gånger/dygn",kod,1993-09-25T03:00:00Z,1993-09-25T05:00:00+02:00,748926000000,,0,0,G,,corrected-archive-csv
162860,Luleå-Kallax Flygplats,13,Rådande väder,"momentanvärde, 1 gång/tim resp 8 gånger/dygn",kod,1993-09-25T06:00:00Z,1993-09-25T08:00:00+02:00,748936800000,,0,0,G,,corrected-archive-csv
162860,Luleå-Kallax Flygplats,13,Rådande väder,"momentanvärde, 1 gång/tim resp 8 gånger/dygn",kod,1993-09-25T09:00:00Z,1993-09-25T11:00:00+02:00,748947600000,,0,0,G,,corrected-archive-csv
162860,Luleå-Kallax Flygplats,13,Rådande väder,"momentanvärde, 1 gång/tim resp 8 gånger/dygn",kod,1993-09-25T12:00:00Z,1993-09-25T14:00:00+02:00,748958400000,,0,0,G,,corrected-archive-csv
162860,Luleå-Kallax Flygplats,13,Rådande väder,"momentanvärde, 1 gång/tim resp 8 gånger/dygn",kod,1993-09-25T15:00:00Z,1993-09-25T17:00:00+02:00,748969200000,,0,0,G,,corrected-archive-csv
162860,Luleå-Kallax Flygplats,13,Rådande väder,"momentanvärde, 1 gång/tim resp 8 gånger/dygn",kod,1993-09-25T18:00:00Z,1993-09-25T20:00:00+02:00,748980000000,,0,0,G,,corrected-archive-csv
162860,Luleå-Kallax Flygplats,13,Rådande väder,"momentanvärde, 1 gång/tim resp 8 gånger/dygn",kod,1993-09-25T21:00:00Z,1993-09-25T23:00:00+02:00,748990800000,,0,0,G,,corrected-archive-csv
162860,Luleå-Kallax Flygplats,13,Rådande väder,"momentanvärde, 1 gång/tim resp 8 gånger/dygn",kod,1993-09-26T00:00:00Z,1993-09-26T02:00:00+02:00,749001600000,,0,0,G,,corrected-archive-csv
162860,Luleå-Kallax Flygplats,13,Rådande väder,"momentanvärde, 1 gång/tim resp 8 gånger/dygn",kod,1993-09-26T06:00:00Z,1993-09-26T07:00:00+01:00,749023200000,,0,0,G,,corrected-archive-csv
162860,Luleå-Kallax Flygplats,13,Rådande väder,"momentanvärde, 1 gång/tim resp 8 gånger/dygn",kod,1993-09-26T09:00:00Z,1993-09-26T10:00:00+01:00,749034000000,,0,0,G,,corrected-archive-csv
162860,Luleå-Kallax Flygplats,13,Rådande väder,"momentanvärde, 1 gång/tim resp 8 gånger/dygn",kod,1993-09-26T12:00:00Z,1993-09-26T13:00:00+01:00,749044800000,,0,0,G,,corrected-archive-csv
162860,Luleå-Kallax Flygplats,13,Rådande väder,"momentanvärde, 1 gång/tim resp 8 gånger/dygn",kod,1993-09-26T15:00:00Z,1993-09-26T16:00:00+01:00,749055600000,,0,0,G,,corrected-archive-csv
162860,Luleå-Kallax Flygplats,13,Rådande väder,"momentanvärde, 1 gång/tim resp 8 gånger/dygn",kod,1993-09-26T18:00:00Z,1993-09-26T19:00:00+01:00,749066400000,,61,61,G,,corrected-archive-csv
162860,Luleå-Kallax Flygplats,13,Rådande väder,"momentanvärde, 1 gång/tim resp 8 gånger/dygn",kod,1993-09-26T19:00:00Z,1993-09-26T20:00:00+01:00,749070000000,,61,61,Y,,corrected-archive-csv
162860,Luleå-Kallax Flygplats,13,Rådande väder,"momentanvärde, 1 gång/tim resp 8 gånger/dygn",kod,1993-09-26T20:00:00Z,1993-09-26T21:00:00+01:00,749073600000,,61,61,Y,,corrected-archive-csv
162860,Luleå-Kallax Flygplats,13,Rådande väder,"momentanvärde, 1 gång/tim resp 8 gånger/dygn",kod,1993-09-26T21:00:00Z,1993-09-26T22:00:00+01:00,749077200000,,61,61,G,,corrected-archive-csv
162860,Luleå-Kallax Flygplats,13,Rådande väder,"momentanvärde, 1 gång/tim resp 8 gånger/dygn",kod,1993-09-26T22:00:00Z,1993-09-26T23:00:00+01:00,749080800000,,21,21,Y,,corrected-archive-csv
162860,Luleå-Kallax Flygplats,13,Rådande väder,"momentanvärde, 1 gång/tim resp 8 gånger/dygn",kod,1993-09-26T23:00:00Z,1993-09-27T00:00:00+01:00,749084400000,,21,21,Y,,corrected-archive-csv
162860,Luleå-Kallax Flygplats,13,Rådande väder,"momentanvärde, 1 gång/tim resp 8 gånger/dygn",kod,1993-09-27T00:00:00Z,1993-09-27T01:00:00+01:00,749088000000,,21,21,G,,corrected-archive-csv
162860,Luleå-Kallax Flygplats,13,Rådande väder,"momentanvärde, 1 gång/tim resp 8 gånger/dygn",kod,1993-09-27T03:00:00Z,1993-09-27T04:00:00+01:00,749098800000,,0,0,G,,corrected-archive-csv
162860,Luleå-Kallax Flygplats,13,Rådande väder,"momentanvärde, 1 gång/tim resp 8 gånger/dygn",kod,1993-09-27T05:00:00Z,1993-09-27T06:00:00+01:00,749106000000,,44,44,Y,,corrected-archive-csv
162860,Luleå-Kallax Flygplats,13,Rådande väder,"momentanvärde, 1 gång/tim resp 8 gånger/dygn",kod,1993-09-27T06:00:00Z,1993-09-27T07:00:00+01:00,749109600000,,0,0,G,,corrected-archive-csv
162860,Luleå-Kallax Flygplats,13,Rådande väder,"momentanvärde, 1 gång/tim resp 8 gånger/dygn",kod,1993-09-27T07:00:00Z,1993-09-27T08:00:00+01:00,749113200000,,15,15,Y,,corrected-archive-csv
162860,Luleå-Kallax Flygplats,13,Rådande väder,"momentanvärde, 1 gång/tim resp 8 gånger/dygn",kod,1993-09-27T08:00:00Z,1993-09-27T09:00:00+01:00,749116800000,,14,14,Y,,corrected-archive-csv
162860,Luleå-Kallax Flygplats,13,Rådande väder,"momentanvärde, 1 gång/tim resp 8 gånger/dygn",kod,1993-09-27T09:00:00Z,1993-09-27T10:00:00+01:00,749120400000,,14,14,G,,corrected-archive-csv
162860,Luleå-Kallax Flygplats,13,Rådande väder,"momentanvärde, 1 gång/tim resp 8 gånger/dygn",kod,1993-09-27T10:00:00Z,1993-09-27T11:00:00+01:00,749124000000,,14,14,Y,,corrected-archive-csv
162860,Luleå-Kallax Flygplats,13,Rådande väder,"momentanvärde, 1 gång/tim resp 8 gånger/dygn",kod,1993-09-27T12:00:00Z,1993-09-27T13:00:00+01:00,749131200000,,0,0,G,,corrected-archive-csv
162860,Luleå-Kallax Flygplats,13,Rådande väder,"momentanvärde, 1 gång/tim resp 8 gånger/dygn",kod,1993-09-27T13:00:00Z,1993-09-27T14:00:00+01:00,749134800000,,14,14,Y,,corrected-archive-csv
162860,Luleå-Kallax Flygplats,13,Rådande väder,"momentanvärde, 1 gång/tim resp 8 gånger/dygn",kod,1993-09-27T14:00:00Z,1993-09-27T15:00:00+01:00,749138400000,,14,14,Y,,corrected-archive-csv
162860,Luleå-Kallax Flygplats,13,Rådande väder,"momentanvärde, 1 gång/tim resp 8 gånger/dygn",kod,1993-09-27T15:00:00Z,1993-09-27T16:00:00+01:00,749142000000,,14,14,G,,corrected-archive-csv
162860,Luleå-Kallax Flygplats,13,Rådande väder,"momentanvärde, 1 gång/tim resp 8 gånger/dygn",kod,1993-09-27T18:00:00Z,1993-09-27T19:00:00+01:00,749152800000,,0,0,G,,corrected-archive-csv
162860,Luleå-Kallax Flygplats,13,Rådande väder,"momentanvärde, 1 gång/tim resp 8 gånger/dygn",kod,1993-09-27T21:00:00Z,1993-09-27T22:00:00+01:00,749163600000,,0,0,G,,corrected-archive-csv
162860,Luleå-Kallax Flygplats,13,Rådande väder,"momentanvärde, 1 gång/tim resp 8 gånger/dygn",kod,1993-09-28T00:00:00Z,1993-09-28T01:00:00+01:00,749174400000,,0,0,G,,corrected-archive-csv
162860,Luleå-Kallax Flygplats,13,Rådande väder,"momentanvärde, 1 gång/tim resp 8 gånger/dygn",kod,1993-09-28T03:00:00Z,1993-09-28T04:00:00+01:00,749185200000,,0,0,G,,corrected-archive-csv
162860,Luleå-Kallax Flygplats,13,Rådande väder,"momentanvärde, 1 gång/tim resp 8 gånger/dygn",kod,1993-09-28T06:00:00Z,1993-09-28T07:00:00+01:00,749196000000,,40,40,G,,corrected-archive-csv
162860,Luleå-Kallax Flygplats,13,Rådande väder,"momentanvärde, 1 gång/tim resp 8 gånger/dygn",kod,1993-09-28T07:00:00Z,1993-09-28T08:00:00+01:00,749199600000,,40,40,Y,,corrected-archive-csv
162860,Luleå-Kallax Flygplats,13,Rådande väder,"momentanvärde, 1 gång/tim resp 8 gånger/dygn",kod,1993-09-28T08:00:00Z,1993-09-28T09:00:00+01:00,749203200000,,10,10,Y,,corrected-archive-csv
162860,Luleå-Kallax Flygplats,13,Rådande väder,"momentanvärde, 1 gång/tim resp 8 gånger/dygn",kod,1993-09-28T09:00:00Z,1993-09-28T10:00:00+01:00,749206800000,,0,0,G,,corrected-archive-csv
162860,Luleå-Kallax Flygplats,13,Rådande väder,"momentanvärde, 1 gång/tim resp 8 gånger/dygn",kod,1993-09-28T12:00:00Z,1993-09-28T13:00:00+01:00,749217600000,,0,0,G,,corrected-archive-csv
162860,Luleå-Kallax Flygplats,13,Rådande väder,"momentanvärde, 1 gång/tim resp 8 gånger/dygn",kod,1993-09-28T15:00:00Z,1993-09-28T16:00:00+01:00,749228400000,,0,0,G,,corrected-archive-csv
162860,Luleå-Kallax Flygplats,13,Rådande väder,"momentanvärde, 1 gång/tim resp 8 gånger/dygn",kod,1993-09-28T18:00:00Z,1993-09-28T19:00:00+01:00,749239200000,,0,0,G,,corrected-archive-csv
162860,Luleå-Kallax Flygplats,13,Rådande väder,"momentanvärde, 1 gång/tim resp 8 gånger/dygn",kod,1993-09-28T21:00:00Z,1993-09-28T22:00:00+01:00,749250000000,,0,0,G,,corrected-archive-csv
162860,Luleå-Kallax Flygplats,13,Rådande väder,"momentanvärde, 1 gång/tim resp 8 gånger/dygn",kod,1993-09-29T00:00:00Z,1993-09-29T01:00:00+01:00,749260800000,,0,0,G,,corrected-archive-csv
162860,Luleå-Kallax Flygplats,13,Rådande väder,"momentanvärde, 1 gång/tim resp 8 gånger/dygn",kod,1993-09-29T03:00:00Z,1993-09-29T04:00:00+01:00,749271600000,,0,0,G,,corrected-archive-csv
162860,Luleå-Kallax Flygplats,13,Rådande väder,"momentanvärde, 1 gång/tim resp 8 gånger/dygn",kod,1993-09-29T06:00:00Z,1993-09-29T07:00:00+01:00,749282400000,,0,0,G,,corrected-archive-csv
162860,Luleå-Kallax Flygplats,13,Rådande väder,"momentanvärde, 1 gång/tim resp 8 gånger/dygn",kod,1993-09-29T09:00:00Z,1993-09-29T10:00:00+01:00,749293200000,,0,0,G,,corrected-archive-csv
162860,Luleå-Kallax Flygplats,13,Rådande väder,"momentanvärde, 1 gång/tim resp 8 gånger/dygn",kod,1993-09-29T12:00:00Z,1993-09-29T13:00:00+01:00,749304000000,,0,0,G,,corrected-archive-csv
162860,Luleå-Kallax Flygplats,13,Rådande väder,"momentanvärde, 1 gång/tim resp 8 gånger/dygn",kod,1993-09-29T15:00:00Z,1993-09-29T16:00:00+01:00,749314800000,,0,0,G,,corrected-archive-csv
162860,Luleå-Kallax Flygplats,13,Rådande väder,"momentanvärde, 1 gång/tim resp 8 gånger/dygn",kod,1993-09-29T18:00:00Z,1993-09-29T19:00:00+01:00,749325600000,,0,0,G,,corrected-archive-csv
162860,Luleå-Kallax Flygplats,13,Rådande väder,"momentanvärde, 1 gång/tim resp 8 gånger/dygn",kod,1993-09-29T21:00:00Z,1993-09-29T22:00:00+01:00,749336400000,,0,0,G,,corrected-archive-csv
162860,Luleå-Kallax Flygplats,13,Rådande väder,"momentanvärde, 1 gång/tim resp 8 gånger/dygn",kod,1993-09-30T00:00:00Z,1993-09-30T01:00:00+01:00,749347200000,,0,0,G,,corrected-archive-csv
162860,Luleå-Kallax Flygplats,13,Rådande väder,"momentanvärde, 1 gång/tim resp 8 gånger/dygn",kod,1993-09-30T03:00:00Z,1993-09-30T04:00:00+01:00,749358000000,,0,0,G,,corrected-archive-csv
162860,Luleå-Kallax Flygplats,13,Rådande väder,"momentanvärde, 1 gång/tim resp 8 gånger/dygn",kod,1993-09-30T06:00:00Z,1993-09-30T07:00:00+01:00,749368800000,,0,0,G,,corrected-archive-csv
162860,Luleå-Kallax Flygplats,13,Rådande väder,"momentanvärde, 1 gång/tim resp 8 gånger/dygn",kod,1993-09-30T09:00:00Z,1993-09-30T10:00:00+01:00,749379600000,,0,0,G,,corrected-archive-csv
162860,Luleå-Kallax Flygplats,13,Rådande väder,"momentanvärde, 1 gång/tim resp 8 gånger/dygn",kod,1993-09-30T11:00:00Z,1993-09-30T12:00:00+01:00,749386800000,,14,14,Y,,corrected-archive-csv
162860,Luleå-Kallax Flygplats,13,Rådande väder,"momentanvärde, 1 gång/tim resp 8 gånger/dygn",kod,1993-09-30T12:00:00Z,1993-09-30T13:00:00+01:00,749390400000,,14,14,G,,corrected-archive-csv
162860,Luleå-Kallax Flygplats,13,Rådande väder,"momentanvärde, 1 gång/tim resp 8 gånger/dygn",kod,1993-09-30T13:00:00Z,1993-09-30T14:00:00+01:00,749394000000,,14,14,Y,,corrected-archive-csv
162860,Luleå-Kallax Flygplats,13,Rådande väder,"momentanvärde, 1 gång/tim resp 8 gånger/dygn",kod,1993-09-30T15:00:00Z,1993-09-30T16:00:00+01:00,749401200000,,0,0,G,,corrected-archive-csv
162860,Luleå-Kallax Flygplats,13,Rådande väder,"momentanvärde, 1 gång/tim resp 8 gånger/dygn",kod,1993-09-30T18:00:00Z,1993-09-30T19:00:00+01:00,749412000000,,0,0,G,,corrected-archive-csv
162860,Luleå-Kallax Flygplats,13,Rådande väder,"momentanvärde, 1 gång/tim resp 8 gånger/dygn",kod,1993-09-30T21:00:00Z,1993-09-30T22:00:00+01:00,749422800000,,12,12,G,,corrected-archive-csv
162860,Luleå-Kallax Flygplats,13,Rådande väder,"momentanvärde, 1 gång/tim resp 8 gånger/dygn",kod,1993-09-30T22:00:00Z,1993-09-30T23:00:00+01:00,749426400000,,12,12,Y,,corrected-archive-csv
162860,Luleå-Kallax Flygplats,13,Rådande väder,"momentanvärde, 1 gång/tim resp 8 gånger/dygn",kod,1993-09-30T23:00:00Z,1993-10-01T00:00:00+01:00,749430000000,,12,12,Y,,corrected-archive-csv
162860,Luleå-Kallax Flygplats,13,Rådande väder,"momentanvärde, 1 gång/tim resp 8 gånger/dygn",kod,1993-10-01T00:00:00Z,1993-10-01T01:00:00+01:00,749433600000,,12,12,G,,corrected-archive-csv
162860,Luleå-Kallax Flygplats,13,Rådande väder,"momentanvärde, 1 gång/tim resp 8 gånger/dygn",kod,1993-10-01T01:00:00Z,1993-10-01T02:00:00+01:00,749437200000,,12,12,Y,,corrected-archive-csv
162860,Luleå-Kallax Flygplats,13,Rådande väder,"momentanvärde, 1 gång/tim resp 8 gånger/dygn",kod,1993-10-01T02:00:00Z,1993-10-01T03:00:00+01:00,749440800000,,2,2,Y,,corrected-archive-csv
162860,Luleå-Kallax Flygplats,13,Rådande väder,"momentanvärde, 1 gång/tim resp 8 gånger/dygn",kod,1993-10-01T03:00:00Z,1993-10-01T04:00:00+01:00,749444400000,,2,2,G,,corrected-archive-csv
162860,Luleå-Kallax Flygplats,13,Rådande väder,"momentanvärde, 1 gång/tim resp 8 gånger/dygn",kod,1993-10-01T04:00:00Z,1993-10-01T05:00:00+01:00,749448000000,,2,2,Y,,corrected-archive-csv
162860,Luleå-Kallax Flygplats,13,Rådande väder,"momentanvärde, 1 gång/tim resp 8 gånger/dygn",kod,1993-10-01T05:00:00Z,1993-10-01T06:00:00+01:00,749451600000,,2,2,Y,,corrected-archive-csv
162860,Luleå-Kallax Flygplats,13,Rådande väder,"momentanvärde, 1 gång/tim resp 8 gånger/dygn",kod,1993-10-01T06:00:00Z,1993-10-01T07:00:00+01:00,749455200000,,2,2,G,,corrected-archive-csv
162860,Luleå-Kallax Flygplats,13,Rådande väder,"momentanvärde, 1 gång/tim resp 8 gånger/dygn",kod,1993-10-01T09:00:00Z,1993-10-01T10:00:00+01:00,749466000000,,0,0,G,,corrected-archive-csv
162860,Luleå-Kallax Flygplats,13,Rådande väder,"momentanvärde, 1 gång/tim resp 8 gånger/dygn",kod,1993-10-01T12:00:00Z,1993-10-01T13:00:00+01:00,749476800000,,0,0,G,,corrected-archive-csv
162860,Luleå-Kallax Flygplats,13,Rådande väder,"momentanvärde, 1 gång/tim resp 8 gånger/dygn",kod,1993-10-01T15:00:00Z,1993-10-01T16:00:00+01:00,749487600000,,0,0,G,,corrected-archive-csv
162860,Luleå-Kallax Flygplats,13,Rådande väder,"momentanvärde, 1 gång/tim resp 8 gånger/dygn",kod,1993-10-01T18:00:00Z,1993-10-01T19:00:00+01:00,749498400000,,0,0,G,,corrected-archive-csv
162860,Luleå-Kallax Flygplats,13,Rådande väder,"momentanvärde, 1 gång/tim resp 8 gånger/dygn",kod,1993-10-01T21:00:00Z,1993-10-01T22:00:00+01:00,749509200000,,0,0,G,,corrected-archive-csv
162860,Luleå-Kallax Flygplats,13,Rådande väder,"momentanvärde, 1 gång/tim resp 8 gånger/dygn",kod,1993-10-02T00:00:00Z,1993-10-02T01:00:00+01:00,749520000000,,0,0,G,,corrected-archive-csv
162860,Luleå-Kallax Flygplats,13,Rådande väder,"momentanvärde, 1 gång/tim resp 8 gånger/dygn",kod,1993-10-02T03:00:00Z,1993-10-02T04:00:00+01:00,749530800000,,0,0,G,,corrected-archive-csv
162860,Luleå-Kallax Flygplats,13,Rådande väder,"momentanvärde, 1 gång/tim resp 8 gånger/dygn",kod,1993-10-02T06:00:00Z,1993-10-02T07:00:00+01:00,749541600000,,0,0,G,,corrected-archive-csv
162860,Luleå-Kallax Flygplats,13,Rådande väder,"momentanvärde, 1 gång/tim resp 8 gånger/dygn",kod,1993-10-02T09:00:00Z,1993-10-02T10:00:00+01:00,749552400000,,0,0,G,,corrected-archive-csv
162860,Luleå-Kallax Flygplats,13,Rådande väder,"momentanvärde, 1 gång/tim resp 8 gånger/dygn",kod,1993-10-02T12:00:00Z,1993-10-02T13:00:00+01:00,749563200000,,0,0,G,,corrected-archive-csv
162860,Luleå-Kallax Flygplats,13,Rådande väder,"momentanvärde, 1 gång/tim resp 8 gånger/dygn",kod,1993-10-02T15:00:00Z,1993-10-02T16:00:00+01:00,749574000000,,0,0,G,,corrected-archive-csv
162860,Luleå-Kallax Flygplats,13,Rådande väder,"momentanvärde, 1 gång/tim resp 8 gånger/dygn",kod,1993-10-02T18:00:00Z,1993-10-02T19:00:00+01:00,749584800000,,0,0,G,,corrected-archive-csv
162860,Luleå-Kallax Flygplats,13,Rådande väder,"momentanvärde, 1 gång/tim resp 8 gånger/dygn",kod,1993-10-02T21:00:00Z,1993-10-02T22:00:00+01:00,749595600000,,0,0,G,,corrected-archive-csv
162860,Luleå-Kallax Flygplats,13,Rådande väder,"momentanvärde, 1 gång/tim resp 8 gånger/dygn",kod,1993-10-03T00:00:00Z,1993-10-03T01:00:00+01:00,749606400000,,0,0,G,,corrected-archive-csv
162860,Luleå-Kallax Flygplats,13,Rådande väder,"momentanvärde, 1 gång/tim resp 8 gånger/dygn",kod,1993-10-03T03:00:00Z,1993-10-03T04:00:00+01:00,749617200000,,0,0,G,,corrected-archive-csv
162860,Luleå-Kallax Flygplats,13,Rådande väder,"momentanvärde, 1 gång/tim resp 8 gånger/dygn",kod,1993-10-03T06:00:00Z,1993-10-03T07:00:00+01:00,749628000000,,0,0,G,,corrected-archive-csv
162860,Luleå-Kallax Flygplats,13,Rådande väder,"momentanvärde, 1 gång/tim resp 8 gånger/dygn",kod,1993-10-03T09:00:00Z,1993-10-03T10:00:00+01:00,749638800000,,0,0,G,,corrected-archive-csv
162860,Luleå-Kallax Flygplats,13,Rådande väder,"momentanvärde, 1 gång/tim resp 8 gånger/dygn",kod,1993-10-03T12:00:00Z,1993-10-03T13:00:00+01:00,749649600000,,0,0,G,,corrected-archive-csv
162860,Luleå-Kallax Flygplats,13,Rådande väder,"momentanvärde, 1 gång/tim resp 8 gånger/dygn",kod,1993-10-03T15:00:00Z,1993-10-03T16:00:00+01:00,749660400000,,0,0,G,,corrected-archive-csv
162860,Luleå-Kallax Flygplats,13,Rådande väder,"momentanvärde, 1 gång/tim resp 8 gånger/dygn",kod,1993-10-03T18:00:00Z,1993-10-03T19:00:00+01:00,749671200000,,0,0,G,,corrected-archive-csv
162860,Luleå-Kallax Flygplats,13,Rådande väder,"momentanvärde, 1 gång/tim resp 8 gånger/dygn",kod,1993-10-03T21:00:00Z,1993-10-03T22:00:00+01:00,749682000000,,0,0,G,,corrected-archive-csv
162860,Luleå-Kallax Flygplats,13,Rådande väder,"momentanvärde, 1 gång/tim resp 8 gånger/dygn",kod,1993-10-04T00:00:00Z,1993-10-04T01:00:00+01:00,749692800000,,0,0,G,,corrected-archive-csv
162860,Luleå-Kallax Flygplats,13,Rådande väder,"momentanvärde, 1 gång/tim resp 8 gånger/dygn",kod,1993-10-04T03:00:00Z,1993-10-04T04:00:00+01:00,749703600000,,0,0,G,,corrected-archive-csv
162860,Luleå-Kallax Flygplats,13,Rådande väder,"momentanvärde, 1 gång/tim resp 8 gånger/dygn",kod,1993-10-04T06:00:00Z,1993-10-04T07:00:00+01:00,749714400000,,0,0,G,,corrected-archive-csv
162860,Luleå-Kallax Flygplats,13,Rådande väder,"momentanvärde, 1 gång/tim resp 8 gånger/dygn",kod,1993-10-04T09:00:00Z,1993-10-04T10:00:00+01:00,749725200000,,0,0,G,,corrected-archive-csv
162860,Luleå-Kallax Flygplats,13,Rådande väder,"momentanvärde, 1 gång/tim resp 8 gånger/dygn",kod,1993-10-04T10:00:00Z,1993-10-04T11:00:00+01:00,749728800000,,20,20,Y,,corrected-archive-csv
162860,Luleå-Kallax Flygplats,13,Rådande väder,"momentanvärde, 1 gång/tim resp 8 gånger/dygn",kod,1993-10-04T11:00:00Z,1993-10-04T12:00:00+01:00,749732400000,,2,2,Y,,corrected-archive-csv
162860,Luleå-Kallax Flygplats,13,Rådande väder,"momentanvärde, 1 gång/tim resp 8 gånger/dygn",kod,1993-10-04T12:00:00Z,1993-10-04T13:00:00+01:00,749736000000,,2,2,G,,corrected-archive-csv
162860,Luleå-Kallax Flygplats,13,Rådande väder,"momentanvärde, 1 gång/tim resp 8 gånger/dygn",kod,1993-10-04T13:00:00Z,1993-10-04T14:00:00+01:00,749739600000,,61,61,Y,,corrected-archive-csv
162860,Luleå-Kallax Flygplats,13,Rådande väder,"momentanvärde, 1 gång/tim resp 8 gånger/dygn",kod,1993-10-04T14:00:00Z,1993-10-04T15:00:00+01:00,749743200000,,61,61,Y,,corrected-archive-csv
162860,Luleå-Kallax Flygplats,13,Rådande väder,"momentanvärde, 1 gång/tim resp 8 gånger/dygn",kod,1993-10-04T15:00:00Z,1993-10-04T16:00:00+01:00,749746800000,,63,63,G,,corrected-archive-csv
162860,Luleå-Kallax Flygplats,13,Rådande väder,"momentanvärde, 1 gång/tim resp 8 gånger/dygn",kod,1993-10-04T16:00:00Z,1993-10-04T17:00:00+01:00,749750400000,,63,63,Y,,corrected-archive-csv
162860,Luleå-Kallax Flygplats,13,Rådande väder,"momentanvärde, 1 gång/tim resp 8 gånger/dygn",kod,1993-10-04T17:00:00Z,1993-10-04T18:00:00+01:00,749754000000,,61,61,Y,,corrected-archive-csv
162860,Luleå-Kallax Flygplats,13,Rådande väder,"momentanvärde, 1 gång/tim resp 8 gånger/dygn",kod,1993-10-04T18:00:00Z,1993-10-04T19:00:00+01:00,749757600000,,61,61,G,,corrected-archive-csv
162860,Luleå-Kallax Flygplats,13,Rådande väder,"momentanvärde, 1 gång/tim resp 8 gånger/dygn",kod,1993-10-04T19:00:00Z,1993-10-04T20:00:00+01:00,749761200000,,63,63,Y,,corrected-archive-csv
162860,Luleå-Kallax Flygplats,13,Rådande väder,"momentanvärde, 1 gång/tim resp 8 gånger/dygn",kod,1993-10-04T20:00:00Z,1993-10-04T21:00:00+01:00,749764800000,,63,63,Y,,corrected-archive-csv
162860,Luleå-Kallax Flygplats,13,Rådande väder,"momentanvärde, 1 gång/tim resp 8 gånger/dygn",kod,1993-10-04T21:00:00Z,1993-10-04T22:00:00+01:00,749768400000,,63,63,G,,corrected-archive-csv
162860,Luleå-Kallax Flygplats,13,Rådande väder,"momentanvärde, 1 gång/tim resp 8 gånger/dygn",kod,1993-10-04T22:00:00Z,1993-10-04T23:00:00+01:00,749772000000,,51,51,Y,,corrected-archive-csv
162860,Luleå-Kallax Flygplats,13,Rådande väder,"momentanvärde, 1 gång/tim resp 8 gånger/dygn",kod,1993-10-04T23:00:00Z,1993-10-05T00:00:00+01:00,749775600000,,10,10,Y,,corrected-archive-csv
162860,Luleå-Kallax Flygplats,13,Rådande väder,"momentanvärde, 1 gång/tim resp 8 gånger/dygn",kod,1993-10-05T00:00:00Z,1993-10-05T01:00:00+01:00,749779200000,,10,10,G,,corrected-archive-csv
162860,Luleå-Kallax Flygplats,13,Rådande väder,"momentanvärde, 1 gång/tim resp 8 gånger/dygn",kod,1993-10-05T01:00:00Z,1993-10-05T02:00:00+01:00,749782800000,,63,63,Y,,corrected-archive-csv
162860,Luleå-Kallax Flygplats,13,Rådande väder,"momentanvärde, 1 gång/tim resp 8 gånger/dygn",kod,1993-10-05T02:00:00Z,1993-10-05T03:00:00+01:00,749786400000,,10,10,Y,,corrected-archive-csv
162860,Luleå-Kallax Flygplats,13,Rådande väder,"momentanvärde, 1 gång/tim resp 8 gånger/dygn",kod,1993-10-05T03:00:00Z,1993-10-05T04:00:00+01:00,749790000000,,10,10,G,,corrected-archive-csv
162860,Luleå-Kallax Flygplats,13,Rådande väder,"momentanvärde, 1 gång/tim resp 8 gånger/dygn",kod,1993-10-05T04:00:00Z,1993-10-05T05:00:00+01:00,749793600000,,47,47,Y,,corrected-archive-csv
162860,Luleå-Kallax Flygplats,13,Rådande väder,"momentanvärde, 1 gång/tim resp 8 gånger/dygn",kod,1993-10-05T05:00:00Z,1993-10-05T06:00:00+01:00,749797200000,,45,45,Y,,corrected-archive-csv
162860,Luleå-Kallax Flygplats,13,Rådande väder,"momentanvärde, 1 gång/tim resp 8 gånger/dygn",kod,1993-10-05T06:00:00Z,1993-10-05T07:00:00+01:00,749800800000,,10,10,G,,corrected-archive-csv
162860,Luleå-Kallax Flygplats,13,Rådande väder,"momentanvärde, 1 gång/tim resp 8 gånger/dygn",kod,1993-10-05T07:00:00Z,1993-10-05T08:00:00+01:00,749804400000,,20,20,Y,,corrected-archive-csv
162860,Luleå-Kallax Flygplats,13,Rådande väder,"momentanvärde, 1 gång/tim resp 8 gånger/dygn",kod,1993-10-05T08:00:00Z,1993-10-05T09:00:00+01:00,749808000000,,10,10,Y,,corrected-archive-csv
162860,Luleå-Kallax Flygplats,13,Rådande väder,"momentanvärde, 1 gång/tim resp 8 gånger/dygn",kod,1993-10-05T09:00:00Z,1993-10-05T10:00:00+01:00,749811600000,,1,1,G,,corrected-archive-csv
162860,Luleå-Kallax Flygplats,13,Rådande väder,"momentanvärde, 1 gång/tim resp 8 gånger/dygn",kod,1993-10-05T10:00:00Z,1993-10-05T11:00:00+01:00,749815200000,,3,3,Y,,corrected-archive-csv
162860,Luleå-Kallax Flygplats,13,Rådande väder,"momentanvärde, 1 gång/tim resp 8 gånger/dygn",kod,1993-10-05T11:00:00Z,1993-10-05T12:00:00+01:00,749818800000,,3,3,Y,,corrected-archive-csv
162860,Luleå-Kallax Flygplats,13,Rådande väder,"momentanvärde, 1 gång/tim resp 8 gånger/dygn",kod,1993-10-05T12:00:00Z,1993-10-05T13:00:00+01:00,749822400000,,1,1,G,,corrected-archive-csv
162860,Luleå-Kallax Flygplats,13,Rådande väder,"momentanvärde, 1 gång/tim resp 8 gånger/dygn",kod,1993-10-05T15:00:00Z,1993-10-05T16:00:00+01:00,749833200000,,0,0,G,,corrected-archive-csv
162860,Luleå-Kallax Flygplats,13,Rådande väder,"momentanvärde, 1 gång/tim resp 8 gånger/dygn",kod,1993-10-05T18:00:00Z,1993-10-05T19:00:00+01:00,749844000000,,0,0,G,,corrected-archive-csv
162860,Luleå-Kallax Flygplats,13,Rådande väder,"momentanvärde, 1 gång/tim resp 8 gånger/dygn",kod,1993-10-05T21:00:00Z,1993-10-05T22:00:00+01:00,749854800000,,0,0,G,,corrected-archive-csv
162860,Luleå-Kallax Flygplats,13,Rådande väder,"momentanvärde, 1 gång/tim resp 8 gånger/dygn",kod,1993-10-05T23:00:00Z,1993-10-06T00:00:00+01:00,749862000000,,61,61,Y,,corrected-archive-csv
162860,Luleå-Kallax Flygplats,13,Rådande väder,"momentanvärde, 1 gång/tim resp 8 gånger/dygn",kod,1993-10-06T00:00:00Z,1993-10-06T01:00:00+01:00,749865600000,,61,61,G,,corrected-archive-csv
162860,Luleå-Kallax Flygplats,13,Rådande väder,"momentanvärde, 1 gång/tim resp 8 gånger/dygn",kod,1993-10-06T01:00:00Z,1993-10-06T02:00:00+01:00,749869200000,,61,61,Y,,corrected-archive-csv
162860,Luleå-Kallax Flygplats,13,Rådande väder,"momentanvärde, 1 gång/tim resp 8 gånger/dygn",kod,1993-10-06T02:00:00Z,1993-10-06T03:00:00+01:00,749872800000,,21,21,Y,,corrected-archive-csv
162860,Luleå-Kallax Flygplats,13,Rådande väder,"momentanvärde, 1 gång/tim resp 8 gånger/dygn",kod,1993-10-06T03:00:00Z,1993-10-06T04:00:00+01:00,749876400000,,1,1,G,,corrected-archive-csv
162860,Luleå-Kallax Flygplats,13,Rådande väder,"momentanvärde, 1 gång/tim resp 8 gånger/dygn",kod,1993-10-06T04:00:00Z,1993-10-06T05:00:00+01:00,749880000000,,1,1,Y,,corrected-archive-csv
162860,Luleå-Kallax Flygplats,13,Rådande väder,"momentanvärde, 1 gång/tim resp 8 gånger/dygn",kod,1993-10-06T05:00:00Z,1993-10-06T06:00:00+01:00,749883600000,,2,2,Y,,corrected-archive-csv
162860,Luleå-Kallax Flygplats,13,Rådande väder,"momentanvärde, 1 gång/tim resp 8 gånger/dygn",kod,1993-10-06T06:00:00Z,1993-10-06T07:00:00+01:00,749887200000,,2,2,G,,corrected-archive-csv
162860,Luleå-Kallax Flygplats,13,Rådande väder,"momentanvärde, 1 gång/tim resp 8 gånger/dygn",kod,1993-10-06T09:00:00Z,1993-10-06T10:00:00+01:00,749898000000,,0,0,G,,corrected-archive-csv
162860,Luleå-Kallax Flygplats,13,Rådande väder,"momentanvärde, 1 gång/tim resp 8 gånger/dygn",kod,1993-10-06T12:00:00Z,1993-10-06T13:00:00+01:00,749908800000,,0,0,G,,corrected-archive-csv
162860,Luleå-Kallax Flygplats,13,Rådande väder,"momentanvärde, 1 gång/tim resp 8 gånger/dygn",kod,1993-10-06T15:00:00Z,1993-10-06T16:00:00+01:00,749919600000,,0,0,G,,corrected-archive-csv
162860,Luleå-Kallax Flygplats,13,Rådande väder,"momentanvärde, 1 gång/tim resp 8 gånger/dygn",kod,1993-10-06T18:00:00Z,1993-10-06T19:00:00+01:00,749930400000,,0,0,G,,corrected-archive-csv
162860,Luleå-Kallax Flygplats,13,Rådande väder,"momentanvärde, 1 gång/tim resp 8 gånger/dygn",kod,1993-10-06T21:00:00Z,1993-10-06T22:00:00+01:00,749941200000,,0,0,G,,corrected-archive-csv
162860,Luleå-Kallax Flygplats,13,Rådande väder,"momentanvärde, 1 gång/tim resp 8 gånger/dygn",kod,1993-10-07T00:00:00Z,1993-10-07T01:00:00+01:00,749952000000,,0,0,G,,corrected-archive-csv
162860,Luleå-Kallax Flygplats,13,Rådande väder,"momentanvärde, 1 gång/tim resp 8 gånger/dygn",kod,1993-10-07T03:00:00Z,1993-10-07T04:00:00+01:00,749962800000,,0,0,G,,corrected-archive-csv
162860,Luleå-Kallax Flygplats,13,Rådande väder,"momentanvärde, 1 gång/tim resp 8 gånger/dygn",kod,1993-10-07T06:00:00Z,1993-10-07T07:00:00+01:00,749973600000,,0,0,G,,corrected-archive-csv
162860,Luleå-Kallax Flygplats,13,Rådande väder,"momentanvärde, 1 gång/tim resp 8 gånger/dygn",kod,1993-10-07T08:00:00Z,1993-10-07T09:00:00+01:00,749980800000,,68,68,Y,,corrected-archive-csv
162860,Luleå-Kallax Flygplats,13,Rådande väder,"momentanvärde, 1 gång/tim resp 8 gånger/dygn",kod,1993-10-07T09:00:00Z,1993-10-07T10:00:00+01:00,749984400000,,68,68,G,,corrected-archive-csv
162860,Luleå-Kallax Flygplats,13,Rådande väder,"momentanvärde, 1 gång/tim resp 8 gånger/dygn",kod,1993-10-07T10:00:00Z,1993-10-07T11:00:00+01:00,749988000000,,68,68,Y,,corrected-archive-csv
162860,Luleå-Kallax Flygplats,13,Rådande väder,"momentanvärde, 1 gång/tim resp 8 gånger/dygn",kod,1993-10-07T11:00:00Z,1993-10-07T12:00:00+01:00,749991600000,,68,68,Y,,corrected-archive-csv
162860,Luleå-Kallax Flygplats,13,Rådande väder,"momentanvärde, 1 gång/tim resp 8 gånger/dygn",kod,1993-10-07T12:00:00Z,1993-10-07T13:00:00+01:00,749995200000,,61,61,G,,corrected-archive-csv
162860,Luleå-Kallax Flygplats,13,Rådande väder,"momentanvärde, 1 gång/tim resp 8 gånger/dygn",kod,1993-10-07T13:00:00Z,1993-10-07T14:00:00+01:00,749998800000,,63,63,Y,,corrected-archive-csv
162860,Luleå-Kallax Flygplats,13,Rådande väder,"momentanvärde, 1 gång/tim resp 8 gånger/dygn",kod,1993-10-07T14:00:00Z,1993-10-07T15:00:00+01:00,750002400000,,68,68,Y,,corrected-archive-csv
162860,Luleå-Kallax Flygplats,13,Rådande väder,"momentanvärde, 1 gång/tim resp 8 gånger/dygn",kod,1993-10-07T15:00:00Z,1993-10-07T16:00:00+01:00,750006000000,,68,68,G,,corrected-archive-csv
162860,Luleå-Kallax Flygplats,13,Rådande väder,"momentanvärde, 1 gång/tim resp 8 gånger/dygn",kod,1993-10-07T16:00:00Z,1993-10-07T17:00:00+01:00,750009600000,,61,61,Y,,corrected-archive-csv
162860,Luleå-Kallax Flygplats,13,Rådande väder,"momentanvärde, 1 gång/tim resp 8 gånger/dygn",kod,1993-10-07T17:00:00Z,1993-10-07T18:00:00+01:00,750013200000,,61,61,Y,,corrected-archive-csv
162860,Luleå-Kallax Flygplats,13,Rådande väder,"momentanvärde, 1 gång/tim resp 8 gånger/dygn",kod,1993-10-07T18:00:00Z,1993-10-07T19:00:00+01:00,750016800000,,61,61,G,,corrected-archive-csv
162860,Luleå-Kallax Flygplats,13,Rådande väder,"momentanvärde, 1 gång/tim resp 8 gånger/dygn",kod,1993-10-07T21:00:00Z,1993-10-07T22:00:00+01:00,750027600000,,0,0,G,,corrected-archive-csv
162860,Luleå-Kallax Flygplats,13,Rådande väder,"momentanvärde, 1 gång/tim resp 8 gånger/dygn",kod,1993-10-08T00:00:00Z,1993-10-08T01:00:00+01:00,750038400000,,26,26,G,,corrected-archive-csv
162860,Luleå-Kallax Flygplats,13,Rådande väder,"momentanvärde, 1 gång/tim resp 8 gånger/dygn",kod,1993-10-08T03:00:00Z,1993-10-08T04:00:00+01:00,750049200000,,0,0,G,,corrected-archive-csv
162860,Luleå-Kallax Flygplats,13,Rådande väder,"momentanvärde, 1 gång/tim resp 8 gånger/dygn",kod,1993-10-08T06:00:00Z,1993-10-08T07:00:00+01:00,750060000000,,78,78,G,,corrected-archive-csv
162860,Luleå-Kallax Flygplats,13,Rådande väder,"momentanvärde, 1 gång/tim resp 8 gånger/dygn",kod,1993-10-08T07:00:00Z,1993-10-08T08:00:00+01:00,750063600000,,22,22,Y,,corrected-archive-csv
162860,Luleå-Kallax Flygplats,13,Rådande väder,"momentanvärde, 1 gång/tim resp 8 gånger/dygn",kod,1993-10-08T08:00:00Z,1993-10-08T09:00:00+01:00,750067200000,,71,71,Y,,corrected-archive-csv
162860,Luleå-Kallax Flygplats,13,Rådande väder,"momentanvärde, 1 gång/tim resp 8 gånger/dygn",kod,1993-10-08T09:00:00Z,1993-10-08T10:00:00+01:00,750070800000,,71,71,G,,corrected-archive-csv
162860,Luleå-Kallax Flygplats,13,Rådande väder,"momentanvärde, 1 gång/tim resp 8 gånger/dygn",kod,1993-10-08T10:00:00Z,1993-10-08T11:00:00+01:00,750074400000,,71,71,Y,,corrected-archive-csv
162860,Luleå-Kallax Flygplats,13,Rådande väder,"momentanvärde, 1 gång/tim resp 8 gånger/dygn",kod,1993-10-08T11:00:00Z,1993-10-08T12:00:00+01:00,750078000000,,71,71,Y,,corrected-archive-csv
162860,Luleå-Kallax Flygplats,13,Rådande väder,"momentanvärde, 1 gång/tim resp 8 gånger/dygn",kod,1993-10-08T12:00:00Z,1993-10-08T13:00:00+01:00,750081600000,,71,71,G,,corrected-archive-csv
162860,Luleå-Kallax Flygplats,13,Rådande väder,"momentanvärde, 1 gång/tim resp 8 gånger/dygn",kod,1993-10-08T13:00:00Z,1993-10-08T14:00:00+01:00,750085200000,,71,71,Y,,corrected-archive-csv
162860,Luleå-Kallax Flygplats,13,Rådande väder,"momentanvärde, 1 gång/tim resp 8 gånger/dygn",kod,1993-10-08T14:00:00Z,1993-10-08T15:00:00+01:00,750088800000,,71,71,Y,,corrected-archive-csv
162860,Luleå-Kallax Flygplats,13,Rådande väder,"momentanvärde, 1 gång/tim resp 8 gånger/dygn",kod,1993-10-08T15:00:00Z,1993-10-08T16:00:00+01:00,750092400000,,69,69,G,,corrected-archive-csv
162860,Luleå-Kallax Flygplats,13,Rådande väder,"momentanvärde, 1 gång/tim resp 8 gånger/dygn",kod,1993-10-08T16:00:00Z,1993-10-08T17:00:00+01:00,750096000000,,69,69,Y,,corrected-archive-csv
162860,Luleå-Kallax Flygplats,13,Rådande väder,"momentanvärde, 1 gång/tim resp 8 gånger/dygn",kod,1993-10-08T17:00:00Z,1993-10-08T18:00:00+01:00,750099600000,,68,68,Y,,corrected-archive-csv
162860,Luleå-Kallax Flygplats,13,Rådande väder,"momentanvärde, 1 gång/tim resp 8 gånger/dygn",kod,1993-10-08T18:00:00Z,1993-10-08T19:00:00+01:00,750103200000,,23,23,G,,corrected-archive-csv
162860,Luleå-Kallax Flygplats,13,Rådande väder,"momentanvärde, 1 gång/tim resp 8 gånger/dygn",kod,1993-10-08T20:00:00Z,1993-10-08T21:00:00+01:00,750110400000,,60,60,Y,,corrected-archive-csv
162860,Luleå-Kallax Flygplats,13,Rådande väder,"momentanvärde, 1 gång/tim resp 8 gånger/dygn",kod,1993-10-08T21:00:00Z,1993-10-08T22:00:00+01:00,750114000000,,83,83,G,,corrected-archive-csv
162860,Luleå-Kallax Flygplats,13,Rådande väder,"momentanvärde, 1 gång/tim resp 8 gånger/dygn",kod,1993-10-08T22:00:00Z,1993-10-08T23:00:00+01:00,750117600000,,23,23,Y,,corrected-archive-csv
162860,Luleå-Kallax Flygplats,13,Rådande väder,"momentanvärde, 1 gång/tim resp 8 gånger/dygn",kod,1993-10-08T23:00:00Z,1993-10-09T00:00:00+01:00,750121200000,,2,2,Y,,corrected-archive-csv
162860,Luleå-Kallax Flygplats,13,Rådande väder,"momentanvärde, 1 gång/tim resp 8 gånger/dygn",kod,1993-10-09T00:00:00Z,1993-10-09T01:00:00+01:00,750124800000,,0,0,G,,corrected-archive-csv
162860,Luleå-Kallax Flygplats,13,Rådande väder,"momentanvärde, 1 gång/tim resp 8 gånger/dygn",kod,1993-10-09T03:00:00Z,1993-10-09T04:00:00+01:00,750135600000,,0,0,G,,corrected-archive-csv
162860,Luleå-Kallax Flygplats,13,Rådande väder,"momentanvärde, 1 gång/tim resp 8 gånger/dygn",kod,1993-10-09T06:00:00Z,1993-10-09T07:00:00+01:00,750146400000,,0,0,G,,corrected-archive-csv
162860,Luleå-Kallax Flygplats,13,Rådande väder,"momentanvärde, 1 gång/tim resp 8 gånger/dygn",kod,1993-10-09T09:00:00Z,1993-10-09T10:00:00+01:00,750157200000,,0,0,G,,corrected-archive-csv
162860,Luleå-Kallax Flygplats,13,Rådande väder,"momentanvärde, 1 gång/tim resp 8 gånger/dygn",kod,1993-10-09T12:00:00Z,1993-10-09T13:00:00+01:00,750168000000,,0,0,G,,corrected-archive-csv
162860,Luleå-Kallax Flygplats,13,Rådande väder,"momentanvärde, 1 gång/tim resp 8 gånger/dygn",kod,1993-10-09T15:00:00Z,1993-10-09T16:00:00+01:00,750178800000,,0,0,G,,corrected-archive-csv
162860,Luleå-Kallax Flygplats,13,Rådande väder,"momentanvärde, 1 gång/tim resp 8 gånger/dygn",kod,1993-10-09T18:00:00Z,1993-10-09T19:00:00+01:00,750189600000,,0,0,G,,corrected-archive-csv
162860,Luleå-Kallax Flygplats,13,Rådande väder,"momentanvärde, 1 gång/tim resp 8 gånger/dygn",kod,1993-10-09T21:00:00Z,1993-10-09T22:00:00+01:00,750200400000,,0,0,G,,corrected-archive-csv
162860,Luleå-Kallax Flygplats,13,Rådande väder,"momentanvärde, 1 gång/tim resp 8 gånger/dygn",kod,1993-10-10T00:00:00Z,1993-10-10T01:00:00+01:00,750211200000,,0,0,G,,corrected-archive-csv
162860,Luleå-Kallax Flygplats,13,Rådande väder,"momentanvärde, 1 gång/tim resp 8 gånger/dygn",kod,1993-10-10T03:00:00Z,1993-10-10T04:00:00+01:00,750222000000,,61,61,G,,corrected-archive-csv
162860,Luleå-Kallax Flygplats,13,Rådande väder,"momentanvärde, 1 gång/tim resp 8 gånger/dygn",kod,1993-10-10T04:00:00Z,1993-10-10T05:00:00+01:00,750225600000,,1,1,Y,,corrected-archive-csv
162860,Luleå-Kallax Flygplats,13,Rådande väder,"momentanvärde, 1 gång/tim resp 8 gånger/dygn",kod,1993-10-10T05:00:00Z,1993-10-10T06:00:00+01:00,750229200000,,28,28,Y,,corrected-archive-csv
162860,Luleå-Kallax Flygplats,13,Rådande väder,"momentanvärde, 1 gång/tim resp 8 gånger/dygn",kod,1993-10-10T06:00:00Z,1993-10-10T07:00:00+01:00,750232800000,,2,2,G,,corrected-archive-csv
162860,Luleå-Kallax Flygplats,13,Rådande väder,"momentanvärde, 1 gång/tim resp 8 gånger/dygn",kod,1993-10-10T09:00:00Z,1993-10-10T10:00:00+01:00,750243600000,,0,0,G,,corrected-archive-csv
162860,Luleå-Kallax Flygplats,13,Rådande väder,"momentanvärde, 1 gång/tim resp 8 gånger/dygn",kod,1993-10-10T12:00:00Z,1993-10-10T13:00:00+01:00,750254400000,,0,0,G,,corrected-archive-csv
162860,Luleå-Kallax Flygplats,13,Rådande väder,"momentanvärde, 1 gång/tim resp 8 gånger/dygn",kod,1993-10-10T15:00:00Z,1993-10-10T16:00:00+01:00,750265200000,,0,0,G,,corrected-archive-csv
162860,Luleå-Kallax Flygplats,13,Rådande väder,"momentanvärde, 1 gång/tim resp 8 gånger/dygn",kod,1993-10-11T00:00:00Z,1993-10-11T01:00:00+01:00,750297600000,,0,0,G,,corrected-archive-csv
162860,Luleå-Kallax Flygplats,13,Rådande väder,"momentanvärde, 1 gång/tim resp 8 gånger/dygn",kod,1993-10-11T03:00:00Z,1993-10-11T04:00:00+01:00,750308400000,,0,0,G,,corrected-archive-csv
162860,Luleå-Kallax Flygplats,13,Rådande väder,"momentanvärde, 1 gång/tim resp 8 gånger/dygn",kod,1993-10-11T06:00:00Z,1993-10-11T07:00:00+01:00,750319200000,,0,0,G,,corrected-archive-csv
162860,Luleå-Kallax Flygplats,13,Rådande väder,"momentanvärde, 1 gång/tim resp 8 gånger/dygn",kod,1993-10-11T09:00:00Z,1993-10-11T10:00:00+01:00,750330000000,,0,0,G,,corrected-archive-csv
162860,Luleå-Kallax Flygplats,13,Rådande väder,"momentanvärde, 1 gång/tim resp 8 gånger/dygn",kod,1993-10-11T12:00:00Z,1993-10-11T13:00:00+01:00,750340800000,,0,0,G,,corrected-archive-csv
162860,Luleå-Kallax Flygplats,13,Rådande väder,"momentanvärde, 1 gång/tim resp 8 gånger/dygn",kod,1993-10-11T15:00:00Z,1993-10-11T16:00:00+01:00,750351600000,,0,0,G,,corrected-archive-csv
162860,Luleå-Kallax Flygplats,13,Rådande väder,"momentanvärde, 1 gång/tim resp 8 gånger/dygn",kod,1993-10-11T18:00:00Z,1993-10-11T19:00:00+01:00,750362400000,,0,0,G,,corrected-archive-csv
162860,Luleå-Kallax Flygplats,13,Rådande väder,"momentanvärde, 1 gång/tim resp 8 gånger/dygn",kod,1993-10-11T21:00:00Z,1993-10-11T22:00:00+01:00,750373200000,,0,0,G,,corrected-archive-csv
162860,Luleå-Kallax Flygplats,13,Rådande väder,"momentanvärde, 1 gång/tim resp 8 gånger/dygn",kod,1993-10-12T00:00:00Z,1993-10-12T01:00:00+01:00,750384000000,,0,0,G,,corrected-archive-csv
162860,Luleå-Kallax Flygplats,13,Rådande väder,"momentanvärde, 1 gång/tim resp 8 gånger/dygn",kod,1993-10-12T03:00:00Z,1993-10-12T04:00:00+01:00,750394800000,,0,0,G,,corrected-archive-csv
162860,Luleå-Kallax Flygplats,13,Rådande väder,"momentanvärde, 1 gång/tim resp 8 gånger/dygn",kod,1993-10-12T06:00:00Z,1993-10-12T07:00:00+01:00,750405600000,,0,0,G,,corrected-archive-csv
162860,Luleå-Kallax Flygplats,13,Rådande väder,"momentanvärde, 1 gång/tim resp 8 gånger/dygn",kod,1993-10-12T09:00:00Z,1993-10-12T10:00:00+01:00,750416400000,,0,0,G,,corrected-archive-csv
162860,Luleå-Kallax Flygplats,13,Rådande väder,"momentanvärde, 1 gång/tim resp 8 gånger/dygn",kod,1993-10-12T12:00:00Z,1993-10-12T13:00:00+01:00,750427200000,,0,0,G,,corrected-archive-csv
162860,Luleå-Kallax Flygplats,13,Rådande väder,"momentanvärde, 1 gång/tim resp 8 gånger/dygn",kod,1993-10-12T15:00:00Z,1993-10-12T16:00:00+01:00,750438000000,,0,0,G,,corrected-archive-csv
162860,Luleå-Kallax Flygplats,13,Rådande väder,"momentanvärde, 1 gång/tim resp 8 gånger/dygn",kod,1993-10-12T18:00:00Z,1993-10-12T19:00:00+01:00,750448800000,,71,71,G,,corrected-archive-csv
162860,Luleå-Kallax Flygplats,13,Rådande väder,"momentanvärde, 1 gång/tim resp 8 gånger/dygn",kod,1993-10-12T19:00:00Z,1993-10-12T20:00:00+01:00,750452400000,,71,71,Y,,corrected-archive-csv
162860,Luleå-Kallax Flygplats,13,Rådande väder,"momentanvärde, 1 gång/tim resp 8 gånger/dygn",kod,1993-10-12T20:00:00Z,1993-10-12T21:00:00+01:00,750456000000,,71,71,Y,,corrected-archive-csv
162860,Luleå-Kallax Flygplats,13,Rådande väder,"momentanvärde, 1 gång/tim resp 8 gånger/dygn",kod,1993-10-12T21:00:00Z,1993-10-12T22:00:00+01:00,750459600000,,73,73,G,,corrected-archive-csv
162860,Luleå-Kallax Flygplats,13,Rådande väder,"momentanvärde, 1 gång/tim resp 8 gånger/dygn",kod,1993-10-12T22:00:00Z,1993-10-12T23:00:00+01:00,750463200000,,73,73,Y,,corrected-archive-csv
162860,Luleå-Kallax Flygplats,13,Rådande väder,"momentanvärde, 1 gång/tim resp 8 gånger/dygn",kod,1993-10-12T23:00:00Z,1993-10-13T00:00:00+01:00,750466800000,,73,73,Y,,corrected-archive-csv
162860,Luleå-Kallax Flygplats,13,Rådande väder,"momentanvärde, 1 gång/tim resp 8 gånger/dygn",kod,1993-10-13T00:00:00Z,1993-10-13T01:00:00+01:00,750470400000,,73,73,G,,corrected-archive-csv
162860,Luleå-Kallax Flygplats,13,Rådande väder,"momentanvärde, 1 gång/tim resp 8 gånger/dygn",kod,1993-10-13T01:00:00Z,1993-10-13T02:00:00+01:00,750474000000,,73,73,Y,,corrected-archive-csv
162860,Luleå-Kallax Flygplats,13,Rådande väder,"momentanvärde, 1 gång/tim resp 8 gånger/dygn",kod,1993-10-13T02:00:00Z,1993-10-13T03:00:00+01:00,750477600000,,71,71,Y,,corrected-archive-csv
162860,Luleå-Kallax Flygplats,13,Rådande väder,"momentanvärde, 1 gång/tim resp 8 gånger/dygn",kod,1993-10-13T03:00:00Z,1993-10-13T04:00:00+01:00,750481200000,,71,71,G,,corrected-archive-csv
162860,Luleå-Kallax Flygplats,13,Rådande väder,"momentanvärde, 1 gång/tim resp 8 gånger/dygn",kod,1993-10-13T04:00:00Z,1993-10-13T05:00:00+01:00,750484800000,,71,71,Y,,corrected-archive-csv
162860,Luleå-Kallax Flygplats,13,Rådande väder,"momentanvärde, 1 gång/tim resp 8 gånger/dygn",kod,1993-10-13T05:00:00Z,1993-10-13T06:00:00+01:00,750488400000,,71,71,Y,,corrected-archive-csv
162860,Luleå-Kallax Flygplats,13,Rådande väder,"momentanvärde, 1 gång/tim resp 8 gånger/dygn",kod,1993-10-13T06:00:00Z,1993-10-13T07:00:00+01:00,750492000000,,71,71,G,,corrected-archive-csv
162860,Luleå-Kallax Flygplats,13,Rådande väder,"momentanvärde, 1 gång/tim resp 8 gånger/dygn",kod,1993-10-13T07:00:00Z,1993-10-13T08:00:00+01:00,750495600000,,71,71,Y,,corrected-archive-csv
162860,Luleå-Kallax Flygplats,13,Rådande väder,"momentanvärde, 1 gång/tim resp 8 gånger/dygn",kod,1993-10-13T08:00:00Z,1993-10-13T09:00:00+01:00,750499200000,,71,71,Y,,corrected-archive-csv
162860,Luleå-Kallax Flygplats,13,Rådande väder,"momentanvärde, 1 gång/tim resp 8 gånger/dygn",kod,1993-10-13T09:00:00Z,1993-10-13T10:00:00+01:00,750502800000,,71,71,G,,corrected-archive-csv
162860,Luleå-Kallax Flygplats,13,Rådande väder,"momentanvärde, 1 gång/tim resp 8 gånger/dygn",kod,1993-10-13T10:00:00Z,1993-10-13T11:00:00+01:00,750506400000,,71,71,Y,,corrected-archive-csv
162860,Luleå-Kallax Flygplats,13,Rådande väder,"momentanvärde, 1 gång/tim resp 8 gånger/dygn",kod,1993-10-13T11:00:00Z,1993-10-13T12:00:00+01:00,750510000000,,71,71,Y,,corrected-archive-csv
162860,Luleå-Kallax Flygplats,13,Rådande väder,"momentanvärde, 1 gång/tim resp 8 gånger/dygn",kod,1993-10-13T12:00:00Z,1993-10-13T13:00:00+01:00,750513600000,,71,71,G,,corrected-archive-csv
162860,Luleå-Kallax Flygplats,13,Rådande väder,"momentanvärde, 1 gång/tim resp 8 gånger/dygn",kod,1993-10-13T13:00:00Z,1993-10-13T14:00:00+01:00,750517200000,,71,71,Y,,corrected-archive-csv
162860,Luleå-Kallax Flygplats,13,Rådande väder,"momentanvärde, 1 gång/tim resp 8 gånger/dygn",kod,1993-10-13T14:00:00Z,1993-10-13T15:00:00+01:00,750520800000,,75,75,Y,,corrected-archive-csv
162860,Luleå-Kallax Flygplats,13,Rådande väder,"momentanvärde, 1 gång/tim resp 8 gånger/dygn",kod,1993-10-13T15:00:00Z,1993-10-13T16:00:00+01:00,750524400000,,73,73,G,,corrected-archive-csv
162860,Luleå-Kallax Flygplats,13,Rådande väder,"momentanvärde, 1 gång/tim resp 8 gånger/dygn",kod,1993-10-13T16:00:00Z,1993-10-13T17:00:00+01:00,750528000000,,73,73,Y,,corrected-archive-csv
162860,Luleå-Kallax Flygplats,13,Rådande väder,"momentanvärde, 1 gång/tim resp 8 gånger/dygn",kod,1993-10-13T17:00:00Z,1993-10-13T18:00:00+01:00,750531600000,,73,73,Y,,corrected-archive-csv
162860,Luleå-Kallax Flygplats,13,Rådande väder,"momentanvärde, 1 gång/tim resp 8 gånger/dygn",kod,1993-10-13T18:00:00Z,1993-10-13T19:00:00+01:00,750535200000,,73,73,G,,corrected-archive-csv
162860,Luleå-Kallax Flygplats,13,Rådande väder,"momentanvärde, 1 gång/tim resp 8 gånger/dygn",kod,1993-10-13T19:00:00Z,1993-10-13T20:00:00+01:00,750538800000,,71,71,Y,,corrected-archive-csv
162860,Luleå-Kallax Flygplats,13,Rådande väder,"momentanvärde, 1 gång/tim resp 8 gånger/dygn",kod,1993-10-13T20:00:00Z,1993-10-13T21:00:00+01:00,750542400000,,71,71,Y,,corrected-archive-csv
162860,Luleå-Kallax Flygplats,13,Rådande väder,"momentanvärde, 1 gång/tim resp 8 gånger/dygn",kod,1993-10-13T21:00:00Z,1993-10-13T22:00:00+01:00,750546000000,,71,71,G,,corrected-archive-csv
162860,Luleå-Kallax Flygplats,13,Rådande väder,"momentanvärde, 1 gång/tim resp 8 gånger/dygn",kod,1993-10-13T22:00:00Z,1993-10-13T23:00:00+01:00,750549600000,,73,73,Y,,corrected-archive-csv
162860,Luleå-Kallax Flygplats,13,Rådande väder,"momentanvärde, 1 gång/tim resp 8 gånger/dygn",kod,1993-10-13T23:00:00Z,1993-10-14T00:00:00+01:00,750553200000,,73,73,Y,,corrected-archive-csv
162860,Luleå-Kallax Flygplats,13,Rådande väder,"momentanvärde, 1 gång/tim resp 8 gånger/dygn",kod,1993-10-14T00:00:00Z,1993-10-14T01:00:00+01:00,750556800000,,71,71,G,,corrected-archive-csv
162860,Luleå-Kallax Flygplats,13,Rådande väder,"momentanvärde, 1 gång/tim resp 8 gånger/dygn",kod,1993-10-14T01:00:00Z,1993-10-14T02:00:00+01:00,750560400000,,71,71,Y,,corrected-archive-csv
162860,Luleå-Kallax Flygplats,13,Rådande väder,"momentanvärde, 1 gång/tim resp 8 gånger/dygn",kod,1993-10-14T02:00:00Z,1993-10-14T03:00:00+01:00,750564000000,,71,71,Y,,corrected-archive-csv
162860,Luleå-Kallax Flygplats,13,Rådande väder,"momentanvärde, 1 gång/tim resp 8 gånger/dygn",kod,1993-10-14T03:00:00Z,1993-10-14T04:00:00+01:00,750567600000,,71,71,G,,corrected-archive-csv
162860,Luleå-Kallax Flygplats,13,Rådande väder,"momentanvärde, 1 gång/tim resp 8 gånger/dygn",kod,1993-10-14T04:00:00Z,1993-10-14T05:00:00+01:00,750571200000,,22,22,Y,,corrected-archive-csv
162860,Luleå-Kallax Flygplats,13,Rådande väder,"momentanvärde, 1 gång/tim resp 8 gånger/dygn",kod,1993-10-14T05:00:00Z,1993-10-14T06:00:00+01:00,750574800000,,71,71,Y,,corrected-archive-csv
162860,Luleå-Kallax Flygplats,13,Rådande väder,"momentanvärde, 1 gång/tim resp 8 gånger/dygn",kod,1993-10-14T06:00:00Z,1993-10-14T07:00:00+01:00,750578400000,,22,22,G,,corrected-archive-csv
162860,Luleå-Kallax Flygplats,13,Rådande väder,"momentanvärde, 1 gång/tim resp 8 gånger/dygn",kod,1993-10-14T09:00:00Z,1993-10-14T10:00:00+01:00,750589200000,,0,0,G,,corrected-archive-csv
162860,Luleå-Kallax Flygplats,13,Rådande väder,"momentanvärde, 1 gång/tim resp 8 gånger/dygn",kod,1993-10-14T10:00:00Z,1993-10-14T11:00:00+01:00,750592800000,,14,14,Y,,corrected-archive-csv
162860,Luleå-Kallax Flygplats,13,Rådande väder,"momentanvärde, 1 gång/tim resp 8 gånger/dygn",kod,1993-10-14T12:00:00Z,1993-10-14T13:00:00+01:00,750600000000,,0,0,G,,corrected-archive-csv
162860,Luleå-Kallax Flygplats,13,Rådande väder,"momentanvärde, 1 gång/tim resp 8 gånger/dygn",kod,1993-10-14T15:00:00Z,1993-10-14T16:00:00+01:00,750610800000,,14,14,G,,corrected-archive-csv
162860,Luleå-Kallax Flygplats,13,Rådande väder,"momentanvärde, 1 gång/tim resp 8 gånger/dygn",kod,1993-10-14T16:00:00Z,1993-10-14T17:00:00+01:00,750614400000,,14,14,Y,,corrected-archive-csv
162860,Luleå-Kallax Flygplats,13,Rådande väder,"momentanvärde, 1 gång/tim resp 8 gånger/dygn",kod,1993-10-14T18:00:00Z,1993-10-14T19:00:00+01:00,750621600000,,0,0,G,,corrected-archive-csv
162860,Luleå-Kallax Flygplats,13,Rådande väder,"momentanvärde, 1 gång/tim resp 8 gånger/dygn",kod,1993-10-14T21:00:00Z,1993-10-14T22:00:00+01:00,750632400000,,0,0,G,,corrected-archive-csv
162860,Luleå-Kallax Flygplats,13,Rådande väder,"momentanvärde, 1 gång/tim resp 8 gånger/dygn",kod,1993-10-15T00:00:00Z,1993-10-15T01:00:00+01:00,750643200000,,0,0,G,,corrected-archive-csv
162860,Luleå-Kallax Flygplats,13,Rådande väder,"momentanvärde, 1 gång/tim resp 8 gånger/dygn",kod,1993-10-15T03:00:00Z,1993-10-15T04:00:00+01:00,750654000000,,0,0,G,,corrected-archive-csv
162860,Luleå-Kallax Flygplats,13,Rådande väder,"momentanvärde, 1 gång/tim resp 8 gånger/dygn",kod,1993-10-15T06:00:00Z,1993-10-15T07:00:00+01:00,750664800000,,0,0,G,,corrected-archive-csv
162860,Luleå-Kallax Flygplats,13,Rådande väder,"momentanvärde, 1 gång/tim resp 8 gånger/dygn",kod,1993-10-15T09:00:00Z,1993-10-15T10:00:00+01:00,750675600000,,0,0,G,,corrected-archive-csv
162860,Luleå-Kallax Flygplats,13,Rådande väder,"momentanvärde, 1 gång/tim resp 8 gånger/dygn",kod,1993-10-15T12:00:00Z,1993-10-15T13:00:00+01:00,750686400000,,73,73,G,,corrected-archive-csv
162860,Luleå-Kallax Flygplats,13,Rådande väder,"momentanvärde, 1 gång/tim resp 8 gånger/dygn",kod,1993-10-15T13:00:00Z,1993-10-15T14:00:00+01:00,750690000000,,73,73,Y,,corrected-archive-csv
162860,Luleå-Kallax Flygplats,13,Rådande väder,"momentanvärde, 1 gång/tim resp 8 gånger/dygn",kod,1993-10-15T14:00:00Z,1993-10-15T15:00:00+01:00,750693600000,,22,22,Y,,corrected-archive-csv
162860,Luleå-Kallax Flygplats,13,Rådande väder,"momentanvärde, 1 gång/tim resp 8 gånger/dygn",kod,1993-10-15T15:00:00Z,1993-10-15T16:00:00+01:00,750697200000,,71,71,G,,corrected-archive-csv
162860,Luleå-Kallax Flygplats,13,Rådande väder,"momentanvärde, 1 gång/tim resp 8 gånger/dygn",kod,1993-10-15T16:00:00Z,1993-10-15T17:00:00+01:00,750700800000,,73,73,Y,,corrected-archive-csv
162860,Luleå-Kallax Flygplats,13,Rådande väder,"momentanvärde, 1 gång/tim resp 8 gånger/dygn",kod,1993-10-15T17:00:00Z,1993-10-15T18:00:00+01:00,750704400000,,73,73,Y,,corrected-archive-csv
162860,Luleå-Kallax Flygplats,13,Rådande väder,"momentanvärde, 1 gång/tim resp 8 gånger/dygn",kod,1993-10-15T18:00:00Z,1993-10-15T19:00:00+01:00,750708000000,,22,22,G,,corrected-archive-csv
162860,Luleå-Kallax Flygplats,13,Rådande väder,"momentanvärde, 1 gång/tim resp 8 gånger/dygn",kod,1993-10-15T21:00:00Z,1993-10-15T22:00:00+01:00,750718800000,,0,0,G,,corrected-archive-csv
162860,Luleå-Kallax Flygplats,13,Rådande väder,"momentanvärde, 1 gång/tim resp 8 gånger/dygn",kod,1993-10-16T00:00:00Z,1993-10-16T01:00:00+01:00,750729600000,,0,0,G,,corrected-archive-csv
162860,Luleå-Kallax Flygplats,13,Rådande väder,"momentanvärde, 1 gång/tim resp 8 gånger/dygn",kod,1993-10-16T03:00:00Z,1993-10-16T04:00:00+01:00,750740400000,,71,71,G,,corrected-archive-csv
162860,Luleå-Kallax Flygplats,13,Rådande väder,"momentanvärde, 1 gång/tim resp 8 gånger/dygn",kod,1993-10-16T04:00:00Z,1993-10-16T05:00:00+01:00,750744000000,,71,71,Y,,corrected-archive-csv
162860,Luleå-Kallax Flygplats,13,Rådande väder,"momentanvärde, 1 gång/tim resp 8 gånger/dygn",kod,1993-10-16T05:00:00Z,1993-10-16T06:00:00+01:00,750747600000,,71,71,Y,,corrected-archive-csv
162860,Luleå-Kallax Flygplats,13,Rådande väder,"momentanvärde, 1 gång/tim resp 8 gånger/dygn",kod,1993-10-16T06:00:00Z,1993-10-16T07:00:00+01:00,750751200000,,22,22,G,,corrected-archive-csv
162860,Luleå-Kallax Flygplats,13,Rådande väder,"momentanvärde, 1 gång/tim resp 8 gånger/dygn",kod,1993-10-16T09:00:00Z,1993-10-16T10:00:00+01:00,750762000000,,0,0,G,,corrected-archive-csv
162860,Luleå-Kallax Flygplats,13,Rådande väder,"momentanvärde, 1 gång/tim resp 8 gånger/dygn",kod,1993-10-16T12:00:00Z,1993-10-16T13:00:00+01:00,750772800000,,0,0,G,,corrected-archive-csv
162860,Luleå-Kallax Flygplats,13,Rådande väder,"momentanvärde, 1 gång/tim resp 8 gånger/dygn",kod,1993-10-16T15:00:00Z,1993-10-16T16:00:00+01:00,750783600000,,0,0,G,,corrected-archive-csv
162860,Luleå-Kallax Flygplats,13,Rådande väder,"momentanvärde, 1 gång/tim resp 8 gånger/dygn",kod,1993-10-16T18:00:00Z,1993-10-16T19:00:00+01:00,750794400000,,0,0,G,,corrected-archive-csv
162860,Luleå-Kallax Flygplats,13,Rådande väder,"momentanvärde, 1 gång/tim resp 8 gånger/dygn",kod,1993-10-16T21:00:00Z,1993-10-16T22:00:00+01:00,750805200000,,0,0,G,,corrected-archive-csv
162860,Luleå-Kallax Flygplats,13,Rådande väder,"momentanvärde, 1 gång/tim resp 8 gånger/dygn",kod,1993-10-17T00:00:00Z,1993-10-17T01:00:00+01:00,750816000000,,0,0,G,,corrected-archive-csv
162860,Luleå-Kallax Flygplats,13,Rådande väder,"momentanvärde, 1 gång/tim resp 8 gånger/dygn",kod,1993-10-17T03:00:00Z,1993-10-17T04:00:00+01:00,750826800000,,0,0,G,,corrected-archive-csv
162860,Luleå-Kallax Flygplats,13,Rådande väder,"momentanvärde, 1 gång/tim resp 8 gånger/dygn",kod,1993-10-17T06:00:00Z,1993-10-17T07:00:00+01:00,750837600000,,0,0,G,,corrected-archive-csv
162860,Luleå-Kallax Flygplats,13,Rådande väder,"momentanvärde, 1 gång/tim resp 8 gånger/dygn",kod,1993-10-17T09:00:00Z,1993-10-17T10:00:00+01:00,750848400000,,0,0,G,,corrected-archive-csv
162860,Luleå-Kallax Flygplats,13,Rådande väder,"momentanvärde, 1 gång/tim resp 8 gånger/dygn",kod,1993-10-17T12:00:00Z,1993-10-17T13:00:00+01:00,750859200000,,0,0,G,,corrected-archive-csv
162860,Luleå-Kallax Flygplats,13,Rådande väder,"momentanvärde, 1 gång/tim resp 8 gånger/dygn",kod,1993-10-17T15:00:00Z,1993-10-17T16:00:00+01:00,750870000000,,0,0,G,,corrected-archive-csv
162860,Luleå-Kallax Flygplats,13,Rådande väder,"momentanvärde, 1 gång/tim resp 8 gånger/dygn",kod,1993-10-17T18:00:00Z,1993-10-17T19:00:00+01:00,750880800000,,0,0,G,,corrected-archive-csv
162860,Luleå-Kallax Flygplats,13,Rådande väder,"momentanvärde, 1 gång/tim resp 8 gånger/dygn",kod,1993-10-17T21:00:00Z,1993-10-17T22:00:00+01:00,750891600000,,0,0,G,,corrected-archive-csv
162860,Luleå-Kallax Flygplats,13,Rådande väder,"momentanvärde, 1 gång/tim resp 8 gånger/dygn",kod,1993-10-18T00:00:00Z,1993-10-18T01:00:00+01:00,750902400000,,0,0,G,,corrected-archive-csv
162860,Luleå-Kallax Flygplats,13,Rådande väder,"momentanvärde, 1 gång/tim resp 8 gånger/dygn",kod,1993-10-18T03:00:00Z,1993-10-18T04:00:00+01:00,750913200000,,0,0,G,,corrected-archive-csv
162860,Luleå-Kallax Flygplats,13,Rådande väder,"momentanvärde, 1 gång/tim resp 8 gånger/dygn",kod,1993-10-18T06:00:00Z,1993-10-18T07:00:00+01:00,750924000000,,14,14,G,,corrected-archive-csv
162860,Luleå-Kallax Flygplats,13,Rådande väder,"momentanvärde, 1 gång/tim resp 8 gånger/dygn",kod,1993-10-18T08:00:00Z,1993-10-18T09:00:00+01:00,750931200000,,14,14,Y,,corrected-archive-csv
162860,Luleå-Kallax Flygplats,13,Rådande väder,"momentanvärde, 1 gång/tim resp 8 gånger/dygn",kod,1993-10-18T09:00:00Z,1993-10-18T10:00:00+01:00,750934800000,,14,14,G,,corrected-archive-csv
162860,Luleå-Kallax Flygplats,13,Rådande väder,"momentanvärde, 1 gång/tim resp 8 gånger/dygn",kod,1993-10-18T12:00:00Z,1993-10-18T13:00:00+01:00,750945600000,,0,0,G,,corrected-archive-csv
162860,Luleå-Kallax Flygplats,13,Rådande väder,"momentanvärde, 1 gång/tim resp 8 gånger/dygn",kod,1993-10-18T13:00:00Z,1993-10-18T14:00:00+01:00,750949200000,,14,14,Y,,corrected-archive-csv
162860,Luleå-Kallax Flygplats,13,Rådande väder,"momentanvärde, 1 gång/tim resp 8 gånger/dygn",kod,1993-10-18T14:00:00Z,1993-10-18T15:00:00+01:00,750952800000,,14,14,Y,,corrected-archive-csv
162860,Luleå-Kallax Flygplats,13,Rådande väder,"momentanvärde, 1 gång/tim resp 8 gånger/dygn",kod,1993-10-18T15:00:00Z,1993-10-18T16:00:00+01:00,750956400000,,0,0,G,,corrected-archive-csv
162860,Luleå-Kallax Flygplats,13,Rådande väder,"momentanvärde, 1 gång/tim resp 8 gånger/dygn",kod,1993-10-18T18:00:00Z,1993-10-18T19:00:00+01:00,750967200000,,71,71,G,,corrected-archive-csv
162860,Luleå-Kallax Flygplats,13,Rådande väder,"momentanvärde, 1 gång/tim resp 8 gånger/dygn",kod,1993-10-18T19:00:00Z,1993-10-18T20:00:00+01:00,750970800000,,73,73,Y,,corrected-archive-csv
162860,Luleå-Kallax Flygplats,13,Rådande väder,"momentanvärde, 1 gång/tim resp 8 gånger/dygn",kod,1993-10-18T20:00:00Z,1993-10-18T21:00:00+01:00,750974400000,,73,73,Y,,corrected-archive-csv
162860,Luleå-Kallax Flygplats,13,Rådande väder,"momentanvärde, 1 gång/tim resp 8 gånger/dygn",kod,1993-10-18T21:00:00Z,1993-10-18T22:00:00+01:00,750978000000,,73,73,G,,corrected-archive-csv
162860,Luleå-Kallax Flygplats,13,Rådande väder,"momentanvärde, 1 gång/tim resp 8 gånger/dygn",kod,1993-10-18T22:00:00Z,1993-10-18T23:00:00+01:00,750981600000,,73,73,Y,,corrected-archive-csv
162860,Luleå-Kallax Flygplats,13,Rådande väder,"momentanvärde, 1 gång/tim resp 8 gånger/dygn",kod,1993-10-18T23:00:00Z,1993-10-19T00:00:00+01:00,750985200000,,71,71,Y,,corrected-archive-csv
162860,Luleå-Kallax Flygplats,13,Rådande väder,"momentanvärde, 1 gång/tim resp 8 gånger/dygn",kod,1993-10-19T00:00:00Z,1993-10-19T01:00:00+01:00,750988800000,,71,71,G,,corrected-archive-csv
162860,Luleå-Kallax Flygplats,13,Rådande väder,"momentanvärde, 1 gång/tim resp 8 gånger/dygn",kod,1993-10-19T01:00:00Z,1993-10-19T02:00:00+01:00,750992400000,,71,71,Y,,corrected-archive-csv
162860,Luleå-Kallax Flygplats,13,Rådande väder,"momentanvärde, 1 gång/tim resp 8 gånger/dygn",kod,1993-10-19T02:00:00Z,1993-10-19T03:00:00+01:00,750996000000,,71,71,Y,,corrected-archive-csv
162860,Luleå-Kallax Flygplats,13,Rådande väder,"momentanvärde, 1 gång/tim resp 8 gånger/dygn",kod,1993-10-19T03:00:00Z,1993-10-19T04:00:00+01:00,750999600000,,22,22,G,,corrected-archive-csv
162860,Luleå-Kallax Flygplats,13,Rådande väder,"momentanvärde, 1 gång/tim resp 8 gånger/dygn",kod,1993-10-19T04:00:00Z,1993-10-19T05:00:00+01:00,751003200000,,2,2,Y,,corrected-archive-csv
162860,Luleå-Kallax Flygplats,13,Rådande väder,"momentanvärde, 1 gång/tim resp 8 gånger/dygn",kod,1993-10-19T05:00:00Z,1993-10-19T06:00:00+01:00,751006800000,,71,71,Y,,corrected-archive-csv
162860,Luleå-Kallax Flygplats,13,Rådande väder,"momentanvärde, 1 gång/tim resp 8 gånger/dygn",kod,1993-10-19T06:00:00Z,1993-10-19T07:00:00+01:00,751010400000,,73,73,G,,corrected-archive-csv
162860,Luleå-Kallax Flygplats,13,Rådande väder,"momentanvärde, 1 gång/tim resp 8 gånger/dygn",kod,1993-10-19T07:00:00Z,1993-10-19T08:00:00+01:00,751014000000,,73,73,Y,,corrected-archive-csv
162860,Luleå-Kallax Flygplats,13,Rådande väder,"momentanvärde, 1 gång/tim resp 8 gånger/dygn",kod,1993-10-19T08:00:00Z,1993-10-19T09:00:00+01:00,751017600000,,73,73,Y,,corrected-archive-csv
162860,Luleå-Kallax Flygplats,13,Rådande väder,"momentanvärde, 1 gång/tim resp 8 gånger/dygn",kod,1993-10-19T09:00:00Z,1993-10-19T10:00:00+01:00,751021200000,,73,73,G,,corrected-archive-csv
162860,Luleå-Kallax Flygplats,13,Rådande väder,"momentanvärde, 1 gång/tim resp 8 gånger/dygn",kod,1993-10-19T10:00:00Z,1993-10-19T11:00:00+01:00,751024800000,,73,73,Y,,corrected-archive-csv
162860,Luleå-Kallax Flygplats,13,Rådande väder,"momentanvärde, 1 gång/tim resp 8 gånger/dygn",kod,1993-10-19T11:00:00Z,1993-10-19T12:00:00+01:00,751028400000,,73,73,Y,,corrected-archive-csv
162860,Luleå-Kallax Flygplats,13,Rådande väder,"momentanvärde, 1 gång/tim resp 8 gånger/dygn",kod,1993-10-19T12:00:00Z,1993-10-19T13:00:00+01:00,751032000000,,73,73,G,,corrected-archive-csv
162860,Luleå-Kallax Flygplats,13,Rådande väder,"momentanvärde, 1 gång/tim resp 8 gånger/dygn",kod,1993-10-19T13:00:00Z,1993-10-19T14:00:00+01:00,751035600000,,73,73,Y,,corrected-archive-csv
162860,Luleå-Kallax Flygplats,13,Rådande väder,"momentanvärde, 1 gång/tim resp 8 gånger/dygn",kod,1993-10-19T14:00:00Z,1993-10-19T15:00:00+01:00,751039200000,,73,73,Y,,corrected-archive-csv
162860,Luleå-Kallax Flygplats,13,Rådande väder,"momentanvärde, 1 gång/tim resp 8 gånger/dygn",kod,1993-10-19T15:00:00Z,1993-10-19T16:00:00+01:00,751042800000,,22,22,G,,corrected-archive-csv
162860,Luleå-Kallax Flygplats,13,Rådande väder,"momentanvärde, 1 gång/tim resp 8 gånger/dygn",kod,1993-10-19T16:00:00Z,1993-10-19T17:00:00+01:00,751046400000,,2,2,Y,,corrected-archive-csv
162860,Luleå-Kallax Flygplats,13,Rådande väder,"momentanvärde, 1 gång/tim resp 8 gånger/dygn",kod,1993-10-19T17:00:00Z,1993-10-19T18:00:00+01:00,751050000000,,2,2,Y,,corrected-archive-csv
162860,Luleå-Kallax Flygplats,13,Rådande väder,"momentanvärde, 1 gång/tim resp 8 gånger/dygn",kod,1993-10-19T18:00:00Z,1993-10-19T19:00:00+01:00,751053600000,,2,2,G,,corrected-archive-csv
162860,Luleå-Kallax Flygplats,13,Rådande väder,"momentanvärde, 1 gång/tim resp 8 gånger/dygn",kod,1993-10-19T19:00:00Z,1993-10-19T20:00:00+01:00,751057200000,,71,71,Y,,corrected-archive-csv
162860,Luleå-Kallax Flygplats,13,Rådande väder,"momentanvärde, 1 gång/tim resp 8 gånger/dygn",kod,1993-10-19T20:00:00Z,1993-10-19T21:00:00+01:00,751060800000,,71,71,Y,,corrected-archive-csv
162860,Luleå-Kallax Flygplats,13,Rådande väder,"momentanvärde, 1 gång/tim resp 8 gånger/dygn",kod,1993-10-19T21:00:00Z,1993-10-19T22:00:00+01:00,751064400000,,71,71,G,,corrected-archive-csv
162860,Luleå-Kallax Flygplats,13,Rådande väder,"momentanvärde, 1 gång/tim resp 8 gånger/dygn",kod,1993-10-19T22:00:00Z,1993-10-19T23:00:00+01:00,751068000000,,71,71,Y,,corrected-archive-csv
162860,Luleå-Kallax Flygplats,13,Rådande väder,"momentanvärde, 1 gång/tim resp 8 gånger/dygn",kod,1993-10-19T23:00:00Z,1993-10-20T00:00:00+01:00,751071600000,,22,22,Y,,corrected-archive-csv
162860,Luleå-Kallax Flygplats,13,Rådande väder,"momentanvärde, 1 gång/tim resp 8 gånger/dygn",kod,1993-10-20T00:00:00Z,1993-10-20T01:00:00+01:00,751075200000,,22,22,G,,corrected-archive-csv
162860,Luleå-Kallax Flygplats,13,Rådande väder,"momentanvärde, 1 gång/tim resp 8 gånger/dygn",kod,1993-10-20T03:00:00Z,1993-10-20T04:00:00+01:00,751086000000,,0,0,G,,corrected-archive-csv
162860,Luleå-Kallax Flygplats,13,Rådande väder,"momentanvärde, 1 gång/tim resp 8 gånger/dygn",kod,1993-10-20T06:00:00Z,1993-10-20T07:00:00+01:00,751096800000,,0,0,G,,corrected-archive-csv
162860,Luleå-Kallax Flygplats,13,Rådande väder,"momentanvärde, 1 gång/tim resp 8 gånger/dygn",kod,1993-10-20T09:00:00Z,1993-10-20T10:00:00+01:00,751107600000,,0,0,G,,corrected-archive-csv
162860,Luleå-Kallax Flygplats,13,Rådande väder,"momentanvärde, 1 gång/tim resp 8 gånger/dygn",kod,1993-10-20T12:00:00Z,1993-10-20T13:00:00+01:00,751118400000,,0,0,G,,corrected-archive-csv
162860,Luleå-Kallax Flygplats,13,Rådande väder,"momentanvärde, 1 gång/tim resp 8 gånger/dygn",kod,1993-10-20T15:00:00Z,1993-10-20T16:00:00+01:00,751129200000,,0,0,G,,corrected-archive-csv
162860,Luleå-Kallax Flygplats,13,Rådande väder,"momentanvärde, 1 gång/tim resp 8 gånger/dygn",kod,1993-10-20T17:00:00Z,1993-10-20T18:00:00+01:00,751136400000,,40,40,Y,,corrected-archive-csv
162860,Luleå-Kallax Flygplats,13,Rådande väder,"momentanvärde, 1 gång/tim resp 8 gånger/dygn",kod,1993-10-20T18:00:00Z,1993-10-20T19:00:00+01:00,751140000000,,11,11,G,,corrected-archive-csv
162860,Luleå-Kallax Flygplats,13,Rådande väder,"momentanvärde, 1 gång/tim resp 8 gånger/dygn",kod,1993-10-20T21:00:00Z,1993-10-20T22:00:00+01:00,751150800000,,0,0,G,,corrected-archive-csv
162860,Luleå-Kallax Flygplats,13,Rådande väder,"momentanvärde, 1 gång/tim resp 8 gånger/dygn",kod,1993-10-21T00:00:00Z,1993-10-21T01:00:00+01:00,751161600000,,0,0,G,,corrected-archive-csv
162860,Luleå-Kallax Flygplats,13,Rådande väder,"momentanvärde, 1 gång/tim resp 8 gånger/dygn",kod,1993-10-21T03:00:00Z,1993-10-21T04:00:00+01:00,751172400000,,0,0,G,,corrected-archive-csv
162860,Luleå-Kallax Flygplats,13,Rådande väder,"momentanvärde, 1 gång/tim resp 8 gånger/dygn",kod,1993-10-21T06:00:00Z,1993-10-21T07:00:00+01:00,751183200000,,0,0,G,,corrected-archive-csv
162860,Luleå-Kallax Flygplats,13,Rådande väder,"momentanvärde, 1 gång/tim resp 8 gånger/dygn",kod,1993-10-21T09:00:00Z,1993-10-21T10:00:00+01:00,751194000000,,0,0,G,,corrected-archive-csv
162860,Luleå-Kallax Flygplats,13,Rådande väder,"momentanvärde, 1 gång/tim resp 8 gånger/dygn",kod,1993-10-21T12:00:00Z,1993-10-21T13:00:00+01:00,751204800000,,0,0,G,,corrected-archive-csv
162860,Luleå-Kallax Flygplats,13,Rådande väder,"momentanvärde, 1 gång/tim resp 8 gånger/dygn",kod,1993-10-21T15:00:00Z,1993-10-21T16:00:00+01:00,751215600000,,0,0,G,,corrected-archive-csv
162860,Luleå-Kallax Flygplats,13,Rådande väder,"momentanvärde, 1 gång/tim resp 8 gånger/dygn",kod,1993-10-21T18:00:00Z,1993-10-21T19:00:00+01:00,751226400000,,0,0,G,,corrected-archive-csv
162860,Luleå-Kallax Flygplats,13,Rådande väder,"momentanvärde, 1 gång/tim resp 8 gånger/dygn",kod,1993-10-22T06:00:00Z,1993-10-22T07:00:00+01:00,751269600000,,0,0,G,,corrected-archive-csv
162860,Luleå-Kallax Flygplats,13,Rådande väder,"momentanvärde, 1 gång/tim resp 8 gånger/dygn",kod,1993-10-22T09:00:00Z,1993-10-22T10:00:00+01:00,751280400000,,0,0,G,,corrected-archive-csv
162860,Luleå-Kallax Flygplats,13,Rådande väder,"momentanvärde, 1 gång/tim resp 8 gånger/dygn",kod,1993-10-22T12:00:00Z,1993-10-22T13:00:00+01:00,751291200000,,0,0,G,,corrected-archive-csv
162860,Luleå-Kallax Flygplats,13,Rådande väder,"momentanvärde, 1 gång/tim resp 8 gånger/dygn",kod,1993-10-22T15:00:00Z,1993-10-22T16:00:00+01:00,751302000000,,0,0,G,,corrected-archive-csv
162860,Luleå-Kallax Flygplats,13,Rådande väder,"momentanvärde, 1 gång/tim resp 8 gånger/dygn",kod,1993-10-22T18:00:00Z,1993-10-22T19:00:00+01:00,751312800000,,0,0,G,,corrected-archive-csv
162860,Luleå-Kallax Flygplats,13,Rådande väder,"momentanvärde, 1 gång/tim resp 8 gånger/dygn",kod,1993-10-22T21:00:00Z,1993-10-22T22:00:00+01:00,751323600000,,0,0,G,,corrected-archive-csv
162860,Luleå-Kallax Flygplats,13,Rådande väder,"momentanvärde, 1 gång/tim resp 8 gånger/dygn",kod,1993-10-23T00:00:00Z,1993-10-23T01:00:00+01:00,751334400000,,0,0,G,,corrected-archive-csv
162860,Luleå-Kallax Flygplats,13,Rådande väder,"momentanvärde, 1 gång/tim resp 8 gånger/dygn",kod,1993-10-23T03:00:00Z,1993-10-23T04:00:00+01:00,751345200000,,0,0,G,,corrected-archive-csv
162860,Luleå-Kallax Flygplats,13,Rådande väder,"momentanvärde, 1 gång/tim resp 8 gånger/dygn",kod,1993-10-23T06:00:00Z,1993-10-23T07:00:00+01:00,751356000000,,0,0,G,,corrected-archive-csv
162860,Luleå-Kallax Flygplats,13,Rådande väder,"momentanvärde, 1 gång/tim resp 8 gånger/dygn",kod,1993-10-23T09:00:00Z,1993-10-23T10:00:00+01:00,751366800000,,0,0,G,,corrected-archive-csv
162860,Luleå-Kallax Flygplats,13,Rådande väder,"momentanvärde, 1 gång/tim resp 8 gånger/dygn",kod,1993-10-23T10:00:00Z,1993-10-23T11:00:00+01:00,751370400000,,14,14,Y,,corrected-archive-csv
162860,Luleå-Kallax Flygplats,13,Rådande väder,"momentanvärde, 1 gång/tim resp 8 gånger/dygn",kod,1993-10-23T12:00:00Z,1993-10-23T13:00:00+01:00,751377600000,,0,0,G,,corrected-archive-csv
162860,Luleå-Kallax Flygplats,13,Rådande väder,"momentanvärde, 1 gång/tim resp 8 gånger/dygn",kod,1993-10-23T15:00:00Z,1993-10-23T16:00:00+01:00,751388400000,,0,0,G,,corrected-archive-csv
162860,Luleå-Kallax Flygplats,13,Rådande väder,"momentanvärde, 1 gång/tim resp 8 gånger/dygn",kod,1993-10-23T16:00:00Z,1993-10-23T17:00:00+01:00,751392000000,,66,66,Y,,corrected-archive-csv
162860,Luleå-Kallax Flygplats,13,Rådande väder,"momentanvärde, 1 gång/tim resp 8 gånger/dygn",kod,1993-10-23T17:00:00Z,1993-10-23T18:00:00+01:00,751395600000,,66,66,Y,,corrected-archive-csv
162860,Luleå-Kallax Flygplats,13,Rådande väder,"momentanvärde, 1 gång/tim resp 8 gånger/dygn",kod,1993-10-23T18:00:00Z,1993-10-23T19:00:00+01:00,751399200000,,24,24,G,,corrected-archive-csv
162860,Luleå-Kallax Flygplats,13,Rådande väder,"momentanvärde, 1 gång/tim resp 8 gånger/dygn",kod,1993-10-23T21:00:00Z,1993-10-23T22:00:00+01:00,751410000000,,0,0,G,,corrected-archive-csv
162860,Luleå-Kallax Flygplats,13,Rådande väder,"momentanvärde, 1 gång/tim resp 8 gånger/dygn",kod,1993-10-24T00:00:00Z,1993-10-24T01:00:00+01:00,751420800000,,0,0,G,,corrected-archive-csv
162860,Luleå-Kallax Flygplats,13,Rådande väder,"momentanvärde, 1 gång/tim resp 8 gånger/dygn",kod,1993-10-24T03:00:00Z,1993-10-24T04:00:00+01:00,751431600000,,0,0,G,,corrected-archive-csv
162860,Luleå-Kallax Flygplats,13,Rådande väder,"momentanvärde, 1 gång/tim resp 8 gånger/dygn",kod,1993-10-24T09:00:00Z,1993-10-24T10:00:00+01:00,751453200000,,0,0,G,,corrected-archive-csv
162860,Luleå-Kallax Flygplats,13,Rådande väder,"momentanvärde, 1 gång/tim resp 8 gånger/dygn",kod,1993-10-24T12:00:00Z,1993-10-24T13:00:00+01:00,751464000000,,0,0,G,,corrected-archive-csv
162860,Luleå-Kallax Flygplats,13,Rådande väder,"momentanvärde, 1 gång/tim resp 8 gånger/dygn",kod,1993-10-24T15:00:00Z,1993-10-24T16:00:00+01:00,751474800000,,0,0,G,,corrected-archive-csv
162860,Luleå-Kallax Flygplats,13,Rådande väder,"momentanvärde, 1 gång/tim resp 8 gånger/dygn",kod,1993-10-24T18:00:00Z,1993-10-24T19:00:00+01:00,751485600000,,0,0,G,,corrected-archive-csv
162860,Luleå-Kallax Flygplats,13,Rådande väder,"momentanvärde, 1 gång/tim resp 8 gånger/dygn",kod,1993-10-24T21:00:00Z,1993-10-24T22:00:00+01:00,751496400000,,0,0,G,,corrected-archive-csv
162860,Luleå-Kallax Flygplats,13,Rådande väder,"momentanvärde, 1 gång/tim resp 8 gånger/dygn",kod,1993-10-25T00:00:00Z,1993-10-25T01:00:00+01:00,751507200000,,0,0,G,,corrected-archive-csv
162860,Luleå-Kallax Flygplats,13,Rådande väder,"momentanvärde, 1 gång/tim resp 8 gånger/dygn",kod,1993-10-25T03:00:00Z,1993-10-25T04:00:00+01:00,751518000000,,0,0,G,,corrected-archive-csv
162860,Luleå-Kallax Flygplats,13,Rådande väder,"momentanvärde, 1 gång/tim resp 8 gånger/dygn",kod,1993-10-25T06:00:00Z,1993-10-25T07:00:00+01:00,751528800000,,0,0,G,,corrected-archive-csv
162860,Luleå-Kallax Flygplats,13,Rådande väder,"momentanvärde, 1 gång/tim resp 8 gånger/dygn",kod,1993-10-25T07:00:00Z,1993-10-25T08:00:00+01:00,751532400000,,14,14,Y,,corrected-archive-csv
162860,Luleå-Kallax Flygplats,13,Rådande väder,"momentanvärde, 1 gång/tim resp 8 gånger/dygn",kod,1993-10-25T09:00:00Z,1993-10-25T10:00:00+01:00,751539600000,,0,0,G,,corrected-archive-csv
162860,Luleå-Kallax Flygplats,13,Rådande väder,"momentanvärde, 1 gång/tim resp 8 gånger/dygn",kod,1993-10-25T12:00:00Z,1993-10-25T13:00:00+01:00,751550400000,,0,0,G,,corrected-archive-csv
162860,Luleå-Kallax Flygplats,13,Rådande väder,"momentanvärde, 1 gång/tim resp 8 gånger/dygn",kod,1993-10-25T15:00:00Z,1993-10-25T16:00:00+01:00,751561200000,,0,0,G,,corrected-archive-csv
162860,Luleå-Kallax Flygplats,13,Rådande väder,"momentanvärde, 1 gång/tim resp 8 gånger/dygn",kod,1993-10-25T18:00:00Z,1993-10-25T19:00:00+01:00,751572000000,,0,0,G,,corrected-archive-csv
162860,Luleå-Kallax Flygplats,13,Rådande väder,"momentanvärde, 1 gång/tim resp 8 gånger/dygn",kod,1993-10-25T21:00:00Z,1993-10-25T22:00:00+01:00,751582800000,,0,0,G,,corrected-archive-csv
162860,Luleå-Kallax Flygplats,13,Rådande väder,"momentanvärde, 1 gång/tim resp 8 gånger/dygn",kod,1993-10-26T00:00:00Z,1993-10-26T01:00:00+01:00,751593600000,,0,0,G,,corrected-archive-csv
162860,Luleå-Kallax Flygplats,13,Rådande väder,"momentanvärde, 1 gång/tim resp 8 gånger/dygn",kod,1993-10-26T03:00:00Z,1993-10-26T04:00:00+01:00,751604400000,,0,0,G,,corrected-archive-csv
162860,Luleå-Kallax Flygplats,13,Rådande väder,"momentanvärde, 1 gång/tim resp 8 gånger/dygn",kod,1993-10-26T06:00:00Z,1993-10-26T07:00:00+01:00,751615200000,,0,0,G,,corrected-archive-csv
162860,Luleå-Kallax Flygplats,13,Rådande väder,"momentanvärde, 1 gång/tim resp 8 gånger/dygn",kod,1993-10-26T09:00:00Z,1993-10-26T10:00:00+01:00,751626000000,,0,0,G,,corrected-archive-csv
162860,Luleå-Kallax Flygplats,13,Rådande väder,"momentanvärde, 1 gång/tim resp 8 gånger/dygn",kod,1993-10-26T12:00:00Z,1993-10-26T13:00:00+01:00,751636800000,,0,0,G,,corrected-archive-csv
162860,Luleå-Kallax Flygplats,13,Rådande väder,"momentanvärde, 1 gång/tim resp 8 gånger/dygn",kod,1993-10-26T15:00:00Z,1993-10-26T16:00:00+01:00,751647600000,,0,0,G,,corrected-archive-csv
162860,Luleå-Kallax Flygplats,13,Rådande väder,"momentanvärde, 1 gång/tim resp 8 gånger/dygn",kod,1993-10-26T18:00:00Z,1993-10-26T19:00:00+01:00,751658400000,,0,0,G,,corrected-archive-csv
162860,Luleå-Kallax Flygplats,13,Rådande väder,"momentanvärde, 1 gång/tim resp 8 gånger/dygn",kod,1993-10-26T21:00:00Z,1993-10-26T22:00:00+01:00,751669200000,,0,0,G,,corrected-archive-csv
162860,Luleå-Kallax Flygplats,13,Rådande väder,"momentanvärde, 1 gång/tim resp 8 gånger/dygn",kod,1993-10-27T00:00:00Z,1993-10-27T01:00:00+01:00,751680000000,,0,0,G,,corrected-archive-csv
162860,Luleå-Kallax Flygplats,13,Rådande väder,"momentanvärde, 1 gång/tim resp 8 gånger/dygn",kod,1993-10-27T01:00:00Z,1993-10-27T02:00:00+01:00,751683600000,,73,73,Y,,corrected-archive-csv
162860,Luleå-Kallax Flygplats,13,Rådande väder,"momentanvärde, 1 gång/tim resp 8 gånger/dygn",kod,1993-10-27T02:00:00Z,1993-10-27T03:00:00+01:00,751687200000,,73,73,Y,,corrected-archive-csv
162860,Luleå-Kallax Flygplats,13,Rådande väder,"momentanvärde, 1 gång/tim resp 8 gånger/dygn",kod,1993-10-27T03:00:00Z,1993-10-27T04:00:00+01:00,751690800000,,73,73,G,,corrected-archive-csv
162860,Luleå-Kallax Flygplats,13,Rådande väder,"momentanvärde, 1 gång/tim resp 8 gånger/dygn",kod,1993-10-27T04:00:00Z,1993-10-27T05:00:00+01:00,751694400000,,69,69,Y,,corrected-archive-csv
162860,Luleå-Kallax Flygplats,13,Rådande väder,"momentanvärde, 1 gång/tim resp 8 gånger/dygn",kod,1993-10-27T05:00:00Z,1993-10-27T06:00:00+01:00,751698000000,,66,66,Y,,corrected-archive-csv
162860,Luleå-Kallax Flygplats,13,Rådande väder,"momentanvärde, 1 gång/tim resp 8 gånger/dygn",kod,1993-10-27T06:00:00Z,1993-10-27T07:00:00+01:00,751701600000,,24,24,G,,corrected-archive-csv
162860,Luleå-Kallax Flygplats,13,Rådande väder,"momentanvärde, 1 gång/tim resp 8 gånger/dygn",kod,1993-10-27T09:00:00Z,1993-10-27T10:00:00+01:00,751712400000,,0,0,G,,corrected-archive-csv
162860,Luleå-Kallax Flygplats,13,Rådande väder,"momentanvärde, 1 gång/tim resp 8 gånger/dygn",kod,1993-10-27T12:00:00Z,1993-10-27T13:00:00+01:00,751723200000,,0,0,G,,corrected-archive-csv
162860,Luleå-Kallax Flygplats,13,Rådande väder,"momentanvärde, 1 gång/tim resp 8 gånger/dygn",kod,1993-10-27T14:00:00Z,1993-10-27T15:00:00+01:00,751730400000,,14,14,Y,,corrected-archive-csv
162860,Luleå-Kallax Flygplats,13,Rådande väder,"momentanvärde, 1 gång/tim resp 8 gånger/dygn",kod,1993-10-27T15:00:00Z,1993-10-27T16:00:00+01:00,751734000000,,0,0,G,,corrected-archive-csv
162860,Luleå-Kallax Flygplats,13,Rådande väder,"momentanvärde, 1 gång/tim resp 8 gånger/dygn",kod,1993-10-27T18:00:00Z,1993-10-27T19:00:00+01:00,751744800000,,0,0,G,,corrected-archive-csv
162860,Luleå-Kallax Flygplats,13,Rådande väder,"momentanvärde, 1 gång/tim resp 8 gånger/dygn",kod,1993-10-27T21:00:00Z,1993-10-27T22:00:00+01:00,751755600000,,0,0,G,,corrected-archive-csv
162860,Luleå-Kallax Flygplats,13,Rådande väder,"momentanvärde, 1 gång/tim resp 8 gånger/dygn",kod,1993-10-28T00:00:00Z,1993-10-28T01:00:00+01:00,751766400000,,0,0,G,,corrected-archive-csv
162860,Luleå-Kallax Flygplats,13,Rådande väder,"momentanvärde, 1 gång/tim resp 8 gånger/dygn",kod,1993-10-28T03:00:00Z,1993-10-28T04:00:00+01:00,751777200000,,0,0,G,,corrected-archive-csv
162860,Luleå-Kallax Flygplats,13,Rådande väder,"momentanvärde, 1 gång/tim resp 8 gånger/dygn",kod,1993-10-28T06:00:00Z,1993-10-28T07:00:00+01:00,751788000000,,0,0,G,,corrected-archive-csv
162860,Luleå-Kallax Flygplats,13,Rådande väder,"momentanvärde, 1 gång/tim resp 8 gånger/dygn",kod,1993-10-28T09:00:00Z,1993-10-28T10:00:00+01:00,751798800000,,0,0,G,,corrected-archive-csv
162860,Luleå-Kallax Flygplats,13,Rådande väder,"momentanvärde, 1 gång/tim resp 8 gånger/dygn",kod,1993-10-28T12:00:00Z,1993-10-28T13:00:00+01:00,751809600000,,0,0,G,,corrected-archive-csv
162860,Luleå-Kallax Flygplats,13,Rådande väder,"momentanvärde, 1 gång/tim resp 8 gånger/dygn",kod,1993-10-28T15:00:00Z,1993-10-28T16:00:00+01:00,751820400000,,0,0,G,,corrected-archive-csv
162860,Luleå-Kallax Flygplats,13,Rådande väder,"momentanvärde, 1 gång/tim resp 8 gånger/dygn",kod,1993-10-28T18:00:00Z,1993-10-28T19:00:00+01:00,751831200000,,0,0,G,,corrected-archive-csv
162860,Luleå-Kallax Flygplats,13,Rådande väder,"momentanvärde, 1 gång/tim resp 8 gånger/dygn",kod,1993-10-28T21:00:00Z,1993-10-28T22:00:00+01:00,751842000000,,0,0,G,,corrected-archive-csv
162860,Luleå-Kallax Flygplats,13,Rådande väder,"momentanvärde, 1 gång/tim resp 8 gånger/dygn",kod,1993-10-29T00:00:00Z,1993-10-29T01:00:00+01:00,751852800000,,0,0,G,,corrected-archive-csv
162860,Luleå-Kallax Flygplats,13,Rådande väder,"momentanvärde, 1 gång/tim resp 8 gånger/dygn",kod,1993-10-29T03:00:00Z,1993-10-29T04:00:00+01:00,751863600000,,0,0,G,,corrected-archive-csv
162860,Luleå-Kallax Flygplats,13,Rådande väder,"momentanvärde, 1 gång/tim resp 8 gånger/dygn",kod,1993-10-29T06:00:00Z,1993-10-29T07:00:00+01:00,751874400000,,0,0,G,,corrected-archive-csv
162860,Luleå-Kallax Flygplats,13,Rådande väder,"momentanvärde, 1 gång/tim resp 8 gånger/dygn",kod,1993-10-29T09:00:00Z,1993-10-29T10:00:00+01:00,751885200000,,0,0,G,,corrected-archive-csv
162860,Luleå-Kallax Flygplats,13,Rådande väder,"momentanvärde, 1 gång/tim resp 8 gånger/dygn",kod,1993-10-29T12:00:00Z,1993-10-29T13:00:00+01:00,751896000000,,0,0,G,,corrected-archive-csv
162860,Luleå-Kallax Flygplats,13,Rådande väder,"momentanvärde, 1 gång/tim resp 8 gånger/dygn",kod,1993-10-29T15:00:00Z,1993-10-29T16:00:00+01:00,751906800000,,0,0,G,,corrected-archive-csv
162860,Luleå-Kallax Flygplats,13,Rådande väder,"momentanvärde, 1 gång/tim resp 8 gånger/dygn",kod,1993-10-29T18:00:00Z,1993-10-29T19:00:00+01:00,751917600000,,0,0,G,,corrected-archive-csv
162860,Luleå-Kallax Flygplats,13,Rådande väder,"momentanvärde, 1 gång/tim resp 8 gånger/dygn",kod,1993-10-29T21:00:00Z,1993-10-29T22:00:00+01:00,751928400000,,0,0,G,,corrected-archive-csv
162860,Luleå-Kallax Flygplats,13,Rådande väder,"momentanvärde, 1 gång/tim resp 8 gånger/dygn",kod,1993-10-30T00:00:00Z,1993-10-30T01:00:00+01:00,751939200000,,0,0,G,,corrected-archive-csv
162860,Luleå-Kallax Flygplats,13,Rådande väder,"momentanvärde, 1 gång/tim resp 8 gånger/dygn",kod,1993-10-30T03:00:00Z,1993-10-30T04:00:00+01:00,751950000000,,0,0,G,,corrected-archive-csv
162860,Luleå-Kallax Flygplats,13,Rådande väder,"momentanvärde, 1 gång/tim resp 8 gånger/dygn",kod,1993-10-30T06:00:00Z,1993-10-30T07:00:00+01:00,751960800000,,0,0,G,,corrected-archive-csv
162860,Luleå-Kallax Flygplats,13,Rådande väder,"momentanvärde, 1 gång/tim resp 8 gånger/dygn",kod,1993-10-30T09:00:00Z,1993-10-30T10:00:00+01:00,751971600000,,0,0,G,,corrected-archive-csv
162860,Luleå-Kallax Flygplats,13,Rådande väder,"momentanvärde, 1 gång/tim resp 8 gånger/dygn",kod,1993-10-30T11:00:00Z,1993-10-30T12:00:00+01:00,751978800000,,14,14,Y,,corrected-archive-csv
162860,Luleå-Kallax Flygplats,13,Rådande väder,"momentanvärde, 1 gång/tim resp 8 gånger/dygn",kod,1993-10-30T12:00:00Z,1993-10-30T13:00:00+01:00,751982400000,,14,14,G,,corrected-archive-csv
162860,Luleå-Kallax Flygplats,13,Rådande väder,"momentanvärde, 1 gång/tim resp 8 gånger/dygn",kod,1993-10-30T15:00:00Z,1993-10-30T16:00:00+01:00,751993200000,,0,0,G,,corrected-archive-csv
162860,Luleå-Kallax Flygplats,13,Rådande väder,"momentanvärde, 1 gång/tim resp 8 gånger/dygn",kod,1993-10-30T18:00:00Z,1993-10-30T19:00:00+01:00,752004000000,,0,0,G,,corrected-archive-csv
162860,Luleå-Kallax Flygplats,13,Rådande väder,"momentanvärde, 1 gång/tim resp 8 gånger/dygn",kod,1993-10-30T21:00:00Z,1993-10-30T22:00:00+01:00,752014800000,,0,0,G,,corrected-archive-csv
162860,Luleå-Kallax Flygplats,13,Rådande väder,"momentanvärde, 1 gång/tim resp 8 gånger/dygn",kod,1993-10-31T00:00:00Z,1993-10-31T01:00:00+01:00,752025600000,,0,0,G,,corrected-archive-csv
162860,Luleå-Kallax Flygplats,13,Rådande väder,"momentanvärde, 1 gång/tim resp 8 gånger/dygn",kod,1993-10-31T03:00:00Z,1993-10-31T04:00:00+01:00,752036400000,,0,0,G,,corrected-archive-csv
162860,Luleå-Kallax Flygplats,13,Rådande väder,"momentanvärde, 1 gång/tim resp 8 gånger/dygn",kod,1993-10-31T06:00:00Z,1993-10-31T07:00:00+01:00,752047200000,,0,0,G,,corrected-archive-csv
162860,Luleå-Kallax Flygplats,13,Rådande väder,"momentanvärde, 1 gång/tim resp 8 gånger/dygn",kod,1993-10-31T09:00:00Z,1993-10-31T10:00:00+01:00,752058000000,,0,0,G,,corrected-archive-csv
162860,Luleå-Kallax Flygplats,13,Rådande väder,"momentanvärde, 1 gång/tim resp 8 gånger/dygn",kod,1993-10-31T12:00:00Z,1993-10-31T13:00:00+01:00,752068800000,,0,0,G,,corrected-archive-csv
162860,Luleå-Kallax Flygplats,13,Rådande väder,"momentanvärde, 1 gång/tim resp 8 gånger/dygn",kod,1993-10-31T15:00:00Z,1993-10-31T16:00:00+01:00,752079600000,,0,0,G,,corrected-archive-csv
162860,Luleå-Kallax Flygplats,13,Rådande väder,"momentanvärde, 1 gång/tim resp 8 gånger/dygn",kod,1993-10-31T18:00:00Z,1993-10-31T19:00:00+01:00,752090400000,,0,0,G,,corrected-archive-csv
162860,Luleå-Kallax Flygplats,13,Rådande väder,"momentanvärde, 1 gång/tim resp 8 gånger/dygn",kod,1993-10-31T21:00:00Z,1993-10-31T22:00:00+01:00,752101200000,,0,0,G,,corrected-archive-csv
162860,Luleå-Kallax Flygplats,13,Rådande väder,"momentanvärde, 1 gång/tim resp 8 gånger/dygn",kod,1993-11-01T00:00:00Z,1993-11-01T01:00:00+01:00,752112000000,,0,0,G,,corrected-archive-csv
162860,Luleå-Kallax Flygplats,13,Rådande väder,"momentanvärde, 1 gång/tim resp 8 gånger/dygn",kod,1993-11-01T03:00:00Z,1993-11-01T04:00:00+01:00,752122800000,,0,0,G,,corrected-archive-csv
162860,Luleå-Kallax Flygplats,13,Rådande väder,"momentanvärde, 1 gång/tim resp 8 gånger/dygn",kod,1993-11-01T06:00:00Z,1993-11-01T07:00:00+01:00,752133600000,,0,0,G,,corrected-archive-csv
162860,Luleå-Kallax Flygplats,13,Rådande väder,"momentanvärde, 1 gång/tim resp 8 gånger/dygn",kod,1993-11-01T09:00:00Z,1993-11-01T10:00:00+01:00,752144400000,,0,0,G,,corrected-archive-csv
162860,Luleå-Kallax Flygplats,13,Rådande väder,"momentanvärde, 1 gång/tim resp 8 gånger/dygn",kod,1993-11-01T12:00:00Z,1993-11-01T13:00:00+01:00,752155200000,,0,0,G,,corrected-archive-csv
162860,Luleå-Kallax Flygplats,13,Rådande väder,"momentanvärde, 1 gång/tim resp 8 gånger/dygn",kod,1993-11-01T15:00:00Z,1993-11-01T16:00:00+01:00,752166000000,,0,0,G,,corrected-archive-csv
162860,Luleå-Kallax Flygplats,13,Rådande väder,"momentanvärde, 1 gång/tim resp 8 gånger/dygn",kod,1993-11-01T18:00:00Z,1993-11-01T19:00:00+01:00,752176800000,,0,0,G,,corrected-archive-csv
162860,Luleå-Kallax Flygplats,13,Rådande väder,"momentanvärde, 1 gång/tim resp 8 gånger/dygn",kod,1993-11-01T21:00:00Z,1993-11-01T22:00:00+01:00,752187600000,,0,0,G,,corrected-archive-csv
162860,Luleå-Kallax Flygplats,13,Rådande väder,"momentanvärde, 1 gång/tim resp 8 gånger/dygn",kod,1993-11-02T00:00:00Z,1993-11-02T01:00:00+01:00,752198400000,,0,0,G,,corrected-archive-csv
162860,Luleå-Kallax Flygplats,13,Rådande väder,"momentanvärde, 1 gång/tim resp 8 gånger/dygn",kod,1993-11-02T03:00:00Z,1993-11-02T04:00:00+01:00,752209200000,,0,0,G,,corrected-archive-csv
162860,Luleå-Kallax Flygplats,13,Rådande väder,"momentanvärde, 1 gång/tim resp 8 gånger/dygn",kod,1993-11-02T06:00:00Z,1993-11-02T07:00:00+01:00,752220000000,,0,0,G,,corrected-archive-csv
162860,Luleå-Kallax Flygplats,13,Rådande väder,"momentanvärde, 1 gång/tim resp 8 gånger/dygn",kod,1993-11-02T09:00:00Z,1993-11-02T10:00:00+01:00,752230800000,,0,0,G,,corrected-archive-csv
162860,Luleå-Kallax Flygplats,13,Rådande väder,"momentanvärde, 1 gång/tim resp 8 gånger/dygn",kod,1993-11-02T12:00:00Z,1993-11-02T13:00:00+01:00,752241600000,,0,0,G,,corrected-archive-csv
162860,Luleå-Kallax Flygplats,13,Rådande väder,"momentanvärde, 1 gång/tim resp 8 gånger/dygn",kod,1993-11-02T15:00:00Z,1993-11-02T16:00:00+01:00,752252400000,,0,0,G,,corrected-archive-csv
162860,Luleå-Kallax Flygplats,13,Rådande väder,"momentanvärde, 1 gång/tim resp 8 gånger/dygn",kod,1993-11-02T18:00:00Z,1993-11-02T19:00:00+01:00,752263200000,,0,0,G,,corrected-archive-csv
162860,Luleå-Kallax Flygplats,13,Rådande väder,"momentanvärde, 1 gång/tim resp 8 gånger/dygn",kod,1993-11-02T21:00:00Z,1993-11-02T22:00:00+01:00,752274000000,,0,0,G,,corrected-archive-csv
162860,Luleå-Kallax Flygplats,13,Rådande väder,"momentanvärde, 1 gång/tim resp 8 gånger/dygn",kod,1993-11-03T00:00:00Z,1993-11-03T01:00:00+01:00,752284800000,,0,0,G,,corrected-archive-csv
162860,Luleå-Kallax Flygplats,13,Rådande väder,"momentanvärde, 1 gång/tim resp 8 gånger/dygn",kod,1993-11-03T03:00:00Z,1993-11-03T04:00:00+01:00,752295600000,,0,0,G,,corrected-archive-csv
162860,Luleå-Kallax Flygplats,13,Rådande väder,"momentanvärde, 1 gång/tim resp 8 gånger/dygn",kod,1993-11-03T06:00:00Z,1993-11-03T07:00:00+01:00,752306400000,,0,0,G,,corrected-archive-csv
162860,Luleå-Kallax Flygplats,13,Rådande väder,"momentanvärde, 1 gång/tim resp 8 gånger/dygn",kod,1993-11-03T09:00:00Z,1993-11-03T10:00:00+01:00,752317200000,,0,0,G,,corrected-archive-csv
162860,Luleå-Kallax Flygplats,13,Rådande väder,"momentanvärde, 1 gång/tim resp 8 gånger/dygn",kod,1993-11-03T12:00:00Z,1993-11-03T13:00:00+01:00,752328000000,,0,0,G,,corrected-archive-csv
162860,Luleå-Kallax Flygplats,13,Rådande väder,"momentanvärde, 1 gång/tim resp 8 gånger/dygn",kod,1993-11-03T15:00:00Z,1993-11-03T16:00:00+01:00,752338800000,,0,0,G,,corrected-archive-csv
162860,Luleå-Kallax Flygplats,13,Rådande väder,"momentanvärde, 1 gång/tim resp 8 gånger/dygn",kod,1993-11-03T18:00:00Z,1993-11-03T19:00:00+01:00,752349600000,,0,0,G,,corrected-archive-csv
162860,Luleå-Kallax Flygplats,13,Rådande väder,"momentanvärde, 1 gång/tim resp 8 gånger/dygn",kod,1993-11-03T21:00:00Z,1993-11-03T22:00:00+01:00,752360400000,,48,48,G,,corrected-archive-csv
162860,Luleå-Kallax Flygplats,13,Rådande väder,"momentanvärde, 1 gång/tim resp 8 gånger/dygn",kod,1993-11-03T22:00:00Z,1993-11-03T23:00:00+01:00,752364000000,,40,40,Y,,corrected-archive-csv
162860,Luleå-Kallax Flygplats,13,Rådande väder,"momentanvärde, 1 gång/tim resp 8 gånger/dygn",kod,1993-11-03T23:00:00Z,1993-11-04T00:00:00+01:00,752367600000,,40,40,Y,,corrected-archive-csv
162860,Luleå-Kallax Flygplats,13,Rådande väder,"momentanvärde, 1 gång/tim resp 8 gånger/dygn",kod,1993-11-04T00:00:00Z,1993-11-04T01:00:00+01:00,752371200000,,11,11,G,,corrected-archive-csv
162860,Luleå-Kallax Flygplats,13,Rådande väder,"momentanvärde, 1 gång/tim resp 8 gånger/dygn",kod,1993-11-04T03:00:00Z,1993-11-04T04:00:00+01:00,752382000000,,0,0,G,,corrected-archive-csv
162860,Luleå-Kallax Flygplats,13,Rådande väder,"momentanvärde, 1 gång/tim resp 8 gånger/dygn",kod,1993-11-04T06:00:00Z,1993-11-04T07:00:00+01:00,752392800000,,11,11,G,,corrected-archive-csv
162860,Luleå-Kallax Flygplats,13,Rådande väder,"momentanvärde, 1 gång/tim resp 8 gånger/dygn",kod,1993-11-04T07:00:00Z,1993-11-04T08:00:00+01:00,752396400000,,11,11,Y,,corrected-archive-csv
162860,Luleå-Kallax Flygplats,13,Rådande väder,"momentanvärde, 1 gång/tim resp 8 gånger/dygn",kod,1993-11-04T08:00:00Z,1993-11-04T09:00:00+01:00,752400000000,,11,11,Y,,corrected-archive-csv
162860,Luleå-Kallax Flygplats,13,Rådande väder,"momentanvärde, 1 gång/tim resp 8 gånger/dygn",kod,1993-11-04T09:00:00Z,1993-11-04T10:00:00+01:00,752403600000,,11,11,G,,corrected-archive-csv
162860,Luleå-Kallax Flygplats,13,Rådande väder,"momentanvärde, 1 gång/tim resp 8 gånger/dygn",kod,1993-11-04T10:00:00Z,1993-11-04T11:00:00+01:00,752407200000,,2,2,Y,,corrected-archive-csv
162860,Luleå-Kallax Flygplats,13,Rådande väder,"momentanvärde, 1 gång/tim resp 8 gånger/dygn",kod,1993-11-04T12:00:00Z,1993-11-04T13:00:00+01:00,752414400000,,0,0,G,,corrected-archive-csv
162860,Luleå-Kallax Flygplats,13,Rådande väder,"momentanvärde, 1 gång/tim resp 8 gånger/dygn",kod,1993-11-04T15:00:00Z,1993-11-04T16:00:00+01:00,752425200000,,11,11,G,,corrected-archive-csv
162860,Luleå-Kallax Flygplats,13,Rådande väder,"momentanvärde, 1 gång/tim resp 8 gånger/dygn",kod,1993-11-04T16:00:00Z,1993-11-04T17:00:00+01:00,752428800000,,11,11,Y,,corrected-archive-csv
162860,Luleå-Kallax Flygplats,13,Rådande väder,"momentanvärde, 1 gång/tim resp 8 gånger/dygn",kod,1993-11-04T17:00:00Z,1993-11-04T18:00:00+01:00,752432400000,,11,11,Y,,corrected-archive-csv
162860,Luleå-Kallax Flygplats,13,Rådande väder,"momentanvärde, 1 gång/tim resp 8 gånger/dygn",kod,1993-11-04T18:00:00Z,1993-11-04T19:00:00+01:00,752436000000,,11,11,G,,corrected-archive-csv
162860,Luleå-Kallax Flygplats,13,Rådande väder,"momentanvärde, 1 gång/tim resp 8 gånger/dygn",kod,1993-11-04T21:00:00Z,1993-11-04T22:00:00+01:00,752446800000,,0,0,G,,corrected-archive-csv
162860,Luleå-Kallax Flygplats,13,Rådande väder,"momentanvärde, 1 gång/tim resp 8 gånger/dygn",kod,1993-11-05T00:00:00Z,1993-11-05T01:00:00+01:00,752457600000,,0,0,G,,corrected-archive-csv
162860,Luleå-Kallax Flygplats,13,Rådande väder,"momentanvärde, 1 gång/tim resp 8 gånger/dygn",kod,1993-11-05T03:00:00Z,1993-11-05T04:00:00+01:00,752468400000,,0,0,G,,corrected-archive-csv
162860,Luleå-Kallax Flygplats,13,Rådande väder,"momentanvärde, 1 gång/tim resp 8 gånger/dygn",kod,1993-11-05T04:00:00Z,1993-11-05T05:00:00+01:00,752472000000,,40,40,Y,,corrected-archive-csv
162860,Luleå-Kallax Flygplats,13,Rådande väder,"momentanvärde, 1 gång/tim resp 8 gånger/dygn",kod,1993-11-05T05:00:00Z,1993-11-05T06:00:00+01:00,752475600000,,40,40,Y,,corrected-archive-csv
162860,Luleå-Kallax Flygplats,13,Rådande väder,"momentanvärde, 1 gång/tim resp 8 gånger/dygn",kod,1993-11-05T06:00:00Z,1993-11-05T07:00:00+01:00,752479200000,,47,47,G,,corrected-archive-csv
162860,Luleå-Kallax Flygplats,13,Rådande väder,"momentanvärde, 1 gång/tim resp 8 gånger/dygn",kod,1993-11-05T07:00:00Z,1993-11-05T08:00:00+01:00,752482800000,,40,40,Y,,corrected-archive-csv
162860,Luleå-Kallax Flygplats,13,Rådande väder,"momentanvärde, 1 gång/tim resp 8 gånger/dygn",kod,1993-11-05T08:00:00Z,1993-11-05T09:00:00+01:00,752486400000,,47,47,Y,,corrected-archive-csv
162860,Luleå-Kallax Flygplats,13,Rådande väder,"momentanvärde, 1 gång/tim resp 8 gånger/dygn",kod,1993-11-05T09:00:00Z,1993-11-05T10:00:00+01:00,752490000000,,28,28,G,,corrected-archive-csv
162860,Luleå-Kallax Flygplats,13,Rådande väder,"momentanvärde, 1 gång/tim resp 8 gånger/dygn",kod,1993-11-05T10:00:00Z,1993-11-05T11:00:00+01:00,752493600000,,77,77,Y,,corrected-archive-csv
162860,Luleå-Kallax Flygplats,13,Rådande väder,"momentanvärde, 1 gång/tim resp 8 gånger/dygn",kod,1993-11-05T11:00:00Z,1993-11-05T12:00:00+01:00,752497200000,,77,77,Y,,corrected-archive-csv
162860,Luleå-Kallax Flygplats,13,Rådande väder,"momentanvärde, 1 gång/tim resp 8 gånger/dygn",kod,1993-11-05T12:00:00Z,1993-11-05T13:00:00+01:00,752500800000,,77,77,G,,corrected-archive-csv
162860,Luleå-Kallax Flygplats,13,Rådande väder,"momentanvärde, 1 gång/tim resp 8 gånger/dygn",kod,1993-11-05T13:00:00Z,1993-11-05T14:00:00+01:00,752504400000,,20,20,Y,,corrected-archive-csv
162860,Luleå-Kallax Flygplats,13,Rådande väder,"momentanvärde, 1 gång/tim resp 8 gånger/dygn",kod,1993-11-05T14:00:00Z,1993-11-05T15:00:00+01:00,752508000000,,77,77,Y,,corrected-archive-csv
162860,Luleå-Kallax Flygplats,13,Rådande väder,"momentanvärde, 1 gång/tim resp 8 gånger/dygn",kod,1993-11-05T15:00:00Z,1993-11-05T16:00:00+01:00,752511600000,,77,77,G,,corrected-archive-csv
162860,Luleå-Kallax Flygplats,13,Rådande väder,"momentanvärde, 1 gång/tim resp 8 gånger/dygn",kod,1993-11-05T16:00:00Z,1993-11-05T17:00:00+01:00,752515200000,,77,77,Y,,corrected-archive-csv
162860,Luleå-Kallax Flygplats,13,Rådande väder,"momentanvärde, 1 gång/tim resp 8 gånger/dygn",kod,1993-11-05T17:00:00Z,1993-11-05T18:00:00+01:00,752518800000,,77,77,Y,,corrected-archive-csv
162860,Luleå-Kallax Flygplats,13,Rådande väder,"momentanvärde, 1 gång/tim resp 8 gånger/dygn",kod,1993-11-05T18:00:00Z,1993-11-05T19:00:00+01:00,752522400000,,77,77,G,,corrected-archive-csv
162860,Luleå-Kallax Flygplats,13,Rådande väder,"momentanvärde, 1 gång/tim resp 8 gånger/dygn",kod,1993-11-05T19:00:00Z,1993-11-05T20:00:00+01:00,752526000000,,77,77,Y,,corrected-archive-csv
162860,Luleå-Kallax Flygplats,13,Rådande väder,"momentanvärde, 1 gång/tim resp 8 gånger/dygn",kod,1993-11-05T20:00:00Z,1993-11-05T21:00:00+01:00,752529600000,,77,77,Y,,corrected-archive-csv
162860,Luleå-Kallax Flygplats,13,Rådande väder,"momentanvärde, 1 gång/tim resp 8 gånger/dygn",kod,1993-11-05T21:00:00Z,1993-11-05T22:00:00+01:00,752533200000,,77,77,G,,corrected-archive-csv
162860,Luleå-Kallax Flygplats,13,Rådande väder,"momentanvärde, 1 gång/tim resp 8 gånger/dygn",kod,1993-11-05T22:00:00Z,1993-11-05T23:00:00+01:00,752536800000,,77,77,Y,,corrected-archive-csv
162860,Luleå-Kallax Flygplats,13,Rådande väder,"momentanvärde, 1 gång/tim resp 8 gånger/dygn",kod,1993-11-05T23:00:00Z,1993-11-06T00:00:00+01:00,752540400000,,22,22,Y,,corrected-archive-csv
162860,Luleå-Kallax Flygplats,13,Rådande väder,"momentanvärde, 1 gång/tim resp 8 gånger/dygn",kod,1993-11-06T00:00:00Z,1993-11-06T01:00:00+01:00,752544000000,,2,2,G,,corrected-archive-csv
162860,Luleå-Kallax Flygplats,13,Rådande väder,"momentanvärde, 1 gång/tim resp 8 gånger/dygn",kod,1993-11-06T01:00:00Z,1993-11-06T02:00:00+01:00,752547600000,,10,10,Y,,corrected-archive-csv
162860,Luleå-Kallax Flygplats,13,Rådande väder,"momentanvärde, 1 gång/tim resp 8 gånger/dygn",kod,1993-11-06T02:00:00Z,1993-11-06T03:00:00+01:00,752551200000,,10,10,Y,,corrected-archive-csv
162860,Luleå-Kallax Flygplats,13,Rådande väder,"momentanvärde, 1 gång/tim resp 8 gånger/dygn",kod,1993-11-06T03:00:00Z,1993-11-06T04:00:00+01:00,752554800000,,10,10,G,,corrected-archive-csv
162860,Luleå-Kallax Flygplats,13,Rådande väder,"momentanvärde, 1 gång/tim resp 8 gånger/dygn",kod,1993-11-06T04:00:00Z,1993-11-06T05:00:00+01:00,752558400000,,10,10,Y,,corrected-archive-csv
162860,Luleå-Kallax Flygplats,13,Rådande väder,"momentanvärde, 1 gång/tim resp 8 gånger/dygn",kod,1993-11-06T05:00:00Z,1993-11-06T06:00:00+01:00,752562000000,,10,10,Y,,corrected-archive-csv
162860,Luleå-Kallax Flygplats,13,Rådande väder,"momentanvärde, 1 gång/tim resp 8 gånger/dygn",kod,1993-11-06T06:00:00Z,1993-11-06T07:00:00+01:00,752565600000,,10,10,G,,corrected-archive-csv
162860,Luleå-Kallax Flygplats,13,Rådande väder,"momentanvärde, 1 gång/tim resp 8 gånger/dygn",kod,1993-11-06T07:00:00Z,1993-11-06T08:00:00+01:00,752569200000,,41,41,Y,,corrected-archive-csv
162860,Luleå-Kallax Flygplats,13,Rådande väder,"momentanvärde, 1 gång/tim resp 8 gånger/dygn",kod,1993-11-06T08:00:00Z,1993-11-06T09:00:00+01:00,752572800000,,28,28,Y,,corrected-archive-csv
162860,Luleå-Kallax Flygplats,13,Rådande väder,"momentanvärde, 1 gång/tim resp 8 gånger/dygn",kod,1993-11-06T09:00:00Z,1993-11-06T10:00:00+01:00,752576400000,,77,77,G,,corrected-archive-csv
162860,Luleå-Kallax Flygplats,13,Rådande väder,"momentanvärde, 1 gång/tim resp 8 gånger/dygn",kod,1993-11-06T10:00:00Z,1993-11-06T11:00:00+01:00,752580000000,,77,77,Y,,corrected-archive-csv
162860,Luleå-Kallax Flygplats,13,Rådande väder,"momentanvärde, 1 gång/tim resp 8 gånger/dygn",kod,1993-11-06T11:00:00Z,1993-11-06T12:00:00+01:00,752583600000,,77,77,Y,,corrected-archive-csv
162860,Luleå-Kallax Flygplats,13,Rådande väder,"momentanvärde, 1 gång/tim resp 8 gånger/dygn",kod,1993-11-06T12:00:00Z,1993-11-06T13:00:00+01:00,752587200000,,77,77,G,,corrected-archive-csv
162860,Luleå-Kallax Flygplats,13,Rådande väder,"momentanvärde, 1 gång/tim resp 8 gånger/dygn",kod,1993-11-06T13:00:00Z,1993-11-06T14:00:00+01:00,752590800000,,77,77,Y,,corrected-archive-csv
162860,Luleå-Kallax Flygplats,13,Rådande väder,"momentanvärde, 1 gång/tim resp 8 gånger/dygn",kod,1993-11-06T14:00:00Z,1993-11-06T15:00:00+01:00,752594400000,,20,20,Y,,corrected-archive-csv
162860,Luleå-Kallax Flygplats,13,Rådande väder,"momentanvärde, 1 gång/tim resp 8 gånger/dygn",kod,1993-11-06T15:00:00Z,1993-11-06T16:00:00+01:00,752598000000,,1,1,G,,corrected-archive-csv
162860,Luleå-Kallax Flygplats,13,Rådande väder,"momentanvärde, 1 gång/tim resp 8 gånger/dygn",kod,1993-11-06T16:00:00Z,1993-11-06T17:00:00+01:00,752601600000,,2,2,Y,,corrected-archive-csv
162860,Luleå-Kallax Flygplats,13,Rådande väder,"momentanvärde, 1 gång/tim resp 8 gånger/dygn",kod,1993-11-06T17:00:00Z,1993-11-06T18:00:00+01:00,752605200000,,1,1,Y,,corrected-archive-csv
162860,Luleå-Kallax Flygplats,13,Rådande väder,"momentanvärde, 1 gång/tim resp 8 gånger/dygn",kod,1993-11-06T18:00:00Z,1993-11-06T19:00:00+01:00,752608800000,,1,1,G,,corrected-archive-csv
162860,Luleå-Kallax Flygplats,13,Rådande väder,"momentanvärde, 1 gång/tim resp 8 gånger/dygn",kod,1993-11-06T21:00:00Z,1993-11-06T22:00:00+01:00,752619600000,,0,0,G,,corrected-archive-csv
162860,Luleå-Kallax Flygplats,13,Rådande väder,"momentanvärde, 1 gång/tim resp 8 gånger/dygn",kod,1993-11-07T00:00:00Z,1993-11-07T01:00:00+01:00,752630400000,,0,0,G,,corrected-archive-csv
162860,Luleå-Kallax Flygplats,13,Rådande väder,"momentanvärde, 1 gång/tim resp 8 gånger/dygn",kod,1993-11-07T03:00:00Z,1993-11-07T04:00:00+01:00,752641200000,,0,0,G,,corrected-archive-csv
162860,Luleå-Kallax Flygplats,13,Rådande väder,"momentanvärde, 1 gång/tim resp 8 gånger/dygn",kod,1993-11-07T06:00:00Z,1993-11-07T07:00:00+01:00,752652000000,,40,40,G,,corrected-archive-csv
162860,Luleå-Kallax Flygplats,13,Rådande väder,"momentanvärde, 1 gång/tim resp 8 gånger/dygn",kod,1993-11-07T07:00:00Z,1993-11-07T08:00:00+01:00,752655600000,,40,40,Y,,corrected-archive-csv
162860,Luleå-Kallax Flygplats,13,Rådande väder,"momentanvärde, 1 gång/tim resp 8 gånger/dygn",kod,1993-11-07T08:00:00Z,1993-11-07T09:00:00+01:00,752659200000,,40,40,Y,,corrected-archive-csv
162860,Luleå-Kallax Flygplats,13,Rådande väder,"momentanvärde, 1 gång/tim resp 8 gånger/dygn",kod,1993-11-07T09:00:00Z,1993-11-07T10:00:00+01:00,752662800000,,49,49,G,,corrected-archive-csv
162860,Luleå-Kallax Flygplats,13,Rådande väder,"momentanvärde, 1 gång/tim resp 8 gånger/dygn",kod,1993-11-07T10:00:00Z,1993-11-07T11:00:00+01:00,752666400000,,49,49,Y,,corrected-archive-csv
162860,Luleå-Kallax Flygplats,13,Rådande väder,"momentanvärde, 1 gång/tim resp 8 gånger/dygn",kod,1993-11-07T11:00:00Z,1993-11-07T12:00:00+01:00,752670000000,,49,49,Y,,corrected-archive-csv
162860,Luleå-Kallax Flygplats,13,Rådande väder,"momentanvärde, 1 gång/tim resp 8 gånger/dygn",kod,1993-11-07T12:00:00Z,1993-11-07T13:00:00+01:00,752673600000,,40,40,G,,corrected-archive-csv
162860,Luleå-Kallax Flygplats,13,Rådande väder,"momentanvärde, 1 gång/tim resp 8 gånger/dygn",kod,1993-11-07T13:00:00Z,1993-11-07T14:00:00+01:00,752677200000,,10,10,Y,,corrected-archive-csv
162860,Luleå-Kallax Flygplats,13,Rådande väder,"momentanvärde, 1 gång/tim resp 8 gånger/dygn",kod,1993-11-07T14:00:00Z,1993-11-07T15:00:00+01:00,752680800000,,40,40,Y,,corrected-archive-csv
162860,Luleå-Kallax Flygplats,13,Rådande väder,"momentanvärde, 1 gång/tim resp 8 gånger/dygn",kod,1993-11-07T15:00:00Z,1993-11-07T16:00:00+01:00,752684400000,,40,40,G,,corrected-archive-csv
162860,Luleå-Kallax Flygplats,13,Rådande väder,"momentanvärde, 1 gång/tim resp 8 gånger/dygn",kod,1993-11-07T16:00:00Z,1993-11-07T17:00:00+01:00,752688000000,,40,40,Y,,corrected-archive-csv
162860,Luleå-Kallax Flygplats,13,Rådande väder,"momentanvärde, 1 gång/tim resp 8 gånger/dygn",kod,1993-11-07T17:00:00Z,1993-11-07T18:00:00+01:00,752691600000,,10,10,Y,,corrected-archive-csv
162860,Luleå-Kallax Flygplats,13,Rådande väder,"momentanvärde, 1 gång/tim resp 8 gånger/dygn",kod,1993-11-07T18:00:00Z,1993-11-07T19:00:00+01:00,752695200000,,10,10,G,,corrected-archive-csv
162860,Luleå-Kallax Flygplats,13,Rådande väder,"momentanvärde, 1 gång/tim resp 8 gånger/dygn",kod,1993-11-07T19:00:00Z,1993-11-07T20:00:00+01:00,752698800000,,77,77,Y,,corrected-archive-csv
162860,Luleå-Kallax Flygplats,13,Rådande väder,"momentanvärde, 1 gång/tim resp 8 gånger/dygn",kod,1993-11-07T20:00:00Z,1993-11-07T21:00:00+01:00,752702400000,,20,20,Y,,corrected-archive-csv
162860,Luleå-Kallax Flygplats,13,Rådande väder,"momentanvärde, 1 gång/tim resp 8 gånger/dygn",kod,1993-11-07T21:00:00Z,1993-11-07T22:00:00+01:00,752706000000,,10,10,G,,corrected-archive-csv
162860,Luleå-Kallax Flygplats,13,Rådande väder,"momentanvärde, 1 gång/tim resp 8 gånger/dygn",kod,1993-11-07T22:00:00Z,1993-11-07T23:00:00+01:00,752709600000,,10,10,Y,,corrected-archive-csv
162860,Luleå-Kallax Flygplats,13,Rådande väder,"momentanvärde, 1 gång/tim resp 8 gånger/dygn",kod,1993-11-07T23:00:00Z,1993-11-08T00:00:00+01:00,752713200000,,1,1,Y,,corrected-archive-csv
162860,Luleå-Kallax Flygplats,13,Rådande väder,"momentanvärde, 1 gång/tim resp 8 gånger/dygn",kod,1993-11-08T00:00:00Z,1993-11-08T01:00:00+01:00,752716800000,,0,0,G,,corrected-archive-csv
162860,Luleå-Kallax Flygplats,13,Rådande väder,"momentanvärde, 1 gång/tim resp 8 gånger/dygn",kod,1993-11-08T03:00:00Z,1993-11-08T04:00:00+01:00,752727600000,,0,0,G,,corrected-archive-csv
162860,Luleå-Kallax Flygplats,13,Rådande väder,"momentanvärde, 1 gång/tim resp 8 gånger/dygn",kod,1993-11-08T04:00:00Z,1993-11-08T05:00:00+01:00,752731200000,,71,71,Y,,corrected-archive-csv
162860,Luleå-Kallax Flygplats,13,Rådande väder,"momentanvärde, 1 gång/tim resp 8 gånger/dygn",kod,1993-11-08T05:00:00Z,1993-11-08T06:00:00+01:00,752734800000,,71,71,Y,,corrected-archive-csv
162860,Luleå-Kallax Flygplats,13,Rådande väder,"momentanvärde, 1 gång/tim resp 8 gånger/dygn",kod,1993-11-08T06:00:00Z,1993-11-08T07:00:00+01:00,752738400000,,71,71,G,,corrected-archive-csv
162860,Luleå-Kallax Flygplats,13,Rådande väder,"momentanvärde, 1 gång/tim resp 8 gånger/dygn",kod,1993-11-08T07:00:00Z,1993-11-08T08:00:00+01:00,752742000000,,71,71,Y,,corrected-archive-csv
162860,Luleå-Kallax Flygplats,13,Rådande väder,"momentanvärde, 1 gång/tim resp 8 gånger/dygn",kod,1993-11-08T08:00:00Z,1993-11-08T09:00:00+01:00,752745600000,,22,22,Y,,corrected-archive-csv
162860,Luleå-Kallax Flygplats,13,Rådande väder,"momentanvärde, 1 gång/tim resp 8 gånger/dygn",kod,1993-11-08T09:00:00Z,1993-11-08T10:00:00+01:00,752749200000,,2,2,G,,corrected-archive-csv
162860,Luleå-Kallax Flygplats,13,Rådande väder,"momentanvärde, 1 gång/tim resp 8 gånger/dygn",kod,1993-11-08T10:00:00Z,1993-11-08T11:00:00+01:00,752752800000,,2,2,Y,,corrected-archive-csv
162860,Luleå-Kallax Flygplats,13,Rådande väder,"momentanvärde, 1 gång/tim resp 8 gånger/dygn",kod,1993-11-08T11:00:00Z,1993-11-08T12:00:00+01:00,752756400000,,2,2,Y,,corrected-archive-csv
162860,Luleå-Kallax Flygplats,13,Rådande väder,"momentanvärde, 1 gång/tim resp 8 gånger/dygn",kod,1993-11-08T12:00:00Z,1993-11-08T13:00:00+01:00,752760000000,,2,2,G,,corrected-archive-csv
162860,Luleå-Kallax Flygplats,13,Rådande väder,"momentanvärde, 1 gång/tim resp 8 gånger/dygn",kod,1993-11-08T15:00:00Z,1993-11-08T16:00:00+01:00,752770800000,,0,0,G,,corrected-archive-csv
162860,Luleå-Kallax Flygplats,13,Rådande väder,"momentanvärde, 1 gång/tim resp 8 gånger/dygn",kod,1993-11-08T16:00:00Z,1993-11-08T17:00:00+01:00,752774400000,,71,71,Y,,corrected-archive-csv
162860,Luleå-Kallax Flygplats,13,Rådande väder,"momentanvärde, 1 gång/tim resp 8 gånger/dygn",kod,1993-11-08T17:00:00Z,1993-11-08T18:00:00+01:00,752778000000,,71,71,Y,,corrected-archive-csv
162860,Luleå-Kallax Flygplats,13,Rådande väder,"momentanvärde, 1 gång/tim resp 8 gånger/dygn",kod,1993-11-08T18:00:00Z,1993-11-08T19:00:00+01:00,752781600000,,71,71,G,,corrected-archive-csv
162860,Luleå-Kallax Flygplats,13,Rådande väder,"momentanvärde, 1 gång/tim resp 8 gånger/dygn",kod,1993-11-08T19:00:00Z,1993-11-08T20:00:00+01:00,752785200000,,68,68,Y,,corrected-archive-csv
162860,Luleå-Kallax Flygplats,13,Rådande väder,"momentanvärde, 1 gång/tim resp 8 gånger/dygn",kod,1993-11-08T20:00:00Z,1993-11-08T21:00:00+01:00,752788800000,,23,23,Y,,corrected-archive-csv
162860,Luleå-Kallax Flygplats,13,Rådande väder,"momentanvärde, 1 gång/tim resp 8 gånger/dygn",kod,1993-11-08T21:00:00Z,1993-11-08T22:00:00+01:00,752792400000,,71,71,G,,corrected-archive-csv
162860,Luleå-Kallax Flygplats,13,Rådande väder,"momentanvärde, 1 gång/tim resp 8 gånger/dygn",kod,1993-11-08T22:00:00Z,1993-11-08T23:00:00+01:00,752796000000,,22,22,Y,,corrected-archive-csv
162860,Luleå-Kallax Flygplats,13,Rådande väder,"momentanvärde, 1 gång/tim resp 8 gånger/dygn",kod,1993-11-08T23:00:00Z,1993-11-09T00:00:00+01:00,752799600000,,2,2,Y,,corrected-archive-csv
162860,Luleå-Kallax Flygplats,13,Rådande väder,"momentanvärde, 1 gång/tim resp 8 gånger/dygn",kod,1993-11-09T00:00:00Z,1993-11-09T01:00:00+01:00,752803200000,,0,0,G,,corrected-archive-csv
162860,Luleå-Kallax Flygplats,13,Rådande väder,"momentanvärde, 1 gång/tim resp 8 gånger/dygn",kod,1993-11-09T03:00:00Z,1993-11-09T04:00:00+01:00,752814000000,,0,0,G,,corrected-archive-csv
162860,Luleå-Kallax Flygplats,13,Rådande väder,"momentanvärde, 1 gång/tim resp 8 gånger/dygn",kod,1993-11-09T04:00:00Z,1993-11-09T05:00:00+01:00,752817600000,,83,83,Y,,corrected-archive-csv
162860,Luleå-Kallax Flygplats,13,Rådande väder,"momentanvärde, 1 gång/tim resp 8 gånger/dygn",kod,1993-11-09T05:00:00Z,1993-11-09T06:00:00+01:00,752821200000,,73,73,Y,,corrected-archive-csv
162860,Luleå-Kallax Flygplats,13,Rådande väder,"momentanvärde, 1 gång/tim resp 8 gånger/dygn",kod,1993-11-09T06:00:00Z,1993-11-09T07:00:00+01:00,752824800000,,22,22,G,,corrected-archive-csv
162860,Luleå-Kallax Flygplats,13,Rådande väder,"momentanvärde, 1 gång/tim resp 8 gånger/dygn",kod,1993-11-09T07:00:00Z,1993-11-09T08:00:00+01:00,752828400000,,22,22,Y,,corrected-archive-csv
162860,Luleå-Kallax Flygplats,13,Rådande väder,"momentanvärde, 1 gång/tim resp 8 gånger/dygn",kod,1993-11-09T08:00:00Z,1993-11-09T09:00:00+01:00,752832000000,,77,77,Y,,corrected-archive-csv
162860,Luleå-Kallax Flygplats,13,Rådande väder,"momentanvärde, 1 gång/tim resp 8 gånger/dygn",kod,1993-11-09T09:00:00Z,1993-11-09T10:00:00+01:00,752835600000,,77,77,G,,corrected-archive-csv
162860,Luleå-Kallax Flygplats,13,Rådande väder,"momentanvärde, 1 gång/tim resp 8 gånger/dygn",kod,1993-11-09T10:00:00Z,1993-11-09T11:00:00+01:00,752839200000,,77,77,Y,,corrected-archive-csv
162860,Luleå-Kallax Flygplats,13,Rådande väder,"momentanvärde, 1 gång/tim resp 8 gånger/dygn",kod,1993-11-09T11:00:00Z,1993-11-09T12:00:00+01:00,752842800000,,77,77,Y,,corrected-archive-csv
162860,Luleå-Kallax Flygplats,13,Rådande väder,"momentanvärde, 1 gång/tim resp 8 gånger/dygn",kod,1993-11-09T12:00:00Z,1993-11-09T13:00:00+01:00,752846400000,,20,20,G,,corrected-archive-csv
162860,Luleå-Kallax Flygplats,13,Rådande väder,"momentanvärde, 1 gång/tim resp 8 gånger/dygn",kod,1993-11-09T14:00:00Z,1993-11-09T15:00:00+01:00,752853600000,,77,77,Y,,corrected-archive-csv
162860,Luleå-Kallax Flygplats,13,Rådande väder,"momentanvärde, 1 gång/tim resp 8 gånger/dygn",kod,1993-11-09T15:00:00Z,1993-11-09T16:00:00+01:00,752857200000,,77,77,G,,corrected-archive-csv
162860,Luleå-Kallax Flygplats,13,Rådande väder,"momentanvärde, 1 gång/tim resp 8 gånger/dygn",kod,1993-11-09T16:00:00Z,1993-11-09T17:00:00+01:00,752860800000,,2,2,Y,,corrected-archive-csv
162860,Luleå-Kallax Flygplats,13,Rådande väder,"momentanvärde, 1 gång/tim resp 8 gånger/dygn",kod,1993-11-09T17:00:00Z,1993-11-09T18:00:00+01:00,752864400000,,2,2,Y,,corrected-archive-csv
162860,Luleå-Kallax Flygplats,13,Rådande väder,"momentanvärde, 1 gång/tim resp 8 gånger/dygn",kod,1993-11-09T18:00:00Z,1993-11-09T19:00:00+01:00,752868000000,,2,2,G,,corrected-archive-csv
162860,Luleå-Kallax Flygplats,13,Rådande väder,"momentanvärde, 1 gång/tim resp 8 gånger/dygn",kod,1993-11-09T21:00:00Z,1993-11-09T22:00:00+01:00,752878800000,,71,71,G,,corrected-archive-csv
162860,Luleå-Kallax Flygplats,13,Rådande väder,"momentanvärde, 1 gång/tim resp 8 gånger/dygn",kod,1993-11-09T22:00:00Z,1993-11-09T23:00:00+01:00,752882400000,,71,71,Y,,corrected-archive-csv
162860,Luleå-Kallax Flygplats,13,Rådande väder,"momentanvärde, 1 gång/tim resp 8 gånger/dygn",kod,1993-11-09T23:00:00Z,1993-11-10T00:00:00+01:00,752886000000,,85,85,Y,,corrected-archive-csv
162860,Luleå-Kallax Flygplats,13,Rådande väder,"momentanvärde, 1 gång/tim resp 8 gånger/dygn",kod,1993-11-10T00:00:00Z,1993-11-10T01:00:00+01:00,752889600000,,71,71,G,,corrected-archive-csv
162860,Luleå-Kallax Flygplats,13,Rådande väder,"momentanvärde, 1 gång/tim resp 8 gånger/dygn",kod,1993-11-10T01:00:00Z,1993-11-10T02:00:00+01:00,752893200000,,73,73,Y,,corrected-archive-csv
162860,Luleå-Kallax Flygplats,13,Rådande väder,"momentanvärde, 1 gång/tim resp 8 gånger/dygn",kod,1993-11-10T02:00:00Z,1993-11-10T03:00:00+01:00,752896800000,,73,73,Y,,corrected-archive-csv
162860,Luleå-Kallax Flygplats,13,Rådande väder,"momentanvärde, 1 gång/tim resp 8 gånger/dygn",kod,1993-11-10T03:00:00Z,1993-11-10T04:00:00+01:00,752900400000,,71,71,G,,corrected-archive-csv
162860,Luleå-Kallax Flygplats,13,Rådande väder,"momentanvärde, 1 gång/tim resp 8 gånger/dygn",kod,1993-11-10T04:00:00Z,1993-11-10T05:00:00+01:00,752904000000,,73,73,Y,,corrected-archive-csv
162860,Luleå-Kallax Flygplats,13,Rådande väder,"momentanvärde, 1 gång/tim resp 8 gånger/dygn",kod,1993-11-10T05:00:00Z,1993-11-10T06:00:00+01:00,752907600000,,73,73,Y,,corrected-archive-csv
162860,Luleå-Kallax Flygplats,13,Rådande väder,"momentanvärde, 1 gång/tim resp 8 gånger/dygn",kod,1993-11-10T06:00:00Z,1993-11-10T07:00:00+01:00,752911200000,,73,73,G,,corrected-archive-csv
162860,Luleå-Kallax Flygplats,13,Rådande väder,"momentanvärde, 1 gång/tim resp 8 gånger/dygn",kod,1993-11-10T07:00:00Z,1993-11-10T08:00:00+01:00,752914800000,,73,73,Y,,corrected-archive-csv
162860,Luleå-Kallax Flygplats,13,Rådande väder,"momentanvärde, 1 gång/tim resp 8 gånger/dygn",kod,1993-11-10T08:00:00Z,1993-11-10T09:00:00+01:00,752918400000,,22,22,Y,,corrected-archive-csv
162860,Luleå-Kallax Flygplats,13,Rådande väder,"momentanvärde, 1 gång/tim resp 8 gånger/dygn",kod,1993-11-10T09:00:00Z,1993-11-10T10:00:00+01:00,752922000000,,73,73,G,,corrected-archive-csv
162860,Luleå-Kallax Flygplats,13,Rådande väder,"momentanvärde, 1 gång/tim resp 8 gånger/dygn",kod,1993-11-10T10:00:00Z,1993-11-10T11:00:00+01:00,752925600000,,73,73,Y,,corrected-archive-csv
162860,Luleå-Kallax Flygplats,13,Rådande väder,"momentanvärde, 1 gång/tim resp 8 gånger/dygn",kod,1993-11-10T11:00:00Z,1993-11-10T12:00:00+01:00,752929200000,,73,73,Y,,corrected-archive-csv
162860,Luleå-Kallax Flygplats,13,Rådande väder,"momentanvärde, 1 gång/tim resp 8 gånger/dygn",kod,1993-11-10T12:00:00Z,1993-11-10T13:00:00+01:00,752932800000,,73,73,G,,corrected-archive-csv
162860,Luleå-Kallax Flygplats,13,Rådande väder,"momentanvärde, 1 gång/tim resp 8 gånger/dygn",kod,1993-11-10T13:00:00Z,1993-11-10T14:00:00+01:00,752936400000,,71,71,Y,,corrected-archive-csv
162860,Luleå-Kallax Flygplats,13,Rådande väder,"momentanvärde, 1 gång/tim resp 8 gånger/dygn",kod,1993-11-10T14:00:00Z,1993-11-10T15:00:00+01:00,752940000000,,22,22,Y,,corrected-archive-csv
162860,Luleå-Kallax Flygplats,13,Rådande väder,"momentanvärde, 1 gång/tim resp 8 gånger/dygn",kod,1993-11-10T15:00:00Z,1993-11-10T16:00:00+01:00,752943600000,,21,21,G,,corrected-archive-csv
162860,Luleå-Kallax Flygplats,13,Rådande väder,"momentanvärde, 1 gång/tim resp 8 gånger/dygn",kod,1993-11-10T16:00:00Z,1993-11-10T17:00:00+01:00,752947200000,,2,2,Y,,corrected-archive-csv
162860,Luleå-Kallax Flygplats,13,Rådande väder,"momentanvärde, 1 gång/tim resp 8 gånger/dygn",kod,1993-11-10T17:00:00Z,1993-11-10T18:00:00+01:00,752950800000,,2,2,Y,,corrected-archive-csv
162860,Luleå-Kallax Flygplats,13,Rådande väder,"momentanvärde, 1 gång/tim resp 8 gånger/dygn",kod,1993-11-10T18:00:00Z,1993-11-10T19:00:00+01:00,752954400000,,2,2,G,,corrected-archive-csv
162860,Luleå-Kallax Flygplats,13,Rådande väder,"momentanvärde, 1 gång/tim resp 8 gånger/dygn",kod,1993-11-10T21:00:00Z,1993-11-10T22:00:00+01:00,752965200000,,0,0,G,,corrected-archive-csv
162860,Luleå-Kallax Flygplats,13,Rådande väder,"momentanvärde, 1 gång/tim resp 8 gånger/dygn",kod,1993-11-11T00:00:00Z,1993-11-11T01:00:00+01:00,752976000000,,61,61,G,,corrected-archive-csv
162860,Luleå-Kallax Flygplats,13,Rådande väder,"momentanvärde, 1 gång/tim resp 8 gånger/dygn",kod,1993-11-11T01:00:00Z,1993-11-11T02:00:00+01:00,752979600000,,21,21,Y,,corrected-archive-csv
162860,Luleå-Kallax Flygplats,13,Rådande väder,"momentanvärde, 1 gång/tim resp 8 gånger/dygn",kod,1993-11-11T02:00:00Z,1993-11-11T03:00:00+01:00,752983200000,,61,61,Y,,corrected-archive-csv
162860,Luleå-Kallax Flygplats,13,Rådande väder,"momentanvärde, 1 gång/tim resp 8 gånger/dygn",kod,1993-11-11T03:00:00Z,1993-11-11T04:00:00+01:00,752986800000,,10,10,G,,corrected-archive-csv
162860,Luleå-Kallax Flygplats,13,Rådande väder,"momentanvärde, 1 gång/tim resp 8 gånger/dygn",kod,1993-11-11T04:00:00Z,1993-11-11T05:00:00+01:00,752990400000,,10,10,Y,,corrected-archive-csv
162860,Luleå-Kallax Flygplats,13,Rådande väder,"momentanvärde, 1 gång/tim resp 8 gånger/dygn",kod,1993-11-11T05:00:00Z,1993-11-11T06:00:00+01:00,752994000000,,10,10,Y,,corrected-archive-csv
162860,Luleå-Kallax Flygplats,13,Rådande väder,"momentanvärde, 1 gång/tim resp 8 gånger/dygn",kod,1993-11-11T06:00:00Z,1993-11-11T07:00:00+01:00,752997600000,,10,10,G,,corrected-archive-csv
162860,Luleå-Kallax Flygplats,13,Rådande väder,"momentanvärde, 1 gång/tim resp 8 gånger/dygn",kod,1993-11-11T09:00:00Z,1993-11-11T10:00:00+01:00,753008400000,,0,0,G,,corrected-archive-csv
162860,Luleå-Kallax Flygplats,13,Rådande väder,"momentanvärde, 1 gång/tim resp 8 gånger/dygn",kod,1993-11-11T12:00:00Z,1993-11-11T13:00:00+01:00,753019200000,,10,10,G,,corrected-archive-csv
162860,Luleå-Kallax Flygplats,13,Rådande väder,"momentanvärde, 1 gång/tim resp 8 gånger/dygn",kod,1993-11-11T13:00:00Z,1993-11-11T14:00:00+01:00,753022800000,,10,10,Y,,corrected-archive-csv
162860,Luleå-Kallax Flygplats,13,Rådande väder,"momentanvärde, 1 gång/tim resp 8 gånger/dygn",kod,1993-11-11T14:00:00Z,1993-11-11T15:00:00+01:00,753026400000,,10,10,Y,,corrected-archive-csv
162860,Luleå-Kallax Flygplats,13,Rådande väder,"momentanvärde, 1 gång/tim resp 8 gånger/dygn",kod,1993-11-11T15:00:00Z,1993-11-11T16:00:00+01:00,753030000000,,10,10,G,,corrected-archive-csv
162860,Luleå-Kallax Flygplats,13,Rådande väder,"momentanvärde, 1 gång/tim resp 8 gånger/dygn",kod,1993-11-11T16:00:00Z,1993-11-11T17:00:00+01:00,753033600000,,68,68,Y,,corrected-archive-csv
162860,Luleå-Kallax Flygplats,13,Rådande väder,"momentanvärde, 1 gång/tim resp 8 gånger/dygn",kod,1993-11-11T17:00:00Z,1993-11-11T18:00:00+01:00,753037200000,,20,20,Y,,corrected-archive-csv
162860,Luleå-Kallax Flygplats,13,Rådande väder,"momentanvärde, 1 gång/tim resp 8 gånger/dygn",kod,1993-11-11T18:00:00Z,1993-11-11T19:00:00+01:00,753040800000,,10,10,G,,corrected-archive-csv
162860,Luleå-Kallax Flygplats,13,Rådande väder,"momentanvärde, 1 gång/tim resp 8 gånger/dygn",kod,1993-11-11T19:00:00Z,1993-11-11T20:00:00+01:00,753044400000,,10,10,Y,,corrected-archive-csv
162860,Luleå-Kallax Flygplats,13,Rådande väder,"momentanvärde, 1 gång/tim resp 8 gånger/dygn",kod,1993-11-11T20:00:00Z,1993-11-11T21:00:00+01:00,753048000000,,10,10,Y,,corrected-archive-csv
162860,Luleå-Kallax Flygplats,13,Rådande väder,"momentanvärde, 1 gång/tim resp 8 gånger/dygn",kod,1993-11-11T21:00:00Z,1993-11-11T22:00:00+01:00,753051600000,,0,0,G,,corrected-archive-csv
162860,Luleå-Kallax Flygplats,13,Rådande väder,"momentanvärde, 1 gång/tim resp 8 gånger/dygn",kod,1993-11-12T00:00:00Z,1993-11-12T01:00:00+01:00,753062400000,,0,0,G,,corrected-archive-csv
162860,Luleå-Kallax Flygplats,13,Rådande väder,"momentanvärde, 1 gång/tim resp 8 gånger/dygn",kod,1993-11-12T03:00:00Z,1993-11-12T04:00:00+01:00,753073200000,,71,71,G,,corrected-archive-csv
162860,Luleå-Kallax Flygplats,13,Rådande väder,"momentanvärde, 1 gång/tim resp 8 gånger/dygn",kod,1993-11-12T04:00:00Z,1993-11-12T05:00:00+01:00,753076800000,,71,71,Y,,corrected-archive-csv
162860,Luleå-Kallax Flygplats,13,Rådande väder,"momentanvärde, 1 gång/tim resp 8 gånger/dygn",kod,1993-11-12T05:00:00Z,1993-11-12T06:00:00+01:00,753080400000,,71,71,Y,,corrected-archive-csv
162860,Luleå-Kallax Flygplats,13,Rådande väder,"momentanvärde, 1 gång/tim resp 8 gånger/dygn",kod,1993-11-12T06:00:00Z,1993-11-12T07:00:00+01:00,753084000000,,70,70,G,,corrected-archive-csv
162860,Luleå-Kallax Flygplats,13,Rådande väder,"momentanvärde, 1 gång/tim resp 8 gånger/dygn",kod,1993-11-12T09:00:00Z,1993-11-12T10:00:00+01:00,753094800000,,77,77,G,,corrected-archive-csv
162860,Luleå-Kallax Flygplats,13,Rådande väder,"momentanvärde, 1 gång/tim resp 8 gånger/dygn",kod,1993-11-12T10:00:00Z,1993-11-12T11:00:00+01:00,753098400000,,77,77,Y,,corrected-archive-csv
162860,Luleå-Kallax Flygplats,13,Rådande väder,"momentanvärde, 1 gång/tim resp 8 gånger/dygn",kod,1993-11-12T11:00:00Z,1993-11-12T12:00:00+01:00,753102000000,,77,77,Y,,corrected-archive-csv
162860,Luleå-Kallax Flygplats,13,Rådande väder,"momentanvärde, 1 gång/tim resp 8 gånger/dygn",kod,1993-11-12T12:00:00Z,1993-11-12T13:00:00+01:00,753105600000,,77,77,G,,corrected-archive-csv
162860,Luleå-Kallax Flygplats,13,Rådande väder,"momentanvärde, 1 gång/tim resp 8 gånger/dygn",kod,1993-11-12T13:00:00Z,1993-11-12T14:00:00+01:00,753109200000,,71,71,Y,,corrected-archive-csv
162860,Luleå-Kallax Flygplats,13,Rådande väder,"momentanvärde, 1 gång/tim resp 8 gånger/dygn",kod,1993-11-12T14:00:00Z,1993-11-12T15:00:00+01:00,753112800000,,71,71,Y,,corrected-archive-csv
162860,Luleå-Kallax Flygplats,13,Rådande väder,"momentanvärde, 1 gång/tim resp 8 gånger/dygn",kod,1993-11-12T15:00:00Z,1993-11-12T16:00:00+01:00,753116400000,,71,71,G,,corrected-archive-csv
162860,Luleå-Kallax Flygplats,13,Rådande väder,"momentanvärde, 1 gång/tim resp 8 gånger/dygn",kod,1993-11-12T16:00:00Z,1993-11-12T17:00:00+01:00,753120000000,,73,73,Y,,corrected-archive-csv
162860,Luleå-Kallax Flygplats,13,Rådande väder,"momentanvärde, 1 gång/tim resp 8 gånger/dygn",kod,1993-11-12T17:00:00Z,1993-11-12T18:00:00+01:00,753123600000,,71,71,Y,,corrected-archive-csv
162860,Luleå-Kallax Flygplats,13,Rådande väder,"momentanvärde, 1 gång/tim resp 8 gånger/dygn",kod,1993-11-12T18:00:00Z,1993-11-12T19:00:00+01:00,753127200000,,71,71,G,,corrected-archive-csv
162860,Luleå-Kallax Flygplats,13,Rådande väder,"momentanvärde, 1 gång/tim resp 8 gånger/dygn",kod,1993-11-12T19:00:00Z,1993-11-12T20:00:00+01:00,753130800000,,77,77,Y,,corrected-archive-csv
162860,Luleå-Kallax Flygplats,13,Rådande väder,"momentanvärde, 1 gång/tim resp 8 gånger/dygn",kod,1993-11-12T20:00:00Z,1993-11-12T21:00:00+01:00,753134400000,,77,77,Y,,corrected-archive-csv
162860,Luleå-Kallax Flygplats,13,Rådande väder,"momentanvärde, 1 gång/tim resp 8 gånger/dygn",kod,1993-11-12T21:00:00Z,1993-11-12T22:00:00+01:00,753138000000,,77,77,G,,corrected-archive-csv
162860,Luleå-Kallax Flygplats,13,Rådande väder,"momentanvärde, 1 gång/tim resp 8 gånger/dygn",kod,1993-11-12T22:00:00Z,1993-11-12T23:00:00+01:00,753141600000,,77,77,Y,,corrected-archive-csv
162860,Luleå-Kallax Flygplats,13,Rådande väder,"momentanvärde, 1 gång/tim resp 8 gånger/dygn",kod,1993-11-12T23:00:00Z,1993-11-13T00:00:00+01:00,753145200000,,77,77,Y,,corrected-archive-csv
162860,Luleå-Kallax Flygplats,13,Rådande väder,"momentanvärde, 1 gång/tim resp 8 gånger/dygn",kod,1993-11-13T00:00:00Z,1993-11-13T01:00:00+01:00,753148800000,,73,73,G,,corrected-archive-csv
162860,Luleå-Kallax Flygplats,13,Rådande väder,"momentanvärde, 1 gång/tim resp 8 gånger/dygn",kod,1993-11-13T01:00:00Z,1993-11-13T02:00:00+01:00,753152400000,,71,71,Y,,corrected-archive-csv
162860,Luleå-Kallax Flygplats,13,Rådande väder,"momentanvärde, 1 gång/tim resp 8 gånger/dygn",kod,1993-11-13T02:00:00Z,1993-11-13T03:00:00+01:00,753156000000,,77,77,Y,,corrected-archive-csv
162860,Luleå-Kallax Flygplats,13,Rådande väder,"momentanvärde, 1 gång/tim resp 8 gånger/dygn",kod,1993-11-13T03:00:00Z,1993-11-13T04:00:00+01:00,753159600000,,77,77,G,,corrected-archive-csv
162860,Luleå-Kallax Flygplats,13,Rådande väder,"momentanvärde, 1 gång/tim resp 8 gånger/dygn",kod,1993-11-13T04:00:00Z,1993-11-13T05:00:00+01:00,753163200000,,71,71,Y,,corrected-archive-csv
162860,Luleå-Kallax Flygplats,13,Rådande väder,"momentanvärde, 1 gång/tim resp 8 gånger/dygn",kod,1993-11-13T05:00:00Z,1993-11-13T06:00:00+01:00,753166800000,,71,71,Y,,corrected-archive-csv
162860,Luleå-Kallax Flygplats,13,Rådande väder,"momentanvärde, 1 gång/tim resp 8 gånger/dygn",kod,1993-11-13T06:00:00Z,1993-11-13T07:00:00+01:00,753170400000,,71,71,G,,corrected-archive-csv
162860,Luleå-Kallax Flygplats,13,Rådande väder,"momentanvärde, 1 gång/tim resp 8 gånger/dygn",kod,1993-11-13T07:00:00Z,1993-11-13T08:00:00+01:00,753174000000,,68,68,Y,,corrected-archive-csv
162860,Luleå-Kallax Flygplats,13,Rådande väder,"momentanvärde, 1 gång/tim resp 8 gånger/dygn",kod,1993-11-13T08:00:00Z,1993-11-13T09:00:00+01:00,753177600000,,10,10,Y,,corrected-archive-csv
162860,Luleå-Kallax Flygplats,13,Rådande väder,"momentanvärde, 1 gång/tim resp 8 gånger/dygn",kod,1993-11-13T09:00:00Z,1993-11-13T10:00:00+01:00,753181200000,,10,10,G,,corrected-archive-csv
162860,Luleå-Kallax Flygplats,13,Rådande väder,"momentanvärde, 1 gång/tim resp 8 gånger/dygn",kod,1993-11-13T10:00:00Z,1993-11-13T11:00:00+01:00,753184800000,,10,10,Y,,corrected-archive-csv
162860,Luleå-Kallax Flygplats,13,Rådande väder,"momentanvärde, 1 gång/tim resp 8 gånger/dygn",kod,1993-11-13T11:00:00Z,1993-11-13T12:00:00+01:00,753188400000,,2,2,Y,,corrected-archive-csv
162860,Luleå-Kallax Flygplats,13,Rådande väder,"momentanvärde, 1 gång/tim resp 8 gånger/dygn",kod,1993-11-13T12:00:00Z,1993-11-13T13:00:00+01:00,753192000000,,2,2,G,,corrected-archive-csv
162860,Luleå-Kallax Flygplats,13,Rådande väder,"momentanvärde, 1 gång/tim resp 8 gånger/dygn",kod,1993-11-13T13:00:00Z,1993-11-13T14:00:00+01:00,753195600000,,51,51,Y,,corrected-archive-csv
162860,Luleå-Kallax Flygplats,13,Rådande väder,"momentanvärde, 1 gång/tim resp 8 gånger/dygn",kod,1993-11-13T14:00:00Z,1993-11-13T15:00:00+01:00,753199200000,,2,2,Y,,corrected-archive-csv
162860,Luleå-Kallax Flygplats,13,Rådande väder,"momentanvärde, 1 gång/tim resp 8 gånger/dygn",kod,1993-11-13T15:00:00Z,1993-11-13T16:00:00+01:00,753202800000,,2,2,G,,corrected-archive-csv
162860,Luleå-Kallax Flygplats,13,Rådande väder,"momentanvärde, 1 gång/tim resp 8 gånger/dygn",kod,1993-11-13T16:00:00Z,1993-11-13T17:00:00+01:00,753206400000,,2,2,Y,,corrected-archive-csv
162860,Luleå-Kallax Flygplats,13,Rådande väder,"momentanvärde, 1 gång/tim resp 8 gånger/dygn",kod,1993-11-13T17:00:00Z,1993-11-13T18:00:00+01:00,753210000000,,2,2,Y,,corrected-archive-csv
162860,Luleå-Kallax Flygplats,13,Rådande väder,"momentanvärde, 1 gång/tim resp 8 gånger/dygn",kod,1993-11-13T18:00:00Z,1993-11-13T19:00:00+01:00,753213600000,,10,10,G,,corrected-archive-csv
162860,Luleå-Kallax Flygplats,13,Rådande väder,"momentanvärde, 1 gång/tim resp 8 gånger/dygn",kod,1993-11-13T19:00:00Z,1993-11-13T20:00:00+01:00,753217200000,,51,51,Y,,corrected-archive-csv
162860,Luleå-Kallax Flygplats,13,Rådande väder,"momentanvärde, 1 gång/tim resp 8 gånger/dygn",kod,1993-11-13T20:00:00Z,1993-11-13T21:00:00+01:00,753220800000,,51,51,Y,,corrected-archive-csv
162860,Luleå-Kallax Flygplats,13,Rådande väder,"momentanvärde, 1 gång/tim resp 8 gånger/dygn",kod,1993-11-13T21:00:00Z,1993-11-13T22:00:00+01:00,753224400000,,51,51,G,,corrected-archive-csv
162860,Luleå-Kallax Flygplats,13,Rådande väder,"momentanvärde, 1 gång/tim resp 8 gånger/dygn",kod,1993-11-13T22:00:00Z,1993-11-13T23:00:00+01:00,753228000000,,51,51,Y,,corrected-archive-csv
162860,Luleå-Kallax Flygplats,13,Rådande väder,"momentanvärde, 1 gång/tim resp 8 gånger/dygn",kod,1993-11-13T23:00:00Z,1993-11-14T00:00:00+01:00,753231600000,,10,10,Y,,corrected-archive-csv
162860,Luleå-Kallax Flygplats,13,Rådande väder,"momentanvärde, 1 gång/tim resp 8 gånger/dygn",kod,1993-11-14T00:00:00Z,1993-11-14T01:00:00+01:00,753235200000,,2,2,G,,corrected-archive-csv
162860,Luleå-Kallax Flygplats,13,Rådande väder,"momentanvärde, 1 gång/tim resp 8 gånger/dygn",kod,1993-11-14T03:00:00Z,1993-11-14T04:00:00+01:00,753246000000,,0,0,G,,corrected-archive-csv
162860,Luleå-Kallax Flygplats,13,Rådande väder,"momentanvärde, 1 gång/tim resp 8 gånger/dygn",kod,1993-11-14T06:00:00Z,1993-11-14T07:00:00+01:00,753256800000,,0,0,G,,corrected-archive-csv
162860,Luleå-Kallax Flygplats,13,Rådande väder,"momentanvärde, 1 gång/tim resp 8 gånger/dygn",kod,1993-11-14T07:00:00Z,1993-11-14T08:00:00+01:00,753260400000,,10,10,Y,,corrected-archive-csv
162860,Luleå-Kallax Flygplats,13,Rådande väder,"momentanvärde, 1 gång/tim resp 8 gånger/dygn",kod,1993-11-14T08:00:00Z,1993-11-14T09:00:00+01:00,753264000000,,10,10,Y,,corrected-archive-csv
162860,Luleå-Kallax Flygplats,13,Rådande väder,"momentanvärde, 1 gång/tim resp 8 gånger/dygn",kod,1993-11-14T09:00:00Z,1993-11-14T10:00:00+01:00,753267600000,,10,10,G,,corrected-archive-csv
162860,Luleå-Kallax Flygplats,13,Rådande väder,"momentanvärde, 1 gång/tim resp 8 gånger/dygn",kod,1993-11-14T10:00:00Z,1993-11-14T11:00:00+01:00,753271200000,,20,20,Y,,corrected-archive-csv
162860,Luleå-Kallax Flygplats,13,Rådande väder,"momentanvärde, 1 gång/tim resp 8 gånger/dygn",kod,1993-11-14T11:00:00Z,1993-11-14T12:00:00+01:00,753274800000,,21,21,Y,,corrected-archive-csv
162860,Luleå-Kallax Flygplats,13,Rådande väder,"momentanvärde, 1 gång/tim resp 8 gånger/dygn",kod,1993-11-14T12:00:00Z,1993-11-14T13:00:00+01:00,753278400000,,10,10,G,,corrected-archive-csv
162860,Luleå-Kallax Flygplats,13,Rådande väder,"momentanvärde, 1 gång/tim resp 8 gånger/dygn",kod,1993-11-14T13:00:00Z,1993-11-14T14:00:00+01:00,753282000000,,10,10,Y,,corrected-archive-csv
162860,Luleå-Kallax Flygplats,13,Rådande väder,"momentanvärde, 1 gång/tim resp 8 gånger/dygn",kod,1993-11-14T14:00:00Z,1993-11-14T15:00:00+01:00,753285600000,,61,61,Y,,corrected-archive-csv
162860,Luleå-Kallax Flygplats,13,Rådande väder,"momentanvärde, 1 gång/tim resp 8 gånger/dygn",kod,1993-11-14T15:00:00Z,1993-11-14T16:00:00+01:00,753289200000,,68,68,G,,corrected-archive-csv
162860,Luleå-Kallax Flygplats,13,Rådande väder,"momentanvärde, 1 gång/tim resp 8 gånger/dygn",kod,1993-11-14T16:00:00Z,1993-11-14T17:00:00+01:00,753292800000,,68,68,Y,,corrected-archive-csv
162860,Luleå-Kallax Flygplats,13,Rådande väder,"momentanvärde, 1 gång/tim resp 8 gånger/dygn",kod,1993-11-14T17:00:00Z,1993-11-14T18:00:00+01:00,753296400000,,23,23,Y,,corrected-archive-csv
162860,Luleå-Kallax Flygplats,13,Rådande väder,"momentanvärde, 1 gång/tim resp 8 gånger/dygn",kod,1993-11-14T18:00:00Z,1993-11-14T19:00:00+01:00,753300000000,,10,10,G,,corrected-archive-csv
162860,Luleå-Kallax Flygplats,13,Rådande väder,"momentanvärde, 1 gång/tim resp 8 gånger/dygn",kod,1993-11-14T19:00:00Z,1993-11-14T20:00:00+01:00,753303600000,,10,10,Y,,corrected-archive-csv
162860,Luleå-Kallax Flygplats,13,Rådande väder,"momentanvärde, 1 gång/tim resp 8 gånger/dygn",kod,1993-11-14T21:00:00Z,1993-11-14T22:00:00+01:00,753310800000,,0,0,G,,corrected-archive-csv
162860,Luleå-Kallax Flygplats,13,Rådande väder,"momentanvärde, 1 gång/tim resp 8 gånger/dygn",kod,1993-11-14T22:00:00Z,1993-11-14T23:00:00+01:00,753314400000,,10,10,Y,,corrected-archive-csv
162860,Luleå-Kallax Flygplats,13,Rådande väder,"momentanvärde, 1 gång/tim resp 8 gånger/dygn",kod,1993-11-14T23:00:00Z,1993-11-15T00:00:00+01:00,753318000000,,10,10,Y,,corrected-archive-csv
162860,Luleå-Kallax Flygplats,13,Rådande väder,"momentanvärde, 1 gång/tim resp 8 gånger/dygn",kod,1993-11-15T00:00:00Z,1993-11-15T01:00:00+01:00,753321600000,,68,68,G,,corrected-archive-csv
162860,Luleå-Kallax Flygplats,13,Rådande väder,"momentanvärde, 1 gång/tim resp 8 gånger/dygn",kod,1993-11-15T01:00:00Z,1993-11-15T02:00:00+01:00,753325200000,,68,68,Y,,corrected-archive-csv
162860,Luleå-Kallax Flygplats,13,Rådande väder,"momentanvärde, 1 gång/tim resp 8 gånger/dygn",kod,1993-11-15T02:00:00Z,1993-11-15T03:00:00+01:00,753328800000,,2,2,Y,,corrected-archive-csv
162860,Luleå-Kallax Flygplats,13,Rådande väder,"momentanvärde, 1 gång/tim resp 8 gånger/dygn",kod,1993-11-15T03:00:00Z,1993-11-15T04:00:00+01:00,753332400000,,2,2,G,,corrected-archive-csv
162860,Luleå-Kallax Flygplats,13,Rådande väder,"momentanvärde, 1 gång/tim resp 8 gånger/dygn",kod,1993-11-15T04:00:00Z,1993-11-15T05:00:00+01:00,753336000000,,2,2,Y,,corrected-archive-csv
162860,Luleå-Kallax Flygplats,13,Rådande väder,"momentanvärde, 1 gång/tim resp 8 gånger/dygn",kod,1993-11-15T05:00:00Z,1993-11-15T06:00:00+01:00,753339600000,,2,2,Y,,corrected-archive-csv
162860,Luleå-Kallax Flygplats,13,Rådande väder,"momentanvärde, 1 gång/tim resp 8 gånger/dygn",kod,1993-11-15T06:00:00Z,1993-11-15T07:00:00+01:00,753343200000,,2,2,G,,corrected-archive-csv
162860,Luleå-Kallax Flygplats,13,Rådande väder,"momentanvärde, 1 gång/tim resp 8 gånger/dygn",kod,1993-11-15T09:00:00Z,1993-11-15T10:00:00+01:00,753354000000,,0,0,G,,corrected-archive-csv
162860,Luleå-Kallax Flygplats,13,Rådande väder,"momentanvärde, 1 gång/tim resp 8 gånger/dygn",kod,1993-11-15T10:00:00Z,1993-11-15T11:00:00+01:00,753357600000,,71,71,Y,,corrected-archive-csv
162860,Luleå-Kallax Flygplats,13,Rådande väder,"momentanvärde, 1 gång/tim resp 8 gånger/dygn",kod,1993-11-15T11:00:00Z,1993-11-15T12:00:00+01:00,753361200000,,71,71,Y,,corrected-archive-csv
162860,Luleå-Kallax Flygplats,13,Rådande väder,"momentanvärde, 1 gång/tim resp 8 gånger/dygn",kod,1993-11-15T12:00:00Z,1993-11-15T13:00:00+01:00,753364800000,,73,73,G,,corrected-archive-csv
162860,Luleå-Kallax Flygplats,13,Rådande väder,"momentanvärde, 1 gång/tim resp 8 gånger/dygn",kod,1993-11-15T13:00:00Z,1993-11-15T14:00:00+01:00,753368400000,,73,73,Y,,corrected-archive-csv
162860,Luleå-Kallax Flygplats,13,Rådande väder,"momentanvärde, 1 gång/tim resp 8 gånger/dygn",kod,1993-11-15T14:00:00Z,1993-11-15T15:00:00+01:00,753372000000,,73,73,Y,,corrected-archive-csv
162860,Luleå-Kallax Flygplats,13,Rådande väder,"momentanvärde, 1 gång/tim resp 8 gånger/dygn",kod,1993-11-15T15:00:00Z,1993-11-15T16:00:00+01:00,753375600000,,22,22,G,,corrected-archive-csv
162860,Luleå-Kallax Flygplats,13,Rådande väder,"momentanvärde, 1 gång/tim resp 8 gånger/dygn",kod,1993-11-15T16:00:00Z,1993-11-15T17:00:00+01:00,753379200000,,10,10,Y,,corrected-archive-csv
162860,Luleå-Kallax Flygplats,13,Rådande väder,"momentanvärde, 1 gång/tim resp 8 gånger/dygn",kod,1993-11-15T17:00:00Z,1993-11-15T18:00:00+01:00,753382800000,,10,10,Y,,corrected-archive-csv
162860,Luleå-Kallax Flygplats,13,Rådande väder,"momentanvärde, 1 gång/tim resp 8 gånger/dygn",kod,1993-11-15T18:00:00Z,1993-11-15T19:00:00+01:00,753386400000,,22,22,G,,corrected-archive-csv
162860,Luleå-Kallax Flygplats,13,Rådande väder,"momentanvärde, 1 gång/tim resp 8 gånger/dygn",kod,1993-11-15T20:00:00Z,1993-11-15T21:00:00+01:00,753393600000,,10,10,Y,,corrected-archive-csv
162860,Luleå-Kallax Flygplats,13,Rådande väder,"momentanvärde, 1 gång/tim resp 8 gånger/dygn",kod,1993-11-15T21:00:00Z,1993-11-15T22:00:00+01:00,753397200000,,40,40,G,,corrected-archive-csv
162860,Luleå-Kallax Flygplats,13,Rådande väder,"momentanvärde, 1 gång/tim resp 8 gånger/dygn",kod,1993-11-15T22:00:00Z,1993-11-15T23:00:00+01:00,753400800000,,46,46,Y,,corrected-archive-csv
162860,Luleå-Kallax Flygplats,13,Rådande väder,"momentanvärde, 1 gång/tim resp 8 gånger/dygn",kod,1993-11-15T23:00:00Z,1993-11-16T00:00:00+01:00,753404400000,,47,47,Y,,corrected-archive-csv
162860,Luleå-Kallax Flygplats,13,Rådande väder,"momentanvärde, 1 gång/tim resp 8 gånger/dygn",kod,1993-11-16T00:00:00Z,1993-11-16T01:00:00+01:00,753408000000,,78,78,G,,corrected-archive-csv
162860,Luleå-Kallax Flygplats,13,Rådande väder,"momentanvärde, 1 gång/tim resp 8 gånger/dygn",kod,1993-11-16T01:00:00Z,1993-11-16T02:00:00+01:00,753411600000,,78,78,Y,,corrected-archive-csv
162860,Luleå-Kallax Flygplats,13,Rådande väder,"momentanvärde, 1 gång/tim resp 8 gånger/dygn",kod,1993-11-16T02:00:00Z,1993-11-16T03:00:00+01:00,753415200000,,49,49,Y,,corrected-archive-csv
162860,Luleå-Kallax Flygplats,13,Rådande väder,"momentanvärde, 1 gång/tim resp 8 gånger/dygn",kod,1993-11-16T03:00:00Z,1993-11-16T04:00:00+01:00,753418800000,,49,49,G,,corrected-archive-csv
162860,Luleå-Kallax Flygplats,13,Rådande väder,"momentanvärde, 1 gång/tim resp 8 gånger/dygn",kod,1993-11-16T04:00:00Z,1993-11-16T05:00:00+01:00,753422400000,,49,49,Y,,corrected-archive-csv
162860,Luleå-Kallax Flygplats,13,Rådande väder,"momentanvärde, 1 gång/tim resp 8 gånger/dygn",kod,1993-11-16T05:00:00Z,1993-11-16T06:00:00+01:00,753426000000,,49,49,Y,,corrected-archive-csv
162860,Luleå-Kallax Flygplats,13,Rådande väder,"momentanvärde, 1 gång/tim resp 8 gånger/dygn",kod,1993-11-16T06:00:00Z,1993-11-16T07:00:00+01:00,753429600000,,49,49,G,,corrected-archive-csv
162860,Luleå-Kallax Flygplats,13,Rådande väder,"momentanvärde, 1 gång/tim resp 8 gånger/dygn",kod,1993-11-16T07:00:00Z,1993-11-16T08:00:00+01:00,753433200000,,49,49,Y,,corrected-archive-csv
162860,Luleå-Kallax Flygplats,13,Rådande väder,"momentanvärde, 1 gång/tim resp 8 gånger/dygn",kod,1993-11-16T08:00:00Z,1993-11-16T09:00:00+01:00,753436800000,,49,49,Y,,corrected-archive-csv
162860,Luleå-Kallax Flygplats,13,Rådande väder,"momentanvärde, 1 gång/tim resp 8 gånger/dygn",kod,1993-11-16T09:00:00Z,1993-11-16T10:00:00+01:00,753440400000,,49,49,G,,corrected-archive-csv
162860,Luleå-Kallax Flygplats,13,Rådande väder,"momentanvärde, 1 gång/tim resp 8 gånger/dygn",kod,1993-11-16T10:00:00Z,1993-11-16T11:00:00+01:00,753444000000,,49,49,Y,,corrected-archive-csv
162860,Luleå-Kallax Flygplats,13,Rådande väder,"momentanvärde, 1 gång/tim resp 8 gånger/dygn",kod,1993-11-16T11:00:00Z,1993-11-16T12:00:00+01:00,753447600000,,10,10,Y,,corrected-archive-csv
162860,Luleå-Kallax Flygplats,13,Rådande väder,"momentanvärde, 1 gång/tim resp 8 gånger/dygn",kod,1993-11-16T12:00:00Z,1993-11-16T13:00:00+01:00,753451200000,,10,10,G,,corrected-archive-csv
162860,Luleå-Kallax Flygplats,13,Rådande väder,"momentanvärde, 1 gång/tim resp 8 gånger/dygn",kod,1993-11-16T13:00:00Z,1993-11-16T14:00:00+01:00,753454800000,,49,49,Y,,corrected-archive-csv
162860,Luleå-Kallax Flygplats,13,Rådande väder,"momentanvärde, 1 gång/tim resp 8 gånger/dygn",kod,1993-11-16T14:00:00Z,1993-11-16T15:00:00+01:00,753458400000,,49,49,Y,,corrected-archive-csv
162860,Luleå-Kallax Flygplats,13,Rådande väder,"momentanvärde, 1 gång/tim resp 8 gånger/dygn",kod,1993-11-16T15:00:00Z,1993-11-16T16:00:00+01:00,753462000000,,28,28,G,,corrected-archive-csv
162860,Luleå-Kallax Flygplats,13,Rådande väder,"momentanvärde, 1 gång/tim resp 8 gånger/dygn",kod,1993-11-16T16:00:00Z,1993-11-16T17:00:00+01:00,753465600000,,1,1,Y,,corrected-archive-csv
162860,Luleå-Kallax Flygplats,13,Rådande väder,"momentanvärde, 1 gång/tim resp 8 gånger/dygn",kod,1993-11-16T17:00:00Z,1993-11-16T18:00:00+01:00,753469200000,,1,1,Y,,corrected-archive-csv
162860,Luleå-Kallax Flygplats,13,Rådande väder,"momentanvärde, 1 gång/tim resp 8 gånger/dygn",kod,1993-11-16T18:00:00Z,1993-11-16T19:00:00+01:00,753472800000,,2,2,G,,corrected-archive-csv
162860,Luleå-Kallax Flygplats,13,Rådande väder,"momentanvärde, 1 gång/tim resp 8 gånger/dygn",kod,1993-11-16T21:00:00Z,1993-11-16T22:00:00+01:00,753483600000,,0,0,G,,corrected-archive-csv
162860,Luleå-Kallax Flygplats,13,Rådande väder,"momentanvärde, 1 gång/tim resp 8 gånger/dygn",kod,1993-11-17T00:00:00Z,1993-11-17T01:00:00+01:00,753494400000,,0,0,G,,corrected-archive-csv
162860,Luleå-Kallax Flygplats,13,Rådande väder,"momentanvärde, 1 gång/tim resp 8 gånger/dygn",kod,1993-11-17T03:00:00Z,1993-11-17T04:00:00+01:00,753505200000,,0,0,G,,corrected-archive-csv
162860,Luleå-Kallax Flygplats,13,Rådande väder,"momentanvärde, 1 gång/tim resp 8 gånger/dygn",kod,1993-11-17T04:00:00Z,1993-11-17T05:00:00+01:00,753508800000,,77,77,Y,,corrected-archive-csv
162860,Luleå-Kallax Flygplats,13,Rådande väder,"momentanvärde, 1 gång/tim resp 8 gånger/dygn",kod,1993-11-17T05:00:00Z,1993-11-17T06:00:00+01:00,753512400000,,1,1,Y,,corrected-archive-csv
162860,Luleå-Kallax Flygplats,13,Rådande väder,"momentanvärde, 1 gång/tim resp 8 gånger/dygn",kod,1993-11-17T06:00:00Z,1993-11-17T07:00:00+01:00,753516000000,,1,1,G,,corrected-archive-csv
162860,Luleå-Kallax Flygplats,13,Rådande väder,"momentanvärde, 1 gång/tim resp 8 gånger/dygn",kod,1993-11-17T09:00:00Z,1993-11-17T10:00:00+01:00,753526800000,,0,0,G,,corrected-archive-csv
162860,Luleå-Kallax Flygplats,13,Rådande väder,"momentanvärde, 1 gång/tim resp 8 gånger/dygn",kod,1993-11-17T12:00:00Z,1993-11-17T13:00:00+01:00,753537600000,,0,0,G,,corrected-archive-csv
162860,Luleå-Kallax Flygplats,13,Rådande väder,"momentanvärde, 1 gång/tim resp 8 gånger/dygn",kod,1993-11-17T15:00:00Z,1993-11-17T16:00:00+01:00,753548400000,,0,0,G,,corrected-archive-csv
162860,Luleå-Kallax Flygplats,13,Rådande väder,"momentanvärde, 1 gång/tim resp 8 gånger/dygn",kod,1993-11-17T18:00:00Z,1993-11-17T19:00:00+01:00,753559200000,,0,0,G,,corrected-archive-csv
162860,Luleå-Kallax Flygplats,13,Rådande väder,"momentanvärde, 1 gång/tim resp 8 gånger/dygn",kod,1993-11-17T21:00:00Z,1993-11-17T22:00:00+01:00,753570000000,,0,0,G,,corrected-archive-csv
162860,Luleå-Kallax Flygplats,13,Rådande väder,"momentanvärde, 1 gång/tim resp 8 gånger/dygn",kod,1993-11-18T00:00:00Z,1993-11-18T01:00:00+01:00,753580800000,,0,0,G,,corrected-archive-csv
162860,Luleå-Kallax Flygplats,13,Rådande väder,"momentanvärde, 1 gång/tim resp 8 gånger/dygn",kod,1993-11-18T03:00:00Z,1993-11-18T04:00:00+01:00,753591600000,,0,0,G,,corrected-archive-csv
162860,Luleå-Kallax Flygplats,13,Rådande väder,"momentanvärde, 1 gång/tim resp 8 gånger/dygn",kod,1993-11-18T04:00:00Z,1993-11-18T05:00:00+01:00,753595200000,,11,11,Y,,corrected-archive-csv
162860,Luleå-Kallax Flygplats,13,Rådande väder,"momentanvärde, 1 gång/tim resp 8 gånger/dygn",kod,1993-11-18T05:00:00Z,1993-11-18T06:00:00+01:00,753598800000,,40,40,Y,,corrected-archive-csv
162860,Luleå-Kallax Flygplats,13,Rådande väder,"momentanvärde, 1 gång/tim resp 8 gånger/dygn",kod,1993-11-18T06:00:00Z,1993-11-18T07:00:00+01:00,753602400000,,40,40,G,,corrected-archive-csv
162860,Luleå-Kallax Flygplats,13,Rådande väder,"momentanvärde, 1 gång/tim resp 8 gånger/dygn",kod,1993-11-18T09:00:00Z,1993-11-18T10:00:00+01:00,753613200000,,0,0,G,,corrected-archive-csv
162860,Luleå-Kallax Flygplats,13,Rådande väder,"momentanvärde, 1 gång/tim resp 8 gånger/dygn",kod,1993-11-18T12:00:00Z,1993-11-18T13:00:00+01:00,753624000000,,10,10,G,,corrected-archive-csv
162860,Luleå-Kallax Flygplats,13,Rådande väder,"momentanvärde, 1 gång/tim resp 8 gånger/dygn",kod,1993-11-18T13:00:00Z,1993-11-18T14:00:00+01:00,753627600000,,40,40,Y,,corrected-archive-csv
162860,Luleå-Kallax Flygplats,13,Rådande väder,"momentanvärde, 1 gång/tim resp 8 gånger/dygn",kod,1993-11-18T14:00:00Z,1993-11-18T15:00:00+01:00,753631200000,,40,40,Y,,corrected-archive-csv
162860,Luleå-Kallax Flygplats,13,Rådande väder,"momentanvärde, 1 gång/tim resp 8 gånger/dygn",kod,1993-11-18T15:00:00Z,1993-11-18T16:00:00+01:00,753634800000,,40,40,G,,corrected-archive-csv
162860,Luleå-Kallax Flygplats,13,Rådande väder,"momentanvärde, 1 gång/tim resp 8 gånger/dygn",kod,1993-11-18T16:00:00Z,1993-11-18T17:00:00+01:00,753638400000,,43,43,Y,,corrected-archive-csv
162860,Luleå-Kallax Flygplats,13,Rådande väder,"momentanvärde, 1 gång/tim resp 8 gånger/dygn",kod,1993-11-18T17:00:00Z,1993-11-18T18:00:00+01:00,753642000000,,44,44,Y,,corrected-archive-csv
162860,Luleå-Kallax Flygplats,13,Rådande väder,"momentanvärde, 1 gång/tim resp 8 gånger/dygn",kod,1993-11-18T18:00:00Z,1993-11-18T19:00:00+01:00,753645600000,,44,44,G,,corrected-archive-csv
162860,Luleå-Kallax Flygplats,13,Rådande väder,"momentanvärde, 1 gång/tim resp 8 gånger/dygn",kod,1993-11-18T19:00:00Z,1993-11-18T20:00:00+01:00,753649200000,,12,12,Y,,corrected-archive-csv
162860,Luleå-Kallax Flygplats,13,Rådande väder,"momentanvärde, 1 gång/tim resp 8 gånger/dygn",kod,1993-11-18T20:00:00Z,1993-11-18T21:00:00+01:00,753652800000,,12,12,Y,,corrected-archive-csv
162860,Luleå-Kallax Flygplats,13,Rådande väder,"momentanvärde, 1 gång/tim resp 8 gånger/dygn",kod,1993-11-18T21:00:00Z,1993-11-18T22:00:00+01:00,753656400000,,3,3,G,,corrected-archive-csv
162860,Luleå-Kallax Flygplats,13,Rådande väder,"momentanvärde, 1 gång/tim resp 8 gånger/dygn",kod,1993-11-18T22:00:00Z,1993-11-18T23:00:00+01:00,753660000000,,3,3,Y,,corrected-archive-csv
162860,Luleå-Kallax Flygplats,13,Rådande väder,"momentanvärde, 1 gång/tim resp 8 gånger/dygn",kod,1993-11-18T23:00:00Z,1993-11-19T00:00:00+01:00,753663600000,,28,28,Y,,corrected-archive-csv
162860,Luleå-Kallax Flygplats,13,Rådande väder,"momentanvärde, 1 gång/tim resp 8 gånger/dygn",kod,1993-11-19T00:00:00Z,1993-11-19T01:00:00+01:00,753667200000,,10,10,G,,corrected-archive-csv
162860,Luleå-Kallax Flygplats,13,Rådande väder,"momentanvärde, 1 gång/tim resp 8 gånger/dygn",kod,1993-11-19T01:00:00Z,1993-11-19T02:00:00+01:00,753670800000,,10,10,Y,,corrected-archive-csv
162860,Luleå-Kallax Flygplats,13,Rådande väder,"momentanvärde, 1 gång/tim resp 8 gånger/dygn",kod,1993-11-19T02:00:00Z,1993-11-19T03:00:00+01:00,753674400000,,2,2,Y,,corrected-archive-csv
162860,Luleå-Kallax Flygplats,13,Rådande väder,"momentanvärde, 1 gång/tim resp 8 gånger/dygn",kod,1993-11-19T03:00:00Z,1993-11-19T04:00:00+01:00,753678000000,,10,10,G,,corrected-archive-csv
162860,Luleå-Kallax Flygplats,13,Rådande väder,"momentanvärde, 1 gång/tim resp 8 gånger/dygn",kod,1993-11-19T04:00:00Z,1993-11-19T05:00:00+01:00,753681600000,,10,10,Y,,corrected-archive-csv
162860,Luleå-Kallax Flygplats,13,Rådande väder,"momentanvärde, 1 gång/tim resp 8 gånger/dygn",kod,1993-11-19T05:00:00Z,1993-11-19T06:00:00+01:00,753685200000,,10,10,Y,,corrected-archive-csv
162860,Luleå-Kallax Flygplats,13,Rådande väder,"momentanvärde, 1 gång/tim resp 8 gånger/dygn",kod,1993-11-19T06:00:00Z,1993-11-19T07:00:00+01:00,753688800000,,10,10,G,,corrected-archive-csv
162860,Luleå-Kallax Flygplats,13,Rådande väder,"momentanvärde, 1 gång/tim resp 8 gånger/dygn",kod,1993-11-19T07:00:00Z,1993-11-19T08:00:00+01:00,753692400000,,10,10,Y,,corrected-archive-csv
162860,Luleå-Kallax Flygplats,13,Rådande väder,"momentanvärde, 1 gång/tim resp 8 gånger/dygn",kod,1993-11-19T08:00:00Z,1993-11-19T09:00:00+01:00,753696000000,,10,10,Y,,corrected-archive-csv
162860,Luleå-Kallax Flygplats,13,Rådande väder,"momentanvärde, 1 gång/tim resp 8 gånger/dygn",kod,1993-11-19T09:00:00Z,1993-11-19T10:00:00+01:00,753699600000,,0,0,G,,corrected-archive-csv
162860,Luleå-Kallax Flygplats,13,Rådande väder,"momentanvärde, 1 gång/tim resp 8 gånger/dygn",kod,1993-11-19T12:00:00Z,1993-11-19T13:00:00+01:00,753710400000,,0,0,G,,corrected-archive-csv
162860,Luleå-Kallax Flygplats,13,Rådande väder,"momentanvärde, 1 gång/tim resp 8 gånger/dygn",kod,1993-11-19T15:00:00Z,1993-11-19T16:00:00+01:00,753721200000,,0,0,G,,corrected-archive-csv
162860,Luleå-Kallax Flygplats,13,Rådande väder,"momentanvärde, 1 gång/tim resp 8 gånger/dygn",kod,1993-11-19T18:00:00Z,1993-11-19T19:00:00+01:00,753732000000,,0,0,G,,corrected-archive-csv
162860,Luleå-Kallax Flygplats,13,Rådande väder,"momentanvärde, 1 gång/tim resp 8 gånger/dygn",kod,1993-11-19T21:00:00Z,1993-11-19T22:00:00+01:00,753742800000,,0,0,G,,corrected-archive-csv
162860,Luleå-Kallax Flygplats,13,Rådande väder,"momentanvärde, 1 gång/tim resp 8 gånger/dygn",kod,1993-11-20T00:00:00Z,1993-11-20T01:00:00+01:00,753753600000,,0,0,G,,corrected-archive-csv
162860,Luleå-Kallax Flygplats,13,Rådande väder,"momentanvärde, 1 gång/tim resp 8 gånger/dygn",kod,1993-11-20T03:00:00Z,1993-11-20T04:00:00+01:00,753764400000,,0,0,G,,corrected-archive-csv
162860,Luleå-Kallax Flygplats,13,Rådande väder,"momentanvärde, 1 gång/tim resp 8 gånger/dygn",kod,1993-11-20T06:00:00Z,1993-11-20T07:00:00+01:00,753775200000,,0,0,G,,corrected-archive-csv
162860,Luleå-Kallax Flygplats,13,Rådande väder,"momentanvärde, 1 gång/tim resp 8 gånger/dygn",kod,1993-11-20T09:00:00Z,1993-11-20T10:00:00+01:00,753786000000,,0,0,G,,corrected-archive-csv
162860,Luleå-Kallax Flygplats,13,Rådande väder,"momentanvärde, 1 gång/tim resp 8 gånger/dygn",kod,1993-11-20T12:00:00Z,1993-11-20T13:00:00+01:00,753796800000,,0,0,G,,corrected-archive-csv
162860,Luleå-Kallax Flygplats,13,Rådande väder,"momentanvärde, 1 gång/tim resp 8 gånger/dygn",kod,1993-11-20T15:00:00Z,1993-11-20T16:00:00+01:00,753807600000,,0,0,G,,corrected-archive-csv
162860,Luleå-Kallax Flygplats,13,Rådande väder,"momentanvärde, 1 gång/tim resp 8 gånger/dygn",kod,1993-11-20T18:00:00Z,1993-11-20T19:00:00+01:00,753818400000,,0,0,G,,corrected-archive-csv
162860,Luleå-Kallax Flygplats,13,Rådande väder,"momentanvärde, 1 gång/tim resp 8 gånger/dygn",kod,1993-11-20T21:00:00Z,1993-11-20T22:00:00+01:00,753829200000,,0,0,G,,corrected-archive-csv
162860,Luleå-Kallax Flygplats,13,Rådande väder,"momentanvärde, 1 gång/tim resp 8 gånger/dygn",kod,1993-11-21T00:00:00Z,1993-11-21T01:00:00+01:00,753840000000,,0,0,G,,corrected-archive-csv
162860,Luleå-Kallax Flygplats,13,Rådande väder,"momentanvärde, 1 gång/tim resp 8 gånger/dygn",kod,1993-11-21T03:00:00Z,1993-11-21T04:00:00+01:00,753850800000,,0,0,G,,corrected-archive-csv
162860,Luleå-Kallax Flygplats,13,Rådande väder,"momentanvärde, 1 gång/tim resp 8 gånger/dygn",kod,1993-11-21T06:00:00Z,1993-11-21T07:00:00+01:00,753861600000,,0,0,G,,corrected-archive-csv
162860,Luleå-Kallax Flygplats,13,Rådande väder,"momentanvärde, 1 gång/tim resp 8 gånger/dygn",kod,1993-11-21T09:00:00Z,1993-11-21T10:00:00+01:00,753872400000,,0,0,G,,corrected-archive-csv
162860,Luleå-Kallax Flygplats,13,Rådande väder,"momentanvärde, 1 gång/tim resp 8 gånger/dygn",kod,1993-11-21T12:00:00Z,1993-11-21T13:00:00+01:00,753883200000,,0,0,G,,corrected-archive-csv
162860,Luleå-Kallax Flygplats,13,Rådande väder,"momentanvärde, 1 gång/tim resp 8 gånger/dygn",kod,1993-11-21T15:00:00Z,1993-11-21T16:00:00+01:00,753894000000,,0,0,G,,corrected-archive-csv
162860,Luleå-Kallax Flygplats,13,Rådande väder,"momentanvärde, 1 gång/tim resp 8 gånger/dygn",kod,1993-11-21T18:00:00Z,1993-11-21T19:00:00+01:00,753904800000,,0,0,G,,corrected-archive-csv
162860,Luleå-Kallax Flygplats,13,Rådande väder,"momentanvärde, 1 gång/tim resp 8 gånger/dygn",kod,1993-11-21T21:00:00Z,1993-11-21T22:00:00+01:00,753915600000,,0,0,G,,corrected-archive-csv
162860,Luleå-Kallax Flygplats,13,Rådande väder,"momentanvärde, 1 gång/tim resp 8 gånger/dygn",kod,1993-11-22T00:00:00Z,1993-11-22T01:00:00+01:00,753926400000,,0,0,G,,corrected-archive-csv
162860,Luleå-Kallax Flygplats,13,Rådande väder,"momentanvärde, 1 gång/tim resp 8 gånger/dygn",kod,1993-11-22T03:00:00Z,1993-11-22T04:00:00+01:00,753937200000,,0,0,G,,corrected-archive-csv
162860,Luleå-Kallax Flygplats,13,Rådande väder,"momentanvärde, 1 gång/tim resp 8 gånger/dygn",kod,1993-11-22T06:00:00Z,1993-11-22T07:00:00+01:00,753948000000,,0,0,G,,corrected-archive-csv
162860,Luleå-Kallax Flygplats,13,Rådande väder,"momentanvärde, 1 gång/tim resp 8 gånger/dygn",kod,1993-11-22T09:00:00Z,1993-11-22T10:00:00+01:00,753958800000,,0,0,G,,corrected-archive-csv
162860,Luleå-Kallax Flygplats,13,Rådande väder,"momentanvärde, 1 gång/tim resp 8 gånger/dygn",kod,1993-11-22T10:00:00Z,1993-11-22T11:00:00+01:00,753962400000,,5,5,Y,,corrected-archive-csv
162860,Luleå-Kallax Flygplats,13,Rådande väder,"momentanvärde, 1 gång/tim resp 8 gånger/dygn",kod,1993-11-22T12:00:00Z,1993-11-22T13:00:00+01:00,753969600000,,0,0,G,,corrected-archive-csv
162860,Luleå-Kallax Flygplats,13,Rådande väder,"momentanvärde, 1 gång/tim resp 8 gånger/dygn",kod,1993-11-22T15:00:00Z,1993-11-22T16:00:00+01:00,753980400000,,0,0,G,,corrected-archive-csv
162860,Luleå-Kallax Flygplats,13,Rådande väder,"momentanvärde, 1 gång/tim resp 8 gånger/dygn",kod,1993-11-22T18:00:00Z,1993-11-22T19:00:00+01:00,753991200000,,0,0,G,,corrected-archive-csv
162860,Luleå-Kallax Flygplats,13,Rådande väder,"momentanvärde, 1 gång/tim resp 8 gånger/dygn",kod,1993-11-23T00:00:00Z,1993-11-23T01:00:00+01:00,754012800000,,0,0,G,,corrected-archive-csv
162860,Luleå-Kallax Flygplats,13,Rådande väder,"momentanvärde, 1 gång/tim resp 8 gånger/dygn",kod,1993-11-23T03:00:00Z,1993-11-23T04:00:00+01:00,754023600000,,0,0,G,,corrected-archive-csv
162860,Luleå-Kallax Flygplats,13,Rådande väder,"momentanvärde, 1 gång/tim resp 8 gånger/dygn",kod,1993-11-23T06:00:00Z,1993-11-23T07:00:00+01:00,754034400000,,0,0,G,,corrected-archive-csv
162860,Luleå-Kallax Flygplats,13,Rådande väder,"momentanvärde, 1 gång/tim resp 8 gånger/dygn",kod,1993-11-23T09:00:00Z,1993-11-23T10:00:00+01:00,754045200000,,0,0,G,,corrected-archive-csv
162860,Luleå-Kallax Flygplats,13,Rådande väder,"momentanvärde, 1 gång/tim resp 8 gånger/dygn",kod,1993-11-23T12:00:00Z,1993-11-23T13:00:00+01:00,754056000000,,71,71,G,,corrected-archive-csv
162860,Luleå-Kallax Flygplats,13,Rådande väder,"momentanvärde, 1 gång/tim resp 8 gånger/dygn",kod,1993-11-23T19:00:00Z,1993-11-23T20:00:00+01:00,754081200000,,22,22,Y,,corrected-archive-csv
162860,Luleå-Kallax Flygplats,13,Rådande väder,"momentanvärde, 1 gång/tim resp 8 gånger/dygn",kod,1993-11-23T20:00:00Z,1993-11-23T21:00:00+01:00,754084800000,,71,71,Y,,corrected-archive-csv
162860,Luleå-Kallax Flygplats,13,Rådande väder,"momentanvärde, 1 gång/tim resp 8 gånger/dygn",kod,1993-11-23T21:00:00Z,1993-11-23T22:00:00+01:00,754088400000,,71,71,G,,corrected-archive-csv
162860,Luleå-Kallax Flygplats,13,Rådande väder,"momentanvärde, 1 gång/tim resp 8 gånger/dygn",kod,1993-11-23T22:00:00Z,1993-11-23T23:00:00+01:00,754092000000,,10,10,Y,,corrected-archive-csv
162860,Luleå-Kallax Flygplats,13,Rådande väder,"momentanvärde, 1 gång/tim resp 8 gånger/dygn",kod,1993-11-23T23:00:00Z,1993-11-24T00:00:00+01:00,754095600000,,22,22,Y,,corrected-archive-csv
162860,Luleå-Kallax Flygplats,13,Rådande väder,"momentanvärde, 1 gång/tim resp 8 gånger/dygn",kod,1993-11-24T00:00:00Z,1993-11-24T01:00:00+01:00,754099200000,,0,0,G,,corrected-archive-csv
162860,Luleå-Kallax Flygplats,13,Rådande väder,"momentanvärde, 1 gång/tim resp 8 gånger/dygn",kod,1993-11-24T03:00:00Z,1993-11-24T04:00:00+01:00,754110000000,,0,0,G,,corrected-archive-csv
162860,Luleå-Kallax Flygplats,13,Rådande väder,"momentanvärde, 1 gång/tim resp 8 gånger/dygn",kod,1993-11-24T04:00:00Z,1993-11-24T05:00:00+01:00,754113600000,,73,73,Y,,corrected-archive-csv
162860,Luleå-Kallax Flygplats,13,Rådande väder,"momentanvärde, 1 gång/tim resp 8 gånger/dygn",kod,1993-11-24T05:00:00Z,1993-11-24T06:00:00+01:00,754117200000,,73,73,Y,,corrected-archive-csv
162860,Luleå-Kallax Flygplats,13,Rådande väder,"momentanvärde, 1 gång/tim resp 8 gånger/dygn",kod,1993-11-24T06:00:00Z,1993-11-24T07:00:00+01:00,754120800000,,73,73,G,,corrected-archive-csv
162860,Luleå-Kallax Flygplats,13,Rådande väder,"momentanvärde, 1 gång/tim resp 8 gånger/dygn",kod,1993-11-24T07:00:00Z,1993-11-24T08:00:00+01:00,754124400000,,71,71,Y,,corrected-archive-csv
162860,Luleå-Kallax Flygplats,13,Rådande väder,"momentanvärde, 1 gång/tim resp 8 gånger/dygn",kod,1993-11-24T08:00:00Z,1993-11-24T09:00:00+01:00,754128000000,,71,71,Y,,corrected-archive-csv
162860,Luleå-Kallax Flygplats,13,Rådande väder,"momentanvärde, 1 gång/tim resp 8 gånger/dygn",kod,1993-11-24T09:00:00Z,1993-11-24T10:00:00+01:00,754131600000,,71,71,G,,corrected-archive-csv
162860,Luleå-Kallax Flygplats,13,Rådande väder,"momentanvärde, 1 gång/tim resp 8 gånger/dygn",kod,1993-11-24T10:00:00Z,1993-11-24T11:00:00+01:00,754135200000,,71,71,Y,,corrected-archive-csv
162860,Luleå-Kallax Flygplats,13,Rådande väder,"momentanvärde, 1 gång/tim resp 8 gånger/dygn",kod,1993-11-24T11:00:00Z,1993-11-24T12:00:00+01:00,754138800000,,71,71,Y,,corrected-archive-csv
162860,Luleå-Kallax Flygplats,13,Rådande väder,"momentanvärde, 1 gång/tim resp 8 gånger/dygn",kod,1993-11-24T12:00:00Z,1993-11-24T13:00:00+01:00,754142400000,,71,71,G,,corrected-archive-csv
162860,Luleå-Kallax Flygplats,13,Rådande väder,"momentanvärde, 1 gång/tim resp 8 gånger/dygn",kod,1993-11-24T13:00:00Z,1993-11-24T14:00:00+01:00,754146000000,,22,22,Y,,corrected-archive-csv
162860,Luleå-Kallax Flygplats,13,Rådande väder,"momentanvärde, 1 gång/tim resp 8 gånger/dygn",kod,1993-11-24T14:00:00Z,1993-11-24T15:00:00+01:00,754149600000,,73,73,Y,,corrected-archive-csv
162860,Luleå-Kallax Flygplats,13,Rådande väder,"momentanvärde, 1 gång/tim resp 8 gånger/dygn",kod,1993-11-24T15:00:00Z,1993-11-24T16:00:00+01:00,754153200000,,73,73,G,,corrected-archive-csv
162860,Luleå-Kallax Flygplats,13,Rådande väder,"momentanvärde, 1 gång/tim resp 8 gånger/dygn",kod,1993-11-24T16:00:00Z,1993-11-24T17:00:00+01:00,754156800000,,73,73,Y,,corrected-archive-csv
162860,Luleå-Kallax Flygplats,13,Rådande väder,"momentanvärde, 1 gång/tim resp 8 gånger/dygn",kod,1993-11-24T17:00:00Z,1993-11-24T18:00:00+01:00,754160400000,,71,71,Y,,corrected-archive-csv
162860,Luleå-Kallax Flygplats,13,Rådande väder,"momentanvärde, 1 gång/tim resp 8 gånger/dygn",kod,1993-11-24T18:00:00Z,1993-11-24T19:00:00+01:00,754164000000,,71,71,G,,corrected-archive-csv
162860,Luleå-Kallax Flygplats,13,Rådande väder,"momentanvärde, 1 gång/tim resp 8 gånger/dygn",kod,1993-11-24T19:00:00Z,1993-11-24T20:00:00+01:00,754167600000,,71,71,Y,,corrected-archive-csv
162860,Luleå-Kallax Flygplats,13,Rådande väder,"momentanvärde, 1 gång/tim resp 8 gånger/dygn",kod,1993-11-24T20:00:00Z,1993-11-24T21:00:00+01:00,754171200000,,73,73,Y,,corrected-archive-csv
162860,Luleå-Kallax Flygplats,13,Rådande väder,"momentanvärde, 1 gång/tim resp 8 gånger/dygn",kod,1993-11-24T21:00:00Z,1993-11-24T22:00:00+01:00,754174800000,,71,71,G,,corrected-archive-csv
162860,Luleå-Kallax Flygplats,13,Rådande väder,"momentanvärde, 1 gång/tim resp 8 gånger/dygn",kod,1993-11-24T22:00:00Z,1993-11-24T23:00:00+01:00,754178400000,,71,71,Y,,corrected-archive-csv
162860,Luleå-Kallax Flygplats,13,Rådande väder,"momentanvärde, 1 gång/tim resp 8 gånger/dygn",kod,1993-11-24T23:00:00Z,1993-11-25T00:00:00+01:00,754182000000,,22,22,Y,,corrected-archive-csv
162860,Luleå-Kallax Flygplats,13,Rådande väder,"momentanvärde, 1 gång/tim resp 8 gånger/dygn",kod,1993-11-25T00:00:00Z,1993-11-25T01:00:00+01:00,754185600000,,1,1,G,,corrected-archive-csv
162860,Luleå-Kallax Flygplats,13,Rådande väder,"momentanvärde, 1 gång/tim resp 8 gånger/dygn",kod,1993-11-25T03:00:00Z,1993-11-25T04:00:00+01:00,754196400000,,0,0,G,,corrected-archive-csv
162860,Luleå-Kallax Flygplats,13,Rådande väder,"momentanvärde, 1 gång/tim resp 8 gånger/dygn",kod,1993-11-25T06:00:00Z,1993-11-25T07:00:00+01:00,754207200000,,0,0,G,,corrected-archive-csv
162860,Luleå-Kallax Flygplats,13,Rådande väder,"momentanvärde, 1 gång/tim resp 8 gånger/dygn",kod,1993-11-25T09:00:00Z,1993-11-25T10:00:00+01:00,754218000000,,0,0,G,,corrected-archive-csv
162860,Luleå-Kallax Flygplats,13,Rådande väder,"momentanvärde, 1 gång/tim resp 8 gånger/dygn",kod,1993-11-25T12:00:00Z,1993-11-25T13:00:00+01:00,754228800000,,0,0,G,,corrected-archive-csv
162860,Luleå-Kallax Flygplats,13,Rådande väder,"momentanvärde, 1 gång/tim resp 8 gånger/dygn",kod,1993-11-25T14:00:00Z,1993-11-25T15:00:00+01:00,754236000000,,22,22,Y,,corrected-archive-csv
162860,Luleå-Kallax Flygplats,13,Rådande väder,"momentanvärde, 1 gång/tim resp 8 gånger/dygn",kod,1993-11-25T15:00:00Z,1993-11-25T16:00:00+01:00,754239600000,,3,3,G,,corrected-archive-csv
162860,Luleå-Kallax Flygplats,13,Rådande väder,"momentanvärde, 1 gång/tim resp 8 gånger/dygn",kod,1993-11-25T16:00:00Z,1993-11-25T17:00:00+01:00,754243200000,,2,2,Y,,corrected-archive-csv
162860,Luleå-Kallax Flygplats,13,Rådande väder,"momentanvärde, 1 gång/tim resp 8 gånger/dygn",kod,1993-11-25T17:00:00Z,1993-11-25T18:00:00+01:00,754246800000,,2,2,Y,,corrected-archive-csv
162860,Luleå-Kallax Flygplats,13,Rådande väder,"momentanvärde, 1 gång/tim resp 8 gånger/dygn",kod,1993-11-25T18:00:00Z,1993-11-25T19:00:00+01:00,754250400000,,1,1,G,,corrected-archive-csv
162860,Luleå-Kallax Flygplats,13,Rådande väder,"momentanvärde, 1 gång/tim resp 8 gånger/dygn",kod,1993-11-25T21:00:00Z,1993-11-25T22:00:00+01:00,754261200000,,0,0,G,,corrected-archive-csv
162860,Luleå-Kallax Flygplats,13,Rådande väder,"momentanvärde, 1 gång/tim resp 8 gånger/dygn",kod,1993-11-26T00:00:00Z,1993-11-26T01:00:00+01:00,754272000000,,0,0,G,,corrected-archive-csv
162860,Luleå-Kallax Flygplats,13,Rådande väder,"momentanvärde, 1 gång/tim resp 8 gånger/dygn",kod,1993-11-26T03:00:00Z,1993-11-26T04:00:00+01:00,754282800000,,0,0,G,,corrected-archive-csv
162860,Luleå-Kallax Flygplats,13,Rådande väder,"momentanvärde, 1 gång/tim resp 8 gånger/dygn",kod,1993-11-26T04:00:00Z,1993-11-26T05:00:00+01:00,754286400000,,10,10,Y,,corrected-archive-csv
162860,Luleå-Kallax Flygplats,13,Rådande väder,"momentanvärde, 1 gång/tim resp 8 gånger/dygn",kod,1993-11-26T05:00:00Z,1993-11-26T06:00:00+01:00,754290000000,,10,10,Y,,corrected-archive-csv
162860,Luleå-Kallax Flygplats,13,Rådande väder,"momentanvärde, 1 gång/tim resp 8 gånger/dygn",kod,1993-11-26T06:00:00Z,1993-11-26T07:00:00+01:00,754293600000,,10,10,G,,corrected-archive-csv
162860,Luleå-Kallax Flygplats,13,Rådande väder,"momentanvärde, 1 gång/tim resp 8 gånger/dygn",kod,1993-11-26T07:00:00Z,1993-11-26T08:00:00+01:00,754297200000,,10,10,Y,,corrected-archive-csv
162860,Luleå-Kallax Flygplats,13,Rådande väder,"momentanvärde, 1 gång/tim resp 8 gånger/dygn",kod,1993-11-26T08:00:00Z,1993-11-26T09:00:00+01:00,754300800000,,10,10,Y,,corrected-archive-csv
162860,Luleå-Kallax Flygplats,13,Rådande väder,"momentanvärde, 1 gång/tim resp 8 gånger/dygn",kod,1993-11-26T09:00:00Z,1993-11-26T10:00:00+01:00,754304400000,,49,49,G,,corrected-archive-csv
162860,Luleå-Kallax Flygplats,13,Rådande väder,"momentanvärde, 1 gång/tim resp 8 gånger/dygn",kod,1993-11-26T10:00:00Z,1993-11-26T11:00:00+01:00,754308000000,,10,10,Y,,corrected-archive-csv
162860,Luleå-Kallax Flygplats,13,Rådande väder,"momentanvärde, 1 gång/tim resp 8 gånger/dygn",kod,1993-11-26T11:00:00Z,1993-11-26T12:00:00+01:00,754311600000,,10,10,Y,,corrected-archive-csv
162860,Luleå-Kallax Flygplats,13,Rådande väder,"momentanvärde, 1 gång/tim resp 8 gånger/dygn",kod,1993-11-26T12:00:00Z,1993-11-26T13:00:00+01:00,754315200000,,10,10,G,,corrected-archive-csv
162860,Luleå-Kallax Flygplats,13,Rådande väder,"momentanvärde, 1 gång/tim resp 8 gånger/dygn",kod,1993-11-26T13:00:00Z,1993-11-26T14:00:00+01:00,754318800000,,10,10,Y,,corrected-archive-csv
162860,Luleå-Kallax Flygplats,13,Rådande väder,"momentanvärde, 1 gång/tim resp 8 gånger/dygn",kod,1993-11-26T14:00:00Z,1993-11-26T15:00:00+01:00,754322400000,,10,10,Y,,corrected-archive-csv
162860,Luleå-Kallax Flygplats,13,Rådande väder,"momentanvärde, 1 gång/tim resp 8 gånger/dygn",kod,1993-11-26T15:00:00Z,1993-11-26T16:00:00+01:00,754326000000,,10,10,G,,corrected-archive-csv
162860,Luleå-Kallax Flygplats,13,Rådande väder,"momentanvärde, 1 gång/tim resp 8 gånger/dygn",kod,1993-11-26T16:00:00Z,1993-11-26T17:00:00+01:00,754329600000,,10,10,Y,,corrected-archive-csv
162860,Luleå-Kallax Flygplats,13,Rådande väder,"momentanvärde, 1 gång/tim resp 8 gånger/dygn",kod,1993-11-26T17:00:00Z,1993-11-26T18:00:00+01:00,754333200000,,10,10,Y,,corrected-archive-csv
162860,Luleå-Kallax Flygplats,13,Rådande väder,"momentanvärde, 1 gång/tim resp 8 gånger/dygn",kod,1993-11-26T18:00:00Z,1993-11-26T19:00:00+01:00,754336800000,,49,49,G,,corrected-archive-csv
162860,Luleå-Kallax Flygplats,13,Rådande väder,"momentanvärde, 1 gång/tim resp 8 gånger/dygn",kod,1993-11-26T19:00:00Z,1993-11-26T20:00:00+01:00,754340400000,,28,28,Y,,corrected-archive-csv
162860,Luleå-Kallax Flygplats,13,Rådande väder,"momentanvärde, 1 gång/tim resp 8 gånger/dygn",kod,1993-11-26T20:00:00Z,1993-11-26T21:00:00+01:00,754344000000,,10,10,Y,,corrected-archive-csv
162860,Luleå-Kallax Flygplats,13,Rådande väder,"momentanvärde, 1 gång/tim resp 8 gånger/dygn",kod,1993-11-26T21:00:00Z,1993-11-26T22:00:00+01:00,754347600000,,10,10,G,,corrected-archive-csv
162860,Luleå-Kallax Flygplats,13,Rådande väder,"momentanvärde, 1 gång/tim resp 8 gånger/dygn",kod,1993-11-26T22:00:00Z,1993-11-26T23:00:00+01:00,754351200000,,2,2,Y,,corrected-archive-csv
162860,Luleå-Kallax Flygplats,13,Rådande väder,"momentanvärde, 1 gång/tim resp 8 gånger/dygn",kod,1993-11-26T23:00:00Z,1993-11-27T00:00:00+01:00,754354800000,,2,2,Y,,corrected-archive-csv
162860,Luleå-Kallax Flygplats,13,Rådande väder,"momentanvärde, 1 gång/tim resp 8 gånger/dygn",kod,1993-11-27T00:00:00Z,1993-11-27T01:00:00+01:00,754358400000,,2,2,G,,corrected-archive-csv
162860,Luleå-Kallax Flygplats,13,Rådande väder,"momentanvärde, 1 gång/tim resp 8 gånger/dygn",kod,1993-11-27T03:00:00Z,1993-11-27T04:00:00+01:00,754369200000,,0,0,G,,corrected-archive-csv
162860,Luleå-Kallax Flygplats,13,Rådande väder,"momentanvärde, 1 gång/tim resp 8 gånger/dygn",kod,1993-11-27T04:00:00Z,1993-11-27T05:00:00+01:00,754372800000,,71,71,Y,,corrected-archive-csv
162860,Luleå-Kallax Flygplats,13,Rådande väder,"momentanvärde, 1 gång/tim resp 8 gånger/dygn",kod,1993-11-27T05:00:00Z,1993-11-27T06:00:00+01:00,754376400000,,71,71,Y,,corrected-archive-csv
162860,Luleå-Kallax Flygplats,13,Rådande väder,"momentanvärde, 1 gång/tim resp 8 gånger/dygn",kod,1993-11-27T06:00:00Z,1993-11-27T07:00:00+01:00,754380000000,,71,71,G,,corrected-archive-csv
162860,Luleå-Kallax Flygplats,13,Rådande väder,"momentanvärde, 1 gång/tim resp 8 gånger/dygn",kod,1993-11-27T07:00:00Z,1993-11-27T08:00:00+01:00,754383600000,,71,71,Y,,corrected-archive-csv
162860,Luleå-Kallax Flygplats,13,Rådande väder,"momentanvärde, 1 gång/tim resp 8 gånger/dygn",kod,1993-11-27T08:00:00Z,1993-11-27T09:00:00+01:00,754387200000,,71,71,Y,,corrected-archive-csv
162860,Luleå-Kallax Flygplats,13,Rådande väder,"momentanvärde, 1 gång/tim resp 8 gånger/dygn",kod,1993-11-27T09:00:00Z,1993-11-27T10:00:00+01:00,754390800000,,71,71,G,,corrected-archive-csv
162860,Luleå-Kallax Flygplats,13,Rådande väder,"momentanvärde, 1 gång/tim resp 8 gånger/dygn",kod,1993-11-27T10:00:00Z,1993-11-27T11:00:00+01:00,754394400000,,10,10,Y,,corrected-archive-csv
162860,Luleå-Kallax Flygplats,13,Rådande väder,"momentanvärde, 1 gång/tim resp 8 gånger/dygn",kod,1993-11-27T11:00:00Z,1993-11-27T12:00:00+01:00,754398000000,,10,10,Y,,corrected-archive-csv
162860,Luleå-Kallax Flygplats,13,Rådande väder,"momentanvärde, 1 gång/tim resp 8 gånger/dygn",kod,1993-11-27T12:00:00Z,1993-11-27T13:00:00+01:00,754401600000,,10,10,G,,corrected-archive-csv
162860,Luleå-Kallax Flygplats,13,Rådande väder,"momentanvärde, 1 gång/tim resp 8 gånger/dygn",kod,1993-11-27T13:00:00Z,1993-11-27T14:00:00+01:00,754405200000,,49,49,Y,,corrected-archive-csv
162860,Luleå-Kallax Flygplats,13,Rådande väder,"momentanvärde, 1 gång/tim resp 8 gånger/dygn",kod,1993-11-27T14:00:00Z,1993-11-27T15:00:00+01:00,754408800000,,49,49,Y,,corrected-archive-csv
162860,Luleå-Kallax Flygplats,13,Rådande väder,"momentanvärde, 1 gång/tim resp 8 gånger/dygn",kod,1993-11-27T15:00:00Z,1993-11-27T16:00:00+01:00,754412400000,,49,49,G,,corrected-archive-csv
162860,Luleå-Kallax Flygplats,13,Rådande väder,"momentanvärde, 1 gång/tim resp 8 gånger/dygn",kod,1993-11-27T16:00:00Z,1993-11-27T17:00:00+01:00,754416000000,,49,49,Y,,corrected-archive-csv
162860,Luleå-Kallax Flygplats,13,Rådande väder,"momentanvärde, 1 gång/tim resp 8 gånger/dygn",kod,1993-11-27T17:00:00Z,1993-11-27T18:00:00+01:00,754419600000,,49,49,Y,,corrected-archive-csv
162860,Luleå-Kallax Flygplats,13,Rådande väder,"momentanvärde, 1 gång/tim resp 8 gånger/dygn",kod,1993-11-27T18:00:00Z,1993-11-27T19:00:00+01:00,754423200000,,49,49,G,,corrected-archive-csv
162860,Luleå-Kallax Flygplats,13,Rådande väder,"momentanvärde, 1 gång/tim resp 8 gånger/dygn",kod,1993-11-27T19:00:00Z,1993-11-27T20:00:00+01:00,754426800000,,49,49,Y,,corrected-archive-csv
162860,Luleå-Kallax Flygplats,13,Rådande väder,"momentanvärde, 1 gång/tim resp 8 gånger/dygn",kod,1993-11-27T20:00:00Z,1993-11-27T21:00:00+01:00,754430400000,,10,10,Y,,corrected-archive-csv
162860,Luleå-Kallax Flygplats,13,Rådande väder,"momentanvärde, 1 gång/tim resp 8 gånger/dygn",kod,1993-11-27T21:00:00Z,1993-11-27T22:00:00+01:00,754434000000,,10,10,G,,corrected-archive-csv
162860,Luleå-Kallax Flygplats,13,Rådande väder,"momentanvärde, 1 gång/tim resp 8 gånger/dygn",kod,1993-11-27T22:00:00Z,1993-11-27T23:00:00+01:00,754437600000,,10,10,Y,,corrected-archive-csv
162860,Luleå-Kallax Flygplats,13,Rådande väder,"momentanvärde, 1 gång/tim resp 8 gånger/dygn",kod,1993-11-27T23:00:00Z,1993-11-28T00:00:00+01:00,754441200000,,10,10,Y,,corrected-archive-csv
162860,Luleå-Kallax Flygplats,13,Rådande väder,"momentanvärde, 1 gång/tim resp 8 gånger/dygn",kod,1993-11-28T00:00:00Z,1993-11-28T01:00:00+01:00,754444800000,,10,10,G,,corrected-archive-csv
162860,Luleå-Kallax Flygplats,13,Rådande väder,"momentanvärde, 1 gång/tim resp 8 gånger/dygn",kod,1993-11-28T01:00:00Z,1993-11-28T02:00:00+01:00,754448400000,,10,10,Y,,corrected-archive-csv
162860,Luleå-Kallax Flygplats,13,Rådande väder,"momentanvärde, 1 gång/tim resp 8 gånger/dygn",kod,1993-11-28T02:00:00Z,1993-11-28T03:00:00+01:00,754452000000,,10,10,Y,,corrected-archive-csv
162860,Luleå-Kallax Flygplats,13,Rådande väder,"momentanvärde, 1 gång/tim resp 8 gånger/dygn",kod,1993-11-28T03:00:00Z,1993-11-28T04:00:00+01:00,754455600000,,48,48,G,,corrected-archive-csv
162860,Luleå-Kallax Flygplats,13,Rådande väder,"momentanvärde, 1 gång/tim resp 8 gånger/dygn",kod,1993-11-28T04:00:00Z,1993-11-28T05:00:00+01:00,754459200000,,49,49,Y,,corrected-archive-csv
162860,Luleå-Kallax Flygplats,13,Rådande väder,"momentanvärde, 1 gång/tim resp 8 gånger/dygn",kod,1993-11-28T05:00:00Z,1993-11-28T06:00:00+01:00,754462800000,,49,49,Y,,corrected-archive-csv
162860,Luleå-Kallax Flygplats,13,Rådande väder,"momentanvärde, 1 gång/tim resp 8 gånger/dygn",kod,1993-11-28T06:00:00Z,1993-11-28T07:00:00+01:00,754466400000,,49,49,G,,corrected-archive-csv
162860,Luleå-Kallax Flygplats,13,Rådande väder,"momentanvärde, 1 gång/tim resp 8 gånger/dygn",kod,1993-11-28T07:00:00Z,1993-11-28T08:00:00+01:00,754470000000,,49,49,Y,,corrected-archive-csv
162860,Luleå-Kallax Flygplats,13,Rådande väder,"momentanvärde, 1 gång/tim resp 8 gånger/dygn",kod,1993-11-28T08:00:00Z,1993-11-28T09:00:00+01:00,754473600000,,49,49,Y,,corrected-archive-csv
162860,Luleå-Kallax Flygplats,13,Rådande väder,"momentanvärde, 1 gång/tim resp 8 gånger/dygn",kod,1993-11-28T09:00:00Z,1993-11-28T10:00:00+01:00,754477200000,,49,49,G,,corrected-archive-csv
162860,Luleå-Kallax Flygplats,13,Rådande väder,"momentanvärde, 1 gång/tim resp 8 gånger/dygn",kod,1993-11-28T10:00:00Z,1993-11-28T11:00:00+01:00,754480800000,,49,49,Y,,corrected-archive-csv
162860,Luleå-Kallax Flygplats,13,Rådande väder,"momentanvärde, 1 gång/tim resp 8 gånger/dygn",kod,1993-11-28T11:00:00Z,1993-11-28T12:00:00+01:00,754484400000,,10,10,Y,,corrected-archive-csv
162860,Luleå-Kallax Flygplats,13,Rådande väder,"momentanvärde, 1 gång/tim resp 8 gånger/dygn",kod,1993-11-28T12:00:00Z,1993-11-28T13:00:00+01:00,754488000000,,10,10,G,,corrected-archive-csv
162860,Luleå-Kallax Flygplats,13,Rådande väder,"momentanvärde, 1 gång/tim resp 8 gånger/dygn",kod,1993-11-28T15:00:00Z,1993-11-28T16:00:00+01:00,754498800000,,10,10,G,,corrected-archive-csv
162860,Luleå-Kallax Flygplats,13,Rådande väder,"momentanvärde, 1 gång/tim resp 8 gånger/dygn",kod,1993-11-28T16:00:00Z,1993-11-28T17:00:00+01:00,754502400000,,10,10,Y,,corrected-archive-csv
162860,Luleå-Kallax Flygplats,13,Rådande väder,"momentanvärde, 1 gång/tim resp 8 gånger/dygn",kod,1993-11-28T17:00:00Z,1993-11-28T18:00:00+01:00,754506000000,,10,10,Y,,corrected-archive-csv
162860,Luleå-Kallax Flygplats,13,Rådande väder,"momentanvärde, 1 gång/tim resp 8 gånger/dygn",kod,1993-11-28T18:00:00Z,1993-11-28T19:00:00+01:00,754509600000,,0,0,G,,corrected-archive-csv
162860,Luleå-Kallax Flygplats,13,Rådande väder,"momentanvärde, 1 gång/tim resp 8 gånger/dygn",kod,1993-11-28T21:00:00Z,1993-11-28T22:00:00+01:00,754520400000,,0,0,G,,corrected-archive-csv
162860,Luleå-Kallax Flygplats,13,Rådande väder,"momentanvärde, 1 gång/tim resp 8 gånger/dygn",kod,1993-11-29T00:00:00Z,1993-11-29T01:00:00+01:00,754531200000,,0,0,G,,corrected-archive-csv
162860,Luleå-Kallax Flygplats,13,Rådande väder,"momentanvärde, 1 gång/tim resp 8 gånger/dygn",kod,1993-11-29T03:00:00Z,1993-11-29T04:00:00+01:00,754542000000,,0,0,G,,corrected-archive-csv
162860,Luleå-Kallax Flygplats,13,Rådande väder,"momentanvärde, 1 gång/tim resp 8 gånger/dygn",kod,1993-11-29T06:00:00Z,1993-11-29T07:00:00+01:00,754552800000,,0,0,G,,corrected-archive-csv
162860,Luleå-Kallax Flygplats,13,Rådande väder,"momentanvärde, 1 gång/tim resp 8 gånger/dygn",kod,1993-11-29T08:00:00Z,1993-11-29T09:00:00+01:00,754560000000,,10,10,Y,,corrected-archive-csv
162860,Luleå-Kallax Flygplats,13,Rådande väder,"momentanvärde, 1 gång/tim resp 8 gånger/dygn",kod,1993-11-29T09:00:00Z,1993-11-29T10:00:00+01:00,754563600000,,10,10,G,,corrected-archive-csv
162860,Luleå-Kallax Flygplats,13,Rådande väder,"momentanvärde, 1 gång/tim resp 8 gånger/dygn",kod,1993-11-29T10:00:00Z,1993-11-29T11:00:00+01:00,754567200000,,10,10,Y,,corrected-archive-csv
162860,Luleå-Kallax Flygplats,13,Rådande väder,"momentanvärde, 1 gång/tim resp 8 gånger/dygn",kod,1993-11-29T12:00:00Z,1993-11-29T13:00:00+01:00,754574400000,,0,0,G,,corrected-archive-csv
162860,Luleå-Kallax Flygplats,13,Rådande väder,"momentanvärde, 1 gång/tim resp 8 gånger/dygn",kod,1993-11-29T15:00:00Z,1993-11-29T16:00:00+01:00,754585200000,,0,0,G,,corrected-archive-csv
162860,Luleå-Kallax Flygplats,13,Rådande väder,"momentanvärde, 1 gång/tim resp 8 gånger/dygn",kod,1993-11-29T18:00:00Z,1993-11-29T19:00:00+01:00,754596000000,,0,0,G,,corrected-archive-csv
162860,Luleå-Kallax Flygplats,13,Rådande väder,"momentanvärde, 1 gång/tim resp 8 gånger/dygn",kod,1993-11-29T19:00:00Z,1993-11-29T20:00:00+01:00,754599600000,,77,77,Y,,corrected-archive-csv
162860,Luleå-Kallax Flygplats,13,Rådande väder,"momentanvärde, 1 gång/tim resp 8 gånger/dygn",kod,1993-11-29T20:00:00Z,1993-11-29T21:00:00+01:00,754603200000,,77,77,Y,,corrected-archive-csv
162860,Luleå-Kallax Flygplats,13,Rådande väder,"momentanvärde, 1 gång/tim resp 8 gånger/dygn",kod,1993-11-29T21:00:00Z,1993-11-29T22:00:00+01:00,754606800000,,77,77,G,,corrected-archive-csv
162860,Luleå-Kallax Flygplats,13,Rådande väder,"momentanvärde, 1 gång/tim resp 8 gånger/dygn",kod,1993-11-29T22:00:00Z,1993-11-29T23:00:00+01:00,754610400000,,77,77,Y,,corrected-archive-csv
162860,Luleå-Kallax Flygplats,13,Rådande väder,"momentanvärde, 1 gång/tim resp 8 gånger/dygn",kod,1993-11-29T23:00:00Z,1993-11-30T00:00:00+01:00,754614000000,,77,77,Y,,corrected-archive-csv
162860,Luleå-Kallax Flygplats,13,Rådande väder,"momentanvärde, 1 gång/tim resp 8 gånger/dygn",kod,1993-11-30T00:00:00Z,1993-11-30T01:00:00+01:00,754617600000,,77,77,G,,corrected-archive-csv
162860,Luleå-Kallax Flygplats,13,Rådande väder,"momentanvärde, 1 gång/tim resp 8 gånger/dygn",kod,1993-11-30T01:00:00Z,1993-11-30T02:00:00+01:00,754621200000,,20,20,Y,,corrected-archive-csv
162860,Luleå-Kallax Flygplats,13,Rådande väder,"momentanvärde, 1 gång/tim resp 8 gånger/dygn",kod,1993-11-30T02:00:00Z,1993-11-30T03:00:00+01:00,754624800000,,2,2,Y,,corrected-archive-csv
162860,Luleå-Kallax Flygplats,13,Rådande väder,"momentanvärde, 1 gång/tim resp 8 gånger/dygn",kod,1993-11-30T03:00:00Z,1993-11-30T04:00:00+01:00,754628400000,,2,2,G,,corrected-archive-csv
162860,Luleå-Kallax Flygplats,13,Rådande väder,"momentanvärde, 1 gång/tim resp 8 gånger/dygn",kod,1993-11-30T04:00:00Z,1993-11-30T05:00:00+01:00,754632000000,,2,2,Y,,corrected-archive-csv
162860,Luleå-Kallax Flygplats,13,Rådande väder,"momentanvärde, 1 gång/tim resp 8 gånger/dygn",kod,1993-11-30T05:00:00Z,1993-11-30T06:00:00+01:00,754635600000,,71,71,Y,,corrected-archive-csv
162860,Luleå-Kallax Flygplats,13,Rådande väder,"momentanvärde, 1 gång/tim resp 8 gånger/dygn",kod,1993-11-30T06:00:00Z,1993-11-30T07:00:00+01:00,754639200000,,77,77,G,,corrected-archive-csv
162860,Luleå-Kallax Flygplats,13,Rådande väder,"momentanvärde, 1 gång/tim resp 8 gånger/dygn",kod,1993-11-30T07:00:00Z,1993-11-30T08:00:00+01:00,754642800000,,77,77,Y,,corrected-archive-csv
162860,Luleå-Kallax Flygplats,13,Rådande väder,"momentanvärde, 1 gång/tim resp 8 gånger/dygn",kod,1993-11-30T08:00:00Z,1993-11-30T09:00:00+01:00,754646400000,,77,77,Y,,corrected-archive-csv
162860,Luleå-Kallax Flygplats,13,Rådande väder,"momentanvärde, 1 gång/tim resp 8 gånger/dygn",kod,1993-11-30T09:00:00Z,1993-11-30T10:00:00+01:00,754650000000,,20,20,G,,corrected-archive-csv
162860,Luleå-Kallax Flygplats,13,Rådande väder,"momentanvärde, 1 gång/tim resp 8 gånger/dygn",kod,1993-11-30T10:00:00Z,1993-11-30T11:00:00+01:00,754653600000,,77,77,Y,,corrected-archive-csv
162860,Luleå-Kallax Flygplats,13,Rådande väder,"momentanvärde, 1 gång/tim resp 8 gånger/dygn",kod,1993-11-30T11:00:00Z,1993-11-30T12:00:00+01:00,754657200000,,77,77,Y,,corrected-archive-csv
162860,Luleå-Kallax Flygplats,13,Rådande väder,"momentanvärde, 1 gång/tim resp 8 gånger/dygn",kod,1993-11-30T12:00:00Z,1993-11-30T13:00:00+01:00,754660800000,,77,77,G,,corrected-archive-csv
162860,Luleå-Kallax Flygplats,13,Rådande väder,"momentanvärde, 1 gång/tim resp 8 gånger/dygn",kod,1993-11-30T13:00:00Z,1993-11-30T14:00:00+01:00,754664400000,,77,77,Y,,corrected-archive-csv
162860,Luleå-Kallax Flygplats,13,Rådande väder,"momentanvärde, 1 gång/tim resp 8 gånger/dygn",kod,1993-11-30T14:00:00Z,1993-11-30T15:00:00+01:00,754668000000,,77,77,Y,,corrected-archive-csv
162860,Luleå-Kallax Flygplats,13,Rådande väder,"momentanvärde, 1 gång/tim resp 8 gånger/dygn",kod,1993-11-30T15:00:00Z,1993-11-30T16:00:00+01:00,754671600000,,77,77,G,,corrected-archive-csv
162860,Luleå-Kallax Flygplats,13,Rådande väder,"momentanvärde, 1 gång/tim resp 8 gånger/dygn",kod,1993-11-30T16:00:00Z,1993-11-30T17:00:00+01:00,754675200000,,77,77,Y,,corrected-archive-csv
162860,Luleå-Kallax Flygplats,13,Rådande väder,"momentanvärde, 1 gång/tim resp 8 gånger/dygn",kod,1993-11-30T17:00:00Z,1993-11-30T18:00:00+01:00,754678800000,,77,77,Y,,corrected-archive-csv
162860,Luleå-Kallax Flygplats,13,Rådande väder,"momentanvärde, 1 gång/tim resp 8 gånger/dygn",kod,1993-11-30T18:00:00Z,1993-11-30T19:00:00+01:00,754682400000,,77,77,G,,corrected-archive-csv
162860,Luleå-Kallax Flygplats,13,Rådande väder,"momentanvärde, 1 gång/tim resp 8 gånger/dygn",kod,1993-11-30T19:00:00Z,1993-11-30T20:00:00+01:00,754686000000,,77,77,Y,,corrected-archive-csv
162860,Luleå-Kallax Flygplats,13,Rådande väder,"momentanvärde, 1 gång/tim resp 8 gånger/dygn",kod,1993-11-30T20:00:00Z,1993-11-30T21:00:00+01:00,754689600000,,77,77,Y,,corrected-archive-csv
162860,Luleå-Kallax Flygplats,13,Rådande väder,"momentanvärde, 1 gång/tim resp 8 gånger/dygn",kod,1993-11-30T21:00:00Z,1993-11-30T22:00:00+01:00,754693200000,,77,77,G,,corrected-archive-csv
162860,Luleå-Kallax Flygplats,13,Rådande väder,"momentanvärde, 1 gång/tim resp 8 gånger/dygn",kod,1993-11-30T22:00:00Z,1993-11-30T23:00:00+01:00,754696800000,,77,77,Y,,corrected-archive-csv
162860,Luleå-Kallax Flygplats,13,Rådande väder,"momentanvärde, 1 gång/tim resp 8 gånger/dygn",kod,1993-11-30T23:00:00Z,1993-12-01T00:00:00+01:00,754700400000,,77,77,Y,,corrected-archive-csv
162860,Luleå-Kallax Flygplats,13,Rådande väder,"momentanvärde, 1 gång/tim resp 8 gånger/dygn",kod,1993-12-01T00:00:00Z,1993-12-01T01:00:00+01:00,754704000000,,77,77,G,,corrected-archive-csv
162860,Luleå-Kallax Flygplats,13,Rådande väder,"momentanvärde, 1 gång/tim resp 8 gånger/dygn",kod,1993-12-01T01:00:00Z,1993-12-01T02:00:00+01:00,754707600000,,77,77,Y,,corrected-archive-csv
162860,Luleå-Kallax Flygplats,13,Rådande väder,"momentanvärde, 1 gång/tim resp 8 gånger/dygn",kod,1993-12-01T03:00:00Z,1993-12-01T04:00:00+01:00,754714800000,,77,77,G,,corrected-archive-csv
162860,Luleå-Kallax Flygplats,13,Rådande väder,"momentanvärde, 1 gång/tim resp 8 gånger/dygn",kod,1993-12-01T04:00:00Z,1993-12-01T05:00:00+01:00,754718400000,,77,77,Y,,corrected-archive-csv
162860,Luleå-Kallax Flygplats,13,Rådande väder,"momentanvärde, 1 gång/tim resp 8 gånger/dygn",kod,1993-12-01T05:00:00Z,1993-12-01T06:00:00+01:00,754722000000,,77,77,Y,,corrected-archive-csv
162860,Luleå-Kallax Flygplats,13,Rådande väder,"momentanvärde, 1 gång/tim resp 8 gånger/dygn",kod,1993-12-01T06:00:00Z,1993-12-01T07:00:00+01:00,754725600000,,77,77,G,,corrected-archive-csv
162860,Luleå-Kallax Flygplats,13,Rådande väder,"momentanvärde, 1 gång/tim resp 8 gånger/dygn",kod,1993-12-01T07:00:00Z,1993-12-01T08:00:00+01:00,754729200000,,71,71,Y,,corrected-archive-csv
162860,Luleå-Kallax Flygplats,13,Rådande väder,"momentanvärde, 1 gång/tim resp 8 gånger/dygn",kod,1993-12-01T08:00:00Z,1993-12-01T09:00:00+01:00,754732800000,,71,71,Y,,corrected-archive-csv
162860,Luleå-Kallax Flygplats,13,Rådande väder,"momentanvärde, 1 gång/tim resp 8 gånger/dygn",kod,1993-12-01T09:00:00Z,1993-12-01T10:00:00+01:00,754736400000,,73,73,G,,corrected-archive-csv
162860,Luleå-Kallax Flygplats,13,Rådande väder,"momentanvärde, 1 gång/tim resp 8 gånger/dygn",kod,1993-12-01T10:00:00Z,1993-12-01T11:00:00+01:00,754740000000,,73,73,Y,,corrected-archive-csv
162860,Luleå-Kallax Flygplats,13,Rådande väder,"momentanvärde, 1 gång/tim resp 8 gånger/dygn",kod,1993-12-01T11:00:00Z,1993-12-01T12:00:00+01:00,754743600000,,73,73,Y,,corrected-archive-csv
162860,Luleå-Kallax Flygplats,13,Rådande väder,"momentanvärde, 1 gång/tim resp 8 gånger/dygn",kod,1993-12-01T12:00:00Z,1993-12-01T13:00:00+01:00,754747200000,,73,73,G,,corrected-archive-csv
162860,Luleå-Kallax Flygplats,13,Rådande väder,"momentanvärde, 1 gång/tim resp 8 gånger/dygn",kod,1993-12-01T13:00:00Z,1993-12-01T14:00:00+01:00,754750800000,,73,73,Y,,corrected-archive-csv
162860,Luleå-Kallax Flygplats,13,Rådande väder,"momentanvärde, 1 gång/tim resp 8 gånger/dygn",kod,1993-12-01T14:00:00Z,1993-12-01T15:00:00+01:00,754754400000,,71,71,Y,,corrected-archive-csv
162860,Luleå-Kallax Flygplats,13,Rådande väder,"momentanvärde, 1 gång/tim resp 8 gånger/dygn",kod,1993-12-01T15:00:00Z,1993-12-01T16:00:00+01:00,754758000000,,71,71,G,,corrected-archive-csv
162860,Luleå-Kallax Flygplats,13,Rådande väder,"momentanvärde, 1 gång/tim resp 8 gånger/dygn",kod,1993-12-01T16:00:00Z,1993-12-01T17:00:00+01:00,754761600000,,71,71,Y,,corrected-archive-csv
162860,Luleå-Kallax Flygplats,13,Rådande väder,"momentanvärde, 1 gång/tim resp 8 gånger/dygn",kod,1993-12-01T17:00:00Z,1993-12-01T18:00:00+01:00,754765200000,,71,71,Y,,corrected-archive-csv
162860,Luleå-Kallax Flygplats,13,Rådande väder,"momentanvärde, 1 gång/tim resp 8 gånger/dygn",kod,1993-12-01T18:00:00Z,1993-12-01T19:00:00+01:00,754768800000,,71,71,G,,corrected-archive-csv
162860,Luleå-Kallax Flygplats,13,Rådande väder,"momentanvärde, 1 gång/tim resp 8 gånger/dygn",kod,1993-12-01T19:00:00Z,1993-12-01T20:00:00+01:00,754772400000,,71,71,Y,,corrected-archive-csv
162860,Luleå-Kallax Flygplats,13,Rådande väder,"momentanvärde, 1 gång/tim resp 8 gånger/dygn",kod,1993-12-01T20:00:00Z,1993-12-01T21:00:00+01:00,754776000000,,71,71,Y,,corrected-archive-csv
162860,Luleå-Kallax Flygplats,13,Rådande väder,"momentanvärde, 1 gång/tim resp 8 gånger/dygn",kod,1993-12-01T21:00:00Z,1993-12-01T22:00:00+01:00,754779600000,,73,73,G,,corrected-archive-csv
162860,Luleå-Kallax Flygplats,13,Rådande väder,"momentanvärde, 1 gång/tim resp 8 gånger/dygn",kod,1993-12-01T22:00:00Z,1993-12-01T23:00:00+01:00,754783200000,,71,71,Y,,corrected-archive-csv
162860,Luleå-Kallax Flygplats,13,Rådande väder,"momentanvärde, 1 gång/tim resp 8 gånger/dygn",kod,1993-12-01T23:00:00Z,1993-12-02T00:00:00+01:00,754786800000,,73,73,Y,,corrected-archive-csv
162860,Luleå-Kallax Flygplats,13,Rådande väder,"momentanvärde, 1 gång/tim resp 8 gånger/dygn",kod,1993-12-02T00:00:00Z,1993-12-02T01:00:00+01:00,754790400000,,73,73,G,,corrected-archive-csv
162860,Luleå-Kallax Flygplats,13,Rådande väder,"momentanvärde, 1 gång/tim resp 8 gånger/dygn",kod,1993-12-02T01:00:00Z,1993-12-02T02:00:00+01:00,754794000000,,73,73,Y,,corrected-archive-csv
162860,Luleå-Kallax Flygplats,13,Rådande väder,"momentanvärde, 1 gång/tim resp 8 gånger/dygn",kod,1993-12-02T02:00:00Z,1993-12-02T03:00:00+01:00,754797600000,,73,73,Y,,corrected-archive-csv
162860,Luleå-Kallax Flygplats,13,Rådande väder,"momentanvärde, 1 gång/tim resp 8 gånger/dygn",kod,1993-12-02T03:00:00Z,1993-12-02T04:00:00+01:00,754801200000,,75,75,G,,corrected-archive-csv
162860,Luleå-Kallax Flygplats,13,Rådande väder,"momentanvärde, 1 gång/tim resp 8 gånger/dygn",kod,1993-12-02T04:00:00Z,1993-12-02T05:00:00+01:00,754804800000,,75,75,Y,,corrected-archive-csv
162860,Luleå-Kallax Flygplats,13,Rådande väder,"momentanvärde, 1 gång/tim resp 8 gånger/dygn",kod,1993-12-02T05:00:00Z,1993-12-02T06:00:00+01:00,754808400000,,15,15,Y,,corrected-archive-csv
162860,Luleå-Kallax Flygplats,13,Rådande väder,"momentanvärde, 1 gång/tim resp 8 gånger/dygn",kod,1993-12-02T06:00:00Z,1993-12-02T07:00:00+01:00,754812000000,,66,66,G,,corrected-archive-csv
162860,Luleå-Kallax Flygplats,13,Rådande väder,"momentanvärde, 1 gång/tim resp 8 gånger/dygn",kod,1993-12-02T07:00:00Z,1993-12-02T08:00:00+01:00,754815600000,,66,66,Y,,corrected-archive-csv
162860,Luleå-Kallax Flygplats,13,Rådande väder,"momentanvärde, 1 gång/tim resp 8 gånger/dygn",kod,1993-12-02T08:00:00Z,1993-12-02T09:00:00+01:00,754819200000,,66,66,Y,,corrected-archive-csv
162860,Luleå-Kallax Flygplats,13,Rådande väder,"momentanvärde, 1 gång/tim resp 8 gånger/dygn",kod,1993-12-02T09:00:00Z,1993-12-02T10:00:00+01:00,754822800000,,57,57,G,,corrected-archive-csv
162860,Luleå-Kallax Flygplats,13,Rådande väder,"momentanvärde, 1 gång/tim resp 8 gånger/dygn",kod,1993-12-02T10:00:00Z,1993-12-02T11:00:00+01:00,754826400000,,57,57,Y,,corrected-archive-csv
162860,Luleå-Kallax Flygplats,13,Rådande väder,"momentanvärde, 1 gång/tim resp 8 gånger/dygn",kod,1993-12-02T11:00:00Z,1993-12-02T12:00:00+01:00,754830000000,,77,77,Y,,corrected-archive-csv
162860,Luleå-Kallax Flygplats,13,Rådande väder,"momentanvärde, 1 gång/tim resp 8 gånger/dygn",kod,1993-12-02T12:00:00Z,1993-12-02T13:00:00+01:00,754833600000,,57,57,G,,corrected-archive-csv
162860,Luleå-Kallax Flygplats,13,Rådande väder,"momentanvärde, 1 gång/tim resp 8 gånger/dygn",kod,1993-12-02T13:00:00Z,1993-12-02T14:00:00+01:00,754837200000,,57,57,Y,,corrected-archive-csv
162860,Luleå-Kallax Flygplats,13,Rådande väder,"momentanvärde, 1 gång/tim resp 8 gånger/dygn",kod,1993-12-02T14:00:00Z,1993-12-02T15:00:00+01:00,754840800000,,57,57,Y,,corrected-archive-csv
162860,Luleå-Kallax Flygplats,13,Rådande väder,"momentanvärde, 1 gång/tim resp 8 gånger/dygn",kod,1993-12-02T15:00:00Z,1993-12-02T16:00:00+01:00,754844400000,,57,57,G,,corrected-archive-csv
162860,Luleå-Kallax Flygplats,13,Rådande väder,"momentanvärde, 1 gång/tim resp 8 gånger/dygn",kod,1993-12-02T16:00:00Z,1993-12-02T17:00:00+01:00,754848000000,,20,20,Y,,corrected-archive-csv
162860,Luleå-Kallax Flygplats,13,Rådande väder,"momentanvärde, 1 gång/tim resp 8 gånger/dygn",kod,1993-12-02T17:00:00Z,1993-12-02T18:00:00+01:00,754851600000,,56,56,Y,,corrected-archive-csv
162860,Luleå-Kallax Flygplats,13,Rådande väder,"momentanvärde, 1 gång/tim resp 8 gånger/dygn",kod,1993-12-02T18:00:00Z,1993-12-02T19:00:00+01:00,754855200000,,56,56,G,,corrected-archive-csv
162860,Luleå-Kallax Flygplats,13,Rådande väder,"momentanvärde, 1 gång/tim resp 8 gånger/dygn",kod,1993-12-02T19:00:00Z,1993-12-02T20:00:00+01:00,754858800000,,56,56,Y,,corrected-archive-csv
162860,Luleå-Kallax Flygplats,13,Rådande väder,"momentanvärde, 1 gång/tim resp 8 gånger/dygn",kod,1993-12-02T20:00:00Z,1993-12-02T21:00:00+01:00,754862400000,,73,73,Y,,corrected-archive-csv
162860,Luleå-Kallax Flygplats,13,Rådande väder,"momentanvärde, 1 gång/tim resp 8 gånger/dygn",kod,1993-12-02T21:00:00Z,1993-12-02T22:00:00+01:00,754866000000,,73,73,G,,corrected-archive-csv
162860,Luleå-Kallax Flygplats,13,Rådande väder,"momentanvärde, 1 gång/tim resp 8 gånger/dygn",kod,1993-12-02T22:00:00Z,1993-12-02T23:00:00+01:00,754869600000,,73,73,Y,,corrected-archive-csv
162860,Luleå-Kallax Flygplats,13,Rådande väder,"momentanvärde, 1 gång/tim resp 8 gånger/dygn",kod,1993-12-02T23:00:00Z,1993-12-03T00:00:00+01:00,754873200000,,68,68,Y,,corrected-archive-csv
162860,Luleå-Kallax Flygplats,13,Rådande väder,"momentanvärde, 1 gång/tim resp 8 gånger/dygn",kod,1993-12-03T00:00:00Z,1993-12-03T01:00:00+01:00,754876800000,,66,66,G,,corrected-archive-csv
162860,Luleå-Kallax Flygplats,13,Rådande väder,"momentanvärde, 1 gång/tim resp 8 gånger/dygn",kod,1993-12-03T01:00:00Z,1993-12-03T02:00:00+01:00,754880400000,,73,73,Y,,corrected-archive-csv
162860,Luleå-Kallax Flygplats,13,Rådande väder,"momentanvärde, 1 gång/tim resp 8 gånger/dygn",kod,1993-12-03T02:00:00Z,1993-12-03T03:00:00+01:00,754884000000,,73,73,Y,,corrected-archive-csv
162860,Luleå-Kallax Flygplats,13,Rådande väder,"momentanvärde, 1 gång/tim resp 8 gånger/dygn",kod,1993-12-03T03:00:00Z,1993-12-03T04:00:00+01:00,754887600000,,75,75,G,,corrected-archive-csv
162860,Luleå-Kallax Flygplats,13,Rådande väder,"momentanvärde, 1 gång/tim resp 8 gånger/dygn",kod,1993-12-03T04:00:00Z,1993-12-03T05:00:00+01:00,754891200000,,71,71,Y,,corrected-archive-csv
162860,Luleå-Kallax Flygplats,13,Rådande väder,"momentanvärde, 1 gång/tim resp 8 gånger/dygn",kod,1993-12-03T05:00:00Z,1993-12-03T06:00:00+01:00,754894800000,,71,71,Y,,corrected-archive-csv
162860,Luleå-Kallax Flygplats,13,Rådande väder,"momentanvärde, 1 gång/tim resp 8 gånger/dygn",kod,1993-12-03T06:00:00Z,1993-12-03T07:00:00+01:00,754898400000,,71,71,G,,corrected-archive-csv
162860,Luleå-Kallax Flygplats,13,Rådande väder,"momentanvärde, 1 gång/tim resp 8 gånger/dygn",kod,1993-12-03T07:00:00Z,1993-12-03T08:00:00+01:00,754902000000,,22,22,Y,,corrected-archive-csv
162860,Luleå-Kallax Flygplats,13,Rådande väder,"momentanvärde, 1 gång/tim resp 8 gånger/dygn",kod,1993-12-03T08:00:00Z,1993-12-03T09:00:00+01:00,754905600000,,71,71,Y,,corrected-archive-csv
162860,Luleå-Kallax Flygplats,13,Rådande väder,"momentanvärde, 1 gång/tim resp 8 gånger/dygn",kod,1993-12-03T09:00:00Z,1993-12-03T10:00:00+01:00,754909200000,,71,71,G,,corrected-archive-csv
162860,Luleå-Kallax Flygplats,13,Rådande väder,"momentanvärde, 1 gång/tim resp 8 gånger/dygn",kod,1993-12-03T10:00:00Z,1993-12-03T11:00:00+01:00,754912800000,,71,71,Y,,corrected-archive-csv
162860,Luleå-Kallax Flygplats,13,Rådande väder,"momentanvärde, 1 gång/tim resp 8 gånger/dygn",kod,1993-12-03T11:00:00Z,1993-12-03T12:00:00+01:00,754916400000,,71,71,Y,,corrected-archive-csv
162860,Luleå-Kallax Flygplats,13,Rådande väder,"momentanvärde, 1 gång/tim resp 8 gånger/dygn",kod,1993-12-03T12:00:00Z,1993-12-03T13:00:00+01:00,754920000000,,77,77,G,,corrected-archive-csv
162860,Luleå-Kallax Flygplats,13,Rådande väder,"momentanvärde, 1 gång/tim resp 8 gånger/dygn",kod,1993-12-03T13:00:00Z,1993-12-03T14:00:00+01:00,754923600000,,77,77,Y,,corrected-archive-csv
162860,Luleå-Kallax Flygplats,13,Rådande väder,"momentanvärde, 1 gång/tim resp 8 gånger/dygn",kod,1993-12-03T14:00:00Z,1993-12-03T15:00:00+01:00,754927200000,,77,77,Y,,corrected-archive-csv
162860,Luleå-Kallax Flygplats,13,Rådande väder,"momentanvärde, 1 gång/tim resp 8 gånger/dygn",kod,1993-12-03T15:00:00Z,1993-12-03T16:00:00+01:00,754930800000,,77,77,G,,corrected-archive-csv
162860,Luleå-Kallax Flygplats,13,Rådande väder,"momentanvärde, 1 gång/tim resp 8 gånger/dygn",kod,1993-12-03T16:00:00Z,1993-12-03T17:00:00+01:00,754934400000,,77,77,Y,,corrected-archive-csv
162860,Luleå-Kallax Flygplats,13,Rådande väder,"momentanvärde, 1 gång/tim resp 8 gånger/dygn",kod,1993-12-03T17:00:00Z,1993-12-03T18:00:00+01:00,754938000000,,77,77,Y,,corrected-archive-csv
162860,Luleå-Kallax Flygplats,13,Rådande väder,"momentanvärde, 1 gång/tim resp 8 gånger/dygn",kod,1993-12-03T18:00:00Z,1993-12-03T19:00:00+01:00,754941600000,,77,77,G,,corrected-archive-csv
162860,Luleå-Kallax Flygplats,13,Rådande väder,"momentanvärde, 1 gång/tim resp 8 gånger/dygn",kod,1993-12-03T19:00:00Z,1993-12-03T20:00:00+01:00,754945200000,,77,77,Y,,corrected-archive-csv
162860,Luleå-Kallax Flygplats,13,Rådande väder,"momentanvärde, 1 gång/tim resp 8 gånger/dygn",kod,1993-12-03T20:00:00Z,1993-12-03T21:00:00+01:00,754948800000,,77,77,Y,,corrected-archive-csv
162860,Luleå-Kallax Flygplats,13,Rådande väder,"momentanvärde, 1 gång/tim resp 8 gånger/dygn",kod,1993-12-03T21:00:00Z,1993-12-03T22:00:00+01:00,754952400000,,77,77,G,,corrected-archive-csv
162860,Luleå-Kallax Flygplats,13,Rådande väder,"momentanvärde, 1 gång/tim resp 8 gånger/dygn",kod,1993-12-03T22:00:00Z,1993-12-03T23:00:00+01:00,754956000000,,77,77,Y,,corrected-archive-csv
162860,Luleå-Kallax Flygplats,13,Rådande väder,"momentanvärde, 1 gång/tim resp 8 gånger/dygn",kod,1993-12-03T23:00:00Z,1993-12-04T00:00:00+01:00,754959600000,,77,77,Y,,corrected-archive-csv
162860,Luleå-Kallax Flygplats,13,Rådande väder,"momentanvärde, 1 gång/tim resp 8 gånger/dygn",kod,1993-12-04T00:00:00Z,1993-12-04T01:00:00+01:00,754963200000,,71,71,G,,corrected-archive-csv
162860,Luleå-Kallax Flygplats,13,Rådande väder,"momentanvärde, 1 gång/tim resp 8 gånger/dygn",kod,1993-12-04T01:00:00Z,1993-12-04T02:00:00+01:00,754966800000,,71,71,Y,,corrected-archive-csv
162860,Luleå-Kallax Flygplats,13,Rådande väder,"momentanvärde, 1 gång/tim resp 8 gånger/dygn",kod,1993-12-04T02:00:00Z,1993-12-04T03:00:00+01:00,754970400000,,71,71,Y,,corrected-archive-csv
162860,Luleå-Kallax Flygplats,13,Rådande väder,"momentanvärde, 1 gång/tim resp 8 gånger/dygn",kod,1993-12-04T03:00:00Z,1993-12-04T04:00:00+01:00,754974000000,,71,71,G,,corrected-archive-csv
162860,Luleå-Kallax Flygplats,13,Rådande väder,"momentanvärde, 1 gång/tim resp 8 gånger/dygn",kod,1993-12-04T04:00:00Z,1993-12-04T05:00:00+01:00,754977600000,,71,71,Y,,corrected-archive-csv
162860,Luleå-Kallax Flygplats,13,Rådande väder,"momentanvärde, 1 gång/tim resp 8 gånger/dygn",kod,1993-12-04T05:00:00Z,1993-12-04T06:00:00+01:00,754981200000,,71,71,Y,,corrected-archive-csv
162860,Luleå-Kallax Flygplats,13,Rådande väder,"momentanvärde, 1 gång/tim resp 8 gånger/dygn",kod,1993-12-04T06:00:00Z,1993-12-04T07:00:00+01:00,754984800000,,71,71,G,,corrected-archive-csv
162860,Luleå-Kallax Flygplats,13,Rådande väder,"momentanvärde, 1 gång/tim resp 8 gånger/dygn",kod,1993-12-04T07:00:00Z,1993-12-04T08:00:00+01:00,754988400000,,71,71,Y,,corrected-archive-csv
162860,Luleå-Kallax Flygplats,13,Rådande väder,"momentanvärde, 1 gång/tim resp 8 gånger/dygn",kod,1993-12-04T08:00:00Z,1993-12-04T09:00:00+01:00,754992000000,,71,71,Y,,corrected-archive-csv
162860,Luleå-Kallax Flygplats,13,Rådande väder,"momentanvärde, 1 gång/tim resp 8 gånger/dygn",kod,1993-12-04T09:00:00Z,1993-12-04T10:00:00+01:00,754995600000,,71,71,G,,corrected-archive-csv
162860,Luleå-Kallax Flygplats,13,Rådande väder,"momentanvärde, 1 gång/tim resp 8 gånger/dygn",kod,1993-12-04T10:00:00Z,1993-12-04T11:00:00+01:00,754999200000,,71,71,Y,,corrected-archive-csv
162860,Luleå-Kallax Flygplats,13,Rådande väder,"momentanvärde, 1 gång/tim resp 8 gånger/dygn",kod,1993-12-04T11:00:00Z,1993-12-04T12:00:00+01:00,755002800000,,73,73,Y,,corrected-archive-csv
162860,Luleå-Kallax Flygplats,13,Rådande väder,"momentanvärde, 1 gång/tim resp 8 gånger/dygn",kod,1993-12-04T12:00:00Z,1993-12-04T13:00:00+01:00,755006400000,,73,73,G,,corrected-archive-csv
162860,Luleå-Kallax Flygplats,13,Rådande väder,"momentanvärde, 1 gång/tim resp 8 gånger/dygn",kod,1993-12-04T13:00:00Z,1993-12-04T14:00:00+01:00,755010000000,,77,77,Y,,corrected-archive-csv
162860,Luleå-Kallax Flygplats,13,Rådande väder,"momentanvärde, 1 gång/tim resp 8 gånger/dygn",kod,1993-12-04T14:00:00Z,1993-12-04T15:00:00+01:00,755013600000,,77,77,Y,,corrected-archive-csv
162860,Luleå-Kallax Flygplats,13,Rådande väder,"momentanvärde, 1 gång/tim resp 8 gånger/dygn",kod,1993-12-04T15:00:00Z,1993-12-04T16:00:00+01:00,755017200000,,77,77,G,,corrected-archive-csv
162860,Luleå-Kallax Flygplats,13,Rådande väder,"momentanvärde, 1 gång/tim resp 8 gånger/dygn",kod,1993-12-04T16:00:00Z,1993-12-04T17:00:00+01:00,755020800000,,77,77,Y,,corrected-archive-csv
162860,Luleå-Kallax Flygplats,13,Rådande väder,"momentanvärde, 1 gång/tim resp 8 gånger/dygn",kod,1993-12-04T17:00:00Z,1993-12-04T18:00:00+01:00,755024400000,,77,77,Y,,corrected-archive-csv
162860,Luleå-Kallax Flygplats,13,Rådande väder,"momentanvärde, 1 gång/tim resp 8 gånger/dygn",kod,1993-12-04T18:00:00Z,1993-12-04T19:00:00+01:00,755028000000,,75,75,G,,corrected-archive-csv
162860,Luleå-Kallax Flygplats,13,Rådande väder,"momentanvärde, 1 gång/tim resp 8 gånger/dygn",kod,1993-12-04T19:00:00Z,1993-12-04T20:00:00+01:00,755031600000,,75,75,Y,,corrected-archive-csv
162860,Luleå-Kallax Flygplats,13,Rådande väder,"momentanvärde, 1 gång/tim resp 8 gånger/dygn",kod,1993-12-04T20:00:00Z,1993-12-04T21:00:00+01:00,755035200000,,75,75,Y,,corrected-archive-csv
162860,Luleå-Kallax Flygplats,13,Rådande väder,"momentanvärde, 1 gång/tim resp 8 gånger/dygn",kod,1993-12-04T21:00:00Z,1993-12-04T22:00:00+01:00,755038800000,,75,75,G,,corrected-archive-csv
162860,Luleå-Kallax Flygplats,13,Rådande väder,"momentanvärde, 1 gång/tim resp 8 gånger/dygn",kod,1993-12-04T22:00:00Z,1993-12-04T23:00:00+01:00,755042400000,,75,75,Y,,corrected-archive-csv
162860,Luleå-Kallax Flygplats,13,Rådande väder,"momentanvärde, 1 gång/tim resp 8 gånger/dygn",kod,1993-12-04T23:00:00Z,1993-12-05T00:00:00+01:00,755046000000,,75,75,Y,,corrected-archive-csv
162860,Luleå-Kallax Flygplats,13,Rådande väder,"momentanvärde, 1 gång/tim resp 8 gånger/dygn",kod,1993-12-05T00:00:00Z,1993-12-05T01:00:00+01:00,755049600000,,75,75,G,,corrected-archive-csv
162860,Luleå-Kallax Flygplats,13,Rådande väder,"momentanvärde, 1 gång/tim resp 8 gånger/dygn",kod,1993-12-05T01:00:00Z,1993-12-05T02:00:00+01:00,755053200000,,75,75,Y,,corrected-archive-csv
162860,Luleå-Kallax Flygplats,13,Rådande väder,"momentanvärde, 1 gång/tim resp 8 gånger/dygn",kod,1993-12-05T02:00:00Z,1993-12-05T03:00:00+01:00,755056800000,,75,75,Y,,corrected-archive-csv
162860,Luleå-Kallax Flygplats,13,Rådande väder,"momentanvärde, 1 gång/tim resp 8 gånger/dygn",kod,1993-12-05T03:00:00Z,1993-12-05T04:00:00+01:00,755060400000,,73,73,G,,corrected-archive-csv
162860,Luleå-Kallax Flygplats,13,Rådande väder,"momentanvärde, 1 gång/tim resp 8 gånger/dygn",kod,1993-12-05T04:00:00Z,1993-12-05T05:00:00+01:00,755064000000,,71,71,Y,,corrected-archive-csv
162860,Luleå-Kallax Flygplats,13,Rådande väder,"momentanvärde, 1 gång/tim resp 8 gånger/dygn",kod,1993-12-05T05:00:00Z,1993-12-05T06:00:00+01:00,755067600000,,2,2,Y,,corrected-archive-csv
162860,Luleå-Kallax Flygplats,13,Rådande väder,"momentanvärde, 1 gång/tim resp 8 gånger/dygn",kod,1993-12-05T06:00:00Z,1993-12-05T07:00:00+01:00,755071200000,,1,1,G,,corrected-archive-csv
162860,Luleå-Kallax Flygplats,13,Rådande väder,"momentanvärde, 1 gång/tim resp 8 gånger/dygn",kod,1993-12-05T09:00:00Z,1993-12-05T10:00:00+01:00,755082000000,,0,0,G,,corrected-archive-csv
162860,Luleå-Kallax Flygplats,13,Rådande väder,"momentanvärde, 1 gång/tim resp 8 gånger/dygn",kod,1993-12-05T12:00:00Z,1993-12-05T13:00:00+01:00,755092800000,,11,11,G,,corrected-archive-csv
162860,Luleå-Kallax Flygplats,13,Rådande väder,"momentanvärde, 1 gång/tim resp 8 gånger/dygn",kod,1993-12-05T13:00:00Z,1993-12-05T14:00:00+01:00,755096400000,,11,11,Y,,corrected-archive-csv
162860,Luleå-Kallax Flygplats,13,Rådande väder,"momentanvärde, 1 gång/tim resp 8 gånger/dygn",kod,1993-12-05T14:00:00Z,1993-12-05T15:00:00+01:00,755100000000,,11,11,Y,,corrected-archive-csv
162860,Luleå-Kallax Flygplats,13,Rådande väder,"momentanvärde, 1 gång/tim resp 8 gånger/dygn",kod,1993-12-05T15:00:00Z,1993-12-05T16:00:00+01:00,755103600000,,11,11,G,,corrected-archive-csv
162860,Luleå-Kallax Flygplats,13,Rådande väder,"momentanvärde, 1 gång/tim resp 8 gånger/dygn",kod,1993-12-05T16:00:00Z,1993-12-05T17:00:00+01:00,755107200000,,1,1,Y,,corrected-archive-csv
162860,Luleå-Kallax Flygplats,13,Rådande väder,"momentanvärde, 1 gång/tim resp 8 gånger/dygn",kod,1993-12-05T18:00:00Z,1993-12-05T19:00:00+01:00,755114400000,,0,0,G,,corrected-archive-csv
162860,Luleå-Kallax Flygplats,13,Rådande väder,"momentanvärde, 1 gång/tim resp 8 gånger/dygn",kod,1993-12-05T19:00:00Z,1993-12-05T20:00:00+01:00,755118000000,,11,11,Y,,corrected-archive-csv
162860,Luleå-Kallax Flygplats,13,Rådande väder,"momentanvärde, 1 gång/tim resp 8 gånger/dygn",kod,1993-12-05T21:00:00Z,1993-12-05T22:00:00+01:00,755125200000,,0,0,G,,corrected-archive-csv
162860,Luleå-Kallax Flygplats,13,Rådande väder,"momentanvärde, 1 gång/tim resp 8 gånger/dygn",kod,1993-12-06T00:00:00Z,1993-12-06T01:00:00+01:00,755136000000,,0,0,G,,corrected-archive-csv
162860,Luleå-Kallax Flygplats,13,Rådande väder,"momentanvärde, 1 gång/tim resp 8 gånger/dygn",kod,1993-12-06T03:00:00Z,1993-12-06T04:00:00+01:00,755146800000,,0,0,G,,corrected-archive-csv
162860,Luleå-Kallax Flygplats,13,Rådande väder,"momentanvärde, 1 gång/tim resp 8 gånger/dygn",kod,1993-12-06T06:00:00Z,1993-12-06T07:00:00+01:00,755157600000,,0,0,G,,corrected-archive-csv
162860,Luleå-Kallax Flygplats,13,Rådande väder,"momentanvärde, 1 gång/tim resp 8 gånger/dygn",kod,1993-12-06T09:00:00Z,1993-12-06T10:00:00+01:00,755168400000,,0,0,G,,corrected-archive-csv
162860,Luleå-Kallax Flygplats,13,Rådande väder,"momentanvärde, 1 gång/tim resp 8 gånger/dygn",kod,1993-12-06T11:00:00Z,1993-12-06T12:00:00+01:00,755175600000,,22,22,Y,,corrected-archive-csv
162860,Luleå-Kallax Flygplats,13,Rådande väder,"momentanvärde, 1 gång/tim resp 8 gånger/dygn",kod,1993-12-06T12:00:00Z,1993-12-06T13:00:00+01:00,755179200000,,71,71,G,,corrected-archive-csv
162860,Luleå-Kallax Flygplats,13,Rådande väder,"momentanvärde, 1 gång/tim resp 8 gånger/dygn",kod,1993-12-06T13:00:00Z,1993-12-06T14:00:00+01:00,755182800000,,73,73,Y,,corrected-archive-csv
162860,Luleå-Kallax Flygplats,13,Rådande väder,"momentanvärde, 1 gång/tim resp 8 gånger/dygn",kod,1993-12-06T14:00:00Z,1993-12-06T15:00:00+01:00,755186400000,,22,22,Y,,corrected-archive-csv
162860,Luleå-Kallax Flygplats,13,Rådande väder,"momentanvärde, 1 gång/tim resp 8 gånger/dygn",kod,1993-12-06T15:00:00Z,1993-12-06T16:00:00+01:00,755190000000,,2,2,G,,corrected-archive-csv
162860,Luleå-Kallax Flygplats,13,Rådande väder,"momentanvärde, 1 gång/tim resp 8 gånger/dygn",kod,1993-12-06T16:00:00Z,1993-12-06T17:00:00+01:00,755193600000,,2,2,Y,,corrected-archive-csv
162860,Luleå-Kallax Flygplats,13,Rådande väder,"momentanvärde, 1 gång/tim resp 8 gånger/dygn",kod,1993-12-06T17:00:00Z,1993-12-06T18:00:00+01:00,755197200000,,3,3,Y,,corrected-archive-csv
162860,Luleå-Kallax Flygplats,13,Rådande väder,"momentanvärde, 1 gång/tim resp 8 gånger/dygn",kod,1993-12-06T18:00:00Z,1993-12-06T19:00:00+01:00,755200800000,,71,71,G,,corrected-archive-csv
162860,Luleå-Kallax Flygplats,13,Rådande väder,"momentanvärde, 1 gång/tim resp 8 gånger/dygn",kod,1993-12-06T19:00:00Z,1993-12-06T20:00:00+01:00,755204400000,,77,77,Y,,corrected-archive-csv
162860,Luleå-Kallax Flygplats,13,Rådande väder,"momentanvärde, 1 gång/tim resp 8 gånger/dygn",kod,1993-12-06T20:00:00Z,1993-12-06T21:00:00+01:00,755208000000,,1,1,Y,,corrected-archive-csv
162860,Luleå-Kallax Flygplats,13,Rådande väder,"momentanvärde, 1 gång/tim resp 8 gånger/dygn",kod,1993-12-06T21:00:00Z,1993-12-06T22:00:00+01:00,755211600000,,2,2,G,,corrected-archive-csv
162860,Luleå-Kallax Flygplats,13,Rådande väder,"momentanvärde, 1 gång/tim resp 8 gånger/dygn",kod,1993-12-06T22:00:00Z,1993-12-06T23:00:00+01:00,755215200000,,2,2,Y,,corrected-archive-csv
162860,Luleå-Kallax Flygplats,13,Rådande väder,"momentanvärde, 1 gång/tim resp 8 gånger/dygn",kod,1993-12-06T23:00:00Z,1993-12-07T00:00:00+01:00,755218800000,,2,2,Y,,corrected-archive-csv
162860,Luleå-Kallax Flygplats,13,Rådande väder,"momentanvärde, 1 gång/tim resp 8 gånger/dygn",kod,1993-12-07T00:00:00Z,1993-12-07T01:00:00+01:00,755222400000,,2,2,G,,corrected-archive-csv
162860,Luleå-Kallax Flygplats,13,Rådande väder,"momentanvärde, 1 gång/tim resp 8 gånger/dygn",kod,1993-12-07T03:00:00Z,1993-12-07T04:00:00+01:00,755233200000,,0,0,G,,corrected-archive-csv
162860,Luleå-Kallax Flygplats,13,Rådande väder,"momentanvärde, 1 gång/tim resp 8 gånger/dygn",kod,1993-12-07T06:00:00Z,1993-12-07T07:00:00+01:00,755244000000,,0,0,G,,corrected-archive-csv
162860,Luleå-Kallax Flygplats,13,Rådande väder,"momentanvärde, 1 gång/tim resp 8 gånger/dygn",kod,1993-12-07T09:00:00Z,1993-12-07T10:00:00+01:00,755254800000,,0,0,G,,corrected-archive-csv
162860,Luleå-Kallax Flygplats,13,Rådande väder,"momentanvärde, 1 gång/tim resp 8 gånger/dygn",kod,1993-12-07T12:00:00Z,1993-12-07T13:00:00+01:00,755265600000,,0,0,G,,corrected-archive-csv
162860,Luleå-Kallax Flygplats,13,Rådande väder,"momentanvärde, 1 gång/tim resp 8 gånger/dygn",kod,1993-12-07T13:00:00Z,1993-12-07T14:00:00+01:00,755269200000,,40,40,Y,,corrected-archive-csv
162860,Luleå-Kallax Flygplats,13,Rådande väder,"momentanvärde, 1 gång/tim resp 8 gånger/dygn",kod,1993-12-07T14:00:00Z,1993-12-07T15:00:00+01:00,755272800000,,10,10,Y,,corrected-archive-csv
162860,Luleå-Kallax Flygplats,13,Rådande väder,"momentanvärde, 1 gång/tim resp 8 gånger/dygn",kod,1993-12-07T15:00:00Z,1993-12-07T16:00:00+01:00,755276400000,,10,10,G,,corrected-archive-csv
162860,Luleå-Kallax Flygplats,13,Rådande väder,"momentanvärde, 1 gång/tim resp 8 gånger/dygn",kod,1993-12-07T16:00:00Z,1993-12-07T17:00:00+01:00,755280000000,,10,10,Y,,corrected-archive-csv
162860,Luleå-Kallax Flygplats,13,Rådande väder,"momentanvärde, 1 gång/tim resp 8 gånger/dygn",kod,1993-12-07T17:00:00Z,1993-12-07T18:00:00+01:00,755283600000,,10,10,Y,,corrected-archive-csv
162860,Luleå-Kallax Flygplats,13,Rådande väder,"momentanvärde, 1 gång/tim resp 8 gånger/dygn",kod,1993-12-07T18:00:00Z,1993-12-07T19:00:00+01:00,755287200000,,10,10,G,,corrected-archive-csv
162860,Luleå-Kallax Flygplats,13,Rådande väder,"momentanvärde, 1 gång/tim resp 8 gånger/dygn",kod,1993-12-07T19:00:00Z,1993-12-07T20:00:00+01:00,755290800000,,10,10,Y,,corrected-archive-csv
162860,Luleå-Kallax Flygplats,13,Rådande väder,"momentanvärde, 1 gång/tim resp 8 gånger/dygn",kod,1993-12-07T20:00:00Z,1993-12-07T21:00:00+01:00,755294400000,,70,70,Y,,corrected-archive-csv
162860,Luleå-Kallax Flygplats,13,Rådande väder,"momentanvärde, 1 gång/tim resp 8 gånger/dygn",kod,1993-12-07T21:00:00Z,1993-12-07T22:00:00+01:00,755298000000,,70,70,G,,corrected-archive-csv
162860,Luleå-Kallax Flygplats,13,Rådande väder,"momentanvärde, 1 gång/tim resp 8 gånger/dygn",kod,1993-12-07T22:00:00Z,1993-12-07T23:00:00+01:00,755301600000,,10,10,Y,,corrected-archive-csv
162860,Luleå-Kallax Flygplats,13,Rådande väder,"momentanvärde, 1 gång/tim resp 8 gånger/dygn",kod,1993-12-07T23:00:00Z,1993-12-08T00:00:00+01:00,755305200000,,10,10,Y,,corrected-archive-csv
162860,Luleå-Kallax Flygplats,13,Rådande väder,"momentanvärde, 1 gång/tim resp 8 gånger/dygn",kod,1993-12-08T00:00:00Z,1993-12-08T01:00:00+01:00,755308800000,,71,71,G,,corrected-archive-csv
162860,Luleå-Kallax Flygplats,13,Rådande väder,"momentanvärde, 1 gång/tim resp 8 gånger/dygn",kod,1993-12-08T01:00:00Z,1993-12-08T02:00:00+01:00,755312400000,,71,71,Y,,corrected-archive-csv
162860,Luleå-Kallax Flygplats,13,Rådande väder,"momentanvärde, 1 gång/tim resp 8 gånger/dygn",kod,1993-12-08T02:00:00Z,1993-12-08T03:00:00+01:00,755316000000,,71,71,Y,,corrected-archive-csv
162860,Luleå-Kallax Flygplats,13,Rådande väder,"momentanvärde, 1 gång/tim resp 8 gånger/dygn",kod,1993-12-08T03:00:00Z,1993-12-08T04:00:00+01:00,755319600000,,71,71,G,,corrected-archive-csv
162860,Luleå-Kallax Flygplats,13,Rådande väder,"momentanvärde, 1 gång/tim resp 8 gånger/dygn",kod,1993-12-08T04:00:00Z,1993-12-08T05:00:00+01:00,755323200000,,71,71,Y,,corrected-archive-csv
162860,Luleå-Kallax Flygplats,13,Rådande väder,"momentanvärde, 1 gång/tim resp 8 gånger/dygn",kod,1993-12-08T05:00:00Z,1993-12-08T06:00:00+01:00,755326800000,,71,71,Y,,corrected-archive-csv
162860,Luleå-Kallax Flygplats,13,Rådande väder,"momentanvärde, 1 gång/tim resp 8 gånger/dygn",kod,1993-12-08T06:00:00Z,1993-12-08T07:00:00+01:00,755330400000,,71,71,G,,corrected-archive-csv
162860,Luleå-Kallax Flygplats,13,Rådande väder,"momentanvärde, 1 gång/tim resp 8 gånger/dygn",kod,1993-12-08T07:00:00Z,1993-12-08T08:00:00+01:00,755334000000,,63,63,Y,,corrected-archive-csv
162860,Luleå-Kallax Flygplats,13,Rådande väder,"momentanvärde, 1 gång/tim resp 8 gånger/dygn",kod,1993-12-08T08:00:00Z,1993-12-08T09:00:00+01:00,755337600000,,63,63,Y,,corrected-archive-csv
162860,Luleå-Kallax Flygplats,13,Rådande väder,"momentanvärde, 1 gång/tim resp 8 gånger/dygn",kod,1993-12-08T09:00:00Z,1993-12-08T10:00:00+01:00,755341200000,,73,73,G,,corrected-archive-csv
162860,Luleå-Kallax Flygplats,13,Rådande väder,"momentanvärde, 1 gång/tim resp 8 gånger/dygn",kod,1993-12-08T10:00:00Z,1993-12-08T11:00:00+01:00,755344800000,,73,73,Y,,corrected-archive-csv
162860,Luleå-Kallax Flygplats,13,Rådande väder,"momentanvärde, 1 gång/tim resp 8 gånger/dygn",kod,1993-12-08T11:00:00Z,1993-12-08T12:00:00+01:00,755348400000,,73,73,Y,,corrected-archive-csv
162860,Luleå-Kallax Flygplats,13,Rådande väder,"momentanvärde, 1 gång/tim resp 8 gånger/dygn",kod,1993-12-08T12:00:00Z,1993-12-08T13:00:00+01:00,755352000000,,68,68,G,,corrected-archive-csv
162860,Luleå-Kallax Flygplats,13,Rådande väder,"momentanvärde, 1 gång/tim resp 8 gånger/dygn",kod,1993-12-08T13:00:00Z,1993-12-08T14:00:00+01:00,755355600000,,68,68,Y,,corrected-archive-csv
162860,Luleå-Kallax Flygplats,13,Rådande väder,"momentanvärde, 1 gång/tim resp 8 gånger/dygn",kod,1993-12-08T14:00:00Z,1993-12-08T15:00:00+01:00,755359200000,,68,68,Y,,corrected-archive-csv
162860,Luleå-Kallax Flygplats,13,Rådande väder,"momentanvärde, 1 gång/tim resp 8 gånger/dygn",kod,1993-12-08T15:00:00Z,1993-12-08T16:00:00+01:00,755362800000,,68,68,G,,corrected-archive-csv
162860,Luleå-Kallax Flygplats,13,Rådande väder,"momentanvärde, 1 gång/tim resp 8 gånger/dygn",kod,1993-12-08T16:00:00Z,1993-12-08T17:00:00+01:00,755366400000,,68,68,Y,,corrected-archive-csv
162860,Luleå-Kallax Flygplats,13,Rådande väder,"momentanvärde, 1 gång/tim resp 8 gånger/dygn",kod,1993-12-08T17:00:00Z,1993-12-08T18:00:00+01:00,755370000000,,68,68,Y,,corrected-archive-csv
162860,Luleå-Kallax Flygplats,13,Rådande väder,"momentanvärde, 1 gång/tim resp 8 gånger/dygn",kod,1993-12-08T18:00:00Z,1993-12-08T19:00:00+01:00,755373600000,,68,68,G,,corrected-archive-csv
162860,Luleå-Kallax Flygplats,13,Rådande väder,"momentanvärde, 1 gång/tim resp 8 gånger/dygn",kod,1993-12-08T19:00:00Z,1993-12-08T20:00:00+01:00,755377200000,,68,68,Y,,corrected-archive-csv
162860,Luleå-Kallax Flygplats,13,Rådande väder,"momentanvärde, 1 gång/tim resp 8 gånger/dygn",kod,1993-12-08T20:00:00Z,1993-12-08T21:00:00+01:00,755380800000,,68,68,Y,,corrected-archive-csv
162860,Luleå-Kallax Flygplats,13,Rådande väder,"momentanvärde, 1 gång/tim resp 8 gånger/dygn",kod,1993-12-08T21:00:00Z,1993-12-08T22:00:00+01:00,755384400000,,68,68,G,,corrected-archive-csv
162860,Luleå-Kallax Flygplats,13,Rådande väder,"momentanvärde, 1 gång/tim resp 8 gånger/dygn",kod,1993-12-08T22:00:00Z,1993-12-08T23:00:00+01:00,755388000000,,21,21,Y,,corrected-archive-csv
162860,Luleå-Kallax Flygplats,13,Rådande väder,"momentanvärde, 1 gång/tim resp 8 gånger/dygn",kod,1993-12-08T23:00:00Z,1993-12-09T00:00:00+01:00,755391600000,,2,2,Y,,corrected-archive-csv
162860,Luleå-Kallax Flygplats,13,Rådande väder,"momentanvärde, 1 gång/tim resp 8 gånger/dygn",kod,1993-12-09T00:00:00Z,1993-12-09T01:00:00+01:00,755395200000,,68,68,G,,corrected-archive-csv
162860,Luleå-Kallax Flygplats,13,Rådande väder,"momentanvärde, 1 gång/tim resp 8 gånger/dygn",kod,1993-12-09T01:00:00Z,1993-12-09T02:00:00+01:00,755398800000,,68,68,Y,,corrected-archive-csv
162860,Luleå-Kallax Flygplats,13,Rådande väder,"momentanvärde, 1 gång/tim resp 8 gånger/dygn",kod,1993-12-09T02:00:00Z,1993-12-09T03:00:00+01:00,755402400000,,77,77,Y,,corrected-archive-csv
162860,Luleå-Kallax Flygplats,13,Rådande väder,"momentanvärde, 1 gång/tim resp 8 gånger/dygn",kod,1993-12-09T03:00:00Z,1993-12-09T04:00:00+01:00,755406000000,,77,77,G,,corrected-archive-csv
162860,Luleå-Kallax Flygplats,13,Rådande väder,"momentanvärde, 1 gång/tim resp 8 gånger/dygn",kod,1993-12-09T04:00:00Z,1993-12-09T05:00:00+01:00,755409600000,,77,77,Y,,corrected-archive-csv
162860,Luleå-Kallax Flygplats,13,Rådande väder,"momentanvärde, 1 gång/tim resp 8 gånger/dygn",kod,1993-12-09T05:00:00Z,1993-12-09T06:00:00+01:00,755413200000,,68,68,Y,,corrected-archive-csv
162860,Luleå-Kallax Flygplats,13,Rådande väder,"momentanvärde, 1 gång/tim resp 8 gånger/dygn",kod,1993-12-09T06:00:00Z,1993-12-09T07:00:00+01:00,755416800000,,77,77,G,,corrected-archive-csv
162860,Luleå-Kallax Flygplats,13,Rådande väder,"momentanvärde, 1 gång/tim resp 8 gånger/dygn",kod,1993-12-09T07:00:00Z,1993-12-09T08:00:00+01:00,755420400000,,77,77,Y,,corrected-archive-csv
162860,Luleå-Kallax Flygplats,13,Rådande väder,"momentanvärde, 1 gång/tim resp 8 gånger/dygn",kod,1993-12-09T08:00:00Z,1993-12-09T09:00:00+01:00,755424000000,,77,77,Y,,corrected-archive-csv
162860,Luleå-Kallax Flygplats,13,Rådande väder,"momentanvärde, 1 gång/tim resp 8 gånger/dygn",kod,1993-12-09T09:00:00Z,1993-12-09T10:00:00+01:00,755427600000,,73,73,G,,corrected-archive-csv
162860,Luleå-Kallax Flygplats,13,Rådande väder,"momentanvärde, 1 gång/tim resp 8 gånger/dygn",kod,1993-12-09T10:00:00Z,1993-12-09T11:00:00+01:00,755431200000,,73,73,Y,,corrected-archive-csv
162860,Luleå-Kallax Flygplats,13,Rådande väder,"momentanvärde, 1 gång/tim resp 8 gånger/dygn",kod,1993-12-09T11:00:00Z,1993-12-09T12:00:00+01:00,755434800000,,71,71,Y,,corrected-archive-csv
162860,Luleå-Kallax Flygplats,13,Rådande väder,"momentanvärde, 1 gång/tim resp 8 gånger/dygn",kod,1993-12-09T12:00:00Z,1993-12-09T13:00:00+01:00,755438400000,,71,71,G,,corrected-archive-csv
162860,Luleå-Kallax Flygplats,13,Rådande väder,"momentanvärde, 1 gång/tim resp 8 gånger/dygn",kod,1993-12-09T14:00:00Z,1993-12-09T15:00:00+01:00,755445600000,,77,77,Y,,corrected-archive-csv
162860,Luleå-Kallax Flygplats,13,Rådande väder,"momentanvärde, 1 gång/tim resp 8 gånger/dygn",kod,1993-12-09T15:00:00Z,1993-12-09T16:00:00+01:00,755449200000,,10,10,G,,corrected-archive-csv
162860,Luleå-Kallax Flygplats,13,Rådande väder,"momentanvärde, 1 gång/tim resp 8 gånger/dygn",kod,1993-12-09T16:00:00Z,1993-12-09T17:00:00+01:00,755452800000,,10,10,Y,,corrected-archive-csv
162860,Luleå-Kallax Flygplats,13,Rådande väder,"momentanvärde, 1 gång/tim resp 8 gånger/dygn",kod,1993-12-09T17:00:00Z,1993-12-09T18:00:00+01:00,755456400000,,10,10,Y,,corrected-archive-csv
162860,Luleå-Kallax Flygplats,13,Rådande väder,"momentanvärde, 1 gång/tim resp 8 gånger/dygn",kod,1993-12-09T18:00:00Z,1993-12-09T19:00:00+01:00,755460000000,,10,10,G,,corrected-archive-csv
162860,Luleå-Kallax Flygplats,13,Rådande väder,"momentanvärde, 1 gång/tim resp 8 gånger/dygn",kod,1993-12-09T19:00:00Z,1993-12-09T20:00:00+01:00,755463600000,,10,10,Y,,corrected-archive-csv
162860,Luleå-Kallax Flygplats,13,Rådande väder,"momentanvärde, 1 gång/tim resp 8 gånger/dygn",kod,1993-12-09T20:00:00Z,1993-12-09T21:00:00+01:00,755467200000,,10,10,Y,,corrected-archive-csv
162860,Luleå-Kallax Flygplats,13,Rådande väder,"momentanvärde, 1 gång/tim resp 8 gånger/dygn",kod,1993-12-09T21:00:00Z,1993-12-09T22:00:00+01:00,755470800000,,2,2,G,,corrected-archive-csv
162860,Luleå-Kallax Flygplats,13,Rådande väder,"momentanvärde, 1 gång/tim resp 8 gånger/dygn",kod,1993-12-09T22:00:00Z,1993-12-09T23:00:00+01:00,755474400000,,2,2,Y,,corrected-archive-csv
162860,Luleå-Kallax Flygplats,13,Rådande väder,"momentanvärde, 1 gång/tim resp 8 gånger/dygn",kod,1993-12-09T23:00:00Z,1993-12-10T00:00:00+01:00,755478000000,,2,2,Y,,corrected-archive-csv
162860,Luleå-Kallax Flygplats,13,Rådande väder,"momentanvärde, 1 gång/tim resp 8 gånger/dygn",kod,1993-12-10T00:00:00Z,1993-12-10T01:00:00+01:00,755481600000,,0,0,G,,corrected-archive-csv
162860,Luleå-Kallax Flygplats,13,Rådande väder,"momentanvärde, 1 gång/tim resp 8 gånger/dygn",kod,1993-12-10T03:00:00Z,1993-12-10T04:00:00+01:00,755492400000,,0,0,G,,corrected-archive-csv
162860,Luleå-Kallax Flygplats,13,Rådande väder,"momentanvärde, 1 gång/tim resp 8 gånger/dygn",kod,1993-12-10T06:00:00Z,1993-12-10T07:00:00+01:00,755503200000,,0,0,G,,corrected-archive-csv
162860,Luleå-Kallax Flygplats,13,Rådande väder,"momentanvärde, 1 gång/tim resp 8 gånger/dygn",kod,1993-12-10T09:00:00Z,1993-12-10T10:00:00+01:00,755514000000,,0,0,G,,corrected-archive-csv
162860,Luleå-Kallax Flygplats,13,Rådande väder,"momentanvärde, 1 gång/tim resp 8 gånger/dygn",kod,1993-12-10T12:00:00Z,1993-12-10T13:00:00+01:00,755524800000,,0,0,G,,corrected-archive-csv
162860,Luleå-Kallax Flygplats,13,Rådande väder,"momentanvärde, 1 gång/tim resp 8 gånger/dygn",kod,1993-12-10T15:00:00Z,1993-12-10T16:00:00+01:00,755535600000,,0,0,G,,corrected-archive-csv
162860,Luleå-Kallax Flygplats,13,Rådande väder,"momentanvärde, 1 gång/tim resp 8 gånger/dygn",kod,1993-12-10T18:00:00Z,1993-12-10T19:00:00+01:00,755546400000,,0,0,G,,corrected-archive-csv
162860,Luleå-Kallax Flygplats,13,Rådande väder,"momentanvärde, 1 gång/tim resp 8 gånger/dygn",kod,1993-12-10T19:00:00Z,1993-12-10T20:00:00+01:00,755550000000,,10,10,Y,,corrected-archive-csv
162860,Luleå-Kallax Flygplats,13,Rådande väder,"momentanvärde, 1 gång/tim resp 8 gånger/dygn",kod,1993-12-10T20:00:00Z,1993-12-10T21:00:00+01:00,755553600000,,10,10,Y,,corrected-archive-csv
162860,Luleå-Kallax Flygplats,13,Rådande väder,"momentanvärde, 1 gång/tim resp 8 gånger/dygn",kod,1993-12-10T21:00:00Z,1993-12-10T22:00:00+01:00,755557200000,,10,10,G,,corrected-archive-csv
162860,Luleå-Kallax Flygplats,13,Rådande väder,"momentanvärde, 1 gång/tim resp 8 gånger/dygn",kod,1993-12-10T22:00:00Z,1993-12-10T23:00:00+01:00,755560800000,,10,10,Y,,corrected-archive-csv
162860,Luleå-Kallax Flygplats,13,Rådande väder,"momentanvärde, 1 gång/tim resp 8 gånger/dygn",kod,1993-12-11T00:00:00Z,1993-12-11T01:00:00+01:00,755568000000,,10,10,G,,corrected-archive-csv
162860,Luleå-Kallax Flygplats,13,Rådande väder,"momentanvärde, 1 gång/tim resp 8 gånger/dygn",kod,1993-12-11T01:00:00Z,1993-12-11T02:00:00+01:00,755571600000,,10,10,Y,,corrected-archive-csv
162860,Luleå-Kallax Flygplats,13,Rådande väder,"momentanvärde, 1 gång/tim resp 8 gånger/dygn",kod,1993-12-11T02:00:00Z,1993-12-11T03:00:00+01:00,755575200000,,10,10,Y,,corrected-archive-csv
162860,Luleå-Kallax Flygplats,13,Rådande väder,"momentanvärde, 1 gång/tim resp 8 gånger/dygn",kod,1993-12-11T03:00:00Z,1993-12-11T04:00:00+01:00,755578800000,,10,10,G,,corrected-archive-csv
162860,Luleå-Kallax Flygplats,13,Rådande väder,"momentanvärde, 1 gång/tim resp 8 gånger/dygn",kod,1993-12-11T04:00:00Z,1993-12-11T05:00:00+01:00,755582400000,,10,10,Y,,corrected-archive-csv
162860,Luleå-Kallax Flygplats,13,Rådande väder,"momentanvärde, 1 gång/tim resp 8 gånger/dygn",kod,1993-12-11T05:00:00Z,1993-12-11T06:00:00+01:00,755586000000,,2,2,Y,,corrected-archive-csv
162860,Luleå-Kallax Flygplats,13,Rådande väder,"momentanvärde, 1 gång/tim resp 8 gånger/dygn",kod,1993-12-11T06:00:00Z,1993-12-11T07:00:00+01:00,755589600000,,10,10,G,,corrected-archive-csv
162860,Luleå-Kallax Flygplats,13,Rådande väder,"momentanvärde, 1 gång/tim resp 8 gånger/dygn",kod,1993-12-11T07:00:00Z,1993-12-11T08:00:00+01:00,755593200000,,77,77,Y,,corrected-archive-csv
162860,Luleå-Kallax Flygplats,13,Rådande väder,"momentanvärde, 1 gång/tim resp 8 gånger/dygn",kod,1993-12-11T08:00:00Z,1993-12-11T09:00:00+01:00,755596800000,,2,2,Y,,corrected-archive-csv
162860,Luleå-Kallax Flygplats,13,Rådande väder,"momentanvärde, 1 gång/tim resp 8 gånger/dygn",kod,1993-12-11T09:00:00Z,1993-12-11T10:00:00+01:00,755600400000,,2,2,G,,corrected-archive-csv
162860,Luleå-Kallax Flygplats,13,Rådande väder,"momentanvärde, 1 gång/tim resp 8 gånger/dygn",kod,1993-12-11T10:00:00Z,1993-12-11T11:00:00+01:00,755604000000,,2,2,Y,,corrected-archive-csv
162860,Luleå-Kallax Flygplats,13,Rådande väder,"momentanvärde, 1 gång/tim resp 8 gånger/dygn",kod,1993-12-11T11:00:00Z,1993-12-11T12:00:00+01:00,755607600000,,77,77,Y,,corrected-archive-csv
162860,Luleå-Kallax Flygplats,13,Rådande väder,"momentanvärde, 1 gång/tim resp 8 gånger/dygn",kod,1993-12-11T12:00:00Z,1993-12-11T13:00:00+01:00,755611200000,,22,22,G,,corrected-archive-csv
162860,Luleå-Kallax Flygplats,13,Rådande väder,"momentanvärde, 1 gång/tim resp 8 gånger/dygn",kod,1993-12-11T15:00:00Z,1993-12-11T16:00:00+01:00,755622000000,,77,77,G,,corrected-archive-csv
162860,Luleå-Kallax Flygplats,13,Rådande väder,"momentanvärde, 1 gång/tim resp 8 gånger/dygn",kod,1993-12-11T16:00:00Z,1993-12-11T17:00:00+01:00,755625600000,,77,77,Y,,corrected-archive-csv
162860,Luleå-Kallax Flygplats,13,Rådande väder,"momentanvärde, 1 gång/tim resp 8 gånger/dygn",kod,1993-12-11T17:00:00Z,1993-12-11T18:00:00+01:00,755629200000,,77,77,Y,,corrected-archive-csv
162860,Luleå-Kallax Flygplats,13,Rådande väder,"momentanvärde, 1 gång/tim resp 8 gånger/dygn",kod,1993-12-11T18:00:00Z,1993-12-11T19:00:00+01:00,755632800000,,77,77,G,,corrected-archive-csv
162860,Luleå-Kallax Flygplats,13,Rådande väder,"momentanvärde, 1 gång/tim resp 8 gånger/dygn",kod,1993-12-11T21:00:00Z,1993-12-11T22:00:00+01:00,755643600000,,0,0,G,,corrected-archive-csv
162860,Luleå-Kallax Flygplats,13,Rådande väder,"momentanvärde, 1 gång/tim resp 8 gånger/dygn",kod,1993-12-12T00:00:00Z,1993-12-12T01:00:00+01:00,755654400000,,0,0,G,,corrected-archive-csv
162860,Luleå-Kallax Flygplats,13,Rådande väder,"momentanvärde, 1 gång/tim resp 8 gånger/dygn",kod,1993-12-12T03:00:00Z,1993-12-12T04:00:00+01:00,755665200000,,0,0,G,,corrected-archive-csv
162860,Luleå-Kallax Flygplats,13,Rådande väder,"momentanvärde, 1 gång/tim resp 8 gånger/dygn",kod,1993-12-12T06:00:00Z,1993-12-12T07:00:00+01:00,755676000000,,0,0,G,,corrected-archive-csv
162860,Luleå-Kallax Flygplats,13,Rådande väder,"momentanvärde, 1 gång/tim resp 8 gånger/dygn",kod,1993-12-12T09:00:00Z,1993-12-12T10:00:00+01:00,755686800000,,0,0,G,,corrected-archive-csv
162860,Luleå-Kallax Flygplats,13,Rådande väder,"momentanvärde, 1 gång/tim resp 8 gånger/dygn",kod,1993-12-12T12:00:00Z,1993-12-12T13:00:00+01:00,755697600000,,77,77,G,,corrected-archive-csv
162860,Luleå-Kallax Flygplats,13,Rådande väder,"momentanvärde, 1 gång/tim resp 8 gånger/dygn",kod,1993-12-12T13:00:00Z,1993-12-12T14:00:00+01:00,755701200000,,77,77,Y,,corrected-archive-csv
162860,Luleå-Kallax Flygplats,13,Rådande väder,"momentanvärde, 1 gång/tim resp 8 gånger/dygn",kod,1993-12-12T14:00:00Z,1993-12-12T15:00:00+01:00,755704800000,,71,71,Y,,corrected-archive-csv
162860,Luleå-Kallax Flygplats,13,Rådande väder,"momentanvärde, 1 gång/tim resp 8 gånger/dygn",kod,1993-12-12T15:00:00Z,1993-12-12T16:00:00+01:00,755708400000,,71,71,G,,corrected-archive-csv
162860,Luleå-Kallax Flygplats,13,Rådande väder,"momentanvärde, 1 gång/tim resp 8 gånger/dygn",kod,1993-12-12T16:00:00Z,1993-12-12T17:00:00+01:00,755712000000,,22,22,Y,,corrected-archive-csv
162860,Luleå-Kallax Flygplats,13,Rådande väder,"momentanvärde, 1 gång/tim resp 8 gånger/dygn",kod,1993-12-12T17:00:00Z,1993-12-12T18:00:00+01:00,755715600000,,22,22,Y,,corrected-archive-csv
162860,Luleå-Kallax Flygplats,13,Rådande väder,"momentanvärde, 1 gång/tim resp 8 gånger/dygn",kod,1993-12-12T18:00:00Z,1993-12-12T19:00:00+01:00,755719200000,,22,22,G,,corrected-archive-csv
162860,Luleå-Kallax Flygplats,13,Rådande väder,"momentanvärde, 1 gång/tim resp 8 gånger/dygn",kod,1993-12-12T21:00:00Z,1993-12-12T22:00:00+01:00,755730000000,,0,0,G,,corrected-archive-csv
162860,Luleå-Kallax Flygplats,13,Rådande väder,"momentanvärde, 1 gång/tim resp 8 gånger/dygn",kod,1993-12-13T00:00:00Z,1993-12-13T01:00:00+01:00,755740800000,,0,0,G,,corrected-archive-csv
162860,Luleå-Kallax Flygplats,13,Rådande väder,"momentanvärde, 1 gång/tim resp 8 gånger/dygn",kod,1993-12-13T03:00:00Z,1993-12-13T04:00:00+01:00,755751600000,,0,0,G,,corrected-archive-csv
162860,Luleå-Kallax Flygplats,13,Rådande väder,"momentanvärde, 1 gång/tim resp 8 gånger/dygn",kod,1993-12-13T06:00:00Z,1993-12-13T07:00:00+01:00,755762400000,,78,78,G,,corrected-archive-csv
162860,Luleå-Kallax Flygplats,13,Rådande väder,"momentanvärde, 1 gång/tim resp 8 gånger/dygn",kod,1993-12-13T07:00:00Z,1993-12-13T08:00:00+01:00,755766000000,,78,78,Y,,corrected-archive-csv
162860,Luleå-Kallax Flygplats,13,Rådande väder,"momentanvärde, 1 gång/tim resp 8 gånger/dygn",kod,1993-12-13T08:00:00Z,1993-12-13T09:00:00+01:00,755769600000,,78,78,Y,,corrected-archive-csv
162860,Luleå-Kallax Flygplats,13,Rådande väder,"momentanvärde, 1 gång/tim resp 8 gånger/dygn",kod,1993-12-13T09:00:00Z,1993-12-13T10:00:00+01:00,755773200000,,71,71,G,,corrected-archive-csv
162860,Luleå-Kallax Flygplats,13,Rådande väder,"momentanvärde, 1 gång/tim resp 8 gånger/dygn",kod,1993-12-13T10:00:00Z,1993-12-13T11:00:00+01:00,755776800000,,71,71,Y,,corrected-archive-csv
162860,Luleå-Kallax Flygplats,13,Rådande väder,"momentanvärde, 1 gång/tim resp 8 gånger/dygn",kod,1993-12-13T11:00:00Z,1993-12-13T12:00:00+01:00,755780400000,,71,71,Y,,corrected-archive-csv
162860,Luleå-Kallax Flygplats,13,Rådande väder,"momentanvärde, 1 gång/tim resp 8 gånger/dygn",kod,1993-12-13T12:00:00Z,1993-12-13T13:00:00+01:00,755784000000,,71,71,G,,corrected-archive-csv
162860,Luleå-Kallax Flygplats,13,Rådande väder,"momentanvärde, 1 gång/tim resp 8 gånger/dygn",kod,1993-12-13T13:00:00Z,1993-12-13T14:00:00+01:00,755787600000,,71,71,Y,,corrected-archive-csv
162860,Luleå-Kallax Flygplats,13,Rådande väder,"momentanvärde, 1 gång/tim resp 8 gånger/dygn",kod,1993-12-13T14:00:00Z,1993-12-13T15:00:00+01:00,755791200000,,71,71,Y,,corrected-archive-csv
162860,Luleå-Kallax Flygplats,13,Rådande väder,"momentanvärde, 1 gång/tim resp 8 gånger/dygn",kod,1993-12-13T15:00:00Z,1993-12-13T16:00:00+01:00,755794800000,,22,22,G,,corrected-archive-csv
162860,Luleå-Kallax Flygplats,13,Rådande väder,"momentanvärde, 1 gång/tim resp 8 gånger/dygn",kod,1993-12-13T18:00:00Z,1993-12-13T19:00:00+01:00,755805600000,,0,0,G,,corrected-archive-csv
162860,Luleå-Kallax Flygplats,13,Rådande väder,"momentanvärde, 1 gång/tim resp 8 gånger/dygn",kod,1993-12-13T21:00:00Z,1993-12-13T22:00:00+01:00,755816400000,,0,0,G,,corrected-archive-csv
162860,Luleå-Kallax Flygplats,13,Rådande väder,"momentanvärde, 1 gång/tim resp 8 gånger/dygn",kod,1993-12-13T23:00:00Z,1993-12-14T00:00:00+01:00,755823600000,,78,78,Y,,corrected-archive-csv
162860,Luleå-Kallax Flygplats,13,Rådande väder,"momentanvärde, 1 gång/tim resp 8 gånger/dygn",kod,1993-12-14T00:00:00Z,1993-12-14T01:00:00+01:00,755827200000,,0,0,G,,corrected-archive-csv
162860,Luleå-Kallax Flygplats,13,Rådande väder,"momentanvärde, 1 gång/tim resp 8 gånger/dygn",kod,1993-12-14T03:00:00Z,1993-12-14T04:00:00+01:00,755838000000,,0,0,G,,corrected-archive-csv
162860,Luleå-Kallax Flygplats,13,Rådande väder,"momentanvärde, 1 gång/tim resp 8 gånger/dygn",kod,1993-12-14T06:00:00Z,1993-12-14T07:00:00+01:00,755848800000,,0,0,G,,corrected-archive-csv
162860,Luleå-Kallax Flygplats,13,Rådande väder,"momentanvärde, 1 gång/tim resp 8 gånger/dygn",kod,1993-12-14T08:00:00Z,1993-12-14T09:00:00+01:00,755856000000,,40,40,Y,,corrected-archive-csv
162860,Luleå-Kallax Flygplats,13,Rådande väder,"momentanvärde, 1 gång/tim resp 8 gånger/dygn",kod,1993-12-14T09:00:00Z,1993-12-14T10:00:00+01:00,755859600000,,10,10,G,,corrected-archive-csv
162860,Luleå-Kallax Flygplats,13,Rådande väder,"momentanvärde, 1 gång/tim resp 8 gånger/dygn",kod,1993-12-14T10:00:00Z,1993-12-14T11:00:00+01:00,755863200000,,76,76,Y,,corrected-archive-csv
162860,Luleå-Kallax Flygplats,13,Rådande väder,"momentanvärde, 1 gång/tim resp 8 gånger/dygn",kod,1993-12-14T11:00:00Z,1993-12-14T12:00:00+01:00,755866800000,,76,76,Y,,corrected-archive-csv
162860,Luleå-Kallax Flygplats,13,Rådande väder,"momentanvärde, 1 gång/tim resp 8 gånger/dygn",kod,1993-12-14T12:00:00Z,1993-12-14T13:00:00+01:00,755870400000,,40,40,G,,corrected-archive-csv
162860,Luleå-Kallax Flygplats,13,Rådande väder,"momentanvärde, 1 gång/tim resp 8 gånger/dygn",kod,1993-12-14T13:00:00Z,1993-12-14T14:00:00+01:00,755874000000,,12,12,Y,,corrected-archive-csv
162860,Luleå-Kallax Flygplats,13,Rådande väder,"momentanvärde, 1 gång/tim resp 8 gånger/dygn",kod,1993-12-14T15:00:00Z,1993-12-14T16:00:00+01:00,755881200000,,2,2,G,,corrected-archive-csv
162860,Luleå-Kallax Flygplats,13,Rådande väder,"momentanvärde, 1 gång/tim resp 8 gånger/dygn",kod,1993-12-14T16:00:00Z,1993-12-14T17:00:00+01:00,755884800000,,2,2,Y,,corrected-archive-csv
162860,Luleå-Kallax Flygplats,13,Rådande väder,"momentanvärde, 1 gång/tim resp 8 gånger/dygn",kod,1993-12-14T17:00:00Z,1993-12-14T18:00:00+01:00,755888400000,,2,2,Y,,corrected-archive-csv
162860,Luleå-Kallax Flygplats,13,Rådande väder,"momentanvärde, 1 gång/tim resp 8 gånger/dygn",kod,1993-12-14T18:00:00Z,1993-12-14T19:00:00+01:00,755892000000,,2,2,G,,corrected-archive-csv
162860,Luleå-Kallax Flygplats,13,Rådande väder,"momentanvärde, 1 gång/tim resp 8 gånger/dygn",kod,1993-12-14T21:00:00Z,1993-12-14T22:00:00+01:00,755902800000,,0,0,G,,corrected-archive-csv
162860,Luleå-Kallax Flygplats,13,Rådande väder,"momentanvärde, 1 gång/tim resp 8 gånger/dygn",kod,1993-12-15T06:00:00Z,1993-12-15T07:00:00+01:00,755935200000,,10,10,G,,corrected-archive-csv
162860,Luleå-Kallax Flygplats,13,Rådande väder,"momentanvärde, 1 gång/tim resp 8 gånger/dygn",kod,1993-12-15T07:00:00Z,1993-12-15T08:00:00+01:00,755938800000,,10,10,Y,,corrected-archive-csv
162860,Luleå-Kallax Flygplats,13,Rådande väder,"momentanvärde, 1 gång/tim resp 8 gånger/dygn",kod,1993-12-15T08:00:00Z,1993-12-15T09:00:00+01:00,755942400000,,10,10,Y,,corrected-archive-csv
162860,Luleå-Kallax Flygplats,13,Rådande väder,"momentanvärde, 1 gång/tim resp 8 gånger/dygn",kod,1993-12-15T09:00:00Z,1993-12-15T10:00:00+01:00,755946000000,,71,71,G,,corrected-archive-csv
162860,Luleå-Kallax Flygplats,13,Rådande väder,"momentanvärde, 1 gång/tim resp 8 gånger/dygn",kod,1993-12-15T10:00:00Z,1993-12-15T11:00:00+01:00,755949600000,,73,73,Y,,corrected-archive-csv
162860,Luleå-Kallax Flygplats,13,Rådande väder,"momentanvärde, 1 gång/tim resp 8 gånger/dygn",kod,1993-12-15T11:00:00Z,1993-12-15T12:00:00+01:00,755953200000,,71,71,Y,,corrected-archive-csv
162860,Luleå-Kallax Flygplats,13,Rådande väder,"momentanvärde, 1 gång/tim resp 8 gånger/dygn",kod,1993-12-15T12:00:00Z,1993-12-15T13:00:00+01:00,755956800000,,71,71,G,,corrected-archive-csv
162860,Luleå-Kallax Flygplats,13,Rådande väder,"momentanvärde, 1 gång/tim resp 8 gånger/dygn",kod,1993-12-15T13:00:00Z,1993-12-15T14:00:00+01:00,755960400000,,10,10,Y,,corrected-archive-csv
162860,Luleå-Kallax Flygplats,13,Rådande väder,"momentanvärde, 1 gång/tim resp 8 gånger/dygn",kod,1993-12-15T14:00:00Z,1993-12-15T15:00:00+01:00,755964000000,,10,10,Y,,corrected-archive-csv
162860,Luleå-Kallax Flygplats,13,Rådande väder,"momentanvärde, 1 gång/tim resp 8 gånger/dygn",kod,1993-12-15T15:00:00Z,1993-12-15T16:00:00+01:00,755967600000,,71,71,G,,corrected-archive-csv
162860,Luleå-Kallax Flygplats,13,Rådande väder,"momentanvärde, 1 gång/tim resp 8 gånger/dygn",kod,1993-12-15T16:00:00Z,1993-12-15T17:00:00+01:00,755971200000,,71,71,Y,,corrected-archive-csv
162860,Luleå-Kallax Flygplats,13,Rådande väder,"momentanvärde, 1 gång/tim resp 8 gånger/dygn",kod,1993-12-15T17:00:00Z,1993-12-15T18:00:00+01:00,755974800000,,71,71,Y,,corrected-archive-csv
162860,Luleå-Kallax Flygplats,13,Rådande väder,"momentanvärde, 1 gång/tim resp 8 gånger/dygn",kod,1993-12-15T18:00:00Z,1993-12-15T19:00:00+01:00,755978400000,,77,77,G,,corrected-archive-csv
162860,Luleå-Kallax Flygplats,13,Rådande väder,"momentanvärde, 1 gång/tim resp 8 gånger/dygn",kod,1993-12-15T19:00:00Z,1993-12-15T20:00:00+01:00,755982000000,,10,10,Y,,corrected-archive-csv
162860,Luleå-Kallax Flygplats,13,Rådande väder,"momentanvärde, 1 gång/tim resp 8 gånger/dygn",kod,1993-12-15T21:00:00Z,1993-12-15T22:00:00+01:00,755989200000,,0,0,G,,corrected-archive-csv
162860,Luleå-Kallax Flygplats,13,Rådande väder,"momentanvärde, 1 gång/tim resp 8 gånger/dygn",kod,1993-12-16T00:00:00Z,1993-12-16T01:00:00+01:00,756000000000,,0,0,G,,corrected-archive-csv
162860,Luleå-Kallax Flygplats,13,Rådande väder,"momentanvärde, 1 gång/tim resp 8 gånger/dygn",kod,1993-12-16T03:00:00Z,1993-12-16T04:00:00+01:00,756010800000,,0,0,G,,corrected-archive-csv
162860,Luleå-Kallax Flygplats,13,Rådande väder,"momentanvärde, 1 gång/tim resp 8 gånger/dygn",kod,1993-12-16T05:00:00Z,1993-12-16T06:00:00+01:00,756018000000,,77,77,Y,,corrected-archive-csv
162860,Luleå-Kallax Flygplats,13,Rådande väder,"momentanvärde, 1 gång/tim resp 8 gånger/dygn",kod,1993-12-16T06:00:00Z,1993-12-16T07:00:00+01:00,756021600000,,77,77,G,,corrected-archive-csv
162860,Luleå-Kallax Flygplats,13,Rådande väder,"momentanvärde, 1 gång/tim resp 8 gånger/dygn",kod,1993-12-16T07:00:00Z,1993-12-16T08:00:00+01:00,756025200000,,68,68,Y,,corrected-archive-csv
162860,Luleå-Kallax Flygplats,13,Rådande väder,"momentanvärde, 1 gång/tim resp 8 gånger/dygn",kod,1993-12-16T08:00:00Z,1993-12-16T09:00:00+01:00,756028800000,,23,23,Y,,corrected-archive-csv
162860,Luleå-Kallax Flygplats,13,Rådande väder,"momentanvärde, 1 gång/tim resp 8 gånger/dygn",kod,1993-12-16T09:00:00Z,1993-12-16T10:00:00+01:00,756032400000,,20,20,G,,corrected-archive-csv
162860,Luleå-Kallax Flygplats,13,Rådande väder,"momentanvärde, 1 gång/tim resp 8 gånger/dygn",kod,1993-12-16T10:00:00Z,1993-12-16T11:00:00+01:00,756036000000,,2,2,Y,,corrected-archive-csv
162860,Luleå-Kallax Flygplats,13,Rådande väder,"momentanvärde, 1 gång/tim resp 8 gånger/dygn",kod,1993-12-16T11:00:00Z,1993-12-16T12:00:00+01:00,756039600000,,2,2,Y,,corrected-archive-csv
162860,Luleå-Kallax Flygplats,13,Rådande väder,"momentanvärde, 1 gång/tim resp 8 gånger/dygn",kod,1993-12-16T12:00:00Z,1993-12-16T13:00:00+01:00,756043200000,,2,2,G,,corrected-archive-csv
162860,Luleå-Kallax Flygplats,13,Rådande väder,"momentanvärde, 1 gång/tim resp 8 gånger/dygn",kod,1993-12-16T13:00:00Z,1993-12-16T14:00:00+01:00,756046800000,,77,77,Y,,corrected-archive-csv
162860,Luleå-Kallax Flygplats,13,Rådande väder,"momentanvärde, 1 gång/tim resp 8 gånger/dygn",kod,1993-12-16T14:00:00Z,1993-12-16T15:00:00+01:00,756050400000,,22,22,Y,,corrected-archive-csv
162860,Luleå-Kallax Flygplats,13,Rådande väder,"momentanvärde, 1 gång/tim resp 8 gånger/dygn",kod,1993-12-16T15:00:00Z,1993-12-16T16:00:00+01:00,756054000000,,2,2,G,,corrected-archive-csv
162860,Luleå-Kallax Flygplats,13,Rådande väder,"momentanvärde, 1 gång/tim resp 8 gånger/dygn",kod,1993-12-16T16:00:00Z,1993-12-16T17:00:00+01:00,756057600000,,77,77,Y,,corrected-archive-csv
162860,Luleå-Kallax Flygplats,13,Rådande väder,"momentanvärde, 1 gång/tim resp 8 gånger/dygn",kod,1993-12-16T17:00:00Z,1993-12-16T18:00:00+01:00,756061200000,,22,22,Y,,corrected-archive-csv
162860,Luleå-Kallax Flygplats,13,Rådande väder,"momentanvärde, 1 gång/tim resp 8 gånger/dygn",kod,1993-12-16T18:00:00Z,1993-12-16T19:00:00+01:00,756064800000,,77,77,G,,corrected-archive-csv
162860,Luleå-Kallax Flygplats,13,Rådande väder,"momentanvärde, 1 gång/tim resp 8 gånger/dygn",kod,1993-12-16T19:00:00Z,1993-12-16T20:00:00+01:00,756068400000,,77,77,Y,,corrected-archive-csv
162860,Luleå-Kallax Flygplats,13,Rådande väder,"momentanvärde, 1 gång/tim resp 8 gånger/dygn",kod,1993-12-16T20:00:00Z,1993-12-16T21:00:00+01:00,756072000000,,77,77,Y,,corrected-archive-csv
162860,Luleå-Kallax Flygplats,13,Rådande väder,"momentanvärde, 1 gång/tim resp 8 gånger/dygn",kod,1993-12-16T21:00:00Z,1993-12-16T22:00:00+01:00,756075600000,,77,77,G,,corrected-archive-csv
162860,Luleå-Kallax Flygplats,13,Rådande väder,"momentanvärde, 1 gång/tim resp 8 gånger/dygn",kod,1993-12-16T22:00:00Z,1993-12-16T23:00:00+01:00,756079200000,,77,77,Y,,corrected-archive-csv
162860,Luleå-Kallax Flygplats,13,Rådande väder,"momentanvärde, 1 gång/tim resp 8 gånger/dygn",kod,1993-12-16T23:00:00Z,1993-12-17T00:00:00+01:00,756082800000,,77,77,Y,,corrected-archive-csv
162860,Luleå-Kallax Flygplats,13,Rådande väder,"momentanvärde, 1 gång/tim resp 8 gånger/dygn",kod,1993-12-17T00:00:00Z,1993-12-17T01:00:00+01:00,756086400000,,77,77,G,,corrected-archive-csv
162860,Luleå-Kallax Flygplats,13,Rådande väder,"momentanvärde, 1 gång/tim resp 8 gånger/dygn",kod,1993-12-17T01:00:00Z,1993-12-17T02:00:00+01:00,756090000000,,77,77,Y,,corrected-archive-csv
162860,Luleå-Kallax Flygplats,13,Rådande väder,"momentanvärde, 1 gång/tim resp 8 gånger/dygn",kod,1993-12-17T02:00:00Z,1993-12-17T03:00:00+01:00,756093600000,,77,77,Y,,corrected-archive-csv
162860,Luleå-Kallax Flygplats,13,Rådande väder,"momentanvärde, 1 gång/tim resp 8 gånger/dygn",kod,1993-12-17T03:00:00Z,1993-12-17T04:00:00+01:00,756097200000,,77,77,G,,corrected-archive-csv
162860,Luleå-Kallax Flygplats,13,Rådande väder,"momentanvärde, 1 gång/tim resp 8 gånger/dygn",kod,1993-12-17T04:00:00Z,1993-12-17T05:00:00+01:00,756100800000,,77,77,Y,,corrected-archive-csv
162860,Luleå-Kallax Flygplats,13,Rådande väder,"momentanvärde, 1 gång/tim resp 8 gånger/dygn",kod,1993-12-17T05:00:00Z,1993-12-17T06:00:00+01:00,756104400000,,77,77,Y,,corrected-archive-csv
162860,Luleå-Kallax Flygplats,13,Rådande väder,"momentanvärde, 1 gång/tim resp 8 gånger/dygn",kod,1993-12-17T06:00:00Z,1993-12-17T07:00:00+01:00,756108000000,,77,77,G,,corrected-archive-csv
162860,Luleå-Kallax Flygplats,13,Rådande väder,"momentanvärde, 1 gång/tim resp 8 gånger/dygn",kod,1993-12-17T07:00:00Z,1993-12-17T08:00:00+01:00,756111600000,,73,73,Y,,corrected-archive-csv
162860,Luleå-Kallax Flygplats,13,Rådande väder,"momentanvärde, 1 gång/tim resp 8 gånger/dygn",kod,1993-12-17T08:00:00Z,1993-12-17T09:00:00+01:00,756115200000,,71,71,Y,,corrected-archive-csv
162860,Luleå-Kallax Flygplats,13,Rådande väder,"momentanvärde, 1 gång/tim resp 8 gånger/dygn",kod,1993-12-17T09:00:00Z,1993-12-17T10:00:00+01:00,756118800000,,71,71,G,,corrected-archive-csv
162860,Luleå-Kallax Flygplats,13,Rådande väder,"momentanvärde, 1 gång/tim resp 8 gånger/dygn",kod,1993-12-17T10:00:00Z,1993-12-17T11:00:00+01:00,756122400000,,71,71,Y,,corrected-archive-csv
162860,Luleå-Kallax Flygplats,13,Rådande väder,"momentanvärde, 1 gång/tim resp 8 gånger/dygn",kod,1993-12-17T11:00:00Z,1993-12-17T12:00:00+01:00,756126000000,,71,71,Y,,corrected-archive-csv
162860,Luleå-Kallax Flygplats,13,Rådande väder,"momentanvärde, 1 gång/tim resp 8 gånger/dygn",kod,1993-12-17T12:00:00Z,1993-12-17T13:00:00+01:00,756129600000,,71,71,G,,corrected-archive-csv
162860,Luleå-Kallax Flygplats,13,Rådande väder,"momentanvärde, 1 gång/tim resp 8 gånger/dygn",kod,1993-12-17T13:00:00Z,1993-12-17T14:00:00+01:00,756133200000,,71,71,Y,,corrected-archive-csv
162860,Luleå-Kallax Flygplats,13,Rådande väder,"momentanvärde, 1 gång/tim resp 8 gånger/dygn",kod,1993-12-17T14:00:00Z,1993-12-17T15:00:00+01:00,756136800000,,22,22,Y,,corrected-archive-csv
162860,Luleå-Kallax Flygplats,13,Rådande väder,"momentanvärde, 1 gång/tim resp 8 gånger/dygn",kod,1993-12-17T15:00:00Z,1993-12-17T16:00:00+01:00,756140400000,,1,1,G,,corrected-archive-csv
162860,Luleå-Kallax Flygplats,13,Rådande väder,"momentanvärde, 1 gång/tim resp 8 gånger/dygn",kod,1993-12-17T16:00:00Z,1993-12-17T17:00:00+01:00,756144000000,,1,1,Y,,corrected-archive-csv
162860,Luleå-Kallax Flygplats,13,Rådande väder,"momentanvärde, 1 gång/tim resp 8 gånger/dygn",kod,1993-12-17T17:00:00Z,1993-12-17T18:00:00+01:00,756147600000,,2,2,Y,,corrected-archive-csv
162860,Luleå-Kallax Flygplats,13,Rådande väder,"momentanvärde, 1 gång/tim resp 8 gånger/dygn",kod,1993-12-17T18:00:00Z,1993-12-17T19:00:00+01:00,756151200000,,2,2,G,,corrected-archive-csv
162860,Luleå-Kallax Flygplats,13,Rådande väder,"momentanvärde, 1 gång/tim resp 8 gånger/dygn",kod,1993-12-17T21:00:00Z,1993-12-17T22:00:00+01:00,756162000000,,0,0,G,,corrected-archive-csv
162860,Luleå-Kallax Flygplats,13,Rådande väder,"momentanvärde, 1 gång/tim resp 8 gånger/dygn",kod,1993-12-18T00:00:00Z,1993-12-18T01:00:00+01:00,756172800000,,0,0,G,,corrected-archive-csv
162860,Luleå-Kallax Flygplats,13,Rådande väder,"momentanvärde, 1 gång/tim resp 8 gånger/dygn",kod,1993-12-18T03:00:00Z,1993-12-18T04:00:00+01:00,756183600000,,0,0,G,,corrected-archive-csv
162860,Luleå-Kallax Flygplats,13,Rådande väder,"momentanvärde, 1 gång/tim resp 8 gånger/dygn",kod,1993-12-18T06:00:00Z,1993-12-18T07:00:00+01:00,756194400000,,0,0,G,,corrected-archive-csv
162860,Luleå-Kallax Flygplats,13,Rådande väder,"momentanvärde, 1 gång/tim resp 8 gånger/dygn",kod,1993-12-18T09:00:00Z,1993-12-18T10:00:00+01:00,756205200000,,0,0,G,,corrected-archive-csv
162860,Luleå-Kallax Flygplats,13,Rådande väder,"momentanvärde, 1 gång/tim resp 8 gånger/dygn",kod,1993-12-18T12:00:00Z,1993-12-18T13:00:00+01:00,756216000000,,0,0,G,,corrected-archive-csv
162860,Luleå-Kallax Flygplats,13,Rådande väder,"momentanvärde, 1 gång/tim resp 8 gånger/dygn",kod,1993-12-18T15:00:00Z,1993-12-18T16:00:00+01:00,756226800000,,0,0,G,,corrected-archive-csv
162860,Luleå-Kallax Flygplats,13,Rådande väder,"momentanvärde, 1 gång/tim resp 8 gånger/dygn",kod,1993-12-18T18:00:00Z,1993-12-18T19:00:00+01:00,756237600000,,0,0,G,,corrected-archive-csv
162860,Luleå-Kallax Flygplats,13,Rådande väder,"momentanvärde, 1 gång/tim resp 8 gånger/dygn",kod,1993-12-18T21:00:00Z,1993-12-18T22:00:00+01:00,756248400000,,0,0,G,,corrected-archive-csv
162860,Luleå-Kallax Flygplats,13,Rådande väder,"momentanvärde, 1 gång/tim resp 8 gånger/dygn",kod,1993-12-18T23:00:00Z,1993-12-19T00:00:00+01:00,756255600000,,77,77,Y,,corrected-archive-csv
162860,Luleå-Kallax Flygplats,13,Rådande väder,"momentanvärde, 1 gång/tim resp 8 gånger/dygn",kod,1993-12-19T00:00:00Z,1993-12-19T01:00:00+01:00,756259200000,,73,73,G,,corrected-archive-csv
162860,Luleå-Kallax Flygplats,13,Rådande väder,"momentanvärde, 1 gång/tim resp 8 gånger/dygn",kod,1993-12-19T01:00:00Z,1993-12-19T02:00:00+01:00,756262800000,,73,73,Y,,corrected-archive-csv
162860,Luleå-Kallax Flygplats,13,Rådande väder,"momentanvärde, 1 gång/tim resp 8 gånger/dygn",kod,1993-12-19T02:00:00Z,1993-12-19T03:00:00+01:00,756266400000,,73,73,Y,,corrected-archive-csv
162860,Luleå-Kallax Flygplats,13,Rådande väder,"momentanvärde, 1 gång/tim resp 8 gånger/dygn",kod,1993-12-19T03:00:00Z,1993-12-19T04:00:00+01:00,756270000000,,73,73,G,,corrected-archive-csv
162860,Luleå-Kallax Flygplats,13,Rådande väder,"momentanvärde, 1 gång/tim resp 8 gånger/dygn",kod,1993-12-19T04:00:00Z,1993-12-19T05:00:00+01:00,756273600000,,73,73,Y,,corrected-archive-csv
162860,Luleå-Kallax Flygplats,13,Rådande väder,"momentanvärde, 1 gång/tim resp 8 gånger/dygn",kod,1993-12-19T05:00:00Z,1993-12-19T06:00:00+01:00,756277200000,,73,73,Y,,corrected-archive-csv
162860,Luleå-Kallax Flygplats,13,Rådande väder,"momentanvärde, 1 gång/tim resp 8 gånger/dygn",kod,1993-12-19T06:00:00Z,1993-12-19T07:00:00+01:00,756280800000,,73,73,G,,corrected-archive-csv
162860,Luleå-Kallax Flygplats,13,Rådande väder,"momentanvärde, 1 gång/tim resp 8 gånger/dygn",kod,1993-12-19T07:00:00Z,1993-12-19T08:00:00+01:00,756284400000,,73,73,Y,,corrected-archive-csv
162860,Luleå-Kallax Flygplats,13,Rådande väder,"momentanvärde, 1 gång/tim resp 8 gånger/dygn",kod,1993-12-19T08:00:00Z,1993-12-19T09:00:00+01:00,756288000000,,71,71,Y,,corrected-archive-csv
162860,Luleå-Kallax Flygplats,13,Rådande väder,"momentanvärde, 1 gång/tim resp 8 gånger/dygn",kod,1993-12-19T09:00:00Z,1993-12-19T10:00:00+01:00,756291600000,,68,68,G,,corrected-archive-csv
162860,Luleå-Kallax Flygplats,13,Rådande väder,"momentanvärde, 1 gång/tim resp 8 gånger/dygn",kod,1993-12-19T10:00:00Z,1993-12-19T11:00:00+01:00,756295200000,,68,68,Y,,corrected-archive-csv
162860,Luleå-Kallax Flygplats,13,Rådande väder,"momentanvärde, 1 gång/tim resp 8 gånger/dygn",kod,1993-12-19T11:00:00Z,1993-12-19T12:00:00+01:00,756298800000,,68,68,Y,,corrected-archive-csv
162860,Luleå-Kallax Flygplats,13,Rådande väder,"momentanvärde, 1 gång/tim resp 8 gånger/dygn",kod,1993-12-19T12:00:00Z,1993-12-19T13:00:00+01:00,756302400000,,68,68,G,,corrected-archive-csv
162860,Luleå-Kallax Flygplats,13,Rådande väder,"momentanvärde, 1 gång/tim resp 8 gånger/dygn",kod,1993-12-19T13:00:00Z,1993-12-19T14:00:00+01:00,756306000000,,68,68,Y,,corrected-archive-csv
162860,Luleå-Kallax Flygplats,13,Rådande väder,"momentanvärde, 1 gång/tim resp 8 gånger/dygn",kod,1993-12-19T14:00:00Z,1993-12-19T15:00:00+01:00,756309600000,,68,68,Y,,corrected-archive-csv
162860,Luleå-Kallax Flygplats,13,Rådande väder,"momentanvärde, 1 gång/tim resp 8 gånger/dygn",kod,1993-12-19T15:00:00Z,1993-12-19T16:00:00+01:00,756313200000,,63,63,G,,corrected-archive-csv
162860,Luleå-Kallax Flygplats,13,Rådande väder,"momentanvärde, 1 gång/tim resp 8 gånger/dygn",kod,1993-12-19T16:00:00Z,1993-12-19T17:00:00+01:00,756316800000,,51,51,Y,,corrected-archive-csv
162860,Luleå-Kallax Flygplats,13,Rådande väder,"momentanvärde, 1 gång/tim resp 8 gånger/dygn",kod,1993-12-19T17:00:00Z,1993-12-19T18:00:00+01:00,756320400000,,51,51,Y,,corrected-archive-csv
162860,Luleå-Kallax Flygplats,13,Rådande väder,"momentanvärde, 1 gång/tim resp 8 gånger/dygn",kod,1993-12-19T18:00:00Z,1993-12-19T19:00:00+01:00,756324000000,,51,51,G,,corrected-archive-csv
162860,Luleå-Kallax Flygplats,13,Rådande väder,"momentanvärde, 1 gång/tim resp 8 gånger/dygn",kod,1993-12-19T20:00:00Z,1993-12-19T21:00:00+01:00,756331200000,,63,63,Y,,corrected-archive-csv
162860,Luleå-Kallax Flygplats,13,Rådande väder,"momentanvärde, 1 gång/tim resp 8 gånger/dygn",kod,1993-12-19T21:00:00Z,1993-12-19T22:00:00+01:00,756334800000,,63,63,G,,corrected-archive-csv
162860,Luleå-Kallax Flygplats,13,Rådande väder,"momentanvärde, 1 gång/tim resp 8 gånger/dygn",kod,1993-12-19T22:00:00Z,1993-12-19T23:00:00+01:00,756338400000,,63,63,Y,,corrected-archive-csv
162860,Luleå-Kallax Flygplats,13,Rådande väder,"momentanvärde, 1 gång/tim resp 8 gånger/dygn",kod,1993-12-19T23:00:00Z,1993-12-20T00:00:00+01:00,756342000000,,63,63,Y,,corrected-archive-csv
162860,Luleå-Kallax Flygplats,13,Rådande väder,"momentanvärde, 1 gång/tim resp 8 gånger/dygn",kod,1993-12-20T00:00:00Z,1993-12-20T01:00:00+01:00,756345600000,,63,63,G,,corrected-archive-csv
162860,Luleå-Kallax Flygplats,13,Rådande väder,"momentanvärde, 1 gång/tim resp 8 gånger/dygn",kod,1993-12-20T01:00:00Z,1993-12-20T02:00:00+01:00,756349200000,,63,63,Y,,corrected-archive-csv
162860,Luleå-Kallax Flygplats,13,Rådande väder,"momentanvärde, 1 gång/tim resp 8 gånger/dygn",kod,1993-12-20T02:00:00Z,1993-12-20T03:00:00+01:00,756352800000,,63,63,Y,,corrected-archive-csv
162860,Luleå-Kallax Flygplats,13,Rådande väder,"momentanvärde, 1 gång/tim resp 8 gånger/dygn",kod,1993-12-20T03:00:00Z,1993-12-20T04:00:00+01:00,756356400000,,53,53,G,,corrected-archive-csv
162860,Luleå-Kallax Flygplats,13,Rådande väder,"momentanvärde, 1 gång/tim resp 8 gånger/dygn",kod,1993-12-20T04:00:00Z,1993-12-20T05:00:00+01:00,756360000000,,53,53,Y,,corrected-archive-csv
162860,Luleå-Kallax Flygplats,13,Rådande väder,"momentanvärde, 1 gång/tim resp 8 gånger/dygn",kod,1993-12-20T05:00:00Z,1993-12-20T06:00:00+01:00,756363600000,,53,53,Y,,corrected-archive-csv
162860,Luleå-Kallax Flygplats,13,Rådande väder,"momentanvärde, 1 gång/tim resp 8 gånger/dygn",kod,1993-12-20T06:00:00Z,1993-12-20T07:00:00+01:00,756367200000,,53,53,G,,corrected-archive-csv
162860,Luleå-Kallax Flygplats,13,Rådande väder,"momentanvärde, 1 gång/tim resp 8 gånger/dygn",kod,1993-12-20T07:00:00Z,1993-12-20T08:00:00+01:00,756370800000,,61,61,Y,,corrected-archive-csv
162860,Luleå-Kallax Flygplats,13,Rådande väder,"momentanvärde, 1 gång/tim resp 8 gånger/dygn",kod,1993-12-20T08:00:00Z,1993-12-20T09:00:00+01:00,756374400000,,61,61,Y,,corrected-archive-csv
162860,Luleå-Kallax Flygplats,13,Rådande väder,"momentanvärde, 1 gång/tim resp 8 gånger/dygn",kod,1993-12-20T09:00:00Z,1993-12-20T10:00:00+01:00,756378000000,,69,69,G,,corrected-archive-csv
162860,Luleå-Kallax Flygplats,13,Rådande väder,"momentanvärde, 1 gång/tim resp 8 gånger/dygn",kod,1993-12-20T10:00:00Z,1993-12-20T11:00:00+01:00,756381600000,,73,73,Y,,corrected-archive-csv
162860,Luleå-Kallax Flygplats,13,Rådande väder,"momentanvärde, 1 gång/tim resp 8 gånger/dygn",kod,1993-12-20T11:00:00Z,1993-12-20T12:00:00+01:00,756385200000,,73,73,Y,,corrected-archive-csv
162860,Luleå-Kallax Flygplats,13,Rådande väder,"momentanvärde, 1 gång/tim resp 8 gånger/dygn",kod,1993-12-20T12:00:00Z,1993-12-20T13:00:00+01:00,756388800000,,73,73,G,,corrected-archive-csv
162860,Luleå-Kallax Flygplats,13,Rådande väder,"momentanvärde, 1 gång/tim resp 8 gånger/dygn",kod,1993-12-20T13:00:00Z,1993-12-20T14:00:00+01:00,756392400000,,73,73,Y,,corrected-archive-csv
162860,Luleå-Kallax Flygplats,13,Rådande väder,"momentanvärde, 1 gång/tim resp 8 gånger/dygn",kod,1993-12-20T14:00:00Z,1993-12-20T15:00:00+01:00,756396000000,,73,73,Y,,corrected-archive-csv
162860,Luleå-Kallax Flygplats,13,Rådande väder,"momentanvärde, 1 gång/tim resp 8 gånger/dygn",kod,1993-12-20T15:00:00Z,1993-12-20T16:00:00+01:00,756399600000,,68,68,G,,corrected-archive-csv
162860,Luleå-Kallax Flygplats,13,Rådande väder,"momentanvärde, 1 gång/tim resp 8 gånger/dygn",kod,1993-12-20T16:00:00Z,1993-12-20T17:00:00+01:00,756403200000,,68,68,Y,,corrected-archive-csv
162860,Luleå-Kallax Flygplats,13,Rådande väder,"momentanvärde, 1 gång/tim resp 8 gånger/dygn",kod,1993-12-20T17:00:00Z,1993-12-20T18:00:00+01:00,756406800000,,68,68,Y,,corrected-archive-csv
162860,Luleå-Kallax Flygplats,13,Rådande väder,"momentanvärde, 1 gång/tim resp 8 gånger/dygn",kod,1993-12-20T18:00:00Z,1993-12-20T19:00:00+01:00,756410400000,,68,68,G,,corrected-archive-csv
162860,Luleå-Kallax Flygplats,13,Rådande väder,"momentanvärde, 1 gång/tim resp 8 gånger/dygn",kod,1993-12-20T19:00:00Z,1993-12-20T20:00:00+01:00,756414000000,,68,68,Y,,corrected-archive-csv
162860,Luleå-Kallax Flygplats,13,Rådande väder,"momentanvärde, 1 gång/tim resp 8 gånger/dygn",kod,1993-12-20T20:00:00Z,1993-12-20T21:00:00+01:00,756417600000,,68,68,Y,,corrected-archive-csv
162860,Luleå-Kallax Flygplats,13,Rådande väder,"momentanvärde, 1 gång/tim resp 8 gånger/dygn",kod,1993-12-20T21:00:00Z,1993-12-20T22:00:00+01:00,756421200000,,71,71,G,,corrected-archive-csv
162860,Luleå-Kallax Flygplats,13,Rådande väder,"momentanvärde, 1 gång/tim resp 8 gånger/dygn",kod,1993-12-20T22:00:00Z,1993-12-20T23:00:00+01:00,756424800000,,71,71,Y,,corrected-archive-csv
162860,Luleå-Kallax Flygplats,13,Rådande väder,"momentanvärde, 1 gång/tim resp 8 gånger/dygn",kod,1993-12-20T23:00:00Z,1993-12-21T00:00:00+01:00,756428400000,,23,23,Y,,corrected-archive-csv
162860,Luleå-Kallax Flygplats,13,Rådande väder,"momentanvärde, 1 gång/tim resp 8 gånger/dygn",kod,1993-12-21T00:00:00Z,1993-12-21T01:00:00+01:00,756432000000,,51,51,G,,corrected-archive-csv
162860,Luleå-Kallax Flygplats,13,Rådande väder,"momentanvärde, 1 gång/tim resp 8 gånger/dygn",kod,1993-12-21T01:00:00Z,1993-12-21T02:00:00+01:00,756435600000,,20,20,Y,,corrected-archive-csv
162860,Luleå-Kallax Flygplats,13,Rådande väder,"momentanvärde, 1 gång/tim resp 8 gånger/dygn",kod,1993-12-21T02:00:00Z,1993-12-21T03:00:00+01:00,756439200000,,51,51,Y,,corrected-archive-csv
162860,Luleå-Kallax Flygplats,13,Rådande väder,"momentanvärde, 1 gång/tim resp 8 gånger/dygn",kod,1993-12-21T03:00:00Z,1993-12-21T04:00:00+01:00,756442800000,,10,10,G,,corrected-archive-csv
162860,Luleå-Kallax Flygplats,13,Rådande väder,"momentanvärde, 1 gång/tim resp 8 gånger/dygn",kod,1993-12-21T04:00:00Z,1993-12-21T05:00:00+01:00,756446400000,,10,10,Y,,corrected-archive-csv
162860,Luleå-Kallax Flygplats,13,Rådande väder,"momentanvärde, 1 gång/tim resp 8 gånger/dygn",kod,1993-12-21T05:00:00Z,1993-12-21T06:00:00+01:00,756450000000,,73,73,Y,,corrected-archive-csv
162860,Luleå-Kallax Flygplats,13,Rådande väder,"momentanvärde, 1 gång/tim resp 8 gånger/dygn",kod,1993-12-21T06:00:00Z,1993-12-21T07:00:00+01:00,756453600000,,73,73,G,,corrected-archive-csv
162860,Luleå-Kallax Flygplats,13,Rådande väder,"momentanvärde, 1 gång/tim resp 8 gånger/dygn",kod,1993-12-21T07:00:00Z,1993-12-21T08:00:00+01:00,756457200000,,71,71,Y,,corrected-archive-csv
162860,Luleå-Kallax Flygplats,13,Rådande väder,"momentanvärde, 1 gång/tim resp 8 gånger/dygn",kod,1993-12-21T08:00:00Z,1993-12-21T09:00:00+01:00,756460800000,,68,68,Y,,corrected-archive-csv
162860,Luleå-Kallax Flygplats,13,Rådande väder,"momentanvärde, 1 gång/tim resp 8 gånger/dygn",kod,1993-12-21T09:00:00Z,1993-12-21T10:00:00+01:00,756464400000,,68,68,G,,corrected-archive-csv
162860,Luleå-Kallax Flygplats,13,Rådande väder,"momentanvärde, 1 gång/tim resp 8 gånger/dygn",kod,1993-12-21T10:00:00Z,1993-12-21T11:00:00+01:00,756468000000,,71,71,Y,,corrected-archive-csv
162860,Luleå-Kallax Flygplats,13,Rådande väder,"momentanvärde, 1 gång/tim resp 8 gånger/dygn",kod,1993-12-21T11:00:00Z,1993-12-21T12:00:00+01:00,756471600000,,2,2,Y,,corrected-archive-csv
162860,Luleå-Kallax Flygplats,13,Rådande väder,"momentanvärde, 1 gång/tim resp 8 gånger/dygn",kod,1993-12-21T12:00:00Z,1993-12-21T13:00:00+01:00,756475200000,,71,71,G,,corrected-archive-csv
162860,Luleå-Kallax Flygplats,13,Rådande väder,"momentanvärde, 1 gång/tim resp 8 gånger/dygn",kod,1993-12-21T13:00:00Z,1993-12-21T14:00:00+01:00,756478800000,,71,71,Y,,corrected-archive-csv
162860,Luleå-Kallax Flygplats,13,Rådande väder,"momentanvärde, 1 gång/tim resp 8 gånger/dygn",kod,1993-12-21T14:00:00Z,1993-12-21T15:00:00+01:00,756482400000,,73,73,Y,,corrected-archive-csv
162860,Luleå-Kallax Flygplats,13,Rådande väder,"momentanvärde, 1 gång/tim resp 8 gånger/dygn",kod,1993-12-21T15:00:00Z,1993-12-21T16:00:00+01:00,756486000000,,71,71,G,,corrected-archive-csv
162860,Luleå-Kallax Flygplats,13,Rådande väder,"momentanvärde, 1 gång/tim resp 8 gånger/dygn",kod,1993-12-21T16:00:00Z,1993-12-21T17:00:00+01:00,756489600000,,71,71,Y,,corrected-archive-csv
162860,Luleå-Kallax Flygplats,13,Rådande väder,"momentanvärde, 1 gång/tim resp 8 gånger/dygn",kod,1993-12-21T17:00:00Z,1993-12-21T18:00:00+01:00,756493200000,,71,71,Y,,corrected-archive-csv
162860,Luleå-Kallax Flygplats,13,Rådande väder,"momentanvärde, 1 gång/tim resp 8 gånger/dygn",kod,1993-12-21T18:00:00Z,1993-12-21T19:00:00+01:00,756496800000,,71,71,G,,corrected-archive-csv
162860,Luleå-Kallax Flygplats,13,Rådande väder,"momentanvärde, 1 gång/tim resp 8 gånger/dygn",kod,1993-12-21T19:00:00Z,1993-12-21T20:00:00+01:00,756500400000,,71,71,Y,,corrected-archive-csv
162860,Luleå-Kallax Flygplats,13,Rådande väder,"momentanvärde, 1 gång/tim resp 8 gånger/dygn",kod,1993-12-21T20:00:00Z,1993-12-21T21:00:00+01:00,756504000000,,71,71,Y,,corrected-archive-csv
162860,Luleå-Kallax Flygplats,13,Rådande väder,"momentanvärde, 1 gång/tim resp 8 gånger/dygn",kod,1993-12-21T21:00:00Z,1993-12-21T22:00:00+01:00,756507600000,,71,71,G,,corrected-archive-csv
162860,Luleå-Kallax Flygplats,13,Rådande väder,"momentanvärde, 1 gång/tim resp 8 gånger/dygn",kod,1993-12-21T22:00:00Z,1993-12-21T23:00:00+01:00,756511200000,,71,71,Y,,corrected-archive-csv
162860,Luleå-Kallax Flygplats,13,Rådande väder,"momentanvärde, 1 gång/tim resp 8 gånger/dygn",kod,1993-12-21T23:00:00Z,1993-12-22T00:00:00+01:00,756514800000,,71,71,Y,,corrected-archive-csv
162860,Luleå-Kallax Flygplats,13,Rådande väder,"momentanvärde, 1 gång/tim resp 8 gånger/dygn",kod,1993-12-22T00:00:00Z,1993-12-22T01:00:00+01:00,756518400000,,22,22,G,,corrected-archive-csv
162860,Luleå-Kallax Flygplats,13,Rådande väder,"momentanvärde, 1 gång/tim resp 8 gånger/dygn",kod,1993-12-22T01:00:00Z,1993-12-22T02:00:00+01:00,756522000000,,10,10,Y,,corrected-archive-csv
162860,Luleå-Kallax Flygplats,13,Rådande väder,"momentanvärde, 1 gång/tim resp 8 gånger/dygn",kod,1993-12-22T02:00:00Z,1993-12-22T03:00:00+01:00,756525600000,,71,71,Y,,corrected-archive-csv
162860,Luleå-Kallax Flygplats,13,Rådande väder,"momentanvärde, 1 gång/tim resp 8 gånger/dygn",kod,1993-12-22T03:00:00Z,1993-12-22T04:00:00+01:00,756529200000,,73,73,G,,corrected-archive-csv
162860,Luleå-Kallax Flygplats,13,Rådande väder,"momentanvärde, 1 gång/tim resp 8 gånger/dygn",kod,1993-12-22T05:00:00Z,1993-12-22T06:00:00+01:00,756536400000,,2,2,Y,,corrected-archive-csv
162860,Luleå-Kallax Flygplats,13,Rådande väder,"momentanvärde, 1 gång/tim resp 8 gånger/dygn",kod,1993-12-22T06:00:00Z,1993-12-22T07:00:00+01:00,756540000000,,71,71,G,,corrected-archive-csv
162860,Luleå-Kallax Flygplats,13,Rådande väder,"momentanvärde, 1 gång/tim resp 8 gånger/dygn",kod,1993-12-22T07:00:00Z,1993-12-22T08:00:00+01:00,756543600000,,71,71,Y,,corrected-archive-csv
162860,Luleå-Kallax Flygplats,13,Rådande väder,"momentanvärde, 1 gång/tim resp 8 gånger/dygn",kod,1993-12-22T08:00:00Z,1993-12-22T09:00:00+01:00,756547200000,,22,22,Y,,corrected-archive-csv
162860,Luleå-Kallax Flygplats,13,Rådande väder,"momentanvärde, 1 gång/tim resp 8 gånger/dygn",kod,1993-12-22T09:00:00Z,1993-12-22T10:00:00+01:00,756550800000,,71,71,G,,corrected-archive-csv
162860,Luleå-Kallax Flygplats,13,Rådande väder,"momentanvärde, 1 gång/tim resp 8 gånger/dygn",kod,1993-12-22T10:00:00Z,1993-12-22T11:00:00+01:00,756554400000,,71,71,Y,,corrected-archive-csv
162860,Luleå-Kallax Flygplats,13,Rådande väder,"momentanvärde, 1 gång/tim resp 8 gånger/dygn",kod,1993-12-22T11:00:00Z,1993-12-22T12:00:00+01:00,756558000000,,71,71,Y,,corrected-archive-csv
162860,Luleå-Kallax Flygplats,13,Rådande väder,"momentanvärde, 1 gång/tim resp 8 gånger/dygn",kod,1993-12-22T12:00:00Z,1993-12-22T13:00:00+01:00,756561600000,,71,71,G,,corrected-archive-csv
162860,Luleå-Kallax Flygplats,13,Rådande väder,"momentanvärde, 1 gång/tim resp 8 gånger/dygn",kod,1993-12-22T13:00:00Z,1993-12-22T14:00:00+01:00,756565200000,,71,71,Y,,corrected-archive-csv
162860,Luleå-Kallax Flygplats,13,Rådande väder,"momentanvärde, 1 gång/tim resp 8 gånger/dygn",kod,1993-12-22T14:00:00Z,1993-12-22T15:00:00+01:00,756568800000,,71,71,Y,,corrected-archive-csv
162860,Luleå-Kallax Flygplats,13,Rådande väder,"momentanvärde, 1 gång/tim resp 8 gånger/dygn",kod,1993-12-22T15:00:00Z,1993-12-22T16:00:00+01:00,756572400000,,71,71,G,,corrected-archive-csv
162860,Luleå-Kallax Flygplats,13,Rådande väder,"momentanvärde, 1 gång/tim resp 8 gånger/dygn",kod,1993-12-22T16:00:00Z,1993-12-22T17:00:00+01:00,756576000000,,71,71,Y,,corrected-archive-csv
162860,Luleå-Kallax Flygplats,13,Rådande väder,"momentanvärde, 1 gång/tim resp 8 gånger/dygn",kod,1993-12-22T17:00:00Z,1993-12-22T18:00:00+01:00,756579600000,,71,71,Y,,corrected-archive-csv
162860,Luleå-Kallax Flygplats,13,Rådande väder,"momentanvärde, 1 gång/tim resp 8 gånger/dygn",kod,1993-12-22T18:00:00Z,1993-12-22T19:00:00+01:00,756583200000,,71,71,G,,corrected-archive-csv
162860,Luleå-Kallax Flygplats,13,Rådande väder,"momentanvärde, 1 gång/tim resp 8 gånger/dygn",kod,1993-12-22T19:00:00Z,1993-12-22T20:00:00+01:00,756586800000,,71,71,Y,,corrected-archive-csv
162860,Luleå-Kallax Flygplats,13,Rådande väder,"momentanvärde, 1 gång/tim resp 8 gånger/dygn",kod,1993-12-22T20:00:00Z,1993-12-22T21:00:00+01:00,756590400000,,71,71,Y,,corrected-archive-csv
162860,Luleå-Kallax Flygplats,13,Rådande väder,"momentanvärde, 1 gång/tim resp 8 gånger/dygn",kod,1993-12-22T21:00:00Z,1993-12-22T22:00:00+01:00,756594000000,,71,71,G,,corrected-archive-csv
162860,Luleå-Kallax Flygplats,13,Rådande väder,"momentanvärde, 1 gång/tim resp 8 gånger/dygn",kod,1993-12-22T22:00:00Z,1993-12-22T23:00:00+01:00,756597600000,,73,73,Y,,corrected-archive-csv
162860,Luleå-Kallax Flygplats,13,Rådande väder,"momentanvärde, 1 gång/tim resp 8 gånger/dygn",kod,1993-12-22T23:00:00Z,1993-12-23T00:00:00+01:00,756601200000,,71,71,Y,,corrected-archive-csv
162860,Luleå-Kallax Flygplats,13,Rådande väder,"momentanvärde, 1 gång/tim resp 8 gånger/dygn",kod,1993-12-23T00:00:00Z,1993-12-23T01:00:00+01:00,756604800000,,0,0,G,,corrected-archive-csv
162860,Luleå-Kallax Flygplats,13,Rådande väder,"momentanvärde, 1 gång/tim resp 8 gånger/dygn",kod,1993-12-23T03:00:00Z,1993-12-23T04:00:00+01:00,756615600000,,0,0,G,,corrected-archive-csv
162860,Luleå-Kallax Flygplats,13,Rådande väder,"momentanvärde, 1 gång/tim resp 8 gånger/dygn",kod,1993-12-23T06:00:00Z,1993-12-23T07:00:00+01:00,756626400000,,0,0,G,,corrected-archive-csv
162860,Luleå-Kallax Flygplats,13,Rådande väder,"momentanvärde, 1 gång/tim resp 8 gånger/dygn",kod,1993-12-23T07:00:00Z,1993-12-23T08:00:00+01:00,756630000000,,73,73,Y,,corrected-archive-csv
162860,Luleå-Kallax Flygplats,13,Rådande väder,"momentanvärde, 1 gång/tim resp 8 gånger/dygn",kod,1993-12-23T08:00:00Z,1993-12-23T09:00:00+01:00,756633600000,,73,73,Y,,corrected-archive-csv
162860,Luleå-Kallax Flygplats,13,Rådande väder,"momentanvärde, 1 gång/tim resp 8 gånger/dygn",kod,1993-12-23T09:00:00Z,1993-12-23T10:00:00+01:00,756637200000,,71,71,G,,corrected-archive-csv
162860,Luleå-Kallax Flygplats,13,Rådande väder,"momentanvärde, 1 gång/tim resp 8 gånger/dygn",kod,1993-12-23T10:00:00Z,1993-12-23T11:00:00+01:00,756640800000,,71,71,Y,,corrected-archive-csv
162860,Luleå-Kallax Flygplats,13,Rådande väder,"momentanvärde, 1 gång/tim resp 8 gånger/dygn",kod,1993-12-23T11:00:00Z,1993-12-23T12:00:00+01:00,756644400000,,71,71,Y,,corrected-archive-csv
162860,Luleå-Kallax Flygplats,13,Rådande väder,"momentanvärde, 1 gång/tim resp 8 gånger/dygn",kod,1993-12-23T12:00:00Z,1993-12-23T13:00:00+01:00,756648000000,,71,71,G,,corrected-archive-csv
162860,Luleå-Kallax Flygplats,13,Rådande väder,"momentanvärde, 1 gång/tim resp 8 gånger/dygn",kod,1993-12-23T13:00:00Z,1993-12-23T14:00:00+01:00,756651600000,,71,71,Y,,corrected-archive-csv
162860,Luleå-Kallax Flygplats,13,Rådande väder,"momentanvärde, 1 gång/tim resp 8 gånger/dygn",kod,1993-12-23T14:00:00Z,1993-12-23T15:00:00+01:00,756655200000,,10,10,Y,,corrected-archive-csv
162860,Luleå-Kallax Flygplats,13,Rådande väder,"momentanvärde, 1 gång/tim resp 8 gånger/dygn",kod,1993-12-23T15:00:00Z,1993-12-23T16:00:00+01:00,756658800000,,2,2,G,,corrected-archive-csv
162860,Luleå-Kallax Flygplats,13,Rådande väder,"momentanvärde, 1 gång/tim resp 8 gånger/dygn",kod,1993-12-23T16:00:00Z,1993-12-23T17:00:00+01:00,756662400000,,2,2,Y,,corrected-archive-csv
162860,Luleå-Kallax Flygplats,13,Rådande väder,"momentanvärde, 1 gång/tim resp 8 gånger/dygn",kod,1993-12-23T17:00:00Z,1993-12-23T18:00:00+01:00,756666000000,,71,71,Y,,corrected-archive-csv
162860,Luleå-Kallax Flygplats,13,Rådande väder,"momentanvärde, 1 gång/tim resp 8 gånger/dygn",kod,1993-12-23T18:00:00Z,1993-12-23T19:00:00+01:00,756669600000,,71,71,G,,corrected-archive-csv
162860,Luleå-Kallax Flygplats,13,Rådande väder,"momentanvärde, 1 gång/tim resp 8 gånger/dygn",kod,1993-12-23T19:00:00Z,1993-12-23T20:00:00+01:00,756673200000,,71,71,Y,,corrected-archive-csv
162860,Luleå-Kallax Flygplats,13,Rådande väder,"momentanvärde, 1 gång/tim resp 8 gånger/dygn",kod,1993-12-23T20:00:00Z,1993-12-23T21:00:00+01:00,756676800000,,71,71,Y,,corrected-archive-csv
162860,Luleå-Kallax Flygplats,13,Rådande väder,"momentanvärde, 1 gång/tim resp 8 gånger/dygn",kod,1993-12-23T21:00:00Z,1993-12-23T22:00:00+01:00,756680400000,,71,71,G,,corrected-archive-csv
162860,Luleå-Kallax Flygplats,13,Rådande väder,"momentanvärde, 1 gång/tim resp 8 gånger/dygn",kod,1993-12-23T22:00:00Z,1993-12-23T23:00:00+01:00,756684000000,,71,71,Y,,corrected-archive-csv
162860,Luleå-Kallax Flygplats,13,Rådande väder,"momentanvärde, 1 gång/tim resp 8 gånger/dygn",kod,1993-12-23T23:00:00Z,1993-12-24T00:00:00+01:00,756687600000,,71,71,Y,,corrected-archive-csv
162860,Luleå-Kallax Flygplats,13,Rådande väder,"momentanvärde, 1 gång/tim resp 8 gånger/dygn",kod,1993-12-24T00:00:00Z,1993-12-24T01:00:00+01:00,756691200000,,71,71,G,,corrected-archive-csv
162860,Luleå-Kallax Flygplats,13,Rådande väder,"momentanvärde, 1 gång/tim resp 8 gånger/dygn",kod,1993-12-24T01:00:00Z,1993-12-24T02:00:00+01:00,756694800000,,22,22,Y,,corrected-archive-csv
162860,Luleå-Kallax Flygplats,13,Rådande väder,"momentanvärde, 1 gång/tim resp 8 gånger/dygn",kod,1993-12-24T02:00:00Z,1993-12-24T03:00:00+01:00,756698400000,,71,71,Y,,corrected-archive-csv
162860,Luleå-Kallax Flygplats,13,Rådande väder,"momentanvärde, 1 gång/tim resp 8 gånger/dygn",kod,1993-12-24T03:00:00Z,1993-12-24T04:00:00+01:00,756702000000,,71,71,G,,corrected-archive-csv
162860,Luleå-Kallax Flygplats,13,Rådande väder,"momentanvärde, 1 gång/tim resp 8 gånger/dygn",kod,1993-12-24T04:00:00Z,1993-12-24T05:00:00+01:00,756705600000,,22,22,Y,,corrected-archive-csv
162860,Luleå-Kallax Flygplats,13,Rådande väder,"momentanvärde, 1 gång/tim resp 8 gånger/dygn",kod,1993-12-24T05:00:00Z,1993-12-24T06:00:00+01:00,756709200000,,71,71,Y,,corrected-archive-csv
162860,Luleå-Kallax Flygplats,13,Rådande väder,"momentanvärde, 1 gång/tim resp 8 gånger/dygn",kod,1993-12-24T06:00:00Z,1993-12-24T07:00:00+01:00,756712800000,,22,22,G,,corrected-archive-csv
162860,Luleå-Kallax Flygplats,13,Rådande väder,"momentanvärde, 1 gång/tim resp 8 gånger/dygn",kod,1993-12-24T09:00:00Z,1993-12-24T10:00:00+01:00,756723600000,,0,0,G,,corrected-archive-csv
162860,Luleå-Kallax Flygplats,13,Rådande väder,"momentanvärde, 1 gång/tim resp 8 gånger/dygn",kod,1993-12-24T12:00:00Z,1993-12-24T13:00:00+01:00,756734400000,,0,0,G,,corrected-archive-csv
162860,Luleå-Kallax Flygplats,13,Rådande väder,"momentanvärde, 1 gång/tim resp 8 gånger/dygn",kod,1993-12-24T15:00:00Z,1993-12-24T16:00:00+01:00,756745200000,,0,0,G,,corrected-archive-csv
162860,Luleå-Kallax Flygplats,13,Rådande väder,"momentanvärde, 1 gång/tim resp 8 gånger/dygn",kod,1993-12-24T18:00:00Z,1993-12-24T19:00:00+01:00,756756000000,,10,10,G,,corrected-archive-csv
162860,Luleå-Kallax Flygplats,13,Rådande väder,"momentanvärde, 1 gång/tim resp 8 gånger/dygn",kod,1993-12-24T21:00:00Z,1993-12-24T22:00:00+01:00,756766800000,,0,0,G,,corrected-archive-csv
162860,Luleå-Kallax Flygplats,13,Rådande väder,"momentanvärde, 1 gång/tim resp 8 gånger/dygn",kod,1993-12-25T00:00:00Z,1993-12-25T01:00:00+01:00,756777600000,,0,0,G,,corrected-archive-csv
162860,Luleå-Kallax Flygplats,13,Rådande väder,"momentanvärde, 1 gång/tim resp 8 gånger/dygn",kod,1993-12-25T03:00:00Z,1993-12-25T04:00:00+01:00,756788400000,,71,71,G,,corrected-archive-csv
162860,Luleå-Kallax Flygplats,13,Rådande väder,"momentanvärde, 1 gång/tim resp 8 gånger/dygn",kod,1993-12-25T06:00:00Z,1993-12-25T07:00:00+01:00,756799200000,,71,71,G,,corrected-archive-csv
162860,Luleå-Kallax Flygplats,13,Rådande väder,"momentanvärde, 1 gång/tim resp 8 gånger/dygn",kod,1993-12-25T07:00:00Z,1993-12-25T08:00:00+01:00,756802800000,,22,22,Y,,corrected-archive-csv
162860,Luleå-Kallax Flygplats,13,Rådande väder,"momentanvärde, 1 gång/tim resp 8 gånger/dygn",kod,1993-12-25T08:00:00Z,1993-12-25T09:00:00+01:00,756806400000,,3,3,Y,,corrected-archive-csv
162860,Luleå-Kallax Flygplats,13,Rådande väder,"momentanvärde, 1 gång/tim resp 8 gånger/dygn",kod,1993-12-25T09:00:00Z,1993-12-25T10:00:00+01:00,756810000000,,1,1,G,,corrected-archive-csv
162860,Luleå-Kallax Flygplats,13,Rådande väder,"momentanvärde, 1 gång/tim resp 8 gånger/dygn",kod,1993-12-25T10:00:00Z,1993-12-25T11:00:00+01:00,756813600000,,1,1,Y,,corrected-archive-csv
162860,Luleå-Kallax Flygplats,13,Rådande väder,"momentanvärde, 1 gång/tim resp 8 gånger/dygn",kod,1993-12-25T11:00:00Z,1993-12-25T12:00:00+01:00,756817200000,,1,1,Y,,corrected-archive-csv
162860,Luleå-Kallax Flygplats,13,Rådande väder,"momentanvärde, 1 gång/tim resp 8 gånger/dygn",kod,1993-12-25T12:00:00Z,1993-12-25T13:00:00+01:00,756820800000,,71,71,G,,corrected-archive-csv
162860,Luleå-Kallax Flygplats,13,Rådande väder,"momentanvärde, 1 gång/tim resp 8 gånger/dygn",kod,1993-12-25T13:00:00Z,1993-12-25T14:00:00+01:00,756824400000,,1,1,Y,,corrected-archive-csv
162860,Luleå-Kallax Flygplats,13,Rådande väder,"momentanvärde, 1 gång/tim resp 8 gånger/dygn",kod,1993-12-25T15:00:00Z,1993-12-25T16:00:00+01:00,756831600000,,1,1,G,,corrected-archive-csv
162860,Luleå-Kallax Flygplats,13,Rådande väder,"momentanvärde, 1 gång/tim resp 8 gånger/dygn",kod,1993-12-25T18:00:00Z,1993-12-25T19:00:00+01:00,756842400000,,47,47,G,,corrected-archive-csv
162860,Luleå-Kallax Flygplats,13,Rådande väder,"momentanvärde, 1 gång/tim resp 8 gånger/dygn",kod,1993-12-25T21:00:00Z,1993-12-25T22:00:00+01:00,756853200000,,71,71,G,,corrected-archive-csv
162860,Luleå-Kallax Flygplats,13,Rådande väder,"momentanvärde, 1 gång/tim resp 8 gånger/dygn",kod,1993-12-26T00:00:00Z,1993-12-26T01:00:00+01:00,756864000000,,1,1,G,,corrected-archive-csv
162860,Luleå-Kallax Flygplats,13,Rådande väder,"momentanvärde, 1 gång/tim resp 8 gånger/dygn",kod,1993-12-26T03:00:00Z,1993-12-26T04:00:00+01:00,756874800000,,0,0,G,,corrected-archive-csv
162860,Luleå-Kallax Flygplats,13,Rådande väder,"momentanvärde, 1 gång/tim resp 8 gånger/dygn",kod,1993-12-26T06:00:00Z,1993-12-26T07:00:00+01:00,756885600000,,0,0,G,,corrected-archive-csv
162860,Luleå-Kallax Flygplats,13,Rådande väder,"momentanvärde, 1 gång/tim resp 8 gånger/dygn",kod,1993-12-26T09:00:00Z,1993-12-26T10:00:00+01:00,756896400000,,0,0,G,,corrected-archive-csv
162860,Luleå-Kallax Flygplats,13,Rådande väder,"momentanvärde, 1 gång/tim resp 8 gånger/dygn",kod,1993-12-26T12:00:00Z,1993-12-26T13:00:00+01:00,756907200000,,0,0,G,,corrected-archive-csv
162860,Luleå-Kallax Flygplats,13,Rådande väder,"momentanvärde, 1 gång/tim resp 8 gånger/dygn",kod,1993-12-26T15:00:00Z,1993-12-26T16:00:00+01:00,756918000000,,0,0,G,,corrected-archive-csv
162860,Luleå-Kallax Flygplats,13,Rådande väder,"momentanvärde, 1 gång/tim resp 8 gånger/dygn",kod,1993-12-26T18:00:00Z,1993-12-26T19:00:00+01:00,756928800000,,0,0,G,,corrected-archive-csv
162860,Luleå-Kallax Flygplats,13,Rådande väder,"momentanvärde, 1 gång/tim resp 8 gånger/dygn",kod,1993-12-26T21:00:00Z,1993-12-26T22:00:00+01:00,756939600000,,0,0,G,,corrected-archive-csv
162860,Luleå-Kallax Flygplats,13,Rådande väder,"momentanvärde, 1 gång/tim resp 8 gånger/dygn",kod,1993-12-27T00:00:00Z,1993-12-27T01:00:00+01:00,756950400000,,0,0,G,,corrected-archive-csv
162860,Luleå-Kallax Flygplats,13,Rådande väder,"momentanvärde, 1 gång/tim resp 8 gånger/dygn",kod,1993-12-27T03:00:00Z,1993-12-27T04:00:00+01:00,756961200000,,0,0,G,,corrected-archive-csv
162860,Luleå-Kallax Flygplats,13,Rådande väder,"momentanvärde, 1 gång/tim resp 8 gånger/dygn",kod,1993-12-27T06:00:00Z,1993-12-27T07:00:00+01:00,756972000000,,0,0,G,,corrected-archive-csv
162860,Luleå-Kallax Flygplats,13,Rådande väder,"momentanvärde, 1 gång/tim resp 8 gånger/dygn",kod,1993-12-27T09:00:00Z,1993-12-27T10:00:00+01:00,756982800000,,0,0,G,,corrected-archive-csv
162860,Luleå-Kallax Flygplats,13,Rådande väder,"momentanvärde, 1 gång/tim resp 8 gånger/dygn",kod,1993-12-27T12:00:00Z,1993-12-27T13:00:00+01:00,756993600000,,0,0,G,,corrected-archive-csv
162860,Luleå-Kallax Flygplats,13,Rådande väder,"momentanvärde, 1 gång/tim resp 8 gånger/dygn",kod,1993-12-27T15:00:00Z,1993-12-27T16:00:00+01:00,757004400000,,0,0,G,,corrected-archive-csv
162860,Luleå-Kallax Flygplats,13,Rådande väder,"momentanvärde, 1 gång/tim resp 8 gånger/dygn",kod,1993-12-27T18:00:00Z,1993-12-27T19:00:00+01:00,757015200000,,0,0,G,,corrected-archive-csv
162860,Luleå-Kallax Flygplats,13,Rådande väder,"momentanvärde, 1 gång/tim resp 8 gånger/dygn",kod,1993-12-27T21:00:00Z,1993-12-27T22:00:00+01:00,757026000000,,0,0,G,,corrected-archive-csv
162860,Luleå-Kallax Flygplats,13,Rådande väder,"momentanvärde, 1 gång/tim resp 8 gånger/dygn",kod,1993-12-28T00:00:00Z,1993-12-28T01:00:00+01:00,757036800000,,0,0,G,,corrected-archive-csv
162860,Luleå-Kallax Flygplats,13,Rådande väder,"momentanvärde, 1 gång/tim resp 8 gånger/dygn",kod,1993-12-28T03:00:00Z,1993-12-28T04:00:00+01:00,757047600000,,10,10,G,,corrected-archive-csv
162860,Luleå-Kallax Flygplats,13,Rådande väder,"momentanvärde, 1 gång/tim resp 8 gånger/dygn",kod,1993-12-28T04:00:00Z,1993-12-28T05:00:00+01:00,757051200000,,76,76,Y,,corrected-archive-csv
162860,Luleå-Kallax Flygplats,13,Rådande väder,"momentanvärde, 1 gång/tim resp 8 gånger/dygn",kod,1993-12-28T05:00:00Z,1993-12-28T06:00:00+01:00,757054800000,,40,40,Y,,corrected-archive-csv
162860,Luleå-Kallax Flygplats,13,Rådande väder,"momentanvärde, 1 gång/tim resp 8 gånger/dygn",kod,1993-12-28T06:00:00Z,1993-12-28T07:00:00+01:00,757058400000,,10,10,G,,corrected-archive-csv
162860,Luleå-Kallax Flygplats,13,Rådande väder,"momentanvärde, 1 gång/tim resp 8 gånger/dygn",kod,1993-12-28T07:00:00Z,1993-12-28T08:00:00+01:00,757062000000,,10,10,Y,,corrected-archive-csv
162860,Luleå-Kallax Flygplats,13,Rådande väder,"momentanvärde, 1 gång/tim resp 8 gånger/dygn",kod,1993-12-28T08:00:00Z,1993-12-28T09:00:00+01:00,757065600000,,10,10,Y,,corrected-archive-csv
162860,Luleå-Kallax Flygplats,13,Rådande väder,"momentanvärde, 1 gång/tim resp 8 gånger/dygn",kod,1993-12-28T09:00:00Z,1993-12-28T10:00:00+01:00,757069200000,,10,10,G,,corrected-archive-csv
162860,Luleå-Kallax Flygplats,13,Rådande väder,"momentanvärde, 1 gång/tim resp 8 gånger/dygn",kod,1993-12-28T10:00:00Z,1993-12-28T11:00:00+01:00,757072800000,,71,71,Y,,corrected-archive-csv
162860,Luleå-Kallax Flygplats,13,Rådande väder,"momentanvärde, 1 gång/tim resp 8 gånger/dygn",kod,1993-12-28T11:00:00Z,1993-12-28T12:00:00+01:00,757076400000,,71,71,Y,,corrected-archive-csv
162860,Luleå-Kallax Flygplats,13,Rådande väder,"momentanvärde, 1 gång/tim resp 8 gånger/dygn",kod,1993-12-28T12:00:00Z,1993-12-28T13:00:00+01:00,757080000000,,22,22,G,,corrected-archive-csv
162860,Luleå-Kallax Flygplats,13,Rådande väder,"momentanvärde, 1 gång/tim resp 8 gånger/dygn",kod,1993-12-28T13:00:00Z,1993-12-28T14:00:00+01:00,757083600000,,71,71,Y,,corrected-archive-csv
162860,Luleå-Kallax Flygplats,13,Rådande väder,"momentanvärde, 1 gång/tim resp 8 gånger/dygn",kod,1993-12-28T14:00:00Z,1993-12-28T15:00:00+01:00,757087200000,,71,71,Y,,corrected-archive-csv
162860,Luleå-Kallax Flygplats,13,Rådande väder,"momentanvärde, 1 gång/tim resp 8 gånger/dygn",kod,1993-12-28T15:00:00Z,1993-12-28T16:00:00+01:00,757090800000,,71,71,G,,corrected-archive-csv
162860,Luleå-Kallax Flygplats,13,Rådande väder,"momentanvärde, 1 gång/tim resp 8 gånger/dygn",kod,1993-12-28T16:00:00Z,1993-12-28T17:00:00+01:00,757094400000,,71,71,Y,,corrected-archive-csv
162860,Luleå-Kallax Flygplats,13,Rådande väder,"momentanvärde, 1 gång/tim resp 8 gånger/dygn",kod,1993-12-28T17:00:00Z,1993-12-28T18:00:00+01:00,757098000000,,71,71,Y,,corrected-archive-csv
162860,Luleå-Kallax Flygplats,13,Rådande väder,"momentanvärde, 1 gång/tim resp 8 gånger/dygn",kod,1993-12-28T18:00:00Z,1993-12-28T19:00:00+01:00,757101600000,,77,77,G,,corrected-archive-csv
162860,Luleå-Kallax Flygplats,13,Rådande väder,"momentanvärde, 1 gång/tim resp 8 gånger/dygn",kod,1993-12-28T19:00:00Z,1993-12-28T20:00:00+01:00,757105200000,,77,77,Y,,corrected-archive-csv
162860,Luleå-Kallax Flygplats,13,Rådande väder,"momentanvärde, 1 gång/tim resp 8 gånger/dygn",kod,1993-12-28T20:00:00Z,1993-12-28T21:00:00+01:00,757108800000,,77,77,Y,,corrected-archive-csv
162860,Luleå-Kallax Flygplats,13,Rådande väder,"momentanvärde, 1 gång/tim resp 8 gånger/dygn",kod,1993-12-28T21:00:00Z,1993-12-28T22:00:00+01:00,757112400000,,77,77,G,,corrected-archive-csv
162860,Luleå-Kallax Flygplats,13,Rådande väder,"momentanvärde, 1 gång/tim resp 8 gånger/dygn",kod,1993-12-28T22:00:00Z,1993-12-28T23:00:00+01:00,757116000000,,77,77,Y,,corrected-archive-csv
162860,Luleå-Kallax Flygplats,13,Rådande väder,"momentanvärde, 1 gång/tim resp 8 gånger/dygn",kod,1993-12-28T23:00:00Z,1993-12-29T00:00:00+01:00,757119600000,,77,77,Y,,corrected-archive-csv
162860,Luleå-Kallax Flygplats,13,Rådande väder,"momentanvärde, 1 gång/tim resp 8 gånger/dygn",kod,1993-12-29T00:00:00Z,1993-12-29T01:00:00+01:00,757123200000,,20,20,G,,corrected-archive-csv
162860,Luleå-Kallax Flygplats,13,Rådande väder,"momentanvärde, 1 gång/tim resp 8 gånger/dygn",kod,1993-12-29T01:00:00Z,1993-12-29T02:00:00+01:00,757126800000,,10,10,Y,,corrected-archive-csv
162860,Luleå-Kallax Flygplats,13,Rådande väder,"momentanvärde, 1 gång/tim resp 8 gånger/dygn",kod,1993-12-29T02:00:00Z,1993-12-29T03:00:00+01:00,757130400000,,40,40,Y,,corrected-archive-csv
162860,Luleå-Kallax Flygplats,13,Rådande väder,"momentanvärde, 1 gång/tim resp 8 gånger/dygn",kod,1993-12-29T03:00:00Z,1993-12-29T04:00:00+01:00,757134000000,,28,28,G,,corrected-archive-csv
162860,Luleå-Kallax Flygplats,13,Rådande väder,"momentanvärde, 1 gång/tim resp 8 gånger/dygn",kod,1993-12-29T04:00:00Z,1993-12-29T05:00:00+01:00,757137600000,,71,71,Y,,corrected-archive-csv
162860,Luleå-Kallax Flygplats,13,Rådande väder,"momentanvärde, 1 gång/tim resp 8 gånger/dygn",kod,1993-12-29T05:00:00Z,1993-12-29T06:00:00+01:00,757141200000,,71,71,Y,,corrected-archive-csv
162860,Luleå-Kallax Flygplats,13,Rådande väder,"momentanvärde, 1 gång/tim resp 8 gånger/dygn",kod,1993-12-29T06:00:00Z,1993-12-29T07:00:00+01:00,757144800000,,71,71,G,,corrected-archive-csv
162860,Luleå-Kallax Flygplats,13,Rådande väder,"momentanvärde, 1 gång/tim resp 8 gånger/dygn",kod,1993-12-29T07:00:00Z,1993-12-29T08:00:00+01:00,757148400000,,71,71,Y,,corrected-archive-csv
162860,Luleå-Kallax Flygplats,13,Rådande väder,"momentanvärde, 1 gång/tim resp 8 gånger/dygn",kod,1993-12-29T08:00:00Z,1993-12-29T09:00:00+01:00,757152000000,,71,71,Y,,corrected-archive-csv
162860,Luleå-Kallax Flygplats,13,Rådande väder,"momentanvärde, 1 gång/tim resp 8 gånger/dygn",kod,1993-12-29T09:00:00Z,1993-12-29T10:00:00+01:00,757155600000,,71,71,G,,corrected-archive-csv
162860,Luleå-Kallax Flygplats,13,Rådande väder,"momentanvärde, 1 gång/tim resp 8 gånger/dygn",kod,1993-12-29T10:00:00Z,1993-12-29T11:00:00+01:00,757159200000,,71,71,Y,,corrected-archive-csv
162860,Luleå-Kallax Flygplats,13,Rådande väder,"momentanvärde, 1 gång/tim resp 8 gånger/dygn",kod,1993-12-29T11:00:00Z,1993-12-29T12:00:00+01:00,757162800000,,71,71,Y,,corrected-archive-csv
162860,Luleå-Kallax Flygplats,13,Rådande väder,"momentanvärde, 1 gång/tim resp 8 gånger/dygn",kod,1993-12-29T12:00:00Z,1993-12-29T13:00:00+01:00,757166400000,,71,71,G,,corrected-archive-csv
162860,Luleå-Kallax Flygplats,13,Rådande väder,"momentanvärde, 1 gång/tim resp 8 gånger/dygn",kod,1993-12-29T13:00:00Z,1993-12-29T14:00:00+01:00,757170000000,,71,71,Y,,corrected-archive-csv
162860,Luleå-Kallax Flygplats,13,Rådande väder,"momentanvärde, 1 gång/tim resp 8 gånger/dygn",kod,1993-12-29T14:00:00Z,1993-12-29T15:00:00+01:00,757173600000,,71,71,Y,,corrected-archive-csv
162860,Luleå-Kallax Flygplats,13,Rådande väder,"momentanvärde, 1 gång/tim resp 8 gånger/dygn",kod,1993-12-29T15:00:00Z,1993-12-29T16:00:00+01:00,757177200000,,2,2,G,,corrected-archive-csv
162860,Luleå-Kallax Flygplats,13,Rådande väder,"momentanvärde, 1 gång/tim resp 8 gånger/dygn",kod,1993-12-29T16:00:00Z,1993-12-29T17:00:00+01:00,757180800000,,2,2,Y,,corrected-archive-csv
162860,Luleå-Kallax Flygplats,13,Rådande väder,"momentanvärde, 1 gång/tim resp 8 gånger/dygn",kod,1993-12-29T17:00:00Z,1993-12-29T18:00:00+01:00,757184400000,,77,77,Y,,corrected-archive-csv
162860,Luleå-Kallax Flygplats,13,Rådande väder,"momentanvärde, 1 gång/tim resp 8 gånger/dygn",kod,1993-12-29T18:00:00Z,1993-12-29T19:00:00+01:00,757188000000,,77,77,G,,corrected-archive-csv
162860,Luleå-Kallax Flygplats,13,Rådande väder,"momentanvärde, 1 gång/tim resp 8 gånger/dygn",kod,1993-12-29T19:00:00Z,1993-12-29T20:00:00+01:00,757191600000,,10,10,Y,,corrected-archive-csv
162860,Luleå-Kallax Flygplats,13,Rådande väder,"momentanvärde, 1 gång/tim resp 8 gånger/dygn",kod,1993-12-29T20:00:00Z,1993-12-29T21:00:00+01:00,757195200000,,77,77,Y,,corrected-archive-csv
162860,Luleå-Kallax Flygplats,13,Rådande väder,"momentanvärde, 1 gång/tim resp 8 gånger/dygn",kod,1993-12-29T21:00:00Z,1993-12-29T22:00:00+01:00,757198800000,,10,10,G,,corrected-archive-csv
162860,Luleå-Kallax Flygplats,13,Rådande väder,"momentanvärde, 1 gång/tim resp 8 gånger/dygn",kod,1993-12-29T22:00:00Z,1993-12-29T23:00:00+01:00,757202400000,,10,10,Y,,corrected-archive-csv
162860,Luleå-Kallax Flygplats,13,Rådande väder,"momentanvärde, 1 gång/tim resp 8 gånger/dygn",kod,1993-12-29T23:00:00Z,1993-12-30T00:00:00+01:00,757206000000,,10,10,Y,,corrected-archive-csv
162860,Luleå-Kallax Flygplats,13,Rådande väder,"momentanvärde, 1 gång/tim resp 8 gånger/dygn",kod,1993-12-30T00:00:00Z,1993-12-30T01:00:00+01:00,757209600000,,77,77,G,,corrected-archive-csv
162860,Luleå-Kallax Flygplats,13,Rådande väder,"momentanvärde, 1 gång/tim resp 8 gånger/dygn",kod,1993-12-30T01:00:00Z,1993-12-30T02:00:00+01:00,757213200000,,20,20,Y,,corrected-archive-csv
162860,Luleå-Kallax Flygplats,13,Rådande väder,"momentanvärde, 1 gång/tim resp 8 gånger/dygn",kod,1993-12-30T02:00:00Z,1993-12-30T03:00:00+01:00,757216800000,,66,66,Y,,corrected-archive-csv
162860,Luleå-Kallax Flygplats,13,Rådande väder,"momentanvärde, 1 gång/tim resp 8 gånger/dygn",kod,1993-12-30T03:00:00Z,1993-12-30T04:00:00+01:00,757220400000,,72,72,G,,corrected-archive-csv
162860,Luleå-Kallax Flygplats,13,Rådande väder,"momentanvärde, 1 gång/tim resp 8 gånger/dygn",kod,1993-12-30T04:00:00Z,1993-12-30T05:00:00+01:00,757224000000,,69,69,Y,,corrected-archive-csv
162860,Luleå-Kallax Flygplats,13,Rådande väder,"momentanvärde, 1 gång/tim resp 8 gånger/dygn",kod,1993-12-30T05:00:00Z,1993-12-30T06:00:00+01:00,757227600000,,69,69,Y,,corrected-archive-csv
162860,Luleå-Kallax Flygplats,13,Rådande väder,"momentanvärde, 1 gång/tim resp 8 gånger/dygn",kod,1993-12-30T06:00:00Z,1993-12-30T07:00:00+01:00,757231200000,,69,69,G,,corrected-archive-csv
162860,Luleå-Kallax Flygplats,13,Rådande väder,"momentanvärde, 1 gång/tim resp 8 gånger/dygn",kod,1993-12-30T07:00:00Z,1993-12-30T08:00:00+01:00,757234800000,,71,71,Y,,corrected-archive-csv
162860,Luleå-Kallax Flygplats,13,Rådande väder,"momentanvärde, 1 gång/tim resp 8 gånger/dygn",kod,1993-12-30T08:00:00Z,1993-12-30T09:00:00+01:00,757238400000,,71,71,Y,,corrected-archive-csv
162860,Luleå-Kallax Flygplats,13,Rådande väder,"momentanvärde, 1 gång/tim resp 8 gånger/dygn",kod,1993-12-30T09:00:00Z,1993-12-30T10:00:00+01:00,757242000000,,71,71,G,,corrected-archive-csv
162860,Luleå-Kallax Flygplats,13,Rådande väder,"momentanvärde, 1 gång/tim resp 8 gånger/dygn",kod,1993-12-30T10:00:00Z,1993-12-30T11:00:00+01:00,757245600000,,71,71,Y,,corrected-archive-csv
162860,Luleå-Kallax Flygplats,13,Rådande väder,"momentanvärde, 1 gång/tim resp 8 gånger/dygn",kod,1993-12-30T11:00:00Z,1993-12-30T12:00:00+01:00,757249200000,,71,71,Y,,corrected-archive-csv
162860,Luleå-Kallax Flygplats,13,Rådande väder,"momentanvärde, 1 gång/tim resp 8 gånger/dygn",kod,1993-12-30T12:00:00Z,1993-12-30T13:00:00+01:00,757252800000,,71,71,G,,corrected-archive-csv
162860,Luleå-Kallax Flygplats,13,Rådande väder,"momentanvärde, 1 gång/tim resp 8 gånger/dygn",kod,1993-12-30T13:00:00Z,1993-12-30T14:00:00+01:00,757256400000,,71,71,Y,,corrected-archive-csv
162860,Luleå-Kallax Flygplats,13,Rådande väder,"momentanvärde, 1 gång/tim resp 8 gånger/dygn",kod,1993-12-30T14:00:00Z,1993-12-30T15:00:00+01:00,757260000000,,2,2,Y,,corrected-archive-csv
162860,Luleå-Kallax Flygplats,13,Rådande väder,"momentanvärde, 1 gång/tim resp 8 gånger/dygn",kod,1993-12-30T15:00:00Z,1993-12-30T16:00:00+01:00,757263600000,,2,2,G,,corrected-archive-csv
162860,Luleå-Kallax Flygplats,13,Rådande väder,"momentanvärde, 1 gång/tim resp 8 gånger/dygn",kod,1993-12-30T16:00:00Z,1993-12-30T17:00:00+01:00,757267200000,,2,2,Y,,corrected-archive-csv
162860,Luleå-Kallax Flygplats,13,Rådande väder,"momentanvärde, 1 gång/tim resp 8 gånger/dygn",kod,1993-12-30T17:00:00Z,1993-12-30T18:00:00+01:00,757270800000,,2,2,Y,,corrected-archive-csv
162860,Luleå-Kallax Flygplats,13,Rådande väder,"momentanvärde, 1 gång/tim resp 8 gånger/dygn",kod,1993-12-30T18:00:00Z,1993-12-30T19:00:00+01:00,757274400000,,71,71,G,,corrected-archive-csv
162860,Luleå-Kallax Flygplats,13,Rådande väder,"momentanvärde, 1 gång/tim resp 8 gånger/dygn",kod,1993-12-30T19:00:00Z,1993-12-30T20:00:00+01:00,757278000000,,77,77,Y,,corrected-archive-csv
162860,Luleå-Kallax Flygplats,13,Rådande väder,"momentanvärde, 1 gång/tim resp 8 gånger/dygn",kod,1993-12-30T20:00:00Z,1993-12-30T21:00:00+01:00,757281600000,,53,53,Y,,corrected-archive-csv
162860,Luleå-Kallax Flygplats,13,Rådande väder,"momentanvärde, 1 gång/tim resp 8 gånger/dygn",kod,1993-12-30T21:00:00Z,1993-12-30T22:00:00+01:00,757285200000,,53,53,G,,corrected-archive-csv
162860,Luleå-Kallax Flygplats,13,Rådande väder,"momentanvärde, 1 gång/tim resp 8 gånger/dygn",kod,1993-12-30T22:00:00Z,1993-12-30T23:00:00+01:00,757288800000,,53,53,Y,,corrected-archive-csv
162860,Luleå-Kallax Flygplats,13,Rådande väder,"momentanvärde, 1 gång/tim resp 8 gånger/dygn",kod,1993-12-30T23:00:00Z,1993-12-31T00:00:00+01:00,757292400000,,53,53,Y,,corrected-archive-csv
162860,Luleå-Kallax Flygplats,13,Rådande väder,"momentanvärde, 1 gång/tim resp 8 gånger/dygn",kod,1993-12-31T00:00:00Z,1993-12-31T01:00:00+01:00,757296000000,,20,20,G,,corrected-archive-csv
162860,Luleå-Kallax Flygplats,13,Rådande väder,"momentanvärde, 1 gång/tim resp 8 gånger/dygn",kod,1993-12-31T01:00:00Z,1993-12-31T02:00:00+01:00,757299600000,,51,51,Y,,corrected-archive-csv
162860,Luleå-Kallax Flygplats,13,Rådande väder,"momentanvärde, 1 gång/tim resp 8 gånger/dygn",kod,1993-12-31T02:00:00Z,1993-12-31T03:00:00+01:00,757303200000,,53,53,Y,,corrected-archive-csv
162860,Luleå-Kallax Flygplats,13,Rådande väder,"momentanvärde, 1 gång/tim resp 8 gånger/dygn",kod,1993-12-31T03:00:00Z,1993-12-31T04:00:00+01:00,757306800000,,51,51,G,,corrected-archive-csv
162860,Luleå-Kallax Flygplats,13,Rådande väder,"momentanvärde, 1 gång/tim resp 8 gånger/dygn",kod,1993-12-31T04:00:00Z,1993-12-31T05:00:00+01:00,757310400000,,20,20,Y,,corrected-archive-csv
162860,Luleå-Kallax Flygplats,13,Rådande väder,"momentanvärde, 1 gång/tim resp 8 gånger/dygn",kod,1993-12-31T05:00:00Z,1993-12-31T06:00:00+01:00,757314000000,,2,2,Y,,corrected-archive-csv
162860,Luleå-Kallax Flygplats,13,Rådande väder,"momentanvärde, 1 gång/tim resp 8 gånger/dygn",kod,1993-12-31T06:00:00Z,1993-12-31T07:00:00+01:00,757317600000,,2,2,G,,corrected-archive-csv
162860,Luleå-Kallax Flygplats,13,Rådande väder,"momentanvärde, 1 gång/tim resp 8 gånger/dygn",kod,1993-12-31T09:00:00Z,1993-12-31T10:00:00+01:00,757328400000,,10,10,G,,corrected-archive-csv
162860,Luleå-Kallax Flygplats,13,Rådande väder,"momentanvärde, 1 gång/tim resp 8 gånger/dygn",kod,1993-12-31T10:00:00Z,1993-12-31T11:00:00+01:00,757332000000,,10,10,Y,,corrected-archive-csv
162860,Luleå-Kallax Flygplats,13,Rådande väder,"momentanvärde, 1 gång/tim resp 8 gånger/dygn",kod,1993-12-31T11:00:00Z,1993-12-31T12:00:00+01:00,757335600000,,68,68,Y,,corrected-archive-csv
162860,Luleå-Kallax Flygplats,13,Rådande väder,"momentanvärde, 1 gång/tim resp 8 gånger/dygn",kod,1993-12-31T12:00:00Z,1993-12-31T13:00:00+01:00,757339200000,,71,71,G,,corrected-archive-csv
162860,Luleå-Kallax Flygplats,13,Rådande väder,"momentanvärde, 1 gång/tim resp 8 gånger/dygn",kod,1993-12-31T13:00:00Z,1993-12-31T14:00:00+01:00,757342800000,,71,71,Y,,corrected-archive-csv
162860,Luleå-Kallax Flygplats,13,Rådande väder,"momentanvärde, 1 gång/tim resp 8 gånger/dygn",kod,1993-12-31T14:00:00Z,1993-12-31T15:00:00+01:00,757346400000,,71,71,Y,,corrected-archive-csv
162860,Luleå-Kallax Flygplats,13,Rådande väder,"momentanvärde, 1 gång/tim resp 8 gånger/dygn",kod,1993-12-31T15:00:00Z,1993-12-31T16:00:00+01:00,757350000000,,71,71,G,,corrected-archive-csv
162860,Luleå-Kallax Flygplats,13,Rådande väder,"momentanvärde, 1 gång/tim resp 8 gånger/dygn",kod,1993-12-31T18:00:00Z,1993-12-31T19:00:00+01:00,757360800000,,71,71,G,,corrected-archive-csv
162860,Luleå-Kallax Flygplats,13,Rådande väder,"momentanvärde, 1 gång/tim resp 8 gånger/dygn",kod,1993-12-31T21:00:00Z,1993-12-31T22:00:00+01:00,757371600000,,71,71,G,,corrected-archive-csv
