station_id,station_name,parameter_id,parameter_name,parameter_summary,unit,datetime_utc,datetime_local,from_ms,to_ms,value,value_numeric,quality,reference,source_period
162860,Luleå-Kallax Flygplats,12,Sikt,"momentanvärde, 1 gång/tim",meter,1954-01-01T00:00:00Z,1954-01-01T01:00:00+01:00,-504921600000,,40000,40000,Y,,corrected-archive-csv
162860,Luleå-Kallax Flygplats,12,Sikt,"momentanvärde, 1 gång/tim",meter,1954-01-01T03:00:00Z,1954-01-01T04:00:00+01:00,-504910800000,,40000,40000,Y,,corrected-archive-csv
162860,Luleå-Kallax Flygplats,12,Sikt,"momentanvärde, 1 gång/tim",meter,1954-01-01T06:00:00Z,1954-01-01T07:00:00+01:00,-504900000000,,40000,40000,Y,,corrected-archive-csv
162860,Luleå-Kallax Flygplats,12,Sikt,"momentanvärde, 1 gång/tim",meter,1954-01-01T09:00:00Z,1954-01-01T10:00:00+01:00,-504889200000,,40000,40000,Y,,corrected-archive-csv
162860,Luleå-Kallax Flygplats,12,Sikt,"momentanvärde, 1 gång/tim",meter,1954-01-01T12:00:00Z,1954-01-01T13:00:00+01:00,-504878400000,,40000,40000,Y,,corrected-archive-csv
162860,Luleå-Kallax Flygplats,12,Sikt,"momentanvärde, 1 gång/tim",meter,1954-01-01T15:00:00Z,1954-01-01T16:00:00+01:00,-504867600000,,40000,40000,Y,,corrected-archive-csv
162860,Luleå-Kallax Flygplats,12,Sikt,"momentanvärde, 1 gång/tim",meter,1954-01-01T18:00:00Z,1954-01-01T19:00:00+01:00,-504856800000,,40000,40000,Y,,corrected-archive-csv
162860,Luleå-Kallax Flygplats,12,Sikt,"momentanvärde, 1 gång/tim",meter,1954-01-01T21:00:00Z,1954-01-01T22:00:00+01:00,-504846000000,,40000,40000,Y,,corrected-archive-csv
162860,Luleå-Kallax Flygplats,12,Sikt,"momentanvärde, 1 gång/tim",meter,1954-01-02T00:00:00Z,1954-01-02T01:00:00+01:00,-504835200000,,40000,40000,Y,,corrected-archive-csv
162860,Luleå-Kallax Flygplats,12,Sikt,"momentanvärde, 1 gång/tim",meter,1954-01-02T03:00:00Z,1954-01-02T04:00:00+01:00,-504824400000,,40000,40000,Y,,corrected-archive-csv
162860,Luleå-Kallax Flygplats,12,Sikt,"momentanvärde, 1 gång/tim",meter,1954-01-02T06:00:00Z,1954-01-02T07:00:00+01:00,-504813600000,,40000,40000,Y,,corrected-archive-csv
162860,Luleå-Kallax Flygplats,12,Sikt,"momentanvärde, 1 gång/tim",meter,1954-01-02T09:00:00Z,1954-01-02T10:00:00+01:00,-504802800000,,40000,40000,Y,,corrected-archive-csv
162860,Luleå-Kallax Flygplats,12,Sikt,"momentanvärde, 1 gång/tim",meter,1954-01-02T12:00:00Z,1954-01-02T13:00:00+01:00,-504792000000,,10000,10000,Y,,corrected-archive-csv
162860,Luleå-Kallax Flygplats,12,Sikt,"momentanvärde, 1 gång/tim",meter,1954-01-02T15:00:00Z,1954-01-02T16:00:00+01:00,-504781200000,,1000,1000,Y,,corrected-archive-csv
162860,Luleå-Kallax Flygplats,12,Sikt,"momentanvärde, 1 gång/tim",meter,1954-01-02T18:00:00Z,1954-01-02T19:00:00+01:00,-504770400000,,1000,1000,Y,,corrected-archive-csv
162860,Luleå-Kallax Flygplats,12,Sikt,"momentanvärde, 1 gång/tim",meter,1954-01-02T21:00:00Z,1954-01-02T22:00:00+01:00,-504759600000,,1000,1000,Y,,corrected-archive-csv
162860,Luleå-Kallax Flygplats,12,Sikt,"momentanvärde, 1 gång/tim",meter,1954-01-03T00:00:00Z,1954-01-03T01:00:00+01:00,-504748800000,,16000,16000,Y,,corrected-archive-csv
162860,Luleå-Kallax Flygplats,12,Sikt,"momentanvärde, 1 gång/tim",meter,1954-01-03T03:00:00Z,1954-01-03T04:00:00+01:00,-504738000000,,16000,16000,Y,,corrected-archive-csv
162860,Luleå-Kallax Flygplats,12,Sikt,"momentanvärde, 1 gång/tim",meter,1954-01-03T06:00:00Z,1954-01-03T07:00:00+01:00,-504727200000,,16000,16000,Y,,corrected-archive-csv
162860,Luleå-Kallax Flygplats,12,Sikt,"momentanvärde, 1 gång/tim",meter,1954-01-03T09:00:00Z,1954-01-03T10:00:00+01:00,-504716400000,,16000,16000,Y,,corrected-archive-csv
162860,Luleå-Kallax Flygplats,12,Sikt,"momentanvärde, 1 gång/tim",meter,1954-01-03T12:00:00Z,1954-01-03T13:00:00+01:00,-504705600000,,16000,16000,Y,,corrected-archive-csv
162860,Luleå-Kallax Flygplats,12,Sikt,"momentanvärde, 1 gång/tim",meter,1954-01-03T15:00:00Z,1954-01-03T16:00:00+01:00,-504694800000,,20000,20000,Y,,corrected-archive-csv
162860,Luleå-Kallax Flygplats,12,Sikt,"momentanvärde, 1 gång/tim",meter,1954-01-03T18:00:00Z,1954-01-03T19:00:00+01:00,-504684000000,,40000,40000,Y,,corrected-archive-csv
162860,Luleå-Kallax Flygplats,12,Sikt,"momentanvärde, 1 gång/tim",meter,1954-01-03T21:00:00Z,1954-01-03T22:00:00+01:00,-504673200000,,40000,40000,Y,,corrected-archive-csv
162860,Luleå-Kallax Flygplats,12,Sikt,"momentanvärde, 1 gång/tim",meter,1954-01-04T00:00:00Z,1954-01-04T01:00:00+01:00,-504662400000,,40000,40000,Y,,corrected-archive-csv
162860,Luleå-Kallax Flygplats,12,Sikt,"momentanvärde, 1 gång/tim",meter,1954-01-04T03:00:00Z,1954-01-04T04:00:00+01:00,-504651600000,,40000,40000,Y,,corrected-archive-csv
162860,Luleå-Kallax Flygplats,12,Sikt,"momentanvärde, 1 gång/tim",meter,1954-01-04T06:00:00Z,1954-01-04T07:00:00+01:00,-504640800000,,40000,40000,Y,,corrected-archive-csv
162860,Luleå-Kallax Flygplats,12,Sikt,"momentanvärde, 1 gång/tim",meter,1954-01-04T09:00:00Z,1954-01-04T10:00:00+01:00,-504630000000,,40000,40000,Y,,corrected-archive-csv
162860,Luleå-Kallax Flygplats,12,Sikt,"momentanvärde, 1 gång/tim",meter,1954-01-04T12:00:00Z,1954-01-04T13:00:00+01:00,-504619200000,,40000,40000,Y,,corrected-archive-csv
162860,Luleå-Kallax Flygplats,12,Sikt,"momentanvärde, 1 gång/tim",meter,1954-01-04T15:00:00Z,1954-01-04T16:00:00+01:00,-504608400000,,40000,40000,Y,,corrected-archive-csv
162860,Luleå-Kallax Flygplats,12,Sikt,"momentanvärde, 1 gång/tim",meter,1954-01-04T18:00:00Z,1954-01-04T19:00:00+01:00,-504597600000,,40000,40000,Y,,corrected-archive-csv
162860,Luleå-Kallax Flygplats,12,Sikt,"momentanvärde, 1 gång/tim",meter,1954-01-04T21:00:00Z,1954-01-04T22:00:00+01:00,-504586800000,,40000,40000,Y,,corrected-archive-csv
162860,Luleå-Kallax Flygplats,12,Sikt,"momentanvärde, 1 gång/tim",meter,1954-01-05T00:00:00Z,1954-01-05T01:00:00+01:00,-504576000000,,40000,40000,Y,,corrected-archive-csv
162860,Luleå-Kallax Flygplats,12,Sikt,"momentanvärde, 1 gång/tim",meter,1954-01-05T03:00:00Z,1954-01-05T04:00:00+01:00,-504565200000,,40000,40000,Y,,corrected-archive-csv
162860,Luleå-Kallax Flygplats,12,Sikt,"momentanvärde, 1 gång/tim",meter,1954-01-05T06:00:00Z,1954-01-05T07:00:00+01:00,-504554400000,,40000,40000,Y,,corrected-archive-csv
162860,Luleå-Kallax Flygplats,12,Sikt,"momentanvärde, 1 gång/tim",meter,1954-01-05T09:00:00Z,1954-01-05T10:00:00+01:00,-504543600000,,40000,40000,Y,,corrected-archive-csv
162860,Luleå-Kallax Flygplats,12,Sikt,"momentanvärde, 1 gång/tim",meter,1954-01-05T12:00:00Z,1954-01-05T13:00:00+01:00,-504532800000,,40000,40000,Y,,corrected-archive-csv
162860,Luleå-Kallax Flygplats,12,Sikt,"momentanvärde, 1 gång/tim",meter,1954-01-05T15:00:00Z,1954-01-05T16:00:00+01:00,-504522000000,,40000,40000,Y,,corrected-archive-csv
162860,Luleå-Kallax Flygplats,12,Sikt,"momentanvärde, 1 gång/tim",meter,1954-01-05T18:00:00Z,1954-01-05T19:00:00+01:00,-504511200000,,40000,40000,Y,,corrected-archive-csv
162860,Luleå-Kallax Flygplats,12,Sikt,"momentanvärde, 1 gång/tim",meter,1954-01-05T21:00:00Z,1954-01-05T22:00:00+01:00,-504500400000,,40000,40000,Y,,corrected-archive-csv
162860,Luleå-Kallax Flygplats,12,Sikt,"momentanvärde, 1 gång/tim",meter,1954-01-06T00:00:00Z,1954-01-06T01:00:00+01:00,-504489600000,,40000,40000,Y,,corrected-archive-csv
162860,Luleå-Kallax Flygplats,12,Sikt,"momentanvärde, 1 gång/tim",meter,1954-01-06T03:00:00Z,1954-01-06T04:00:00+01:00,-504478800000,,40000,40000,Y,,corrected-archive-csv
162860,Luleå-Kallax Flygplats,12,Sikt,"momentanvärde, 1 gång/tim",meter,1954-01-06T06:00:00Z,1954-01-06T07:00:00+01:00,-504468000000,,40000,40000,Y,,corrected-archive-csv
162860,Luleå-Kallax Flygplats,12,Sikt,"momentanvärde, 1 gång/tim",meter,1954-01-06T09:00:00Z,1954-01-06T10:00:00+01:00,-504457200000,,40000,40000,Y,,corrected-archive-csv
162860,Luleå-Kallax Flygplats,12,Sikt,"momentanvärde, 1 gång/tim",meter,1954-01-06T12:00:00Z,1954-01-06T13:00:00+01:00,-504446400000,,40000,40000,Y,,corrected-archive-csv
162860,Luleå-Kallax Flygplats,12,Sikt,"momentanvärde, 1 gång/tim",meter,1954-01-06T15:00:00Z,1954-01-06T16:00:00+01:00,-504435600000,,40000,40000,Y,,corrected-archive-csv
162860,Luleå-Kallax Flygplats,12,Sikt,"momentanvärde, 1 gång/tim",meter,1954-01-06T18:00:00Z,1954-01-06T19:00:00+01:00,-504424800000,,40000,40000,Y,,corrected-archive-csv
162860,Luleå-Kallax Flygplats,12,Sikt,"momentanvärde, 1 gång/tim",meter,1954-01-06T21:00:00Z,1954-01-06T22:00:00+01:00,-504414000000,,40000,40000,Y,,corrected-archive-csv
162860,Luleå-Kallax Flygplats,12,Sikt,"momentanvärde, 1 gång/tim",meter,1954-01-07T00:00:00Z,1954-01-07T01:00:00+01:00,-504403200000,,40000,40000,Y,,corrected-archive-csv
162860,Luleå-Kallax Flygplats,12,Sikt,"momentanvärde, 1 gång/tim",meter,1954-01-07T03:00:00Z,1954-01-07T04:00:00+01:00,-504392400000,,40000,40000,Y,,corrected-archive-csv
162860,Luleå-Kallax Flygplats,12,Sikt,"momentanvärde, 1 gång/tim",meter,1954-01-07T06:00:00Z,1954-01-07T07:00:00+01:00,-504381600000,,40000,40000,Y,,corrected-archive-csv
162860,Luleå-Kallax Flygplats,12,Sikt,"momentanvärde, 1 gång/tim",meter,1954-01-07T09:00:00Z,1954-01-07T10:00:00+01:00,-504370800000,,40000,40000,Y,,corrected-archive-csv
162860,Luleå-Kallax Flygplats,12,Sikt,"momentanvärde, 1 gång/tim",meter,1954-01-07T12:00:00Z,1954-01-07T13:00:00+01:00,-504360000000,,40000,40000,Y,,corrected-archive-csv
162860,Luleå-Kallax Flygplats,12,Sikt,"momentanvärde, 1 gång/tim",meter,1954-01-07T15:00:00Z,1954-01-07T16:00:00+01:00,-504349200000,,40000,40000,Y,,corrected-archive-csv
162860,Luleå-Kallax Flygplats,12,Sikt,"momentanvärde, 1 gång/tim",meter,1954-01-07T18:00:00Z,1954-01-07T19:00:00+01:00,-504338400000,,40000,40000,Y,,corrected-archive-csv
162860,Luleå-Kallax Flygplats,12,Sikt,"momentanvärde, 1 gång/tim",meter,1954-01-07T21:00:00Z,1954-01-07T22:00:00+01:00,-504327600000,,40000,40000,Y,,corrected-archive-csv
162860,Luleå-Kallax Flygplats,12,Sikt,"momentanvärde, 1 gång/tim",meter,1954-01-08T00:00:00Z,1954-01-08T01:00:00+01:00,-504316800000,,40000,40000,Y,,corrected-archive-csv
162860,Luleå-Kallax Flygplats,12,Sikt,"momentanvärde, 1 gång/tim",meter,1954-01-08T03:00:00Z,1954-01-08T04:00:00+01:00,-504306000000,,40000,40000,Y,,corrected-archive-csv
162860,Luleå-Kallax Flygplats,12,Sikt,"momentanvärde, 1 gång/tim",meter,1954-01-08T06:00:00Z,1954-01-08T07:00:00+01:00,-504295200000,,40000,40000,Y,,corrected-archive-csv
162860,Luleå-Kallax Flygplats,12,Sikt,"momentanvärde, 1 gång/tim",meter,1954-01-08T09:00:00Z,1954-01-08T10:00:00+01:00,-504284400000,,40000,40000,Y,,corrected-archive-csv
162860,Luleå-Kallax Flygplats,12,Sikt,"momentanvärde, 1 gång/tim",meter,1954-01-08T12:00:00Z,1954-01-08T13:00:00+01:00,-504273600000,,40000,40000,Y,,corrected-archive-csv
162860,Luleå-Kallax Flygplats,12,Sikt,"momentanvärde, 1 gång/tim",meter,1954-01-08T15:00:00Z,1954-01-08T16:00:00+01:00,-504262800000,,40000,40000,Y,,corrected-archive-csv
162860,Luleå-Kallax Flygplats,12,Sikt,"momentanvärde, 1 gång/tim",meter,1954-01-08T18:00:00Z,1954-01-08T19:00:00+01:00,-504252000000,,40000,40000,Y,,corrected-archive-csv
162860,Luleå-Kallax Flygplats,12,Sikt,"momentanvärde, 1 gång/tim",meter,1954-01-08T21:00:00Z,1954-01-08T22:00:00+01:00,-504241200000,,40000,40000,Y,,corrected-archive-csv
162860,Luleå-Kallax Flygplats,12,Sikt,"momentanvärde, 1 gång/tim",meter,1954-01-09T00:00:00Z,1954-01-09T01:00:00+01:00,-504230400000,,40000,40000,Y,,corrected-archive-csv
162860,Luleå-Kallax Flygplats,12,Sikt,"momentanvärde, 1 gång/tim",meter,1954-01-09T03:00:00Z,1954-01-09T04:00:00+01:00,-504219600000,,40000,40000,Y,,corrected-archive-csv
162860,Luleå-Kallax Flygplats,12,Sikt,"momentanvärde, 1 gång/tim",meter,1954-01-09T06:00:00Z,1954-01-09T07:00:00+01:00,-504208800000,,40000,40000,Y,,corrected-archive-csv
162860,Luleå-Kallax Flygplats,12,Sikt,"momentanvärde, 1 gång/tim",meter,1954-01-09T09:00:00Z,1954-01-09T10:00:00+01:00,-504198000000,,40000,40000,Y,,corrected-archive-csv
162860,Luleå-Kallax Flygplats,12,Sikt,"momentanvärde, 1 gång/tim",meter,1954-01-09T12:00:00Z,1954-01-09T13:00:00+01:00,-504187200000,,40000,40000,Y,,corrected-archive-csv
162860,Luleå-Kallax Flygplats,12,Sikt,"momentanvärde, 1 gång/tim",meter,1954-01-09T15:00:00Z,1954-01-09T16:00:00+01:00,-504176400000,,40000,40000,Y,,corrected-archive-csv
162860,Luleå-Kallax Flygplats,12,Sikt,"momentanvärde, 1 gång/tim",meter,1954-01-09T18:00:00Z,1954-01-09T19:00:00+01:00,-504165600000,,40000,40000,Y,,corrected-archive-csv
162860,Luleå-Kallax Flygplats,12,Sikt,"momentanvärde, 1 gång/tim",meter,1954-01-09T21:00:00Z,1954-01-09T22:00:00+01:00,-504154800000,,40000,40000,Y,,corrected-archive-csv
162860,Luleå-Kallax Flygplats,12,Sikt,"momentanvärde, 1 gång/tim",meter,1954-01-10T00:00:00Z,1954-01-10T01:00:00+01:00,-504144000000,,40000,40000,Y,,corrected-archive-csv
162860,Luleå-Kallax Flygplats,12,Sikt,"momentanvärde, 1 gång/tim",meter,1954-01-10T03:00:00Z,1954-01-10T04:00:00+01:00,-504133200000,,40000,40000,Y,,corrected-archive-csv
162860,Luleå-Kallax Flygplats,12,Sikt,"momentanvärde, 1 gång/tim",meter,1954-01-10T06:00:00Z,1954-01-10T07:00:00+01:00,-504122400000,,40000,40000,Y,,corrected-archive-csv
162860,Luleå-Kallax Flygplats,12,Sikt,"momentanvärde, 1 gång/tim",meter,1954-01-10T09:00:00Z,1954-01-10T10:00:00+01:00,-504111600000,,16000,16000,Y,,corrected-archive-csv
162860,Luleå-Kallax Flygplats,12,Sikt,"momentanvärde, 1 gång/tim",meter,1954-01-10T12:00:00Z,1954-01-10T13:00:00+01:00,-504100800000,,4000,4000,Y,,corrected-archive-csv
162860,Luleå-Kallax Flygplats,12,Sikt,"momentanvärde, 1 gång/tim",meter,1954-01-10T15:00:00Z,1954-01-10T16:00:00+01:00,-504090000000,,5000,5000,Y,,corrected-archive-csv
162860,Luleå-Kallax Flygplats,12,Sikt,"momentanvärde, 1 gång/tim",meter,1954-01-10T18:00:00Z,1954-01-10T19:00:00+01:00,-504079200000,,5000,5000,Y,,corrected-archive-csv
162860,Luleå-Kallax Flygplats,12,Sikt,"momentanvärde, 1 gång/tim",meter,1954-01-10T21:00:00Z,1954-01-10T22:00:00+01:00,-504068400000,,8000,8000,Y,,corrected-archive-csv
162860,Luleå-Kallax Flygplats,12,Sikt,"momentanvärde, 1 gång/tim",meter,1954-01-11T00:00:00Z,1954-01-11T01:00:00+01:00,-504057600000,,16000,16000,Y,,corrected-archive-csv
162860,Luleå-Kallax Flygplats,12,Sikt,"momentanvärde, 1 gång/tim",meter,1954-01-11T03:00:00Z,1954-01-11T04:00:00+01:00,-504046800000,,20000,20000,Y,,corrected-archive-csv
162860,Luleå-Kallax Flygplats,12,Sikt,"momentanvärde, 1 gång/tim",meter,1954-01-11T06:00:00Z,1954-01-11T07:00:00+01:00,-504036000000,,20000,20000,Y,,corrected-archive-csv
162860,Luleå-Kallax Flygplats,12,Sikt,"momentanvärde, 1 gång/tim",meter,1954-01-11T09:00:00Z,1954-01-11T10:00:00+01:00,-504025200000,,20000,20000,Y,,corrected-archive-csv
162860,Luleå-Kallax Flygplats,12,Sikt,"momentanvärde, 1 gång/tim",meter,1954-01-11T12:00:00Z,1954-01-11T13:00:00+01:00,-504014400000,,20000,20000,Y,,corrected-archive-csv
162860,Luleå-Kallax Flygplats,12,Sikt,"momentanvärde, 1 gång/tim",meter,1954-01-11T15:00:00Z,1954-01-11T16:00:00+01:00,-504003600000,,20000,20000,Y,,corrected-archive-csv
162860,Luleå-Kallax Flygplats,12,Sikt,"momentanvärde, 1 gång/tim",meter,1954-01-11T18:00:00Z,1954-01-11T19:00:00+01:00,-503992800000,,20000,20000,Y,,corrected-archive-csv
162860,Luleå-Kallax Flygplats,12,Sikt,"momentanvärde, 1 gång/tim",meter,1954-01-11T21:00:00Z,1954-01-11T22:00:00+01:00,-503982000000,,20000,20000,Y,,corrected-archive-csv
162860,Luleå-Kallax Flygplats,12,Sikt,"momentanvärde, 1 gång/tim",meter,1954-01-12T00:00:00Z,1954-01-12T01:00:00+01:00,-503971200000,,20000,20000,Y,,corrected-archive-csv
162860,Luleå-Kallax Flygplats,12,Sikt,"momentanvärde, 1 gång/tim",meter,1954-01-12T03:00:00Z,1954-01-12T04:00:00+01:00,-503960400000,,1000,1000,Y,,corrected-archive-csv
162860,Luleå-Kallax Flygplats,12,Sikt,"momentanvärde, 1 gång/tim",meter,1954-01-12T06:00:00Z,1954-01-12T07:00:00+01:00,-503949600000,,10000,10000,Y,,corrected-archive-csv
162860,Luleå-Kallax Flygplats,12,Sikt,"momentanvärde, 1 gång/tim",meter,1954-01-12T09:00:00Z,1954-01-12T10:00:00+01:00,-503938800000,,16000,16000,Y,,corrected-archive-csv
162860,Luleå-Kallax Flygplats,12,Sikt,"momentanvärde, 1 gång/tim",meter,1954-01-12T12:00:00Z,1954-01-12T13:00:00+01:00,-503928000000,,40000,40000,Y,,corrected-archive-csv
162860,Luleå-Kallax Flygplats,12,Sikt,"momentanvärde, 1 gång/tim",meter,1954-01-12T15:00:00Z,1954-01-12T16:00:00+01:00,-503917200000,,40000,40000,Y,,corrected-archive-csv
162860,Luleå-Kallax Flygplats,12,Sikt,"momentanvärde, 1 gång/tim",meter,1954-01-12T18:00:00Z,1954-01-12T19:00:00+01:00,-503906400000,,40000,40000,Y,,corrected-archive-csv
162860,Luleå-Kallax Flygplats,12,Sikt,"momentanvärde, 1 gång/tim",meter,1954-01-12T21:00:00Z,1954-01-12T22:00:00+01:00,-503895600000,,40000,40000,Y,,corrected-archive-csv
162860,Luleå-Kallax Flygplats,12,Sikt,"momentanvärde, 1 gång/tim",meter,1954-01-13T00:00:00Z,1954-01-13T01:00:00+01:00,-503884800000,,40000,40000,Y,,corrected-archive-csv
162860,Luleå-Kallax Flygplats,12,Sikt,"momentanvärde, 1 gång/tim",meter,1954-01-13T03:00:00Z,1954-01-13T04:00:00+01:00,-503874000000,,40000,40000,Y,,corrected-archive-csv
162860,Luleå-Kallax Flygplats,12,Sikt,"momentanvärde, 1 gång/tim",meter,1954-01-13T06:00:00Z,1954-01-13T07:00:00+01:00,-503863200000,,40000,40000,Y,,corrected-archive-csv
162860,Luleå-Kallax Flygplats,12,Sikt,"momentanvärde, 1 gång/tim",meter,1954-01-13T09:00:00Z,1954-01-13T10:00:00+01:00,-503852400000,,40000,40000,Y,,corrected-archive-csv
162860,Luleå-Kallax Flygplats,12,Sikt,"momentanvärde, 1 gång/tim",meter,1954-01-13T12:00:00Z,1954-01-13T13:00:00+01:00,-503841600000,,40000,40000,Y,,corrected-archive-csv
162860,Luleå-Kallax Flygplats,12,Sikt,"momentanvärde, 1 gång/tim",meter,1954-01-13T15:00:00Z,1954-01-13T16:00:00+01:00,-503830800000,,1400,1400,Y,,corrected-archive-csv
162860,Luleå-Kallax Flygplats,12,Sikt,"momentanvärde, 1 gång/tim",meter,1954-01-13T18:00:00Z,1954-01-13T19:00:00+01:00,-503820000000,,9000,9000,Y,,corrected-archive-csv
162860,Luleå-Kallax Flygplats,12,Sikt,"momentanvärde, 1 gång/tim",meter,1954-01-13T21:00:00Z,1954-01-13T22:00:00+01:00,-503809200000,,20000,20000,Y,,corrected-archive-csv
162860,Luleå-Kallax Flygplats,12,Sikt,"momentanvärde, 1 gång/tim",meter,1954-01-14T00:00:00Z,1954-01-14T01:00:00+01:00,-503798400000,,20000,20000,Y,,corrected-archive-csv
162860,Luleå-Kallax Flygplats,12,Sikt,"momentanvärde, 1 gång/tim",meter,1954-01-14T03:00:00Z,1954-01-14T04:00:00+01:00,-503787600000,,20000,20000,Y,,corrected-archive-csv
162860,Luleå-Kallax Flygplats,12,Sikt,"momentanvärde, 1 gång/tim",meter,1954-01-14T06:00:00Z,1954-01-14T07:00:00+01:00,-503776800000,,20000,20000,Y,,corrected-archive-csv
162860,Luleå-Kallax Flygplats,12,Sikt,"momentanvärde, 1 gång/tim",meter,1954-01-14T09:00:00Z,1954-01-14T10:00:00+01:00,-503766000000,,2000,2000,Y,,corrected-archive-csv
162860,Luleå-Kallax Flygplats,12,Sikt,"momentanvärde, 1 gång/tim",meter,1954-01-14T12:00:00Z,1954-01-14T13:00:00+01:00,-503755200000,,20000,20000,Y,,corrected-archive-csv
162860,Luleå-Kallax Flygplats,12,Sikt,"momentanvärde, 1 gång/tim",meter,1954-01-14T15:00:00Z,1954-01-14T16:00:00+01:00,-503744400000,,7000,7000,Y,,corrected-archive-csv
162860,Luleå-Kallax Flygplats,12,Sikt,"momentanvärde, 1 gång/tim",meter,1954-01-14T18:00:00Z,1954-01-14T19:00:00+01:00,-503733600000,,6000,6000,Y,,corrected-archive-csv
162860,Luleå-Kallax Flygplats,12,Sikt,"momentanvärde, 1 gång/tim",meter,1954-01-14T21:00:00Z,1954-01-14T22:00:00+01:00,-503722800000,,6000,6000,Y,,corrected-archive-csv
162860,Luleå-Kallax Flygplats,12,Sikt,"momentanvärde, 1 gång/tim",meter,1954-01-15T00:00:00Z,1954-01-15T01:00:00+01:00,-503712000000,,6000,6000,Y,,corrected-archive-csv
162860,Luleå-Kallax Flygplats,12,Sikt,"momentanvärde, 1 gång/tim",meter,1954-01-15T03:00:00Z,1954-01-15T04:00:00+01:00,-503701200000,,8000,8000,Y,,corrected-archive-csv
162860,Luleå-Kallax Flygplats,12,Sikt,"momentanvärde, 1 gång/tim",meter,1954-01-15T06:00:00Z,1954-01-15T07:00:00+01:00,-503690400000,,16000,16000,Y,,corrected-archive-csv
162860,Luleå-Kallax Flygplats,12,Sikt,"momentanvärde, 1 gång/tim",meter,1954-01-15T09:00:00Z,1954-01-15T10:00:00+01:00,-503679600000,,5000,5000,Y,,corrected-archive-csv
162860,Luleå-Kallax Flygplats,12,Sikt,"momentanvärde, 1 gång/tim",meter,1954-01-15T12:00:00Z,1954-01-15T13:00:00+01:00,-503668800000,,3000,3000,Y,,corrected-archive-csv
162860,Luleå-Kallax Flygplats,12,Sikt,"momentanvärde, 1 gång/tim",meter,1954-01-15T15:00:00Z,1954-01-15T16:00:00+01:00,-503658000000,,5000,5000,Y,,corrected-archive-csv
162860,Luleå-Kallax Flygplats,12,Sikt,"momentanvärde, 1 gång/tim",meter,1954-01-15T18:00:00Z,1954-01-15T19:00:00+01:00,-503647200000,,2000,2000,Y,,corrected-archive-csv
162860,Luleå-Kallax Flygplats,12,Sikt,"momentanvärde, 1 gång/tim",meter,1954-01-15T21:00:00Z,1954-01-15T22:00:00+01:00,-503636400000,,7000,7000,Y,,corrected-archive-csv
162860,Luleå-Kallax Flygplats,12,Sikt,"momentanvärde, 1 gång/tim",meter,1954-01-16T00:00:00Z,1954-01-16T01:00:00+01:00,-503625600000,,16000,16000,Y,,corrected-archive-csv
162860,Luleå-Kallax Flygplats,12,Sikt,"momentanvärde, 1 gång/tim",meter,1954-01-16T03:00:00Z,1954-01-16T04:00:00+01:00,-503614800000,,5000,5000,Y,,corrected-archive-csv
162860,Luleå-Kallax Flygplats,12,Sikt,"momentanvärde, 1 gång/tim",meter,1954-01-16T06:00:00Z,1954-01-16T07:00:00+01:00,-503604000000,,16000,16000,Y,,corrected-archive-csv
162860,Luleå-Kallax Flygplats,12,Sikt,"momentanvärde, 1 gång/tim",meter,1954-01-16T09:00:00Z,1954-01-16T10:00:00+01:00,-503593200000,,800,800,Y,,corrected-archive-csv
162860,Luleå-Kallax Flygplats,12,Sikt,"momentanvärde, 1 gång/tim",meter,1954-01-16T12:00:00Z,1954-01-16T13:00:00+01:00,-503582400000,,6000,6000,Y,,corrected-archive-csv
162860,Luleå-Kallax Flygplats,12,Sikt,"momentanvärde, 1 gång/tim",meter,1954-01-16T15:00:00Z,1954-01-16T16:00:00+01:00,-503571600000,,1000,1000,Y,,corrected-archive-csv
162860,Luleå-Kallax Flygplats,12,Sikt,"momentanvärde, 1 gång/tim",meter,1954-01-16T18:00:00Z,1954-01-16T19:00:00+01:00,-503560800000,,6000,6000,Y,,corrected-archive-csv
162860,Luleå-Kallax Flygplats,12,Sikt,"momentanvärde, 1 gång/tim",meter,1954-01-16T21:00:00Z,1954-01-16T22:00:00+01:00,-503550000000,,5000,5000,Y,,corrected-archive-csv
162860,Luleå-Kallax Flygplats,12,Sikt,"momentanvärde, 1 gång/tim",meter,1954-01-17T00:00:00Z,1954-01-17T01:00:00+01:00,-503539200000,,7000,7000,Y,,corrected-archive-csv
162860,Luleå-Kallax Flygplats,12,Sikt,"momentanvärde, 1 gång/tim",meter,1954-01-17T03:00:00Z,1954-01-17T04:00:00+01:00,-503528400000,,6000,6000,Y,,corrected-archive-csv
162860,Luleå-Kallax Flygplats,12,Sikt,"momentanvärde, 1 gång/tim",meter,1954-01-17T06:00:00Z,1954-01-17T07:00:00+01:00,-503517600000,,7000,7000,Y,,corrected-archive-csv
162860,Luleå-Kallax Flygplats,12,Sikt,"momentanvärde, 1 gång/tim",meter,1954-01-17T09:00:00Z,1954-01-17T10:00:00+01:00,-503506800000,,16000,16000,Y,,corrected-archive-csv
162860,Luleå-Kallax Flygplats,12,Sikt,"momentanvärde, 1 gång/tim",meter,1954-01-17T12:00:00Z,1954-01-17T13:00:00+01:00,-503496000000,,16000,16000,Y,,corrected-archive-csv
162860,Luleå-Kallax Flygplats,12,Sikt,"momentanvärde, 1 gång/tim",meter,1954-01-17T15:00:00Z,1954-01-17T16:00:00+01:00,-503485200000,,20000,20000,Y,,corrected-archive-csv
162860,Luleå-Kallax Flygplats,12,Sikt,"momentanvärde, 1 gång/tim",meter,1954-01-17T18:00:00Z,1954-01-17T19:00:00+01:00,-503474400000,,16000,16000,Y,,corrected-archive-csv
162860,Luleå-Kallax Flygplats,12,Sikt,"momentanvärde, 1 gång/tim",meter,1954-01-17T21:00:00Z,1954-01-17T22:00:00+01:00,-503463600000,,20000,20000,Y,,corrected-archive-csv
162860,Luleå-Kallax Flygplats,12,Sikt,"momentanvärde, 1 gång/tim",meter,1954-01-18T00:00:00Z,1954-01-18T01:00:00+01:00,-503452800000,,40000,40000,Y,,corrected-archive-csv
162860,Luleå-Kallax Flygplats,12,Sikt,"momentanvärde, 1 gång/tim",meter,1954-01-18T03:00:00Z,1954-01-18T04:00:00+01:00,-503442000000,,40000,40000,Y,,corrected-archive-csv
162860,Luleå-Kallax Flygplats,12,Sikt,"momentanvärde, 1 gång/tim",meter,1954-01-18T06:00:00Z,1954-01-18T07:00:00+01:00,-503431200000,,40000,40000,Y,,corrected-archive-csv
162860,Luleå-Kallax Flygplats,12,Sikt,"momentanvärde, 1 gång/tim",meter,1954-01-18T09:00:00Z,1954-01-18T10:00:00+01:00,-503420400000,,40000,40000,Y,,corrected-archive-csv
162860,Luleå-Kallax Flygplats,12,Sikt,"momentanvärde, 1 gång/tim",meter,1954-01-18T12:00:00Z,1954-01-18T13:00:00+01:00,-503409600000,,40000,40000,Y,,corrected-archive-csv
162860,Luleå-Kallax Flygplats,12,Sikt,"momentanvärde, 1 gång/tim",meter,1954-01-18T15:00:00Z,1954-01-18T16:00:00+01:00,-503398800000,,40000,40000,Y,,corrected-archive-csv
162860,Luleå-Kallax Flygplats,12,Sikt,"momentanvärde, 1 gång/tim",meter,1954-01-18T18:00:00Z,1954-01-18T19:00:00+01:00,-503388000000,,60000,60000,Y,,corrected-archive-csv
162860,Luleå-Kallax Flygplats,12,Sikt,"momentanvärde, 1 gång/tim",meter,1954-01-18T21:00:00Z,1954-01-18T22:00:00+01:00,-503377200000,,60000,60000,Y,,corrected-archive-csv
162860,Luleå-Kallax Flygplats,12,Sikt,"momentanvärde, 1 gång/tim",meter,1954-01-19T00:00:00Z,1954-01-19T01:00:00+01:00,-503366400000,,60000,60000,Y,,corrected-archive-csv
162860,Luleå-Kallax Flygplats,12,Sikt,"momentanvärde, 1 gång/tim",meter,1954-01-19T03:00:00Z,1954-01-19T04:00:00+01:00,-503355600000,,40000,40000,Y,,corrected-archive-csv
162860,Luleå-Kallax Flygplats,12,Sikt,"momentanvärde, 1 gång/tim",meter,1954-01-19T06:00:00Z,1954-01-19T07:00:00+01:00,-503344800000,,40000,40000,Y,,corrected-archive-csv
162860,Luleå-Kallax Flygplats,12,Sikt,"momentanvärde, 1 gång/tim",meter,1954-01-19T09:00:00Z,1954-01-19T10:00:00+01:00,-503334000000,,40000,40000,Y,,corrected-archive-csv
162860,Luleå-Kallax Flygplats,12,Sikt,"momentanvärde, 1 gång/tim",meter,1954-01-19T12:00:00Z,1954-01-19T13:00:00+01:00,-503323200000,,40000,40000,Y,,corrected-archive-csv
162860,Luleå-Kallax Flygplats,12,Sikt,"momentanvärde, 1 gång/tim",meter,1954-01-19T15:00:00Z,1954-01-19T16:00:00+01:00,-503312400000,,16000,16000,Y,,corrected-archive-csv
162860,Luleå-Kallax Flygplats,12,Sikt,"momentanvärde, 1 gång/tim",meter,1954-01-19T18:00:00Z,1954-01-19T19:00:00+01:00,-503301600000,,8000,8000,Y,,corrected-archive-csv
162860,Luleå-Kallax Flygplats,12,Sikt,"momentanvärde, 1 gång/tim",meter,1954-01-19T21:00:00Z,1954-01-19T22:00:00+01:00,-503290800000,,400,400,Y,,corrected-archive-csv
162860,Luleå-Kallax Flygplats,12,Sikt,"momentanvärde, 1 gång/tim",meter,1954-01-20T00:00:00Z,1954-01-20T01:00:00+01:00,-503280000000,,800,800,Y,,corrected-archive-csv
162860,Luleå-Kallax Flygplats,12,Sikt,"momentanvärde, 1 gång/tim",meter,1954-01-20T03:00:00Z,1954-01-20T04:00:00+01:00,-503269200000,,800,800,Y,,corrected-archive-csv
162860,Luleå-Kallax Flygplats,12,Sikt,"momentanvärde, 1 gång/tim",meter,1954-01-20T06:00:00Z,1954-01-20T07:00:00+01:00,-503258400000,,1000,1000,Y,,corrected-archive-csv
162860,Luleå-Kallax Flygplats,12,Sikt,"momentanvärde, 1 gång/tim",meter,1954-01-20T09:00:00Z,1954-01-20T10:00:00+01:00,-503247600000,,800,800,Y,,corrected-archive-csv
162860,Luleå-Kallax Flygplats,12,Sikt,"momentanvärde, 1 gång/tim",meter,1954-01-20T12:00:00Z,1954-01-20T13:00:00+01:00,-503236800000,,2000,2000,Y,,corrected-archive-csv
162860,Luleå-Kallax Flygplats,12,Sikt,"momentanvärde, 1 gång/tim",meter,1954-01-20T15:00:00Z,1954-01-20T16:00:00+01:00,-503226000000,,2400,2400,Y,,corrected-archive-csv
162860,Luleå-Kallax Flygplats,12,Sikt,"momentanvärde, 1 gång/tim",meter,1954-01-20T18:00:00Z,1954-01-20T19:00:00+01:00,-503215200000,,5000,5000,Y,,corrected-archive-csv
162860,Luleå-Kallax Flygplats,12,Sikt,"momentanvärde, 1 gång/tim",meter,1954-01-20T21:00:00Z,1954-01-20T22:00:00+01:00,-503204400000,,4000,4000,Y,,corrected-archive-csv
162860,Luleå-Kallax Flygplats,12,Sikt,"momentanvärde, 1 gång/tim",meter,1954-01-21T00:00:00Z,1954-01-21T01:00:00+01:00,-503193600000,,6000,6000,Y,,corrected-archive-csv
162860,Luleå-Kallax Flygplats,12,Sikt,"momentanvärde, 1 gång/tim",meter,1954-01-21T03:00:00Z,1954-01-21T04:00:00+01:00,-503182800000,,4000,4000,Y,,corrected-archive-csv
162860,Luleå-Kallax Flygplats,12,Sikt,"momentanvärde, 1 gång/tim",meter,1954-01-21T06:00:00Z,1954-01-21T07:00:00+01:00,-503172000000,,20000,20000,Y,,corrected-archive-csv
162860,Luleå-Kallax Flygplats,12,Sikt,"momentanvärde, 1 gång/tim",meter,1954-01-21T09:00:00Z,1954-01-21T10:00:00+01:00,-503161200000,,20000,20000,Y,,corrected-archive-csv
162860,Luleå-Kallax Flygplats,12,Sikt,"momentanvärde, 1 gång/tim",meter,1954-01-21T12:00:00Z,1954-01-21T13:00:00+01:00,-503150400000,,20000,20000,Y,,corrected-archive-csv
162860,Luleå-Kallax Flygplats,12,Sikt,"momentanvärde, 1 gång/tim",meter,1954-01-21T15:00:00Z,1954-01-21T16:00:00+01:00,-503139600000,,20000,20000,Y,,corrected-archive-csv
162860,Luleå-Kallax Flygplats,12,Sikt,"momentanvärde, 1 gång/tim",meter,1954-01-21T18:00:00Z,1954-01-21T19:00:00+01:00,-503128800000,,20000,20000,Y,,corrected-archive-csv
162860,Luleå-Kallax Flygplats,12,Sikt,"momentanvärde, 1 gång/tim",meter,1954-01-21T21:00:00Z,1954-01-21T22:00:00+01:00,-503118000000,,20000,20000,Y,,corrected-archive-csv
162860,Luleå-Kallax Flygplats,12,Sikt,"momentanvärde, 1 gång/tim",meter,1954-01-22T00:00:00Z,1954-01-22T01:00:00+01:00,-503107200000,,20000,20000,Y,,corrected-archive-csv
162860,Luleå-Kallax Flygplats,12,Sikt,"momentanvärde, 1 gång/tim",meter,1954-01-22T03:00:00Z,1954-01-22T04:00:00+01:00,-503096400000,,20000,20000,Y,,corrected-archive-csv
162860,Luleå-Kallax Flygplats,12,Sikt,"momentanvärde, 1 gång/tim",meter,1954-01-22T06:00:00Z,1954-01-22T07:00:00+01:00,-503085600000,,40000,40000,Y,,corrected-archive-csv
162860,Luleå-Kallax Flygplats,12,Sikt,"momentanvärde, 1 gång/tim",meter,1954-01-22T09:00:00Z,1954-01-22T10:00:00+01:00,-503074800000,,40000,40000,Y,,corrected-archive-csv
162860,Luleå-Kallax Flygplats,12,Sikt,"momentanvärde, 1 gång/tim",meter,1954-01-22T12:00:00Z,1954-01-22T13:00:00+01:00,-503064000000,,40000,40000,Y,,corrected-archive-csv
162860,Luleå-Kallax Flygplats,12,Sikt,"momentanvärde, 1 gång/tim",meter,1954-01-22T15:00:00Z,1954-01-22T16:00:00+01:00,-503053200000,,40000,40000,Y,,corrected-archive-csv
162860,Luleå-Kallax Flygplats,12,Sikt,"momentanvärde, 1 gång/tim",meter,1954-01-22T18:00:00Z,1954-01-22T19:00:00+01:00,-503042400000,,40000,40000,Y,,corrected-archive-csv
162860,Luleå-Kallax Flygplats,12,Sikt,"momentanvärde, 1 gång/tim",meter,1954-01-22T21:00:00Z,1954-01-22T22:00:00+01:00,-503031600000,,40000,40000,Y,,corrected-archive-csv
162860,Luleå-Kallax Flygplats,12,Sikt,"momentanvärde, 1 gång/tim",meter,1954-01-23T00:00:00Z,1954-01-23T01:00:00+01:00,-503020800000,,40000,40000,Y,,corrected-archive-csv
162860,Luleå-Kallax Flygplats,12,Sikt,"momentanvärde, 1 gång/tim",meter,1954-01-23T03:00:00Z,1954-01-23T04:00:00+01:00,-503010000000,,40000,40000,Y,,corrected-archive-csv
162860,Luleå-Kallax Flygplats,12,Sikt,"momentanvärde, 1 gång/tim",meter,1954-01-23T06:00:00Z,1954-01-23T07:00:00+01:00,-502999200000,,40000,40000,Y,,corrected-archive-csv
162860,Luleå-Kallax Flygplats,12,Sikt,"momentanvärde, 1 gång/tim",meter,1954-01-23T09:00:00Z,1954-01-23T10:00:00+01:00,-502988400000,,20000,20000,Y,,corrected-archive-csv
162860,Luleå-Kallax Flygplats,12,Sikt,"momentanvärde, 1 gång/tim",meter,1954-01-23T12:00:00Z,1954-01-23T13:00:00+01:00,-502977600000,,20000,20000,Y,,corrected-archive-csv
162860,Luleå-Kallax Flygplats,12,Sikt,"momentanvärde, 1 gång/tim",meter,1954-01-23T15:00:00Z,1954-01-23T16:00:00+01:00,-502966800000,,400,400,Y,,corrected-archive-csv
162860,Luleå-Kallax Flygplats,12,Sikt,"momentanvärde, 1 gång/tim",meter,1954-01-23T18:00:00Z,1954-01-23T19:00:00+01:00,-502956000000,,16000,16000,Y,,corrected-archive-csv
162860,Luleå-Kallax Flygplats,12,Sikt,"momentanvärde, 1 gång/tim",meter,1954-01-23T21:00:00Z,1954-01-23T22:00:00+01:00,-502945200000,,20000,20000,Y,,corrected-archive-csv
162860,Luleå-Kallax Flygplats,12,Sikt,"momentanvärde, 1 gång/tim",meter,1954-01-24T00:00:00Z,1954-01-24T01:00:00+01:00,-502934400000,,20000,20000,Y,,corrected-archive-csv
162860,Luleå-Kallax Flygplats,12,Sikt,"momentanvärde, 1 gång/tim",meter,1954-01-24T03:00:00Z,1954-01-24T04:00:00+01:00,-502923600000,,20000,20000,Y,,corrected-archive-csv
162860,Luleå-Kallax Flygplats,12,Sikt,"momentanvärde, 1 gång/tim",meter,1954-01-24T06:00:00Z,1954-01-24T07:00:00+01:00,-502912800000,,20000,20000,Y,,corrected-archive-csv
162860,Luleå-Kallax Flygplats,12,Sikt,"momentanvärde, 1 gång/tim",meter,1954-01-24T09:00:00Z,1954-01-24T10:00:00+01:00,-502902000000,,16000,16000,Y,,corrected-archive-csv
162860,Luleå-Kallax Flygplats,12,Sikt,"momentanvärde, 1 gång/tim",meter,1954-01-24T12:00:00Z,1954-01-24T13:00:00+01:00,-502891200000,,16000,16000,Y,,corrected-archive-csv
162860,Luleå-Kallax Flygplats,12,Sikt,"momentanvärde, 1 gång/tim",meter,1954-01-24T15:00:00Z,1954-01-24T16:00:00+01:00,-502880400000,,16000,16000,Y,,corrected-archive-csv
162860,Luleå-Kallax Flygplats,12,Sikt,"momentanvärde, 1 gång/tim",meter,1954-01-24T18:00:00Z,1954-01-24T19:00:00+01:00,-502869600000,,20000,20000,Y,,corrected-archive-csv
162860,Luleå-Kallax Flygplats,12,Sikt,"momentanvärde, 1 gång/tim",meter,1954-01-24T21:00:00Z,1954-01-24T22:00:00+01:00,-502858800000,,20000,20000,Y,,corrected-archive-csv
162860,Luleå-Kallax Flygplats,12,Sikt,"momentanvärde, 1 gång/tim",meter,1954-01-25T00:00:00Z,1954-01-25T01:00:00+01:00,-502848000000,,20000,20000,Y,,corrected-archive-csv
162860,Luleå-Kallax Flygplats,12,Sikt,"momentanvärde, 1 gång/tim",meter,1954-01-25T03:00:00Z,1954-01-25T04:00:00+01:00,-502837200000,,20000,20000,Y,,corrected-archive-csv
162860,Luleå-Kallax Flygplats,12,Sikt,"momentanvärde, 1 gång/tim",meter,1954-01-25T06:00:00Z,1954-01-25T07:00:00+01:00,-502826400000,,20000,20000,Y,,corrected-archive-csv
162860,Luleå-Kallax Flygplats,12,Sikt,"momentanvärde, 1 gång/tim",meter,1954-01-25T09:00:00Z,1954-01-25T10:00:00+01:00,-502815600000,,16000,16000,Y,,corrected-archive-csv
162860,Luleå-Kallax Flygplats,12,Sikt,"momentanvärde, 1 gång/tim",meter,1954-01-25T12:00:00Z,1954-01-25T13:00:00+01:00,-502804800000,,20000,20000,Y,,corrected-archive-csv
162860,Luleå-Kallax Flygplats,12,Sikt,"momentanvärde, 1 gång/tim",meter,1954-01-25T15:00:00Z,1954-01-25T16:00:00+01:00,-502794000000,,20000,20000,Y,,corrected-archive-csv
162860,Luleå-Kallax Flygplats,12,Sikt,"momentanvärde, 1 gång/tim",meter,1954-01-25T18:00:00Z,1954-01-25T19:00:00+01:00,-502783200000,,20000,20000,Y,,corrected-archive-csv
162860,Luleå-Kallax Flygplats,12,Sikt,"momentanvärde, 1 gång/tim",meter,1954-01-25T21:00:00Z,1954-01-25T22:00:00+01:00,-502772400000,,40000,40000,Y,,corrected-archive-csv
162860,Luleå-Kallax Flygplats,12,Sikt,"momentanvärde, 1 gång/tim",meter,1954-01-26T00:00:00Z,1954-01-26T01:00:00+01:00,-502761600000,,40000,40000,Y,,corrected-archive-csv
162860,Luleå-Kallax Flygplats,12,Sikt,"momentanvärde, 1 gång/tim",meter,1954-01-26T03:00:00Z,1954-01-26T04:00:00+01:00,-502750800000,,40000,40000,Y,,corrected-archive-csv
162860,Luleå-Kallax Flygplats,12,Sikt,"momentanvärde, 1 gång/tim",meter,1954-01-26T06:00:00Z,1954-01-26T07:00:00+01:00,-502740000000,,20000,20000,Y,,corrected-archive-csv
162860,Luleå-Kallax Flygplats,12,Sikt,"momentanvärde, 1 gång/tim",meter,1954-01-26T09:00:00Z,1954-01-26T10:00:00+01:00,-502729200000,,20000,20000,Y,,corrected-archive-csv
162860,Luleå-Kallax Flygplats,12,Sikt,"momentanvärde, 1 gång/tim",meter,1954-01-26T12:00:00Z,1954-01-26T13:00:00+01:00,-502718400000,,16000,16000,Y,,corrected-archive-csv
162860,Luleå-Kallax Flygplats,12,Sikt,"momentanvärde, 1 gång/tim",meter,1954-01-26T15:00:00Z,1954-01-26T16:00:00+01:00,-502707600000,,20000,20000,Y,,corrected-archive-csv
162860,Luleå-Kallax Flygplats,12,Sikt,"momentanvärde, 1 gång/tim",meter,1954-01-26T18:00:00Z,1954-01-26T19:00:00+01:00,-502696800000,,20000,20000,Y,,corrected-archive-csv
162860,Luleå-Kallax Flygplats,12,Sikt,"momentanvärde, 1 gång/tim",meter,1954-01-26T21:00:00Z,1954-01-26T22:00:00+01:00,-502686000000,,20000,20000,Y,,corrected-archive-csv
162860,Luleå-Kallax Flygplats,12,Sikt,"momentanvärde, 1 gång/tim",meter,1954-01-27T00:00:00Z,1954-01-27T01:00:00+01:00,-502675200000,,20000,20000,Y,,corrected-archive-csv
162860,Luleå-Kallax Flygplats,12,Sikt,"momentanvärde, 1 gång/tim",meter,1954-01-27T03:00:00Z,1954-01-27T04:00:00+01:00,-502664400000,,20000,20000,Y,,corrected-archive-csv
162860,Luleå-Kallax Flygplats,12,Sikt,"momentanvärde, 1 gång/tim",meter,1954-01-27T06:00:00Z,1954-01-27T07:00:00+01:00,-502653600000,,20000,20000,Y,,corrected-archive-csv
162860,Luleå-Kallax Flygplats,12,Sikt,"momentanvärde, 1 gång/tim",meter,1954-01-27T09:00:00Z,1954-01-27T10:00:00+01:00,-502642800000,,20000,20000,Y,,corrected-archive-csv
162860,Luleå-Kallax Flygplats,12,Sikt,"momentanvärde, 1 gång/tim",meter,1954-01-27T12:00:00Z,1954-01-27T13:00:00+01:00,-502632000000,,16000,16000,Y,,corrected-archive-csv
162860,Luleå-Kallax Flygplats,12,Sikt,"momentanvärde, 1 gång/tim",meter,1954-01-27T15:00:00Z,1954-01-27T16:00:00+01:00,-502621200000,,20000,20000,Y,,corrected-archive-csv
162860,Luleå-Kallax Flygplats,12,Sikt,"momentanvärde, 1 gång/tim",meter,1954-01-27T18:00:00Z,1954-01-27T19:00:00+01:00,-502610400000,,20000,20000,Y,,corrected-archive-csv
162860,Luleå-Kallax Flygplats,12,Sikt,"momentanvärde, 1 gång/tim",meter,1954-01-27T21:00:00Z,1954-01-27T22:00:00+01:00,-502599600000,,20000,20000,Y,,corrected-archive-csv
162860,Luleå-Kallax Flygplats,12,Sikt,"momentanvärde, 1 gång/tim",meter,1954-01-28T00:00:00Z,1954-01-28T01:00:00+01:00,-502588800000,,5000,5000,Y,,corrected-archive-csv
162860,Luleå-Kallax Flygplats,12,Sikt,"momentanvärde, 1 gång/tim",meter,1954-01-28T03:00:00Z,1954-01-28T04:00:00+01:00,-502578000000,,16000,16000,Y,,corrected-archive-csv
162860,Luleå-Kallax Flygplats,12,Sikt,"momentanvärde, 1 gång/tim",meter,1954-01-28T06:00:00Z,1954-01-28T07:00:00+01:00,-502567200000,,16000,16000,Y,,corrected-archive-csv
162860,Luleå-Kallax Flygplats,12,Sikt,"momentanvärde, 1 gång/tim",meter,1954-01-28T09:00:00Z,1954-01-28T10:00:00+01:00,-502556400000,,20000,20000,Y,,corrected-archive-csv
162860,Luleå-Kallax Flygplats,12,Sikt,"momentanvärde, 1 gång/tim",meter,1954-01-28T12:00:00Z,1954-01-28T13:00:00+01:00,-502545600000,,20000,20000,Y,,corrected-archive-csv
162860,Luleå-Kallax Flygplats,12,Sikt,"momentanvärde, 1 gång/tim",meter,1954-01-28T15:00:00Z,1954-01-28T16:00:00+01:00,-502534800000,,20000,20000,Y,,corrected-archive-csv
162860,Luleå-Kallax Flygplats,12,Sikt,"momentanvärde, 1 gång/tim",meter,1954-01-28T18:00:00Z,1954-01-28T19:00:00+01:00,-502524000000,,40000,40000,Y,,corrected-archive-csv
162860,Luleå-Kallax Flygplats,12,Sikt,"momentanvärde, 1 gång/tim",meter,1954-01-28T21:00:00Z,1954-01-28T22:00:00+01:00,-502513200000,,40000,40000,Y,,corrected-archive-csv
162860,Luleå-Kallax Flygplats,12,Sikt,"momentanvärde, 1 gång/tim",meter,1954-01-29T00:00:00Z,1954-01-29T01:00:00+01:00,-502502400000,,40000,40000,Y,,corrected-archive-csv
162860,Luleå-Kallax Flygplats,12,Sikt,"momentanvärde, 1 gång/tim",meter,1954-01-29T03:00:00Z,1954-01-29T04:00:00+01:00,-502491600000,,40000,40000,Y,,corrected-archive-csv
162860,Luleå-Kallax Flygplats,12,Sikt,"momentanvärde, 1 gång/tim",meter,1954-01-29T06:00:00Z,1954-01-29T07:00:00+01:00,-502480800000,,40000,40000,Y,,corrected-archive-csv
162860,Luleå-Kallax Flygplats,12,Sikt,"momentanvärde, 1 gång/tim",meter,1954-01-29T09:00:00Z,1954-01-29T10:00:00+01:00,-502470000000,,20000,20000,Y,,corrected-archive-csv
162860,Luleå-Kallax Flygplats,12,Sikt,"momentanvärde, 1 gång/tim",meter,1954-01-29T12:00:00Z,1954-01-29T13:00:00+01:00,-502459200000,,20000,20000,Y,,corrected-archive-csv
162860,Luleå-Kallax Flygplats,12,Sikt,"momentanvärde, 1 gång/tim",meter,1954-01-29T15:00:00Z,1954-01-29T16:00:00+01:00,-502448400000,,20000,20000,Y,,corrected-archive-csv
162860,Luleå-Kallax Flygplats,12,Sikt,"momentanvärde, 1 gång/tim",meter,1954-01-29T18:00:00Z,1954-01-29T19:00:00+01:00,-502437600000,,20000,20000,Y,,corrected-archive-csv
162860,Luleå-Kallax Flygplats,12,Sikt,"momentanvärde, 1 gång/tim",meter,1954-01-29T21:00:00Z,1954-01-29T22:00:00+01:00,-502426800000,,20000,20000,Y,,corrected-archive-csv
162860,Luleå-Kallax Flygplats,12,Sikt,"momentanvärde, 1 gång/tim",meter,1954-01-30T00:00:00Z,1954-01-30T01:00:00+01:00,-502416000000,,40000,40000,Y,,corrected-archive-csv
162860,Luleå-Kallax Flygplats,12,Sikt,"momentanvärde, 1 gång/tim",meter,1954-01-30T03:00:00Z,1954-01-30T04:00:00+01:00,-502405200000,,40000,40000,Y,,corrected-archive-csv
162860,Luleå-Kallax Flygplats,12,Sikt,"momentanvärde, 1 gång/tim",meter,1954-01-30T06:00:00Z,1954-01-30T07:00:00+01:00,-502394400000,,40000,40000,Y,,corrected-archive-csv
162860,Luleå-Kallax Flygplats,12,Sikt,"momentanvärde, 1 gång/tim",meter,1954-01-30T09:00:00Z,1954-01-30T10:00:00+01:00,-502383600000,,20000,20000,Y,,corrected-archive-csv
162860,Luleå-Kallax Flygplats,12,Sikt,"momentanvärde, 1 gång/tim",meter,1954-01-30T12:00:00Z,1954-01-30T13:00:00+01:00,-502372800000,,20000,20000,Y,,corrected-archive-csv
162860,Luleå-Kallax Flygplats,12,Sikt,"momentanvärde, 1 gång/tim",meter,1954-01-30T15:00:00Z,1954-01-30T16:00:00+01:00,-502362000000,,20000,20000,Y,,corrected-archive-csv
162860,Luleå-Kallax Flygplats,12,Sikt,"momentanvärde, 1 gång/tim",meter,1954-01-30T18:00:00Z,1954-01-30T19:00:00+01:00,-502351200000,,20000,20000,Y,,corrected-archive-csv
162860,Luleå-Kallax Flygplats,12,Sikt,"momentanvärde, 1 gång/tim",meter,1954-01-30T21:00:00Z,1954-01-30T22:00:00+01:00,-502340400000,,16000,16000,Y,,corrected-archive-csv
162860,Luleå-Kallax Flygplats,12,Sikt,"momentanvärde, 1 gång/tim",meter,1954-01-31T00:00:00Z,1954-01-31T01:00:00+01:00,-502329600000,,16000,16000,Y,,corrected-archive-csv
162860,Luleå-Kallax Flygplats,12,Sikt,"momentanvärde, 1 gång/tim",meter,1954-01-31T03:00:00Z,1954-01-31T04:00:00+01:00,-502318800000,,20000,20000,Y,,corrected-archive-csv
162860,Luleå-Kallax Flygplats,12,Sikt,"momentanvärde, 1 gång/tim",meter,1954-01-31T06:00:00Z,1954-01-31T07:00:00+01:00,-502308000000,,20000,20000,Y,,corrected-archive-csv
162860,Luleå-Kallax Flygplats,12,Sikt,"momentanvärde, 1 gång/tim",meter,1954-01-31T09:00:00Z,1954-01-31T10:00:00+01:00,-502297200000,,20000,20000,Y,,corrected-archive-csv
162860,Luleå-Kallax Flygplats,12,Sikt,"momentanvärde, 1 gång/tim",meter,1954-01-31T12:00:00Z,1954-01-31T13:00:00+01:00,-502286400000,,20000,20000,Y,,corrected-archive-csv
162860,Luleå-Kallax Flygplats,12,Sikt,"momentanvärde, 1 gång/tim",meter,1954-01-31T15:00:00Z,1954-01-31T16:00:00+01:00,-502275600000,,20000,20000,Y,,corrected-archive-csv
162860,Luleå-Kallax Flygplats,12,Sikt,"momentanvärde, 1 gång/tim",meter,1954-01-31T18:00:00Z,1954-01-31T19:00:00+01:00,-502264800000,,20000,20000,Y,,corrected-archive-csv
162860,Luleå-Kallax Flygplats,12,Sikt,"momentanvärde, 1 gång/tim",meter,1954-01-31T21:00:00Z,1954-01-31T22:00:00+01:00,-502254000000,,20000,20000,Y,,corrected-archive-csv
162860,Luleå-Kallax Flygplats,12,Sikt,"momentanvärde, 1 gång/tim",meter,1954-02-01T00:00:00Z,1954-02-01T01:00:00+01:00,-502243200000,,20000,20000,Y,,corrected-archive-csv
162860,Luleå-Kallax Flygplats,12,Sikt,"momentanvärde, 1 gång/tim",meter,1954-02-01T03:00:00Z,1954-02-01T04:00:00+01:00,-502232400000,,20000,20000,Y,,corrected-archive-csv
162860,Luleå-Kallax Flygplats,12,Sikt,"momentanvärde, 1 gång/tim",meter,1954-02-01T06:00:00Z,1954-02-01T07:00:00+01:00,-502221600000,,20000,20000,Y,,corrected-archive-csv
162860,Luleå-Kallax Flygplats,12,Sikt,"momentanvärde, 1 gång/tim",meter,1954-02-01T09:00:00Z,1954-02-01T10:00:00+01:00,-502210800000,,20000,20000,Y,,corrected-archive-csv
162860,Luleå-Kallax Flygplats,12,Sikt,"momentanvärde, 1 gång/tim",meter,1954-02-01T12:00:00Z,1954-02-01T13:00:00+01:00,-502200000000,,20000,20000,Y,,corrected-archive-csv
162860,Luleå-Kallax Flygplats,12,Sikt,"momentanvärde, 1 gång/tim",meter,1954-02-01T15:00:00Z,1954-02-01T16:00:00+01:00,-502189200000,,20000,20000,Y,,corrected-archive-csv
162860,Luleå-Kallax Flygplats,12,Sikt,"momentanvärde, 1 gång/tim",meter,1954-02-01T18:00:00Z,1954-02-01T19:00:00+01:00,-502178400000,,20000,20000,Y,,corrected-archive-csv
162860,Luleå-Kallax Flygplats,12,Sikt,"momentanvärde, 1 gång/tim",meter,1954-02-01T21:00:00Z,1954-02-01T22:00:00+01:00,-502167600000,,20000,20000,Y,,corrected-archive-csv
162860,Luleå-Kallax Flygplats,12,Sikt,"momentanvärde, 1 gång/tim",meter,1954-02-02T00:00:00Z,1954-02-02T01:00:00+01:00,-502156800000,,20000,20000,Y,,corrected-archive-csv
162860,Luleå-Kallax Flygplats,12,Sikt,"momentanvärde, 1 gång/tim",meter,1954-02-02T03:00:00Z,1954-02-02T04:00:00+01:00,-502146000000,,20000,20000,Y,,corrected-archive-csv
162860,Luleå-Kallax Flygplats,12,Sikt,"momentanvärde, 1 gång/tim",meter,1954-02-02T06:00:00Z,1954-02-02T07:00:00+01:00,-502135200000,,20000,20000,Y,,corrected-archive-csv
162860,Luleå-Kallax Flygplats,12,Sikt,"momentanvärde, 1 gång/tim",meter,1954-02-02T09:00:00Z,1954-02-02T10:00:00+01:00,-502124400000,,16000,16000,Y,,corrected-archive-csv
162860,Luleå-Kallax Flygplats,12,Sikt,"momentanvärde, 1 gång/tim",meter,1954-02-02T12:00:00Z,1954-02-02T13:00:00+01:00,-502113600000,,16000,16000,Y,,corrected-archive-csv
162860,Luleå-Kallax Flygplats,12,Sikt,"momentanvärde, 1 gång/tim",meter,1954-02-02T15:00:00Z,1954-02-02T16:00:00+01:00,-502102800000,,20000,20000,Y,,corrected-archive-csv
162860,Luleå-Kallax Flygplats,12,Sikt,"momentanvärde, 1 gång/tim",meter,1954-02-02T18:00:00Z,1954-02-02T19:00:00+01:00,-502092000000,,20000,20000,Y,,corrected-archive-csv
162860,Luleå-Kallax Flygplats,12,Sikt,"momentanvärde, 1 gång/tim",meter,1954-02-02T21:00:00Z,1954-02-02T22:00:00+01:00,-502081200000,,40000,40000,Y,,corrected-archive-csv
162860,Luleå-Kallax Flygplats,12,Sikt,"momentanvärde, 1 gång/tim",meter,1954-02-03T00:00:00Z,1954-02-03T01:00:00+01:00,-502070400000,,40000,40000,Y,,corrected-archive-csv
162860,Luleå-Kallax Flygplats,12,Sikt,"momentanvärde, 1 gång/tim",meter,1954-02-03T03:00:00Z,1954-02-03T04:00:00+01:00,-502059600000,,40000,40000,Y,,corrected-archive-csv
162860,Luleå-Kallax Flygplats,12,Sikt,"momentanvärde, 1 gång/tim",meter,1954-02-03T06:00:00Z,1954-02-03T07:00:00+01:00,-502048800000,,40000,40000,Y,,corrected-archive-csv
162860,Luleå-Kallax Flygplats,12,Sikt,"momentanvärde, 1 gång/tim",meter,1954-02-03T09:00:00Z,1954-02-03T10:00:00+01:00,-502038000000,,40000,40000,Y,,corrected-archive-csv
162860,Luleå-Kallax Flygplats,12,Sikt,"momentanvärde, 1 gång/tim",meter,1954-02-03T12:00:00Z,1954-02-03T13:00:00+01:00,-502027200000,,20000,20000,Y,,corrected-archive-csv
162860,Luleå-Kallax Flygplats,12,Sikt,"momentanvärde, 1 gång/tim",meter,1954-02-03T15:00:00Z,1954-02-03T16:00:00+01:00,-502016400000,,20000,20000,Y,,corrected-archive-csv
162860,Luleå-Kallax Flygplats,12,Sikt,"momentanvärde, 1 gång/tim",meter,1954-02-03T18:00:00Z,1954-02-03T19:00:00+01:00,-502005600000,,20000,20000,Y,,corrected-archive-csv
162860,Luleå-Kallax Flygplats,12,Sikt,"momentanvärde, 1 gång/tim",meter,1954-02-03T21:00:00Z,1954-02-03T22:00:00+01:00,-501994800000,,20000,20000,Y,,corrected-archive-csv
162860,Luleå-Kallax Flygplats,12,Sikt,"momentanvärde, 1 gång/tim",meter,1954-02-04T00:00:00Z,1954-02-04T01:00:00+01:00,-501984000000,,20000,20000,Y,,corrected-archive-csv
162860,Luleå-Kallax Flygplats,12,Sikt,"momentanvärde, 1 gång/tim",meter,1954-02-04T03:00:00Z,1954-02-04T04:00:00+01:00,-501973200000,,20000,20000,Y,,corrected-archive-csv
162860,Luleå-Kallax Flygplats,12,Sikt,"momentanvärde, 1 gång/tim",meter,1954-02-04T06:00:00Z,1954-02-04T07:00:00+01:00,-501962400000,,20000,20000,Y,,corrected-archive-csv
162860,Luleå-Kallax Flygplats,12,Sikt,"momentanvärde, 1 gång/tim",meter,1954-02-04T09:00:00Z,1954-02-04T10:00:00+01:00,-501951600000,,16000,16000,Y,,corrected-archive-csv
162860,Luleå-Kallax Flygplats,12,Sikt,"momentanvärde, 1 gång/tim",meter,1954-02-04T12:00:00Z,1954-02-04T13:00:00+01:00,-501940800000,,20000,20000,Y,,corrected-archive-csv
162860,Luleå-Kallax Flygplats,12,Sikt,"momentanvärde, 1 gång/tim",meter,1954-02-04T15:00:00Z,1954-02-04T16:00:00+01:00,-501930000000,,20000,20000,Y,,corrected-archive-csv
162860,Luleå-Kallax Flygplats,12,Sikt,"momentanvärde, 1 gång/tim",meter,1954-02-04T18:00:00Z,1954-02-04T19:00:00+01:00,-501919200000,,20000,20000,Y,,corrected-archive-csv
162860,Luleå-Kallax Flygplats,12,Sikt,"momentanvärde, 1 gång/tim",meter,1954-02-04T21:00:00Z,1954-02-04T22:00:00+01:00,-501908400000,,20000,20000,Y,,corrected-archive-csv
162860,Luleå-Kallax Flygplats,12,Sikt,"momentanvärde, 1 gång/tim",meter,1954-02-05T00:00:00Z,1954-02-05T01:00:00+01:00,-501897600000,,20000,20000,Y,,corrected-archive-csv
162860,Luleå-Kallax Flygplats,12,Sikt,"momentanvärde, 1 gång/tim",meter,1954-02-05T03:00:00Z,1954-02-05T04:00:00+01:00,-501886800000,,20000,20000,Y,,corrected-archive-csv
162860,Luleå-Kallax Flygplats,12,Sikt,"momentanvärde, 1 gång/tim",meter,1954-02-05T06:00:00Z,1954-02-05T07:00:00+01:00,-501876000000,,40000,40000,Y,,corrected-archive-csv
162860,Luleå-Kallax Flygplats,12,Sikt,"momentanvärde, 1 gång/tim",meter,1954-02-05T09:00:00Z,1954-02-05T10:00:00+01:00,-501865200000,,20000,20000,Y,,corrected-archive-csv
162860,Luleå-Kallax Flygplats,12,Sikt,"momentanvärde, 1 gång/tim",meter,1954-02-05T12:00:00Z,1954-02-05T13:00:00+01:00,-501854400000,,20000,20000,Y,,corrected-archive-csv
162860,Luleå-Kallax Flygplats,12,Sikt,"momentanvärde, 1 gång/tim",meter,1954-02-05T15:00:00Z,1954-02-05T16:00:00+01:00,-501843600000,,20000,20000,Y,,corrected-archive-csv
162860,Luleå-Kallax Flygplats,12,Sikt,"momentanvärde, 1 gång/tim",meter,1954-02-05T18:00:00Z,1954-02-05T19:00:00+01:00,-501832800000,,20000,20000,Y,,corrected-archive-csv
162860,Luleå-Kallax Flygplats,12,Sikt,"momentanvärde, 1 gång/tim",meter,1954-02-05T21:00:00Z,1954-02-05T22:00:00+01:00,-501822000000,,20000,20000,Y,,corrected-archive-csv
162860,Luleå-Kallax Flygplats,12,Sikt,"momentanvärde, 1 gång/tim",meter,1954-02-06T00:00:00Z,1954-02-06T01:00:00+01:00,-501811200000,,20000,20000,Y,,corrected-archive-csv
162860,Luleå-Kallax Flygplats,12,Sikt,"momentanvärde, 1 gång/tim",meter,1954-02-06T03:00:00Z,1954-02-06T04:00:00+01:00,-501800400000,,20000,20000,Y,,corrected-archive-csv
162860,Luleå-Kallax Flygplats,12,Sikt,"momentanvärde, 1 gång/tim",meter,1954-02-06T06:00:00Z,1954-02-06T07:00:00+01:00,-501789600000,,20000,20000,Y,,corrected-archive-csv
162860,Luleå-Kallax Flygplats,12,Sikt,"momentanvärde, 1 gång/tim",meter,1954-02-06T09:00:00Z,1954-02-06T10:00:00+01:00,-501778800000,,40000,40000,Y,,corrected-archive-csv
162860,Luleå-Kallax Flygplats,12,Sikt,"momentanvärde, 1 gång/tim",meter,1954-02-06T12:00:00Z,1954-02-06T13:00:00+01:00,-501768000000,,60000,60000,Y,,corrected-archive-csv
162860,Luleå-Kallax Flygplats,12,Sikt,"momentanvärde, 1 gång/tim",meter,1954-02-06T15:00:00Z,1954-02-06T16:00:00+01:00,-501757200000,,60000,60000,Y,,corrected-archive-csv
162860,Luleå-Kallax Flygplats,12,Sikt,"momentanvärde, 1 gång/tim",meter,1954-02-06T18:00:00Z,1954-02-06T19:00:00+01:00,-501746400000,,60000,60000,Y,,corrected-archive-csv
162860,Luleå-Kallax Flygplats,12,Sikt,"momentanvärde, 1 gång/tim",meter,1954-02-06T21:00:00Z,1954-02-06T22:00:00+01:00,-501735600000,,40000,40000,Y,,corrected-archive-csv
162860,Luleå-Kallax Flygplats,12,Sikt,"momentanvärde, 1 gång/tim",meter,1954-02-07T00:00:00Z,1954-02-07T01:00:00+01:00,-501724800000,,40000,40000,Y,,corrected-archive-csv
162860,Luleå-Kallax Flygplats,12,Sikt,"momentanvärde, 1 gång/tim",meter,1954-02-07T03:00:00Z,1954-02-07T04:00:00+01:00,-501714000000,,5000,5000,Y,,corrected-archive-csv
162860,Luleå-Kallax Flygplats,12,Sikt,"momentanvärde, 1 gång/tim",meter,1954-02-07T06:00:00Z,1954-02-07T07:00:00+01:00,-501703200000,,16000,16000,Y,,corrected-archive-csv
162860,Luleå-Kallax Flygplats,12,Sikt,"momentanvärde, 1 gång/tim",meter,1954-02-07T09:00:00Z,1954-02-07T10:00:00+01:00,-501692400000,,16000,16000,Y,,corrected-archive-csv
162860,Luleå-Kallax Flygplats,12,Sikt,"momentanvärde, 1 gång/tim",meter,1954-02-07T12:00:00Z,1954-02-07T13:00:00+01:00,-501681600000,,20000,20000,Y,,corrected-archive-csv
162860,Luleå-Kallax Flygplats,12,Sikt,"momentanvärde, 1 gång/tim",meter,1954-02-07T15:00:00Z,1954-02-07T16:00:00+01:00,-501670800000,,20000,20000,Y,,corrected-archive-csv
162860,Luleå-Kallax Flygplats,12,Sikt,"momentanvärde, 1 gång/tim",meter,1954-02-07T18:00:00Z,1954-02-07T19:00:00+01:00,-501660000000,,20000,20000,Y,,corrected-archive-csv
162860,Luleå-Kallax Flygplats,12,Sikt,"momentanvärde, 1 gång/tim",meter,1954-02-07T21:00:00Z,1954-02-07T22:00:00+01:00,-501649200000,,20000,20000,Y,,corrected-archive-csv
162860,Luleå-Kallax Flygplats,12,Sikt,"momentanvärde, 1 gång/tim",meter,1954-02-08T00:00:00Z,1954-02-08T01:00:00+01:00,-501638400000,,20000,20000,Y,,corrected-archive-csv
162860,Luleå-Kallax Flygplats,12,Sikt,"momentanvärde, 1 gång/tim",meter,1954-02-08T03:00:00Z,1954-02-08T04:00:00+01:00,-501627600000,,40000,40000,Y,,corrected-archive-csv
162860,Luleå-Kallax Flygplats,12,Sikt,"momentanvärde, 1 gång/tim",meter,1954-02-08T06:00:00Z,1954-02-08T07:00:00+01:00,-501616800000,,40000,40000,Y,,corrected-archive-csv
162860,Luleå-Kallax Flygplats,12,Sikt,"momentanvärde, 1 gång/tim",meter,1954-02-08T09:00:00Z,1954-02-08T10:00:00+01:00,-501606000000,,20000,20000,Y,,corrected-archive-csv
162860,Luleå-Kallax Flygplats,12,Sikt,"momentanvärde, 1 gång/tim",meter,1954-02-08T12:00:00Z,1954-02-08T13:00:00+01:00,-501595200000,,16000,16000,Y,,corrected-archive-csv
162860,Luleå-Kallax Flygplats,12,Sikt,"momentanvärde, 1 gång/tim",meter,1954-02-08T15:00:00Z,1954-02-08T16:00:00+01:00,-501584400000,,16000,16000,Y,,corrected-archive-csv
162860,Luleå-Kallax Flygplats,12,Sikt,"momentanvärde, 1 gång/tim",meter,1954-02-08T18:00:00Z,1954-02-08T19:00:00+01:00,-501573600000,,16000,16000,Y,,corrected-archive-csv
162860,Luleå-Kallax Flygplats,12,Sikt,"momentanvärde, 1 gång/tim",meter,1954-02-08T21:00:00Z,1954-02-08T22:00:00+01:00,-501562800000,,16000,16000,Y,,corrected-archive-csv
162860,Luleå-Kallax Flygplats,12,Sikt,"momentanvärde, 1 gång/tim",meter,1954-02-09T00:00:00Z,1954-02-09T01:00:00+01:00,-501552000000,,16000,16000,Y,,corrected-archive-csv
162860,Luleå-Kallax Flygplats,12,Sikt,"momentanvärde, 1 gång/tim",meter,1954-02-09T03:00:00Z,1954-02-09T04:00:00+01:00,-501541200000,,16000,16000,Y,,corrected-archive-csv
162860,Luleå-Kallax Flygplats,12,Sikt,"momentanvärde, 1 gång/tim",meter,1954-02-09T06:00:00Z,1954-02-09T07:00:00+01:00,-501530400000,,16000,16000,Y,,corrected-archive-csv
162860,Luleå-Kallax Flygplats,12,Sikt,"momentanvärde, 1 gång/tim",meter,1954-02-09T09:00:00Z,1954-02-09T10:00:00+01:00,-501519600000,,10000,10000,Y,,corrected-archive-csv
162860,Luleå-Kallax Flygplats,12,Sikt,"momentanvärde, 1 gång/tim",meter,1954-02-09T12:00:00Z,1954-02-09T13:00:00+01:00,-501508800000,,6000,6000,Y,,corrected-archive-csv
162860,Luleå-Kallax Flygplats,12,Sikt,"momentanvärde, 1 gång/tim",meter,1954-02-09T15:00:00Z,1954-02-09T16:00:00+01:00,-501498000000,,16000,16000,Y,,corrected-archive-csv
162860,Luleå-Kallax Flygplats,12,Sikt,"momentanvärde, 1 gång/tim",meter,1954-02-09T18:00:00Z,1954-02-09T19:00:00+01:00,-501487200000,,20000,20000,Y,,corrected-archive-csv
162860,Luleå-Kallax Flygplats,12,Sikt,"momentanvärde, 1 gång/tim",meter,1954-02-09T21:00:00Z,1954-02-09T22:00:00+01:00,-501476400000,,20000,20000,Y,,corrected-archive-csv
162860,Luleå-Kallax Flygplats,12,Sikt,"momentanvärde, 1 gång/tim",meter,1954-02-10T00:00:00Z,1954-02-10T01:00:00+01:00,-501465600000,,16000,16000,Y,,corrected-archive-csv
162860,Luleå-Kallax Flygplats,12,Sikt,"momentanvärde, 1 gång/tim",meter,1954-02-10T03:00:00Z,1954-02-10T04:00:00+01:00,-501454800000,,16000,16000,Y,,corrected-archive-csv
162860,Luleå-Kallax Flygplats,12,Sikt,"momentanvärde, 1 gång/tim",meter,1954-02-10T06:00:00Z,1954-02-10T07:00:00+01:00,-501444000000,,800,800,Y,,corrected-archive-csv
162860,Luleå-Kallax Flygplats,12,Sikt,"momentanvärde, 1 gång/tim",meter,1954-02-10T09:00:00Z,1954-02-10T10:00:00+01:00,-501433200000,,600,600,Y,,corrected-archive-csv
162860,Luleå-Kallax Flygplats,12,Sikt,"momentanvärde, 1 gång/tim",meter,1954-02-10T12:00:00Z,1954-02-10T13:00:00+01:00,-501422400000,,20000,20000,Y,,corrected-archive-csv
162860,Luleå-Kallax Flygplats,12,Sikt,"momentanvärde, 1 gång/tim",meter,1954-02-10T15:00:00Z,1954-02-10T16:00:00+01:00,-501411600000,,20000,20000,Y,,corrected-archive-csv
162860,Luleå-Kallax Flygplats,12,Sikt,"momentanvärde, 1 gång/tim",meter,1954-02-10T18:00:00Z,1954-02-10T19:00:00+01:00,-501400800000,,20000,20000,Y,,corrected-archive-csv
162860,Luleå-Kallax Flygplats,12,Sikt,"momentanvärde, 1 gång/tim",meter,1954-02-10T21:00:00Z,1954-02-10T22:00:00+01:00,-501390000000,,20000,20000,Y,,corrected-archive-csv
162860,Luleå-Kallax Flygplats,12,Sikt,"momentanvärde, 1 gång/tim",meter,1954-02-11T00:00:00Z,1954-02-11T01:00:00+01:00,-501379200000,,20000,20000,Y,,corrected-archive-csv
162860,Luleå-Kallax Flygplats,12,Sikt,"momentanvärde, 1 gång/tim",meter,1954-02-11T03:00:00Z,1954-02-11T04:00:00+01:00,-501368400000,,16000,16000,Y,,corrected-archive-csv
162860,Luleå-Kallax Flygplats,12,Sikt,"momentanvärde, 1 gång/tim",meter,1954-02-11T06:00:00Z,1954-02-11T07:00:00+01:00,-501357600000,,16000,16000,Y,,corrected-archive-csv
162860,Luleå-Kallax Flygplats,12,Sikt,"momentanvärde, 1 gång/tim",meter,1954-02-11T09:00:00Z,1954-02-11T10:00:00+01:00,-501346800000,,4000,4000,Y,,corrected-archive-csv
162860,Luleå-Kallax Flygplats,12,Sikt,"momentanvärde, 1 gång/tim",meter,1954-02-11T12:00:00Z,1954-02-11T13:00:00+01:00,-501336000000,,4000,4000,Y,,corrected-archive-csv
162860,Luleå-Kallax Flygplats,12,Sikt,"momentanvärde, 1 gång/tim",meter,1954-02-11T15:00:00Z,1954-02-11T16:00:00+01:00,-501325200000,,7000,7000,Y,,corrected-archive-csv
162860,Luleå-Kallax Flygplats,12,Sikt,"momentanvärde, 1 gång/tim",meter,1954-02-11T18:00:00Z,1954-02-11T19:00:00+01:00,-501314400000,,6000,6000,Y,,corrected-archive-csv
162860,Luleå-Kallax Flygplats,12,Sikt,"momentanvärde, 1 gång/tim",meter,1954-02-11T21:00:00Z,1954-02-11T22:00:00+01:00,-501303600000,,9000,9000,Y,,corrected-archive-csv
162860,Luleå-Kallax Flygplats,12,Sikt,"momentanvärde, 1 gång/tim",meter,1954-02-12T00:00:00Z,1954-02-12T01:00:00+01:00,-501292800000,,10000,10000,Y,,corrected-archive-csv
162860,Luleå-Kallax Flygplats,12,Sikt,"momentanvärde, 1 gång/tim",meter,1954-02-12T03:00:00Z,1954-02-12T04:00:00+01:00,-501282000000,,16000,16000,Y,,corrected-archive-csv
162860,Luleå-Kallax Flygplats,12,Sikt,"momentanvärde, 1 gång/tim",meter,1954-02-12T06:00:00Z,1954-02-12T07:00:00+01:00,-501271200000,,10000,10000,Y,,corrected-archive-csv
162860,Luleå-Kallax Flygplats,12,Sikt,"momentanvärde, 1 gång/tim",meter,1954-02-12T09:00:00Z,1954-02-12T10:00:00+01:00,-501260400000,,6000,6000,Y,,corrected-archive-csv
162860,Luleå-Kallax Flygplats,12,Sikt,"momentanvärde, 1 gång/tim",meter,1954-02-12T12:00:00Z,1954-02-12T13:00:00+01:00,-501249600000,,6000,6000,Y,,corrected-archive-csv
162860,Luleå-Kallax Flygplats,12,Sikt,"momentanvärde, 1 gång/tim",meter,1954-02-12T15:00:00Z,1954-02-12T16:00:00+01:00,-501238800000,,6000,6000,Y,,corrected-archive-csv
162860,Luleå-Kallax Flygplats,12,Sikt,"momentanvärde, 1 gång/tim",meter,1954-02-12T18:00:00Z,1954-02-12T19:00:00+01:00,-501228000000,,9000,9000,Y,,corrected-archive-csv
162860,Luleå-Kallax Flygplats,12,Sikt,"momentanvärde, 1 gång/tim",meter,1954-02-12T21:00:00Z,1954-02-12T22:00:00+01:00,-501217200000,,9000,9000,Y,,corrected-archive-csv
162860,Luleå-Kallax Flygplats,12,Sikt,"momentanvärde, 1 gång/tim",meter,1954-02-13T00:00:00Z,1954-02-13T01:00:00+01:00,-501206400000,,8000,8000,Y,,corrected-archive-csv
162860,Luleå-Kallax Flygplats,12,Sikt,"momentanvärde, 1 gång/tim",meter,1954-02-13T03:00:00Z,1954-02-13T04:00:00+01:00,-501195600000,,6000,6000,Y,,corrected-archive-csv
162860,Luleå-Kallax Flygplats,12,Sikt,"momentanvärde, 1 gång/tim",meter,1954-02-13T06:00:00Z,1954-02-13T07:00:00+01:00,-501184800000,,6000,6000,Y,,corrected-archive-csv
162860,Luleå-Kallax Flygplats,12,Sikt,"momentanvärde, 1 gång/tim",meter,1954-02-13T09:00:00Z,1954-02-13T10:00:00+01:00,-501174000000,,6000,6000,Y,,corrected-archive-csv
162860,Luleå-Kallax Flygplats,12,Sikt,"momentanvärde, 1 gång/tim",meter,1954-02-13T12:00:00Z,1954-02-13T13:00:00+01:00,-501163200000,,6000,6000,Y,,corrected-archive-csv
162860,Luleå-Kallax Flygplats,12,Sikt,"momentanvärde, 1 gång/tim",meter,1954-02-13T15:00:00Z,1954-02-13T16:00:00+01:00,-501152400000,,6000,6000,Y,,corrected-archive-csv
162860,Luleå-Kallax Flygplats,12,Sikt,"momentanvärde, 1 gång/tim",meter,1954-02-13T18:00:00Z,1954-02-13T19:00:00+01:00,-501141600000,,10000,10000,Y,,corrected-archive-csv
162860,Luleå-Kallax Flygplats,12,Sikt,"momentanvärde, 1 gång/tim",meter,1954-02-13T21:00:00Z,1954-02-13T22:00:00+01:00,-501130800000,,10000,10000,Y,,corrected-archive-csv
162860,Luleå-Kallax Flygplats,12,Sikt,"momentanvärde, 1 gång/tim",meter,1954-02-14T00:00:00Z,1954-02-14T01:00:00+01:00,-501120000000,,10000,10000,Y,,corrected-archive-csv
162860,Luleå-Kallax Flygplats,12,Sikt,"momentanvärde, 1 gång/tim",meter,1954-02-14T03:00:00Z,1954-02-14T04:00:00+01:00,-501109200000,,15000,15000,Y,,corrected-archive-csv
162860,Luleå-Kallax Flygplats,12,Sikt,"momentanvärde, 1 gång/tim",meter,1954-02-14T06:00:00Z,1954-02-14T07:00:00+01:00,-501098400000,,15000,15000,Y,,corrected-archive-csv
162860,Luleå-Kallax Flygplats,12,Sikt,"momentanvärde, 1 gång/tim",meter,1954-02-14T09:00:00Z,1954-02-14T10:00:00+01:00,-501087600000,,15000,15000,Y,,corrected-archive-csv
162860,Luleå-Kallax Flygplats,12,Sikt,"momentanvärde, 1 gång/tim",meter,1954-02-14T12:00:00Z,1954-02-14T13:00:00+01:00,-501076800000,,20000,20000,Y,,corrected-archive-csv
162860,Luleå-Kallax Flygplats,12,Sikt,"momentanvärde, 1 gång/tim",meter,1954-02-14T15:00:00Z,1954-02-14T16:00:00+01:00,-501066000000,,20000,20000,Y,,corrected-archive-csv
162860,Luleå-Kallax Flygplats,12,Sikt,"momentanvärde, 1 gång/tim",meter,1954-02-14T18:00:00Z,1954-02-14T19:00:00+01:00,-501055200000,,20000,20000,Y,,corrected-archive-csv
162860,Luleå-Kallax Flygplats,12,Sikt,"momentanvärde, 1 gång/tim",meter,1954-02-14T21:00:00Z,1954-02-14T22:00:00+01:00,-501044400000,,16000,16000,Y,,corrected-archive-csv
162860,Luleå-Kallax Flygplats,12,Sikt,"momentanvärde, 1 gång/tim",meter,1954-02-15T00:00:00Z,1954-02-15T01:00:00+01:00,-501033600000,,40000,40000,Y,,corrected-archive-csv
162860,Luleå-Kallax Flygplats,12,Sikt,"momentanvärde, 1 gång/tim",meter,1954-02-15T03:00:00Z,1954-02-15T04:00:00+01:00,-501022800000,,40000,40000,Y,,corrected-archive-csv
162860,Luleå-Kallax Flygplats,12,Sikt,"momentanvärde, 1 gång/tim",meter,1954-02-15T06:00:00Z,1954-02-15T07:00:00+01:00,-501012000000,,20000,20000,Y,,corrected-archive-csv
162860,Luleå-Kallax Flygplats,12,Sikt,"momentanvärde, 1 gång/tim",meter,1954-02-15T09:00:00Z,1954-02-15T10:00:00+01:00,-501001200000,,6000,6000,Y,,corrected-archive-csv
162860,Luleå-Kallax Flygplats,12,Sikt,"momentanvärde, 1 gång/tim",meter,1954-02-15T12:00:00Z,1954-02-15T13:00:00+01:00,-500990400000,,10000,10000,Y,,corrected-archive-csv
162860,Luleå-Kallax Flygplats,12,Sikt,"momentanvärde, 1 gång/tim",meter,1954-02-15T15:00:00Z,1954-02-15T16:00:00+01:00,-500979600000,,16000,16000,Y,,corrected-archive-csv
162860,Luleå-Kallax Flygplats,12,Sikt,"momentanvärde, 1 gång/tim",meter,1954-02-15T18:00:00Z,1954-02-15T19:00:00+01:00,-500968800000,,20000,20000,Y,,corrected-archive-csv
162860,Luleå-Kallax Flygplats,12,Sikt,"momentanvärde, 1 gång/tim",meter,1954-02-15T21:00:00Z,1954-02-15T22:00:00+01:00,-500958000000,,600,600,Y,,corrected-archive-csv
162860,Luleå-Kallax Flygplats,12,Sikt,"momentanvärde, 1 gång/tim",meter,1954-02-16T00:00:00Z,1954-02-16T01:00:00+01:00,-500947200000,,1200,1200,Y,,corrected-archive-csv
162860,Luleå-Kallax Flygplats,12,Sikt,"momentanvärde, 1 gång/tim",meter,1954-02-16T03:00:00Z,1954-02-16T04:00:00+01:00,-500936400000,,5000,5000,Y,,corrected-archive-csv
162860,Luleå-Kallax Flygplats,12,Sikt,"momentanvärde, 1 gång/tim",meter,1954-02-16T06:00:00Z,1954-02-16T07:00:00+01:00,-500925600000,,16000,16000,Y,,corrected-archive-csv
162860,Luleå-Kallax Flygplats,12,Sikt,"momentanvärde, 1 gång/tim",meter,1954-02-16T09:00:00Z,1954-02-16T10:00:00+01:00,-500914800000,,4000,4000,Y,,corrected-archive-csv
162860,Luleå-Kallax Flygplats,12,Sikt,"momentanvärde, 1 gång/tim",meter,1954-02-16T12:00:00Z,1954-02-16T13:00:00+01:00,-500904000000,,7000,7000,Y,,corrected-archive-csv
162860,Luleå-Kallax Flygplats,12,Sikt,"momentanvärde, 1 gång/tim",meter,1954-02-16T15:00:00Z,1954-02-16T16:00:00+01:00,-500893200000,,6000,6000,Y,,corrected-archive-csv
162860,Luleå-Kallax Flygplats,12,Sikt,"momentanvärde, 1 gång/tim",meter,1954-02-16T18:00:00Z,1954-02-16T19:00:00+01:00,-500882400000,,10000,10000,Y,,corrected-archive-csv
162860,Luleå-Kallax Flygplats,12,Sikt,"momentanvärde, 1 gång/tim",meter,1954-02-16T21:00:00Z,1954-02-16T22:00:00+01:00,-500871600000,,10000,10000,Y,,corrected-archive-csv
162860,Luleå-Kallax Flygplats,12,Sikt,"momentanvärde, 1 gång/tim",meter,1954-02-17T00:00:00Z,1954-02-17T01:00:00+01:00,-500860800000,,8000,8000,Y,,corrected-archive-csv
162860,Luleå-Kallax Flygplats,12,Sikt,"momentanvärde, 1 gång/tim",meter,1954-02-17T03:00:00Z,1954-02-17T04:00:00+01:00,-500850000000,,10000,10000,Y,,corrected-archive-csv
162860,Luleå-Kallax Flygplats,12,Sikt,"momentanvärde, 1 gång/tim",meter,1954-02-17T06:00:00Z,1954-02-17T07:00:00+01:00,-500839200000,,10000,10000,Y,,corrected-archive-csv
162860,Luleå-Kallax Flygplats,12,Sikt,"momentanvärde, 1 gång/tim",meter,1954-02-17T09:00:00Z,1954-02-17T10:00:00+01:00,-500828400000,,6000,6000,Y,,corrected-archive-csv
162860,Luleå-Kallax Flygplats,12,Sikt,"momentanvärde, 1 gång/tim",meter,1954-02-17T12:00:00Z,1954-02-17T13:00:00+01:00,-500817600000,,5000,5000,Y,,corrected-archive-csv
162860,Luleå-Kallax Flygplats,12,Sikt,"momentanvärde, 1 gång/tim",meter,1954-02-17T15:00:00Z,1954-02-17T16:00:00+01:00,-500806800000,,6000,6000,Y,,corrected-archive-csv
162860,Luleå-Kallax Flygplats,12,Sikt,"momentanvärde, 1 gång/tim",meter,1954-02-17T18:00:00Z,1954-02-17T19:00:00+01:00,-500796000000,,7000,7000,Y,,corrected-archive-csv
162860,Luleå-Kallax Flygplats,12,Sikt,"momentanvärde, 1 gång/tim",meter,1954-02-17T21:00:00Z,1954-02-17T22:00:00+01:00,-500785200000,,7000,7000,Y,,corrected-archive-csv
162860,Luleå-Kallax Flygplats,12,Sikt,"momentanvärde, 1 gång/tim",meter,1954-02-18T00:00:00Z,1954-02-18T01:00:00+01:00,-500774400000,,7000,7000,Y,,corrected-archive-csv
162860,Luleå-Kallax Flygplats,12,Sikt,"momentanvärde, 1 gång/tim",meter,1954-02-18T03:00:00Z,1954-02-18T04:00:00+01:00,-500763600000,,16000,16000,Y,,corrected-archive-csv
162860,Luleå-Kallax Flygplats,12,Sikt,"momentanvärde, 1 gång/tim",meter,1954-02-18T06:00:00Z,1954-02-18T07:00:00+01:00,-500752800000,,16000,16000,Y,,corrected-archive-csv
162860,Luleå-Kallax Flygplats,12,Sikt,"momentanvärde, 1 gång/tim",meter,1954-02-18T09:00:00Z,1954-02-18T10:00:00+01:00,-500742000000,,10000,10000,Y,,corrected-archive-csv
162860,Luleå-Kallax Flygplats,12,Sikt,"momentanvärde, 1 gång/tim",meter,1954-02-18T12:00:00Z,1954-02-18T13:00:00+01:00,-500731200000,,20000,20000,Y,,corrected-archive-csv
162860,Luleå-Kallax Flygplats,12,Sikt,"momentanvärde, 1 gång/tim",meter,1954-02-18T15:00:00Z,1954-02-18T16:00:00+01:00,-500720400000,,16000,16000,Y,,corrected-archive-csv
162860,Luleå-Kallax Flygplats,12,Sikt,"momentanvärde, 1 gång/tim",meter,1954-02-18T18:00:00Z,1954-02-18T19:00:00+01:00,-500709600000,,20000,20000,Y,,corrected-archive-csv
162860,Luleå-Kallax Flygplats,12,Sikt,"momentanvärde, 1 gång/tim",meter,1954-02-18T21:00:00Z,1954-02-18T22:00:00+01:00,-500698800000,,20000,20000,Y,,corrected-archive-csv
162860,Luleå-Kallax Flygplats,12,Sikt,"momentanvärde, 1 gång/tim",meter,1954-02-19T00:00:00Z,1954-02-19T01:00:00+01:00,-500688000000,,20000,20000,Y,,corrected-archive-csv
162860,Luleå-Kallax Flygplats,12,Sikt,"momentanvärde, 1 gång/tim",meter,1954-02-19T03:00:00Z,1954-02-19T04:00:00+01:00,-500677200000,,20000,20000,Y,,corrected-archive-csv
162860,Luleå-Kallax Flygplats,12,Sikt,"momentanvärde, 1 gång/tim",meter,1954-02-19T06:00:00Z,1954-02-19T07:00:00+01:00,-500666400000,,20000,20000,Y,,corrected-archive-csv
162860,Luleå-Kallax Flygplats,12,Sikt,"momentanvärde, 1 gång/tim",meter,1954-02-19T09:00:00Z,1954-02-19T10:00:00+01:00,-500655600000,,20000,20000,Y,,corrected-archive-csv
162860,Luleå-Kallax Flygplats,12,Sikt,"momentanvärde, 1 gång/tim",meter,1954-02-19T12:00:00Z,1954-02-19T13:00:00+01:00,-500644800000,,20000,20000,Y,,corrected-archive-csv
162860,Luleå-Kallax Flygplats,12,Sikt,"momentanvärde, 1 gång/tim",meter,1954-02-19T15:00:00Z,1954-02-19T16:00:00+01:00,-500634000000,,16000,16000,Y,,corrected-archive-csv
162860,Luleå-Kallax Flygplats,12,Sikt,"momentanvärde, 1 gång/tim",meter,1954-02-19T18:00:00Z,1954-02-19T19:00:00+01:00,-500623200000,,16000,16000,Y,,corrected-archive-csv
162860,Luleå-Kallax Flygplats,12,Sikt,"momentanvärde, 1 gång/tim",meter,1954-02-19T21:00:00Z,1954-02-19T22:00:00+01:00,-500612400000,,20000,20000,Y,,corrected-archive-csv
162860,Luleå-Kallax Flygplats,12,Sikt,"momentanvärde, 1 gång/tim",meter,1954-02-20T00:00:00Z,1954-02-20T01:00:00+01:00,-500601600000,,20000,20000,Y,,corrected-archive-csv
162860,Luleå-Kallax Flygplats,12,Sikt,"momentanvärde, 1 gång/tim",meter,1954-02-20T03:00:00Z,1954-02-20T04:00:00+01:00,-500590800000,,16000,16000,Y,,corrected-archive-csv
162860,Luleå-Kallax Flygplats,12,Sikt,"momentanvärde, 1 gång/tim",meter,1954-02-20T06:00:00Z,1954-02-20T07:00:00+01:00,-500580000000,,6000,6000,Y,,corrected-archive-csv
162860,Luleå-Kallax Flygplats,12,Sikt,"momentanvärde, 1 gång/tim",meter,1954-02-20T09:00:00Z,1954-02-20T10:00:00+01:00,-500569200000,,4000,4000,Y,,corrected-archive-csv
162860,Luleå-Kallax Flygplats,12,Sikt,"momentanvärde, 1 gång/tim",meter,1954-02-20T12:00:00Z,1954-02-20T13:00:00+01:00,-500558400000,,10000,10000,Y,,corrected-archive-csv
162860,Luleå-Kallax Flygplats,12,Sikt,"momentanvärde, 1 gång/tim",meter,1954-02-20T15:00:00Z,1954-02-20T16:00:00+01:00,-500547600000,,16000,16000,Y,,corrected-archive-csv
162860,Luleå-Kallax Flygplats,12,Sikt,"momentanvärde, 1 gång/tim",meter,1954-02-20T18:00:00Z,1954-02-20T19:00:00+01:00,-500536800000,,20000,20000,Y,,corrected-archive-csv
162860,Luleå-Kallax Flygplats,12,Sikt,"momentanvärde, 1 gång/tim",meter,1954-02-20T21:00:00Z,1954-02-20T22:00:00+01:00,-500526000000,,20000,20000,Y,,corrected-archive-csv
162860,Luleå-Kallax Flygplats,12,Sikt,"momentanvärde, 1 gång/tim",meter,1954-02-21T00:00:00Z,1954-02-21T01:00:00+01:00,-500515200000,,16000,16000,Y,,corrected-archive-csv
162860,Luleå-Kallax Flygplats,12,Sikt,"momentanvärde, 1 gång/tim",meter,1954-02-21T03:00:00Z,1954-02-21T04:00:00+01:00,-500504400000,,20000,20000,Y,,corrected-archive-csv
162860,Luleå-Kallax Flygplats,12,Sikt,"momentanvärde, 1 gång/tim",meter,1954-02-21T06:00:00Z,1954-02-21T07:00:00+01:00,-500493600000,,20000,20000,Y,,corrected-archive-csv
162860,Luleå-Kallax Flygplats,12,Sikt,"momentanvärde, 1 gång/tim",meter,1954-02-21T09:00:00Z,1954-02-21T10:00:00+01:00,-500482800000,,10000,10000,Y,,corrected-archive-csv
162860,Luleå-Kallax Flygplats,12,Sikt,"momentanvärde, 1 gång/tim",meter,1954-02-21T12:00:00Z,1954-02-21T13:00:00+01:00,-500472000000,,4000,4000,Y,,corrected-archive-csv
162860,Luleå-Kallax Flygplats,12,Sikt,"momentanvärde, 1 gång/tim",meter,1954-02-21T15:00:00Z,1954-02-21T16:00:00+01:00,-500461200000,,6000,6000,Y,,corrected-archive-csv
162860,Luleå-Kallax Flygplats,12,Sikt,"momentanvärde, 1 gång/tim",meter,1954-02-21T18:00:00Z,1954-02-21T19:00:00+01:00,-500450400000,,16000,16000,Y,,corrected-archive-csv
162860,Luleå-Kallax Flygplats,12,Sikt,"momentanvärde, 1 gång/tim",meter,1954-02-21T21:00:00Z,1954-02-21T22:00:00+01:00,-500439600000,,16000,16000,Y,,corrected-archive-csv
162860,Luleå-Kallax Flygplats,12,Sikt,"momentanvärde, 1 gång/tim",meter,1954-02-22T00:00:00Z,1954-02-22T01:00:00+01:00,-500428800000,,20000,20000,Y,,corrected-archive-csv
162860,Luleå-Kallax Flygplats,12,Sikt,"momentanvärde, 1 gång/tim",meter,1954-02-22T03:00:00Z,1954-02-22T04:00:00+01:00,-500418000000,,40000,40000,Y,,corrected-archive-csv
162860,Luleå-Kallax Flygplats,12,Sikt,"momentanvärde, 1 gång/tim",meter,1954-02-22T06:00:00Z,1954-02-22T07:00:00+01:00,-500407200000,,40000,40000,Y,,corrected-archive-csv
162860,Luleå-Kallax Flygplats,12,Sikt,"momentanvärde, 1 gång/tim",meter,1954-02-22T09:00:00Z,1954-02-22T10:00:00+01:00,-500396400000,,16000,16000,Y,,corrected-archive-csv
162860,Luleå-Kallax Flygplats,12,Sikt,"momentanvärde, 1 gång/tim",meter,1954-02-22T12:00:00Z,1954-02-22T13:00:00+01:00,-500385600000,,16000,16000,Y,,corrected-archive-csv
162860,Luleå-Kallax Flygplats,12,Sikt,"momentanvärde, 1 gång/tim",meter,1954-02-22T15:00:00Z,1954-02-22T16:00:00+01:00,-500374800000,,7000,7000,Y,,corrected-archive-csv
162860,Luleå-Kallax Flygplats,12,Sikt,"momentanvärde, 1 gång/tim",meter,1954-02-22T18:00:00Z,1954-02-22T19:00:00+01:00,-500364000000,,7000,7000,Y,,corrected-archive-csv
162860,Luleå-Kallax Flygplats,12,Sikt,"momentanvärde, 1 gång/tim",meter,1954-02-22T21:00:00Z,1954-02-22T22:00:00+01:00,-500353200000,,7000,7000,Y,,corrected-archive-csv
162860,Luleå-Kallax Flygplats,12,Sikt,"momentanvärde, 1 gång/tim",meter,1954-02-23T00:00:00Z,1954-02-23T01:00:00+01:00,-500342400000,,7000,7000,Y,,corrected-archive-csv
162860,Luleå-Kallax Flygplats,12,Sikt,"momentanvärde, 1 gång/tim",meter,1954-02-23T03:00:00Z,1954-02-23T04:00:00+01:00,-500331600000,,7000,7000,Y,,corrected-archive-csv
162860,Luleå-Kallax Flygplats,12,Sikt,"momentanvärde, 1 gång/tim",meter,1954-02-23T06:00:00Z,1954-02-23T07:00:00+01:00,-500320800000,,5000,5000,Y,,corrected-archive-csv
162860,Luleå-Kallax Flygplats,12,Sikt,"momentanvärde, 1 gång/tim",meter,1954-02-23T09:00:00Z,1954-02-23T10:00:00+01:00,-500310000000,,4000,4000,Y,,corrected-archive-csv
162860,Luleå-Kallax Flygplats,12,Sikt,"momentanvärde, 1 gång/tim",meter,1954-02-23T12:00:00Z,1954-02-23T13:00:00+01:00,-500299200000,,6000,6000,Y,,corrected-archive-csv
162860,Luleå-Kallax Flygplats,12,Sikt,"momentanvärde, 1 gång/tim",meter,1954-02-23T15:00:00Z,1954-02-23T16:00:00+01:00,-500288400000,,5000,5000,Y,,corrected-archive-csv
162860,Luleå-Kallax Flygplats,12,Sikt,"momentanvärde, 1 gång/tim",meter,1954-02-23T18:00:00Z,1954-02-23T19:00:00+01:00,-500277600000,,8000,8000,Y,,corrected-archive-csv
162860,Luleå-Kallax Flygplats,12,Sikt,"momentanvärde, 1 gång/tim",meter,1954-02-23T21:00:00Z,1954-02-23T22:00:00+01:00,-500266800000,,8000,8000,Y,,corrected-archive-csv
162860,Luleå-Kallax Flygplats,12,Sikt,"momentanvärde, 1 gång/tim",meter,1954-02-24T00:00:00Z,1954-02-24T01:00:00+01:00,-500256000000,,10000,10000,Y,,corrected-archive-csv
162860,Luleå-Kallax Flygplats,12,Sikt,"momentanvärde, 1 gång/tim",meter,1954-02-24T03:00:00Z,1954-02-24T04:00:00+01:00,-500245200000,,5000,5000,Y,,corrected-archive-csv
162860,Luleå-Kallax Flygplats,12,Sikt,"momentanvärde, 1 gång/tim",meter,1954-02-24T06:00:00Z,1954-02-24T07:00:00+01:00,-500234400000,,5000,5000,Y,,corrected-archive-csv
162860,Luleå-Kallax Flygplats,12,Sikt,"momentanvärde, 1 gång/tim",meter,1954-02-24T09:00:00Z,1954-02-24T10:00:00+01:00,-500223600000,,5000,5000,Y,,corrected-archive-csv
162860,Luleå-Kallax Flygplats,12,Sikt,"momentanvärde, 1 gång/tim",meter,1954-02-24T12:00:00Z,1954-02-24T13:00:00+01:00,-500212800000,,5000,5000,Y,,corrected-archive-csv
162860,Luleå-Kallax Flygplats,12,Sikt,"momentanvärde, 1 gång/tim",meter,1954-02-24T15:00:00Z,1954-02-24T16:00:00+01:00,-500202000000,,5000,5000,Y,,corrected-archive-csv
162860,Luleå-Kallax Flygplats,12,Sikt,"momentanvärde, 1 gång/tim",meter,1954-02-24T18:00:00Z,1954-02-24T19:00:00+01:00,-500191200000,,16000,16000,Y,,corrected-archive-csv
162860,Luleå-Kallax Flygplats,12,Sikt,"momentanvärde, 1 gång/tim",meter,1954-02-24T21:00:00Z,1954-02-24T22:00:00+01:00,-500180400000,,20000,20000,Y,,corrected-archive-csv
162860,Luleå-Kallax Flygplats,12,Sikt,"momentanvärde, 1 gång/tim",meter,1954-02-25T00:00:00Z,1954-02-25T01:00:00+01:00,-500169600000,,20000,20000,Y,,corrected-archive-csv
162860,Luleå-Kallax Flygplats,12,Sikt,"momentanvärde, 1 gång/tim",meter,1954-02-25T03:00:00Z,1954-02-25T04:00:00+01:00,-500158800000,,10000,10000,Y,,corrected-archive-csv
162860,Luleå-Kallax Flygplats,12,Sikt,"momentanvärde, 1 gång/tim",meter,1954-02-25T06:00:00Z,1954-02-25T07:00:00+01:00,-500148000000,,16000,16000,Y,,corrected-archive-csv
162860,Luleå-Kallax Flygplats,12,Sikt,"momentanvärde, 1 gång/tim",meter,1954-02-25T09:00:00Z,1954-02-25T10:00:00+01:00,-500137200000,,7000,7000,Y,,corrected-archive-csv
162860,Luleå-Kallax Flygplats,12,Sikt,"momentanvärde, 1 gång/tim",meter,1954-02-25T12:00:00Z,1954-02-25T13:00:00+01:00,-500126400000,,10000,10000,Y,,corrected-archive-csv
162860,Luleå-Kallax Flygplats,12,Sikt,"momentanvärde, 1 gång/tim",meter,1954-02-25T15:00:00Z,1954-02-25T16:00:00+01:00,-500115600000,,10000,10000,Y,,corrected-archive-csv
162860,Luleå-Kallax Flygplats,12,Sikt,"momentanvärde, 1 gång/tim",meter,1954-02-25T18:00:00Z,1954-02-25T19:00:00+01:00,-500104800000,,16000,16000,Y,,corrected-archive-csv
162860,Luleå-Kallax Flygplats,12,Sikt,"momentanvärde, 1 gång/tim",meter,1954-02-25T21:00:00Z,1954-02-25T22:00:00+01:00,-500094000000,,20000,20000,Y,,corrected-archive-csv
162860,Luleå-Kallax Flygplats,12,Sikt,"momentanvärde, 1 gång/tim",meter,1954-02-26T00:00:00Z,1954-02-26T01:00:00+01:00,-500083200000,,16000,16000,Y,,corrected-archive-csv
162860,Luleå-Kallax Flygplats,12,Sikt,"momentanvärde, 1 gång/tim",meter,1954-02-26T03:00:00Z,1954-02-26T04:00:00+01:00,-500072400000,,16000,16000,Y,,corrected-archive-csv
162860,Luleå-Kallax Flygplats,12,Sikt,"momentanvärde, 1 gång/tim",meter,1954-02-26T06:00:00Z,1954-02-26T07:00:00+01:00,-500061600000,,6000,6000,Y,,corrected-archive-csv
162860,Luleå-Kallax Flygplats,12,Sikt,"momentanvärde, 1 gång/tim",meter,1954-02-26T09:00:00Z,1954-02-26T10:00:00+01:00,-500050800000,,5000,5000,Y,,corrected-archive-csv
162860,Luleå-Kallax Flygplats,12,Sikt,"momentanvärde, 1 gång/tim",meter,1954-02-26T12:00:00Z,1954-02-26T13:00:00+01:00,-500040000000,,4000,4000,Y,,corrected-archive-csv
162860,Luleå-Kallax Flygplats,12,Sikt,"momentanvärde, 1 gång/tim",meter,1954-02-26T15:00:00Z,1954-02-26T16:00:00+01:00,-500029200000,,16000,16000,Y,,corrected-archive-csv
162860,Luleå-Kallax Flygplats,12,Sikt,"momentanvärde, 1 gång/tim",meter,1954-02-26T18:00:00Z,1954-02-26T19:00:00+01:00,-500018400000,,16000,16000,Y,,corrected-archive-csv
162860,Luleå-Kallax Flygplats,12,Sikt,"momentanvärde, 1 gång/tim",meter,1954-02-26T21:00:00Z,1954-02-26T22:00:00+01:00,-500007600000,,20000,20000,Y,,corrected-archive-csv
162860,Luleå-Kallax Flygplats,12,Sikt,"momentanvärde, 1 gång/tim",meter,1954-02-27T00:00:00Z,1954-02-27T01:00:00+01:00,-499996800000,,20000,20000,Y,,corrected-archive-csv
162860,Luleå-Kallax Flygplats,12,Sikt,"momentanvärde, 1 gång/tim",meter,1954-02-27T03:00:00Z,1954-02-27T04:00:00+01:00,-499986000000,,20000,20000,Y,,corrected-archive-csv
162860,Luleå-Kallax Flygplats,12,Sikt,"momentanvärde, 1 gång/tim",meter,1954-02-27T06:00:00Z,1954-02-27T07:00:00+01:00,-499975200000,,16000,16000,Y,,corrected-archive-csv
162860,Luleå-Kallax Flygplats,12,Sikt,"momentanvärde, 1 gång/tim",meter,1954-02-27T09:00:00Z,1954-02-27T10:00:00+01:00,-499964400000,,16000,16000,Y,,corrected-archive-csv
162860,Luleå-Kallax Flygplats,12,Sikt,"momentanvärde, 1 gång/tim",meter,1954-02-27T12:00:00Z,1954-02-27T13:00:00+01:00,-499953600000,,16000,16000,Y,,corrected-archive-csv
162860,Luleå-Kallax Flygplats,12,Sikt,"momentanvärde, 1 gång/tim",meter,1954-02-27T15:00:00Z,1954-02-27T16:00:00+01:00,-499942800000,,16000,16000,Y,,corrected-archive-csv
162860,Luleå-Kallax Flygplats,12,Sikt,"momentanvärde, 1 gång/tim",meter,1954-02-27T18:00:00Z,1954-02-27T19:00:00+01:00,-499932000000,,16000,16000,Y,,corrected-archive-csv
162860,Luleå-Kallax Flygplats,12,Sikt,"momentanvärde, 1 gång/tim",meter,1954-02-27T21:00:00Z,1954-02-27T22:00:00+01:00,-499921200000,,20000,20000,Y,,corrected-archive-csv
162860,Luleå-Kallax Flygplats,12,Sikt,"momentanvärde, 1 gång/tim",meter,1954-02-28T00:00:00Z,1954-02-28T01:00:00+01:00,-499910400000,,20000,20000,Y,,corrected-archive-csv
162860,Luleå-Kallax Flygplats,12,Sikt,"momentanvärde, 1 gång/tim",meter,1954-02-28T03:00:00Z,1954-02-28T04:00:00+01:00,-499899600000,,20000,20000,Y,,corrected-archive-csv
162860,Luleå-Kallax Flygplats,12,Sikt,"momentanvärde, 1 gång/tim",meter,1954-02-28T06:00:00Z,1954-02-28T07:00:00+01:00,-499888800000,,16000,16000,Y,,corrected-archive-csv
162860,Luleå-Kallax Flygplats,12,Sikt,"momentanvärde, 1 gång/tim",meter,1954-02-28T09:00:00Z,1954-02-28T10:00:00+01:00,-499878000000,,5000,5000,Y,,corrected-archive-csv
162860,Luleå-Kallax Flygplats,12,Sikt,"momentanvärde, 1 gång/tim",meter,1954-02-28T12:00:00Z,1954-02-28T13:00:00+01:00,-499867200000,,6000,6000,Y,,corrected-archive-csv
162860,Luleå-Kallax Flygplats,12,Sikt,"momentanvärde, 1 gång/tim",meter,1954-02-28T15:00:00Z,1954-02-28T16:00:00+01:00,-499856400000,,4000,4000,Y,,corrected-archive-csv
162860,Luleå-Kallax Flygplats,12,Sikt,"momentanvärde, 1 gång/tim",meter,1954-02-28T18:00:00Z,1954-02-28T19:00:00+01:00,-499845600000,,5000,5000,Y,,corrected-archive-csv
162860,Luleå-Kallax Flygplats,12,Sikt,"momentanvärde, 1 gång/tim",meter,1954-02-28T21:00:00Z,1954-02-28T22:00:00+01:00,-499834800000,,5000,5000,Y,,corrected-archive-csv
162860,Luleå-Kallax Flygplats,12,Sikt,"momentanvärde, 1 gång/tim",meter,1954-03-01T00:00:00Z,1954-03-01T01:00:00+01:00,-499824000000,,5000,5000,Y,,corrected-archive-csv
162860,Luleå-Kallax Flygplats,12,Sikt,"momentanvärde, 1 gång/tim",meter,1954-03-01T03:00:00Z,1954-03-01T04:00:00+01:00,-499813200000,,5000,5000,Y,,corrected-archive-csv
162860,Luleå-Kallax Flygplats,12,Sikt,"momentanvärde, 1 gång/tim",meter,1954-03-01T06:00:00Z,1954-03-01T07:00:00+01:00,-499802400000,,6000,6000,Y,,corrected-archive-csv
162860,Luleå-Kallax Flygplats,12,Sikt,"momentanvärde, 1 gång/tim",meter,1954-03-01T09:00:00Z,1954-03-01T10:00:00+01:00,-499791600000,,3000,3000,Y,,corrected-archive-csv
162860,Luleå-Kallax Flygplats,12,Sikt,"momentanvärde, 1 gång/tim",meter,1954-03-01T12:00:00Z,1954-03-01T13:00:00+01:00,-499780800000,,3000,3000,Y,,corrected-archive-csv
162860,Luleå-Kallax Flygplats,12,Sikt,"momentanvärde, 1 gång/tim",meter,1954-03-01T15:00:00Z,1954-03-01T16:00:00+01:00,-499770000000,,6000,6000,Y,,corrected-archive-csv
162860,Luleå-Kallax Flygplats,12,Sikt,"momentanvärde, 1 gång/tim",meter,1954-03-01T18:00:00Z,1954-03-01T19:00:00+01:00,-499759200000,,10000,10000,Y,,corrected-archive-csv
162860,Luleå-Kallax Flygplats,12,Sikt,"momentanvärde, 1 gång/tim",meter,1954-03-01T21:00:00Z,1954-03-01T22:00:00+01:00,-499748400000,,8000,8000,Y,,corrected-archive-csv
162860,Luleå-Kallax Flygplats,12,Sikt,"momentanvärde, 1 gång/tim",meter,1954-03-02T00:00:00Z,1954-03-02T01:00:00+01:00,-499737600000,,16000,16000,Y,,corrected-archive-csv
162860,Luleå-Kallax Flygplats,12,Sikt,"momentanvärde, 1 gång/tim",meter,1954-03-02T03:00:00Z,1954-03-02T04:00:00+01:00,-499726800000,,10000,10000,Y,,corrected-archive-csv
162860,Luleå-Kallax Flygplats,12,Sikt,"momentanvärde, 1 gång/tim",meter,1954-03-02T06:00:00Z,1954-03-02T07:00:00+01:00,-499716000000,,4000,4000,Y,,corrected-archive-csv
162860,Luleå-Kallax Flygplats,12,Sikt,"momentanvärde, 1 gång/tim",meter,1954-03-02T09:00:00Z,1954-03-02T10:00:00+01:00,-499705200000,,1200,1200,Y,,corrected-archive-csv
162860,Luleå-Kallax Flygplats,12,Sikt,"momentanvärde, 1 gång/tim",meter,1954-03-02T12:00:00Z,1954-03-02T13:00:00+01:00,-499694400000,,5000,5000,Y,,corrected-archive-csv
162860,Luleå-Kallax Flygplats,12,Sikt,"momentanvärde, 1 gång/tim",meter,1954-03-02T15:00:00Z,1954-03-02T16:00:00+01:00,-499683600000,,1000,1000,Y,,corrected-archive-csv
162860,Luleå-Kallax Flygplats,12,Sikt,"momentanvärde, 1 gång/tim",meter,1954-03-02T18:00:00Z,1954-03-02T19:00:00+01:00,-499672800000,,2000,2000,Y,,corrected-archive-csv
162860,Luleå-Kallax Flygplats,12,Sikt,"momentanvärde, 1 gång/tim",meter,1954-03-02T21:00:00Z,1954-03-02T22:00:00+01:00,-499662000000,,6000,6000,Y,,corrected-archive-csv
162860,Luleå-Kallax Flygplats,12,Sikt,"momentanvärde, 1 gång/tim",meter,1954-03-03T00:00:00Z,1954-03-03T01:00:00+01:00,-499651200000,,6000,6000,Y,,corrected-archive-csv
162860,Luleå-Kallax Flygplats,12,Sikt,"momentanvärde, 1 gång/tim",meter,1954-03-03T03:00:00Z,1954-03-03T04:00:00+01:00,-499640400000,,8000,8000,Y,,corrected-archive-csv
162860,Luleå-Kallax Flygplats,12,Sikt,"momentanvärde, 1 gång/tim",meter,1954-03-03T06:00:00Z,1954-03-03T07:00:00+01:00,-499629600000,,1000,1000,Y,,corrected-archive-csv
162860,Luleå-Kallax Flygplats,12,Sikt,"momentanvärde, 1 gång/tim",meter,1954-03-03T09:00:00Z,1954-03-03T10:00:00+01:00,-499618800000,,6000,6000,Y,,corrected-archive-csv
162860,Luleå-Kallax Flygplats,12,Sikt,"momentanvärde, 1 gång/tim",meter,1954-03-03T12:00:00Z,1954-03-03T13:00:00+01:00,-499608000000,,4000,4000,Y,,corrected-archive-csv
162860,Luleå-Kallax Flygplats,12,Sikt,"momentanvärde, 1 gång/tim",meter,1954-03-03T15:00:00Z,1954-03-03T16:00:00+01:00,-499597200000,,6000,6000,Y,,corrected-archive-csv
162860,Luleå-Kallax Flygplats,12,Sikt,"momentanvärde, 1 gång/tim",meter,1954-03-03T18:00:00Z,1954-03-03T19:00:00+01:00,-499586400000,,2000,2000,Y,,corrected-archive-csv
162860,Luleå-Kallax Flygplats,12,Sikt,"momentanvärde, 1 gång/tim",meter,1954-03-03T21:00:00Z,1954-03-03T22:00:00+01:00,-499575600000,,6000,6000,Y,,corrected-archive-csv
162860,Luleå-Kallax Flygplats,12,Sikt,"momentanvärde, 1 gång/tim",meter,1954-03-04T00:00:00Z,1954-03-04T01:00:00+01:00,-499564800000,,6000,6000,Y,,corrected-archive-csv
162860,Luleå-Kallax Flygplats,12,Sikt,"momentanvärde, 1 gång/tim",meter,1954-03-04T03:00:00Z,1954-03-04T04:00:00+01:00,-499554000000,,16000,16000,Y,,corrected-archive-csv
162860,Luleå-Kallax Flygplats,12,Sikt,"momentanvärde, 1 gång/tim",meter,1954-03-04T06:00:00Z,1954-03-04T07:00:00+01:00,-499543200000,,6000,6000,Y,,corrected-archive-csv
162860,Luleå-Kallax Flygplats,12,Sikt,"momentanvärde, 1 gång/tim",meter,1954-03-04T09:00:00Z,1954-03-04T10:00:00+01:00,-499532400000,,12000,12000,Y,,corrected-archive-csv
162860,Luleå-Kallax Flygplats,12,Sikt,"momentanvärde, 1 gång/tim",meter,1954-03-04T12:00:00Z,1954-03-04T13:00:00+01:00,-499521600000,,16000,16000,Y,,corrected-archive-csv
162860,Luleå-Kallax Flygplats,12,Sikt,"momentanvärde, 1 gång/tim",meter,1954-03-04T15:00:00Z,1954-03-04T16:00:00+01:00,-499510800000,,16000,16000,Y,,corrected-archive-csv
162860,Luleå-Kallax Flygplats,12,Sikt,"momentanvärde, 1 gång/tim",meter,1954-03-04T18:00:00Z,1954-03-04T19:00:00+01:00,-499500000000,,7000,7000,Y,,corrected-archive-csv
162860,Luleå-Kallax Flygplats,12,Sikt,"momentanvärde, 1 gång/tim",meter,1954-03-04T21:00:00Z,1954-03-04T22:00:00+01:00,-499489200000,,10000,10000,Y,,corrected-archive-csv
162860,Luleå-Kallax Flygplats,12,Sikt,"momentanvärde, 1 gång/tim",meter,1954-03-05T00:00:00Z,1954-03-05T01:00:00+01:00,-499478400000,,10000,10000,Y,,corrected-archive-csv
162860,Luleå-Kallax Flygplats,12,Sikt,"momentanvärde, 1 gång/tim",meter,1954-03-05T03:00:00Z,1954-03-05T04:00:00+01:00,-499467600000,,10000,10000,Y,,corrected-archive-csv
162860,Luleå-Kallax Flygplats,12,Sikt,"momentanvärde, 1 gång/tim",meter,1954-03-05T06:00:00Z,1954-03-05T07:00:00+01:00,-499456800000,,6000,6000,Y,,corrected-archive-csv
162860,Luleå-Kallax Flygplats,12,Sikt,"momentanvärde, 1 gång/tim",meter,1954-03-05T09:00:00Z,1954-03-05T10:00:00+01:00,-499446000000,,6000,6000,Y,,corrected-archive-csv
162860,Luleå-Kallax Flygplats,12,Sikt,"momentanvärde, 1 gång/tim",meter,1954-03-05T12:00:00Z,1954-03-05T13:00:00+01:00,-499435200000,,16000,16000,Y,,corrected-archive-csv
162860,Luleå-Kallax Flygplats,12,Sikt,"momentanvärde, 1 gång/tim",meter,1954-03-05T15:00:00Z,1954-03-05T16:00:00+01:00,-499424400000,,16000,16000,Y,,corrected-archive-csv
162860,Luleå-Kallax Flygplats,12,Sikt,"momentanvärde, 1 gång/tim",meter,1954-03-05T18:00:00Z,1954-03-05T19:00:00+01:00,-499413600000,,6000,6000,Y,,corrected-archive-csv
162860,Luleå-Kallax Flygplats,12,Sikt,"momentanvärde, 1 gång/tim",meter,1954-03-05T21:00:00Z,1954-03-05T22:00:00+01:00,-499402800000,,16000,16000,Y,,corrected-archive-csv
162860,Luleå-Kallax Flygplats,12,Sikt,"momentanvärde, 1 gång/tim",meter,1954-03-06T00:00:00Z,1954-03-06T01:00:00+01:00,-499392000000,,10000,10000,Y,,corrected-archive-csv
162860,Luleå-Kallax Flygplats,12,Sikt,"momentanvärde, 1 gång/tim",meter,1954-03-06T03:00:00Z,1954-03-06T04:00:00+01:00,-499381200000,,10000,10000,Y,,corrected-archive-csv
162860,Luleå-Kallax Flygplats,12,Sikt,"momentanvärde, 1 gång/tim",meter,1954-03-06T06:00:00Z,1954-03-06T07:00:00+01:00,-499370400000,,1400,1400,Y,,corrected-archive-csv
162860,Luleå-Kallax Flygplats,12,Sikt,"momentanvärde, 1 gång/tim",meter,1954-03-06T09:00:00Z,1954-03-06T10:00:00+01:00,-499359600000,,100,100,Y,,corrected-archive-csv
162860,Luleå-Kallax Flygplats,12,Sikt,"momentanvärde, 1 gång/tim",meter,1954-03-06T12:00:00Z,1954-03-06T13:00:00+01:00,-499348800000,,1000,1000,Y,,corrected-archive-csv
162860,Luleå-Kallax Flygplats,12,Sikt,"momentanvärde, 1 gång/tim",meter,1954-03-06T15:00:00Z,1954-03-06T16:00:00+01:00,-499338000000,,5000,5000,Y,,corrected-archive-csv
162860,Luleå-Kallax Flygplats,12,Sikt,"momentanvärde, 1 gång/tim",meter,1954-03-06T18:00:00Z,1954-03-06T19:00:00+01:00,-499327200000,,5000,5000,Y,,corrected-archive-csv
162860,Luleå-Kallax Flygplats,12,Sikt,"momentanvärde, 1 gång/tim",meter,1954-03-06T21:00:00Z,1954-03-06T22:00:00+01:00,-499316400000,,4000,4000,Y,,corrected-archive-csv
162860,Luleå-Kallax Flygplats,12,Sikt,"momentanvärde, 1 gång/tim",meter,1954-03-07T00:00:00Z,1954-03-07T01:00:00+01:00,-499305600000,,16000,16000,Y,,corrected-archive-csv
162860,Luleå-Kallax Flygplats,12,Sikt,"momentanvärde, 1 gång/tim",meter,1954-03-07T03:00:00Z,1954-03-07T04:00:00+01:00,-499294800000,,20000,20000,Y,,corrected-archive-csv
162860,Luleå-Kallax Flygplats,12,Sikt,"momentanvärde, 1 gång/tim",meter,1954-03-07T06:00:00Z,1954-03-07T07:00:00+01:00,-499284000000,,20000,20000,Y,,corrected-archive-csv
162860,Luleå-Kallax Flygplats,12,Sikt,"momentanvärde, 1 gång/tim",meter,1954-03-07T09:00:00Z,1954-03-07T10:00:00+01:00,-499273200000,,20000,20000,Y,,corrected-archive-csv
162860,Luleå-Kallax Flygplats,12,Sikt,"momentanvärde, 1 gång/tim",meter,1954-03-07T12:00:00Z,1954-03-07T13:00:00+01:00,-499262400000,,20000,20000,Y,,corrected-archive-csv
162860,Luleå-Kallax Flygplats,12,Sikt,"momentanvärde, 1 gång/tim",meter,1954-03-07T15:00:00Z,1954-03-07T16:00:00+01:00,-499251600000,,16000,16000,Y,,corrected-archive-csv
162860,Luleå-Kallax Flygplats,12,Sikt,"momentanvärde, 1 gång/tim",meter,1954-03-07T18:00:00Z,1954-03-07T19:00:00+01:00,-499240800000,,16000,16000,Y,,corrected-archive-csv
162860,Luleå-Kallax Flygplats,12,Sikt,"momentanvärde, 1 gång/tim",meter,1954-03-07T21:00:00Z,1954-03-07T22:00:00+01:00,-499230000000,,16000,16000,Y,,corrected-archive-csv
162860,Luleå-Kallax Flygplats,12,Sikt,"momentanvärde, 1 gång/tim",meter,1954-03-08T00:00:00Z,1954-03-08T01:00:00+01:00,-499219200000,,16000,16000,Y,,corrected-archive-csv
162860,Luleå-Kallax Flygplats,12,Sikt,"momentanvärde, 1 gång/tim",meter,1954-03-08T03:00:00Z,1954-03-08T04:00:00+01:00,-499208400000,,16000,16000,Y,,corrected-archive-csv
162860,Luleå-Kallax Flygplats,12,Sikt,"momentanvärde, 1 gång/tim",meter,1954-03-08T06:00:00Z,1954-03-08T07:00:00+01:00,-499197600000,,16000,16000,Y,,corrected-archive-csv
162860,Luleå-Kallax Flygplats,12,Sikt,"momentanvärde, 1 gång/tim",meter,1954-03-08T09:00:00Z,1954-03-08T10:00:00+01:00,-499186800000,,16000,16000,Y,,corrected-archive-csv
162860,Luleå-Kallax Flygplats,12,Sikt,"momentanvärde, 1 gång/tim",meter,1954-03-08T12:00:00Z,1954-03-08T13:00:00+01:00,-499176000000,,16000,16000,Y,,corrected-archive-csv
162860,Luleå-Kallax Flygplats,12,Sikt,"momentanvärde, 1 gång/tim",meter,1954-03-08T15:00:00Z,1954-03-08T16:00:00+01:00,-499165200000,,10000,10000,Y,,corrected-archive-csv
162860,Luleå-Kallax Flygplats,12,Sikt,"momentanvärde, 1 gång/tim",meter,1954-03-08T18:00:00Z,1954-03-08T19:00:00+01:00,-499154400000,,1400,1400,Y,,corrected-archive-csv
162860,Luleå-Kallax Flygplats,12,Sikt,"momentanvärde, 1 gång/tim",meter,1954-03-08T21:00:00Z,1954-03-08T22:00:00+01:00,-499143600000,,4000,4000,Y,,corrected-archive-csv
162860,Luleå-Kallax Flygplats,12,Sikt,"momentanvärde, 1 gång/tim",meter,1954-03-09T00:00:00Z,1954-03-09T01:00:00+01:00,-499132800000,,5000,5000,Y,,corrected-archive-csv
162860,Luleå-Kallax Flygplats,12,Sikt,"momentanvärde, 1 gång/tim",meter,1954-03-09T03:00:00Z,1954-03-09T04:00:00+01:00,-499122000000,,5000,5000,Y,,corrected-archive-csv
162860,Luleå-Kallax Flygplats,12,Sikt,"momentanvärde, 1 gång/tim",meter,1954-03-09T06:00:00Z,1954-03-09T07:00:00+01:00,-499111200000,,5000,5000,Y,,corrected-archive-csv
162860,Luleå-Kallax Flygplats,12,Sikt,"momentanvärde, 1 gång/tim",meter,1954-03-09T09:00:00Z,1954-03-09T10:00:00+01:00,-499100400000,,6000,6000,Y,,corrected-archive-csv
162860,Luleå-Kallax Flygplats,12,Sikt,"momentanvärde, 1 gång/tim",meter,1954-03-09T12:00:00Z,1954-03-09T13:00:00+01:00,-499089600000,,6000,6000,Y,,corrected-archive-csv
162860,Luleå-Kallax Flygplats,12,Sikt,"momentanvärde, 1 gång/tim",meter,1954-03-09T15:00:00Z,1954-03-09T16:00:00+01:00,-499078800000,,16000,16000,Y,,corrected-archive-csv
162860,Luleå-Kallax Flygplats,12,Sikt,"momentanvärde, 1 gång/tim",meter,1954-03-09T18:00:00Z,1954-03-09T19:00:00+01:00,-499068000000,,20000,20000,Y,,corrected-archive-csv
162860,Luleå-Kallax Flygplats,12,Sikt,"momentanvärde, 1 gång/tim",meter,1954-03-09T21:00:00Z,1954-03-09T22:00:00+01:00,-499057200000,,20000,20000,Y,,corrected-archive-csv
162860,Luleå-Kallax Flygplats,12,Sikt,"momentanvärde, 1 gång/tim",meter,1954-03-10T00:00:00Z,1954-03-10T01:00:00+01:00,-499046400000,,20000,20000,Y,,corrected-archive-csv
162860,Luleå-Kallax Flygplats,12,Sikt,"momentanvärde, 1 gång/tim",meter,1954-03-10T03:00:00Z,1954-03-10T04:00:00+01:00,-499035600000,,16000,16000,Y,,corrected-archive-csv
162860,Luleå-Kallax Flygplats,12,Sikt,"momentanvärde, 1 gång/tim",meter,1954-03-10T06:00:00Z,1954-03-10T07:00:00+01:00,-499024800000,,16000,16000,Y,,corrected-archive-csv
162860,Luleå-Kallax Flygplats,12,Sikt,"momentanvärde, 1 gång/tim",meter,1954-03-10T09:00:00Z,1954-03-10T10:00:00+01:00,-499014000000,,16000,16000,Y,,corrected-archive-csv
162860,Luleå-Kallax Flygplats,12,Sikt,"momentanvärde, 1 gång/tim",meter,1954-03-10T12:00:00Z,1954-03-10T13:00:00+01:00,-499003200000,,16000,16000,Y,,corrected-archive-csv
162860,Luleå-Kallax Flygplats,12,Sikt,"momentanvärde, 1 gång/tim",meter,1954-03-10T15:00:00Z,1954-03-10T16:00:00+01:00,-498992400000,,16000,16000,Y,,corrected-archive-csv
162860,Luleå-Kallax Flygplats,12,Sikt,"momentanvärde, 1 gång/tim",meter,1954-03-10T18:00:00Z,1954-03-10T19:00:00+01:00,-498981600000,,20000,20000,Y,,corrected-archive-csv
162860,Luleå-Kallax Flygplats,12,Sikt,"momentanvärde, 1 gång/tim",meter,1954-03-10T21:00:00Z,1954-03-10T22:00:00+01:00,-498970800000,,20000,20000,Y,,corrected-archive-csv
162860,Luleå-Kallax Flygplats,12,Sikt,"momentanvärde, 1 gång/tim",meter,1954-03-11T00:00:00Z,1954-03-11T01:00:00+01:00,-498960000000,,20000,20000,Y,,corrected-archive-csv
162860,Luleå-Kallax Flygplats,12,Sikt,"momentanvärde, 1 gång/tim",meter,1954-03-11T03:00:00Z,1954-03-11T04:00:00+01:00,-498949200000,,20000,20000,Y,,corrected-archive-csv
162860,Luleå-Kallax Flygplats,12,Sikt,"momentanvärde, 1 gång/tim",meter,1954-03-11T06:00:00Z,1954-03-11T07:00:00+01:00,-498938400000,,20000,20000,Y,,corrected-archive-csv
162860,Luleå-Kallax Flygplats,12,Sikt,"momentanvärde, 1 gång/tim",meter,1954-03-11T09:00:00Z,1954-03-11T10:00:00+01:00,-498927600000,,40000,40000,Y,,corrected-archive-csv
162860,Luleå-Kallax Flygplats,12,Sikt,"momentanvärde, 1 gång/tim",meter,1954-03-11T12:00:00Z,1954-03-11T13:00:00+01:00,-498916800000,,40000,40000,Y,,corrected-archive-csv
162860,Luleå-Kallax Flygplats,12,Sikt,"momentanvärde, 1 gång/tim",meter,1954-03-11T15:00:00Z,1954-03-11T16:00:00+01:00,-498906000000,,40000,40000,Y,,corrected-archive-csv
162860,Luleå-Kallax Flygplats,12,Sikt,"momentanvärde, 1 gång/tim",meter,1954-03-11T18:00:00Z,1954-03-11T19:00:00+01:00,-498895200000,,40000,40000,Y,,corrected-archive-csv
162860,Luleå-Kallax Flygplats,12,Sikt,"momentanvärde, 1 gång/tim",meter,1954-03-11T21:00:00Z,1954-03-11T22:00:00+01:00,-498884400000,,20000,20000,Y,,corrected-archive-csv
162860,Luleå-Kallax Flygplats,12,Sikt,"momentanvärde, 1 gång/tim",meter,1954-03-12T00:00:00Z,1954-03-12T01:00:00+01:00,-498873600000,,20000,20000,Y,,corrected-archive-csv
162860,Luleå-Kallax Flygplats,12,Sikt,"momentanvärde, 1 gång/tim",meter,1954-03-12T03:00:00Z,1954-03-12T04:00:00+01:00,-498862800000,,20000,20000,Y,,corrected-archive-csv
162860,Luleå-Kallax Flygplats,12,Sikt,"momentanvärde, 1 gång/tim",meter,1954-03-12T06:00:00Z,1954-03-12T07:00:00+01:00,-498852000000,,20000,20000,Y,,corrected-archive-csv
162860,Luleå-Kallax Flygplats,12,Sikt,"momentanvärde, 1 gång/tim",meter,1954-03-12T09:00:00Z,1954-03-12T10:00:00+01:00,-498841200000,,16000,16000,Y,,corrected-archive-csv
162860,Luleå-Kallax Flygplats,12,Sikt,"momentanvärde, 1 gång/tim",meter,1954-03-12T12:00:00Z,1954-03-12T13:00:00+01:00,-498830400000,,20000,20000,Y,,corrected-archive-csv
162860,Luleå-Kallax Flygplats,12,Sikt,"momentanvärde, 1 gång/tim",meter,1954-03-12T15:00:00Z,1954-03-12T16:00:00+01:00,-498819600000,,40000,40000,Y,,corrected-archive-csv
162860,Luleå-Kallax Flygplats,12,Sikt,"momentanvärde, 1 gång/tim",meter,1954-03-12T18:00:00Z,1954-03-12T19:00:00+01:00,-498808800000,,40000,40000,Y,,corrected-archive-csv
162860,Luleå-Kallax Flygplats,12,Sikt,"momentanvärde, 1 gång/tim",meter,1954-03-12T21:00:00Z,1954-03-12T22:00:00+01:00,-498798000000,,60000,60000,Y,,corrected-archive-csv
162860,Luleå-Kallax Flygplats,12,Sikt,"momentanvärde, 1 gång/tim",meter,1954-03-13T00:00:00Z,1954-03-13T01:00:00+01:00,-498787200000,,60000,60000,Y,,corrected-archive-csv
162860,Luleå-Kallax Flygplats,12,Sikt,"momentanvärde, 1 gång/tim",meter,1954-03-13T03:00:00Z,1954-03-13T04:00:00+01:00,-498776400000,,60000,60000,Y,,corrected-archive-csv
162860,Luleå-Kallax Flygplats,12,Sikt,"momentanvärde, 1 gång/tim",meter,1954-03-13T06:00:00Z,1954-03-13T07:00:00+01:00,-498765600000,,60000,60000,Y,,corrected-archive-csv
162860,Luleå-Kallax Flygplats,12,Sikt,"momentanvärde, 1 gång/tim",meter,1954-03-13T09:00:00Z,1954-03-13T10:00:00+01:00,-498754800000,,60000,60000,Y,,corrected-archive-csv
162860,Luleå-Kallax Flygplats,12,Sikt,"momentanvärde, 1 gång/tim",meter,1954-03-13T12:00:00Z,1954-03-13T13:00:00+01:00,-498744000000,,60000,60000,Y,,corrected-archive-csv
162860,Luleå-Kallax Flygplats,12,Sikt,"momentanvärde, 1 gång/tim",meter,1954-03-13T15:00:00Z,1954-03-13T16:00:00+01:00,-498733200000,,60000,60000,Y,,corrected-archive-csv
162860,Luleå-Kallax Flygplats,12,Sikt,"momentanvärde, 1 gång/tim",meter,1954-03-13T18:00:00Z,1954-03-13T19:00:00+01:00,-498722400000,,60000,60000,Y,,corrected-archive-csv
162860,Luleå-Kallax Flygplats,12,Sikt,"momentanvärde, 1 gång/tim",meter,1954-03-13T21:00:00Z,1954-03-13T22:00:00+01:00,-498711600000,,60000,60000,Y,,corrected-archive-csv
162860,Luleå-Kallax Flygplats,12,Sikt,"momentanvärde, 1 gång/tim",meter,1954-03-14T00:00:00Z,1954-03-14T01:00:00+01:00,-498700800000,,40000,40000,Y,,corrected-archive-csv
162860,Luleå-Kallax Flygplats,12,Sikt,"momentanvärde, 1 gång/tim",meter,1954-03-14T03:00:00Z,1954-03-14T04:00:00+01:00,-498690000000,,40000,40000,Y,,corrected-archive-csv
162860,Luleå-Kallax Flygplats,12,Sikt,"momentanvärde, 1 gång/tim",meter,1954-03-14T06:00:00Z,1954-03-14T07:00:00+01:00,-498679200000,,60000,60000,Y,,corrected-archive-csv
162860,Luleå-Kallax Flygplats,12,Sikt,"momentanvärde, 1 gång/tim",meter,1954-03-14T09:00:00Z,1954-03-14T10:00:00+01:00,-498668400000,,60000,60000,Y,,corrected-archive-csv
162860,Luleå-Kallax Flygplats,12,Sikt,"momentanvärde, 1 gång/tim",meter,1954-03-14T12:00:00Z,1954-03-14T13:00:00+01:00,-498657600000,,60000,60000,Y,,corrected-archive-csv
162860,Luleå-Kallax Flygplats,12,Sikt,"momentanvärde, 1 gång/tim",meter,1954-03-14T15:00:00Z,1954-03-14T16:00:00+01:00,-498646800000,,60000,60000,Y,,corrected-archive-csv
162860,Luleå-Kallax Flygplats,12,Sikt,"momentanvärde, 1 gång/tim",meter,1954-03-14T18:00:00Z,1954-03-14T19:00:00+01:00,-498636000000,,20000,20000,Y,,corrected-archive-csv
162860,Luleå-Kallax Flygplats,12,Sikt,"momentanvärde, 1 gång/tim",meter,1954-03-14T21:00:00Z,1954-03-14T22:00:00+01:00,-498625200000,,40000,40000,Y,,corrected-archive-csv
162860,Luleå-Kallax Flygplats,12,Sikt,"momentanvärde, 1 gång/tim",meter,1954-03-15T00:00:00Z,1954-03-15T01:00:00+01:00,-498614400000,,40000,40000,Y,,corrected-archive-csv
162860,Luleå-Kallax Flygplats,12,Sikt,"momentanvärde, 1 gång/tim",meter,1954-03-15T03:00:00Z,1954-03-15T04:00:00+01:00,-498603600000,,40000,40000,Y,,corrected-archive-csv
162860,Luleå-Kallax Flygplats,12,Sikt,"momentanvärde, 1 gång/tim",meter,1954-03-15T06:00:00Z,1954-03-15T07:00:00+01:00,-498592800000,,40000,40000,Y,,corrected-archive-csv
162860,Luleå-Kallax Flygplats,12,Sikt,"momentanvärde, 1 gång/tim",meter,1954-03-15T09:00:00Z,1954-03-15T10:00:00+01:00,-498582000000,,40000,40000,Y,,corrected-archive-csv
162860,Luleå-Kallax Flygplats,12,Sikt,"momentanvärde, 1 gång/tim",meter,1954-03-15T12:00:00Z,1954-03-15T13:00:00+01:00,-498571200000,,40000,40000,Y,,corrected-archive-csv
162860,Luleå-Kallax Flygplats,12,Sikt,"momentanvärde, 1 gång/tim",meter,1954-03-15T15:00:00Z,1954-03-15T16:00:00+01:00,-498560400000,,40000,40000,Y,,corrected-archive-csv
162860,Luleå-Kallax Flygplats,12,Sikt,"momentanvärde, 1 gång/tim",meter,1954-03-15T18:00:00Z,1954-03-15T19:00:00+01:00,-498549600000,,40000,40000,Y,,corrected-archive-csv
162860,Luleå-Kallax Flygplats,12,Sikt,"momentanvärde, 1 gång/tim",meter,1954-03-15T21:00:00Z,1954-03-15T22:00:00+01:00,-498538800000,,40000,40000,Y,,corrected-archive-csv
162860,Luleå-Kallax Flygplats,12,Sikt,"momentanvärde, 1 gång/tim",meter,1954-03-16T00:00:00Z,1954-03-16T01:00:00+01:00,-498528000000,,40000,40000,Y,,corrected-archive-csv
162860,Luleå-Kallax Flygplats,12,Sikt,"momentanvärde, 1 gång/tim",meter,1954-03-16T03:00:00Z,1954-03-16T04:00:00+01:00,-498517200000,,40000,40000,Y,,corrected-archive-csv
162860,Luleå-Kallax Flygplats,12,Sikt,"momentanvärde, 1 gång/tim",meter,1954-03-16T06:00:00Z,1954-03-16T07:00:00+01:00,-498506400000,,40000,40000,Y,,corrected-archive-csv
162860,Luleå-Kallax Flygplats,12,Sikt,"momentanvärde, 1 gång/tim",meter,1954-03-16T09:00:00Z,1954-03-16T10:00:00+01:00,-498495600000,,60000,60000,Y,,corrected-archive-csv
162860,Luleå-Kallax Flygplats,12,Sikt,"momentanvärde, 1 gång/tim",meter,1954-03-16T12:00:00Z,1954-03-16T13:00:00+01:00,-498484800000,,60000,60000,Y,,corrected-archive-csv
162860,Luleå-Kallax Flygplats,12,Sikt,"momentanvärde, 1 gång/tim",meter,1954-03-16T15:00:00Z,1954-03-16T16:00:00+01:00,-498474000000,,60000,60000,Y,,corrected-archive-csv
162860,Luleå-Kallax Flygplats,12,Sikt,"momentanvärde, 1 gång/tim",meter,1954-03-16T18:00:00Z,1954-03-16T19:00:00+01:00,-498463200000,,60000,60000,Y,,corrected-archive-csv
162860,Luleå-Kallax Flygplats,12,Sikt,"momentanvärde, 1 gång/tim",meter,1954-03-16T21:00:00Z,1954-03-16T22:00:00+01:00,-498452400000,,60000,60000,Y,,corrected-archive-csv
162860,Luleå-Kallax Flygplats,12,Sikt,"momentanvärde, 1 gång/tim",meter,1954-03-17T00:00:00Z,1954-03-17T01:00:00+01:00,-498441600000,,40000,40000,Y,,corrected-archive-csv
162860,Luleå-Kallax Flygplats,12,Sikt,"momentanvärde, 1 gång/tim",meter,1954-03-17T03:00:00Z,1954-03-17T04:00:00+01:00,-498430800000,,60000,60000,Y,,corrected-archive-csv
162860,Luleå-Kallax Flygplats,12,Sikt,"momentanvärde, 1 gång/tim",meter,1954-03-17T06:00:00Z,1954-03-17T07:00:00+01:00,-498420000000,,60000,60000,Y,,corrected-archive-csv
162860,Luleå-Kallax Flygplats,12,Sikt,"momentanvärde, 1 gång/tim",meter,1954-03-17T09:00:00Z,1954-03-17T10:00:00+01:00,-498409200000,,60000,60000,Y,,corrected-archive-csv
162860,Luleå-Kallax Flygplats,12,Sikt,"momentanvärde, 1 gång/tim",meter,1954-03-17T12:00:00Z,1954-03-17T13:00:00+01:00,-498398400000,,60000,60000,Y,,corrected-archive-csv
162860,Luleå-Kallax Flygplats,12,Sikt,"momentanvärde, 1 gång/tim",meter,1954-03-17T15:00:00Z,1954-03-17T16:00:00+01:00,-498387600000,,60000,60000,Y,,corrected-archive-csv
162860,Luleå-Kallax Flygplats,12,Sikt,"momentanvärde, 1 gång/tim",meter,1954-03-17T18:00:00Z,1954-03-17T19:00:00+01:00,-498376800000,,60000,60000,Y,,corrected-archive-csv
162860,Luleå-Kallax Flygplats,12,Sikt,"momentanvärde, 1 gång/tim",meter,1954-03-17T21:00:00Z,1954-03-17T22:00:00+01:00,-498366000000,,60000,60000,Y,,corrected-archive-csv
162860,Luleå-Kallax Flygplats,12,Sikt,"momentanvärde, 1 gång/tim",meter,1954-03-18T00:00:00Z,1954-03-18T01:00:00+01:00,-498355200000,,60000,60000,Y,,corrected-archive-csv
162860,Luleå-Kallax Flygplats,12,Sikt,"momentanvärde, 1 gång/tim",meter,1954-03-18T03:00:00Z,1954-03-18T04:00:00+01:00,-498344400000,,6000,6000,Y,,corrected-archive-csv
162860,Luleå-Kallax Flygplats,12,Sikt,"momentanvärde, 1 gång/tim",meter,1954-03-18T06:00:00Z,1954-03-18T07:00:00+01:00,-498333600000,,2000,2000,Y,,corrected-archive-csv
162860,Luleå-Kallax Flygplats,12,Sikt,"momentanvärde, 1 gång/tim",meter,1954-03-18T09:00:00Z,1954-03-18T10:00:00+01:00,-498322800000,,3000,3000,Y,,corrected-archive-csv
162860,Luleå-Kallax Flygplats,12,Sikt,"momentanvärde, 1 gång/tim",meter,1954-03-18T12:00:00Z,1954-03-18T13:00:00+01:00,-498312000000,,16000,16000,Y,,corrected-archive-csv
162860,Luleå-Kallax Flygplats,12,Sikt,"momentanvärde, 1 gång/tim",meter,1954-03-18T15:00:00Z,1954-03-18T16:00:00+01:00,-498301200000,,20000,20000,Y,,corrected-archive-csv
162860,Luleå-Kallax Flygplats,12,Sikt,"momentanvärde, 1 gång/tim",meter,1954-03-18T18:00:00Z,1954-03-18T19:00:00+01:00,-498290400000,,40000,40000,Y,,corrected-archive-csv
162860,Luleå-Kallax Flygplats,12,Sikt,"momentanvärde, 1 gång/tim",meter,1954-03-18T21:00:00Z,1954-03-18T22:00:00+01:00,-498279600000,,40000,40000,Y,,corrected-archive-csv
162860,Luleå-Kallax Flygplats,12,Sikt,"momentanvärde, 1 gång/tim",meter,1954-03-19T00:00:00Z,1954-03-19T01:00:00+01:00,-498268800000,,40000,40000,Y,,corrected-archive-csv
162860,Luleå-Kallax Flygplats,12,Sikt,"momentanvärde, 1 gång/tim",meter,1954-03-19T03:00:00Z,1954-03-19T04:00:00+01:00,-498258000000,,40000,40000,Y,,corrected-archive-csv
162860,Luleå-Kallax Flygplats,12,Sikt,"momentanvärde, 1 gång/tim",meter,1954-03-19T06:00:00Z,1954-03-19T07:00:00+01:00,-498247200000,,60000,60000,Y,,corrected-archive-csv
162860,Luleå-Kallax Flygplats,12,Sikt,"momentanvärde, 1 gång/tim",meter,1954-03-19T09:00:00Z,1954-03-19T10:00:00+01:00,-498236400000,,60000,60000,Y,,corrected-archive-csv
162860,Luleå-Kallax Flygplats,12,Sikt,"momentanvärde, 1 gång/tim",meter,1954-03-19T12:00:00Z,1954-03-19T13:00:00+01:00,-498225600000,,40000,40000,Y,,corrected-archive-csv
162860,Luleå-Kallax Flygplats,12,Sikt,"momentanvärde, 1 gång/tim",meter,1954-03-19T15:00:00Z,1954-03-19T16:00:00+01:00,-498214800000,,40000,40000,Y,,corrected-archive-csv
162860,Luleå-Kallax Flygplats,12,Sikt,"momentanvärde, 1 gång/tim",meter,1954-03-19T18:00:00Z,1954-03-19T19:00:00+01:00,-498204000000,,40000,40000,Y,,corrected-archive-csv
162860,Luleå-Kallax Flygplats,12,Sikt,"momentanvärde, 1 gång/tim",meter,1954-03-19T21:00:00Z,1954-03-19T22:00:00+01:00,-498193200000,,40000,40000,Y,,corrected-archive-csv
162860,Luleå-Kallax Flygplats,12,Sikt,"momentanvärde, 1 gång/tim",meter,1954-03-20T00:00:00Z,1954-03-20T01:00:00+01:00,-498182400000,,60000,60000,Y,,corrected-archive-csv
162860,Luleå-Kallax Flygplats,12,Sikt,"momentanvärde, 1 gång/tim",meter,1954-03-20T03:00:00Z,1954-03-20T04:00:00+01:00,-498171600000,,60000,60000,Y,,corrected-archive-csv
162860,Luleå-Kallax Flygplats,12,Sikt,"momentanvärde, 1 gång/tim",meter,1954-03-20T06:00:00Z,1954-03-20T07:00:00+01:00,-498160800000,,60000,60000,Y,,corrected-archive-csv
162860,Luleå-Kallax Flygplats,12,Sikt,"momentanvärde, 1 gång/tim",meter,1954-03-20T09:00:00Z,1954-03-20T10:00:00+01:00,-498150000000,,60000,60000,Y,,corrected-archive-csv
162860,Luleå-Kallax Flygplats,12,Sikt,"momentanvärde, 1 gång/tim",meter,1954-03-20T12:00:00Z,1954-03-20T13:00:00+01:00,-498139200000,,60000,60000,Y,,corrected-archive-csv
162860,Luleå-Kallax Flygplats,12,Sikt,"momentanvärde, 1 gång/tim",meter,1954-03-20T15:00:00Z,1954-03-20T16:00:00+01:00,-498128400000,,60000,60000,Y,,corrected-archive-csv
162860,Luleå-Kallax Flygplats,12,Sikt,"momentanvärde, 1 gång/tim",meter,1954-03-20T18:00:00Z,1954-03-20T19:00:00+01:00,-498117600000,,60000,60000,Y,,corrected-archive-csv
162860,Luleå-Kallax Flygplats,12,Sikt,"momentanvärde, 1 gång/tim",meter,1954-03-20T21:00:00Z,1954-03-20T22:00:00+01:00,-498106800000,,60000,60000,Y,,corrected-archive-csv
162860,Luleå-Kallax Flygplats,12,Sikt,"momentanvärde, 1 gång/tim",meter,1954-03-21T00:00:00Z,1954-03-21T01:00:00+01:00,-498096000000,,60000,60000,Y,,corrected-archive-csv
162860,Luleå-Kallax Flygplats,12,Sikt,"momentanvärde, 1 gång/tim",meter,1954-03-21T03:00:00Z,1954-03-21T04:00:00+01:00,-498085200000,,60000,60000,Y,,corrected-archive-csv
162860,Luleå-Kallax Flygplats,12,Sikt,"momentanvärde, 1 gång/tim",meter,1954-03-21T06:00:00Z,1954-03-21T07:00:00+01:00,-498074400000,,60000,60000,Y,,corrected-archive-csv
162860,Luleå-Kallax Flygplats,12,Sikt,"momentanvärde, 1 gång/tim",meter,1954-03-21T09:00:00Z,1954-03-21T10:00:00+01:00,-498063600000,,60000,60000,Y,,corrected-archive-csv
162860,Luleå-Kallax Flygplats,12,Sikt,"momentanvärde, 1 gång/tim",meter,1954-03-21T12:00:00Z,1954-03-21T13:00:00+01:00,-498052800000,,40000,40000,Y,,corrected-archive-csv
162860,Luleå-Kallax Flygplats,12,Sikt,"momentanvärde, 1 gång/tim",meter,1954-03-21T15:00:00Z,1954-03-21T16:00:00+01:00,-498042000000,,40000,40000,Y,,corrected-archive-csv
162860,Luleå-Kallax Flygplats,12,Sikt,"momentanvärde, 1 gång/tim",meter,1954-03-21T18:00:00Z,1954-03-21T19:00:00+01:00,-498031200000,,60000,60000,Y,,corrected-archive-csv
162860,Luleå-Kallax Flygplats,12,Sikt,"momentanvärde, 1 gång/tim",meter,1954-03-21T21:00:00Z,1954-03-21T22:00:00+01:00,-498020400000,,40000,40000,Y,,corrected-archive-csv
162860,Luleå-Kallax Flygplats,12,Sikt,"momentanvärde, 1 gång/tim",meter,1954-03-22T00:00:00Z,1954-03-22T01:00:00+01:00,-498009600000,,40000,40000,Y,,corrected-archive-csv
162860,Luleå-Kallax Flygplats,12,Sikt,"momentanvärde, 1 gång/tim",meter,1954-03-22T03:00:00Z,1954-03-22T04:00:00+01:00,-497998800000,,6000,6000,Y,,corrected-archive-csv
162860,Luleå-Kallax Flygplats,12,Sikt,"momentanvärde, 1 gång/tim",meter,1954-03-22T06:00:00Z,1954-03-22T07:00:00+01:00,-497988000000,,10000,10000,Y,,corrected-archive-csv
162860,Luleå-Kallax Flygplats,12,Sikt,"momentanvärde, 1 gång/tim",meter,1954-03-22T09:00:00Z,1954-03-22T10:00:00+01:00,-497977200000,,40000,40000,Y,,corrected-archive-csv
162860,Luleå-Kallax Flygplats,12,Sikt,"momentanvärde, 1 gång/tim",meter,1954-03-22T12:00:00Z,1954-03-22T13:00:00+01:00,-497966400000,,20000,20000,Y,,corrected-archive-csv
162860,Luleå-Kallax Flygplats,12,Sikt,"momentanvärde, 1 gång/tim",meter,1954-03-22T15:00:00Z,1954-03-22T16:00:00+01:00,-497955600000,,20000,20000,Y,,corrected-archive-csv
162860,Luleå-Kallax Flygplats,12,Sikt,"momentanvärde, 1 gång/tim",meter,1954-03-22T18:00:00Z,1954-03-22T19:00:00+01:00,-497944800000,,20000,20000,Y,,corrected-archive-csv
162860,Luleå-Kallax Flygplats,12,Sikt,"momentanvärde, 1 gång/tim",meter,1954-03-22T21:00:00Z,1954-03-22T22:00:00+01:00,-497934000000,,20000,20000,Y,,corrected-archive-csv
162860,Luleå-Kallax Flygplats,12,Sikt,"momentanvärde, 1 gång/tim",meter,1954-03-23T00:00:00Z,1954-03-23T01:00:00+01:00,-497923200000,,40000,40000,Y,,corrected-archive-csv
162860,Luleå-Kallax Flygplats,12,Sikt,"momentanvärde, 1 gång/tim",meter,1954-03-23T03:00:00Z,1954-03-23T04:00:00+01:00,-497912400000,,40000,40000,Y,,corrected-archive-csv
162860,Luleå-Kallax Flygplats,12,Sikt,"momentanvärde, 1 gång/tim",meter,1954-03-23T06:00:00Z,1954-03-23T07:00:00+01:00,-497901600000,,40000,40000,Y,,corrected-archive-csv
162860,Luleå-Kallax Flygplats,12,Sikt,"momentanvärde, 1 gång/tim",meter,1954-03-23T09:00:00Z,1954-03-23T10:00:00+01:00,-497890800000,,60000,60000,Y,,corrected-archive-csv
162860,Luleå-Kallax Flygplats,12,Sikt,"momentanvärde, 1 gång/tim",meter,1954-03-23T12:00:00Z,1954-03-23T13:00:00+01:00,-497880000000,,60000,60000,Y,,corrected-archive-csv
162860,Luleå-Kallax Flygplats,12,Sikt,"momentanvärde, 1 gång/tim",meter,1954-03-23T15:00:00Z,1954-03-23T16:00:00+01:00,-497869200000,,60000,60000,Y,,corrected-archive-csv
162860,Luleå-Kallax Flygplats,12,Sikt,"momentanvärde, 1 gång/tim",meter,1954-03-23T18:00:00Z,1954-03-23T19:00:00+01:00,-497858400000,,60000,60000,Y,,corrected-archive-csv
162860,Luleå-Kallax Flygplats,12,Sikt,"momentanvärde, 1 gång/tim",meter,1954-03-23T21:00:00Z,1954-03-23T22:00:00+01:00,-497847600000,,60000,60000,Y,,corrected-archive-csv
162860,Luleå-Kallax Flygplats,12,Sikt,"momentanvärde, 1 gång/tim",meter,1954-03-24T00:00:00Z,1954-03-24T01:00:00+01:00,-497836800000,,20000,20000,Y,,corrected-archive-csv
162860,Luleå-Kallax Flygplats,12,Sikt,"momentanvärde, 1 gång/tim",meter,1954-03-24T03:00:00Z,1954-03-24T04:00:00+01:00,-497826000000,,40000,40000,Y,,corrected-archive-csv
162860,Luleå-Kallax Flygplats,12,Sikt,"momentanvärde, 1 gång/tim",meter,1954-03-24T06:00:00Z,1954-03-24T07:00:00+01:00,-497815200000,,40000,40000,Y,,corrected-archive-csv
162860,Luleå-Kallax Flygplats,12,Sikt,"momentanvärde, 1 gång/tim",meter,1954-03-24T12:00:00Z,1954-03-24T13:00:00+01:00,-497793600000,,60000,60000,Y,,corrected-archive-csv
162860,Luleå-Kallax Flygplats,12,Sikt,"momentanvärde, 1 gång/tim",meter,1954-03-24T15:00:00Z,1954-03-24T16:00:00+01:00,-497782800000,,60000,60000,Y,,corrected-archive-csv
162860,Luleå-Kallax Flygplats,12,Sikt,"momentanvärde, 1 gång/tim",meter,1954-03-24T18:00:00Z,1954-03-24T19:00:00+01:00,-497772000000,,60000,60000,Y,,corrected-archive-csv
162860,Luleå-Kallax Flygplats,12,Sikt,"momentanvärde, 1 gång/tim",meter,1954-03-24T21:00:00Z,1954-03-24T22:00:00+01:00,-497761200000,,60000,60000,Y,,corrected-archive-csv
162860,Luleå-Kallax Flygplats,12,Sikt,"momentanvärde, 1 gång/tim",meter,1954-03-25T00:00:00Z,1954-03-25T01:00:00+01:00,-497750400000,,60000,60000,Y,,corrected-archive-csv
162860,Luleå-Kallax Flygplats,12,Sikt,"momentanvärde, 1 gång/tim",meter,1954-03-25T03:00:00Z,1954-03-25T04:00:00+01:00,-497739600000,,60000,60000,Y,,corrected-archive-csv
162860,Luleå-Kallax Flygplats,12,Sikt,"momentanvärde, 1 gång/tim",meter,1954-03-25T06:00:00Z,1954-03-25T07:00:00+01:00,-497728800000,,60000,60000,Y,,corrected-archive-csv
162860,Luleå-Kallax Flygplats,12,Sikt,"momentanvärde, 1 gång/tim",meter,1954-03-25T09:00:00Z,1954-03-25T10:00:00+01:00,-497718000000,,60000,60000,Y,,corrected-archive-csv
162860,Luleå-Kallax Flygplats,12,Sikt,"momentanvärde, 1 gång/tim",meter,1954-03-25T12:00:00Z,1954-03-25T13:00:00+01:00,-497707200000,,60000,60000,Y,,corrected-archive-csv
162860,Luleå-Kallax Flygplats,12,Sikt,"momentanvärde, 1 gång/tim",meter,1954-03-25T15:00:00Z,1954-03-25T16:00:00+01:00,-497696400000,,60000,60000,Y,,corrected-archive-csv
162860,Luleå-Kallax Flygplats,12,Sikt,"momentanvärde, 1 gång/tim",meter,1954-03-25T18:00:00Z,1954-03-25T19:00:00+01:00,-497685600000,,60000,60000,Y,,corrected-archive-csv
162860,Luleå-Kallax Flygplats,12,Sikt,"momentanvärde, 1 gång/tim",meter,1954-03-25T21:00:00Z,1954-03-25T22:00:00+01:00,-497674800000,,60000,60000,Y,,corrected-archive-csv
162860,Luleå-Kallax Flygplats,12,Sikt,"momentanvärde, 1 gång/tim",meter,1954-03-26T00:00:00Z,1954-03-26T01:00:00+01:00,-497664000000,,60000,60000,Y,,corrected-archive-csv
162860,Luleå-Kallax Flygplats,12,Sikt,"momentanvärde, 1 gång/tim",meter,1954-03-26T03:00:00Z,1954-03-26T04:00:00+01:00,-497653200000,,60000,60000,Y,,corrected-archive-csv
162860,Luleå-Kallax Flygplats,12,Sikt,"momentanvärde, 1 gång/tim",meter,1954-03-26T06:00:00Z,1954-03-26T07:00:00+01:00,-497642400000,,60000,60000,Y,,corrected-archive-csv
162860,Luleå-Kallax Flygplats,12,Sikt,"momentanvärde, 1 gång/tim",meter,1954-03-26T09:00:00Z,1954-03-26T10:00:00+01:00,-497631600000,,60000,60000,Y,,corrected-archive-csv
162860,Luleå-Kallax Flygplats,12,Sikt,"momentanvärde, 1 gång/tim",meter,1954-03-26T12:00:00Z,1954-03-26T13:00:00+01:00,-497620800000,,60000,60000,Y,,corrected-archive-csv
162860,Luleå-Kallax Flygplats,12,Sikt,"momentanvärde, 1 gång/tim",meter,1954-03-26T15:00:00Z,1954-03-26T16:00:00+01:00,-497610000000,,60000,60000,Y,,corrected-archive-csv
162860,Luleå-Kallax Flygplats,12,Sikt,"momentanvärde, 1 gång/tim",meter,1954-03-26T18:00:00Z,1954-03-26T19:00:00+01:00,-497599200000,,60000,60000,Y,,corrected-archive-csv
162860,Luleå-Kallax Flygplats,12,Sikt,"momentanvärde, 1 gång/tim",meter,1954-03-26T21:00:00Z,1954-03-26T22:00:00+01:00,-497588400000,,60000,60000,Y,,corrected-archive-csv
162860,Luleå-Kallax Flygplats,12,Sikt,"momentanvärde, 1 gång/tim",meter,1954-03-27T00:00:00Z,1954-03-27T01:00:00+01:00,-497577600000,,60000,60000,Y,,corrected-archive-csv
162860,Luleå-Kallax Flygplats,12,Sikt,"momentanvärde, 1 gång/tim",meter,1954-03-27T03:00:00Z,1954-03-27T04:00:00+01:00,-497566800000,,60000,60000,Y,,corrected-archive-csv
162860,Luleå-Kallax Flygplats,12,Sikt,"momentanvärde, 1 gång/tim",meter,1954-03-27T06:00:00Z,1954-03-27T07:00:00+01:00,-497556000000,,6000,6000,Y,,corrected-archive-csv
162860,Luleå-Kallax Flygplats,12,Sikt,"momentanvärde, 1 gång/tim",meter,1954-03-27T09:00:00Z,1954-03-27T10:00:00+01:00,-497545200000,,16000,16000,Y,,corrected-archive-csv
162860,Luleå-Kallax Flygplats,12,Sikt,"momentanvärde, 1 gång/tim",meter,1954-03-27T12:00:00Z,1954-03-27T13:00:00+01:00,-497534400000,,10000,10000,Y,,corrected-archive-csv
162860,Luleå-Kallax Flygplats,12,Sikt,"momentanvärde, 1 gång/tim",meter,1954-03-27T15:00:00Z,1954-03-27T16:00:00+01:00,-497523600000,,20000,20000,Y,,corrected-archive-csv
162860,Luleå-Kallax Flygplats,12,Sikt,"momentanvärde, 1 gång/tim",meter,1954-03-27T18:00:00Z,1954-03-27T19:00:00+01:00,-497512800000,,16000,16000,Y,,corrected-archive-csv
162860,Luleå-Kallax Flygplats,12,Sikt,"momentanvärde, 1 gång/tim",meter,1954-03-27T21:00:00Z,1954-03-27T22:00:00+01:00,-497502000000,,20000,20000,Y,,corrected-archive-csv
162860,Luleå-Kallax Flygplats,12,Sikt,"momentanvärde, 1 gång/tim",meter,1954-03-28T00:00:00Z,1954-03-28T01:00:00+01:00,-497491200000,,20000,20000,Y,,corrected-archive-csv
162860,Luleå-Kallax Flygplats,12,Sikt,"momentanvärde, 1 gång/tim",meter,1954-03-28T03:00:00Z,1954-03-28T04:00:00+01:00,-497480400000,,20000,20000,Y,,corrected-archive-csv
162860,Luleå-Kallax Flygplats,12,Sikt,"momentanvärde, 1 gång/tim",meter,1954-03-28T06:00:00Z,1954-03-28T07:00:00+01:00,-497469600000,,16000,16000,Y,,corrected-archive-csv
162860,Luleå-Kallax Flygplats,12,Sikt,"momentanvärde, 1 gång/tim",meter,1954-03-28T09:00:00Z,1954-03-28T10:00:00+01:00,-497458800000,,20000,20000,Y,,corrected-archive-csv
162860,Luleå-Kallax Flygplats,12,Sikt,"momentanvärde, 1 gång/tim",meter,1954-03-28T12:00:00Z,1954-03-28T13:00:00+01:00,-497448000000,,40000,40000,Y,,corrected-archive-csv
162860,Luleå-Kallax Flygplats,12,Sikt,"momentanvärde, 1 gång/tim",meter,1954-03-28T15:00:00Z,1954-03-28T16:00:00+01:00,-497437200000,,40000,40000,Y,,corrected-archive-csv
162860,Luleå-Kallax Flygplats,12,Sikt,"momentanvärde, 1 gång/tim",meter,1954-03-28T18:00:00Z,1954-03-28T19:00:00+01:00,-497426400000,,40000,40000,Y,,corrected-archive-csv
162860,Luleå-Kallax Flygplats,12,Sikt,"momentanvärde, 1 gång/tim",meter,1954-03-28T21:00:00Z,1954-03-28T22:00:00+01:00,-497415600000,,40000,40000,Y,,corrected-archive-csv
162860,Luleå-Kallax Flygplats,12,Sikt,"momentanvärde, 1 gång/tim",meter,1954-03-29T00:00:00Z,1954-03-29T01:00:00+01:00,-497404800000,,40000,40000,Y,,corrected-archive-csv
162860,Luleå-Kallax Flygplats,12,Sikt,"momentanvärde, 1 gång/tim",meter,1954-03-29T03:00:00Z,1954-03-29T04:00:00+01:00,-497394000000,,40000,40000,Y,,corrected-archive-csv
162860,Luleå-Kallax Flygplats,12,Sikt,"momentanvärde, 1 gång/tim",meter,1954-03-29T06:00:00Z,1954-03-29T07:00:00+01:00,-497383200000,,40000,40000,Y,,corrected-archive-csv
162860,Luleå-Kallax Flygplats,12,Sikt,"momentanvärde, 1 gång/tim",meter,1954-03-29T09:00:00Z,1954-03-29T10:00:00+01:00,-497372400000,,60000,60000,Y,,corrected-archive-csv
162860,Luleå-Kallax Flygplats,12,Sikt,"momentanvärde, 1 gång/tim",meter,1954-03-29T12:00:00Z,1954-03-29T13:00:00+01:00,-497361600000,,60000,60000,Y,,corrected-archive-csv
162860,Luleå-Kallax Flygplats,12,Sikt,"momentanvärde, 1 gång/tim",meter,1954-03-29T15:00:00Z,1954-03-29T16:00:00+01:00,-497350800000,,60000,60000,Y,,corrected-archive-csv
162860,Luleå-Kallax Flygplats,12,Sikt,"momentanvärde, 1 gång/tim",meter,1954-03-29T18:00:00Z,1954-03-29T19:00:00+01:00,-497340000000,,60000,60000,Y,,corrected-archive-csv
162860,Luleå-Kallax Flygplats,12,Sikt,"momentanvärde, 1 gång/tim",meter,1954-03-29T21:00:00Z,1954-03-29T22:00:00+01:00,-497329200000,,60000,60000,Y,,corrected-archive-csv
162860,Luleå-Kallax Flygplats,12,Sikt,"momentanvärde, 1 gång/tim",meter,1954-03-30T00:00:00Z,1954-03-30T01:00:00+01:00,-497318400000,,60000,60000,Y,,corrected-archive-csv
162860,Luleå-Kallax Flygplats,12,Sikt,"momentanvärde, 1 gång/tim",meter,1954-03-30T03:00:00Z,1954-03-30T04:00:00+01:00,-497307600000,,60000,60000,Y,,corrected-archive-csv
162860,Luleå-Kallax Flygplats,12,Sikt,"momentanvärde, 1 gång/tim",meter,1954-03-30T06:00:00Z,1954-03-30T07:00:00+01:00,-497296800000,,60000,60000,Y,,corrected-archive-csv
162860,Luleå-Kallax Flygplats,12,Sikt,"momentanvärde, 1 gång/tim",meter,1954-03-30T09:00:00Z,1954-03-30T10:00:00+01:00,-497286000000,,60000,60000,Y,,corrected-archive-csv
162860,Luleå-Kallax Flygplats,12,Sikt,"momentanvärde, 1 gång/tim",meter,1954-03-30T12:00:00Z,1954-03-30T13:00:00+01:00,-497275200000,,60000,60000,Y,,corrected-archive-csv
162860,Luleå-Kallax Flygplats,12,Sikt,"momentanvärde, 1 gång/tim",meter,1954-03-30T15:00:00Z,1954-03-30T16:00:00+01:00,-497264400000,,60000,60000,Y,,corrected-archive-csv
162860,Luleå-Kallax Flygplats,12,Sikt,"momentanvärde, 1 gång/tim",meter,1954-03-30T18:00:00Z,1954-03-30T19:00:00+01:00,-497253600000,,60000,60000,Y,,corrected-archive-csv
162860,Luleå-Kallax Flygplats,12,Sikt,"momentanvärde, 1 gång/tim",meter,1954-03-30T21:00:00Z,1954-03-30T22:00:00+01:00,-497242800000,,60000,60000,Y,,corrected-archive-csv
162860,Luleå-Kallax Flygplats,12,Sikt,"momentanvärde, 1 gång/tim",meter,1954-03-31T00:00:00Z,1954-03-31T01:00:00+01:00,-497232000000,,60000,60000,Y,,corrected-archive-csv
162860,Luleå-Kallax Flygplats,12,Sikt,"momentanvärde, 1 gång/tim",meter,1954-03-31T03:00:00Z,1954-03-31T04:00:00+01:00,-497221200000,,60000,60000,Y,,corrected-archive-csv
162860,Luleå-Kallax Flygplats,12,Sikt,"momentanvärde, 1 gång/tim",meter,1954-03-31T06:00:00Z,1954-03-31T07:00:00+01:00,-497210400000,,60000,60000,Y,,corrected-archive-csv
162860,Luleå-Kallax Flygplats,12,Sikt,"momentanvärde, 1 gång/tim",meter,1954-03-31T09:00:00Z,1954-03-31T10:00:00+01:00,-497199600000,,40000,40000,Y,,corrected-archive-csv
162860,Luleå-Kallax Flygplats,12,Sikt,"momentanvärde, 1 gång/tim",meter,1954-03-31T12:00:00Z,1954-03-31T13:00:00+01:00,-497188800000,,40000,40000,Y,,corrected-archive-csv
162860,Luleå-Kallax Flygplats,12,Sikt,"momentanvärde, 1 gång/tim",meter,1954-03-31T15:00:00Z,1954-03-31T16:00:00+01:00,-497178000000,,60000,60000,Y,,corrected-archive-csv
162860,Luleå-Kallax Flygplats,12,Sikt,"momentanvärde, 1 gång/tim",meter,1954-03-31T18:00:00Z,1954-03-31T19:00:00+01:00,-497167200000,,60000,60000,Y,,corrected-archive-csv
162860,Luleå-Kallax Flygplats,12,Sikt,"momentanvärde, 1 gång/tim",meter,1954-03-31T21:00:00Z,1954-03-31T22:00:00+01:00,-497156400000,,60000,60000,Y,,corrected-archive-csv
162860,Luleå-Kallax Flygplats,12,Sikt,"momentanvärde, 1 gång/tim",meter,1954-04-01T00:00:00Z,1954-04-01T01:00:00+01:00,-497145600000,,60000,60000,Y,,corrected-archive-csv
162860,Luleå-Kallax Flygplats,12,Sikt,"momentanvärde, 1 gång/tim",meter,1954-04-01T03:00:00Z,1954-04-01T04:00:00+01:00,-497134800000,,60000,60000,Y,,corrected-archive-csv
162860,Luleå-Kallax Flygplats,12,Sikt,"momentanvärde, 1 gång/tim",meter,1954-04-01T06:00:00Z,1954-04-01T07:00:00+01:00,-497124000000,,60000,60000,Y,,corrected-archive-csv
162860,Luleå-Kallax Flygplats,12,Sikt,"momentanvärde, 1 gång/tim",meter,1954-04-01T09:00:00Z,1954-04-01T10:00:00+01:00,-497113200000,,20000,20000,Y,,corrected-archive-csv
162860,Luleå-Kallax Flygplats,12,Sikt,"momentanvärde, 1 gång/tim",meter,1954-04-01T12:00:00Z,1954-04-01T13:00:00+01:00,-497102400000,,20000,20000,Y,,corrected-archive-csv
162860,Luleå-Kallax Flygplats,12,Sikt,"momentanvärde, 1 gång/tim",meter,1954-04-01T15:00:00Z,1954-04-01T16:00:00+01:00,-497091600000,,16000,16000,Y,,corrected-archive-csv
162860,Luleå-Kallax Flygplats,12,Sikt,"momentanvärde, 1 gång/tim",meter,1954-04-01T18:00:00Z,1954-04-01T19:00:00+01:00,-497080800000,,10000,10000,Y,,corrected-archive-csv
162860,Luleå-Kallax Flygplats,12,Sikt,"momentanvärde, 1 gång/tim",meter,1954-04-01T21:00:00Z,1954-04-01T22:00:00+01:00,-497070000000,,16000,16000,Y,,corrected-archive-csv
162860,Luleå-Kallax Flygplats,12,Sikt,"momentanvärde, 1 gång/tim",meter,1954-04-02T00:00:00Z,1954-04-02T01:00:00+01:00,-497059200000,,20000,20000,Y,,corrected-archive-csv
162860,Luleå-Kallax Flygplats,12,Sikt,"momentanvärde, 1 gång/tim",meter,1954-04-02T03:00:00Z,1954-04-02T04:00:00+01:00,-497048400000,,20000,20000,Y,,corrected-archive-csv
162860,Luleå-Kallax Flygplats,12,Sikt,"momentanvärde, 1 gång/tim",meter,1954-04-02T06:00:00Z,1954-04-02T07:00:00+01:00,-497037600000,,9000,9000,Y,,corrected-archive-csv
162860,Luleå-Kallax Flygplats,12,Sikt,"momentanvärde, 1 gång/tim",meter,1954-04-02T09:00:00Z,1954-04-02T10:00:00+01:00,-497026800000,,7000,7000,Y,,corrected-archive-csv
162860,Luleå-Kallax Flygplats,12,Sikt,"momentanvärde, 1 gång/tim",meter,1954-04-02T12:00:00Z,1954-04-02T13:00:00+01:00,-497016000000,,16000,16000,Y,,corrected-archive-csv
162860,Luleå-Kallax Flygplats,12,Sikt,"momentanvärde, 1 gång/tim",meter,1954-04-02T15:00:00Z,1954-04-02T16:00:00+01:00,-497005200000,,16000,16000,Y,,corrected-archive-csv
162860,Luleå-Kallax Flygplats,12,Sikt,"momentanvärde, 1 gång/tim",meter,1954-04-02T18:00:00Z,1954-04-02T19:00:00+01:00,-496994400000,,16000,16000,Y,,corrected-archive-csv
162860,Luleå-Kallax Flygplats,12,Sikt,"momentanvärde, 1 gång/tim",meter,1954-04-02T21:00:00Z,1954-04-02T22:00:00+01:00,-496983600000,,16000,16000,Y,,corrected-archive-csv
162860,Luleå-Kallax Flygplats,12,Sikt,"momentanvärde, 1 gång/tim",meter,1954-04-03T00:00:00Z,1954-04-03T01:00:00+01:00,-496972800000,,16000,16000,Y,,corrected-archive-csv
162860,Luleå-Kallax Flygplats,12,Sikt,"momentanvärde, 1 gång/tim",meter,1954-04-03T03:00:00Z,1954-04-03T04:00:00+01:00,-496962000000,,16000,16000,Y,,corrected-archive-csv
162860,Luleå-Kallax Flygplats,12,Sikt,"momentanvärde, 1 gång/tim",meter,1954-04-03T06:00:00Z,1954-04-03T07:00:00+01:00,-496951200000,,12000,12000,Y,,corrected-archive-csv
162860,Luleå-Kallax Flygplats,12,Sikt,"momentanvärde, 1 gång/tim",meter,1954-04-03T09:00:00Z,1954-04-03T10:00:00+01:00,-496940400000,,10000,10000,Y,,corrected-archive-csv
162860,Luleå-Kallax Flygplats,12,Sikt,"momentanvärde, 1 gång/tim",meter,1954-04-03T12:00:00Z,1954-04-03T13:00:00+01:00,-496929600000,,5000,5000,Y,,corrected-archive-csv
162860,Luleå-Kallax Flygplats,12,Sikt,"momentanvärde, 1 gång/tim",meter,1954-04-03T15:00:00Z,1954-04-03T16:00:00+01:00,-496918800000,,6000,6000,Y,,corrected-archive-csv
162860,Luleå-Kallax Flygplats,12,Sikt,"momentanvärde, 1 gång/tim",meter,1954-04-03T18:00:00Z,1954-04-03T19:00:00+01:00,-496908000000,,800,800,Y,,corrected-archive-csv
162860,Luleå-Kallax Flygplats,12,Sikt,"momentanvärde, 1 gång/tim",meter,1954-04-03T21:00:00Z,1954-04-03T22:00:00+01:00,-496897200000,,6000,6000,Y,,corrected-archive-csv
162860,Luleå-Kallax Flygplats,12,Sikt,"momentanvärde, 1 gång/tim",meter,1954-04-04T00:00:00Z,1954-04-04T01:00:00+01:00,-496886400000,,16000,16000,Y,,corrected-archive-csv
162860,Luleå-Kallax Flygplats,12,Sikt,"momentanvärde, 1 gång/tim",meter,1954-04-04T03:00:00Z,1954-04-04T04:00:00+01:00,-496875600000,,800,800,Y,,corrected-archive-csv
162860,Luleå-Kallax Flygplats,12,Sikt,"momentanvärde, 1 gång/tim",meter,1954-04-04T06:00:00Z,1954-04-04T07:00:00+01:00,-496864800000,,2400,2400,Y,,corrected-archive-csv
162860,Luleå-Kallax Flygplats,12,Sikt,"momentanvärde, 1 gång/tim",meter,1954-04-04T09:00:00Z,1954-04-04T10:00:00+01:00,-496854000000,,2000,2000,Y,,corrected-archive-csv
162860,Luleå-Kallax Flygplats,12,Sikt,"momentanvärde, 1 gång/tim",meter,1954-04-04T12:00:00Z,1954-04-04T13:00:00+01:00,-496843200000,,3000,3000,Y,,corrected-archive-csv
162860,Luleå-Kallax Flygplats,12,Sikt,"momentanvärde, 1 gång/tim",meter,1954-04-04T15:00:00Z,1954-04-04T16:00:00+01:00,-496832400000,,1000,1000,Y,,corrected-archive-csv
162860,Luleå-Kallax Flygplats,12,Sikt,"momentanvärde, 1 gång/tim",meter,1954-04-04T18:00:00Z,1954-04-04T19:00:00+01:00,-496821600000,,800,800,Y,,corrected-archive-csv
162860,Luleå-Kallax Flygplats,12,Sikt,"momentanvärde, 1 gång/tim",meter,1954-04-04T21:00:00Z,1954-04-04T22:00:00+01:00,-496810800000,,800,800,Y,,corrected-archive-csv
162860,Luleå-Kallax Flygplats,12,Sikt,"momentanvärde, 1 gång/tim",meter,1954-04-05T00:00:00Z,1954-04-05T01:00:00+01:00,-496800000000,,800,800,Y,,corrected-archive-csv
162860,Luleå-Kallax Flygplats,12,Sikt,"momentanvärde, 1 gång/tim",meter,1954-04-05T03:00:00Z,1954-04-05T04:00:00+01:00,-496789200000,,1000,1000,Y,,corrected-archive-csv
162860,Luleå-Kallax Flygplats,12,Sikt,"momentanvärde, 1 gång/tim",meter,1954-04-05T06:00:00Z,1954-04-05T07:00:00+01:00,-496778400000,,1200,1200,Y,,corrected-archive-csv
162860,Luleå-Kallax Flygplats,12,Sikt,"momentanvärde, 1 gång/tim",meter,1954-04-05T09:00:00Z,1954-04-05T10:00:00+01:00,-496767600000,,4000,4000,Y,,corrected-archive-csv
162860,Luleå-Kallax Flygplats,12,Sikt,"momentanvärde, 1 gång/tim",meter,1954-04-05T12:00:00Z,1954-04-05T13:00:00+01:00,-496756800000,,4000,4000,Y,,corrected-archive-csv
162860,Luleå-Kallax Flygplats,12,Sikt,"momentanvärde, 1 gång/tim",meter,1954-04-05T15:00:00Z,1954-04-05T16:00:00+01:00,-496746000000,,2000,2000,Y,,corrected-archive-csv
162860,Luleå-Kallax Flygplats,12,Sikt,"momentanvärde, 1 gång/tim",meter,1954-04-05T18:00:00Z,1954-04-05T19:00:00+01:00,-496735200000,,6000,6000,Y,,corrected-archive-csv
162860,Luleå-Kallax Flygplats,12,Sikt,"momentanvärde, 1 gång/tim",meter,1954-04-05T21:00:00Z,1954-04-05T22:00:00+01:00,-496724400000,,20000,20000,Y,,corrected-archive-csv
162860,Luleå-Kallax Flygplats,12,Sikt,"momentanvärde, 1 gång/tim",meter,1954-04-06T00:00:00Z,1954-04-06T01:00:00+01:00,-496713600000,,20000,20000,Y,,corrected-archive-csv
162860,Luleå-Kallax Flygplats,12,Sikt,"momentanvärde, 1 gång/tim",meter,1954-04-06T03:00:00Z,1954-04-06T04:00:00+01:00,-496702800000,,20000,20000,Y,,corrected-archive-csv
162860,Luleå-Kallax Flygplats,12,Sikt,"momentanvärde, 1 gång/tim",meter,1954-04-06T06:00:00Z,1954-04-06T07:00:00+01:00,-496692000000,,40000,40000,Y,,corrected-archive-csv
162860,Luleå-Kallax Flygplats,12,Sikt,"momentanvärde, 1 gång/tim",meter,1954-04-06T09:00:00Z,1954-04-06T10:00:00+01:00,-496681200000,,40000,40000,Y,,corrected-archive-csv
162860,Luleå-Kallax Flygplats,12,Sikt,"momentanvärde, 1 gång/tim",meter,1954-04-06T12:00:00Z,1954-04-06T13:00:00+01:00,-496670400000,,40000,40000,Y,,corrected-archive-csv
162860,Luleå-Kallax Flygplats,12,Sikt,"momentanvärde, 1 gång/tim",meter,1954-04-06T15:00:00Z,1954-04-06T16:00:00+01:00,-496659600000,,40000,40000,Y,,corrected-archive-csv
162860,Luleå-Kallax Flygplats,12,Sikt,"momentanvärde, 1 gång/tim",meter,1954-04-06T18:00:00Z,1954-04-06T19:00:00+01:00,-496648800000,,40000,40000,Y,,corrected-archive-csv
162860,Luleå-Kallax Flygplats,12,Sikt,"momentanvärde, 1 gång/tim",meter,1954-04-06T21:00:00Z,1954-04-06T22:00:00+01:00,-496638000000,,40000,40000,Y,,corrected-archive-csv
162860,Luleå-Kallax Flygplats,12,Sikt,"momentanvärde, 1 gång/tim",meter,1954-04-07T00:00:00Z,1954-04-07T01:00:00+01:00,-496627200000,,40000,40000,Y,,corrected-archive-csv
162860,Luleå-Kallax Flygplats,12,Sikt,"momentanvärde, 1 gång/tim",meter,1954-04-07T03:00:00Z,1954-04-07T04:00:00+01:00,-496616400000,,40000,40000,Y,,corrected-archive-csv
162860,Luleå-Kallax Flygplats,12,Sikt,"momentanvärde, 1 gång/tim",meter,1954-04-07T06:00:00Z,1954-04-07T07:00:00+01:00,-496605600000,,40000,40000,Y,,corrected-archive-csv
162860,Luleå-Kallax Flygplats,12,Sikt,"momentanvärde, 1 gång/tim",meter,1954-04-07T09:00:00Z,1954-04-07T10:00:00+01:00,-496594800000,,40000,40000,Y,,corrected-archive-csv
162860,Luleå-Kallax Flygplats,12,Sikt,"momentanvärde, 1 gång/tim",meter,1954-04-07T12:00:00Z,1954-04-07T13:00:00+01:00,-496584000000,,60000,60000,Y,,corrected-archive-csv
162860,Luleå-Kallax Flygplats,12,Sikt,"momentanvärde, 1 gång/tim",meter,1954-04-07T15:00:00Z,1954-04-07T16:00:00+01:00,-496573200000,,60000,60000,Y,,corrected-archive-csv
162860,Luleå-Kallax Flygplats,12,Sikt,"momentanvärde, 1 gång/tim",meter,1954-04-07T18:00:00Z,1954-04-07T19:00:00+01:00,-496562400000,,60000,60000,Y,,corrected-archive-csv
162860,Luleå-Kallax Flygplats,12,Sikt,"momentanvärde, 1 gång/tim",meter,1954-04-07T21:00:00Z,1954-04-07T22:00:00+01:00,-496551600000,,60000,60000,Y,,corrected-archive-csv
162860,Luleå-Kallax Flygplats,12,Sikt,"momentanvärde, 1 gång/tim",meter,1954-04-08T00:00:00Z,1954-04-08T01:00:00+01:00,-496540800000,,60000,60000,Y,,corrected-archive-csv
162860,Luleå-Kallax Flygplats,12,Sikt,"momentanvärde, 1 gång/tim",meter,1954-04-08T03:00:00Z,1954-04-08T04:00:00+01:00,-496530000000,,60000,60000,Y,,corrected-archive-csv
162860,Luleå-Kallax Flygplats,12,Sikt,"momentanvärde, 1 gång/tim",meter,1954-04-08T06:00:00Z,1954-04-08T07:00:00+01:00,-496519200000,,60000,60000,Y,,corrected-archive-csv
162860,Luleå-Kallax Flygplats,12,Sikt,"momentanvärde, 1 gång/tim",meter,1954-04-08T09:00:00Z,1954-04-08T10:00:00+01:00,-496508400000,,60000,60000,Y,,corrected-archive-csv
162860,Luleå-Kallax Flygplats,12,Sikt,"momentanvärde, 1 gång/tim",meter,1954-04-08T12:00:00Z,1954-04-08T13:00:00+01:00,-496497600000,,60000,60000,Y,,corrected-archive-csv
162860,Luleå-Kallax Flygplats,12,Sikt,"momentanvärde, 1 gång/tim",meter,1954-04-08T15:00:00Z,1954-04-08T16:00:00+01:00,-496486800000,,60000,60000,Y,,corrected-archive-csv
162860,Luleå-Kallax Flygplats,12,Sikt,"momentanvärde, 1 gång/tim",meter,1954-04-08T18:00:00Z,1954-04-08T19:00:00+01:00,-496476000000,,60000,60000,Y,,corrected-archive-csv
162860,Luleå-Kallax Flygplats,12,Sikt,"momentanvärde, 1 gång/tim",meter,1954-04-08T21:00:00Z,1954-04-08T22:00:00+01:00,-496465200000,,60000,60000,Y,,corrected-archive-csv
162860,Luleå-Kallax Flygplats,12,Sikt,"momentanvärde, 1 gång/tim",meter,1954-04-09T00:00:00Z,1954-04-09T01:00:00+01:00,-496454400000,,60000,60000,Y,,corrected-archive-csv
162860,Luleå-Kallax Flygplats,12,Sikt,"momentanvärde, 1 gång/tim",meter,1954-04-09T03:00:00Z,1954-04-09T04:00:00+01:00,-496443600000,,60000,60000,Y,,corrected-archive-csv
162860,Luleå-Kallax Flygplats,12,Sikt,"momentanvärde, 1 gång/tim",meter,1954-04-09T06:00:00Z,1954-04-09T07:00:00+01:00,-496432800000,,60000,60000,Y,,corrected-archive-csv
162860,Luleå-Kallax Flygplats,12,Sikt,"momentanvärde, 1 gång/tim",meter,1954-04-09T09:00:00Z,1954-04-09T10:00:00+01:00,-496422000000,,60000,60000,Y,,corrected-archive-csv
162860,Luleå-Kallax Flygplats,12,Sikt,"momentanvärde, 1 gång/tim",meter,1954-04-09T12:00:00Z,1954-04-09T13:00:00+01:00,-496411200000,,60000,60000,Y,,corrected-archive-csv
162860,Luleå-Kallax Flygplats,12,Sikt,"momentanvärde, 1 gång/tim",meter,1954-04-09T15:00:00Z,1954-04-09T16:00:00+01:00,-496400400000,,60000,60000,Y,,corrected-archive-csv
162860,Luleå-Kallax Flygplats,12,Sikt,"momentanvärde, 1 gång/tim",meter,1954-04-09T18:00:00Z,1954-04-09T19:00:00+01:00,-496389600000,,60000,60000,Y,,corrected-archive-csv
162860,Luleå-Kallax Flygplats,12,Sikt,"momentanvärde, 1 gång/tim",meter,1954-04-09T21:00:00Z,1954-04-09T22:00:00+01:00,-496378800000,,60000,60000,Y,,corrected-archive-csv
162860,Luleå-Kallax Flygplats,12,Sikt,"momentanvärde, 1 gång/tim",meter,1954-04-10T00:00:00Z,1954-04-10T01:00:00+01:00,-496368000000,,60000,60000,Y,,corrected-archive-csv
162860,Luleå-Kallax Flygplats,12,Sikt,"momentanvärde, 1 gång/tim",meter,1954-04-10T03:00:00Z,1954-04-10T04:00:00+01:00,-496357200000,,60000,60000,Y,,corrected-archive-csv
162860,Luleå-Kallax Flygplats,12,Sikt,"momentanvärde, 1 gång/tim",meter,1954-04-10T06:00:00Z,1954-04-10T07:00:00+01:00,-496346400000,,60000,60000,Y,,corrected-archive-csv
162860,Luleå-Kallax Flygplats,12,Sikt,"momentanvärde, 1 gång/tim",meter,1954-04-10T09:00:00Z,1954-04-10T10:00:00+01:00,-496335600000,,40000,40000,Y,,corrected-archive-csv
162860,Luleå-Kallax Flygplats,12,Sikt,"momentanvärde, 1 gång/tim",meter,1954-04-10T12:00:00Z,1954-04-10T13:00:00+01:00,-496324800000,,40000,40000,Y,,corrected-archive-csv
162860,Luleå-Kallax Flygplats,12,Sikt,"momentanvärde, 1 gång/tim",meter,1954-04-10T15:00:00Z,1954-04-10T16:00:00+01:00,-496314000000,,40000,40000,Y,,corrected-archive-csv
162860,Luleå-Kallax Flygplats,12,Sikt,"momentanvärde, 1 gång/tim",meter,1954-04-10T18:00:00Z,1954-04-10T19:00:00+01:00,-496303200000,,40000,40000,Y,,corrected-archive-csv
162860,Luleå-Kallax Flygplats,12,Sikt,"momentanvärde, 1 gång/tim",meter,1954-04-10T21:00:00Z,1954-04-10T22:00:00+01:00,-496292400000,,40000,40000,Y,,corrected-archive-csv
162860,Luleå-Kallax Flygplats,12,Sikt,"momentanvärde, 1 gång/tim",meter,1954-04-11T00:00:00Z,1954-04-11T01:00:00+01:00,-496281600000,,20000,20000,Y,,corrected-archive-csv
162860,Luleå-Kallax Flygplats,12,Sikt,"momentanvärde, 1 gång/tim",meter,1954-04-11T03:00:00Z,1954-04-11T04:00:00+01:00,-496270800000,,40000,40000,Y,,corrected-archive-csv
162860,Luleå-Kallax Flygplats,12,Sikt,"momentanvärde, 1 gång/tim",meter,1954-04-11T06:00:00Z,1954-04-11T07:00:00+01:00,-496260000000,,40000,40000,Y,,corrected-archive-csv
162860,Luleå-Kallax Flygplats,12,Sikt,"momentanvärde, 1 gång/tim",meter,1954-04-11T09:00:00Z,1954-04-11T10:00:00+01:00,-496249200000,,40000,40000,Y,,corrected-archive-csv
162860,Luleå-Kallax Flygplats,12,Sikt,"momentanvärde, 1 gång/tim",meter,1954-04-11T12:00:00Z,1954-04-11T13:00:00+01:00,-496238400000,,40000,40000,Y,,corrected-archive-csv
162860,Luleå-Kallax Flygplats,12,Sikt,"momentanvärde, 1 gång/tim",meter,1954-04-11T15:00:00Z,1954-04-11T16:00:00+01:00,-496227600000,,40000,40000,Y,,corrected-archive-csv
162860,Luleå-Kallax Flygplats,12,Sikt,"momentanvärde, 1 gång/tim",meter,1954-04-11T18:00:00Z,1954-04-11T19:00:00+01:00,-496216800000,,40000,40000,Y,,corrected-archive-csv
162860,Luleå-Kallax Flygplats,12,Sikt,"momentanvärde, 1 gång/tim",meter,1954-04-11T21:00:00Z,1954-04-11T22:00:00+01:00,-496206000000,,40000,40000,Y,,corrected-archive-csv
162860,Luleå-Kallax Flygplats,12,Sikt,"momentanvärde, 1 gång/tim",meter,1954-04-12T00:00:00Z,1954-04-12T01:00:00+01:00,-496195200000,,40000,40000,Y,,corrected-archive-csv
162860,Luleå-Kallax Flygplats,12,Sikt,"momentanvärde, 1 gång/tim",meter,1954-04-12T03:00:00Z,1954-04-12T04:00:00+01:00,-496184400000,,20000,20000,Y,,corrected-archive-csv
162860,Luleå-Kallax Flygplats,12,Sikt,"momentanvärde, 1 gång/tim",meter,1954-04-12T06:00:00Z,1954-04-12T07:00:00+01:00,-496173600000,,16000,16000,Y,,corrected-archive-csv
162860,Luleå-Kallax Flygplats,12,Sikt,"momentanvärde, 1 gång/tim",meter,1954-04-12T09:00:00Z,1954-04-12T10:00:00+01:00,-496162800000,,7000,7000,Y,,corrected-archive-csv
162860,Luleå-Kallax Flygplats,12,Sikt,"momentanvärde, 1 gång/tim",meter,1954-04-12T12:00:00Z,1954-04-12T13:00:00+01:00,-496152000000,,7000,7000,Y,,corrected-archive-csv
162860,Luleå-Kallax Flygplats,12,Sikt,"momentanvärde, 1 gång/tim",meter,1954-04-12T15:00:00Z,1954-04-12T16:00:00+01:00,-496141200000,,8000,8000,Y,,corrected-archive-csv
162860,Luleå-Kallax Flygplats,12,Sikt,"momentanvärde, 1 gång/tim",meter,1954-04-12T18:00:00Z,1954-04-12T19:00:00+01:00,-496130400000,,8000,8000,Y,,corrected-archive-csv
162860,Luleå-Kallax Flygplats,12,Sikt,"momentanvärde, 1 gång/tim",meter,1954-04-12T21:00:00Z,1954-04-12T22:00:00+01:00,-496119600000,,6000,6000,Y,,corrected-archive-csv
162860,Luleå-Kallax Flygplats,12,Sikt,"momentanvärde, 1 gång/tim",meter,1954-04-13T00:00:00Z,1954-04-13T01:00:00+01:00,-496108800000,,4000,4000,Y,,corrected-archive-csv
162860,Luleå-Kallax Flygplats,12,Sikt,"momentanvärde, 1 gång/tim",meter,1954-04-13T03:00:00Z,1954-04-13T04:00:00+01:00,-496098000000,,1200,1200,Y,,corrected-archive-csv
162860,Luleå-Kallax Flygplats,12,Sikt,"momentanvärde, 1 gång/tim",meter,1954-04-13T06:00:00Z,1954-04-13T07:00:00+01:00,-496087200000,,1400,1400,Y,,corrected-archive-csv
162860,Luleå-Kallax Flygplats,12,Sikt,"momentanvärde, 1 gång/tim",meter,1954-04-13T09:00:00Z,1954-04-13T10:00:00+01:00,-496076400000,,800,800,Y,,corrected-archive-csv
162860,Luleå-Kallax Flygplats,12,Sikt,"momentanvärde, 1 gång/tim",meter,1954-04-13T12:00:00Z,1954-04-13T13:00:00+01:00,-496065600000,,5000,5000,Y,,corrected-archive-csv
162860,Luleå-Kallax Flygplats,12,Sikt,"momentanvärde, 1 gång/tim",meter,1954-04-13T15:00:00Z,1954-04-13T16:00:00+01:00,-496054800000,,5000,5000,Y,,corrected-archive-csv
162860,Luleå-Kallax Flygplats,12,Sikt,"momentanvärde, 1 gång/tim",meter,1954-04-13T18:00:00Z,1954-04-13T19:00:00+01:00,-496044000000,,16000,16000,Y,,corrected-archive-csv
162860,Luleå-Kallax Flygplats,12,Sikt,"momentanvärde, 1 gång/tim",meter,1954-04-13T21:00:00Z,1954-04-13T22:00:00+01:00,-496033200000,,20000,20000,Y,,corrected-archive-csv
162860,Luleå-Kallax Flygplats,12,Sikt,"momentanvärde, 1 gång/tim",meter,1954-04-14T00:00:00Z,1954-04-14T01:00:00+01:00,-496022400000,,800,800,Y,,corrected-archive-csv
162860,Luleå-Kallax Flygplats,12,Sikt,"momentanvärde, 1 gång/tim",meter,1954-04-14T03:00:00Z,1954-04-14T04:00:00+01:00,-496011600000,,16000,16000,Y,,corrected-archive-csv
162860,Luleå-Kallax Flygplats,12,Sikt,"momentanvärde, 1 gång/tim",meter,1954-04-14T06:00:00Z,1954-04-14T07:00:00+01:00,-496000800000,,8000,8000,Y,,corrected-archive-csv
162860,Luleå-Kallax Flygplats,12,Sikt,"momentanvärde, 1 gång/tim",meter,1954-04-14T09:00:00Z,1954-04-14T10:00:00+01:00,-495990000000,,1200,1200,Y,,corrected-archive-csv
162860,Luleå-Kallax Flygplats,12,Sikt,"momentanvärde, 1 gång/tim",meter,1954-04-14T12:00:00Z,1954-04-14T13:00:00+01:00,-495979200000,,7000,7000,Y,,corrected-archive-csv
162860,Luleå-Kallax Flygplats,12,Sikt,"momentanvärde, 1 gång/tim",meter,1954-04-14T15:00:00Z,1954-04-14T16:00:00+01:00,-495968400000,,7000,7000,Y,,corrected-archive-csv
162860,Luleå-Kallax Flygplats,12,Sikt,"momentanvärde, 1 gång/tim",meter,1954-04-14T18:00:00Z,1954-04-14T19:00:00+01:00,-495957600000,,6000,6000,Y,,corrected-archive-csv
162860,Luleå-Kallax Flygplats,12,Sikt,"momentanvärde, 1 gång/tim",meter,1954-04-14T21:00:00Z,1954-04-14T22:00:00+01:00,-495946800000,,10000,10000,Y,,corrected-archive-csv
162860,Luleå-Kallax Flygplats,12,Sikt,"momentanvärde, 1 gång/tim",meter,1954-04-15T00:00:00Z,1954-04-15T01:00:00+01:00,-495936000000,,6000,6000,Y,,corrected-archive-csv
162860,Luleå-Kallax Flygplats,12,Sikt,"momentanvärde, 1 gång/tim",meter,1954-04-15T03:00:00Z,1954-04-15T04:00:00+01:00,-495925200000,,5000,5000,Y,,corrected-archive-csv
162860,Luleå-Kallax Flygplats,12,Sikt,"momentanvärde, 1 gång/tim",meter,1954-04-15T06:00:00Z,1954-04-15T07:00:00+01:00,-495914400000,,6000,6000,Y,,corrected-archive-csv
162860,Luleå-Kallax Flygplats,12,Sikt,"momentanvärde, 1 gång/tim",meter,1954-04-15T09:00:00Z,1954-04-15T10:00:00+01:00,-495903600000,,7000,7000,Y,,corrected-archive-csv
162860,Luleå-Kallax Flygplats,12,Sikt,"momentanvärde, 1 gång/tim",meter,1954-04-15T12:00:00Z,1954-04-15T13:00:00+01:00,-495892800000,,20000,20000,Y,,corrected-archive-csv
162860,Luleå-Kallax Flygplats,12,Sikt,"momentanvärde, 1 gång/tim",meter,1954-04-15T15:00:00Z,1954-04-15T16:00:00+01:00,-495882000000,,20000,20000,Y,,corrected-archive-csv
162860,Luleå-Kallax Flygplats,12,Sikt,"momentanvärde, 1 gång/tim",meter,1954-04-15T18:00:00Z,1954-04-15T19:00:00+01:00,-495871200000,,20000,20000,Y,,corrected-archive-csv
162860,Luleå-Kallax Flygplats,12,Sikt,"momentanvärde, 1 gång/tim",meter,1954-04-15T21:00:00Z,1954-04-15T22:00:00+01:00,-495860400000,,20000,20000,Y,,corrected-archive-csv
162860,Luleå-Kallax Flygplats,12,Sikt,"momentanvärde, 1 gång/tim",meter,1954-04-16T00:00:00Z,1954-04-16T01:00:00+01:00,-495849600000,,16000,16000,Y,,corrected-archive-csv
162860,Luleå-Kallax Flygplats,12,Sikt,"momentanvärde, 1 gång/tim",meter,1954-04-16T03:00:00Z,1954-04-16T04:00:00+01:00,-495838800000,,20000,20000,Y,,corrected-archive-csv
162860,Luleå-Kallax Flygplats,12,Sikt,"momentanvärde, 1 gång/tim",meter,1954-04-16T06:00:00Z,1954-04-16T07:00:00+01:00,-495828000000,,20000,20000,Y,,corrected-archive-csv
162860,Luleå-Kallax Flygplats,12,Sikt,"momentanvärde, 1 gång/tim",meter,1954-04-16T09:00:00Z,1954-04-16T10:00:00+01:00,-495817200000,,40000,40000,Y,,corrected-archive-csv
162860,Luleå-Kallax Flygplats,12,Sikt,"momentanvärde, 1 gång/tim",meter,1954-04-16T12:00:00Z,1954-04-16T13:00:00+01:00,-495806400000,,60000,60000,Y,,corrected-archive-csv
162860,Luleå-Kallax Flygplats,12,Sikt,"momentanvärde, 1 gång/tim",meter,1954-04-16T15:00:00Z,1954-04-16T16:00:00+01:00,-495795600000,,60000,60000,Y,,corrected-archive-csv
162860,Luleå-Kallax Flygplats,12,Sikt,"momentanvärde, 1 gång/tim",meter,1954-04-16T18:00:00Z,1954-04-16T19:00:00+01:00,-495784800000,,60000,60000,Y,,corrected-archive-csv
162860,Luleå-Kallax Flygplats,12,Sikt,"momentanvärde, 1 gång/tim",meter,1954-04-16T21:00:00Z,1954-04-16T22:00:00+01:00,-495774000000,,60000,60000,Y,,corrected-archive-csv
162860,Luleå-Kallax Flygplats,12,Sikt,"momentanvärde, 1 gång/tim",meter,1954-04-17T00:00:00Z,1954-04-17T01:00:00+01:00,-495763200000,,60000,60000,Y,,corrected-archive-csv
162860,Luleå-Kallax Flygplats,12,Sikt,"momentanvärde, 1 gång/tim",meter,1954-04-17T03:00:00Z,1954-04-17T04:00:00+01:00,-495752400000,,60000,60000,Y,,corrected-archive-csv
162860,Luleå-Kallax Flygplats,12,Sikt,"momentanvärde, 1 gång/tim",meter,1954-04-17T06:00:00Z,1954-04-17T07:00:00+01:00,-495741600000,,40000,40000,Y,,corrected-archive-csv
162860,Luleå-Kallax Flygplats,12,Sikt,"momentanvärde, 1 gång/tim",meter,1954-04-17T09:00:00Z,1954-04-17T10:00:00+01:00,-495730800000,,40000,40000,Y,,corrected-archive-csv
162860,Luleå-Kallax Flygplats,12,Sikt,"momentanvärde, 1 gång/tim",meter,1954-04-17T12:00:00Z,1954-04-17T13:00:00+01:00,-495720000000,,40000,40000,Y,,corrected-archive-csv
162860,Luleå-Kallax Flygplats,12,Sikt,"momentanvärde, 1 gång/tim",meter,1954-04-17T15:00:00Z,1954-04-17T16:00:00+01:00,-495709200000,,40000,40000,Y,,corrected-archive-csv
162860,Luleå-Kallax Flygplats,12,Sikt,"momentanvärde, 1 gång/tim",meter,1954-04-17T18:00:00Z,1954-04-17T19:00:00+01:00,-495698400000,,40000,40000,Y,,corrected-archive-csv
162860,Luleå-Kallax Flygplats,12,Sikt,"momentanvärde, 1 gång/tim",meter,1954-04-17T21:00:00Z,1954-04-17T22:00:00+01:00,-495687600000,,40000,40000,Y,,corrected-archive-csv
162860,Luleå-Kallax Flygplats,12,Sikt,"momentanvärde, 1 gång/tim",meter,1954-04-18T00:00:00Z,1954-04-18T01:00:00+01:00,-495676800000,,40000,40000,Y,,corrected-archive-csv
162860,Luleå-Kallax Flygplats,12,Sikt,"momentanvärde, 1 gång/tim",meter,1954-04-18T03:00:00Z,1954-04-18T04:00:00+01:00,-495666000000,,40000,40000,Y,,corrected-archive-csv
162860,Luleå-Kallax Flygplats,12,Sikt,"momentanvärde, 1 gång/tim",meter,1954-04-18T06:00:00Z,1954-04-18T07:00:00+01:00,-495655200000,,40000,40000,Y,,corrected-archive-csv
162860,Luleå-Kallax Flygplats,12,Sikt,"momentanvärde, 1 gång/tim",meter,1954-04-18T09:00:00Z,1954-04-18T10:00:00+01:00,-495644400000,,40000,40000,Y,,corrected-archive-csv
162860,Luleå-Kallax Flygplats,12,Sikt,"momentanvärde, 1 gång/tim",meter,1954-04-18T12:00:00Z,1954-04-18T13:00:00+01:00,-495633600000,,60000,60000,Y,,corrected-archive-csv
162860,Luleå-Kallax Flygplats,12,Sikt,"momentanvärde, 1 gång/tim",meter,1954-04-18T15:00:00Z,1954-04-18T16:00:00+01:00,-495622800000,,60000,60000,Y,,corrected-archive-csv
162860,Luleå-Kallax Flygplats,12,Sikt,"momentanvärde, 1 gång/tim",meter,1954-04-18T18:00:00Z,1954-04-18T19:00:00+01:00,-495612000000,,200,200,Y,,corrected-archive-csv
162860,Luleå-Kallax Flygplats,12,Sikt,"momentanvärde, 1 gång/tim",meter,1954-04-18T21:00:00Z,1954-04-18T22:00:00+01:00,-495601200000,,200,200,Y,,corrected-archive-csv
162860,Luleå-Kallax Flygplats,12,Sikt,"momentanvärde, 1 gång/tim",meter,1954-04-19T00:00:00Z,1954-04-19T01:00:00+01:00,-495590400000,,400,400,Y,,corrected-archive-csv
162860,Luleå-Kallax Flygplats,12,Sikt,"momentanvärde, 1 gång/tim",meter,1954-04-19T03:00:00Z,1954-04-19T04:00:00+01:00,-495579600000,,200,200,Y,,corrected-archive-csv
162860,Luleå-Kallax Flygplats,12,Sikt,"momentanvärde, 1 gång/tim",meter,1954-04-19T06:00:00Z,1954-04-19T07:00:00+01:00,-495568800000,,1200,1200,Y,,corrected-archive-csv
162860,Luleå-Kallax Flygplats,12,Sikt,"momentanvärde, 1 gång/tim",meter,1954-04-19T09:00:00Z,1954-04-19T10:00:00+01:00,-495558000000,,16000,16000,Y,,corrected-archive-csv
162860,Luleå-Kallax Flygplats,12,Sikt,"momentanvärde, 1 gång/tim",meter,1954-04-19T12:00:00Z,1954-04-19T13:00:00+01:00,-495547200000,,20000,20000,Y,,corrected-archive-csv
162860,Luleå-Kallax Flygplats,12,Sikt,"momentanvärde, 1 gång/tim",meter,1954-04-19T15:00:00Z,1954-04-19T16:00:00+01:00,-495536400000,,20000,20000,Y,,corrected-archive-csv
162860,Luleå-Kallax Flygplats,12,Sikt,"momentanvärde, 1 gång/tim",meter,1954-04-19T18:00:00Z,1954-04-19T19:00:00+01:00,-495525600000,,20000,20000,Y,,corrected-archive-csv
162860,Luleå-Kallax Flygplats,12,Sikt,"momentanvärde, 1 gång/tim",meter,1954-04-19T21:00:00Z,1954-04-19T22:00:00+01:00,-495514800000,,20000,20000,Y,,corrected-archive-csv
162860,Luleå-Kallax Flygplats,12,Sikt,"momentanvärde, 1 gång/tim",meter,1954-04-20T00:00:00Z,1954-04-20T01:00:00+01:00,-495504000000,,20000,20000,Y,,corrected-archive-csv
162860,Luleå-Kallax Flygplats,12,Sikt,"momentanvärde, 1 gång/tim",meter,1954-04-20T03:00:00Z,1954-04-20T04:00:00+01:00,-495493200000,,20000,20000,Y,,corrected-archive-csv
162860,Luleå-Kallax Flygplats,12,Sikt,"momentanvärde, 1 gång/tim",meter,1954-04-20T06:00:00Z,1954-04-20T07:00:00+01:00,-495482400000,,40000,40000,Y,,corrected-archive-csv
162860,Luleå-Kallax Flygplats,12,Sikt,"momentanvärde, 1 gång/tim",meter,1954-04-20T09:00:00Z,1954-04-20T10:00:00+01:00,-495471600000,,40000,40000,Y,,corrected-archive-csv
162860,Luleå-Kallax Flygplats,12,Sikt,"momentanvärde, 1 gång/tim",meter,1954-04-20T12:00:00Z,1954-04-20T13:00:00+01:00,-495460800000,,40000,40000,Y,,corrected-archive-csv
162860,Luleå-Kallax Flygplats,12,Sikt,"momentanvärde, 1 gång/tim",meter,1954-04-20T15:00:00Z,1954-04-20T16:00:00+01:00,-495450000000,,40000,40000,Y,,corrected-archive-csv
162860,Luleå-Kallax Flygplats,12,Sikt,"momentanvärde, 1 gång/tim",meter,1954-04-20T18:00:00Z,1954-04-20T19:00:00+01:00,-495439200000,,40000,40000,Y,,corrected-archive-csv
162860,Luleå-Kallax Flygplats,12,Sikt,"momentanvärde, 1 gång/tim",meter,1954-04-20T21:00:00Z,1954-04-20T22:00:00+01:00,-495428400000,,60000,60000,Y,,corrected-archive-csv
162860,Luleå-Kallax Flygplats,12,Sikt,"momentanvärde, 1 gång/tim",meter,1954-04-21T00:00:00Z,1954-04-21T01:00:00+01:00,-495417600000,,60000,60000,Y,,corrected-archive-csv
162860,Luleå-Kallax Flygplats,12,Sikt,"momentanvärde, 1 gång/tim",meter,1954-04-21T03:00:00Z,1954-04-21T04:00:00+01:00,-495406800000,,60000,60000,Y,,corrected-archive-csv
162860,Luleå-Kallax Flygplats,12,Sikt,"momentanvärde, 1 gång/tim",meter,1954-04-21T06:00:00Z,1954-04-21T07:00:00+01:00,-495396000000,,60000,60000,Y,,corrected-archive-csv
162860,Luleå-Kallax Flygplats,12,Sikt,"momentanvärde, 1 gång/tim",meter,1954-04-21T09:00:00Z,1954-04-21T10:00:00+01:00,-495385200000,,60000,60000,Y,,corrected-archive-csv
162860,Luleå-Kallax Flygplats,12,Sikt,"momentanvärde, 1 gång/tim",meter,1954-04-21T12:00:00Z,1954-04-21T13:00:00+01:00,-495374400000,,60000,60000,Y,,corrected-archive-csv
162860,Luleå-Kallax Flygplats,12,Sikt,"momentanvärde, 1 gång/tim",meter,1954-04-21T15:00:00Z,1954-04-21T16:00:00+01:00,-495363600000,,60000,60000,Y,,corrected-archive-csv
162860,Luleå-Kallax Flygplats,12,Sikt,"momentanvärde, 1 gång/tim",meter,1954-04-21T18:00:00Z,1954-04-21T19:00:00+01:00,-495352800000,,60000,60000,Y,,corrected-archive-csv
162860,Luleå-Kallax Flygplats,12,Sikt,"momentanvärde, 1 gång/tim",meter,1954-04-21T21:00:00Z,1954-04-21T22:00:00+01:00,-495342000000,,60000,60000,Y,,corrected-archive-csv
162860,Luleå-Kallax Flygplats,12,Sikt,"momentanvärde, 1 gång/tim",meter,1954-04-22T00:00:00Z,1954-04-22T01:00:00+01:00,-495331200000,,60000,60000,Y,,corrected-archive-csv
162860,Luleå-Kallax Flygplats,12,Sikt,"momentanvärde, 1 gång/tim",meter,1954-04-22T03:00:00Z,1954-04-22T04:00:00+01:00,-495320400000,,60000,60000,Y,,corrected-archive-csv
162860,Luleå-Kallax Flygplats,12,Sikt,"momentanvärde, 1 gång/tim",meter,1954-04-22T06:00:00Z,1954-04-22T07:00:00+01:00,-495309600000,,60000,60000,Y,,corrected-archive-csv
162860,Luleå-Kallax Flygplats,12,Sikt,"momentanvärde, 1 gång/tim",meter,1954-04-22T09:00:00Z,1954-04-22T10:00:00+01:00,-495298800000,,60000,60000,Y,,corrected-archive-csv
162860,Luleå-Kallax Flygplats,12,Sikt,"momentanvärde, 1 gång/tim",meter,1954-04-22T12:00:00Z,1954-04-22T13:00:00+01:00,-495288000000,,60000,60000,Y,,corrected-archive-csv
162860,Luleå-Kallax Flygplats,12,Sikt,"momentanvärde, 1 gång/tim",meter,1954-04-22T15:00:00Z,1954-04-22T16:00:00+01:00,-495277200000,,60000,60000,Y,,corrected-archive-csv
162860,Luleå-Kallax Flygplats,12,Sikt,"momentanvärde, 1 gång/tim",meter,1954-04-22T18:00:00Z,1954-04-22T19:00:00+01:00,-495266400000,,60000,60000,Y,,corrected-archive-csv
162860,Luleå-Kallax Flygplats,12,Sikt,"momentanvärde, 1 gång/tim",meter,1954-04-22T21:00:00Z,1954-04-22T22:00:00+01:00,-495255600000,,60000,60000,Y,,corrected-archive-csv
162860,Luleå-Kallax Flygplats,12,Sikt,"momentanvärde, 1 gång/tim",meter,1954-04-23T00:00:00Z,1954-04-23T01:00:00+01:00,-495244800000,,60000,60000,Y,,corrected-archive-csv
162860,Luleå-Kallax Flygplats,12,Sikt,"momentanvärde, 1 gång/tim",meter,1954-04-23T03:00:00Z,1954-04-23T04:00:00+01:00,-495234000000,,16000,16000,Y,,corrected-archive-csv
162860,Luleå-Kallax Flygplats,12,Sikt,"momentanvärde, 1 gång/tim",meter,1954-04-23T06:00:00Z,1954-04-23T07:00:00+01:00,-495223200000,,16000,16000,Y,,corrected-archive-csv
162860,Luleå-Kallax Flygplats,12,Sikt,"momentanvärde, 1 gång/tim",meter,1954-04-23T09:00:00Z,1954-04-23T10:00:00+01:00,-495212400000,,60000,60000,Y,,corrected-archive-csv
162860,Luleå-Kallax Flygplats,12,Sikt,"momentanvärde, 1 gång/tim",meter,1954-04-23T12:00:00Z,1954-04-23T13:00:00+01:00,-495201600000,,60000,60000,Y,,corrected-archive-csv
162860,Luleå-Kallax Flygplats,12,Sikt,"momentanvärde, 1 gång/tim",meter,1954-04-23T15:00:00Z,1954-04-23T16:00:00+01:00,-495190800000,,60000,60000,Y,,corrected-archive-csv
162860,Luleå-Kallax Flygplats,12,Sikt,"momentanvärde, 1 gång/tim",meter,1954-04-23T18:00:00Z,1954-04-23T19:00:00+01:00,-495180000000,,60000,60000,Y,,corrected-archive-csv
162860,Luleå-Kallax Flygplats,12,Sikt,"momentanvärde, 1 gång/tim",meter,1954-04-23T21:00:00Z,1954-04-23T22:00:00+01:00,-495169200000,,60000,60000,Y,,corrected-archive-csv
162860,Luleå-Kallax Flygplats,12,Sikt,"momentanvärde, 1 gång/tim",meter,1954-04-24T00:00:00Z,1954-04-24T01:00:00+01:00,-495158400000,,60000,60000,Y,,corrected-archive-csv
162860,Luleå-Kallax Flygplats,12,Sikt,"momentanvärde, 1 gång/tim",meter,1954-04-24T03:00:00Z,1954-04-24T04:00:00+01:00,-495147600000,,60000,60000,Y,,corrected-archive-csv
162860,Luleå-Kallax Flygplats,12,Sikt,"momentanvärde, 1 gång/tim",meter,1954-04-24T06:00:00Z,1954-04-24T07:00:00+01:00,-495136800000,,40000,40000,Y,,corrected-archive-csv
162860,Luleå-Kallax Flygplats,12,Sikt,"momentanvärde, 1 gång/tim",meter,1954-04-24T09:00:00Z,1954-04-24T10:00:00+01:00,-495126000000,,40000,40000,Y,,corrected-archive-csv
162860,Luleå-Kallax Flygplats,12,Sikt,"momentanvärde, 1 gång/tim",meter,1954-04-24T12:00:00Z,1954-04-24T13:00:00+01:00,-495115200000,,60000,60000,Y,,corrected-archive-csv
162860,Luleå-Kallax Flygplats,12,Sikt,"momentanvärde, 1 gång/tim",meter,1954-04-24T15:00:00Z,1954-04-24T16:00:00+01:00,-495104400000,,60000,60000,Y,,corrected-archive-csv
162860,Luleå-Kallax Flygplats,12,Sikt,"momentanvärde, 1 gång/tim",meter,1954-04-24T18:00:00Z,1954-04-24T19:00:00+01:00,-495093600000,,60000,60000,Y,,corrected-archive-csv
162860,Luleå-Kallax Flygplats,12,Sikt,"momentanvärde, 1 gång/tim",meter,1954-04-24T21:00:00Z,1954-04-24T22:00:00+01:00,-495082800000,,60000,60000,Y,,corrected-archive-csv
162860,Luleå-Kallax Flygplats,12,Sikt,"momentanvärde, 1 gång/tim",meter,1954-04-25T00:00:00Z,1954-04-25T01:00:00+01:00,-495072000000,,60000,60000,Y,,corrected-archive-csv
162860,Luleå-Kallax Flygplats,12,Sikt,"momentanvärde, 1 gång/tim",meter,1954-04-25T03:00:00Z,1954-04-25T04:00:00+01:00,-495061200000,,40000,40000,Y,,corrected-archive-csv
162860,Luleå-Kallax Flygplats,12,Sikt,"momentanvärde, 1 gång/tim",meter,1954-04-25T06:00:00Z,1954-04-25T07:00:00+01:00,-495050400000,,60000,60000,Y,,corrected-archive-csv
162860,Luleå-Kallax Flygplats,12,Sikt,"momentanvärde, 1 gång/tim",meter,1954-04-25T09:00:00Z,1954-04-25T10:00:00+01:00,-495039600000,,60000,60000,Y,,corrected-archive-csv
162860,Luleå-Kallax Flygplats,12,Sikt,"momentanvärde, 1 gång/tim",meter,1954-04-25T12:00:00Z,1954-04-25T13:00:00+01:00,-495028800000,,60000,60000,Y,,corrected-archive-csv
162860,Luleå-Kallax Flygplats,12,Sikt,"momentanvärde, 1 gång/tim",meter,1954-04-25T15:00:00Z,1954-04-25T16:00:00+01:00,-495018000000,,40000,40000,Y,,corrected-archive-csv
162860,Luleå-Kallax Flygplats,12,Sikt,"momentanvärde, 1 gång/tim",meter,1954-04-25T18:00:00Z,1954-04-25T19:00:00+01:00,-495007200000,,40000,40000,Y,,corrected-archive-csv
162860,Luleå-Kallax Flygplats,12,Sikt,"momentanvärde, 1 gång/tim",meter,1954-04-25T21:00:00Z,1954-04-25T22:00:00+01:00,-494996400000,,60000,60000,Y,,corrected-archive-csv
162860,Luleå-Kallax Flygplats,12,Sikt,"momentanvärde, 1 gång/tim",meter,1954-04-26T00:00:00Z,1954-04-26T01:00:00+01:00,-494985600000,,60000,60000,Y,,corrected-archive-csv
162860,Luleå-Kallax Flygplats,12,Sikt,"momentanvärde, 1 gång/tim",meter,1954-04-26T03:00:00Z,1954-04-26T04:00:00+01:00,-494974800000,,60000,60000,Y,,corrected-archive-csv
162860,Luleå-Kallax Flygplats,12,Sikt,"momentanvärde, 1 gång/tim",meter,1954-04-26T06:00:00Z,1954-04-26T07:00:00+01:00,-494964000000,,60000,60000,Y,,corrected-archive-csv
162860,Luleå-Kallax Flygplats,12,Sikt,"momentanvärde, 1 gång/tim",meter,1954-04-26T09:00:00Z,1954-04-26T10:00:00+01:00,-494953200000,,60000,60000,Y,,corrected-archive-csv
162860,Luleå-Kallax Flygplats,12,Sikt,"momentanvärde, 1 gång/tim",meter,1954-04-26T12:00:00Z,1954-04-26T13:00:00+01:00,-494942400000,,60000,60000,Y,,corrected-archive-csv
162860,Luleå-Kallax Flygplats,12,Sikt,"momentanvärde, 1 gång/tim",meter,1954-04-26T15:00:00Z,1954-04-26T16:00:00+01:00,-494931600000,,60000,60000,Y,,corrected-archive-csv
162860,Luleå-Kallax Flygplats,12,Sikt,"momentanvärde, 1 gång/tim",meter,1954-04-26T18:00:00Z,1954-04-26T19:00:00+01:00,-494920800000,,60000,60000,Y,,corrected-archive-csv
162860,Luleå-Kallax Flygplats,12,Sikt,"momentanvärde, 1 gång/tim",meter,1954-04-26T21:00:00Z,1954-04-26T22:00:00+01:00,-494910000000,,20000,20000,Y,,corrected-archive-csv
162860,Luleå-Kallax Flygplats,12,Sikt,"momentanvärde, 1 gång/tim",meter,1954-04-27T00:00:00Z,1954-04-27T01:00:00+01:00,-494899200000,,20000,20000,Y,,corrected-archive-csv
162860,Luleå-Kallax Flygplats,12,Sikt,"momentanvärde, 1 gång/tim",meter,1954-04-27T03:00:00Z,1954-04-27T04:00:00+01:00,-494888400000,,40000,40000,Y,,corrected-archive-csv
162860,Luleå-Kallax Flygplats,12,Sikt,"momentanvärde, 1 gång/tim",meter,1954-04-27T06:00:00Z,1954-04-27T07:00:00+01:00,-494877600000,,40000,40000,Y,,corrected-archive-csv
162860,Luleå-Kallax Flygplats,12,Sikt,"momentanvärde, 1 gång/tim",meter,1954-04-27T09:00:00Z,1954-04-27T10:00:00+01:00,-494866800000,,60000,60000,Y,,corrected-archive-csv
162860,Luleå-Kallax Flygplats,12,Sikt,"momentanvärde, 1 gång/tim",meter,1954-04-27T12:00:00Z,1954-04-27T13:00:00+01:00,-494856000000,,60000,60000,Y,,corrected-archive-csv
162860,Luleå-Kallax Flygplats,12,Sikt,"momentanvärde, 1 gång/tim",meter,1954-04-27T15:00:00Z,1954-04-27T16:00:00+01:00,-494845200000,,60000,60000,Y,,corrected-archive-csv
162860,Luleå-Kallax Flygplats,12,Sikt,"momentanvärde, 1 gång/tim",meter,1954-04-27T18:00:00Z,1954-04-27T19:00:00+01:00,-494834400000,,60000,60000,Y,,corrected-archive-csv
162860,Luleå-Kallax Flygplats,12,Sikt,"momentanvärde, 1 gång/tim",meter,1954-04-27T21:00:00Z,1954-04-27T22:00:00+01:00,-494823600000,,60000,60000,Y,,corrected-archive-csv
162860,Luleå-Kallax Flygplats,12,Sikt,"momentanvärde, 1 gång/tim",meter,1954-04-28T00:00:00Z,1954-04-28T01:00:00+01:00,-494812800000,,600,600,Y,,corrected-archive-csv
162860,Luleå-Kallax Flygplats,12,Sikt,"momentanvärde, 1 gång/tim",meter,1954-04-28T03:00:00Z,1954-04-28T04:00:00+01:00,-494802000000,,400,400,Y,,corrected-archive-csv
162860,Luleå-Kallax Flygplats,12,Sikt,"momentanvärde, 1 gång/tim",meter,1954-04-28T06:00:00Z,1954-04-28T07:00:00+01:00,-494791200000,,800,800,Y,,corrected-archive-csv
162860,Luleå-Kallax Flygplats,12,Sikt,"momentanvärde, 1 gång/tim",meter,1954-04-28T09:00:00Z,1954-04-28T10:00:00+01:00,-494780400000,,20000,20000,Y,,corrected-archive-csv
162860,Luleå-Kallax Flygplats,12,Sikt,"momentanvärde, 1 gång/tim",meter,1954-04-28T12:00:00Z,1954-04-28T13:00:00+01:00,-494769600000,,20000,20000,Y,,corrected-archive-csv
162860,Luleå-Kallax Flygplats,12,Sikt,"momentanvärde, 1 gång/tim",meter,1954-04-28T15:00:00Z,1954-04-28T16:00:00+01:00,-494758800000,,16000,16000,Y,,corrected-archive-csv
162860,Luleå-Kallax Flygplats,12,Sikt,"momentanvärde, 1 gång/tim",meter,1954-04-28T18:00:00Z,1954-04-28T19:00:00+01:00,-494748000000,,600,600,Y,,corrected-archive-csv
162860,Luleå-Kallax Flygplats,12,Sikt,"momentanvärde, 1 gång/tim",meter,1954-04-28T21:00:00Z,1954-04-28T22:00:00+01:00,-494737200000,,600,600,Y,,corrected-archive-csv
162860,Luleå-Kallax Flygplats,12,Sikt,"momentanvärde, 1 gång/tim",meter,1954-04-29T00:00:00Z,1954-04-29T01:00:00+01:00,-494726400000,,800,800,Y,,corrected-archive-csv
162860,Luleå-Kallax Flygplats,12,Sikt,"momentanvärde, 1 gång/tim",meter,1954-04-29T03:00:00Z,1954-04-29T04:00:00+01:00,-494715600000,,600,600,Y,,corrected-archive-csv
162860,Luleå-Kallax Flygplats,12,Sikt,"momentanvärde, 1 gång/tim",meter,1954-04-29T06:00:00Z,1954-04-29T07:00:00+01:00,-494704800000,,16000,16000,Y,,corrected-archive-csv
162860,Luleå-Kallax Flygplats,12,Sikt,"momentanvärde, 1 gång/tim",meter,1954-04-29T09:00:00Z,1954-04-29T10:00:00+01:00,-494694000000,,4000,4000,Y,,corrected-archive-csv
162860,Luleå-Kallax Flygplats,12,Sikt,"momentanvärde, 1 gång/tim",meter,1954-04-29T12:00:00Z,1954-04-29T13:00:00+01:00,-494683200000,,2000,2000,Y,,corrected-archive-csv
162860,Luleå-Kallax Flygplats,12,Sikt,"momentanvärde, 1 gång/tim",meter,1954-04-29T15:00:00Z,1954-04-29T16:00:00+01:00,-494672400000,,4000,4000,Y,,corrected-archive-csv
162860,Luleå-Kallax Flygplats,12,Sikt,"momentanvärde, 1 gång/tim",meter,1954-04-29T18:00:00Z,1954-04-29T19:00:00+01:00,-494661600000,,6000,6000,Y,,corrected-archive-csv
162860,Luleå-Kallax Flygplats,12,Sikt,"momentanvärde, 1 gång/tim",meter,1954-04-29T21:00:00Z,1954-04-29T22:00:00+01:00,-494650800000,,16000,16000,Y,,corrected-archive-csv
162860,Luleå-Kallax Flygplats,12,Sikt,"momentanvärde, 1 gång/tim",meter,1954-04-30T00:00:00Z,1954-04-30T01:00:00+01:00,-494640000000,,16000,16000,Y,,corrected-archive-csv
162860,Luleå-Kallax Flygplats,12,Sikt,"momentanvärde, 1 gång/tim",meter,1954-04-30T03:00:00Z,1954-04-30T04:00:00+01:00,-494629200000,,200,200,Y,,corrected-archive-csv
162860,Luleå-Kallax Flygplats,12,Sikt,"momentanvärde, 1 gång/tim",meter,1954-04-30T06:00:00Z,1954-04-30T07:00:00+01:00,-494618400000,,1400,1400,Y,,corrected-archive-csv
162860,Luleå-Kallax Flygplats,12,Sikt,"momentanvärde, 1 gång/tim",meter,1954-04-30T09:00:00Z,1954-04-30T10:00:00+01:00,-494607600000,,16000,16000,Y,,corrected-archive-csv
162860,Luleå-Kallax Flygplats,12,Sikt,"momentanvärde, 1 gång/tim",meter,1954-04-30T12:00:00Z,1954-04-30T13:00:00+01:00,-494596800000,,20000,20000,Y,,corrected-archive-csv
162860,Luleå-Kallax Flygplats,12,Sikt,"momentanvärde, 1 gång/tim",meter,1954-04-30T15:00:00Z,1954-04-30T16:00:00+01:00,-494586000000,,20000,20000,Y,,corrected-archive-csv
162860,Luleå-Kallax Flygplats,12,Sikt,"momentanvärde, 1 gång/tim",meter,1954-04-30T18:00:00Z,1954-04-30T19:00:00+01:00,-494575200000,,10000,10000,Y,,corrected-archive-csv
162860,Luleå-Kallax Flygplats,12,Sikt,"momentanvärde, 1 gång/tim",meter,1954-04-30T21:00:00Z,1954-04-30T22:00:00+01:00,-494564400000,,10000,10000,Y,,corrected-archive-csv
162860,Luleå-Kallax Flygplats,12,Sikt,"momentanvärde, 1 gång/tim",meter,1954-05-01T00:00:00Z,1954-05-01T01:00:00+01:00,-494553600000,,10000,10000,Y,,corrected-archive-csv
162860,Luleå-Kallax Flygplats,12,Sikt,"momentanvärde, 1 gång/tim",meter,1954-05-01T03:00:00Z,1954-05-01T04:00:00+01:00,-494542800000,,16000,16000,Y,,corrected-archive-csv
162860,Luleå-Kallax Flygplats,12,Sikt,"momentanvärde, 1 gång/tim",meter,1954-05-01T06:00:00Z,1954-05-01T07:00:00+01:00,-494532000000,,16000,16000,Y,,corrected-archive-csv
162860,Luleå-Kallax Flygplats,12,Sikt,"momentanvärde, 1 gång/tim",meter,1954-05-01T09:00:00Z,1954-05-01T10:00:00+01:00,-494521200000,,16000,16000,Y,,corrected-archive-csv
162860,Luleå-Kallax Flygplats,12,Sikt,"momentanvärde, 1 gång/tim",meter,1954-05-01T12:00:00Z,1954-05-01T13:00:00+01:00,-494510400000,,14000,14000,Y,,corrected-archive-csv
162860,Luleå-Kallax Flygplats,12,Sikt,"momentanvärde, 1 gång/tim",meter,1954-05-01T15:00:00Z,1954-05-01T16:00:00+01:00,-494499600000,,14000,14000,Y,,corrected-archive-csv
162860,Luleå-Kallax Flygplats,12,Sikt,"momentanvärde, 1 gång/tim",meter,1954-05-01T18:00:00Z,1954-05-01T19:00:00+01:00,-494488800000,,20000,20000,Y,,corrected-archive-csv
162860,Luleå-Kallax Flygplats,12,Sikt,"momentanvärde, 1 gång/tim",meter,1954-05-01T21:00:00Z,1954-05-01T22:00:00+01:00,-494478000000,,16000,16000,Y,,corrected-archive-csv
162860,Luleå-Kallax Flygplats,12,Sikt,"momentanvärde, 1 gång/tim",meter,1954-05-02T00:00:00Z,1954-05-02T01:00:00+01:00,-494467200000,,20000,20000,Y,,corrected-archive-csv
162860,Luleå-Kallax Flygplats,12,Sikt,"momentanvärde, 1 gång/tim",meter,1954-05-02T03:00:00Z,1954-05-02T04:00:00+01:00,-494456400000,,16000,16000,Y,,corrected-archive-csv
162860,Luleå-Kallax Flygplats,12,Sikt,"momentanvärde, 1 gång/tim",meter,1954-05-02T06:00:00Z,1954-05-02T07:00:00+01:00,-494445600000,,16000,16000,Y,,corrected-archive-csv
162860,Luleå-Kallax Flygplats,12,Sikt,"momentanvärde, 1 gång/tim",meter,1954-05-02T09:00:00Z,1954-05-02T10:00:00+01:00,-494434800000,,20000,20000,Y,,corrected-archive-csv
162860,Luleå-Kallax Flygplats,12,Sikt,"momentanvärde, 1 gång/tim",meter,1954-05-02T12:00:00Z,1954-05-02T13:00:00+01:00,-494424000000,,40000,40000,Y,,corrected-archive-csv
162860,Luleå-Kallax Flygplats,12,Sikt,"momentanvärde, 1 gång/tim",meter,1954-05-02T15:00:00Z,1954-05-02T16:00:00+01:00,-494413200000,,40000,40000,Y,,corrected-archive-csv
162860,Luleå-Kallax Flygplats,12,Sikt,"momentanvärde, 1 gång/tim",meter,1954-05-02T18:00:00Z,1954-05-02T19:00:00+01:00,-494402400000,,40000,40000,Y,,corrected-archive-csv
162860,Luleå-Kallax Flygplats,12,Sikt,"momentanvärde, 1 gång/tim",meter,1954-05-02T21:00:00Z,1954-05-02T22:00:00+01:00,-494391600000,,40000,40000,Y,,corrected-archive-csv
162860,Luleå-Kallax Flygplats,12,Sikt,"momentanvärde, 1 gång/tim",meter,1954-05-03T00:00:00Z,1954-05-03T01:00:00+01:00,-494380800000,,6000,6000,Y,,corrected-archive-csv
162860,Luleå-Kallax Flygplats,12,Sikt,"momentanvärde, 1 gång/tim",meter,1954-05-03T03:00:00Z,1954-05-03T04:00:00+01:00,-494370000000,,16000,16000,Y,,corrected-archive-csv
162860,Luleå-Kallax Flygplats,12,Sikt,"momentanvärde, 1 gång/tim",meter,1954-05-03T06:00:00Z,1954-05-03T07:00:00+01:00,-494359200000,,16000,16000,Y,,corrected-archive-csv
162860,Luleå-Kallax Flygplats,12,Sikt,"momentanvärde, 1 gång/tim",meter,1954-05-03T09:00:00Z,1954-05-03T10:00:00+01:00,-494348400000,,20000,20000,Y,,corrected-archive-csv
162860,Luleå-Kallax Flygplats,12,Sikt,"momentanvärde, 1 gång/tim",meter,1954-05-03T12:00:00Z,1954-05-03T13:00:00+01:00,-494337600000,,40000,40000,Y,,corrected-archive-csv
162860,Luleå-Kallax Flygplats,12,Sikt,"momentanvärde, 1 gång/tim",meter,1954-05-03T15:00:00Z,1954-05-03T16:00:00+01:00,-494326800000,,60000,60000,Y,,corrected-archive-csv
162860,Luleå-Kallax Flygplats,12,Sikt,"momentanvärde, 1 gång/tim",meter,1954-05-03T18:00:00Z,1954-05-03T19:00:00+01:00,-494316000000,,60000,60000,Y,,corrected-archive-csv
162860,Luleå-Kallax Flygplats,12,Sikt,"momentanvärde, 1 gång/tim",meter,1954-05-03T21:00:00Z,1954-05-03T22:00:00+01:00,-494305200000,,60000,60000,Y,,corrected-archive-csv
162860,Luleå-Kallax Flygplats,12,Sikt,"momentanvärde, 1 gång/tim",meter,1954-05-04T00:00:00Z,1954-05-04T01:00:00+01:00,-494294400000,,6000,6000,Y,,corrected-archive-csv
162860,Luleå-Kallax Flygplats,12,Sikt,"momentanvärde, 1 gång/tim",meter,1954-05-04T03:00:00Z,1954-05-04T04:00:00+01:00,-494283600000,,14000,14000,Y,,corrected-archive-csv
162860,Luleå-Kallax Flygplats,12,Sikt,"momentanvärde, 1 gång/tim",meter,1954-05-04T06:00:00Z,1954-05-04T07:00:00+01:00,-494272800000,,20000,20000,Y,,corrected-archive-csv
162860,Luleå-Kallax Flygplats,12,Sikt,"momentanvärde, 1 gång/tim",meter,1954-05-04T09:00:00Z,1954-05-04T10:00:00+01:00,-494262000000,,20000,20000,Y,,corrected-archive-csv
162860,Luleå-Kallax Flygplats,12,Sikt,"momentanvärde, 1 gång/tim",meter,1954-05-04T12:00:00Z,1954-05-04T13:00:00+01:00,-494251200000,,20000,20000,Y,,corrected-archive-csv
162860,Luleå-Kallax Flygplats,12,Sikt,"momentanvärde, 1 gång/tim",meter,1954-05-04T15:00:00Z,1954-05-04T16:00:00+01:00,-494240400000,,20000,20000,Y,,corrected-archive-csv
162860,Luleå-Kallax Flygplats,12,Sikt,"momentanvärde, 1 gång/tim",meter,1954-05-04T18:00:00Z,1954-05-04T19:00:00+01:00,-494229600000,,20000,20000,Y,,corrected-archive-csv
162860,Luleå-Kallax Flygplats,12,Sikt,"momentanvärde, 1 gång/tim",meter,1954-05-04T21:00:00Z,1954-05-04T22:00:00+01:00,-494218800000,,16000,16000,Y,,corrected-archive-csv
162860,Luleå-Kallax Flygplats,12,Sikt,"momentanvärde, 1 gång/tim",meter,1954-05-05T00:00:00Z,1954-05-05T01:00:00+01:00,-494208000000,,20000,20000,Y,,corrected-archive-csv
162860,Luleå-Kallax Flygplats,12,Sikt,"momentanvärde, 1 gång/tim",meter,1954-05-05T03:00:00Z,1954-05-05T04:00:00+01:00,-494197200000,,16000,16000,Y,,corrected-archive-csv
162860,Luleå-Kallax Flygplats,12,Sikt,"momentanvärde, 1 gång/tim",meter,1954-05-05T06:00:00Z,1954-05-05T07:00:00+01:00,-494186400000,,16000,16000,Y,,corrected-archive-csv
162860,Luleå-Kallax Flygplats,12,Sikt,"momentanvärde, 1 gång/tim",meter,1954-05-05T09:00:00Z,1954-05-05T10:00:00+01:00,-494175600000,,20000,20000,Y,,corrected-archive-csv
162860,Luleå-Kallax Flygplats,12,Sikt,"momentanvärde, 1 gång/tim",meter,1954-05-05T12:00:00Z,1954-05-05T13:00:00+01:00,-494164800000,,40000,40000,Y,,corrected-archive-csv
162860,Luleå-Kallax Flygplats,12,Sikt,"momentanvärde, 1 gång/tim",meter,1954-05-05T15:00:00Z,1954-05-05T16:00:00+01:00,-494154000000,,40000,40000,Y,,corrected-archive-csv
162860,Luleå-Kallax Flygplats,12,Sikt,"momentanvärde, 1 gång/tim",meter,1954-05-05T18:00:00Z,1954-05-05T19:00:00+01:00,-494143200000,,40000,40000,Y,,corrected-archive-csv
162860,Luleå-Kallax Flygplats,12,Sikt,"momentanvärde, 1 gång/tim",meter,1954-05-05T21:00:00Z,1954-05-05T22:00:00+01:00,-494132400000,,40000,40000,Y,,corrected-archive-csv
162860,Luleå-Kallax Flygplats,12,Sikt,"momentanvärde, 1 gång/tim",meter,1954-05-06T00:00:00Z,1954-05-06T01:00:00+01:00,-494121600000,,40000,40000,Y,,corrected-archive-csv
162860,Luleå-Kallax Flygplats,12,Sikt,"momentanvärde, 1 gång/tim",meter,1954-05-06T03:00:00Z,1954-05-06T04:00:00+01:00,-494110800000,,40000,40000,Y,,corrected-archive-csv
162860,Luleå-Kallax Flygplats,12,Sikt,"momentanvärde, 1 gång/tim",meter,1954-05-06T06:00:00Z,1954-05-06T07:00:00+01:00,-494100000000,,40000,40000,Y,,corrected-archive-csv
162860,Luleå-Kallax Flygplats,12,Sikt,"momentanvärde, 1 gång/tim",meter,1954-05-06T09:00:00Z,1954-05-06T10:00:00+01:00,-494089200000,,20000,20000,Y,,corrected-archive-csv
162860,Luleå-Kallax Flygplats,12,Sikt,"momentanvärde, 1 gång/tim",meter,1954-05-06T12:00:00Z,1954-05-06T13:00:00+01:00,-494078400000,,2000,2000,Y,,corrected-archive-csv
162860,Luleå-Kallax Flygplats,12,Sikt,"momentanvärde, 1 gång/tim",meter,1954-05-06T15:00:00Z,1954-05-06T16:00:00+01:00,-494067600000,,400,400,Y,,corrected-archive-csv
162860,Luleå-Kallax Flygplats,12,Sikt,"momentanvärde, 1 gång/tim",meter,1954-05-06T18:00:00Z,1954-05-06T19:00:00+01:00,-494056800000,,600,600,Y,,corrected-archive-csv
162860,Luleå-Kallax Flygplats,12,Sikt,"momentanvärde, 1 gång/tim",meter,1954-05-06T21:00:00Z,1954-05-06T22:00:00+01:00,-494046000000,,400,400,Y,,corrected-archive-csv
162860,Luleå-Kallax Flygplats,12,Sikt,"momentanvärde, 1 gång/tim",meter,1954-05-07T00:00:00Z,1954-05-07T01:00:00+01:00,-494035200000,,200,200,Y,,corrected-archive-csv
162860,Luleå-Kallax Flygplats,12,Sikt,"momentanvärde, 1 gång/tim",meter,1954-05-07T03:00:00Z,1954-05-07T04:00:00+01:00,-494024400000,,0,0,Y,,corrected-archive-csv
162860,Luleå-Kallax Flygplats,12,Sikt,"momentanvärde, 1 gång/tim",meter,1954-05-07T06:00:00Z,1954-05-07T07:00:00+01:00,-494013600000,,100,100,Y,,corrected-archive-csv
162860,Luleå-Kallax Flygplats,12,Sikt,"momentanvärde, 1 gång/tim",meter,1954-05-07T09:00:00Z,1954-05-07T10:00:00+01:00,-494002800000,,800,800,Y,,corrected-archive-csv
162860,Luleå-Kallax Flygplats,12,Sikt,"momentanvärde, 1 gång/tim",meter,1954-05-07T12:00:00Z,1954-05-07T13:00:00+01:00,-493992000000,,2000,2000,Y,,corrected-archive-csv
162860,Luleå-Kallax Flygplats,12,Sikt,"momentanvärde, 1 gång/tim",meter,1954-05-07T15:00:00Z,1954-05-07T16:00:00+01:00,-493981200000,,5000,5000,Y,,corrected-archive-csv
162860,Luleå-Kallax Flygplats,12,Sikt,"momentanvärde, 1 gång/tim",meter,1954-05-07T18:00:00Z,1954-05-07T19:00:00+01:00,-493970400000,,5000,5000,Y,,corrected-archive-csv
162860,Luleå-Kallax Flygplats,12,Sikt,"momentanvärde, 1 gång/tim",meter,1954-05-07T21:00:00Z,1954-05-07T22:00:00+01:00,-493959600000,,100,100,Y,,corrected-archive-csv
162860,Luleå-Kallax Flygplats,12,Sikt,"momentanvärde, 1 gång/tim",meter,1954-05-08T00:00:00Z,1954-05-08T01:00:00+01:00,-493948800000,,100,100,Y,,corrected-archive-csv
162860,Luleå-Kallax Flygplats,12,Sikt,"momentanvärde, 1 gång/tim",meter,1954-05-08T03:00:00Z,1954-05-08T04:00:00+01:00,-493938000000,,200,200,Y,,corrected-archive-csv
162860,Luleå-Kallax Flygplats,12,Sikt,"momentanvärde, 1 gång/tim",meter,1954-05-08T06:00:00Z,1954-05-08T07:00:00+01:00,-493927200000,,100,100,Y,,corrected-archive-csv
162860,Luleå-Kallax Flygplats,12,Sikt,"momentanvärde, 1 gång/tim",meter,1954-05-08T09:00:00Z,1954-05-08T10:00:00+01:00,-493916400000,,1000,1000,Y,,corrected-archive-csv
162860,Luleå-Kallax Flygplats,12,Sikt,"momentanvärde, 1 gång/tim",meter,1954-05-08T12:00:00Z,1954-05-08T13:00:00+01:00,-493905600000,,16000,16000,Y,,corrected-archive-csv
162860,Luleå-Kallax Flygplats,12,Sikt,"momentanvärde, 1 gång/tim",meter,1954-05-08T15:00:00Z,1954-05-08T16:00:00+01:00,-493894800000,,16000,16000,Y,,corrected-archive-csv
162860,Luleå-Kallax Flygplats,12,Sikt,"momentanvärde, 1 gång/tim",meter,1954-05-08T18:00:00Z,1954-05-08T19:00:00+01:00,-493884000000,,16000,16000,Y,,corrected-archive-csv
162860,Luleå-Kallax Flygplats,12,Sikt,"momentanvärde, 1 gång/tim",meter,1954-05-08T21:00:00Z,1954-05-08T22:00:00+01:00,-493873200000,,16000,16000,Y,,corrected-archive-csv
162860,Luleå-Kallax Flygplats,12,Sikt,"momentanvärde, 1 gång/tim",meter,1954-05-09T00:00:00Z,1954-05-09T01:00:00+01:00,-493862400000,,20000,20000,Y,,corrected-archive-csv
162860,Luleå-Kallax Flygplats,12,Sikt,"momentanvärde, 1 gång/tim",meter,1954-05-09T03:00:00Z,1954-05-09T04:00:00+01:00,-493851600000,,40000,40000,Y,,corrected-archive-csv
162860,Luleå-Kallax Flygplats,12,Sikt,"momentanvärde, 1 gång/tim",meter,1954-05-09T06:00:00Z,1954-05-09T07:00:00+01:00,-493840800000,,60000,60000,Y,,corrected-archive-csv
162860,Luleå-Kallax Flygplats,12,Sikt,"momentanvärde, 1 gång/tim",meter,1954-05-09T09:00:00Z,1954-05-09T10:00:00+01:00,-493830000000,,60000,60000,Y,,corrected-archive-csv
162860,Luleå-Kallax Flygplats,12,Sikt,"momentanvärde, 1 gång/tim",meter,1954-05-09T12:00:00Z,1954-05-09T13:00:00+01:00,-493819200000,,60000,60000,Y,,corrected-archive-csv
162860,Luleå-Kallax Flygplats,12,Sikt,"momentanvärde, 1 gång/tim",meter,1954-05-09T15:00:00Z,1954-05-09T16:00:00+01:00,-493808400000,,60000,60000,Y,,corrected-archive-csv
162860,Luleå-Kallax Flygplats,12,Sikt,"momentanvärde, 1 gång/tim",meter,1954-05-09T18:00:00Z,1954-05-09T19:00:00+01:00,-493797600000,,60000,60000,Y,,corrected-archive-csv
162860,Luleå-Kallax Flygplats,12,Sikt,"momentanvärde, 1 gång/tim",meter,1954-05-09T21:00:00Z,1954-05-09T22:00:00+01:00,-493786800000,,60000,60000,Y,,corrected-archive-csv
162860,Luleå-Kallax Flygplats,12,Sikt,"momentanvärde, 1 gång/tim",meter,1954-05-10T00:00:00Z,1954-05-10T01:00:00+01:00,-493776000000,,60000,60000,Y,,corrected-archive-csv
162860,Luleå-Kallax Flygplats,12,Sikt,"momentanvärde, 1 gång/tim",meter,1954-05-10T03:00:00Z,1954-05-10T04:00:00+01:00,-493765200000,,60000,60000,Y,,corrected-archive-csv
162860,Luleå-Kallax Flygplats,12,Sikt,"momentanvärde, 1 gång/tim",meter,1954-05-10T06:00:00Z,1954-05-10T07:00:00+01:00,-493754400000,,60000,60000,Y,,corrected-archive-csv
162860,Luleå-Kallax Flygplats,12,Sikt,"momentanvärde, 1 gång/tim",meter,1954-05-10T09:00:00Z,1954-05-10T10:00:00+01:00,-493743600000,,60000,60000,Y,,corrected-archive-csv
162860,Luleå-Kallax Flygplats,12,Sikt,"momentanvärde, 1 gång/tim",meter,1954-05-10T12:00:00Z,1954-05-10T13:00:00+01:00,-493732800000,,60000,60000,Y,,corrected-archive-csv
162860,Luleå-Kallax Flygplats,12,Sikt,"momentanvärde, 1 gång/tim",meter,1954-05-10T15:00:00Z,1954-05-10T16:00:00+01:00,-493722000000,,60000,60000,Y,,corrected-archive-csv
162860,Luleå-Kallax Flygplats,12,Sikt,"momentanvärde, 1 gång/tim",meter,1954-05-10T18:00:00Z,1954-05-10T19:00:00+01:00,-493711200000,,60000,60000,Y,,corrected-archive-csv
162860,Luleå-Kallax Flygplats,12,Sikt,"momentanvärde, 1 gång/tim",meter,1954-05-10T21:00:00Z,1954-05-10T22:00:00+01:00,-493700400000,,60000,60000,Y,,corrected-archive-csv
162860,Luleå-Kallax Flygplats,12,Sikt,"momentanvärde, 1 gång/tim",meter,1954-05-11T00:00:00Z,1954-05-11T01:00:00+01:00,-493689600000,,60000,60000,Y,,corrected-archive-csv
162860,Luleå-Kallax Flygplats,12,Sikt,"momentanvärde, 1 gång/tim",meter,1954-05-11T03:00:00Z,1954-05-11T04:00:00+01:00,-493678800000,,60000,60000,Y,,corrected-archive-csv
162860,Luleå-Kallax Flygplats,12,Sikt,"momentanvärde, 1 gång/tim",meter,1954-05-11T06:00:00Z,1954-05-11T07:00:00+01:00,-493668000000,,60000,60000,Y,,corrected-archive-csv
162860,Luleå-Kallax Flygplats,12,Sikt,"momentanvärde, 1 gång/tim",meter,1954-05-11T09:00:00Z,1954-05-11T10:00:00+01:00,-493657200000,,60000,60000,Y,,corrected-archive-csv
162860,Luleå-Kallax Flygplats,12,Sikt,"momentanvärde, 1 gång/tim",meter,1954-05-11T12:00:00Z,1954-05-11T13:00:00+01:00,-493646400000,,60000,60000,Y,,corrected-archive-csv
162860,Luleå-Kallax Flygplats,12,Sikt,"momentanvärde, 1 gång/tim",meter,1954-05-11T15:00:00Z,1954-05-11T16:00:00+01:00,-493635600000,,60000,60000,Y,,corrected-archive-csv
162860,Luleå-Kallax Flygplats,12,Sikt,"momentanvärde, 1 gång/tim",meter,1954-05-11T18:00:00Z,1954-05-11T19:00:00+01:00,-493624800000,,60000,60000,Y,,corrected-archive-csv
162860,Luleå-Kallax Flygplats,12,Sikt,"momentanvärde, 1 gång/tim",meter,1954-05-11T21:00:00Z,1954-05-11T22:00:00+01:00,-493614000000,,60000,60000,Y,,corrected-archive-csv
162860,Luleå-Kallax Flygplats,12,Sikt,"momentanvärde, 1 gång/tim",meter,1954-05-12T00:00:00Z,1954-05-12T01:00:00+01:00,-493603200000,,60000,60000,Y,,corrected-archive-csv
162860,Luleå-Kallax Flygplats,12,Sikt,"momentanvärde, 1 gång/tim",meter,1954-05-12T03:00:00Z,1954-05-12T04:00:00+01:00,-493592400000,,60000,60000,Y,,corrected-archive-csv
162860,Luleå-Kallax Flygplats,12,Sikt,"momentanvärde, 1 gång/tim",meter,1954-05-12T06:00:00Z,1954-05-12T07:00:00+01:00,-493581600000,,60000,60000,Y,,corrected-archive-csv
162860,Luleå-Kallax Flygplats,12,Sikt,"momentanvärde, 1 gång/tim",meter,1954-05-12T09:00:00Z,1954-05-12T10:00:00+01:00,-493570800000,,40000,40000,Y,,corrected-archive-csv
162860,Luleå-Kallax Flygplats,12,Sikt,"momentanvärde, 1 gång/tim",meter,1954-05-12T12:00:00Z,1954-05-12T13:00:00+01:00,-493560000000,,60000,60000,Y,,corrected-archive-csv
162860,Luleå-Kallax Flygplats,12,Sikt,"momentanvärde, 1 gång/tim",meter,1954-05-12T15:00:00Z,1954-05-12T16:00:00+01:00,-493549200000,,60000,60000,Y,,corrected-archive-csv
162860,Luleå-Kallax Flygplats,12,Sikt,"momentanvärde, 1 gång/tim",meter,1954-05-12T18:00:00Z,1954-05-12T19:00:00+01:00,-493538400000,,60000,60000,Y,,corrected-archive-csv
162860,Luleå-Kallax Flygplats,12,Sikt,"momentanvärde, 1 gång/tim",meter,1954-05-12T21:00:00Z,1954-05-12T22:00:00+01:00,-493527600000,,60000,60000,Y,,corrected-archive-csv
162860,Luleå-Kallax Flygplats,12,Sikt,"momentanvärde, 1 gång/tim",meter,1954-05-13T00:00:00Z,1954-05-13T01:00:00+01:00,-493516800000,,60000,60000,Y,,corrected-archive-csv
162860,Luleå-Kallax Flygplats,12,Sikt,"momentanvärde, 1 gång/tim",meter,1954-05-13T03:00:00Z,1954-05-13T04:00:00+01:00,-493506000000,,60000,60000,Y,,corrected-archive-csv
162860,Luleå-Kallax Flygplats,12,Sikt,"momentanvärde, 1 gång/tim",meter,1954-05-13T06:00:00Z,1954-05-13T07:00:00+01:00,-493495200000,,60000,60000,Y,,corrected-archive-csv
162860,Luleå-Kallax Flygplats,12,Sikt,"momentanvärde, 1 gång/tim",meter,1954-05-13T09:00:00Z,1954-05-13T10:00:00+01:00,-493484400000,,60000,60000,Y,,corrected-archive-csv
162860,Luleå-Kallax Flygplats,12,Sikt,"momentanvärde, 1 gång/tim",meter,1954-05-13T12:00:00Z,1954-05-13T13:00:00+01:00,-493473600000,,60000,60000,Y,,corrected-archive-csv
162860,Luleå-Kallax Flygplats,12,Sikt,"momentanvärde, 1 gång/tim",meter,1954-05-13T15:00:00Z,1954-05-13T16:00:00+01:00,-493462800000,,60000,60000,Y,,corrected-archive-csv
162860,Luleå-Kallax Flygplats,12,Sikt,"momentanvärde, 1 gång/tim",meter,1954-05-13T18:00:00Z,1954-05-13T19:00:00+01:00,-493452000000,,60000,60000,Y,,corrected-archive-csv
162860,Luleå-Kallax Flygplats,12,Sikt,"momentanvärde, 1 gång/tim",meter,1954-05-13T21:00:00Z,1954-05-13T22:00:00+01:00,-493441200000,,60000,60000,Y,,corrected-archive-csv
162860,Luleå-Kallax Flygplats,12,Sikt,"momentanvärde, 1 gång/tim",meter,1954-05-14T00:00:00Z,1954-05-14T01:00:00+01:00,-493430400000,,60000,60000,Y,,corrected-archive-csv
162860,Luleå-Kallax Flygplats,12,Sikt,"momentanvärde, 1 gång/tim",meter,1954-05-14T03:00:00Z,1954-05-14T04:00:00+01:00,-493419600000,,60000,60000,Y,,corrected-archive-csv
162860,Luleå-Kallax Flygplats,12,Sikt,"momentanvärde, 1 gång/tim",meter,1954-05-14T06:00:00Z,1954-05-14T07:00:00+01:00,-493408800000,,60000,60000,Y,,corrected-archive-csv
162860,Luleå-Kallax Flygplats,12,Sikt,"momentanvärde, 1 gång/tim",meter,1954-05-14T09:00:00Z,1954-05-14T10:00:00+01:00,-493398000000,,60000,60000,Y,,corrected-archive-csv
162860,Luleå-Kallax Flygplats,12,Sikt,"momentanvärde, 1 gång/tim",meter,1954-05-14T12:00:00Z,1954-05-14T13:00:00+01:00,-493387200000,,60000,60000,Y,,corrected-archive-csv
162860,Luleå-Kallax Flygplats,12,Sikt,"momentanvärde, 1 gång/tim",meter,1954-05-14T15:00:00Z,1954-05-14T16:00:00+01:00,-493376400000,,60000,60000,Y,,corrected-archive-csv
162860,Luleå-Kallax Flygplats,12,Sikt,"momentanvärde, 1 gång/tim",meter,1954-05-14T18:00:00Z,1954-05-14T19:00:00+01:00,-493365600000,,60000,60000,Y,,corrected-archive-csv
162860,Luleå-Kallax Flygplats,12,Sikt,"momentanvärde, 1 gång/tim",meter,1954-05-14T21:00:00Z,1954-05-14T22:00:00+01:00,-493354800000,,60000,60000,Y,,corrected-archive-csv
162860,Luleå-Kallax Flygplats,12,Sikt,"momentanvärde, 1 gång/tim",meter,1954-05-15T00:00:00Z,1954-05-15T01:00:00+01:00,-493344000000,,60000,60000,Y,,corrected-archive-csv
162860,Luleå-Kallax Flygplats,12,Sikt,"momentanvärde, 1 gång/tim",meter,1954-05-15T03:00:00Z,1954-05-15T04:00:00+01:00,-493333200000,,1400,1400,Y,,corrected-archive-csv
162860,Luleå-Kallax Flygplats,12,Sikt,"momentanvärde, 1 gång/tim",meter,1954-05-15T06:00:00Z,1954-05-15T07:00:00+01:00,-493322400000,,4000,4000,Y,,corrected-archive-csv
162860,Luleå-Kallax Flygplats,12,Sikt,"momentanvärde, 1 gång/tim",meter,1954-05-15T09:00:00Z,1954-05-15T10:00:00+01:00,-493311600000,,40000,40000,Y,,corrected-archive-csv
162860,Luleå-Kallax Flygplats,12,Sikt,"momentanvärde, 1 gång/tim",meter,1954-05-15T12:00:00Z,1954-05-15T13:00:00+01:00,-493300800000,,40000,40000,Y,,corrected-archive-csv
162860,Luleå-Kallax Flygplats,12,Sikt,"momentanvärde, 1 gång/tim",meter,1954-05-15T15:00:00Z,1954-05-15T16:00:00+01:00,-493290000000,,40000,40000,Y,,corrected-archive-csv
162860,Luleå-Kallax Flygplats,12,Sikt,"momentanvärde, 1 gång/tim",meter,1954-05-15T18:00:00Z,1954-05-15T19:00:00+01:00,-493279200000,,40000,40000,Y,,corrected-archive-csv
162860,Luleå-Kallax Flygplats,12,Sikt,"momentanvärde, 1 gång/tim",meter,1954-05-15T21:00:00Z,1954-05-15T22:00:00+01:00,-493268400000,,60000,60000,Y,,corrected-archive-csv
162860,Luleå-Kallax Flygplats,12,Sikt,"momentanvärde, 1 gång/tim",meter,1954-05-16T00:00:00Z,1954-05-16T01:00:00+01:00,-493257600000,,60000,60000,Y,,corrected-archive-csv
162860,Luleå-Kallax Flygplats,12,Sikt,"momentanvärde, 1 gång/tim",meter,1954-05-16T03:00:00Z,1954-05-16T04:00:00+01:00,-493246800000,,40000,40000,Y,,corrected-archive-csv
162860,Luleå-Kallax Flygplats,12,Sikt,"momentanvärde, 1 gång/tim",meter,1954-05-16T06:00:00Z,1954-05-16T07:00:00+01:00,-493236000000,,4000,4000,Y,,corrected-archive-csv
162860,Luleå-Kallax Flygplats,12,Sikt,"momentanvärde, 1 gång/tim",meter,1954-05-16T09:00:00Z,1954-05-16T10:00:00+01:00,-493225200000,,20000,20000,Y,,corrected-archive-csv
162860,Luleå-Kallax Flygplats,12,Sikt,"momentanvärde, 1 gång/tim",meter,1954-05-16T12:00:00Z,1954-05-16T13:00:00+01:00,-493214400000,,20000,20000,Y,,corrected-archive-csv
162860,Luleå-Kallax Flygplats,12,Sikt,"momentanvärde, 1 gång/tim",meter,1954-05-16T15:00:00Z,1954-05-16T16:00:00+01:00,-493203600000,,20000,20000,Y,,corrected-archive-csv
162860,Luleå-Kallax Flygplats,12,Sikt,"momentanvärde, 1 gång/tim",meter,1954-05-16T18:00:00Z,1954-05-16T19:00:00+01:00,-493192800000,,20000,20000,Y,,corrected-archive-csv
162860,Luleå-Kallax Flygplats,12,Sikt,"momentanvärde, 1 gång/tim",meter,1954-05-16T21:00:00Z,1954-05-16T22:00:00+01:00,-493182000000,,16000,16000,Y,,corrected-archive-csv
162860,Luleå-Kallax Flygplats,12,Sikt,"momentanvärde, 1 gång/tim",meter,1954-05-17T00:00:00Z,1954-05-17T01:00:00+01:00,-493171200000,,16000,16000,Y,,corrected-archive-csv
162860,Luleå-Kallax Flygplats,12,Sikt,"momentanvärde, 1 gång/tim",meter,1954-05-17T03:00:00Z,1954-05-17T04:00:00+01:00,-493160400000,,16000,16000,Y,,corrected-archive-csv
162860,Luleå-Kallax Flygplats,12,Sikt,"momentanvärde, 1 gång/tim",meter,1954-05-17T06:00:00Z,1954-05-17T07:00:00+01:00,-493149600000,,12000,12000,Y,,corrected-archive-csv
162860,Luleå-Kallax Flygplats,12,Sikt,"momentanvärde, 1 gång/tim",meter,1954-05-17T09:00:00Z,1954-05-17T10:00:00+01:00,-493138800000,,16000,16000,Y,,corrected-archive-csv
162860,Luleå-Kallax Flygplats,12,Sikt,"momentanvärde, 1 gång/tim",meter,1954-05-17T12:00:00Z,1954-05-17T13:00:00+01:00,-493128000000,,60000,60000,Y,,corrected-archive-csv
162860,Luleå-Kallax Flygplats,12,Sikt,"momentanvärde, 1 gång/tim",meter,1954-05-17T15:00:00Z,1954-05-17T16:00:00+01:00,-493117200000,,60000,60000,Y,,corrected-archive-csv
162860,Luleå-Kallax Flygplats,12,Sikt,"momentanvärde, 1 gång/tim",meter,1954-05-17T18:00:00Z,1954-05-17T19:00:00+01:00,-493106400000,,60000,60000,Y,,corrected-archive-csv
162860,Luleå-Kallax Flygplats,12,Sikt,"momentanvärde, 1 gång/tim",meter,1954-05-17T21:00:00Z,1954-05-17T22:00:00+01:00,-493095600000,,60000,60000,Y,,corrected-archive-csv
162860,Luleå-Kallax Flygplats,12,Sikt,"momentanvärde, 1 gång/tim",meter,1954-05-18T00:00:00Z,1954-05-18T01:00:00+01:00,-493084800000,,60000,60000,Y,,corrected-archive-csv
162860,Luleå-Kallax Flygplats,12,Sikt,"momentanvärde, 1 gång/tim",meter,1954-05-18T03:00:00Z,1954-05-18T04:00:00+01:00,-493074000000,,60000,60000,Y,,corrected-archive-csv
162860,Luleå-Kallax Flygplats,12,Sikt,"momentanvärde, 1 gång/tim",meter,1954-05-18T06:00:00Z,1954-05-18T07:00:00+01:00,-493063200000,,40000,40000,Y,,corrected-archive-csv
162860,Luleå-Kallax Flygplats,12,Sikt,"momentanvärde, 1 gång/tim",meter,1954-05-18T09:00:00Z,1954-05-18T10:00:00+01:00,-493052400000,,9000,9000,Y,,corrected-archive-csv
162860,Luleå-Kallax Flygplats,12,Sikt,"momentanvärde, 1 gång/tim",meter,1954-05-18T12:00:00Z,1954-05-18T13:00:00+01:00,-493041600000,,10000,10000,Y,,corrected-archive-csv
162860,Luleå-Kallax Flygplats,12,Sikt,"momentanvärde, 1 gång/tim",meter,1954-05-18T15:00:00Z,1954-05-18T16:00:00+01:00,-493030800000,,6000,6000,Y,,corrected-archive-csv
162860,Luleå-Kallax Flygplats,12,Sikt,"momentanvärde, 1 gång/tim",meter,1954-05-18T18:00:00Z,1954-05-18T19:00:00+01:00,-493020000000,,6000,6000,Y,,corrected-archive-csv
162860,Luleå-Kallax Flygplats,12,Sikt,"momentanvärde, 1 gång/tim",meter,1954-05-18T21:00:00Z,1954-05-18T22:00:00+01:00,-493009200000,,4000,4000,Y,,corrected-archive-csv
162860,Luleå-Kallax Flygplats,12,Sikt,"momentanvärde, 1 gång/tim",meter,1954-05-19T00:00:00Z,1954-05-19T01:00:00+01:00,-492998400000,,3000,3000,Y,,corrected-archive-csv
162860,Luleå-Kallax Flygplats,12,Sikt,"momentanvärde, 1 gång/tim",meter,1954-05-19T03:00:00Z,1954-05-19T04:00:00+01:00,-492987600000,,6000,6000,Y,,corrected-archive-csv
162860,Luleå-Kallax Flygplats,12,Sikt,"momentanvärde, 1 gång/tim",meter,1954-05-19T06:00:00Z,1954-05-19T07:00:00+01:00,-492976800000,,6000,6000,Y,,corrected-archive-csv
162860,Luleå-Kallax Flygplats,12,Sikt,"momentanvärde, 1 gång/tim",meter,1954-05-19T09:00:00Z,1954-05-19T10:00:00+01:00,-492966000000,,10000,10000,Y,,corrected-archive-csv
162860,Luleå-Kallax Flygplats,12,Sikt,"momentanvärde, 1 gång/tim",meter,1954-05-19T12:00:00Z,1954-05-19T13:00:00+01:00,-492955200000,,20000,20000,Y,,corrected-archive-csv
162860,Luleå-Kallax Flygplats,12,Sikt,"momentanvärde, 1 gång/tim",meter,1954-05-19T15:00:00Z,1954-05-19T16:00:00+01:00,-492944400000,,20000,20000,Y,,corrected-archive-csv
162860,Luleå-Kallax Flygplats,12,Sikt,"momentanvärde, 1 gång/tim",meter,1954-05-19T18:00:00Z,1954-05-19T19:00:00+01:00,-492933600000,,40000,40000,Y,,corrected-archive-csv
162860,Luleå-Kallax Flygplats,12,Sikt,"momentanvärde, 1 gång/tim",meter,1954-05-19T21:00:00Z,1954-05-19T22:00:00+01:00,-492922800000,,20000,20000,Y,,corrected-archive-csv
162860,Luleå-Kallax Flygplats,12,Sikt,"momentanvärde, 1 gång/tim",meter,1954-05-20T00:00:00Z,1954-05-20T01:00:00+01:00,-492912000000,,20000,20000,Y,,corrected-archive-csv
162860,Luleå-Kallax Flygplats,12,Sikt,"momentanvärde, 1 gång/tim",meter,1954-05-20T03:00:00Z,1954-05-20T04:00:00+01:00,-492901200000,,16000,16000,Y,,corrected-archive-csv
162860,Luleå-Kallax Flygplats,12,Sikt,"momentanvärde, 1 gång/tim",meter,1954-05-20T06:00:00Z,1954-05-20T07:00:00+01:00,-492890400000,,16000,16000,Y,,corrected-archive-csv
162860,Luleå-Kallax Flygplats,12,Sikt,"momentanvärde, 1 gång/tim",meter,1954-05-20T09:00:00Z,1954-05-20T10:00:00+01:00,-492879600000,,40000,40000,Y,,corrected-archive-csv
162860,Luleå-Kallax Flygplats,12,Sikt,"momentanvärde, 1 gång/tim",meter,1954-05-20T12:00:00Z,1954-05-20T13:00:00+01:00,-492868800000,,40000,40000,Y,,corrected-archive-csv
162860,Luleå-Kallax Flygplats,12,Sikt,"momentanvärde, 1 gång/tim",meter,1954-05-20T15:00:00Z,1954-05-20T16:00:00+01:00,-492858000000,,40000,40000,Y,,corrected-archive-csv
162860,Luleå-Kallax Flygplats,12,Sikt,"momentanvärde, 1 gång/tim",meter,1954-05-20T18:00:00Z,1954-05-20T19:00:00+01:00,-492847200000,,60000,60000,Y,,corrected-archive-csv
162860,Luleå-Kallax Flygplats,12,Sikt,"momentanvärde, 1 gång/tim",meter,1954-05-20T21:00:00Z,1954-05-20T22:00:00+01:00,-492836400000,,40000,40000,Y,,corrected-archive-csv
162860,Luleå-Kallax Flygplats,12,Sikt,"momentanvärde, 1 gång/tim",meter,1954-05-21T00:00:00Z,1954-05-21T01:00:00+01:00,-492825600000,,40000,40000,Y,,corrected-archive-csv
162860,Luleå-Kallax Flygplats,12,Sikt,"momentanvärde, 1 gång/tim",meter,1954-05-21T03:00:00Z,1954-05-21T04:00:00+01:00,-492814800000,,40000,40000,Y,,corrected-archive-csv
162860,Luleå-Kallax Flygplats,12,Sikt,"momentanvärde, 1 gång/tim",meter,1954-05-21T06:00:00Z,1954-05-21T07:00:00+01:00,-492804000000,,20000,20000,Y,,corrected-archive-csv
162860,Luleå-Kallax Flygplats,12,Sikt,"momentanvärde, 1 gång/tim",meter,1954-05-21T09:00:00Z,1954-05-21T10:00:00+01:00,-492793200000,,20000,20000,Y,,corrected-archive-csv
162860,Luleå-Kallax Flygplats,12,Sikt,"momentanvärde, 1 gång/tim",meter,1954-05-21T12:00:00Z,1954-05-21T13:00:00+01:00,-492782400000,,20000,20000,Y,,corrected-archive-csv
162860,Luleå-Kallax Flygplats,12,Sikt,"momentanvärde, 1 gång/tim",meter,1954-05-21T15:00:00Z,1954-05-21T16:00:00+01:00,-492771600000,,40000,40000,Y,,corrected-archive-csv
162860,Luleå-Kallax Flygplats,12,Sikt,"momentanvärde, 1 gång/tim",meter,1954-05-21T18:00:00Z,1954-05-21T19:00:00+01:00,-492760800000,,40000,40000,Y,,corrected-archive-csv
162860,Luleå-Kallax Flygplats,12,Sikt,"momentanvärde, 1 gång/tim",meter,1954-05-21T21:00:00Z,1954-05-21T22:00:00+01:00,-492750000000,,40000,40000,Y,,corrected-archive-csv
162860,Luleå-Kallax Flygplats,12,Sikt,"momentanvärde, 1 gång/tim",meter,1954-05-22T00:00:00Z,1954-05-22T01:00:00+01:00,-492739200000,,20000,20000,Y,,corrected-archive-csv
162860,Luleå-Kallax Flygplats,12,Sikt,"momentanvärde, 1 gång/tim",meter,1954-05-22T03:00:00Z,1954-05-22T04:00:00+01:00,-492728400000,,20000,20000,Y,,corrected-archive-csv
162860,Luleå-Kallax Flygplats,12,Sikt,"momentanvärde, 1 gång/tim",meter,1954-05-22T06:00:00Z,1954-05-22T07:00:00+01:00,-492717600000,,40000,40000,Y,,corrected-archive-csv
162860,Luleå-Kallax Flygplats,12,Sikt,"momentanvärde, 1 gång/tim",meter,1954-05-22T09:00:00Z,1954-05-22T10:00:00+01:00,-492706800000,,40000,40000,Y,,corrected-archive-csv
162860,Luleå-Kallax Flygplats,12,Sikt,"momentanvärde, 1 gång/tim",meter,1954-05-22T12:00:00Z,1954-05-22T13:00:00+01:00,-492696000000,,40000,40000,Y,,corrected-archive-csv
162860,Luleå-Kallax Flygplats,12,Sikt,"momentanvärde, 1 gång/tim",meter,1954-05-22T15:00:00Z,1954-05-22T16:00:00+01:00,-492685200000,,40000,40000,Y,,corrected-archive-csv
162860,Luleå-Kallax Flygplats,12,Sikt,"momentanvärde, 1 gång/tim",meter,1954-05-22T18:00:00Z,1954-05-22T19:00:00+01:00,-492674400000,,40000,40000,Y,,corrected-archive-csv
162860,Luleå-Kallax Flygplats,12,Sikt,"momentanvärde, 1 gång/tim",meter,1954-05-22T21:00:00Z,1954-05-22T22:00:00+01:00,-492663600000,,40000,40000,Y,,corrected-archive-csv
162860,Luleå-Kallax Flygplats,12,Sikt,"momentanvärde, 1 gång/tim",meter,1954-05-23T00:00:00Z,1954-05-23T01:00:00+01:00,-492652800000,,40000,40000,Y,,corrected-archive-csv
162860,Luleå-Kallax Flygplats,12,Sikt,"momentanvärde, 1 gång/tim",meter,1954-05-23T03:00:00Z,1954-05-23T04:00:00+01:00,-492642000000,,40000,40000,Y,,corrected-archive-csv
162860,Luleå-Kallax Flygplats,12,Sikt,"momentanvärde, 1 gång/tim",meter,1954-05-23T06:00:00Z,1954-05-23T07:00:00+01:00,-492631200000,,40000,40000,Y,,corrected-archive-csv
162860,Luleå-Kallax Flygplats,12,Sikt,"momentanvärde, 1 gång/tim",meter,1954-05-23T09:00:00Z,1954-05-23T10:00:00+01:00,-492620400000,,60000,60000,Y,,corrected-archive-csv
162860,Luleå-Kallax Flygplats,12,Sikt,"momentanvärde, 1 gång/tim",meter,1954-05-23T12:00:00Z,1954-05-23T13:00:00+01:00,-492609600000,,60000,60000,Y,,corrected-archive-csv
162860,Luleå-Kallax Flygplats,12,Sikt,"momentanvärde, 1 gång/tim",meter,1954-05-23T15:00:00Z,1954-05-23T16:00:00+01:00,-492598800000,,60000,60000,Y,,corrected-archive-csv
162860,Luleå-Kallax Flygplats,12,Sikt,"momentanvärde, 1 gång/tim",meter,1954-05-23T18:00:00Z,1954-05-23T19:00:00+01:00,-492588000000,,60000,60000,Y,,corrected-archive-csv
162860,Luleå-Kallax Flygplats,12,Sikt,"momentanvärde, 1 gång/tim",meter,1954-05-23T21:00:00Z,1954-05-23T22:00:00+01:00,-492577200000,,20000,20000,Y,,corrected-archive-csv
162860,Luleå-Kallax Flygplats,12,Sikt,"momentanvärde, 1 gång/tim",meter,1954-05-24T00:00:00Z,1954-05-24T01:00:00+01:00,-492566400000,,20000,20000,Y,,corrected-archive-csv
162860,Luleå-Kallax Flygplats,12,Sikt,"momentanvärde, 1 gång/tim",meter,1954-05-24T03:00:00Z,1954-05-24T04:00:00+01:00,-492555600000,,16000,16000,Y,,corrected-archive-csv
162860,Luleå-Kallax Flygplats,12,Sikt,"momentanvärde, 1 gång/tim",meter,1954-05-24T06:00:00Z,1954-05-24T07:00:00+01:00,-492544800000,,40000,40000,Y,,corrected-archive-csv
162860,Luleå-Kallax Flygplats,12,Sikt,"momentanvärde, 1 gång/tim",meter,1954-05-24T09:00:00Z,1954-05-24T10:00:00+01:00,-492534000000,,60000,60000,Y,,corrected-archive-csv
162860,Luleå-Kallax Flygplats,12,Sikt,"momentanvärde, 1 gång/tim",meter,1954-05-24T12:00:00Z,1954-05-24T13:00:00+01:00,-492523200000,,60000,60000,Y,,corrected-archive-csv
162860,Luleå-Kallax Flygplats,12,Sikt,"momentanvärde, 1 gång/tim",meter,1954-05-24T15:00:00Z,1954-05-24T16:00:00+01:00,-492512400000,,60000,60000,Y,,corrected-archive-csv
162860,Luleå-Kallax Flygplats,12,Sikt,"momentanvärde, 1 gång/tim",meter,1954-05-24T18:00:00Z,1954-05-24T19:00:00+01:00,-492501600000,,60000,60000,Y,,corrected-archive-csv
162860,Luleå-Kallax Flygplats,12,Sikt,"momentanvärde, 1 gång/tim",meter,1954-05-24T21:00:00Z,1954-05-24T22:00:00+01:00,-492490800000,,60000,60000,Y,,corrected-archive-csv
162860,Luleå-Kallax Flygplats,12,Sikt,"momentanvärde, 1 gång/tim",meter,1954-05-25T00:00:00Z,1954-05-25T01:00:00+01:00,-492480000000,,60000,60000,Y,,corrected-archive-csv
162860,Luleå-Kallax Flygplats,12,Sikt,"momentanvärde, 1 gång/tim",meter,1954-05-25T03:00:00Z,1954-05-25T04:00:00+01:00,-492469200000,,60000,60000,Y,,corrected-archive-csv
162860,Luleå-Kallax Flygplats,12,Sikt,"momentanvärde, 1 gång/tim",meter,1954-05-25T06:00:00Z,1954-05-25T07:00:00+01:00,-492458400000,,60000,60000,Y,,corrected-archive-csv
162860,Luleå-Kallax Flygplats,12,Sikt,"momentanvärde, 1 gång/tim",meter,1954-05-25T09:00:00Z,1954-05-25T10:00:00+01:00,-492447600000,,60000,60000,Y,,corrected-archive-csv
162860,Luleå-Kallax Flygplats,12,Sikt,"momentanvärde, 1 gång/tim",meter,1954-05-25T12:00:00Z,1954-05-25T13:00:00+01:00,-492436800000,,60000,60000,Y,,corrected-archive-csv
162860,Luleå-Kallax Flygplats,12,Sikt,"momentanvärde, 1 gång/tim",meter,1954-05-25T15:00:00Z,1954-05-25T16:00:00+01:00,-492426000000,,60000,60000,Y,,corrected-archive-csv
162860,Luleå-Kallax Flygplats,12,Sikt,"momentanvärde, 1 gång/tim",meter,1954-05-25T18:00:00Z,1954-05-25T19:00:00+01:00,-492415200000,,60000,60000,Y,,corrected-archive-csv
162860,Luleå-Kallax Flygplats,12,Sikt,"momentanvärde, 1 gång/tim",meter,1954-05-25T21:00:00Z,1954-05-25T22:00:00+01:00,-492404400000,,60000,60000,Y,,corrected-archive-csv
162860,Luleå-Kallax Flygplats,12,Sikt,"momentanvärde, 1 gång/tim",meter,1954-05-26T00:00:00Z,1954-05-26T01:00:00+01:00,-492393600000,,60000,60000,Y,,corrected-archive-csv
162860,Luleå-Kallax Flygplats,12,Sikt,"momentanvärde, 1 gång/tim",meter,1954-05-26T03:00:00Z,1954-05-26T04:00:00+01:00,-492382800000,,60000,60000,Y,,corrected-archive-csv
162860,Luleå-Kallax Flygplats,12,Sikt,"momentanvärde, 1 gång/tim",meter,1954-05-26T06:00:00Z,1954-05-26T07:00:00+01:00,-492372000000,,60000,60000,Y,,corrected-archive-csv
162860,Luleå-Kallax Flygplats,12,Sikt,"momentanvärde, 1 gång/tim",meter,1954-05-26T09:00:00Z,1954-05-26T10:00:00+01:00,-492361200000,,60000,60000,Y,,corrected-archive-csv
162860,Luleå-Kallax Flygplats,12,Sikt,"momentanvärde, 1 gång/tim",meter,1954-05-26T12:00:00Z,1954-05-26T13:00:00+01:00,-492350400000,,60000,60000,Y,,corrected-archive-csv
162860,Luleå-Kallax Flygplats,12,Sikt,"momentanvärde, 1 gång/tim",meter,1954-05-26T15:00:00Z,1954-05-26T16:00:00+01:00,-492339600000,,60000,60000,Y,,corrected-archive-csv
162860,Luleå-Kallax Flygplats,12,Sikt,"momentanvärde, 1 gång/tim",meter,1954-05-26T18:00:00Z,1954-05-26T19:00:00+01:00,-492328800000,,60000,60000,Y,,corrected-archive-csv
162860,Luleå-Kallax Flygplats,12,Sikt,"momentanvärde, 1 gång/tim",meter,1954-05-26T21:00:00Z,1954-05-26T22:00:00+01:00,-492318000000,,60000,60000,Y,,corrected-archive-csv
162860,Luleå-Kallax Flygplats,12,Sikt,"momentanvärde, 1 gång/tim",meter,1954-05-27T00:00:00Z,1954-05-27T01:00:00+01:00,-492307200000,,60000,60000,Y,,corrected-archive-csv
162860,Luleå-Kallax Flygplats,12,Sikt,"momentanvärde, 1 gång/tim",meter,1954-05-27T03:00:00Z,1954-05-27T04:00:00+01:00,-492296400000,,40000,40000,Y,,corrected-archive-csv
162860,Luleå-Kallax Flygplats,12,Sikt,"momentanvärde, 1 gång/tim",meter,1954-05-27T06:00:00Z,1954-05-27T07:00:00+01:00,-492285600000,,60000,60000,Y,,corrected-archive-csv
162860,Luleå-Kallax Flygplats,12,Sikt,"momentanvärde, 1 gång/tim",meter,1954-05-27T09:00:00Z,1954-05-27T10:00:00+01:00,-492274800000,,60000,60000,Y,,corrected-archive-csv
162860,Luleå-Kallax Flygplats,12,Sikt,"momentanvärde, 1 gång/tim",meter,1954-05-27T12:00:00Z,1954-05-27T13:00:00+01:00,-492264000000,,60000,60000,Y,,corrected-archive-csv
162860,Luleå-Kallax Flygplats,12,Sikt,"momentanvärde, 1 gång/tim",meter,1954-05-27T15:00:00Z,1954-05-27T16:00:00+01:00,-492253200000,,60000,60000,Y,,corrected-archive-csv
162860,Luleå-Kallax Flygplats,12,Sikt,"momentanvärde, 1 gång/tim",meter,1954-05-27T18:00:00Z,1954-05-27T19:00:00+01:00,-492242400000,,60000,60000,Y,,corrected-archive-csv
162860,Luleå-Kallax Flygplats,12,Sikt,"momentanvärde, 1 gång/tim",meter,1954-05-27T21:00:00Z,1954-05-27T22:00:00+01:00,-492231600000,,60000,60000,Y,,corrected-archive-csv
162860,Luleå-Kallax Flygplats,12,Sikt,"momentanvärde, 1 gång/tim",meter,1954-05-28T00:00:00Z,1954-05-28T01:00:00+01:00,-492220800000,,60000,60000,Y,,corrected-archive-csv
162860,Luleå-Kallax Flygplats,12,Sikt,"momentanvärde, 1 gång/tim",meter,1954-05-28T03:00:00Z,1954-05-28T04:00:00+01:00,-492210000000,,60000,60000,Y,,corrected-archive-csv
162860,Luleå-Kallax Flygplats,12,Sikt,"momentanvärde, 1 gång/tim",meter,1954-05-28T06:00:00Z,1954-05-28T07:00:00+01:00,-492199200000,,60000,60000,Y,,corrected-archive-csv
162860,Luleå-Kallax Flygplats,12,Sikt,"momentanvärde, 1 gång/tim",meter,1954-05-28T09:00:00Z,1954-05-28T10:00:00+01:00,-492188400000,,60000,60000,Y,,corrected-archive-csv
162860,Luleå-Kallax Flygplats,12,Sikt,"momentanvärde, 1 gång/tim",meter,1954-05-28T12:00:00Z,1954-05-28T13:00:00+01:00,-492177600000,,60000,60000,Y,,corrected-archive-csv
162860,Luleå-Kallax Flygplats,12,Sikt,"momentanvärde, 1 gång/tim",meter,1954-05-28T15:00:00Z,1954-05-28T16:00:00+01:00,-492166800000,,40000,40000,Y,,corrected-archive-csv
162860,Luleå-Kallax Flygplats,12,Sikt,"momentanvärde, 1 gång/tim",meter,1954-05-28T18:00:00Z,1954-05-28T19:00:00+01:00,-492156000000,,40000,40000,Y,,corrected-archive-csv
162860,Luleå-Kallax Flygplats,12,Sikt,"momentanvärde, 1 gång/tim",meter,1954-05-28T21:00:00Z,1954-05-28T22:00:00+01:00,-492145200000,,40000,40000,Y,,corrected-archive-csv
162860,Luleå-Kallax Flygplats,12,Sikt,"momentanvärde, 1 gång/tim",meter,1954-05-29T00:00:00Z,1954-05-29T01:00:00+01:00,-492134400000,,40000,40000,Y,,corrected-archive-csv
162860,Luleå-Kallax Flygplats,12,Sikt,"momentanvärde, 1 gång/tim",meter,1954-05-29T03:00:00Z,1954-05-29T04:00:00+01:00,-492123600000,,40000,40000,Y,,corrected-archive-csv
162860,Luleå-Kallax Flygplats,12,Sikt,"momentanvärde, 1 gång/tim",meter,1954-05-29T06:00:00Z,1954-05-29T07:00:00+01:00,-492112800000,,40000,40000,Y,,corrected-archive-csv
162860,Luleå-Kallax Flygplats,12,Sikt,"momentanvärde, 1 gång/tim",meter,1954-05-29T09:00:00Z,1954-05-29T10:00:00+01:00,-492102000000,,40000,40000,Y,,corrected-archive-csv
162860,Luleå-Kallax Flygplats,12,Sikt,"momentanvärde, 1 gång/tim",meter,1954-05-29T12:00:00Z,1954-05-29T13:00:00+01:00,-492091200000,,40000,40000,Y,,corrected-archive-csv
162860,Luleå-Kallax Flygplats,12,Sikt,"momentanvärde, 1 gång/tim",meter,1954-05-29T15:00:00Z,1954-05-29T16:00:00+01:00,-492080400000,,40000,40000,Y,,corrected-archive-csv
162860,Luleå-Kallax Flygplats,12,Sikt,"momentanvärde, 1 gång/tim",meter,1954-05-29T18:00:00Z,1954-05-29T19:00:00+01:00,-492069600000,,40000,40000,Y,,corrected-archive-csv
162860,Luleå-Kallax Flygplats,12,Sikt,"momentanvärde, 1 gång/tim",meter,1954-05-29T21:00:00Z,1954-05-29T22:00:00+01:00,-492058800000,,40000,40000,Y,,corrected-archive-csv
162860,Luleå-Kallax Flygplats,12,Sikt,"momentanvärde, 1 gång/tim",meter,1954-05-30T00:00:00Z,1954-05-30T01:00:00+01:00,-492048000000,,40000,40000,Y,,corrected-archive-csv
162860,Luleå-Kallax Flygplats,12,Sikt,"momentanvärde, 1 gång/tim",meter,1954-05-30T03:00:00Z,1954-05-30T04:00:00+01:00,-492037200000,,60000,60000,Y,,corrected-archive-csv
162860,Luleå-Kallax Flygplats,12,Sikt,"momentanvärde, 1 gång/tim",meter,1954-05-30T06:00:00Z,1954-05-30T07:00:00+01:00,-492026400000,,60000,60000,Y,,corrected-archive-csv
162860,Luleå-Kallax Flygplats,12,Sikt,"momentanvärde, 1 gång/tim",meter,1954-05-30T09:00:00Z,1954-05-30T10:00:00+01:00,-492015600000,,60000,60000,Y,,corrected-archive-csv
162860,Luleå-Kallax Flygplats,12,Sikt,"momentanvärde, 1 gång/tim",meter,1954-05-30T12:00:00Z,1954-05-30T13:00:00+01:00,-492004800000,,60000,60000,Y,,corrected-archive-csv
162860,Luleå-Kallax Flygplats,12,Sikt,"momentanvärde, 1 gång/tim",meter,1954-05-30T15:00:00Z,1954-05-30T16:00:00+01:00,-491994000000,,60000,60000,Y,,corrected-archive-csv
162860,Luleå-Kallax Flygplats,12,Sikt,"momentanvärde, 1 gång/tim",meter,1954-05-30T18:00:00Z,1954-05-30T19:00:00+01:00,-491983200000,,40000,40000,Y,,corrected-archive-csv
162860,Luleå-Kallax Flygplats,12,Sikt,"momentanvärde, 1 gång/tim",meter,1954-05-30T21:00:00Z,1954-05-30T22:00:00+01:00,-491972400000,,40000,40000,Y,,corrected-archive-csv
162860,Luleå-Kallax Flygplats,12,Sikt,"momentanvärde, 1 gång/tim",meter,1954-05-31T00:00:00Z,1954-05-31T01:00:00+01:00,-491961600000,,40000,40000,Y,,corrected-archive-csv
162860,Luleå-Kallax Flygplats,12,Sikt,"momentanvärde, 1 gång/tim",meter,1954-05-31T03:00:00Z,1954-05-31T04:00:00+01:00,-491950800000,,40000,40000,Y,,corrected-archive-csv
162860,Luleå-Kallax Flygplats,12,Sikt,"momentanvärde, 1 gång/tim",meter,1954-05-31T06:00:00Z,1954-05-31T07:00:00+01:00,-491940000000,,40000,40000,Y,,corrected-archive-csv
162860,Luleå-Kallax Flygplats,12,Sikt,"momentanvärde, 1 gång/tim",meter,1954-05-31T09:00:00Z,1954-05-31T10:00:00+01:00,-491929200000,,60000,60000,Y,,corrected-archive-csv
162860,Luleå-Kallax Flygplats,12,Sikt,"momentanvärde, 1 gång/tim",meter,1954-05-31T12:00:00Z,1954-05-31T13:00:00+01:00,-491918400000,,40000,40000,Y,,corrected-archive-csv
162860,Luleå-Kallax Flygplats,12,Sikt,"momentanvärde, 1 gång/tim",meter,1954-05-31T15:00:00Z,1954-05-31T16:00:00+01:00,-491907600000,,40000,40000,Y,,corrected-archive-csv
162860,Luleå-Kallax Flygplats,12,Sikt,"momentanvärde, 1 gång/tim",meter,1954-05-31T18:00:00Z,1954-05-31T19:00:00+01:00,-491896800000,,60000,60000,Y,,corrected-archive-csv
162860,Luleå-Kallax Flygplats,12,Sikt,"momentanvärde, 1 gång/tim",meter,1954-05-31T21:00:00Z,1954-05-31T22:00:00+01:00,-491886000000,,40000,40000,Y,,corrected-archive-csv
162860,Luleå-Kallax Flygplats,12,Sikt,"momentanvärde, 1 gång/tim",meter,1954-06-01T00:00:00Z,1954-06-01T01:00:00+01:00,-491875200000,,40000,40000,Y,,corrected-archive-csv
162860,Luleå-Kallax Flygplats,12,Sikt,"momentanvärde, 1 gång/tim",meter,1954-06-01T03:00:00Z,1954-06-01T04:00:00+01:00,-491864400000,,60000,60000,Y,,corrected-archive-csv
162860,Luleå-Kallax Flygplats,12,Sikt,"momentanvärde, 1 gång/tim",meter,1954-06-01T06:00:00Z,1954-06-01T07:00:00+01:00,-491853600000,,60000,60000,Y,,corrected-archive-csv
162860,Luleå-Kallax Flygplats,12,Sikt,"momentanvärde, 1 gång/tim",meter,1954-06-01T09:00:00Z,1954-06-01T10:00:00+01:00,-491842800000,,60000,60000,Y,,corrected-archive-csv
162860,Luleå-Kallax Flygplats,12,Sikt,"momentanvärde, 1 gång/tim",meter,1954-06-01T12:00:00Z,1954-06-01T13:00:00+01:00,-491832000000,,60000,60000,Y,,corrected-archive-csv
162860,Luleå-Kallax Flygplats,12,Sikt,"momentanvärde, 1 gång/tim",meter,1954-06-01T15:00:00Z,1954-06-01T16:00:00+01:00,-491821200000,,20000,20000,Y,,corrected-archive-csv
162860,Luleå-Kallax Flygplats,12,Sikt,"momentanvärde, 1 gång/tim",meter,1954-06-01T18:00:00Z,1954-06-01T19:00:00+01:00,-491810400000,,60000,60000,Y,,corrected-archive-csv
162860,Luleå-Kallax Flygplats,12,Sikt,"momentanvärde, 1 gång/tim",meter,1954-06-01T21:00:00Z,1954-06-01T22:00:00+01:00,-491799600000,,60000,60000,Y,,corrected-archive-csv
162860,Luleå-Kallax Flygplats,12,Sikt,"momentanvärde, 1 gång/tim",meter,1954-06-02T00:00:00Z,1954-06-02T01:00:00+01:00,-491788800000,,60000,60000,Y,,corrected-archive-csv
162860,Luleå-Kallax Flygplats,12,Sikt,"momentanvärde, 1 gång/tim",meter,1954-06-02T03:00:00Z,1954-06-02T04:00:00+01:00,-491778000000,,60000,60000,Y,,corrected-archive-csv
162860,Luleå-Kallax Flygplats,12,Sikt,"momentanvärde, 1 gång/tim",meter,1954-06-02T06:00:00Z,1954-06-02T07:00:00+01:00,-491767200000,,60000,60000,Y,,corrected-archive-csv
162860,Luleå-Kallax Flygplats,12,Sikt,"momentanvärde, 1 gång/tim",meter,1954-06-02T09:00:00Z,1954-06-02T10:00:00+01:00,-491756400000,,60000,60000,Y,,corrected-archive-csv
162860,Luleå-Kallax Flygplats,12,Sikt,"momentanvärde, 1 gång/tim",meter,1954-06-02T12:00:00Z,1954-06-02T13:00:00+01:00,-491745600000,,40000,40000,Y,,corrected-archive-csv
162860,Luleå-Kallax Flygplats,12,Sikt,"momentanvärde, 1 gång/tim",meter,1954-06-02T15:00:00Z,1954-06-02T16:00:00+01:00,-491734800000,,40000,40000,Y,,corrected-archive-csv
162860,Luleå-Kallax Flygplats,12,Sikt,"momentanvärde, 1 gång/tim",meter,1954-06-02T18:00:00Z,1954-06-02T19:00:00+01:00,-491724000000,,16000,16000,Y,,corrected-archive-csv
162860,Luleå-Kallax Flygplats,12,Sikt,"momentanvärde, 1 gång/tim",meter,1954-06-02T21:00:00Z,1954-06-02T22:00:00+01:00,-491713200000,,16000,16000,Y,,corrected-archive-csv
162860,Luleå-Kallax Flygplats,12,Sikt,"momentanvärde, 1 gång/tim",meter,1954-06-03T00:00:00Z,1954-06-03T01:00:00+01:00,-491702400000,,40000,40000,Y,,corrected-archive-csv
162860,Luleå-Kallax Flygplats,12,Sikt,"momentanvärde, 1 gång/tim",meter,1954-06-03T03:00:00Z,1954-06-03T04:00:00+01:00,-491691600000,,60000,60000,Y,,corrected-archive-csv
162860,Luleå-Kallax Flygplats,12,Sikt,"momentanvärde, 1 gång/tim",meter,1954-06-03T06:00:00Z,1954-06-03T07:00:00+01:00,-491680800000,,60000,60000,Y,,corrected-archive-csv
162860,Luleå-Kallax Flygplats,12,Sikt,"momentanvärde, 1 gång/tim",meter,1954-06-03T09:00:00Z,1954-06-03T10:00:00+01:00,-491670000000,,60000,60000,Y,,corrected-archive-csv
162860,Luleå-Kallax Flygplats,12,Sikt,"momentanvärde, 1 gång/tim",meter,1954-06-03T12:00:00Z,1954-06-03T13:00:00+01:00,-491659200000,,60000,60000,Y,,corrected-archive-csv
162860,Luleå-Kallax Flygplats,12,Sikt,"momentanvärde, 1 gång/tim",meter,1954-06-03T15:00:00Z,1954-06-03T16:00:00+01:00,-491648400000,,60000,60000,Y,,corrected-archive-csv
162860,Luleå-Kallax Flygplats,12,Sikt,"momentanvärde, 1 gång/tim",meter,1954-06-03T18:00:00Z,1954-06-03T19:00:00+01:00,-491637600000,,60000,60000,Y,,corrected-archive-csv
162860,Luleå-Kallax Flygplats,12,Sikt,"momentanvärde, 1 gång/tim",meter,1954-06-03T21:00:00Z,1954-06-03T22:00:00+01:00,-491626800000,,60000,60000,Y,,corrected-archive-csv
162860,Luleå-Kallax Flygplats,12,Sikt,"momentanvärde, 1 gång/tim",meter,1954-06-04T00:00:00Z,1954-06-04T01:00:00+01:00,-491616000000,,60000,60000,Y,,corrected-archive-csv
162860,Luleå-Kallax Flygplats,12,Sikt,"momentanvärde, 1 gång/tim",meter,1954-06-04T03:00:00Z,1954-06-04T04:00:00+01:00,-491605200000,,60000,60000,Y,,corrected-archive-csv
162860,Luleå-Kallax Flygplats,12,Sikt,"momentanvärde, 1 gång/tim",meter,1954-06-04T06:00:00Z,1954-06-04T07:00:00+01:00,-491594400000,,60000,60000,Y,,corrected-archive-csv
162860,Luleå-Kallax Flygplats,12,Sikt,"momentanvärde, 1 gång/tim",meter,1954-06-04T09:00:00Z,1954-06-04T10:00:00+01:00,-491583600000,,60000,60000,Y,,corrected-archive-csv
162860,Luleå-Kallax Flygplats,12,Sikt,"momentanvärde, 1 gång/tim",meter,1954-06-04T12:00:00Z,1954-06-04T13:00:00+01:00,-491572800000,,60000,60000,Y,,corrected-archive-csv
162860,Luleå-Kallax Flygplats,12,Sikt,"momentanvärde, 1 gång/tim",meter,1954-06-04T15:00:00Z,1954-06-04T16:00:00+01:00,-491562000000,,60000,60000,Y,,corrected-archive-csv
162860,Luleå-Kallax Flygplats,12,Sikt,"momentanvärde, 1 gång/tim",meter,1954-06-04T18:00:00Z,1954-06-04T19:00:00+01:00,-491551200000,,60000,60000,Y,,corrected-archive-csv
162860,Luleå-Kallax Flygplats,12,Sikt,"momentanvärde, 1 gång/tim",meter,1954-06-04T21:00:00Z,1954-06-04T22:00:00+01:00,-491540400000,,60000,60000,Y,,corrected-archive-csv
162860,Luleå-Kallax Flygplats,12,Sikt,"momentanvärde, 1 gång/tim",meter,1954-06-05T00:00:00Z,1954-06-05T01:00:00+01:00,-491529600000,,60000,60000,Y,,corrected-archive-csv
162860,Luleå-Kallax Flygplats,12,Sikt,"momentanvärde, 1 gång/tim",meter,1954-06-05T03:00:00Z,1954-06-05T04:00:00+01:00,-491518800000,,60000,60000,Y,,corrected-archive-csv
162860,Luleå-Kallax Flygplats,12,Sikt,"momentanvärde, 1 gång/tim",meter,1954-06-05T06:00:00Z,1954-06-05T07:00:00+01:00,-491508000000,,40000,40000,Y,,corrected-archive-csv
162860,Luleå-Kallax Flygplats,12,Sikt,"momentanvärde, 1 gång/tim",meter,1954-06-05T09:00:00Z,1954-06-05T10:00:00+01:00,-491497200000,,40000,40000,Y,,corrected-archive-csv
162860,Luleå-Kallax Flygplats,12,Sikt,"momentanvärde, 1 gång/tim",meter,1954-06-05T12:00:00Z,1954-06-05T13:00:00+01:00,-491486400000,,60000,60000,Y,,corrected-archive-csv
162860,Luleå-Kallax Flygplats,12,Sikt,"momentanvärde, 1 gång/tim",meter,1954-06-05T15:00:00Z,1954-06-05T16:00:00+01:00,-491475600000,,60000,60000,Y,,corrected-archive-csv
162860,Luleå-Kallax Flygplats,12,Sikt,"momentanvärde, 1 gång/tim",meter,1954-06-05T18:00:00Z,1954-06-05T19:00:00+01:00,-491464800000,,60000,60000,Y,,corrected-archive-csv
162860,Luleå-Kallax Flygplats,12,Sikt,"momentanvärde, 1 gång/tim",meter,1954-06-05T21:00:00Z,1954-06-05T22:00:00+01:00,-491454000000,,60000,60000,Y,,corrected-archive-csv
162860,Luleå-Kallax Flygplats,12,Sikt,"momentanvärde, 1 gång/tim",meter,1954-06-06T00:00:00Z,1954-06-06T01:00:00+01:00,-491443200000,,60000,60000,Y,,corrected-archive-csv
162860,Luleå-Kallax Flygplats,12,Sikt,"momentanvärde, 1 gång/tim",meter,1954-06-06T03:00:00Z,1954-06-06T04:00:00+01:00,-491432400000,,60000,60000,Y,,corrected-archive-csv
162860,Luleå-Kallax Flygplats,12,Sikt,"momentanvärde, 1 gång/tim",meter,1954-06-06T06:00:00Z,1954-06-06T07:00:00+01:00,-491421600000,,60000,60000,Y,,corrected-archive-csv
162860,Luleå-Kallax Flygplats,12,Sikt,"momentanvärde, 1 gång/tim",meter,1954-06-06T09:00:00Z,1954-06-06T10:00:00+01:00,-491410800000,,60000,60000,Y,,corrected-archive-csv
162860,Luleå-Kallax Flygplats,12,Sikt,"momentanvärde, 1 gång/tim",meter,1954-06-06T12:00:00Z,1954-06-06T13:00:00+01:00,-491400000000,,60000,60000,Y,,corrected-archive-csv
162860,Luleå-Kallax Flygplats,12,Sikt,"momentanvärde, 1 gång/tim",meter,1954-06-06T15:00:00Z,1954-06-06T16:00:00+01:00,-491389200000,,60000,60000,Y,,corrected-archive-csv
162860,Luleå-Kallax Flygplats,12,Sikt,"momentanvärde, 1 gång/tim",meter,1954-06-06T18:00:00Z,1954-06-06T19:00:00+01:00,-491378400000,,60000,60000,Y,,corrected-archive-csv
162860,Luleå-Kallax Flygplats,12,Sikt,"momentanvärde, 1 gång/tim",meter,1954-06-06T21:00:00Z,1954-06-06T22:00:00+01:00,-491367600000,,60000,60000,Y,,corrected-archive-csv
162860,Luleå-Kallax Flygplats,12,Sikt,"momentanvärde, 1 gång/tim",meter,1954-06-07T00:00:00Z,1954-06-07T01:00:00+01:00,-491356800000,,60000,60000,Y,,corrected-archive-csv
162860,Luleå-Kallax Flygplats,12,Sikt,"momentanvärde, 1 gång/tim",meter,1954-06-07T03:00:00Z,1954-06-07T04:00:00+01:00,-491346000000,,60000,60000,Y,,corrected-archive-csv
162860,Luleå-Kallax Flygplats,12,Sikt,"momentanvärde, 1 gång/tim",meter,1954-06-07T06:00:00Z,1954-06-07T07:00:00+01:00,-491335200000,,60000,60000,Y,,corrected-archive-csv
162860,Luleå-Kallax Flygplats,12,Sikt,"momentanvärde, 1 gång/tim",meter,1954-06-07T09:00:00Z,1954-06-07T10:00:00+01:00,-491324400000,,60000,60000,Y,,corrected-archive-csv
162860,Luleå-Kallax Flygplats,12,Sikt,"momentanvärde, 1 gång/tim",meter,1954-06-07T12:00:00Z,1954-06-07T13:00:00+01:00,-491313600000,,60000,60000,Y,,corrected-archive-csv
162860,Luleå-Kallax Flygplats,12,Sikt,"momentanvärde, 1 gång/tim",meter,1954-06-07T15:00:00Z,1954-06-07T16:00:00+01:00,-491302800000,,60000,60000,Y,,corrected-archive-csv
162860,Luleå-Kallax Flygplats,12,Sikt,"momentanvärde, 1 gång/tim",meter,1954-06-07T18:00:00Z,1954-06-07T19:00:00+01:00,-491292000000,,60000,60000,Y,,corrected-archive-csv
162860,Luleå-Kallax Flygplats,12,Sikt,"momentanvärde, 1 gång/tim",meter,1954-06-07T21:00:00Z,1954-06-07T22:00:00+01:00,-491281200000,,60000,60000,Y,,corrected-archive-csv
162860,Luleå-Kallax Flygplats,12,Sikt,"momentanvärde, 1 gång/tim",meter,1954-06-08T00:00:00Z,1954-06-08T01:00:00+01:00,-491270400000,,60000,60000,Y,,corrected-archive-csv
162860,Luleå-Kallax Flygplats,12,Sikt,"momentanvärde, 1 gång/tim",meter,1954-06-08T03:00:00Z,1954-06-08T04:00:00+01:00,-491259600000,,60000,60000,Y,,corrected-archive-csv
162860,Luleå-Kallax Flygplats,12,Sikt,"momentanvärde, 1 gång/tim",meter,1954-06-08T06:00:00Z,1954-06-08T07:00:00+01:00,-491248800000,,60000,60000,Y,,corrected-archive-csv
162860,Luleå-Kallax Flygplats,12,Sikt,"momentanvärde, 1 gång/tim",meter,1954-06-08T09:00:00Z,1954-06-08T10:00:00+01:00,-491238000000,,60000,60000,Y,,corrected-archive-csv
162860,Luleå-Kallax Flygplats,12,Sikt,"momentanvärde, 1 gång/tim",meter,1954-06-08T12:00:00Z,1954-06-08T13:00:00+01:00,-491227200000,,40000,40000,Y,,corrected-archive-csv
162860,Luleå-Kallax Flygplats,12,Sikt,"momentanvärde, 1 gång/tim",meter,1954-06-08T15:00:00Z,1954-06-08T16:00:00+01:00,-491216400000,,40000,40000,Y,,corrected-archive-csv
162860,Luleå-Kallax Flygplats,12,Sikt,"momentanvärde, 1 gång/tim",meter,1954-06-08T18:00:00Z,1954-06-08T19:00:00+01:00,-491205600000,,40000,40000,Y,,corrected-archive-csv
162860,Luleå-Kallax Flygplats,12,Sikt,"momentanvärde, 1 gång/tim",meter,1954-06-08T21:00:00Z,1954-06-08T22:00:00+01:00,-491194800000,,40000,40000,Y,,corrected-archive-csv
162860,Luleå-Kallax Flygplats,12,Sikt,"momentanvärde, 1 gång/tim",meter,1954-06-09T00:00:00Z,1954-06-09T01:00:00+01:00,-491184000000,,40000,40000,Y,,corrected-archive-csv
162860,Luleå-Kallax Flygplats,12,Sikt,"momentanvärde, 1 gång/tim",meter,1954-06-09T03:00:00Z,1954-06-09T04:00:00+01:00,-491173200000,,40000,40000,Y,,corrected-archive-csv
162860,Luleå-Kallax Flygplats,12,Sikt,"momentanvärde, 1 gång/tim",meter,1954-06-09T06:00:00Z,1954-06-09T07:00:00+01:00,-491162400000,,40000,40000,Y,,corrected-archive-csv
162860,Luleå-Kallax Flygplats,12,Sikt,"momentanvärde, 1 gång/tim",meter,1954-06-09T09:00:00Z,1954-06-09T10:00:00+01:00,-491151600000,,40000,40000,Y,,corrected-archive-csv
162860,Luleå-Kallax Flygplats,12,Sikt,"momentanvärde, 1 gång/tim",meter,1954-06-09T12:00:00Z,1954-06-09T13:00:00+01:00,-491140800000,,40000,40000,Y,,corrected-archive-csv
162860,Luleå-Kallax Flygplats,12,Sikt,"momentanvärde, 1 gång/tim",meter,1954-06-09T15:00:00Z,1954-06-09T16:00:00+01:00,-491130000000,,40000,40000,Y,,corrected-archive-csv
162860,Luleå-Kallax Flygplats,12,Sikt,"momentanvärde, 1 gång/tim",meter,1954-06-09T18:00:00Z,1954-06-09T19:00:00+01:00,-491119200000,,40000,40000,Y,,corrected-archive-csv
162860,Luleå-Kallax Flygplats,12,Sikt,"momentanvärde, 1 gång/tim",meter,1954-06-09T21:00:00Z,1954-06-09T22:00:00+01:00,-491108400000,,20000,20000,Y,,corrected-archive-csv
162860,Luleå-Kallax Flygplats,12,Sikt,"momentanvärde, 1 gång/tim",meter,1954-06-10T00:00:00Z,1954-06-10T01:00:00+01:00,-491097600000,,20000,20000,Y,,corrected-archive-csv
162860,Luleå-Kallax Flygplats,12,Sikt,"momentanvärde, 1 gång/tim",meter,1954-06-10T03:00:00Z,1954-06-10T04:00:00+01:00,-491086800000,,7000,7000,Y,,corrected-archive-csv
162860,Luleå-Kallax Flygplats,12,Sikt,"momentanvärde, 1 gång/tim",meter,1954-06-10T06:00:00Z,1954-06-10T07:00:00+01:00,-491076000000,,5000,5000,Y,,corrected-archive-csv
162860,Luleå-Kallax Flygplats,12,Sikt,"momentanvärde, 1 gång/tim",meter,1954-06-10T09:00:00Z,1954-06-10T10:00:00+01:00,-491065200000,,3000,3000,Y,,corrected-archive-csv
162860,Luleå-Kallax Flygplats,12,Sikt,"momentanvärde, 1 gång/tim",meter,1954-06-10T12:00:00Z,1954-06-10T13:00:00+01:00,-491054400000,,16000,16000,Y,,corrected-archive-csv
162860,Luleå-Kallax Flygplats,12,Sikt,"momentanvärde, 1 gång/tim",meter,1954-06-10T15:00:00Z,1954-06-10T16:00:00+01:00,-491043600000,,20000,20000,Y,,corrected-archive-csv
162860,Luleå-Kallax Flygplats,12,Sikt,"momentanvärde, 1 gång/tim",meter,1954-06-10T18:00:00Z,1954-06-10T19:00:00+01:00,-491032800000,,40000,40000,Y,,corrected-archive-csv
162860,Luleå-Kallax Flygplats,12,Sikt,"momentanvärde, 1 gång/tim",meter,1954-06-10T21:00:00Z,1954-06-10T22:00:00+01:00,-491022000000,,60000,60000,Y,,corrected-archive-csv
162860,Luleå-Kallax Flygplats,12,Sikt,"momentanvärde, 1 gång/tim",meter,1954-06-11T00:00:00Z,1954-06-11T01:00:00+01:00,-491011200000,,60000,60000,Y,,corrected-archive-csv
162860,Luleå-Kallax Flygplats,12,Sikt,"momentanvärde, 1 gång/tim",meter,1954-06-11T03:00:00Z,1954-06-11T04:00:00+01:00,-491000400000,,60000,60000,Y,,corrected-archive-csv
162860,Luleå-Kallax Flygplats,12,Sikt,"momentanvärde, 1 gång/tim",meter,1954-06-11T06:00:00Z,1954-06-11T07:00:00+01:00,-490989600000,,1200,1200,Y,,corrected-archive-csv
162860,Luleå-Kallax Flygplats,12,Sikt,"momentanvärde, 1 gång/tim",meter,1954-06-11T09:00:00Z,1954-06-11T10:00:00+01:00,-490978800000,,5000,5000,Y,,corrected-archive-csv
162860,Luleå-Kallax Flygplats,12,Sikt,"momentanvärde, 1 gång/tim",meter,1954-06-11T12:00:00Z,1954-06-11T13:00:00+01:00,-490968000000,,20000,20000,Y,,corrected-archive-csv
162860,Luleå-Kallax Flygplats,12,Sikt,"momentanvärde, 1 gång/tim",meter,1954-06-11T15:00:00Z,1954-06-11T16:00:00+01:00,-490957200000,,16000,16000,Y,,corrected-archive-csv
162860,Luleå-Kallax Flygplats,12,Sikt,"momentanvärde, 1 gång/tim",meter,1954-06-11T18:00:00Z,1954-06-11T19:00:00+01:00,-490946400000,,20000,20000,Y,,corrected-archive-csv
162860,Luleå-Kallax Flygplats,12,Sikt,"momentanvärde, 1 gång/tim",meter,1954-06-11T21:00:00Z,1954-06-11T22:00:00+01:00,-490935600000,,20000,20000,Y,,corrected-archive-csv
162860,Luleå-Kallax Flygplats,12,Sikt,"momentanvärde, 1 gång/tim",meter,1954-06-12T00:00:00Z,1954-06-12T01:00:00+01:00,-490924800000,,20000,20000,Y,,corrected-archive-csv
162860,Luleå-Kallax Flygplats,12,Sikt,"momentanvärde, 1 gång/tim",meter,1954-06-12T03:00:00Z,1954-06-12T04:00:00+01:00,-490914000000,,20000,20000,Y,,corrected-archive-csv
162860,Luleå-Kallax Flygplats,12,Sikt,"momentanvärde, 1 gång/tim",meter,1954-06-12T06:00:00Z,1954-06-12T07:00:00+01:00,-490903200000,,20000,20000,Y,,corrected-archive-csv
162860,Luleå-Kallax Flygplats,12,Sikt,"momentanvärde, 1 gång/tim",meter,1954-06-12T09:00:00Z,1954-06-12T10:00:00+01:00,-490892400000,,20000,20000,Y,,corrected-archive-csv
162860,Luleå-Kallax Flygplats,12,Sikt,"momentanvärde, 1 gång/tim",meter,1954-06-12T12:00:00Z,1954-06-12T13:00:00+01:00,-490881600000,,20000,20000,Y,,corrected-archive-csv
162860,Luleå-Kallax Flygplats,12,Sikt,"momentanvärde, 1 gång/tim",meter,1954-06-12T15:00:00Z,1954-06-12T16:00:00+01:00,-490870800000,,20000,20000,Y,,corrected-archive-csv
162860,Luleå-Kallax Flygplats,12,Sikt,"momentanvärde, 1 gång/tim",meter,1954-06-12T18:00:00Z,1954-06-12T19:00:00+01:00,-490860000000,,20000,20000,Y,,corrected-archive-csv
162860,Luleå-Kallax Flygplats,12,Sikt,"momentanvärde, 1 gång/tim",meter,1954-06-12T21:00:00Z,1954-06-12T22:00:00+01:00,-490849200000,,10000,10000,Y,,corrected-archive-csv
162860,Luleå-Kallax Flygplats,12,Sikt,"momentanvärde, 1 gång/tim",meter,1954-06-13T00:00:00Z,1954-06-13T01:00:00+01:00,-490838400000,,10000,10000,Y,,corrected-archive-csv
162860,Luleå-Kallax Flygplats,12,Sikt,"momentanvärde, 1 gång/tim",meter,1954-06-13T03:00:00Z,1954-06-13T04:00:00+01:00,-490827600000,,10000,10000,Y,,corrected-archive-csv
162860,Luleå-Kallax Flygplats,12,Sikt,"momentanvärde, 1 gång/tim",meter,1954-06-13T06:00:00Z,1954-06-13T07:00:00+01:00,-490816800000,,900,900,Y,,corrected-archive-csv
162860,Luleå-Kallax Flygplats,12,Sikt,"momentanvärde, 1 gång/tim",meter,1954-06-13T09:00:00Z,1954-06-13T10:00:00+01:00,-490806000000,,7000,7000,Y,,corrected-archive-csv
162860,Luleå-Kallax Flygplats,12,Sikt,"momentanvärde, 1 gång/tim",meter,1954-06-13T12:00:00Z,1954-06-13T13:00:00+01:00,-490795200000,,40000,40000,Y,,corrected-archive-csv
162860,Luleå-Kallax Flygplats,12,Sikt,"momentanvärde, 1 gång/tim",meter,1954-06-13T15:00:00Z,1954-06-13T16:00:00+01:00,-490784400000,,40000,40000,Y,,corrected-archive-csv
162860,Luleå-Kallax Flygplats,12,Sikt,"momentanvärde, 1 gång/tim",meter,1954-06-13T18:00:00Z,1954-06-13T19:00:00+01:00,-490773600000,,60000,60000,Y,,corrected-archive-csv
162860,Luleå-Kallax Flygplats,12,Sikt,"momentanvärde, 1 gång/tim",meter,1954-06-13T21:00:00Z,1954-06-13T22:00:00+01:00,-490762800000,,60000,60000,Y,,corrected-archive-csv
162860,Luleå-Kallax Flygplats,12,Sikt,"momentanvärde, 1 gång/tim",meter,1954-06-14T00:00:00Z,1954-06-14T01:00:00+01:00,-490752000000,,60000,60000,Y,,corrected-archive-csv
162860,Luleå-Kallax Flygplats,12,Sikt,"momentanvärde, 1 gång/tim",meter,1954-06-14T03:00:00Z,1954-06-14T04:00:00+01:00,-490741200000,,60000,60000,Y,,corrected-archive-csv
162860,Luleå-Kallax Flygplats,12,Sikt,"momentanvärde, 1 gång/tim",meter,1954-06-14T06:00:00Z,1954-06-14T07:00:00+01:00,-490730400000,,60000,60000,Y,,corrected-archive-csv
162860,Luleå-Kallax Flygplats,12,Sikt,"momentanvärde, 1 gång/tim",meter,1954-06-14T09:00:00Z,1954-06-14T10:00:00+01:00,-490719600000,,60000,60000,Y,,corrected-archive-csv
162860,Luleå-Kallax Flygplats,12,Sikt,"momentanvärde, 1 gång/tim",meter,1954-06-14T12:00:00Z,1954-06-14T13:00:00+01:00,-490708800000,,60000,60000,Y,,corrected-archive-csv
162860,Luleå-Kallax Flygplats,12,Sikt,"momentanvärde, 1 gång/tim",meter,1954-06-14T15:00:00Z,1954-06-14T16:00:00+01:00,-490698000000,,60000,60000,Y,,corrected-archive-csv
162860,Luleå-Kallax Flygplats,12,Sikt,"momentanvärde, 1 gång/tim",meter,1954-06-14T18:00:00Z,1954-06-14T19:00:00+01:00,-490687200000,,60000,60000,Y,,corrected-archive-csv
162860,Luleå-Kallax Flygplats,12,Sikt,"momentanvärde, 1 gång/tim",meter,1954-06-14T21:00:00Z,1954-06-14T22:00:00+01:00,-490676400000,,60000,60000,Y,,corrected-archive-csv
162860,Luleå-Kallax Flygplats,12,Sikt,"momentanvärde, 1 gång/tim",meter,1954-06-15T00:00:00Z,1954-06-15T01:00:00+01:00,-490665600000,,60000,60000,Y,,corrected-archive-csv
162860,Luleå-Kallax Flygplats,12,Sikt,"momentanvärde, 1 gång/tim",meter,1954-06-15T03:00:00Z,1954-06-15T04:00:00+01:00,-490654800000,,60000,60000,Y,,corrected-archive-csv
162860,Luleå-Kallax Flygplats,12,Sikt,"momentanvärde, 1 gång/tim",meter,1954-06-15T06:00:00Z,1954-06-15T07:00:00+01:00,-490644000000,,60000,60000,Y,,corrected-archive-csv
162860,Luleå-Kallax Flygplats,12,Sikt,"momentanvärde, 1 gång/tim",meter,1954-06-15T09:00:00Z,1954-06-15T10:00:00+01:00,-490633200000,,60000,60000,Y,,corrected-archive-csv
162860,Luleå-Kallax Flygplats,12,Sikt,"momentanvärde, 1 gång/tim",meter,1954-06-15T12:00:00Z,1954-06-15T13:00:00+01:00,-490622400000,,60000,60000,Y,,corrected-archive-csv
162860,Luleå-Kallax Flygplats,12,Sikt,"momentanvärde, 1 gång/tim",meter,1954-06-15T15:00:00Z,1954-06-15T16:00:00+01:00,-490611600000,,60000,60000,Y,,corrected-archive-csv
162860,Luleå-Kallax Flygplats,12,Sikt,"momentanvärde, 1 gång/tim",meter,1954-06-15T18:00:00Z,1954-06-15T19:00:00+01:00,-490600800000,,60000,60000,Y,,corrected-archive-csv
162860,Luleå-Kallax Flygplats,12,Sikt,"momentanvärde, 1 gång/tim",meter,1954-06-15T21:00:00Z,1954-06-15T22:00:00+01:00,-490590000000,,60000,60000,Y,,corrected-archive-csv
162860,Luleå-Kallax Flygplats,12,Sikt,"momentanvärde, 1 gång/tim",meter,1954-06-16T00:00:00Z,1954-06-16T01:00:00+01:00,-490579200000,,60000,60000,Y,,corrected-archive-csv
162860,Luleå-Kallax Flygplats,12,Sikt,"momentanvärde, 1 gång/tim",meter,1954-06-16T03:00:00Z,1954-06-16T04:00:00+01:00,-490568400000,,60000,60000,Y,,corrected-archive-csv
162860,Luleå-Kallax Flygplats,12,Sikt,"momentanvärde, 1 gång/tim",meter,1954-06-16T06:00:00Z,1954-06-16T07:00:00+01:00,-490557600000,,40000,40000,Y,,corrected-archive-csv
162860,Luleå-Kallax Flygplats,12,Sikt,"momentanvärde, 1 gång/tim",meter,1954-06-16T09:00:00Z,1954-06-16T10:00:00+01:00,-490546800000,,40000,40000,Y,,corrected-archive-csv
162860,Luleå-Kallax Flygplats,12,Sikt,"momentanvärde, 1 gång/tim",meter,1954-06-16T12:00:00Z,1954-06-16T13:00:00+01:00,-490536000000,,40000,40000,Y,,corrected-archive-csv
162860,Luleå-Kallax Flygplats,12,Sikt,"momentanvärde, 1 gång/tim",meter,1954-06-16T15:00:00Z,1954-06-16T16:00:00+01:00,-490525200000,,20000,20000,Y,,corrected-archive-csv
162860,Luleå-Kallax Flygplats,12,Sikt,"momentanvärde, 1 gång/tim",meter,1954-06-16T18:00:00Z,1954-06-16T19:00:00+01:00,-490514400000,,40000,40000,Y,,corrected-archive-csv
162860,Luleå-Kallax Flygplats,12,Sikt,"momentanvärde, 1 gång/tim",meter,1954-06-16T21:00:00Z,1954-06-16T22:00:00+01:00,-490503600000,,20000,20000,Y,,corrected-archive-csv
162860,Luleå-Kallax Flygplats,12,Sikt,"momentanvärde, 1 gång/tim",meter,1954-06-17T00:00:00Z,1954-06-17T01:00:00+01:00,-490492800000,,20000,20000,Y,,corrected-archive-csv
162860,Luleå-Kallax Flygplats,12,Sikt,"momentanvärde, 1 gång/tim",meter,1954-06-17T03:00:00Z,1954-06-17T04:00:00+01:00,-490482000000,,40000,40000,Y,,corrected-archive-csv
162860,Luleå-Kallax Flygplats,12,Sikt,"momentanvärde, 1 gång/tim",meter,1954-06-17T06:00:00Z,1954-06-17T07:00:00+01:00,-490471200000,,60000,60000,Y,,corrected-archive-csv
162860,Luleå-Kallax Flygplats,12,Sikt,"momentanvärde, 1 gång/tim",meter,1954-06-17T09:00:00Z,1954-06-17T10:00:00+01:00,-490460400000,,60000,60000,Y,,corrected-archive-csv
162860,Luleå-Kallax Flygplats,12,Sikt,"momentanvärde, 1 gång/tim",meter,1954-06-17T12:00:00Z,1954-06-17T13:00:00+01:00,-490449600000,,60000,60000,Y,,corrected-archive-csv
162860,Luleå-Kallax Flygplats,12,Sikt,"momentanvärde, 1 gång/tim",meter,1954-06-17T15:00:00Z,1954-06-17T16:00:00+01:00,-490438800000,,40000,40000,Y,,corrected-archive-csv
162860,Luleå-Kallax Flygplats,12,Sikt,"momentanvärde, 1 gång/tim",meter,1954-06-17T18:00:00Z,1954-06-17T19:00:00+01:00,-490428000000,,40000,40000,Y,,corrected-archive-csv
162860,Luleå-Kallax Flygplats,12,Sikt,"momentanvärde, 1 gång/tim",meter,1954-06-17T21:00:00Z,1954-06-17T22:00:00+01:00,-490417200000,,40000,40000,Y,,corrected-archive-csv
162860,Luleå-Kallax Flygplats,12,Sikt,"momentanvärde, 1 gång/tim",meter,1954-06-18T00:00:00Z,1954-06-18T01:00:00+01:00,-490406400000,,40000,40000,Y,,corrected-archive-csv
162860,Luleå-Kallax Flygplats,12,Sikt,"momentanvärde, 1 gång/tim",meter,1954-06-18T03:00:00Z,1954-06-18T04:00:00+01:00,-490395600000,,60000,60000,Y,,corrected-archive-csv
162860,Luleå-Kallax Flygplats,12,Sikt,"momentanvärde, 1 gång/tim",meter,1954-06-18T06:00:00Z,1954-06-18T07:00:00+01:00,-490384800000,,60000,60000,Y,,corrected-archive-csv
162860,Luleå-Kallax Flygplats,12,Sikt,"momentanvärde, 1 gång/tim",meter,1954-06-18T09:00:00Z,1954-06-18T10:00:00+01:00,-490374000000,,60000,60000,Y,,corrected-archive-csv
162860,Luleå-Kallax Flygplats,12,Sikt,"momentanvärde, 1 gång/tim",meter,1954-06-18T12:00:00Z,1954-06-18T13:00:00+01:00,-490363200000,,60000,60000,Y,,corrected-archive-csv
162860,Luleå-Kallax Flygplats,12,Sikt,"momentanvärde, 1 gång/tim",meter,1954-06-18T15:00:00Z,1954-06-18T16:00:00+01:00,-490352400000,,60000,60000,Y,,corrected-archive-csv
162860,Luleå-Kallax Flygplats,12,Sikt,"momentanvärde, 1 gång/tim",meter,1954-06-18T18:00:00Z,1954-06-18T19:00:00+01:00,-490341600000,,60000,60000,Y,,corrected-archive-csv
162860,Luleå-Kallax Flygplats,12,Sikt,"momentanvärde, 1 gång/tim",meter,1954-06-18T21:00:00Z,1954-06-18T22:00:00+01:00,-490330800000,,60000,60000,Y,,corrected-archive-csv
162860,Luleå-Kallax Flygplats,12,Sikt,"momentanvärde, 1 gång/tim",meter,1954-06-19T00:00:00Z,1954-06-19T01:00:00+01:00,-490320000000,,60000,60000,Y,,corrected-archive-csv
162860,Luleå-Kallax Flygplats,12,Sikt,"momentanvärde, 1 gång/tim",meter,1954-06-19T03:00:00Z,1954-06-19T04:00:00+01:00,-490309200000,,4000,4000,Y,,corrected-archive-csv
162860,Luleå-Kallax Flygplats,12,Sikt,"momentanvärde, 1 gång/tim",meter,1954-06-19T06:00:00Z,1954-06-19T07:00:00+01:00,-490298400000,,4000,4000,Y,,corrected-archive-csv
162860,Luleå-Kallax Flygplats,12,Sikt,"momentanvärde, 1 gång/tim",meter,1954-06-19T09:00:00Z,1954-06-19T10:00:00+01:00,-490287600000,,2000,2000,Y,,corrected-archive-csv
162860,Luleå-Kallax Flygplats,12,Sikt,"momentanvärde, 1 gång/tim",meter,1954-06-19T12:00:00Z,1954-06-19T13:00:00+01:00,-490276800000,,2000,2000,Y,,corrected-archive-csv
162860,Luleå-Kallax Flygplats,12,Sikt,"momentanvärde, 1 gång/tim",meter,1954-06-19T15:00:00Z,1954-06-19T16:00:00+01:00,-490266000000,,2000,2000,Y,,corrected-archive-csv
162860,Luleå-Kallax Flygplats,12,Sikt,"momentanvärde, 1 gång/tim",meter,1954-06-19T18:00:00Z,1954-06-19T19:00:00+01:00,-490255200000,,7000,7000,Y,,corrected-archive-csv
162860,Luleå-Kallax Flygplats,12,Sikt,"momentanvärde, 1 gång/tim",meter,1954-06-19T21:00:00Z,1954-06-19T22:00:00+01:00,-490244400000,,7000,7000,Y,,corrected-archive-csv
162860,Luleå-Kallax Flygplats,12,Sikt,"momentanvärde, 1 gång/tim",meter,1954-06-20T00:00:00Z,1954-06-20T01:00:00+01:00,-490233600000,,7000,7000,Y,,corrected-archive-csv
162860,Luleå-Kallax Flygplats,12,Sikt,"momentanvärde, 1 gång/tim",meter,1954-06-20T03:00:00Z,1954-06-20T04:00:00+01:00,-490222800000,,8000,8000,Y,,corrected-archive-csv
162860,Luleå-Kallax Flygplats,12,Sikt,"momentanvärde, 1 gång/tim",meter,1954-06-20T06:00:00Z,1954-06-20T07:00:00+01:00,-490212000000,,7000,7000,Y,,corrected-archive-csv
162860,Luleå-Kallax Flygplats,12,Sikt,"momentanvärde, 1 gång/tim",meter,1954-06-20T09:00:00Z,1954-06-20T10:00:00+01:00,-490201200000,,10000,10000,Y,,corrected-archive-csv
162860,Luleå-Kallax Flygplats,12,Sikt,"momentanvärde, 1 gång/tim",meter,1954-06-20T12:00:00Z,1954-06-20T13:00:00+01:00,-490190400000,,16000,16000,Y,,corrected-archive-csv
162860,Luleå-Kallax Flygplats,12,Sikt,"momentanvärde, 1 gång/tim",meter,1954-06-20T15:00:00Z,1954-06-20T16:00:00+01:00,-490179600000,,20000,20000,Y,,corrected-archive-csv
162860,Luleå-Kallax Flygplats,12,Sikt,"momentanvärde, 1 gång/tim",meter,1954-06-20T18:00:00Z,1954-06-20T19:00:00+01:00,-490168800000,,10000,10000,Y,,corrected-archive-csv
162860,Luleå-Kallax Flygplats,12,Sikt,"momentanvärde, 1 gång/tim",meter,1954-06-20T21:00:00Z,1954-06-20T22:00:00+01:00,-490158000000,,10000,10000,Y,,corrected-archive-csv
162860,Luleå-Kallax Flygplats,12,Sikt,"momentanvärde, 1 gång/tim",meter,1954-06-21T00:00:00Z,1954-06-21T01:00:00+01:00,-490147200000,,16000,16000,Y,,corrected-archive-csv
162860,Luleå-Kallax Flygplats,12,Sikt,"momentanvärde, 1 gång/tim",meter,1954-06-21T03:00:00Z,1954-06-21T04:00:00+01:00,-490136400000,,16000,16000,Y,,corrected-archive-csv
162860,Luleå-Kallax Flygplats,12,Sikt,"momentanvärde, 1 gång/tim",meter,1954-06-21T06:00:00Z,1954-06-21T07:00:00+01:00,-490125600000,,10000,10000,Y,,corrected-archive-csv
162860,Luleå-Kallax Flygplats,12,Sikt,"momentanvärde, 1 gång/tim",meter,1954-06-21T09:00:00Z,1954-06-21T10:00:00+01:00,-490114800000,,16000,16000,Y,,corrected-archive-csv
162860,Luleå-Kallax Flygplats,12,Sikt,"momentanvärde, 1 gång/tim",meter,1954-06-21T12:00:00Z,1954-06-21T13:00:00+01:00,-490104000000,,10000,10000,Y,,corrected-archive-csv
162860,Luleå-Kallax Flygplats,12,Sikt,"momentanvärde, 1 gång/tim",meter,1954-06-21T15:00:00Z,1954-06-21T16:00:00+01:00,-490093200000,,16000,16000,Y,,corrected-archive-csv
162860,Luleå-Kallax Flygplats,12,Sikt,"momentanvärde, 1 gång/tim",meter,1954-06-21T18:00:00Z,1954-06-21T19:00:00+01:00,-490082400000,,7000,7000,Y,,corrected-archive-csv
162860,Luleå-Kallax Flygplats,12,Sikt,"momentanvärde, 1 gång/tim",meter,1954-06-21T21:00:00Z,1954-06-21T22:00:00+01:00,-490071600000,,5000,5000,Y,,corrected-archive-csv
162860,Luleå-Kallax Flygplats,12,Sikt,"momentanvärde, 1 gång/tim",meter,1954-06-22T00:00:00Z,1954-06-22T01:00:00+01:00,-490060800000,,800,800,Y,,corrected-archive-csv
162860,Luleå-Kallax Flygplats,12,Sikt,"momentanvärde, 1 gång/tim",meter,1954-06-22T03:00:00Z,1954-06-22T04:00:00+01:00,-490050000000,,100,100,Y,,corrected-archive-csv
162860,Luleå-Kallax Flygplats,12,Sikt,"momentanvärde, 1 gång/tim",meter,1954-06-22T06:00:00Z,1954-06-22T07:00:00+01:00,-490039200000,,7000,7000,Y,,corrected-archive-csv
162860,Luleå-Kallax Flygplats,12,Sikt,"momentanvärde, 1 gång/tim",meter,1954-06-22T09:00:00Z,1954-06-22T10:00:00+01:00,-490028400000,,1000,1000,Y,,corrected-archive-csv
162860,Luleå-Kallax Flygplats,12,Sikt,"momentanvärde, 1 gång/tim",meter,1954-06-22T12:00:00Z,1954-06-22T13:00:00+01:00,-490017600000,,16000,16000,Y,,corrected-archive-csv
162860,Luleå-Kallax Flygplats,12,Sikt,"momentanvärde, 1 gång/tim",meter,1954-06-22T15:00:00Z,1954-06-22T16:00:00+01:00,-490006800000,,16000,16000,Y,,corrected-archive-csv
162860,Luleå-Kallax Flygplats,12,Sikt,"momentanvärde, 1 gång/tim",meter,1954-06-22T18:00:00Z,1954-06-22T19:00:00+01:00,-489996000000,,16000,16000,Y,,corrected-archive-csv
162860,Luleå-Kallax Flygplats,12,Sikt,"momentanvärde, 1 gång/tim",meter,1954-06-22T21:00:00Z,1954-06-22T22:00:00+01:00,-489985200000,,4000,4000,Y,,corrected-archive-csv
162860,Luleå-Kallax Flygplats,12,Sikt,"momentanvärde, 1 gång/tim",meter,1954-06-23T00:00:00Z,1954-06-23T01:00:00+01:00,-489974400000,,3000,3000,Y,,corrected-archive-csv
162860,Luleå-Kallax Flygplats,12,Sikt,"momentanvärde, 1 gång/tim",meter,1954-06-23T03:00:00Z,1954-06-23T04:00:00+01:00,-489963600000,,3000,3000,Y,,corrected-archive-csv
162860,Luleå-Kallax Flygplats,12,Sikt,"momentanvärde, 1 gång/tim",meter,1954-06-23T06:00:00Z,1954-06-23T07:00:00+01:00,-489952800000,,15000,15000,Y,,corrected-archive-csv
162860,Luleå-Kallax Flygplats,12,Sikt,"momentanvärde, 1 gång/tim",meter,1954-06-23T09:00:00Z,1954-06-23T10:00:00+01:00,-489942000000,,7000,7000,Y,,corrected-archive-csv
162860,Luleå-Kallax Flygplats,12,Sikt,"momentanvärde, 1 gång/tim",meter,1954-06-23T12:00:00Z,1954-06-23T13:00:00+01:00,-489931200000,,40000,40000,Y,,corrected-archive-csv
162860,Luleå-Kallax Flygplats,12,Sikt,"momentanvärde, 1 gång/tim",meter,1954-06-23T15:00:00Z,1954-06-23T16:00:00+01:00,-489920400000,,60000,60000,Y,,corrected-archive-csv
162860,Luleå-Kallax Flygplats,12,Sikt,"momentanvärde, 1 gång/tim",meter,1954-06-23T18:00:00Z,1954-06-23T19:00:00+01:00,-489909600000,,60000,60000,Y,,corrected-archive-csv
162860,Luleå-Kallax Flygplats,12,Sikt,"momentanvärde, 1 gång/tim",meter,1954-06-23T21:00:00Z,1954-06-23T22:00:00+01:00,-489898800000,,60000,60000,Y,,corrected-archive-csv
162860,Luleå-Kallax Flygplats,12,Sikt,"momentanvärde, 1 gång/tim",meter,1954-06-24T00:00:00Z,1954-06-24T01:00:00+01:00,-489888000000,,60000,60000,Y,,corrected-archive-csv
162860,Luleå-Kallax Flygplats,12,Sikt,"momentanvärde, 1 gång/tim",meter,1954-06-24T03:00:00Z,1954-06-24T04:00:00+01:00,-489877200000,,60000,60000,Y,,corrected-archive-csv
162860,Luleå-Kallax Flygplats,12,Sikt,"momentanvärde, 1 gång/tim",meter,1954-06-24T06:00:00Z,1954-06-24T07:00:00+01:00,-489866400000,,60000,60000,Y,,corrected-archive-csv
162860,Luleå-Kallax Flygplats,12,Sikt,"momentanvärde, 1 gång/tim",meter,1954-06-24T09:00:00Z,1954-06-24T10:00:00+01:00,-489855600000,,40000,40000,Y,,corrected-archive-csv
162860,Luleå-Kallax Flygplats,12,Sikt,"momentanvärde, 1 gång/tim",meter,1954-06-24T12:00:00Z,1954-06-24T13:00:00+01:00,-489844800000,,10000,10000,Y,,corrected-archive-csv
162860,Luleå-Kallax Flygplats,12,Sikt,"momentanvärde, 1 gång/tim",meter,1954-06-24T15:00:00Z,1954-06-24T16:00:00+01:00,-489834000000,,16000,16000,Y,,corrected-archive-csv
162860,Luleå-Kallax Flygplats,12,Sikt,"momentanvärde, 1 gång/tim",meter,1954-06-24T18:00:00Z,1954-06-24T19:00:00+01:00,-489823200000,,10000,10000,Y,,corrected-archive-csv
162860,Luleå-Kallax Flygplats,12,Sikt,"momentanvärde, 1 gång/tim",meter,1954-06-24T21:00:00Z,1954-06-24T22:00:00+01:00,-489812400000,,16000,16000,Y,,corrected-archive-csv
162860,Luleå-Kallax Flygplats,12,Sikt,"momentanvärde, 1 gång/tim",meter,1954-06-25T00:00:00Z,1954-06-25T01:00:00+01:00,-489801600000,,200,200,Y,,corrected-archive-csv
162860,Luleå-Kallax Flygplats,12,Sikt,"momentanvärde, 1 gång/tim",meter,1954-06-25T03:00:00Z,1954-06-25T04:00:00+01:00,-489790800000,,200,200,Y,,corrected-archive-csv
162860,Luleå-Kallax Flygplats,12,Sikt,"momentanvärde, 1 gång/tim",meter,1954-06-25T06:00:00Z,1954-06-25T07:00:00+01:00,-489780000000,,16000,16000,Y,,corrected-archive-csv
162860,Luleå-Kallax Flygplats,12,Sikt,"momentanvärde, 1 gång/tim",meter,1954-06-25T09:00:00Z,1954-06-25T10:00:00+01:00,-489769200000,,40000,40000,Y,,corrected-archive-csv
162860,Luleå-Kallax Flygplats,12,Sikt,"momentanvärde, 1 gång/tim",meter,1954-06-25T12:00:00Z,1954-06-25T13:00:00+01:00,-489758400000,,40000,40000,Y,,corrected-archive-csv
162860,Luleå-Kallax Flygplats,12,Sikt,"momentanvärde, 1 gång/tim",meter,1954-06-25T15:00:00Z,1954-06-25T16:00:00+01:00,-489747600000,,20000,20000,Y,,corrected-archive-csv
162860,Luleå-Kallax Flygplats,12,Sikt,"momentanvärde, 1 gång/tim",meter,1954-06-25T18:00:00Z,1954-06-25T19:00:00+01:00,-489736800000,,20000,20000,Y,,corrected-archive-csv
162860,Luleå-Kallax Flygplats,12,Sikt,"momentanvärde, 1 gång/tim",meter,1954-06-25T21:00:00Z,1954-06-25T22:00:00+01:00,-489726000000,,20000,20000,Y,,corrected-archive-csv
162860,Luleå-Kallax Flygplats,12,Sikt,"momentanvärde, 1 gång/tim",meter,1954-06-26T00:00:00Z,1954-06-26T01:00:00+01:00,-489715200000,,20000,20000,Y,,corrected-archive-csv
162860,Luleå-Kallax Flygplats,12,Sikt,"momentanvärde, 1 gång/tim",meter,1954-06-26T03:00:00Z,1954-06-26T04:00:00+01:00,-489704400000,,16000,16000,Y,,corrected-archive-csv
162860,Luleå-Kallax Flygplats,12,Sikt,"momentanvärde, 1 gång/tim",meter,1954-06-26T06:00:00Z,1954-06-26T07:00:00+01:00,-489693600000,,20000,20000,Y,,corrected-archive-csv
162860,Luleå-Kallax Flygplats,12,Sikt,"momentanvärde, 1 gång/tim",meter,1954-06-26T09:00:00Z,1954-06-26T10:00:00+01:00,-489682800000,,40000,40000,Y,,corrected-archive-csv
162860,Luleå-Kallax Flygplats,12,Sikt,"momentanvärde, 1 gång/tim",meter,1954-06-26T12:00:00Z,1954-06-26T13:00:00+01:00,-489672000000,,40000,40000,Y,,corrected-archive-csv
162860,Luleå-Kallax Flygplats,12,Sikt,"momentanvärde, 1 gång/tim",meter,1954-06-26T15:00:00Z,1954-06-26T16:00:00+01:00,-489661200000,,40000,40000,Y,,corrected-archive-csv
162860,Luleå-Kallax Flygplats,12,Sikt,"momentanvärde, 1 gång/tim",meter,1954-06-26T18:00:00Z,1954-06-26T19:00:00+01:00,-489650400000,,40000,40000,Y,,corrected-archive-csv
162860,Luleå-Kallax Flygplats,12,Sikt,"momentanvärde, 1 gång/tim",meter,1954-06-26T21:00:00Z,1954-06-26T22:00:00+01:00,-489639600000,,40000,40000,Y,,corrected-archive-csv
162860,Luleå-Kallax Flygplats,12,Sikt,"momentanvärde, 1 gång/tim",meter,1954-06-27T00:00:00Z,1954-06-27T01:00:00+01:00,-489628800000,,40000,40000,Y,,corrected-archive-csv
162860,Luleå-Kallax Flygplats,12,Sikt,"momentanvärde, 1 gång/tim",meter,1954-06-27T03:00:00Z,1954-06-27T04:00:00+01:00,-489618000000,,10000,10000,Y,,corrected-archive-csv
162860,Luleå-Kallax Flygplats,12,Sikt,"momentanvärde, 1 gång/tim",meter,1954-06-27T06:00:00Z,1954-06-27T07:00:00+01:00,-489607200000,,1000,1000,Y,,corrected-archive-csv
162860,Luleå-Kallax Flygplats,12,Sikt,"momentanvärde, 1 gång/tim",meter,1954-06-27T09:00:00Z,1954-06-27T10:00:00+01:00,-489596400000,,6000,6000,Y,,corrected-archive-csv
162860,Luleå-Kallax Flygplats,12,Sikt,"momentanvärde, 1 gång/tim",meter,1954-06-27T12:00:00Z,1954-06-27T13:00:00+01:00,-489585600000,,5000,5000,Y,,corrected-archive-csv
162860,Luleå-Kallax Flygplats,12,Sikt,"momentanvärde, 1 gång/tim",meter,1954-06-27T15:00:00Z,1954-06-27T16:00:00+01:00,-489574800000,,16000,16000,Y,,corrected-archive-csv
162860,Luleå-Kallax Flygplats,12,Sikt,"momentanvärde, 1 gång/tim",meter,1954-06-27T18:00:00Z,1954-06-27T19:00:00+01:00,-489564000000,,20000,20000,Y,,corrected-archive-csv
162860,Luleå-Kallax Flygplats,12,Sikt,"momentanvärde, 1 gång/tim",meter,1954-06-27T21:00:00Z,1954-06-27T22:00:00+01:00,-489553200000,,40000,40000,Y,,corrected-archive-csv
162860,Luleå-Kallax Flygplats,12,Sikt,"momentanvärde, 1 gång/tim",meter,1954-06-28T00:00:00Z,1954-06-28T01:00:00+01:00,-489542400000,,20000,20000,Y,,corrected-archive-csv
162860,Luleå-Kallax Flygplats,12,Sikt,"momentanvärde, 1 gång/tim",meter,1954-06-28T03:00:00Z,1954-06-28T04:00:00+01:00,-489531600000,,15000,15000,Y,,corrected-archive-csv
162860,Luleå-Kallax Flygplats,12,Sikt,"momentanvärde, 1 gång/tim",meter,1954-06-28T06:00:00Z,1954-06-28T07:00:00+01:00,-489520800000,,15000,15000,Y,,corrected-archive-csv
162860,Luleå-Kallax Flygplats,12,Sikt,"momentanvärde, 1 gång/tim",meter,1954-06-28T09:00:00Z,1954-06-28T10:00:00+01:00,-489510000000,,12000,12000,Y,,corrected-archive-csv
162860,Luleå-Kallax Flygplats,12,Sikt,"momentanvärde, 1 gång/tim",meter,1954-06-28T12:00:00Z,1954-06-28T13:00:00+01:00,-489499200000,,20000,20000,Y,,corrected-archive-csv
162860,Luleå-Kallax Flygplats,12,Sikt,"momentanvärde, 1 gång/tim",meter,1954-06-28T15:00:00Z,1954-06-28T16:00:00+01:00,-489488400000,,16000,16000,Y,,corrected-archive-csv
162860,Luleå-Kallax Flygplats,12,Sikt,"momentanvärde, 1 gång/tim",meter,1954-06-28T18:00:00Z,1954-06-28T19:00:00+01:00,-489477600000,,16000,16000,Y,,corrected-archive-csv
162860,Luleå-Kallax Flygplats,12,Sikt,"momentanvärde, 1 gång/tim",meter,1954-06-28T21:00:00Z,1954-06-28T22:00:00+01:00,-489466800000,,12000,12000,Y,,corrected-archive-csv
162860,Luleå-Kallax Flygplats,12,Sikt,"momentanvärde, 1 gång/tim",meter,1954-06-29T00:00:00Z,1954-06-29T01:00:00+01:00,-489456000000,,16000,16000,Y,,corrected-archive-csv
162860,Luleå-Kallax Flygplats,12,Sikt,"momentanvärde, 1 gång/tim",meter,1954-06-29T03:00:00Z,1954-06-29T04:00:00+01:00,-489445200000,,16000,16000,Y,,corrected-archive-csv
162860,Luleå-Kallax Flygplats,12,Sikt,"momentanvärde, 1 gång/tim",meter,1954-06-29T06:00:00Z,1954-06-29T07:00:00+01:00,-489434400000,,8000,8000,Y,,corrected-archive-csv
162860,Luleå-Kallax Flygplats,12,Sikt,"momentanvärde, 1 gång/tim",meter,1954-06-29T09:00:00Z,1954-06-29T10:00:00+01:00,-489423600000,,3000,3000,Y,,corrected-archive-csv
162860,Luleå-Kallax Flygplats,12,Sikt,"momentanvärde, 1 gång/tim",meter,1954-06-29T12:00:00Z,1954-06-29T13:00:00+01:00,-489412800000,,5000,5000,Y,,corrected-archive-csv
162860,Luleå-Kallax Flygplats,12,Sikt,"momentanvärde, 1 gång/tim",meter,1954-06-29T15:00:00Z,1954-06-29T16:00:00+01:00,-489402000000,,16000,16000,Y,,corrected-archive-csv
162860,Luleå-Kallax Flygplats,12,Sikt,"momentanvärde, 1 gång/tim",meter,1954-06-29T18:00:00Z,1954-06-29T19:00:00+01:00,-489391200000,,40000,40000,Y,,corrected-archive-csv
162860,Luleå-Kallax Flygplats,12,Sikt,"momentanvärde, 1 gång/tim",meter,1954-06-29T21:00:00Z,1954-06-29T22:00:00+01:00,-489380400000,,16000,16000,Y,,corrected-archive-csv
162860,Luleå-Kallax Flygplats,12,Sikt,"momentanvärde, 1 gång/tim",meter,1954-06-30T00:00:00Z,1954-06-30T01:00:00+01:00,-489369600000,,1200,1200,Y,,corrected-archive-csv
162860,Luleå-Kallax Flygplats,12,Sikt,"momentanvärde, 1 gång/tim",meter,1954-06-30T03:00:00Z,1954-06-30T04:00:00+01:00,-489358800000,,20000,20000,Y,,corrected-archive-csv
162860,Luleå-Kallax Flygplats,12,Sikt,"momentanvärde, 1 gång/tim",meter,1954-06-30T06:00:00Z,1954-06-30T07:00:00+01:00,-489348000000,,40000,40000,Y,,corrected-archive-csv
162860,Luleå-Kallax Flygplats,12,Sikt,"momentanvärde, 1 gång/tim",meter,1954-06-30T09:00:00Z,1954-06-30T10:00:00+01:00,-489337200000,,60000,60000,Y,,corrected-archive-csv
162860,Luleå-Kallax Flygplats,12,Sikt,"momentanvärde, 1 gång/tim",meter,1954-06-30T12:00:00Z,1954-06-30T13:00:00+01:00,-489326400000,,60000,60000,Y,,corrected-archive-csv
162860,Luleå-Kallax Flygplats,12,Sikt,"momentanvärde, 1 gång/tim",meter,1954-06-30T15:00:00Z,1954-06-30T16:00:00+01:00,-489315600000,,60000,60000,Y,,corrected-archive-csv
162860,Luleå-Kallax Flygplats,12,Sikt,"momentanvärde, 1 gång/tim",meter,1954-06-30T18:00:00Z,1954-06-30T19:00:00+01:00,-489304800000,,60000,60000,Y,,corrected-archive-csv
162860,Luleå-Kallax Flygplats,12,Sikt,"momentanvärde, 1 gång/tim",meter,1954-06-30T21:00:00Z,1954-06-30T22:00:00+01:00,-489294000000,,60000,60000,Y,,corrected-archive-csv
162860,Luleå-Kallax Flygplats,12,Sikt,"momentanvärde, 1 gång/tim",meter,1954-07-01T00:00:00Z,1954-07-01T01:00:00+01:00,-489283200000,,40000,40000,Y,,corrected-archive-csv
162860,Luleå-Kallax Flygplats,12,Sikt,"momentanvärde, 1 gång/tim",meter,1954-07-01T03:00:00Z,1954-07-01T04:00:00+01:00,-489272400000,,40000,40000,Y,,corrected-archive-csv
162860,Luleå-Kallax Flygplats,12,Sikt,"momentanvärde, 1 gång/tim",meter,1954-07-01T06:00:00Z,1954-07-01T07:00:00+01:00,-489261600000,,40000,40000,Y,,corrected-archive-csv
162860,Luleå-Kallax Flygplats,12,Sikt,"momentanvärde, 1 gång/tim",meter,1954-07-01T09:00:00Z,1954-07-01T10:00:00+01:00,-489250800000,,40000,40000,Y,,corrected-archive-csv
162860,Luleå-Kallax Flygplats,12,Sikt,"momentanvärde, 1 gång/tim",meter,1954-07-01T12:00:00Z,1954-07-01T13:00:00+01:00,-489240000000,,40000,40000,Y,,corrected-archive-csv
162860,Luleå-Kallax Flygplats,12,Sikt,"momentanvärde, 1 gång/tim",meter,1954-07-01T15:00:00Z,1954-07-01T16:00:00+01:00,-489229200000,,40000,40000,Y,,corrected-archive-csv
162860,Luleå-Kallax Flygplats,12,Sikt,"momentanvärde, 1 gång/tim",meter,1954-07-01T18:00:00Z,1954-07-01T19:00:00+01:00,-489218400000,,40000,40000,Y,,corrected-archive-csv
162860,Luleå-Kallax Flygplats,12,Sikt,"momentanvärde, 1 gång/tim",meter,1954-07-01T21:00:00Z,1954-07-01T22:00:00+01:00,-489207600000,,40000,40000,Y,,corrected-archive-csv
162860,Luleå-Kallax Flygplats,12,Sikt,"momentanvärde, 1 gång/tim",meter,1954-07-02T00:00:00Z,1954-07-02T01:00:00+01:00,-489196800000,,20000,20000,Y,,corrected-archive-csv
162860,Luleå-Kallax Flygplats,12,Sikt,"momentanvärde, 1 gång/tim",meter,1954-07-02T03:00:00Z,1954-07-02T04:00:00+01:00,-489186000000,,12000,12000,Y,,corrected-archive-csv
162860,Luleå-Kallax Flygplats,12,Sikt,"momentanvärde, 1 gång/tim",meter,1954-07-02T06:00:00Z,1954-07-02T07:00:00+01:00,-489175200000,,20000,20000,Y,,corrected-archive-csv
162860,Luleå-Kallax Flygplats,12,Sikt,"momentanvärde, 1 gång/tim",meter,1954-07-02T09:00:00Z,1954-07-02T10:00:00+01:00,-489164400000,,40000,40000,Y,,corrected-archive-csv
162860,Luleå-Kallax Flygplats,12,Sikt,"momentanvärde, 1 gång/tim",meter,1954-07-02T12:00:00Z,1954-07-02T13:00:00+01:00,-489153600000,,40000,40000,Y,,corrected-archive-csv
162860,Luleå-Kallax Flygplats,12,Sikt,"momentanvärde, 1 gång/tim",meter,1954-07-02T15:00:00Z,1954-07-02T16:00:00+01:00,-489142800000,,16000,16000,Y,,corrected-archive-csv
162860,Luleå-Kallax Flygplats,12,Sikt,"momentanvärde, 1 gång/tim",meter,1954-07-02T18:00:00Z,1954-07-02T19:00:00+01:00,-489132000000,,16000,16000,Y,,corrected-archive-csv
162860,Luleå-Kallax Flygplats,12,Sikt,"momentanvärde, 1 gång/tim",meter,1954-07-02T21:00:00Z,1954-07-02T22:00:00+01:00,-489121200000,,14000,14000,Y,,corrected-archive-csv
162860,Luleå-Kallax Flygplats,12,Sikt,"momentanvärde, 1 gång/tim",meter,1954-07-03T00:00:00Z,1954-07-03T01:00:00+01:00,-489110400000,,16000,16000,Y,,corrected-archive-csv
162860,Luleå-Kallax Flygplats,12,Sikt,"momentanvärde, 1 gång/tim",meter,1954-07-03T03:00:00Z,1954-07-03T04:00:00+01:00,-489099600000,,20000,20000,Y,,corrected-archive-csv
162860,Luleå-Kallax Flygplats,12,Sikt,"momentanvärde, 1 gång/tim",meter,1954-07-03T06:00:00Z,1954-07-03T07:00:00+01:00,-489088800000,,40000,40000,Y,,corrected-archive-csv
162860,Luleå-Kallax Flygplats,12,Sikt,"momentanvärde, 1 gång/tim",meter,1954-07-03T09:00:00Z,1954-07-03T10:00:00+01:00,-489078000000,,40000,40000,Y,,corrected-archive-csv
162860,Luleå-Kallax Flygplats,12,Sikt,"momentanvärde, 1 gång/tim",meter,1954-07-03T12:00:00Z,1954-07-03T13:00:00+01:00,-489067200000,,20000,20000,Y,,corrected-archive-csv
162860,Luleå-Kallax Flygplats,12,Sikt,"momentanvärde, 1 gång/tim",meter,1954-07-03T15:00:00Z,1954-07-03T16:00:00+01:00,-489056400000,,20000,20000,Y,,corrected-archive-csv
162860,Luleå-Kallax Flygplats,12,Sikt,"momentanvärde, 1 gång/tim",meter,1954-07-03T18:00:00Z,1954-07-03T19:00:00+01:00,-489045600000,,20000,20000,Y,,corrected-archive-csv
162860,Luleå-Kallax Flygplats,12,Sikt,"momentanvärde, 1 gång/tim",meter,1954-07-03T21:00:00Z,1954-07-03T22:00:00+01:00,-489034800000,,20000,20000,Y,,corrected-archive-csv
162860,Luleå-Kallax Flygplats,12,Sikt,"momentanvärde, 1 gång/tim",meter,1954-07-04T00:00:00Z,1954-07-04T01:00:00+01:00,-489024000000,,40000,40000,Y,,corrected-archive-csv
162860,Luleå-Kallax Flygplats,12,Sikt,"momentanvärde, 1 gång/tim",meter,1954-07-04T03:00:00Z,1954-07-04T04:00:00+01:00,-489013200000,,40000,40000,Y,,corrected-archive-csv
162860,Luleå-Kallax Flygplats,12,Sikt,"momentanvärde, 1 gång/tim",meter,1954-07-04T06:00:00Z,1954-07-04T07:00:00+01:00,-489002400000,,40000,40000,Y,,corrected-archive-csv
162860,Luleå-Kallax Flygplats,12,Sikt,"momentanvärde, 1 gång/tim",meter,1954-07-04T09:00:00Z,1954-07-04T10:00:00+01:00,-488991600000,,40000,40000,Y,,corrected-archive-csv
162860,Luleå-Kallax Flygplats,12,Sikt,"momentanvärde, 1 gång/tim",meter,1954-07-04T12:00:00Z,1954-07-04T13:00:00+01:00,-488980800000,,40000,40000,Y,,corrected-archive-csv
162860,Luleå-Kallax Flygplats,12,Sikt,"momentanvärde, 1 gång/tim",meter,1954-07-04T15:00:00Z,1954-07-04T16:00:00+01:00,-488970000000,,40000,40000,Y,,corrected-archive-csv
162860,Luleå-Kallax Flygplats,12,Sikt,"momentanvärde, 1 gång/tim",meter,1954-07-04T18:00:00Z,1954-07-04T19:00:00+01:00,-488959200000,,40000,40000,Y,,corrected-archive-csv
162860,Luleå-Kallax Flygplats,12,Sikt,"momentanvärde, 1 gång/tim",meter,1954-07-04T21:00:00Z,1954-07-04T22:00:00+01:00,-488948400000,,40000,40000,Y,,corrected-archive-csv
162860,Luleå-Kallax Flygplats,12,Sikt,"momentanvärde, 1 gång/tim",meter,1954-07-05T00:00:00Z,1954-07-05T01:00:00+01:00,-488937600000,,40000,40000,Y,,corrected-archive-csv
162860,Luleå-Kallax Flygplats,12,Sikt,"momentanvärde, 1 gång/tim",meter,1954-07-05T03:00:00Z,1954-07-05T04:00:00+01:00,-488926800000,,20000,20000,Y,,corrected-archive-csv
162860,Luleå-Kallax Flygplats,12,Sikt,"momentanvärde, 1 gång/tim",meter,1954-07-05T06:00:00Z,1954-07-05T07:00:00+01:00,-488916000000,,16000,16000,Y,,corrected-archive-csv
162860,Luleå-Kallax Flygplats,12,Sikt,"momentanvärde, 1 gång/tim",meter,1954-07-05T09:00:00Z,1954-07-05T10:00:00+01:00,-488905200000,,16000,16000,Y,,corrected-archive-csv
162860,Luleå-Kallax Flygplats,12,Sikt,"momentanvärde, 1 gång/tim",meter,1954-07-05T12:00:00Z,1954-07-05T13:00:00+01:00,-488894400000,,60000,60000,Y,,corrected-archive-csv
162860,Luleå-Kallax Flygplats,12,Sikt,"momentanvärde, 1 gång/tim",meter,1954-07-05T15:00:00Z,1954-07-05T16:00:00+01:00,-488883600000,,60000,60000,Y,,corrected-archive-csv
162860,Luleå-Kallax Flygplats,12,Sikt,"momentanvärde, 1 gång/tim",meter,1954-07-05T18:00:00Z,1954-07-05T19:00:00+01:00,-488872800000,,60000,60000,Y,,corrected-archive-csv
162860,Luleå-Kallax Flygplats,12,Sikt,"momentanvärde, 1 gång/tim",meter,1954-07-05T21:00:00Z,1954-07-05T22:00:00+01:00,-488862000000,,60000,60000,Y,,corrected-archive-csv
162860,Luleå-Kallax Flygplats,12,Sikt,"momentanvärde, 1 gång/tim",meter,1954-07-06T00:00:00Z,1954-07-06T01:00:00+01:00,-488851200000,,40000,40000,Y,,corrected-archive-csv
162860,Luleå-Kallax Flygplats,12,Sikt,"momentanvärde, 1 gång/tim",meter,1954-07-06T03:00:00Z,1954-07-06T04:00:00+01:00,-488840400000,,40000,40000,Y,,corrected-archive-csv
162860,Luleå-Kallax Flygplats,12,Sikt,"momentanvärde, 1 gång/tim",meter,1954-07-06T06:00:00Z,1954-07-06T07:00:00+01:00,-488829600000,,16000,16000,Y,,corrected-archive-csv
162860,Luleå-Kallax Flygplats,12,Sikt,"momentanvärde, 1 gång/tim",meter,1954-07-06T09:00:00Z,1954-07-06T10:00:00+01:00,-488818800000,,40000,40000,Y,,corrected-archive-csv
162860,Luleå-Kallax Flygplats,12,Sikt,"momentanvärde, 1 gång/tim",meter,1954-07-06T12:00:00Z,1954-07-06T13:00:00+01:00,-488808000000,,60000,60000,Y,,corrected-archive-csv
162860,Luleå-Kallax Flygplats,12,Sikt,"momentanvärde, 1 gång/tim",meter,1954-07-06T15:00:00Z,1954-07-06T16:00:00+01:00,-488797200000,,60000,60000,Y,,corrected-archive-csv
162860,Luleå-Kallax Flygplats,12,Sikt,"momentanvärde, 1 gång/tim",meter,1954-07-06T18:00:00Z,1954-07-06T19:00:00+01:00,-488786400000,,40000,40000,Y,,corrected-archive-csv
162860,Luleå-Kallax Flygplats,12,Sikt,"momentanvärde, 1 gång/tim",meter,1954-07-06T21:00:00Z,1954-07-06T22:00:00+01:00,-488775600000,,20000,20000,Y,,corrected-archive-csv
162860,Luleå-Kallax Flygplats,12,Sikt,"momentanvärde, 1 gång/tim",meter,1954-07-07T00:00:00Z,1954-07-07T01:00:00+01:00,-488764800000,,10000,10000,Y,,corrected-archive-csv
162860,Luleå-Kallax Flygplats,12,Sikt,"momentanvärde, 1 gång/tim",meter,1954-07-07T03:00:00Z,1954-07-07T04:00:00+01:00,-488754000000,,10000,10000,Y,,corrected-archive-csv
162860,Luleå-Kallax Flygplats,12,Sikt,"momentanvärde, 1 gång/tim",meter,1954-07-07T06:00:00Z,1954-07-07T07:00:00+01:00,-488743200000,,2000,2000,Y,,corrected-archive-csv
162860,Luleå-Kallax Flygplats,12,Sikt,"momentanvärde, 1 gång/tim",meter,1954-07-07T09:00:00Z,1954-07-07T10:00:00+01:00,-488732400000,,10000,10000,Y,,corrected-archive-csv
162860,Luleå-Kallax Flygplats,12,Sikt,"momentanvärde, 1 gång/tim",meter,1954-07-07T12:00:00Z,1954-07-07T13:00:00+01:00,-488721600000,,20000,20000,Y,,corrected-archive-csv
162860,Luleå-Kallax Flygplats,12,Sikt,"momentanvärde, 1 gång/tim",meter,1954-07-07T15:00:00Z,1954-07-07T16:00:00+01:00,-488710800000,,60000,60000,Y,,corrected-archive-csv
162860,Luleå-Kallax Flygplats,12,Sikt,"momentanvärde, 1 gång/tim",meter,1954-07-07T18:00:00Z,1954-07-07T19:00:00+01:00,-488700000000,,40000,40000,Y,,corrected-archive-csv
162860,Luleå-Kallax Flygplats,12,Sikt,"momentanvärde, 1 gång/tim",meter,1954-07-07T21:00:00Z,1954-07-07T22:00:00+01:00,-488689200000,,40000,40000,Y,,corrected-archive-csv
162860,Luleå-Kallax Flygplats,12,Sikt,"momentanvärde, 1 gång/tim",meter,1954-07-08T00:00:00Z,1954-07-08T01:00:00+01:00,-488678400000,,40000,40000,Y,,corrected-archive-csv
162860,Luleå-Kallax Flygplats,12,Sikt,"momentanvärde, 1 gång/tim",meter,1954-07-08T03:00:00Z,1954-07-08T04:00:00+01:00,-488667600000,,40000,40000,Y,,corrected-archive-csv
162860,Luleå-Kallax Flygplats,12,Sikt,"momentanvärde, 1 gång/tim",meter,1954-07-08T06:00:00Z,1954-07-08T07:00:00+01:00,-488656800000,,40000,40000,Y,,corrected-archive-csv
162860,Luleå-Kallax Flygplats,12,Sikt,"momentanvärde, 1 gång/tim",meter,1954-07-08T09:00:00Z,1954-07-08T10:00:00+01:00,-488646000000,,40000,40000,Y,,corrected-archive-csv
162860,Luleå-Kallax Flygplats,12,Sikt,"momentanvärde, 1 gång/tim",meter,1954-07-08T12:00:00Z,1954-07-08T13:00:00+01:00,-488635200000,,60000,60000,Y,,corrected-archive-csv
162860,Luleå-Kallax Flygplats,12,Sikt,"momentanvärde, 1 gång/tim",meter,1954-07-08T15:00:00Z,1954-07-08T16:00:00+01:00,-488624400000,,60000,60000,Y,,corrected-archive-csv
162860,Luleå-Kallax Flygplats,12,Sikt,"momentanvärde, 1 gång/tim",meter,1954-07-08T18:00:00Z,1954-07-08T19:00:00+01:00,-488613600000,,40000,40000,Y,,corrected-archive-csv
162860,Luleå-Kallax Flygplats,12,Sikt,"momentanvärde, 1 gång/tim",meter,1954-07-08T21:00:00Z,1954-07-08T22:00:00+01:00,-488602800000,,60000,60000,Y,,corrected-archive-csv
162860,Luleå-Kallax Flygplats,12,Sikt,"momentanvärde, 1 gång/tim",meter,1954-07-09T00:00:00Z,1954-07-09T01:00:00+01:00,-488592000000,,60000,60000,Y,,corrected-archive-csv
162860,Luleå-Kallax Flygplats,12,Sikt,"momentanvärde, 1 gång/tim",meter,1954-07-09T03:00:00Z,1954-07-09T04:00:00+01:00,-488581200000,,60000,60000,Y,,corrected-archive-csv
162860,Luleå-Kallax Flygplats,12,Sikt,"momentanvärde, 1 gång/tim",meter,1954-07-09T06:00:00Z,1954-07-09T07:00:00+01:00,-488570400000,,60000,60000,Y,,corrected-archive-csv
162860,Luleå-Kallax Flygplats,12,Sikt,"momentanvärde, 1 gång/tim",meter,1954-07-09T09:00:00Z,1954-07-09T10:00:00+01:00,-488559600000,,60000,60000,Y,,corrected-archive-csv
162860,Luleå-Kallax Flygplats,12,Sikt,"momentanvärde, 1 gång/tim",meter,1954-07-09T12:00:00Z,1954-07-09T13:00:00+01:00,-488548800000,,40000,40000,Y,,corrected-archive-csv
162860,Luleå-Kallax Flygplats,12,Sikt,"momentanvärde, 1 gång/tim",meter,1954-07-09T15:00:00Z,1954-07-09T16:00:00+01:00,-488538000000,,40000,40000,Y,,corrected-archive-csv
162860,Luleå-Kallax Flygplats,12,Sikt,"momentanvärde, 1 gång/tim",meter,1954-07-09T18:00:00Z,1954-07-09T19:00:00+01:00,-488527200000,,40000,40000,Y,,corrected-archive-csv
162860,Luleå-Kallax Flygplats,12,Sikt,"momentanvärde, 1 gång/tim",meter,1954-07-09T21:00:00Z,1954-07-09T22:00:00+01:00,-488516400000,,40000,40000,Y,,corrected-archive-csv
162860,Luleå-Kallax Flygplats,12,Sikt,"momentanvärde, 1 gång/tim",meter,1954-07-10T00:00:00Z,1954-07-10T01:00:00+01:00,-488505600000,,20000,20000,Y,,corrected-archive-csv
162860,Luleå-Kallax Flygplats,12,Sikt,"momentanvärde, 1 gång/tim",meter,1954-07-10T03:00:00Z,1954-07-10T04:00:00+01:00,-488494800000,,20000,20000,Y,,corrected-archive-csv
162860,Luleå-Kallax Flygplats,12,Sikt,"momentanvärde, 1 gång/tim",meter,1954-07-10T06:00:00Z,1954-07-10T07:00:00+01:00,-488484000000,,40000,40000,Y,,corrected-archive-csv
162860,Luleå-Kallax Flygplats,12,Sikt,"momentanvärde, 1 gång/tim",meter,1954-07-10T09:00:00Z,1954-07-10T10:00:00+01:00,-488473200000,,40000,40000,Y,,corrected-archive-csv
162860,Luleå-Kallax Flygplats,12,Sikt,"momentanvärde, 1 gång/tim",meter,1954-07-10T12:00:00Z,1954-07-10T13:00:00+01:00,-488462400000,,60000,60000,Y,,corrected-archive-csv
162860,Luleå-Kallax Flygplats,12,Sikt,"momentanvärde, 1 gång/tim",meter,1954-07-10T15:00:00Z,1954-07-10T16:00:00+01:00,-488451600000,,60000,60000,Y,,corrected-archive-csv
162860,Luleå-Kallax Flygplats,12,Sikt,"momentanvärde, 1 gång/tim",meter,1954-07-10T18:00:00Z,1954-07-10T19:00:00+01:00,-488440800000,,60000,60000,Y,,corrected-archive-csv
162860,Luleå-Kallax Flygplats,12,Sikt,"momentanvärde, 1 gång/tim",meter,1954-07-10T21:00:00Z,1954-07-10T22:00:00+01:00,-488430000000,,20000,20000,Y,,corrected-archive-csv
162860,Luleå-Kallax Flygplats,12,Sikt,"momentanvärde, 1 gång/tim",meter,1954-07-11T00:00:00Z,1954-07-11T01:00:00+01:00,-488419200000,,16000,16000,Y,,corrected-archive-csv
162860,Luleå-Kallax Flygplats,12,Sikt,"momentanvärde, 1 gång/tim",meter,1954-07-11T03:00:00Z,1954-07-11T04:00:00+01:00,-488408400000,,40000,40000,Y,,corrected-archive-csv
162860,Luleå-Kallax Flygplats,12,Sikt,"momentanvärde, 1 gång/tim",meter,1954-07-11T06:00:00Z,1954-07-11T07:00:00+01:00,-488397600000,,40000,40000,Y,,corrected-archive-csv
162860,Luleå-Kallax Flygplats,12,Sikt,"momentanvärde, 1 gång/tim",meter,1954-07-11T09:00:00Z,1954-07-11T10:00:00+01:00,-488386800000,,40000,40000,Y,,corrected-archive-csv
162860,Luleå-Kallax Flygplats,12,Sikt,"momentanvärde, 1 gång/tim",meter,1954-07-11T12:00:00Z,1954-07-11T13:00:00+01:00,-488376000000,,40000,40000,Y,,corrected-archive-csv
162860,Luleå-Kallax Flygplats,12,Sikt,"momentanvärde, 1 gång/tim",meter,1954-07-11T15:00:00Z,1954-07-11T16:00:00+01:00,-488365200000,,60000,60000,Y,,corrected-archive-csv
162860,Luleå-Kallax Flygplats,12,Sikt,"momentanvärde, 1 gång/tim",meter,1954-07-11T18:00:00Z,1954-07-11T19:00:00+01:00,-488354400000,,60000,60000,Y,,corrected-archive-csv
162860,Luleå-Kallax Flygplats,12,Sikt,"momentanvärde, 1 gång/tim",meter,1954-07-11T21:00:00Z,1954-07-11T22:00:00+01:00,-488343600000,,60000,60000,Y,,corrected-archive-csv
162860,Luleå-Kallax Flygplats,12,Sikt,"momentanvärde, 1 gång/tim",meter,1954-07-12T00:00:00Z,1954-07-12T01:00:00+01:00,-488332800000,,40000,40000,Y,,corrected-archive-csv
162860,Luleå-Kallax Flygplats,12,Sikt,"momentanvärde, 1 gång/tim",meter,1954-07-12T03:00:00Z,1954-07-12T04:00:00+01:00,-488322000000,,40000,40000,Y,,corrected-archive-csv
162860,Luleå-Kallax Flygplats,12,Sikt,"momentanvärde, 1 gång/tim",meter,1954-07-12T06:00:00Z,1954-07-12T07:00:00+01:00,-488311200000,,40000,40000,Y,,corrected-archive-csv
162860,Luleå-Kallax Flygplats,12,Sikt,"momentanvärde, 1 gång/tim",meter,1954-07-12T09:00:00Z,1954-07-12T10:00:00+01:00,-488300400000,,40000,40000,Y,,corrected-archive-csv
162860,Luleå-Kallax Flygplats,12,Sikt,"momentanvärde, 1 gång/tim",meter,1954-07-12T12:00:00Z,1954-07-12T13:00:00+01:00,-488289600000,,60000,60000,Y,,corrected-archive-csv
162860,Luleå-Kallax Flygplats,12,Sikt,"momentanvärde, 1 gång/tim",meter,1954-07-12T15:00:00Z,1954-07-12T16:00:00+01:00,-488278800000,,60000,60000,Y,,corrected-archive-csv
162860,Luleå-Kallax Flygplats,12,Sikt,"momentanvärde, 1 gång/tim",meter,1954-07-12T18:00:00Z,1954-07-12T19:00:00+01:00,-488268000000,,60000,60000,Y,,corrected-archive-csv
162860,Luleå-Kallax Flygplats,12,Sikt,"momentanvärde, 1 gång/tim",meter,1954-07-12T21:00:00Z,1954-07-12T22:00:00+01:00,-488257200000,,60000,60000,Y,,corrected-archive-csv
162860,Luleå-Kallax Flygplats,12,Sikt,"momentanvärde, 1 gång/tim",meter,1954-07-13T00:00:00Z,1954-07-13T01:00:00+01:00,-488246400000,,60000,60000,Y,,corrected-archive-csv
162860,Luleå-Kallax Flygplats,12,Sikt,"momentanvärde, 1 gång/tim",meter,1954-07-13T03:00:00Z,1954-07-13T04:00:00+01:00,-488235600000,,60000,60000,Y,,corrected-archive-csv
162860,Luleå-Kallax Flygplats,12,Sikt,"momentanvärde, 1 gång/tim",meter,1954-07-13T06:00:00Z,1954-07-13T07:00:00+01:00,-488224800000,,60000,60000,Y,,corrected-archive-csv
162860,Luleå-Kallax Flygplats,12,Sikt,"momentanvärde, 1 gång/tim",meter,1954-07-13T09:00:00Z,1954-07-13T10:00:00+01:00,-488214000000,,60000,60000,Y,,corrected-archive-csv
162860,Luleå-Kallax Flygplats,12,Sikt,"momentanvärde, 1 gång/tim",meter,1954-07-13T12:00:00Z,1954-07-13T13:00:00+01:00,-488203200000,,60000,60000,Y,,corrected-archive-csv
162860,Luleå-Kallax Flygplats,12,Sikt,"momentanvärde, 1 gång/tim",meter,1954-07-13T15:00:00Z,1954-07-13T16:00:00+01:00,-488192400000,,60000,60000,Y,,corrected-archive-csv
162860,Luleå-Kallax Flygplats,12,Sikt,"momentanvärde, 1 gång/tim",meter,1954-07-13T18:00:00Z,1954-07-13T19:00:00+01:00,-488181600000,,60000,60000,Y,,corrected-archive-csv
162860,Luleå-Kallax Flygplats,12,Sikt,"momentanvärde, 1 gång/tim",meter,1954-07-13T21:00:00Z,1954-07-13T22:00:00+01:00,-488170800000,,60000,60000,Y,,corrected-archive-csv
162860,Luleå-Kallax Flygplats,12,Sikt,"momentanvärde, 1 gång/tim",meter,1954-07-14T00:00:00Z,1954-07-14T01:00:00+01:00,-488160000000,,40000,40000,Y,,corrected-archive-csv
162860,Luleå-Kallax Flygplats,12,Sikt,"momentanvärde, 1 gång/tim",meter,1954-07-14T03:00:00Z,1954-07-14T04:00:00+01:00,-488149200000,,40000,40000,Y,,corrected-archive-csv
162860,Luleå-Kallax Flygplats,12,Sikt,"momentanvärde, 1 gång/tim",meter,1954-07-14T06:00:00Z,1954-07-14T07:00:00+01:00,-488138400000,,40000,40000,Y,,corrected-archive-csv
162860,Luleå-Kallax Flygplats,12,Sikt,"momentanvärde, 1 gång/tim",meter,1954-07-14T09:00:00Z,1954-07-14T10:00:00+01:00,-488127600000,,40000,40000,Y,,corrected-archive-csv
162860,Luleå-Kallax Flygplats,12,Sikt,"momentanvärde, 1 gång/tim",meter,1954-07-14T12:00:00Z,1954-07-14T13:00:00+01:00,-488116800000,,40000,40000,Y,,corrected-archive-csv
162860,Luleå-Kallax Flygplats,12,Sikt,"momentanvärde, 1 gång/tim",meter,1954-07-14T15:00:00Z,1954-07-14T16:00:00+01:00,-488106000000,,60000,60000,Y,,corrected-archive-csv
162860,Luleå-Kallax Flygplats,12,Sikt,"momentanvärde, 1 gång/tim",meter,1954-07-14T18:00:00Z,1954-07-14T19:00:00+01:00,-488095200000,,60000,60000,Y,,corrected-archive-csv
162860,Luleå-Kallax Flygplats,12,Sikt,"momentanvärde, 1 gång/tim",meter,1954-07-14T21:00:00Z,1954-07-14T22:00:00+01:00,-488084400000,,40000,40000,Y,,corrected-archive-csv
162860,Luleå-Kallax Flygplats,12,Sikt,"momentanvärde, 1 gång/tim",meter,1954-07-15T00:00:00Z,1954-07-15T01:00:00+01:00,-488073600000,,40000,40000,Y,,corrected-archive-csv
162860,Luleå-Kallax Flygplats,12,Sikt,"momentanvärde, 1 gång/tim",meter,1954-07-15T03:00:00Z,1954-07-15T04:00:00+01:00,-488062800000,,40000,40000,Y,,corrected-archive-csv
162860,Luleå-Kallax Flygplats,12,Sikt,"momentanvärde, 1 gång/tim",meter,1954-07-15T06:00:00Z,1954-07-15T07:00:00+01:00,-488052000000,,40000,40000,Y,,corrected-archive-csv
162860,Luleå-Kallax Flygplats,12,Sikt,"momentanvärde, 1 gång/tim",meter,1954-07-15T09:00:00Z,1954-07-15T10:00:00+01:00,-488041200000,,40000,40000,Y,,corrected-archive-csv
162860,Luleå-Kallax Flygplats,12,Sikt,"momentanvärde, 1 gång/tim",meter,1954-07-15T12:00:00Z,1954-07-15T13:00:00+01:00,-488030400000,,60000,60000,Y,,corrected-archive-csv
162860,Luleå-Kallax Flygplats,12,Sikt,"momentanvärde, 1 gång/tim",meter,1954-07-15T15:00:00Z,1954-07-15T16:00:00+01:00,-488019600000,,60000,60000,Y,,corrected-archive-csv
162860,Luleå-Kallax Flygplats,12,Sikt,"momentanvärde, 1 gång/tim",meter,1954-07-15T18:00:00Z,1954-07-15T19:00:00+01:00,-488008800000,,60000,60000,Y,,corrected-archive-csv
162860,Luleå-Kallax Flygplats,12,Sikt,"momentanvärde, 1 gång/tim",meter,1954-07-15T21:00:00Z,1954-07-15T22:00:00+01:00,-487998000000,,60000,60000,Y,,corrected-archive-csv
162860,Luleå-Kallax Flygplats,12,Sikt,"momentanvärde, 1 gång/tim",meter,1954-07-16T00:00:00Z,1954-07-16T01:00:00+01:00,-487987200000,,16000,16000,Y,,corrected-archive-csv
162860,Luleå-Kallax Flygplats,12,Sikt,"momentanvärde, 1 gång/tim",meter,1954-07-16T03:00:00Z,1954-07-16T04:00:00+01:00,-487976400000,,16000,16000,Y,,corrected-archive-csv
162860,Luleå-Kallax Flygplats,12,Sikt,"momentanvärde, 1 gång/tim",meter,1954-07-16T06:00:00Z,1954-07-16T07:00:00+01:00,-487965600000,,20000,20000,Y,,corrected-archive-csv
162860,Luleå-Kallax Flygplats,12,Sikt,"momentanvärde, 1 gång/tim",meter,1954-07-16T09:00:00Z,1954-07-16T10:00:00+01:00,-487954800000,,16000,16000,Y,,corrected-archive-csv
162860,Luleå-Kallax Flygplats,12,Sikt,"momentanvärde, 1 gång/tim",meter,1954-07-16T12:00:00Z,1954-07-16T13:00:00+01:00,-487944000000,,40000,40000,Y,,corrected-archive-csv
162860,Luleå-Kallax Flygplats,12,Sikt,"momentanvärde, 1 gång/tim",meter,1954-07-16T15:00:00Z,1954-07-16T16:00:00+01:00,-487933200000,,60000,60000,Y,,corrected-archive-csv
162860,Luleå-Kallax Flygplats,12,Sikt,"momentanvärde, 1 gång/tim",meter,1954-07-16T18:00:00Z,1954-07-16T19:00:00+01:00,-487922400000,,60000,60000,Y,,corrected-archive-csv
162860,Luleå-Kallax Flygplats,12,Sikt,"momentanvärde, 1 gång/tim",meter,1954-07-16T21:00:00Z,1954-07-16T22:00:00+01:00,-487911600000,,40000,40000,Y,,corrected-archive-csv
162860,Luleå-Kallax Flygplats,12,Sikt,"momentanvärde, 1 gång/tim",meter,1954-07-17T00:00:00Z,1954-07-17T01:00:00+01:00,-487900800000,,40000,40000,Y,,corrected-archive-csv
162860,Luleå-Kallax Flygplats,12,Sikt,"momentanvärde, 1 gång/tim",meter,1954-07-17T03:00:00Z,1954-07-17T04:00:00+01:00,-487890000000,,60000,60000,Y,,corrected-archive-csv
162860,Luleå-Kallax Flygplats,12,Sikt,"momentanvärde, 1 gång/tim",meter,1954-07-17T06:00:00Z,1954-07-17T07:00:00+01:00,-487879200000,,60000,60000,Y,,corrected-archive-csv
162860,Luleå-Kallax Flygplats,12,Sikt,"momentanvärde, 1 gång/tim",meter,1954-07-17T09:00:00Z,1954-07-17T10:00:00+01:00,-487868400000,,60000,60000,Y,,corrected-archive-csv
162860,Luleå-Kallax Flygplats,12,Sikt,"momentanvärde, 1 gång/tim",meter,1954-07-17T12:00:00Z,1954-07-17T13:00:00+01:00,-487857600000,,60000,60000,Y,,corrected-archive-csv
162860,Luleå-Kallax Flygplats,12,Sikt,"momentanvärde, 1 gång/tim",meter,1954-07-17T15:00:00Z,1954-07-17T16:00:00+01:00,-487846800000,,60000,60000,Y,,corrected-archive-csv
162860,Luleå-Kallax Flygplats,12,Sikt,"momentanvärde, 1 gång/tim",meter,1954-07-17T18:00:00Z,1954-07-17T19:00:00+01:00,-487836000000,,60000,60000,Y,,corrected-archive-csv
162860,Luleå-Kallax Flygplats,12,Sikt,"momentanvärde, 1 gång/tim",meter,1954-07-17T21:00:00Z,1954-07-17T22:00:00+01:00,-487825200000,,60000,60000,Y,,corrected-archive-csv
162860,Luleå-Kallax Flygplats,12,Sikt,"momentanvärde, 1 gång/tim",meter,1954-07-18T00:00:00Z,1954-07-18T01:00:00+01:00,-487814400000,,60000,60000,Y,,corrected-archive-csv
162860,Luleå-Kallax Flygplats,12,Sikt,"momentanvärde, 1 gång/tim",meter,1954-07-18T03:00:00Z,1954-07-18T04:00:00+01:00,-487803600000,,60000,60000,Y,,corrected-archive-csv
162860,Luleå-Kallax Flygplats,12,Sikt,"momentanvärde, 1 gång/tim",meter,1954-07-18T06:00:00Z,1954-07-18T07:00:00+01:00,-487792800000,,60000,60000,Y,,corrected-archive-csv
162860,Luleå-Kallax Flygplats,12,Sikt,"momentanvärde, 1 gång/tim",meter,1954-07-18T09:00:00Z,1954-07-18T10:00:00+01:00,-487782000000,,60000,60000,Y,,corrected-archive-csv
162860,Luleå-Kallax Flygplats,12,Sikt,"momentanvärde, 1 gång/tim",meter,1954-07-18T12:00:00Z,1954-07-18T13:00:00+01:00,-487771200000,,60000,60000,Y,,corrected-archive-csv
162860,Luleå-Kallax Flygplats,12,Sikt,"momentanvärde, 1 gång/tim",meter,1954-07-18T15:00:00Z,1954-07-18T16:00:00+01:00,-487760400000,,20000,20000,Y,,corrected-archive-csv
162860,Luleå-Kallax Flygplats,12,Sikt,"momentanvärde, 1 gång/tim",meter,1954-07-18T18:00:00Z,1954-07-18T19:00:00+01:00,-487749600000,,60000,60000,Y,,corrected-archive-csv
162860,Luleå-Kallax Flygplats,12,Sikt,"momentanvärde, 1 gång/tim",meter,1954-07-18T21:00:00Z,1954-07-18T22:00:00+01:00,-487738800000,,60000,60000,Y,,corrected-archive-csv
162860,Luleå-Kallax Flygplats,12,Sikt,"momentanvärde, 1 gång/tim",meter,1954-07-19T00:00:00Z,1954-07-19T01:00:00+01:00,-487728000000,,60000,60000,Y,,corrected-archive-csv
162860,Luleå-Kallax Flygplats,12,Sikt,"momentanvärde, 1 gång/tim",meter,1954-07-19T03:00:00Z,1954-07-19T04:00:00+01:00,-487717200000,,60000,60000,Y,,corrected-archive-csv
162860,Luleå-Kallax Flygplats,12,Sikt,"momentanvärde, 1 gång/tim",meter,1954-07-19T06:00:00Z,1954-07-19T07:00:00+01:00,-487706400000,,40000,40000,Y,,corrected-archive-csv
162860,Luleå-Kallax Flygplats,12,Sikt,"momentanvärde, 1 gång/tim",meter,1954-07-19T09:00:00Z,1954-07-19T10:00:00+01:00,-487695600000,,16000,16000,Y,,corrected-archive-csv
162860,Luleå-Kallax Flygplats,12,Sikt,"momentanvärde, 1 gång/tim",meter,1954-07-19T12:00:00Z,1954-07-19T13:00:00+01:00,-487684800000,,10000,10000,Y,,corrected-archive-csv
162860,Luleå-Kallax Flygplats,12,Sikt,"momentanvärde, 1 gång/tim",meter,1954-07-19T15:00:00Z,1954-07-19T16:00:00+01:00,-487674000000,,20000,20000,Y,,corrected-archive-csv
162860,Luleå-Kallax Flygplats,12,Sikt,"momentanvärde, 1 gång/tim",meter,1954-07-19T18:00:00Z,1954-07-19T19:00:00+01:00,-487663200000,,20000,20000,Y,,corrected-archive-csv
162860,Luleå-Kallax Flygplats,12,Sikt,"momentanvärde, 1 gång/tim",meter,1954-07-19T21:00:00Z,1954-07-19T22:00:00+01:00,-487652400000,,20000,20000,Y,,corrected-archive-csv
162860,Luleå-Kallax Flygplats,12,Sikt,"momentanvärde, 1 gång/tim",meter,1954-07-20T00:00:00Z,1954-07-20T01:00:00+01:00,-487641600000,,20000,20000,Y,,corrected-archive-csv
162860,Luleå-Kallax Flygplats,12,Sikt,"momentanvärde, 1 gång/tim",meter,1954-07-20T03:00:00Z,1954-07-20T04:00:00+01:00,-487630800000,,20000,20000,Y,,corrected-archive-csv
162860,Luleå-Kallax Flygplats,12,Sikt,"momentanvärde, 1 gång/tim",meter,1954-07-20T06:00:00Z,1954-07-20T07:00:00+01:00,-487620000000,,20000,20000,Y,,corrected-archive-csv
162860,Luleå-Kallax Flygplats,12,Sikt,"momentanvärde, 1 gång/tim",meter,1954-07-20T09:00:00Z,1954-07-20T10:00:00+01:00,-487609200000,,60000,60000,Y,,corrected-archive-csv
162860,Luleå-Kallax Flygplats,12,Sikt,"momentanvärde, 1 gång/tim",meter,1954-07-20T12:00:00Z,1954-07-20T13:00:00+01:00,-487598400000,,60000,60000,Y,,corrected-archive-csv
162860,Luleå-Kallax Flygplats,12,Sikt,"momentanvärde, 1 gång/tim",meter,1954-07-20T15:00:00Z,1954-07-20T16:00:00+01:00,-487587600000,,60000,60000,Y,,corrected-archive-csv
162860,Luleå-Kallax Flygplats,12,Sikt,"momentanvärde, 1 gång/tim",meter,1954-07-20T18:00:00Z,1954-07-20T19:00:00+01:00,-487576800000,,60000,60000,Y,,corrected-archive-csv
162860,Luleå-Kallax Flygplats,12,Sikt,"momentanvärde, 1 gång/tim",meter,1954-07-20T21:00:00Z,1954-07-20T22:00:00+01:00,-487566000000,,60000,60000,Y,,corrected-archive-csv
162860,Luleå-Kallax Flygplats,12,Sikt,"momentanvärde, 1 gång/tim",meter,1954-07-21T00:00:00Z,1954-07-21T01:00:00+01:00,-487555200000,,60000,60000,Y,,corrected-archive-csv
162860,Luleå-Kallax Flygplats,12,Sikt,"momentanvärde, 1 gång/tim",meter,1954-07-21T03:00:00Z,1954-07-21T04:00:00+01:00,-487544400000,,20000,20000,Y,,corrected-archive-csv
162860,Luleå-Kallax Flygplats,12,Sikt,"momentanvärde, 1 gång/tim",meter,1954-07-21T06:00:00Z,1954-07-21T07:00:00+01:00,-487533600000,,16000,16000,Y,,corrected-archive-csv
162860,Luleå-Kallax Flygplats,12,Sikt,"momentanvärde, 1 gång/tim",meter,1954-07-21T09:00:00Z,1954-07-21T10:00:00+01:00,-487522800000,,60000,60000,Y,,corrected-archive-csv
162860,Luleå-Kallax Flygplats,12,Sikt,"momentanvärde, 1 gång/tim",meter,1954-07-21T12:00:00Z,1954-07-21T13:00:00+01:00,-487512000000,,16000,16000,Y,,corrected-archive-csv
162860,Luleå-Kallax Flygplats,12,Sikt,"momentanvärde, 1 gång/tim",meter,1954-07-21T15:00:00Z,1954-07-21T16:00:00+01:00,-487501200000,,40000,40000,Y,,corrected-archive-csv
162860,Luleå-Kallax Flygplats,12,Sikt,"momentanvärde, 1 gång/tim",meter,1954-07-21T18:00:00Z,1954-07-21T19:00:00+01:00,-487490400000,,8000,8000,Y,,corrected-archive-csv
162860,Luleå-Kallax Flygplats,12,Sikt,"momentanvärde, 1 gång/tim",meter,1954-07-21T21:00:00Z,1954-07-21T22:00:00+01:00,-487479600000,,12000,12000,Y,,corrected-archive-csv
162860,Luleå-Kallax Flygplats,12,Sikt,"momentanvärde, 1 gång/tim",meter,1954-07-22T00:00:00Z,1954-07-22T01:00:00+01:00,-487468800000,,4000,4000,Y,,corrected-archive-csv
162860,Luleå-Kallax Flygplats,12,Sikt,"momentanvärde, 1 gång/tim",meter,1954-07-22T03:00:00Z,1954-07-22T04:00:00+01:00,-487458000000,,16000,16000,Y,,corrected-archive-csv
162860,Luleå-Kallax Flygplats,12,Sikt,"momentanvärde, 1 gång/tim",meter,1954-07-22T06:00:00Z,1954-07-22T07:00:00+01:00,-487447200000,,16000,16000,Y,,corrected-archive-csv
162860,Luleå-Kallax Flygplats,12,Sikt,"momentanvärde, 1 gång/tim",meter,1954-07-22T09:00:00Z,1954-07-22T10:00:00+01:00,-487436400000,,20000,20000,Y,,corrected-archive-csv
162860,Luleå-Kallax Flygplats,12,Sikt,"momentanvärde, 1 gång/tim",meter,1954-07-22T12:00:00Z,1954-07-22T13:00:00+01:00,-487425600000,,4000,4000,Y,,corrected-archive-csv
162860,Luleå-Kallax Flygplats,12,Sikt,"momentanvärde, 1 gång/tim",meter,1954-07-22T15:00:00Z,1954-07-22T16:00:00+01:00,-487414800000,,20000,20000,Y,,corrected-archive-csv
162860,Luleå-Kallax Flygplats,12,Sikt,"momentanvärde, 1 gång/tim",meter,1954-07-22T18:00:00Z,1954-07-22T19:00:00+01:00,-487404000000,,20000,20000,Y,,corrected-archive-csv
162860,Luleå-Kallax Flygplats,12,Sikt,"momentanvärde, 1 gång/tim",meter,1954-07-22T21:00:00Z,1954-07-22T22:00:00+01:00,-487393200000,,20000,20000,Y,,corrected-archive-csv
162860,Luleå-Kallax Flygplats,12,Sikt,"momentanvärde, 1 gång/tim",meter,1954-07-23T00:00:00Z,1954-07-23T01:00:00+01:00,-487382400000,,20000,20000,Y,,corrected-archive-csv
162860,Luleå-Kallax Flygplats,12,Sikt,"momentanvärde, 1 gång/tim",meter,1954-07-23T03:00:00Z,1954-07-23T04:00:00+01:00,-487371600000,,40000,40000,Y,,corrected-archive-csv
162860,Luleå-Kallax Flygplats,12,Sikt,"momentanvärde, 1 gång/tim",meter,1954-07-23T06:00:00Z,1954-07-23T07:00:00+01:00,-487360800000,,40000,40000,Y,,corrected-archive-csv
162860,Luleå-Kallax Flygplats,12,Sikt,"momentanvärde, 1 gång/tim",meter,1954-07-23T09:00:00Z,1954-07-23T10:00:00+01:00,-487350000000,,40000,40000,Y,,corrected-archive-csv
162860,Luleå-Kallax Flygplats,12,Sikt,"momentanvärde, 1 gång/tim",meter,1954-07-23T12:00:00Z,1954-07-23T13:00:00+01:00,-487339200000,,40000,40000,Y,,corrected-archive-csv
162860,Luleå-Kallax Flygplats,12,Sikt,"momentanvärde, 1 gång/tim",meter,1954-07-23T15:00:00Z,1954-07-23T16:00:00+01:00,-487328400000,,40000,40000,Y,,corrected-archive-csv
162860,Luleå-Kallax Flygplats,12,Sikt,"momentanvärde, 1 gång/tim",meter,1954-07-23T18:00:00Z,1954-07-23T19:00:00+01:00,-487317600000,,60000,60000,Y,,corrected-archive-csv
162860,Luleå-Kallax Flygplats,12,Sikt,"momentanvärde, 1 gång/tim",meter,1954-07-23T21:00:00Z,1954-07-23T22:00:00+01:00,-487306800000,,60000,60000,Y,,corrected-archive-csv
162860,Luleå-Kallax Flygplats,12,Sikt,"momentanvärde, 1 gång/tim",meter,1954-07-24T00:00:00Z,1954-07-24T01:00:00+01:00,-487296000000,,40000,40000,Y,,corrected-archive-csv
162860,Luleå-Kallax Flygplats,12,Sikt,"momentanvärde, 1 gång/tim",meter,1954-07-24T03:00:00Z,1954-07-24T04:00:00+01:00,-487285200000,,200,200,Y,,corrected-archive-csv
162860,Luleå-Kallax Flygplats,12,Sikt,"momentanvärde, 1 gång/tim",meter,1954-07-24T06:00:00Z,1954-07-24T07:00:00+01:00,-487274400000,,40000,40000,Y,,corrected-archive-csv
162860,Luleå-Kallax Flygplats,12,Sikt,"momentanvärde, 1 gång/tim",meter,1954-07-24T09:00:00Z,1954-07-24T10:00:00+01:00,-487263600000,,40000,40000,Y,,corrected-archive-csv
162860,Luleå-Kallax Flygplats,12,Sikt,"momentanvärde, 1 gång/tim",meter,1954-07-24T12:00:00Z,1954-07-24T13:00:00+01:00,-487252800000,,40000,40000,Y,,corrected-archive-csv
162860,Luleå-Kallax Flygplats,12,Sikt,"momentanvärde, 1 gång/tim",meter,1954-07-24T15:00:00Z,1954-07-24T16:00:00+01:00,-487242000000,,40000,40000,Y,,corrected-archive-csv
162860,Luleå-Kallax Flygplats,12,Sikt,"momentanvärde, 1 gång/tim",meter,1954-07-24T18:00:00Z,1954-07-24T19:00:00+01:00,-487231200000,,40000,40000,Y,,corrected-archive-csv
162860,Luleå-Kallax Flygplats,12,Sikt,"momentanvärde, 1 gång/tim",meter,1954-07-24T21:00:00Z,1954-07-24T22:00:00+01:00,-487220400000,,40000,40000,Y,,corrected-archive-csv
162860,Luleå-Kallax Flygplats,12,Sikt,"momentanvärde, 1 gång/tim",meter,1954-07-25T00:00:00Z,1954-07-25T01:00:00+01:00,-487209600000,,600,600,Y,,corrected-archive-csv
162860,Luleå-Kallax Flygplats,12,Sikt,"momentanvärde, 1 gång/tim",meter,1954-07-25T03:00:00Z,1954-07-25T04:00:00+01:00,-487198800000,,16000,16000,Y,,corrected-archive-csv
162860,Luleå-Kallax Flygplats,12,Sikt,"momentanvärde, 1 gång/tim",meter,1954-07-25T06:00:00Z,1954-07-25T07:00:00+01:00,-487188000000,,40000,40000,Y,,corrected-archive-csv
162860,Luleå-Kallax Flygplats,12,Sikt,"momentanvärde, 1 gång/tim",meter,1954-07-25T09:00:00Z,1954-07-25T10:00:00+01:00,-487177200000,,60000,60000,Y,,corrected-archive-csv
162860,Luleå-Kallax Flygplats,12,Sikt,"momentanvärde, 1 gång/tim",meter,1954-07-25T12:00:00Z,1954-07-25T13:00:00+01:00,-487166400000,,60000,60000,Y,,corrected-archive-csv
162860,Luleå-Kallax Flygplats,12,Sikt,"momentanvärde, 1 gång/tim",meter,1954-07-25T15:00:00Z,1954-07-25T16:00:00+01:00,-487155600000,,60000,60000,Y,,corrected-archive-csv
162860,Luleå-Kallax Flygplats,12,Sikt,"momentanvärde, 1 gång/tim",meter,1954-07-25T18:00:00Z,1954-07-25T19:00:00+01:00,-487144800000,,60000,60000,Y,,corrected-archive-csv
162860,Luleå-Kallax Flygplats,12,Sikt,"momentanvärde, 1 gång/tim",meter,1954-07-25T21:00:00Z,1954-07-25T22:00:00+01:00,-487134000000,,60000,60000,Y,,corrected-archive-csv
162860,Luleå-Kallax Flygplats,12,Sikt,"momentanvärde, 1 gång/tim",meter,1954-07-26T00:00:00Z,1954-07-26T01:00:00+01:00,-487123200000,,60000,60000,Y,,corrected-archive-csv
162860,Luleå-Kallax Flygplats,12,Sikt,"momentanvärde, 1 gång/tim",meter,1954-07-26T03:00:00Z,1954-07-26T04:00:00+01:00,-487112400000,,1200,1200,Y,,corrected-archive-csv
162860,Luleå-Kallax Flygplats,12,Sikt,"momentanvärde, 1 gång/tim",meter,1954-07-26T06:00:00Z,1954-07-26T07:00:00+01:00,-487101600000,,40000,40000,Y,,corrected-archive-csv
162860,Luleå-Kallax Flygplats,12,Sikt,"momentanvärde, 1 gång/tim",meter,1954-07-26T09:00:00Z,1954-07-26T10:00:00+01:00,-487090800000,,20000,20000,Y,,corrected-archive-csv
162860,Luleå-Kallax Flygplats,12,Sikt,"momentanvärde, 1 gång/tim",meter,1954-07-26T12:00:00Z,1954-07-26T13:00:00+01:00,-487080000000,,14000,14000,Y,,corrected-archive-csv
162860,Luleå-Kallax Flygplats,12,Sikt,"momentanvärde, 1 gång/tim",meter,1954-07-26T15:00:00Z,1954-07-26T16:00:00+01:00,-487069200000,,16000,16000,Y,,corrected-archive-csv
162860,Luleå-Kallax Flygplats,12,Sikt,"momentanvärde, 1 gång/tim",meter,1954-07-26T18:00:00Z,1954-07-26T19:00:00+01:00,-487058400000,,16000,16000,Y,,corrected-archive-csv
162860,Luleå-Kallax Flygplats,12,Sikt,"momentanvärde, 1 gång/tim",meter,1954-07-26T21:00:00Z,1954-07-26T22:00:00+01:00,-487047600000,,14000,14000,Y,,corrected-archive-csv
162860,Luleå-Kallax Flygplats,12,Sikt,"momentanvärde, 1 gång/tim",meter,1954-07-27T00:00:00Z,1954-07-27T01:00:00+01:00,-487036800000,,16000,16000,Y,,corrected-archive-csv
162860,Luleå-Kallax Flygplats,12,Sikt,"momentanvärde, 1 gång/tim",meter,1954-07-27T03:00:00Z,1954-07-27T04:00:00+01:00,-487026000000,,20000,20000,Y,,corrected-archive-csv
162860,Luleå-Kallax Flygplats,12,Sikt,"momentanvärde, 1 gång/tim",meter,1954-07-27T06:00:00Z,1954-07-27T07:00:00+01:00,-487015200000,,20000,20000,Y,,corrected-archive-csv
162860,Luleå-Kallax Flygplats,12,Sikt,"momentanvärde, 1 gång/tim",meter,1954-07-27T09:00:00Z,1954-07-27T10:00:00+01:00,-487004400000,,10000,10000,Y,,corrected-archive-csv
162860,Luleå-Kallax Flygplats,12,Sikt,"momentanvärde, 1 gång/tim",meter,1954-07-27T12:00:00Z,1954-07-27T13:00:00+01:00,-486993600000,,16000,16000,Y,,corrected-archive-csv
162860,Luleå-Kallax Flygplats,12,Sikt,"momentanvärde, 1 gång/tim",meter,1954-07-27T15:00:00Z,1954-07-27T16:00:00+01:00,-486982800000,,20000,20000,Y,,corrected-archive-csv
162860,Luleå-Kallax Flygplats,12,Sikt,"momentanvärde, 1 gång/tim",meter,1954-07-27T18:00:00Z,1954-07-27T19:00:00+01:00,-486972000000,,10000,10000,Y,,corrected-archive-csv
162860,Luleå-Kallax Flygplats,12,Sikt,"momentanvärde, 1 gång/tim",meter,1954-07-27T21:00:00Z,1954-07-27T22:00:00+01:00,-486961200000,,16000,16000,Y,,corrected-archive-csv
162860,Luleå-Kallax Flygplats,12,Sikt,"momentanvärde, 1 gång/tim",meter,1954-07-28T00:00:00Z,1954-07-28T01:00:00+01:00,-486950400000,,20000,20000,Y,,corrected-archive-csv
162860,Luleå-Kallax Flygplats,12,Sikt,"momentanvärde, 1 gång/tim",meter,1954-07-28T03:00:00Z,1954-07-28T04:00:00+01:00,-486939600000,,20000,20000,Y,,corrected-archive-csv
162860,Luleå-Kallax Flygplats,12,Sikt,"momentanvärde, 1 gång/tim",meter,1954-07-28T06:00:00Z,1954-07-28T07:00:00+01:00,-486928800000,,20000,20000,Y,,corrected-archive-csv
162860,Luleå-Kallax Flygplats,12,Sikt,"momentanvärde, 1 gång/tim",meter,1954-07-28T09:00:00Z,1954-07-28T10:00:00+01:00,-486918000000,,20000,20000,Y,,corrected-archive-csv
162860,Luleå-Kallax Flygplats,12,Sikt,"momentanvärde, 1 gång/tim",meter,1954-07-28T12:00:00Z,1954-07-28T13:00:00+01:00,-486907200000,,20000,20000,Y,,corrected-archive-csv
162860,Luleå-Kallax Flygplats,12,Sikt,"momentanvärde, 1 gång/tim",meter,1954-07-28T15:00:00Z,1954-07-28T16:00:00+01:00,-486896400000,,20000,20000,Y,,corrected-archive-csv
162860,Luleå-Kallax Flygplats,12,Sikt,"momentanvärde, 1 gång/tim",meter,1954-07-28T18:00:00Z,1954-07-28T19:00:00+01:00,-486885600000,,20000,20000,Y,,corrected-archive-csv
162860,Luleå-Kallax Flygplats,12,Sikt,"momentanvärde, 1 gång/tim",meter,1954-07-28T21:00:00Z,1954-07-28T22:00:00+01:00,-486874800000,,16000,16000,Y,,corrected-archive-csv
162860,Luleå-Kallax Flygplats,12,Sikt,"momentanvärde, 1 gång/tim",meter,1954-07-29T00:00:00Z,1954-07-29T01:00:00+01:00,-486864000000,,20000,20000,Y,,corrected-archive-csv
162860,Luleå-Kallax Flygplats,12,Sikt,"momentanvärde, 1 gång/tim",meter,1954-07-29T03:00:00Z,1954-07-29T04:00:00+01:00,-486853200000,,20000,20000,Y,,corrected-archive-csv
162860,Luleå-Kallax Flygplats,12,Sikt,"momentanvärde, 1 gång/tim",meter,1954-07-29T06:00:00Z,1954-07-29T07:00:00+01:00,-486842400000,,20000,20000,Y,,corrected-archive-csv
162860,Luleå-Kallax Flygplats,12,Sikt,"momentanvärde, 1 gång/tim",meter,1954-07-29T09:00:00Z,1954-07-29T10:00:00+01:00,-486831600000,,20000,20000,Y,,corrected-archive-csv
162860,Luleå-Kallax Flygplats,12,Sikt,"momentanvärde, 1 gång/tim",meter,1954-07-29T12:00:00Z,1954-07-29T13:00:00+01:00,-486820800000,,40000,40000,Y,,corrected-archive-csv
162860,Luleå-Kallax Flygplats,12,Sikt,"momentanvärde, 1 gång/tim",meter,1954-07-29T15:00:00Z,1954-07-29T16:00:00+01:00,-486810000000,,40000,40000,Y,,corrected-archive-csv
162860,Luleå-Kallax Flygplats,12,Sikt,"momentanvärde, 1 gång/tim",meter,1954-07-29T18:00:00Z,1954-07-29T19:00:00+01:00,-486799200000,,40000,40000,Y,,corrected-archive-csv
162860,Luleå-Kallax Flygplats,12,Sikt,"momentanvärde, 1 gång/tim",meter,1954-07-29T21:00:00Z,1954-07-29T22:00:00+01:00,-486788400000,,16000,16000,Y,,corrected-archive-csv
162860,Luleå-Kallax Flygplats,12,Sikt,"momentanvärde, 1 gång/tim",meter,1954-07-30T00:00:00Z,1954-07-30T01:00:00+01:00,-486777600000,,20000,20000,Y,,corrected-archive-csv
162860,Luleå-Kallax Flygplats,12,Sikt,"momentanvärde, 1 gång/tim",meter,1954-07-30T03:00:00Z,1954-07-30T04:00:00+01:00,-486766800000,,20000,20000,Y,,corrected-archive-csv
162860,Luleå-Kallax Flygplats,12,Sikt,"momentanvärde, 1 gång/tim",meter,1954-07-30T06:00:00Z,1954-07-30T07:00:00+01:00,-486756000000,,20000,20000,Y,,corrected-archive-csv
162860,Luleå-Kallax Flygplats,12,Sikt,"momentanvärde, 1 gång/tim",meter,1954-07-30T09:00:00Z,1954-07-30T10:00:00+01:00,-486745200000,,16000,16000,Y,,corrected-archive-csv
162860,Luleå-Kallax Flygplats,12,Sikt,"momentanvärde, 1 gång/tim",meter,1954-07-30T12:00:00Z,1954-07-30T13:00:00+01:00,-486734400000,,40000,40000,Y,,corrected-archive-csv
162860,Luleå-Kallax Flygplats,12,Sikt,"momentanvärde, 1 gång/tim",meter,1954-07-30T15:00:00Z,1954-07-30T16:00:00+01:00,-486723600000,,16000,16000,Y,,corrected-archive-csv
162860,Luleå-Kallax Flygplats,12,Sikt,"momentanvärde, 1 gång/tim",meter,1954-07-30T18:00:00Z,1954-07-30T19:00:00+01:00,-486712800000,,16000,16000,Y,,corrected-archive-csv
162860,Luleå-Kallax Flygplats,12,Sikt,"momentanvärde, 1 gång/tim",meter,1954-07-30T21:00:00Z,1954-07-30T22:00:00+01:00,-486702000000,,16000,16000,Y,,corrected-archive-csv
162860,Luleå-Kallax Flygplats,12,Sikt,"momentanvärde, 1 gång/tim",meter,1954-07-31T00:00:00Z,1954-07-31T01:00:00+01:00,-486691200000,,20000,20000,Y,,corrected-archive-csv
162860,Luleå-Kallax Flygplats,12,Sikt,"momentanvärde, 1 gång/tim",meter,1954-07-31T03:00:00Z,1954-07-31T04:00:00+01:00,-486680400000,,16000,16000,Y,,corrected-archive-csv
162860,Luleå-Kallax Flygplats,12,Sikt,"momentanvärde, 1 gång/tim",meter,1954-07-31T06:00:00Z,1954-07-31T07:00:00+01:00,-486669600000,,16000,16000,Y,,corrected-archive-csv
162860,Luleå-Kallax Flygplats,12,Sikt,"momentanvärde, 1 gång/tim",meter,1954-07-31T09:00:00Z,1954-07-31T10:00:00+01:00,-486658800000,,20000,20000,Y,,corrected-archive-csv
162860,Luleå-Kallax Flygplats,12,Sikt,"momentanvärde, 1 gång/tim",meter,1954-07-31T12:00:00Z,1954-07-31T13:00:00+01:00,-486648000000,,20000,20000,Y,,corrected-archive-csv
162860,Luleå-Kallax Flygplats,12,Sikt,"momentanvärde, 1 gång/tim",meter,1954-07-31T15:00:00Z,1954-07-31T16:00:00+01:00,-486637200000,,20000,20000,Y,,corrected-archive-csv
162860,Luleå-Kallax Flygplats,12,Sikt,"momentanvärde, 1 gång/tim",meter,1954-07-31T18:00:00Z,1954-07-31T19:00:00+01:00,-486626400000,,20000,20000,Y,,corrected-archive-csv
162860,Luleå-Kallax Flygplats,12,Sikt,"momentanvärde, 1 gång/tim",meter,1954-07-31T21:00:00Z,1954-07-31T22:00:00+01:00,-486615600000,,20000,20000,Y,,corrected-archive-csv
162860,Luleå-Kallax Flygplats,12,Sikt,"momentanvärde, 1 gång/tim",meter,1954-08-01T00:00:00Z,1954-08-01T01:00:00+01:00,-486604800000,,20000,20000,Y,,corrected-archive-csv
162860,Luleå-Kallax Flygplats,12,Sikt,"momentanvärde, 1 gång/tim",meter,1954-08-01T03:00:00Z,1954-08-01T04:00:00+01:00,-486594000000,,20000,20000,Y,,corrected-archive-csv
162860,Luleå-Kallax Flygplats,12,Sikt,"momentanvärde, 1 gång/tim",meter,1954-08-01T06:00:00Z,1954-08-01T07:00:00+01:00,-486583200000,,20000,20000,Y,,corrected-archive-csv
162860,Luleå-Kallax Flygplats,12,Sikt,"momentanvärde, 1 gång/tim",meter,1954-08-01T09:00:00Z,1954-08-01T10:00:00+01:00,-486572400000,,40000,40000,Y,,corrected-archive-csv
162860,Luleå-Kallax Flygplats,12,Sikt,"momentanvärde, 1 gång/tim",meter,1954-08-01T12:00:00Z,1954-08-01T13:00:00+01:00,-486561600000,,40000,40000,Y,,corrected-archive-csv
162860,Luleå-Kallax Flygplats,12,Sikt,"momentanvärde, 1 gång/tim",meter,1954-08-01T15:00:00Z,1954-08-01T16:00:00+01:00,-486550800000,,40000,40000,Y,,corrected-archive-csv
162860,Luleå-Kallax Flygplats,12,Sikt,"momentanvärde, 1 gång/tim",meter,1954-08-01T18:00:00Z,1954-08-01T19:00:00+01:00,-486540000000,,40000,40000,Y,,corrected-archive-csv
162860,Luleå-Kallax Flygplats,12,Sikt,"momentanvärde, 1 gång/tim",meter,1954-08-01T21:00:00Z,1954-08-01T22:00:00+01:00,-486529200000,,16000,16000,Y,,corrected-archive-csv
162860,Luleå-Kallax Flygplats,12,Sikt,"momentanvärde, 1 gång/tim",meter,1954-08-02T00:00:00Z,1954-08-02T01:00:00+01:00,-486518400000,,200,200,Y,,corrected-archive-csv
162860,Luleå-Kallax Flygplats,12,Sikt,"momentanvärde, 1 gång/tim",meter,1954-08-02T03:00:00Z,1954-08-02T04:00:00+01:00,-486507600000,,16000,16000,Y,,corrected-archive-csv
162860,Luleå-Kallax Flygplats,12,Sikt,"momentanvärde, 1 gång/tim",meter,1954-08-02T06:00:00Z,1954-08-02T07:00:00+01:00,-486496800000,,16000,16000,Y,,corrected-archive-csv
162860,Luleå-Kallax Flygplats,12,Sikt,"momentanvärde, 1 gång/tim",meter,1954-08-02T09:00:00Z,1954-08-02T10:00:00+01:00,-486486000000,,40000,40000,Y,,corrected-archive-csv
162860,Luleå-Kallax Flygplats,12,Sikt,"momentanvärde, 1 gång/tim",meter,1954-08-02T12:00:00Z,1954-08-02T13:00:00+01:00,-486475200000,,40000,40000,Y,,corrected-archive-csv
162860,Luleå-Kallax Flygplats,12,Sikt,"momentanvärde, 1 gång/tim",meter,1954-08-02T15:00:00Z,1954-08-02T16:00:00+01:00,-486464400000,,10000,10000,Y,,corrected-archive-csv
162860,Luleå-Kallax Flygplats,12,Sikt,"momentanvärde, 1 gång/tim",meter,1954-08-02T18:00:00Z,1954-08-02T19:00:00+01:00,-486453600000,,12000,12000,Y,,corrected-archive-csv
162860,Luleå-Kallax Flygplats,12,Sikt,"momentanvärde, 1 gång/tim",meter,1954-08-02T21:00:00Z,1954-08-02T22:00:00+01:00,-486442800000,,4000,4000,Y,,corrected-archive-csv
162860,Luleå-Kallax Flygplats,12,Sikt,"momentanvärde, 1 gång/tim",meter,1954-08-03T00:00:00Z,1954-08-03T01:00:00+01:00,-486432000000,,10000,10000,Y,,corrected-archive-csv
162860,Luleå-Kallax Flygplats,12,Sikt,"momentanvärde, 1 gång/tim",meter,1954-08-03T03:00:00Z,1954-08-03T04:00:00+01:00,-486421200000,,6000,6000,Y,,corrected-archive-csv
162860,Luleå-Kallax Flygplats,12,Sikt,"momentanvärde, 1 gång/tim",meter,1954-08-03T06:00:00Z,1954-08-03T07:00:00+01:00,-486410400000,,12000,12000,Y,,corrected-archive-csv
162860,Luleå-Kallax Flygplats,12,Sikt,"momentanvärde, 1 gång/tim",meter,1954-08-03T09:00:00Z,1954-08-03T10:00:00+01:00,-486399600000,,5000,5000,Y,,corrected-archive-csv
162860,Luleå-Kallax Flygplats,12,Sikt,"momentanvärde, 1 gång/tim",meter,1954-08-03T12:00:00Z,1954-08-03T13:00:00+01:00,-486388800000,,16000,16000,Y,,corrected-archive-csv
162860,Luleå-Kallax Flygplats,12,Sikt,"momentanvärde, 1 gång/tim",meter,1954-08-03T15:00:00Z,1954-08-03T16:00:00+01:00,-486378000000,,60000,60000,Y,,corrected-archive-csv
162860,Luleå-Kallax Flygplats,12,Sikt,"momentanvärde, 1 gång/tim",meter,1954-08-03T18:00:00Z,1954-08-03T19:00:00+01:00,-486367200000,,16000,16000,Y,,corrected-archive-csv
162860,Luleå-Kallax Flygplats,12,Sikt,"momentanvärde, 1 gång/tim",meter,1954-08-03T21:00:00Z,1954-08-03T22:00:00+01:00,-486356400000,,10000,10000,Y,,corrected-archive-csv
162860,Luleå-Kallax Flygplats,12,Sikt,"momentanvärde, 1 gång/tim",meter,1954-08-04T00:00:00Z,1954-08-04T01:00:00+01:00,-486345600000,,16000,16000,Y,,corrected-archive-csv
162860,Luleå-Kallax Flygplats,12,Sikt,"momentanvärde, 1 gång/tim",meter,1954-08-04T03:00:00Z,1954-08-04T04:00:00+01:00,-486334800000,,10000,10000,Y,,corrected-archive-csv
162860,Luleå-Kallax Flygplats,12,Sikt,"momentanvärde, 1 gång/tim",meter,1954-08-04T06:00:00Z,1954-08-04T07:00:00+01:00,-486324000000,,16000,16000,Y,,corrected-archive-csv
162860,Luleå-Kallax Flygplats,12,Sikt,"momentanvärde, 1 gång/tim",meter,1954-08-04T09:00:00Z,1954-08-04T10:00:00+01:00,-486313200000,,10000,10000,Y,,corrected-archive-csv
162860,Luleå-Kallax Flygplats,12,Sikt,"momentanvärde, 1 gång/tim",meter,1954-08-04T12:00:00Z,1954-08-04T13:00:00+01:00,-486302400000,,40000,40000,Y,,corrected-archive-csv
162860,Luleå-Kallax Flygplats,12,Sikt,"momentanvärde, 1 gång/tim",meter,1954-08-04T15:00:00Z,1954-08-04T16:00:00+01:00,-486291600000,,60000,60000,Y,,corrected-archive-csv
162860,Luleå-Kallax Flygplats,12,Sikt,"momentanvärde, 1 gång/tim",meter,1954-08-04T18:00:00Z,1954-08-04T19:00:00+01:00,-486280800000,,60000,60000,Y,,corrected-archive-csv
162860,Luleå-Kallax Flygplats,12,Sikt,"momentanvärde, 1 gång/tim",meter,1954-08-04T21:00:00Z,1954-08-04T22:00:00+01:00,-486270000000,,16000,16000,Y,,corrected-archive-csv
162860,Luleå-Kallax Flygplats,12,Sikt,"momentanvärde, 1 gång/tim",meter,1954-08-05T00:00:00Z,1954-08-05T01:00:00+01:00,-486259200000,,8000,8000,Y,,corrected-archive-csv
162860,Luleå-Kallax Flygplats,12,Sikt,"momentanvärde, 1 gång/tim",meter,1954-08-05T03:00:00Z,1954-08-05T04:00:00+01:00,-486248400000,,16000,16000,Y,,corrected-archive-csv
162860,Luleå-Kallax Flygplats,12,Sikt,"momentanvärde, 1 gång/tim",meter,1954-08-05T06:00:00Z,1954-08-05T07:00:00+01:00,-486237600000,,6000,6000,Y,,corrected-archive-csv
162860,Luleå-Kallax Flygplats,12,Sikt,"momentanvärde, 1 gång/tim",meter,1954-08-05T09:00:00Z,1954-08-05T10:00:00+01:00,-486226800000,,20000,20000,Y,,corrected-archive-csv
162860,Luleå-Kallax Flygplats,12,Sikt,"momentanvärde, 1 gång/tim",meter,1954-08-05T12:00:00Z,1954-08-05T13:00:00+01:00,-486216000000,,40000,40000,Y,,corrected-archive-csv
162860,Luleå-Kallax Flygplats,12,Sikt,"momentanvärde, 1 gång/tim",meter,1954-08-05T15:00:00Z,1954-08-05T16:00:00+01:00,-486205200000,,40000,40000,Y,,corrected-archive-csv
162860,Luleå-Kallax Flygplats,12,Sikt,"momentanvärde, 1 gång/tim",meter,1954-08-05T18:00:00Z,1954-08-05T19:00:00+01:00,-486194400000,,40000,40000,Y,,corrected-archive-csv
162860,Luleå-Kallax Flygplats,12,Sikt,"momentanvärde, 1 gång/tim",meter,1954-08-05T21:00:00Z,1954-08-05T22:00:00+01:00,-486183600000,,40000,40000,Y,,corrected-archive-csv
162860,Luleå-Kallax Flygplats,12,Sikt,"momentanvärde, 1 gång/tim",meter,1954-08-06T00:00:00Z,1954-08-06T01:00:00+01:00,-486172800000,,16000,16000,G,,corrected-archive-csv
162860,Luleå-Kallax Flygplats,12,Sikt,"momentanvärde, 1 gång/tim",meter,1954-08-06T03:00:00Z,1954-08-06T04:00:00+01:00,-486162000000,,16000,16000,Y,,corrected-archive-csv
162860,Luleå-Kallax Flygplats,12,Sikt,"momentanvärde, 1 gång/tim",meter,1954-08-06T06:00:00Z,1954-08-06T07:00:00+01:00,-486151200000,,20000,20000,Y,,corrected-archive-csv
162860,Luleå-Kallax Flygplats,12,Sikt,"momentanvärde, 1 gång/tim",meter,1954-08-06T09:00:00Z,1954-08-06T10:00:00+01:00,-486140400000,,40000,40000,Y,,corrected-archive-csv
162860,Luleå-Kallax Flygplats,12,Sikt,"momentanvärde, 1 gång/tim",meter,1954-08-06T12:00:00Z,1954-08-06T13:00:00+01:00,-486129600000,,40000,40000,Y,,corrected-archive-csv
162860,Luleå-Kallax Flygplats,12,Sikt,"momentanvärde, 1 gång/tim",meter,1954-08-06T15:00:00Z,1954-08-06T16:00:00+01:00,-486118800000,,40000,40000,Y,,corrected-archive-csv
162860,Luleå-Kallax Flygplats,12,Sikt,"momentanvärde, 1 gång/tim",meter,1954-08-06T18:00:00Z,1954-08-06T19:00:00+01:00,-486108000000,,40000,40000,Y,,corrected-archive-csv
162860,Luleå-Kallax Flygplats,12,Sikt,"momentanvärde, 1 gång/tim",meter,1954-08-06T21:00:00Z,1954-08-06T22:00:00+01:00,-486097200000,,40000,40000,Y,,corrected-archive-csv
162860,Luleå-Kallax Flygplats,12,Sikt,"momentanvärde, 1 gång/tim",meter,1954-08-07T00:00:00Z,1954-08-07T01:00:00+01:00,-486086400000,,40000,40000,Y,,corrected-archive-csv
162860,Luleå-Kallax Flygplats,12,Sikt,"momentanvärde, 1 gång/tim",meter,1954-08-07T03:00:00Z,1954-08-07T04:00:00+01:00,-486075600000,,40000,40000,Y,,corrected-archive-csv
162860,Luleå-Kallax Flygplats,12,Sikt,"momentanvärde, 1 gång/tim",meter,1954-08-07T06:00:00Z,1954-08-07T07:00:00+01:00,-486064800000,,40000,40000,Y,,corrected-archive-csv
162860,Luleå-Kallax Flygplats,12,Sikt,"momentanvärde, 1 gång/tim",meter,1954-08-07T09:00:00Z,1954-08-07T10:00:00+01:00,-486054000000,,40000,40000,Y,,corrected-archive-csv
162860,Luleå-Kallax Flygplats,12,Sikt,"momentanvärde, 1 gång/tim",meter,1954-08-07T12:00:00Z,1954-08-07T13:00:00+01:00,-486043200000,,40000,40000,Y,,corrected-archive-csv
162860,Luleå-Kallax Flygplats,12,Sikt,"momentanvärde, 1 gång/tim",meter,1954-08-07T15:00:00Z,1954-08-07T16:00:00+01:00,-486032400000,,40000,40000,Y,,corrected-archive-csv
162860,Luleå-Kallax Flygplats,12,Sikt,"momentanvärde, 1 gång/tim",meter,1954-08-07T18:00:00Z,1954-08-07T19:00:00+01:00,-486021600000,,40000,40000,Y,,corrected-archive-csv
162860,Luleå-Kallax Flygplats,12,Sikt,"momentanvärde, 1 gång/tim",meter,1954-08-07T21:00:00Z,1954-08-07T22:00:00+01:00,-486010800000,,40000,40000,Y,,corrected-archive-csv
162860,Luleå-Kallax Flygplats,12,Sikt,"momentanvärde, 1 gång/tim",meter,1954-08-08T00:00:00Z,1954-08-08T01:00:00+01:00,-486000000000,,40000,40000,Y,,corrected-archive-csv
162860,Luleå-Kallax Flygplats,12,Sikt,"momentanvärde, 1 gång/tim",meter,1954-08-08T03:00:00Z,1954-08-08T04:00:00+01:00,-485989200000,,40000,40000,Y,,corrected-archive-csv
162860,Luleå-Kallax Flygplats,12,Sikt,"momentanvärde, 1 gång/tim",meter,1954-08-08T06:00:00Z,1954-08-08T07:00:00+01:00,-485978400000,,40000,40000,Y,,corrected-archive-csv
162860,Luleå-Kallax Flygplats,12,Sikt,"momentanvärde, 1 gång/tim",meter,1954-08-08T09:00:00Z,1954-08-08T10:00:00+01:00,-485967600000,,60000,60000,Y,,corrected-archive-csv
162860,Luleå-Kallax Flygplats,12,Sikt,"momentanvärde, 1 gång/tim",meter,1954-08-08T12:00:00Z,1954-08-08T13:00:00+01:00,-485956800000,,60000,60000,Y,,corrected-archive-csv
162860,Luleå-Kallax Flygplats,12,Sikt,"momentanvärde, 1 gång/tim",meter,1954-08-08T15:00:00Z,1954-08-08T16:00:00+01:00,-485946000000,,40000,40000,Y,,corrected-archive-csv
162860,Luleå-Kallax Flygplats,12,Sikt,"momentanvärde, 1 gång/tim",meter,1954-08-08T18:00:00Z,1954-08-08T19:00:00+01:00,-485935200000,,40000,40000,Y,,corrected-archive-csv
162860,Luleå-Kallax Flygplats,12,Sikt,"momentanvärde, 1 gång/tim",meter,1954-08-08T21:00:00Z,1954-08-08T22:00:00+01:00,-485924400000,,40000,40000,Y,,corrected-archive-csv
162860,Luleå-Kallax Flygplats,12,Sikt,"momentanvärde, 1 gång/tim",meter,1954-08-09T00:00:00Z,1954-08-09T01:00:00+01:00,-485913600000,,16000,16000,Y,,corrected-archive-csv
162860,Luleå-Kallax Flygplats,12,Sikt,"momentanvärde, 1 gång/tim",meter,1954-08-09T03:00:00Z,1954-08-09T04:00:00+01:00,-485902800000,,16000,16000,Y,,corrected-archive-csv
162860,Luleå-Kallax Flygplats,12,Sikt,"momentanvärde, 1 gång/tim",meter,1954-08-09T06:00:00Z,1954-08-09T07:00:00+01:00,-485892000000,,7000,7000,Y,,corrected-archive-csv
162860,Luleå-Kallax Flygplats,12,Sikt,"momentanvärde, 1 gång/tim",meter,1954-08-09T09:00:00Z,1954-08-09T10:00:00+01:00,-485881200000,,10000,10000,Y,,corrected-archive-csv
162860,Luleå-Kallax Flygplats,12,Sikt,"momentanvärde, 1 gång/tim",meter,1954-08-09T12:00:00Z,1954-08-09T13:00:00+01:00,-485870400000,,16000,16000,Y,,corrected-archive-csv
162860,Luleå-Kallax Flygplats,12,Sikt,"momentanvärde, 1 gång/tim",meter,1954-08-09T15:00:00Z,1954-08-09T16:00:00+01:00,-485859600000,,20000,20000,Y,,corrected-archive-csv
162860,Luleå-Kallax Flygplats,12,Sikt,"momentanvärde, 1 gång/tim",meter,1954-08-09T18:00:00Z,1954-08-09T19:00:00+01:00,-485848800000,,20000,20000,Y,,corrected-archive-csv
162860,Luleå-Kallax Flygplats,12,Sikt,"momentanvärde, 1 gång/tim",meter,1954-08-09T21:00:00Z,1954-08-09T22:00:00+01:00,-485838000000,,20000,20000,Y,,corrected-archive-csv
162860,Luleå-Kallax Flygplats,12,Sikt,"momentanvärde, 1 gång/tim",meter,1954-08-10T00:00:00Z,1954-08-10T01:00:00+01:00,-485827200000,,20000,20000,Y,,corrected-archive-csv
162860,Luleå-Kallax Flygplats,12,Sikt,"momentanvärde, 1 gång/tim",meter,1954-08-10T03:00:00Z,1954-08-10T04:00:00+01:00,-485816400000,,16000,16000,Y,,corrected-archive-csv
162860,Luleå-Kallax Flygplats,12,Sikt,"momentanvärde, 1 gång/tim",meter,1954-08-10T06:00:00Z,1954-08-10T07:00:00+01:00,-485805600000,,20000,20000,Y,,corrected-archive-csv
162860,Luleå-Kallax Flygplats,12,Sikt,"momentanvärde, 1 gång/tim",meter,1954-08-10T09:00:00Z,1954-08-10T10:00:00+01:00,-485794800000,,16000,16000,Y,,corrected-archive-csv
162860,Luleå-Kallax Flygplats,12,Sikt,"momentanvärde, 1 gång/tim",meter,1954-08-10T12:00:00Z,1954-08-10T13:00:00+01:00,-485784000000,,16000,16000,Y,,corrected-archive-csv
162860,Luleå-Kallax Flygplats,12,Sikt,"momentanvärde, 1 gång/tim",meter,1954-08-10T15:00:00Z,1954-08-10T16:00:00+01:00,-485773200000,,16000,16000,Y,,corrected-archive-csv
162860,Luleå-Kallax Flygplats,12,Sikt,"momentanvärde, 1 gång/tim",meter,1954-08-10T18:00:00Z,1954-08-10T19:00:00+01:00,-485762400000,,16000,16000,Y,,corrected-archive-csv
162860,Luleå-Kallax Flygplats,12,Sikt,"momentanvärde, 1 gång/tim",meter,1954-08-10T21:00:00Z,1954-08-10T22:00:00+01:00,-485751600000,,16000,16000,Y,,corrected-archive-csv
162860,Luleå-Kallax Flygplats,12,Sikt,"momentanvärde, 1 gång/tim",meter,1954-08-11T00:00:00Z,1954-08-11T01:00:00+01:00,-485740800000,,16000,16000,Y,,corrected-archive-csv
162860,Luleå-Kallax Flygplats,12,Sikt,"momentanvärde, 1 gång/tim",meter,1954-08-11T03:00:00Z,1954-08-11T04:00:00+01:00,-485730000000,,20000,20000,Y,,corrected-archive-csv
162860,Luleå-Kallax Flygplats,12,Sikt,"momentanvärde, 1 gång/tim",meter,1954-08-11T06:00:00Z,1954-08-11T07:00:00+01:00,-485719200000,,16000,16000,Y,,corrected-archive-csv
162860,Luleå-Kallax Flygplats,12,Sikt,"momentanvärde, 1 gång/tim",meter,1954-08-11T09:00:00Z,1954-08-11T10:00:00+01:00,-485708400000,,20000,20000,Y,,corrected-archive-csv
162860,Luleå-Kallax Flygplats,12,Sikt,"momentanvärde, 1 gång/tim",meter,1954-08-11T12:00:00Z,1954-08-11T13:00:00+01:00,-485697600000,,40000,40000,Y,,corrected-archive-csv
162860,Luleå-Kallax Flygplats,12,Sikt,"momentanvärde, 1 gång/tim",meter,1954-08-11T15:00:00Z,1954-08-11T16:00:00+01:00,-485686800000,,7000,7000,Y,,corrected-archive-csv
162860,Luleå-Kallax Flygplats,12,Sikt,"momentanvärde, 1 gång/tim",meter,1954-08-11T18:00:00Z,1954-08-11T19:00:00+01:00,-485676000000,,10000,10000,Y,,corrected-archive-csv
162860,Luleå-Kallax Flygplats,12,Sikt,"momentanvärde, 1 gång/tim",meter,1954-08-11T21:00:00Z,1954-08-11T22:00:00+01:00,-485665200000,,15000,15000,Y,,corrected-archive-csv
162860,Luleå-Kallax Flygplats,12,Sikt,"momentanvärde, 1 gång/tim",meter,1954-08-12T00:00:00Z,1954-08-12T01:00:00+01:00,-485654400000,,6000,6000,Y,,corrected-archive-csv
162860,Luleå-Kallax Flygplats,12,Sikt,"momentanvärde, 1 gång/tim",meter,1954-08-12T03:00:00Z,1954-08-12T04:00:00+01:00,-485643600000,,5000,5000,Y,,corrected-archive-csv
162860,Luleå-Kallax Flygplats,12,Sikt,"momentanvärde, 1 gång/tim",meter,1954-08-12T06:00:00Z,1954-08-12T07:00:00+01:00,-485632800000,,16000,16000,Y,,corrected-archive-csv
162860,Luleå-Kallax Flygplats,12,Sikt,"momentanvärde, 1 gång/tim",meter,1954-08-12T09:00:00Z,1954-08-12T10:00:00+01:00,-485622000000,,16000,16000,Y,,corrected-archive-csv
162860,Luleå-Kallax Flygplats,12,Sikt,"momentanvärde, 1 gång/tim",meter,1954-08-12T12:00:00Z,1954-08-12T13:00:00+01:00,-485611200000,,20000,20000,Y,,corrected-archive-csv
162860,Luleå-Kallax Flygplats,12,Sikt,"momentanvärde, 1 gång/tim",meter,1954-08-12T15:00:00Z,1954-08-12T16:00:00+01:00,-485600400000,,16000,16000,Y,,corrected-archive-csv
162860,Luleå-Kallax Flygplats,12,Sikt,"momentanvärde, 1 gång/tim",meter,1954-08-12T18:00:00Z,1954-08-12T19:00:00+01:00,-485589600000,,20000,20000,Y,,corrected-archive-csv
162860,Luleå-Kallax Flygplats,12,Sikt,"momentanvärde, 1 gång/tim",meter,1954-08-12T21:00:00Z,1954-08-12T22:00:00+01:00,-485578800000,,20000,20000,Y,,corrected-archive-csv
162860,Luleå-Kallax Flygplats,12,Sikt,"momentanvärde, 1 gång/tim",meter,1954-08-13T00:00:00Z,1954-08-13T01:00:00+01:00,-485568000000,,20000,20000,Y,,corrected-archive-csv
162860,Luleå-Kallax Flygplats,12,Sikt,"momentanvärde, 1 gång/tim",meter,1954-08-13T03:00:00Z,1954-08-13T04:00:00+01:00,-485557200000,,20000,20000,Y,,corrected-archive-csv
162860,Luleå-Kallax Flygplats,12,Sikt,"momentanvärde, 1 gång/tim",meter,1954-08-13T06:00:00Z,1954-08-13T07:00:00+01:00,-485546400000,,20000,20000,Y,,corrected-archive-csv
162860,Luleå-Kallax Flygplats,12,Sikt,"momentanvärde, 1 gång/tim",meter,1954-08-13T09:00:00Z,1954-08-13T10:00:00+01:00,-485535600000,,20000,20000,Y,,corrected-archive-csv
162860,Luleå-Kallax Flygplats,12,Sikt,"momentanvärde, 1 gång/tim",meter,1954-08-13T12:00:00Z,1954-08-13T13:00:00+01:00,-485524800000,,20000,20000,Y,,corrected-archive-csv
162860,Luleå-Kallax Flygplats,12,Sikt,"momentanvärde, 1 gång/tim",meter,1954-08-13T15:00:00Z,1954-08-13T16:00:00+01:00,-485514000000,,8000,8000,Y,,corrected-archive-csv
162860,Luleå-Kallax Flygplats,12,Sikt,"momentanvärde, 1 gång/tim",meter,1954-08-13T18:00:00Z,1954-08-13T19:00:00+01:00,-485503200000,,20000,20000,Y,,corrected-archive-csv
162860,Luleå-Kallax Flygplats,12,Sikt,"momentanvärde, 1 gång/tim",meter,1954-08-13T21:00:00Z,1954-08-13T22:00:00+01:00,-485492400000,,20000,20000,Y,,corrected-archive-csv
162860,Luleå-Kallax Flygplats,12,Sikt,"momentanvärde, 1 gång/tim",meter,1954-08-14T00:00:00Z,1954-08-14T01:00:00+01:00,-485481600000,,20000,20000,Y,,corrected-archive-csv
162860,Luleå-Kallax Flygplats,12,Sikt,"momentanvärde, 1 gång/tim",meter,1954-08-14T03:00:00Z,1954-08-14T04:00:00+01:00,-485470800000,,40000,40000,Y,,corrected-archive-csv
162860,Luleå-Kallax Flygplats,12,Sikt,"momentanvärde, 1 gång/tim",meter,1954-08-14T06:00:00Z,1954-08-14T07:00:00+01:00,-485460000000,,40000,40000,Y,,corrected-archive-csv
162860,Luleå-Kallax Flygplats,12,Sikt,"momentanvärde, 1 gång/tim",meter,1954-08-14T09:00:00Z,1954-08-14T10:00:00+01:00,-485449200000,,40000,40000,Y,,corrected-archive-csv
162860,Luleå-Kallax Flygplats,12,Sikt,"momentanvärde, 1 gång/tim",meter,1954-08-14T12:00:00Z,1954-08-14T13:00:00+01:00,-485438400000,,60000,60000,Y,,corrected-archive-csv
162860,Luleå-Kallax Flygplats,12,Sikt,"momentanvärde, 1 gång/tim",meter,1954-08-14T15:00:00Z,1954-08-14T16:00:00+01:00,-485427600000,,60000,60000,Y,,corrected-archive-csv
162860,Luleå-Kallax Flygplats,12,Sikt,"momentanvärde, 1 gång/tim",meter,1954-08-14T18:00:00Z,1954-08-14T19:00:00+01:00,-485416800000,,60000,60000,Y,,corrected-archive-csv
162860,Luleå-Kallax Flygplats,12,Sikt,"momentanvärde, 1 gång/tim",meter,1954-08-14T21:00:00Z,1954-08-14T22:00:00+01:00,-485406000000,,20000,20000,Y,,corrected-archive-csv
162860,Luleå-Kallax Flygplats,12,Sikt,"momentanvärde, 1 gång/tim",meter,1954-08-15T00:00:00Z,1954-08-15T01:00:00+01:00,-485395200000,,20000,20000,Y,,corrected-archive-csv
162860,Luleå-Kallax Flygplats,12,Sikt,"momentanvärde, 1 gång/tim",meter,1954-08-15T03:00:00Z,1954-08-15T04:00:00+01:00,-485384400000,,20000,20000,Y,,corrected-archive-csv
162860,Luleå-Kallax Flygplats,12,Sikt,"momentanvärde, 1 gång/tim",meter,1954-08-15T06:00:00Z,1954-08-15T07:00:00+01:00,-485373600000,,16000,16000,Y,,corrected-archive-csv
162860,Luleå-Kallax Flygplats,12,Sikt,"momentanvärde, 1 gång/tim",meter,1954-08-15T09:00:00Z,1954-08-15T10:00:00+01:00,-485362800000,,20000,20000,Y,,corrected-archive-csv
162860,Luleå-Kallax Flygplats,12,Sikt,"momentanvärde, 1 gång/tim",meter,1954-08-15T12:00:00Z,1954-08-15T13:00:00+01:00,-485352000000,,20000,20000,Y,,corrected-archive-csv
162860,Luleå-Kallax Flygplats,12,Sikt,"momentanvärde, 1 gång/tim",meter,1954-08-15T15:00:00Z,1954-08-15T16:00:00+01:00,-485341200000,,20000,20000,Y,,corrected-archive-csv
162860,Luleå-Kallax Flygplats,12,Sikt,"momentanvärde, 1 gång/tim",meter,1954-08-15T18:00:00Z,1954-08-15T19:00:00+01:00,-485330400000,,12000,12000,Y,,corrected-archive-csv
162860,Luleå-Kallax Flygplats,12,Sikt,"momentanvärde, 1 gång/tim",meter,1954-08-15T21:00:00Z,1954-08-15T22:00:00+01:00,-485319600000,,16000,16000,Y,,corrected-archive-csv
162860,Luleå-Kallax Flygplats,12,Sikt,"momentanvärde, 1 gång/tim",meter,1954-08-16T00:00:00Z,1954-08-16T01:00:00+01:00,-485308800000,,16000,16000,Y,,corrected-archive-csv
162860,Luleå-Kallax Flygplats,12,Sikt,"momentanvärde, 1 gång/tim",meter,1954-08-16T03:00:00Z,1954-08-16T04:00:00+01:00,-485298000000,,16000,16000,Y,,corrected-archive-csv
162860,Luleå-Kallax Flygplats,12,Sikt,"momentanvärde, 1 gång/tim",meter,1954-08-16T06:00:00Z,1954-08-16T07:00:00+01:00,-485287200000,,16000,16000,Y,,corrected-archive-csv
162860,Luleå-Kallax Flygplats,12,Sikt,"momentanvärde, 1 gång/tim",meter,1954-08-16T09:00:00Z,1954-08-16T10:00:00+01:00,-485276400000,,5000,5000,Y,,corrected-archive-csv
162860,Luleå-Kallax Flygplats,12,Sikt,"momentanvärde, 1 gång/tim",meter,1954-08-16T12:00:00Z,1954-08-16T13:00:00+01:00,-485265600000,,16000,16000,Y,,corrected-archive-csv
162860,Luleå-Kallax Flygplats,12,Sikt,"momentanvärde, 1 gång/tim",meter,1954-08-16T15:00:00Z,1954-08-16T16:00:00+01:00,-485254800000,,4000,4000,Y,,corrected-archive-csv
162860,Luleå-Kallax Flygplats,12,Sikt,"momentanvärde, 1 gång/tim",meter,1954-08-16T18:00:00Z,1954-08-16T19:00:00+01:00,-485244000000,,8000,8000,Y,,corrected-archive-csv
162860,Luleå-Kallax Flygplats,12,Sikt,"momentanvärde, 1 gång/tim",meter,1954-08-16T21:00:00Z,1954-08-16T22:00:00+01:00,-485233200000,,20000,20000,Y,,corrected-archive-csv
162860,Luleå-Kallax Flygplats,12,Sikt,"momentanvärde, 1 gång/tim",meter,1954-08-17T00:00:00Z,1954-08-17T01:00:00+01:00,-485222400000,,40000,40000,Y,,corrected-archive-csv
162860,Luleå-Kallax Flygplats,12,Sikt,"momentanvärde, 1 gång/tim",meter,1954-08-17T03:00:00Z,1954-08-17T04:00:00+01:00,-485211600000,,40000,40000,Y,,corrected-archive-csv
162860,Luleå-Kallax Flygplats,12,Sikt,"momentanvärde, 1 gång/tim",meter,1954-08-17T06:00:00Z,1954-08-17T07:00:00+01:00,-485200800000,,40000,40000,Y,,corrected-archive-csv
162860,Luleå-Kallax Flygplats,12,Sikt,"momentanvärde, 1 gång/tim",meter,1954-08-17T09:00:00Z,1954-08-17T10:00:00+01:00,-485190000000,,40000,40000,Y,,corrected-archive-csv
162860,Luleå-Kallax Flygplats,12,Sikt,"momentanvärde, 1 gång/tim",meter,1954-08-17T12:00:00Z,1954-08-17T13:00:00+01:00,-485179200000,,40000,40000,Y,,corrected-archive-csv
162860,Luleå-Kallax Flygplats,12,Sikt,"momentanvärde, 1 gång/tim",meter,1954-08-17T15:00:00Z,1954-08-17T16:00:00+01:00,-485168400000,,40000,40000,Y,,corrected-archive-csv
162860,Luleå-Kallax Flygplats,12,Sikt,"momentanvärde, 1 gång/tim",meter,1954-08-17T18:00:00Z,1954-08-17T19:00:00+01:00,-485157600000,,40000,40000,Y,,corrected-archive-csv
162860,Luleå-Kallax Flygplats,12,Sikt,"momentanvärde, 1 gång/tim",meter,1954-08-17T21:00:00Z,1954-08-17T22:00:00+01:00,-485146800000,,40000,40000,Y,,corrected-archive-csv
162860,Luleå-Kallax Flygplats,12,Sikt,"momentanvärde, 1 gång/tim",meter,1954-08-18T00:00:00Z,1954-08-18T01:00:00+01:00,-485136000000,,40000,40000,Y,,corrected-archive-csv
162860,Luleå-Kallax Flygplats,12,Sikt,"momentanvärde, 1 gång/tim",meter,1954-08-18T03:00:00Z,1954-08-18T04:00:00+01:00,-485125200000,,40000,40000,Y,,corrected-archive-csv
162860,Luleå-Kallax Flygplats,12,Sikt,"momentanvärde, 1 gång/tim",meter,1954-08-18T06:00:00Z,1954-08-18T07:00:00+01:00,-485114400000,,40000,40000,Y,,corrected-archive-csv
162860,Luleå-Kallax Flygplats,12,Sikt,"momentanvärde, 1 gång/tim",meter,1954-08-18T09:00:00Z,1954-08-18T10:00:00+01:00,-485103600000,,40000,40000,Y,,corrected-archive-csv
162860,Luleå-Kallax Flygplats,12,Sikt,"momentanvärde, 1 gång/tim",meter,1954-08-18T12:00:00Z,1954-08-18T13:00:00+01:00,-485092800000,,40000,40000,Y,,corrected-archive-csv
162860,Luleå-Kallax Flygplats,12,Sikt,"momentanvärde, 1 gång/tim",meter,1954-08-18T15:00:00Z,1954-08-18T16:00:00+01:00,-485082000000,,40000,40000,Y,,corrected-archive-csv
162860,Luleå-Kallax Flygplats,12,Sikt,"momentanvärde, 1 gång/tim",meter,1954-08-18T18:00:00Z,1954-08-18T19:00:00+01:00,-485071200000,,20000,20000,Y,,corrected-archive-csv
162860,Luleå-Kallax Flygplats,12,Sikt,"momentanvärde, 1 gång/tim",meter,1954-08-18T21:00:00Z,1954-08-18T22:00:00+01:00,-485060400000,,20000,20000,Y,,corrected-archive-csv
162860,Luleå-Kallax Flygplats,12,Sikt,"momentanvärde, 1 gång/tim",meter,1954-08-19T00:00:00Z,1954-08-19T01:00:00+01:00,-485049600000,,20000,20000,Y,,corrected-archive-csv
162860,Luleå-Kallax Flygplats,12,Sikt,"momentanvärde, 1 gång/tim",meter,1954-08-19T03:00:00Z,1954-08-19T04:00:00+01:00,-485038800000,,20000,20000,Y,,corrected-archive-csv
162860,Luleå-Kallax Flygplats,12,Sikt,"momentanvärde, 1 gång/tim",meter,1954-08-19T06:00:00Z,1954-08-19T07:00:00+01:00,-485028000000,,40000,40000,Y,,corrected-archive-csv
162860,Luleå-Kallax Flygplats,12,Sikt,"momentanvärde, 1 gång/tim",meter,1954-08-19T09:00:00Z,1954-08-19T10:00:00+01:00,-485017200000,,40000,40000,Y,,corrected-archive-csv
162860,Luleå-Kallax Flygplats,12,Sikt,"momentanvärde, 1 gång/tim",meter,1954-08-19T12:00:00Z,1954-08-19T13:00:00+01:00,-485006400000,,40000,40000,Y,,corrected-archive-csv
162860,Luleå-Kallax Flygplats,12,Sikt,"momentanvärde, 1 gång/tim",meter,1954-08-19T15:00:00Z,1954-08-19T16:00:00+01:00,-484995600000,,40000,40000,Y,,corrected-archive-csv
162860,Luleå-Kallax Flygplats,12,Sikt,"momentanvärde, 1 gång/tim",meter,1954-08-19T18:00:00Z,1954-08-19T19:00:00+01:00,-484984800000,,40000,40000,Y,,corrected-archive-csv
162860,Luleå-Kallax Flygplats,12,Sikt,"momentanvärde, 1 gång/tim",meter,1954-08-19T21:00:00Z,1954-08-19T22:00:00+01:00,-484974000000,,40000,40000,Y,,corrected-archive-csv
162860,Luleå-Kallax Flygplats,12,Sikt,"momentanvärde, 1 gång/tim",meter,1954-08-20T00:00:00Z,1954-08-20T01:00:00+01:00,-484963200000,,40000,40000,Y,,corrected-archive-csv
162860,Luleå-Kallax Flygplats,12,Sikt,"momentanvärde, 1 gång/tim",meter,1954-08-20T03:00:00Z,1954-08-20T04:00:00+01:00,-484952400000,,40000,40000,Y,,corrected-archive-csv
162860,Luleå-Kallax Flygplats,12,Sikt,"momentanvärde, 1 gång/tim",meter,1954-08-20T06:00:00Z,1954-08-20T07:00:00+01:00,-484941600000,,60000,60000,Y,,corrected-archive-csv
162860,Luleå-Kallax Flygplats,12,Sikt,"momentanvärde, 1 gång/tim",meter,1954-08-20T09:00:00Z,1954-08-20T10:00:00+01:00,-484930800000,,40000,40000,Y,,corrected-archive-csv
162860,Luleå-Kallax Flygplats,12,Sikt,"momentanvärde, 1 gång/tim",meter,1954-08-20T12:00:00Z,1954-08-20T13:00:00+01:00,-484920000000,,40000,40000,Y,,corrected-archive-csv
162860,Luleå-Kallax Flygplats,12,Sikt,"momentanvärde, 1 gång/tim",meter,1954-08-20T15:00:00Z,1954-08-20T16:00:00+01:00,-484909200000,,60000,60000,Y,,corrected-archive-csv
162860,Luleå-Kallax Flygplats,12,Sikt,"momentanvärde, 1 gång/tim",meter,1954-08-20T18:00:00Z,1954-08-20T19:00:00+01:00,-484898400000,,60000,60000,Y,,corrected-archive-csv
162860,Luleå-Kallax Flygplats,12,Sikt,"momentanvärde, 1 gång/tim",meter,1954-08-20T21:00:00Z,1954-08-20T22:00:00+01:00,-484887600000,,60000,60000,Y,,corrected-archive-csv
162860,Luleå-Kallax Flygplats,12,Sikt,"momentanvärde, 1 gång/tim",meter,1954-08-21T00:00:00Z,1954-08-21T01:00:00+01:00,-484876800000,,60000,60000,Y,,corrected-archive-csv
162860,Luleå-Kallax Flygplats,12,Sikt,"momentanvärde, 1 gång/tim",meter,1954-08-21T03:00:00Z,1954-08-21T04:00:00+01:00,-484866000000,,60000,60000,Y,,corrected-archive-csv
162860,Luleå-Kallax Flygplats,12,Sikt,"momentanvärde, 1 gång/tim",meter,1954-08-21T06:00:00Z,1954-08-21T07:00:00+01:00,-484855200000,,60000,60000,Y,,corrected-archive-csv
162860,Luleå-Kallax Flygplats,12,Sikt,"momentanvärde, 1 gång/tim",meter,1954-08-21T09:00:00Z,1954-08-21T10:00:00+01:00,-484844400000,,60000,60000,Y,,corrected-archive-csv
162860,Luleå-Kallax Flygplats,12,Sikt,"momentanvärde, 1 gång/tim",meter,1954-08-21T12:00:00Z,1954-08-21T13:00:00+01:00,-484833600000,,60000,60000,Y,,corrected-archive-csv
162860,Luleå-Kallax Flygplats,12,Sikt,"momentanvärde, 1 gång/tim",meter,1954-08-21T15:00:00Z,1954-08-21T16:00:00+01:00,-484822800000,,60000,60000,Y,,corrected-archive-csv
162860,Luleå-Kallax Flygplats,12,Sikt,"momentanvärde, 1 gång/tim",meter,1954-08-21T18:00:00Z,1954-08-21T19:00:00+01:00,-484812000000,,60000,60000,Y,,corrected-archive-csv
162860,Luleå-Kallax Flygplats,12,Sikt,"momentanvärde, 1 gång/tim",meter,1954-08-21T21:00:00Z,1954-08-21T22:00:00+01:00,-484801200000,,60000,60000,Y,,corrected-archive-csv
162860,Luleå-Kallax Flygplats,12,Sikt,"momentanvärde, 1 gång/tim",meter,1954-08-22T00:00:00Z,1954-08-22T01:00:00+01:00,-484790400000,,40000,40000,Y,,corrected-archive-csv
162860,Luleå-Kallax Flygplats,12,Sikt,"momentanvärde, 1 gång/tim",meter,1954-08-22T03:00:00Z,1954-08-22T04:00:00+01:00,-484779600000,,40000,40000,Y,,corrected-archive-csv
162860,Luleå-Kallax Flygplats,12,Sikt,"momentanvärde, 1 gång/tim",meter,1954-08-22T06:00:00Z,1954-08-22T07:00:00+01:00,-484768800000,,40000,40000,Y,,corrected-archive-csv
162860,Luleå-Kallax Flygplats,12,Sikt,"momentanvärde, 1 gång/tim",meter,1954-08-22T09:00:00Z,1954-08-22T10:00:00+01:00,-484758000000,,40000,40000,Y,,corrected-archive-csv
162860,Luleå-Kallax Flygplats,12,Sikt,"momentanvärde, 1 gång/tim",meter,1954-08-22T12:00:00Z,1954-08-22T13:00:00+01:00,-484747200000,,40000,40000,Y,,corrected-archive-csv
162860,Luleå-Kallax Flygplats,12,Sikt,"momentanvärde, 1 gång/tim",meter,1954-08-22T15:00:00Z,1954-08-22T16:00:00+01:00,-484736400000,,40000,40000,Y,,corrected-archive-csv
162860,Luleå-Kallax Flygplats,12,Sikt,"momentanvärde, 1 gång/tim",meter,1954-08-22T18:00:00Z,1954-08-22T19:00:00+01:00,-484725600000,,40000,40000,Y,,corrected-archive-csv
162860,Luleå-Kallax Flygplats,12,Sikt,"momentanvärde, 1 gång/tim",meter,1954-08-22T21:00:00Z,1954-08-22T22:00:00+01:00,-484714800000,,40000,40000,Y,,corrected-archive-csv
162860,Luleå-Kallax Flygplats,12,Sikt,"momentanvärde, 1 gång/tim",meter,1954-08-23T00:00:00Z,1954-08-23T01:00:00+01:00,-484704000000,,40000,40000,Y,,corrected-archive-csv
162860,Luleå-Kallax Flygplats,12,Sikt,"momentanvärde, 1 gång/tim",meter,1954-08-23T03:00:00Z,1954-08-23T04:00:00+01:00,-484693200000,,16000,16000,Y,,corrected-archive-csv
162860,Luleå-Kallax Flygplats,12,Sikt,"momentanvärde, 1 gång/tim",meter,1954-08-23T06:00:00Z,1954-08-23T07:00:00+01:00,-484682400000,,20000,20000,Y,,corrected-archive-csv
162860,Luleå-Kallax Flygplats,12,Sikt,"momentanvärde, 1 gång/tim",meter,1954-08-23T09:00:00Z,1954-08-23T10:00:00+01:00,-484671600000,,20000,20000,Y,,corrected-archive-csv
162860,Luleå-Kallax Flygplats,12,Sikt,"momentanvärde, 1 gång/tim",meter,1954-08-23T12:00:00Z,1954-08-23T13:00:00+01:00,-484660800000,,40000,40000,Y,,corrected-archive-csv
162860,Luleå-Kallax Flygplats,12,Sikt,"momentanvärde, 1 gång/tim",meter,1954-08-23T15:00:00Z,1954-08-23T16:00:00+01:00,-484650000000,,40000,40000,Y,,corrected-archive-csv
162860,Luleå-Kallax Flygplats,12,Sikt,"momentanvärde, 1 gång/tim",meter,1954-08-23T18:00:00Z,1954-08-23T19:00:00+01:00,-484639200000,,40000,40000,Y,,corrected-archive-csv
162860,Luleå-Kallax Flygplats,12,Sikt,"momentanvärde, 1 gång/tim",meter,1954-08-23T21:00:00Z,1954-08-23T22:00:00+01:00,-484628400000,,40000,40000,Y,,corrected-archive-csv
162860,Luleå-Kallax Flygplats,12,Sikt,"momentanvärde, 1 gång/tim",meter,1954-08-24T00:00:00Z,1954-08-24T01:00:00+01:00,-484617600000,,20000,20000,Y,,corrected-archive-csv
162860,Luleå-Kallax Flygplats,12,Sikt,"momentanvärde, 1 gång/tim",meter,1954-08-24T03:00:00Z,1954-08-24T04:00:00+01:00,-484606800000,,20000,20000,Y,,corrected-archive-csv
162860,Luleå-Kallax Flygplats,12,Sikt,"momentanvärde, 1 gång/tim",meter,1954-08-24T06:00:00Z,1954-08-24T07:00:00+01:00,-484596000000,,20000,20000,Y,,corrected-archive-csv
162860,Luleå-Kallax Flygplats,12,Sikt,"momentanvärde, 1 gång/tim",meter,1954-08-24T09:00:00Z,1954-08-24T10:00:00+01:00,-484585200000,,40000,40000,Y,,corrected-archive-csv
162860,Luleå-Kallax Flygplats,12,Sikt,"momentanvärde, 1 gång/tim",meter,1954-08-24T12:00:00Z,1954-08-24T13:00:00+01:00,-484574400000,,20000,20000,Y,,corrected-archive-csv
162860,Luleå-Kallax Flygplats,12,Sikt,"momentanvärde, 1 gång/tim",meter,1954-08-24T15:00:00Z,1954-08-24T16:00:00+01:00,-484563600000,,40000,40000,Y,,corrected-archive-csv
162860,Luleå-Kallax Flygplats,12,Sikt,"momentanvärde, 1 gång/tim",meter,1954-08-24T18:00:00Z,1954-08-24T19:00:00+01:00,-484552800000,,40000,40000,Y,,corrected-archive-csv
162860,Luleå-Kallax Flygplats,12,Sikt,"momentanvärde, 1 gång/tim",meter,1954-08-24T21:00:00Z,1954-08-24T22:00:00+01:00,-484542000000,,40000,40000,Y,,corrected-archive-csv
162860,Luleå-Kallax Flygplats,12,Sikt,"momentanvärde, 1 gång/tim",meter,1954-08-25T00:00:00Z,1954-08-25T01:00:00+01:00,-484531200000,,20000,20000,Y,,corrected-archive-csv
162860,Luleå-Kallax Flygplats,12,Sikt,"momentanvärde, 1 gång/tim",meter,1954-08-25T03:00:00Z,1954-08-25T04:00:00+01:00,-484520400000,,20000,20000,Y,,corrected-archive-csv
162860,Luleå-Kallax Flygplats,12,Sikt,"momentanvärde, 1 gång/tim",meter,1954-08-25T06:00:00Z,1954-08-25T07:00:00+01:00,-484509600000,,20000,20000,Y,,corrected-archive-csv
162860,Luleå-Kallax Flygplats,12,Sikt,"momentanvärde, 1 gång/tim",meter,1954-08-25T09:00:00Z,1954-08-25T10:00:00+01:00,-484498800000,,20000,20000,Y,,corrected-archive-csv
162860,Luleå-Kallax Flygplats,12,Sikt,"momentanvärde, 1 gång/tim",meter,1954-08-25T12:00:00Z,1954-08-25T13:00:00+01:00,-484488000000,,40000,40000,Y,,corrected-archive-csv
162860,Luleå-Kallax Flygplats,12,Sikt,"momentanvärde, 1 gång/tim",meter,1954-08-25T15:00:00Z,1954-08-25T16:00:00+01:00,-484477200000,,40000,40000,Y,,corrected-archive-csv
162860,Luleå-Kallax Flygplats,12,Sikt,"momentanvärde, 1 gång/tim",meter,1954-08-25T18:00:00Z,1954-08-25T19:00:00+01:00,-484466400000,,40000,40000,Y,,corrected-archive-csv
162860,Luleå-Kallax Flygplats,12,Sikt,"momentanvärde, 1 gång/tim",meter,1954-08-25T21:00:00Z,1954-08-25T22:00:00+01:00,-484455600000,,40000,40000,Y,,corrected-archive-csv
162860,Luleå-Kallax Flygplats,12,Sikt,"momentanvärde, 1 gång/tim",meter,1954-08-26T00:00:00Z,1954-08-26T01:00:00+01:00,-484444800000,,40000,40000,Y,,corrected-archive-csv
162860,Luleå-Kallax Flygplats,12,Sikt,"momentanvärde, 1 gång/tim",meter,1954-08-26T03:00:00Z,1954-08-26T04:00:00+01:00,-484434000000,,1400,1400,Y,,corrected-archive-csv
162860,Luleå-Kallax Flygplats,12,Sikt,"momentanvärde, 1 gång/tim",meter,1954-08-26T06:00:00Z,1954-08-26T07:00:00+01:00,-484423200000,,40000,40000,Y,,corrected-archive-csv
162860,Luleå-Kallax Flygplats,12,Sikt,"momentanvärde, 1 gång/tim",meter,1954-08-26T09:00:00Z,1954-08-26T10:00:00+01:00,-484412400000,,20000,20000,Y,,corrected-archive-csv
162860,Luleå-Kallax Flygplats,12,Sikt,"momentanvärde, 1 gång/tim",meter,1954-08-26T12:00:00Z,1954-08-26T13:00:00+01:00,-484401600000,,40000,40000,Y,,corrected-archive-csv
162860,Luleå-Kallax Flygplats,12,Sikt,"momentanvärde, 1 gång/tim",meter,1954-08-26T15:00:00Z,1954-08-26T16:00:00+01:00,-484390800000,,40000,40000,Y,,corrected-archive-csv
162860,Luleå-Kallax Flygplats,12,Sikt,"momentanvärde, 1 gång/tim",meter,1954-08-26T18:00:00Z,1954-08-26T19:00:00+01:00,-484380000000,,40000,40000,Y,,corrected-archive-csv
162860,Luleå-Kallax Flygplats,12,Sikt,"momentanvärde, 1 gång/tim",meter,1954-08-26T21:00:00Z,1954-08-26T22:00:00+01:00,-484369200000,,20000,20000,Y,,corrected-archive-csv
162860,Luleå-Kallax Flygplats,12,Sikt,"momentanvärde, 1 gång/tim",meter,1954-08-27T00:00:00Z,1954-08-27T01:00:00+01:00,-484358400000,,16000,16000,Y,,corrected-archive-csv
162860,Luleå-Kallax Flygplats,12,Sikt,"momentanvärde, 1 gång/tim",meter,1954-08-27T03:00:00Z,1954-08-27T04:00:00+01:00,-484347600000,,20000,20000,Y,,corrected-archive-csv
162860,Luleå-Kallax Flygplats,12,Sikt,"momentanvärde, 1 gång/tim",meter,1954-08-27T06:00:00Z,1954-08-27T07:00:00+01:00,-484336800000,,40000,40000,Y,,corrected-archive-csv
162860,Luleå-Kallax Flygplats,12,Sikt,"momentanvärde, 1 gång/tim",meter,1954-08-27T09:00:00Z,1954-08-27T10:00:00+01:00,-484326000000,,40000,40000,Y,,corrected-archive-csv
162860,Luleå-Kallax Flygplats,12,Sikt,"momentanvärde, 1 gång/tim",meter,1954-08-27T12:00:00Z,1954-08-27T13:00:00+01:00,-484315200000,,60000,60000,Y,,corrected-archive-csv
162860,Luleå-Kallax Flygplats,12,Sikt,"momentanvärde, 1 gång/tim",meter,1954-08-27T15:00:00Z,1954-08-27T16:00:00+01:00,-484304400000,,60000,60000,Y,,corrected-archive-csv
162860,Luleå-Kallax Flygplats,12,Sikt,"momentanvärde, 1 gång/tim",meter,1954-08-27T18:00:00Z,1954-08-27T19:00:00+01:00,-484293600000,,60000,60000,Y,,corrected-archive-csv
162860,Luleå-Kallax Flygplats,12,Sikt,"momentanvärde, 1 gång/tim",meter,1954-08-27T21:00:00Z,1954-08-27T22:00:00+01:00,-484282800000,,60000,60000,Y,,corrected-archive-csv
162860,Luleå-Kallax Flygplats,12,Sikt,"momentanvärde, 1 gång/tim",meter,1954-08-28T00:00:00Z,1954-08-28T01:00:00+01:00,-484272000000,,60000,60000,Y,,corrected-archive-csv
162860,Luleå-Kallax Flygplats,12,Sikt,"momentanvärde, 1 gång/tim",meter,1954-08-28T03:00:00Z,1954-08-28T04:00:00+01:00,-484261200000,,60000,60000,Y,,corrected-archive-csv
162860,Luleå-Kallax Flygplats,12,Sikt,"momentanvärde, 1 gång/tim",meter,1954-08-28T06:00:00Z,1954-08-28T07:00:00+01:00,-484250400000,,60000,60000,Y,,corrected-archive-csv
162860,Luleå-Kallax Flygplats,12,Sikt,"momentanvärde, 1 gång/tim",meter,1954-08-28T09:00:00Z,1954-08-28T10:00:00+01:00,-484239600000,,60000,60000,Y,,corrected-archive-csv
162860,Luleå-Kallax Flygplats,12,Sikt,"momentanvärde, 1 gång/tim",meter,1954-08-28T12:00:00Z,1954-08-28T13:00:00+01:00,-484228800000,,40000,40000,Y,,corrected-archive-csv
162860,Luleå-Kallax Flygplats,12,Sikt,"momentanvärde, 1 gång/tim",meter,1954-08-28T15:00:00Z,1954-08-28T16:00:00+01:00,-484218000000,,40000,40000,Y,,corrected-archive-csv
162860,Luleå-Kallax Flygplats,12,Sikt,"momentanvärde, 1 gång/tim",meter,1954-08-28T18:00:00Z,1954-08-28T19:00:00+01:00,-484207200000,,40000,40000,Y,,corrected-archive-csv
162860,Luleå-Kallax Flygplats,12,Sikt,"momentanvärde, 1 gång/tim",meter,1954-08-28T21:00:00Z,1954-08-28T22:00:00+01:00,-484196400000,,20000,20000,Y,,corrected-archive-csv
162860,Luleå-Kallax Flygplats,12,Sikt,"momentanvärde, 1 gång/tim",meter,1954-08-29T00:00:00Z,1954-08-29T01:00:00+01:00,-484185600000,,40000,40000,Y,,corrected-archive-csv
162860,Luleå-Kallax Flygplats,12,Sikt,"momentanvärde, 1 gång/tim",meter,1954-08-29T03:00:00Z,1954-08-29T04:00:00+01:00,-484174800000,,40000,40000,Y,,corrected-archive-csv
162860,Luleå-Kallax Flygplats,12,Sikt,"momentanvärde, 1 gång/tim",meter,1954-08-29T06:00:00Z,1954-08-29T07:00:00+01:00,-484164000000,,40000,40000,Y,,corrected-archive-csv
162860,Luleå-Kallax Flygplats,12,Sikt,"momentanvärde, 1 gång/tim",meter,1954-08-29T09:00:00Z,1954-08-29T10:00:00+01:00,-484153200000,,40000,40000,Y,,corrected-archive-csv
162860,Luleå-Kallax Flygplats,12,Sikt,"momentanvärde, 1 gång/tim",meter,1954-08-29T12:00:00Z,1954-08-29T13:00:00+01:00,-484142400000,,40000,40000,Y,,corrected-archive-csv
162860,Luleå-Kallax Flygplats,12,Sikt,"momentanvärde, 1 gång/tim",meter,1954-08-29T15:00:00Z,1954-08-29T16:00:00+01:00,-484131600000,,40000,40000,Y,,corrected-archive-csv
162860,Luleå-Kallax Flygplats,12,Sikt,"momentanvärde, 1 gång/tim",meter,1954-08-29T18:00:00Z,1954-08-29T19:00:00+01:00,-484120800000,,40000,40000,Y,,corrected-archive-csv
162860,Luleå-Kallax Flygplats,12,Sikt,"momentanvärde, 1 gång/tim",meter,1954-08-29T21:00:00Z,1954-08-29T22:00:00+01:00,-484110000000,,40000,40000,Y,,corrected-archive-csv
162860,Luleå-Kallax Flygplats,12,Sikt,"momentanvärde, 1 gång/tim",meter,1954-08-30T00:00:00Z,1954-08-30T01:00:00+01:00,-484099200000,,40000,40000,Y,,corrected-archive-csv
162860,Luleå-Kallax Flygplats,12,Sikt,"momentanvärde, 1 gång/tim",meter,1954-08-30T03:00:00Z,1954-08-30T04:00:00+01:00,-484088400000,,40000,40000,Y,,corrected-archive-csv
162860,Luleå-Kallax Flygplats,12,Sikt,"momentanvärde, 1 gång/tim",meter,1954-08-30T06:00:00Z,1954-08-30T07:00:00+01:00,-484077600000,,40000,40000,Y,,corrected-archive-csv
162860,Luleå-Kallax Flygplats,12,Sikt,"momentanvärde, 1 gång/tim",meter,1954-08-30T09:00:00Z,1954-08-30T10:00:00+01:00,-484066800000,,40000,40000,Y,,corrected-archive-csv
162860,Luleå-Kallax Flygplats,12,Sikt,"momentanvärde, 1 gång/tim",meter,1954-08-30T12:00:00Z,1954-08-30T13:00:00+01:00,-484056000000,,60000,60000,Y,,corrected-archive-csv
162860,Luleå-Kallax Flygplats,12,Sikt,"momentanvärde, 1 gång/tim",meter,1954-08-30T15:00:00Z,1954-08-30T16:00:00+01:00,-484045200000,,60000,60000,Y,,corrected-archive-csv
162860,Luleå-Kallax Flygplats,12,Sikt,"momentanvärde, 1 gång/tim",meter,1954-08-30T18:00:00Z,1954-08-30T19:00:00+01:00,-484034400000,,60000,60000,Y,,corrected-archive-csv
162860,Luleå-Kallax Flygplats,12,Sikt,"momentanvärde, 1 gång/tim",meter,1954-08-30T21:00:00Z,1954-08-30T22:00:00+01:00,-484023600000,,60000,60000,Y,,corrected-archive-csv
162860,Luleå-Kallax Flygplats,12,Sikt,"momentanvärde, 1 gång/tim",meter,1954-08-31T00:00:00Z,1954-08-31T01:00:00+01:00,-484012800000,,40000,40000,Y,,corrected-archive-csv
162860,Luleå-Kallax Flygplats,12,Sikt,"momentanvärde, 1 gång/tim",meter,1954-08-31T03:00:00Z,1954-08-31T04:00:00+01:00,-484002000000,,10000,10000,Y,,corrected-archive-csv
162860,Luleå-Kallax Flygplats,12,Sikt,"momentanvärde, 1 gång/tim",meter,1954-08-31T06:00:00Z,1954-08-31T07:00:00+01:00,-483991200000,,16000,16000,Y,,corrected-archive-csv
162860,Luleå-Kallax Flygplats,12,Sikt,"momentanvärde, 1 gång/tim",meter,1954-08-31T09:00:00Z,1954-08-31T10:00:00+01:00,-483980400000,,20000,20000,Y,,corrected-archive-csv
162860,Luleå-Kallax Flygplats,12,Sikt,"momentanvärde, 1 gång/tim",meter,1954-08-31T12:00:00Z,1954-08-31T13:00:00+01:00,-483969600000,,20000,20000,Y,,corrected-archive-csv
162860,Luleå-Kallax Flygplats,12,Sikt,"momentanvärde, 1 gång/tim",meter,1954-08-31T15:00:00Z,1954-08-31T16:00:00+01:00,-483958800000,,40000,40000,Y,,corrected-archive-csv
162860,Luleå-Kallax Flygplats,12,Sikt,"momentanvärde, 1 gång/tim",meter,1954-08-31T18:00:00Z,1954-08-31T19:00:00+01:00,-483948000000,,40000,40000,Y,,corrected-archive-csv
162860,Luleå-Kallax Flygplats,12,Sikt,"momentanvärde, 1 gång/tim",meter,1954-08-31T21:00:00Z,1954-08-31T22:00:00+01:00,-483937200000,,40000,40000,Y,,corrected-archive-csv
162860,Luleå-Kallax Flygplats,12,Sikt,"momentanvärde, 1 gång/tim",meter,1954-09-01T00:00:00Z,1954-09-01T01:00:00+01:00,-483926400000,,40000,40000,Y,,corrected-archive-csv
162860,Luleå-Kallax Flygplats,12,Sikt,"momentanvärde, 1 gång/tim",meter,1954-09-01T03:00:00Z,1954-09-01T04:00:00+01:00,-483915600000,,40000,40000,Y,,corrected-archive-csv
162860,Luleå-Kallax Flygplats,12,Sikt,"momentanvärde, 1 gång/tim",meter,1954-09-01T06:00:00Z,1954-09-01T07:00:00+01:00,-483904800000,,20000,20000,Y,,corrected-archive-csv
162860,Luleå-Kallax Flygplats,12,Sikt,"momentanvärde, 1 gång/tim",meter,1954-09-01T09:00:00Z,1954-09-01T10:00:00+01:00,-483894000000,,40000,40000,Y,,corrected-archive-csv
162860,Luleå-Kallax Flygplats,12,Sikt,"momentanvärde, 1 gång/tim",meter,1954-09-01T12:00:00Z,1954-09-01T13:00:00+01:00,-483883200000,,40000,40000,Y,,corrected-archive-csv
162860,Luleå-Kallax Flygplats,12,Sikt,"momentanvärde, 1 gång/tim",meter,1954-09-01T15:00:00Z,1954-09-01T16:00:00+01:00,-483872400000,,60000,60000,Y,,corrected-archive-csv
162860,Luleå-Kallax Flygplats,12,Sikt,"momentanvärde, 1 gång/tim",meter,1954-09-01T18:00:00Z,1954-09-01T19:00:00+01:00,-483861600000,,20000,20000,Y,,corrected-archive-csv
162860,Luleå-Kallax Flygplats,12,Sikt,"momentanvärde, 1 gång/tim",meter,1954-09-01T21:00:00Z,1954-09-01T22:00:00+01:00,-483850800000,,16000,16000,Y,,corrected-archive-csv
162860,Luleå-Kallax Flygplats,12,Sikt,"momentanvärde, 1 gång/tim",meter,1954-09-02T00:00:00Z,1954-09-02T01:00:00+01:00,-483840000000,,16000,16000,Y,,corrected-archive-csv
162860,Luleå-Kallax Flygplats,12,Sikt,"momentanvärde, 1 gång/tim",meter,1954-09-02T03:00:00Z,1954-09-02T04:00:00+01:00,-483829200000,,400,400,Y,,corrected-archive-csv
162860,Luleå-Kallax Flygplats,12,Sikt,"momentanvärde, 1 gång/tim",meter,1954-09-02T06:00:00Z,1954-09-02T07:00:00+01:00,-483818400000,,20000,20000,Y,,corrected-archive-csv
162860,Luleå-Kallax Flygplats,12,Sikt,"momentanvärde, 1 gång/tim",meter,1954-09-02T09:00:00Z,1954-09-02T10:00:00+01:00,-483807600000,,16000,16000,Y,,corrected-archive-csv
162860,Luleå-Kallax Flygplats,12,Sikt,"momentanvärde, 1 gång/tim",meter,1954-09-02T12:00:00Z,1954-09-02T13:00:00+01:00,-483796800000,,60000,60000,Y,,corrected-archive-csv
162860,Luleå-Kallax Flygplats,12,Sikt,"momentanvärde, 1 gång/tim",meter,1954-09-02T15:00:00Z,1954-09-02T16:00:00+01:00,-483786000000,,60000,60000,Y,,corrected-archive-csv
162860,Luleå-Kallax Flygplats,12,Sikt,"momentanvärde, 1 gång/tim",meter,1954-09-02T18:00:00Z,1954-09-02T19:00:00+01:00,-483775200000,,40000,40000,Y,,corrected-archive-csv
162860,Luleå-Kallax Flygplats,12,Sikt,"momentanvärde, 1 gång/tim",meter,1954-09-02T21:00:00Z,1954-09-02T22:00:00+01:00,-483764400000,,40000,40000,Y,,corrected-archive-csv
162860,Luleå-Kallax Flygplats,12,Sikt,"momentanvärde, 1 gång/tim",meter,1954-09-03T00:00:00Z,1954-09-03T01:00:00+01:00,-483753600000,,40000,40000,Y,,corrected-archive-csv
162860,Luleå-Kallax Flygplats,12,Sikt,"momentanvärde, 1 gång/tim",meter,1954-09-03T03:00:00Z,1954-09-03T04:00:00+01:00,-483742800000,,40000,40000,Y,,corrected-archive-csv
162860,Luleå-Kallax Flygplats,12,Sikt,"momentanvärde, 1 gång/tim",meter,1954-09-03T06:00:00Z,1954-09-03T07:00:00+01:00,-483732000000,,16000,16000,Y,,corrected-archive-csv
162860,Luleå-Kallax Flygplats,12,Sikt,"momentanvärde, 1 gång/tim",meter,1954-09-03T09:00:00Z,1954-09-03T10:00:00+01:00,-483721200000,,5000,5000,Y,,corrected-archive-csv
162860,Luleå-Kallax Flygplats,12,Sikt,"momentanvärde, 1 gång/tim",meter,1954-09-03T12:00:00Z,1954-09-03T13:00:00+01:00,-483710400000,,60000,60000,Y,,corrected-archive-csv
162860,Luleå-Kallax Flygplats,12,Sikt,"momentanvärde, 1 gång/tim",meter,1954-09-03T15:00:00Z,1954-09-03T16:00:00+01:00,-483699600000,,60000,60000,Y,,corrected-archive-csv
162860,Luleå-Kallax Flygplats,12,Sikt,"momentanvärde, 1 gång/tim",meter,1954-09-03T18:00:00Z,1954-09-03T19:00:00+01:00,-483688800000,,60000,60000,Y,,corrected-archive-csv
162860,Luleå-Kallax Flygplats,12,Sikt,"momentanvärde, 1 gång/tim",meter,1954-09-03T21:00:00Z,1954-09-03T22:00:00+01:00,-483678000000,,60000,60000,Y,,corrected-archive-csv
162860,Luleå-Kallax Flygplats,12,Sikt,"momentanvärde, 1 gång/tim",meter,1954-09-04T00:00:00Z,1954-09-04T01:00:00+01:00,-483667200000,,60000,60000,Y,,corrected-archive-csv
162860,Luleå-Kallax Flygplats,12,Sikt,"momentanvärde, 1 gång/tim",meter,1954-09-04T03:00:00Z,1954-09-04T04:00:00+01:00,-483656400000,,60000,60000,Y,,corrected-archive-csv
162860,Luleå-Kallax Flygplats,12,Sikt,"momentanvärde, 1 gång/tim",meter,1954-09-04T06:00:00Z,1954-09-04T07:00:00+01:00,-483645600000,,60000,60000,Y,,corrected-archive-csv
162860,Luleå-Kallax Flygplats,12,Sikt,"momentanvärde, 1 gång/tim",meter,1954-09-04T09:00:00Z,1954-09-04T10:00:00+01:00,-483634800000,,40000,40000,Y,,corrected-archive-csv
162860,Luleå-Kallax Flygplats,12,Sikt,"momentanvärde, 1 gång/tim",meter,1954-09-04T12:00:00Z,1954-09-04T13:00:00+01:00,-483624000000,,40000,40000,Y,,corrected-archive-csv
162860,Luleå-Kallax Flygplats,12,Sikt,"momentanvärde, 1 gång/tim",meter,1954-09-04T15:00:00Z,1954-09-04T16:00:00+01:00,-483613200000,,20000,20000,Y,,corrected-archive-csv
162860,Luleå-Kallax Flygplats,12,Sikt,"momentanvärde, 1 gång/tim",meter,1954-09-04T18:00:00Z,1954-09-04T19:00:00+01:00,-483602400000,,16000,16000,Y,,corrected-archive-csv
162860,Luleå-Kallax Flygplats,12,Sikt,"momentanvärde, 1 gång/tim",meter,1954-09-04T21:00:00Z,1954-09-04T22:00:00+01:00,-483591600000,,15000,15000,Y,,corrected-archive-csv
162860,Luleå-Kallax Flygplats,12,Sikt,"momentanvärde, 1 gång/tim",meter,1954-09-05T00:00:00Z,1954-09-05T01:00:00+01:00,-483580800000,,15000,15000,Y,,corrected-archive-csv
162860,Luleå-Kallax Flygplats,12,Sikt,"momentanvärde, 1 gång/tim",meter,1954-09-05T03:00:00Z,1954-09-05T04:00:00+01:00,-483570000000,,5000,5000,Y,,corrected-archive-csv
162860,Luleå-Kallax Flygplats,12,Sikt,"momentanvärde, 1 gång/tim",meter,1954-09-05T06:00:00Z,1954-09-05T07:00:00+01:00,-483559200000,,40000,40000,Y,,corrected-archive-csv
162860,Luleå-Kallax Flygplats,12,Sikt,"momentanvärde, 1 gång/tim",meter,1954-09-05T09:00:00Z,1954-09-05T10:00:00+01:00,-483548400000,,60000,60000,Y,,corrected-archive-csv
162860,Luleå-Kallax Flygplats,12,Sikt,"momentanvärde, 1 gång/tim",meter,1954-09-05T12:00:00Z,1954-09-05T13:00:00+01:00,-483537600000,,60000,60000,Y,,corrected-archive-csv
162860,Luleå-Kallax Flygplats,12,Sikt,"momentanvärde, 1 gång/tim",meter,1954-09-05T15:00:00Z,1954-09-05T16:00:00+01:00,-483526800000,,60000,60000,Y,,corrected-archive-csv
162860,Luleå-Kallax Flygplats,12,Sikt,"momentanvärde, 1 gång/tim",meter,1954-09-05T18:00:00Z,1954-09-05T19:00:00+01:00,-483516000000,,60000,60000,Y,,corrected-archive-csv
162860,Luleå-Kallax Flygplats,12,Sikt,"momentanvärde, 1 gång/tim",meter,1954-09-05T21:00:00Z,1954-09-05T22:00:00+01:00,-483505200000,,60000,60000,Y,,corrected-archive-csv
162860,Luleå-Kallax Flygplats,12,Sikt,"momentanvärde, 1 gång/tim",meter,1954-09-06T00:00:00Z,1954-09-06T01:00:00+01:00,-483494400000,,60000,60000,Y,,corrected-archive-csv
162860,Luleå-Kallax Flygplats,12,Sikt,"momentanvärde, 1 gång/tim",meter,1954-09-06T03:00:00Z,1954-09-06T04:00:00+01:00,-483483600000,,60000,60000,Y,,corrected-archive-csv
162860,Luleå-Kallax Flygplats,12,Sikt,"momentanvärde, 1 gång/tim",meter,1954-09-06T06:00:00Z,1954-09-06T07:00:00+01:00,-483472800000,,40000,40000,Y,,corrected-archive-csv
162860,Luleå-Kallax Flygplats,12,Sikt,"momentanvärde, 1 gång/tim",meter,1954-09-06T09:00:00Z,1954-09-06T10:00:00+01:00,-483462000000,,60000,60000,Y,,corrected-archive-csv
162860,Luleå-Kallax Flygplats,12,Sikt,"momentanvärde, 1 gång/tim",meter,1954-09-06T12:00:00Z,1954-09-06T13:00:00+01:00,-483451200000,,60000,60000,Y,,corrected-archive-csv
162860,Luleå-Kallax Flygplats,12,Sikt,"momentanvärde, 1 gång/tim",meter,1954-09-06T15:00:00Z,1954-09-06T16:00:00+01:00,-483440400000,,60000,60000,Y,,corrected-archive-csv
162860,Luleå-Kallax Flygplats,12,Sikt,"momentanvärde, 1 gång/tim",meter,1954-09-06T18:00:00Z,1954-09-06T19:00:00+01:00,-483429600000,,60000,60000,Y,,corrected-archive-csv
162860,Luleå-Kallax Flygplats,12,Sikt,"momentanvärde, 1 gång/tim",meter,1954-09-06T21:00:00Z,1954-09-06T22:00:00+01:00,-483418800000,,60000,60000,Y,,corrected-archive-csv
162860,Luleå-Kallax Flygplats,12,Sikt,"momentanvärde, 1 gång/tim",meter,1954-09-07T00:00:00Z,1954-09-07T01:00:00+01:00,-483408000000,,60000,60000,Y,,corrected-archive-csv
162860,Luleå-Kallax Flygplats,12,Sikt,"momentanvärde, 1 gång/tim",meter,1954-09-07T03:00:00Z,1954-09-07T04:00:00+01:00,-483397200000,,60000,60000,Y,,corrected-archive-csv
162860,Luleå-Kallax Flygplats,12,Sikt,"momentanvärde, 1 gång/tim",meter,1954-09-07T06:00:00Z,1954-09-07T07:00:00+01:00,-483386400000,,60000,60000,Y,,corrected-archive-csv
162860,Luleå-Kallax Flygplats,12,Sikt,"momentanvärde, 1 gång/tim",meter,1954-09-07T09:00:00Z,1954-09-07T10:00:00+01:00,-483375600000,,60000,60000,Y,,corrected-archive-csv
162860,Luleå-Kallax Flygplats,12,Sikt,"momentanvärde, 1 gång/tim",meter,1954-09-07T12:00:00Z,1954-09-07T13:00:00+01:00,-483364800000,,60000,60000,Y,,corrected-archive-csv
162860,Luleå-Kallax Flygplats,12,Sikt,"momentanvärde, 1 gång/tim",meter,1954-09-07T15:00:00Z,1954-09-07T16:00:00+01:00,-483354000000,,60000,60000,Y,,corrected-archive-csv
162860,Luleå-Kallax Flygplats,12,Sikt,"momentanvärde, 1 gång/tim",meter,1954-09-07T18:00:00Z,1954-09-07T19:00:00+01:00,-483343200000,,60000,60000,Y,,corrected-archive-csv
162860,Luleå-Kallax Flygplats,12,Sikt,"momentanvärde, 1 gång/tim",meter,1954-09-07T21:00:00Z,1954-09-07T22:00:00+01:00,-483332400000,,60000,60000,Y,,corrected-archive-csv
162860,Luleå-Kallax Flygplats,12,Sikt,"momentanvärde, 1 gång/tim",meter,1954-09-08T00:00:00Z,1954-09-08T01:00:00+01:00,-483321600000,,60000,60000,Y,,corrected-archive-csv
162860,Luleå-Kallax Flygplats,12,Sikt,"momentanvärde, 1 gång/tim",meter,1954-09-08T03:00:00Z,1954-09-08T04:00:00+01:00,-483310800000,,60000,60000,Y,,corrected-archive-csv
162860,Luleå-Kallax Flygplats,12,Sikt,"momentanvärde, 1 gång/tim",meter,1954-09-08T06:00:00Z,1954-09-08T07:00:00+01:00,-483300000000,,20000,20000,Y,,corrected-archive-csv
162860,Luleå-Kallax Flygplats,12,Sikt,"momentanvärde, 1 gång/tim",meter,1954-09-08T09:00:00Z,1954-09-08T10:00:00+01:00,-483289200000,,40000,40000,Y,,corrected-archive-csv
162860,Luleå-Kallax Flygplats,12,Sikt,"momentanvärde, 1 gång/tim",meter,1954-09-08T12:00:00Z,1954-09-08T13:00:00+01:00,-483278400000,,60000,60000,Y,,corrected-archive-csv
162860,Luleå-Kallax Flygplats,12,Sikt,"momentanvärde, 1 gång/tim",meter,1954-09-08T15:00:00Z,1954-09-08T16:00:00+01:00,-483267600000,,60000,60000,Y,,corrected-archive-csv
162860,Luleå-Kallax Flygplats,12,Sikt,"momentanvärde, 1 gång/tim",meter,1954-09-08T18:00:00Z,1954-09-08T19:00:00+01:00,-483256800000,,60000,60000,Y,,corrected-archive-csv
162860,Luleå-Kallax Flygplats,12,Sikt,"momentanvärde, 1 gång/tim",meter,1954-09-08T21:00:00Z,1954-09-08T22:00:00+01:00,-483246000000,,60000,60000,Y,,corrected-archive-csv
162860,Luleå-Kallax Flygplats,12,Sikt,"momentanvärde, 1 gång/tim",meter,1954-09-09T00:00:00Z,1954-09-09T01:00:00+01:00,-483235200000,,60000,60000,Y,,corrected-archive-csv
162860,Luleå-Kallax Flygplats,12,Sikt,"momentanvärde, 1 gång/tim",meter,1954-09-09T03:00:00Z,1954-09-09T04:00:00+01:00,-483224400000,,60000,60000,Y,,corrected-archive-csv
162860,Luleå-Kallax Flygplats,12,Sikt,"momentanvärde, 1 gång/tim",meter,1954-09-09T06:00:00Z,1954-09-09T07:00:00+01:00,-483213600000,,60000,60000,Y,,corrected-archive-csv
162860,Luleå-Kallax Flygplats,12,Sikt,"momentanvärde, 1 gång/tim",meter,1954-09-09T09:00:00Z,1954-09-09T10:00:00+01:00,-483202800000,,40000,40000,Y,,corrected-archive-csv
162860,Luleå-Kallax Flygplats,12,Sikt,"momentanvärde, 1 gång/tim",meter,1954-09-09T12:00:00Z,1954-09-09T13:00:00+01:00,-483192000000,,40000,40000,Y,,corrected-archive-csv
162860,Luleå-Kallax Flygplats,12,Sikt,"momentanvärde, 1 gång/tim",meter,1954-09-09T15:00:00Z,1954-09-09T16:00:00+01:00,-483181200000,,40000,40000,Y,,corrected-archive-csv
162860,Luleå-Kallax Flygplats,12,Sikt,"momentanvärde, 1 gång/tim",meter,1954-09-09T18:00:00Z,1954-09-09T19:00:00+01:00,-483170400000,,12000,12000,Y,,corrected-archive-csv
162860,Luleå-Kallax Flygplats,12,Sikt,"momentanvärde, 1 gång/tim",meter,1954-09-09T21:00:00Z,1954-09-09T22:00:00+01:00,-483159600000,,8000,8000,Y,,corrected-archive-csv
162860,Luleå-Kallax Flygplats,12,Sikt,"momentanvärde, 1 gång/tim",meter,1954-09-10T00:00:00Z,1954-09-10T01:00:00+01:00,-483148800000,,8000,8000,Y,,corrected-archive-csv
162860,Luleå-Kallax Flygplats,12,Sikt,"momentanvärde, 1 gång/tim",meter,1954-09-10T03:00:00Z,1954-09-10T04:00:00+01:00,-483138000000,,4000,4000,Y,,corrected-archive-csv
162860,Luleå-Kallax Flygplats,12,Sikt,"momentanvärde, 1 gång/tim",meter,1954-09-10T06:00:00Z,1954-09-10T07:00:00+01:00,-483127200000,,5000,5000,Y,,corrected-archive-csv
162860,Luleå-Kallax Flygplats,12,Sikt,"momentanvärde, 1 gång/tim",meter,1954-09-10T09:00:00Z,1954-09-10T10:00:00+01:00,-483116400000,,8000,8000,Y,,corrected-archive-csv
162860,Luleå-Kallax Flygplats,12,Sikt,"momentanvärde, 1 gång/tim",meter,1954-09-10T12:00:00Z,1954-09-10T13:00:00+01:00,-483105600000,,10000,10000,Y,,corrected-archive-csv
162860,Luleå-Kallax Flygplats,12,Sikt,"momentanvärde, 1 gång/tim",meter,1954-09-10T15:00:00Z,1954-09-10T16:00:00+01:00,-483094800000,,8000,8000,Y,,corrected-archive-csv
162860,Luleå-Kallax Flygplats,12,Sikt,"momentanvärde, 1 gång/tim",meter,1954-09-10T18:00:00Z,1954-09-10T19:00:00+01:00,-483084000000,,6000,6000,Y,,corrected-archive-csv
162860,Luleå-Kallax Flygplats,12,Sikt,"momentanvärde, 1 gång/tim",meter,1954-09-10T21:00:00Z,1954-09-10T22:00:00+01:00,-483073200000,,5000,5000,Y,,corrected-archive-csv
162860,Luleå-Kallax Flygplats,12,Sikt,"momentanvärde, 1 gång/tim",meter,1954-09-11T00:00:00Z,1954-09-11T01:00:00+01:00,-483062400000,,6000,6000,Y,,corrected-archive-csv
162860,Luleå-Kallax Flygplats,12,Sikt,"momentanvärde, 1 gång/tim",meter,1954-09-11T03:00:00Z,1954-09-11T04:00:00+01:00,-483051600000,,6000,6000,Y,,corrected-archive-csv
162860,Luleå-Kallax Flygplats,12,Sikt,"momentanvärde, 1 gång/tim",meter,1954-09-11T06:00:00Z,1954-09-11T07:00:00+01:00,-483040800000,,9000,9000,Y,,corrected-archive-csv
162860,Luleå-Kallax Flygplats,12,Sikt,"momentanvärde, 1 gång/tim",meter,1954-09-11T09:00:00Z,1954-09-11T10:00:00+01:00,-483030000000,,16000,16000,Y,,corrected-archive-csv
162860,Luleå-Kallax Flygplats,12,Sikt,"momentanvärde, 1 gång/tim",meter,1954-09-11T12:00:00Z,1954-09-11T13:00:00+01:00,-483019200000,,20000,20000,Y,,corrected-archive-csv
162860,Luleå-Kallax Flygplats,12,Sikt,"momentanvärde, 1 gång/tim",meter,1954-09-11T15:00:00Z,1954-09-11T16:00:00+01:00,-483008400000,,40000,40000,Y,,corrected-archive-csv
162860,Luleå-Kallax Flygplats,12,Sikt,"momentanvärde, 1 gång/tim",meter,1954-09-11T18:00:00Z,1954-09-11T19:00:00+01:00,-482997600000,,20000,20000,Y,,corrected-archive-csv
162860,Luleå-Kallax Flygplats,12,Sikt,"momentanvärde, 1 gång/tim",meter,1954-09-11T21:00:00Z,1954-09-11T22:00:00+01:00,-482986800000,,20000,20000,Y,,corrected-archive-csv
162860,Luleå-Kallax Flygplats,12,Sikt,"momentanvärde, 1 gång/tim",meter,1954-09-12T00:00:00Z,1954-09-12T01:00:00+01:00,-482976000000,,16000,16000,Y,,corrected-archive-csv
162860,Luleå-Kallax Flygplats,12,Sikt,"momentanvärde, 1 gång/tim",meter,1954-09-12T03:00:00Z,1954-09-12T04:00:00+01:00,-482965200000,,1000,1000,Y,,corrected-archive-csv
162860,Luleå-Kallax Flygplats,12,Sikt,"momentanvärde, 1 gång/tim",meter,1954-09-12T06:00:00Z,1954-09-12T07:00:00+01:00,-482954400000,,800,800,Y,,corrected-archive-csv
162860,Luleå-Kallax Flygplats,12,Sikt,"momentanvärde, 1 gång/tim",meter,1954-09-12T09:00:00Z,1954-09-12T10:00:00+01:00,-482943600000,,16000,16000,Y,,corrected-archive-csv
162860,Luleå-Kallax Flygplats,12,Sikt,"momentanvärde, 1 gång/tim",meter,1954-09-12T12:00:00Z,1954-09-12T13:00:00+01:00,-482932800000,,20000,20000,Y,,corrected-archive-csv
162860,Luleå-Kallax Flygplats,12,Sikt,"momentanvärde, 1 gång/tim",meter,1954-09-12T15:00:00Z,1954-09-12T16:00:00+01:00,-482922000000,,20000,20000,Y,,corrected-archive-csv
162860,Luleå-Kallax Flygplats,12,Sikt,"momentanvärde, 1 gång/tim",meter,1954-09-12T18:00:00Z,1954-09-12T19:00:00+01:00,-482911200000,,20000,20000,Y,,corrected-archive-csv
162860,Luleå-Kallax Flygplats,12,Sikt,"momentanvärde, 1 gång/tim",meter,1954-09-12T21:00:00Z,1954-09-12T22:00:00+01:00,-482900400000,,20000,20000,Y,,corrected-archive-csv
162860,Luleå-Kallax Flygplats,12,Sikt,"momentanvärde, 1 gång/tim",meter,1954-09-13T00:00:00Z,1954-09-13T01:00:00+01:00,-482889600000,,20000,20000,Y,,corrected-archive-csv
162860,Luleå-Kallax Flygplats,12,Sikt,"momentanvärde, 1 gång/tim",meter,1954-09-13T03:00:00Z,1954-09-13T04:00:00+01:00,-482878800000,,20000,20000,Y,,corrected-archive-csv
162860,Luleå-Kallax Flygplats,12,Sikt,"momentanvärde, 1 gång/tim",meter,1954-09-13T06:00:00Z,1954-09-13T07:00:00+01:00,-482868000000,,20000,20000,Y,,corrected-archive-csv
162860,Luleå-Kallax Flygplats,12,Sikt,"momentanvärde, 1 gång/tim",meter,1954-09-13T09:00:00Z,1954-09-13T10:00:00+01:00,-482857200000,,40000,40000,Y,,corrected-archive-csv
162860,Luleå-Kallax Flygplats,12,Sikt,"momentanvärde, 1 gång/tim",meter,1954-09-13T12:00:00Z,1954-09-13T13:00:00+01:00,-482846400000,,40000,40000,Y,,corrected-archive-csv
162860,Luleå-Kallax Flygplats,12,Sikt,"momentanvärde, 1 gång/tim",meter,1954-09-13T15:00:00Z,1954-09-13T16:00:00+01:00,-482835600000,,40000,40000,Y,,corrected-archive-csv
162860,Luleå-Kallax Flygplats,12,Sikt,"momentanvärde, 1 gång/tim",meter,1954-09-13T18:00:00Z,1954-09-13T19:00:00+01:00,-482824800000,,40000,40000,Y,,corrected-archive-csv
162860,Luleå-Kallax Flygplats,12,Sikt,"momentanvärde, 1 gång/tim",meter,1954-09-13T21:00:00Z,1954-09-13T22:00:00+01:00,-482814000000,,40000,40000,Y,,corrected-archive-csv
162860,Luleå-Kallax Flygplats,12,Sikt,"momentanvärde, 1 gång/tim",meter,1954-09-14T00:00:00Z,1954-09-14T01:00:00+01:00,-482803200000,,40000,40000,Y,,corrected-archive-csv
162860,Luleå-Kallax Flygplats,12,Sikt,"momentanvärde, 1 gång/tim",meter,1954-09-14T03:00:00Z,1954-09-14T04:00:00+01:00,-482792400000,,40000,40000,Y,,corrected-archive-csv
162860,Luleå-Kallax Flygplats,12,Sikt,"momentanvärde, 1 gång/tim",meter,1954-09-14T06:00:00Z,1954-09-14T07:00:00+01:00,-482781600000,,40000,40000,Y,,corrected-archive-csv
162860,Luleå-Kallax Flygplats,12,Sikt,"momentanvärde, 1 gång/tim",meter,1954-09-14T09:00:00Z,1954-09-14T10:00:00+01:00,-482770800000,,40000,40000,Y,,corrected-archive-csv
162860,Luleå-Kallax Flygplats,12,Sikt,"momentanvärde, 1 gång/tim",meter,1954-09-14T12:00:00Z,1954-09-14T13:00:00+01:00,-482760000000,,40000,40000,Y,,corrected-archive-csv
162860,Luleå-Kallax Flygplats,12,Sikt,"momentanvärde, 1 gång/tim",meter,1954-09-14T15:00:00Z,1954-09-14T16:00:00+01:00,-482749200000,,40000,40000,Y,,corrected-archive-csv
162860,Luleå-Kallax Flygplats,12,Sikt,"momentanvärde, 1 gång/tim",meter,1954-09-14T18:00:00Z,1954-09-14T19:00:00+01:00,-482738400000,,60000,60000,Y,,corrected-archive-csv
162860,Luleå-Kallax Flygplats,12,Sikt,"momentanvärde, 1 gång/tim",meter,1954-09-14T21:00:00Z,1954-09-14T22:00:00+01:00,-482727600000,,60000,60000,Y,,corrected-archive-csv
162860,Luleå-Kallax Flygplats,12,Sikt,"momentanvärde, 1 gång/tim",meter,1954-09-15T00:00:00Z,1954-09-15T01:00:00+01:00,-482716800000,,600,600,Y,,corrected-archive-csv
162860,Luleå-Kallax Flygplats,12,Sikt,"momentanvärde, 1 gång/tim",meter,1954-09-15T03:00:00Z,1954-09-15T04:00:00+01:00,-482706000000,,800,800,Y,,corrected-archive-csv
162860,Luleå-Kallax Flygplats,12,Sikt,"momentanvärde, 1 gång/tim",meter,1954-09-15T06:00:00Z,1954-09-15T07:00:00+01:00,-482695200000,,800,800,Y,,corrected-archive-csv
162860,Luleå-Kallax Flygplats,12,Sikt,"momentanvärde, 1 gång/tim",meter,1954-09-15T09:00:00Z,1954-09-15T10:00:00+01:00,-482684400000,,20000,20000,Y,,corrected-archive-csv
162860,Luleå-Kallax Flygplats,12,Sikt,"momentanvärde, 1 gång/tim",meter,1954-09-15T12:00:00Z,1954-09-15T13:00:00+01:00,-482673600000,,20000,20000,Y,,corrected-archive-csv
162860,Luleå-Kallax Flygplats,12,Sikt,"momentanvärde, 1 gång/tim",meter,1954-09-15T15:00:00Z,1954-09-15T16:00:00+01:00,-482662800000,,16000,16000,Y,,corrected-archive-csv
162860,Luleå-Kallax Flygplats,12,Sikt,"momentanvärde, 1 gång/tim",meter,1954-09-15T18:00:00Z,1954-09-15T19:00:00+01:00,-482652000000,,6000,6000,Y,,corrected-archive-csv
162860,Luleå-Kallax Flygplats,12,Sikt,"momentanvärde, 1 gång/tim",meter,1954-09-15T21:00:00Z,1954-09-15T22:00:00+01:00,-482641200000,,16000,16000,Y,,corrected-archive-csv
162860,Luleå-Kallax Flygplats,12,Sikt,"momentanvärde, 1 gång/tim",meter,1954-09-16T00:00:00Z,1954-09-16T01:00:00+01:00,-482630400000,,16000,16000,Y,,corrected-archive-csv
162860,Luleå-Kallax Flygplats,12,Sikt,"momentanvärde, 1 gång/tim",meter,1954-09-16T03:00:00Z,1954-09-16T04:00:00+01:00,-482619600000,,16000,16000,Y,,corrected-archive-csv
162860,Luleå-Kallax Flygplats,12,Sikt,"momentanvärde, 1 gång/tim",meter,1954-09-16T06:00:00Z,1954-09-16T07:00:00+01:00,-482608800000,,16000,16000,Y,,corrected-archive-csv
162860,Luleå-Kallax Flygplats,12,Sikt,"momentanvärde, 1 gång/tim",meter,1954-09-16T09:00:00Z,1954-09-16T10:00:00+01:00,-482598000000,,20000,20000,Y,,corrected-archive-csv
162860,Luleå-Kallax Flygplats,12,Sikt,"momentanvärde, 1 gång/tim",meter,1954-09-16T12:00:00Z,1954-09-16T13:00:00+01:00,-482587200000,,20000,20000,Y,,corrected-archive-csv
162860,Luleå-Kallax Flygplats,12,Sikt,"momentanvärde, 1 gång/tim",meter,1954-09-16T15:00:00Z,1954-09-16T16:00:00+01:00,-482576400000,,20000,20000,Y,,corrected-archive-csv
162860,Luleå-Kallax Flygplats,12,Sikt,"momentanvärde, 1 gång/tim",meter,1954-09-16T18:00:00Z,1954-09-16T19:00:00+01:00,-482565600000,,4000,4000,Y,,corrected-archive-csv
162860,Luleå-Kallax Flygplats,12,Sikt,"momentanvärde, 1 gång/tim",meter,1954-09-16T21:00:00Z,1954-09-16T22:00:00+01:00,-482554800000,,16000,16000,Y,,corrected-archive-csv
162860,Luleå-Kallax Flygplats,12,Sikt,"momentanvärde, 1 gång/tim",meter,1954-09-17T00:00:00Z,1954-09-17T01:00:00+01:00,-482544000000,,20000,20000,Y,,corrected-archive-csv
162860,Luleå-Kallax Flygplats,12,Sikt,"momentanvärde, 1 gång/tim",meter,1954-09-17T03:00:00Z,1954-09-17T04:00:00+01:00,-482533200000,,20000,20000,Y,,corrected-archive-csv
162860,Luleå-Kallax Flygplats,12,Sikt,"momentanvärde, 1 gång/tim",meter,1954-09-17T06:00:00Z,1954-09-17T07:00:00+01:00,-482522400000,,16000,16000,Y,,corrected-archive-csv
162860,Luleå-Kallax Flygplats,12,Sikt,"momentanvärde, 1 gång/tim",meter,1954-09-17T09:00:00Z,1954-09-17T10:00:00+01:00,-482511600000,,16000,16000,Y,,corrected-archive-csv
162860,Luleå-Kallax Flygplats,12,Sikt,"momentanvärde, 1 gång/tim",meter,1954-09-17T12:00:00Z,1954-09-17T13:00:00+01:00,-482500800000,,16000,16000,Y,,corrected-archive-csv
162860,Luleå-Kallax Flygplats,12,Sikt,"momentanvärde, 1 gång/tim",meter,1954-09-17T15:00:00Z,1954-09-17T16:00:00+01:00,-482490000000,,20000,20000,Y,,corrected-archive-csv
162860,Luleå-Kallax Flygplats,12,Sikt,"momentanvärde, 1 gång/tim",meter,1954-09-17T18:00:00Z,1954-09-17T19:00:00+01:00,-482479200000,,40000,40000,Y,,corrected-archive-csv
162860,Luleå-Kallax Flygplats,12,Sikt,"momentanvärde, 1 gång/tim",meter,1954-09-17T21:00:00Z,1954-09-17T22:00:00+01:00,-482468400000,,60000,60000,Y,,corrected-archive-csv
162860,Luleå-Kallax Flygplats,12,Sikt,"momentanvärde, 1 gång/tim",meter,1954-09-18T00:00:00Z,1954-09-18T01:00:00+01:00,-482457600000,,16000,16000,Y,,corrected-archive-csv
162860,Luleå-Kallax Flygplats,12,Sikt,"momentanvärde, 1 gång/tim",meter,1954-09-18T03:00:00Z,1954-09-18T04:00:00+01:00,-482446800000,,10000,10000,Y,,corrected-archive-csv
162860,Luleå-Kallax Flygplats,12,Sikt,"momentanvärde, 1 gång/tim",meter,1954-09-18T06:00:00Z,1954-09-18T07:00:00+01:00,-482436000000,,10000,10000,Y,,corrected-archive-csv
162860,Luleå-Kallax Flygplats,12,Sikt,"momentanvärde, 1 gång/tim",meter,1954-09-18T09:00:00Z,1954-09-18T10:00:00+01:00,-482425200000,,6000,6000,Y,,corrected-archive-csv
162860,Luleå-Kallax Flygplats,12,Sikt,"momentanvärde, 1 gång/tim",meter,1954-09-18T12:00:00Z,1954-09-18T13:00:00+01:00,-482414400000,,16000,16000,Y,,corrected-archive-csv
162860,Luleå-Kallax Flygplats,12,Sikt,"momentanvärde, 1 gång/tim",meter,1954-09-18T15:00:00Z,1954-09-18T16:00:00+01:00,-482403600000,,16000,16000,Y,,corrected-archive-csv
162860,Luleå-Kallax Flygplats,12,Sikt,"momentanvärde, 1 gång/tim",meter,1954-09-18T18:00:00Z,1954-09-18T19:00:00+01:00,-482392800000,,20000,20000,Y,,corrected-archive-csv
162860,Luleå-Kallax Flygplats,12,Sikt,"momentanvärde, 1 gång/tim",meter,1954-09-18T21:00:00Z,1954-09-18T22:00:00+01:00,-482382000000,,20000,20000,Y,,corrected-archive-csv
162860,Luleå-Kallax Flygplats,12,Sikt,"momentanvärde, 1 gång/tim",meter,1954-09-19T00:00:00Z,1954-09-19T01:00:00+01:00,-482371200000,,20000,20000,Y,,corrected-archive-csv
162860,Luleå-Kallax Flygplats,12,Sikt,"momentanvärde, 1 gång/tim",meter,1954-09-19T03:00:00Z,1954-09-19T04:00:00+01:00,-482360400000,,20000,20000,Y,,corrected-archive-csv
162860,Luleå-Kallax Flygplats,12,Sikt,"momentanvärde, 1 gång/tim",meter,1954-09-19T06:00:00Z,1954-09-19T07:00:00+01:00,-482349600000,,20000,20000,Y,,corrected-archive-csv
162860,Luleå-Kallax Flygplats,12,Sikt,"momentanvärde, 1 gång/tim",meter,1954-09-19T09:00:00Z,1954-09-19T10:00:00+01:00,-482338800000,,40000,40000,Y,,corrected-archive-csv
162860,Luleå-Kallax Flygplats,12,Sikt,"momentanvärde, 1 gång/tim",meter,1954-09-19T12:00:00Z,1954-09-19T13:00:00+01:00,-482328000000,,60000,60000,Y,,corrected-archive-csv
162860,Luleå-Kallax Flygplats,12,Sikt,"momentanvärde, 1 gång/tim",meter,1954-09-19T15:00:00Z,1954-09-19T16:00:00+01:00,-482317200000,,60000,60000,Y,,corrected-archive-csv
162860,Luleå-Kallax Flygplats,12,Sikt,"momentanvärde, 1 gång/tim",meter,1954-09-19T18:00:00Z,1954-09-19T19:00:00+01:00,-482306400000,,40000,40000,Y,,corrected-archive-csv
162860,Luleå-Kallax Flygplats,12,Sikt,"momentanvärde, 1 gång/tim",meter,1954-09-19T21:00:00Z,1954-09-19T22:00:00+01:00,-482295600000,,40000,40000,Y,,corrected-archive-csv
162860,Luleå-Kallax Flygplats,12,Sikt,"momentanvärde, 1 gång/tim",meter,1954-09-20T00:00:00Z,1954-09-20T01:00:00+01:00,-482284800000,,60000,60000,Y,,corrected-archive-csv
162860,Luleå-Kallax Flygplats,12,Sikt,"momentanvärde, 1 gång/tim",meter,1954-09-20T03:00:00Z,1954-09-20T04:00:00+01:00,-482274000000,,60000,60000,Y,,corrected-archive-csv
162860,Luleå-Kallax Flygplats,12,Sikt,"momentanvärde, 1 gång/tim",meter,1954-09-20T06:00:00Z,1954-09-20T07:00:00+01:00,-482263200000,,60000,60000,Y,,corrected-archive-csv
162860,Luleå-Kallax Flygplats,12,Sikt,"momentanvärde, 1 gång/tim",meter,1954-09-20T09:00:00Z,1954-09-20T10:00:00+01:00,-482252400000,,60000,60000,Y,,corrected-archive-csv
162860,Luleå-Kallax Flygplats,12,Sikt,"momentanvärde, 1 gång/tim",meter,1954-09-20T12:00:00Z,1954-09-20T13:00:00+01:00,-482241600000,,60000,60000,Y,,corrected-archive-csv
162860,Luleå-Kallax Flygplats,12,Sikt,"momentanvärde, 1 gång/tim",meter,1954-09-20T15:00:00Z,1954-09-20T16:00:00+01:00,-482230800000,,60000,60000,Y,,corrected-archive-csv
162860,Luleå-Kallax Flygplats,12,Sikt,"momentanvärde, 1 gång/tim",meter,1954-09-20T18:00:00Z,1954-09-20T19:00:00+01:00,-482220000000,,40000,40000,Y,,corrected-archive-csv
162860,Luleå-Kallax Flygplats,12,Sikt,"momentanvärde, 1 gång/tim",meter,1954-09-20T21:00:00Z,1954-09-20T22:00:00+01:00,-482209200000,,16000,16000,Y,,corrected-archive-csv
162860,Luleå-Kallax Flygplats,12,Sikt,"momentanvärde, 1 gång/tim",meter,1954-09-21T00:00:00Z,1954-09-21T01:00:00+01:00,-482198400000,,1000,1000,Y,,corrected-archive-csv
162860,Luleå-Kallax Flygplats,12,Sikt,"momentanvärde, 1 gång/tim",meter,1954-09-21T03:00:00Z,1954-09-21T04:00:00+01:00,-482187600000,,16000,16000,Y,,corrected-archive-csv
162860,Luleå-Kallax Flygplats,12,Sikt,"momentanvärde, 1 gång/tim",meter,1954-09-21T06:00:00Z,1954-09-21T07:00:00+01:00,-482176800000,,800,800,Y,,corrected-archive-csv
162860,Luleå-Kallax Flygplats,12,Sikt,"momentanvärde, 1 gång/tim",meter,1954-09-21T09:00:00Z,1954-09-21T10:00:00+01:00,-482166000000,,20000,20000,Y,,corrected-archive-csv
162860,Luleå-Kallax Flygplats,12,Sikt,"momentanvärde, 1 gång/tim",meter,1954-09-21T12:00:00Z,1954-09-21T13:00:00+01:00,-482155200000,,40000,40000,Y,,corrected-archive-csv
162860,Luleå-Kallax Flygplats,12,Sikt,"momentanvärde, 1 gång/tim",meter,1954-09-21T15:00:00Z,1954-09-21T16:00:00+01:00,-482144400000,,40000,40000,Y,,corrected-archive-csv
162860,Luleå-Kallax Flygplats,12,Sikt,"momentanvärde, 1 gång/tim",meter,1954-09-21T18:00:00Z,1954-09-21T19:00:00+01:00,-482133600000,,5000,5000,Y,,corrected-archive-csv
162860,Luleå-Kallax Flygplats,12,Sikt,"momentanvärde, 1 gång/tim",meter,1954-09-21T21:00:00Z,1954-09-21T22:00:00+01:00,-482122800000,,16000,16000,Y,,corrected-archive-csv
162860,Luleå-Kallax Flygplats,12,Sikt,"momentanvärde, 1 gång/tim",meter,1954-09-22T00:00:00Z,1954-09-22T01:00:00+01:00,-482112000000,,20000,20000,Y,,corrected-archive-csv
162860,Luleå-Kallax Flygplats,12,Sikt,"momentanvärde, 1 gång/tim",meter,1954-09-22T03:00:00Z,1954-09-22T04:00:00+01:00,-482101200000,,40000,40000,Y,,corrected-archive-csv
162860,Luleå-Kallax Flygplats,12,Sikt,"momentanvärde, 1 gång/tim",meter,1954-09-22T06:00:00Z,1954-09-22T07:00:00+01:00,-482090400000,,40000,40000,Y,,corrected-archive-csv
162860,Luleå-Kallax Flygplats,12,Sikt,"momentanvärde, 1 gång/tim",meter,1954-09-22T09:00:00Z,1954-09-22T10:00:00+01:00,-482079600000,,40000,40000,Y,,corrected-archive-csv
162860,Luleå-Kallax Flygplats,12,Sikt,"momentanvärde, 1 gång/tim",meter,1954-09-22T12:00:00Z,1954-09-22T13:00:00+01:00,-482068800000,,40000,40000,Y,,corrected-archive-csv
162860,Luleå-Kallax Flygplats,12,Sikt,"momentanvärde, 1 gång/tim",meter,1954-09-22T15:00:00Z,1954-09-22T16:00:00+01:00,-482058000000,,40000,40000,Y,,corrected-archive-csv
162860,Luleå-Kallax Flygplats,12,Sikt,"momentanvärde, 1 gång/tim",meter,1954-09-22T18:00:00Z,1954-09-22T19:00:00+01:00,-482047200000,,40000,40000,Y,,corrected-archive-csv
162860,Luleå-Kallax Flygplats,12,Sikt,"momentanvärde, 1 gång/tim",meter,1954-09-22T21:00:00Z,1954-09-22T22:00:00+01:00,-482036400000,,40000,40000,Y,,corrected-archive-csv
162860,Luleå-Kallax Flygplats,12,Sikt,"momentanvärde, 1 gång/tim",meter,1954-09-23T00:00:00Z,1954-09-23T01:00:00+01:00,-482025600000,,40000,40000,Y,,corrected-archive-csv
162860,Luleå-Kallax Flygplats,12,Sikt,"momentanvärde, 1 gång/tim",meter,1954-09-23T03:00:00Z,1954-09-23T04:00:00+01:00,-482014800000,,40000,40000,Y,,corrected-archive-csv
162860,Luleå-Kallax Flygplats,12,Sikt,"momentanvärde, 1 gång/tim",meter,1954-09-23T06:00:00Z,1954-09-23T07:00:00+01:00,-482004000000,,40000,40000,Y,,corrected-archive-csv
162860,Luleå-Kallax Flygplats,12,Sikt,"momentanvärde, 1 gång/tim",meter,1954-09-23T09:00:00Z,1954-09-23T10:00:00+01:00,-481993200000,,40000,40000,Y,,corrected-archive-csv
162860,Luleå-Kallax Flygplats,12,Sikt,"momentanvärde, 1 gång/tim",meter,1954-09-23T12:00:00Z,1954-09-23T13:00:00+01:00,-481982400000,,40000,40000,Y,,corrected-archive-csv
162860,Luleå-Kallax Flygplats,12,Sikt,"momentanvärde, 1 gång/tim",meter,1954-09-23T15:00:00Z,1954-09-23T16:00:00+01:00,-481971600000,,40000,40000,Y,,corrected-archive-csv
162860,Luleå-Kallax Flygplats,12,Sikt,"momentanvärde, 1 gång/tim",meter,1954-09-23T18:00:00Z,1954-09-23T19:00:00+01:00,-481960800000,,40000,40000,Y,,corrected-archive-csv
162860,Luleå-Kallax Flygplats,12,Sikt,"momentanvärde, 1 gång/tim",meter,1954-09-23T21:00:00Z,1954-09-23T22:00:00+01:00,-481950000000,,40000,40000,Y,,corrected-archive-csv
162860,Luleå-Kallax Flygplats,12,Sikt,"momentanvärde, 1 gång/tim",meter,1954-09-24T00:00:00Z,1954-09-24T01:00:00+01:00,-481939200000,,40000,40000,Y,,corrected-archive-csv
162860,Luleå-Kallax Flygplats,12,Sikt,"momentanvärde, 1 gång/tim",meter,1954-09-24T03:00:00Z,1954-09-24T04:00:00+01:00,-481928400000,,60000,60000,Y,,corrected-archive-csv
162860,Luleå-Kallax Flygplats,12,Sikt,"momentanvärde, 1 gång/tim",meter,1954-09-24T06:00:00Z,1954-09-24T07:00:00+01:00,-481917600000,,60000,60000,Y,,corrected-archive-csv
162860,Luleå-Kallax Flygplats,12,Sikt,"momentanvärde, 1 gång/tim",meter,1954-09-24T09:00:00Z,1954-09-24T10:00:00+01:00,-481906800000,,60000,60000,Y,,corrected-archive-csv
162860,Luleå-Kallax Flygplats,12,Sikt,"momentanvärde, 1 gång/tim",meter,1954-09-24T12:00:00Z,1954-09-24T13:00:00+01:00,-481896000000,,60000,60000,Y,,corrected-archive-csv
162860,Luleå-Kallax Flygplats,12,Sikt,"momentanvärde, 1 gång/tim",meter,1954-09-24T15:00:00Z,1954-09-24T16:00:00+01:00,-481885200000,,60000,60000,Y,,corrected-archive-csv
162860,Luleå-Kallax Flygplats,12,Sikt,"momentanvärde, 1 gång/tim",meter,1954-09-24T18:00:00Z,1954-09-24T19:00:00+01:00,-481874400000,,40000,40000,Y,,corrected-archive-csv
162860,Luleå-Kallax Flygplats,12,Sikt,"momentanvärde, 1 gång/tim",meter,1954-09-24T21:00:00Z,1954-09-24T22:00:00+01:00,-481863600000,,40000,40000,Y,,corrected-archive-csv
162860,Luleå-Kallax Flygplats,12,Sikt,"momentanvärde, 1 gång/tim",meter,1954-09-25T00:00:00Z,1954-09-25T01:00:00+01:00,-481852800000,,16000,16000,Y,,corrected-archive-csv
162860,Luleå-Kallax Flygplats,12,Sikt,"momentanvärde, 1 gång/tim",meter,1954-09-25T03:00:00Z,1954-09-25T04:00:00+01:00,-481842000000,,16000,16000,Y,,corrected-archive-csv
162860,Luleå-Kallax Flygplats,12,Sikt,"momentanvärde, 1 gång/tim",meter,1954-09-25T06:00:00Z,1954-09-25T07:00:00+01:00,-481831200000,,16000,16000,Y,,corrected-archive-csv
162860,Luleå-Kallax Flygplats,12,Sikt,"momentanvärde, 1 gång/tim",meter,1954-09-25T09:00:00Z,1954-09-25T10:00:00+01:00,-481820400000,,10000,10000,Y,,corrected-archive-csv
162860,Luleå-Kallax Flygplats,12,Sikt,"momentanvärde, 1 gång/tim",meter,1954-09-25T12:00:00Z,1954-09-25T13:00:00+01:00,-481809600000,,8000,8000,Y,,corrected-archive-csv
162860,Luleå-Kallax Flygplats,12,Sikt,"momentanvärde, 1 gång/tim",meter,1954-09-25T15:00:00Z,1954-09-25T16:00:00+01:00,-481798800000,,8000,8000,Y,,corrected-archive-csv
162860,Luleå-Kallax Flygplats,12,Sikt,"momentanvärde, 1 gång/tim",meter,1954-09-25T18:00:00Z,1954-09-25T19:00:00+01:00,-481788000000,,1000,1000,Y,,corrected-archive-csv
162860,Luleå-Kallax Flygplats,12,Sikt,"momentanvärde, 1 gång/tim",meter,1954-09-25T21:00:00Z,1954-09-25T22:00:00+01:00,-481777200000,,4000,4000,Y,,corrected-archive-csv
162860,Luleå-Kallax Flygplats,12,Sikt,"momentanvärde, 1 gång/tim",meter,1954-09-26T00:00:00Z,1954-09-26T01:00:00+01:00,-481766400000,,6000,6000,Y,,corrected-archive-csv
162860,Luleå-Kallax Flygplats,12,Sikt,"momentanvärde, 1 gång/tim",meter,1954-09-26T03:00:00Z,1954-09-26T04:00:00+01:00,-481755600000,,4000,4000,Y,,corrected-archive-csv
162860,Luleå-Kallax Flygplats,12,Sikt,"momentanvärde, 1 gång/tim",meter,1954-09-26T06:00:00Z,1954-09-26T07:00:00+01:00,-481744800000,,3000,3000,Y,,corrected-archive-csv
162860,Luleå-Kallax Flygplats,12,Sikt,"momentanvärde, 1 gång/tim",meter,1954-09-26T09:00:00Z,1954-09-26T10:00:00+01:00,-481734000000,,3000,3000,Y,,corrected-archive-csv
162860,Luleå-Kallax Flygplats,12,Sikt,"momentanvärde, 1 gång/tim",meter,1954-09-26T12:00:00Z,1954-09-26T13:00:00+01:00,-481723200000,,20000,20000,Y,,corrected-archive-csv
162860,Luleå-Kallax Flygplats,12,Sikt,"momentanvärde, 1 gång/tim",meter,1954-09-26T15:00:00Z,1954-09-26T16:00:00+01:00,-481712400000,,40000,40000,Y,,corrected-archive-csv
162860,Luleå-Kallax Flygplats,12,Sikt,"momentanvärde, 1 gång/tim",meter,1954-09-26T18:00:00Z,1954-09-26T19:00:00+01:00,-481701600000,,40000,40000,Y,,corrected-archive-csv
162860,Luleå-Kallax Flygplats,12,Sikt,"momentanvärde, 1 gång/tim",meter,1954-09-26T21:00:00Z,1954-09-26T22:00:00+01:00,-481690800000,,60000,60000,Y,,corrected-archive-csv
162860,Luleå-Kallax Flygplats,12,Sikt,"momentanvärde, 1 gång/tim",meter,1954-09-27T00:00:00Z,1954-09-27T01:00:00+01:00,-481680000000,,60000,60000,Y,,corrected-archive-csv
162860,Luleå-Kallax Flygplats,12,Sikt,"momentanvärde, 1 gång/tim",meter,1954-09-27T03:00:00Z,1954-09-27T04:00:00+01:00,-481669200000,,60000,60000,Y,,corrected-archive-csv
162860,Luleå-Kallax Flygplats,12,Sikt,"momentanvärde, 1 gång/tim",meter,1954-09-27T06:00:00Z,1954-09-27T07:00:00+01:00,-481658400000,,40000,40000,Y,,corrected-archive-csv
162860,Luleå-Kallax Flygplats,12,Sikt,"momentanvärde, 1 gång/tim",meter,1954-09-27T09:00:00Z,1954-09-27T10:00:00+01:00,-481647600000,,40000,40000,Y,,corrected-archive-csv
162860,Luleå-Kallax Flygplats,12,Sikt,"momentanvärde, 1 gång/tim",meter,1954-09-27T12:00:00Z,1954-09-27T13:00:00+01:00,-481636800000,,60000,60000,Y,,corrected-archive-csv
162860,Luleå-Kallax Flygplats,12,Sikt,"momentanvärde, 1 gång/tim",meter,1954-09-27T15:00:00Z,1954-09-27T16:00:00+01:00,-481626000000,,60000,60000,Y,,corrected-archive-csv
162860,Luleå-Kallax Flygplats,12,Sikt,"momentanvärde, 1 gång/tim",meter,1954-09-27T18:00:00Z,1954-09-27T19:00:00+01:00,-481615200000,,60000,60000,Y,,corrected-archive-csv
162860,Luleå-Kallax Flygplats,12,Sikt,"momentanvärde, 1 gång/tim",meter,1954-09-27T21:00:00Z,1954-09-27T22:00:00+01:00,-481604400000,,60000,60000,Y,,corrected-archive-csv
162860,Luleå-Kallax Flygplats,12,Sikt,"momentanvärde, 1 gång/tim",meter,1954-09-28T00:00:00Z,1954-09-28T01:00:00+01:00,-481593600000,,60000,60000,Y,,corrected-archive-csv
162860,Luleå-Kallax Flygplats,12,Sikt,"momentanvärde, 1 gång/tim",meter,1954-09-28T03:00:00Z,1954-09-28T04:00:00+01:00,-481582800000,,60000,60000,Y,,corrected-archive-csv
162860,Luleå-Kallax Flygplats,12,Sikt,"momentanvärde, 1 gång/tim",meter,1954-09-28T06:00:00Z,1954-09-28T07:00:00+01:00,-481572000000,,10000,10000,Y,,corrected-archive-csv
162860,Luleå-Kallax Flygplats,12,Sikt,"momentanvärde, 1 gång/tim",meter,1954-09-28T09:00:00Z,1954-09-28T10:00:00+01:00,-481561200000,,10000,10000,Y,,corrected-archive-csv
162860,Luleå-Kallax Flygplats,12,Sikt,"momentanvärde, 1 gång/tim",meter,1954-09-28T12:00:00Z,1954-09-28T13:00:00+01:00,-481550400000,,16000,16000,Y,,corrected-archive-csv
162860,Luleå-Kallax Flygplats,12,Sikt,"momentanvärde, 1 gång/tim",meter,1954-09-28T15:00:00Z,1954-09-28T16:00:00+01:00,-481539600000,,15000,15000,Y,,corrected-archive-csv
162860,Luleå-Kallax Flygplats,12,Sikt,"momentanvärde, 1 gång/tim",meter,1954-09-28T18:00:00Z,1954-09-28T19:00:00+01:00,-481528800000,,6000,6000,Y,,corrected-archive-csv
162860,Luleå-Kallax Flygplats,12,Sikt,"momentanvärde, 1 gång/tim",meter,1954-09-28T21:00:00Z,1954-09-28T22:00:00+01:00,-481518000000,,16000,16000,Y,,corrected-archive-csv
162860,Luleå-Kallax Flygplats,12,Sikt,"momentanvärde, 1 gång/tim",meter,1954-09-29T00:00:00Z,1954-09-29T01:00:00+01:00,-481507200000,,40000,40000,Y,,corrected-archive-csv
162860,Luleå-Kallax Flygplats,12,Sikt,"momentanvärde, 1 gång/tim",meter,1954-09-29T03:00:00Z,1954-09-29T04:00:00+01:00,-481496400000,,40000,40000,Y,,corrected-archive-csv
162860,Luleå-Kallax Flygplats,12,Sikt,"momentanvärde, 1 gång/tim",meter,1954-09-29T06:00:00Z,1954-09-29T07:00:00+01:00,-481485600000,,40000,40000,Y,,corrected-archive-csv
162860,Luleå-Kallax Flygplats,12,Sikt,"momentanvärde, 1 gång/tim",meter,1954-09-29T09:00:00Z,1954-09-29T10:00:00+01:00,-481474800000,,60000,60000,Y,,corrected-archive-csv
162860,Luleå-Kallax Flygplats,12,Sikt,"momentanvärde, 1 gång/tim",meter,1954-09-29T12:00:00Z,1954-09-29T13:00:00+01:00,-481464000000,,60000,60000,Y,,corrected-archive-csv
162860,Luleå-Kallax Flygplats,12,Sikt,"momentanvärde, 1 gång/tim",meter,1954-09-29T15:00:00Z,1954-09-29T16:00:00+01:00,-481453200000,,60000,60000,Y,,corrected-archive-csv
162860,Luleå-Kallax Flygplats,12,Sikt,"momentanvärde, 1 gång/tim",meter,1954-09-29T18:00:00Z,1954-09-29T19:00:00+01:00,-481442400000,,20000,20000,Y,,corrected-archive-csv
162860,Luleå-Kallax Flygplats,12,Sikt,"momentanvärde, 1 gång/tim",meter,1954-09-29T21:00:00Z,1954-09-29T22:00:00+01:00,-481431600000,,20000,20000,Y,,corrected-archive-csv
162860,Luleå-Kallax Flygplats,12,Sikt,"momentanvärde, 1 gång/tim",meter,1954-09-30T00:00:00Z,1954-09-30T01:00:00+01:00,-481420800000,,40000,40000,Y,,corrected-archive-csv
162860,Luleå-Kallax Flygplats,12,Sikt,"momentanvärde, 1 gång/tim",meter,1954-09-30T03:00:00Z,1954-09-30T04:00:00+01:00,-481410000000,,40000,40000,Y,,corrected-archive-csv
162860,Luleå-Kallax Flygplats,12,Sikt,"momentanvärde, 1 gång/tim",meter,1954-09-30T06:00:00Z,1954-09-30T07:00:00+01:00,-481399200000,,40000,40000,Y,,corrected-archive-csv
162860,Luleå-Kallax Flygplats,12,Sikt,"momentanvärde, 1 gång/tim",meter,1954-09-30T09:00:00Z,1954-09-30T10:00:00+01:00,-481388400000,,60000,60000,Y,,corrected-archive-csv
162860,Luleå-Kallax Flygplats,12,Sikt,"momentanvärde, 1 gång/tim",meter,1954-09-30T12:00:00Z,1954-09-30T13:00:00+01:00,-481377600000,,60000,60000,Y,,corrected-archive-csv
162860,Luleå-Kallax Flygplats,12,Sikt,"momentanvärde, 1 gång/tim",meter,1954-09-30T15:00:00Z,1954-09-30T16:00:00+01:00,-481366800000,,60000,60000,Y,,corrected-archive-csv
162860,Luleå-Kallax Flygplats,12,Sikt,"momentanvärde, 1 gång/tim",meter,1954-09-30T18:00:00Z,1954-09-30T19:00:00+01:00,-481356000000,,60000,60000,Y,,corrected-archive-csv
162860,Luleå-Kallax Flygplats,12,Sikt,"momentanvärde, 1 gång/tim",meter,1954-09-30T21:00:00Z,1954-09-30T22:00:00+01:00,-481345200000,,60000,60000,Y,,corrected-archive-csv
162860,Luleå-Kallax Flygplats,12,Sikt,"momentanvärde, 1 gång/tim",meter,1954-10-01T00:00:00Z,1954-10-01T01:00:00+01:00,-481334400000,,60000,60000,Y,,corrected-archive-csv
162860,Luleå-Kallax Flygplats,12,Sikt,"momentanvärde, 1 gång/tim",meter,1954-10-01T03:00:00Z,1954-10-01T04:00:00+01:00,-481323600000,,60000,60000,Y,,corrected-archive-csv
162860,Luleå-Kallax Flygplats,12,Sikt,"momentanvärde, 1 gång/tim",meter,1954-10-01T06:00:00Z,1954-10-01T07:00:00+01:00,-481312800000,,16000,16000,Y,,corrected-archive-csv
162860,Luleå-Kallax Flygplats,12,Sikt,"momentanvärde, 1 gång/tim",meter,1954-10-01T09:00:00Z,1954-10-01T10:00:00+01:00,-481302000000,,40000,40000,Y,,corrected-archive-csv
162860,Luleå-Kallax Flygplats,12,Sikt,"momentanvärde, 1 gång/tim",meter,1954-10-01T12:00:00Z,1954-10-01T13:00:00+01:00,-481291200000,,60000,60000,Y,,corrected-archive-csv
162860,Luleå-Kallax Flygplats,12,Sikt,"momentanvärde, 1 gång/tim",meter,1954-10-01T15:00:00Z,1954-10-01T16:00:00+01:00,-481280400000,,60000,60000,Y,,corrected-archive-csv
162860,Luleå-Kallax Flygplats,12,Sikt,"momentanvärde, 1 gång/tim",meter,1954-10-01T18:00:00Z,1954-10-01T19:00:00+01:00,-481269600000,,60000,60000,Y,,corrected-archive-csv
162860,Luleå-Kallax Flygplats,12,Sikt,"momentanvärde, 1 gång/tim",meter,1954-10-01T21:00:00Z,1954-10-01T22:00:00+01:00,-481258800000,,60000,60000,Y,,corrected-archive-csv
162860,Luleå-Kallax Flygplats,12,Sikt,"momentanvärde, 1 gång/tim",meter,1954-10-02T00:00:00Z,1954-10-02T01:00:00+01:00,-481248000000,,60000,60000,Y,,corrected-archive-csv
162860,Luleå-Kallax Flygplats,12,Sikt,"momentanvärde, 1 gång/tim",meter,1954-10-02T03:00:00Z,1954-10-02T04:00:00+01:00,-481237200000,,60000,60000,Y,,corrected-archive-csv
162860,Luleå-Kallax Flygplats,12,Sikt,"momentanvärde, 1 gång/tim",meter,1954-10-02T06:00:00Z,1954-10-02T07:00:00+01:00,-481226400000,,60000,60000,Y,,corrected-archive-csv
162860,Luleå-Kallax Flygplats,12,Sikt,"momentanvärde, 1 gång/tim",meter,1954-10-02T09:00:00Z,1954-10-02T10:00:00+01:00,-481215600000,,60000,60000,Y,,corrected-archive-csv
162860,Luleå-Kallax Flygplats,12,Sikt,"momentanvärde, 1 gång/tim",meter,1954-10-02T12:00:00Z,1954-10-02T13:00:00+01:00,-481204800000,,60000,60000,Y,,corrected-archive-csv
162860,Luleå-Kallax Flygplats,12,Sikt,"momentanvärde, 1 gång/tim",meter,1954-10-02T15:00:00Z,1954-10-02T16:00:00+01:00,-481194000000,,60000,60000,Y,,corrected-archive-csv
162860,Luleå-Kallax Flygplats,12,Sikt,"momentanvärde, 1 gång/tim",meter,1954-10-02T18:00:00Z,1954-10-02T19:00:00+01:00,-481183200000,,60000,60000,Y,,corrected-archive-csv
162860,Luleå-Kallax Flygplats,12,Sikt,"momentanvärde, 1 gång/tim",meter,1954-10-02T21:00:00Z,1954-10-02T22:00:00+01:00,-481172400000,,60000,60000,Y,,corrected-archive-csv
162860,Luleå-Kallax Flygplats,12,Sikt,"momentanvärde, 1 gång/tim",meter,1954-10-03T00:00:00Z,1954-10-03T01:00:00+01:00,-481161600000,,60000,60000,Y,,corrected-archive-csv
162860,Luleå-Kallax Flygplats,12,Sikt,"momentanvärde, 1 gång/tim",meter,1954-10-03T03:00:00Z,1954-10-03T04:00:00+01:00,-481150800000,,60000,60000,Y,,corrected-archive-csv
162860,Luleå-Kallax Flygplats,12,Sikt,"momentanvärde, 1 gång/tim",meter,1954-10-03T06:00:00Z,1954-10-03T07:00:00+01:00,-481140000000,,60000,60000,Y,,corrected-archive-csv
162860,Luleå-Kallax Flygplats,12,Sikt,"momentanvärde, 1 gång/tim",meter,1954-10-03T09:00:00Z,1954-10-03T10:00:00+01:00,-481129200000,,60000,60000,Y,,corrected-archive-csv
162860,Luleå-Kallax Flygplats,12,Sikt,"momentanvärde, 1 gång/tim",meter,1954-10-03T12:00:00Z,1954-10-03T13:00:00+01:00,-481118400000,,60000,60000,Y,,corrected-archive-csv
162860,Luleå-Kallax Flygplats,12,Sikt,"momentanvärde, 1 gång/tim",meter,1954-10-03T15:00:00Z,1954-10-03T16:00:00+01:00,-481107600000,,60000,60000,Y,,corrected-archive-csv
162860,Luleå-Kallax Flygplats,12,Sikt,"momentanvärde, 1 gång/tim",meter,1954-10-03T18:00:00Z,1954-10-03T19:00:00+01:00,-481096800000,,40000,40000,Y,,corrected-archive-csv
162860,Luleå-Kallax Flygplats,12,Sikt,"momentanvärde, 1 gång/tim",meter,1954-10-03T21:00:00Z,1954-10-03T22:00:00+01:00,-481086000000,,40000,40000,Y,,corrected-archive-csv
162860,Luleå-Kallax Flygplats,12,Sikt,"momentanvärde, 1 gång/tim",meter,1954-10-04T00:00:00Z,1954-10-04T01:00:00+01:00,-481075200000,,40000,40000,Y,,corrected-archive-csv
162860,Luleå-Kallax Flygplats,12,Sikt,"momentanvärde, 1 gång/tim",meter,1954-10-04T03:00:00Z,1954-10-04T04:00:00+01:00,-481064400000,,40000,40000,Y,,corrected-archive-csv
162860,Luleå-Kallax Flygplats,12,Sikt,"momentanvärde, 1 gång/tim",meter,1954-10-04T06:00:00Z,1954-10-04T07:00:00+01:00,-481053600000,,40000,40000,Y,,corrected-archive-csv
162860,Luleå-Kallax Flygplats,12,Sikt,"momentanvärde, 1 gång/tim",meter,1954-10-04T09:00:00Z,1954-10-04T10:00:00+01:00,-481042800000,,40000,40000,Y,,corrected-archive-csv
162860,Luleå-Kallax Flygplats,12,Sikt,"momentanvärde, 1 gång/tim",meter,1954-10-04T12:00:00Z,1954-10-04T13:00:00+01:00,-481032000000,,60000,60000,Y,,corrected-archive-csv
162860,Luleå-Kallax Flygplats,12,Sikt,"momentanvärde, 1 gång/tim",meter,1954-10-04T15:00:00Z,1954-10-04T16:00:00+01:00,-481021200000,,40000,40000,Y,,corrected-archive-csv
162860,Luleå-Kallax Flygplats,12,Sikt,"momentanvärde, 1 gång/tim",meter,1954-10-04T18:00:00Z,1954-10-04T19:00:00+01:00,-481010400000,,40000,40000,Y,,corrected-archive-csv
162860,Luleå-Kallax Flygplats,12,Sikt,"momentanvärde, 1 gång/tim",meter,1954-10-04T21:00:00Z,1954-10-04T22:00:00+01:00,-480999600000,,40000,40000,Y,,corrected-archive-csv
162860,Luleå-Kallax Flygplats,12,Sikt,"momentanvärde, 1 gång/tim",meter,1954-10-05T00:00:00Z,1954-10-05T01:00:00+01:00,-480988800000,,40000,40000,Y,,corrected-archive-csv
162860,Luleå-Kallax Flygplats,12,Sikt,"momentanvärde, 1 gång/tim",meter,1954-10-05T03:00:00Z,1954-10-05T04:00:00+01:00,-480978000000,,40000,40000,Y,,corrected-archive-csv
162860,Luleå-Kallax Flygplats,12,Sikt,"momentanvärde, 1 gång/tim",meter,1954-10-05T06:00:00Z,1954-10-05T07:00:00+01:00,-480967200000,,40000,40000,Y,,corrected-archive-csv
162860,Luleå-Kallax Flygplats,12,Sikt,"momentanvärde, 1 gång/tim",meter,1954-10-05T09:00:00Z,1954-10-05T10:00:00+01:00,-480956400000,,20000,20000,Y,,corrected-archive-csv
162860,Luleå-Kallax Flygplats,12,Sikt,"momentanvärde, 1 gång/tim",meter,1954-10-05T12:00:00Z,1954-10-05T13:00:00+01:00,-480945600000,,40000,40000,Y,,corrected-archive-csv
162860,Luleå-Kallax Flygplats,12,Sikt,"momentanvärde, 1 gång/tim",meter,1954-10-05T15:00:00Z,1954-10-05T16:00:00+01:00,-480934800000,,40000,40000,Y,,corrected-archive-csv
162860,Luleå-Kallax Flygplats,12,Sikt,"momentanvärde, 1 gång/tim",meter,1954-10-05T18:00:00Z,1954-10-05T19:00:00+01:00,-480924000000,,40000,40000,Y,,corrected-archive-csv
162860,Luleå-Kallax Flygplats,12,Sikt,"momentanvärde, 1 gång/tim",meter,1954-10-05T21:00:00Z,1954-10-05T22:00:00+01:00,-480913200000,,40000,40000,Y,,corrected-archive-csv
162860,Luleå-Kallax Flygplats,12,Sikt,"momentanvärde, 1 gång/tim",meter,1954-10-06T00:00:00Z,1954-10-06T01:00:00+01:00,-480902400000,,40000,40000,Y,,corrected-archive-csv
162860,Luleå-Kallax Flygplats,12,Sikt,"momentanvärde, 1 gång/tim",meter,1954-10-06T03:00:00Z,1954-10-06T04:00:00+01:00,-480891600000,,40000,40000,Y,,corrected-archive-csv
162860,Luleå-Kallax Flygplats,12,Sikt,"momentanvärde, 1 gång/tim",meter,1954-10-06T06:00:00Z,1954-10-06T07:00:00+01:00,-480880800000,,40000,40000,Y,,corrected-archive-csv
162860,Luleå-Kallax Flygplats,12,Sikt,"momentanvärde, 1 gång/tim",meter,1954-10-06T09:00:00Z,1954-10-06T10:00:00+01:00,-480870000000,,20000,20000,Y,,corrected-archive-csv
162860,Luleå-Kallax Flygplats,12,Sikt,"momentanvärde, 1 gång/tim",meter,1954-10-06T12:00:00Z,1954-10-06T13:00:00+01:00,-480859200000,,20000,20000,Y,,corrected-archive-csv
162860,Luleå-Kallax Flygplats,12,Sikt,"momentanvärde, 1 gång/tim",meter,1954-10-06T15:00:00Z,1954-10-06T16:00:00+01:00,-480848400000,,20000,20000,Y,,corrected-archive-csv
162860,Luleå-Kallax Flygplats,12,Sikt,"momentanvärde, 1 gång/tim",meter,1954-10-06T18:00:00Z,1954-10-06T19:00:00+01:00,-480837600000,,20000,20000,Y,,corrected-archive-csv
162860,Luleå-Kallax Flygplats,12,Sikt,"momentanvärde, 1 gång/tim",meter,1954-10-06T21:00:00Z,1954-10-06T22:00:00+01:00,-480826800000,,16000,16000,Y,,corrected-archive-csv
162860,Luleå-Kallax Flygplats,12,Sikt,"momentanvärde, 1 gång/tim",meter,1954-10-07T00:00:00Z,1954-10-07T01:00:00+01:00,-480816000000,,20000,20000,Y,,corrected-archive-csv
162860,Luleå-Kallax Flygplats,12,Sikt,"momentanvärde, 1 gång/tim",meter,1954-10-07T03:00:00Z,1954-10-07T04:00:00+01:00,-480805200000,,20000,20000,Y,,corrected-archive-csv
162860,Luleå-Kallax Flygplats,12,Sikt,"momentanvärde, 1 gång/tim",meter,1954-10-07T06:00:00Z,1954-10-07T07:00:00+01:00,-480794400000,,6000,6000,Y,,corrected-archive-csv
162860,Luleå-Kallax Flygplats,12,Sikt,"momentanvärde, 1 gång/tim",meter,1954-10-07T09:00:00Z,1954-10-07T10:00:00+01:00,-480783600000,,10000,10000,Y,,corrected-archive-csv
162860,Luleå-Kallax Flygplats,12,Sikt,"momentanvärde, 1 gång/tim",meter,1954-10-07T12:00:00Z,1954-10-07T13:00:00+01:00,-480772800000,,5000,5000,Y,,corrected-archive-csv
162860,Luleå-Kallax Flygplats,12,Sikt,"momentanvärde, 1 gång/tim",meter,1954-10-07T15:00:00Z,1954-10-07T16:00:00+01:00,-480762000000,,10000,10000,Y,,corrected-archive-csv
162860,Luleå-Kallax Flygplats,12,Sikt,"momentanvärde, 1 gång/tim",meter,1954-10-07T18:00:00Z,1954-10-07T19:00:00+01:00,-480751200000,,800,800,Y,,corrected-archive-csv
162860,Luleå-Kallax Flygplats,12,Sikt,"momentanvärde, 1 gång/tim",meter,1954-10-07T21:00:00Z,1954-10-07T22:00:00+01:00,-480740400000,,200,200,Y,,corrected-archive-csv
162860,Luleå-Kallax Flygplats,12,Sikt,"momentanvärde, 1 gång/tim",meter,1954-10-08T00:00:00Z,1954-10-08T01:00:00+01:00,-480729600000,,100,100,Y,,corrected-archive-csv
162860,Luleå-Kallax Flygplats,12,Sikt,"momentanvärde, 1 gång/tim",meter,1954-10-08T03:00:00Z,1954-10-08T04:00:00+01:00,-480718800000,,100,100,Y,,corrected-archive-csv
162860,Luleå-Kallax Flygplats,12,Sikt,"momentanvärde, 1 gång/tim",meter,1954-10-08T06:00:00Z,1954-10-08T07:00:00+01:00,-480708000000,,200,200,Y,,corrected-archive-csv
162860,Luleå-Kallax Flygplats,12,Sikt,"momentanvärde, 1 gång/tim",meter,1954-10-08T09:00:00Z,1954-10-08T10:00:00+01:00,-480697200000,,200,200,Y,,corrected-archive-csv
162860,Luleå-Kallax Flygplats,12,Sikt,"momentanvärde, 1 gång/tim",meter,1954-10-08T12:00:00Z,1954-10-08T13:00:00+01:00,-480686400000,,200,200,Y,,corrected-archive-csv
162860,Luleå-Kallax Flygplats,12,Sikt,"momentanvärde, 1 gång/tim",meter,1954-10-08T15:00:00Z,1954-10-08T16:00:00+01:00,-480675600000,,100,100,Y,,corrected-archive-csv
162860,Luleå-Kallax Flygplats,12,Sikt,"momentanvärde, 1 gång/tim",meter,1954-10-08T18:00:00Z,1954-10-08T19:00:00+01:00,-480664800000,,200,200,Y,,corrected-archive-csv
162860,Luleå-Kallax Flygplats,12,Sikt,"momentanvärde, 1 gång/tim",meter,1954-10-08T21:00:00Z,1954-10-08T22:00:00+01:00,-480654000000,,400,400,Y,,corrected-archive-csv
162860,Luleå-Kallax Flygplats,12,Sikt,"momentanvärde, 1 gång/tim",meter,1954-10-09T00:00:00Z,1954-10-09T01:00:00+01:00,-480643200000,,4000,4000,Y,,corrected-archive-csv
162860,Luleå-Kallax Flygplats,12,Sikt,"momentanvärde, 1 gång/tim",meter,1954-10-09T03:00:00Z,1954-10-09T04:00:00+01:00,-480632400000,,10000,10000,Y,,corrected-archive-csv
162860,Luleå-Kallax Flygplats,12,Sikt,"momentanvärde, 1 gång/tim",meter,1954-10-09T06:00:00Z,1954-10-09T07:00:00+01:00,-480621600000,,12000,12000,Y,,corrected-archive-csv
162860,Luleå-Kallax Flygplats,12,Sikt,"momentanvärde, 1 gång/tim",meter,1954-10-09T09:00:00Z,1954-10-09T10:00:00+01:00,-480610800000,,20000,20000,Y,,corrected-archive-csv
162860,Luleå-Kallax Flygplats,12,Sikt,"momentanvärde, 1 gång/tim",meter,1954-10-09T12:00:00Z,1954-10-09T13:00:00+01:00,-480600000000,,20000,20000,Y,,corrected-archive-csv
162860,Luleå-Kallax Flygplats,12,Sikt,"momentanvärde, 1 gång/tim",meter,1954-10-09T15:00:00Z,1954-10-09T16:00:00+01:00,-480589200000,,20000,20000,Y,,corrected-archive-csv
162860,Luleå-Kallax Flygplats,12,Sikt,"momentanvärde, 1 gång/tim",meter,1954-10-09T18:00:00Z,1954-10-09T19:00:00+01:00,-480578400000,,20000,20000,Y,,corrected-archive-csv
162860,Luleå-Kallax Flygplats,12,Sikt,"momentanvärde, 1 gång/tim",meter,1954-10-09T21:00:00Z,1954-10-09T22:00:00+01:00,-480567600000,,20000,20000,Y,,corrected-archive-csv
162860,Luleå-Kallax Flygplats,12,Sikt,"momentanvärde, 1 gång/tim",meter,1954-10-10T00:00:00Z,1954-10-10T01:00:00+01:00,-480556800000,,40000,40000,Y,,corrected-archive-csv
162860,Luleå-Kallax Flygplats,12,Sikt,"momentanvärde, 1 gång/tim",meter,1954-10-10T03:00:00Z,1954-10-10T04:00:00+01:00,-480546000000,,40000,40000,Y,,corrected-archive-csv
162860,Luleå-Kallax Flygplats,12,Sikt,"momentanvärde, 1 gång/tim",meter,1954-10-10T06:00:00Z,1954-10-10T07:00:00+01:00,-480535200000,,20000,20000,Y,,corrected-archive-csv
162860,Luleå-Kallax Flygplats,12,Sikt,"momentanvärde, 1 gång/tim",meter,1954-10-10T09:00:00Z,1954-10-10T10:00:00+01:00,-480524400000,,60000,60000,Y,,corrected-archive-csv
162860,Luleå-Kallax Flygplats,12,Sikt,"momentanvärde, 1 gång/tim",meter,1954-10-10T12:00:00Z,1954-10-10T13:00:00+01:00,-480513600000,,60000,60000,Y,,corrected-archive-csv
162860,Luleå-Kallax Flygplats,12,Sikt,"momentanvärde, 1 gång/tim",meter,1954-10-10T15:00:00Z,1954-10-10T16:00:00+01:00,-480502800000,,60000,60000,Y,,corrected-archive-csv
162860,Luleå-Kallax Flygplats,12,Sikt,"momentanvärde, 1 gång/tim",meter,1954-10-10T18:00:00Z,1954-10-10T19:00:00+01:00,-480492000000,,60000,60000,Y,,corrected-archive-csv
162860,Luleå-Kallax Flygplats,12,Sikt,"momentanvärde, 1 gång/tim",meter,1954-10-10T21:00:00Z,1954-10-10T22:00:00+01:00,-480481200000,,60000,60000,Y,,corrected-archive-csv
162860,Luleå-Kallax Flygplats,12,Sikt,"momentanvärde, 1 gång/tim",meter,1954-10-11T00:00:00Z,1954-10-11T01:00:00+01:00,-480470400000,,60000,60000,Y,,corrected-archive-csv
162860,Luleå-Kallax Flygplats,12,Sikt,"momentanvärde, 1 gång/tim",meter,1954-10-11T03:00:00Z,1954-10-11T04:00:00+01:00,-480459600000,,60000,60000,Y,,corrected-archive-csv
162860,Luleå-Kallax Flygplats,12,Sikt,"momentanvärde, 1 gång/tim",meter,1954-10-11T06:00:00Z,1954-10-11T07:00:00+01:00,-480448800000,,60000,60000,Y,,corrected-archive-csv
162860,Luleå-Kallax Flygplats,12,Sikt,"momentanvärde, 1 gång/tim",meter,1954-10-11T09:00:00Z,1954-10-11T10:00:00+01:00,-480438000000,,60000,60000,Y,,corrected-archive-csv
162860,Luleå-Kallax Flygplats,12,Sikt,"momentanvärde, 1 gång/tim",meter,1954-10-11T12:00:00Z,1954-10-11T13:00:00+01:00,-480427200000,,60000,60000,Y,,corrected-archive-csv
162860,Luleå-Kallax Flygplats,12,Sikt,"momentanvärde, 1 gång/tim",meter,1954-10-11T15:00:00Z,1954-10-11T16:00:00+01:00,-480416400000,,40000,40000,Y,,corrected-archive-csv
162860,Luleå-Kallax Flygplats,12,Sikt,"momentanvärde, 1 gång/tim",meter,1954-10-11T18:00:00Z,1954-10-11T19:00:00+01:00,-480405600000,,40000,40000,Y,,corrected-archive-csv
162860,Luleå-Kallax Flygplats,12,Sikt,"momentanvärde, 1 gång/tim",meter,1954-10-11T21:00:00Z,1954-10-11T22:00:00+01:00,-480394800000,,60000,60000,Y,,corrected-archive-csv
162860,Luleå-Kallax Flygplats,12,Sikt,"momentanvärde, 1 gång/tim",meter,1954-10-12T00:00:00Z,1954-10-12T01:00:00+01:00,-480384000000,,60000,60000,Y,,corrected-archive-csv
162860,Luleå-Kallax Flygplats,12,Sikt,"momentanvärde, 1 gång/tim",meter,1954-10-12T03:00:00Z,1954-10-12T04:00:00+01:00,-480373200000,,60000,60000,Y,,corrected-archive-csv
162860,Luleå-Kallax Flygplats,12,Sikt,"momentanvärde, 1 gång/tim",meter,1954-10-12T06:00:00Z,1954-10-12T07:00:00+01:00,-480362400000,,60000,60000,Y,,corrected-archive-csv
162860,Luleå-Kallax Flygplats,12,Sikt,"momentanvärde, 1 gång/tim",meter,1954-10-12T09:00:00Z,1954-10-12T10:00:00+01:00,-480351600000,,60000,60000,Y,,corrected-archive-csv
162860,Luleå-Kallax Flygplats,12,Sikt,"momentanvärde, 1 gång/tim",meter,1954-10-12T12:00:00Z,1954-10-12T13:00:00+01:00,-480340800000,,60000,60000,Y,,corrected-archive-csv
162860,Luleå-Kallax Flygplats,12,Sikt,"momentanvärde, 1 gång/tim",meter,1954-10-12T15:00:00Z,1954-10-12T16:00:00+01:00,-480330000000,,40000,40000,Y,,corrected-archive-csv
162860,Luleå-Kallax Flygplats,12,Sikt,"momentanvärde, 1 gång/tim",meter,1954-10-12T18:00:00Z,1954-10-12T19:00:00+01:00,-480319200000,,40000,40000,Y,,corrected-archive-csv
162860,Luleå-Kallax Flygplats,12,Sikt,"momentanvärde, 1 gång/tim",meter,1954-10-12T21:00:00Z,1954-10-12T22:00:00+01:00,-480308400000,,20000,20000,Y,,corrected-archive-csv
162860,Luleå-Kallax Flygplats,12,Sikt,"momentanvärde, 1 gång/tim",meter,1954-10-13T00:00:00Z,1954-10-13T01:00:00+01:00,-480297600000,,40000,40000,Y,,corrected-archive-csv
162860,Luleå-Kallax Flygplats,12,Sikt,"momentanvärde, 1 gång/tim",meter,1954-10-13T03:00:00Z,1954-10-13T04:00:00+01:00,-480286800000,,60000,60000,Y,,corrected-archive-csv
162860,Luleå-Kallax Flygplats,12,Sikt,"momentanvärde, 1 gång/tim",meter,1954-10-13T06:00:00Z,1954-10-13T07:00:00+01:00,-480276000000,,40000,40000,Y,,corrected-archive-csv
162860,Luleå-Kallax Flygplats,12,Sikt,"momentanvärde, 1 gång/tim",meter,1954-10-13T09:00:00Z,1954-10-13T10:00:00+01:00,-480265200000,,60000,60000,Y,,corrected-archive-csv
162860,Luleå-Kallax Flygplats,12,Sikt,"momentanvärde, 1 gång/tim",meter,1954-10-13T12:00:00Z,1954-10-13T13:00:00+01:00,-480254400000,,60000,60000,Y,,corrected-archive-csv
162860,Luleå-Kallax Flygplats,12,Sikt,"momentanvärde, 1 gång/tim",meter,1954-10-13T15:00:00Z,1954-10-13T16:00:00+01:00,-480243600000,,60000,60000,Y,,corrected-archive-csv
162860,Luleå-Kallax Flygplats,12,Sikt,"momentanvärde, 1 gång/tim",meter,1954-10-13T18:00:00Z,1954-10-13T19:00:00+01:00,-480232800000,,60000,60000,Y,,corrected-archive-csv
162860,Luleå-Kallax Flygplats,12,Sikt,"momentanvärde, 1 gång/tim",meter,1954-10-13T21:00:00Z,1954-10-13T22:00:00+01:00,-480222000000,,60000,60000,Y,,corrected-archive-csv
162860,Luleå-Kallax Flygplats,12,Sikt,"momentanvärde, 1 gång/tim",meter,1954-10-14T00:00:00Z,1954-10-14T01:00:00+01:00,-480211200000,,60000,60000,Y,,corrected-archive-csv
162860,Luleå-Kallax Flygplats,12,Sikt,"momentanvärde, 1 gång/tim",meter,1954-10-14T03:00:00Z,1954-10-14T04:00:00+01:00,-480200400000,,60000,60000,Y,,corrected-archive-csv
162860,Luleå-Kallax Flygplats,12,Sikt,"momentanvärde, 1 gång/tim",meter,1954-10-14T06:00:00Z,1954-10-14T07:00:00+01:00,-480189600000,,60000,60000,Y,,corrected-archive-csv
162860,Luleå-Kallax Flygplats,12,Sikt,"momentanvärde, 1 gång/tim",meter,1954-10-14T09:00:00Z,1954-10-14T10:00:00+01:00,-480178800000,,60000,60000,Y,,corrected-archive-csv
162860,Luleå-Kallax Flygplats,12,Sikt,"momentanvärde, 1 gång/tim",meter,1954-10-14T12:00:00Z,1954-10-14T13:00:00+01:00,-480168000000,,60000,60000,Y,,corrected-archive-csv
162860,Luleå-Kallax Flygplats,12,Sikt,"momentanvärde, 1 gång/tim",meter,1954-10-14T15:00:00Z,1954-10-14T16:00:00+01:00,-480157200000,,60000,60000,Y,,corrected-archive-csv
162860,Luleå-Kallax Flygplats,12,Sikt,"momentanvärde, 1 gång/tim",meter,1954-10-14T18:00:00Z,1954-10-14T19:00:00+01:00,-480146400000,,60000,60000,Y,,corrected-archive-csv
162860,Luleå-Kallax Flygplats,12,Sikt,"momentanvärde, 1 gång/tim",meter,1954-10-14T21:00:00Z,1954-10-14T22:00:00+01:00,-480135600000,,60000,60000,Y,,corrected-archive-csv
162860,Luleå-Kallax Flygplats,12,Sikt,"momentanvärde, 1 gång/tim",meter,1954-10-15T00:00:00Z,1954-10-15T01:00:00+01:00,-480124800000,,60000,60000,Y,,corrected-archive-csv
162860,Luleå-Kallax Flygplats,12,Sikt,"momentanvärde, 1 gång/tim",meter,1954-10-15T03:00:00Z,1954-10-15T04:00:00+01:00,-480114000000,,60000,60000,Y,,corrected-archive-csv
162860,Luleå-Kallax Flygplats,12,Sikt,"momentanvärde, 1 gång/tim",meter,1954-10-15T06:00:00Z,1954-10-15T07:00:00+01:00,-480103200000,,60000,60000,Y,,corrected-archive-csv
162860,Luleå-Kallax Flygplats,12,Sikt,"momentanvärde, 1 gång/tim",meter,1954-10-15T09:00:00Z,1954-10-15T10:00:00+01:00,-480092400000,,60000,60000,Y,,corrected-archive-csv
162860,Luleå-Kallax Flygplats,12,Sikt,"momentanvärde, 1 gång/tim",meter,1954-10-15T12:00:00Z,1954-10-15T13:00:00+01:00,-480081600000,,60000,60000,Y,,corrected-archive-csv
162860,Luleå-Kallax Flygplats,12,Sikt,"momentanvärde, 1 gång/tim",meter,1954-10-15T15:00:00Z,1954-10-15T16:00:00+01:00,-480070800000,,60000,60000,Y,,corrected-archive-csv
162860,Luleå-Kallax Flygplats,12,Sikt,"momentanvärde, 1 gång/tim",meter,1954-10-15T18:00:00Z,1954-10-15T19:00:00+01:00,-480060000000,,60000,60000,Y,,corrected-archive-csv
162860,Luleå-Kallax Flygplats,12,Sikt,"momentanvärde, 1 gång/tim",meter,1954-10-15T21:00:00Z,1954-10-15T22:00:00+01:00,-480049200000,,60000,60000,Y,,corrected-archive-csv
162860,Luleå-Kallax Flygplats,12,Sikt,"momentanvärde, 1 gång/tim",meter,1954-10-16T00:00:00Z,1954-10-16T01:00:00+01:00,-480038400000,,60000,60000,Y,,corrected-archive-csv
162860,Luleå-Kallax Flygplats,12,Sikt,"momentanvärde, 1 gång/tim",meter,1954-10-16T03:00:00Z,1954-10-16T04:00:00+01:00,-480027600000,,60000,60000,Y,,corrected-archive-csv
162860,Luleå-Kallax Flygplats,12,Sikt,"momentanvärde, 1 gång/tim",meter,1954-10-16T06:00:00Z,1954-10-16T07:00:00+01:00,-480016800000,,60000,60000,Y,,corrected-archive-csv
162860,Luleå-Kallax Flygplats,12,Sikt,"momentanvärde, 1 gång/tim",meter,1954-10-16T09:00:00Z,1954-10-16T10:00:00+01:00,-480006000000,,60000,60000,Y,,corrected-archive-csv
162860,Luleå-Kallax Flygplats,12,Sikt,"momentanvärde, 1 gång/tim",meter,1954-10-16T12:00:00Z,1954-10-16T13:00:00+01:00,-479995200000,,60000,60000,Y,,corrected-archive-csv
162860,Luleå-Kallax Flygplats,12,Sikt,"momentanvärde, 1 gång/tim",meter,1954-10-16T15:00:00Z,1954-10-16T16:00:00+01:00,-479984400000,,60000,60000,Y,,corrected-archive-csv
162860,Luleå-Kallax Flygplats,12,Sikt,"momentanvärde, 1 gång/tim",meter,1954-10-16T18:00:00Z,1954-10-16T19:00:00+01:00,-479973600000,,60000,60000,Y,,corrected-archive-csv
162860,Luleå-Kallax Flygplats,12,Sikt,"momentanvärde, 1 gång/tim",meter,1954-10-16T21:00:00Z,1954-10-16T22:00:00+01:00,-479962800000,,60000,60000,Y,,corrected-archive-csv
162860,Luleå-Kallax Flygplats,12,Sikt,"momentanvärde, 1 gång/tim",meter,1954-10-17T00:00:00Z,1954-10-17T01:00:00+01:00,-479952000000,,40000,40000,Y,,corrected-archive-csv
162860,Luleå-Kallax Flygplats,12,Sikt,"momentanvärde, 1 gång/tim",meter,1954-10-17T03:00:00Z,1954-10-17T04:00:00+01:00,-479941200000,,10000,10000,Y,,corrected-archive-csv
162860,Luleå-Kallax Flygplats,12,Sikt,"momentanvärde, 1 gång/tim",meter,1954-10-17T06:00:00Z,1954-10-17T07:00:00+01:00,-479930400000,,6000,6000,Y,,corrected-archive-csv
162860,Luleå-Kallax Flygplats,12,Sikt,"momentanvärde, 1 gång/tim",meter,1954-10-17T09:00:00Z,1954-10-17T10:00:00+01:00,-479919600000,,16000,16000,Y,,corrected-archive-csv
162860,Luleå-Kallax Flygplats,12,Sikt,"momentanvärde, 1 gång/tim",meter,1954-10-17T12:00:00Z,1954-10-17T13:00:00+01:00,-479908800000,,40000,40000,Y,,corrected-archive-csv
162860,Luleå-Kallax Flygplats,12,Sikt,"momentanvärde, 1 gång/tim",meter,1954-10-17T15:00:00Z,1954-10-17T16:00:00+01:00,-479898000000,,60000,60000,Y,,corrected-archive-csv
162860,Luleå-Kallax Flygplats,12,Sikt,"momentanvärde, 1 gång/tim",meter,1954-10-17T18:00:00Z,1954-10-17T19:00:00+01:00,-479887200000,,60000,60000,Y,,corrected-archive-csv
162860,Luleå-Kallax Flygplats,12,Sikt,"momentanvärde, 1 gång/tim",meter,1954-10-17T21:00:00Z,1954-10-17T22:00:00+01:00,-479876400000,,60000,60000,Y,,corrected-archive-csv
162860,Luleå-Kallax Flygplats,12,Sikt,"momentanvärde, 1 gång/tim",meter,1954-10-18T00:00:00Z,1954-10-18T01:00:00+01:00,-479865600000,,60000,60000,Y,,corrected-archive-csv
162860,Luleå-Kallax Flygplats,12,Sikt,"momentanvärde, 1 gång/tim",meter,1954-10-18T03:00:00Z,1954-10-18T04:00:00+01:00,-479854800000,,60000,60000,Y,,corrected-archive-csv
162860,Luleå-Kallax Flygplats,12,Sikt,"momentanvärde, 1 gång/tim",meter,1954-10-18T06:00:00Z,1954-10-18T07:00:00+01:00,-479844000000,,40000,40000,Y,,corrected-archive-csv
162860,Luleå-Kallax Flygplats,12,Sikt,"momentanvärde, 1 gång/tim",meter,1954-10-18T09:00:00Z,1954-10-18T10:00:00+01:00,-479833200000,,40000,40000,Y,,corrected-archive-csv
162860,Luleå-Kallax Flygplats,12,Sikt,"momentanvärde, 1 gång/tim",meter,1954-10-18T12:00:00Z,1954-10-18T13:00:00+01:00,-479822400000,,40000,40000,Y,,corrected-archive-csv
162860,Luleå-Kallax Flygplats,12,Sikt,"momentanvärde, 1 gång/tim",meter,1954-10-18T15:00:00Z,1954-10-18T16:00:00+01:00,-479811600000,,60000,60000,Y,,corrected-archive-csv
162860,Luleå-Kallax Flygplats,12,Sikt,"momentanvärde, 1 gång/tim",meter,1954-10-18T18:00:00Z,1954-10-18T19:00:00+01:00,-479800800000,,60000,60000,Y,,corrected-archive-csv
162860,Luleå-Kallax Flygplats,12,Sikt,"momentanvärde, 1 gång/tim",meter,1954-10-18T21:00:00Z,1954-10-18T22:00:00+01:00,-479790000000,,60000,60000,Y,,corrected-archive-csv
162860,Luleå-Kallax Flygplats,12,Sikt,"momentanvärde, 1 gång/tim",meter,1954-10-19T00:00:00Z,1954-10-19T01:00:00+01:00,-479779200000,,60000,60000,Y,,corrected-archive-csv
162860,Luleå-Kallax Flygplats,12,Sikt,"momentanvärde, 1 gång/tim",meter,1954-10-19T03:00:00Z,1954-10-19T04:00:00+01:00,-479768400000,,60000,60000,Y,,corrected-archive-csv
162860,Luleå-Kallax Flygplats,12,Sikt,"momentanvärde, 1 gång/tim",meter,1954-10-19T06:00:00Z,1954-10-19T07:00:00+01:00,-479757600000,,60000,60000,Y,,corrected-archive-csv
162860,Luleå-Kallax Flygplats,12,Sikt,"momentanvärde, 1 gång/tim",meter,1954-10-19T12:00:00Z,1954-10-19T13:00:00+01:00,-479736000000,,16000,16000,Y,,corrected-archive-csv
162860,Luleå-Kallax Flygplats,12,Sikt,"momentanvärde, 1 gång/tim",meter,1954-10-19T15:00:00Z,1954-10-19T16:00:00+01:00,-479725200000,,20000,20000,Y,,corrected-archive-csv
162860,Luleå-Kallax Flygplats,12,Sikt,"momentanvärde, 1 gång/tim",meter,1954-10-19T18:00:00Z,1954-10-19T19:00:00+01:00,-479714400000,,20000,20000,Y,,corrected-archive-csv
162860,Luleå-Kallax Flygplats,12,Sikt,"momentanvärde, 1 gång/tim",meter,1954-10-19T21:00:00Z,1954-10-19T22:00:00+01:00,-479703600000,,20000,20000,Y,,corrected-archive-csv
162860,Luleå-Kallax Flygplats,12,Sikt,"momentanvärde, 1 gång/tim",meter,1954-10-20T00:00:00Z,1954-10-20T01:00:00+01:00,-479692800000,,20000,20000,Y,,corrected-archive-csv
162860,Luleå-Kallax Flygplats,12,Sikt,"momentanvärde, 1 gång/tim",meter,1954-10-20T03:00:00Z,1954-10-20T04:00:00+01:00,-479682000000,,20000,20000,Y,,corrected-archive-csv
162860,Luleå-Kallax Flygplats,12,Sikt,"momentanvärde, 1 gång/tim",meter,1954-10-20T06:00:00Z,1954-10-20T07:00:00+01:00,-479671200000,,40000,40000,Y,,corrected-archive-csv
162860,Luleå-Kallax Flygplats,12,Sikt,"momentanvärde, 1 gång/tim",meter,1954-10-20T09:00:00Z,1954-10-20T10:00:00+01:00,-479660400000,,40000,40000,Y,,corrected-archive-csv
162860,Luleå-Kallax Flygplats,12,Sikt,"momentanvärde, 1 gång/tim",meter,1954-10-20T12:00:00Z,1954-10-20T13:00:00+01:00,-479649600000,,4000,4000,Y,,corrected-archive-csv
162860,Luleå-Kallax Flygplats,12,Sikt,"momentanvärde, 1 gång/tim",meter,1954-10-20T15:00:00Z,1954-10-20T16:00:00+01:00,-479638800000,,20000,20000,Y,,corrected-archive-csv
162860,Luleå-Kallax Flygplats,12,Sikt,"momentanvärde, 1 gång/tim",meter,1954-10-20T18:00:00Z,1954-10-20T19:00:00+01:00,-479628000000,,10000,10000,Y,,corrected-archive-csv
162860,Luleå-Kallax Flygplats,12,Sikt,"momentanvärde, 1 gång/tim",meter,1954-10-20T21:00:00Z,1954-10-20T22:00:00+01:00,-479617200000,,8000,8000,Y,,corrected-archive-csv
162860,Luleå-Kallax Flygplats,12,Sikt,"momentanvärde, 1 gång/tim",meter,1954-10-21T00:00:00Z,1954-10-21T01:00:00+01:00,-479606400000,,12000,12000,Y,,corrected-archive-csv
162860,Luleå-Kallax Flygplats,12,Sikt,"momentanvärde, 1 gång/tim",meter,1954-10-21T03:00:00Z,1954-10-21T04:00:00+01:00,-479595600000,,16000,16000,Y,,corrected-archive-csv
162860,Luleå-Kallax Flygplats,12,Sikt,"momentanvärde, 1 gång/tim",meter,1954-10-21T06:00:00Z,1954-10-21T07:00:00+01:00,-479584800000,,16000,16000,Y,,corrected-archive-csv
162860,Luleå-Kallax Flygplats,12,Sikt,"momentanvärde, 1 gång/tim",meter,1954-10-21T09:00:00Z,1954-10-21T10:00:00+01:00,-479574000000,,16000,16000,Y,,corrected-archive-csv
162860,Luleå-Kallax Flygplats,12,Sikt,"momentanvärde, 1 gång/tim",meter,1954-10-21T12:00:00Z,1954-10-21T13:00:00+01:00,-479563200000,,20000,20000,Y,,corrected-archive-csv
162860,Luleå-Kallax Flygplats,12,Sikt,"momentanvärde, 1 gång/tim",meter,1954-10-21T15:00:00Z,1954-10-21T16:00:00+01:00,-479552400000,,16000,16000,Y,,corrected-archive-csv
162860,Luleå-Kallax Flygplats,12,Sikt,"momentanvärde, 1 gång/tim",meter,1954-10-21T18:00:00Z,1954-10-21T19:00:00+01:00,-479541600000,,40000,40000,Y,,corrected-archive-csv
162860,Luleå-Kallax Flygplats,12,Sikt,"momentanvärde, 1 gång/tim",meter,1954-10-22T00:00:00Z,1954-10-22T01:00:00+01:00,-479520000000,,40000,40000,Y,,corrected-archive-csv
162860,Luleå-Kallax Flygplats,12,Sikt,"momentanvärde, 1 gång/tim",meter,1954-10-22T03:00:00Z,1954-10-22T04:00:00+01:00,-479509200000,,40000,40000,Y,,corrected-archive-csv
162860,Luleå-Kallax Flygplats,12,Sikt,"momentanvärde, 1 gång/tim",meter,1954-10-22T06:00:00Z,1954-10-22T07:00:00+01:00,-479498400000,,40000,40000,Y,,corrected-archive-csv
162860,Luleå-Kallax Flygplats,12,Sikt,"momentanvärde, 1 gång/tim",meter,1954-10-22T09:00:00Z,1954-10-22T10:00:00+01:00,-479487600000,,40000,40000,Y,,corrected-archive-csv
162860,Luleå-Kallax Flygplats,12,Sikt,"momentanvärde, 1 gång/tim",meter,1954-10-22T12:00:00Z,1954-10-22T13:00:00+01:00,-479476800000,,40000,40000,Y,,corrected-archive-csv
162860,Luleå-Kallax Flygplats,12,Sikt,"momentanvärde, 1 gång/tim",meter,1954-10-22T15:00:00Z,1954-10-22T16:00:00+01:00,-479466000000,,40000,40000,Y,,corrected-archive-csv
162860,Luleå-Kallax Flygplats,12,Sikt,"momentanvärde, 1 gång/tim",meter,1954-10-22T18:00:00Z,1954-10-22T19:00:00+01:00,-479455200000,,40000,40000,Y,,corrected-archive-csv
162860,Luleå-Kallax Flygplats,12,Sikt,"momentanvärde, 1 gång/tim",meter,1954-10-22T21:00:00Z,1954-10-22T22:00:00+01:00,-479444400000,,40000,40000,Y,,corrected-archive-csv
162860,Luleå-Kallax Flygplats,12,Sikt,"momentanvärde, 1 gång/tim",meter,1954-10-23T00:00:00Z,1954-10-23T01:00:00+01:00,-479433600000,,40000,40000,Y,,corrected-archive-csv
162860,Luleå-Kallax Flygplats,12,Sikt,"momentanvärde, 1 gång/tim",meter,1954-10-23T03:00:00Z,1954-10-23T04:00:00+01:00,-479422800000,,40000,40000,Y,,corrected-archive-csv
162860,Luleå-Kallax Flygplats,12,Sikt,"momentanvärde, 1 gång/tim",meter,1954-10-23T06:00:00Z,1954-10-23T07:00:00+01:00,-479412000000,,40000,40000,Y,,corrected-archive-csv
162860,Luleå-Kallax Flygplats,12,Sikt,"momentanvärde, 1 gång/tim",meter,1954-10-23T09:00:00Z,1954-10-23T10:00:00+01:00,-479401200000,,40000,40000,Y,,corrected-archive-csv
162860,Luleå-Kallax Flygplats,12,Sikt,"momentanvärde, 1 gång/tim",meter,1954-10-23T12:00:00Z,1954-10-23T13:00:00+01:00,-479390400000,,60000,60000,Y,,corrected-archive-csv
162860,Luleå-Kallax Flygplats,12,Sikt,"momentanvärde, 1 gång/tim",meter,1954-10-23T15:00:00Z,1954-10-23T16:00:00+01:00,-479379600000,,60000,60000,Y,,corrected-archive-csv
162860,Luleå-Kallax Flygplats,12,Sikt,"momentanvärde, 1 gång/tim",meter,1954-10-23T18:00:00Z,1954-10-23T19:00:00+01:00,-479368800000,,60000,60000,Y,,corrected-archive-csv
162860,Luleå-Kallax Flygplats,12,Sikt,"momentanvärde, 1 gång/tim",meter,1954-10-23T21:00:00Z,1954-10-23T22:00:00+01:00,-479358000000,,60000,60000,Y,,corrected-archive-csv
162860,Luleå-Kallax Flygplats,12,Sikt,"momentanvärde, 1 gång/tim",meter,1954-10-24T00:00:00Z,1954-10-24T01:00:00+01:00,-479347200000,,60000,60000,Y,,corrected-archive-csv
162860,Luleå-Kallax Flygplats,12,Sikt,"momentanvärde, 1 gång/tim",meter,1954-10-24T03:00:00Z,1954-10-24T04:00:00+01:00,-479336400000,,60000,60000,Y,,corrected-archive-csv
162860,Luleå-Kallax Flygplats,12,Sikt,"momentanvärde, 1 gång/tim",meter,1954-10-24T06:00:00Z,1954-10-24T07:00:00+01:00,-479325600000,,60000,60000,Y,,corrected-archive-csv
162860,Luleå-Kallax Flygplats,12,Sikt,"momentanvärde, 1 gång/tim",meter,1954-10-24T09:00:00Z,1954-10-24T10:00:00+01:00,-479314800000,,60000,60000,Y,,corrected-archive-csv
162860,Luleå-Kallax Flygplats,12,Sikt,"momentanvärde, 1 gång/tim",meter,1954-10-24T12:00:00Z,1954-10-24T13:00:00+01:00,-479304000000,,60000,60000,Y,,corrected-archive-csv
162860,Luleå-Kallax Flygplats,12,Sikt,"momentanvärde, 1 gång/tim",meter,1954-10-24T15:00:00Z,1954-10-24T16:00:00+01:00,-479293200000,,8000,8000,Y,,corrected-archive-csv
162860,Luleå-Kallax Flygplats,12,Sikt,"momentanvärde, 1 gång/tim",meter,1954-10-24T18:00:00Z,1954-10-24T19:00:00+01:00,-479282400000,,8000,8000,Y,,corrected-archive-csv
162860,Luleå-Kallax Flygplats,12,Sikt,"momentanvärde, 1 gång/tim",meter,1954-10-24T21:00:00Z,1954-10-24T22:00:00+01:00,-479271600000,,8000,8000,Y,,corrected-archive-csv
162860,Luleå-Kallax Flygplats,12,Sikt,"momentanvärde, 1 gång/tim",meter,1954-10-25T00:00:00Z,1954-10-25T01:00:00+01:00,-479260800000,,16000,16000,Y,,corrected-archive-csv
162860,Luleå-Kallax Flygplats,12,Sikt,"momentanvärde, 1 gång/tim",meter,1954-10-25T03:00:00Z,1954-10-25T04:00:00+01:00,-479250000000,,60000,60000,Y,,corrected-archive-csv
162860,Luleå-Kallax Flygplats,12,Sikt,"momentanvärde, 1 gång/tim",meter,1954-10-25T06:00:00Z,1954-10-25T07:00:00+01:00,-479239200000,,60000,60000,Y,,corrected-archive-csv
162860,Luleå-Kallax Flygplats,12,Sikt,"momentanvärde, 1 gång/tim",meter,1954-10-25T09:00:00Z,1954-10-25T10:00:00+01:00,-479228400000,,60000,60000,Y,,corrected-archive-csv
162860,Luleå-Kallax Flygplats,12,Sikt,"momentanvärde, 1 gång/tim",meter,1954-10-25T12:00:00Z,1954-10-25T13:00:00+01:00,-479217600000,,40000,40000,Y,,corrected-archive-csv
162860,Luleå-Kallax Flygplats,12,Sikt,"momentanvärde, 1 gång/tim",meter,1954-10-25T15:00:00Z,1954-10-25T16:00:00+01:00,-479206800000,,20000,20000,Y,,corrected-archive-csv
162860,Luleå-Kallax Flygplats,12,Sikt,"momentanvärde, 1 gång/tim",meter,1954-10-25T18:00:00Z,1954-10-25T19:00:00+01:00,-479196000000,,20000,20000,Y,,corrected-archive-csv
162860,Luleå-Kallax Flygplats,12,Sikt,"momentanvärde, 1 gång/tim",meter,1954-10-25T21:00:00Z,1954-10-25T22:00:00+01:00,-479185200000,,5000,5000,Y,,corrected-archive-csv
162860,Luleå-Kallax Flygplats,12,Sikt,"momentanvärde, 1 gång/tim",meter,1954-10-26T00:00:00Z,1954-10-26T01:00:00+01:00,-479174400000,,16000,16000,Y,,corrected-archive-csv
162860,Luleå-Kallax Flygplats,12,Sikt,"momentanvärde, 1 gång/tim",meter,1954-10-26T03:00:00Z,1954-10-26T04:00:00+01:00,-479163600000,,16000,16000,Y,,corrected-archive-csv
162860,Luleå-Kallax Flygplats,12,Sikt,"momentanvärde, 1 gång/tim",meter,1954-10-26T06:00:00Z,1954-10-26T07:00:00+01:00,-479152800000,,10000,10000,Y,,corrected-archive-csv
162860,Luleå-Kallax Flygplats,12,Sikt,"momentanvärde, 1 gång/tim",meter,1954-10-26T09:00:00Z,1954-10-26T10:00:00+01:00,-479142000000,,16000,16000,Y,,corrected-archive-csv
162860,Luleå-Kallax Flygplats,12,Sikt,"momentanvärde, 1 gång/tim",meter,1954-10-26T12:00:00Z,1954-10-26T13:00:00+01:00,-479131200000,,16000,16000,Y,,corrected-archive-csv
162860,Luleå-Kallax Flygplats,12,Sikt,"momentanvärde, 1 gång/tim",meter,1954-10-26T15:00:00Z,1954-10-26T16:00:00+01:00,-479120400000,,20000,20000,Y,,corrected-archive-csv
162860,Luleå-Kallax Flygplats,12,Sikt,"momentanvärde, 1 gång/tim",meter,1954-10-26T18:00:00Z,1954-10-26T19:00:00+01:00,-479109600000,,20000,20000,Y,,corrected-archive-csv
162860,Luleå-Kallax Flygplats,12,Sikt,"momentanvärde, 1 gång/tim",meter,1954-10-26T21:00:00Z,1954-10-26T22:00:00+01:00,-479098800000,,20000,20000,Y,,corrected-archive-csv
162860,Luleå-Kallax Flygplats,12,Sikt,"momentanvärde, 1 gång/tim",meter,1954-10-27T00:00:00Z,1954-10-27T01:00:00+01:00,-479088000000,,40000,40000,Y,,corrected-archive-csv
162860,Luleå-Kallax Flygplats,12,Sikt,"momentanvärde, 1 gång/tim",meter,1954-10-27T03:00:00Z,1954-10-27T04:00:00+01:00,-479077200000,,60000,60000,Y,,corrected-archive-csv
162860,Luleå-Kallax Flygplats,12,Sikt,"momentanvärde, 1 gång/tim",meter,1954-10-27T06:00:00Z,1954-10-27T07:00:00+01:00,-479066400000,,60000,60000,Y,,corrected-archive-csv
162860,Luleå-Kallax Flygplats,12,Sikt,"momentanvärde, 1 gång/tim",meter,1954-10-27T09:00:00Z,1954-10-27T10:00:00+01:00,-479055600000,,40000,40000,Y,,corrected-archive-csv
162860,Luleå-Kallax Flygplats,12,Sikt,"momentanvärde, 1 gång/tim",meter,1954-10-27T12:00:00Z,1954-10-27T13:00:00+01:00,-479044800000,,60000,60000,Y,,corrected-archive-csv
162860,Luleå-Kallax Flygplats,12,Sikt,"momentanvärde, 1 gång/tim",meter,1954-10-27T15:00:00Z,1954-10-27T16:00:00+01:00,-479034000000,,40000,40000,Y,,corrected-archive-csv
162860,Luleå-Kallax Flygplats,12,Sikt,"momentanvärde, 1 gång/tim",meter,1954-10-27T18:00:00Z,1954-10-27T19:00:00+01:00,-479023200000,,40000,40000,Y,,corrected-archive-csv
162860,Luleå-Kallax Flygplats,12,Sikt,"momentanvärde, 1 gång/tim",meter,1954-10-27T21:00:00Z,1954-10-27T22:00:00+01:00,-479012400000,,40000,40000,Y,,corrected-archive-csv
162860,Luleå-Kallax Flygplats,12,Sikt,"momentanvärde, 1 gång/tim",meter,1954-10-28T00:00:00Z,1954-10-28T01:00:00+01:00,-479001600000,,40000,40000,Y,,corrected-archive-csv
162860,Luleå-Kallax Flygplats,12,Sikt,"momentanvärde, 1 gång/tim",meter,1954-10-28T03:00:00Z,1954-10-28T04:00:00+01:00,-478990800000,,40000,40000,Y,,corrected-archive-csv
162860,Luleå-Kallax Flygplats,12,Sikt,"momentanvärde, 1 gång/tim",meter,1954-10-28T06:00:00Z,1954-10-28T07:00:00+01:00,-478980000000,,40000,40000,Y,,corrected-archive-csv
162860,Luleå-Kallax Flygplats,12,Sikt,"momentanvärde, 1 gång/tim",meter,1954-10-28T09:00:00Z,1954-10-28T10:00:00+01:00,-478969200000,,10000,10000,Y,,corrected-archive-csv
162860,Luleå-Kallax Flygplats,12,Sikt,"momentanvärde, 1 gång/tim",meter,1954-10-28T12:00:00Z,1954-10-28T13:00:00+01:00,-478958400000,,60000,60000,Y,,corrected-archive-csv
162860,Luleå-Kallax Flygplats,12,Sikt,"momentanvärde, 1 gång/tim",meter,1954-10-28T15:00:00Z,1954-10-28T16:00:00+01:00,-478947600000,,60000,60000,Y,,corrected-archive-csv
162860,Luleå-Kallax Flygplats,12,Sikt,"momentanvärde, 1 gång/tim",meter,1954-10-28T18:00:00Z,1954-10-28T19:00:00+01:00,-478936800000,,60000,60000,Y,,corrected-archive-csv
162860,Luleå-Kallax Flygplats,12,Sikt,"momentanvärde, 1 gång/tim",meter,1954-10-28T21:00:00Z,1954-10-28T22:00:00+01:00,-478926000000,,60000,60000,Y,,corrected-archive-csv
162860,Luleå-Kallax Flygplats,12,Sikt,"momentanvärde, 1 gång/tim",meter,1954-10-29T00:00:00Z,1954-10-29T01:00:00+01:00,-478915200000,,40000,40000,Y,,corrected-archive-csv
162860,Luleå-Kallax Flygplats,12,Sikt,"momentanvärde, 1 gång/tim",meter,1954-10-29T03:00:00Z,1954-10-29T04:00:00+01:00,-478904400000,,16000,16000,Y,,corrected-archive-csv
162860,Luleå-Kallax Flygplats,12,Sikt,"momentanvärde, 1 gång/tim",meter,1954-10-29T06:00:00Z,1954-10-29T07:00:00+01:00,-478893600000,,16000,16000,Y,,corrected-archive-csv
162860,Luleå-Kallax Flygplats,12,Sikt,"momentanvärde, 1 gång/tim",meter,1954-10-29T09:00:00Z,1954-10-29T10:00:00+01:00,-478882800000,,6000,6000,Y,,corrected-archive-csv
162860,Luleå-Kallax Flygplats,12,Sikt,"momentanvärde, 1 gång/tim",meter,1954-10-29T12:00:00Z,1954-10-29T13:00:00+01:00,-478872000000,,5000,5000,Y,,corrected-archive-csv
162860,Luleå-Kallax Flygplats,12,Sikt,"momentanvärde, 1 gång/tim",meter,1954-10-29T15:00:00Z,1954-10-29T16:00:00+01:00,-478861200000,,600,600,Y,,corrected-archive-csv
162860,Luleå-Kallax Flygplats,12,Sikt,"momentanvärde, 1 gång/tim",meter,1954-10-29T18:00:00Z,1954-10-29T19:00:00+01:00,-478850400000,,800,800,Y,,corrected-archive-csv
162860,Luleå-Kallax Flygplats,12,Sikt,"momentanvärde, 1 gång/tim",meter,1954-10-29T21:00:00Z,1954-10-29T22:00:00+01:00,-478839600000,,200,200,Y,,corrected-archive-csv
162860,Luleå-Kallax Flygplats,12,Sikt,"momentanvärde, 1 gång/tim",meter,1954-10-30T00:00:00Z,1954-10-30T01:00:00+01:00,-478828800000,,100,100,Y,,corrected-archive-csv
162860,Luleå-Kallax Flygplats,12,Sikt,"momentanvärde, 1 gång/tim",meter,1954-10-30T03:00:00Z,1954-10-30T04:00:00+01:00,-478818000000,,100,100,Y,,corrected-archive-csv
162860,Luleå-Kallax Flygplats,12,Sikt,"momentanvärde, 1 gång/tim",meter,1954-10-30T06:00:00Z,1954-10-30T07:00:00+01:00,-478807200000,,100,100,Y,,corrected-archive-csv
162860,Luleå-Kallax Flygplats,12,Sikt,"momentanvärde, 1 gång/tim",meter,1954-10-30T09:00:00Z,1954-10-30T10:00:00+01:00,-478796400000,,200,200,Y,,corrected-archive-csv
162860,Luleå-Kallax Flygplats,12,Sikt,"momentanvärde, 1 gång/tim",meter,1954-10-30T12:00:00Z,1954-10-30T13:00:00+01:00,-478785600000,,800,800,Y,,corrected-archive-csv
162860,Luleå-Kallax Flygplats,12,Sikt,"momentanvärde, 1 gång/tim",meter,1954-10-30T15:00:00Z,1954-10-30T16:00:00+01:00,-478774800000,,800,800,Y,,corrected-archive-csv
162860,Luleå-Kallax Flygplats,12,Sikt,"momentanvärde, 1 gång/tim",meter,1954-10-30T18:00:00Z,1954-10-30T19:00:00+01:00,-478764000000,,4000,4000,Y,,corrected-archive-csv
162860,Luleå-Kallax Flygplats,12,Sikt,"momentanvärde, 1 gång/tim",meter,1954-10-30T21:00:00Z,1954-10-30T22:00:00+01:00,-478753200000,,4000,4000,Y,,corrected-archive-csv
162860,Luleå-Kallax Flygplats,12,Sikt,"momentanvärde, 1 gång/tim",meter,1954-10-31T00:00:00Z,1954-10-31T01:00:00+01:00,-478742400000,,4000,4000,Y,,corrected-archive-csv
162860,Luleå-Kallax Flygplats,12,Sikt,"momentanvärde, 1 gång/tim",meter,1954-10-31T03:00:00Z,1954-10-31T04:00:00+01:00,-478731600000,,4000,4000,Y,,corrected-archive-csv
162860,Luleå-Kallax Flygplats,12,Sikt,"momentanvärde, 1 gång/tim",meter,1954-10-31T06:00:00Z,1954-10-31T07:00:00+01:00,-478720800000,,3000,3000,Y,,corrected-archive-csv
162860,Luleå-Kallax Flygplats,12,Sikt,"momentanvärde, 1 gång/tim",meter,1954-10-31T09:00:00Z,1954-10-31T10:00:00+01:00,-478710000000,,6000,6000,Y,,corrected-archive-csv
162860,Luleå-Kallax Flygplats,12,Sikt,"momentanvärde, 1 gång/tim",meter,1954-10-31T12:00:00Z,1954-10-31T13:00:00+01:00,-478699200000,,10000,10000,Y,,corrected-archive-csv
162860,Luleå-Kallax Flygplats,12,Sikt,"momentanvärde, 1 gång/tim",meter,1954-10-31T15:00:00Z,1954-10-31T16:00:00+01:00,-478688400000,,6000,6000,Y,,corrected-archive-csv
162860,Luleå-Kallax Flygplats,12,Sikt,"momentanvärde, 1 gång/tim",meter,1954-10-31T18:00:00Z,1954-10-31T19:00:00+01:00,-478677600000,,10000,10000,Y,,corrected-archive-csv
162860,Luleå-Kallax Flygplats,12,Sikt,"momentanvärde, 1 gång/tim",meter,1954-10-31T21:00:00Z,1954-10-31T22:00:00+01:00,-478666800000,,16000,16000,Y,,corrected-archive-csv
162860,Luleå-Kallax Flygplats,12,Sikt,"momentanvärde, 1 gång/tim",meter,1954-11-01T00:00:00Z,1954-11-01T01:00:00+01:00,-478656000000,,16000,16000,Y,,corrected-archive-csv
162860,Luleå-Kallax Flygplats,12,Sikt,"momentanvärde, 1 gång/tim",meter,1954-11-01T03:00:00Z,1954-11-01T04:00:00+01:00,-478645200000,,10000,10000,Y,,corrected-archive-csv
162860,Luleå-Kallax Flygplats,12,Sikt,"momentanvärde, 1 gång/tim",meter,1954-11-01T06:00:00Z,1954-11-01T07:00:00+01:00,-478634400000,,16000,16000,Y,,corrected-archive-csv
162860,Luleå-Kallax Flygplats,12,Sikt,"momentanvärde, 1 gång/tim",meter,1954-11-01T09:00:00Z,1954-11-01T10:00:00+01:00,-478623600000,,16000,16000,Y,,corrected-archive-csv
162860,Luleå-Kallax Flygplats,12,Sikt,"momentanvärde, 1 gång/tim",meter,1954-11-01T12:00:00Z,1954-11-01T13:00:00+01:00,-478612800000,,20000,20000,Y,,corrected-archive-csv
162860,Luleå-Kallax Flygplats,12,Sikt,"momentanvärde, 1 gång/tim",meter,1954-11-01T15:00:00Z,1954-11-01T16:00:00+01:00,-478602000000,,40000,40000,Y,,corrected-archive-csv
162860,Luleå-Kallax Flygplats,12,Sikt,"momentanvärde, 1 gång/tim",meter,1954-11-01T18:00:00Z,1954-11-01T19:00:00+01:00,-478591200000,,40000,40000,Y,,corrected-archive-csv
162860,Luleå-Kallax Flygplats,12,Sikt,"momentanvärde, 1 gång/tim",meter,1954-11-01T21:00:00Z,1954-11-01T22:00:00+01:00,-478580400000,,40000,40000,Y,,corrected-archive-csv
162860,Luleå-Kallax Flygplats,12,Sikt,"momentanvärde, 1 gång/tim",meter,1954-11-02T00:00:00Z,1954-11-02T01:00:00+01:00,-478569600000,,40000,40000,Y,,corrected-archive-csv
162860,Luleå-Kallax Flygplats,12,Sikt,"momentanvärde, 1 gång/tim",meter,1954-11-02T03:00:00Z,1954-11-02T04:00:00+01:00,-478558800000,,40000,40000,Y,,corrected-archive-csv
162860,Luleå-Kallax Flygplats,12,Sikt,"momentanvärde, 1 gång/tim",meter,1954-11-02T06:00:00Z,1954-11-02T07:00:00+01:00,-478548000000,,40000,40000,Y,,corrected-archive-csv
162860,Luleå-Kallax Flygplats,12,Sikt,"momentanvärde, 1 gång/tim",meter,1954-11-02T09:00:00Z,1954-11-02T10:00:00+01:00,-478537200000,,16000,16000,Y,,corrected-archive-csv
162860,Luleå-Kallax Flygplats,12,Sikt,"momentanvärde, 1 gång/tim",meter,1954-11-02T12:00:00Z,1954-11-02T13:00:00+01:00,-478526400000,,20000,20000,Y,,corrected-archive-csv
162860,Luleå-Kallax Flygplats,12,Sikt,"momentanvärde, 1 gång/tim",meter,1954-11-02T15:00:00Z,1954-11-02T16:00:00+01:00,-478515600000,,20000,20000,Y,,corrected-archive-csv
162860,Luleå-Kallax Flygplats,12,Sikt,"momentanvärde, 1 gång/tim",meter,1954-11-02T18:00:00Z,1954-11-02T19:00:00+01:00,-478504800000,,20000,20000,Y,,corrected-archive-csv
162860,Luleå-Kallax Flygplats,12,Sikt,"momentanvärde, 1 gång/tim",meter,1954-11-02T21:00:00Z,1954-11-02T22:00:00+01:00,-478494000000,,16000,16000,Y,,corrected-archive-csv
162860,Luleå-Kallax Flygplats,12,Sikt,"momentanvärde, 1 gång/tim",meter,1954-11-03T00:00:00Z,1954-11-03T01:00:00+01:00,-478483200000,,16000,16000,Y,,corrected-archive-csv
162860,Luleå-Kallax Flygplats,12,Sikt,"momentanvärde, 1 gång/tim",meter,1954-11-03T03:00:00Z,1954-11-03T04:00:00+01:00,-478472400000,,6000,6000,Y,,corrected-archive-csv
162860,Luleå-Kallax Flygplats,12,Sikt,"momentanvärde, 1 gång/tim",meter,1954-11-03T06:00:00Z,1954-11-03T07:00:00+01:00,-478461600000,,5000,5000,Y,,corrected-archive-csv
162860,Luleå-Kallax Flygplats,12,Sikt,"momentanvärde, 1 gång/tim",meter,1954-11-03T09:00:00Z,1954-11-03T10:00:00+01:00,-478450800000,,4000,4000,Y,,corrected-archive-csv
162860,Luleå-Kallax Flygplats,12,Sikt,"momentanvärde, 1 gång/tim",meter,1954-11-03T12:00:00Z,1954-11-03T13:00:00+01:00,-478440000000,,8000,8000,Y,,corrected-archive-csv
162860,Luleå-Kallax Flygplats,12,Sikt,"momentanvärde, 1 gång/tim",meter,1954-11-03T15:00:00Z,1954-11-03T16:00:00+01:00,-478429200000,,8000,8000,Y,,corrected-archive-csv
162860,Luleå-Kallax Flygplats,12,Sikt,"momentanvärde, 1 gång/tim",meter,1954-11-03T18:00:00Z,1954-11-03T19:00:00+01:00,-478418400000,,16000,16000,Y,,corrected-archive-csv
162860,Luleå-Kallax Flygplats,12,Sikt,"momentanvärde, 1 gång/tim",meter,1954-11-03T21:00:00Z,1954-11-03T22:00:00+01:00,-478407600000,,16000,16000,Y,,corrected-archive-csv
162860,Luleå-Kallax Flygplats,12,Sikt,"momentanvärde, 1 gång/tim",meter,1954-11-04T00:00:00Z,1954-11-04T01:00:00+01:00,-478396800000,,16000,16000,Y,,corrected-archive-csv
162860,Luleå-Kallax Flygplats,12,Sikt,"momentanvärde, 1 gång/tim",meter,1954-11-04T03:00:00Z,1954-11-04T04:00:00+01:00,-478386000000,,16000,16000,Y,,corrected-archive-csv
162860,Luleå-Kallax Flygplats,12,Sikt,"momentanvärde, 1 gång/tim",meter,1954-11-04T06:00:00Z,1954-11-04T07:00:00+01:00,-478375200000,,10000,10000,Y,,corrected-archive-csv
162860,Luleå-Kallax Flygplats,12,Sikt,"momentanvärde, 1 gång/tim",meter,1954-11-04T09:00:00Z,1954-11-04T10:00:00+01:00,-478364400000,,20000,20000,Y,,corrected-archive-csv
162860,Luleå-Kallax Flygplats,12,Sikt,"momentanvärde, 1 gång/tim",meter,1954-11-04T12:00:00Z,1954-11-04T13:00:00+01:00,-478353600000,,20000,20000,Y,,corrected-archive-csv
162860,Luleå-Kallax Flygplats,12,Sikt,"momentanvärde, 1 gång/tim",meter,1954-11-04T15:00:00Z,1954-11-04T16:00:00+01:00,-478342800000,,20000,20000,Y,,corrected-archive-csv
162860,Luleå-Kallax Flygplats,12,Sikt,"momentanvärde, 1 gång/tim",meter,1954-11-04T18:00:00Z,1954-11-04T19:00:00+01:00,-478332000000,,5000,5000,Y,,corrected-archive-csv
162860,Luleå-Kallax Flygplats,12,Sikt,"momentanvärde, 1 gång/tim",meter,1954-11-04T21:00:00Z,1954-11-04T22:00:00+01:00,-478321200000,,16000,16000,Y,,corrected-archive-csv
162860,Luleå-Kallax Flygplats,12,Sikt,"momentanvärde, 1 gång/tim",meter,1954-11-05T00:00:00Z,1954-11-05T01:00:00+01:00,-478310400000,,16000,16000,Y,,corrected-archive-csv
162860,Luleå-Kallax Flygplats,12,Sikt,"momentanvärde, 1 gång/tim",meter,1954-11-05T03:00:00Z,1954-11-05T04:00:00+01:00,-478299600000,,16000,16000,Y,,corrected-archive-csv
162860,Luleå-Kallax Flygplats,12,Sikt,"momentanvärde, 1 gång/tim",meter,1954-11-05T06:00:00Z,1954-11-05T07:00:00+01:00,-478288800000,,16000,16000,Y,,corrected-archive-csv
162860,Luleå-Kallax Flygplats,12,Sikt,"momentanvärde, 1 gång/tim",meter,1954-11-05T09:00:00Z,1954-11-05T10:00:00+01:00,-478278000000,,16000,16000,Y,,corrected-archive-csv
162860,Luleå-Kallax Flygplats,12,Sikt,"momentanvärde, 1 gång/tim",meter,1954-11-05T12:00:00Z,1954-11-05T13:00:00+01:00,-478267200000,,16000,16000,Y,,corrected-archive-csv
162860,Luleå-Kallax Flygplats,12,Sikt,"momentanvärde, 1 gång/tim",meter,1954-11-05T15:00:00Z,1954-11-05T16:00:00+01:00,-478256400000,,16000,16000,Y,,corrected-archive-csv
162860,Luleå-Kallax Flygplats,12,Sikt,"momentanvärde, 1 gång/tim",meter,1954-11-05T18:00:00Z,1954-11-05T19:00:00+01:00,-478245600000,,20000,20000,Y,,corrected-archive-csv
162860,Luleå-Kallax Flygplats,12,Sikt,"momentanvärde, 1 gång/tim",meter,1954-11-05T21:00:00Z,1954-11-05T22:00:00+01:00,-478234800000,,20000,20000,Y,,corrected-archive-csv
162860,Luleå-Kallax Flygplats,12,Sikt,"momentanvärde, 1 gång/tim",meter,1954-11-06T00:00:00Z,1954-11-06T01:00:00+01:00,-478224000000,,20000,20000,Y,,corrected-archive-csv
162860,Luleå-Kallax Flygplats,12,Sikt,"momentanvärde, 1 gång/tim",meter,1954-11-06T03:00:00Z,1954-11-06T04:00:00+01:00,-478213200000,,20000,20000,Y,,corrected-archive-csv
162860,Luleå-Kallax Flygplats,12,Sikt,"momentanvärde, 1 gång/tim",meter,1954-11-06T06:00:00Z,1954-11-06T07:00:00+01:00,-478202400000,,60000,60000,Y,,corrected-archive-csv
162860,Luleå-Kallax Flygplats,12,Sikt,"momentanvärde, 1 gång/tim",meter,1954-11-06T09:00:00Z,1954-11-06T10:00:00+01:00,-478191600000,,40000,40000,Y,,corrected-archive-csv
162860,Luleå-Kallax Flygplats,12,Sikt,"momentanvärde, 1 gång/tim",meter,1954-11-06T12:00:00Z,1954-11-06T13:00:00+01:00,-478180800000,,60000,60000,Y,,corrected-archive-csv
162860,Luleå-Kallax Flygplats,12,Sikt,"momentanvärde, 1 gång/tim",meter,1954-11-06T15:00:00Z,1954-11-06T16:00:00+01:00,-478170000000,,60000,60000,Y,,corrected-archive-csv
162860,Luleå-Kallax Flygplats,12,Sikt,"momentanvärde, 1 gång/tim",meter,1954-11-06T18:00:00Z,1954-11-06T19:00:00+01:00,-478159200000,,60000,60000,Y,,corrected-archive-csv
162860,Luleå-Kallax Flygplats,12,Sikt,"momentanvärde, 1 gång/tim",meter,1954-11-06T21:00:00Z,1954-11-06T22:00:00+01:00,-478148400000,,60000,60000,Y,,corrected-archive-csv
162860,Luleå-Kallax Flygplats,12,Sikt,"momentanvärde, 1 gång/tim",meter,1954-11-07T00:00:00Z,1954-11-07T01:00:00+01:00,-478137600000,,60000,60000,Y,,corrected-archive-csv
162860,Luleå-Kallax Flygplats,12,Sikt,"momentanvärde, 1 gång/tim",meter,1954-11-07T03:00:00Z,1954-11-07T04:00:00+01:00,-478126800000,,60000,60000,Y,,corrected-archive-csv
162860,Luleå-Kallax Flygplats,12,Sikt,"momentanvärde, 1 gång/tim",meter,1954-11-07T06:00:00Z,1954-11-07T07:00:00+01:00,-478116000000,,60000,60000,Y,,corrected-archive-csv
162860,Luleå-Kallax Flygplats,12,Sikt,"momentanvärde, 1 gång/tim",meter,1954-11-07T09:00:00Z,1954-11-07T10:00:00+01:00,-478105200000,,16000,16000,Y,,corrected-archive-csv
162860,Luleå-Kallax Flygplats,12,Sikt,"momentanvärde, 1 gång/tim",meter,1954-11-07T12:00:00Z,1954-11-07T13:00:00+01:00,-478094400000,,1200,1200,Y,,corrected-archive-csv
162860,Luleå-Kallax Flygplats,12,Sikt,"momentanvärde, 1 gång/tim",meter,1954-11-07T15:00:00Z,1954-11-07T16:00:00+01:00,-478083600000,,16000,16000,Y,,corrected-archive-csv
162860,Luleå-Kallax Flygplats,12,Sikt,"momentanvärde, 1 gång/tim",meter,1954-11-07T18:00:00Z,1954-11-07T19:00:00+01:00,-478072800000,,16000,16000,Y,,corrected-archive-csv
162860,Luleå-Kallax Flygplats,12,Sikt,"momentanvärde, 1 gång/tim",meter,1954-11-07T21:00:00Z,1954-11-07T22:00:00+01:00,-478062000000,,16000,16000,Y,,corrected-archive-csv
162860,Luleå-Kallax Flygplats,12,Sikt,"momentanvärde, 1 gång/tim",meter,1954-11-08T00:00:00Z,1954-11-08T01:00:00+01:00,-478051200000,,16000,16000,Y,,corrected-archive-csv
162860,Luleå-Kallax Flygplats,12,Sikt,"momentanvärde, 1 gång/tim",meter,1954-11-08T03:00:00Z,1954-11-08T04:00:00+01:00,-478040400000,,10000,10000,Y,,corrected-archive-csv
162860,Luleå-Kallax Flygplats,12,Sikt,"momentanvärde, 1 gång/tim",meter,1954-11-08T06:00:00Z,1954-11-08T07:00:00+01:00,-478029600000,,16000,16000,Y,,corrected-archive-csv
162860,Luleå-Kallax Flygplats,12,Sikt,"momentanvärde, 1 gång/tim",meter,1954-11-08T09:00:00Z,1954-11-08T10:00:00+01:00,-478018800000,,16000,16000,Y,,corrected-archive-csv
162860,Luleå-Kallax Flygplats,12,Sikt,"momentanvärde, 1 gång/tim",meter,1954-11-08T12:00:00Z,1954-11-08T13:00:00+01:00,-478008000000,,40000,40000,Y,,corrected-archive-csv
162860,Luleå-Kallax Flygplats,12,Sikt,"momentanvärde, 1 gång/tim",meter,1954-11-08T15:00:00Z,1954-11-08T16:00:00+01:00,-477997200000,,16000,16000,Y,,corrected-archive-csv
162860,Luleå-Kallax Flygplats,12,Sikt,"momentanvärde, 1 gång/tim",meter,1954-11-08T18:00:00Z,1954-11-08T19:00:00+01:00,-477986400000,,16000,16000,Y,,corrected-archive-csv
162860,Luleå-Kallax Flygplats,12,Sikt,"momentanvärde, 1 gång/tim",meter,1954-11-08T21:00:00Z,1954-11-08T22:00:00+01:00,-477975600000,,4000,4000,Y,,corrected-archive-csv
162860,Luleå-Kallax Flygplats,12,Sikt,"momentanvärde, 1 gång/tim",meter,1954-11-09T00:00:00Z,1954-11-09T01:00:00+01:00,-477964800000,,6000,6000,Y,,corrected-archive-csv
162860,Luleå-Kallax Flygplats,12,Sikt,"momentanvärde, 1 gång/tim",meter,1954-11-09T03:00:00Z,1954-11-09T04:00:00+01:00,-477954000000,,10000,10000,Y,,corrected-archive-csv
162860,Luleå-Kallax Flygplats,12,Sikt,"momentanvärde, 1 gång/tim",meter,1954-11-09T06:00:00Z,1954-11-09T07:00:00+01:00,-477943200000,,10000,10000,Y,,corrected-archive-csv
162860,Luleå-Kallax Flygplats,12,Sikt,"momentanvärde, 1 gång/tim",meter,1954-11-09T09:00:00Z,1954-11-09T10:00:00+01:00,-477932400000,,7000,7000,Y,,corrected-archive-csv
162860,Luleå-Kallax Flygplats,12,Sikt,"momentanvärde, 1 gång/tim",meter,1954-11-09T12:00:00Z,1954-11-09T13:00:00+01:00,-477921600000,,10000,10000,Y,,corrected-archive-csv
162860,Luleå-Kallax Flygplats,12,Sikt,"momentanvärde, 1 gång/tim",meter,1954-11-09T15:00:00Z,1954-11-09T16:00:00+01:00,-477910800000,,12000,12000,Y,,corrected-archive-csv
162860,Luleå-Kallax Flygplats,12,Sikt,"momentanvärde, 1 gång/tim",meter,1954-11-09T18:00:00Z,1954-11-09T19:00:00+01:00,-477900000000,,10000,10000,Y,,corrected-archive-csv
162860,Luleå-Kallax Flygplats,12,Sikt,"momentanvärde, 1 gång/tim",meter,1954-11-09T21:00:00Z,1954-11-09T22:00:00+01:00,-477889200000,,10000,10000,Y,,corrected-archive-csv
162860,Luleå-Kallax Flygplats,12,Sikt,"momentanvärde, 1 gång/tim",meter,1954-11-10T00:00:00Z,1954-11-10T01:00:00+01:00,-477878400000,,5000,5000,Y,,corrected-archive-csv
162860,Luleå-Kallax Flygplats,12,Sikt,"momentanvärde, 1 gång/tim",meter,1954-11-10T03:00:00Z,1954-11-10T04:00:00+01:00,-477867600000,,10000,10000,Y,,corrected-archive-csv
162860,Luleå-Kallax Flygplats,12,Sikt,"momentanvärde, 1 gång/tim",meter,1954-11-10T06:00:00Z,1954-11-10T07:00:00+01:00,-477856800000,,16000,16000,Y,,corrected-archive-csv
162860,Luleå-Kallax Flygplats,12,Sikt,"momentanvärde, 1 gång/tim",meter,1954-11-10T09:00:00Z,1954-11-10T10:00:00+01:00,-477846000000,,1000,1000,Y,,corrected-archive-csv
162860,Luleå-Kallax Flygplats,12,Sikt,"momentanvärde, 1 gång/tim",meter,1954-11-10T12:00:00Z,1954-11-10T13:00:00+01:00,-477835200000,,1200,1200,Y,,corrected-archive-csv
162860,Luleå-Kallax Flygplats,12,Sikt,"momentanvärde, 1 gång/tim",meter,1954-11-10T15:00:00Z,1954-11-10T16:00:00+01:00,-477824400000,,1400,1400,Y,,corrected-archive-csv
162860,Luleå-Kallax Flygplats,12,Sikt,"momentanvärde, 1 gång/tim",meter,1954-11-10T18:00:00Z,1954-11-10T19:00:00+01:00,-477813600000,,10000,10000,Y,,corrected-archive-csv
162860,Luleå-Kallax Flygplats,12,Sikt,"momentanvärde, 1 gång/tim",meter,1954-11-10T21:00:00Z,1954-11-10T22:00:00+01:00,-477802800000,,40000,40000,Y,,corrected-archive-csv
162860,Luleå-Kallax Flygplats,12,Sikt,"momentanvärde, 1 gång/tim",meter,1954-11-11T00:00:00Z,1954-11-11T01:00:00+01:00,-477792000000,,60000,60000,Y,,corrected-archive-csv
162860,Luleå-Kallax Flygplats,12,Sikt,"momentanvärde, 1 gång/tim",meter,1954-11-11T03:00:00Z,1954-11-11T04:00:00+01:00,-477781200000,,60000,60000,Y,,corrected-archive-csv
162860,Luleå-Kallax Flygplats,12,Sikt,"momentanvärde, 1 gång/tim",meter,1954-11-11T06:00:00Z,1954-11-11T07:00:00+01:00,-477770400000,,60000,60000,Y,,corrected-archive-csv
162860,Luleå-Kallax Flygplats,12,Sikt,"momentanvärde, 1 gång/tim",meter,1954-11-11T09:00:00Z,1954-11-11T10:00:00+01:00,-477759600000,,60000,60000,Y,,corrected-archive-csv
162860,Luleå-Kallax Flygplats,12,Sikt,"momentanvärde, 1 gång/tim",meter,1954-11-11T12:00:00Z,1954-11-11T13:00:00+01:00,-477748800000,,8000,8000,Y,,corrected-archive-csv
162860,Luleå-Kallax Flygplats,12,Sikt,"momentanvärde, 1 gång/tim",meter,1954-11-11T15:00:00Z,1954-11-11T16:00:00+01:00,-477738000000,,40000,40000,Y,,corrected-archive-csv
162860,Luleå-Kallax Flygplats,12,Sikt,"momentanvärde, 1 gång/tim",meter,1954-11-11T18:00:00Z,1954-11-11T19:00:00+01:00,-477727200000,,16000,16000,Y,,corrected-archive-csv
162860,Luleå-Kallax Flygplats,12,Sikt,"momentanvärde, 1 gång/tim",meter,1954-11-11T21:00:00Z,1954-11-11T22:00:00+01:00,-477716400000,,16000,16000,Y,,corrected-archive-csv
162860,Luleå-Kallax Flygplats,12,Sikt,"momentanvärde, 1 gång/tim",meter,1954-11-12T00:00:00Z,1954-11-12T01:00:00+01:00,-477705600000,,16000,16000,Y,,corrected-archive-csv
162860,Luleå-Kallax Flygplats,12,Sikt,"momentanvärde, 1 gång/tim",meter,1954-11-12T03:00:00Z,1954-11-12T04:00:00+01:00,-477694800000,,16000,16000,Y,,corrected-archive-csv
162860,Luleå-Kallax Flygplats,12,Sikt,"momentanvärde, 1 gång/tim",meter,1954-11-12T06:00:00Z,1954-11-12T07:00:00+01:00,-477684000000,,16000,16000,Y,,corrected-archive-csv
162860,Luleå-Kallax Flygplats,12,Sikt,"momentanvärde, 1 gång/tim",meter,1954-11-12T09:00:00Z,1954-11-12T10:00:00+01:00,-477673200000,,16000,16000,Y,,corrected-archive-csv
162860,Luleå-Kallax Flygplats,12,Sikt,"momentanvärde, 1 gång/tim",meter,1954-11-12T12:00:00Z,1954-11-12T13:00:00+01:00,-477662400000,,5000,5000,Y,,corrected-archive-csv
162860,Luleå-Kallax Flygplats,12,Sikt,"momentanvärde, 1 gång/tim",meter,1954-11-12T15:00:00Z,1954-11-12T16:00:00+01:00,-477651600000,,4000,4000,Y,,corrected-archive-csv
162860,Luleå-Kallax Flygplats,12,Sikt,"momentanvärde, 1 gång/tim",meter,1954-11-12T18:00:00Z,1954-11-12T19:00:00+01:00,-477640800000,,5000,5000,Y,,corrected-archive-csv
162860,Luleå-Kallax Flygplats,12,Sikt,"momentanvärde, 1 gång/tim",meter,1954-11-12T21:00:00Z,1954-11-12T22:00:00+01:00,-477630000000,,10000,10000,Y,,corrected-archive-csv
162860,Luleå-Kallax Flygplats,12,Sikt,"momentanvärde, 1 gång/tim",meter,1954-11-13T00:00:00Z,1954-11-13T01:00:00+01:00,-477619200000,,16000,16000,Y,,corrected-archive-csv
162860,Luleå-Kallax Flygplats,12,Sikt,"momentanvärde, 1 gång/tim",meter,1954-11-13T03:00:00Z,1954-11-13T04:00:00+01:00,-477608400000,,4000,4000,Y,,corrected-archive-csv
162860,Luleå-Kallax Flygplats,12,Sikt,"momentanvärde, 1 gång/tim",meter,1954-11-13T06:00:00Z,1954-11-13T07:00:00+01:00,-477597600000,,16000,16000,Y,,corrected-archive-csv
162860,Luleå-Kallax Flygplats,12,Sikt,"momentanvärde, 1 gång/tim",meter,1954-11-13T09:00:00Z,1954-11-13T10:00:00+01:00,-477586800000,,40000,40000,Y,,corrected-archive-csv
162860,Luleå-Kallax Flygplats,12,Sikt,"momentanvärde, 1 gång/tim",meter,1954-11-13T12:00:00Z,1954-11-13T13:00:00+01:00,-477576000000,,40000,40000,Y,,corrected-archive-csv
162860,Luleå-Kallax Flygplats,12,Sikt,"momentanvärde, 1 gång/tim",meter,1954-11-13T15:00:00Z,1954-11-13T16:00:00+01:00,-477565200000,,40000,40000,Y,,corrected-archive-csv
162860,Luleå-Kallax Flygplats,12,Sikt,"momentanvärde, 1 gång/tim",meter,1954-11-13T18:00:00Z,1954-11-13T19:00:00+01:00,-477554400000,,40000,40000,Y,,corrected-archive-csv
162860,Luleå-Kallax Flygplats,12,Sikt,"momentanvärde, 1 gång/tim",meter,1954-11-13T21:00:00Z,1954-11-13T22:00:00+01:00,-477543600000,,60000,60000,Y,,corrected-archive-csv
162860,Luleå-Kallax Flygplats,12,Sikt,"momentanvärde, 1 gång/tim",meter,1954-11-14T00:00:00Z,1954-11-14T01:00:00+01:00,-477532800000,,60000,60000,Y,,corrected-archive-csv
162860,Luleå-Kallax Flygplats,12,Sikt,"momentanvärde, 1 gång/tim",meter,1954-11-14T03:00:00Z,1954-11-14T04:00:00+01:00,-477522000000,,60000,60000,Y,,corrected-archive-csv
162860,Luleå-Kallax Flygplats,12,Sikt,"momentanvärde, 1 gång/tim",meter,1954-11-14T06:00:00Z,1954-11-14T07:00:00+01:00,-477511200000,,60000,60000,Y,,corrected-archive-csv
162860,Luleå-Kallax Flygplats,12,Sikt,"momentanvärde, 1 gång/tim",meter,1954-11-14T09:00:00Z,1954-11-14T10:00:00+01:00,-477500400000,,60000,60000,Y,,corrected-archive-csv
162860,Luleå-Kallax Flygplats,12,Sikt,"momentanvärde, 1 gång/tim",meter,1954-11-14T12:00:00Z,1954-11-14T13:00:00+01:00,-477489600000,,60000,60000,Y,,corrected-archive-csv
162860,Luleå-Kallax Flygplats,12,Sikt,"momentanvärde, 1 gång/tim",meter,1954-11-14T15:00:00Z,1954-11-14T16:00:00+01:00,-477478800000,,40000,40000,Y,,corrected-archive-csv
162860,Luleå-Kallax Flygplats,12,Sikt,"momentanvärde, 1 gång/tim",meter,1954-11-14T18:00:00Z,1954-11-14T19:00:00+01:00,-477468000000,,60000,60000,Y,,corrected-archive-csv
162860,Luleå-Kallax Flygplats,12,Sikt,"momentanvärde, 1 gång/tim",meter,1954-11-14T21:00:00Z,1954-11-14T22:00:00+01:00,-477457200000,,60000,60000,Y,,corrected-archive-csv
162860,Luleå-Kallax Flygplats,12,Sikt,"momentanvärde, 1 gång/tim",meter,1954-11-15T00:00:00Z,1954-11-15T01:00:00+01:00,-477446400000,,60000,60000,Y,,corrected-archive-csv
162860,Luleå-Kallax Flygplats,12,Sikt,"momentanvärde, 1 gång/tim",meter,1954-11-15T03:00:00Z,1954-11-15T04:00:00+01:00,-477435600000,,60000,60000,Y,,corrected-archive-csv
162860,Luleå-Kallax Flygplats,12,Sikt,"momentanvärde, 1 gång/tim",meter,1954-11-15T06:00:00Z,1954-11-15T07:00:00+01:00,-477424800000,,60000,60000,Y,,corrected-archive-csv
162860,Luleå-Kallax Flygplats,12,Sikt,"momentanvärde, 1 gång/tim",meter,1954-11-15T09:00:00Z,1954-11-15T10:00:00+01:00,-477414000000,,40000,40000,Y,,corrected-archive-csv
162860,Luleå-Kallax Flygplats,12,Sikt,"momentanvärde, 1 gång/tim",meter,1954-11-15T12:00:00Z,1954-11-15T13:00:00+01:00,-477403200000,,40000,40000,Y,,corrected-archive-csv
162860,Luleå-Kallax Flygplats,12,Sikt,"momentanvärde, 1 gång/tim",meter,1954-11-15T15:00:00Z,1954-11-15T16:00:00+01:00,-477392400000,,40000,40000,Y,,corrected-archive-csv
162860,Luleå-Kallax Flygplats,12,Sikt,"momentanvärde, 1 gång/tim",meter,1954-11-15T18:00:00Z,1954-11-15T19:00:00+01:00,-477381600000,,40000,40000,Y,,corrected-archive-csv
162860,Luleå-Kallax Flygplats,12,Sikt,"momentanvärde, 1 gång/tim",meter,1954-11-15T21:00:00Z,1954-11-15T22:00:00+01:00,-477370800000,,40000,40000,Y,,corrected-archive-csv
162860,Luleå-Kallax Flygplats,12,Sikt,"momentanvärde, 1 gång/tim",meter,1954-11-16T00:00:00Z,1954-11-16T01:00:00+01:00,-477360000000,,60000,60000,Y,,corrected-archive-csv
162860,Luleå-Kallax Flygplats,12,Sikt,"momentanvärde, 1 gång/tim",meter,1954-11-16T03:00:00Z,1954-11-16T04:00:00+01:00,-477349200000,,60000,60000,Y,,corrected-archive-csv
162860,Luleå-Kallax Flygplats,12,Sikt,"momentanvärde, 1 gång/tim",meter,1954-11-16T06:00:00Z,1954-11-16T07:00:00+01:00,-477338400000,,60000,60000,Y,,corrected-archive-csv
162860,Luleå-Kallax Flygplats,12,Sikt,"momentanvärde, 1 gång/tim",meter,1954-11-16T09:00:00Z,1954-11-16T10:00:00+01:00,-477327600000,,60000,60000,Y,,corrected-archive-csv
162860,Luleå-Kallax Flygplats,12,Sikt,"momentanvärde, 1 gång/tim",meter,1954-11-16T12:00:00Z,1954-11-16T13:00:00+01:00,-477316800000,,60000,60000,Y,,corrected-archive-csv
162860,Luleå-Kallax Flygplats,12,Sikt,"momentanvärde, 1 gång/tim",meter,1954-11-16T15:00:00Z,1954-11-16T16:00:00+01:00,-477306000000,,60000,60000,Y,,corrected-archive-csv
162860,Luleå-Kallax Flygplats,12,Sikt,"momentanvärde, 1 gång/tim",meter,1954-11-16T18:00:00Z,1954-11-16T19:00:00+01:00,-477295200000,,40000,40000,Y,,corrected-archive-csv
162860,Luleå-Kallax Flygplats,12,Sikt,"momentanvärde, 1 gång/tim",meter,1954-11-16T21:00:00Z,1954-11-16T22:00:00+01:00,-477284400000,,40000,40000,Y,,corrected-archive-csv
162860,Luleå-Kallax Flygplats,12,Sikt,"momentanvärde, 1 gång/tim",meter,1954-11-17T00:00:00Z,1954-11-17T01:00:00+01:00,-477273600000,,40000,40000,Y,,corrected-archive-csv
162860,Luleå-Kallax Flygplats,12,Sikt,"momentanvärde, 1 gång/tim",meter,1954-11-17T03:00:00Z,1954-11-17T04:00:00+01:00,-477262800000,,40000,40000,Y,,corrected-archive-csv
162860,Luleå-Kallax Flygplats,12,Sikt,"momentanvärde, 1 gång/tim",meter,1954-11-17T06:00:00Z,1954-11-17T07:00:00+01:00,-477252000000,,40000,40000,Y,,corrected-archive-csv
162860,Luleå-Kallax Flygplats,12,Sikt,"momentanvärde, 1 gång/tim",meter,1954-11-17T09:00:00Z,1954-11-17T10:00:00+01:00,-477241200000,,6000,6000,Y,,corrected-archive-csv
162860,Luleå-Kallax Flygplats,12,Sikt,"momentanvärde, 1 gång/tim",meter,1954-11-17T12:00:00Z,1954-11-17T13:00:00+01:00,-477230400000,,4000,4000,Y,,corrected-archive-csv
162860,Luleå-Kallax Flygplats,12,Sikt,"momentanvärde, 1 gång/tim",meter,1954-11-17T15:00:00Z,1954-11-17T16:00:00+01:00,-477219600000,,16000,16000,Y,,corrected-archive-csv
162860,Luleå-Kallax Flygplats,12,Sikt,"momentanvärde, 1 gång/tim",meter,1954-11-17T18:00:00Z,1954-11-17T19:00:00+01:00,-477208800000,,20000,20000,Y,,corrected-archive-csv
162860,Luleå-Kallax Flygplats,12,Sikt,"momentanvärde, 1 gång/tim",meter,1954-11-17T21:00:00Z,1954-11-17T22:00:00+01:00,-477198000000,,20000,20000,Y,,corrected-archive-csv
162860,Luleå-Kallax Flygplats,12,Sikt,"momentanvärde, 1 gång/tim",meter,1954-11-18T00:00:00Z,1954-11-18T01:00:00+01:00,-477187200000,,16000,16000,Y,,corrected-archive-csv
162860,Luleå-Kallax Flygplats,12,Sikt,"momentanvärde, 1 gång/tim",meter,1954-11-18T03:00:00Z,1954-11-18T04:00:00+01:00,-477176400000,,20000,20000,Y,,corrected-archive-csv
162860,Luleå-Kallax Flygplats,12,Sikt,"momentanvärde, 1 gång/tim",meter,1954-11-18T06:00:00Z,1954-11-18T07:00:00+01:00,-477165600000,,20000,20000,Y,,corrected-archive-csv
162860,Luleå-Kallax Flygplats,12,Sikt,"momentanvärde, 1 gång/tim",meter,1954-11-18T09:00:00Z,1954-11-18T10:00:00+01:00,-477154800000,,20000,20000,Y,,corrected-archive-csv
162860,Luleå-Kallax Flygplats,12,Sikt,"momentanvärde, 1 gång/tim",meter,1954-11-18T12:00:00Z,1954-11-18T13:00:00+01:00,-477144000000,,16000,16000,Y,,corrected-archive-csv
162860,Luleå-Kallax Flygplats,12,Sikt,"momentanvärde, 1 gång/tim",meter,1954-11-18T15:00:00Z,1954-11-18T16:00:00+01:00,-477133200000,,16000,16000,Y,,corrected-archive-csv
162860,Luleå-Kallax Flygplats,12,Sikt,"momentanvärde, 1 gång/tim",meter,1954-11-18T18:00:00Z,1954-11-18T19:00:00+01:00,-477122400000,,16000,16000,Y,,corrected-archive-csv
162860,Luleå-Kallax Flygplats,12,Sikt,"momentanvärde, 1 gång/tim",meter,1954-11-18T21:00:00Z,1954-11-18T22:00:00+01:00,-477111600000,,8000,8000,Y,,corrected-archive-csv
162860,Luleå-Kallax Flygplats,12,Sikt,"momentanvärde, 1 gång/tim",meter,1954-11-19T00:00:00Z,1954-11-19T01:00:00+01:00,-477100800000,,20000,20000,Y,,corrected-archive-csv
162860,Luleå-Kallax Flygplats,12,Sikt,"momentanvärde, 1 gång/tim",meter,1954-11-19T03:00:00Z,1954-11-19T04:00:00+01:00,-477090000000,,10000,10000,Y,,corrected-archive-csv
162860,Luleå-Kallax Flygplats,12,Sikt,"momentanvärde, 1 gång/tim",meter,1954-11-19T06:00:00Z,1954-11-19T07:00:00+01:00,-477079200000,,6000,6000,Y,,corrected-archive-csv
162860,Luleå-Kallax Flygplats,12,Sikt,"momentanvärde, 1 gång/tim",meter,1954-11-19T09:00:00Z,1954-11-19T10:00:00+01:00,-477068400000,,6000,6000,Y,,corrected-archive-csv
162860,Luleå-Kallax Flygplats,12,Sikt,"momentanvärde, 1 gång/tim",meter,1954-11-19T12:00:00Z,1954-11-19T13:00:00+01:00,-477057600000,,16000,16000,Y,,corrected-archive-csv
162860,Luleå-Kallax Flygplats,12,Sikt,"momentanvärde, 1 gång/tim",meter,1954-11-19T15:00:00Z,1954-11-19T16:00:00+01:00,-477046800000,,10000,10000,Y,,corrected-archive-csv
162860,Luleå-Kallax Flygplats,12,Sikt,"momentanvärde, 1 gång/tim",meter,1954-11-19T18:00:00Z,1954-11-19T19:00:00+01:00,-477036000000,,16000,16000,Y,,corrected-archive-csv
162860,Luleå-Kallax Flygplats,12,Sikt,"momentanvärde, 1 gång/tim",meter,1954-11-19T21:00:00Z,1954-11-19T22:00:00+01:00,-477025200000,,16000,16000,Y,,corrected-archive-csv
162860,Luleå-Kallax Flygplats,12,Sikt,"momentanvärde, 1 gång/tim",meter,1954-11-20T00:00:00Z,1954-11-20T01:00:00+01:00,-477014400000,,20000,20000,Y,,corrected-archive-csv
162860,Luleå-Kallax Flygplats,12,Sikt,"momentanvärde, 1 gång/tim",meter,1954-11-20T03:00:00Z,1954-11-20T04:00:00+01:00,-477003600000,,16000,16000,Y,,corrected-archive-csv
162860,Luleå-Kallax Flygplats,12,Sikt,"momentanvärde, 1 gång/tim",meter,1954-11-20T06:00:00Z,1954-11-20T07:00:00+01:00,-476992800000,,16000,16000,Y,,corrected-archive-csv
162860,Luleå-Kallax Flygplats,12,Sikt,"momentanvärde, 1 gång/tim",meter,1954-11-20T09:00:00Z,1954-11-20T10:00:00+01:00,-476982000000,,6000,6000,Y,,corrected-archive-csv
162860,Luleå-Kallax Flygplats,12,Sikt,"momentanvärde, 1 gång/tim",meter,1954-11-20T12:00:00Z,1954-11-20T13:00:00+01:00,-476971200000,,6000,6000,Y,,corrected-archive-csv
162860,Luleå-Kallax Flygplats,12,Sikt,"momentanvärde, 1 gång/tim",meter,1954-11-20T15:00:00Z,1954-11-20T16:00:00+01:00,-476960400000,,16000,16000,Y,,corrected-archive-csv
162860,Luleå-Kallax Flygplats,12,Sikt,"momentanvärde, 1 gång/tim",meter,1954-11-20T18:00:00Z,1954-11-20T19:00:00+01:00,-476949600000,,16000,16000,Y,,corrected-archive-csv
162860,Luleå-Kallax Flygplats,12,Sikt,"momentanvärde, 1 gång/tim",meter,1954-11-20T21:00:00Z,1954-11-20T22:00:00+01:00,-476938800000,,16000,16000,Y,,corrected-archive-csv
162860,Luleå-Kallax Flygplats,12,Sikt,"momentanvärde, 1 gång/tim",meter,1954-11-21T00:00:00Z,1954-11-21T01:00:00+01:00,-476928000000,,16000,16000,Y,,corrected-archive-csv
162860,Luleå-Kallax Flygplats,12,Sikt,"momentanvärde, 1 gång/tim",meter,1954-11-21T03:00:00Z,1954-11-21T04:00:00+01:00,-476917200000,,16000,16000,Y,,corrected-archive-csv
162860,Luleå-Kallax Flygplats,12,Sikt,"momentanvärde, 1 gång/tim",meter,1954-11-21T06:00:00Z,1954-11-21T07:00:00+01:00,-476906400000,,16000,16000,Y,,corrected-archive-csv
162860,Luleå-Kallax Flygplats,12,Sikt,"momentanvärde, 1 gång/tim",meter,1954-11-21T09:00:00Z,1954-11-21T10:00:00+01:00,-476895600000,,6000,6000,Y,,corrected-archive-csv
162860,Luleå-Kallax Flygplats,12,Sikt,"momentanvärde, 1 gång/tim",meter,1954-11-21T12:00:00Z,1954-11-21T13:00:00+01:00,-476884800000,,8000,8000,Y,,corrected-archive-csv
162860,Luleå-Kallax Flygplats,12,Sikt,"momentanvärde, 1 gång/tim",meter,1954-11-21T15:00:00Z,1954-11-21T16:00:00+01:00,-476874000000,,1000,1000,Y,,corrected-archive-csv
162860,Luleå-Kallax Flygplats,12,Sikt,"momentanvärde, 1 gång/tim",meter,1954-11-21T18:00:00Z,1954-11-21T19:00:00+01:00,-476863200000,,10000,10000,Y,,corrected-archive-csv
162860,Luleå-Kallax Flygplats,12,Sikt,"momentanvärde, 1 gång/tim",meter,1954-11-21T21:00:00Z,1954-11-21T22:00:00+01:00,-476852400000,,4000,4000,Y,,corrected-archive-csv
162860,Luleå-Kallax Flygplats,12,Sikt,"momentanvärde, 1 gång/tim",meter,1954-11-22T00:00:00Z,1954-11-22T01:00:00+01:00,-476841600000,,4000,4000,Y,,corrected-archive-csv
162860,Luleå-Kallax Flygplats,12,Sikt,"momentanvärde, 1 gång/tim",meter,1954-11-22T03:00:00Z,1954-11-22T04:00:00+01:00,-476830800000,,10000,10000,Y,,corrected-archive-csv
162860,Luleå-Kallax Flygplats,12,Sikt,"momentanvärde, 1 gång/tim",meter,1954-11-22T06:00:00Z,1954-11-22T07:00:00+01:00,-476820000000,,5000,5000,Y,,corrected-archive-csv
162860,Luleå-Kallax Flygplats,12,Sikt,"momentanvärde, 1 gång/tim",meter,1954-11-22T09:00:00Z,1954-11-22T10:00:00+01:00,-476809200000,,10000,10000,Y,,corrected-archive-csv
162860,Luleå-Kallax Flygplats,12,Sikt,"momentanvärde, 1 gång/tim",meter,1954-11-22T12:00:00Z,1954-11-22T13:00:00+01:00,-476798400000,,1000,1000,Y,,corrected-archive-csv
162860,Luleå-Kallax Flygplats,12,Sikt,"momentanvärde, 1 gång/tim",meter,1954-11-22T15:00:00Z,1954-11-22T16:00:00+01:00,-476787600000,,3000,3000,Y,,corrected-archive-csv
162860,Luleå-Kallax Flygplats,12,Sikt,"momentanvärde, 1 gång/tim",meter,1954-11-22T18:00:00Z,1954-11-22T19:00:00+01:00,-476776800000,,10000,10000,Y,,corrected-archive-csv
162860,Luleå-Kallax Flygplats,12,Sikt,"momentanvärde, 1 gång/tim",meter,1954-11-22T21:00:00Z,1954-11-22T22:00:00+01:00,-476766000000,,5000,5000,Y,,corrected-archive-csv
162860,Luleå-Kallax Flygplats,12,Sikt,"momentanvärde, 1 gång/tim",meter,1954-11-23T00:00:00Z,1954-11-23T01:00:00+01:00,-476755200000,,16000,16000,Y,,corrected-archive-csv
162860,Luleå-Kallax Flygplats,12,Sikt,"momentanvärde, 1 gång/tim",meter,1954-11-23T03:00:00Z,1954-11-23T04:00:00+01:00,-476744400000,,2000,2000,Y,,corrected-archive-csv
162860,Luleå-Kallax Flygplats,12,Sikt,"momentanvärde, 1 gång/tim",meter,1954-11-23T06:00:00Z,1954-11-23T07:00:00+01:00,-476733600000,,16000,16000,Y,,corrected-archive-csv
162860,Luleå-Kallax Flygplats,12,Sikt,"momentanvärde, 1 gång/tim",meter,1954-11-23T09:00:00Z,1954-11-23T10:00:00+01:00,-476722800000,,40000,40000,Y,,corrected-archive-csv
162860,Luleå-Kallax Flygplats,12,Sikt,"momentanvärde, 1 gång/tim",meter,1954-11-23T12:00:00Z,1954-11-23T13:00:00+01:00,-476712000000,,40000,40000,Y,,corrected-archive-csv
162860,Luleå-Kallax Flygplats,12,Sikt,"momentanvärde, 1 gång/tim",meter,1954-11-23T15:00:00Z,1954-11-23T16:00:00+01:00,-476701200000,,40000,40000,Y,,corrected-archive-csv
162860,Luleå-Kallax Flygplats,12,Sikt,"momentanvärde, 1 gång/tim",meter,1954-11-23T18:00:00Z,1954-11-23T19:00:00+01:00,-476690400000,,40000,40000,Y,,corrected-archive-csv
162860,Luleå-Kallax Flygplats,12,Sikt,"momentanvärde, 1 gång/tim",meter,1954-11-23T21:00:00Z,1954-11-23T22:00:00+01:00,-476679600000,,5000,5000,Y,,corrected-archive-csv
162860,Luleå-Kallax Flygplats,12,Sikt,"momentanvärde, 1 gång/tim",meter,1954-11-24T00:00:00Z,1954-11-24T01:00:00+01:00,-476668800000,,10000,10000,Y,,corrected-archive-csv
162860,Luleå-Kallax Flygplats,12,Sikt,"momentanvärde, 1 gång/tim",meter,1954-11-24T03:00:00Z,1954-11-24T04:00:00+01:00,-476658000000,,16000,16000,Y,,corrected-archive-csv
162860,Luleå-Kallax Flygplats,12,Sikt,"momentanvärde, 1 gång/tim",meter,1954-11-24T06:00:00Z,1954-11-24T07:00:00+01:00,-476647200000,,16000,16000,Y,,corrected-archive-csv
162860,Luleå-Kallax Flygplats,12,Sikt,"momentanvärde, 1 gång/tim",meter,1954-11-24T09:00:00Z,1954-11-24T10:00:00+01:00,-476636400000,,16000,16000,Y,,corrected-archive-csv
162860,Luleå-Kallax Flygplats,12,Sikt,"momentanvärde, 1 gång/tim",meter,1954-11-24T12:00:00Z,1954-11-24T13:00:00+01:00,-476625600000,,15000,15000,Y,,corrected-archive-csv
162860,Luleå-Kallax Flygplats,12,Sikt,"momentanvärde, 1 gång/tim",meter,1954-11-24T15:00:00Z,1954-11-24T16:00:00+01:00,-476614800000,,16000,16000,Y,,corrected-archive-csv
162860,Luleå-Kallax Flygplats,12,Sikt,"momentanvärde, 1 gång/tim",meter,1954-11-24T18:00:00Z,1954-11-24T19:00:00+01:00,-476604000000,,16000,16000,Y,,corrected-archive-csv
162860,Luleå-Kallax Flygplats,12,Sikt,"momentanvärde, 1 gång/tim",meter,1954-11-24T21:00:00Z,1954-11-24T22:00:00+01:00,-476593200000,,16000,16000,Y,,corrected-archive-csv
162860,Luleå-Kallax Flygplats,12,Sikt,"momentanvärde, 1 gång/tim",meter,1954-11-25T00:00:00Z,1954-11-25T01:00:00+01:00,-476582400000,,16000,16000,Y,,corrected-archive-csv
162860,Luleå-Kallax Flygplats,12,Sikt,"momentanvärde, 1 gång/tim",meter,1954-11-25T03:00:00Z,1954-11-25T04:00:00+01:00,-476571600000,,16000,16000,Y,,corrected-archive-csv
162860,Luleå-Kallax Flygplats,12,Sikt,"momentanvärde, 1 gång/tim",meter,1954-11-25T06:00:00Z,1954-11-25T07:00:00+01:00,-476560800000,,16000,16000,Y,,corrected-archive-csv
162860,Luleå-Kallax Flygplats,12,Sikt,"momentanvärde, 1 gång/tim",meter,1954-11-25T09:00:00Z,1954-11-25T10:00:00+01:00,-476550000000,,8000,8000,Y,,corrected-archive-csv
162860,Luleå-Kallax Flygplats,12,Sikt,"momentanvärde, 1 gång/tim",meter,1954-11-25T12:00:00Z,1954-11-25T13:00:00+01:00,-476539200000,,7000,7000,Y,,corrected-archive-csv
162860,Luleå-Kallax Flygplats,12,Sikt,"momentanvärde, 1 gång/tim",meter,1954-11-25T15:00:00Z,1954-11-25T16:00:00+01:00,-476528400000,,16000,16000,Y,,corrected-archive-csv
162860,Luleå-Kallax Flygplats,12,Sikt,"momentanvärde, 1 gång/tim",meter,1954-11-25T18:00:00Z,1954-11-25T19:00:00+01:00,-476517600000,,16000,16000,Y,,corrected-archive-csv
162860,Luleå-Kallax Flygplats,12,Sikt,"momentanvärde, 1 gång/tim",meter,1954-11-25T21:00:00Z,1954-11-25T22:00:00+01:00,-476506800000,,5000,5000,Y,,corrected-archive-csv
162860,Luleå-Kallax Flygplats,12,Sikt,"momentanvärde, 1 gång/tim",meter,1954-11-26T00:00:00Z,1954-11-26T01:00:00+01:00,-476496000000,,15000,15000,Y,,corrected-archive-csv
162860,Luleå-Kallax Flygplats,12,Sikt,"momentanvärde, 1 gång/tim",meter,1954-11-26T03:00:00Z,1954-11-26T04:00:00+01:00,-476485200000,,6000,6000,Y,,corrected-archive-csv
162860,Luleå-Kallax Flygplats,12,Sikt,"momentanvärde, 1 gång/tim",meter,1954-11-26T06:00:00Z,1954-11-26T07:00:00+01:00,-476474400000,,10000,10000,Y,,corrected-archive-csv
162860,Luleå-Kallax Flygplats,12,Sikt,"momentanvärde, 1 gång/tim",meter,1954-11-26T09:00:00Z,1954-11-26T10:00:00+01:00,-476463600000,,4000,4000,Y,,corrected-archive-csv
162860,Luleå-Kallax Flygplats,12,Sikt,"momentanvärde, 1 gång/tim",meter,1954-11-26T12:00:00Z,1954-11-26T13:00:00+01:00,-476452800000,,6000,6000,Y,,corrected-archive-csv
162860,Luleå-Kallax Flygplats,12,Sikt,"momentanvärde, 1 gång/tim",meter,1954-11-26T15:00:00Z,1954-11-26T16:00:00+01:00,-476442000000,,10000,10000,Y,,corrected-archive-csv
162860,Luleå-Kallax Flygplats,12,Sikt,"momentanvärde, 1 gång/tim",meter,1954-11-26T18:00:00Z,1954-11-26T19:00:00+01:00,-476431200000,,6000,6000,Y,,corrected-archive-csv
162860,Luleå-Kallax Flygplats,12,Sikt,"momentanvärde, 1 gång/tim",meter,1954-11-26T21:00:00Z,1954-11-26T22:00:00+01:00,-476420400000,,15000,15000,Y,,corrected-archive-csv
162860,Luleå-Kallax Flygplats,12,Sikt,"momentanvärde, 1 gång/tim",meter,1954-11-27T00:00:00Z,1954-11-27T01:00:00+01:00,-476409600000,,16000,16000,Y,,corrected-archive-csv
162860,Luleå-Kallax Flygplats,12,Sikt,"momentanvärde, 1 gång/tim",meter,1954-11-27T03:00:00Z,1954-11-27T04:00:00+01:00,-476398800000,,16000,16000,Y,,corrected-archive-csv
162860,Luleå-Kallax Flygplats,12,Sikt,"momentanvärde, 1 gång/tim",meter,1954-11-27T06:00:00Z,1954-11-27T07:00:00+01:00,-476388000000,,16000,16000,Y,,corrected-archive-csv
162860,Luleå-Kallax Flygplats,12,Sikt,"momentanvärde, 1 gång/tim",meter,1954-11-27T09:00:00Z,1954-11-27T10:00:00+01:00,-476377200000,,5000,5000,Y,,corrected-archive-csv
162860,Luleå-Kallax Flygplats,12,Sikt,"momentanvärde, 1 gång/tim",meter,1954-11-27T12:00:00Z,1954-11-27T13:00:00+01:00,-476366400000,,2000,2000,Y,,corrected-archive-csv
162860,Luleå-Kallax Flygplats,12,Sikt,"momentanvärde, 1 gång/tim",meter,1954-11-27T15:00:00Z,1954-11-27T16:00:00+01:00,-476355600000,,3000,3000,Y,,corrected-archive-csv
162860,Luleå-Kallax Flygplats,12,Sikt,"momentanvärde, 1 gång/tim",meter,1954-11-27T18:00:00Z,1954-11-27T19:00:00+01:00,-476344800000,,2000,2000,Y,,corrected-archive-csv
162860,Luleå-Kallax Flygplats,12,Sikt,"momentanvärde, 1 gång/tim",meter,1954-11-27T21:00:00Z,1954-11-27T22:00:00+01:00,-476334000000,,10000,10000,Y,,corrected-archive-csv
162860,Luleå-Kallax Flygplats,12,Sikt,"momentanvärde, 1 gång/tim",meter,1954-11-28T00:00:00Z,1954-11-28T01:00:00+01:00,-476323200000,,2000,2000,Y,,corrected-archive-csv
162860,Luleå-Kallax Flygplats,12,Sikt,"momentanvärde, 1 gång/tim",meter,1954-11-28T03:00:00Z,1954-11-28T04:00:00+01:00,-476312400000,,4000,4000,Y,,corrected-archive-csv
162860,Luleå-Kallax Flygplats,12,Sikt,"momentanvärde, 1 gång/tim",meter,1954-11-28T06:00:00Z,1954-11-28T07:00:00+01:00,-476301600000,,1000,1000,Y,,corrected-archive-csv
162860,Luleå-Kallax Flygplats,12,Sikt,"momentanvärde, 1 gång/tim",meter,1954-11-28T09:00:00Z,1954-11-28T10:00:00+01:00,-476290800000,,3000,3000,Y,,corrected-archive-csv
162860,Luleå-Kallax Flygplats,12,Sikt,"momentanvärde, 1 gång/tim",meter,1954-11-28T12:00:00Z,1954-11-28T13:00:00+01:00,-476280000000,,5000,5000,Y,,corrected-archive-csv
162860,Luleå-Kallax Flygplats,12,Sikt,"momentanvärde, 1 gång/tim",meter,1954-11-28T15:00:00Z,1954-11-28T16:00:00+01:00,-476269200000,,7000,7000,Y,,corrected-archive-csv
162860,Luleå-Kallax Flygplats,12,Sikt,"momentanvärde, 1 gång/tim",meter,1954-11-28T18:00:00Z,1954-11-28T19:00:00+01:00,-476258400000,,10000,10000,Y,,corrected-archive-csv
162860,Luleå-Kallax Flygplats,12,Sikt,"momentanvärde, 1 gång/tim",meter,1954-11-28T21:00:00Z,1954-11-28T22:00:00+01:00,-476247600000,,4000,4000,Y,,corrected-archive-csv
162860,Luleå-Kallax Flygplats,12,Sikt,"momentanvärde, 1 gång/tim",meter,1954-11-29T00:00:00Z,1954-11-29T01:00:00+01:00,-476236800000,,20000,20000,Y,,corrected-archive-csv
162860,Luleå-Kallax Flygplats,12,Sikt,"momentanvärde, 1 gång/tim",meter,1954-11-29T03:00:00Z,1954-11-29T04:00:00+01:00,-476226000000,,20000,20000,Y,,corrected-archive-csv
162860,Luleå-Kallax Flygplats,12,Sikt,"momentanvärde, 1 gång/tim",meter,1954-11-29T06:00:00Z,1954-11-29T07:00:00+01:00,-476215200000,,16000,16000,Y,,corrected-archive-csv
162860,Luleå-Kallax Flygplats,12,Sikt,"momentanvärde, 1 gång/tim",meter,1954-11-29T09:00:00Z,1954-11-29T10:00:00+01:00,-476204400000,,10000,10000,Y,,corrected-archive-csv
162860,Luleå-Kallax Flygplats,12,Sikt,"momentanvärde, 1 gång/tim",meter,1954-11-29T12:00:00Z,1954-11-29T13:00:00+01:00,-476193600000,,2000,2000,Y,,corrected-archive-csv
162860,Luleå-Kallax Flygplats,12,Sikt,"momentanvärde, 1 gång/tim",meter,1954-11-29T15:00:00Z,1954-11-29T16:00:00+01:00,-476182800000,,4000,4000,Y,,corrected-archive-csv
162860,Luleå-Kallax Flygplats,12,Sikt,"momentanvärde, 1 gång/tim",meter,1954-11-29T18:00:00Z,1954-11-29T19:00:00+01:00,-476172000000,,5000,5000,Y,,corrected-archive-csv
162860,Luleå-Kallax Flygplats,12,Sikt,"momentanvärde, 1 gång/tim",meter,1954-11-29T21:00:00Z,1954-11-29T22:00:00+01:00,-476161200000,,16000,16000,Y,,corrected-archive-csv
162860,Luleå-Kallax Flygplats,12,Sikt,"momentanvärde, 1 gång/tim",meter,1954-11-30T00:00:00Z,1954-11-30T01:00:00+01:00,-476150400000,,16000,16000,Y,,corrected-archive-csv
162860,Luleå-Kallax Flygplats,12,Sikt,"momentanvärde, 1 gång/tim",meter,1954-11-30T03:00:00Z,1954-11-30T04:00:00+01:00,-476139600000,,16000,16000,Y,,corrected-archive-csv
162860,Luleå-Kallax Flygplats,12,Sikt,"momentanvärde, 1 gång/tim",meter,1954-11-30T06:00:00Z,1954-11-30T07:00:00+01:00,-476128800000,,16000,16000,Y,,corrected-archive-csv
162860,Luleå-Kallax Flygplats,12,Sikt,"momentanvärde, 1 gång/tim",meter,1954-11-30T09:00:00Z,1954-11-30T10:00:00+01:00,-476118000000,,16000,16000,Y,,corrected-archive-csv
162860,Luleå-Kallax Flygplats,12,Sikt,"momentanvärde, 1 gång/tim",meter,1954-11-30T12:00:00Z,1954-11-30T13:00:00+01:00,-476107200000,,6000,6000,Y,,corrected-archive-csv
162860,Luleå-Kallax Flygplats,12,Sikt,"momentanvärde, 1 gång/tim",meter,1954-11-30T15:00:00Z,1954-11-30T16:00:00+01:00,-476096400000,,8000,8000,Y,,corrected-archive-csv
162860,Luleå-Kallax Flygplats,12,Sikt,"momentanvärde, 1 gång/tim",meter,1954-11-30T18:00:00Z,1954-11-30T19:00:00+01:00,-476085600000,,16000,16000,Y,,corrected-archive-csv
162860,Luleå-Kallax Flygplats,12,Sikt,"momentanvärde, 1 gång/tim",meter,1954-11-30T21:00:00Z,1954-11-30T22:00:00+01:00,-476074800000,,20000,20000,Y,,corrected-archive-csv
162860,Luleå-Kallax Flygplats,12,Sikt,"momentanvärde, 1 gång/tim",meter,1954-12-01T00:00:00Z,1954-12-01T01:00:00+01:00,-476064000000,,20000,20000,Y,,corrected-archive-csv
162860,Luleå-Kallax Flygplats,12,Sikt,"momentanvärde, 1 gång/tim",meter,1954-12-01T03:00:00Z,1954-12-01T04:00:00+01:00,-476053200000,,20000,20000,Y,,corrected-archive-csv
162860,Luleå-Kallax Flygplats,12,Sikt,"momentanvärde, 1 gång/tim",meter,1954-12-01T06:00:00Z,1954-12-01T07:00:00+01:00,-476042400000,,20000,20000,Y,,corrected-archive-csv
162860,Luleå-Kallax Flygplats,12,Sikt,"momentanvärde, 1 gång/tim",meter,1954-12-01T09:00:00Z,1954-12-01T10:00:00+01:00,-476031600000,,16000,16000,Y,,corrected-archive-csv
162860,Luleå-Kallax Flygplats,12,Sikt,"momentanvärde, 1 gång/tim",meter,1954-12-01T12:00:00Z,1954-12-01T13:00:00+01:00,-476020800000,,16000,16000,Y,,corrected-archive-csv
162860,Luleå-Kallax Flygplats,12,Sikt,"momentanvärde, 1 gång/tim",meter,1954-12-01T15:00:00Z,1954-12-01T16:00:00+01:00,-476010000000,,16000,16000,Y,,corrected-archive-csv
162860,Luleå-Kallax Flygplats,12,Sikt,"momentanvärde, 1 gång/tim",meter,1954-12-01T18:00:00Z,1954-12-01T19:00:00+01:00,-475999200000,,6000,6000,Y,,corrected-archive-csv
162860,Luleå-Kallax Flygplats,12,Sikt,"momentanvärde, 1 gång/tim",meter,1954-12-01T21:00:00Z,1954-12-01T22:00:00+01:00,-475988400000,,16000,16000,Y,,corrected-archive-csv
162860,Luleå-Kallax Flygplats,12,Sikt,"momentanvärde, 1 gång/tim",meter,1954-12-02T00:00:00Z,1954-12-02T01:00:00+01:00,-475977600000,,5000,5000,Y,,corrected-archive-csv
162860,Luleå-Kallax Flygplats,12,Sikt,"momentanvärde, 1 gång/tim",meter,1954-12-02T03:00:00Z,1954-12-02T04:00:00+01:00,-475966800000,,10000,10000,Y,,corrected-archive-csv
162860,Luleå-Kallax Flygplats,12,Sikt,"momentanvärde, 1 gång/tim",meter,1954-12-02T06:00:00Z,1954-12-02T07:00:00+01:00,-475956000000,,10000,10000,Y,,corrected-archive-csv
162860,Luleå-Kallax Flygplats,12,Sikt,"momentanvärde, 1 gång/tim",meter,1954-12-02T09:00:00Z,1954-12-02T10:00:00+01:00,-475945200000,,8000,8000,Y,,corrected-archive-csv
162860,Luleå-Kallax Flygplats,12,Sikt,"momentanvärde, 1 gång/tim",meter,1954-12-02T12:00:00Z,1954-12-02T13:00:00+01:00,-475934400000,,1200,1200,Y,,corrected-archive-csv
162860,Luleå-Kallax Flygplats,12,Sikt,"momentanvärde, 1 gång/tim",meter,1954-12-02T15:00:00Z,1954-12-02T16:00:00+01:00,-475923600000,,6000,6000,Y,,corrected-archive-csv
162860,Luleå-Kallax Flygplats,12,Sikt,"momentanvärde, 1 gång/tim",meter,1954-12-02T18:00:00Z,1954-12-02T19:00:00+01:00,-475912800000,,5000,5000,Y,,corrected-archive-csv
162860,Luleå-Kallax Flygplats,12,Sikt,"momentanvärde, 1 gång/tim",meter,1954-12-02T21:00:00Z,1954-12-02T22:00:00+01:00,-475902000000,,5000,5000,Y,,corrected-archive-csv
162860,Luleå-Kallax Flygplats,12,Sikt,"momentanvärde, 1 gång/tim",meter,1954-12-03T00:00:00Z,1954-12-03T01:00:00+01:00,-475891200000,,6000,6000,Y,,corrected-archive-csv
162860,Luleå-Kallax Flygplats,12,Sikt,"momentanvärde, 1 gång/tim",meter,1954-12-03T03:00:00Z,1954-12-03T04:00:00+01:00,-475880400000,,15000,15000,Y,,corrected-archive-csv
162860,Luleå-Kallax Flygplats,12,Sikt,"momentanvärde, 1 gång/tim",meter,1954-12-03T06:00:00Z,1954-12-03T07:00:00+01:00,-475869600000,,15000,15000,Y,,corrected-archive-csv
162860,Luleå-Kallax Flygplats,12,Sikt,"momentanvärde, 1 gång/tim",meter,1954-12-03T09:00:00Z,1954-12-03T10:00:00+01:00,-475858800000,,8000,8000,Y,,corrected-archive-csv
162860,Luleå-Kallax Flygplats,12,Sikt,"momentanvärde, 1 gång/tim",meter,1954-12-03T12:00:00Z,1954-12-03T13:00:00+01:00,-475848000000,,16000,16000,Y,,corrected-archive-csv
162860,Luleå-Kallax Flygplats,12,Sikt,"momentanvärde, 1 gång/tim",meter,1954-12-03T15:00:00Z,1954-12-03T16:00:00+01:00,-475837200000,,40000,40000,Y,,corrected-archive-csv
162860,Luleå-Kallax Flygplats,12,Sikt,"momentanvärde, 1 gång/tim",meter,1954-12-03T18:00:00Z,1954-12-03T19:00:00+01:00,-475826400000,,40000,40000,Y,,corrected-archive-csv
162860,Luleå-Kallax Flygplats,12,Sikt,"momentanvärde, 1 gång/tim",meter,1954-12-03T21:00:00Z,1954-12-03T22:00:00+01:00,-475815600000,,16000,16000,Y,,corrected-archive-csv
162860,Luleå-Kallax Flygplats,12,Sikt,"momentanvärde, 1 gång/tim",meter,1954-12-04T00:00:00Z,1954-12-04T01:00:00+01:00,-475804800000,,800,800,Y,,corrected-archive-csv
162860,Luleå-Kallax Flygplats,12,Sikt,"momentanvärde, 1 gång/tim",meter,1954-12-04T03:00:00Z,1954-12-04T04:00:00+01:00,-475794000000,,800,800,Y,,corrected-archive-csv
162860,Luleå-Kallax Flygplats,12,Sikt,"momentanvärde, 1 gång/tim",meter,1954-12-04T06:00:00Z,1954-12-04T07:00:00+01:00,-475783200000,,20000,20000,Y,,corrected-archive-csv
162860,Luleå-Kallax Flygplats,12,Sikt,"momentanvärde, 1 gång/tim",meter,1954-12-04T09:00:00Z,1954-12-04T10:00:00+01:00,-475772400000,,20000,20000,Y,,corrected-archive-csv
162860,Luleå-Kallax Flygplats,12,Sikt,"momentanvärde, 1 gång/tim",meter,1954-12-04T12:00:00Z,1954-12-04T13:00:00+01:00,-475761600000,,40000,40000,Y,,corrected-archive-csv
162860,Luleå-Kallax Flygplats,12,Sikt,"momentanvärde, 1 gång/tim",meter,1954-12-04T15:00:00Z,1954-12-04T16:00:00+01:00,-475750800000,,40000,40000,Y,,corrected-archive-csv
162860,Luleå-Kallax Flygplats,12,Sikt,"momentanvärde, 1 gång/tim",meter,1954-12-04T18:00:00Z,1954-12-04T19:00:00+01:00,-475740000000,,60000,60000,Y,,corrected-archive-csv
162860,Luleå-Kallax Flygplats,12,Sikt,"momentanvärde, 1 gång/tim",meter,1954-12-04T21:00:00Z,1954-12-04T22:00:00+01:00,-475729200000,,60000,60000,Y,,corrected-archive-csv
162860,Luleå-Kallax Flygplats,12,Sikt,"momentanvärde, 1 gång/tim",meter,1954-12-05T00:00:00Z,1954-12-05T01:00:00+01:00,-475718400000,,60000,60000,Y,,corrected-archive-csv
162860,Luleå-Kallax Flygplats,12,Sikt,"momentanvärde, 1 gång/tim",meter,1954-12-05T03:00:00Z,1954-12-05T04:00:00+01:00,-475707600000,,60000,60000,Y,,corrected-archive-csv
162860,Luleå-Kallax Flygplats,12,Sikt,"momentanvärde, 1 gång/tim",meter,1954-12-05T06:00:00Z,1954-12-05T07:00:00+01:00,-475696800000,,40000,40000,Y,,corrected-archive-csv
162860,Luleå-Kallax Flygplats,12,Sikt,"momentanvärde, 1 gång/tim",meter,1954-12-05T09:00:00Z,1954-12-05T10:00:00+01:00,-475686000000,,5000,5000,Y,,corrected-archive-csv
162860,Luleå-Kallax Flygplats,12,Sikt,"momentanvärde, 1 gång/tim",meter,1954-12-05T12:00:00Z,1954-12-05T13:00:00+01:00,-475675200000,,16000,16000,Y,,corrected-archive-csv
162860,Luleå-Kallax Flygplats,12,Sikt,"momentanvärde, 1 gång/tim",meter,1954-12-05T15:00:00Z,1954-12-05T16:00:00+01:00,-475664400000,,800,800,Y,,corrected-archive-csv
162860,Luleå-Kallax Flygplats,12,Sikt,"momentanvärde, 1 gång/tim",meter,1954-12-05T18:00:00Z,1954-12-05T19:00:00+01:00,-475653600000,,1000,1000,Y,,corrected-archive-csv
162860,Luleå-Kallax Flygplats,12,Sikt,"momentanvärde, 1 gång/tim",meter,1954-12-05T21:00:00Z,1954-12-05T22:00:00+01:00,-475642800000,,5000,5000,Y,,corrected-archive-csv
162860,Luleå-Kallax Flygplats,12,Sikt,"momentanvärde, 1 gång/tim",meter,1954-12-06T00:00:00Z,1954-12-06T01:00:00+01:00,-475632000000,,6000,6000,Y,,corrected-archive-csv
162860,Luleå-Kallax Flygplats,12,Sikt,"momentanvärde, 1 gång/tim",meter,1954-12-06T03:00:00Z,1954-12-06T04:00:00+01:00,-475621200000,,6000,6000,Y,,corrected-archive-csv
162860,Luleå-Kallax Flygplats,12,Sikt,"momentanvärde, 1 gång/tim",meter,1954-12-06T06:00:00Z,1954-12-06T07:00:00+01:00,-475610400000,,2000,2000,Y,,corrected-archive-csv
162860,Luleå-Kallax Flygplats,12,Sikt,"momentanvärde, 1 gång/tim",meter,1954-12-06T09:00:00Z,1954-12-06T10:00:00+01:00,-475599600000,,5000,5000,Y,,corrected-archive-csv
162860,Luleå-Kallax Flygplats,12,Sikt,"momentanvärde, 1 gång/tim",meter,1954-12-06T12:00:00Z,1954-12-06T13:00:00+01:00,-475588800000,,6000,6000,Y,,corrected-archive-csv
162860,Luleå-Kallax Flygplats,12,Sikt,"momentanvärde, 1 gång/tim",meter,1954-12-06T15:00:00Z,1954-12-06T16:00:00+01:00,-475578000000,,2000,2000,Y,,corrected-archive-csv
162860,Luleå-Kallax Flygplats,12,Sikt,"momentanvärde, 1 gång/tim",meter,1954-12-06T18:00:00Z,1954-12-06T19:00:00+01:00,-475567200000,,6000,6000,Y,,corrected-archive-csv
162860,Luleå-Kallax Flygplats,12,Sikt,"momentanvärde, 1 gång/tim",meter,1954-12-06T21:00:00Z,1954-12-06T22:00:00+01:00,-475556400000,,16000,16000,Y,,corrected-archive-csv
162860,Luleå-Kallax Flygplats,12,Sikt,"momentanvärde, 1 gång/tim",meter,1954-12-07T00:00:00Z,1954-12-07T01:00:00+01:00,-475545600000,,16000,16000,Y,,corrected-archive-csv
162860,Luleå-Kallax Flygplats,12,Sikt,"momentanvärde, 1 gång/tim",meter,1954-12-07T03:00:00Z,1954-12-07T04:00:00+01:00,-475534800000,,16000,16000,Y,,corrected-archive-csv
162860,Luleå-Kallax Flygplats,12,Sikt,"momentanvärde, 1 gång/tim",meter,1954-12-07T06:00:00Z,1954-12-07T07:00:00+01:00,-475524000000,,16000,16000,Y,,corrected-archive-csv
162860,Luleå-Kallax Flygplats,12,Sikt,"momentanvärde, 1 gång/tim",meter,1954-12-07T09:00:00Z,1954-12-07T10:00:00+01:00,-475513200000,,1600,1600,Y,,corrected-archive-csv
162860,Luleå-Kallax Flygplats,12,Sikt,"momentanvärde, 1 gång/tim",meter,1954-12-07T12:00:00Z,1954-12-07T13:00:00+01:00,-475502400000,,5000,5000,Y,,corrected-archive-csv
162860,Luleå-Kallax Flygplats,12,Sikt,"momentanvärde, 1 gång/tim",meter,1954-12-07T15:00:00Z,1954-12-07T16:00:00+01:00,-475491600000,,5000,5000,Y,,corrected-archive-csv
162860,Luleå-Kallax Flygplats,12,Sikt,"momentanvärde, 1 gång/tim",meter,1954-12-07T18:00:00Z,1954-12-07T19:00:00+01:00,-475480800000,,5000,5000,Y,,corrected-archive-csv
162860,Luleå-Kallax Flygplats,12,Sikt,"momentanvärde, 1 gång/tim",meter,1954-12-07T21:00:00Z,1954-12-07T22:00:00+01:00,-475470000000,,4000,4000,G,,corrected-archive-csv
162860,Luleå-Kallax Flygplats,12,Sikt,"momentanvärde, 1 gång/tim",meter,1954-12-08T00:00:00Z,1954-12-08T01:00:00+01:00,-475459200000,,16000,16000,Y,,corrected-archive-csv
162860,Luleå-Kallax Flygplats,12,Sikt,"momentanvärde, 1 gång/tim",meter,1954-12-08T03:00:00Z,1954-12-08T04:00:00+01:00,-475448400000,,20000,20000,Y,,corrected-archive-csv
162860,Luleå-Kallax Flygplats,12,Sikt,"momentanvärde, 1 gång/tim",meter,1954-12-08T06:00:00Z,1954-12-08T07:00:00+01:00,-475437600000,,16000,16000,Y,,corrected-archive-csv
162860,Luleå-Kallax Flygplats,12,Sikt,"momentanvärde, 1 gång/tim",meter,1954-12-08T09:00:00Z,1954-12-08T10:00:00+01:00,-475426800000,,16000,16000,Y,,corrected-archive-csv
162860,Luleå-Kallax Flygplats,12,Sikt,"momentanvärde, 1 gång/tim",meter,1954-12-08T12:00:00Z,1954-12-08T13:00:00+01:00,-475416000000,,16000,16000,Y,,corrected-archive-csv
162860,Luleå-Kallax Flygplats,12,Sikt,"momentanvärde, 1 gång/tim",meter,1954-12-08T15:00:00Z,1954-12-08T16:00:00+01:00,-475405200000,,16000,16000,Y,,corrected-archive-csv
162860,Luleå-Kallax Flygplats,12,Sikt,"momentanvärde, 1 gång/tim",meter,1954-12-08T18:00:00Z,1954-12-08T19:00:00+01:00,-475394400000,,16000,16000,Y,,corrected-archive-csv
162860,Luleå-Kallax Flygplats,12,Sikt,"momentanvärde, 1 gång/tim",meter,1954-12-08T21:00:00Z,1954-12-08T22:00:00+01:00,-475383600000,,4000,4000,Y,,corrected-archive-csv
162860,Luleå-Kallax Flygplats,12,Sikt,"momentanvärde, 1 gång/tim",meter,1954-12-09T00:00:00Z,1954-12-09T01:00:00+01:00,-475372800000,,5000,5000,Y,,corrected-archive-csv
162860,Luleå-Kallax Flygplats,12,Sikt,"momentanvärde, 1 gång/tim",meter,1954-12-09T03:00:00Z,1954-12-09T04:00:00+01:00,-475362000000,,5000,5000,Y,,corrected-archive-csv
162860,Luleå-Kallax Flygplats,12,Sikt,"momentanvärde, 1 gång/tim",meter,1954-12-09T06:00:00Z,1954-12-09T07:00:00+01:00,-475351200000,,3000,3000,Y,,corrected-archive-csv
162860,Luleå-Kallax Flygplats,12,Sikt,"momentanvärde, 1 gång/tim",meter,1954-12-09T09:00:00Z,1954-12-09T10:00:00+01:00,-475340400000,,5000,5000,Y,,corrected-archive-csv
162860,Luleå-Kallax Flygplats,12,Sikt,"momentanvärde, 1 gång/tim",meter,1954-12-09T12:00:00Z,1954-12-09T13:00:00+01:00,-475329600000,,10000,10000,Y,,corrected-archive-csv
162860,Luleå-Kallax Flygplats,12,Sikt,"momentanvärde, 1 gång/tim",meter,1954-12-09T15:00:00Z,1954-12-09T16:00:00+01:00,-475318800000,,16000,16000,Y,,corrected-archive-csv
162860,Luleå-Kallax Flygplats,12,Sikt,"momentanvärde, 1 gång/tim",meter,1954-12-09T18:00:00Z,1954-12-09T19:00:00+01:00,-475308000000,,20000,20000,Y,,corrected-archive-csv
162860,Luleå-Kallax Flygplats,12,Sikt,"momentanvärde, 1 gång/tim",meter,1954-12-09T21:00:00Z,1954-12-09T22:00:00+01:00,-475297200000,,20000,20000,Y,,corrected-archive-csv
162860,Luleå-Kallax Flygplats,12,Sikt,"momentanvärde, 1 gång/tim",meter,1954-12-10T00:00:00Z,1954-12-10T01:00:00+01:00,-475286400000,,16000,16000,Y,,corrected-archive-csv
162860,Luleå-Kallax Flygplats,12,Sikt,"momentanvärde, 1 gång/tim",meter,1954-12-10T03:00:00Z,1954-12-10T04:00:00+01:00,-475275600000,,16000,16000,Y,,corrected-archive-csv
162860,Luleå-Kallax Flygplats,12,Sikt,"momentanvärde, 1 gång/tim",meter,1954-12-10T06:00:00Z,1954-12-10T07:00:00+01:00,-475264800000,,16000,16000,Y,,corrected-archive-csv
162860,Luleå-Kallax Flygplats,12,Sikt,"momentanvärde, 1 gång/tim",meter,1954-12-10T09:00:00Z,1954-12-10T10:00:00+01:00,-475254000000,,1000,1000,Y,,corrected-archive-csv
162860,Luleå-Kallax Flygplats,12,Sikt,"momentanvärde, 1 gång/tim",meter,1954-12-10T12:00:00Z,1954-12-10T13:00:00+01:00,-475243200000,,1000,1000,Y,,corrected-archive-csv
162860,Luleå-Kallax Flygplats,12,Sikt,"momentanvärde, 1 gång/tim",meter,1954-12-10T15:00:00Z,1954-12-10T16:00:00+01:00,-475232400000,,2000,2000,Y,,corrected-archive-csv
162860,Luleå-Kallax Flygplats,12,Sikt,"momentanvärde, 1 gång/tim",meter,1954-12-10T18:00:00Z,1954-12-10T19:00:00+01:00,-475221600000,,5000,5000,Y,,corrected-archive-csv
162860,Luleå-Kallax Flygplats,12,Sikt,"momentanvärde, 1 gång/tim",meter,1954-12-10T21:00:00Z,1954-12-10T22:00:00+01:00,-475210800000,,4000,4000,Y,,corrected-archive-csv
162860,Luleå-Kallax Flygplats,12,Sikt,"momentanvärde, 1 gång/tim",meter,1954-12-11T00:00:00Z,1954-12-11T01:00:00+01:00,-475200000000,,4000,4000,Y,,corrected-archive-csv
162860,Luleå-Kallax Flygplats,12,Sikt,"momentanvärde, 1 gång/tim",meter,1954-12-11T03:00:00Z,1954-12-11T04:00:00+01:00,-475189200000,,7000,7000,Y,,corrected-archive-csv
162860,Luleå-Kallax Flygplats,12,Sikt,"momentanvärde, 1 gång/tim",meter,1954-12-11T06:00:00Z,1954-12-11T07:00:00+01:00,-475178400000,,10000,10000,Y,,corrected-archive-csv
162860,Luleå-Kallax Flygplats,12,Sikt,"momentanvärde, 1 gång/tim",meter,1954-12-11T09:00:00Z,1954-12-11T10:00:00+01:00,-475167600000,,16000,16000,Y,,corrected-archive-csv
162860,Luleå-Kallax Flygplats,12,Sikt,"momentanvärde, 1 gång/tim",meter,1954-12-11T12:00:00Z,1954-12-11T13:00:00+01:00,-475156800000,,16000,16000,Y,,corrected-archive-csv
162860,Luleå-Kallax Flygplats,12,Sikt,"momentanvärde, 1 gång/tim",meter,1954-12-11T15:00:00Z,1954-12-11T16:00:00+01:00,-475146000000,,16000,16000,Y,,corrected-archive-csv
162860,Luleå-Kallax Flygplats,12,Sikt,"momentanvärde, 1 gång/tim",meter,1954-12-11T18:00:00Z,1954-12-11T19:00:00+01:00,-475135200000,,16000,16000,Y,,corrected-archive-csv
162860,Luleå-Kallax Flygplats,12,Sikt,"momentanvärde, 1 gång/tim",meter,1954-12-11T21:00:00Z,1954-12-11T22:00:00+01:00,-475124400000,,20000,20000,Y,,corrected-archive-csv
162860,Luleå-Kallax Flygplats,12,Sikt,"momentanvärde, 1 gång/tim",meter,1954-12-12T00:00:00Z,1954-12-12T01:00:00+01:00,-475113600000,,16000,16000,Y,,corrected-archive-csv
162860,Luleå-Kallax Flygplats,12,Sikt,"momentanvärde, 1 gång/tim",meter,1954-12-12T03:00:00Z,1954-12-12T04:00:00+01:00,-475102800000,,16000,16000,Y,,corrected-archive-csv
162860,Luleå-Kallax Flygplats,12,Sikt,"momentanvärde, 1 gång/tim",meter,1954-12-12T06:00:00Z,1954-12-12T07:00:00+01:00,-475092000000,,16000,16000,Y,,corrected-archive-csv
162860,Luleå-Kallax Flygplats,12,Sikt,"momentanvärde, 1 gång/tim",meter,1954-12-12T09:00:00Z,1954-12-12T10:00:00+01:00,-475081200000,,16000,16000,Y,,corrected-archive-csv
162860,Luleå-Kallax Flygplats,12,Sikt,"momentanvärde, 1 gång/tim",meter,1954-12-12T12:00:00Z,1954-12-12T13:00:00+01:00,-475070400000,,200,200,Y,,corrected-archive-csv
162860,Luleå-Kallax Flygplats,12,Sikt,"momentanvärde, 1 gång/tim",meter,1954-12-12T15:00:00Z,1954-12-12T16:00:00+01:00,-475059600000,,16000,16000,Y,,corrected-archive-csv
162860,Luleå-Kallax Flygplats,12,Sikt,"momentanvärde, 1 gång/tim",meter,1954-12-12T18:00:00Z,1954-12-12T19:00:00+01:00,-475048800000,,4000,4000,Y,,corrected-archive-csv
162860,Luleå-Kallax Flygplats,12,Sikt,"momentanvärde, 1 gång/tim",meter,1954-12-12T21:00:00Z,1954-12-12T22:00:00+01:00,-475038000000,,2400,2400,Y,,corrected-archive-csv
162860,Luleå-Kallax Flygplats,12,Sikt,"momentanvärde, 1 gång/tim",meter,1954-12-13T00:00:00Z,1954-12-13T01:00:00+01:00,-475027200000,,2400,2400,Y,,corrected-archive-csv
162860,Luleå-Kallax Flygplats,12,Sikt,"momentanvärde, 1 gång/tim",meter,1954-12-13T03:00:00Z,1954-12-13T04:00:00+01:00,-475016400000,,4000,4000,Y,,corrected-archive-csv
162860,Luleå-Kallax Flygplats,12,Sikt,"momentanvärde, 1 gång/tim",meter,1954-12-13T06:00:00Z,1954-12-13T07:00:00+01:00,-475005600000,,5000,5000,Y,,corrected-archive-csv
162860,Luleå-Kallax Flygplats,12,Sikt,"momentanvärde, 1 gång/tim",meter,1954-12-13T09:00:00Z,1954-12-13T10:00:00+01:00,-474994800000,,7000,7000,Y,,corrected-archive-csv
162860,Luleå-Kallax Flygplats,12,Sikt,"momentanvärde, 1 gång/tim",meter,1954-12-13T12:00:00Z,1954-12-13T13:00:00+01:00,-474984000000,,16000,16000,Y,,corrected-archive-csv
162860,Luleå-Kallax Flygplats,12,Sikt,"momentanvärde, 1 gång/tim",meter,1954-12-13T15:00:00Z,1954-12-13T16:00:00+01:00,-474973200000,,20000,20000,Y,,corrected-archive-csv
162860,Luleå-Kallax Flygplats,12,Sikt,"momentanvärde, 1 gång/tim",meter,1954-12-13T18:00:00Z,1954-12-13T19:00:00+01:00,-474962400000,,20000,20000,Y,,corrected-archive-csv
162860,Luleå-Kallax Flygplats,12,Sikt,"momentanvärde, 1 gång/tim",meter,1954-12-13T21:00:00Z,1954-12-13T22:00:00+01:00,-474951600000,,16000,16000,Y,,corrected-archive-csv
162860,Luleå-Kallax Flygplats,12,Sikt,"momentanvärde, 1 gång/tim",meter,1954-12-14T00:00:00Z,1954-12-14T01:00:00+01:00,-474940800000,,10000,10000,Y,,corrected-archive-csv
162860,Luleå-Kallax Flygplats,12,Sikt,"momentanvärde, 1 gång/tim",meter,1954-12-14T03:00:00Z,1954-12-14T04:00:00+01:00,-474930000000,,2000,2000,Y,,corrected-archive-csv
162860,Luleå-Kallax Flygplats,12,Sikt,"momentanvärde, 1 gång/tim",meter,1954-12-14T06:00:00Z,1954-12-14T07:00:00+01:00,-474919200000,,3000,3000,Y,,corrected-archive-csv
162860,Luleå-Kallax Flygplats,12,Sikt,"momentanvärde, 1 gång/tim",meter,1954-12-14T09:00:00Z,1954-12-14T10:00:00+01:00,-474908400000,,8000,8000,Y,,corrected-archive-csv
162860,Luleå-Kallax Flygplats,12,Sikt,"momentanvärde, 1 gång/tim",meter,1954-12-14T12:00:00Z,1954-12-14T13:00:00+01:00,-474897600000,,15000,15000,Y,,corrected-archive-csv
162860,Luleå-Kallax Flygplats,12,Sikt,"momentanvärde, 1 gång/tim",meter,1954-12-14T15:00:00Z,1954-12-14T16:00:00+01:00,-474886800000,,16000,16000,Y,,corrected-archive-csv
162860,Luleå-Kallax Flygplats,12,Sikt,"momentanvärde, 1 gång/tim",meter,1954-12-14T18:00:00Z,1954-12-14T19:00:00+01:00,-474876000000,,16000,16000,Y,,corrected-archive-csv
162860,Luleå-Kallax Flygplats,12,Sikt,"momentanvärde, 1 gång/tim",meter,1954-12-14T21:00:00Z,1954-12-14T22:00:00+01:00,-474865200000,,16000,16000,Y,,corrected-archive-csv
162860,Luleå-Kallax Flygplats,12,Sikt,"momentanvärde, 1 gång/tim",meter,1954-12-15T00:00:00Z,1954-12-15T01:00:00+01:00,-474854400000,,10000,10000,Y,,corrected-archive-csv
162860,Luleå-Kallax Flygplats,12,Sikt,"momentanvärde, 1 gång/tim",meter,1954-12-15T03:00:00Z,1954-12-15T04:00:00+01:00,-474843600000,,800,800,Y,,corrected-archive-csv
162860,Luleå-Kallax Flygplats,12,Sikt,"momentanvärde, 1 gång/tim",meter,1954-12-15T06:00:00Z,1954-12-15T07:00:00+01:00,-474832800000,,16000,16000,Y,,corrected-archive-csv
162860,Luleå-Kallax Flygplats,12,Sikt,"momentanvärde, 1 gång/tim",meter,1954-12-15T09:00:00Z,1954-12-15T10:00:00+01:00,-474822000000,,5000,5000,Y,,corrected-archive-csv
162860,Luleå-Kallax Flygplats,12,Sikt,"momentanvärde, 1 gång/tim",meter,1954-12-15T12:00:00Z,1954-12-15T13:00:00+01:00,-474811200000,,5000,5000,Y,,corrected-archive-csv
162860,Luleå-Kallax Flygplats,12,Sikt,"momentanvärde, 1 gång/tim",meter,1954-12-15T15:00:00Z,1954-12-15T16:00:00+01:00,-474800400000,,8000,8000,Y,,corrected-archive-csv
162860,Luleå-Kallax Flygplats,12,Sikt,"momentanvärde, 1 gång/tim",meter,1954-12-15T18:00:00Z,1954-12-15T19:00:00+01:00,-474789600000,,16000,16000,Y,,corrected-archive-csv
162860,Luleå-Kallax Flygplats,12,Sikt,"momentanvärde, 1 gång/tim",meter,1954-12-15T21:00:00Z,1954-12-15T22:00:00+01:00,-474778800000,,16000,16000,Y,,corrected-archive-csv
162860,Luleå-Kallax Flygplats,12,Sikt,"momentanvärde, 1 gång/tim",meter,1954-12-16T00:00:00Z,1954-12-16T01:00:00+01:00,-474768000000,,16000,16000,Y,,corrected-archive-csv
162860,Luleå-Kallax Flygplats,12,Sikt,"momentanvärde, 1 gång/tim",meter,1954-12-16T03:00:00Z,1954-12-16T04:00:00+01:00,-474757200000,,16000,16000,Y,,corrected-archive-csv
162860,Luleå-Kallax Flygplats,12,Sikt,"momentanvärde, 1 gång/tim",meter,1954-12-16T06:00:00Z,1954-12-16T07:00:00+01:00,-474746400000,,16000,16000,Y,,corrected-archive-csv
162860,Luleå-Kallax Flygplats,12,Sikt,"momentanvärde, 1 gång/tim",meter,1954-12-16T09:00:00Z,1954-12-16T10:00:00+01:00,-474735600000,,16000,16000,Y,,corrected-archive-csv
162860,Luleå-Kallax Flygplats,12,Sikt,"momentanvärde, 1 gång/tim",meter,1954-12-16T12:00:00Z,1954-12-16T13:00:00+01:00,-474724800000,,20000,20000,Y,,corrected-archive-csv
162860,Luleå-Kallax Flygplats,12,Sikt,"momentanvärde, 1 gång/tim",meter,1954-12-16T15:00:00Z,1954-12-16T16:00:00+01:00,-474714000000,,20000,20000,Y,,corrected-archive-csv
162860,Luleå-Kallax Flygplats,12,Sikt,"momentanvärde, 1 gång/tim",meter,1954-12-16T18:00:00Z,1954-12-16T19:00:00+01:00,-474703200000,,40000,40000,Y,,corrected-archive-csv
162860,Luleå-Kallax Flygplats,12,Sikt,"momentanvärde, 1 gång/tim",meter,1954-12-16T21:00:00Z,1954-12-16T22:00:00+01:00,-474692400000,,40000,40000,Y,,corrected-archive-csv
162860,Luleå-Kallax Flygplats,12,Sikt,"momentanvärde, 1 gång/tim",meter,1954-12-17T00:00:00Z,1954-12-17T01:00:00+01:00,-474681600000,,60000,60000,Y,,corrected-archive-csv
162860,Luleå-Kallax Flygplats,12,Sikt,"momentanvärde, 1 gång/tim",meter,1954-12-17T03:00:00Z,1954-12-17T04:00:00+01:00,-474670800000,,16000,16000,Y,,corrected-archive-csv
162860,Luleå-Kallax Flygplats,12,Sikt,"momentanvärde, 1 gång/tim",meter,1954-12-17T06:00:00Z,1954-12-17T07:00:00+01:00,-474660000000,,40000,40000,Y,,corrected-archive-csv
162860,Luleå-Kallax Flygplats,12,Sikt,"momentanvärde, 1 gång/tim",meter,1954-12-17T09:00:00Z,1954-12-17T10:00:00+01:00,-474649200000,,10000,10000,Y,,corrected-archive-csv
162860,Luleå-Kallax Flygplats,12,Sikt,"momentanvärde, 1 gång/tim",meter,1954-12-17T12:00:00Z,1954-12-17T13:00:00+01:00,-474638400000,,16000,16000,Y,,corrected-archive-csv
162860,Luleå-Kallax Flygplats,12,Sikt,"momentanvärde, 1 gång/tim",meter,1954-12-17T15:00:00Z,1954-12-17T16:00:00+01:00,-474627600000,,16000,16000,Y,,corrected-archive-csv
162860,Luleå-Kallax Flygplats,12,Sikt,"momentanvärde, 1 gång/tim",meter,1954-12-17T18:00:00Z,1954-12-17T19:00:00+01:00,-474616800000,,16000,16000,Y,,corrected-archive-csv
162860,Luleå-Kallax Flygplats,12,Sikt,"momentanvärde, 1 gång/tim",meter,1954-12-17T21:00:00Z,1954-12-17T22:00:00+01:00,-474606000000,,3000,3000,Y,,corrected-archive-csv
162860,Luleå-Kallax Flygplats,12,Sikt,"momentanvärde, 1 gång/tim",meter,1954-12-18T00:00:00Z,1954-12-18T01:00:00+01:00,-474595200000,,60000,60000,Y,,corrected-archive-csv
162860,Luleå-Kallax Flygplats,12,Sikt,"momentanvärde, 1 gång/tim",meter,1954-12-18T03:00:00Z,1954-12-18T04:00:00+01:00,-474584400000,,60000,60000,Y,,corrected-archive-csv
162860,Luleå-Kallax Flygplats,12,Sikt,"momentanvärde, 1 gång/tim",meter,1954-12-18T06:00:00Z,1954-12-18T07:00:00+01:00,-474573600000,,60000,60000,Y,,corrected-archive-csv
162860,Luleå-Kallax Flygplats,12,Sikt,"momentanvärde, 1 gång/tim",meter,1954-12-18T09:00:00Z,1954-12-18T10:00:00+01:00,-474562800000,,60000,60000,Y,,corrected-archive-csv
162860,Luleå-Kallax Flygplats,12,Sikt,"momentanvärde, 1 gång/tim",meter,1954-12-18T12:00:00Z,1954-12-18T13:00:00+01:00,-474552000000,,4000,4000,Y,,corrected-archive-csv
162860,Luleå-Kallax Flygplats,12,Sikt,"momentanvärde, 1 gång/tim",meter,1954-12-18T15:00:00Z,1954-12-18T16:00:00+01:00,-474541200000,,10000,10000,Y,,corrected-archive-csv
162860,Luleå-Kallax Flygplats,12,Sikt,"momentanvärde, 1 gång/tim",meter,1954-12-18T18:00:00Z,1954-12-18T19:00:00+01:00,-474530400000,,20000,20000,Y,,corrected-archive-csv
162860,Luleå-Kallax Flygplats,12,Sikt,"momentanvärde, 1 gång/tim",meter,1954-12-18T21:00:00Z,1954-12-18T22:00:00+01:00,-474519600000,,20000,20000,Y,,corrected-archive-csv
162860,Luleå-Kallax Flygplats,12,Sikt,"momentanvärde, 1 gång/tim",meter,1954-12-19T00:00:00Z,1954-12-19T01:00:00+01:00,-474508800000,,40000,40000,Y,,corrected-archive-csv
162860,Luleå-Kallax Flygplats,12,Sikt,"momentanvärde, 1 gång/tim",meter,1954-12-19T03:00:00Z,1954-12-19T04:00:00+01:00,-474498000000,,40000,40000,Y,,corrected-archive-csv
162860,Luleå-Kallax Flygplats,12,Sikt,"momentanvärde, 1 gång/tim",meter,1954-12-19T06:00:00Z,1954-12-19T07:00:00+01:00,-474487200000,,40000,40000,Y,,corrected-archive-csv
162860,Luleå-Kallax Flygplats,12,Sikt,"momentanvärde, 1 gång/tim",meter,1954-12-19T09:00:00Z,1954-12-19T10:00:00+01:00,-474476400000,,40000,40000,Y,,corrected-archive-csv
162860,Luleå-Kallax Flygplats,12,Sikt,"momentanvärde, 1 gång/tim",meter,1954-12-19T12:00:00Z,1954-12-19T13:00:00+01:00,-474465600000,,40000,40000,Y,,corrected-archive-csv
162860,Luleå-Kallax Flygplats,12,Sikt,"momentanvärde, 1 gång/tim",meter,1954-12-19T15:00:00Z,1954-12-19T16:00:00+01:00,-474454800000,,40000,40000,Y,,corrected-archive-csv
162860,Luleå-Kallax Flygplats,12,Sikt,"momentanvärde, 1 gång/tim",meter,1954-12-19T18:00:00Z,1954-12-19T19:00:00+01:00,-474444000000,,40000,40000,Y,,corrected-archive-csv
162860,Luleå-Kallax Flygplats,12,Sikt,"momentanvärde, 1 gång/tim",meter,1954-12-19T21:00:00Z,1954-12-19T22:00:00+01:00,-474433200000,,40000,40000,Y,,corrected-archive-csv
162860,Luleå-Kallax Flygplats,12,Sikt,"momentanvärde, 1 gång/tim",meter,1954-12-20T00:00:00Z,1954-12-20T01:00:00+01:00,-474422400000,,40000,40000,Y,,corrected-archive-csv
162860,Luleå-Kallax Flygplats,12,Sikt,"momentanvärde, 1 gång/tim",meter,1954-12-20T03:00:00Z,1954-12-20T04:00:00+01:00,-474411600000,,40000,40000,Y,,corrected-archive-csv
162860,Luleå-Kallax Flygplats,12,Sikt,"momentanvärde, 1 gång/tim",meter,1954-12-20T06:00:00Z,1954-12-20T07:00:00+01:00,-474400800000,,40000,40000,Y,,corrected-archive-csv
162860,Luleå-Kallax Flygplats,12,Sikt,"momentanvärde, 1 gång/tim",meter,1954-12-20T09:00:00Z,1954-12-20T10:00:00+01:00,-474390000000,,40000,40000,Y,,corrected-archive-csv
162860,Luleå-Kallax Flygplats,12,Sikt,"momentanvärde, 1 gång/tim",meter,1954-12-20T12:00:00Z,1954-12-20T13:00:00+01:00,-474379200000,,20000,20000,Y,,corrected-archive-csv
162860,Luleå-Kallax Flygplats,12,Sikt,"momentanvärde, 1 gång/tim",meter,1954-12-20T15:00:00Z,1954-12-20T16:00:00+01:00,-474368400000,,20000,20000,Y,,corrected-archive-csv
162860,Luleå-Kallax Flygplats,12,Sikt,"momentanvärde, 1 gång/tim",meter,1954-12-20T18:00:00Z,1954-12-20T19:00:00+01:00,-474357600000,,40000,40000,Y,,corrected-archive-csv
162860,Luleå-Kallax Flygplats,12,Sikt,"momentanvärde, 1 gång/tim",meter,1954-12-20T21:00:00Z,1954-12-20T22:00:00+01:00,-474346800000,,40000,40000,Y,,corrected-archive-csv
162860,Luleå-Kallax Flygplats,12,Sikt,"momentanvärde, 1 gång/tim",meter,1954-12-21T00:00:00Z,1954-12-21T01:00:00+01:00,-474336000000,,40000,40000,Y,,corrected-archive-csv
162860,Luleå-Kallax Flygplats,12,Sikt,"momentanvärde, 1 gång/tim",meter,1954-12-21T03:00:00Z,1954-12-21T04:00:00+01:00,-474325200000,,60000,60000,Y,,corrected-archive-csv
162860,Luleå-Kallax Flygplats,12,Sikt,"momentanvärde, 1 gång/tim",meter,1954-12-21T06:00:00Z,1954-12-21T07:00:00+01:00,-474314400000,,60000,60000,Y,,corrected-archive-csv
162860,Luleå-Kallax Flygplats,12,Sikt,"momentanvärde, 1 gång/tim",meter,1954-12-21T09:00:00Z,1954-12-21T10:00:00+01:00,-474303600000,,60000,60000,Y,,corrected-archive-csv
162860,Luleå-Kallax Flygplats,12,Sikt,"momentanvärde, 1 gång/tim",meter,1954-12-21T12:00:00Z,1954-12-21T13:00:00+01:00,-474292800000,,60000,60000,Y,,corrected-archive-csv
162860,Luleå-Kallax Flygplats,12,Sikt,"momentanvärde, 1 gång/tim",meter,1954-12-21T15:00:00Z,1954-12-21T16:00:00+01:00,-474282000000,,20000,20000,Y,,corrected-archive-csv
162860,Luleå-Kallax Flygplats,12,Sikt,"momentanvärde, 1 gång/tim",meter,1954-12-21T18:00:00Z,1954-12-21T19:00:00+01:00,-474271200000,,16000,16000,Y,,corrected-archive-csv
162860,Luleå-Kallax Flygplats,12,Sikt,"momentanvärde, 1 gång/tim",meter,1954-12-21T21:00:00Z,1954-12-21T22:00:00+01:00,-474260400000,,16000,16000,Y,,corrected-archive-csv
162860,Luleå-Kallax Flygplats,12,Sikt,"momentanvärde, 1 gång/tim",meter,1954-12-22T00:00:00Z,1954-12-22T01:00:00+01:00,-474249600000,,40000,40000,Y,,corrected-archive-csv
162860,Luleå-Kallax Flygplats,12,Sikt,"momentanvärde, 1 gång/tim",meter,1954-12-22T03:00:00Z,1954-12-22T04:00:00+01:00,-474238800000,,40000,40000,Y,,corrected-archive-csv
162860,Luleå-Kallax Flygplats,12,Sikt,"momentanvärde, 1 gång/tim",meter,1954-12-22T06:00:00Z,1954-12-22T07:00:00+01:00,-474228000000,,40000,40000,Y,,corrected-archive-csv
162860,Luleå-Kallax Flygplats,12,Sikt,"momentanvärde, 1 gång/tim",meter,1954-12-22T09:00:00Z,1954-12-22T10:00:00+01:00,-474217200000,,16000,16000,Y,,corrected-archive-csv
162860,Luleå-Kallax Flygplats,12,Sikt,"momentanvärde, 1 gång/tim",meter,1954-12-22T12:00:00Z,1954-12-22T13:00:00+01:00,-474206400000,,60000,60000,Y,,corrected-archive-csv
162860,Luleå-Kallax Flygplats,12,Sikt,"momentanvärde, 1 gång/tim",meter,1954-12-22T15:00:00Z,1954-12-22T16:00:00+01:00,-474195600000,,40000,40000,Y,,corrected-archive-csv
162860,Luleå-Kallax Flygplats,12,Sikt,"momentanvärde, 1 gång/tim",meter,1954-12-22T18:00:00Z,1954-12-22T19:00:00+01:00,-474184800000,,10000,10000,Y,,corrected-archive-csv
162860,Luleå-Kallax Flygplats,12,Sikt,"momentanvärde, 1 gång/tim",meter,1954-12-22T21:00:00Z,1954-12-22T22:00:00+01:00,-474174000000,,900,900,Y,,corrected-archive-csv
162860,Luleå-Kallax Flygplats,12,Sikt,"momentanvärde, 1 gång/tim",meter,1954-12-23T00:00:00Z,1954-12-23T01:00:00+01:00,-474163200000,,1200,1200,Y,,corrected-archive-csv
162860,Luleå-Kallax Flygplats,12,Sikt,"momentanvärde, 1 gång/tim",meter,1954-12-23T03:00:00Z,1954-12-23T04:00:00+01:00,-474152400000,,1200,1200,Y,,corrected-archive-csv
162860,Luleå-Kallax Flygplats,12,Sikt,"momentanvärde, 1 gång/tim",meter,1954-12-23T06:00:00Z,1954-12-23T07:00:00+01:00,-474141600000,,16000,16000,Y,,corrected-archive-csv
162860,Luleå-Kallax Flygplats,12,Sikt,"momentanvärde, 1 gång/tim",meter,1954-12-23T09:00:00Z,1954-12-23T10:00:00+01:00,-474130800000,,10000,10000,Y,,corrected-archive-csv
162860,Luleå-Kallax Flygplats,12,Sikt,"momentanvärde, 1 gång/tim",meter,1954-12-23T12:00:00Z,1954-12-23T13:00:00+01:00,-474120000000,,6000,6000,Y,,corrected-archive-csv
162860,Luleå-Kallax Flygplats,12,Sikt,"momentanvärde, 1 gång/tim",meter,1954-12-23T15:00:00Z,1954-12-23T16:00:00+01:00,-474109200000,,6000,6000,Y,,corrected-archive-csv
162860,Luleå-Kallax Flygplats,12,Sikt,"momentanvärde, 1 gång/tim",meter,1954-12-23T18:00:00Z,1954-12-23T19:00:00+01:00,-474098400000,,6000,6000,Y,,corrected-archive-csv
162860,Luleå-Kallax Flygplats,12,Sikt,"momentanvärde, 1 gång/tim",meter,1954-12-23T21:00:00Z,1954-12-23T22:00:00+01:00,-474087600000,,5000,5000,Y,,corrected-archive-csv
162860,Luleå-Kallax Flygplats,12,Sikt,"momentanvärde, 1 gång/tim",meter,1954-12-24T00:00:00Z,1954-12-24T01:00:00+01:00,-474076800000,,12000,12000,Y,,corrected-archive-csv
162860,Luleå-Kallax Flygplats,12,Sikt,"momentanvärde, 1 gång/tim",meter,1954-12-24T03:00:00Z,1954-12-24T04:00:00+01:00,-474066000000,,16000,16000,Y,,corrected-archive-csv
162860,Luleå-Kallax Flygplats,12,Sikt,"momentanvärde, 1 gång/tim",meter,1954-12-24T06:00:00Z,1954-12-24T07:00:00+01:00,-474055200000,,16000,16000,Y,,corrected-archive-csv
162860,Luleå-Kallax Flygplats,12,Sikt,"momentanvärde, 1 gång/tim",meter,1954-12-24T09:00:00Z,1954-12-24T10:00:00+01:00,-474044400000,,2000,2000,Y,,corrected-archive-csv
162860,Luleå-Kallax Flygplats,12,Sikt,"momentanvärde, 1 gång/tim",meter,1954-12-24T12:00:00Z,1954-12-24T13:00:00+01:00,-474033600000,,2000,2000,Y,,corrected-archive-csv
162860,Luleå-Kallax Flygplats,12,Sikt,"momentanvärde, 1 gång/tim",meter,1954-12-24T15:00:00Z,1954-12-24T16:00:00+01:00,-474022800000,,10000,10000,Y,,corrected-archive-csv
162860,Luleå-Kallax Flygplats,12,Sikt,"momentanvärde, 1 gång/tim",meter,1954-12-24T18:00:00Z,1954-12-24T19:00:00+01:00,-474012000000,,15000,15000,Y,,corrected-archive-csv
162860,Luleå-Kallax Flygplats,12,Sikt,"momentanvärde, 1 gång/tim",meter,1954-12-24T21:00:00Z,1954-12-24T22:00:00+01:00,-474001200000,,16000,16000,Y,,corrected-archive-csv
162860,Luleå-Kallax Flygplats,12,Sikt,"momentanvärde, 1 gång/tim",meter,1954-12-25T00:00:00Z,1954-12-25T01:00:00+01:00,-473990400000,,16000,16000,Y,,corrected-archive-csv
162860,Luleå-Kallax Flygplats,12,Sikt,"momentanvärde, 1 gång/tim",meter,1954-12-25T03:00:00Z,1954-12-25T04:00:00+01:00,-473979600000,,16000,16000,Y,,corrected-archive-csv
162860,Luleå-Kallax Flygplats,12,Sikt,"momentanvärde, 1 gång/tim",meter,1954-12-25T06:00:00Z,1954-12-25T07:00:00+01:00,-473968800000,,16000,16000,Y,,corrected-archive-csv
162860,Luleå-Kallax Flygplats,12,Sikt,"momentanvärde, 1 gång/tim",meter,1954-12-25T09:00:00Z,1954-12-25T10:00:00+01:00,-473958000000,,1600,1600,Y,,corrected-archive-csv
162860,Luleå-Kallax Flygplats,12,Sikt,"momentanvärde, 1 gång/tim",meter,1954-12-25T12:00:00Z,1954-12-25T13:00:00+01:00,-473947200000,,3000,3000,Y,,corrected-archive-csv
162860,Luleå-Kallax Flygplats,12,Sikt,"momentanvärde, 1 gång/tim",meter,1954-12-25T15:00:00Z,1954-12-25T16:00:00+01:00,-473936400000,,16000,16000,Y,,corrected-archive-csv
162860,Luleå-Kallax Flygplats,12,Sikt,"momentanvärde, 1 gång/tim",meter,1954-12-25T18:00:00Z,1954-12-25T19:00:00+01:00,-473925600000,,20000,20000,Y,,corrected-archive-csv
162860,Luleå-Kallax Flygplats,12,Sikt,"momentanvärde, 1 gång/tim",meter,1954-12-25T21:00:00Z,1954-12-25T22:00:00+01:00,-473914800000,,20000,20000,Y,,corrected-archive-csv
162860,Luleå-Kallax Flygplats,12,Sikt,"momentanvärde, 1 gång/tim",meter,1954-12-26T00:00:00Z,1954-12-26T01:00:00+01:00,-473904000000,,40000,40000,Y,,corrected-archive-csv
162860,Luleå-Kallax Flygplats,12,Sikt,"momentanvärde, 1 gång/tim",meter,1954-12-26T03:00:00Z,1954-12-26T04:00:00+01:00,-473893200000,,40000,40000,Y,,corrected-archive-csv
162860,Luleå-Kallax Flygplats,12,Sikt,"momentanvärde, 1 gång/tim",meter,1954-12-26T06:00:00Z,1954-12-26T07:00:00+01:00,-473882400000,,20000,20000,Y,,corrected-archive-csv
162860,Luleå-Kallax Flygplats,12,Sikt,"momentanvärde, 1 gång/tim",meter,1954-12-26T09:00:00Z,1954-12-26T10:00:00+01:00,-473871600000,,20000,20000,Y,,corrected-archive-csv
162860,Luleå-Kallax Flygplats,12,Sikt,"momentanvärde, 1 gång/tim",meter,1954-12-26T12:00:00Z,1954-12-26T13:00:00+01:00,-473860800000,,40000,40000,Y,,corrected-archive-csv
162860,Luleå-Kallax Flygplats,12,Sikt,"momentanvärde, 1 gång/tim",meter,1954-12-26T15:00:00Z,1954-12-26T16:00:00+01:00,-473850000000,,40000,40000,Y,,corrected-archive-csv
162860,Luleå-Kallax Flygplats,12,Sikt,"momentanvärde, 1 gång/tim",meter,1954-12-26T18:00:00Z,1954-12-26T19:00:00+01:00,-473839200000,,40000,40000,Y,,corrected-archive-csv
162860,Luleå-Kallax Flygplats,12,Sikt,"momentanvärde, 1 gång/tim",meter,1954-12-26T21:00:00Z,1954-12-26T22:00:00+01:00,-473828400000,,40000,40000,Y,,corrected-archive-csv
162860,Luleå-Kallax Flygplats,12,Sikt,"momentanvärde, 1 gång/tim",meter,1954-12-27T00:00:00Z,1954-12-27T01:00:00+01:00,-473817600000,,40000,40000,Y,,corrected-archive-csv
162860,Luleå-Kallax Flygplats,12,Sikt,"momentanvärde, 1 gång/tim",meter,1954-12-27T03:00:00Z,1954-12-27T04:00:00+01:00,-473806800000,,40000,40000,Y,,corrected-archive-csv
162860,Luleå-Kallax Flygplats,12,Sikt,"momentanvärde, 1 gång/tim",meter,1954-12-27T06:00:00Z,1954-12-27T07:00:00+01:00,-473796000000,,40000,40000,Y,,corrected-archive-csv
162860,Luleå-Kallax Flygplats,12,Sikt,"momentanvärde, 1 gång/tim",meter,1954-12-27T09:00:00Z,1954-12-27T10:00:00+01:00,-473785200000,,16000,16000,Y,,corrected-archive-csv
162860,Luleå-Kallax Flygplats,12,Sikt,"momentanvärde, 1 gång/tim",meter,1954-12-27T12:00:00Z,1954-12-27T13:00:00+01:00,-473774400000,,10000,10000,Y,,corrected-archive-csv
162860,Luleå-Kallax Flygplats,12,Sikt,"momentanvärde, 1 gång/tim",meter,1954-12-27T15:00:00Z,1954-12-27T16:00:00+01:00,-473763600000,,16000,16000,Y,,corrected-archive-csv
162860,Luleå-Kallax Flygplats,12,Sikt,"momentanvärde, 1 gång/tim",meter,1954-12-27T18:00:00Z,1954-12-27T19:00:00+01:00,-473752800000,,40000,40000,Y,,corrected-archive-csv
162860,Luleå-Kallax Flygplats,12,Sikt,"momentanvärde, 1 gång/tim",meter,1954-12-27T21:00:00Z,1954-12-27T22:00:00+01:00,-473742000000,,20000,20000,Y,,corrected-archive-csv
162860,Luleå-Kallax Flygplats,12,Sikt,"momentanvärde, 1 gång/tim",meter,1954-12-28T00:00:00Z,1954-12-28T01:00:00+01:00,-473731200000,,20000,20000,Y,,corrected-archive-csv
162860,Luleå-Kallax Flygplats,12,Sikt,"momentanvärde, 1 gång/tim",meter,1954-12-28T03:00:00Z,1954-12-28T04:00:00+01:00,-473720400000,,8000,8000,Y,,corrected-archive-csv
162860,Luleå-Kallax Flygplats,12,Sikt,"momentanvärde, 1 gång/tim",meter,1954-12-28T06:00:00Z,1954-12-28T07:00:00+01:00,-473709600000,,3000,3000,Y,,corrected-archive-csv
162860,Luleå-Kallax Flygplats,12,Sikt,"momentanvärde, 1 gång/tim",meter,1954-12-28T09:00:00Z,1954-12-28T10:00:00+01:00,-473698800000,,16000,16000,Y,,corrected-archive-csv
162860,Luleå-Kallax Flygplats,12,Sikt,"momentanvärde, 1 gång/tim",meter,1954-12-28T12:00:00Z,1954-12-28T13:00:00+01:00,-473688000000,,20000,20000,Y,,corrected-archive-csv
162860,Luleå-Kallax Flygplats,12,Sikt,"momentanvärde, 1 gång/tim",meter,1954-12-28T15:00:00Z,1954-12-28T16:00:00+01:00,-473677200000,,16000,16000,Y,,corrected-archive-csv
162860,Luleå-Kallax Flygplats,12,Sikt,"momentanvärde, 1 gång/tim",meter,1954-12-28T18:00:00Z,1954-12-28T19:00:00+01:00,-473666400000,,16000,16000,Y,,corrected-archive-csv
162860,Luleå-Kallax Flygplats,12,Sikt,"momentanvärde, 1 gång/tim",meter,1954-12-28T21:00:00Z,1954-12-28T22:00:00+01:00,-473655600000,,16000,16000,Y,,corrected-archive-csv
162860,Luleå-Kallax Flygplats,12,Sikt,"momentanvärde, 1 gång/tim",meter,1954-12-29T00:00:00Z,1954-12-29T01:00:00+01:00,-473644800000,,16000,16000,Y,,corrected-archive-csv
162860,Luleå-Kallax Flygplats,12,Sikt,"momentanvärde, 1 gång/tim",meter,1954-12-29T03:00:00Z,1954-12-29T04:00:00+01:00,-473634000000,,16000,16000,Y,,corrected-archive-csv
162860,Luleå-Kallax Flygplats,12,Sikt,"momentanvärde, 1 gång/tim",meter,1954-12-29T06:00:00Z,1954-12-29T07:00:00+01:00,-473623200000,,16000,16000,Y,,corrected-archive-csv
162860,Luleå-Kallax Flygplats,12,Sikt,"momentanvärde, 1 gång/tim",meter,1954-12-29T09:00:00Z,1954-12-29T10:00:00+01:00,-473612400000,,16000,16000,Y,,corrected-archive-csv
162860,Luleå-Kallax Flygplats,12,Sikt,"momentanvärde, 1 gång/tim",meter,1954-12-29T12:00:00Z,1954-12-29T13:00:00+01:00,-473601600000,,10000,10000,Y,,corrected-archive-csv
162860,Luleå-Kallax Flygplats,12,Sikt,"momentanvärde, 1 gång/tim",meter,1954-12-29T15:00:00Z,1954-12-29T16:00:00+01:00,-473590800000,,10000,10000,Y,,corrected-archive-csv
162860,Luleå-Kallax Flygplats,12,Sikt,"momentanvärde, 1 gång/tim",meter,1954-12-29T18:00:00Z,1954-12-29T19:00:00+01:00,-473580000000,,16000,16000,Y,,corrected-archive-csv
162860,Luleå-Kallax Flygplats,12,Sikt,"momentanvärde, 1 gång/tim",meter,1954-12-29T21:00:00Z,1954-12-29T22:00:00+01:00,-473569200000,,20000,20000,Y,,corrected-archive-csv
162860,Luleå-Kallax Flygplats,12,Sikt,"momentanvärde, 1 gång/tim",meter,1954-12-30T00:00:00Z,1954-12-30T01:00:00+01:00,-473558400000,,40000,40000,Y,,corrected-archive-csv
162860,Luleå-Kallax Flygplats,12,Sikt,"momentanvärde, 1 gång/tim",meter,1954-12-30T03:00:00Z,1954-12-30T04:00:00+01:00,-473547600000,,40000,40000,Y,,corrected-archive-csv
162860,Luleå-Kallax Flygplats,12,Sikt,"momentanvärde, 1 gång/tim",meter,1954-12-30T06:00:00Z,1954-12-30T07:00:00+01:00,-473536800000,,16000,16000,Y,,corrected-archive-csv
162860,Luleå-Kallax Flygplats,12,Sikt,"momentanvärde, 1 gång/tim",meter,1954-12-30T09:00:00Z,1954-12-30T10:00:00+01:00,-473526000000,,10000,10000,Y,,corrected-archive-csv
162860,Luleå-Kallax Flygplats,12,Sikt,"momentanvärde, 1 gång/tim",meter,1954-12-30T12:00:00Z,1954-12-30T13:00:00+01:00,-473515200000,,6000,6000,Y,,corrected-archive-csv
162860,Luleå-Kallax Flygplats,12,Sikt,"momentanvärde, 1 gång/tim",meter,1954-12-30T15:00:00Z,1954-12-30T16:00:00+01:00,-473504400000,,10000,10000,Y,,corrected-archive-csv
162860,Luleå-Kallax Flygplats,12,Sikt,"momentanvärde, 1 gång/tim",meter,1954-12-30T18:00:00Z,1954-12-30T19:00:00+01:00,-473493600000,,10000,10000,Y,,corrected-archive-csv
162860,Luleå-Kallax Flygplats,12,Sikt,"momentanvärde, 1 gång/tim",meter,1954-12-30T21:00:00Z,1954-12-30T22:00:00+01:00,-473482800000,,10000,10000,Y,,corrected-archive-csv
162860,Luleå-Kallax Flygplats,12,Sikt,"momentanvärde, 1 gång/tim",meter,1954-12-31T00:00:00Z,1954-12-31T01:00:00+01:00,-473472000000,,16000,16000,Y,,corrected-archive-csv
162860,Luleå-Kallax Flygplats,12,Sikt,"momentanvärde, 1 gång/tim",meter,1954-12-31T03:00:00Z,1954-12-31T04:00:00+01:00,-473461200000,,16000,16000,Y,,corrected-archive-csv
162860,Luleå-Kallax Flygplats,12,Sikt,"momentanvärde, 1 gång/tim",meter,1954-12-31T06:00:00Z,1954-12-31T07:00:00+01:00,-473450400000,,16000,16000,Y,,corrected-archive-csv
162860,Luleå-Kallax Flygplats,12,Sikt,"momentanvärde, 1 gång/tim",meter,1954-12-31T09:00:00Z,1954-12-31T10:00:00+01:00,-473439600000,,16000,16000,Y,,corrected-archive-csv
162860,Luleå-Kallax Flygplats,12,Sikt,"momentanvärde, 1 gång/tim",meter,1954-12-31T12:00:00Z,1954-12-31T13:00:00+01:00,-473428800000,,16000,16000,Y,,corrected-archive-csv
162860,Luleå-Kallax Flygplats,12,Sikt,"momentanvärde, 1 gång/tim",meter,1954-12-31T15:00:00Z,1954-12-31T16:00:00+01:00,-473418000000,,20000,20000,Y,,corrected-archive-csv
162860,Luleå-Kallax Flygplats,12,Sikt,"momentanvärde, 1 gång/tim",meter,1954-12-31T18:00:00Z,1954-12-31T19:00:00+01:00,-473407200000,,20000,20000,Y,,corrected-archive-csv
