station_id,station_name,parameter_id,parameter_name,parameter_summary,unit,datetime_utc,datetime_local,from_ms,to_ms,value,value_numeric,quality,reference,source_period
162860,Luleå-Kallax Flygplats,21,Byvind,"max, 1 gång/tim",meter per sekund,2022-01-01T00:00:00Z,2022-01-01T01:00:00+01:00,1640995200000,,7.0,7.0,G,,corrected-archive-csv
162860,Luleå-Kallax Flygplats,21,Byvind,"max, 1 gång/tim",meter per sekund,2022-01-01T01:00:00Z,2022-01-01T02:00:00+01:00,1640998800000,,8.0,8.0,G,,corrected-archive-csv
162860,Luleå-Kallax Flygplats,21,Byvind,"max, 1 gång/tim",meter per sekund,2022-01-01T02:00:00Z,2022-01-01T03:00:00+01:00,1641002400000,,9.0,9.0,G,,corrected-archive-csv
162860,Luleå-Kallax Flygplats,21,Byvind,"max, 1 gång/tim",meter per sekund,2022-01-01T03:00:00Z,2022-01-01T04:00:00+01:00,1641006000000,,10.0,10.0,G,,corrected-archive-csv
162860,Luleå-Kallax Flygplats,21,Byvind,"max, 1 gång/tim",meter per sekund,2022-01-01T04:00:00Z,2022-01-01T05:00:00+01:00,1641009600000,,9.0,9.0,G,,corrected-archive-csv
162860,Luleå-Kallax Flygplats,21,Byvind,"max, 1 gång/tim",meter per sekund,2022-01-01T12:00:00Z,2022-01-01T13:00:00+01:00,1641038400000,,8.0,8.0,G,,corrected-archive-csv
162860,Luleå-Kallax Flygplats,21,Byvind,"max, 1 gång/tim",meter per sekund,2022-01-01T14:00:00Z,2022-01-01T15:00:00+01:00,1641045600000,,6.0,6.0,G,,corrected-archive-csv
162860,Luleå-Kallax Flygplats,21,Byvind,"max, 1 gång/tim",meter per sekund,2022-01-01T15:00:00Z,2022-01-01T16:00:00+01:00,1641049200000,,5.0,5.0,G,,corrected-archive-csv
162860,Luleå-Kallax Flygplats,21,Byvind,"max, 1 gång/tim",meter per sekund,2022-01-01T16:00:00Z,2022-01-01T17:00:00+01:00,1641052800000,,4.0,4.0,G,,corrected-archive-csv
162860,Luleå-Kallax Flygplats,21,Byvind,"max, 1 gång/tim",meter per sekund,2022-01-01T17:00:00Z,2022-01-01T18:00:00+01:00,1641056400000,,6.0,6.0,G,,corrected-archive-csv
162860,Luleå-Kallax Flygplats,21,Byvind,"max, 1 gång/tim",meter per sekund,2022-01-01T18:00:00Z,2022-01-01T19:00:00+01:00,1641060000000,,4.0,4.0,G,,corrected-archive-csv
162860,Luleå-Kallax Flygplats,21,Byvind,"max, 1 gång/tim",meter per sekund,2022-01-01T19:00:00Z,2022-01-01T20:00:00+01:00,1641063600000,,5.0,5.0,G,,corrected-archive-csv
162860,Luleå-Kallax Flygplats,21,Byvind,"max, 1 gång/tim",meter per sekund,2022-01-01T20:00:00Z,2022-01-01T21:00:00+01:00,1641067200000,,4.0,4.0,G,,corrected-archive-csv
162860,Luleå-Kallax Flygplats,21,Byvind,"max, 1 gång/tim",meter per sekund,2022-01-01T22:00:00Z,2022-01-01T23:00:00+01:00,1641074400000,,3.0,3.0,G,,corrected-archive-csv
162860,Luleå-Kallax Flygplats,21,Byvind,"max, 1 gång/tim",meter per sekund,2022-01-02T00:00:00Z,2022-01-02T01:00:00+01:00,1641081600000,,2.0,2.0,G,,corrected-archive-csv
162860,Luleå-Kallax Flygplats,21,Byvind,"max, 1 gång/tim",meter per sekund,2022-01-02T02:00:00Z,2022-01-02T03:00:00+01:00,1641088800000,,3.0,3.0,G,,corrected-archive-csv
162860,Luleå-Kallax Flygplats,21,Byvind,"max, 1 gång/tim",meter per sekund,2022-01-02T03:00:00Z,2022-01-02T04:00:00+01:00,1641092400000,,2.0,2.0,G,,corrected-archive-csv
162860,Luleå-Kallax Flygplats,21,Byvind,"max, 1 gång/tim",meter per sekund,2022-01-02T07:00:00Z,2022-01-02T08:00:00+01:00,1641106800000,,3.0,3.0,G,,corrected-archive-csv
162860,Luleå-Kallax Flygplats,21,Byvind,"max, 1 gång/tim",meter per sekund,2022-01-02T08:00:00Z,2022-01-02T09:00:00+01:00,1641110400000,,2.0,2.0,G,,corrected-archive-csv
162860,Luleå-Kallax Flygplats,21,Byvind,"max, 1 gång/tim",meter per sekund,2022-01-02T10:00:00Z,2022-01-02T11:00:00+01:00,1641117600000,,7.0,7.0,G,,corrected-archive-csv
162860,Luleå-Kallax Flygplats,21,Byvind,"max, 1 gång/tim",meter per sekund,2022-01-02T11:00:00Z,2022-01-02T12:00:00+01:00,1641121200000,,10.0,10.0,G,,corrected-archive-csv
162860,Luleå-Kallax Flygplats,21,Byvind,"max, 1 gång/tim",meter per sekund,2022-01-02T13:00:00Z,2022-01-02T14:00:00+01:00,1641128400000,,11.0,11.0,G,,corrected-archive-csv
162860,Luleå-Kallax Flygplats,21,Byvind,"max, 1 gång/tim",meter per sekund,2022-01-02T14:00:00Z,2022-01-02T15:00:00+01:00,1641132000000,,12.0,12.0,G,,corrected-archive-csv
162860,Luleå-Kallax Flygplats,21,Byvind,"max, 1 gång/tim",meter per sekund,2022-01-02T17:00:00Z,2022-01-02T18:00:00+01:00,1641142800000,,11.0,11.0,G,,corrected-archive-csv
162860,Luleå-Kallax Flygplats,21,Byvind,"max, 1 gång/tim",meter per sekund,2022-01-02T18:00:00Z,2022-01-02T19:00:00+01:00,1641146400000,,10.0,10.0,G,,corrected-archive-csv
162860,Luleå-Kallax Flygplats,21,Byvind,"max, 1 gång/tim",meter per sekund,2022-01-02T19:00:00Z,2022-01-02T20:00:00+01:00,1641150000000,,9.0,9.0,G,,corrected-archive-csv
162860,Luleå-Kallax Flygplats,21,Byvind,"max, 1 gång/tim",meter per sekund,2022-01-02T21:00:00Z,2022-01-02T22:00:00+01:00,1641157200000,,7.0,7.0,G,,corrected-archive-csv
162860,Luleå-Kallax Flygplats,21,Byvind,"max, 1 gång/tim",meter per sekund,2022-01-02T22:00:00Z,2022-01-02T23:00:00+01:00,1641160800000,,6.0,6.0,G,,corrected-archive-csv
162860,Luleå-Kallax Flygplats,21,Byvind,"max, 1 gång/tim",meter per sekund,2022-01-02T23:00:00Z,2022-01-03T00:00:00+01:00,1641164400000,,7.0,7.0,G,,corrected-archive-csv
162860,Luleå-Kallax Flygplats,21,Byvind,"max, 1 gång/tim",meter per sekund,2022-01-03T01:00:00Z,2022-01-03T02:00:00+01:00,1641171600000,,6.0,6.0,G,,corrected-archive-csv
162860,Luleå-Kallax Flygplats,21,Byvind,"max, 1 gång/tim",meter per sekund,2022-01-03T02:00:00Z,2022-01-03T03:00:00+01:00,1641175200000,,7.0,7.0,G,,corrected-archive-csv
162860,Luleå-Kallax Flygplats,21,Byvind,"max, 1 gång/tim",meter per sekund,2022-01-03T06:00:00Z,2022-01-03T07:00:00+01:00,1641189600000,,6.0,6.0,G,,corrected-archive-csv
162860,Luleå-Kallax Flygplats,21,Byvind,"max, 1 gång/tim",meter per sekund,2022-01-03T07:00:00Z,2022-01-03T08:00:00+01:00,1641193200000,,7.0,7.0,G,,corrected-archive-csv
162860,Luleå-Kallax Flygplats,21,Byvind,"max, 1 gång/tim",meter per sekund,2022-01-03T09:00:00Z,2022-01-03T10:00:00+01:00,1641200400000,,6.0,6.0,G,,corrected-archive-csv
162860,Luleå-Kallax Flygplats,21,Byvind,"max, 1 gång/tim",meter per sekund,2022-01-03T11:00:00Z,2022-01-03T12:00:00+01:00,1641207600000,,5.0,5.0,G,,corrected-archive-csv
162860,Luleå-Kallax Flygplats,21,Byvind,"max, 1 gång/tim",meter per sekund,2022-01-03T12:00:00Z,2022-01-03T13:00:00+01:00,1641211200000,,4.0,4.0,G,,corrected-archive-csv
162860,Luleå-Kallax Flygplats,21,Byvind,"max, 1 gång/tim",meter per sekund,2022-01-03T14:00:00Z,2022-01-03T15:00:00+01:00,1641218400000,,5.0,5.0,G,,corrected-archive-csv
162860,Luleå-Kallax Flygplats,21,Byvind,"max, 1 gång/tim",meter per sekund,2022-01-03T15:00:00Z,2022-01-03T16:00:00+01:00,1641222000000,,6.0,6.0,G,,corrected-archive-csv
162860,Luleå-Kallax Flygplats,21,Byvind,"max, 1 gång/tim",meter per sekund,2022-01-03T19:00:00Z,2022-01-03T20:00:00+01:00,1641236400000,,7.0,7.0,G,,corrected-archive-csv
162860,Luleå-Kallax Flygplats,21,Byvind,"max, 1 gång/tim",meter per sekund,2022-01-03T20:00:00Z,2022-01-03T21:00:00+01:00,1641240000000,,6.0,6.0,G,,corrected-archive-csv
162860,Luleå-Kallax Flygplats,21,Byvind,"max, 1 gång/tim",meter per sekund,2022-01-04T00:00:00Z,2022-01-04T01:00:00+01:00,1641254400000,,5.0,5.0,G,,corrected-archive-csv
162860,Luleå-Kallax Flygplats,21,Byvind,"max, 1 gång/tim",meter per sekund,2022-01-04T02:00:00Z,2022-01-04T03:00:00+01:00,1641261600000,,6.0,6.0,G,,corrected-archive-csv
162860,Luleå-Kallax Flygplats,21,Byvind,"max, 1 gång/tim",meter per sekund,2022-01-04T11:00:00Z,2022-01-04T12:00:00+01:00,1641294000000,,7.0,7.0,G,,corrected-archive-csv
162860,Luleå-Kallax Flygplats,21,Byvind,"max, 1 gång/tim",meter per sekund,2022-01-04T12:00:00Z,2022-01-04T13:00:00+01:00,1641297600000,,6.0,6.0,G,,corrected-archive-csv
162860,Luleå-Kallax Flygplats,21,Byvind,"max, 1 gång/tim",meter per sekund,2022-01-04T15:00:00Z,2022-01-04T16:00:00+01:00,1641308400000,,5.0,5.0,G,,corrected-archive-csv
162860,Luleå-Kallax Flygplats,21,Byvind,"max, 1 gång/tim",meter per sekund,2022-01-04T17:00:00Z,2022-01-04T18:00:00+01:00,1641315600000,,4.0,4.0,G,,corrected-archive-csv
162860,Luleå-Kallax Flygplats,21,Byvind,"max, 1 gång/tim",meter per sekund,2022-01-04T18:00:00Z,2022-01-04T19:00:00+01:00,1641319200000,,5.0,5.0,G,,corrected-archive-csv
162860,Luleå-Kallax Flygplats,21,Byvind,"max, 1 gång/tim",meter per sekund,2022-01-04T21:00:00Z,2022-01-04T22:00:00+01:00,1641330000000,,4.0,4.0,G,,corrected-archive-csv
162860,Luleå-Kallax Flygplats,21,Byvind,"max, 1 gång/tim",meter per sekund,2022-01-04T22:00:00Z,2022-01-04T23:00:00+01:00,1641333600000,,3.0,3.0,G,,corrected-archive-csv
162860,Luleå-Kallax Flygplats,21,Byvind,"max, 1 gång/tim",meter per sekund,2022-01-04T23:00:00Z,2022-01-05T00:00:00+01:00,1641337200000,,4.0,4.0,G,,corrected-archive-csv
162860,Luleå-Kallax Flygplats,21,Byvind,"max, 1 gång/tim",meter per sekund,2022-01-05T06:00:00Z,2022-01-05T07:00:00+01:00,1641362400000,,2.0,2.0,G,,corrected-archive-csv
162860,Luleå-Kallax Flygplats,21,Byvind,"max, 1 gång/tim",meter per sekund,2022-01-05T07:00:00Z,2022-01-05T08:00:00+01:00,1641366000000,,4.0,4.0,G,,corrected-archive-csv
162860,Luleå-Kallax Flygplats,21,Byvind,"max, 1 gång/tim",meter per sekund,2022-01-05T09:00:00Z,2022-01-05T10:00:00+01:00,1641373200000,,3.0,3.0,G,,corrected-archive-csv
162860,Luleå-Kallax Flygplats,21,Byvind,"max, 1 gång/tim",meter per sekund,2022-01-05T10:00:00Z,2022-01-05T11:00:00+01:00,1641376800000,,4.0,4.0,G,,corrected-archive-csv
162860,Luleå-Kallax Flygplats,21,Byvind,"max, 1 gång/tim",meter per sekund,2022-01-05T13:00:00Z,2022-01-05T14:00:00+01:00,1641387600000,,3.0,3.0,G,,corrected-archive-csv
162860,Luleå-Kallax Flygplats,21,Byvind,"max, 1 gång/tim",meter per sekund,2022-01-05T14:00:00Z,2022-01-05T15:00:00+01:00,1641391200000,,5.0,5.0,G,,corrected-archive-csv
162860,Luleå-Kallax Flygplats,21,Byvind,"max, 1 gång/tim",meter per sekund,2022-01-05T16:00:00Z,2022-01-05T17:00:00+01:00,1641398400000,,4.0,4.0,G,,corrected-archive-csv
162860,Luleå-Kallax Flygplats,21,Byvind,"max, 1 gång/tim",meter per sekund,2022-01-05T20:00:00Z,2022-01-05T21:00:00+01:00,1641412800000,,2.0,2.0,G,,corrected-archive-csv
162860,Luleå-Kallax Flygplats,21,Byvind,"max, 1 gång/tim",meter per sekund,2022-01-05T22:00:00Z,2022-01-05T23:00:00+01:00,1641420000000,,1.0,1.0,G,,corrected-archive-csv
162860,Luleå-Kallax Flygplats,21,Byvind,"max, 1 gång/tim",meter per sekund,2022-01-06T02:00:00Z,2022-01-06T03:00:00+01:00,1641434400000,,2.0,2.0,G,,corrected-archive-csv
162860,Luleå-Kallax Flygplats,21,Byvind,"max, 1 gång/tim",meter per sekund,2022-01-06T05:00:00Z,2022-01-06T06:00:00+01:00,1641445200000,,3.0,3.0,G,,corrected-archive-csv
162860,Luleå-Kallax Flygplats,21,Byvind,"max, 1 gång/tim",meter per sekund,2022-01-06T06:00:00Z,2022-01-06T07:00:00+01:00,1641448800000,,4.0,4.0,G,,corrected-archive-csv
162860,Luleå-Kallax Flygplats,21,Byvind,"max, 1 gång/tim",meter per sekund,2022-01-06T07:00:00Z,2022-01-06T08:00:00+01:00,1641452400000,,6.0,6.0,G,,corrected-archive-csv
162860,Luleå-Kallax Flygplats,21,Byvind,"max, 1 gång/tim",meter per sekund,2022-01-06T11:00:00Z,2022-01-06T12:00:00+01:00,1641466800000,,8.0,8.0,G,,corrected-archive-csv
162860,Luleå-Kallax Flygplats,21,Byvind,"max, 1 gång/tim",meter per sekund,2022-01-06T12:00:00Z,2022-01-06T13:00:00+01:00,1641470400000,,9.0,9.0,G,,corrected-archive-csv
162860,Luleå-Kallax Flygplats,21,Byvind,"max, 1 gång/tim",meter per sekund,2022-01-06T13:00:00Z,2022-01-06T14:00:00+01:00,1641474000000,,7.0,7.0,G,,corrected-archive-csv
162860,Luleå-Kallax Flygplats,21,Byvind,"max, 1 gång/tim",meter per sekund,2022-01-06T14:00:00Z,2022-01-06T15:00:00+01:00,1641477600000,,6.0,6.0,G,,corrected-archive-csv
162860,Luleå-Kallax Flygplats,21,Byvind,"max, 1 gång/tim",meter per sekund,2022-01-06T17:00:00Z,2022-01-06T18:00:00+01:00,1641488400000,,5.0,5.0,G,,corrected-archive-csv
162860,Luleå-Kallax Flygplats,21,Byvind,"max, 1 gång/tim",meter per sekund,2022-01-06T19:00:00Z,2022-01-06T20:00:00+01:00,1641495600000,,4.0,4.0,G,,corrected-archive-csv
162860,Luleå-Kallax Flygplats,21,Byvind,"max, 1 gång/tim",meter per sekund,2022-01-06T20:00:00Z,2022-01-06T21:00:00+01:00,1641499200000,,3.0,3.0,G,,corrected-archive-csv
162860,Luleå-Kallax Flygplats,21,Byvind,"max, 1 gång/tim",meter per sekund,2022-01-06T22:00:00Z,2022-01-06T23:00:00+01:00,1641506400000,,4.0,4.0,G,,corrected-archive-csv
162860,Luleå-Kallax Flygplats,21,Byvind,"max, 1 gång/tim",meter per sekund,2022-01-06T23:00:00Z,2022-01-07T00:00:00+01:00,1641510000000,,7.0,7.0,G,,corrected-archive-csv
162860,Luleå-Kallax Flygplats,21,Byvind,"max, 1 gång/tim",meter per sekund,2022-01-07T01:00:00Z,2022-01-07T02:00:00+01:00,1641517200000,,6.0,6.0,G,,corrected-archive-csv
162860,Luleå-Kallax Flygplats,21,Byvind,"max, 1 gång/tim",meter per sekund,2022-01-07T02:00:00Z,2022-01-07T03:00:00+01:00,1641520800000,,5.0,5.0,G,,corrected-archive-csv
162860,Luleå-Kallax Flygplats,21,Byvind,"max, 1 gång/tim",meter per sekund,2022-01-07T08:00:00Z,2022-01-07T09:00:00+01:00,1641542400000,,6.0,6.0,G,,corrected-archive-csv
162860,Luleå-Kallax Flygplats,21,Byvind,"max, 1 gång/tim",meter per sekund,2022-01-07T13:00:00Z,2022-01-07T14:00:00+01:00,1641560400000,,5.0,5.0,G,,corrected-archive-csv
162860,Luleå-Kallax Flygplats,21,Byvind,"max, 1 gång/tim",meter per sekund,2022-01-07T14:00:00Z,2022-01-07T15:00:00+01:00,1641564000000,,4.0,4.0,G,,corrected-archive-csv
162860,Luleå-Kallax Flygplats,21,Byvind,"max, 1 gång/tim",meter per sekund,2022-01-07T17:00:00Z,2022-01-07T18:00:00+01:00,1641574800000,,5.0,5.0,G,,corrected-archive-csv
162860,Luleå-Kallax Flygplats,21,Byvind,"max, 1 gång/tim",meter per sekund,2022-01-07T18:00:00Z,2022-01-07T19:00:00+01:00,1641578400000,,4.0,4.0,G,,corrected-archive-csv
162860,Luleå-Kallax Flygplats,21,Byvind,"max, 1 gång/tim",meter per sekund,2022-01-07T19:00:00Z,2022-01-07T20:00:00+01:00,1641582000000,,3.0,3.0,G,,corrected-archive-csv
162860,Luleå-Kallax Flygplats,21,Byvind,"max, 1 gång/tim",meter per sekund,2022-01-07T22:00:00Z,2022-01-07T23:00:00+01:00,1641592800000,,2.0,2.0,G,,corrected-archive-csv
162860,Luleå-Kallax Flygplats,21,Byvind,"max, 1 gång/tim",meter per sekund,2022-01-08T05:00:00Z,2022-01-08T06:00:00+01:00,1641618000000,,1.0,1.0,G,,corrected-archive-csv
162860,Luleå-Kallax Flygplats,21,Byvind,"max, 1 gång/tim",meter per sekund,2022-01-08T06:00:00Z,2022-01-08T07:00:00+01:00,1641621600000,,2.0,2.0,G,,corrected-archive-csv
162860,Luleå-Kallax Flygplats,21,Byvind,"max, 1 gång/tim",meter per sekund,2022-01-08T07:00:00Z,2022-01-08T08:00:00+01:00,1641625200000,,1.0,1.0,G,,corrected-archive-csv
162860,Luleå-Kallax Flygplats,21,Byvind,"max, 1 gång/tim",meter per sekund,2022-01-08T20:00:00Z,2022-01-08T21:00:00+01:00,1641672000000,,2.0,2.0,G,,corrected-archive-csv
162860,Luleå-Kallax Flygplats,21,Byvind,"max, 1 gång/tim",meter per sekund,2022-01-08T21:00:00Z,2022-01-08T22:00:00+01:00,1641675600000,,1.0,1.0,G,,corrected-archive-csv
162860,Luleå-Kallax Flygplats,21,Byvind,"max, 1 gång/tim",meter per sekund,2022-01-08T23:00:00Z,2022-01-09T00:00:00+01:00,1641682800000,,2.0,2.0,G,,corrected-archive-csv
162860,Luleå-Kallax Flygplats,21,Byvind,"max, 1 gång/tim",meter per sekund,2022-01-09T01:00:00Z,2022-01-09T02:00:00+01:00,1641690000000,,1.0,1.0,G,,corrected-archive-csv
162860,Luleå-Kallax Flygplats,21,Byvind,"max, 1 gång/tim",meter per sekund,2022-01-09T02:00:00Z,2022-01-09T03:00:00+01:00,1641693600000,,2.0,2.0,G,,corrected-archive-csv
162860,Luleå-Kallax Flygplats,21,Byvind,"max, 1 gång/tim",meter per sekund,2022-01-09T07:00:00Z,2022-01-09T08:00:00+01:00,1641711600000,,3.0,3.0,G,,corrected-archive-csv
162860,Luleå-Kallax Flygplats,21,Byvind,"max, 1 gång/tim",meter per sekund,2022-01-09T08:00:00Z,2022-01-09T09:00:00+01:00,1641715200000,,2.0,2.0,G,,corrected-archive-csv
162860,Luleå-Kallax Flygplats,21,Byvind,"max, 1 gång/tim",meter per sekund,2022-01-09T10:00:00Z,2022-01-09T11:00:00+01:00,1641722400000,,3.0,3.0,G,,corrected-archive-csv
162860,Luleå-Kallax Flygplats,21,Byvind,"max, 1 gång/tim",meter per sekund,2022-01-09T11:00:00Z,2022-01-09T12:00:00+01:00,1641726000000,,2.0,2.0,G,,corrected-archive-csv
162860,Luleå-Kallax Flygplats,21,Byvind,"max, 1 gång/tim",meter per sekund,2022-01-09T13:00:00Z,2022-01-09T14:00:00+01:00,1641733200000,,3.0,3.0,G,,corrected-archive-csv
162860,Luleå-Kallax Flygplats,21,Byvind,"max, 1 gång/tim",meter per sekund,2022-01-09T14:00:00Z,2022-01-09T15:00:00+01:00,1641736800000,,2.0,2.0,G,,corrected-archive-csv
162860,Luleå-Kallax Flygplats,21,Byvind,"max, 1 gång/tim",meter per sekund,2022-01-10T00:00:00Z,2022-01-10T01:00:00+01:00,1641772800000,,1.0,1.0,G,,corrected-archive-csv
162860,Luleå-Kallax Flygplats,21,Byvind,"max, 1 gång/tim",meter per sekund,2022-01-10T01:00:00Z,2022-01-10T02:00:00+01:00,1641776400000,,2.0,2.0,G,,corrected-archive-csv
162860,Luleå-Kallax Flygplats,21,Byvind,"max, 1 gång/tim",meter per sekund,2022-01-10T02:00:00Z,2022-01-10T03:00:00+01:00,1641780000000,,1.0,1.0,G,,corrected-archive-csv
162860,Luleå-Kallax Flygplats,21,Byvind,"max, 1 gång/tim",meter per sekund,2022-01-10T03:00:00Z,2022-01-10T04:00:00+01:00,1641783600000,,3.0,3.0,G,,corrected-archive-csv
162860,Luleå-Kallax Flygplats,21,Byvind,"max, 1 gång/tim",meter per sekund,2022-01-10T04:00:00Z,2022-01-10T05:00:00+01:00,1641787200000,,2.0,2.0,G,,corrected-archive-csv
162860,Luleå-Kallax Flygplats,21,Byvind,"max, 1 gång/tim",meter per sekund,2022-01-10T05:00:00Z,2022-01-10T06:00:00+01:00,1641790800000,,1.0,1.0,G,,corrected-archive-csv
162860,Luleå-Kallax Flygplats,21,Byvind,"max, 1 gång/tim",meter per sekund,2022-01-10T08:00:00Z,2022-01-10T09:00:00+01:00,1641801600000,,0.0,0.0,G,,corrected-archive-csv
162860,Luleå-Kallax Flygplats,21,Byvind,"max, 1 gång/tim",meter per sekund,2022-01-10T09:00:00Z,2022-01-10T10:00:00+01:00,1641805200000,,1.0,1.0,G,,corrected-archive-csv
162860,Luleå-Kallax Flygplats,21,Byvind,"max, 1 gång/tim",meter per sekund,2022-01-10T11:00:00Z,2022-01-10T12:00:00+01:00,1641812400000,,2.0,2.0,G,,corrected-archive-csv
162860,Luleå-Kallax Flygplats,21,Byvind,"max, 1 gång/tim",meter per sekund,2022-01-10T15:00:00Z,2022-01-10T16:00:00+01:00,1641826800000,,1.0,1.0,G,,corrected-archive-csv
162860,Luleå-Kallax Flygplats,21,Byvind,"max, 1 gång/tim",meter per sekund,2022-01-10T19:00:00Z,2022-01-10T20:00:00+01:00,1641841200000,,3.0,3.0,G,,corrected-archive-csv
162860,Luleå-Kallax Flygplats,21,Byvind,"max, 1 gång/tim",meter per sekund,2022-01-10T20:00:00Z,2022-01-10T21:00:00+01:00,1641844800000,,5.0,5.0,G,,corrected-archive-csv
162860,Luleå-Kallax Flygplats,21,Byvind,"max, 1 gång/tim",meter per sekund,2022-01-10T22:00:00Z,2022-01-10T23:00:00+01:00,1641852000000,,6.0,6.0,G,,corrected-archive-csv
162860,Luleå-Kallax Flygplats,21,Byvind,"max, 1 gång/tim",meter per sekund,2022-01-10T23:00:00Z,2022-01-11T00:00:00+01:00,1641855600000,,5.0,5.0,G,,corrected-archive-csv
162860,Luleå-Kallax Flygplats,21,Byvind,"max, 1 gång/tim",meter per sekund,2022-01-11T00:00:00Z,2022-01-11T01:00:00+01:00,1641859200000,,7.0,7.0,G,,corrected-archive-csv
162860,Luleå-Kallax Flygplats,21,Byvind,"max, 1 gång/tim",meter per sekund,2022-01-11T02:00:00Z,2022-01-11T03:00:00+01:00,1641866400000,,3.0,3.0,G,,corrected-archive-csv
162860,Luleå-Kallax Flygplats,21,Byvind,"max, 1 gång/tim",meter per sekund,2022-01-11T03:00:00Z,2022-01-11T04:00:00+01:00,1641870000000,,7.0,7.0,G,,corrected-archive-csv
162860,Luleå-Kallax Flygplats,21,Byvind,"max, 1 gång/tim",meter per sekund,2022-01-11T04:00:00Z,2022-01-11T05:00:00+01:00,1641873600000,,5.0,5.0,G,,corrected-archive-csv
162860,Luleå-Kallax Flygplats,21,Byvind,"max, 1 gång/tim",meter per sekund,2022-01-11T05:00:00Z,2022-01-11T06:00:00+01:00,1641877200000,,2.0,2.0,G,,corrected-archive-csv
162860,Luleå-Kallax Flygplats,21,Byvind,"max, 1 gång/tim",meter per sekund,2022-01-11T06:00:00Z,2022-01-11T07:00:00+01:00,1641880800000,,6.0,6.0,G,,corrected-archive-csv
162860,Luleå-Kallax Flygplats,21,Byvind,"max, 1 gång/tim",meter per sekund,2022-01-11T10:00:00Z,2022-01-11T11:00:00+01:00,1641895200000,,7.0,7.0,G,,corrected-archive-csv
162860,Luleå-Kallax Flygplats,21,Byvind,"max, 1 gång/tim",meter per sekund,2022-01-11T13:00:00Z,2022-01-11T14:00:00+01:00,1641906000000,,6.0,6.0,G,,corrected-archive-csv
162860,Luleå-Kallax Flygplats,21,Byvind,"max, 1 gång/tim",meter per sekund,2022-01-11T14:00:00Z,2022-01-11T15:00:00+01:00,1641909600000,,7.0,7.0,G,,corrected-archive-csv
162860,Luleå-Kallax Flygplats,21,Byvind,"max, 1 gång/tim",meter per sekund,2022-01-11T15:00:00Z,2022-01-11T16:00:00+01:00,1641913200000,,6.0,6.0,G,,corrected-archive-csv
162860,Luleå-Kallax Flygplats,21,Byvind,"max, 1 gång/tim",meter per sekund,2022-01-11T18:00:00Z,2022-01-11T19:00:00+01:00,1641924000000,,5.0,5.0,G,,corrected-archive-csv
162860,Luleå-Kallax Flygplats,21,Byvind,"max, 1 gång/tim",meter per sekund,2022-01-11T23:00:00Z,2022-01-12T00:00:00+01:00,1641942000000,,6.0,6.0,G,,corrected-archive-csv
162860,Luleå-Kallax Flygplats,21,Byvind,"max, 1 gång/tim",meter per sekund,2022-01-12T00:00:00Z,2022-01-12T01:00:00+01:00,1641945600000,,4.0,4.0,G,,corrected-archive-csv
162860,Luleå-Kallax Flygplats,21,Byvind,"max, 1 gång/tim",meter per sekund,2022-01-12T01:00:00Z,2022-01-12T02:00:00+01:00,1641949200000,,3.0,3.0,G,,corrected-archive-csv
162860,Luleå-Kallax Flygplats,21,Byvind,"max, 1 gång/tim",meter per sekund,2022-01-12T02:00:00Z,2022-01-12T03:00:00+01:00,1641952800000,,5.0,5.0,G,,corrected-archive-csv
162860,Luleå-Kallax Flygplats,21,Byvind,"max, 1 gång/tim",meter per sekund,2022-01-12T03:00:00Z,2022-01-12T04:00:00+01:00,1641956400000,,6.0,6.0,G,,corrected-archive-csv
162860,Luleå-Kallax Flygplats,21,Byvind,"max, 1 gång/tim",meter per sekund,2022-01-12T06:00:00Z,2022-01-12T07:00:00+01:00,1641967200000,,7.0,7.0,G,,corrected-archive-csv
162860,Luleå-Kallax Flygplats,21,Byvind,"max, 1 gång/tim",meter per sekund,2022-01-12T08:00:00Z,2022-01-12T09:00:00+01:00,1641974400000,,8.0,8.0,G,,corrected-archive-csv
162860,Luleå-Kallax Flygplats,21,Byvind,"max, 1 gång/tim",meter per sekund,2022-01-12T09:00:00Z,2022-01-12T10:00:00+01:00,1641978000000,,9.0,9.0,G,,corrected-archive-csv
162860,Luleå-Kallax Flygplats,21,Byvind,"max, 1 gång/tim",meter per sekund,2022-01-12T10:00:00Z,2022-01-12T11:00:00+01:00,1641981600000,,11.0,11.0,G,,corrected-archive-csv
162860,Luleå-Kallax Flygplats,21,Byvind,"max, 1 gång/tim",meter per sekund,2022-01-12T11:00:00Z,2022-01-12T12:00:00+01:00,1641985200000,,8.0,8.0,G,,corrected-archive-csv
162860,Luleå-Kallax Flygplats,21,Byvind,"max, 1 gång/tim",meter per sekund,2022-01-12T12:00:00Z,2022-01-12T13:00:00+01:00,1641988800000,,9.0,9.0,G,,corrected-archive-csv
162860,Luleå-Kallax Flygplats,21,Byvind,"max, 1 gång/tim",meter per sekund,2022-01-12T15:00:00Z,2022-01-12T16:00:00+01:00,1641999600000,,8.0,8.0,G,,corrected-archive-csv
162860,Luleå-Kallax Flygplats,21,Byvind,"max, 1 gång/tim",meter per sekund,2022-01-12T16:00:00Z,2022-01-12T17:00:00+01:00,1642003200000,,5.0,5.0,G,,corrected-archive-csv
162860,Luleå-Kallax Flygplats,21,Byvind,"max, 1 gång/tim",meter per sekund,2022-01-12T17:00:00Z,2022-01-12T18:00:00+01:00,1642006800000,,6.0,6.0,G,,corrected-archive-csv
162860,Luleå-Kallax Flygplats,21,Byvind,"max, 1 gång/tim",meter per sekund,2022-01-12T18:00:00Z,2022-01-12T19:00:00+01:00,1642010400000,,9.0,9.0,G,,corrected-archive-csv
162860,Luleå-Kallax Flygplats,21,Byvind,"max, 1 gång/tim",meter per sekund,2022-01-12T20:00:00Z,2022-01-12T21:00:00+01:00,1642017600000,,11.0,11.0,G,,corrected-archive-csv
162860,Luleå-Kallax Flygplats,21,Byvind,"max, 1 gång/tim",meter per sekund,2022-01-12T22:00:00Z,2022-01-12T23:00:00+01:00,1642024800000,,10.0,10.0,G,,corrected-archive-csv
162860,Luleå-Kallax Flygplats,21,Byvind,"max, 1 gång/tim",meter per sekund,2022-01-12T23:00:00Z,2022-01-13T00:00:00+01:00,1642028400000,,8.0,8.0,G,,corrected-archive-csv
162860,Luleå-Kallax Flygplats,21,Byvind,"max, 1 gång/tim",meter per sekund,2022-01-13T00:00:00Z,2022-01-13T01:00:00+01:00,1642032000000,,11.0,11.0,G,,corrected-archive-csv
162860,Luleå-Kallax Flygplats,21,Byvind,"max, 1 gång/tim",meter per sekund,2022-01-13T01:00:00Z,2022-01-13T02:00:00+01:00,1642035600000,,17.0,17.0,G,,corrected-archive-csv
162860,Luleå-Kallax Flygplats,21,Byvind,"max, 1 gång/tim",meter per sekund,2022-01-13T03:00:00Z,2022-01-13T04:00:00+01:00,1642042800000,,13.0,13.0,G,,corrected-archive-csv
162860,Luleå-Kallax Flygplats,21,Byvind,"max, 1 gång/tim",meter per sekund,2022-01-13T04:00:00Z,2022-01-13T05:00:00+01:00,1642046400000,,11.0,11.0,G,,corrected-archive-csv
162860,Luleå-Kallax Flygplats,21,Byvind,"max, 1 gång/tim",meter per sekund,2022-01-13T06:00:00Z,2022-01-13T07:00:00+01:00,1642053600000,,13.0,13.0,G,,corrected-archive-csv
162860,Luleå-Kallax Flygplats,21,Byvind,"max, 1 gång/tim",meter per sekund,2022-01-13T07:00:00Z,2022-01-13T08:00:00+01:00,1642057200000,,14.0,14.0,G,,corrected-archive-csv
162860,Luleå-Kallax Flygplats,21,Byvind,"max, 1 gång/tim",meter per sekund,2022-01-13T08:00:00Z,2022-01-13T09:00:00+01:00,1642060800000,,15.0,15.0,G,,corrected-archive-csv
162860,Luleå-Kallax Flygplats,21,Byvind,"max, 1 gång/tim",meter per sekund,2022-01-13T09:00:00Z,2022-01-13T10:00:00+01:00,1642064400000,,14.0,14.0,G,,corrected-archive-csv
162860,Luleå-Kallax Flygplats,21,Byvind,"max, 1 gång/tim",meter per sekund,2022-01-13T10:00:00Z,2022-01-13T11:00:00+01:00,1642068000000,,12.0,12.0,G,,corrected-archive-csv
162860,Luleå-Kallax Flygplats,21,Byvind,"max, 1 gång/tim",meter per sekund,2022-01-13T11:00:00Z,2022-01-13T12:00:00+01:00,1642071600000,,15.0,15.0,G,,corrected-archive-csv
162860,Luleå-Kallax Flygplats,21,Byvind,"max, 1 gång/tim",meter per sekund,2022-01-13T12:00:00Z,2022-01-13T13:00:00+01:00,1642075200000,,12.0,12.0,G,,corrected-archive-csv
162860,Luleå-Kallax Flygplats,21,Byvind,"max, 1 gång/tim",meter per sekund,2022-01-13T14:00:00Z,2022-01-13T15:00:00+01:00,1642082400000,,10.0,10.0,G,,corrected-archive-csv
162860,Luleå-Kallax Flygplats,21,Byvind,"max, 1 gång/tim",meter per sekund,2022-01-13T15:00:00Z,2022-01-13T16:00:00+01:00,1642086000000,,11.0,11.0,G,,corrected-archive-csv
162860,Luleå-Kallax Flygplats,21,Byvind,"max, 1 gång/tim",meter per sekund,2022-01-13T16:00:00Z,2022-01-13T17:00:00+01:00,1642089600000,,10.0,10.0,G,,corrected-archive-csv
162860,Luleå-Kallax Flygplats,21,Byvind,"max, 1 gång/tim",meter per sekund,2022-01-13T18:00:00Z,2022-01-13T19:00:00+01:00,1642096800000,,11.0,11.0,G,,corrected-archive-csv
162860,Luleå-Kallax Flygplats,21,Byvind,"max, 1 gång/tim",meter per sekund,2022-01-13T19:00:00Z,2022-01-13T20:00:00+01:00,1642100400000,,9.0,9.0,G,,corrected-archive-csv
162860,Luleå-Kallax Flygplats,21,Byvind,"max, 1 gång/tim",meter per sekund,2022-01-13T20:00:00Z,2022-01-13T21:00:00+01:00,1642104000000,,12.0,12.0,G,,corrected-archive-csv
162860,Luleå-Kallax Flygplats,21,Byvind,"max, 1 gång/tim",meter per sekund,2022-01-13T21:00:00Z,2022-01-13T22:00:00+01:00,1642107600000,,13.0,13.0,G,,corrected-archive-csv
162860,Luleå-Kallax Flygplats,21,Byvind,"max, 1 gång/tim",meter per sekund,2022-01-13T22:00:00Z,2022-01-13T23:00:00+01:00,1642111200000,,12.0,12.0,G,,corrected-archive-csv
162860,Luleå-Kallax Flygplats,21,Byvind,"max, 1 gång/tim",meter per sekund,2022-01-13T23:00:00Z,2022-01-14T00:00:00+01:00,1642114800000,,13.0,13.0,G,,corrected-archive-csv
162860,Luleå-Kallax Flygplats,21,Byvind,"max, 1 gång/tim",meter per sekund,2022-01-14T00:00:00Z,2022-01-14T01:00:00+01:00,1642118400000,,11.0,11.0,G,,corrected-archive-csv
162860,Luleå-Kallax Flygplats,21,Byvind,"max, 1 gång/tim",meter per sekund,2022-01-14T01:00:00Z,2022-01-14T02:00:00+01:00,1642122000000,,12.0,12.0,G,,corrected-archive-csv
162860,Luleå-Kallax Flygplats,21,Byvind,"max, 1 gång/tim",meter per sekund,2022-01-14T02:00:00Z,2022-01-14T03:00:00+01:00,1642125600000,,13.0,13.0,G,,corrected-archive-csv
162860,Luleå-Kallax Flygplats,21,Byvind,"max, 1 gång/tim",meter per sekund,2022-01-14T03:00:00Z,2022-01-14T04:00:00+01:00,1642129200000,,12.0,12.0,G,,corrected-archive-csv
162860,Luleå-Kallax Flygplats,21,Byvind,"max, 1 gång/tim",meter per sekund,2022-01-14T04:00:00Z,2022-01-14T05:00:00+01:00,1642132800000,,11.0,11.0,G,,corrected-archive-csv
162860,Luleå-Kallax Flygplats,21,Byvind,"max, 1 gång/tim",meter per sekund,2022-01-14T05:00:00Z,2022-01-14T06:00:00+01:00,1642136400000,,12.0,12.0,G,,corrected-archive-csv
162860,Luleå-Kallax Flygplats,21,Byvind,"max, 1 gång/tim",meter per sekund,2022-01-14T07:00:00Z,2022-01-14T08:00:00+01:00,1642143600000,,11.0,11.0,G,,corrected-archive-csv
162860,Luleå-Kallax Flygplats,21,Byvind,"max, 1 gång/tim",meter per sekund,2022-01-14T11:00:00Z,2022-01-14T12:00:00+01:00,1642158000000,,12.0,12.0,G,,corrected-archive-csv
162860,Luleå-Kallax Flygplats,21,Byvind,"max, 1 gång/tim",meter per sekund,2022-01-14T14:00:00Z,2022-01-14T15:00:00+01:00,1642168800000,,11.0,11.0,G,,corrected-archive-csv
162860,Luleå-Kallax Flygplats,21,Byvind,"max, 1 gång/tim",meter per sekund,2022-01-14T15:00:00Z,2022-01-14T16:00:00+01:00,1642172400000,,10.0,10.0,G,,corrected-archive-csv
162860,Luleå-Kallax Flygplats,21,Byvind,"max, 1 gång/tim",meter per sekund,2022-01-14T16:00:00Z,2022-01-14T17:00:00+01:00,1642176000000,,9.0,9.0,G,,corrected-archive-csv
162860,Luleå-Kallax Flygplats,21,Byvind,"max, 1 gång/tim",meter per sekund,2022-01-14T18:00:00Z,2022-01-14T19:00:00+01:00,1642183200000,,8.0,8.0,G,,corrected-archive-csv
162860,Luleå-Kallax Flygplats,21,Byvind,"max, 1 gång/tim",meter per sekund,2022-01-14T19:00:00Z,2022-01-14T20:00:00+01:00,1642186800000,,9.0,9.0,G,,corrected-archive-csv
162860,Luleå-Kallax Flygplats,21,Byvind,"max, 1 gång/tim",meter per sekund,2022-01-14T20:00:00Z,2022-01-14T21:00:00+01:00,1642190400000,,8.0,8.0,G,,corrected-archive-csv
162860,Luleå-Kallax Flygplats,21,Byvind,"max, 1 gång/tim",meter per sekund,2022-01-14T21:00:00Z,2022-01-14T22:00:00+01:00,1642194000000,,10.0,10.0,G,,corrected-archive-csv
162860,Luleå-Kallax Flygplats,21,Byvind,"max, 1 gång/tim",meter per sekund,2022-01-14T22:00:00Z,2022-01-14T23:00:00+01:00,1642197600000,,9.0,9.0,G,,corrected-archive-csv
162860,Luleå-Kallax Flygplats,21,Byvind,"max, 1 gång/tim",meter per sekund,2022-01-15T01:00:00Z,2022-01-15T02:00:00+01:00,1642208400000,,11.0,11.0,G,,corrected-archive-csv
162860,Luleå-Kallax Flygplats,21,Byvind,"max, 1 gång/tim",meter per sekund,2022-01-15T04:00:00Z,2022-01-15T05:00:00+01:00,1642219200000,,12.0,12.0,G,,corrected-archive-csv
162860,Luleå-Kallax Flygplats,21,Byvind,"max, 1 gång/tim",meter per sekund,2022-01-15T05:00:00Z,2022-01-15T06:00:00+01:00,1642222800000,,13.0,13.0,G,,corrected-archive-csv
162860,Luleå-Kallax Flygplats,21,Byvind,"max, 1 gång/tim",meter per sekund,2022-01-15T06:00:00Z,2022-01-15T07:00:00+01:00,1642226400000,,11.0,11.0,G,,corrected-archive-csv
162860,Luleå-Kallax Flygplats,21,Byvind,"max, 1 gång/tim",meter per sekund,2022-01-15T08:00:00Z,2022-01-15T09:00:00+01:00,1642233600000,,7.0,7.0,G,,corrected-archive-csv
162860,Luleå-Kallax Flygplats,21,Byvind,"max, 1 gång/tim",meter per sekund,2022-01-15T09:00:00Z,2022-01-15T10:00:00+01:00,1642237200000,,10.0,10.0,G,,corrected-archive-csv
162860,Luleå-Kallax Flygplats,21,Byvind,"max, 1 gång/tim",meter per sekund,2022-01-15T11:00:00Z,2022-01-15T12:00:00+01:00,1642244400000,,7.0,7.0,G,,corrected-archive-csv
162860,Luleå-Kallax Flygplats,21,Byvind,"max, 1 gång/tim",meter per sekund,2022-01-15T13:00:00Z,2022-01-15T14:00:00+01:00,1642251600000,,5.0,5.0,G,,corrected-archive-csv
162860,Luleå-Kallax Flygplats,21,Byvind,"max, 1 gång/tim",meter per sekund,2022-01-15T16:00:00Z,2022-01-15T17:00:00+01:00,1642262400000,,6.0,6.0,G,,corrected-archive-csv
162860,Luleå-Kallax Flygplats,21,Byvind,"max, 1 gång/tim",meter per sekund,2022-01-15T17:00:00Z,2022-01-15T18:00:00+01:00,1642266000000,,5.0,5.0,G,,corrected-archive-csv
162860,Luleå-Kallax Flygplats,21,Byvind,"max, 1 gång/tim",meter per sekund,2022-01-15T18:00:00Z,2022-01-15T19:00:00+01:00,1642269600000,,4.0,4.0,G,,corrected-archive-csv
162860,Luleå-Kallax Flygplats,21,Byvind,"max, 1 gång/tim",meter per sekund,2022-01-15T19:00:00Z,2022-01-15T20:00:00+01:00,1642273200000,,5.0,5.0,G,,corrected-archive-csv
162860,Luleå-Kallax Flygplats,21,Byvind,"max, 1 gång/tim",meter per sekund,2022-01-15T20:00:00Z,2022-01-15T21:00:00+01:00,1642276800000,,6.0,6.0,G,,corrected-archive-csv
162860,Luleå-Kallax Flygplats,21,Byvind,"max, 1 gång/tim",meter per sekund,2022-01-15T21:00:00Z,2022-01-15T22:00:00+01:00,1642280400000,,7.0,7.0,G,,corrected-archive-csv
162860,Luleå-Kallax Flygplats,21,Byvind,"max, 1 gång/tim",meter per sekund,2022-01-15T22:00:00Z,2022-01-15T23:00:00+01:00,1642284000000,,8.0,8.0,G,,corrected-archive-csv
162860,Luleå-Kallax Flygplats,21,Byvind,"max, 1 gång/tim",meter per sekund,2022-01-15T23:00:00Z,2022-01-16T00:00:00+01:00,1642287600000,,6.0,6.0,G,,corrected-archive-csv
162860,Luleå-Kallax Flygplats,21,Byvind,"max, 1 gång/tim",meter per sekund,2022-01-16T00:00:00Z,2022-01-16T01:00:00+01:00,1642291200000,,8.0,8.0,G,,corrected-archive-csv
162860,Luleå-Kallax Flygplats,21,Byvind,"max, 1 gång/tim",meter per sekund,2022-01-16T02:00:00Z,2022-01-16T03:00:00+01:00,1642298400000,,6.0,6.0,G,,corrected-archive-csv
162860,Luleå-Kallax Flygplats,21,Byvind,"max, 1 gång/tim",meter per sekund,2022-01-16T03:00:00Z,2022-01-16T04:00:00+01:00,1642302000000,,7.0,7.0,G,,corrected-archive-csv
162860,Luleå-Kallax Flygplats,21,Byvind,"max, 1 gång/tim",meter per sekund,2022-01-16T04:00:00Z,2022-01-16T05:00:00+01:00,1642305600000,,9.0,9.0,G,,corrected-archive-csv
162860,Luleå-Kallax Flygplats,21,Byvind,"max, 1 gång/tim",meter per sekund,2022-01-16T06:00:00Z,2022-01-16T07:00:00+01:00,1642312800000,,8.0,8.0,G,,corrected-archive-csv
162860,Luleå-Kallax Flygplats,21,Byvind,"max, 1 gång/tim",meter per sekund,2022-01-16T07:00:00Z,2022-01-16T08:00:00+01:00,1642316400000,,10.0,10.0,G,,corrected-archive-csv
162860,Luleå-Kallax Flygplats,21,Byvind,"max, 1 gång/tim",meter per sekund,2022-01-16T08:00:00Z,2022-01-16T09:00:00+01:00,1642320000000,,9.0,9.0,G,,corrected-archive-csv
162860,Luleå-Kallax Flygplats,21,Byvind,"max, 1 gång/tim",meter per sekund,2022-01-16T11:00:00Z,2022-01-16T12:00:00+01:00,1642330800000,,8.0,8.0,G,,corrected-archive-csv
162860,Luleå-Kallax Flygplats,21,Byvind,"max, 1 gång/tim",meter per sekund,2022-01-16T13:00:00Z,2022-01-16T14:00:00+01:00,1642338000000,,10.0,10.0,G,,corrected-archive-csv
162860,Luleå-Kallax Flygplats,21,Byvind,"max, 1 gång/tim",meter per sekund,2022-01-16T14:00:00Z,2022-01-16T15:00:00+01:00,1642341600000,,14.0,14.0,G,,corrected-archive-csv
162860,Luleå-Kallax Flygplats,21,Byvind,"max, 1 gång/tim",meter per sekund,2022-01-16T15:00:00Z,2022-01-16T16:00:00+01:00,1642345200000,,18.0,18.0,G,,corrected-archive-csv
162860,Luleå-Kallax Flygplats,21,Byvind,"max, 1 gång/tim",meter per sekund,2022-01-16T18:00:00Z,2022-01-16T19:00:00+01:00,1642356000000,,16.0,16.0,G,,corrected-archive-csv
162860,Luleå-Kallax Flygplats,21,Byvind,"max, 1 gång/tim",meter per sekund,2022-01-16T19:00:00Z,2022-01-16T20:00:00+01:00,1642359600000,,15.0,15.0,G,,corrected-archive-csv
162860,Luleå-Kallax Flygplats,21,Byvind,"max, 1 gång/tim",meter per sekund,2022-01-16T21:00:00Z,2022-01-16T22:00:00+01:00,1642366800000,,13.0,13.0,G,,corrected-archive-csv
162860,Luleå-Kallax Flygplats,21,Byvind,"max, 1 gång/tim",meter per sekund,2022-01-16T22:00:00Z,2022-01-16T23:00:00+01:00,1642370400000,,16.0,16.0,G,,corrected-archive-csv
162860,Luleå-Kallax Flygplats,21,Byvind,"max, 1 gång/tim",meter per sekund,2022-01-16T23:00:00Z,2022-01-17T00:00:00+01:00,1642374000000,,17.0,17.0,G,,corrected-archive-csv
162860,Luleå-Kallax Flygplats,21,Byvind,"max, 1 gång/tim",meter per sekund,2022-01-17T00:00:00Z,2022-01-17T01:00:00+01:00,1642377600000,,15.0,15.0,G,,corrected-archive-csv
162860,Luleå-Kallax Flygplats,21,Byvind,"max, 1 gång/tim",meter per sekund,2022-01-17T01:00:00Z,2022-01-17T02:00:00+01:00,1642381200000,,16.0,16.0,G,,corrected-archive-csv
162860,Luleå-Kallax Flygplats,21,Byvind,"max, 1 gång/tim",meter per sekund,2022-01-17T02:00:00Z,2022-01-17T03:00:00+01:00,1642384800000,,17.0,17.0,G,,corrected-archive-csv
162860,Luleå-Kallax Flygplats,21,Byvind,"max, 1 gång/tim",meter per sekund,2022-01-17T03:00:00Z,2022-01-17T04:00:00+01:00,1642388400000,,18.0,18.0,G,,corrected-archive-csv
162860,Luleå-Kallax Flygplats,21,Byvind,"max, 1 gång/tim",meter per sekund,2022-01-17T04:00:00Z,2022-01-17T05:00:00+01:00,1642392000000,,17.0,17.0,G,,corrected-archive-csv
162860,Luleå-Kallax Flygplats,21,Byvind,"max, 1 gång/tim",meter per sekund,2022-01-17T06:00:00Z,2022-01-17T07:00:00+01:00,1642399200000,,15.0,15.0,G,,corrected-archive-csv
162860,Luleå-Kallax Flygplats,21,Byvind,"max, 1 gång/tim",meter per sekund,2022-01-17T07:00:00Z,2022-01-17T08:00:00+01:00,1642402800000,,12.0,12.0,G,,corrected-archive-csv
162860,Luleå-Kallax Flygplats,21,Byvind,"max, 1 gång/tim",meter per sekund,2022-01-17T08:00:00Z,2022-01-17T09:00:00+01:00,1642406400000,,13.0,13.0,G,,corrected-archive-csv
162860,Luleå-Kallax Flygplats,21,Byvind,"max, 1 gång/tim",meter per sekund,2022-01-17T09:00:00Z,2022-01-17T10:00:00+01:00,1642410000000,,11.0,11.0,G,,corrected-archive-csv
162860,Luleå-Kallax Flygplats,21,Byvind,"max, 1 gång/tim",meter per sekund,2022-01-17T11:00:00Z,2022-01-17T12:00:00+01:00,1642417200000,,9.0,9.0,G,,corrected-archive-csv
162860,Luleå-Kallax Flygplats,21,Byvind,"max, 1 gång/tim",meter per sekund,2022-01-17T13:00:00Z,2022-01-17T14:00:00+01:00,1642424400000,,14.0,14.0,G,,corrected-archive-csv
162860,Luleå-Kallax Flygplats,21,Byvind,"max, 1 gång/tim",meter per sekund,2022-01-17T14:00:00Z,2022-01-17T15:00:00+01:00,1642428000000,,12.0,12.0,G,,corrected-archive-csv
162860,Luleå-Kallax Flygplats,21,Byvind,"max, 1 gång/tim",meter per sekund,2022-01-17T16:00:00Z,2022-01-17T17:00:00+01:00,1642435200000,,11.0,11.0,G,,corrected-archive-csv
162860,Luleå-Kallax Flygplats,21,Byvind,"max, 1 gång/tim",meter per sekund,2022-01-17T18:00:00Z,2022-01-17T19:00:00+01:00,1642442400000,,12.0,12.0,G,,corrected-archive-csv
162860,Luleå-Kallax Flygplats,21,Byvind,"max, 1 gång/tim",meter per sekund,2022-01-17T19:00:00Z,2022-01-17T20:00:00+01:00,1642446000000,,11.0,11.0,G,,corrected-archive-csv
162860,Luleå-Kallax Flygplats,21,Byvind,"max, 1 gång/tim",meter per sekund,2022-01-17T20:00:00Z,2022-01-17T21:00:00+01:00,1642449600000,,12.0,12.0,G,,corrected-archive-csv
162860,Luleå-Kallax Flygplats,21,Byvind,"max, 1 gång/tim",meter per sekund,2022-01-17T21:00:00Z,2022-01-17T22:00:00+01:00,1642453200000,,11.0,11.0,G,,corrected-archive-csv
162860,Luleå-Kallax Flygplats,21,Byvind,"max, 1 gång/tim",meter per sekund,2022-01-17T22:00:00Z,2022-01-17T23:00:00+01:00,1642456800000,,9.0,9.0,G,,corrected-archive-csv
162860,Luleå-Kallax Flygplats,21,Byvind,"max, 1 gång/tim",meter per sekund,2022-01-18T01:00:00Z,2022-01-18T02:00:00+01:00,1642467600000,,7.0,7.0,G,,corrected-archive-csv
162860,Luleå-Kallax Flygplats,21,Byvind,"max, 1 gång/tim",meter per sekund,2022-01-18T03:00:00Z,2022-01-18T04:00:00+01:00,1642474800000,,6.0,6.0,G,,corrected-archive-csv
162860,Luleå-Kallax Flygplats,21,Byvind,"max, 1 gång/tim",meter per sekund,2022-01-18T05:00:00Z,2022-01-18T06:00:00+01:00,1642482000000,,2.0,2.0,G,,corrected-archive-csv
162860,Luleå-Kallax Flygplats,21,Byvind,"max, 1 gång/tim",meter per sekund,2022-01-18T06:00:00Z,2022-01-18T07:00:00+01:00,1642485600000,,4.0,4.0,G,,corrected-archive-csv
162860,Luleå-Kallax Flygplats,21,Byvind,"max, 1 gång/tim",meter per sekund,2022-01-18T08:00:00Z,2022-01-18T09:00:00+01:00,1642492800000,,5.0,5.0,G,,corrected-archive-csv
162860,Luleå-Kallax Flygplats,21,Byvind,"max, 1 gång/tim",meter per sekund,2022-01-18T10:00:00Z,2022-01-18T11:00:00+01:00,1642500000000,,6.0,6.0,G,,corrected-archive-csv
162860,Luleå-Kallax Flygplats,21,Byvind,"max, 1 gång/tim",meter per sekund,2022-01-18T11:00:00Z,2022-01-18T12:00:00+01:00,1642503600000,,8.0,8.0,G,,corrected-archive-csv
162860,Luleå-Kallax Flygplats,21,Byvind,"max, 1 gång/tim",meter per sekund,2022-01-18T13:00:00Z,2022-01-18T14:00:00+01:00,1642510800000,,5.0,5.0,G,,corrected-archive-csv
162860,Luleå-Kallax Flygplats,21,Byvind,"max, 1 gång/tim",meter per sekund,2022-01-18T14:00:00Z,2022-01-18T15:00:00+01:00,1642514400000,,7.0,7.0,G,,corrected-archive-csv
162860,Luleå-Kallax Flygplats,21,Byvind,"max, 1 gång/tim",meter per sekund,2022-01-18T15:00:00Z,2022-01-18T16:00:00+01:00,1642518000000,,6.0,6.0,G,,corrected-archive-csv
162860,Luleå-Kallax Flygplats,21,Byvind,"max, 1 gång/tim",meter per sekund,2022-01-18T17:00:00Z,2022-01-18T18:00:00+01:00,1642525200000,,5.0,5.0,G,,corrected-archive-csv
162860,Luleå-Kallax Flygplats,21,Byvind,"max, 1 gång/tim",meter per sekund,2022-01-18T18:00:00Z,2022-01-18T19:00:00+01:00,1642528800000,,7.0,7.0,G,,corrected-archive-csv
162860,Luleå-Kallax Flygplats,21,Byvind,"max, 1 gång/tim",meter per sekund,2022-01-18T19:00:00Z,2022-01-18T20:00:00+01:00,1642532400000,,9.0,9.0,G,,corrected-archive-csv
162860,Luleå-Kallax Flygplats,21,Byvind,"max, 1 gång/tim",meter per sekund,2022-01-18T21:00:00Z,2022-01-18T22:00:00+01:00,1642539600000,,8.0,8.0,G,,corrected-archive-csv
162860,Luleå-Kallax Flygplats,21,Byvind,"max, 1 gång/tim",meter per sekund,2022-01-18T22:00:00Z,2022-01-18T23:00:00+01:00,1642543200000,,7.0,7.0,G,,corrected-archive-csv
162860,Luleå-Kallax Flygplats,21,Byvind,"max, 1 gång/tim",meter per sekund,2022-01-18T23:00:00Z,2022-01-19T00:00:00+01:00,1642546800000,,6.0,6.0,G,,corrected-archive-csv
162860,Luleå-Kallax Flygplats,21,Byvind,"max, 1 gång/tim",meter per sekund,2022-01-19T01:00:00Z,2022-01-19T02:00:00+01:00,1642554000000,,9.0,9.0,G,,corrected-archive-csv
162860,Luleå-Kallax Flygplats,21,Byvind,"max, 1 gång/tim",meter per sekund,2022-01-19T02:00:00Z,2022-01-19T03:00:00+01:00,1642557600000,,8.0,8.0,G,,corrected-archive-csv
162860,Luleå-Kallax Flygplats,21,Byvind,"max, 1 gång/tim",meter per sekund,2022-01-19T03:00:00Z,2022-01-19T04:00:00+01:00,1642561200000,,12.0,12.0,G,,corrected-archive-csv
162860,Luleå-Kallax Flygplats,21,Byvind,"max, 1 gång/tim",meter per sekund,2022-01-19T05:00:00Z,2022-01-19T06:00:00+01:00,1642568400000,,9.0,9.0,G,,corrected-archive-csv
162860,Luleå-Kallax Flygplats,21,Byvind,"max, 1 gång/tim",meter per sekund,2022-01-19T07:00:00Z,2022-01-19T08:00:00+01:00,1642575600000,,7.0,7.0,G,,corrected-archive-csv
162860,Luleå-Kallax Flygplats,21,Byvind,"max, 1 gång/tim",meter per sekund,2022-01-19T08:00:00Z,2022-01-19T09:00:00+01:00,1642579200000,,9.0,9.0,G,,corrected-archive-csv
162860,Luleå-Kallax Flygplats,21,Byvind,"max, 1 gång/tim",meter per sekund,2022-01-19T09:00:00Z,2022-01-19T10:00:00+01:00,1642582800000,,7.0,7.0,G,,corrected-archive-csv
162860,Luleå-Kallax Flygplats,21,Byvind,"max, 1 gång/tim",meter per sekund,2022-01-19T10:00:00Z,2022-01-19T11:00:00+01:00,1642586400000,,8.0,8.0,G,,corrected-archive-csv
162860,Luleå-Kallax Flygplats,21,Byvind,"max, 1 gång/tim",meter per sekund,2022-01-19T11:00:00Z,2022-01-19T12:00:00+01:00,1642590000000,,6.0,6.0,G,,corrected-archive-csv
162860,Luleå-Kallax Flygplats,21,Byvind,"max, 1 gång/tim",meter per sekund,2022-01-19T13:00:00Z,2022-01-19T14:00:00+01:00,1642597200000,,5.0,5.0,G,,corrected-archive-csv
162860,Luleå-Kallax Flygplats,21,Byvind,"max, 1 gång/tim",meter per sekund,2022-01-19T14:00:00Z,2022-01-19T15:00:00+01:00,1642600800000,,4.0,4.0,G,,corrected-archive-csv
162860,Luleå-Kallax Flygplats,21,Byvind,"max, 1 gång/tim",meter per sekund,2022-01-19T15:00:00Z,2022-01-19T16:00:00+01:00,1642604400000,,6.0,6.0,G,,corrected-archive-csv
162860,Luleå-Kallax Flygplats,21,Byvind,"max, 1 gång/tim",meter per sekund,2022-01-19T17:00:00Z,2022-01-19T18:00:00+01:00,1642611600000,,9.0,9.0,G,,corrected-archive-csv
162860,Luleå-Kallax Flygplats,21,Byvind,"max, 1 gång/tim",meter per sekund,2022-01-19T20:00:00Z,2022-01-19T21:00:00+01:00,1642622400000,,10.0,10.0,G,,corrected-archive-csv
162860,Luleå-Kallax Flygplats,21,Byvind,"max, 1 gång/tim",meter per sekund,2022-01-19T21:00:00Z,2022-01-19T22:00:00+01:00,1642626000000,,11.0,11.0,G,,corrected-archive-csv
162860,Luleå-Kallax Flygplats,21,Byvind,"max, 1 gång/tim",meter per sekund,2022-01-19T23:00:00Z,2022-01-20T00:00:00+01:00,1642633200000,,10.0,10.0,G,,corrected-archive-csv
162860,Luleå-Kallax Flygplats,21,Byvind,"max, 1 gång/tim",meter per sekund,2022-01-20T00:00:00Z,2022-01-20T01:00:00+01:00,1642636800000,,12.0,12.0,G,,corrected-archive-csv
162860,Luleå-Kallax Flygplats,21,Byvind,"max, 1 gång/tim",meter per sekund,2022-01-20T01:00:00Z,2022-01-20T02:00:00+01:00,1642640400000,,10.0,10.0,G,,corrected-archive-csv
162860,Luleå-Kallax Flygplats,21,Byvind,"max, 1 gång/tim",meter per sekund,2022-01-20T03:00:00Z,2022-01-20T04:00:00+01:00,1642647600000,,11.0,11.0,G,,corrected-archive-csv
162860,Luleå-Kallax Flygplats,21,Byvind,"max, 1 gång/tim",meter per sekund,2022-01-20T05:00:00Z,2022-01-20T06:00:00+01:00,1642654800000,,12.0,12.0,G,,corrected-archive-csv
162860,Luleå-Kallax Flygplats,21,Byvind,"max, 1 gång/tim",meter per sekund,2022-01-20T06:00:00Z,2022-01-20T07:00:00+01:00,1642658400000,,9.0,9.0,G,,corrected-archive-csv
162860,Luleå-Kallax Flygplats,21,Byvind,"max, 1 gång/tim",meter per sekund,2022-01-20T07:00:00Z,2022-01-20T08:00:00+01:00,1642662000000,,10.0,10.0,G,,corrected-archive-csv
162860,Luleå-Kallax Flygplats,21,Byvind,"max, 1 gång/tim",meter per sekund,2022-01-20T08:00:00Z,2022-01-20T09:00:00+01:00,1642665600000,,9.0,9.0,G,,corrected-archive-csv
162860,Luleå-Kallax Flygplats,21,Byvind,"max, 1 gång/tim",meter per sekund,2022-01-20T09:00:00Z,2022-01-20T10:00:00+01:00,1642669200000,,7.0,7.0,G,,corrected-archive-csv
162860,Luleå-Kallax Flygplats,21,Byvind,"max, 1 gång/tim",meter per sekund,2022-01-20T12:00:00Z,2022-01-20T13:00:00+01:00,1642680000000,,9.0,9.0,G,,corrected-archive-csv
162860,Luleå-Kallax Flygplats,21,Byvind,"max, 1 gång/tim",meter per sekund,2022-01-20T13:00:00Z,2022-01-20T14:00:00+01:00,1642683600000,,11.0,11.0,G,,corrected-archive-csv
162860,Luleå-Kallax Flygplats,21,Byvind,"max, 1 gång/tim",meter per sekund,2022-01-20T14:00:00Z,2022-01-20T15:00:00+01:00,1642687200000,,12.0,12.0,G,,corrected-archive-csv
162860,Luleå-Kallax Flygplats,21,Byvind,"max, 1 gång/tim",meter per sekund,2022-01-20T15:00:00Z,2022-01-20T16:00:00+01:00,1642690800000,,10.0,10.0,G,,corrected-archive-csv
162860,Luleå-Kallax Flygplats,21,Byvind,"max, 1 gång/tim",meter per sekund,2022-01-20T16:00:00Z,2022-01-20T17:00:00+01:00,1642694400000,,11.0,11.0,G,,corrected-archive-csv
162860,Luleå-Kallax Flygplats,21,Byvind,"max, 1 gång/tim",meter per sekund,2022-01-20T18:00:00Z,2022-01-20T19:00:00+01:00,1642701600000,,12.0,12.0,G,,corrected-archive-csv
162860,Luleå-Kallax Flygplats,21,Byvind,"max, 1 gång/tim",meter per sekund,2022-01-20T19:00:00Z,2022-01-20T20:00:00+01:00,1642705200000,,11.0,11.0,G,,corrected-archive-csv
162860,Luleå-Kallax Flygplats,21,Byvind,"max, 1 gång/tim",meter per sekund,2022-01-20T20:00:00Z,2022-01-20T21:00:00+01:00,1642708800000,,12.0,12.0,G,,corrected-archive-csv
162860,Luleå-Kallax Flygplats,21,Byvind,"max, 1 gång/tim",meter per sekund,2022-01-20T22:00:00Z,2022-01-20T23:00:00+01:00,1642716000000,,11.0,11.0,G,,corrected-archive-csv
162860,Luleå-Kallax Flygplats,21,Byvind,"max, 1 gång/tim",meter per sekund,2022-01-20T23:00:00Z,2022-01-21T00:00:00+01:00,1642719600000,,12.0,12.0,G,,corrected-archive-csv
162860,Luleå-Kallax Flygplats,21,Byvind,"max, 1 gång/tim",meter per sekund,2022-01-21T02:00:00Z,2022-01-21T03:00:00+01:00,1642730400000,,11.0,11.0,G,,corrected-archive-csv
162860,Luleå-Kallax Flygplats,21,Byvind,"max, 1 gång/tim",meter per sekund,2022-01-21T03:00:00Z,2022-01-21T04:00:00+01:00,1642734000000,,10.0,10.0,G,,corrected-archive-csv
162860,Luleå-Kallax Flygplats,21,Byvind,"max, 1 gång/tim",meter per sekund,2022-01-21T04:00:00Z,2022-01-21T05:00:00+01:00,1642737600000,,11.0,11.0,G,,corrected-archive-csv
162860,Luleå-Kallax Flygplats,21,Byvind,"max, 1 gång/tim",meter per sekund,2022-01-21T05:00:00Z,2022-01-21T06:00:00+01:00,1642741200000,,12.0,12.0,G,,corrected-archive-csv
162860,Luleå-Kallax Flygplats,21,Byvind,"max, 1 gång/tim",meter per sekund,2022-01-21T06:00:00Z,2022-01-21T07:00:00+01:00,1642744800000,,13.0,13.0,G,,corrected-archive-csv
162860,Luleå-Kallax Flygplats,21,Byvind,"max, 1 gång/tim",meter per sekund,2022-01-21T07:00:00Z,2022-01-21T08:00:00+01:00,1642748400000,,12.0,12.0,G,,corrected-archive-csv
162860,Luleå-Kallax Flygplats,21,Byvind,"max, 1 gång/tim",meter per sekund,2022-01-21T08:00:00Z,2022-01-21T09:00:00+01:00,1642752000000,,11.0,11.0,G,,corrected-archive-csv
162860,Luleå-Kallax Flygplats,21,Byvind,"max, 1 gång/tim",meter per sekund,2022-01-21T09:00:00Z,2022-01-21T10:00:00+01:00,1642755600000,,9.0,9.0,G,,corrected-archive-csv
162860,Luleå-Kallax Flygplats,21,Byvind,"max, 1 gång/tim",meter per sekund,2022-01-21T12:00:00Z,2022-01-21T13:00:00+01:00,1642766400000,,10.0,10.0,G,,corrected-archive-csv
162860,Luleå-Kallax Flygplats,21,Byvind,"max, 1 gång/tim",meter per sekund,2022-01-21T13:00:00Z,2022-01-21T14:00:00+01:00,1642770000000,,9.0,9.0,G,,corrected-archive-csv
162860,Luleå-Kallax Flygplats,21,Byvind,"max, 1 gång/tim",meter per sekund,2022-01-21T14:00:00Z,2022-01-21T15:00:00+01:00,1642773600000,,7.0,7.0,G,,corrected-archive-csv
162860,Luleå-Kallax Flygplats,21,Byvind,"max, 1 gång/tim",meter per sekund,2022-01-21T15:00:00Z,2022-01-21T16:00:00+01:00,1642777200000,,6.0,6.0,G,,corrected-archive-csv
162860,Luleå-Kallax Flygplats,21,Byvind,"max, 1 gång/tim",meter per sekund,2022-01-21T16:00:00Z,2022-01-21T17:00:00+01:00,1642780800000,,5.0,5.0,G,,corrected-archive-csv
162860,Luleå-Kallax Flygplats,21,Byvind,"max, 1 gång/tim",meter per sekund,2022-01-21T17:00:00Z,2022-01-21T18:00:00+01:00,1642784400000,,4.0,4.0,G,,corrected-archive-csv
162860,Luleå-Kallax Flygplats,21,Byvind,"max, 1 gång/tim",meter per sekund,2022-01-21T19:00:00Z,2022-01-21T20:00:00+01:00,1642791600000,,5.0,5.0,G,,corrected-archive-csv
162860,Luleå-Kallax Flygplats,21,Byvind,"max, 1 gång/tim",meter per sekund,2022-01-21T20:00:00Z,2022-01-21T21:00:00+01:00,1642795200000,,4.0,4.0,G,,corrected-archive-csv
162860,Luleå-Kallax Flygplats,21,Byvind,"max, 1 gång/tim",meter per sekund,2022-01-22T00:00:00Z,2022-01-22T01:00:00+01:00,1642809600000,,3.0,3.0,G,,corrected-archive-csv
162860,Luleå-Kallax Flygplats,21,Byvind,"max, 1 gång/tim",meter per sekund,2022-01-22T01:00:00Z,2022-01-22T02:00:00+01:00,1642813200000,,2.0,2.0,G,,corrected-archive-csv
162860,Luleå-Kallax Flygplats,21,Byvind,"max, 1 gång/tim",meter per sekund,2022-01-22T06:00:00Z,2022-01-22T07:00:00+01:00,1642831200000,,4.0,4.0,G,,corrected-archive-csv
162860,Luleå-Kallax Flygplats,21,Byvind,"max, 1 gång/tim",meter per sekund,2022-01-22T07:00:00Z,2022-01-22T08:00:00+01:00,1642834800000,,6.0,6.0,G,,corrected-archive-csv
162860,Luleå-Kallax Flygplats,21,Byvind,"max, 1 gång/tim",meter per sekund,2022-01-22T08:00:00Z,2022-01-22T09:00:00+01:00,1642838400000,,8.0,8.0,G,,corrected-archive-csv
162860,Luleå-Kallax Flygplats,21,Byvind,"max, 1 gång/tim",meter per sekund,2022-01-22T10:00:00Z,2022-01-22T11:00:00+01:00,1642845600000,,7.0,7.0,G,,corrected-archive-csv
162860,Luleå-Kallax Flygplats,21,Byvind,"max, 1 gång/tim",meter per sekund,2022-01-22T11:00:00Z,2022-01-22T12:00:00+01:00,1642849200000,,9.0,9.0,G,,corrected-archive-csv
162860,Luleå-Kallax Flygplats,21,Byvind,"max, 1 gång/tim",meter per sekund,2022-01-22T15:00:00Z,2022-01-22T16:00:00+01:00,1642863600000,,10.0,10.0,G,,corrected-archive-csv
162860,Luleå-Kallax Flygplats,21,Byvind,"max, 1 gång/tim",meter per sekund,2022-01-22T16:00:00Z,2022-01-22T17:00:00+01:00,1642867200000,,9.0,9.0,G,,corrected-archive-csv
162860,Luleå-Kallax Flygplats,21,Byvind,"max, 1 gång/tim",meter per sekund,2022-01-22T17:00:00Z,2022-01-22T18:00:00+01:00,1642870800000,,8.0,8.0,G,,corrected-archive-csv
162860,Luleå-Kallax Flygplats,21,Byvind,"max, 1 gång/tim",meter per sekund,2022-01-22T19:00:00Z,2022-01-22T20:00:00+01:00,1642878000000,,9.0,9.0,G,,corrected-archive-csv
162860,Luleå-Kallax Flygplats,21,Byvind,"max, 1 gång/tim",meter per sekund,2022-01-22T20:00:00Z,2022-01-22T21:00:00+01:00,1642881600000,,10.0,10.0,G,,corrected-archive-csv
162860,Luleå-Kallax Flygplats,21,Byvind,"max, 1 gång/tim",meter per sekund,2022-01-22T21:00:00Z,2022-01-22T22:00:00+01:00,1642885200000,,9.0,9.0,G,,corrected-archive-csv
162860,Luleå-Kallax Flygplats,21,Byvind,"max, 1 gång/tim",meter per sekund,2022-01-22T22:00:00Z,2022-01-22T23:00:00+01:00,1642888800000,,10.0,10.0,G,,corrected-archive-csv
162860,Luleå-Kallax Flygplats,21,Byvind,"max, 1 gång/tim",meter per sekund,2022-01-22T23:00:00Z,2022-01-23T00:00:00+01:00,1642892400000,,9.0,9.0,G,,corrected-archive-csv
162860,Luleå-Kallax Flygplats,21,Byvind,"max, 1 gång/tim",meter per sekund,2022-01-23T01:00:00Z,2022-01-23T02:00:00+01:00,1642899600000,,7.0,7.0,G,,corrected-archive-csv
162860,Luleå-Kallax Flygplats,21,Byvind,"max, 1 gång/tim",meter per sekund,2022-01-23T08:00:00Z,2022-01-23T09:00:00+01:00,1642924800000,,6.0,6.0,G,,corrected-archive-csv
162860,Luleå-Kallax Flygplats,21,Byvind,"max, 1 gång/tim",meter per sekund,2022-01-23T09:00:00Z,2022-01-23T10:00:00+01:00,1642928400000,,8.0,8.0,G,,corrected-archive-csv
162860,Luleå-Kallax Flygplats,21,Byvind,"max, 1 gång/tim",meter per sekund,2022-01-23T10:00:00Z,2022-01-23T11:00:00+01:00,1642932000000,,7.0,7.0,G,,corrected-archive-csv
162860,Luleå-Kallax Flygplats,21,Byvind,"max, 1 gång/tim",meter per sekund,2022-01-23T11:00:00Z,2022-01-23T12:00:00+01:00,1642935600000,,9.0,9.0,G,,corrected-archive-csv
162860,Luleå-Kallax Flygplats,21,Byvind,"max, 1 gång/tim",meter per sekund,2022-01-23T12:00:00Z,2022-01-23T13:00:00+01:00,1642939200000,,8.0,8.0,G,,corrected-archive-csv
162860,Luleå-Kallax Flygplats,21,Byvind,"max, 1 gång/tim",meter per sekund,2022-01-23T13:00:00Z,2022-01-23T14:00:00+01:00,1642942800000,,7.0,7.0,G,,corrected-archive-csv
162860,Luleå-Kallax Flygplats,21,Byvind,"max, 1 gång/tim",meter per sekund,2022-01-23T15:00:00Z,2022-01-23T16:00:00+01:00,1642950000000,,8.0,8.0,G,,corrected-archive-csv
162860,Luleå-Kallax Flygplats,21,Byvind,"max, 1 gång/tim",meter per sekund,2022-01-23T16:00:00Z,2022-01-23T17:00:00+01:00,1642953600000,,6.0,6.0,G,,corrected-archive-csv
162860,Luleå-Kallax Flygplats,21,Byvind,"max, 1 gång/tim",meter per sekund,2022-01-23T17:00:00Z,2022-01-23T18:00:00+01:00,1642957200000,,7.0,7.0,G,,corrected-archive-csv
162860,Luleå-Kallax Flygplats,21,Byvind,"max, 1 gång/tim",meter per sekund,2022-01-23T18:00:00Z,2022-01-23T19:00:00+01:00,1642960800000,,8.0,8.0,G,,corrected-archive-csv
162860,Luleå-Kallax Flygplats,21,Byvind,"max, 1 gång/tim",meter per sekund,2022-01-23T19:00:00Z,2022-01-23T20:00:00+01:00,1642964400000,,11.0,11.0,G,,corrected-archive-csv
162860,Luleå-Kallax Flygplats,21,Byvind,"max, 1 gång/tim",meter per sekund,2022-01-23T20:00:00Z,2022-01-23T21:00:00+01:00,1642968000000,,13.0,13.0,G,,corrected-archive-csv
162860,Luleå-Kallax Flygplats,21,Byvind,"max, 1 gång/tim",meter per sekund,2022-01-23T21:00:00Z,2022-01-23T22:00:00+01:00,1642971600000,,11.0,11.0,G,,corrected-archive-csv
162860,Luleå-Kallax Flygplats,21,Byvind,"max, 1 gång/tim",meter per sekund,2022-01-23T22:00:00Z,2022-01-23T23:00:00+01:00,1642975200000,,10.0,10.0,G,,corrected-archive-csv
162860,Luleå-Kallax Flygplats,21,Byvind,"max, 1 gång/tim",meter per sekund,2022-01-23T23:00:00Z,2022-01-24T00:00:00+01:00,1642978800000,,8.0,8.0,G,,corrected-archive-csv
162860,Luleå-Kallax Flygplats,21,Byvind,"max, 1 gång/tim",meter per sekund,2022-01-24T00:00:00Z,2022-01-24T01:00:00+01:00,1642982400000,,9.0,9.0,G,,corrected-archive-csv
162860,Luleå-Kallax Flygplats,21,Byvind,"max, 1 gång/tim",meter per sekund,2022-01-24T01:00:00Z,2022-01-24T02:00:00+01:00,1642986000000,,10.0,10.0,G,,corrected-archive-csv
162860,Luleå-Kallax Flygplats,21,Byvind,"max, 1 gång/tim",meter per sekund,2022-01-24T02:00:00Z,2022-01-24T03:00:00+01:00,1642989600000,,11.0,11.0,G,,corrected-archive-csv
162860,Luleå-Kallax Flygplats,21,Byvind,"max, 1 gång/tim",meter per sekund,2022-01-24T04:00:00Z,2022-01-24T05:00:00+01:00,1642996800000,,10.0,10.0,G,,corrected-archive-csv
162860,Luleå-Kallax Flygplats,21,Byvind,"max, 1 gång/tim",meter per sekund,2022-01-24T06:00:00Z,2022-01-24T07:00:00+01:00,1643004000000,,12.0,12.0,G,,corrected-archive-csv
162860,Luleå-Kallax Flygplats,21,Byvind,"max, 1 gång/tim",meter per sekund,2022-01-24T07:00:00Z,2022-01-24T08:00:00+01:00,1643007600000,,11.0,11.0,G,,corrected-archive-csv
162860,Luleå-Kallax Flygplats,21,Byvind,"max, 1 gång/tim",meter per sekund,2022-01-24T08:00:00Z,2022-01-24T09:00:00+01:00,1643011200000,,10.0,10.0,G,,corrected-archive-csv
162860,Luleå-Kallax Flygplats,21,Byvind,"max, 1 gång/tim",meter per sekund,2022-01-24T09:00:00Z,2022-01-24T10:00:00+01:00,1643014800000,,8.0,8.0,G,,corrected-archive-csv
162860,Luleå-Kallax Flygplats,21,Byvind,"max, 1 gång/tim",meter per sekund,2022-01-24T10:00:00Z,2022-01-24T11:00:00+01:00,1643018400000,,6.0,6.0,G,,corrected-archive-csv
162860,Luleå-Kallax Flygplats,21,Byvind,"max, 1 gång/tim",meter per sekund,2022-01-24T11:00:00Z,2022-01-24T12:00:00+01:00,1643022000000,,8.0,8.0,G,,corrected-archive-csv
162860,Luleå-Kallax Flygplats,21,Byvind,"max, 1 gång/tim",meter per sekund,2022-01-24T12:00:00Z,2022-01-24T13:00:00+01:00,1643025600000,,11.0,11.0,G,,corrected-archive-csv
162860,Luleå-Kallax Flygplats,21,Byvind,"max, 1 gång/tim",meter per sekund,2022-01-24T13:00:00Z,2022-01-24T14:00:00+01:00,1643029200000,,10.0,10.0,G,,corrected-archive-csv
162860,Luleå-Kallax Flygplats,21,Byvind,"max, 1 gång/tim",meter per sekund,2022-01-24T14:00:00Z,2022-01-24T15:00:00+01:00,1643032800000,,7.0,7.0,G,,corrected-archive-csv
162860,Luleå-Kallax Flygplats,21,Byvind,"max, 1 gång/tim",meter per sekund,2022-01-24T15:00:00Z,2022-01-24T16:00:00+01:00,1643036400000,,5.0,5.0,G,,corrected-archive-csv
162860,Luleå-Kallax Flygplats,21,Byvind,"max, 1 gång/tim",meter per sekund,2022-01-24T16:00:00Z,2022-01-24T17:00:00+01:00,1643040000000,,9.0,9.0,G,,corrected-archive-csv
162860,Luleå-Kallax Flygplats,21,Byvind,"max, 1 gång/tim",meter per sekund,2022-01-24T18:00:00Z,2022-01-24T19:00:00+01:00,1643047200000,,11.0,11.0,G,,corrected-archive-csv
162860,Luleå-Kallax Flygplats,21,Byvind,"max, 1 gång/tim",meter per sekund,2022-01-24T20:00:00Z,2022-01-24T21:00:00+01:00,1643054400000,,8.0,8.0,G,,corrected-archive-csv
162860,Luleå-Kallax Flygplats,21,Byvind,"max, 1 gång/tim",meter per sekund,2022-01-24T21:00:00Z,2022-01-24T22:00:00+01:00,1643058000000,,11.0,11.0,G,,corrected-archive-csv
162860,Luleå-Kallax Flygplats,21,Byvind,"max, 1 gång/tim",meter per sekund,2022-01-24T22:00:00Z,2022-01-24T23:00:00+01:00,1643061600000,,13.0,13.0,G,,corrected-archive-csv
162860,Luleå-Kallax Flygplats,21,Byvind,"max, 1 gång/tim",meter per sekund,2022-01-25T00:00:00Z,2022-01-25T01:00:00+01:00,1643068800000,,12.0,12.0,G,,corrected-archive-csv
162860,Luleå-Kallax Flygplats,21,Byvind,"max, 1 gång/tim",meter per sekund,2022-01-25T02:00:00Z,2022-01-25T03:00:00+01:00,1643076000000,,8.0,8.0,G,,corrected-archive-csv
162860,Luleå-Kallax Flygplats,21,Byvind,"max, 1 gång/tim",meter per sekund,2022-01-25T03:00:00Z,2022-01-25T04:00:00+01:00,1643079600000,,9.0,9.0,G,,corrected-archive-csv
162860,Luleå-Kallax Flygplats,21,Byvind,"max, 1 gång/tim",meter per sekund,2022-01-25T07:00:00Z,2022-01-25T08:00:00+01:00,1643094000000,,8.0,8.0,G,,corrected-archive-csv
162860,Luleå-Kallax Flygplats,21,Byvind,"max, 1 gång/tim",meter per sekund,2022-01-25T08:00:00Z,2022-01-25T09:00:00+01:00,1643097600000,,7.0,7.0,G,,corrected-archive-csv
162860,Luleå-Kallax Flygplats,21,Byvind,"max, 1 gång/tim",meter per sekund,2022-01-25T09:00:00Z,2022-01-25T10:00:00+01:00,1643101200000,,8.0,8.0,G,,corrected-archive-csv
162860,Luleå-Kallax Flygplats,21,Byvind,"max, 1 gång/tim",meter per sekund,2022-01-25T10:00:00Z,2022-01-25T11:00:00+01:00,1643104800000,,10.0,10.0,G,,corrected-archive-csv
162860,Luleå-Kallax Flygplats,21,Byvind,"max, 1 gång/tim",meter per sekund,2022-01-25T11:00:00Z,2022-01-25T12:00:00+01:00,1643108400000,,9.0,9.0,G,,corrected-archive-csv
162860,Luleå-Kallax Flygplats,21,Byvind,"max, 1 gång/tim",meter per sekund,2022-01-25T12:00:00Z,2022-01-25T13:00:00+01:00,1643112000000,,10.0,10.0,G,,corrected-archive-csv
162860,Luleå-Kallax Flygplats,21,Byvind,"max, 1 gång/tim",meter per sekund,2022-01-25T13:00:00Z,2022-01-25T14:00:00+01:00,1643115600000,,9.0,9.0,G,,corrected-archive-csv
162860,Luleå-Kallax Flygplats,21,Byvind,"max, 1 gång/tim",meter per sekund,2022-01-25T14:00:00Z,2022-01-25T15:00:00+01:00,1643119200000,,10.0,10.0,G,,corrected-archive-csv
162860,Luleå-Kallax Flygplats,21,Byvind,"max, 1 gång/tim",meter per sekund,2022-01-25T15:00:00Z,2022-01-25T16:00:00+01:00,1643122800000,,9.0,9.0,G,,corrected-archive-csv
162860,Luleå-Kallax Flygplats,21,Byvind,"max, 1 gång/tim",meter per sekund,2022-01-25T16:00:00Z,2022-01-25T17:00:00+01:00,1643126400000,,7.0,7.0,G,,corrected-archive-csv
162860,Luleå-Kallax Flygplats,21,Byvind,"max, 1 gång/tim",meter per sekund,2022-01-25T17:00:00Z,2022-01-25T18:00:00+01:00,1643130000000,,5.0,5.0,G,,corrected-archive-csv
162860,Luleå-Kallax Flygplats,21,Byvind,"max, 1 gång/tim",meter per sekund,2022-01-25T18:00:00Z,2022-01-25T19:00:00+01:00,1643133600000,,7.0,7.0,G,,corrected-archive-csv
162860,Luleå-Kallax Flygplats,21,Byvind,"max, 1 gång/tim",meter per sekund,2022-01-25T19:00:00Z,2022-01-25T20:00:00+01:00,1643137200000,,8.0,8.0,G,,corrected-archive-csv
162860,Luleå-Kallax Flygplats,21,Byvind,"max, 1 gång/tim",meter per sekund,2022-01-25T20:00:00Z,2022-01-25T21:00:00+01:00,1643140800000,,7.0,7.0,G,,corrected-archive-csv
162860,Luleå-Kallax Flygplats,21,Byvind,"max, 1 gång/tim",meter per sekund,2022-01-25T22:00:00Z,2022-01-25T23:00:00+01:00,1643148000000,,6.0,6.0,G,,corrected-archive-csv
162860,Luleå-Kallax Flygplats,21,Byvind,"max, 1 gång/tim",meter per sekund,2022-01-25T23:00:00Z,2022-01-26T00:00:00+01:00,1643151600000,,4.0,4.0,G,,corrected-archive-csv
162860,Luleå-Kallax Flygplats,21,Byvind,"max, 1 gång/tim",meter per sekund,2022-01-26T01:00:00Z,2022-01-26T02:00:00+01:00,1643158800000,,3.0,3.0,G,,corrected-archive-csv
162860,Luleå-Kallax Flygplats,21,Byvind,"max, 1 gång/tim",meter per sekund,2022-01-26T03:00:00Z,2022-01-26T04:00:00+01:00,1643166000000,,2.0,2.0,G,,corrected-archive-csv
162860,Luleå-Kallax Flygplats,21,Byvind,"max, 1 gång/tim",meter per sekund,2022-01-26T04:00:00Z,2022-01-26T05:00:00+01:00,1643169600000,,3.0,3.0,G,,corrected-archive-csv
162860,Luleå-Kallax Flygplats,21,Byvind,"max, 1 gång/tim",meter per sekund,2022-01-26T06:00:00Z,2022-01-26T07:00:00+01:00,1643176800000,,2.0,2.0,G,,corrected-archive-csv
162860,Luleå-Kallax Flygplats,21,Byvind,"max, 1 gång/tim",meter per sekund,2022-01-26T09:00:00Z,2022-01-26T10:00:00+01:00,1643187600000,,5.0,5.0,G,,corrected-archive-csv
162860,Luleå-Kallax Flygplats,21,Byvind,"max, 1 gång/tim",meter per sekund,2022-01-26T11:00:00Z,2022-01-26T12:00:00+01:00,1643194800000,,4.0,4.0,G,,corrected-archive-csv
162860,Luleå-Kallax Flygplats,21,Byvind,"max, 1 gång/tim",meter per sekund,2022-01-26T12:00:00Z,2022-01-26T13:00:00+01:00,1643198400000,,3.0,3.0,G,,corrected-archive-csv
162860,Luleå-Kallax Flygplats,21,Byvind,"max, 1 gång/tim",meter per sekund,2022-01-26T14:00:00Z,2022-01-26T15:00:00+01:00,1643205600000,,2.0,2.0,G,,corrected-archive-csv
162860,Luleå-Kallax Flygplats,21,Byvind,"max, 1 gång/tim",meter per sekund,2022-01-26T15:00:00Z,2022-01-26T16:00:00+01:00,1643209200000,,5.0,5.0,G,,corrected-archive-csv
162860,Luleå-Kallax Flygplats,21,Byvind,"max, 1 gång/tim",meter per sekund,2022-01-26T18:00:00Z,2022-01-26T19:00:00+01:00,1643220000000,,6.0,6.0,G,,corrected-archive-csv
162860,Luleå-Kallax Flygplats,21,Byvind,"max, 1 gång/tim",meter per sekund,2022-01-26T19:00:00Z,2022-01-26T20:00:00+01:00,1643223600000,,4.0,4.0,G,,corrected-archive-csv
162860,Luleå-Kallax Flygplats,21,Byvind,"max, 1 gång/tim",meter per sekund,2022-01-26T20:00:00Z,2022-01-26T21:00:00+01:00,1643227200000,,3.0,3.0,G,,corrected-archive-csv
162860,Luleå-Kallax Flygplats,21,Byvind,"max, 1 gång/tim",meter per sekund,2022-01-26T21:00:00Z,2022-01-26T22:00:00+01:00,1643230800000,,1.0,1.0,G,,corrected-archive-csv
162860,Luleå-Kallax Flygplats,21,Byvind,"max, 1 gång/tim",meter per sekund,2022-01-26T22:00:00Z,2022-01-26T23:00:00+01:00,1643234400000,,2.0,2.0,G,,corrected-archive-csv
162860,Luleå-Kallax Flygplats,21,Byvind,"max, 1 gång/tim",meter per sekund,2022-01-27T00:00:00Z,2022-01-27T01:00:00+01:00,1643241600000,,4.0,4.0,G,,corrected-archive-csv
162860,Luleå-Kallax Flygplats,21,Byvind,"max, 1 gång/tim",meter per sekund,2022-01-27T04:00:00Z,2022-01-27T05:00:00+01:00,1643256000000,,2.0,2.0,G,,corrected-archive-csv
162860,Luleå-Kallax Flygplats,21,Byvind,"max, 1 gång/tim",meter per sekund,2022-01-27T05:00:00Z,2022-01-27T06:00:00+01:00,1643259600000,,3.0,3.0,G,,corrected-archive-csv
162860,Luleå-Kallax Flygplats,21,Byvind,"max, 1 gång/tim",meter per sekund,2022-01-27T06:00:00Z,2022-01-27T07:00:00+01:00,1643263200000,,4.0,4.0,G,,corrected-archive-csv
162860,Luleå-Kallax Flygplats,21,Byvind,"max, 1 gång/tim",meter per sekund,2022-01-27T08:00:00Z,2022-01-27T09:00:00+01:00,1643270400000,,3.0,3.0,G,,corrected-archive-csv
162860,Luleå-Kallax Flygplats,21,Byvind,"max, 1 gång/tim",meter per sekund,2022-01-27T10:00:00Z,2022-01-27T11:00:00+01:00,1643277600000,,2.0,2.0,G,,corrected-archive-csv
162860,Luleå-Kallax Flygplats,21,Byvind,"max, 1 gång/tim",meter per sekund,2022-01-27T11:00:00Z,2022-01-27T12:00:00+01:00,1643281200000,,4.0,4.0,G,,corrected-archive-csv
162860,Luleå-Kallax Flygplats,21,Byvind,"max, 1 gång/tim",meter per sekund,2022-01-27T15:00:00Z,2022-01-27T16:00:00+01:00,1643295600000,,3.0,3.0,G,,corrected-archive-csv
162860,Luleå-Kallax Flygplats,21,Byvind,"max, 1 gång/tim",meter per sekund,2022-01-27T18:00:00Z,2022-01-27T19:00:00+01:00,1643306400000,,2.0,2.0,G,,corrected-archive-csv
162860,Luleå-Kallax Flygplats,21,Byvind,"max, 1 gång/tim",meter per sekund,2022-01-28T00:00:00Z,2022-01-28T01:00:00+01:00,1643328000000,,3.0,3.0,G,,corrected-archive-csv
162860,Luleå-Kallax Flygplats,21,Byvind,"max, 1 gång/tim",meter per sekund,2022-01-28T02:00:00Z,2022-01-28T03:00:00+01:00,1643335200000,,1.0,1.0,G,,corrected-archive-csv
162860,Luleå-Kallax Flygplats,21,Byvind,"max, 1 gång/tim",meter per sekund,2022-01-28T05:00:00Z,2022-01-28T06:00:00+01:00,1643346000000,,5.0,5.0,G,,corrected-archive-csv
162860,Luleå-Kallax Flygplats,21,Byvind,"max, 1 gång/tim",meter per sekund,2022-01-28T06:00:00Z,2022-01-28T07:00:00+01:00,1643349600000,,6.0,6.0,G,,corrected-archive-csv
162860,Luleå-Kallax Flygplats,21,Byvind,"max, 1 gång/tim",meter per sekund,2022-01-28T08:00:00Z,2022-01-28T09:00:00+01:00,1643356800000,,5.0,5.0,G,,corrected-archive-csv
162860,Luleå-Kallax Flygplats,21,Byvind,"max, 1 gång/tim",meter per sekund,2022-01-28T09:00:00Z,2022-01-28T10:00:00+01:00,1643360400000,,6.0,6.0,G,,corrected-archive-csv
162860,Luleå-Kallax Flygplats,21,Byvind,"max, 1 gång/tim",meter per sekund,2022-01-28T10:00:00Z,2022-01-28T11:00:00+01:00,1643364000000,,9.0,9.0,G,,corrected-archive-csv
162860,Luleå-Kallax Flygplats,21,Byvind,"max, 1 gång/tim",meter per sekund,2022-01-28T14:00:00Z,2022-01-28T15:00:00+01:00,1643378400000,,6.0,6.0,G,,corrected-archive-csv
162860,Luleå-Kallax Flygplats,21,Byvind,"max, 1 gång/tim",meter per sekund,2022-01-28T16:00:00Z,2022-01-28T17:00:00+01:00,1643385600000,,2.0,2.0,G,,corrected-archive-csv
162860,Luleå-Kallax Flygplats,21,Byvind,"max, 1 gång/tim",meter per sekund,2022-01-28T18:00:00Z,2022-01-28T19:00:00+01:00,1643392800000,,4.0,4.0,G,,corrected-archive-csv
162860,Luleå-Kallax Flygplats,21,Byvind,"max, 1 gång/tim",meter per sekund,2022-01-28T19:00:00Z,2022-01-28T20:00:00+01:00,1643396400000,,5.0,5.0,G,,corrected-archive-csv
162860,Luleå-Kallax Flygplats,21,Byvind,"max, 1 gång/tim",meter per sekund,2022-01-28T21:00:00Z,2022-01-28T22:00:00+01:00,1643403600000,,4.0,4.0,G,,corrected-archive-csv
162860,Luleå-Kallax Flygplats,21,Byvind,"max, 1 gång/tim",meter per sekund,2022-01-28T22:00:00Z,2022-01-28T23:00:00+01:00,1643407200000,,2.0,2.0,G,,corrected-archive-csv
162860,Luleå-Kallax Flygplats,21,Byvind,"max, 1 gång/tim",meter per sekund,2022-01-28T23:00:00Z,2022-01-29T00:00:00+01:00,1643410800000,,3.0,3.0,G,,corrected-archive-csv
162860,Luleå-Kallax Flygplats,21,Byvind,"max, 1 gång/tim",meter per sekund,2022-01-29T00:00:00Z,2022-01-29T01:00:00+01:00,1643414400000,,2.0,2.0,G,,corrected-archive-csv
162860,Luleå-Kallax Flygplats,21,Byvind,"max, 1 gång/tim",meter per sekund,2022-01-29T01:00:00Z,2022-01-29T02:00:00+01:00,1643418000000,,1.0,1.0,G,,corrected-archive-csv
162860,Luleå-Kallax Flygplats,21,Byvind,"max, 1 gång/tim",meter per sekund,2022-01-29T02:00:00Z,2022-01-29T03:00:00+01:00,1643421600000,,2.0,2.0,G,,corrected-archive-csv
162860,Luleå-Kallax Flygplats,21,Byvind,"max, 1 gång/tim",meter per sekund,2022-01-29T03:00:00Z,2022-01-29T04:00:00+01:00,1643425200000,,1.0,1.0,G,,corrected-archive-csv
162860,Luleå-Kallax Flygplats,21,Byvind,"max, 1 gång/tim",meter per sekund,2022-01-29T04:00:00Z,2022-01-29T05:00:00+01:00,1643428800000,,2.0,2.0,G,,corrected-archive-csv
162860,Luleå-Kallax Flygplats,21,Byvind,"max, 1 gång/tim",meter per sekund,2022-01-29T05:00:00Z,2022-01-29T06:00:00+01:00,1643432400000,,3.0,3.0,G,,corrected-archive-csv
162860,Luleå-Kallax Flygplats,21,Byvind,"max, 1 gång/tim",meter per sekund,2022-01-29T06:00:00Z,2022-01-29T07:00:00+01:00,1643436000000,,4.0,4.0,G,,corrected-archive-csv
162860,Luleå-Kallax Flygplats,21,Byvind,"max, 1 gång/tim",meter per sekund,2022-01-29T07:00:00Z,2022-01-29T08:00:00+01:00,1643439600000,,5.0,5.0,G,,corrected-archive-csv
162860,Luleå-Kallax Flygplats,21,Byvind,"max, 1 gång/tim",meter per sekund,2022-01-29T08:00:00Z,2022-01-29T09:00:00+01:00,1643443200000,,4.0,4.0,G,,corrected-archive-csv
162860,Luleå-Kallax Flygplats,21,Byvind,"max, 1 gång/tim",meter per sekund,2022-01-29T10:00:00Z,2022-01-29T11:00:00+01:00,1643450400000,,8.0,8.0,G,,corrected-archive-csv
162860,Luleå-Kallax Flygplats,21,Byvind,"max, 1 gång/tim",meter per sekund,2022-01-29T11:00:00Z,2022-01-29T12:00:00+01:00,1643454000000,,11.0,11.0,G,,corrected-archive-csv
162860,Luleå-Kallax Flygplats,21,Byvind,"max, 1 gång/tim",meter per sekund,2022-01-29T13:00:00Z,2022-01-29T14:00:00+01:00,1643461200000,,9.0,9.0,G,,corrected-archive-csv
162860,Luleå-Kallax Flygplats,21,Byvind,"max, 1 gång/tim",meter per sekund,2022-01-29T14:00:00Z,2022-01-29T15:00:00+01:00,1643464800000,,8.0,8.0,G,,corrected-archive-csv
162860,Luleå-Kallax Flygplats,21,Byvind,"max, 1 gång/tim",meter per sekund,2022-01-29T15:00:00Z,2022-01-29T16:00:00+01:00,1643468400000,,6.0,6.0,G,,corrected-archive-csv
162860,Luleå-Kallax Flygplats,21,Byvind,"max, 1 gång/tim",meter per sekund,2022-01-29T16:00:00Z,2022-01-29T17:00:00+01:00,1643472000000,,8.0,8.0,G,,corrected-archive-csv
162860,Luleå-Kallax Flygplats,21,Byvind,"max, 1 gång/tim",meter per sekund,2022-01-29T18:00:00Z,2022-01-29T19:00:00+01:00,1643479200000,,9.0,9.0,G,,corrected-archive-csv
162860,Luleå-Kallax Flygplats,21,Byvind,"max, 1 gång/tim",meter per sekund,2022-01-29T19:00:00Z,2022-01-29T20:00:00+01:00,1643482800000,,8.0,8.0,G,,corrected-archive-csv
162860,Luleå-Kallax Flygplats,21,Byvind,"max, 1 gång/tim",meter per sekund,2022-01-29T20:00:00Z,2022-01-29T21:00:00+01:00,1643486400000,,7.0,7.0,G,,corrected-archive-csv
162860,Luleå-Kallax Flygplats,21,Byvind,"max, 1 gång/tim",meter per sekund,2022-01-29T22:00:00Z,2022-01-29T23:00:00+01:00,1643493600000,,8.0,8.0,G,,corrected-archive-csv
162860,Luleå-Kallax Flygplats,21,Byvind,"max, 1 gång/tim",meter per sekund,2022-01-29T23:00:00Z,2022-01-30T00:00:00+01:00,1643497200000,,7.0,7.0,G,,corrected-archive-csv
162860,Luleå-Kallax Flygplats,21,Byvind,"max, 1 gång/tim",meter per sekund,2022-01-30T00:00:00Z,2022-01-30T01:00:00+01:00,1643500800000,,9.0,9.0,G,,corrected-archive-csv
162860,Luleå-Kallax Flygplats,21,Byvind,"max, 1 gång/tim",meter per sekund,2022-01-30T01:00:00Z,2022-01-30T02:00:00+01:00,1643504400000,,10.0,10.0,G,,corrected-archive-csv
162860,Luleå-Kallax Flygplats,21,Byvind,"max, 1 gång/tim",meter per sekund,2022-01-30T03:00:00Z,2022-01-30T04:00:00+01:00,1643511600000,,7.0,7.0,G,,corrected-archive-csv
162860,Luleå-Kallax Flygplats,21,Byvind,"max, 1 gång/tim",meter per sekund,2022-01-30T04:00:00Z,2022-01-30T05:00:00+01:00,1643515200000,,8.0,8.0,G,,corrected-archive-csv
162860,Luleå-Kallax Flygplats,21,Byvind,"max, 1 gång/tim",meter per sekund,2022-01-30T05:00:00Z,2022-01-30T06:00:00+01:00,1643518800000,,9.0,9.0,G,,corrected-archive-csv
162860,Luleå-Kallax Flygplats,21,Byvind,"max, 1 gång/tim",meter per sekund,2022-01-30T06:00:00Z,2022-01-30T07:00:00+01:00,1643522400000,,8.0,8.0,G,,corrected-archive-csv
162860,Luleå-Kallax Flygplats,21,Byvind,"max, 1 gång/tim",meter per sekund,2022-01-30T07:00:00Z,2022-01-30T08:00:00+01:00,1643526000000,,9.0,9.0,G,,corrected-archive-csv
162860,Luleå-Kallax Flygplats,21,Byvind,"max, 1 gång/tim",meter per sekund,2022-01-30T08:00:00Z,2022-01-30T09:00:00+01:00,1643529600000,,11.0,11.0,G,,corrected-archive-csv
162860,Luleå-Kallax Flygplats,21,Byvind,"max, 1 gång/tim",meter per sekund,2022-01-30T09:00:00Z,2022-01-30T10:00:00+01:00,1643533200000,,10.0,10.0,G,,corrected-archive-csv
162860,Luleå-Kallax Flygplats,21,Byvind,"max, 1 gång/tim",meter per sekund,2022-01-30T11:00:00Z,2022-01-30T12:00:00+01:00,1643540400000,,8.0,8.0,G,,corrected-archive-csv
162860,Luleå-Kallax Flygplats,21,Byvind,"max, 1 gång/tim",meter per sekund,2022-01-30T13:00:00Z,2022-01-30T14:00:00+01:00,1643547600000,,6.0,6.0,G,,corrected-archive-csv
162860,Luleå-Kallax Flygplats,21,Byvind,"max, 1 gång/tim",meter per sekund,2022-01-30T14:00:00Z,2022-01-30T15:00:00+01:00,1643551200000,,7.0,7.0,G,,corrected-archive-csv
162860,Luleå-Kallax Flygplats,21,Byvind,"max, 1 gång/tim",meter per sekund,2022-01-30T15:00:00Z,2022-01-30T16:00:00+01:00,1643554800000,,6.0,6.0,G,,corrected-archive-csv
162860,Luleå-Kallax Flygplats,21,Byvind,"max, 1 gång/tim",meter per sekund,2022-01-30T16:00:00Z,2022-01-30T17:00:00+01:00,1643558400000,,7.0,7.0,G,,corrected-archive-csv
162860,Luleå-Kallax Flygplats,21,Byvind,"max, 1 gång/tim",meter per sekund,2022-01-30T17:00:00Z,2022-01-30T18:00:00+01:00,1643562000000,,6.0,6.0,G,,corrected-archive-csv
162860,Luleå-Kallax Flygplats,21,Byvind,"max, 1 gång/tim",meter per sekund,2022-01-30T18:00:00Z,2022-01-30T19:00:00+01:00,1643565600000,,4.0,4.0,G,,corrected-archive-csv
162860,Luleå-Kallax Flygplats,21,Byvind,"max, 1 gång/tim",meter per sekund,2022-01-30T19:00:00Z,2022-01-30T20:00:00+01:00,1643569200000,,6.0,6.0,G,,corrected-archive-csv
162860,Luleå-Kallax Flygplats,21,Byvind,"max, 1 gång/tim",meter per sekund,2022-01-30T20:00:00Z,2022-01-30T21:00:00+01:00,1643572800000,,5.0,5.0,G,,corrected-archive-csv
162860,Luleå-Kallax Flygplats,21,Byvind,"max, 1 gång/tim",meter per sekund,2022-01-30T21:00:00Z,2022-01-30T22:00:00+01:00,1643576400000,,6.0,6.0,G,,corrected-archive-csv
162860,Luleå-Kallax Flygplats,21,Byvind,"max, 1 gång/tim",meter per sekund,2022-01-31T03:00:00Z,2022-01-31T04:00:00+01:00,1643598000000,,5.0,5.0,G,,corrected-archive-csv
162860,Luleå-Kallax Flygplats,21,Byvind,"max, 1 gång/tim",meter per sekund,2022-01-31T05:00:00Z,2022-01-31T06:00:00+01:00,1643605200000,,6.0,6.0,G,,corrected-archive-csv
162860,Luleå-Kallax Flygplats,21,Byvind,"max, 1 gång/tim",meter per sekund,2022-01-31T06:00:00Z,2022-01-31T07:00:00+01:00,1643608800000,,5.0,5.0,G,,corrected-archive-csv
162860,Luleå-Kallax Flygplats,21,Byvind,"max, 1 gång/tim",meter per sekund,2022-01-31T07:00:00Z,2022-01-31T08:00:00+01:00,1643612400000,,4.0,4.0,G,,corrected-archive-csv
162860,Luleå-Kallax Flygplats,21,Byvind,"max, 1 gång/tim",meter per sekund,2022-01-31T09:00:00Z,2022-01-31T10:00:00+01:00,1643619600000,,5.0,5.0,G,,corrected-archive-csv
162860,Luleå-Kallax Flygplats,21,Byvind,"max, 1 gång/tim",meter per sekund,2022-01-31T14:00:00Z,2022-01-31T15:00:00+01:00,1643637600000,,4.0,4.0,G,,corrected-archive-csv
162860,Luleå-Kallax Flygplats,21,Byvind,"max, 1 gång/tim",meter per sekund,2022-01-31T15:00:00Z,2022-01-31T16:00:00+01:00,1643641200000,,6.0,6.0,G,,corrected-archive-csv
162860,Luleå-Kallax Flygplats,21,Byvind,"max, 1 gång/tim",meter per sekund,2022-01-31T16:00:00Z,2022-01-31T17:00:00+01:00,1643644800000,,5.0,5.0,G,,corrected-archive-csv
162860,Luleå-Kallax Flygplats,21,Byvind,"max, 1 gång/tim",meter per sekund,2022-01-31T17:00:00Z,2022-01-31T18:00:00+01:00,1643648400000,,4.0,4.0,G,,corrected-archive-csv
162860,Luleå-Kallax Flygplats,21,Byvind,"max, 1 gång/tim",meter per sekund,2022-01-31T21:00:00Z,2022-01-31T22:00:00+01:00,1643662800000,,5.0,5.0,G,,corrected-archive-csv
162860,Luleå-Kallax Flygplats,21,Byvind,"max, 1 gång/tim",meter per sekund,2022-01-31T23:00:00Z,2022-02-01T00:00:00+01:00,1643670000000,,6.0,6.0,G,,corrected-archive-csv
162860,Luleå-Kallax Flygplats,21,Byvind,"max, 1 gång/tim",meter per sekund,2022-02-01T00:00:00Z,2022-02-01T01:00:00+01:00,1643673600000,,5.0,5.0,G,,corrected-archive-csv
162860,Luleå-Kallax Flygplats,21,Byvind,"max, 1 gång/tim",meter per sekund,2022-02-01T02:00:00Z,2022-02-01T03:00:00+01:00,1643680800000,,6.0,6.0,G,,corrected-archive-csv
162860,Luleå-Kallax Flygplats,21,Byvind,"max, 1 gång/tim",meter per sekund,2022-02-01T03:00:00Z,2022-02-01T04:00:00+01:00,1643684400000,,5.0,5.0,G,,corrected-archive-csv
162860,Luleå-Kallax Flygplats,21,Byvind,"max, 1 gång/tim",meter per sekund,2022-02-01T06:00:00Z,2022-02-01T07:00:00+01:00,1643695200000,,6.0,6.0,G,,corrected-archive-csv
162860,Luleå-Kallax Flygplats,21,Byvind,"max, 1 gång/tim",meter per sekund,2022-02-01T10:00:00Z,2022-02-01T11:00:00+01:00,1643709600000,,7.0,7.0,G,,corrected-archive-csv
162860,Luleå-Kallax Flygplats,21,Byvind,"max, 1 gång/tim",meter per sekund,2022-02-01T12:00:00Z,2022-02-01T13:00:00+01:00,1643716800000,,6.0,6.0,G,,corrected-archive-csv
162860,Luleå-Kallax Flygplats,21,Byvind,"max, 1 gång/tim",meter per sekund,2022-02-01T14:00:00Z,2022-02-01T15:00:00+01:00,1643724000000,,5.0,5.0,G,,corrected-archive-csv
162860,Luleå-Kallax Flygplats,21,Byvind,"max, 1 gång/tim",meter per sekund,2022-02-01T15:00:00Z,2022-02-01T16:00:00+01:00,1643727600000,,6.0,6.0,G,,corrected-archive-csv
162860,Luleå-Kallax Flygplats,21,Byvind,"max, 1 gång/tim",meter per sekund,2022-02-01T17:00:00Z,2022-02-01T18:00:00+01:00,1643734800000,,7.0,7.0,G,,corrected-archive-csv
162860,Luleå-Kallax Flygplats,21,Byvind,"max, 1 gång/tim",meter per sekund,2022-02-01T19:00:00Z,2022-02-01T20:00:00+01:00,1643742000000,,5.0,5.0,G,,corrected-archive-csv
162860,Luleå-Kallax Flygplats,21,Byvind,"max, 1 gång/tim",meter per sekund,2022-02-02T02:00:00Z,2022-02-02T03:00:00+01:00,1643767200000,,4.0,4.0,G,,corrected-archive-csv
162860,Luleå-Kallax Flygplats,21,Byvind,"max, 1 gång/tim",meter per sekund,2022-02-02T03:00:00Z,2022-02-02T04:00:00+01:00,1643770800000,,5.0,5.0,G,,corrected-archive-csv
162860,Luleå-Kallax Flygplats,21,Byvind,"max, 1 gång/tim",meter per sekund,2022-02-02T07:00:00Z,2022-02-02T08:00:00+01:00,1643785200000,,4.0,4.0,G,,corrected-archive-csv
162860,Luleå-Kallax Flygplats,21,Byvind,"max, 1 gång/tim",meter per sekund,2022-02-02T08:00:00Z,2022-02-02T09:00:00+01:00,1643788800000,,5.0,5.0,G,,corrected-archive-csv
162860,Luleå-Kallax Flygplats,21,Byvind,"max, 1 gång/tim",meter per sekund,2022-02-02T09:00:00Z,2022-02-02T10:00:00+01:00,1643792400000,,6.0,6.0,G,,corrected-archive-csv
162860,Luleå-Kallax Flygplats,21,Byvind,"max, 1 gång/tim",meter per sekund,2022-02-02T10:00:00Z,2022-02-02T11:00:00+01:00,1643796000000,,5.0,5.0,G,,corrected-archive-csv
162860,Luleå-Kallax Flygplats,21,Byvind,"max, 1 gång/tim",meter per sekund,2022-02-02T13:00:00Z,2022-02-02T14:00:00+01:00,1643806800000,,4.0,4.0,G,,corrected-archive-csv
162860,Luleå-Kallax Flygplats,21,Byvind,"max, 1 gång/tim",meter per sekund,2022-02-02T15:00:00Z,2022-02-02T16:00:00+01:00,1643814000000,,5.0,5.0,G,,corrected-archive-csv
162860,Luleå-Kallax Flygplats,21,Byvind,"max, 1 gång/tim",meter per sekund,2022-02-02T18:00:00Z,2022-02-02T19:00:00+01:00,1643824800000,,4.0,4.0,G,,corrected-archive-csv
162860,Luleå-Kallax Flygplats,21,Byvind,"max, 1 gång/tim",meter per sekund,2022-02-02T20:00:00Z,2022-02-02T21:00:00+01:00,1643832000000,,5.0,5.0,G,,corrected-archive-csv
162860,Luleå-Kallax Flygplats,21,Byvind,"max, 1 gång/tim",meter per sekund,2022-02-02T21:00:00Z,2022-02-02T22:00:00+01:00,1643835600000,,3.0,3.0,G,,corrected-archive-csv
162860,Luleå-Kallax Flygplats,21,Byvind,"max, 1 gång/tim",meter per sekund,2022-02-02T22:00:00Z,2022-02-02T23:00:00+01:00,1643839200000,,4.0,4.0,G,,corrected-archive-csv
162860,Luleå-Kallax Flygplats,21,Byvind,"max, 1 gång/tim",meter per sekund,2022-02-03T00:00:00Z,2022-02-03T01:00:00+01:00,1643846400000,,5.0,5.0,G,,corrected-archive-csv
162860,Luleå-Kallax Flygplats,21,Byvind,"max, 1 gång/tim",meter per sekund,2022-02-03T02:00:00Z,2022-02-03T03:00:00+01:00,1643853600000,,4.0,4.0,G,,corrected-archive-csv
162860,Luleå-Kallax Flygplats,21,Byvind,"max, 1 gång/tim",meter per sekund,2022-02-03T07:00:00Z,2022-02-03T08:00:00+01:00,1643871600000,,3.0,3.0,G,,corrected-archive-csv
162860,Luleå-Kallax Flygplats,21,Byvind,"max, 1 gång/tim",meter per sekund,2022-02-03T11:00:00Z,2022-02-03T12:00:00+01:00,1643886000000,,4.0,4.0,G,,corrected-archive-csv
162860,Luleå-Kallax Flygplats,21,Byvind,"max, 1 gång/tim",meter per sekund,2022-02-03T13:00:00Z,2022-02-03T14:00:00+01:00,1643893200000,,3.0,3.0,G,,corrected-archive-csv
162860,Luleå-Kallax Flygplats,21,Byvind,"max, 1 gång/tim",meter per sekund,2022-02-03T14:00:00Z,2022-02-03T15:00:00+01:00,1643896800000,,4.0,4.0,G,,corrected-archive-csv
162860,Luleå-Kallax Flygplats,21,Byvind,"max, 1 gång/tim",meter per sekund,2022-02-03T15:00:00Z,2022-02-03T16:00:00+01:00,1643900400000,,3.0,3.0,G,,corrected-archive-csv
162860,Luleå-Kallax Flygplats,21,Byvind,"max, 1 gång/tim",meter per sekund,2022-02-03T20:00:00Z,2022-02-03T21:00:00+01:00,1643918400000,,2.0,2.0,G,,corrected-archive-csv
162860,Luleå-Kallax Flygplats,21,Byvind,"max, 1 gång/tim",meter per sekund,2022-02-03T23:00:00Z,2022-02-04T00:00:00+01:00,1643929200000,,1.0,1.0,G,,corrected-archive-csv
162860,Luleå-Kallax Flygplats,21,Byvind,"max, 1 gång/tim",meter per sekund,2022-02-04T02:00:00Z,2022-02-04T03:00:00+01:00,1643940000000,,2.0,2.0,G,,corrected-archive-csv
162860,Luleå-Kallax Flygplats,21,Byvind,"max, 1 gång/tim",meter per sekund,2022-02-04T03:00:00Z,2022-02-04T04:00:00+01:00,1643943600000,,5.0,5.0,G,,corrected-archive-csv
162860,Luleå-Kallax Flygplats,21,Byvind,"max, 1 gång/tim",meter per sekund,2022-02-04T04:00:00Z,2022-02-04T05:00:00+01:00,1643947200000,,6.0,6.0,G,,corrected-archive-csv
162860,Luleå-Kallax Flygplats,21,Byvind,"max, 1 gång/tim",meter per sekund,2022-02-04T05:00:00Z,2022-02-04T06:00:00+01:00,1643950800000,,7.0,7.0,G,,corrected-archive-csv
162860,Luleå-Kallax Flygplats,21,Byvind,"max, 1 gång/tim",meter per sekund,2022-02-04T06:00:00Z,2022-02-04T07:00:00+01:00,1643954400000,,7.0,7.0,G,,corrected-archive-csv
162860,Luleå-Kallax Flygplats,21,Byvind,"max, 1 gång/tim",meter per sekund,2022-02-04T07:00:00Z,2022-02-04T08:00:00+01:00,1643958000000,,9.0,9.0,G,,corrected-archive-csv
162860,Luleå-Kallax Flygplats,21,Byvind,"max, 1 gång/tim",meter per sekund,2022-02-04T08:00:00Z,2022-02-04T09:00:00+01:00,1643961600000,,8.0,8.0,G,,corrected-archive-csv
162860,Luleå-Kallax Flygplats,21,Byvind,"max, 1 gång/tim",meter per sekund,2022-02-04T09:00:00Z,2022-02-04T10:00:00+01:00,1643965200000,,9.0,9.0,G,,corrected-archive-csv
162860,Luleå-Kallax Flygplats,21,Byvind,"max, 1 gång/tim",meter per sekund,2022-02-04T10:00:00Z,2022-02-04T11:00:00+01:00,1643968800000,,12.0,12.0,G,,corrected-archive-csv
162860,Luleå-Kallax Flygplats,21,Byvind,"max, 1 gång/tim",meter per sekund,2022-02-04T11:00:00Z,2022-02-04T12:00:00+01:00,1643972400000,,14.0,14.0,G,,corrected-archive-csv
162860,Luleå-Kallax Flygplats,21,Byvind,"max, 1 gång/tim",meter per sekund,2022-02-04T12:00:00Z,2022-02-04T13:00:00+01:00,1643976000000,,15.0,15.0,G,,corrected-archive-csv
162860,Luleå-Kallax Flygplats,21,Byvind,"max, 1 gång/tim",meter per sekund,2022-02-04T13:00:00Z,2022-02-04T14:00:00+01:00,1643979600000,,17.0,17.0,G,,corrected-archive-csv
162860,Luleå-Kallax Flygplats,21,Byvind,"max, 1 gång/tim",meter per sekund,2022-02-04T17:00:00Z,2022-02-04T18:00:00+01:00,1643994000000,,16.0,16.0,G,,corrected-archive-csv
162860,Luleå-Kallax Flygplats,21,Byvind,"max, 1 gång/tim",meter per sekund,2022-02-04T18:00:00Z,2022-02-04T19:00:00+01:00,1643997600000,,14.0,14.0,G,,corrected-archive-csv
162860,Luleå-Kallax Flygplats,21,Byvind,"max, 1 gång/tim",meter per sekund,2022-02-04T19:00:00Z,2022-02-04T20:00:00+01:00,1644001200000,,16.0,16.0,G,,corrected-archive-csv
162860,Luleå-Kallax Flygplats,21,Byvind,"max, 1 gång/tim",meter per sekund,2022-02-04T20:00:00Z,2022-02-04T21:00:00+01:00,1644004800000,,15.0,15.0,G,,corrected-archive-csv
162860,Luleå-Kallax Flygplats,21,Byvind,"max, 1 gång/tim",meter per sekund,2022-02-04T21:00:00Z,2022-02-04T22:00:00+01:00,1644008400000,,13.0,13.0,G,,corrected-archive-csv
162860,Luleå-Kallax Flygplats,21,Byvind,"max, 1 gång/tim",meter per sekund,2022-02-04T22:00:00Z,2022-02-04T23:00:00+01:00,1644012000000,,14.0,14.0,G,,corrected-archive-csv
162860,Luleå-Kallax Flygplats,21,Byvind,"max, 1 gång/tim",meter per sekund,2022-02-04T23:00:00Z,2022-02-05T00:00:00+01:00,1644015600000,,12.0,12.0,G,,corrected-archive-csv
162860,Luleå-Kallax Flygplats,21,Byvind,"max, 1 gång/tim",meter per sekund,2022-02-05T00:00:00Z,2022-02-05T01:00:00+01:00,1644019200000,,11.0,11.0,G,,corrected-archive-csv
162860,Luleå-Kallax Flygplats,21,Byvind,"max, 1 gång/tim",meter per sekund,2022-02-05T02:00:00Z,2022-02-05T03:00:00+01:00,1644026400000,,10.0,10.0,G,,corrected-archive-csv
162860,Luleå-Kallax Flygplats,21,Byvind,"max, 1 gång/tim",meter per sekund,2022-02-05T05:00:00Z,2022-02-05T06:00:00+01:00,1644037200000,,9.0,9.0,G,,corrected-archive-csv
162860,Luleå-Kallax Flygplats,21,Byvind,"max, 1 gång/tim",meter per sekund,2022-02-05T06:00:00Z,2022-02-05T07:00:00+01:00,1644040800000,,8.0,8.0,G,,corrected-archive-csv
162860,Luleå-Kallax Flygplats,21,Byvind,"max, 1 gång/tim",meter per sekund,2022-02-05T08:00:00Z,2022-02-05T09:00:00+01:00,1644048000000,,7.0,7.0,G,,corrected-archive-csv
162860,Luleå-Kallax Flygplats,21,Byvind,"max, 1 gång/tim",meter per sekund,2022-02-05T09:00:00Z,2022-02-05T10:00:00+01:00,1644051600000,,6.0,6.0,G,,corrected-archive-csv
162860,Luleå-Kallax Flygplats,21,Byvind,"max, 1 gång/tim",meter per sekund,2022-02-05T11:00:00Z,2022-02-05T12:00:00+01:00,1644058800000,,5.0,5.0,G,,corrected-archive-csv
162860,Luleå-Kallax Flygplats,21,Byvind,"max, 1 gång/tim",meter per sekund,2022-02-05T13:00:00Z,2022-02-05T14:00:00+01:00,1644066000000,,6.0,6.0,G,,corrected-archive-csv
162860,Luleå-Kallax Flygplats,21,Byvind,"max, 1 gång/tim",meter per sekund,2022-02-05T14:00:00Z,2022-02-05T15:00:00+01:00,1644069600000,,5.0,5.0,G,,corrected-archive-csv
162860,Luleå-Kallax Flygplats,21,Byvind,"max, 1 gång/tim",meter per sekund,2022-02-05T15:00:00Z,2022-02-05T16:00:00+01:00,1644073200000,,6.0,6.0,G,,corrected-archive-csv
162860,Luleå-Kallax Flygplats,21,Byvind,"max, 1 gång/tim",meter per sekund,2022-02-05T16:00:00Z,2022-02-05T17:00:00+01:00,1644076800000,,7.0,7.0,G,,corrected-archive-csv
162860,Luleå-Kallax Flygplats,21,Byvind,"max, 1 gång/tim",meter per sekund,2022-02-05T19:00:00Z,2022-02-05T20:00:00+01:00,1644087600000,,10.0,10.0,G,,corrected-archive-csv
162860,Luleå-Kallax Flygplats,21,Byvind,"max, 1 gång/tim",meter per sekund,2022-02-05T20:00:00Z,2022-02-05T21:00:00+01:00,1644091200000,,8.0,8.0,G,,corrected-archive-csv
162860,Luleå-Kallax Flygplats,21,Byvind,"max, 1 gång/tim",meter per sekund,2022-02-05T23:00:00Z,2022-02-06T00:00:00+01:00,1644102000000,,7.0,7.0,G,,corrected-archive-csv
162860,Luleå-Kallax Flygplats,21,Byvind,"max, 1 gång/tim",meter per sekund,2022-02-06T01:00:00Z,2022-02-06T02:00:00+01:00,1644109200000,,8.0,8.0,G,,corrected-archive-csv
162860,Luleå-Kallax Flygplats,21,Byvind,"max, 1 gång/tim",meter per sekund,2022-02-06T02:00:00Z,2022-02-06T03:00:00+01:00,1644112800000,,7.0,7.0,G,,corrected-archive-csv
162860,Luleå-Kallax Flygplats,21,Byvind,"max, 1 gång/tim",meter per sekund,2022-02-06T03:00:00Z,2022-02-06T04:00:00+01:00,1644116400000,,8.0,8.0,G,,corrected-archive-csv
162860,Luleå-Kallax Flygplats,21,Byvind,"max, 1 gång/tim",meter per sekund,2022-02-06T05:00:00Z,2022-02-06T06:00:00+01:00,1644123600000,,9.0,9.0,G,,corrected-archive-csv
162860,Luleå-Kallax Flygplats,21,Byvind,"max, 1 gång/tim",meter per sekund,2022-02-06T06:00:00Z,2022-02-06T07:00:00+01:00,1644127200000,,10.0,10.0,G,,corrected-archive-csv
162860,Luleå-Kallax Flygplats,21,Byvind,"max, 1 gång/tim",meter per sekund,2022-02-06T07:00:00Z,2022-02-06T08:00:00+01:00,1644130800000,,9.0,9.0,G,,corrected-archive-csv
162860,Luleå-Kallax Flygplats,21,Byvind,"max, 1 gång/tim",meter per sekund,2022-02-06T09:00:00Z,2022-02-06T10:00:00+01:00,1644138000000,,10.0,10.0,G,,corrected-archive-csv
162860,Luleå-Kallax Flygplats,21,Byvind,"max, 1 gång/tim",meter per sekund,2022-02-06T11:00:00Z,2022-02-06T12:00:00+01:00,1644145200000,,11.0,11.0,G,,corrected-archive-csv
162860,Luleå-Kallax Flygplats,21,Byvind,"max, 1 gång/tim",meter per sekund,2022-02-06T13:00:00Z,2022-02-06T14:00:00+01:00,1644152400000,,10.0,10.0,G,,corrected-archive-csv
162860,Luleå-Kallax Flygplats,21,Byvind,"max, 1 gång/tim",meter per sekund,2022-02-06T15:00:00Z,2022-02-06T16:00:00+01:00,1644159600000,,11.0,11.0,G,,corrected-archive-csv
162860,Luleå-Kallax Flygplats,21,Byvind,"max, 1 gång/tim",meter per sekund,2022-02-06T16:00:00Z,2022-02-06T17:00:00+01:00,1644163200000,,10.0,10.0,G,,corrected-archive-csv
162860,Luleå-Kallax Flygplats,21,Byvind,"max, 1 gång/tim",meter per sekund,2022-02-06T18:00:00Z,2022-02-06T19:00:00+01:00,1644170400000,,9.0,9.0,G,,corrected-archive-csv
162860,Luleå-Kallax Flygplats,21,Byvind,"max, 1 gång/tim",meter per sekund,2022-02-06T19:00:00Z,2022-02-06T20:00:00+01:00,1644174000000,,8.0,8.0,G,,corrected-archive-csv
162860,Luleå-Kallax Flygplats,21,Byvind,"max, 1 gång/tim",meter per sekund,2022-02-06T20:00:00Z,2022-02-06T21:00:00+01:00,1644177600000,,7.0,7.0,G,,corrected-archive-csv
162860,Luleå-Kallax Flygplats,21,Byvind,"max, 1 gång/tim",meter per sekund,2022-02-06T21:00:00Z,2022-02-06T22:00:00+01:00,1644181200000,,6.0,6.0,G,,corrected-archive-csv
162860,Luleå-Kallax Flygplats,21,Byvind,"max, 1 gång/tim",meter per sekund,2022-02-06T23:00:00Z,2022-02-07T00:00:00+01:00,1644188400000,,7.0,7.0,G,,corrected-archive-csv
162860,Luleå-Kallax Flygplats,21,Byvind,"max, 1 gång/tim",meter per sekund,2022-02-07T01:00:00Z,2022-02-07T02:00:00+01:00,1644195600000,,6.0,6.0,G,,corrected-archive-csv
162860,Luleå-Kallax Flygplats,21,Byvind,"max, 1 gång/tim",meter per sekund,2022-02-07T03:00:00Z,2022-02-07T04:00:00+01:00,1644202800000,,8.0,8.0,G,,corrected-archive-csv
162860,Luleå-Kallax Flygplats,21,Byvind,"max, 1 gång/tim",meter per sekund,2022-02-07T05:00:00Z,2022-02-07T06:00:00+01:00,1644210000000,,7.0,7.0,G,,corrected-archive-csv
162860,Luleå-Kallax Flygplats,21,Byvind,"max, 1 gång/tim",meter per sekund,2022-02-07T06:00:00Z,2022-02-07T07:00:00+01:00,1644213600000,,5.0,5.0,G,,corrected-archive-csv
162860,Luleå-Kallax Flygplats,21,Byvind,"max, 1 gång/tim",meter per sekund,2022-02-07T07:00:00Z,2022-02-07T08:00:00+01:00,1644217200000,,3.0,3.0,G,,corrected-archive-csv
162860,Luleå-Kallax Flygplats,21,Byvind,"max, 1 gång/tim",meter per sekund,2022-02-07T09:00:00Z,2022-02-07T10:00:00+01:00,1644224400000,,4.0,4.0,G,,corrected-archive-csv
162860,Luleå-Kallax Flygplats,21,Byvind,"max, 1 gång/tim",meter per sekund,2022-02-07T11:00:00Z,2022-02-07T12:00:00+01:00,1644231600000,,3.0,3.0,G,,corrected-archive-csv
162860,Luleå-Kallax Flygplats,21,Byvind,"max, 1 gång/tim",meter per sekund,2022-02-07T12:00:00Z,2022-02-07T13:00:00+01:00,1644235200000,,2.0,2.0,G,,corrected-archive-csv
162860,Luleå-Kallax Flygplats,21,Byvind,"max, 1 gång/tim",meter per sekund,2022-02-07T14:00:00Z,2022-02-07T15:00:00+01:00,1644242400000,,1.0,1.0,G,,corrected-archive-csv
162860,Luleå-Kallax Flygplats,21,Byvind,"max, 1 gång/tim",meter per sekund,2022-02-07T15:00:00Z,2022-02-07T16:00:00+01:00,1644246000000,,2.0,2.0,G,,corrected-archive-csv
162860,Luleå-Kallax Flygplats,21,Byvind,"max, 1 gång/tim",meter per sekund,2022-02-07T18:00:00Z,2022-02-07T19:00:00+01:00,1644256800000,,4.0,4.0,G,,corrected-archive-csv
162860,Luleå-Kallax Flygplats,21,Byvind,"max, 1 gång/tim",meter per sekund,2022-02-07T19:00:00Z,2022-02-07T20:00:00+01:00,1644260400000,,3.0,3.0,G,,corrected-archive-csv
162860,Luleå-Kallax Flygplats,21,Byvind,"max, 1 gång/tim",meter per sekund,2022-02-07T20:00:00Z,2022-02-07T21:00:00+01:00,1644264000000,,2.0,2.0,G,,corrected-archive-csv
162860,Luleå-Kallax Flygplats,21,Byvind,"max, 1 gång/tim",meter per sekund,2022-02-07T21:00:00Z,2022-02-07T22:00:00+01:00,1644267600000,,3.0,3.0,G,,corrected-archive-csv
162860,Luleå-Kallax Flygplats,21,Byvind,"max, 1 gång/tim",meter per sekund,2022-02-08T00:00:00Z,2022-02-08T01:00:00+01:00,1644278400000,,2.0,2.0,G,,corrected-archive-csv
162860,Luleå-Kallax Flygplats,21,Byvind,"max, 1 gång/tim",meter per sekund,2022-02-08T01:00:00Z,2022-02-08T02:00:00+01:00,1644282000000,,3.0,3.0,G,,corrected-archive-csv
162860,Luleå-Kallax Flygplats,21,Byvind,"max, 1 gång/tim",meter per sekund,2022-02-08T02:00:00Z,2022-02-08T03:00:00+01:00,1644285600000,,2.0,2.0,G,,corrected-archive-csv
162860,Luleå-Kallax Flygplats,21,Byvind,"max, 1 gång/tim",meter per sekund,2022-02-08T07:00:00Z,2022-02-08T08:00:00+01:00,1644303600000,,4.0,4.0,G,,corrected-archive-csv
162860,Luleå-Kallax Flygplats,21,Byvind,"max, 1 gång/tim",meter per sekund,2022-02-08T10:00:00Z,2022-02-08T11:00:00+01:00,1644314400000,,3.0,3.0,G,,corrected-archive-csv
162860,Luleå-Kallax Flygplats,21,Byvind,"max, 1 gång/tim",meter per sekund,2022-02-08T12:00:00Z,2022-02-08T13:00:00+01:00,1644321600000,,4.0,4.0,G,,corrected-archive-csv
162860,Luleå-Kallax Flygplats,21,Byvind,"max, 1 gång/tim",meter per sekund,2022-02-08T19:00:00Z,2022-02-08T20:00:00+01:00,1644346800000,,3.0,3.0,G,,corrected-archive-csv
162860,Luleå-Kallax Flygplats,21,Byvind,"max, 1 gång/tim",meter per sekund,2022-02-08T20:00:00Z,2022-02-08T21:00:00+01:00,1644350400000,,3.0,3.0,G,,corrected-archive-csv
162860,Luleå-Kallax Flygplats,21,Byvind,"max, 1 gång/tim",meter per sekund,2022-02-08T21:00:00Z,2022-02-08T22:00:00+01:00,1644354000000,,2.0,2.0,G,,corrected-archive-csv
162860,Luleå-Kallax Flygplats,21,Byvind,"max, 1 gång/tim",meter per sekund,2022-02-08T22:00:00Z,2022-02-08T23:00:00+01:00,1644357600000,,2.0,2.0,G,,corrected-archive-csv
162860,Luleå-Kallax Flygplats,21,Byvind,"max, 1 gång/tim",meter per sekund,2022-02-08T23:00:00Z,2022-02-09T00:00:00+01:00,1644361200000,,2.0,2.0,G,,corrected-archive-csv
162860,Luleå-Kallax Flygplats,21,Byvind,"max, 1 gång/tim",meter per sekund,2022-02-09T00:00:00Z,2022-02-09T01:00:00+01:00,1644364800000,,2.0,2.0,G,,corrected-archive-csv
162860,Luleå-Kallax Flygplats,21,Byvind,"max, 1 gång/tim",meter per sekund,2022-02-09T01:00:00Z,2022-02-09T02:00:00+01:00,1644368400000,,2.0,2.0,G,,corrected-archive-csv
162860,Luleå-Kallax Flygplats,21,Byvind,"max, 1 gång/tim",meter per sekund,2022-02-09T02:00:00Z,2022-02-09T03:00:00+01:00,1644372000000,,2.0,2.0,G,,corrected-archive-csv
162860,Luleå-Kallax Flygplats,21,Byvind,"max, 1 gång/tim",meter per sekund,2022-02-09T04:00:00Z,2022-02-09T05:00:00+01:00,1644379200000,,2.0,2.0,G,,corrected-archive-csv
162860,Luleå-Kallax Flygplats,21,Byvind,"max, 1 gång/tim",meter per sekund,2022-02-09T06:00:00Z,2022-02-09T07:00:00+01:00,1644386400000,,3.0,3.0,G,,corrected-archive-csv
162860,Luleå-Kallax Flygplats,21,Byvind,"max, 1 gång/tim",meter per sekund,2022-02-09T07:00:00Z,2022-02-09T08:00:00+01:00,1644390000000,,5.0,5.0,G,,corrected-archive-csv
162860,Luleå-Kallax Flygplats,21,Byvind,"max, 1 gång/tim",meter per sekund,2022-02-09T08:00:00Z,2022-02-09T09:00:00+01:00,1644393600000,,7.0,7.0,G,,corrected-archive-csv
162860,Luleå-Kallax Flygplats,21,Byvind,"max, 1 gång/tim",meter per sekund,2022-02-09T09:00:00Z,2022-02-09T10:00:00+01:00,1644397200000,,6.0,6.0,G,,corrected-archive-csv
162860,Luleå-Kallax Flygplats,21,Byvind,"max, 1 gång/tim",meter per sekund,2022-02-09T10:00:00Z,2022-02-09T11:00:00+01:00,1644400800000,,7.0,7.0,G,,corrected-archive-csv
162860,Luleå-Kallax Flygplats,21,Byvind,"max, 1 gång/tim",meter per sekund,2022-02-09T12:00:00Z,2022-02-09T13:00:00+01:00,1644408000000,,6.0,6.0,G,,corrected-archive-csv
162860,Luleå-Kallax Flygplats,21,Byvind,"max, 1 gång/tim",meter per sekund,2022-02-09T13:00:00Z,2022-02-09T14:00:00+01:00,1644411600000,,8.0,8.0,G,,corrected-archive-csv
162860,Luleå-Kallax Flygplats,21,Byvind,"max, 1 gång/tim",meter per sekund,2022-02-09T14:00:00Z,2022-02-09T15:00:00+01:00,1644415200000,,6.0,6.0,G,,corrected-archive-csv
162860,Luleå-Kallax Flygplats,21,Byvind,"max, 1 gång/tim",meter per sekund,2022-02-09T15:00:00Z,2022-02-09T16:00:00+01:00,1644418800000,,7.0,7.0,G,,corrected-archive-csv
162860,Luleå-Kallax Flygplats,21,Byvind,"max, 1 gång/tim",meter per sekund,2022-02-09T17:00:00Z,2022-02-09T18:00:00+01:00,1644426000000,,6.0,6.0,G,,corrected-archive-csv
162860,Luleå-Kallax Flygplats,21,Byvind,"max, 1 gång/tim",meter per sekund,2022-02-09T18:00:00Z,2022-02-09T19:00:00+01:00,1644429600000,,5.0,5.0,G,,corrected-archive-csv
162860,Luleå-Kallax Flygplats,21,Byvind,"max, 1 gång/tim",meter per sekund,2022-02-09T19:00:00Z,2022-02-09T20:00:00+01:00,1644433200000,,4.0,4.0,G,,corrected-archive-csv
162860,Luleå-Kallax Flygplats,21,Byvind,"max, 1 gång/tim",meter per sekund,2022-02-09T21:00:00Z,2022-02-09T22:00:00+01:00,1644440400000,,7.0,7.0,G,,corrected-archive-csv
162860,Luleå-Kallax Flygplats,21,Byvind,"max, 1 gång/tim",meter per sekund,2022-02-09T22:00:00Z,2022-02-09T23:00:00+01:00,1644444000000,,6.0,6.0,G,,corrected-archive-csv
162860,Luleå-Kallax Flygplats,21,Byvind,"max, 1 gång/tim",meter per sekund,2022-02-09T23:00:00Z,2022-02-10T00:00:00+01:00,1644447600000,,4.0,4.0,G,,corrected-archive-csv
162860,Luleå-Kallax Flygplats,21,Byvind,"max, 1 gång/tim",meter per sekund,2022-02-10T00:00:00Z,2022-02-10T01:00:00+01:00,1644451200000,,6.0,6.0,G,,corrected-archive-csv
162860,Luleå-Kallax Flygplats,21,Byvind,"max, 1 gång/tim",meter per sekund,2022-02-10T01:00:00Z,2022-02-10T02:00:00+01:00,1644454800000,,7.0,7.0,G,,corrected-archive-csv
162860,Luleå-Kallax Flygplats,21,Byvind,"max, 1 gång/tim",meter per sekund,2022-02-10T02:00:00Z,2022-02-10T03:00:00+01:00,1644458400000,,5.0,5.0,G,,corrected-archive-csv
162860,Luleå-Kallax Flygplats,21,Byvind,"max, 1 gång/tim",meter per sekund,2022-02-10T04:00:00Z,2022-02-10T05:00:00+01:00,1644465600000,,6.0,6.0,G,,corrected-archive-csv
162860,Luleå-Kallax Flygplats,21,Byvind,"max, 1 gång/tim",meter per sekund,2022-02-10T05:00:00Z,2022-02-10T06:00:00+01:00,1644469200000,,8.0,8.0,G,,corrected-archive-csv
162860,Luleå-Kallax Flygplats,21,Byvind,"max, 1 gång/tim",meter per sekund,2022-02-10T06:00:00Z,2022-02-10T07:00:00+01:00,1644472800000,,5.0,5.0,G,,corrected-archive-csv
162860,Luleå-Kallax Flygplats,21,Byvind,"max, 1 gång/tim",meter per sekund,2022-02-10T07:00:00Z,2022-02-10T08:00:00+01:00,1644476400000,,6.0,6.0,G,,corrected-archive-csv
162860,Luleå-Kallax Flygplats,21,Byvind,"max, 1 gång/tim",meter per sekund,2022-02-10T08:00:00Z,2022-02-10T09:00:00+01:00,1644480000000,,7.0,7.0,G,,corrected-archive-csv
162860,Luleå-Kallax Flygplats,21,Byvind,"max, 1 gång/tim",meter per sekund,2022-02-10T09:00:00Z,2022-02-10T10:00:00+01:00,1644483600000,,8.0,8.0,G,,corrected-archive-csv
162860,Luleå-Kallax Flygplats,21,Byvind,"max, 1 gång/tim",meter per sekund,2022-02-10T10:00:00Z,2022-02-10T11:00:00+01:00,1644487200000,,7.0,7.0,G,,corrected-archive-csv
162860,Luleå-Kallax Flygplats,21,Byvind,"max, 1 gång/tim",meter per sekund,2022-02-10T11:00:00Z,2022-02-10T12:00:00+01:00,1644490800000,,6.0,6.0,G,,corrected-archive-csv
162860,Luleå-Kallax Flygplats,21,Byvind,"max, 1 gång/tim",meter per sekund,2022-02-10T12:00:00Z,2022-02-10T13:00:00+01:00,1644494400000,,5.0,5.0,G,,corrected-archive-csv
162860,Luleå-Kallax Flygplats,21,Byvind,"max, 1 gång/tim",meter per sekund,2022-02-10T14:00:00Z,2022-02-10T15:00:00+01:00,1644501600000,,6.0,6.0,G,,corrected-archive-csv
162860,Luleå-Kallax Flygplats,21,Byvind,"max, 1 gång/tim",meter per sekund,2022-02-10T15:00:00Z,2022-02-10T16:00:00+01:00,1644505200000,,9.0,9.0,G,,corrected-archive-csv
162860,Luleå-Kallax Flygplats,21,Byvind,"max, 1 gång/tim",meter per sekund,2022-02-10T18:00:00Z,2022-02-10T19:00:00+01:00,1644516000000,,7.0,7.0,G,,corrected-archive-csv
162860,Luleå-Kallax Flygplats,21,Byvind,"max, 1 gång/tim",meter per sekund,2022-02-10T21:00:00Z,2022-02-10T22:00:00+01:00,1644526800000,,4.0,4.0,G,,corrected-archive-csv
162860,Luleå-Kallax Flygplats,21,Byvind,"max, 1 gång/tim",meter per sekund,2022-02-10T23:00:00Z,2022-02-11T00:00:00+01:00,1644534000000,,5.0,5.0,G,,corrected-archive-csv
162860,Luleå-Kallax Flygplats,21,Byvind,"max, 1 gång/tim",meter per sekund,2022-02-11T00:00:00Z,2022-02-11T01:00:00+01:00,1644537600000,,6.0,6.0,G,,corrected-archive-csv
162860,Luleå-Kallax Flygplats,21,Byvind,"max, 1 gång/tim",meter per sekund,2022-02-11T01:00:00Z,2022-02-11T02:00:00+01:00,1644541200000,,7.0,7.0,G,,corrected-archive-csv
162860,Luleå-Kallax Flygplats,21,Byvind,"max, 1 gång/tim",meter per sekund,2022-02-11T04:00:00Z,2022-02-11T05:00:00+01:00,1644552000000,,6.0,6.0,G,,corrected-archive-csv
162860,Luleå-Kallax Flygplats,21,Byvind,"max, 1 gång/tim",meter per sekund,2022-02-11T05:00:00Z,2022-02-11T06:00:00+01:00,1644555600000,,7.0,7.0,G,,corrected-archive-csv
162860,Luleå-Kallax Flygplats,21,Byvind,"max, 1 gång/tim",meter per sekund,2022-02-11T07:00:00Z,2022-02-11T08:00:00+01:00,1644562800000,,8.0,8.0,G,,corrected-archive-csv
162860,Luleå-Kallax Flygplats,21,Byvind,"max, 1 gång/tim",meter per sekund,2022-02-11T09:00:00Z,2022-02-11T10:00:00+01:00,1644570000000,,7.0,7.0,G,,corrected-archive-csv
162860,Luleå-Kallax Flygplats,21,Byvind,"max, 1 gång/tim",meter per sekund,2022-02-11T10:00:00Z,2022-02-11T11:00:00+01:00,1644573600000,,9.0,9.0,G,,corrected-archive-csv
162860,Luleå-Kallax Flygplats,21,Byvind,"max, 1 gång/tim",meter per sekund,2022-02-11T13:00:00Z,2022-02-11T14:00:00+01:00,1644584400000,,8.0,8.0,G,,corrected-archive-csv
162860,Luleå-Kallax Flygplats,21,Byvind,"max, 1 gång/tim",meter per sekund,2022-02-11T15:00:00Z,2022-02-11T16:00:00+01:00,1644591600000,,7.0,7.0,G,,corrected-archive-csv
162860,Luleå-Kallax Flygplats,21,Byvind,"max, 1 gång/tim",meter per sekund,2022-02-11T17:00:00Z,2022-02-11T18:00:00+01:00,1644598800000,,6.0,6.0,G,,corrected-archive-csv
162860,Luleå-Kallax Flygplats,21,Byvind,"max, 1 gång/tim",meter per sekund,2022-02-11T18:00:00Z,2022-02-11T19:00:00+01:00,1644602400000,,3.0,3.0,G,,corrected-archive-csv
162860,Luleå-Kallax Flygplats,21,Byvind,"max, 1 gång/tim",meter per sekund,2022-02-11T19:00:00Z,2022-02-11T20:00:00+01:00,1644606000000,,5.0,5.0,G,,corrected-archive-csv
162860,Luleå-Kallax Flygplats,21,Byvind,"max, 1 gång/tim",meter per sekund,2022-02-11T21:00:00Z,2022-02-11T22:00:00+01:00,1644613200000,,2.0,2.0,G,,corrected-archive-csv
162860,Luleå-Kallax Flygplats,21,Byvind,"max, 1 gång/tim",meter per sekund,2022-02-12T03:00:00Z,2022-02-12T04:00:00+01:00,1644634800000,,1.0,1.0,G,,corrected-archive-csv
162860,Luleå-Kallax Flygplats,21,Byvind,"max, 1 gång/tim",meter per sekund,2022-02-12T04:00:00Z,2022-02-12T05:00:00+01:00,1644638400000,,2.0,2.0,G,,corrected-archive-csv
162860,Luleå-Kallax Flygplats,21,Byvind,"max, 1 gång/tim",meter per sekund,2022-02-12T07:00:00Z,2022-02-12T08:00:00+01:00,1644649200000,,3.0,3.0,G,,corrected-archive-csv
162860,Luleå-Kallax Flygplats,21,Byvind,"max, 1 gång/tim",meter per sekund,2022-02-12T10:00:00Z,2022-02-12T11:00:00+01:00,1644660000000,,4.0,4.0,G,,corrected-archive-csv
162860,Luleå-Kallax Flygplats,21,Byvind,"max, 1 gång/tim",meter per sekund,2022-02-12T12:00:00Z,2022-02-12T13:00:00+01:00,1644667200000,,3.0,3.0,G,,corrected-archive-csv
162860,Luleå-Kallax Flygplats,21,Byvind,"max, 1 gång/tim",meter per sekund,2022-02-12T15:00:00Z,2022-02-12T16:00:00+01:00,1644678000000,,1.0,1.0,G,,corrected-archive-csv
162860,Luleå-Kallax Flygplats,21,Byvind,"max, 1 gång/tim",meter per sekund,2022-02-12T21:00:00Z,2022-02-12T22:00:00+01:00,1644699600000,,2.0,2.0,G,,corrected-archive-csv
162860,Luleå-Kallax Flygplats,21,Byvind,"max, 1 gång/tim",meter per sekund,2022-02-13T04:00:00Z,2022-02-13T05:00:00+01:00,1644724800000,,1.0,1.0,G,,corrected-archive-csv
162860,Luleå-Kallax Flygplats,21,Byvind,"max, 1 gång/tim",meter per sekund,2022-02-13T05:00:00Z,2022-02-13T06:00:00+01:00,1644728400000,,2.0,2.0,G,,corrected-archive-csv
162860,Luleå-Kallax Flygplats,21,Byvind,"max, 1 gång/tim",meter per sekund,2022-02-13T07:00:00Z,2022-02-13T08:00:00+01:00,1644735600000,,3.0,3.0,G,,corrected-archive-csv
162860,Luleå-Kallax Flygplats,21,Byvind,"max, 1 gång/tim",meter per sekund,2022-02-13T08:00:00Z,2022-02-13T09:00:00+01:00,1644739200000,,5.0,5.0,G,,corrected-archive-csv
162860,Luleå-Kallax Flygplats,21,Byvind,"max, 1 gång/tim",meter per sekund,2022-02-13T09:00:00Z,2022-02-13T10:00:00+01:00,1644742800000,,6.0,6.0,G,,corrected-archive-csv
162860,Luleå-Kallax Flygplats,21,Byvind,"max, 1 gång/tim",meter per sekund,2022-02-13T10:00:00Z,2022-02-13T11:00:00+01:00,1644746400000,,5.0,5.0,G,,corrected-archive-csv
162860,Luleå-Kallax Flygplats,21,Byvind,"max, 1 gång/tim",meter per sekund,2022-02-13T11:00:00Z,2022-02-13T12:00:00+01:00,1644750000000,,4.0,4.0,G,,corrected-archive-csv
162860,Luleå-Kallax Flygplats,21,Byvind,"max, 1 gång/tim",meter per sekund,2022-02-13T12:00:00Z,2022-02-13T13:00:00+01:00,1644753600000,,6.0,6.0,G,,corrected-archive-csv
162860,Luleå-Kallax Flygplats,21,Byvind,"max, 1 gång/tim",meter per sekund,2022-02-13T15:00:00Z,2022-02-13T16:00:00+01:00,1644764400000,,5.0,5.0,G,,corrected-archive-csv
162860,Luleå-Kallax Flygplats,21,Byvind,"max, 1 gång/tim",meter per sekund,2022-02-13T18:00:00Z,2022-02-13T19:00:00+01:00,1644775200000,,4.0,4.0,G,,corrected-archive-csv
162860,Luleå-Kallax Flygplats,21,Byvind,"max, 1 gång/tim",meter per sekund,2022-02-13T19:00:00Z,2022-02-13T20:00:00+01:00,1644778800000,,3.0,3.0,G,,corrected-archive-csv
162860,Luleå-Kallax Flygplats,21,Byvind,"max, 1 gång/tim",meter per sekund,2022-02-13T20:00:00Z,2022-02-13T21:00:00+01:00,1644782400000,,8.0,8.0,G,,corrected-archive-csv
162860,Luleå-Kallax Flygplats,21,Byvind,"max, 1 gång/tim",meter per sekund,2022-02-13T21:00:00Z,2022-02-13T22:00:00+01:00,1644786000000,,9.0,9.0,G,,corrected-archive-csv
162860,Luleå-Kallax Flygplats,21,Byvind,"max, 1 gång/tim",meter per sekund,2022-02-14T01:00:00Z,2022-02-14T02:00:00+01:00,1644800400000,,6.0,6.0,G,,corrected-archive-csv
162860,Luleå-Kallax Flygplats,21,Byvind,"max, 1 gång/tim",meter per sekund,2022-02-14T02:00:00Z,2022-02-14T03:00:00+01:00,1644804000000,,4.0,4.0,G,,corrected-archive-csv
162860,Luleå-Kallax Flygplats,21,Byvind,"max, 1 gång/tim",meter per sekund,2022-02-14T03:00:00Z,2022-02-14T04:00:00+01:00,1644807600000,,2.0,2.0,G,,corrected-archive-csv
162860,Luleå-Kallax Flygplats,21,Byvind,"max, 1 gång/tim",meter per sekund,2022-02-14T05:00:00Z,2022-02-14T06:00:00+01:00,1644814800000,,1.0,1.0,G,,corrected-archive-csv
162860,Luleå-Kallax Flygplats,21,Byvind,"max, 1 gång/tim",meter per sekund,2022-02-14T06:00:00Z,2022-02-14T07:00:00+01:00,1644818400000,,2.0,2.0,G,,corrected-archive-csv
162860,Luleå-Kallax Flygplats,21,Byvind,"max, 1 gång/tim",meter per sekund,2022-02-14T08:00:00Z,2022-02-14T09:00:00+01:00,1644825600000,,1.0,1.0,G,,corrected-archive-csv
162860,Luleå-Kallax Flygplats,21,Byvind,"max, 1 gång/tim",meter per sekund,2022-02-14T09:00:00Z,2022-02-14T10:00:00+01:00,1644829200000,,2.0,2.0,G,,corrected-archive-csv
162860,Luleå-Kallax Flygplats,21,Byvind,"max, 1 gång/tim",meter per sekund,2022-02-14T10:00:00Z,2022-02-14T11:00:00+01:00,1644832800000,,3.0,3.0,G,,corrected-archive-csv
162860,Luleå-Kallax Flygplats,21,Byvind,"max, 1 gång/tim",meter per sekund,2022-02-14T11:00:00Z,2022-02-14T12:00:00+01:00,1644836400000,,4.0,4.0,G,,corrected-archive-csv
162860,Luleå-Kallax Flygplats,21,Byvind,"max, 1 gång/tim",meter per sekund,2022-02-14T12:00:00Z,2022-02-14T13:00:00+01:00,1644840000000,,3.0,3.0,G,,corrected-archive-csv
162860,Luleå-Kallax Flygplats,21,Byvind,"max, 1 gång/tim",meter per sekund,2022-02-14T13:00:00Z,2022-02-14T14:00:00+01:00,1644843600000,,4.0,4.0,G,,corrected-archive-csv
162860,Luleå-Kallax Flygplats,21,Byvind,"max, 1 gång/tim",meter per sekund,2022-02-14T16:00:00Z,2022-02-14T17:00:00+01:00,1644854400000,,3.0,3.0,G,,corrected-archive-csv
162860,Luleå-Kallax Flygplats,21,Byvind,"max, 1 gång/tim",meter per sekund,2022-02-14T17:00:00Z,2022-02-14T18:00:00+01:00,1644858000000,,2.0,2.0,G,,corrected-archive-csv
162860,Luleå-Kallax Flygplats,21,Byvind,"max, 1 gång/tim",meter per sekund,2022-02-14T18:00:00Z,2022-02-14T19:00:00+01:00,1644861600000,,4.0,4.0,G,,corrected-archive-csv
162860,Luleå-Kallax Flygplats,21,Byvind,"max, 1 gång/tim",meter per sekund,2022-02-14T22:00:00Z,2022-02-14T23:00:00+01:00,1644876000000,,3.0,3.0,G,,corrected-archive-csv
162860,Luleå-Kallax Flygplats,21,Byvind,"max, 1 gång/tim",meter per sekund,2022-02-14T23:00:00Z,2022-02-15T00:00:00+01:00,1644879600000,,5.0,5.0,G,,corrected-archive-csv
162860,Luleå-Kallax Flygplats,21,Byvind,"max, 1 gång/tim",meter per sekund,2022-02-15T01:00:00Z,2022-02-15T02:00:00+01:00,1644886800000,,4.0,4.0,G,,corrected-archive-csv
162860,Luleå-Kallax Flygplats,21,Byvind,"max, 1 gång/tim",meter per sekund,2022-02-15T06:00:00Z,2022-02-15T07:00:00+01:00,1644904800000,,4.0,4.0,G,,corrected-archive-csv
162860,Luleå-Kallax Flygplats,21,Byvind,"max, 1 gång/tim",meter per sekund,2022-02-15T07:00:00Z,2022-02-15T08:00:00+01:00,1644908400000,,5.0,5.0,G,,corrected-archive-csv
162860,Luleå-Kallax Flygplats,21,Byvind,"max, 1 gång/tim",meter per sekund,2022-02-15T08:00:00Z,2022-02-15T09:00:00+01:00,1644912000000,,4.0,4.0,G,,corrected-archive-csv
162860,Luleå-Kallax Flygplats,21,Byvind,"max, 1 gång/tim",meter per sekund,2022-02-15T09:00:00Z,2022-02-15T10:00:00+01:00,1644915600000,,5.0,5.0,G,,corrected-archive-csv
162860,Luleå-Kallax Flygplats,21,Byvind,"max, 1 gång/tim",meter per sekund,2022-02-15T10:00:00Z,2022-02-15T11:00:00+01:00,1644919200000,,6.0,6.0,G,,corrected-archive-csv
162860,Luleå-Kallax Flygplats,21,Byvind,"max, 1 gång/tim",meter per sekund,2022-02-15T11:00:00Z,2022-02-15T12:00:00+01:00,1644922800000,,5.0,5.0,G,,corrected-archive-csv
162860,Luleå-Kallax Flygplats,21,Byvind,"max, 1 gång/tim",meter per sekund,2022-02-15T12:00:00Z,2022-02-15T13:00:00+01:00,1644926400000,,4.0,4.0,G,,corrected-archive-csv
162860,Luleå-Kallax Flygplats,21,Byvind,"max, 1 gång/tim",meter per sekund,2022-02-15T14:00:00Z,2022-02-15T15:00:00+01:00,1644933600000,,5.0,5.0,G,,corrected-archive-csv
162860,Luleå-Kallax Flygplats,21,Byvind,"max, 1 gång/tim",meter per sekund,2022-02-15T15:00:00Z,2022-02-15T16:00:00+01:00,1644937200000,,6.0,6.0,G,,corrected-archive-csv
162860,Luleå-Kallax Flygplats,21,Byvind,"max, 1 gång/tim",meter per sekund,2022-02-15T19:00:00Z,2022-02-15T20:00:00+01:00,1644951600000,,7.0,7.0,G,,corrected-archive-csv
162860,Luleå-Kallax Flygplats,21,Byvind,"max, 1 gång/tim",meter per sekund,2022-02-15T21:00:00Z,2022-02-15T22:00:00+01:00,1644958800000,,8.0,8.0,G,,corrected-archive-csv
162860,Luleå-Kallax Flygplats,21,Byvind,"max, 1 gång/tim",meter per sekund,2022-02-15T22:00:00Z,2022-02-15T23:00:00+01:00,1644962400000,,7.0,7.0,G,,corrected-archive-csv
162860,Luleå-Kallax Flygplats,21,Byvind,"max, 1 gång/tim",meter per sekund,2022-02-16T04:00:00Z,2022-02-16T05:00:00+01:00,1644984000000,,8.0,8.0,G,,corrected-archive-csv
162860,Luleå-Kallax Flygplats,21,Byvind,"max, 1 gång/tim",meter per sekund,2022-02-16T05:00:00Z,2022-02-16T06:00:00+01:00,1644987600000,,7.0,7.0,G,,corrected-archive-csv
162860,Luleå-Kallax Flygplats,21,Byvind,"max, 1 gång/tim",meter per sekund,2022-02-16T08:00:00Z,2022-02-16T09:00:00+01:00,1644998400000,,5.0,5.0,G,,corrected-archive-csv
162860,Luleå-Kallax Flygplats,21,Byvind,"max, 1 gång/tim",meter per sekund,2022-02-16T10:00:00Z,2022-02-16T11:00:00+01:00,1645005600000,,6.0,6.0,G,,corrected-archive-csv
162860,Luleå-Kallax Flygplats,21,Byvind,"max, 1 gång/tim",meter per sekund,2022-02-16T14:00:00Z,2022-02-16T15:00:00+01:00,1645020000000,,7.0,7.0,G,,corrected-archive-csv
162860,Luleå-Kallax Flygplats,21,Byvind,"max, 1 gång/tim",meter per sekund,2022-02-16T17:00:00Z,2022-02-16T18:00:00+01:00,1645030800000,,6.0,6.0,G,,corrected-archive-csv
162860,Luleå-Kallax Flygplats,21,Byvind,"max, 1 gång/tim",meter per sekund,2022-02-16T21:00:00Z,2022-02-16T22:00:00+01:00,1645045200000,,7.0,7.0,G,,corrected-archive-csv
162860,Luleå-Kallax Flygplats,21,Byvind,"max, 1 gång/tim",meter per sekund,2022-02-16T22:00:00Z,2022-02-16T23:00:00+01:00,1645048800000,,6.0,6.0,G,,corrected-archive-csv
162860,Luleå-Kallax Flygplats,21,Byvind,"max, 1 gång/tim",meter per sekund,2022-02-16T23:00:00Z,2022-02-17T00:00:00+01:00,1645052400000,,7.0,7.0,G,,corrected-archive-csv
162860,Luleå-Kallax Flygplats,21,Byvind,"max, 1 gång/tim",meter per sekund,2022-02-17T03:00:00Z,2022-02-17T04:00:00+01:00,1645066800000,,9.0,9.0,G,,corrected-archive-csv
162860,Luleå-Kallax Flygplats,21,Byvind,"max, 1 gång/tim",meter per sekund,2022-02-17T04:00:00Z,2022-02-17T05:00:00+01:00,1645070400000,,8.0,8.0,G,,corrected-archive-csv
162860,Luleå-Kallax Flygplats,21,Byvind,"max, 1 gång/tim",meter per sekund,2022-02-17T05:00:00Z,2022-02-17T06:00:00+01:00,1645074000000,,7.0,7.0,G,,corrected-archive-csv
162860,Luleå-Kallax Flygplats,21,Byvind,"max, 1 gång/tim",meter per sekund,2022-02-17T06:00:00Z,2022-02-17T07:00:00+01:00,1645077600000,,6.0,6.0,G,,corrected-archive-csv
162860,Luleå-Kallax Flygplats,21,Byvind,"max, 1 gång/tim",meter per sekund,2022-02-17T07:00:00Z,2022-02-17T08:00:00+01:00,1645081200000,,7.0,7.0,G,,corrected-archive-csv
162860,Luleå-Kallax Flygplats,21,Byvind,"max, 1 gång/tim",meter per sekund,2022-02-17T08:00:00Z,2022-02-17T09:00:00+01:00,1645084800000,,8.0,8.0,G,,corrected-archive-csv
162860,Luleå-Kallax Flygplats,21,Byvind,"max, 1 gång/tim",meter per sekund,2022-02-17T09:00:00Z,2022-02-17T10:00:00+01:00,1645088400000,,6.0,6.0,G,,corrected-archive-csv
162860,Luleå-Kallax Flygplats,21,Byvind,"max, 1 gång/tim",meter per sekund,2022-02-17T13:00:00Z,2022-02-17T14:00:00+01:00,1645102800000,,7.0,7.0,G,,corrected-archive-csv
162860,Luleå-Kallax Flygplats,21,Byvind,"max, 1 gång/tim",meter per sekund,2022-02-17T15:00:00Z,2022-02-17T16:00:00+01:00,1645110000000,,6.0,6.0,G,,corrected-archive-csv
162860,Luleå-Kallax Flygplats,21,Byvind,"max, 1 gång/tim",meter per sekund,2022-02-17T17:00:00Z,2022-02-17T18:00:00+01:00,1645117200000,,7.0,7.0,G,,corrected-archive-csv
162860,Luleå-Kallax Flygplats,21,Byvind,"max, 1 gång/tim",meter per sekund,2022-02-17T19:00:00Z,2022-02-17T20:00:00+01:00,1645124400000,,8.0,8.0,G,,corrected-archive-csv
162860,Luleå-Kallax Flygplats,21,Byvind,"max, 1 gång/tim",meter per sekund,2022-02-17T20:00:00Z,2022-02-17T21:00:00+01:00,1645128000000,,9.0,9.0,G,,corrected-archive-csv
162860,Luleå-Kallax Flygplats,21,Byvind,"max, 1 gång/tim",meter per sekund,2022-02-17T22:00:00Z,2022-02-17T23:00:00+01:00,1645135200000,,10.0,10.0,G,,corrected-archive-csv
162860,Luleå-Kallax Flygplats,21,Byvind,"max, 1 gång/tim",meter per sekund,2022-02-18T06:00:00Z,2022-02-18T07:00:00+01:00,1645164000000,,8.0,8.0,G,,corrected-archive-csv
162860,Luleå-Kallax Flygplats,21,Byvind,"max, 1 gång/tim",meter per sekund,2022-02-18T07:00:00Z,2022-02-18T08:00:00+01:00,1645167600000,,9.0,9.0,G,,corrected-archive-csv
162860,Luleå-Kallax Flygplats,21,Byvind,"max, 1 gång/tim",meter per sekund,2022-02-18T08:00:00Z,2022-02-18T09:00:00+01:00,1645171200000,,10.0,10.0,G,,corrected-archive-csv
162860,Luleå-Kallax Flygplats,21,Byvind,"max, 1 gång/tim",meter per sekund,2022-02-18T10:00:00Z,2022-02-18T11:00:00+01:00,1645178400000,,9.0,9.0,G,,corrected-archive-csv
162860,Luleå-Kallax Flygplats,21,Byvind,"max, 1 gång/tim",meter per sekund,2022-02-18T13:00:00Z,2022-02-18T14:00:00+01:00,1645189200000,,8.0,8.0,G,,corrected-archive-csv
162860,Luleå-Kallax Flygplats,21,Byvind,"max, 1 gång/tim",meter per sekund,2022-02-18T15:00:00Z,2022-02-18T16:00:00+01:00,1645196400000,,9.0,9.0,G,,corrected-archive-csv
162860,Luleå-Kallax Flygplats,21,Byvind,"max, 1 gång/tim",meter per sekund,2022-02-18T21:00:00Z,2022-02-18T22:00:00+01:00,1645218000000,,8.0,8.0,G,,corrected-archive-csv
162860,Luleå-Kallax Flygplats,21,Byvind,"max, 1 gång/tim",meter per sekund,2022-02-18T23:00:00Z,2022-02-19T00:00:00+01:00,1645225200000,,9.0,9.0,G,,corrected-archive-csv
162860,Luleå-Kallax Flygplats,21,Byvind,"max, 1 gång/tim",meter per sekund,2022-02-19T01:00:00Z,2022-02-19T02:00:00+01:00,1645232400000,,8.0,8.0,G,,corrected-archive-csv
162860,Luleå-Kallax Flygplats,21,Byvind,"max, 1 gång/tim",meter per sekund,2022-02-19T03:00:00Z,2022-02-19T04:00:00+01:00,1645239600000,,7.0,7.0,G,,corrected-archive-csv
162860,Luleå-Kallax Flygplats,21,Byvind,"max, 1 gång/tim",meter per sekund,2022-02-19T05:00:00Z,2022-02-19T06:00:00+01:00,1645246800000,,6.0,6.0,G,,corrected-archive-csv
162860,Luleå-Kallax Flygplats,21,Byvind,"max, 1 gång/tim",meter per sekund,2022-02-19T11:00:00Z,2022-02-19T12:00:00+01:00,1645268400000,,7.0,7.0,G,,corrected-archive-csv
162860,Luleå-Kallax Flygplats,21,Byvind,"max, 1 gång/tim",meter per sekund,2022-02-19T12:00:00Z,2022-02-19T13:00:00+01:00,1645272000000,,8.0,8.0,G,,corrected-archive-csv
162860,Luleå-Kallax Flygplats,21,Byvind,"max, 1 gång/tim",meter per sekund,2022-02-19T13:00:00Z,2022-02-19T14:00:00+01:00,1645275600000,,7.0,7.0,G,,corrected-archive-csv
162860,Luleå-Kallax Flygplats,21,Byvind,"max, 1 gång/tim",meter per sekund,2022-02-19T14:00:00Z,2022-02-19T15:00:00+01:00,1645279200000,,6.0,6.0,G,,corrected-archive-csv
162860,Luleå-Kallax Flygplats,21,Byvind,"max, 1 gång/tim",meter per sekund,2022-02-19T15:00:00Z,2022-02-19T16:00:00+01:00,1645282800000,,7.0,7.0,G,,corrected-archive-csv
162860,Luleå-Kallax Flygplats,21,Byvind,"max, 1 gång/tim",meter per sekund,2022-02-19T20:00:00Z,2022-02-19T21:00:00+01:00,1645300800000,,6.0,6.0,G,,corrected-archive-csv
162860,Luleå-Kallax Flygplats,21,Byvind,"max, 1 gång/tim",meter per sekund,2022-02-19T21:00:00Z,2022-02-19T22:00:00+01:00,1645304400000,,7.0,7.0,G,,corrected-archive-csv
162860,Luleå-Kallax Flygplats,21,Byvind,"max, 1 gång/tim",meter per sekund,2022-02-19T23:00:00Z,2022-02-20T00:00:00+01:00,1645311600000,,6.0,6.0,G,,corrected-archive-csv
162860,Luleå-Kallax Flygplats,21,Byvind,"max, 1 gång/tim",meter per sekund,2022-02-20T01:00:00Z,2022-02-20T02:00:00+01:00,1645318800000,,5.0,5.0,G,,corrected-archive-csv
162860,Luleå-Kallax Flygplats,21,Byvind,"max, 1 gång/tim",meter per sekund,2022-02-20T02:00:00Z,2022-02-20T03:00:00+01:00,1645322400000,,4.0,4.0,G,,corrected-archive-csv
162860,Luleå-Kallax Flygplats,21,Byvind,"max, 1 gång/tim",meter per sekund,2022-02-20T10:00:00Z,2022-02-20T11:00:00+01:00,1645351200000,,5.0,5.0,G,,corrected-archive-csv
162860,Luleå-Kallax Flygplats,21,Byvind,"max, 1 gång/tim",meter per sekund,2022-02-20T14:00:00Z,2022-02-20T15:00:00+01:00,1645365600000,,4.0,4.0,G,,corrected-archive-csv
162860,Luleå-Kallax Flygplats,21,Byvind,"max, 1 gång/tim",meter per sekund,2022-02-20T15:00:00Z,2022-02-20T16:00:00+01:00,1645369200000,,3.0,3.0,G,,corrected-archive-csv
162860,Luleå-Kallax Flygplats,21,Byvind,"max, 1 gång/tim",meter per sekund,2022-02-20T16:00:00Z,2022-02-20T17:00:00+01:00,1645372800000,,2.0,2.0,G,,corrected-archive-csv
162860,Luleå-Kallax Flygplats,21,Byvind,"max, 1 gång/tim",meter per sekund,2022-02-20T17:00:00Z,2022-02-20T18:00:00+01:00,1645376400000,,3.0,3.0,G,,corrected-archive-csv
162860,Luleå-Kallax Flygplats,21,Byvind,"max, 1 gång/tim",meter per sekund,2022-02-20T18:00:00Z,2022-02-20T19:00:00+01:00,1645380000000,,2.0,2.0,G,,corrected-archive-csv
162860,Luleå-Kallax Flygplats,21,Byvind,"max, 1 gång/tim",meter per sekund,2022-02-20T19:00:00Z,2022-02-20T20:00:00+01:00,1645383600000,,3.0,3.0,G,,corrected-archive-csv
162860,Luleå-Kallax Flygplats,21,Byvind,"max, 1 gång/tim",meter per sekund,2022-02-20T20:00:00Z,2022-02-20T21:00:00+01:00,1645387200000,,2.0,2.0,G,,corrected-archive-csv
162860,Luleå-Kallax Flygplats,21,Byvind,"max, 1 gång/tim",meter per sekund,2022-02-20T23:00:00Z,2022-02-21T00:00:00+01:00,1645398000000,,3.0,3.0,G,,corrected-archive-csv
162860,Luleå-Kallax Flygplats,21,Byvind,"max, 1 gång/tim",meter per sekund,2022-02-21T03:00:00Z,2022-02-21T04:00:00+01:00,1645412400000,,2.0,2.0,G,,corrected-archive-csv
162860,Luleå-Kallax Flygplats,21,Byvind,"max, 1 gång/tim",meter per sekund,2022-02-21T06:00:00Z,2022-02-21T07:00:00+01:00,1645423200000,,3.0,3.0,G,,corrected-archive-csv
162860,Luleå-Kallax Flygplats,21,Byvind,"max, 1 gång/tim",meter per sekund,2022-02-21T07:00:00Z,2022-02-21T08:00:00+01:00,1645426800000,,4.0,4.0,G,,corrected-archive-csv
162860,Luleå-Kallax Flygplats,21,Byvind,"max, 1 gång/tim",meter per sekund,2022-02-21T09:00:00Z,2022-02-21T10:00:00+01:00,1645434000000,,4.0,4.0,G,,corrected-archive-csv
162860,Luleå-Kallax Flygplats,21,Byvind,"max, 1 gång/tim",meter per sekund,2022-02-21T14:00:00Z,2022-02-21T15:00:00+01:00,1645452000000,,3.0,3.0,G,,corrected-archive-csv
162860,Luleå-Kallax Flygplats,21,Byvind,"max, 1 gång/tim",meter per sekund,2022-02-21T15:00:00Z,2022-02-21T16:00:00+01:00,1645455600000,,4.0,4.0,G,,corrected-archive-csv
162860,Luleå-Kallax Flygplats,21,Byvind,"max, 1 gång/tim",meter per sekund,2022-02-21T16:00:00Z,2022-02-21T17:00:00+01:00,1645459200000,,3.0,3.0,G,,corrected-archive-csv
162860,Luleå-Kallax Flygplats,21,Byvind,"max, 1 gång/tim",meter per sekund,2022-02-21T17:00:00Z,2022-02-21T18:00:00+01:00,1645462800000,,4.0,4.0,G,,corrected-archive-csv
162860,Luleå-Kallax Flygplats,21,Byvind,"max, 1 gång/tim",meter per sekund,2022-02-22T00:00:00Z,2022-02-22T01:00:00+01:00,1645488000000,,3.0,3.0,G,,corrected-archive-csv
162860,Luleå-Kallax Flygplats,21,Byvind,"max, 1 gång/tim",meter per sekund,2022-02-22T01:00:00Z,2022-02-22T02:00:00+01:00,1645491600000,,4.0,4.0,G,,corrected-archive-csv
162860,Luleå-Kallax Flygplats,21,Byvind,"max, 1 gång/tim",meter per sekund,2022-02-22T06:00:00Z,2022-02-22T07:00:00+01:00,1645509600000,,5.0,5.0,G,,corrected-archive-csv
162860,Luleå-Kallax Flygplats,21,Byvind,"max, 1 gång/tim",meter per sekund,2022-02-22T07:00:00Z,2022-02-22T08:00:00+01:00,1645513200000,,5.0,5.0,G,,corrected-archive-csv
162860,Luleå-Kallax Flygplats,21,Byvind,"max, 1 gång/tim",meter per sekund,2022-02-22T08:00:00Z,2022-02-22T09:00:00+01:00,1645516800000,,4.0,4.0,G,,corrected-archive-csv
162860,Luleå-Kallax Flygplats,21,Byvind,"max, 1 gång/tim",meter per sekund,2022-02-22T11:00:00Z,2022-02-22T12:00:00+01:00,1645527600000,,5.0,5.0,G,,corrected-archive-csv
162860,Luleå-Kallax Flygplats,21,Byvind,"max, 1 gång/tim",meter per sekund,2022-02-22T15:00:00Z,2022-02-22T16:00:00+01:00,1645542000000,,3.0,3.0,G,,corrected-archive-csv
162860,Luleå-Kallax Flygplats,21,Byvind,"max, 1 gång/tim",meter per sekund,2022-02-22T16:00:00Z,2022-02-22T17:00:00+01:00,1645545600000,,2.0,2.0,G,,corrected-archive-csv
162860,Luleå-Kallax Flygplats,21,Byvind,"max, 1 gång/tim",meter per sekund,2022-02-22T18:00:00Z,2022-02-22T19:00:00+01:00,1645552800000,,3.0,3.0,G,,corrected-archive-csv
162860,Luleå-Kallax Flygplats,21,Byvind,"max, 1 gång/tim",meter per sekund,2022-02-22T19:00:00Z,2022-02-22T20:00:00+01:00,1645556400000,,2.0,2.0,G,,corrected-archive-csv
162860,Luleå-Kallax Flygplats,21,Byvind,"max, 1 gång/tim",meter per sekund,2022-02-22T20:00:00Z,2022-02-22T21:00:00+01:00,1645560000000,,3.0,3.0,G,,corrected-archive-csv
162860,Luleå-Kallax Flygplats,21,Byvind,"max, 1 gång/tim",meter per sekund,2022-02-22T22:00:00Z,2022-02-22T23:00:00+01:00,1645567200000,,2.0,2.0,G,,corrected-archive-csv
162860,Luleå-Kallax Flygplats,21,Byvind,"max, 1 gång/tim",meter per sekund,2022-02-23T02:00:00Z,2022-02-23T03:00:00+01:00,1645581600000,,1.0,1.0,G,,corrected-archive-csv
162860,Luleå-Kallax Flygplats,21,Byvind,"max, 1 gång/tim",meter per sekund,2022-02-23T09:00:00Z,2022-02-23T10:00:00+01:00,1645606800000,,2.0,2.0,G,,corrected-archive-csv
162860,Luleå-Kallax Flygplats,21,Byvind,"max, 1 gång/tim",meter per sekund,2022-02-23T11:00:00Z,2022-02-23T12:00:00+01:00,1645614000000,,5.0,5.0,G,,corrected-archive-csv
162860,Luleå-Kallax Flygplats,21,Byvind,"max, 1 gång/tim",meter per sekund,2022-02-23T13:00:00Z,2022-02-23T14:00:00+01:00,1645621200000,,6.0,6.0,G,,corrected-archive-csv
162860,Luleå-Kallax Flygplats,21,Byvind,"max, 1 gång/tim",meter per sekund,2022-02-23T14:00:00Z,2022-02-23T15:00:00+01:00,1645624800000,,7.0,7.0,G,,corrected-archive-csv
162860,Luleå-Kallax Flygplats,21,Byvind,"max, 1 gång/tim",meter per sekund,2022-02-23T15:00:00Z,2022-02-23T16:00:00+01:00,1645628400000,,8.0,8.0,G,,corrected-archive-csv
162860,Luleå-Kallax Flygplats,21,Byvind,"max, 1 gång/tim",meter per sekund,2022-02-23T16:00:00Z,2022-02-23T17:00:00+01:00,1645632000000,,7.0,7.0,G,,corrected-archive-csv
162860,Luleå-Kallax Flygplats,21,Byvind,"max, 1 gång/tim",meter per sekund,2022-02-23T18:00:00Z,2022-02-23T19:00:00+01:00,1645639200000,,9.0,9.0,G,,corrected-archive-csv
162860,Luleå-Kallax Flygplats,21,Byvind,"max, 1 gång/tim",meter per sekund,2022-02-23T21:00:00Z,2022-02-23T22:00:00+01:00,1645650000000,,10.0,10.0,G,,corrected-archive-csv
162860,Luleå-Kallax Flygplats,21,Byvind,"max, 1 gång/tim",meter per sekund,2022-02-23T22:00:00Z,2022-02-23T23:00:00+01:00,1645653600000,,13.0,13.0,G,,corrected-archive-csv
162860,Luleå-Kallax Flygplats,21,Byvind,"max, 1 gång/tim",meter per sekund,2022-02-24T00:00:00Z,2022-02-24T01:00:00+01:00,1645660800000,,14.0,14.0,G,,corrected-archive-csv
162860,Luleå-Kallax Flygplats,21,Byvind,"max, 1 gång/tim",meter per sekund,2022-02-24T02:00:00Z,2022-02-24T03:00:00+01:00,1645668000000,,13.0,13.0,G,,corrected-archive-csv
162860,Luleå-Kallax Flygplats,21,Byvind,"max, 1 gång/tim",meter per sekund,2022-02-24T03:00:00Z,2022-02-24T04:00:00+01:00,1645671600000,,14.0,14.0,G,,corrected-archive-csv
162860,Luleå-Kallax Flygplats,21,Byvind,"max, 1 gång/tim",meter per sekund,2022-02-24T06:00:00Z,2022-02-24T07:00:00+01:00,1645682400000,,7.0,7.0,G,,corrected-archive-csv
162860,Luleå-Kallax Flygplats,21,Byvind,"max, 1 gång/tim",meter per sekund,2022-02-24T07:00:00Z,2022-02-24T08:00:00+01:00,1645686000000,,4.0,4.0,G,,corrected-archive-csv
162860,Luleå-Kallax Flygplats,21,Byvind,"max, 1 gång/tim",meter per sekund,2022-02-24T08:00:00Z,2022-02-24T09:00:00+01:00,1645689600000,,5.0,5.0,G,,corrected-archive-csv
162860,Luleå-Kallax Flygplats,21,Byvind,"max, 1 gång/tim",meter per sekund,2022-02-24T09:00:00Z,2022-02-24T10:00:00+01:00,1645693200000,,6.0,6.0,G,,corrected-archive-csv
162860,Luleå-Kallax Flygplats,21,Byvind,"max, 1 gång/tim",meter per sekund,2022-02-24T10:00:00Z,2022-02-24T11:00:00+01:00,1645696800000,,4.0,4.0,G,,corrected-archive-csv
162860,Luleå-Kallax Flygplats,21,Byvind,"max, 1 gång/tim",meter per sekund,2022-02-24T12:00:00Z,2022-02-24T13:00:00+01:00,1645704000000,,5.0,5.0,G,,corrected-archive-csv
162860,Luleå-Kallax Flygplats,21,Byvind,"max, 1 gång/tim",meter per sekund,2022-02-24T13:00:00Z,2022-02-24T14:00:00+01:00,1645707600000,,7.0,7.0,G,,corrected-archive-csv
162860,Luleå-Kallax Flygplats,21,Byvind,"max, 1 gång/tim",meter per sekund,2022-02-24T14:00:00Z,2022-02-24T15:00:00+01:00,1645711200000,,9.0,9.0,G,,corrected-archive-csv
162860,Luleå-Kallax Flygplats,21,Byvind,"max, 1 gång/tim",meter per sekund,2022-02-24T15:00:00Z,2022-02-24T16:00:00+01:00,1645714800000,,8.0,8.0,G,,corrected-archive-csv
162860,Luleå-Kallax Flygplats,21,Byvind,"max, 1 gång/tim",meter per sekund,2022-02-24T16:00:00Z,2022-02-24T17:00:00+01:00,1645718400000,,7.0,7.0,G,,corrected-archive-csv
162860,Luleå-Kallax Flygplats,21,Byvind,"max, 1 gång/tim",meter per sekund,2022-02-24T17:00:00Z,2022-02-24T18:00:00+01:00,1645722000000,,9.0,9.0,G,,corrected-archive-csv
162860,Luleå-Kallax Flygplats,21,Byvind,"max, 1 gång/tim",meter per sekund,2022-02-24T20:00:00Z,2022-02-24T21:00:00+01:00,1645732800000,,8.0,8.0,G,,corrected-archive-csv
162860,Luleå-Kallax Flygplats,21,Byvind,"max, 1 gång/tim",meter per sekund,2022-02-24T21:00:00Z,2022-02-24T22:00:00+01:00,1645736400000,,7.0,7.0,G,,corrected-archive-csv
162860,Luleå-Kallax Flygplats,21,Byvind,"max, 1 gång/tim",meter per sekund,2022-02-24T22:00:00Z,2022-02-24T23:00:00+01:00,1645740000000,,6.0,6.0,G,,corrected-archive-csv
162860,Luleå-Kallax Flygplats,21,Byvind,"max, 1 gång/tim",meter per sekund,2022-02-24T23:00:00Z,2022-02-25T00:00:00+01:00,1645743600000,,5.0,5.0,G,,corrected-archive-csv
162860,Luleå-Kallax Flygplats,21,Byvind,"max, 1 gång/tim",meter per sekund,2022-02-25T00:00:00Z,2022-02-25T01:00:00+01:00,1645747200000,,6.0,6.0,G,,corrected-archive-csv
162860,Luleå-Kallax Flygplats,21,Byvind,"max, 1 gång/tim",meter per sekund,2022-02-25T03:00:00Z,2022-02-25T04:00:00+01:00,1645758000000,,7.0,7.0,G,,corrected-archive-csv
162860,Luleå-Kallax Flygplats,21,Byvind,"max, 1 gång/tim",meter per sekund,2022-02-25T04:00:00Z,2022-02-25T05:00:00+01:00,1645761600000,,8.0,8.0,G,,corrected-archive-csv
162860,Luleå-Kallax Flygplats,21,Byvind,"max, 1 gång/tim",meter per sekund,2022-02-25T06:00:00Z,2022-02-25T07:00:00+01:00,1645768800000,,5.0,5.0,G,,corrected-archive-csv
162860,Luleå-Kallax Flygplats,21,Byvind,"max, 1 gång/tim",meter per sekund,2022-02-25T08:00:00Z,2022-02-25T09:00:00+01:00,1645776000000,,4.0,4.0,G,,corrected-archive-csv
162860,Luleå-Kallax Flygplats,21,Byvind,"max, 1 gång/tim",meter per sekund,2022-02-25T11:00:00Z,2022-02-25T12:00:00+01:00,1645786800000,,6.0,6.0,G,,corrected-archive-csv
162860,Luleå-Kallax Flygplats,21,Byvind,"max, 1 gång/tim",meter per sekund,2022-02-25T12:00:00Z,2022-02-25T13:00:00+01:00,1645790400000,,7.0,7.0,G,,corrected-archive-csv
162860,Luleå-Kallax Flygplats,21,Byvind,"max, 1 gång/tim",meter per sekund,2022-02-25T13:00:00Z,2022-02-25T14:00:00+01:00,1645794000000,,9.0,9.0,G,,corrected-archive-csv
162860,Luleå-Kallax Flygplats,21,Byvind,"max, 1 gång/tim",meter per sekund,2022-02-25T16:00:00Z,2022-02-25T17:00:00+01:00,1645804800000,,7.0,7.0,G,,corrected-archive-csv
162860,Luleå-Kallax Flygplats,21,Byvind,"max, 1 gång/tim",meter per sekund,2022-02-25T17:00:00Z,2022-02-25T18:00:00+01:00,1645808400000,,9.0,9.0,G,,corrected-archive-csv
162860,Luleå-Kallax Flygplats,21,Byvind,"max, 1 gång/tim",meter per sekund,2022-02-25T18:00:00Z,2022-02-25T19:00:00+01:00,1645812000000,,7.0,7.0,G,,corrected-archive-csv
162860,Luleå-Kallax Flygplats,21,Byvind,"max, 1 gång/tim",meter per sekund,2022-02-25T19:00:00Z,2022-02-25T20:00:00+01:00,1645815600000,,9.0,9.0,G,,corrected-archive-csv
162860,Luleå-Kallax Flygplats,21,Byvind,"max, 1 gång/tim",meter per sekund,2022-02-25T21:00:00Z,2022-02-25T22:00:00+01:00,1645822800000,,10.0,10.0,G,,corrected-archive-csv
162860,Luleå-Kallax Flygplats,21,Byvind,"max, 1 gång/tim",meter per sekund,2022-02-26T02:00:00Z,2022-02-26T03:00:00+01:00,1645840800000,,9.0,9.0,G,,corrected-archive-csv
162860,Luleå-Kallax Flygplats,21,Byvind,"max, 1 gång/tim",meter per sekund,2022-02-26T04:00:00Z,2022-02-26T05:00:00+01:00,1645848000000,,7.0,7.0,G,,corrected-archive-csv
162860,Luleå-Kallax Flygplats,21,Byvind,"max, 1 gång/tim",meter per sekund,2022-02-26T05:00:00Z,2022-02-26T06:00:00+01:00,1645851600000,,8.0,8.0,G,,corrected-archive-csv
162860,Luleå-Kallax Flygplats,21,Byvind,"max, 1 gång/tim",meter per sekund,2022-02-26T06:00:00Z,2022-02-26T07:00:00+01:00,1645855200000,,6.0,6.0,G,,corrected-archive-csv
162860,Luleå-Kallax Flygplats,21,Byvind,"max, 1 gång/tim",meter per sekund,2022-02-26T07:00:00Z,2022-02-26T08:00:00+01:00,1645858800000,,4.0,4.0,G,,corrected-archive-csv
162860,Luleå-Kallax Flygplats,21,Byvind,"max, 1 gång/tim",meter per sekund,2022-02-26T08:00:00Z,2022-02-26T09:00:00+01:00,1645862400000,,3.0,3.0,G,,corrected-archive-csv
162860,Luleå-Kallax Flygplats,21,Byvind,"max, 1 gång/tim",meter per sekund,2022-02-26T09:00:00Z,2022-02-26T10:00:00+01:00,1645866000000,,2.0,2.0,G,,corrected-archive-csv
162860,Luleå-Kallax Flygplats,21,Byvind,"max, 1 gång/tim",meter per sekund,2022-02-26T11:00:00Z,2022-02-26T12:00:00+01:00,1645873200000,,4.0,4.0,G,,corrected-archive-csv
162860,Luleå-Kallax Flygplats,21,Byvind,"max, 1 gång/tim",meter per sekund,2022-02-26T13:00:00Z,2022-02-26T14:00:00+01:00,1645880400000,,6.0,6.0,G,,corrected-archive-csv
162860,Luleå-Kallax Flygplats,21,Byvind,"max, 1 gång/tim",meter per sekund,2022-02-26T14:00:00Z,2022-02-26T15:00:00+01:00,1645884000000,,5.0,5.0,G,,corrected-archive-csv
162860,Luleå-Kallax Flygplats,21,Byvind,"max, 1 gång/tim",meter per sekund,2022-02-26T15:00:00Z,2022-02-26T16:00:00+01:00,1645887600000,,6.0,6.0,G,,corrected-archive-csv
162860,Luleå-Kallax Flygplats,21,Byvind,"max, 1 gång/tim",meter per sekund,2022-02-26T16:00:00Z,2022-02-26T17:00:00+01:00,1645891200000,,8.0,8.0,G,,corrected-archive-csv
162860,Luleå-Kallax Flygplats,21,Byvind,"max, 1 gång/tim",meter per sekund,2022-02-26T17:00:00Z,2022-02-26T18:00:00+01:00,1645894800000,,9.0,9.0,G,,corrected-archive-csv
162860,Luleå-Kallax Flygplats,21,Byvind,"max, 1 gång/tim",meter per sekund,2022-02-26T19:00:00Z,2022-02-26T20:00:00+01:00,1645902000000,,10.0,10.0,G,,corrected-archive-csv
162860,Luleå-Kallax Flygplats,21,Byvind,"max, 1 gång/tim",meter per sekund,2022-02-26T20:00:00Z,2022-02-26T21:00:00+01:00,1645905600000,,12.0,12.0,G,,corrected-archive-csv
162860,Luleå-Kallax Flygplats,21,Byvind,"max, 1 gång/tim",meter per sekund,2022-02-26T23:00:00Z,2022-02-27T00:00:00+01:00,1645916400000,,9.0,9.0,G,,corrected-archive-csv
162860,Luleå-Kallax Flygplats,21,Byvind,"max, 1 gång/tim",meter per sekund,2022-02-27T00:00:00Z,2022-02-27T01:00:00+01:00,1645920000000,,7.0,7.0,G,,corrected-archive-csv
162860,Luleå-Kallax Flygplats,21,Byvind,"max, 1 gång/tim",meter per sekund,2022-02-27T03:00:00Z,2022-02-27T04:00:00+01:00,1645930800000,,8.0,8.0,G,,corrected-archive-csv
162860,Luleå-Kallax Flygplats,21,Byvind,"max, 1 gång/tim",meter per sekund,2022-02-27T06:00:00Z,2022-02-27T07:00:00+01:00,1645941600000,,7.0,7.0,G,,corrected-archive-csv
162860,Luleå-Kallax Flygplats,21,Byvind,"max, 1 gång/tim",meter per sekund,2022-02-27T08:00:00Z,2022-02-27T09:00:00+01:00,1645948800000,,8.0,8.0,G,,corrected-archive-csv
162860,Luleå-Kallax Flygplats,21,Byvind,"max, 1 gång/tim",meter per sekund,2022-02-27T11:00:00Z,2022-02-27T12:00:00+01:00,1645959600000,,7.0,7.0,G,,corrected-archive-csv
162860,Luleå-Kallax Flygplats,21,Byvind,"max, 1 gång/tim",meter per sekund,2022-02-27T12:00:00Z,2022-02-27T13:00:00+01:00,1645963200000,,9.0,9.0,G,,corrected-archive-csv
162860,Luleå-Kallax Flygplats,21,Byvind,"max, 1 gång/tim",meter per sekund,2022-02-27T14:00:00Z,2022-02-27T15:00:00+01:00,1645970400000,,10.0,10.0,G,,corrected-archive-csv
162860,Luleå-Kallax Flygplats,21,Byvind,"max, 1 gång/tim",meter per sekund,2022-02-27T15:00:00Z,2022-02-27T16:00:00+01:00,1645974000000,,7.0,7.0,G,,corrected-archive-csv
162860,Luleå-Kallax Flygplats,21,Byvind,"max, 1 gång/tim",meter per sekund,2022-02-27T16:00:00Z,2022-02-27T17:00:00+01:00,1645977600000,,6.0,6.0,G,,corrected-archive-csv
162860,Luleå-Kallax Flygplats,21,Byvind,"max, 1 gång/tim",meter per sekund,2022-02-27T18:00:00Z,2022-02-27T19:00:00+01:00,1645984800000,,7.0,7.0,G,,corrected-archive-csv
162860,Luleå-Kallax Flygplats,21,Byvind,"max, 1 gång/tim",meter per sekund,2022-02-27T19:00:00Z,2022-02-27T20:00:00+01:00,1645988400000,,5.0,5.0,G,,corrected-archive-csv
162860,Luleå-Kallax Flygplats,21,Byvind,"max, 1 gång/tim",meter per sekund,2022-02-27T21:00:00Z,2022-02-27T22:00:00+01:00,1645995600000,,6.0,6.0,G,,corrected-archive-csv
162860,Luleå-Kallax Flygplats,21,Byvind,"max, 1 gång/tim",meter per sekund,2022-02-27T23:00:00Z,2022-02-28T00:00:00+01:00,1646002800000,,8.0,8.0,G,,corrected-archive-csv
162860,Luleå-Kallax Flygplats,21,Byvind,"max, 1 gång/tim",meter per sekund,2022-02-28T02:00:00Z,2022-02-28T03:00:00+01:00,1646013600000,,7.0,7.0,G,,corrected-archive-csv
162860,Luleå-Kallax Flygplats,21,Byvind,"max, 1 gång/tim",meter per sekund,2022-02-28T03:00:00Z,2022-02-28T04:00:00+01:00,1646017200000,,6.0,6.0,G,,corrected-archive-csv
162860,Luleå-Kallax Flygplats,21,Byvind,"max, 1 gång/tim",meter per sekund,2022-02-28T04:00:00Z,2022-02-28T05:00:00+01:00,1646020800000,,5.0,5.0,G,,corrected-archive-csv
162860,Luleå-Kallax Flygplats,21,Byvind,"max, 1 gång/tim",meter per sekund,2022-02-28T05:00:00Z,2022-02-28T06:00:00+01:00,1646024400000,,4.0,4.0,G,,corrected-archive-csv
162860,Luleå-Kallax Flygplats,21,Byvind,"max, 1 gång/tim",meter per sekund,2022-02-28T07:00:00Z,2022-02-28T08:00:00+01:00,1646031600000,,6.0,6.0,G,,corrected-archive-csv
162860,Luleå-Kallax Flygplats,21,Byvind,"max, 1 gång/tim",meter per sekund,2022-02-28T09:00:00Z,2022-02-28T10:00:00+01:00,1646038800000,,7.0,7.0,G,,corrected-archive-csv
162860,Luleå-Kallax Flygplats,21,Byvind,"max, 1 gång/tim",meter per sekund,2022-02-28T10:00:00Z,2022-02-28T11:00:00+01:00,1646042400000,,5.0,5.0,G,,corrected-archive-csv
162860,Luleå-Kallax Flygplats,21,Byvind,"max, 1 gång/tim",meter per sekund,2022-02-28T11:00:00Z,2022-02-28T12:00:00+01:00,1646046000000,,6.0,6.0,G,,corrected-archive-csv
162860,Luleå-Kallax Flygplats,21,Byvind,"max, 1 gång/tim",meter per sekund,2022-02-28T13:00:00Z,2022-02-28T14:00:00+01:00,1646053200000,,5.0,5.0,G,,corrected-archive-csv
162860,Luleå-Kallax Flygplats,21,Byvind,"max, 1 gång/tim",meter per sekund,2022-02-28T15:00:00Z,2022-02-28T16:00:00+01:00,1646060400000,,6.0,6.0,G,,corrected-archive-csv
162860,Luleå-Kallax Flygplats,21,Byvind,"max, 1 gång/tim",meter per sekund,2022-02-28T19:00:00Z,2022-02-28T20:00:00+01:00,1646074800000,,7.0,7.0,G,,corrected-archive-csv
162860,Luleå-Kallax Flygplats,21,Byvind,"max, 1 gång/tim",meter per sekund,2022-02-28T20:00:00Z,2022-02-28T21:00:00+01:00,1646078400000,,5.0,5.0,G,,corrected-archive-csv
162860,Luleå-Kallax Flygplats,21,Byvind,"max, 1 gång/tim",meter per sekund,2022-02-28T21:00:00Z,2022-02-28T22:00:00+01:00,1646082000000,,2.0,2.0,G,,corrected-archive-csv
162860,Luleå-Kallax Flygplats,21,Byvind,"max, 1 gång/tim",meter per sekund,2022-02-28T22:00:00Z,2022-02-28T23:00:00+01:00,1646085600000,,1.0,1.0,G,,corrected-archive-csv
162860,Luleå-Kallax Flygplats,21,Byvind,"max, 1 gång/tim",meter per sekund,2022-02-28T23:00:00Z,2022-03-01T00:00:00+01:00,1646089200000,,2.0,2.0,G,,corrected-archive-csv
162860,Luleå-Kallax Flygplats,21,Byvind,"max, 1 gång/tim",meter per sekund,2022-03-01T02:00:00Z,2022-03-01T03:00:00+01:00,1646100000000,,3.0,3.0,G,,corrected-archive-csv
162860,Luleå-Kallax Flygplats,21,Byvind,"max, 1 gång/tim",meter per sekund,2022-03-01T05:00:00Z,2022-03-01T06:00:00+01:00,1646110800000,,2.0,2.0,G,,corrected-archive-csv
162860,Luleå-Kallax Flygplats,21,Byvind,"max, 1 gång/tim",meter per sekund,2022-03-01T06:00:00Z,2022-03-01T07:00:00+01:00,1646114400000,,3.0,3.0,G,,corrected-archive-csv
162860,Luleå-Kallax Flygplats,21,Byvind,"max, 1 gång/tim",meter per sekund,2022-03-01T07:00:00Z,2022-03-01T08:00:00+01:00,1646118000000,,2.0,2.0,G,,corrected-archive-csv
162860,Luleå-Kallax Flygplats,21,Byvind,"max, 1 gång/tim",meter per sekund,2022-03-01T09:00:00Z,2022-03-01T10:00:00+01:00,1646125200000,,6.0,6.0,G,,corrected-archive-csv
162860,Luleå-Kallax Flygplats,21,Byvind,"max, 1 gång/tim",meter per sekund,2022-03-01T10:00:00Z,2022-03-01T11:00:00+01:00,1646128800000,,4.0,4.0,G,,corrected-archive-csv
162860,Luleå-Kallax Flygplats,21,Byvind,"max, 1 gång/tim",meter per sekund,2022-03-01T11:00:00Z,2022-03-01T12:00:00+01:00,1646132400000,,6.0,6.0,G,,corrected-archive-csv
162860,Luleå-Kallax Flygplats,21,Byvind,"max, 1 gång/tim",meter per sekund,2022-03-01T12:00:00Z,2022-03-01T13:00:00+01:00,1646136000000,,4.0,4.0,G,,corrected-archive-csv
162860,Luleå-Kallax Flygplats,21,Byvind,"max, 1 gång/tim",meter per sekund,2022-03-01T13:00:00Z,2022-03-01T14:00:00+01:00,1646139600000,,5.0,5.0,G,,corrected-archive-csv
162860,Luleå-Kallax Flygplats,21,Byvind,"max, 1 gång/tim",meter per sekund,2022-03-01T16:00:00Z,2022-03-01T17:00:00+01:00,1646150400000,,8.0,8.0,G,,corrected-archive-csv
162860,Luleå-Kallax Flygplats,21,Byvind,"max, 1 gång/tim",meter per sekund,2022-03-01T17:00:00Z,2022-03-01T18:00:00+01:00,1646154000000,,6.0,6.0,G,,corrected-archive-csv
162860,Luleå-Kallax Flygplats,21,Byvind,"max, 1 gång/tim",meter per sekund,2022-03-01T22:00:00Z,2022-03-01T23:00:00+01:00,1646172000000,,7.0,7.0,G,,corrected-archive-csv
162860,Luleå-Kallax Flygplats,21,Byvind,"max, 1 gång/tim",meter per sekund,2022-03-02T00:00:00Z,2022-03-02T01:00:00+01:00,1646179200000,,6.0,6.0,G,,corrected-archive-csv
162860,Luleå-Kallax Flygplats,21,Byvind,"max, 1 gång/tim",meter per sekund,2022-03-02T01:00:00Z,2022-03-02T02:00:00+01:00,1646182800000,,7.0,7.0,G,,corrected-archive-csv
162860,Luleå-Kallax Flygplats,21,Byvind,"max, 1 gång/tim",meter per sekund,2022-03-02T03:00:00Z,2022-03-02T04:00:00+01:00,1646190000000,,6.0,6.0,G,,corrected-archive-csv
162860,Luleå-Kallax Flygplats,21,Byvind,"max, 1 gång/tim",meter per sekund,2022-03-02T06:00:00Z,2022-03-02T07:00:00+01:00,1646200800000,,9.0,9.0,G,,corrected-archive-csv
162860,Luleå-Kallax Flygplats,21,Byvind,"max, 1 gång/tim",meter per sekund,2022-03-02T08:00:00Z,2022-03-02T09:00:00+01:00,1646208000000,,8.0,8.0,G,,corrected-archive-csv
162860,Luleå-Kallax Flygplats,21,Byvind,"max, 1 gång/tim",meter per sekund,2022-03-02T09:00:00Z,2022-03-02T10:00:00+01:00,1646211600000,,7.0,7.0,G,,corrected-archive-csv
162860,Luleå-Kallax Flygplats,21,Byvind,"max, 1 gång/tim",meter per sekund,2022-03-02T10:00:00Z,2022-03-02T11:00:00+01:00,1646215200000,,15.0,15.0,G,,corrected-archive-csv
162860,Luleå-Kallax Flygplats,21,Byvind,"max, 1 gång/tim",meter per sekund,2022-03-02T12:00:00Z,2022-03-02T13:00:00+01:00,1646222400000,,6.0,6.0,G,,corrected-archive-csv
162860,Luleå-Kallax Flygplats,21,Byvind,"max, 1 gång/tim",meter per sekund,2022-03-02T13:00:00Z,2022-03-02T14:00:00+01:00,1646226000000,,7.0,7.0,G,,corrected-archive-csv
162860,Luleå-Kallax Flygplats,21,Byvind,"max, 1 gång/tim",meter per sekund,2022-03-02T14:00:00Z,2022-03-02T15:00:00+01:00,1646229600000,,9.0,9.0,G,,corrected-archive-csv
162860,Luleå-Kallax Flygplats,21,Byvind,"max, 1 gång/tim",meter per sekund,2022-03-02T15:00:00Z,2022-03-02T16:00:00+01:00,1646233200000,,12.0,12.0,G,,corrected-archive-csv
162860,Luleå-Kallax Flygplats,21,Byvind,"max, 1 gång/tim",meter per sekund,2022-03-02T16:00:00Z,2022-03-02T17:00:00+01:00,1646236800000,,10.0,10.0,G,,corrected-archive-csv
162860,Luleå-Kallax Flygplats,21,Byvind,"max, 1 gång/tim",meter per sekund,2022-03-02T17:00:00Z,2022-03-02T18:00:00+01:00,1646240400000,,9.0,9.0,G,,corrected-archive-csv
162860,Luleå-Kallax Flygplats,21,Byvind,"max, 1 gång/tim",meter per sekund,2022-03-02T18:00:00Z,2022-03-02T19:00:00+01:00,1646244000000,,10.0,10.0,G,,corrected-archive-csv
162860,Luleå-Kallax Flygplats,21,Byvind,"max, 1 gång/tim",meter per sekund,2022-03-02T21:00:00Z,2022-03-02T22:00:00+01:00,1646254800000,,9.0,9.0,G,,corrected-archive-csv
162860,Luleå-Kallax Flygplats,21,Byvind,"max, 1 gång/tim",meter per sekund,2022-03-02T23:00:00Z,2022-03-03T00:00:00+01:00,1646262000000,,10.0,10.0,G,,corrected-archive-csv
162860,Luleå-Kallax Flygplats,21,Byvind,"max, 1 gång/tim",meter per sekund,2022-03-03T00:00:00Z,2022-03-03T01:00:00+01:00,1646265600000,,9.0,9.0,G,,corrected-archive-csv
162860,Luleå-Kallax Flygplats,21,Byvind,"max, 1 gång/tim",meter per sekund,2022-03-03T03:00:00Z,2022-03-03T04:00:00+01:00,1646276400000,,8.0,8.0,G,,corrected-archive-csv
162860,Luleå-Kallax Flygplats,21,Byvind,"max, 1 gång/tim",meter per sekund,2022-03-03T04:00:00Z,2022-03-03T05:00:00+01:00,1646280000000,,9.0,9.0,G,,corrected-archive-csv
162860,Luleå-Kallax Flygplats,21,Byvind,"max, 1 gång/tim",meter per sekund,2022-03-03T05:00:00Z,2022-03-03T06:00:00+01:00,1646283600000,,8.0,8.0,G,,corrected-archive-csv
162860,Luleå-Kallax Flygplats,21,Byvind,"max, 1 gång/tim",meter per sekund,2022-03-03T06:00:00Z,2022-03-03T07:00:00+01:00,1646287200000,,7.0,7.0,G,,corrected-archive-csv
162860,Luleå-Kallax Flygplats,21,Byvind,"max, 1 gång/tim",meter per sekund,2022-03-03T07:00:00Z,2022-03-03T08:00:00+01:00,1646290800000,,8.0,8.0,G,,corrected-archive-csv
162860,Luleå-Kallax Flygplats,21,Byvind,"max, 1 gång/tim",meter per sekund,2022-03-03T08:00:00Z,2022-03-03T09:00:00+01:00,1646294400000,,9.0,9.0,G,,corrected-archive-csv
162860,Luleå-Kallax Flygplats,21,Byvind,"max, 1 gång/tim",meter per sekund,2022-03-03T09:00:00Z,2022-03-03T10:00:00+01:00,1646298000000,,8.0,8.0,G,,corrected-archive-csv
162860,Luleå-Kallax Flygplats,21,Byvind,"max, 1 gång/tim",meter per sekund,2022-03-03T10:00:00Z,2022-03-03T11:00:00+01:00,1646301600000,,7.0,7.0,G,,corrected-archive-csv
162860,Luleå-Kallax Flygplats,21,Byvind,"max, 1 gång/tim",meter per sekund,2022-03-03T13:00:00Z,2022-03-03T14:00:00+01:00,1646312400000,,8.0,8.0,G,,corrected-archive-csv
162860,Luleå-Kallax Flygplats,21,Byvind,"max, 1 gång/tim",meter per sekund,2022-03-03T14:00:00Z,2022-03-03T15:00:00+01:00,1646316000000,,7.0,7.0,G,,corrected-archive-csv
162860,Luleå-Kallax Flygplats,21,Byvind,"max, 1 gång/tim",meter per sekund,2022-03-03T16:00:00Z,2022-03-03T17:00:00+01:00,1646323200000,,4.0,4.0,G,,corrected-archive-csv
162860,Luleå-Kallax Flygplats,21,Byvind,"max, 1 gång/tim",meter per sekund,2022-03-03T17:00:00Z,2022-03-03T18:00:00+01:00,1646326800000,,6.0,6.0,G,,corrected-archive-csv
162860,Luleå-Kallax Flygplats,21,Byvind,"max, 1 gång/tim",meter per sekund,2022-03-03T18:00:00Z,2022-03-03T19:00:00+01:00,1646330400000,,5.0,5.0,G,,corrected-archive-csv
162860,Luleå-Kallax Flygplats,21,Byvind,"max, 1 gång/tim",meter per sekund,2022-03-03T19:00:00Z,2022-03-03T20:00:00+01:00,1646334000000,,6.0,6.0,G,,corrected-archive-csv
162860,Luleå-Kallax Flygplats,21,Byvind,"max, 1 gång/tim",meter per sekund,2022-03-03T21:00:00Z,2022-03-03T22:00:00+01:00,1646341200000,,5.0,5.0,G,,corrected-archive-csv
162860,Luleå-Kallax Flygplats,21,Byvind,"max, 1 gång/tim",meter per sekund,2022-03-03T22:00:00Z,2022-03-03T23:00:00+01:00,1646344800000,,4.0,4.0,G,,corrected-archive-csv
162860,Luleå-Kallax Flygplats,21,Byvind,"max, 1 gång/tim",meter per sekund,2022-03-04T05:00:00Z,2022-03-04T06:00:00+01:00,1646370000000,,2.0,2.0,G,,corrected-archive-csv
162860,Luleå-Kallax Flygplats,21,Byvind,"max, 1 gång/tim",meter per sekund,2022-03-04T06:00:00Z,2022-03-04T07:00:00+01:00,1646373600000,,3.0,3.0,G,,corrected-archive-csv
162860,Luleå-Kallax Flygplats,21,Byvind,"max, 1 gång/tim",meter per sekund,2022-03-04T07:00:00Z,2022-03-04T08:00:00+01:00,1646377200000,,2.0,2.0,G,,corrected-archive-csv
162860,Luleå-Kallax Flygplats,21,Byvind,"max, 1 gång/tim",meter per sekund,2022-03-04T10:00:00Z,2022-03-04T11:00:00+01:00,1646388000000,,1.0,1.0,G,,corrected-archive-csv
162860,Luleå-Kallax Flygplats,21,Byvind,"max, 1 gång/tim",meter per sekund,2022-03-04T11:00:00Z,2022-03-04T12:00:00+01:00,1646391600000,,2.0,2.0,G,,corrected-archive-csv
162860,Luleå-Kallax Flygplats,21,Byvind,"max, 1 gång/tim",meter per sekund,2022-03-04T12:00:00Z,2022-03-04T13:00:00+01:00,1646395200000,,4.0,4.0,G,,corrected-archive-csv
162860,Luleå-Kallax Flygplats,21,Byvind,"max, 1 gång/tim",meter per sekund,2022-03-04T16:00:00Z,2022-03-04T17:00:00+01:00,1646409600000,,3.0,3.0,G,,corrected-archive-csv
162860,Luleå-Kallax Flygplats,21,Byvind,"max, 1 gång/tim",meter per sekund,2022-03-04T17:00:00Z,2022-03-04T18:00:00+01:00,1646413200000,,4.0,4.0,G,,corrected-archive-csv
162860,Luleå-Kallax Flygplats,21,Byvind,"max, 1 gång/tim",meter per sekund,2022-03-04T20:00:00Z,2022-03-04T21:00:00+01:00,1646424000000,,3.0,3.0,G,,corrected-archive-csv
162860,Luleå-Kallax Flygplats,21,Byvind,"max, 1 gång/tim",meter per sekund,2022-03-04T22:00:00Z,2022-03-04T23:00:00+01:00,1646431200000,,5.0,5.0,G,,corrected-archive-csv
162860,Luleå-Kallax Flygplats,21,Byvind,"max, 1 gång/tim",meter per sekund,2022-03-04T23:00:00Z,2022-03-05T00:00:00+01:00,1646434800000,,4.0,4.0,G,,corrected-archive-csv
162860,Luleå-Kallax Flygplats,21,Byvind,"max, 1 gång/tim",meter per sekund,2022-03-05T01:00:00Z,2022-03-05T02:00:00+01:00,1646442000000,,6.0,6.0,G,,corrected-archive-csv
162860,Luleå-Kallax Flygplats,21,Byvind,"max, 1 gång/tim",meter per sekund,2022-03-05T04:00:00Z,2022-03-05T05:00:00+01:00,1646452800000,,4.0,4.0,G,,corrected-archive-csv
162860,Luleå-Kallax Flygplats,21,Byvind,"max, 1 gång/tim",meter per sekund,2022-03-05T05:00:00Z,2022-03-05T06:00:00+01:00,1646456400000,,5.0,5.0,G,,corrected-archive-csv
162860,Luleå-Kallax Flygplats,21,Byvind,"max, 1 gång/tim",meter per sekund,2022-03-05T06:00:00Z,2022-03-05T07:00:00+01:00,1646460000000,,4.0,4.0,G,,corrected-archive-csv
162860,Luleå-Kallax Flygplats,21,Byvind,"max, 1 gång/tim",meter per sekund,2022-03-05T08:00:00Z,2022-03-05T09:00:00+01:00,1646467200000,,5.0,5.0,G,,corrected-archive-csv
162860,Luleå-Kallax Flygplats,21,Byvind,"max, 1 gång/tim",meter per sekund,2022-03-05T09:00:00Z,2022-03-05T10:00:00+01:00,1646470800000,,4.0,4.0,G,,corrected-archive-csv
162860,Luleå-Kallax Flygplats,21,Byvind,"max, 1 gång/tim",meter per sekund,2022-03-05T12:00:00Z,2022-03-05T13:00:00+01:00,1646481600000,,3.0,3.0,G,,corrected-archive-csv
162860,Luleå-Kallax Flygplats,21,Byvind,"max, 1 gång/tim",meter per sekund,2022-03-05T14:00:00Z,2022-03-05T15:00:00+01:00,1646488800000,,2.0,2.0,G,,corrected-archive-csv
162860,Luleå-Kallax Flygplats,21,Byvind,"max, 1 gång/tim",meter per sekund,2022-03-05T15:00:00Z,2022-03-05T16:00:00+01:00,1646492400000,,1.0,1.0,G,,corrected-archive-csv
162860,Luleå-Kallax Flygplats,21,Byvind,"max, 1 gång/tim",meter per sekund,2022-03-05T16:00:00Z,2022-03-05T17:00:00+01:00,1646496000000,,3.0,3.0,G,,corrected-archive-csv
162860,Luleå-Kallax Flygplats,21,Byvind,"max, 1 gång/tim",meter per sekund,2022-03-05T18:00:00Z,2022-03-05T19:00:00+01:00,1646503200000,,2.0,2.0,G,,corrected-archive-csv
162860,Luleå-Kallax Flygplats,21,Byvind,"max, 1 gång/tim",meter per sekund,2022-03-05T19:00:00Z,2022-03-05T20:00:00+01:00,1646506800000,,1.0,1.0,G,,corrected-archive-csv
162860,Luleå-Kallax Flygplats,21,Byvind,"max, 1 gång/tim",meter per sekund,2022-03-05T20:00:00Z,2022-03-05T21:00:00+01:00,1646510400000,,2.0,2.0,G,,corrected-archive-csv
162860,Luleå-Kallax Flygplats,21,Byvind,"max, 1 gång/tim",meter per sekund,2022-03-05T21:00:00Z,2022-03-05T22:00:00+01:00,1646514000000,,6.0,6.0,G,,corrected-archive-csv
162860,Luleå-Kallax Flygplats,21,Byvind,"max, 1 gång/tim",meter per sekund,2022-03-05T22:00:00Z,2022-03-05T23:00:00+01:00,1646517600000,,7.0,7.0,G,,corrected-archive-csv
162860,Luleå-Kallax Flygplats,21,Byvind,"max, 1 gång/tim",meter per sekund,2022-03-05T23:00:00Z,2022-03-06T00:00:00+01:00,1646521200000,,6.0,6.0,G,,corrected-archive-csv
162860,Luleå-Kallax Flygplats,21,Byvind,"max, 1 gång/tim",meter per sekund,2022-03-06T00:00:00Z,2022-03-06T01:00:00+01:00,1646524800000,,4.0,4.0,G,,corrected-archive-csv
162860,Luleå-Kallax Flygplats,21,Byvind,"max, 1 gång/tim",meter per sekund,2022-03-06T01:00:00Z,2022-03-06T02:00:00+01:00,1646528400000,,2.0,2.0,G,,corrected-archive-csv
162860,Luleå-Kallax Flygplats,21,Byvind,"max, 1 gång/tim",meter per sekund,2022-03-06T05:00:00Z,2022-03-06T06:00:00+01:00,1646542800000,,3.0,3.0,G,,corrected-archive-csv
162860,Luleå-Kallax Flygplats,21,Byvind,"max, 1 gång/tim",meter per sekund,2022-03-06T06:00:00Z,2022-03-06T07:00:00+01:00,1646546400000,,2.0,2.0,G,,corrected-archive-csv
162860,Luleå-Kallax Flygplats,21,Byvind,"max, 1 gång/tim",meter per sekund,2022-03-06T07:00:00Z,2022-03-06T08:00:00+01:00,1646550000000,,3.0,3.0,G,,corrected-archive-csv
162860,Luleå-Kallax Flygplats,21,Byvind,"max, 1 gång/tim",meter per sekund,2022-03-06T08:00:00Z,2022-03-06T09:00:00+01:00,1646553600000,,2.0,2.0,G,,corrected-archive-csv
162860,Luleå-Kallax Flygplats,21,Byvind,"max, 1 gång/tim",meter per sekund,2022-03-06T09:00:00Z,2022-03-06T10:00:00+01:00,1646557200000,,3.0,3.0,G,,corrected-archive-csv
162860,Luleå-Kallax Flygplats,21,Byvind,"max, 1 gång/tim",meter per sekund,2022-03-06T10:00:00Z,2022-03-06T11:00:00+01:00,1646560800000,,6.0,6.0,G,,corrected-archive-csv
162860,Luleå-Kallax Flygplats,21,Byvind,"max, 1 gång/tim",meter per sekund,2022-03-06T11:00:00Z,2022-03-06T12:00:00+01:00,1646564400000,,8.0,8.0,G,,corrected-archive-csv
162860,Luleå-Kallax Flygplats,21,Byvind,"max, 1 gång/tim",meter per sekund,2022-03-06T12:00:00Z,2022-03-06T13:00:00+01:00,1646568000000,,9.0,9.0,G,,corrected-archive-csv
162860,Luleå-Kallax Flygplats,21,Byvind,"max, 1 gång/tim",meter per sekund,2022-03-06T14:00:00Z,2022-03-06T15:00:00+01:00,1646575200000,,8.0,8.0,G,,corrected-archive-csv
162860,Luleå-Kallax Flygplats,21,Byvind,"max, 1 gång/tim",meter per sekund,2022-03-06T15:00:00Z,2022-03-06T16:00:00+01:00,1646578800000,,5.0,5.0,G,,corrected-archive-csv
162860,Luleå-Kallax Flygplats,21,Byvind,"max, 1 gång/tim",meter per sekund,2022-03-06T17:00:00Z,2022-03-06T18:00:00+01:00,1646586000000,,4.0,4.0,G,,corrected-archive-csv
162860,Luleå-Kallax Flygplats,21,Byvind,"max, 1 gång/tim",meter per sekund,2022-03-06T18:00:00Z,2022-03-06T19:00:00+01:00,1646589600000,,2.0,2.0,G,,corrected-archive-csv
162860,Luleå-Kallax Flygplats,21,Byvind,"max, 1 gång/tim",meter per sekund,2022-03-06T19:00:00Z,2022-03-06T20:00:00+01:00,1646593200000,,3.0,3.0,G,,corrected-archive-csv
162860,Luleå-Kallax Flygplats,21,Byvind,"max, 1 gång/tim",meter per sekund,2022-03-06T21:00:00Z,2022-03-06T22:00:00+01:00,1646600400000,,2.0,2.0,G,,corrected-archive-csv
162860,Luleå-Kallax Flygplats,21,Byvind,"max, 1 gång/tim",meter per sekund,2022-03-07T00:00:00Z,2022-03-07T01:00:00+01:00,1646611200000,,3.0,3.0,G,,corrected-archive-csv
162860,Luleå-Kallax Flygplats,21,Byvind,"max, 1 gång/tim",meter per sekund,2022-03-07T01:00:00Z,2022-03-07T02:00:00+01:00,1646614800000,,2.0,2.0,G,,corrected-archive-csv
162860,Luleå-Kallax Flygplats,21,Byvind,"max, 1 gång/tim",meter per sekund,2022-03-07T06:00:00Z,2022-03-07T07:00:00+01:00,1646632800000,,1.0,1.0,G,,corrected-archive-csv
162860,Luleå-Kallax Flygplats,21,Byvind,"max, 1 gång/tim",meter per sekund,2022-03-07T07:00:00Z,2022-03-07T08:00:00+01:00,1646636400000,,2.0,2.0,G,,corrected-archive-csv
162860,Luleå-Kallax Flygplats,21,Byvind,"max, 1 gång/tim",meter per sekund,2022-03-07T09:00:00Z,2022-03-07T10:00:00+01:00,1646643600000,,4.0,4.0,G,,corrected-archive-csv
162860,Luleå-Kallax Flygplats,21,Byvind,"max, 1 gång/tim",meter per sekund,2022-03-07T10:00:00Z,2022-03-07T11:00:00+01:00,1646647200000,,5.0,5.0,G,,corrected-archive-csv
162860,Luleå-Kallax Flygplats,21,Byvind,"max, 1 gång/tim",meter per sekund,2022-03-07T11:00:00Z,2022-03-07T12:00:00+01:00,1646650800000,,6.0,6.0,G,,corrected-archive-csv
162860,Luleå-Kallax Flygplats,21,Byvind,"max, 1 gång/tim",meter per sekund,2022-03-07T12:00:00Z,2022-03-07T13:00:00+01:00,1646654400000,,7.0,7.0,G,,corrected-archive-csv
162860,Luleå-Kallax Flygplats,21,Byvind,"max, 1 gång/tim",meter per sekund,2022-03-07T13:00:00Z,2022-03-07T14:00:00+01:00,1646658000000,,9.0,9.0,G,,corrected-archive-csv
162860,Luleå-Kallax Flygplats,21,Byvind,"max, 1 gång/tim",meter per sekund,2022-03-07T18:00:00Z,2022-03-07T19:00:00+01:00,1646676000000,,8.0,8.0,G,,corrected-archive-csv
162860,Luleå-Kallax Flygplats,21,Byvind,"max, 1 gång/tim",meter per sekund,2022-03-07T19:00:00Z,2022-03-07T20:00:00+01:00,1646679600000,,7.0,7.0,G,,corrected-archive-csv
162860,Luleå-Kallax Flygplats,21,Byvind,"max, 1 gång/tim",meter per sekund,2022-03-07T20:00:00Z,2022-03-07T21:00:00+01:00,1646683200000,,6.0,6.0,G,,corrected-archive-csv
162860,Luleå-Kallax Flygplats,21,Byvind,"max, 1 gång/tim",meter per sekund,2022-03-07T21:00:00Z,2022-03-07T22:00:00+01:00,1646686800000,,3.0,3.0,G,,corrected-archive-csv
162860,Luleå-Kallax Flygplats,21,Byvind,"max, 1 gång/tim",meter per sekund,2022-03-07T22:00:00Z,2022-03-07T23:00:00+01:00,1646690400000,,4.0,4.0,G,,corrected-archive-csv
162860,Luleå-Kallax Flygplats,21,Byvind,"max, 1 gång/tim",meter per sekund,2022-03-07T23:00:00Z,2022-03-08T00:00:00+01:00,1646694000000,,5.0,5.0,G,,corrected-archive-csv
162860,Luleå-Kallax Flygplats,21,Byvind,"max, 1 gång/tim",meter per sekund,2022-03-08T02:00:00Z,2022-03-08T03:00:00+01:00,1646704800000,,4.0,4.0,G,,corrected-archive-csv
162860,Luleå-Kallax Flygplats,21,Byvind,"max, 1 gång/tim",meter per sekund,2022-03-08T03:00:00Z,2022-03-08T04:00:00+01:00,1646708400000,,5.0,5.0,G,,corrected-archive-csv
162860,Luleå-Kallax Flygplats,21,Byvind,"max, 1 gång/tim",meter per sekund,2022-03-08T04:00:00Z,2022-03-08T05:00:00+01:00,1646712000000,,4.0,4.0,G,,corrected-archive-csv
162860,Luleå-Kallax Flygplats,21,Byvind,"max, 1 gång/tim",meter per sekund,2022-03-08T06:00:00Z,2022-03-08T07:00:00+01:00,1646719200000,,3.0,3.0,G,,corrected-archive-csv
162860,Luleå-Kallax Flygplats,21,Byvind,"max, 1 gång/tim",meter per sekund,2022-03-08T11:00:00Z,2022-03-08T12:00:00+01:00,1646737200000,,2.0,2.0,G,,corrected-archive-csv
162860,Luleå-Kallax Flygplats,21,Byvind,"max, 1 gång/tim",meter per sekund,2022-03-08T17:00:00Z,2022-03-08T18:00:00+01:00,1646758800000,,1.0,1.0,G,,corrected-archive-csv
162860,Luleå-Kallax Flygplats,21,Byvind,"max, 1 gång/tim",meter per sekund,2022-03-08T18:00:00Z,2022-03-08T19:00:00+01:00,1646762400000,,2.0,2.0,G,,corrected-archive-csv
162860,Luleå-Kallax Flygplats,21,Byvind,"max, 1 gång/tim",meter per sekund,2022-03-08T20:00:00Z,2022-03-08T21:00:00+01:00,1646769600000,,3.0,3.0,G,,corrected-archive-csv
162860,Luleå-Kallax Flygplats,21,Byvind,"max, 1 gång/tim",meter per sekund,2022-03-08T23:00:00Z,2022-03-09T00:00:00+01:00,1646780400000,,2.0,2.0,G,,corrected-archive-csv
162860,Luleå-Kallax Flygplats,21,Byvind,"max, 1 gång/tim",meter per sekund,2022-03-09T07:00:00Z,2022-03-09T08:00:00+01:00,1646809200000,,3.0,3.0,G,,corrected-archive-csv
162860,Luleå-Kallax Flygplats,21,Byvind,"max, 1 gång/tim",meter per sekund,2022-03-09T08:00:00Z,2022-03-09T09:00:00+01:00,1646812800000,,5.0,5.0,G,,corrected-archive-csv
162860,Luleå-Kallax Flygplats,21,Byvind,"max, 1 gång/tim",meter per sekund,2022-03-09T09:00:00Z,2022-03-09T10:00:00+01:00,1646816400000,,6.0,6.0,G,,corrected-archive-csv
162860,Luleå-Kallax Flygplats,21,Byvind,"max, 1 gång/tim",meter per sekund,2022-03-09T10:00:00Z,2022-03-09T11:00:00+01:00,1646820000000,,7.0,7.0,G,,corrected-archive-csv
162860,Luleå-Kallax Flygplats,21,Byvind,"max, 1 gång/tim",meter per sekund,2022-03-09T11:00:00Z,2022-03-09T12:00:00+01:00,1646823600000,,8.0,8.0,G,,corrected-archive-csv
162860,Luleå-Kallax Flygplats,21,Byvind,"max, 1 gång/tim",meter per sekund,2022-03-09T12:00:00Z,2022-03-09T13:00:00+01:00,1646827200000,,9.0,9.0,G,,corrected-archive-csv
162860,Luleå-Kallax Flygplats,21,Byvind,"max, 1 gång/tim",meter per sekund,2022-03-09T13:00:00Z,2022-03-09T14:00:00+01:00,1646830800000,,10.0,10.0,G,,corrected-archive-csv
162860,Luleå-Kallax Flygplats,21,Byvind,"max, 1 gång/tim",meter per sekund,2022-03-09T14:00:00Z,2022-03-09T15:00:00+01:00,1646834400000,,8.0,8.0,G,,corrected-archive-csv
162860,Luleå-Kallax Flygplats,21,Byvind,"max, 1 gång/tim",meter per sekund,2022-03-09T15:00:00Z,2022-03-09T16:00:00+01:00,1646838000000,,7.0,7.0,G,,corrected-archive-csv
162860,Luleå-Kallax Flygplats,21,Byvind,"max, 1 gång/tim",meter per sekund,2022-03-09T16:00:00Z,2022-03-09T17:00:00+01:00,1646841600000,,9.0,9.0,G,,corrected-archive-csv
162860,Luleå-Kallax Flygplats,21,Byvind,"max, 1 gång/tim",meter per sekund,2022-03-09T19:00:00Z,2022-03-09T20:00:00+01:00,1646852400000,,10.0,10.0,G,,corrected-archive-csv
162860,Luleå-Kallax Flygplats,21,Byvind,"max, 1 gång/tim",meter per sekund,2022-03-09T21:00:00Z,2022-03-09T22:00:00+01:00,1646859600000,,7.0,7.0,G,,corrected-archive-csv
162860,Luleå-Kallax Flygplats,21,Byvind,"max, 1 gång/tim",meter per sekund,2022-03-09T23:00:00Z,2022-03-10T00:00:00+01:00,1646866800000,,8.0,8.0,G,,corrected-archive-csv
162860,Luleå-Kallax Flygplats,21,Byvind,"max, 1 gång/tim",meter per sekund,2022-03-10T00:00:00Z,2022-03-10T01:00:00+01:00,1646870400000,,7.0,7.0,G,,corrected-archive-csv
162860,Luleå-Kallax Flygplats,21,Byvind,"max, 1 gång/tim",meter per sekund,2022-03-10T05:00:00Z,2022-03-10T06:00:00+01:00,1646888400000,,6.0,6.0,G,,corrected-archive-csv
162860,Luleå-Kallax Flygplats,21,Byvind,"max, 1 gång/tim",meter per sekund,2022-03-10T08:00:00Z,2022-03-10T09:00:00+01:00,1646899200000,,7.0,7.0,G,,corrected-archive-csv
162860,Luleå-Kallax Flygplats,21,Byvind,"max, 1 gång/tim",meter per sekund,2022-03-10T12:00:00Z,2022-03-10T13:00:00+01:00,1646913600000,,6.0,6.0,G,,corrected-archive-csv
162860,Luleå-Kallax Flygplats,21,Byvind,"max, 1 gång/tim",meter per sekund,2022-03-10T14:00:00Z,2022-03-10T15:00:00+01:00,1646920800000,,4.0,4.0,G,,corrected-archive-csv
162860,Luleå-Kallax Flygplats,21,Byvind,"max, 1 gång/tim",meter per sekund,2022-03-10T16:00:00Z,2022-03-10T17:00:00+01:00,1646928000000,,5.0,5.0,G,,corrected-archive-csv
162860,Luleå-Kallax Flygplats,21,Byvind,"max, 1 gång/tim",meter per sekund,2022-03-10T18:00:00Z,2022-03-10T19:00:00+01:00,1646935200000,,4.0,4.0,G,,corrected-archive-csv
162860,Luleå-Kallax Flygplats,21,Byvind,"max, 1 gång/tim",meter per sekund,2022-03-10T21:00:00Z,2022-03-10T22:00:00+01:00,1646946000000,,2.0,2.0,G,,corrected-archive-csv
162860,Luleå-Kallax Flygplats,21,Byvind,"max, 1 gång/tim",meter per sekund,2022-03-10T22:00:00Z,2022-03-10T23:00:00+01:00,1646949600000,,3.0,3.0,G,,corrected-archive-csv
162860,Luleå-Kallax Flygplats,21,Byvind,"max, 1 gång/tim",meter per sekund,2022-03-10T23:00:00Z,2022-03-11T00:00:00+01:00,1646953200000,,4.0,4.0,G,,corrected-archive-csv
162860,Luleå-Kallax Flygplats,21,Byvind,"max, 1 gång/tim",meter per sekund,2022-03-11T01:00:00Z,2022-03-11T02:00:00+01:00,1646960400000,,2.0,2.0,G,,corrected-archive-csv
162860,Luleå-Kallax Flygplats,21,Byvind,"max, 1 gång/tim",meter per sekund,2022-03-11T03:00:00Z,2022-03-11T04:00:00+01:00,1646967600000,,3.0,3.0,G,,corrected-archive-csv
162860,Luleå-Kallax Flygplats,21,Byvind,"max, 1 gång/tim",meter per sekund,2022-03-11T04:00:00Z,2022-03-11T05:00:00+01:00,1646971200000,,2.0,2.0,G,,corrected-archive-csv
162860,Luleå-Kallax Flygplats,21,Byvind,"max, 1 gång/tim",meter per sekund,2022-03-11T05:00:00Z,2022-03-11T06:00:00+01:00,1646974800000,,3.0,3.0,G,,corrected-archive-csv
162860,Luleå-Kallax Flygplats,21,Byvind,"max, 1 gång/tim",meter per sekund,2022-03-11T06:00:00Z,2022-03-11T07:00:00+01:00,1646978400000,,4.0,4.0,G,,corrected-archive-csv
162860,Luleå-Kallax Flygplats,21,Byvind,"max, 1 gång/tim",meter per sekund,2022-03-11T07:00:00Z,2022-03-11T08:00:00+01:00,1646982000000,,2.0,2.0,G,,corrected-archive-csv
162860,Luleå-Kallax Flygplats,21,Byvind,"max, 1 gång/tim",meter per sekund,2022-03-11T11:00:00Z,2022-03-11T12:00:00+01:00,1646996400000,,4.0,4.0,G,,corrected-archive-csv
162860,Luleå-Kallax Flygplats,21,Byvind,"max, 1 gång/tim",meter per sekund,2022-03-11T12:00:00Z,2022-03-11T13:00:00+01:00,1647000000000,,5.0,5.0,G,,corrected-archive-csv
162860,Luleå-Kallax Flygplats,21,Byvind,"max, 1 gång/tim",meter per sekund,2022-03-11T13:00:00Z,2022-03-11T14:00:00+01:00,1647003600000,,4.0,4.0,G,,corrected-archive-csv
162860,Luleå-Kallax Flygplats,21,Byvind,"max, 1 gång/tim",meter per sekund,2022-03-11T14:00:00Z,2022-03-11T15:00:00+01:00,1647007200000,,2.0,2.0,G,,corrected-archive-csv
162860,Luleå-Kallax Flygplats,21,Byvind,"max, 1 gång/tim",meter per sekund,2022-03-11T16:00:00Z,2022-03-11T17:00:00+01:00,1647014400000,,3.0,3.0,G,,corrected-archive-csv
162860,Luleå-Kallax Flygplats,21,Byvind,"max, 1 gång/tim",meter per sekund,2022-03-11T17:00:00Z,2022-03-11T18:00:00+01:00,1647018000000,,2.0,2.0,G,,corrected-archive-csv
162860,Luleå-Kallax Flygplats,21,Byvind,"max, 1 gång/tim",meter per sekund,2022-03-12T03:00:00Z,2022-03-12T04:00:00+01:00,1647054000000,,3.0,3.0,G,,corrected-archive-csv
162860,Luleå-Kallax Flygplats,21,Byvind,"max, 1 gång/tim",meter per sekund,2022-03-12T04:00:00Z,2022-03-12T05:00:00+01:00,1647057600000,,1.0,1.0,G,,corrected-archive-csv
162860,Luleå-Kallax Flygplats,21,Byvind,"max, 1 gång/tim",meter per sekund,2022-03-12T06:00:00Z,2022-03-12T07:00:00+01:00,1647064800000,,2.0,2.0,G,,corrected-archive-csv
162860,Luleå-Kallax Flygplats,21,Byvind,"max, 1 gång/tim",meter per sekund,2022-03-12T08:00:00Z,2022-03-12T09:00:00+01:00,1647072000000,,1.0,1.0,G,,corrected-archive-csv
162860,Luleå-Kallax Flygplats,21,Byvind,"max, 1 gång/tim",meter per sekund,2022-03-12T09:00:00Z,2022-03-12T10:00:00+01:00,1647075600000,,2.0,2.0,G,,corrected-archive-csv
162860,Luleå-Kallax Flygplats,21,Byvind,"max, 1 gång/tim",meter per sekund,2022-03-12T12:00:00Z,2022-03-12T13:00:00+01:00,1647086400000,,3.0,3.0,G,,corrected-archive-csv
162860,Luleå-Kallax Flygplats,21,Byvind,"max, 1 gång/tim",meter per sekund,2022-03-12T13:00:00Z,2022-03-12T14:00:00+01:00,1647090000000,,4.0,4.0,G,,corrected-archive-csv
162860,Luleå-Kallax Flygplats,21,Byvind,"max, 1 gång/tim",meter per sekund,2022-03-12T19:00:00Z,2022-03-12T20:00:00+01:00,1647111600000,,3.0,3.0,G,,corrected-archive-csv
162860,Luleå-Kallax Flygplats,21,Byvind,"max, 1 gång/tim",meter per sekund,2022-03-12T22:00:00Z,2022-03-12T23:00:00+01:00,1647122400000,,2.0,2.0,G,,corrected-archive-csv
162860,Luleå-Kallax Flygplats,21,Byvind,"max, 1 gång/tim",meter per sekund,2022-03-13T00:00:00Z,2022-03-13T01:00:00+01:00,1647129600000,,3.0,3.0,G,,corrected-archive-csv
162860,Luleå-Kallax Flygplats,21,Byvind,"max, 1 gång/tim",meter per sekund,2022-03-13T02:00:00Z,2022-03-13T03:00:00+01:00,1647136800000,,2.0,2.0,G,,corrected-archive-csv
162860,Luleå-Kallax Flygplats,21,Byvind,"max, 1 gång/tim",meter per sekund,2022-03-13T03:00:00Z,2022-03-13T04:00:00+01:00,1647140400000,,1.0,1.0,G,,corrected-archive-csv
162860,Luleå-Kallax Flygplats,21,Byvind,"max, 1 gång/tim",meter per sekund,2022-03-13T05:00:00Z,2022-03-13T06:00:00+01:00,1647147600000,,2.0,2.0,G,,corrected-archive-csv
162860,Luleå-Kallax Flygplats,21,Byvind,"max, 1 gång/tim",meter per sekund,2022-03-13T07:00:00Z,2022-03-13T08:00:00+01:00,1647154800000,,1.0,1.0,G,,corrected-archive-csv
162860,Luleå-Kallax Flygplats,21,Byvind,"max, 1 gång/tim",meter per sekund,2022-03-13T08:00:00Z,2022-03-13T09:00:00+01:00,1647158400000,,2.0,2.0,G,,corrected-archive-csv
162860,Luleå-Kallax Flygplats,21,Byvind,"max, 1 gång/tim",meter per sekund,2022-03-13T09:00:00Z,2022-03-13T10:00:00+01:00,1647162000000,,1.0,1.0,G,,corrected-archive-csv
162860,Luleå-Kallax Flygplats,21,Byvind,"max, 1 gång/tim",meter per sekund,2022-03-13T11:00:00Z,2022-03-13T12:00:00+01:00,1647169200000,,2.0,2.0,G,,corrected-archive-csv
162860,Luleå-Kallax Flygplats,21,Byvind,"max, 1 gång/tim",meter per sekund,2022-03-13T18:00:00Z,2022-03-13T19:00:00+01:00,1647194400000,,1.0,1.0,G,,corrected-archive-csv
162860,Luleå-Kallax Flygplats,21,Byvind,"max, 1 gång/tim",meter per sekund,2022-03-14T04:00:00Z,2022-03-14T05:00:00+01:00,1647230400000,,0.0,0.0,G,,corrected-archive-csv
162860,Luleå-Kallax Flygplats,21,Byvind,"max, 1 gång/tim",meter per sekund,2022-03-14T09:00:00Z,2022-03-14T10:00:00+01:00,1647248400000,,1.0,1.0,G,,corrected-archive-csv
162860,Luleå-Kallax Flygplats,21,Byvind,"max, 1 gång/tim",meter per sekund,2022-03-14T10:00:00Z,2022-03-14T11:00:00+01:00,1647252000000,,2.0,2.0,G,,corrected-archive-csv
162860,Luleå-Kallax Flygplats,21,Byvind,"max, 1 gång/tim",meter per sekund,2022-03-14T12:00:00Z,2022-03-14T13:00:00+01:00,1647259200000,,3.0,3.0,G,,corrected-archive-csv
162860,Luleå-Kallax Flygplats,21,Byvind,"max, 1 gång/tim",meter per sekund,2022-03-14T17:00:00Z,2022-03-14T18:00:00+01:00,1647277200000,,2.0,2.0,G,,corrected-archive-csv
162860,Luleå-Kallax Flygplats,21,Byvind,"max, 1 gång/tim",meter per sekund,2022-03-14T20:00:00Z,2022-03-14T21:00:00+01:00,1647288000000,,1.0,1.0,G,,corrected-archive-csv
162860,Luleå-Kallax Flygplats,21,Byvind,"max, 1 gång/tim",meter per sekund,2022-03-15T04:00:00Z,2022-03-15T05:00:00+01:00,1647316800000,,2.0,2.0,G,,corrected-archive-csv
162860,Luleå-Kallax Flygplats,21,Byvind,"max, 1 gång/tim",meter per sekund,2022-03-15T06:00:00Z,2022-03-15T07:00:00+01:00,1647324000000,,1.0,1.0,G,,corrected-archive-csv
162860,Luleå-Kallax Flygplats,21,Byvind,"max, 1 gång/tim",meter per sekund,2022-03-15T07:00:00Z,2022-03-15T08:00:00+01:00,1647327600000,,2.0,2.0,G,,corrected-archive-csv
162860,Luleå-Kallax Flygplats,21,Byvind,"max, 1 gång/tim",meter per sekund,2022-03-15T09:00:00Z,2022-03-15T10:00:00+01:00,1647334800000,,3.0,3.0,G,,corrected-archive-csv
162860,Luleå-Kallax Flygplats,21,Byvind,"max, 1 gång/tim",meter per sekund,2022-03-15T10:00:00Z,2022-03-15T11:00:00+01:00,1647338400000,,2.0,2.0,G,,corrected-archive-csv
162860,Luleå-Kallax Flygplats,21,Byvind,"max, 1 gång/tim",meter per sekund,2022-03-15T13:00:00Z,2022-03-15T14:00:00+01:00,1647349200000,,3.0,3.0,G,,corrected-archive-csv
162860,Luleå-Kallax Flygplats,21,Byvind,"max, 1 gång/tim",meter per sekund,2022-03-15T14:00:00Z,2022-03-15T15:00:00+01:00,1647352800000,,4.0,4.0,G,,corrected-archive-csv
162860,Luleå-Kallax Flygplats,21,Byvind,"max, 1 gång/tim",meter per sekund,2022-03-15T16:00:00Z,2022-03-15T17:00:00+01:00,1647360000000,,3.0,3.0,G,,corrected-archive-csv
162860,Luleå-Kallax Flygplats,21,Byvind,"max, 1 gång/tim",meter per sekund,2022-03-15T17:00:00Z,2022-03-15T18:00:00+01:00,1647363600000,,2.0,2.0,G,,corrected-archive-csv
162860,Luleå-Kallax Flygplats,21,Byvind,"max, 1 gång/tim",meter per sekund,2022-03-15T20:00:00Z,2022-03-15T21:00:00+01:00,1647374400000,,1.0,1.0,G,,corrected-archive-csv
162860,Luleå-Kallax Flygplats,21,Byvind,"max, 1 gång/tim",meter per sekund,2022-03-16T00:00:00Z,2022-03-16T01:00:00+01:00,1647388800000,,0.0,0.0,G,,corrected-archive-csv
162860,Luleå-Kallax Flygplats,21,Byvind,"max, 1 gång/tim",meter per sekund,2022-03-16T01:00:00Z,2022-03-16T02:00:00+01:00,1647392400000,,2.0,2.0,G,,corrected-archive-csv
162860,Luleå-Kallax Flygplats,21,Byvind,"max, 1 gång/tim",meter per sekund,2022-03-16T05:00:00Z,2022-03-16T06:00:00+01:00,1647406800000,,4.0,4.0,G,,corrected-archive-csv
162860,Luleå-Kallax Flygplats,21,Byvind,"max, 1 gång/tim",meter per sekund,2022-03-16T12:00:00Z,2022-03-16T13:00:00+01:00,1647432000000,,5.0,5.0,G,,corrected-archive-csv
162860,Luleå-Kallax Flygplats,21,Byvind,"max, 1 gång/tim",meter per sekund,2022-03-16T14:00:00Z,2022-03-16T15:00:00+01:00,1647439200000,,7.0,7.0,G,,corrected-archive-csv
162860,Luleå-Kallax Flygplats,21,Byvind,"max, 1 gång/tim",meter per sekund,2022-03-16T16:00:00Z,2022-03-16T17:00:00+01:00,1647446400000,,6.0,6.0,G,,corrected-archive-csv
162860,Luleå-Kallax Flygplats,21,Byvind,"max, 1 gång/tim",meter per sekund,2022-03-16T19:00:00Z,2022-03-16T20:00:00+01:00,1647457200000,,7.0,7.0,G,,corrected-archive-csv
162860,Luleå-Kallax Flygplats,21,Byvind,"max, 1 gång/tim",meter per sekund,2022-03-16T20:00:00Z,2022-03-16T21:00:00+01:00,1647460800000,,5.0,5.0,G,,corrected-archive-csv
162860,Luleå-Kallax Flygplats,21,Byvind,"max, 1 gång/tim",meter per sekund,2022-03-16T21:00:00Z,2022-03-16T22:00:00+01:00,1647464400000,,4.0,4.0,G,,corrected-archive-csv
162860,Luleå-Kallax Flygplats,21,Byvind,"max, 1 gång/tim",meter per sekund,2022-03-16T22:00:00Z,2022-03-16T23:00:00+01:00,1647468000000,,5.0,5.0,G,,corrected-archive-csv
162860,Luleå-Kallax Flygplats,21,Byvind,"max, 1 gång/tim",meter per sekund,2022-03-16T23:00:00Z,2022-03-17T00:00:00+01:00,1647471600000,,6.0,6.0,G,,corrected-archive-csv
162860,Luleå-Kallax Flygplats,21,Byvind,"max, 1 gång/tim",meter per sekund,2022-03-17T01:00:00Z,2022-03-17T02:00:00+01:00,1647478800000,,9.0,9.0,G,,corrected-archive-csv
162860,Luleå-Kallax Flygplats,21,Byvind,"max, 1 gång/tim",meter per sekund,2022-03-17T02:00:00Z,2022-03-17T03:00:00+01:00,1647482400000,,6.0,6.0,G,,corrected-archive-csv
162860,Luleå-Kallax Flygplats,21,Byvind,"max, 1 gång/tim",meter per sekund,2022-03-17T04:00:00Z,2022-03-17T05:00:00+01:00,1647489600000,,5.0,5.0,G,,corrected-archive-csv
162860,Luleå-Kallax Flygplats,21,Byvind,"max, 1 gång/tim",meter per sekund,2022-03-17T06:00:00Z,2022-03-17T07:00:00+01:00,1647496800000,,8.0,8.0,G,,corrected-archive-csv
162860,Luleå-Kallax Flygplats,21,Byvind,"max, 1 gång/tim",meter per sekund,2022-03-17T08:00:00Z,2022-03-17T09:00:00+01:00,1647504000000,,7.0,7.0,G,,corrected-archive-csv
162860,Luleå-Kallax Flygplats,21,Byvind,"max, 1 gång/tim",meter per sekund,2022-03-17T10:00:00Z,2022-03-17T11:00:00+01:00,1647511200000,,9.0,9.0,G,,corrected-archive-csv
162860,Luleå-Kallax Flygplats,21,Byvind,"max, 1 gång/tim",meter per sekund,2022-03-17T12:00:00Z,2022-03-17T13:00:00+01:00,1647518400000,,10.0,10.0,G,,corrected-archive-csv
162860,Luleå-Kallax Flygplats,21,Byvind,"max, 1 gång/tim",meter per sekund,2022-03-17T14:00:00Z,2022-03-17T15:00:00+01:00,1647525600000,,9.0,9.0,G,,corrected-archive-csv
162860,Luleå-Kallax Flygplats,21,Byvind,"max, 1 gång/tim",meter per sekund,2022-03-17T15:00:00Z,2022-03-17T16:00:00+01:00,1647529200000,,11.0,11.0,G,,corrected-archive-csv
162860,Luleå-Kallax Flygplats,21,Byvind,"max, 1 gång/tim",meter per sekund,2022-03-17T16:00:00Z,2022-03-17T17:00:00+01:00,1647532800000,,10.0,10.0,G,,corrected-archive-csv
162860,Luleå-Kallax Flygplats,21,Byvind,"max, 1 gång/tim",meter per sekund,2022-03-17T18:00:00Z,2022-03-17T19:00:00+01:00,1647540000000,,9.0,9.0,G,,corrected-archive-csv
162860,Luleå-Kallax Flygplats,21,Byvind,"max, 1 gång/tim",meter per sekund,2022-03-17T22:00:00Z,2022-03-17T23:00:00+01:00,1647554400000,,11.0,11.0,G,,corrected-archive-csv
162860,Luleå-Kallax Flygplats,21,Byvind,"max, 1 gång/tim",meter per sekund,2022-03-18T00:00:00Z,2022-03-18T01:00:00+01:00,1647561600000,,12.0,12.0,G,,corrected-archive-csv
162860,Luleå-Kallax Flygplats,21,Byvind,"max, 1 gång/tim",meter per sekund,2022-03-18T03:00:00Z,2022-03-18T04:00:00+01:00,1647572400000,,11.0,11.0,G,,corrected-archive-csv
162860,Luleå-Kallax Flygplats,21,Byvind,"max, 1 gång/tim",meter per sekund,2022-03-18T04:00:00Z,2022-03-18T05:00:00+01:00,1647576000000,,12.0,12.0,G,,corrected-archive-csv
162860,Luleå-Kallax Flygplats,21,Byvind,"max, 1 gång/tim",meter per sekund,2022-03-18T07:00:00Z,2022-03-18T08:00:00+01:00,1647586800000,,11.0,11.0,G,,corrected-archive-csv
162860,Luleå-Kallax Flygplats,21,Byvind,"max, 1 gång/tim",meter per sekund,2022-03-18T08:00:00Z,2022-03-18T09:00:00+01:00,1647590400000,,9.0,9.0,G,,corrected-archive-csv
162860,Luleå-Kallax Flygplats,21,Byvind,"max, 1 gång/tim",meter per sekund,2022-03-18T09:00:00Z,2022-03-18T10:00:00+01:00,1647594000000,,10.0,10.0,G,,corrected-archive-csv
162860,Luleå-Kallax Flygplats,21,Byvind,"max, 1 gång/tim",meter per sekund,2022-03-18T11:00:00Z,2022-03-18T12:00:00+01:00,1647601200000,,9.0,9.0,G,,corrected-archive-csv
162860,Luleå-Kallax Flygplats,21,Byvind,"max, 1 gång/tim",meter per sekund,2022-03-18T12:00:00Z,2022-03-18T13:00:00+01:00,1647604800000,,7.0,7.0,G,,corrected-archive-csv
162860,Luleå-Kallax Flygplats,21,Byvind,"max, 1 gång/tim",meter per sekund,2022-03-18T13:00:00Z,2022-03-18T14:00:00+01:00,1647608400000,,8.0,8.0,G,,corrected-archive-csv
162860,Luleå-Kallax Flygplats,21,Byvind,"max, 1 gång/tim",meter per sekund,2022-03-18T14:00:00Z,2022-03-18T15:00:00+01:00,1647612000000,,10.0,10.0,G,,corrected-archive-csv
162860,Luleå-Kallax Flygplats,21,Byvind,"max, 1 gång/tim",meter per sekund,2022-03-18T15:00:00Z,2022-03-18T16:00:00+01:00,1647615600000,,12.0,12.0,G,,corrected-archive-csv
162860,Luleå-Kallax Flygplats,21,Byvind,"max, 1 gång/tim",meter per sekund,2022-03-18T18:00:00Z,2022-03-18T19:00:00+01:00,1647626400000,,9.0,9.0,G,,corrected-archive-csv
162860,Luleå-Kallax Flygplats,21,Byvind,"max, 1 gång/tim",meter per sekund,2022-03-18T19:00:00Z,2022-03-18T20:00:00+01:00,1647630000000,,6.0,6.0,G,,corrected-archive-csv
162860,Luleå-Kallax Flygplats,21,Byvind,"max, 1 gång/tim",meter per sekund,2022-03-18T20:00:00Z,2022-03-18T21:00:00+01:00,1647633600000,,5.0,5.0,G,,corrected-archive-csv
162860,Luleå-Kallax Flygplats,21,Byvind,"max, 1 gång/tim",meter per sekund,2022-03-18T21:00:00Z,2022-03-18T22:00:00+01:00,1647637200000,,4.0,4.0,G,,corrected-archive-csv
162860,Luleå-Kallax Flygplats,21,Byvind,"max, 1 gång/tim",meter per sekund,2022-03-18T23:00:00Z,2022-03-19T00:00:00+01:00,1647644400000,,5.0,5.0,G,,corrected-archive-csv
162860,Luleå-Kallax Flygplats,21,Byvind,"max, 1 gång/tim",meter per sekund,2022-03-19T00:00:00Z,2022-03-19T01:00:00+01:00,1647648000000,,4.0,4.0,G,,corrected-archive-csv
162860,Luleå-Kallax Flygplats,21,Byvind,"max, 1 gång/tim",meter per sekund,2022-03-19T01:00:00Z,2022-03-19T02:00:00+01:00,1647651600000,,5.0,5.0,G,,corrected-archive-csv
162860,Luleå-Kallax Flygplats,21,Byvind,"max, 1 gång/tim",meter per sekund,2022-03-19T03:00:00Z,2022-03-19T04:00:00+01:00,1647658800000,,7.0,7.0,G,,corrected-archive-csv
162860,Luleå-Kallax Flygplats,21,Byvind,"max, 1 gång/tim",meter per sekund,2022-03-19T05:00:00Z,2022-03-19T06:00:00+01:00,1647666000000,,9.0,9.0,G,,corrected-archive-csv
162860,Luleå-Kallax Flygplats,21,Byvind,"max, 1 gång/tim",meter per sekund,2022-03-19T08:00:00Z,2022-03-19T09:00:00+01:00,1647676800000,,8.0,8.0,G,,corrected-archive-csv
162860,Luleå-Kallax Flygplats,21,Byvind,"max, 1 gång/tim",meter per sekund,2022-03-19T09:00:00Z,2022-03-19T10:00:00+01:00,1647680400000,,12.0,12.0,G,,corrected-archive-csv
162860,Luleå-Kallax Flygplats,21,Byvind,"max, 1 gång/tim",meter per sekund,2022-03-19T11:00:00Z,2022-03-19T12:00:00+01:00,1647687600000,,10.0,10.0,G,,corrected-archive-csv
162860,Luleå-Kallax Flygplats,21,Byvind,"max, 1 gång/tim",meter per sekund,2022-03-19T12:00:00Z,2022-03-19T13:00:00+01:00,1647691200000,,9.0,9.0,G,,corrected-archive-csv
162860,Luleå-Kallax Flygplats,21,Byvind,"max, 1 gång/tim",meter per sekund,2022-03-19T15:00:00Z,2022-03-19T16:00:00+01:00,1647702000000,,7.0,7.0,G,,corrected-archive-csv
162860,Luleå-Kallax Flygplats,21,Byvind,"max, 1 gång/tim",meter per sekund,2022-03-19T16:00:00Z,2022-03-19T17:00:00+01:00,1647705600000,,9.0,9.0,G,,corrected-archive-csv
162860,Luleå-Kallax Flygplats,21,Byvind,"max, 1 gång/tim",meter per sekund,2022-03-19T17:00:00Z,2022-03-19T18:00:00+01:00,1647709200000,,7.0,7.0,G,,corrected-archive-csv
162860,Luleå-Kallax Flygplats,21,Byvind,"max, 1 gång/tim",meter per sekund,2022-03-19T18:00:00Z,2022-03-19T19:00:00+01:00,1647712800000,,6.0,6.0,G,,corrected-archive-csv
162860,Luleå-Kallax Flygplats,21,Byvind,"max, 1 gång/tim",meter per sekund,2022-03-19T19:00:00Z,2022-03-19T20:00:00+01:00,1647716400000,,9.0,9.0,G,,corrected-archive-csv
162860,Luleå-Kallax Flygplats,21,Byvind,"max, 1 gång/tim",meter per sekund,2022-03-19T20:00:00Z,2022-03-19T21:00:00+01:00,1647720000000,,7.0,7.0,G,,corrected-archive-csv
162860,Luleå-Kallax Flygplats,21,Byvind,"max, 1 gång/tim",meter per sekund,2022-03-19T23:00:00Z,2022-03-20T00:00:00+01:00,1647730800000,,6.0,6.0,G,,corrected-archive-csv
162860,Luleå-Kallax Flygplats,21,Byvind,"max, 1 gång/tim",meter per sekund,2022-03-20T01:00:00Z,2022-03-20T02:00:00+01:00,1647738000000,,7.0,7.0,G,,corrected-archive-csv
162860,Luleå-Kallax Flygplats,21,Byvind,"max, 1 gång/tim",meter per sekund,2022-03-20T04:00:00Z,2022-03-20T05:00:00+01:00,1647748800000,,5.0,5.0,G,,corrected-archive-csv
162860,Luleå-Kallax Flygplats,21,Byvind,"max, 1 gång/tim",meter per sekund,2022-03-20T08:00:00Z,2022-03-20T09:00:00+01:00,1647763200000,,7.0,7.0,G,,corrected-archive-csv
162860,Luleå-Kallax Flygplats,21,Byvind,"max, 1 gång/tim",meter per sekund,2022-03-20T10:00:00Z,2022-03-20T11:00:00+01:00,1647770400000,,4.0,4.0,G,,corrected-archive-csv
162860,Luleå-Kallax Flygplats,21,Byvind,"max, 1 gång/tim",meter per sekund,2022-03-20T11:00:00Z,2022-03-20T12:00:00+01:00,1647774000000,,5.0,5.0,G,,corrected-archive-csv
162860,Luleå-Kallax Flygplats,21,Byvind,"max, 1 gång/tim",meter per sekund,2022-03-20T12:00:00Z,2022-03-20T13:00:00+01:00,1647777600000,,6.0,6.0,G,,corrected-archive-csv
162860,Luleå-Kallax Flygplats,21,Byvind,"max, 1 gång/tim",meter per sekund,2022-03-20T16:00:00Z,2022-03-20T17:00:00+01:00,1647792000000,,5.0,5.0,G,,corrected-archive-csv
162860,Luleå-Kallax Flygplats,21,Byvind,"max, 1 gång/tim",meter per sekund,2022-03-20T19:00:00Z,2022-03-20T20:00:00+01:00,1647802800000,,4.0,4.0,G,,corrected-archive-csv
162860,Luleå-Kallax Flygplats,21,Byvind,"max, 1 gång/tim",meter per sekund,2022-03-20T20:00:00Z,2022-03-20T21:00:00+01:00,1647806400000,,7.0,7.0,G,,corrected-archive-csv
162860,Luleå-Kallax Flygplats,21,Byvind,"max, 1 gång/tim",meter per sekund,2022-03-20T22:00:00Z,2022-03-20T23:00:00+01:00,1647813600000,,6.0,6.0,G,,corrected-archive-csv
162860,Luleå-Kallax Flygplats,21,Byvind,"max, 1 gång/tim",meter per sekund,2022-03-20T23:00:00Z,2022-03-21T00:00:00+01:00,1647817200000,,4.0,4.0,G,,corrected-archive-csv
162860,Luleå-Kallax Flygplats,21,Byvind,"max, 1 gång/tim",meter per sekund,2022-03-21T00:00:00Z,2022-03-21T01:00:00+01:00,1647820800000,,5.0,5.0,G,,corrected-archive-csv
162860,Luleå-Kallax Flygplats,21,Byvind,"max, 1 gång/tim",meter per sekund,2022-03-21T02:00:00Z,2022-03-21T03:00:00+01:00,1647828000000,,4.0,4.0,G,,corrected-archive-csv
162860,Luleå-Kallax Flygplats,21,Byvind,"max, 1 gång/tim",meter per sekund,2022-03-21T03:00:00Z,2022-03-21T04:00:00+01:00,1647831600000,,2.0,2.0,G,,corrected-archive-csv
162860,Luleå-Kallax Flygplats,21,Byvind,"max, 1 gång/tim",meter per sekund,2022-03-21T04:00:00Z,2022-03-21T05:00:00+01:00,1647835200000,,4.0,4.0,G,,corrected-archive-csv
162860,Luleå-Kallax Flygplats,21,Byvind,"max, 1 gång/tim",meter per sekund,2022-03-21T06:00:00Z,2022-03-21T07:00:00+01:00,1647842400000,,3.0,3.0,G,,corrected-archive-csv
162860,Luleå-Kallax Flygplats,21,Byvind,"max, 1 gång/tim",meter per sekund,2022-03-21T07:00:00Z,2022-03-21T08:00:00+01:00,1647846000000,,5.0,5.0,G,,corrected-archive-csv
162860,Luleå-Kallax Flygplats,21,Byvind,"max, 1 gång/tim",meter per sekund,2022-03-21T08:00:00Z,2022-03-21T09:00:00+01:00,1647849600000,,6.0,6.0,G,,corrected-archive-csv
162860,Luleå-Kallax Flygplats,21,Byvind,"max, 1 gång/tim",meter per sekund,2022-03-21T10:00:00Z,2022-03-21T11:00:00+01:00,1647856800000,,11.0,11.0,G,,corrected-archive-csv
162860,Luleå-Kallax Flygplats,21,Byvind,"max, 1 gång/tim",meter per sekund,2022-03-21T11:00:00Z,2022-03-21T12:00:00+01:00,1647860400000,,12.0,12.0,G,,corrected-archive-csv
162860,Luleå-Kallax Flygplats,21,Byvind,"max, 1 gång/tim",meter per sekund,2022-03-21T12:00:00Z,2022-03-21T13:00:00+01:00,1647864000000,,11.0,11.0,G,,corrected-archive-csv
162860,Luleå-Kallax Flygplats,21,Byvind,"max, 1 gång/tim",meter per sekund,2022-03-21T16:00:00Z,2022-03-21T17:00:00+01:00,1647878400000,,7.0,7.0,G,,corrected-archive-csv
162860,Luleå-Kallax Flygplats,21,Byvind,"max, 1 gång/tim",meter per sekund,2022-03-21T17:00:00Z,2022-03-21T18:00:00+01:00,1647882000000,,6.0,6.0,G,,corrected-archive-csv
162860,Luleå-Kallax Flygplats,21,Byvind,"max, 1 gång/tim",meter per sekund,2022-03-21T22:00:00Z,2022-03-21T23:00:00+01:00,1647900000000,,4.0,4.0,G,,corrected-archive-csv
162860,Luleå-Kallax Flygplats,21,Byvind,"max, 1 gång/tim",meter per sekund,2022-03-21T23:00:00Z,2022-03-22T00:00:00+01:00,1647903600000,,3.0,3.0,G,,corrected-archive-csv
162860,Luleå-Kallax Flygplats,21,Byvind,"max, 1 gång/tim",meter per sekund,2022-03-22T00:00:00Z,2022-03-22T01:00:00+01:00,1647907200000,,2.0,2.0,G,,corrected-archive-csv
162860,Luleå-Kallax Flygplats,21,Byvind,"max, 1 gång/tim",meter per sekund,2022-03-22T04:00:00Z,2022-03-22T05:00:00+01:00,1647921600000,,1.0,1.0,G,,corrected-archive-csv
162860,Luleå-Kallax Flygplats,21,Byvind,"max, 1 gång/tim",meter per sekund,2022-03-22T06:00:00Z,2022-03-22T07:00:00+01:00,1647928800000,,2.0,2.0,G,,corrected-archive-csv
162860,Luleå-Kallax Flygplats,21,Byvind,"max, 1 gång/tim",meter per sekund,2022-03-22T08:00:00Z,2022-03-22T09:00:00+01:00,1647936000000,,1.0,1.0,G,,corrected-archive-csv
162860,Luleå-Kallax Flygplats,21,Byvind,"max, 1 gång/tim",meter per sekund,2022-03-22T09:00:00Z,2022-03-22T10:00:00+01:00,1647939600000,,5.0,5.0,G,,corrected-archive-csv
162860,Luleå-Kallax Flygplats,21,Byvind,"max, 1 gång/tim",meter per sekund,2022-03-22T11:00:00Z,2022-03-22T12:00:00+01:00,1647946800000,,4.0,4.0,G,,corrected-archive-csv
162860,Luleå-Kallax Flygplats,21,Byvind,"max, 1 gång/tim",meter per sekund,2022-03-22T13:00:00Z,2022-03-22T14:00:00+01:00,1647954000000,,5.0,5.0,G,,corrected-archive-csv
162860,Luleå-Kallax Flygplats,21,Byvind,"max, 1 gång/tim",meter per sekund,2022-03-22T14:00:00Z,2022-03-22T15:00:00+01:00,1647957600000,,6.0,6.0,G,,corrected-archive-csv
162860,Luleå-Kallax Flygplats,21,Byvind,"max, 1 gång/tim",meter per sekund,2022-03-22T15:00:00Z,2022-03-22T16:00:00+01:00,1647961200000,,5.0,5.0,G,,corrected-archive-csv
162860,Luleå-Kallax Flygplats,21,Byvind,"max, 1 gång/tim",meter per sekund,2022-03-22T16:00:00Z,2022-03-22T17:00:00+01:00,1647964800000,,4.0,4.0,G,,corrected-archive-csv
162860,Luleå-Kallax Flygplats,21,Byvind,"max, 1 gång/tim",meter per sekund,2022-03-22T17:00:00Z,2022-03-22T18:00:00+01:00,1647968400000,,3.0,3.0,G,,corrected-archive-csv
162860,Luleå-Kallax Flygplats,21,Byvind,"max, 1 gång/tim",meter per sekund,2022-03-22T18:00:00Z,2022-03-22T19:00:00+01:00,1647972000000,,2.0,2.0,G,,corrected-archive-csv
162860,Luleå-Kallax Flygplats,21,Byvind,"max, 1 gång/tim",meter per sekund,2022-03-22T20:00:00Z,2022-03-22T21:00:00+01:00,1647979200000,,1.0,1.0,G,,corrected-archive-csv
162860,Luleå-Kallax Flygplats,21,Byvind,"max, 1 gång/tim",meter per sekund,2022-03-23T06:00:00Z,2022-03-23T07:00:00+01:00,1648015200000,,2.0,2.0,G,,corrected-archive-csv
162860,Luleå-Kallax Flygplats,21,Byvind,"max, 1 gång/tim",meter per sekund,2022-03-23T07:00:00Z,2022-03-23T08:00:00+01:00,1648018800000,,3.0,3.0,G,,corrected-archive-csv
162860,Luleå-Kallax Flygplats,21,Byvind,"max, 1 gång/tim",meter per sekund,2022-03-23T08:00:00Z,2022-03-23T09:00:00+01:00,1648022400000,,5.0,5.0,G,,corrected-archive-csv
162860,Luleå-Kallax Flygplats,21,Byvind,"max, 1 gång/tim",meter per sekund,2022-03-23T09:00:00Z,2022-03-23T10:00:00+01:00,1648026000000,,6.0,6.0,G,,corrected-archive-csv
162860,Luleå-Kallax Flygplats,21,Byvind,"max, 1 gång/tim",meter per sekund,2022-03-23T10:00:00Z,2022-03-23T11:00:00+01:00,1648029600000,,9.0,9.0,G,,corrected-archive-csv
162860,Luleå-Kallax Flygplats,21,Byvind,"max, 1 gång/tim",meter per sekund,2022-03-23T11:00:00Z,2022-03-23T12:00:00+01:00,1648033200000,,6.0,6.0,G,,corrected-archive-csv
162860,Luleå-Kallax Flygplats,21,Byvind,"max, 1 gång/tim",meter per sekund,2022-03-23T12:00:00Z,2022-03-23T13:00:00+01:00,1648036800000,,5.0,5.0,G,,corrected-archive-csv
162860,Luleå-Kallax Flygplats,21,Byvind,"max, 1 gång/tim",meter per sekund,2022-03-23T13:00:00Z,2022-03-23T14:00:00+01:00,1648040400000,,7.0,7.0,G,,corrected-archive-csv
162860,Luleå-Kallax Flygplats,21,Byvind,"max, 1 gång/tim",meter per sekund,2022-03-23T14:00:00Z,2022-03-23T15:00:00+01:00,1648044000000,,5.0,5.0,G,,corrected-archive-csv
162860,Luleå-Kallax Flygplats,21,Byvind,"max, 1 gång/tim",meter per sekund,2022-03-23T16:00:00Z,2022-03-23T17:00:00+01:00,1648051200000,,7.0,7.0,G,,corrected-archive-csv
162860,Luleå-Kallax Flygplats,21,Byvind,"max, 1 gång/tim",meter per sekund,2022-03-23T17:00:00Z,2022-03-23T18:00:00+01:00,1648054800000,,10.0,10.0,G,,corrected-archive-csv
162860,Luleå-Kallax Flygplats,21,Byvind,"max, 1 gång/tim",meter per sekund,2022-03-23T18:00:00Z,2022-03-23T19:00:00+01:00,1648058400000,,9.0,9.0,G,,corrected-archive-csv
162860,Luleå-Kallax Flygplats,21,Byvind,"max, 1 gång/tim",meter per sekund,2022-03-23T19:00:00Z,2022-03-23T20:00:00+01:00,1648062000000,,6.0,6.0,G,,corrected-archive-csv
162860,Luleå-Kallax Flygplats,21,Byvind,"max, 1 gång/tim",meter per sekund,2022-03-23T20:00:00Z,2022-03-23T21:00:00+01:00,1648065600000,,7.0,7.0,G,,corrected-archive-csv
162860,Luleå-Kallax Flygplats,21,Byvind,"max, 1 gång/tim",meter per sekund,2022-03-24T02:00:00Z,2022-03-24T03:00:00+01:00,1648087200000,,8.0,8.0,G,,corrected-archive-csv
162860,Luleå-Kallax Flygplats,21,Byvind,"max, 1 gång/tim",meter per sekund,2022-03-24T03:00:00Z,2022-03-24T04:00:00+01:00,1648090800000,,9.0,9.0,G,,corrected-archive-csv
162860,Luleå-Kallax Flygplats,21,Byvind,"max, 1 gång/tim",meter per sekund,2022-03-24T05:00:00Z,2022-03-24T06:00:00+01:00,1648098000000,,7.0,7.0,G,,corrected-archive-csv
162860,Luleå-Kallax Flygplats,21,Byvind,"max, 1 gång/tim",meter per sekund,2022-03-24T06:00:00Z,2022-03-24T07:00:00+01:00,1648101600000,,9.0,9.0,G,,corrected-archive-csv
162860,Luleå-Kallax Flygplats,21,Byvind,"max, 1 gång/tim",meter per sekund,2022-03-24T07:00:00Z,2022-03-24T08:00:00+01:00,1648105200000,,8.0,8.0,G,,corrected-archive-csv
162860,Luleå-Kallax Flygplats,21,Byvind,"max, 1 gång/tim",meter per sekund,2022-03-24T10:00:00Z,2022-03-24T11:00:00+01:00,1648116000000,,6.0,6.0,G,,corrected-archive-csv
162860,Luleå-Kallax Flygplats,21,Byvind,"max, 1 gång/tim",meter per sekund,2022-03-24T14:00:00Z,2022-03-24T15:00:00+01:00,1648130400000,,5.0,5.0,G,,corrected-archive-csv
162860,Luleå-Kallax Flygplats,21,Byvind,"max, 1 gång/tim",meter per sekund,2022-03-24T16:00:00Z,2022-03-24T17:00:00+01:00,1648137600000,,4.0,4.0,G,,corrected-archive-csv
162860,Luleå-Kallax Flygplats,21,Byvind,"max, 1 gång/tim",meter per sekund,2022-03-24T18:00:00Z,2022-03-24T19:00:00+01:00,1648144800000,,1.0,1.0,G,,corrected-archive-csv
162860,Luleå-Kallax Flygplats,21,Byvind,"max, 1 gång/tim",meter per sekund,2022-03-24T19:00:00Z,2022-03-24T20:00:00+01:00,1648148400000,,2.0,2.0,G,,corrected-archive-csv
162860,Luleå-Kallax Flygplats,21,Byvind,"max, 1 gång/tim",meter per sekund,2022-03-24T20:00:00Z,2022-03-24T21:00:00+01:00,1648152000000,,3.0,3.0,G,,corrected-archive-csv
162860,Luleå-Kallax Flygplats,21,Byvind,"max, 1 gång/tim",meter per sekund,2022-03-24T21:00:00Z,2022-03-24T22:00:00+01:00,1648155600000,,2.0,2.0,G,,corrected-archive-csv
162860,Luleå-Kallax Flygplats,21,Byvind,"max, 1 gång/tim",meter per sekund,2022-03-24T22:00:00Z,2022-03-24T23:00:00+01:00,1648159200000,,3.0,3.0,G,,corrected-archive-csv
162860,Luleå-Kallax Flygplats,21,Byvind,"max, 1 gång/tim",meter per sekund,2022-03-24T23:00:00Z,2022-03-25T00:00:00+01:00,1648162800000,,4.0,4.0,G,,corrected-archive-csv
162860,Luleå-Kallax Flygplats,21,Byvind,"max, 1 gång/tim",meter per sekund,2022-03-25T00:00:00Z,2022-03-25T01:00:00+01:00,1648166400000,,3.0,3.0,G,,corrected-archive-csv
162860,Luleå-Kallax Flygplats,21,Byvind,"max, 1 gång/tim",meter per sekund,2022-03-25T01:00:00Z,2022-03-25T02:00:00+01:00,1648170000000,,2.0,2.0,G,,corrected-archive-csv
162860,Luleå-Kallax Flygplats,21,Byvind,"max, 1 gång/tim",meter per sekund,2022-03-25T02:00:00Z,2022-03-25T03:00:00+01:00,1648173600000,,3.0,3.0,G,,corrected-archive-csv
162860,Luleå-Kallax Flygplats,21,Byvind,"max, 1 gång/tim",meter per sekund,2022-03-25T03:00:00Z,2022-03-25T04:00:00+01:00,1648177200000,,4.0,4.0,G,,corrected-archive-csv
162860,Luleå-Kallax Flygplats,21,Byvind,"max, 1 gång/tim",meter per sekund,2022-03-25T04:00:00Z,2022-03-25T05:00:00+01:00,1648180800000,,3.0,3.0,G,,corrected-archive-csv
162860,Luleå-Kallax Flygplats,21,Byvind,"max, 1 gång/tim",meter per sekund,2022-03-25T05:00:00Z,2022-03-25T06:00:00+01:00,1648184400000,,2.0,2.0,G,,corrected-archive-csv
162860,Luleå-Kallax Flygplats,21,Byvind,"max, 1 gång/tim",meter per sekund,2022-03-25T06:00:00Z,2022-03-25T07:00:00+01:00,1648188000000,,1.0,1.0,G,,corrected-archive-csv
162860,Luleå-Kallax Flygplats,21,Byvind,"max, 1 gång/tim",meter per sekund,2022-03-25T07:00:00Z,2022-03-25T08:00:00+01:00,1648191600000,,2.0,2.0,G,,corrected-archive-csv
162860,Luleå-Kallax Flygplats,21,Byvind,"max, 1 gång/tim",meter per sekund,2022-03-25T08:00:00Z,2022-03-25T09:00:00+01:00,1648195200000,,3.0,3.0,G,,corrected-archive-csv
162860,Luleå-Kallax Flygplats,21,Byvind,"max, 1 gång/tim",meter per sekund,2022-03-25T09:00:00Z,2022-03-25T10:00:00+01:00,1648198800000,,4.0,4.0,G,,corrected-archive-csv
162860,Luleå-Kallax Flygplats,21,Byvind,"max, 1 gång/tim",meter per sekund,2022-03-25T10:00:00Z,2022-03-25T11:00:00+01:00,1648202400000,,5.0,5.0,G,,corrected-archive-csv
162860,Luleå-Kallax Flygplats,21,Byvind,"max, 1 gång/tim",meter per sekund,2022-03-25T14:00:00Z,2022-03-25T15:00:00+01:00,1648216800000,,4.0,4.0,G,,corrected-archive-csv
162860,Luleå-Kallax Flygplats,21,Byvind,"max, 1 gång/tim",meter per sekund,2022-03-25T15:00:00Z,2022-03-25T16:00:00+01:00,1648220400000,,3.0,3.0,G,,corrected-archive-csv
162860,Luleå-Kallax Flygplats,21,Byvind,"max, 1 gång/tim",meter per sekund,2022-03-25T16:00:00Z,2022-03-25T17:00:00+01:00,1648224000000,,2.0,2.0,G,,corrected-archive-csv
162860,Luleå-Kallax Flygplats,21,Byvind,"max, 1 gång/tim",meter per sekund,2022-03-25T17:00:00Z,2022-03-25T18:00:00+01:00,1648227600000,,3.0,3.0,G,,corrected-archive-csv
162860,Luleå-Kallax Flygplats,21,Byvind,"max, 1 gång/tim",meter per sekund,2022-03-25T18:00:00Z,2022-03-25T19:00:00+01:00,1648231200000,,2.0,2.0,G,,corrected-archive-csv
162860,Luleå-Kallax Flygplats,21,Byvind,"max, 1 gång/tim",meter per sekund,2022-03-25T20:00:00Z,2022-03-25T21:00:00+01:00,1648238400000,,4.0,4.0,G,,corrected-archive-csv
162860,Luleå-Kallax Flygplats,21,Byvind,"max, 1 gång/tim",meter per sekund,2022-03-25T21:00:00Z,2022-03-25T22:00:00+01:00,1648242000000,,5.0,5.0,G,,corrected-archive-csv
162860,Luleå-Kallax Flygplats,21,Byvind,"max, 1 gång/tim",meter per sekund,2022-03-25T22:00:00Z,2022-03-25T23:00:00+01:00,1648245600000,,6.0,6.0,G,,corrected-archive-csv
162860,Luleå-Kallax Flygplats,21,Byvind,"max, 1 gång/tim",meter per sekund,2022-03-26T00:00:00Z,2022-03-26T01:00:00+01:00,1648252800000,,7.0,7.0,G,,corrected-archive-csv
162860,Luleå-Kallax Flygplats,21,Byvind,"max, 1 gång/tim",meter per sekund,2022-03-26T01:00:00Z,2022-03-26T02:00:00+01:00,1648256400000,,8.0,8.0,G,,corrected-archive-csv
162860,Luleå-Kallax Flygplats,21,Byvind,"max, 1 gång/tim",meter per sekund,2022-03-26T02:00:00Z,2022-03-26T03:00:00+01:00,1648260000000,,9.0,9.0,G,,corrected-archive-csv
162860,Luleå-Kallax Flygplats,21,Byvind,"max, 1 gång/tim",meter per sekund,2022-03-26T03:00:00Z,2022-03-26T04:00:00+01:00,1648263600000,,10.0,10.0,G,,corrected-archive-csv
162860,Luleå-Kallax Flygplats,21,Byvind,"max, 1 gång/tim",meter per sekund,2022-03-26T04:00:00Z,2022-03-26T05:00:00+01:00,1648267200000,,11.0,11.0,G,,corrected-archive-csv
162860,Luleå-Kallax Flygplats,21,Byvind,"max, 1 gång/tim",meter per sekund,2022-03-26T05:00:00Z,2022-03-26T06:00:00+01:00,1648270800000,,14.0,14.0,G,,corrected-archive-csv
162860,Luleå-Kallax Flygplats,21,Byvind,"max, 1 gång/tim",meter per sekund,2022-03-26T06:00:00Z,2022-03-26T07:00:00+01:00,1648274400000,,15.0,15.0,G,,corrected-archive-csv
162860,Luleå-Kallax Flygplats,21,Byvind,"max, 1 gång/tim",meter per sekund,2022-03-26T07:00:00Z,2022-03-26T08:00:00+01:00,1648278000000,,16.0,16.0,G,,corrected-archive-csv
162860,Luleå-Kallax Flygplats,21,Byvind,"max, 1 gång/tim",meter per sekund,2022-03-26T08:00:00Z,2022-03-26T09:00:00+01:00,1648281600000,,15.0,15.0,G,,corrected-archive-csv
162860,Luleå-Kallax Flygplats,21,Byvind,"max, 1 gång/tim",meter per sekund,2022-03-26T11:00:00Z,2022-03-26T12:00:00+01:00,1648292400000,,14.0,14.0,G,,corrected-archive-csv
162860,Luleå-Kallax Flygplats,21,Byvind,"max, 1 gång/tim",meter per sekund,2022-03-26T12:00:00Z,2022-03-26T13:00:00+01:00,1648296000000,,13.0,13.0,G,,corrected-archive-csv
162860,Luleå-Kallax Flygplats,21,Byvind,"max, 1 gång/tim",meter per sekund,2022-03-26T13:00:00Z,2022-03-26T14:00:00+01:00,1648299600000,,15.0,15.0,G,,corrected-archive-csv
162860,Luleå-Kallax Flygplats,21,Byvind,"max, 1 gång/tim",meter per sekund,2022-03-26T15:00:00Z,2022-03-26T16:00:00+01:00,1648306800000,,16.0,16.0,G,,corrected-archive-csv
162860,Luleå-Kallax Flygplats,21,Byvind,"max, 1 gång/tim",meter per sekund,2022-03-26T16:00:00Z,2022-03-26T17:00:00+01:00,1648310400000,,14.0,14.0,G,,corrected-archive-csv
162860,Luleå-Kallax Flygplats,21,Byvind,"max, 1 gång/tim",meter per sekund,2022-03-26T17:00:00Z,2022-03-26T18:00:00+01:00,1648314000000,,12.0,12.0,G,,corrected-archive-csv
162860,Luleå-Kallax Flygplats,21,Byvind,"max, 1 gång/tim",meter per sekund,2022-03-26T18:00:00Z,2022-03-26T19:00:00+01:00,1648317600000,,9.0,9.0,G,,corrected-archive-csv
162860,Luleå-Kallax Flygplats,21,Byvind,"max, 1 gång/tim",meter per sekund,2022-03-26T19:00:00Z,2022-03-26T20:00:00+01:00,1648321200000,,5.0,5.0,G,,corrected-archive-csv
162860,Luleå-Kallax Flygplats,21,Byvind,"max, 1 gång/tim",meter per sekund,2022-03-26T22:00:00Z,2022-03-26T23:00:00+01:00,1648332000000,,4.0,4.0,G,,corrected-archive-csv
162860,Luleå-Kallax Flygplats,21,Byvind,"max, 1 gång/tim",meter per sekund,2022-03-26T23:00:00Z,2022-03-27T00:00:00+01:00,1648335600000,,2.0,2.0,G,,corrected-archive-csv
162860,Luleå-Kallax Flygplats,21,Byvind,"max, 1 gång/tim",meter per sekund,2022-03-27T00:00:00Z,2022-03-27T01:00:00+01:00,1648339200000,,3.0,3.0,G,,corrected-archive-csv
162860,Luleå-Kallax Flygplats,21,Byvind,"max, 1 gång/tim",meter per sekund,2022-03-27T01:00:00Z,2022-03-27T03:00:00+02:00,1648342800000,,4.0,4.0,G,,corrected-archive-csv
162860,Luleå-Kallax Flygplats,21,Byvind,"max, 1 gång/tim",meter per sekund,2022-03-27T02:00:00Z,2022-03-27T04:00:00+02:00,1648346400000,,2.0,2.0,G,,corrected-archive-csv
162860,Luleå-Kallax Flygplats,21,Byvind,"max, 1 gång/tim",meter per sekund,2022-03-27T04:00:00Z,2022-03-27T06:00:00+02:00,1648353600000,,1.0,1.0,G,,corrected-archive-csv
162860,Luleå-Kallax Flygplats,21,Byvind,"max, 1 gång/tim",meter per sekund,2022-03-27T07:00:00Z,2022-03-27T09:00:00+02:00,1648364400000,,2.0,2.0,G,,corrected-archive-csv
162860,Luleå-Kallax Flygplats,21,Byvind,"max, 1 gång/tim",meter per sekund,2022-03-27T08:00:00Z,2022-03-27T10:00:00+02:00,1648368000000,,3.0,3.0,G,,corrected-archive-csv
162860,Luleå-Kallax Flygplats,21,Byvind,"max, 1 gång/tim",meter per sekund,2022-03-27T09:00:00Z,2022-03-27T11:00:00+02:00,1648371600000,,5.0,5.0,G,,corrected-archive-csv
162860,Luleå-Kallax Flygplats,21,Byvind,"max, 1 gång/tim",meter per sekund,2022-03-27T10:00:00Z,2022-03-27T12:00:00+02:00,1648375200000,,6.0,6.0,G,,corrected-archive-csv
162860,Luleå-Kallax Flygplats,21,Byvind,"max, 1 gång/tim",meter per sekund,2022-03-27T12:00:00Z,2022-03-27T14:00:00+02:00,1648382400000,,7.0,7.0,G,,corrected-archive-csv
162860,Luleå-Kallax Flygplats,21,Byvind,"max, 1 gång/tim",meter per sekund,2022-03-27T13:00:00Z,2022-03-27T15:00:00+02:00,1648386000000,,9.0,9.0,G,,corrected-archive-csv
162860,Luleå-Kallax Flygplats,21,Byvind,"max, 1 gång/tim",meter per sekund,2022-03-27T14:00:00Z,2022-03-27T16:00:00+02:00,1648389600000,,10.0,10.0,G,,corrected-archive-csv
162860,Luleå-Kallax Flygplats,21,Byvind,"max, 1 gång/tim",meter per sekund,2022-03-27T15:00:00Z,2022-03-27T17:00:00+02:00,1648393200000,,11.0,11.0,G,,corrected-archive-csv
162860,Luleå-Kallax Flygplats,21,Byvind,"max, 1 gång/tim",meter per sekund,2022-03-27T16:00:00Z,2022-03-27T18:00:00+02:00,1648396800000,,15.0,15.0,G,,corrected-archive-csv
162860,Luleå-Kallax Flygplats,21,Byvind,"max, 1 gång/tim",meter per sekund,2022-03-27T18:00:00Z,2022-03-27T20:00:00+02:00,1648404000000,,16.0,16.0,G,,corrected-archive-csv
162860,Luleå-Kallax Flygplats,21,Byvind,"max, 1 gång/tim",meter per sekund,2022-03-27T20:00:00Z,2022-03-27T22:00:00+02:00,1648411200000,,15.0,15.0,G,,corrected-archive-csv
162860,Luleå-Kallax Flygplats,21,Byvind,"max, 1 gång/tim",meter per sekund,2022-03-27T21:00:00Z,2022-03-27T23:00:00+02:00,1648414800000,,13.0,13.0,G,,corrected-archive-csv
162860,Luleå-Kallax Flygplats,21,Byvind,"max, 1 gång/tim",meter per sekund,2022-03-27T22:00:00Z,2022-03-28T00:00:00+02:00,1648418400000,,12.0,12.0,G,,corrected-archive-csv
162860,Luleå-Kallax Flygplats,21,Byvind,"max, 1 gång/tim",meter per sekund,2022-03-27T23:00:00Z,2022-03-28T01:00:00+02:00,1648422000000,,8.0,8.0,G,,corrected-archive-csv
162860,Luleå-Kallax Flygplats,21,Byvind,"max, 1 gång/tim",meter per sekund,2022-03-28T04:00:00Z,2022-03-28T06:00:00+02:00,1648440000000,,9.0,9.0,G,,corrected-archive-csv
162860,Luleå-Kallax Flygplats,21,Byvind,"max, 1 gång/tim",meter per sekund,2022-03-28T05:00:00Z,2022-03-28T07:00:00+02:00,1648443600000,,6.0,6.0,G,,corrected-archive-csv
162860,Luleå-Kallax Flygplats,21,Byvind,"max, 1 gång/tim",meter per sekund,2022-03-28T06:00:00Z,2022-03-28T08:00:00+02:00,1648447200000,,7.0,7.0,G,,corrected-archive-csv
162860,Luleå-Kallax Flygplats,21,Byvind,"max, 1 gång/tim",meter per sekund,2022-03-28T07:00:00Z,2022-03-28T09:00:00+02:00,1648450800000,,9.0,9.0,G,,corrected-archive-csv
162860,Luleå-Kallax Flygplats,21,Byvind,"max, 1 gång/tim",meter per sekund,2022-03-28T08:00:00Z,2022-03-28T10:00:00+02:00,1648454400000,,8.0,8.0,G,,corrected-archive-csv
162860,Luleå-Kallax Flygplats,21,Byvind,"max, 1 gång/tim",meter per sekund,2022-03-28T10:00:00Z,2022-03-28T12:00:00+02:00,1648461600000,,10.0,10.0,G,,corrected-archive-csv
162860,Luleå-Kallax Flygplats,21,Byvind,"max, 1 gång/tim",meter per sekund,2022-03-28T11:00:00Z,2022-03-28T13:00:00+02:00,1648465200000,,9.0,9.0,G,,corrected-archive-csv
162860,Luleå-Kallax Flygplats,21,Byvind,"max, 1 gång/tim",meter per sekund,2022-03-28T12:00:00Z,2022-03-28T14:00:00+02:00,1648468800000,,10.0,10.0,G,,corrected-archive-csv
162860,Luleå-Kallax Flygplats,21,Byvind,"max, 1 gång/tim",meter per sekund,2022-03-28T14:00:00Z,2022-03-28T16:00:00+02:00,1648476000000,,9.0,9.0,G,,corrected-archive-csv
162860,Luleå-Kallax Flygplats,21,Byvind,"max, 1 gång/tim",meter per sekund,2022-03-28T15:00:00Z,2022-03-28T17:00:00+02:00,1648479600000,,8.0,8.0,G,,corrected-archive-csv
162860,Luleå-Kallax Flygplats,21,Byvind,"max, 1 gång/tim",meter per sekund,2022-03-28T16:00:00Z,2022-03-28T18:00:00+02:00,1648483200000,,9.0,9.0,G,,corrected-archive-csv
162860,Luleå-Kallax Flygplats,21,Byvind,"max, 1 gång/tim",meter per sekund,2022-03-28T17:00:00Z,2022-03-28T19:00:00+02:00,1648486800000,,7.0,7.0,G,,corrected-archive-csv
162860,Luleå-Kallax Flygplats,21,Byvind,"max, 1 gång/tim",meter per sekund,2022-03-28T18:00:00Z,2022-03-28T20:00:00+02:00,1648490400000,,6.0,6.0,G,,corrected-archive-csv
162860,Luleå-Kallax Flygplats,21,Byvind,"max, 1 gång/tim",meter per sekund,2022-03-28T19:00:00Z,2022-03-28T21:00:00+02:00,1648494000000,,7.0,7.0,G,,corrected-archive-csv
162860,Luleå-Kallax Flygplats,21,Byvind,"max, 1 gång/tim",meter per sekund,2022-03-28T20:00:00Z,2022-03-28T22:00:00+02:00,1648497600000,,6.0,6.0,G,,corrected-archive-csv
162860,Luleå-Kallax Flygplats,21,Byvind,"max, 1 gång/tim",meter per sekund,2022-03-28T22:00:00Z,2022-03-29T00:00:00+02:00,1648504800000,,7.0,7.0,G,,corrected-archive-csv
162860,Luleå-Kallax Flygplats,21,Byvind,"max, 1 gång/tim",meter per sekund,2022-03-29T00:00:00Z,2022-03-29T02:00:00+02:00,1648512000000,,8.0,8.0,G,,corrected-archive-csv
162860,Luleå-Kallax Flygplats,21,Byvind,"max, 1 gång/tim",meter per sekund,2022-03-29T01:00:00Z,2022-03-29T03:00:00+02:00,1648515600000,,9.0,9.0,G,,corrected-archive-csv
162860,Luleå-Kallax Flygplats,21,Byvind,"max, 1 gång/tim",meter per sekund,2022-03-29T03:00:00Z,2022-03-29T05:00:00+02:00,1648522800000,,8.0,8.0,G,,corrected-archive-csv
162860,Luleå-Kallax Flygplats,21,Byvind,"max, 1 gång/tim",meter per sekund,2022-03-29T04:00:00Z,2022-03-29T06:00:00+02:00,1648526400000,,9.0,9.0,G,,corrected-archive-csv
162860,Luleå-Kallax Flygplats,21,Byvind,"max, 1 gång/tim",meter per sekund,2022-03-29T07:00:00Z,2022-03-29T09:00:00+02:00,1648537200000,,11.0,11.0,G,,corrected-archive-csv
162860,Luleå-Kallax Flygplats,21,Byvind,"max, 1 gång/tim",meter per sekund,2022-03-29T08:00:00Z,2022-03-29T10:00:00+02:00,1648540800000,,12.0,12.0,G,,corrected-archive-csv
162860,Luleå-Kallax Flygplats,21,Byvind,"max, 1 gång/tim",meter per sekund,2022-03-29T10:00:00Z,2022-03-29T12:00:00+02:00,1648548000000,,11.0,11.0,G,,corrected-archive-csv
162860,Luleå-Kallax Flygplats,21,Byvind,"max, 1 gång/tim",meter per sekund,2022-03-29T11:00:00Z,2022-03-29T13:00:00+02:00,1648551600000,,10.0,10.0,G,,corrected-archive-csv
162860,Luleå-Kallax Flygplats,21,Byvind,"max, 1 gång/tim",meter per sekund,2022-03-29T12:00:00Z,2022-03-29T14:00:00+02:00,1648555200000,,11.0,11.0,G,,corrected-archive-csv
162860,Luleå-Kallax Flygplats,21,Byvind,"max, 1 gång/tim",meter per sekund,2022-03-29T14:00:00Z,2022-03-29T16:00:00+02:00,1648562400000,,14.0,14.0,G,,corrected-archive-csv
162860,Luleå-Kallax Flygplats,21,Byvind,"max, 1 gång/tim",meter per sekund,2022-03-29T15:00:00Z,2022-03-29T17:00:00+02:00,1648566000000,,13.0,13.0,G,,corrected-archive-csv
162860,Luleå-Kallax Flygplats,21,Byvind,"max, 1 gång/tim",meter per sekund,2022-03-29T16:00:00Z,2022-03-29T18:00:00+02:00,1648569600000,,10.0,10.0,G,,corrected-archive-csv
162860,Luleå-Kallax Flygplats,21,Byvind,"max, 1 gång/tim",meter per sekund,2022-03-29T17:00:00Z,2022-03-29T19:00:00+02:00,1648573200000,,11.0,11.0,G,,corrected-archive-csv
162860,Luleå-Kallax Flygplats,21,Byvind,"max, 1 gång/tim",meter per sekund,2022-03-29T19:00:00Z,2022-03-29T21:00:00+02:00,1648580400000,,10.0,10.0,G,,corrected-archive-csv
162860,Luleå-Kallax Flygplats,21,Byvind,"max, 1 gång/tim",meter per sekund,2022-03-29T21:00:00Z,2022-03-29T23:00:00+02:00,1648587600000,,9.0,9.0,G,,corrected-archive-csv
162860,Luleå-Kallax Flygplats,21,Byvind,"max, 1 gång/tim",meter per sekund,2022-03-29T22:00:00Z,2022-03-30T00:00:00+02:00,1648591200000,,10.0,10.0,G,,corrected-archive-csv
162860,Luleå-Kallax Flygplats,21,Byvind,"max, 1 gång/tim",meter per sekund,2022-03-29T23:00:00Z,2022-03-30T01:00:00+02:00,1648594800000,,11.0,11.0,G,,corrected-archive-csv
162860,Luleå-Kallax Flygplats,21,Byvind,"max, 1 gång/tim",meter per sekund,2022-03-30T00:00:00Z,2022-03-30T02:00:00+02:00,1648598400000,,10.0,10.0,G,,corrected-archive-csv
162860,Luleå-Kallax Flygplats,21,Byvind,"max, 1 gång/tim",meter per sekund,2022-03-30T02:00:00Z,2022-03-30T04:00:00+02:00,1648605600000,,11.0,11.0,G,,corrected-archive-csv
162860,Luleå-Kallax Flygplats,21,Byvind,"max, 1 gång/tim",meter per sekund,2022-03-30T03:00:00Z,2022-03-30T05:00:00+02:00,1648609200000,,10.0,10.0,G,,corrected-archive-csv
162860,Luleå-Kallax Flygplats,21,Byvind,"max, 1 gång/tim",meter per sekund,2022-03-30T04:00:00Z,2022-03-30T06:00:00+02:00,1648612800000,,11.0,11.0,G,,corrected-archive-csv
162860,Luleå-Kallax Flygplats,21,Byvind,"max, 1 gång/tim",meter per sekund,2022-03-30T06:00:00Z,2022-03-30T08:00:00+02:00,1648620000000,,9.0,9.0,G,,corrected-archive-csv
162860,Luleå-Kallax Flygplats,21,Byvind,"max, 1 gång/tim",meter per sekund,2022-03-30T07:00:00Z,2022-03-30T09:00:00+02:00,1648623600000,,11.0,11.0,G,,corrected-archive-csv
162860,Luleå-Kallax Flygplats,21,Byvind,"max, 1 gång/tim",meter per sekund,2022-03-30T10:00:00Z,2022-03-30T12:00:00+02:00,1648634400000,,12.0,12.0,G,,corrected-archive-csv
162860,Luleå-Kallax Flygplats,21,Byvind,"max, 1 gång/tim",meter per sekund,2022-03-30T11:00:00Z,2022-03-30T13:00:00+02:00,1648638000000,,11.0,11.0,G,,corrected-archive-csv
162860,Luleå-Kallax Flygplats,21,Byvind,"max, 1 gång/tim",meter per sekund,2022-03-30T12:00:00Z,2022-03-30T14:00:00+02:00,1648641600000,,12.0,12.0,G,,corrected-archive-csv
162860,Luleå-Kallax Flygplats,21,Byvind,"max, 1 gång/tim",meter per sekund,2022-03-30T13:00:00Z,2022-03-30T15:00:00+02:00,1648645200000,,17.0,17.0,G,,corrected-archive-csv
162860,Luleå-Kallax Flygplats,21,Byvind,"max, 1 gång/tim",meter per sekund,2022-03-30T15:00:00Z,2022-03-30T17:00:00+02:00,1648652400000,,12.0,12.0,G,,corrected-archive-csv
162860,Luleå-Kallax Flygplats,21,Byvind,"max, 1 gång/tim",meter per sekund,2022-03-30T16:00:00Z,2022-03-30T18:00:00+02:00,1648656000000,,9.0,9.0,G,,corrected-archive-csv
162860,Luleå-Kallax Flygplats,21,Byvind,"max, 1 gång/tim",meter per sekund,2022-03-30T17:00:00Z,2022-03-30T19:00:00+02:00,1648659600000,,8.0,8.0,G,,corrected-archive-csv
162860,Luleå-Kallax Flygplats,21,Byvind,"max, 1 gång/tim",meter per sekund,2022-03-30T18:00:00Z,2022-03-30T20:00:00+02:00,1648663200000,,10.0,10.0,G,,corrected-archive-csv
162860,Luleå-Kallax Flygplats,21,Byvind,"max, 1 gång/tim",meter per sekund,2022-03-30T19:00:00Z,2022-03-30T21:00:00+02:00,1648666800000,,7.0,7.0,G,,corrected-archive-csv
162860,Luleå-Kallax Flygplats,21,Byvind,"max, 1 gång/tim",meter per sekund,2022-03-30T20:00:00Z,2022-03-30T22:00:00+02:00,1648670400000,,8.0,8.0,G,,corrected-archive-csv
162860,Luleå-Kallax Flygplats,21,Byvind,"max, 1 gång/tim",meter per sekund,2022-03-30T23:00:00Z,2022-03-31T01:00:00+02:00,1648681200000,,8.0,8.0,G,,corrected-archive-csv
162860,Luleå-Kallax Flygplats,21,Byvind,"max, 1 gång/tim",meter per sekund,2022-03-31T02:00:00Z,2022-03-31T04:00:00+02:00,1648692000000,,9.0,9.0,G,,corrected-archive-csv
162860,Luleå-Kallax Flygplats,21,Byvind,"max, 1 gång/tim",meter per sekund,2022-03-31T03:00:00Z,2022-03-31T05:00:00+02:00,1648695600000,,8.0,8.0,G,,corrected-archive-csv
162860,Luleå-Kallax Flygplats,21,Byvind,"max, 1 gång/tim",meter per sekund,2022-03-31T05:00:00Z,2022-03-31T07:00:00+02:00,1648702800000,,7.0,7.0,G,,corrected-archive-csv
162860,Luleå-Kallax Flygplats,21,Byvind,"max, 1 gång/tim",meter per sekund,2022-03-31T06:00:00Z,2022-03-31T08:00:00+02:00,1648706400000,,9.0,9.0,G,,corrected-archive-csv
162860,Luleå-Kallax Flygplats,21,Byvind,"max, 1 gång/tim",meter per sekund,2022-03-31T07:00:00Z,2022-03-31T09:00:00+02:00,1648710000000,,8.0,8.0,G,,corrected-archive-csv
162860,Luleå-Kallax Flygplats,21,Byvind,"max, 1 gång/tim",meter per sekund,2022-03-31T08:00:00Z,2022-03-31T10:00:00+02:00,1648713600000,,7.0,7.0,G,,corrected-archive-csv
162860,Luleå-Kallax Flygplats,21,Byvind,"max, 1 gång/tim",meter per sekund,2022-03-31T11:00:00Z,2022-03-31T13:00:00+02:00,1648724400000,,6.0,6.0,G,,corrected-archive-csv
162860,Luleå-Kallax Flygplats,21,Byvind,"max, 1 gång/tim",meter per sekund,2022-03-31T12:00:00Z,2022-03-31T14:00:00+02:00,1648728000000,,7.0,7.0,G,,corrected-archive-csv
162860,Luleå-Kallax Flygplats,21,Byvind,"max, 1 gång/tim",meter per sekund,2022-03-31T13:00:00Z,2022-03-31T15:00:00+02:00,1648731600000,,8.0,8.0,G,,corrected-archive-csv
162860,Luleå-Kallax Flygplats,21,Byvind,"max, 1 gång/tim",meter per sekund,2022-03-31T15:00:00Z,2022-03-31T17:00:00+02:00,1648738800000,,5.0,5.0,G,,corrected-archive-csv
162860,Luleå-Kallax Flygplats,21,Byvind,"max, 1 gång/tim",meter per sekund,2022-03-31T16:00:00Z,2022-03-31T18:00:00+02:00,1648742400000,,3.0,3.0,G,,corrected-archive-csv
162860,Luleå-Kallax Flygplats,21,Byvind,"max, 1 gång/tim",meter per sekund,2022-03-31T18:00:00Z,2022-03-31T20:00:00+02:00,1648749600000,,4.0,4.0,G,,corrected-archive-csv
162860,Luleå-Kallax Flygplats,21,Byvind,"max, 1 gång/tim",meter per sekund,2022-03-31T21:00:00Z,2022-03-31T23:00:00+02:00,1648760400000,,3.0,3.0,G,,corrected-archive-csv
162860,Luleå-Kallax Flygplats,21,Byvind,"max, 1 gång/tim",meter per sekund,2022-04-01T03:00:00Z,2022-04-01T05:00:00+02:00,1648782000000,,4.0,4.0,G,,corrected-archive-csv
162860,Luleå-Kallax Flygplats,21,Byvind,"max, 1 gång/tim",meter per sekund,2022-04-01T04:00:00Z,2022-04-01T06:00:00+02:00,1648785600000,,3.0,3.0,G,,corrected-archive-csv
162860,Luleå-Kallax Flygplats,21,Byvind,"max, 1 gång/tim",meter per sekund,2022-04-01T05:00:00Z,2022-04-01T07:00:00+02:00,1648789200000,,4.0,4.0,G,,corrected-archive-csv
162860,Luleå-Kallax Flygplats,21,Byvind,"max, 1 gång/tim",meter per sekund,2022-04-01T08:00:00Z,2022-04-01T10:00:00+02:00,1648800000000,,3.0,3.0,G,,corrected-archive-csv
162860,Luleå-Kallax Flygplats,21,Byvind,"max, 1 gång/tim",meter per sekund,2022-04-01T11:00:00Z,2022-04-01T13:00:00+02:00,1648810800000,,6.0,6.0,G,,corrected-archive-csv
162860,Luleå-Kallax Flygplats,21,Byvind,"max, 1 gång/tim",meter per sekund,2022-04-01T13:00:00Z,2022-04-01T15:00:00+02:00,1648818000000,,7.0,7.0,G,,corrected-archive-csv
162860,Luleå-Kallax Flygplats,21,Byvind,"max, 1 gång/tim",meter per sekund,2022-04-01T14:00:00Z,2022-04-01T16:00:00+02:00,1648821600000,,8.0,8.0,G,,corrected-archive-csv
162860,Luleå-Kallax Flygplats,21,Byvind,"max, 1 gång/tim",meter per sekund,2022-04-01T15:00:00Z,2022-04-01T17:00:00+02:00,1648825200000,,7.0,7.0,G,,corrected-archive-csv
162860,Luleå-Kallax Flygplats,21,Byvind,"max, 1 gång/tim",meter per sekund,2022-04-01T17:00:00Z,2022-04-01T19:00:00+02:00,1648832400000,,6.0,6.0,G,,corrected-archive-csv
162860,Luleå-Kallax Flygplats,21,Byvind,"max, 1 gång/tim",meter per sekund,2022-04-01T18:00:00Z,2022-04-01T20:00:00+02:00,1648836000000,,5.0,5.0,G,,corrected-archive-csv
162860,Luleå-Kallax Flygplats,21,Byvind,"max, 1 gång/tim",meter per sekund,2022-04-01T19:00:00Z,2022-04-01T21:00:00+02:00,1648839600000,,4.0,4.0,G,,corrected-archive-csv
162860,Luleå-Kallax Flygplats,21,Byvind,"max, 1 gång/tim",meter per sekund,2022-04-01T21:00:00Z,2022-04-01T23:00:00+02:00,1648846800000,,2.0,2.0,G,,corrected-archive-csv
162860,Luleå-Kallax Flygplats,21,Byvind,"max, 1 gång/tim",meter per sekund,2022-04-01T22:00:00Z,2022-04-02T00:00:00+02:00,1648850400000,,3.0,3.0,G,,corrected-archive-csv
162860,Luleå-Kallax Flygplats,21,Byvind,"max, 1 gång/tim",meter per sekund,2022-04-01T23:00:00Z,2022-04-02T01:00:00+02:00,1648854000000,,2.0,2.0,G,,corrected-archive-csv
162860,Luleå-Kallax Flygplats,21,Byvind,"max, 1 gång/tim",meter per sekund,2022-04-02T01:00:00Z,2022-04-02T03:00:00+02:00,1648861200000,,4.0,4.0,G,,corrected-archive-csv
162860,Luleå-Kallax Flygplats,21,Byvind,"max, 1 gång/tim",meter per sekund,2022-04-02T02:00:00Z,2022-04-02T04:00:00+02:00,1648864800000,,3.0,3.0,G,,corrected-archive-csv
162860,Luleå-Kallax Flygplats,21,Byvind,"max, 1 gång/tim",meter per sekund,2022-04-02T03:00:00Z,2022-04-02T05:00:00+02:00,1648868400000,,4.0,4.0,G,,corrected-archive-csv
162860,Luleå-Kallax Flygplats,21,Byvind,"max, 1 gång/tim",meter per sekund,2022-04-02T05:00:00Z,2022-04-02T07:00:00+02:00,1648875600000,,5.0,5.0,G,,corrected-archive-csv
162860,Luleå-Kallax Flygplats,21,Byvind,"max, 1 gång/tim",meter per sekund,2022-04-02T06:00:00Z,2022-04-02T08:00:00+02:00,1648879200000,,6.0,6.0,G,,corrected-archive-csv
162860,Luleå-Kallax Flygplats,21,Byvind,"max, 1 gång/tim",meter per sekund,2022-04-02T10:00:00Z,2022-04-02T12:00:00+02:00,1648893600000,,5.0,5.0,G,,corrected-archive-csv
162860,Luleå-Kallax Flygplats,21,Byvind,"max, 1 gång/tim",meter per sekund,2022-04-02T11:00:00Z,2022-04-02T13:00:00+02:00,1648897200000,,9.0,9.0,G,,corrected-archive-csv
162860,Luleå-Kallax Flygplats,21,Byvind,"max, 1 gång/tim",meter per sekund,2022-04-02T12:00:00Z,2022-04-02T14:00:00+02:00,1648900800000,,10.0,10.0,G,,corrected-archive-csv
162860,Luleå-Kallax Flygplats,21,Byvind,"max, 1 gång/tim",meter per sekund,2022-04-02T13:00:00Z,2022-04-02T15:00:00+02:00,1648904400000,,8.0,8.0,G,,corrected-archive-csv
162860,Luleå-Kallax Flygplats,21,Byvind,"max, 1 gång/tim",meter per sekund,2022-04-02T14:00:00Z,2022-04-02T16:00:00+02:00,1648908000000,,9.0,9.0,G,,corrected-archive-csv
162860,Luleå-Kallax Flygplats,21,Byvind,"max, 1 gång/tim",meter per sekund,2022-04-02T17:00:00Z,2022-04-02T19:00:00+02:00,1648918800000,,8.0,8.0,G,,corrected-archive-csv
162860,Luleå-Kallax Flygplats,21,Byvind,"max, 1 gång/tim",meter per sekund,2022-04-02T18:00:00Z,2022-04-02T20:00:00+02:00,1648922400000,,6.0,6.0,G,,corrected-archive-csv
162860,Luleå-Kallax Flygplats,21,Byvind,"max, 1 gång/tim",meter per sekund,2022-04-02T19:00:00Z,2022-04-02T21:00:00+02:00,1648926000000,,7.0,7.0,G,,corrected-archive-csv
162860,Luleå-Kallax Flygplats,21,Byvind,"max, 1 gång/tim",meter per sekund,2022-04-02T20:00:00Z,2022-04-02T22:00:00+02:00,1648929600000,,8.0,8.0,G,,corrected-archive-csv
162860,Luleå-Kallax Flygplats,21,Byvind,"max, 1 gång/tim",meter per sekund,2022-04-02T23:00:00Z,2022-04-03T01:00:00+02:00,1648940400000,,6.0,6.0,G,,corrected-archive-csv
162860,Luleå-Kallax Flygplats,21,Byvind,"max, 1 gång/tim",meter per sekund,2022-04-03T00:00:00Z,2022-04-03T02:00:00+02:00,1648944000000,,7.0,7.0,G,,corrected-archive-csv
162860,Luleå-Kallax Flygplats,21,Byvind,"max, 1 gång/tim",meter per sekund,2022-04-03T01:00:00Z,2022-04-03T03:00:00+02:00,1648947600000,,5.0,5.0,G,,corrected-archive-csv
162860,Luleå-Kallax Flygplats,21,Byvind,"max, 1 gång/tim",meter per sekund,2022-04-03T02:00:00Z,2022-04-03T04:00:00+02:00,1648951200000,,6.0,6.0,G,,corrected-archive-csv
162860,Luleå-Kallax Flygplats,21,Byvind,"max, 1 gång/tim",meter per sekund,2022-04-03T03:00:00Z,2022-04-03T05:00:00+02:00,1648954800000,,5.0,5.0,G,,corrected-archive-csv
162860,Luleå-Kallax Flygplats,21,Byvind,"max, 1 gång/tim",meter per sekund,2022-04-03T04:00:00Z,2022-04-03T06:00:00+02:00,1648958400000,,3.0,3.0,G,,corrected-archive-csv
162860,Luleå-Kallax Flygplats,21,Byvind,"max, 1 gång/tim",meter per sekund,2022-04-03T06:00:00Z,2022-04-03T08:00:00+02:00,1648965600000,,7.0,7.0,G,,corrected-archive-csv
162860,Luleå-Kallax Flygplats,21,Byvind,"max, 1 gång/tim",meter per sekund,2022-04-03T07:00:00Z,2022-04-03T09:00:00+02:00,1648969200000,,6.0,6.0,G,,corrected-archive-csv
162860,Luleå-Kallax Flygplats,21,Byvind,"max, 1 gång/tim",meter per sekund,2022-04-03T08:00:00Z,2022-04-03T10:00:00+02:00,1648972800000,,5.0,5.0,G,,corrected-archive-csv
162860,Luleå-Kallax Flygplats,21,Byvind,"max, 1 gång/tim",meter per sekund,2022-04-03T10:00:00Z,2022-04-03T12:00:00+02:00,1648980000000,,4.0,4.0,G,,corrected-archive-csv
162860,Luleå-Kallax Flygplats,21,Byvind,"max, 1 gång/tim",meter per sekund,2022-04-03T12:00:00Z,2022-04-03T14:00:00+02:00,1648987200000,,6.0,6.0,G,,corrected-archive-csv
162860,Luleå-Kallax Flygplats,21,Byvind,"max, 1 gång/tim",meter per sekund,2022-04-03T14:00:00Z,2022-04-03T16:00:00+02:00,1648994400000,,5.0,5.0,G,,corrected-archive-csv
162860,Luleå-Kallax Flygplats,21,Byvind,"max, 1 gång/tim",meter per sekund,2022-04-03T15:00:00Z,2022-04-03T17:00:00+02:00,1648998000000,,6.0,6.0,G,,corrected-archive-csv
162860,Luleå-Kallax Flygplats,21,Byvind,"max, 1 gång/tim",meter per sekund,2022-04-03T16:00:00Z,2022-04-03T18:00:00+02:00,1649001600000,,4.0,4.0,G,,corrected-archive-csv
162860,Luleå-Kallax Flygplats,21,Byvind,"max, 1 gång/tim",meter per sekund,2022-04-03T18:00:00Z,2022-04-03T20:00:00+02:00,1649008800000,,3.0,3.0,G,,corrected-archive-csv
162860,Luleå-Kallax Flygplats,21,Byvind,"max, 1 gång/tim",meter per sekund,2022-04-03T19:00:00Z,2022-04-03T21:00:00+02:00,1649012400000,,2.0,2.0,G,,corrected-archive-csv
162860,Luleå-Kallax Flygplats,21,Byvind,"max, 1 gång/tim",meter per sekund,2022-04-03T21:00:00Z,2022-04-03T23:00:00+02:00,1649019600000,,4.0,4.0,G,,corrected-archive-csv
162860,Luleå-Kallax Flygplats,21,Byvind,"max, 1 gång/tim",meter per sekund,2022-04-04T01:00:00Z,2022-04-04T03:00:00+02:00,1649034000000,,5.0,5.0,G,,corrected-archive-csv
162860,Luleå-Kallax Flygplats,21,Byvind,"max, 1 gång/tim",meter per sekund,2022-04-04T05:00:00Z,2022-04-04T07:00:00+02:00,1649048400000,,6.0,6.0,G,,corrected-archive-csv
162860,Luleå-Kallax Flygplats,21,Byvind,"max, 1 gång/tim",meter per sekund,2022-04-04T14:00:00Z,2022-04-04T16:00:00+02:00,1649080800000,,5.0,5.0,G,,corrected-archive-csv
162860,Luleå-Kallax Flygplats,21,Byvind,"max, 1 gång/tim",meter per sekund,2022-04-04T15:00:00Z,2022-04-04T17:00:00+02:00,1649084400000,,4.0,4.0,G,,corrected-archive-csv
162860,Luleå-Kallax Flygplats,21,Byvind,"max, 1 gång/tim",meter per sekund,2022-04-04T19:00:00Z,2022-04-04T21:00:00+02:00,1649098800000,,5.0,5.0,G,,corrected-archive-csv
162860,Luleå-Kallax Flygplats,21,Byvind,"max, 1 gång/tim",meter per sekund,2022-04-04T21:00:00Z,2022-04-04T23:00:00+02:00,1649106000000,,6.0,6.0,G,,corrected-archive-csv
162860,Luleå-Kallax Flygplats,21,Byvind,"max, 1 gång/tim",meter per sekund,2022-04-04T22:00:00Z,2022-04-05T00:00:00+02:00,1649109600000,,7.0,7.0,G,,corrected-archive-csv
162860,Luleå-Kallax Flygplats,21,Byvind,"max, 1 gång/tim",meter per sekund,2022-04-04T23:00:00Z,2022-04-05T01:00:00+02:00,1649113200000,,9.0,9.0,G,,corrected-archive-csv
162860,Luleå-Kallax Flygplats,21,Byvind,"max, 1 gång/tim",meter per sekund,2022-04-05T02:00:00Z,2022-04-05T04:00:00+02:00,1649124000000,,10.0,10.0,G,,corrected-archive-csv
162860,Luleå-Kallax Flygplats,21,Byvind,"max, 1 gång/tim",meter per sekund,2022-04-05T03:00:00Z,2022-04-05T05:00:00+02:00,1649127600000,,11.0,11.0,G,,corrected-archive-csv
162860,Luleå-Kallax Flygplats,21,Byvind,"max, 1 gång/tim",meter per sekund,2022-04-05T04:00:00Z,2022-04-05T06:00:00+02:00,1649131200000,,10.0,10.0,G,,corrected-archive-csv
162860,Luleå-Kallax Flygplats,21,Byvind,"max, 1 gång/tim",meter per sekund,2022-04-05T05:00:00Z,2022-04-05T07:00:00+02:00,1649134800000,,12.0,12.0,G,,corrected-archive-csv
162860,Luleå-Kallax Flygplats,21,Byvind,"max, 1 gång/tim",meter per sekund,2022-04-05T07:00:00Z,2022-04-05T09:00:00+02:00,1649142000000,,11.0,11.0,G,,corrected-archive-csv
162860,Luleå-Kallax Flygplats,21,Byvind,"max, 1 gång/tim",meter per sekund,2022-04-05T08:00:00Z,2022-04-05T10:00:00+02:00,1649145600000,,12.0,12.0,G,,corrected-archive-csv
162860,Luleå-Kallax Flygplats,21,Byvind,"max, 1 gång/tim",meter per sekund,2022-04-05T09:00:00Z,2022-04-05T11:00:00+02:00,1649149200000,,13.0,13.0,G,,corrected-archive-csv
162860,Luleå-Kallax Flygplats,21,Byvind,"max, 1 gång/tim",meter per sekund,2022-04-05T11:00:00Z,2022-04-05T13:00:00+02:00,1649156400000,,11.0,11.0,G,,corrected-archive-csv
162860,Luleå-Kallax Flygplats,21,Byvind,"max, 1 gång/tim",meter per sekund,2022-04-05T13:00:00Z,2022-04-05T15:00:00+02:00,1649163600000,,10.0,10.0,G,,corrected-archive-csv
162860,Luleå-Kallax Flygplats,21,Byvind,"max, 1 gång/tim",meter per sekund,2022-04-05T15:00:00Z,2022-04-05T17:00:00+02:00,1649170800000,,9.0,9.0,G,,corrected-archive-csv
162860,Luleå-Kallax Flygplats,21,Byvind,"max, 1 gång/tim",meter per sekund,2022-04-05T19:00:00Z,2022-04-05T21:00:00+02:00,1649185200000,,7.0,7.0,G,,corrected-archive-csv
162860,Luleå-Kallax Flygplats,21,Byvind,"max, 1 gång/tim",meter per sekund,2022-04-05T20:00:00Z,2022-04-05T22:00:00+02:00,1649188800000,,6.0,6.0,G,,corrected-archive-csv
162860,Luleå-Kallax Flygplats,21,Byvind,"max, 1 gång/tim",meter per sekund,2022-04-05T21:00:00Z,2022-04-05T23:00:00+02:00,1649192400000,,7.0,7.0,G,,corrected-archive-csv
162860,Luleå-Kallax Flygplats,21,Byvind,"max, 1 gång/tim",meter per sekund,2022-04-05T22:00:00Z,2022-04-06T00:00:00+02:00,1649196000000,,8.0,8.0,G,,corrected-archive-csv
162860,Luleå-Kallax Flygplats,21,Byvind,"max, 1 gång/tim",meter per sekund,2022-04-06T00:00:00Z,2022-04-06T02:00:00+02:00,1649203200000,,6.0,6.0,G,,corrected-archive-csv
162860,Luleå-Kallax Flygplats,21,Byvind,"max, 1 gång/tim",meter per sekund,2022-04-06T01:00:00Z,2022-04-06T03:00:00+02:00,1649206800000,,7.0,7.0,G,,corrected-archive-csv
162860,Luleå-Kallax Flygplats,21,Byvind,"max, 1 gång/tim",meter per sekund,2022-04-06T03:00:00Z,2022-04-06T05:00:00+02:00,1649214000000,,8.0,8.0,G,,corrected-archive-csv
162860,Luleå-Kallax Flygplats,21,Byvind,"max, 1 gång/tim",meter per sekund,2022-04-06T04:00:00Z,2022-04-06T06:00:00+02:00,1649217600000,,7.0,7.0,G,,corrected-archive-csv
162860,Luleå-Kallax Flygplats,21,Byvind,"max, 1 gång/tim",meter per sekund,2022-04-06T06:00:00Z,2022-04-06T08:00:00+02:00,1649224800000,,8.0,8.0,G,,corrected-archive-csv
162860,Luleå-Kallax Flygplats,21,Byvind,"max, 1 gång/tim",meter per sekund,2022-04-06T07:00:00Z,2022-04-06T09:00:00+02:00,1649228400000,,9.0,9.0,G,,corrected-archive-csv
162860,Luleå-Kallax Flygplats,21,Byvind,"max, 1 gång/tim",meter per sekund,2022-04-06T08:00:00Z,2022-04-06T10:00:00+02:00,1649232000000,,7.0,7.0,G,,corrected-archive-csv
162860,Luleå-Kallax Flygplats,21,Byvind,"max, 1 gång/tim",meter per sekund,2022-04-06T09:00:00Z,2022-04-06T11:00:00+02:00,1649235600000,,5.0,5.0,G,,corrected-archive-csv
162860,Luleå-Kallax Flygplats,21,Byvind,"max, 1 gång/tim",meter per sekund,2022-04-06T10:00:00Z,2022-04-06T12:00:00+02:00,1649239200000,,6.0,6.0,G,,corrected-archive-csv
162860,Luleå-Kallax Flygplats,21,Byvind,"max, 1 gång/tim",meter per sekund,2022-04-06T11:00:00Z,2022-04-06T13:00:00+02:00,1649242800000,,8.0,8.0,G,,corrected-archive-csv
162860,Luleå-Kallax Flygplats,21,Byvind,"max, 1 gång/tim",meter per sekund,2022-04-06T12:00:00Z,2022-04-06T14:00:00+02:00,1649246400000,,9.0,9.0,G,,corrected-archive-csv
162860,Luleå-Kallax Flygplats,21,Byvind,"max, 1 gång/tim",meter per sekund,2022-04-06T13:00:00Z,2022-04-06T15:00:00+02:00,1649250000000,,5.0,5.0,G,,corrected-archive-csv
162860,Luleå-Kallax Flygplats,21,Byvind,"max, 1 gång/tim",meter per sekund,2022-04-06T14:00:00Z,2022-04-06T16:00:00+02:00,1649253600000,,4.0,4.0,G,,corrected-archive-csv
162860,Luleå-Kallax Flygplats,21,Byvind,"max, 1 gång/tim",meter per sekund,2022-04-06T15:00:00Z,2022-04-06T17:00:00+02:00,1649257200000,,6.0,6.0,G,,corrected-archive-csv
162860,Luleå-Kallax Flygplats,21,Byvind,"max, 1 gång/tim",meter per sekund,2022-04-06T18:00:00Z,2022-04-06T20:00:00+02:00,1649268000000,,5.0,5.0,G,,corrected-archive-csv
162860,Luleå-Kallax Flygplats,21,Byvind,"max, 1 gång/tim",meter per sekund,2022-04-06T19:00:00Z,2022-04-06T21:00:00+02:00,1649271600000,,4.0,4.0,G,,corrected-archive-csv
162860,Luleå-Kallax Flygplats,21,Byvind,"max, 1 gång/tim",meter per sekund,2022-04-06T20:00:00Z,2022-04-06T22:00:00+02:00,1649275200000,,5.0,5.0,G,,corrected-archive-csv
162860,Luleå-Kallax Flygplats,21,Byvind,"max, 1 gång/tim",meter per sekund,2022-04-06T22:00:00Z,2022-04-07T00:00:00+02:00,1649282400000,,6.0,6.0,G,,corrected-archive-csv
162860,Luleå-Kallax Flygplats,21,Byvind,"max, 1 gång/tim",meter per sekund,2022-04-06T23:00:00Z,2022-04-07T01:00:00+02:00,1649286000000,,5.0,5.0,G,,corrected-archive-csv
162860,Luleå-Kallax Flygplats,21,Byvind,"max, 1 gång/tim",meter per sekund,2022-04-07T02:00:00Z,2022-04-07T04:00:00+02:00,1649296800000,,6.0,6.0,G,,corrected-archive-csv
162860,Luleå-Kallax Flygplats,21,Byvind,"max, 1 gång/tim",meter per sekund,2022-04-07T03:00:00Z,2022-04-07T05:00:00+02:00,1649300400000,,5.0,5.0,G,,corrected-archive-csv
162860,Luleå-Kallax Flygplats,21,Byvind,"max, 1 gång/tim",meter per sekund,2022-04-07T05:00:00Z,2022-04-07T07:00:00+02:00,1649307600000,,7.0,7.0,G,,corrected-archive-csv
162860,Luleå-Kallax Flygplats,21,Byvind,"max, 1 gång/tim",meter per sekund,2022-04-07T08:00:00Z,2022-04-07T10:00:00+02:00,1649318400000,,8.0,8.0,G,,corrected-archive-csv
162860,Luleå-Kallax Flygplats,21,Byvind,"max, 1 gång/tim",meter per sekund,2022-04-07T11:00:00Z,2022-04-07T13:00:00+02:00,1649329200000,,9.0,9.0,G,,corrected-archive-csv
162860,Luleå-Kallax Flygplats,21,Byvind,"max, 1 gång/tim",meter per sekund,2022-04-07T12:00:00Z,2022-04-07T14:00:00+02:00,1649332800000,,8.0,8.0,G,,corrected-archive-csv
162860,Luleå-Kallax Flygplats,21,Byvind,"max, 1 gång/tim",meter per sekund,2022-04-07T13:00:00Z,2022-04-07T15:00:00+02:00,1649336400000,,6.0,6.0,G,,corrected-archive-csv
162860,Luleå-Kallax Flygplats,21,Byvind,"max, 1 gång/tim",meter per sekund,2022-04-07T15:00:00Z,2022-04-07T17:00:00+02:00,1649343600000,,5.0,5.0,G,,corrected-archive-csv
162860,Luleå-Kallax Flygplats,21,Byvind,"max, 1 gång/tim",meter per sekund,2022-04-07T18:00:00Z,2022-04-07T20:00:00+02:00,1649354400000,,4.0,4.0,G,,corrected-archive-csv
162860,Luleå-Kallax Flygplats,21,Byvind,"max, 1 gång/tim",meter per sekund,2022-04-07T20:00:00Z,2022-04-07T22:00:00+02:00,1649361600000,,3.0,3.0,G,,corrected-archive-csv
162860,Luleå-Kallax Flygplats,21,Byvind,"max, 1 gång/tim",meter per sekund,2022-04-07T21:00:00Z,2022-04-07T23:00:00+02:00,1649365200000,,2.0,2.0,G,,corrected-archive-csv
162860,Luleå-Kallax Flygplats,21,Byvind,"max, 1 gång/tim",meter per sekund,2022-04-07T22:00:00Z,2022-04-08T00:00:00+02:00,1649368800000,,4.0,4.0,G,,corrected-archive-csv
162860,Luleå-Kallax Flygplats,21,Byvind,"max, 1 gång/tim",meter per sekund,2022-04-08T00:00:00Z,2022-04-08T02:00:00+02:00,1649376000000,,5.0,5.0,G,,corrected-archive-csv
162860,Luleå-Kallax Flygplats,21,Byvind,"max, 1 gång/tim",meter per sekund,2022-04-08T02:00:00Z,2022-04-08T04:00:00+02:00,1649383200000,,4.0,4.0,G,,corrected-archive-csv
162860,Luleå-Kallax Flygplats,21,Byvind,"max, 1 gång/tim",meter per sekund,2022-04-08T03:00:00Z,2022-04-08T05:00:00+02:00,1649386800000,,7.0,7.0,G,,corrected-archive-csv
162860,Luleå-Kallax Flygplats,21,Byvind,"max, 1 gång/tim",meter per sekund,2022-04-08T05:00:00Z,2022-04-08T07:00:00+02:00,1649394000000,,6.0,6.0,G,,corrected-archive-csv
162860,Luleå-Kallax Flygplats,21,Byvind,"max, 1 gång/tim",meter per sekund,2022-04-08T06:00:00Z,2022-04-08T08:00:00+02:00,1649397600000,,7.0,7.0,G,,corrected-archive-csv
162860,Luleå-Kallax Flygplats,21,Byvind,"max, 1 gång/tim",meter per sekund,2022-04-08T07:00:00Z,2022-04-08T09:00:00+02:00,1649401200000,,9.0,9.0,G,,corrected-archive-csv
162860,Luleå-Kallax Flygplats,21,Byvind,"max, 1 gång/tim",meter per sekund,2022-04-08T08:00:00Z,2022-04-08T10:00:00+02:00,1649404800000,,10.0,10.0,G,,corrected-archive-csv
162860,Luleå-Kallax Flygplats,21,Byvind,"max, 1 gång/tim",meter per sekund,2022-04-08T09:00:00Z,2022-04-08T11:00:00+02:00,1649408400000,,11.0,11.0,G,,corrected-archive-csv
162860,Luleå-Kallax Flygplats,21,Byvind,"max, 1 gång/tim",meter per sekund,2022-04-08T10:00:00Z,2022-04-08T12:00:00+02:00,1649412000000,,13.0,13.0,G,,corrected-archive-csv
162860,Luleå-Kallax Flygplats,21,Byvind,"max, 1 gång/tim",meter per sekund,2022-04-08T11:00:00Z,2022-04-08T13:00:00+02:00,1649415600000,,14.0,14.0,G,,corrected-archive-csv
162860,Luleå-Kallax Flygplats,21,Byvind,"max, 1 gång/tim",meter per sekund,2022-04-08T12:00:00Z,2022-04-08T14:00:00+02:00,1649419200000,,15.0,15.0,G,,corrected-archive-csv
162860,Luleå-Kallax Flygplats,21,Byvind,"max, 1 gång/tim",meter per sekund,2022-04-08T13:00:00Z,2022-04-08T15:00:00+02:00,1649422800000,,13.0,13.0,G,,corrected-archive-csv
162860,Luleå-Kallax Flygplats,21,Byvind,"max, 1 gång/tim",meter per sekund,2022-04-08T14:00:00Z,2022-04-08T16:00:00+02:00,1649426400000,,12.0,12.0,G,,corrected-archive-csv
162860,Luleå-Kallax Flygplats,21,Byvind,"max, 1 gång/tim",meter per sekund,2022-04-08T16:00:00Z,2022-04-08T18:00:00+02:00,1649433600000,,11.0,11.0,G,,corrected-archive-csv
162860,Luleå-Kallax Flygplats,21,Byvind,"max, 1 gång/tim",meter per sekund,2022-04-08T17:00:00Z,2022-04-08T19:00:00+02:00,1649437200000,,13.0,13.0,G,,corrected-archive-csv
162860,Luleå-Kallax Flygplats,21,Byvind,"max, 1 gång/tim",meter per sekund,2022-04-08T18:00:00Z,2022-04-08T20:00:00+02:00,1649440800000,,9.0,9.0,G,,corrected-archive-csv
162860,Luleå-Kallax Flygplats,21,Byvind,"max, 1 gång/tim",meter per sekund,2022-04-08T19:00:00Z,2022-04-08T21:00:00+02:00,1649444400000,,8.0,8.0,G,,corrected-archive-csv
162860,Luleå-Kallax Flygplats,21,Byvind,"max, 1 gång/tim",meter per sekund,2022-04-08T20:00:00Z,2022-04-08T22:00:00+02:00,1649448000000,,7.0,7.0,G,,corrected-archive-csv
162860,Luleå-Kallax Flygplats,21,Byvind,"max, 1 gång/tim",meter per sekund,2022-04-08T21:00:00Z,2022-04-08T23:00:00+02:00,1649451600000,,8.0,8.0,G,,corrected-archive-csv
162860,Luleå-Kallax Flygplats,21,Byvind,"max, 1 gång/tim",meter per sekund,2022-04-09T00:00:00Z,2022-04-09T02:00:00+02:00,1649462400000,,9.0,9.0,G,,corrected-archive-csv
162860,Luleå-Kallax Flygplats,21,Byvind,"max, 1 gång/tim",meter per sekund,2022-04-09T01:00:00Z,2022-04-09T03:00:00+02:00,1649466000000,,7.0,7.0,G,,corrected-archive-csv
162860,Luleå-Kallax Flygplats,21,Byvind,"max, 1 gång/tim",meter per sekund,2022-04-09T02:00:00Z,2022-04-09T04:00:00+02:00,1649469600000,,8.0,8.0,G,,corrected-archive-csv
162860,Luleå-Kallax Flygplats,21,Byvind,"max, 1 gång/tim",meter per sekund,2022-04-09T03:00:00Z,2022-04-09T05:00:00+02:00,1649473200000,,7.0,7.0,G,,corrected-archive-csv
162860,Luleå-Kallax Flygplats,21,Byvind,"max, 1 gång/tim",meter per sekund,2022-04-09T04:00:00Z,2022-04-09T06:00:00+02:00,1649476800000,,6.0,6.0,G,,corrected-archive-csv
162860,Luleå-Kallax Flygplats,21,Byvind,"max, 1 gång/tim",meter per sekund,2022-04-09T07:00:00Z,2022-04-09T09:00:00+02:00,1649487600000,,4.0,4.0,G,,corrected-archive-csv
162860,Luleå-Kallax Flygplats,21,Byvind,"max, 1 gång/tim",meter per sekund,2022-04-09T08:00:00Z,2022-04-09T10:00:00+02:00,1649491200000,,3.0,3.0,G,,corrected-archive-csv
162860,Luleå-Kallax Flygplats,21,Byvind,"max, 1 gång/tim",meter per sekund,2022-04-09T09:00:00Z,2022-04-09T11:00:00+02:00,1649494800000,,4.0,4.0,G,,corrected-archive-csv
162860,Luleå-Kallax Flygplats,21,Byvind,"max, 1 gång/tim",meter per sekund,2022-04-09T10:00:00Z,2022-04-09T12:00:00+02:00,1649498400000,,3.0,3.0,G,,corrected-archive-csv
162860,Luleå-Kallax Flygplats,21,Byvind,"max, 1 gång/tim",meter per sekund,2022-04-09T11:00:00Z,2022-04-09T13:00:00+02:00,1649502000000,,4.0,4.0,G,,corrected-archive-csv
162860,Luleå-Kallax Flygplats,21,Byvind,"max, 1 gång/tim",meter per sekund,2022-04-09T12:00:00Z,2022-04-09T14:00:00+02:00,1649505600000,,5.0,5.0,G,,corrected-archive-csv
162860,Luleå-Kallax Flygplats,21,Byvind,"max, 1 gång/tim",meter per sekund,2022-04-09T15:00:00Z,2022-04-09T17:00:00+02:00,1649516400000,,3.0,3.0,G,,corrected-archive-csv
162860,Luleå-Kallax Flygplats,21,Byvind,"max, 1 gång/tim",meter per sekund,2022-04-09T16:00:00Z,2022-04-09T18:00:00+02:00,1649520000000,,5.0,5.0,G,,corrected-archive-csv
162860,Luleå-Kallax Flygplats,21,Byvind,"max, 1 gång/tim",meter per sekund,2022-04-09T18:00:00Z,2022-04-09T20:00:00+02:00,1649527200000,,6.0,6.0,G,,corrected-archive-csv
162860,Luleå-Kallax Flygplats,21,Byvind,"max, 1 gång/tim",meter per sekund,2022-04-09T19:00:00Z,2022-04-09T21:00:00+02:00,1649530800000,,5.0,5.0,G,,corrected-archive-csv
162860,Luleå-Kallax Flygplats,21,Byvind,"max, 1 gång/tim",meter per sekund,2022-04-09T20:00:00Z,2022-04-09T22:00:00+02:00,1649534400000,,7.0,7.0,G,,corrected-archive-csv
162860,Luleå-Kallax Flygplats,21,Byvind,"max, 1 gång/tim",meter per sekund,2022-04-09T22:00:00Z,2022-04-10T00:00:00+02:00,1649541600000,,6.0,6.0,G,,corrected-archive-csv
162860,Luleå-Kallax Flygplats,21,Byvind,"max, 1 gång/tim",meter per sekund,2022-04-09T23:00:00Z,2022-04-10T01:00:00+02:00,1649545200000,,5.0,5.0,G,,corrected-archive-csv
162860,Luleå-Kallax Flygplats,21,Byvind,"max, 1 gång/tim",meter per sekund,2022-04-10T00:00:00Z,2022-04-10T02:00:00+02:00,1649548800000,,3.0,3.0,G,,corrected-archive-csv
162860,Luleå-Kallax Flygplats,21,Byvind,"max, 1 gång/tim",meter per sekund,2022-04-10T02:00:00Z,2022-04-10T04:00:00+02:00,1649556000000,,2.0,2.0,G,,corrected-archive-csv
162860,Luleå-Kallax Flygplats,21,Byvind,"max, 1 gång/tim",meter per sekund,2022-04-10T03:00:00Z,2022-04-10T05:00:00+02:00,1649559600000,,5.0,5.0,G,,corrected-archive-csv
162860,Luleå-Kallax Flygplats,21,Byvind,"max, 1 gång/tim",meter per sekund,2022-04-10T05:00:00Z,2022-04-10T07:00:00+02:00,1649566800000,,7.0,7.0,G,,corrected-archive-csv
162860,Luleå-Kallax Flygplats,21,Byvind,"max, 1 gång/tim",meter per sekund,2022-04-10T06:00:00Z,2022-04-10T08:00:00+02:00,1649570400000,,6.0,6.0,G,,corrected-archive-csv
162860,Luleå-Kallax Flygplats,21,Byvind,"max, 1 gång/tim",meter per sekund,2022-04-10T09:00:00Z,2022-04-10T11:00:00+02:00,1649581200000,,7.0,7.0,G,,corrected-archive-csv
162860,Luleå-Kallax Flygplats,21,Byvind,"max, 1 gång/tim",meter per sekund,2022-04-10T11:00:00Z,2022-04-10T13:00:00+02:00,1649588400000,,8.0,8.0,G,,corrected-archive-csv
162860,Luleå-Kallax Flygplats,21,Byvind,"max, 1 gång/tim",meter per sekund,2022-04-10T12:00:00Z,2022-04-10T14:00:00+02:00,1649592000000,,7.0,7.0,G,,corrected-archive-csv
162860,Luleå-Kallax Flygplats,21,Byvind,"max, 1 gång/tim",meter per sekund,2022-04-10T13:00:00Z,2022-04-10T15:00:00+02:00,1649595600000,,6.0,6.0,G,,corrected-archive-csv
162860,Luleå-Kallax Flygplats,21,Byvind,"max, 1 gång/tim",meter per sekund,2022-04-10T16:00:00Z,2022-04-10T18:00:00+02:00,1649606400000,,5.0,5.0,G,,corrected-archive-csv
162860,Luleå-Kallax Flygplats,21,Byvind,"max, 1 gång/tim",meter per sekund,2022-04-10T17:00:00Z,2022-04-10T19:00:00+02:00,1649610000000,,4.0,4.0,G,,corrected-archive-csv
162860,Luleå-Kallax Flygplats,21,Byvind,"max, 1 gång/tim",meter per sekund,2022-04-10T20:00:00Z,2022-04-10T22:00:00+02:00,1649620800000,,3.0,3.0,G,,corrected-archive-csv
162860,Luleå-Kallax Flygplats,21,Byvind,"max, 1 gång/tim",meter per sekund,2022-04-11T00:00:00Z,2022-04-11T02:00:00+02:00,1649635200000,,4.0,4.0,G,,corrected-archive-csv
162860,Luleå-Kallax Flygplats,21,Byvind,"max, 1 gång/tim",meter per sekund,2022-04-11T01:00:00Z,2022-04-11T03:00:00+02:00,1649638800000,,7.0,7.0,G,,corrected-archive-csv
162860,Luleå-Kallax Flygplats,21,Byvind,"max, 1 gång/tim",meter per sekund,2022-04-11T03:00:00Z,2022-04-11T05:00:00+02:00,1649646000000,,4.0,4.0,G,,corrected-archive-csv
162860,Luleå-Kallax Flygplats,21,Byvind,"max, 1 gång/tim",meter per sekund,2022-04-11T06:00:00Z,2022-04-11T08:00:00+02:00,1649656800000,,6.0,6.0,G,,corrected-archive-csv
162860,Luleå-Kallax Flygplats,21,Byvind,"max, 1 gång/tim",meter per sekund,2022-04-11T07:00:00Z,2022-04-11T09:00:00+02:00,1649660400000,,7.0,7.0,G,,corrected-archive-csv
162860,Luleå-Kallax Flygplats,21,Byvind,"max, 1 gång/tim",meter per sekund,2022-04-11T08:00:00Z,2022-04-11T10:00:00+02:00,1649664000000,,9.0,9.0,G,,corrected-archive-csv
162860,Luleå-Kallax Flygplats,21,Byvind,"max, 1 gång/tim",meter per sekund,2022-04-11T12:00:00Z,2022-04-11T14:00:00+02:00,1649678400000,,7.0,7.0,G,,corrected-archive-csv
162860,Luleå-Kallax Flygplats,21,Byvind,"max, 1 gång/tim",meter per sekund,2022-04-11T13:00:00Z,2022-04-11T15:00:00+02:00,1649682000000,,8.0,8.0,G,,corrected-archive-csv
162860,Luleå-Kallax Flygplats,21,Byvind,"max, 1 gång/tim",meter per sekund,2022-04-11T14:00:00Z,2022-04-11T16:00:00+02:00,1649685600000,,7.0,7.0,G,,corrected-archive-csv
162860,Luleå-Kallax Flygplats,21,Byvind,"max, 1 gång/tim",meter per sekund,2022-04-11T15:00:00Z,2022-04-11T17:00:00+02:00,1649689200000,,6.0,6.0,G,,corrected-archive-csv
162860,Luleå-Kallax Flygplats,21,Byvind,"max, 1 gång/tim",meter per sekund,2022-04-11T16:00:00Z,2022-04-11T18:00:00+02:00,1649692800000,,4.0,4.0,G,,corrected-archive-csv
162860,Luleå-Kallax Flygplats,21,Byvind,"max, 1 gång/tim",meter per sekund,2022-04-11T17:00:00Z,2022-04-11T19:00:00+02:00,1649696400000,,5.0,5.0,G,,corrected-archive-csv
162860,Luleå-Kallax Flygplats,21,Byvind,"max, 1 gång/tim",meter per sekund,2022-04-11T19:00:00Z,2022-04-11T21:00:00+02:00,1649703600000,,2.0,2.0,G,,corrected-archive-csv
162860,Luleå-Kallax Flygplats,21,Byvind,"max, 1 gång/tim",meter per sekund,2022-04-11T20:00:00Z,2022-04-11T22:00:00+02:00,1649707200000,,4.0,4.0,G,,corrected-archive-csv
162860,Luleå-Kallax Flygplats,21,Byvind,"max, 1 gång/tim",meter per sekund,2022-04-11T21:00:00Z,2022-04-11T23:00:00+02:00,1649710800000,,5.0,5.0,G,,corrected-archive-csv
162860,Luleå-Kallax Flygplats,21,Byvind,"max, 1 gång/tim",meter per sekund,2022-04-11T23:00:00Z,2022-04-12T01:00:00+02:00,1649718000000,,3.0,3.0,G,,corrected-archive-csv
162860,Luleå-Kallax Flygplats,21,Byvind,"max, 1 gång/tim",meter per sekund,2022-04-12T00:00:00Z,2022-04-12T02:00:00+02:00,1649721600000,,2.0,2.0,G,,corrected-archive-csv
162860,Luleå-Kallax Flygplats,21,Byvind,"max, 1 gång/tim",meter per sekund,2022-04-12T01:00:00Z,2022-04-12T03:00:00+02:00,1649725200000,,3.0,3.0,G,,corrected-archive-csv
162860,Luleå-Kallax Flygplats,21,Byvind,"max, 1 gång/tim",meter per sekund,2022-04-12T02:00:00Z,2022-04-12T04:00:00+02:00,1649728800000,,2.0,2.0,G,,corrected-archive-csv
162860,Luleå-Kallax Flygplats,21,Byvind,"max, 1 gång/tim",meter per sekund,2022-04-12T05:00:00Z,2022-04-12T07:00:00+02:00,1649739600000,,3.0,3.0,G,,corrected-archive-csv
162860,Luleå-Kallax Flygplats,21,Byvind,"max, 1 gång/tim",meter per sekund,2022-04-12T06:00:00Z,2022-04-12T08:00:00+02:00,1649743200000,,4.0,4.0,G,,corrected-archive-csv
162860,Luleå-Kallax Flygplats,21,Byvind,"max, 1 gång/tim",meter per sekund,2022-04-12T07:00:00Z,2022-04-12T09:00:00+02:00,1649746800000,,5.0,5.0,G,,corrected-archive-csv
162860,Luleå-Kallax Flygplats,21,Byvind,"max, 1 gång/tim",meter per sekund,2022-04-12T08:00:00Z,2022-04-12T10:00:00+02:00,1649750400000,,4.0,4.0,G,,corrected-archive-csv
162860,Luleå-Kallax Flygplats,21,Byvind,"max, 1 gång/tim",meter per sekund,2022-04-12T10:00:00Z,2022-04-12T12:00:00+02:00,1649757600000,,3.0,3.0,G,,corrected-archive-csv
162860,Luleå-Kallax Flygplats,21,Byvind,"max, 1 gång/tim",meter per sekund,2022-04-12T11:00:00Z,2022-04-12T13:00:00+02:00,1649761200000,,6.0,6.0,G,,corrected-archive-csv
162860,Luleå-Kallax Flygplats,21,Byvind,"max, 1 gång/tim",meter per sekund,2022-04-12T12:00:00Z,2022-04-12T14:00:00+02:00,1649764800000,,5.0,5.0,G,,corrected-archive-csv
162860,Luleå-Kallax Flygplats,21,Byvind,"max, 1 gång/tim",meter per sekund,2022-04-12T14:00:00Z,2022-04-12T16:00:00+02:00,1649772000000,,4.0,4.0,G,,corrected-archive-csv
162860,Luleå-Kallax Flygplats,21,Byvind,"max, 1 gång/tim",meter per sekund,2022-04-12T16:00:00Z,2022-04-12T18:00:00+02:00,1649779200000,,3.0,3.0,G,,corrected-archive-csv
162860,Luleå-Kallax Flygplats,21,Byvind,"max, 1 gång/tim",meter per sekund,2022-04-12T17:00:00Z,2022-04-12T19:00:00+02:00,1649782800000,,2.0,2.0,G,,corrected-archive-csv
162860,Luleå-Kallax Flygplats,21,Byvind,"max, 1 gång/tim",meter per sekund,2022-04-12T18:00:00Z,2022-04-12T20:00:00+02:00,1649786400000,,3.0,3.0,G,,corrected-archive-csv
162860,Luleå-Kallax Flygplats,21,Byvind,"max, 1 gång/tim",meter per sekund,2022-04-12T19:00:00Z,2022-04-12T21:00:00+02:00,1649790000000,,1.0,1.0,G,,corrected-archive-csv
162860,Luleå-Kallax Flygplats,21,Byvind,"max, 1 gång/tim",meter per sekund,2022-04-12T20:00:00Z,2022-04-12T22:00:00+02:00,1649793600000,,2.0,2.0,G,,corrected-archive-csv
162860,Luleå-Kallax Flygplats,21,Byvind,"max, 1 gång/tim",meter per sekund,2022-04-13T04:00:00Z,2022-04-13T06:00:00+02:00,1649822400000,,1.0,1.0,G,,corrected-archive-csv
162860,Luleå-Kallax Flygplats,21,Byvind,"max, 1 gång/tim",meter per sekund,2022-04-13T05:00:00Z,2022-04-13T07:00:00+02:00,1649826000000,,2.0,2.0,G,,corrected-archive-csv
162860,Luleå-Kallax Flygplats,21,Byvind,"max, 1 gång/tim",meter per sekund,2022-04-13T07:00:00Z,2022-04-13T09:00:00+02:00,1649833200000,,3.0,3.0,G,,corrected-archive-csv
162860,Luleå-Kallax Flygplats,21,Byvind,"max, 1 gång/tim",meter per sekund,2022-04-13T08:00:00Z,2022-04-13T10:00:00+02:00,1649836800000,,2.0,2.0,G,,corrected-archive-csv
162860,Luleå-Kallax Flygplats,21,Byvind,"max, 1 gång/tim",meter per sekund,2022-04-13T09:00:00Z,2022-04-13T11:00:00+02:00,1649840400000,,3.0,3.0,G,,corrected-archive-csv
162860,Luleå-Kallax Flygplats,21,Byvind,"max, 1 gång/tim",meter per sekund,2022-04-13T10:00:00Z,2022-04-13T12:00:00+02:00,1649844000000,,4.0,4.0,G,,corrected-archive-csv
162860,Luleå-Kallax Flygplats,21,Byvind,"max, 1 gång/tim",meter per sekund,2022-04-13T12:00:00Z,2022-04-13T14:00:00+02:00,1649851200000,,5.0,5.0,G,,corrected-archive-csv
162860,Luleå-Kallax Flygplats,21,Byvind,"max, 1 gång/tim",meter per sekund,2022-04-13T13:00:00Z,2022-04-13T15:00:00+02:00,1649854800000,,4.0,4.0,G,,corrected-archive-csv
162860,Luleå-Kallax Flygplats,21,Byvind,"max, 1 gång/tim",meter per sekund,2022-04-13T14:00:00Z,2022-04-13T16:00:00+02:00,1649858400000,,6.0,6.0,G,,corrected-archive-csv
162860,Luleå-Kallax Flygplats,21,Byvind,"max, 1 gång/tim",meter per sekund,2022-04-13T16:00:00Z,2022-04-13T18:00:00+02:00,1649865600000,,4.0,4.0,G,,corrected-archive-csv
162860,Luleå-Kallax Flygplats,21,Byvind,"max, 1 gång/tim",meter per sekund,2022-04-13T17:00:00Z,2022-04-13T19:00:00+02:00,1649869200000,,6.0,6.0,G,,corrected-archive-csv
162860,Luleå-Kallax Flygplats,21,Byvind,"max, 1 gång/tim",meter per sekund,2022-04-13T19:00:00Z,2022-04-13T21:00:00+02:00,1649876400000,,4.0,4.0,G,,corrected-archive-csv
162860,Luleå-Kallax Flygplats,21,Byvind,"max, 1 gång/tim",meter per sekund,2022-04-13T20:00:00Z,2022-04-13T22:00:00+02:00,1649880000000,,3.0,3.0,G,,corrected-archive-csv
162860,Luleå-Kallax Flygplats,21,Byvind,"max, 1 gång/tim",meter per sekund,2022-04-13T21:00:00Z,2022-04-13T23:00:00+02:00,1649883600000,,2.0,2.0,G,,corrected-archive-csv
162860,Luleå-Kallax Flygplats,21,Byvind,"max, 1 gång/tim",meter per sekund,2022-04-14T01:00:00Z,2022-04-14T03:00:00+02:00,1649898000000,,4.0,4.0,G,,corrected-archive-csv
162860,Luleå-Kallax Flygplats,21,Byvind,"max, 1 gång/tim",meter per sekund,2022-04-14T04:00:00Z,2022-04-14T06:00:00+02:00,1649908800000,,3.0,3.0,G,,corrected-archive-csv
162860,Luleå-Kallax Flygplats,21,Byvind,"max, 1 gång/tim",meter per sekund,2022-04-14T06:00:00Z,2022-04-14T08:00:00+02:00,1649916000000,,4.0,4.0,G,,corrected-archive-csv
162860,Luleå-Kallax Flygplats,21,Byvind,"max, 1 gång/tim",meter per sekund,2022-04-14T07:00:00Z,2022-04-14T09:00:00+02:00,1649919600000,,6.0,6.0,G,,corrected-archive-csv
162860,Luleå-Kallax Flygplats,21,Byvind,"max, 1 gång/tim",meter per sekund,2022-04-14T09:00:00Z,2022-04-14T11:00:00+02:00,1649926800000,,8.0,8.0,G,,corrected-archive-csv
162860,Luleå-Kallax Flygplats,21,Byvind,"max, 1 gång/tim",meter per sekund,2022-04-14T11:00:00Z,2022-04-14T13:00:00+02:00,1649934000000,,7.0,7.0,G,,corrected-archive-csv
162860,Luleå-Kallax Flygplats,21,Byvind,"max, 1 gång/tim",meter per sekund,2022-04-14T16:00:00Z,2022-04-14T18:00:00+02:00,1649952000000,,5.0,5.0,G,,corrected-archive-csv
162860,Luleå-Kallax Flygplats,21,Byvind,"max, 1 gång/tim",meter per sekund,2022-04-14T17:00:00Z,2022-04-14T19:00:00+02:00,1649955600000,,4.0,4.0,G,,corrected-archive-csv
162860,Luleå-Kallax Flygplats,21,Byvind,"max, 1 gång/tim",meter per sekund,2022-04-14T18:00:00Z,2022-04-14T20:00:00+02:00,1649959200000,,3.0,3.0,G,,corrected-archive-csv
162860,Luleå-Kallax Flygplats,21,Byvind,"max, 1 gång/tim",meter per sekund,2022-04-14T19:00:00Z,2022-04-14T21:00:00+02:00,1649962800000,,6.0,6.0,G,,corrected-archive-csv
162860,Luleå-Kallax Flygplats,21,Byvind,"max, 1 gång/tim",meter per sekund,2022-04-14T21:00:00Z,2022-04-14T23:00:00+02:00,1649970000000,,5.0,5.0,G,,corrected-archive-csv
162860,Luleå-Kallax Flygplats,21,Byvind,"max, 1 gång/tim",meter per sekund,2022-04-15T03:00:00Z,2022-04-15T05:00:00+02:00,1649991600000,,6.0,6.0,G,,corrected-archive-csv
162860,Luleå-Kallax Flygplats,21,Byvind,"max, 1 gång/tim",meter per sekund,2022-04-15T10:00:00Z,2022-04-15T12:00:00+02:00,1650016800000,,5.0,5.0,G,,corrected-archive-csv
162860,Luleå-Kallax Flygplats,21,Byvind,"max, 1 gång/tim",meter per sekund,2022-04-15T12:00:00Z,2022-04-15T14:00:00+02:00,1650024000000,,6.0,6.0,G,,corrected-archive-csv
162860,Luleå-Kallax Flygplats,21,Byvind,"max, 1 gång/tim",meter per sekund,2022-04-15T13:00:00Z,2022-04-15T15:00:00+02:00,1650027600000,,7.0,7.0,G,,corrected-archive-csv
162860,Luleå-Kallax Flygplats,21,Byvind,"max, 1 gång/tim",meter per sekund,2022-04-15T15:00:00Z,2022-04-15T17:00:00+02:00,1650034800000,,6.0,6.0,G,,corrected-archive-csv
162860,Luleå-Kallax Flygplats,21,Byvind,"max, 1 gång/tim",meter per sekund,2022-04-15T17:00:00Z,2022-04-15T19:00:00+02:00,1650042000000,,5.0,5.0,G,,corrected-archive-csv
162860,Luleå-Kallax Flygplats,21,Byvind,"max, 1 gång/tim",meter per sekund,2022-04-15T18:00:00Z,2022-04-15T20:00:00+02:00,1650045600000,,2.0,2.0,G,,corrected-archive-csv
162860,Luleå-Kallax Flygplats,21,Byvind,"max, 1 gång/tim",meter per sekund,2022-04-15T19:00:00Z,2022-04-15T21:00:00+02:00,1650049200000,,1.0,1.0,G,,corrected-archive-csv
162860,Luleå-Kallax Flygplats,21,Byvind,"max, 1 gång/tim",meter per sekund,2022-04-15T23:00:00Z,2022-04-16T01:00:00+02:00,1650063600000,,2.0,2.0,G,,corrected-archive-csv
162860,Luleå-Kallax Flygplats,21,Byvind,"max, 1 gång/tim",meter per sekund,2022-04-16T00:00:00Z,2022-04-16T02:00:00+02:00,1650067200000,,1.0,1.0,G,,corrected-archive-csv
162860,Luleå-Kallax Flygplats,21,Byvind,"max, 1 gång/tim",meter per sekund,2022-04-16T02:00:00Z,2022-04-16T04:00:00+02:00,1650074400000,,0.0,0.0,G,,corrected-archive-csv
162860,Luleå-Kallax Flygplats,21,Byvind,"max, 1 gång/tim",meter per sekund,2022-04-16T03:00:00Z,2022-04-16T05:00:00+02:00,1650078000000,,2.0,2.0,G,,corrected-archive-csv
162860,Luleå-Kallax Flygplats,21,Byvind,"max, 1 gång/tim",meter per sekund,2022-04-16T07:00:00Z,2022-04-16T09:00:00+02:00,1650092400000,,3.0,3.0,G,,corrected-archive-csv
162860,Luleå-Kallax Flygplats,21,Byvind,"max, 1 gång/tim",meter per sekund,2022-04-16T08:00:00Z,2022-04-16T10:00:00+02:00,1650096000000,,4.0,4.0,G,,corrected-archive-csv
162860,Luleå-Kallax Flygplats,21,Byvind,"max, 1 gång/tim",meter per sekund,2022-04-16T16:00:00Z,2022-04-16T18:00:00+02:00,1650124800000,,5.0,5.0,G,,corrected-archive-csv
162860,Luleå-Kallax Flygplats,21,Byvind,"max, 1 gång/tim",meter per sekund,2022-04-16T17:00:00Z,2022-04-16T19:00:00+02:00,1650128400000,,4.0,4.0,G,,corrected-archive-csv
162860,Luleå-Kallax Flygplats,21,Byvind,"max, 1 gång/tim",meter per sekund,2022-04-16T18:00:00Z,2022-04-16T20:00:00+02:00,1650132000000,,2.0,2.0,G,,corrected-archive-csv
162860,Luleå-Kallax Flygplats,21,Byvind,"max, 1 gång/tim",meter per sekund,2022-04-16T21:00:00Z,2022-04-16T23:00:00+02:00,1650142800000,,1.0,1.0,G,,corrected-archive-csv
162860,Luleå-Kallax Flygplats,21,Byvind,"max, 1 gång/tim",meter per sekund,2022-04-17T01:00:00Z,2022-04-17T03:00:00+02:00,1650157200000,,0.0,0.0,G,,corrected-archive-csv
162860,Luleå-Kallax Flygplats,21,Byvind,"max, 1 gång/tim",meter per sekund,2022-04-17T04:00:00Z,2022-04-17T06:00:00+02:00,1650168000000,,2.0,2.0,G,,corrected-archive-csv
162860,Luleå-Kallax Flygplats,21,Byvind,"max, 1 gång/tim",meter per sekund,2022-04-17T06:00:00Z,2022-04-17T08:00:00+02:00,1650175200000,,3.0,3.0,G,,corrected-archive-csv
162860,Luleå-Kallax Flygplats,21,Byvind,"max, 1 gång/tim",meter per sekund,2022-04-17T07:00:00Z,2022-04-17T09:00:00+02:00,1650178800000,,4.0,4.0,G,,corrected-archive-csv
162860,Luleå-Kallax Flygplats,21,Byvind,"max, 1 gång/tim",meter per sekund,2022-04-17T08:00:00Z,2022-04-17T10:00:00+02:00,1650182400000,,5.0,5.0,G,,corrected-archive-csv
162860,Luleå-Kallax Flygplats,21,Byvind,"max, 1 gång/tim",meter per sekund,2022-04-17T10:00:00Z,2022-04-17T12:00:00+02:00,1650189600000,,3.0,3.0,G,,corrected-archive-csv
162860,Luleå-Kallax Flygplats,21,Byvind,"max, 1 gång/tim",meter per sekund,2022-04-17T12:00:00Z,2022-04-17T14:00:00+02:00,1650196800000,,5.0,5.0,G,,corrected-archive-csv
162860,Luleå-Kallax Flygplats,21,Byvind,"max, 1 gång/tim",meter per sekund,2022-04-17T13:00:00Z,2022-04-17T15:00:00+02:00,1650200400000,,4.0,4.0,G,,corrected-archive-csv
162860,Luleå-Kallax Flygplats,21,Byvind,"max, 1 gång/tim",meter per sekund,2022-04-17T15:00:00Z,2022-04-17T17:00:00+02:00,1650207600000,,3.0,3.0,G,,corrected-archive-csv
162860,Luleå-Kallax Flygplats,21,Byvind,"max, 1 gång/tim",meter per sekund,2022-04-17T18:00:00Z,2022-04-17T20:00:00+02:00,1650218400000,,2.0,2.0,G,,corrected-archive-csv
162860,Luleå-Kallax Flygplats,21,Byvind,"max, 1 gång/tim",meter per sekund,2022-04-18T01:00:00Z,2022-04-18T03:00:00+02:00,1650243600000,,1.0,1.0,G,,corrected-archive-csv
162860,Luleå-Kallax Flygplats,21,Byvind,"max, 1 gång/tim",meter per sekund,2022-04-18T03:00:00Z,2022-04-18T05:00:00+02:00,1650250800000,,2.0,2.0,G,,corrected-archive-csv
162860,Luleå-Kallax Flygplats,21,Byvind,"max, 1 gång/tim",meter per sekund,2022-04-18T05:00:00Z,2022-04-18T07:00:00+02:00,1650258000000,,1.0,1.0,G,,corrected-archive-csv
162860,Luleå-Kallax Flygplats,21,Byvind,"max, 1 gång/tim",meter per sekund,2022-04-18T07:00:00Z,2022-04-18T09:00:00+02:00,1650265200000,,2.0,2.0,G,,corrected-archive-csv
162860,Luleå-Kallax Flygplats,21,Byvind,"max, 1 gång/tim",meter per sekund,2022-04-18T09:00:00Z,2022-04-18T11:00:00+02:00,1650272400000,,3.0,3.0,G,,corrected-archive-csv
162860,Luleå-Kallax Flygplats,21,Byvind,"max, 1 gång/tim",meter per sekund,2022-04-18T11:00:00Z,2022-04-18T13:00:00+02:00,1650279600000,,4.0,4.0,G,,corrected-archive-csv
162860,Luleå-Kallax Flygplats,21,Byvind,"max, 1 gång/tim",meter per sekund,2022-04-18T18:00:00Z,2022-04-18T20:00:00+02:00,1650304800000,,5.0,5.0,G,,corrected-archive-csv
162860,Luleå-Kallax Flygplats,21,Byvind,"max, 1 gång/tim",meter per sekund,2022-04-18T19:00:00Z,2022-04-18T21:00:00+02:00,1650308400000,,3.0,3.0,G,,corrected-archive-csv
162860,Luleå-Kallax Flygplats,21,Byvind,"max, 1 gång/tim",meter per sekund,2022-04-18T20:00:00Z,2022-04-18T22:00:00+02:00,1650312000000,,2.0,2.0,G,,corrected-archive-csv
162860,Luleå-Kallax Flygplats,21,Byvind,"max, 1 gång/tim",meter per sekund,2022-04-18T21:00:00Z,2022-04-18T23:00:00+02:00,1650315600000,,3.0,3.0,G,,corrected-archive-csv
162860,Luleå-Kallax Flygplats,21,Byvind,"max, 1 gång/tim",meter per sekund,2022-04-18T22:00:00Z,2022-04-19T00:00:00+02:00,1650319200000,,2.0,2.0,G,,corrected-archive-csv
162860,Luleå-Kallax Flygplats,21,Byvind,"max, 1 gång/tim",meter per sekund,2022-04-19T00:00:00Z,2022-04-19T02:00:00+02:00,1650326400000,,3.0,3.0,G,,corrected-archive-csv
162860,Luleå-Kallax Flygplats,21,Byvind,"max, 1 gång/tim",meter per sekund,2022-04-19T02:00:00Z,2022-04-19T04:00:00+02:00,1650333600000,,2.0,2.0,G,,corrected-archive-csv
162860,Luleå-Kallax Flygplats,21,Byvind,"max, 1 gång/tim",meter per sekund,2022-04-19T03:00:00Z,2022-04-19T05:00:00+02:00,1650337200000,,3.0,3.0,G,,corrected-archive-csv
162860,Luleå-Kallax Flygplats,21,Byvind,"max, 1 gång/tim",meter per sekund,2022-04-19T05:00:00Z,2022-04-19T07:00:00+02:00,1650344400000,,4.0,4.0,G,,corrected-archive-csv
162860,Luleå-Kallax Flygplats,21,Byvind,"max, 1 gång/tim",meter per sekund,2022-04-19T06:00:00Z,2022-04-19T08:00:00+02:00,1650348000000,,3.0,3.0,G,,corrected-archive-csv
162860,Luleå-Kallax Flygplats,21,Byvind,"max, 1 gång/tim",meter per sekund,2022-04-19T07:00:00Z,2022-04-19T09:00:00+02:00,1650351600000,,2.0,2.0,G,,corrected-archive-csv
162860,Luleå-Kallax Flygplats,21,Byvind,"max, 1 gång/tim",meter per sekund,2022-04-19T10:00:00Z,2022-04-19T12:00:00+02:00,1650362400000,,3.0,3.0,G,,corrected-archive-csv
162860,Luleå-Kallax Flygplats,21,Byvind,"max, 1 gång/tim",meter per sekund,2022-04-19T11:00:00Z,2022-04-19T13:00:00+02:00,1650366000000,,4.0,4.0,G,,corrected-archive-csv
162860,Luleå-Kallax Flygplats,21,Byvind,"max, 1 gång/tim",meter per sekund,2022-04-19T12:00:00Z,2022-04-19T14:00:00+02:00,1650369600000,,3.0,3.0,G,,corrected-archive-csv
162860,Luleå-Kallax Flygplats,21,Byvind,"max, 1 gång/tim",meter per sekund,2022-04-19T18:00:00Z,2022-04-19T20:00:00+02:00,1650391200000,,4.0,4.0,G,,corrected-archive-csv
162860,Luleå-Kallax Flygplats,21,Byvind,"max, 1 gång/tim",meter per sekund,2022-04-19T19:00:00Z,2022-04-19T21:00:00+02:00,1650394800000,,2.0,2.0,G,,corrected-archive-csv
162860,Luleå-Kallax Flygplats,21,Byvind,"max, 1 gång/tim",meter per sekund,2022-04-19T20:00:00Z,2022-04-19T22:00:00+02:00,1650398400000,,1.0,1.0,G,,corrected-archive-csv
162860,Luleå-Kallax Flygplats,21,Byvind,"max, 1 gång/tim",meter per sekund,2022-04-19T23:00:00Z,2022-04-20T01:00:00+02:00,1650409200000,,2.0,2.0,G,,corrected-archive-csv
162860,Luleå-Kallax Flygplats,21,Byvind,"max, 1 gång/tim",meter per sekund,2022-04-20T00:00:00Z,2022-04-20T02:00:00+02:00,1650412800000,,1.0,1.0,G,,corrected-archive-csv
162860,Luleå-Kallax Flygplats,21,Byvind,"max, 1 gång/tim",meter per sekund,2022-04-20T05:00:00Z,2022-04-20T07:00:00+02:00,1650430800000,,2.0,2.0,G,,corrected-archive-csv
162860,Luleå-Kallax Flygplats,21,Byvind,"max, 1 gång/tim",meter per sekund,2022-04-20T08:00:00Z,2022-04-20T10:00:00+02:00,1650441600000,,3.0,3.0,G,,corrected-archive-csv
162860,Luleå-Kallax Flygplats,21,Byvind,"max, 1 gång/tim",meter per sekund,2022-04-20T09:00:00Z,2022-04-20T11:00:00+02:00,1650445200000,,4.0,4.0,G,,corrected-archive-csv
162860,Luleå-Kallax Flygplats,21,Byvind,"max, 1 gång/tim",meter per sekund,2022-04-20T10:00:00Z,2022-04-20T12:00:00+02:00,1650448800000,,5.0,5.0,G,,corrected-archive-csv
162860,Luleå-Kallax Flygplats,21,Byvind,"max, 1 gång/tim",meter per sekund,2022-04-20T12:00:00Z,2022-04-20T14:00:00+02:00,1650456000000,,4.0,4.0,G,,corrected-archive-csv
162860,Luleå-Kallax Flygplats,21,Byvind,"max, 1 gång/tim",meter per sekund,2022-04-20T14:00:00Z,2022-04-20T16:00:00+02:00,1650463200000,,5.0,5.0,G,,corrected-archive-csv
162860,Luleå-Kallax Flygplats,21,Byvind,"max, 1 gång/tim",meter per sekund,2022-04-20T15:00:00Z,2022-04-20T17:00:00+02:00,1650466800000,,4.0,4.0,G,,corrected-archive-csv
162860,Luleå-Kallax Flygplats,21,Byvind,"max, 1 gång/tim",meter per sekund,2022-04-20T18:00:00Z,2022-04-20T20:00:00+02:00,1650477600000,,3.0,3.0,G,,corrected-archive-csv
162860,Luleå-Kallax Flygplats,21,Byvind,"max, 1 gång/tim",meter per sekund,2022-04-20T20:00:00Z,2022-04-20T22:00:00+02:00,1650484800000,,2.0,2.0,G,,corrected-archive-csv
162860,Luleå-Kallax Flygplats,21,Byvind,"max, 1 gång/tim",meter per sekund,2022-04-20T21:00:00Z,2022-04-20T23:00:00+02:00,1650488400000,,3.0,3.0,G,,corrected-archive-csv
162860,Luleå-Kallax Flygplats,21,Byvind,"max, 1 gång/tim",meter per sekund,2022-04-21T00:00:00Z,2022-04-21T02:00:00+02:00,1650499200000,,1.0,1.0,G,,corrected-archive-csv
162860,Luleå-Kallax Flygplats,21,Byvind,"max, 1 gång/tim",meter per sekund,2022-04-21T01:00:00Z,2022-04-21T03:00:00+02:00,1650502800000,,2.0,2.0,G,,corrected-archive-csv
162860,Luleå-Kallax Flygplats,21,Byvind,"max, 1 gång/tim",meter per sekund,2022-04-21T02:00:00Z,2022-04-21T04:00:00+02:00,1650506400000,,1.0,1.0,G,,corrected-archive-csv
162860,Luleå-Kallax Flygplats,21,Byvind,"max, 1 gång/tim",meter per sekund,2022-04-21T03:00:00Z,2022-04-21T05:00:00+02:00,1650510000000,,2.0,2.0,G,,corrected-archive-csv
162860,Luleå-Kallax Flygplats,21,Byvind,"max, 1 gång/tim",meter per sekund,2022-04-21T10:00:00Z,2022-04-21T12:00:00+02:00,1650535200000,,3.0,3.0,G,,corrected-archive-csv
162860,Luleå-Kallax Flygplats,21,Byvind,"max, 1 gång/tim",meter per sekund,2022-04-21T12:00:00Z,2022-04-21T14:00:00+02:00,1650542400000,,4.0,4.0,G,,corrected-archive-csv
162860,Luleå-Kallax Flygplats,21,Byvind,"max, 1 gång/tim",meter per sekund,2022-04-21T14:00:00Z,2022-04-21T16:00:00+02:00,1650549600000,,3.0,3.0,G,,corrected-archive-csv
162860,Luleå-Kallax Flygplats,21,Byvind,"max, 1 gång/tim",meter per sekund,2022-04-21T17:00:00Z,2022-04-21T19:00:00+02:00,1650560400000,,2.0,2.0,G,,corrected-archive-csv
162860,Luleå-Kallax Flygplats,21,Byvind,"max, 1 gång/tim",meter per sekund,2022-04-21T19:00:00Z,2022-04-21T21:00:00+02:00,1650567600000,,1.0,1.0,G,,corrected-archive-csv
162860,Luleå-Kallax Flygplats,21,Byvind,"max, 1 gång/tim",meter per sekund,2022-04-21T20:00:00Z,2022-04-21T22:00:00+02:00,1650571200000,,9.0,9.0,G,,corrected-archive-csv
162860,Luleå-Kallax Flygplats,21,Byvind,"max, 1 gång/tim",meter per sekund,2022-04-21T21:00:00Z,2022-04-21T23:00:00+02:00,1650574800000,,7.0,7.0,G,,corrected-archive-csv
162860,Luleå-Kallax Flygplats,21,Byvind,"max, 1 gång/tim",meter per sekund,2022-04-21T22:00:00Z,2022-04-22T00:00:00+02:00,1650578400000,,6.0,6.0,G,,corrected-archive-csv
162860,Luleå-Kallax Flygplats,21,Byvind,"max, 1 gång/tim",meter per sekund,2022-04-22T04:00:00Z,2022-04-22T06:00:00+02:00,1650600000000,,5.0,5.0,G,,corrected-archive-csv
162860,Luleå-Kallax Flygplats,21,Byvind,"max, 1 gång/tim",meter per sekund,2022-04-22T05:00:00Z,2022-04-22T07:00:00+02:00,1650603600000,,6.0,6.0,G,,corrected-archive-csv
162860,Luleå-Kallax Flygplats,21,Byvind,"max, 1 gång/tim",meter per sekund,2022-04-22T06:00:00Z,2022-04-22T08:00:00+02:00,1650607200000,,7.0,7.0,G,,corrected-archive-csv
162860,Luleå-Kallax Flygplats,21,Byvind,"max, 1 gång/tim",meter per sekund,2022-04-22T07:00:00Z,2022-04-22T09:00:00+02:00,1650610800000,,6.0,6.0,G,,corrected-archive-csv
162860,Luleå-Kallax Flygplats,21,Byvind,"max, 1 gång/tim",meter per sekund,2022-04-22T08:00:00Z,2022-04-22T10:00:00+02:00,1650614400000,,7.0,7.0,G,,corrected-archive-csv
162860,Luleå-Kallax Flygplats,21,Byvind,"max, 1 gång/tim",meter per sekund,2022-04-22T09:00:00Z,2022-04-22T11:00:00+02:00,1650618000000,,8.0,8.0,G,,corrected-archive-csv
162860,Luleå-Kallax Flygplats,21,Byvind,"max, 1 gång/tim",meter per sekund,2022-04-22T10:00:00Z,2022-04-22T12:00:00+02:00,1650621600000,,7.0,7.0,G,,corrected-archive-csv
162860,Luleå-Kallax Flygplats,21,Byvind,"max, 1 gång/tim",meter per sekund,2022-04-22T14:00:00Z,2022-04-22T16:00:00+02:00,1650636000000,,6.0,6.0,G,,corrected-archive-csv
162860,Luleå-Kallax Flygplats,21,Byvind,"max, 1 gång/tim",meter per sekund,2022-04-22T15:00:00Z,2022-04-22T17:00:00+02:00,1650639600000,,5.0,5.0,G,,corrected-archive-csv
162860,Luleå-Kallax Flygplats,21,Byvind,"max, 1 gång/tim",meter per sekund,2022-04-22T17:00:00Z,2022-04-22T19:00:00+02:00,1650646800000,,4.0,4.0,G,,corrected-archive-csv
162860,Luleå-Kallax Flygplats,21,Byvind,"max, 1 gång/tim",meter per sekund,2022-04-22T19:00:00Z,2022-04-22T21:00:00+02:00,1650654000000,,3.0,3.0,G,,corrected-archive-csv
162860,Luleå-Kallax Flygplats,21,Byvind,"max, 1 gång/tim",meter per sekund,2022-04-22T21:00:00Z,2022-04-22T23:00:00+02:00,1650661200000,,4.0,4.0,G,,corrected-archive-csv
162860,Luleå-Kallax Flygplats,21,Byvind,"max, 1 gång/tim",meter per sekund,2022-04-23T00:00:00Z,2022-04-23T02:00:00+02:00,1650672000000,,3.0,3.0,G,,corrected-archive-csv
162860,Luleå-Kallax Flygplats,21,Byvind,"max, 1 gång/tim",meter per sekund,2022-04-23T02:00:00Z,2022-04-23T04:00:00+02:00,1650679200000,,4.0,4.0,G,,corrected-archive-csv
162860,Luleå-Kallax Flygplats,21,Byvind,"max, 1 gång/tim",meter per sekund,2022-04-23T05:00:00Z,2022-04-23T07:00:00+02:00,1650690000000,,5.0,5.0,G,,corrected-archive-csv
162860,Luleå-Kallax Flygplats,21,Byvind,"max, 1 gång/tim",meter per sekund,2022-04-23T06:00:00Z,2022-04-23T08:00:00+02:00,1650693600000,,6.0,6.0,G,,corrected-archive-csv
162860,Luleå-Kallax Flygplats,21,Byvind,"max, 1 gång/tim",meter per sekund,2022-04-23T09:00:00Z,2022-04-23T11:00:00+02:00,1650704400000,,5.0,5.0,G,,corrected-archive-csv
162860,Luleå-Kallax Flygplats,21,Byvind,"max, 1 gång/tim",meter per sekund,2022-04-23T10:00:00Z,2022-04-23T12:00:00+02:00,1650708000000,,6.0,6.0,G,,corrected-archive-csv
162860,Luleå-Kallax Flygplats,21,Byvind,"max, 1 gång/tim",meter per sekund,2022-04-23T12:00:00Z,2022-04-23T14:00:00+02:00,1650715200000,,5.0,5.0,G,,corrected-archive-csv
162860,Luleå-Kallax Flygplats,21,Byvind,"max, 1 gång/tim",meter per sekund,2022-04-23T16:00:00Z,2022-04-23T18:00:00+02:00,1650729600000,,4.0,4.0,G,,corrected-archive-csv
162860,Luleå-Kallax Flygplats,21,Byvind,"max, 1 gång/tim",meter per sekund,2022-04-23T18:00:00Z,2022-04-23T20:00:00+02:00,1650736800000,,3.0,3.0,G,,corrected-archive-csv
162860,Luleå-Kallax Flygplats,21,Byvind,"max, 1 gång/tim",meter per sekund,2022-04-23T20:00:00Z,2022-04-23T22:00:00+02:00,1650744000000,,2.0,2.0,G,,corrected-archive-csv
162860,Luleå-Kallax Flygplats,21,Byvind,"max, 1 gång/tim",meter per sekund,2022-04-23T21:00:00Z,2022-04-23T23:00:00+02:00,1650747600000,,1.0,1.0,G,,corrected-archive-csv
162860,Luleå-Kallax Flygplats,21,Byvind,"max, 1 gång/tim",meter per sekund,2022-04-23T22:00:00Z,2022-04-24T00:00:00+02:00,1650751200000,,2.0,2.0,G,,corrected-archive-csv
162860,Luleå-Kallax Flygplats,21,Byvind,"max, 1 gång/tim",meter per sekund,2022-04-23T23:00:00Z,2022-04-24T01:00:00+02:00,1650754800000,,1.0,1.0,G,,corrected-archive-csv
162860,Luleå-Kallax Flygplats,21,Byvind,"max, 1 gång/tim",meter per sekund,2022-04-24T00:00:00Z,2022-04-24T02:00:00+02:00,1650758400000,,2.0,2.0,G,,corrected-archive-csv
162860,Luleå-Kallax Flygplats,21,Byvind,"max, 1 gång/tim",meter per sekund,2022-04-24T01:00:00Z,2022-04-24T03:00:00+02:00,1650762000000,,1.0,1.0,G,,corrected-archive-csv
162860,Luleå-Kallax Flygplats,21,Byvind,"max, 1 gång/tim",meter per sekund,2022-04-24T05:00:00Z,2022-04-24T07:00:00+02:00,1650776400000,,2.0,2.0,G,,corrected-archive-csv
162860,Luleå-Kallax Flygplats,21,Byvind,"max, 1 gång/tim",meter per sekund,2022-04-24T06:00:00Z,2022-04-24T08:00:00+02:00,1650780000000,,3.0,3.0,G,,corrected-archive-csv
162860,Luleå-Kallax Flygplats,21,Byvind,"max, 1 gång/tim",meter per sekund,2022-04-24T07:00:00Z,2022-04-24T09:00:00+02:00,1650783600000,,4.0,4.0,G,,corrected-archive-csv
162860,Luleå-Kallax Flygplats,21,Byvind,"max, 1 gång/tim",meter per sekund,2022-04-24T08:00:00Z,2022-04-24T10:00:00+02:00,1650787200000,,5.0,5.0,G,,corrected-archive-csv
162860,Luleå-Kallax Flygplats,21,Byvind,"max, 1 gång/tim",meter per sekund,2022-04-24T10:00:00Z,2022-04-24T12:00:00+02:00,1650794400000,,7.0,7.0,G,,corrected-archive-csv
162860,Luleå-Kallax Flygplats,21,Byvind,"max, 1 gång/tim",meter per sekund,2022-04-24T11:00:00Z,2022-04-24T13:00:00+02:00,1650798000000,,6.0,6.0,G,,corrected-archive-csv
162860,Luleå-Kallax Flygplats,21,Byvind,"max, 1 gång/tim",meter per sekund,2022-04-24T12:00:00Z,2022-04-24T14:00:00+02:00,1650801600000,,7.0,7.0,G,,corrected-archive-csv
162860,Luleå-Kallax Flygplats,21,Byvind,"max, 1 gång/tim",meter per sekund,2022-04-24T13:00:00Z,2022-04-24T15:00:00+02:00,1650805200000,,8.0,8.0,G,,corrected-archive-csv
162860,Luleå-Kallax Flygplats,21,Byvind,"max, 1 gång/tim",meter per sekund,2022-04-24T15:00:00Z,2022-04-24T17:00:00+02:00,1650812400000,,7.0,7.0,G,,corrected-archive-csv
162860,Luleå-Kallax Flygplats,21,Byvind,"max, 1 gång/tim",meter per sekund,2022-04-24T16:00:00Z,2022-04-24T18:00:00+02:00,1650816000000,,6.0,6.0,G,,corrected-archive-csv
162860,Luleå-Kallax Flygplats,21,Byvind,"max, 1 gång/tim",meter per sekund,2022-04-24T17:00:00Z,2022-04-24T19:00:00+02:00,1650819600000,,5.0,5.0,G,,corrected-archive-csv
162860,Luleå-Kallax Flygplats,21,Byvind,"max, 1 gång/tim",meter per sekund,2022-04-24T18:00:00Z,2022-04-24T20:00:00+02:00,1650823200000,,4.0,4.0,G,,corrected-archive-csv
162860,Luleå-Kallax Flygplats,21,Byvind,"max, 1 gång/tim",meter per sekund,2022-04-24T19:00:00Z,2022-04-24T21:00:00+02:00,1650826800000,,5.0,5.0,G,,corrected-archive-csv
162860,Luleå-Kallax Flygplats,21,Byvind,"max, 1 gång/tim",meter per sekund,2022-04-24T20:00:00Z,2022-04-24T22:00:00+02:00,1650830400000,,4.0,4.0,G,,corrected-archive-csv
162860,Luleå-Kallax Flygplats,21,Byvind,"max, 1 gång/tim",meter per sekund,2022-04-25T00:00:00Z,2022-04-25T02:00:00+02:00,1650844800000,,1.0,1.0,G,,corrected-archive-csv
162860,Luleå-Kallax Flygplats,21,Byvind,"max, 1 gång/tim",meter per sekund,2022-04-25T01:00:00Z,2022-04-25T03:00:00+02:00,1650848400000,,2.0,2.0,G,,corrected-archive-csv
162860,Luleå-Kallax Flygplats,21,Byvind,"max, 1 gång/tim",meter per sekund,2022-04-25T02:00:00Z,2022-04-25T04:00:00+02:00,1650852000000,,4.0,4.0,G,,corrected-archive-csv
162860,Luleå-Kallax Flygplats,21,Byvind,"max, 1 gång/tim",meter per sekund,2022-04-25T04:00:00Z,2022-04-25T06:00:00+02:00,1650859200000,,2.0,2.0,G,,corrected-archive-csv
162860,Luleå-Kallax Flygplats,21,Byvind,"max, 1 gång/tim",meter per sekund,2022-04-25T05:00:00Z,2022-04-25T07:00:00+02:00,1650862800000,,3.0,3.0,G,,corrected-archive-csv
162860,Luleå-Kallax Flygplats,21,Byvind,"max, 1 gång/tim",meter per sekund,2022-04-25T07:00:00Z,2022-04-25T09:00:00+02:00,1650870000000,,4.0,4.0,G,,corrected-archive-csv
162860,Luleå-Kallax Flygplats,21,Byvind,"max, 1 gång/tim",meter per sekund,2022-04-25T08:00:00Z,2022-04-25T10:00:00+02:00,1650873600000,,5.0,5.0,G,,corrected-archive-csv
162860,Luleå-Kallax Flygplats,21,Byvind,"max, 1 gång/tim",meter per sekund,2022-04-25T09:00:00Z,2022-04-25T11:00:00+02:00,1650877200000,,4.0,4.0,G,,corrected-archive-csv
162860,Luleå-Kallax Flygplats,21,Byvind,"max, 1 gång/tim",meter per sekund,2022-04-25T12:00:00Z,2022-04-25T14:00:00+02:00,1650888000000,,5.0,5.0,G,,corrected-archive-csv
162860,Luleå-Kallax Flygplats,21,Byvind,"max, 1 gång/tim",meter per sekund,2022-04-25T13:00:00Z,2022-04-25T15:00:00+02:00,1650891600000,,7.0,7.0,G,,corrected-archive-csv
162860,Luleå-Kallax Flygplats,21,Byvind,"max, 1 gång/tim",meter per sekund,2022-04-25T15:00:00Z,2022-04-25T17:00:00+02:00,1650898800000,,4.0,4.0,G,,corrected-archive-csv
162860,Luleå-Kallax Flygplats,21,Byvind,"max, 1 gång/tim",meter per sekund,2022-04-25T16:00:00Z,2022-04-25T18:00:00+02:00,1650902400000,,5.0,5.0,G,,corrected-archive-csv
162860,Luleå-Kallax Flygplats,21,Byvind,"max, 1 gång/tim",meter per sekund,2022-04-25T17:00:00Z,2022-04-25T19:00:00+02:00,1650906000000,,8.0,8.0,G,,corrected-archive-csv
162860,Luleå-Kallax Flygplats,21,Byvind,"max, 1 gång/tim",meter per sekund,2022-04-25T18:00:00Z,2022-04-25T20:00:00+02:00,1650909600000,,11.0,11.0,G,,corrected-archive-csv
162860,Luleå-Kallax Flygplats,21,Byvind,"max, 1 gång/tim",meter per sekund,2022-04-25T19:00:00Z,2022-04-25T21:00:00+02:00,1650913200000,,12.0,12.0,G,,corrected-archive-csv
162860,Luleå-Kallax Flygplats,21,Byvind,"max, 1 gång/tim",meter per sekund,2022-04-25T21:00:00Z,2022-04-25T23:00:00+02:00,1650920400000,,6.0,6.0,G,,corrected-archive-csv
162860,Luleå-Kallax Flygplats,21,Byvind,"max, 1 gång/tim",meter per sekund,2022-04-25T22:00:00Z,2022-04-26T00:00:00+02:00,1650924000000,,8.0,8.0,G,,corrected-archive-csv
162860,Luleå-Kallax Flygplats,21,Byvind,"max, 1 gång/tim",meter per sekund,2022-04-25T23:00:00Z,2022-04-26T01:00:00+02:00,1650927600000,,9.0,9.0,G,,corrected-archive-csv
162860,Luleå-Kallax Flygplats,21,Byvind,"max, 1 gång/tim",meter per sekund,2022-04-26T00:00:00Z,2022-04-26T02:00:00+02:00,1650931200000,,10.0,10.0,G,,corrected-archive-csv
162860,Luleå-Kallax Flygplats,21,Byvind,"max, 1 gång/tim",meter per sekund,2022-04-26T02:00:00Z,2022-04-26T04:00:00+02:00,1650938400000,,9.0,9.0,G,,corrected-archive-csv
162860,Luleå-Kallax Flygplats,21,Byvind,"max, 1 gång/tim",meter per sekund,2022-04-26T04:00:00Z,2022-04-26T06:00:00+02:00,1650945600000,,10.0,10.0,G,,corrected-archive-csv
162860,Luleå-Kallax Flygplats,21,Byvind,"max, 1 gång/tim",meter per sekund,2022-04-26T05:00:00Z,2022-04-26T07:00:00+02:00,1650949200000,,11.0,11.0,G,,corrected-archive-csv
162860,Luleå-Kallax Flygplats,21,Byvind,"max, 1 gång/tim",meter per sekund,2022-04-26T07:00:00Z,2022-04-26T09:00:00+02:00,1650956400000,,12.0,12.0,G,,corrected-archive-csv
162860,Luleå-Kallax Flygplats,21,Byvind,"max, 1 gång/tim",meter per sekund,2022-04-26T09:00:00Z,2022-04-26T11:00:00+02:00,1650963600000,,14.0,14.0,G,,corrected-archive-csv
162860,Luleå-Kallax Flygplats,21,Byvind,"max, 1 gång/tim",meter per sekund,2022-04-26T10:00:00Z,2022-04-26T12:00:00+02:00,1650967200000,,12.0,12.0,G,,corrected-archive-csv
162860,Luleå-Kallax Flygplats,21,Byvind,"max, 1 gång/tim",meter per sekund,2022-04-26T12:00:00Z,2022-04-26T14:00:00+02:00,1650974400000,,11.0,11.0,G,,corrected-archive-csv
162860,Luleå-Kallax Flygplats,21,Byvind,"max, 1 gång/tim",meter per sekund,2022-04-26T15:00:00Z,2022-04-26T17:00:00+02:00,1650985200000,,10.0,10.0,G,,corrected-archive-csv
162860,Luleå-Kallax Flygplats,21,Byvind,"max, 1 gång/tim",meter per sekund,2022-04-26T18:00:00Z,2022-04-26T20:00:00+02:00,1650996000000,,8.0,8.0,G,,corrected-archive-csv
162860,Luleå-Kallax Flygplats,21,Byvind,"max, 1 gång/tim",meter per sekund,2022-04-26T19:00:00Z,2022-04-26T21:00:00+02:00,1650999600000,,6.0,6.0,G,,corrected-archive-csv
162860,Luleå-Kallax Flygplats,21,Byvind,"max, 1 gång/tim",meter per sekund,2022-04-26T20:00:00Z,2022-04-26T22:00:00+02:00,1651003200000,,5.0,5.0,G,,corrected-archive-csv
162860,Luleå-Kallax Flygplats,21,Byvind,"max, 1 gång/tim",meter per sekund,2022-04-26T21:00:00Z,2022-04-26T23:00:00+02:00,1651006800000,,4.0,4.0,G,,corrected-archive-csv
162860,Luleå-Kallax Flygplats,21,Byvind,"max, 1 gång/tim",meter per sekund,2022-04-26T22:00:00Z,2022-04-27T00:00:00+02:00,1651010400000,,6.0,6.0,G,,corrected-archive-csv
162860,Luleå-Kallax Flygplats,21,Byvind,"max, 1 gång/tim",meter per sekund,2022-04-27T00:00:00Z,2022-04-27T02:00:00+02:00,1651017600000,,5.0,5.0,G,,corrected-archive-csv
162860,Luleå-Kallax Flygplats,21,Byvind,"max, 1 gång/tim",meter per sekund,2022-04-27T02:00:00Z,2022-04-27T04:00:00+02:00,1651024800000,,4.0,4.0,G,,corrected-archive-csv
162860,Luleå-Kallax Flygplats,21,Byvind,"max, 1 gång/tim",meter per sekund,2022-04-27T05:00:00Z,2022-04-27T07:00:00+02:00,1651035600000,,5.0,5.0,G,,corrected-archive-csv
162860,Luleå-Kallax Flygplats,21,Byvind,"max, 1 gång/tim",meter per sekund,2022-04-27T07:00:00Z,2022-04-27T09:00:00+02:00,1651042800000,,6.0,6.0,G,,corrected-archive-csv
162860,Luleå-Kallax Flygplats,21,Byvind,"max, 1 gång/tim",meter per sekund,2022-04-27T08:00:00Z,2022-04-27T10:00:00+02:00,1651046400000,,5.0,5.0,G,,corrected-archive-csv
162860,Luleå-Kallax Flygplats,21,Byvind,"max, 1 gång/tim",meter per sekund,2022-04-27T09:00:00Z,2022-04-27T11:00:00+02:00,1651050000000,,7.0,7.0,G,,corrected-archive-csv
162860,Luleå-Kallax Flygplats,21,Byvind,"max, 1 gång/tim",meter per sekund,2022-04-27T11:00:00Z,2022-04-27T13:00:00+02:00,1651057200000,,9.0,9.0,G,,corrected-archive-csv
162860,Luleå-Kallax Flygplats,21,Byvind,"max, 1 gång/tim",meter per sekund,2022-04-27T13:00:00Z,2022-04-27T15:00:00+02:00,1651064400000,,8.0,8.0,G,,corrected-archive-csv
162860,Luleå-Kallax Flygplats,21,Byvind,"max, 1 gång/tim",meter per sekund,2022-04-27T14:00:00Z,2022-04-27T16:00:00+02:00,1651068000000,,9.0,9.0,G,,corrected-archive-csv
162860,Luleå-Kallax Flygplats,21,Byvind,"max, 1 gång/tim",meter per sekund,2022-04-27T15:00:00Z,2022-04-27T17:00:00+02:00,1651071600000,,11.0,11.0,G,,corrected-archive-csv
162860,Luleå-Kallax Flygplats,21,Byvind,"max, 1 gång/tim",meter per sekund,2022-04-27T16:00:00Z,2022-04-27T18:00:00+02:00,1651075200000,,10.0,10.0,G,,corrected-archive-csv
162860,Luleå-Kallax Flygplats,21,Byvind,"max, 1 gång/tim",meter per sekund,2022-04-27T17:00:00Z,2022-04-27T19:00:00+02:00,1651078800000,,9.0,9.0,G,,corrected-archive-csv
162860,Luleå-Kallax Flygplats,21,Byvind,"max, 1 gång/tim",meter per sekund,2022-04-27T18:00:00Z,2022-04-27T20:00:00+02:00,1651082400000,,10.0,10.0,G,,corrected-archive-csv
162860,Luleå-Kallax Flygplats,21,Byvind,"max, 1 gång/tim",meter per sekund,2022-04-27T20:00:00Z,2022-04-27T22:00:00+02:00,1651089600000,,4.0,4.0,G,,corrected-archive-csv
162860,Luleå-Kallax Flygplats,21,Byvind,"max, 1 gång/tim",meter per sekund,2022-04-27T22:00:00Z,2022-04-28T00:00:00+02:00,1651096800000,,6.0,6.0,G,,corrected-archive-csv
162860,Luleå-Kallax Flygplats,21,Byvind,"max, 1 gång/tim",meter per sekund,2022-04-27T23:00:00Z,2022-04-28T01:00:00+02:00,1651100400000,,3.0,3.0,G,,corrected-archive-csv
162860,Luleå-Kallax Flygplats,21,Byvind,"max, 1 gång/tim",meter per sekund,2022-04-28T00:00:00Z,2022-04-28T02:00:00+02:00,1651104000000,,5.0,5.0,G,,corrected-archive-csv
162860,Luleå-Kallax Flygplats,21,Byvind,"max, 1 gång/tim",meter per sekund,2022-04-28T01:00:00Z,2022-04-28T03:00:00+02:00,1651107600000,,3.0,3.0,G,,corrected-archive-csv
162860,Luleå-Kallax Flygplats,21,Byvind,"max, 1 gång/tim",meter per sekund,2022-04-28T02:00:00Z,2022-04-28T04:00:00+02:00,1651111200000,,2.0,2.0,G,,corrected-archive-csv
162860,Luleå-Kallax Flygplats,21,Byvind,"max, 1 gång/tim",meter per sekund,2022-04-28T04:00:00Z,2022-04-28T06:00:00+02:00,1651118400000,,3.0,3.0,G,,corrected-archive-csv
162860,Luleå-Kallax Flygplats,21,Byvind,"max, 1 gång/tim",meter per sekund,2022-04-28T05:00:00Z,2022-04-28T07:00:00+02:00,1651122000000,,5.0,5.0,G,,corrected-archive-csv
162860,Luleå-Kallax Flygplats,21,Byvind,"max, 1 gång/tim",meter per sekund,2022-04-28T08:00:00Z,2022-04-28T10:00:00+02:00,1651132800000,,7.0,7.0,G,,corrected-archive-csv
162860,Luleå-Kallax Flygplats,21,Byvind,"max, 1 gång/tim",meter per sekund,2022-04-28T09:00:00Z,2022-04-28T11:00:00+02:00,1651136400000,,9.0,9.0,G,,corrected-archive-csv
162860,Luleå-Kallax Flygplats,21,Byvind,"max, 1 gång/tim",meter per sekund,2022-04-28T11:00:00Z,2022-04-28T13:00:00+02:00,1651143600000,,8.0,8.0,G,,corrected-archive-csv
162860,Luleå-Kallax Flygplats,21,Byvind,"max, 1 gång/tim",meter per sekund,2022-04-28T12:00:00Z,2022-04-28T14:00:00+02:00,1651147200000,,9.0,9.0,G,,corrected-archive-csv
162860,Luleå-Kallax Flygplats,21,Byvind,"max, 1 gång/tim",meter per sekund,2022-04-28T14:00:00Z,2022-04-28T16:00:00+02:00,1651154400000,,14.0,14.0,G,,corrected-archive-csv
162860,Luleå-Kallax Flygplats,21,Byvind,"max, 1 gång/tim",meter per sekund,2022-04-28T15:00:00Z,2022-04-28T17:00:00+02:00,1651158000000,,10.0,10.0,G,,corrected-archive-csv
162860,Luleå-Kallax Flygplats,21,Byvind,"max, 1 gång/tim",meter per sekund,2022-04-28T19:00:00Z,2022-04-28T21:00:00+02:00,1651172400000,,7.0,7.0,G,,corrected-archive-csv
162860,Luleå-Kallax Flygplats,21,Byvind,"max, 1 gång/tim",meter per sekund,2022-04-28T20:00:00Z,2022-04-28T22:00:00+02:00,1651176000000,,6.0,6.0,G,,corrected-archive-csv
162860,Luleå-Kallax Flygplats,21,Byvind,"max, 1 gång/tim",meter per sekund,2022-04-28T21:00:00Z,2022-04-28T23:00:00+02:00,1651179600000,,5.0,5.0,G,,corrected-archive-csv
162860,Luleå-Kallax Flygplats,21,Byvind,"max, 1 gång/tim",meter per sekund,2022-04-28T22:00:00Z,2022-04-29T00:00:00+02:00,1651183200000,,3.0,3.0,G,,corrected-archive-csv
162860,Luleå-Kallax Flygplats,21,Byvind,"max, 1 gång/tim",meter per sekund,2022-04-28T23:00:00Z,2022-04-29T01:00:00+02:00,1651186800000,,2.0,2.0,G,,corrected-archive-csv
162860,Luleå-Kallax Flygplats,21,Byvind,"max, 1 gång/tim",meter per sekund,2022-04-29T00:00:00Z,2022-04-29T02:00:00+02:00,1651190400000,,3.0,3.0,G,,corrected-archive-csv
162860,Luleå-Kallax Flygplats,21,Byvind,"max, 1 gång/tim",meter per sekund,2022-04-29T01:00:00Z,2022-04-29T03:00:00+02:00,1651194000000,,4.0,4.0,G,,corrected-archive-csv
162860,Luleå-Kallax Flygplats,21,Byvind,"max, 1 gång/tim",meter per sekund,2022-04-29T02:00:00Z,2022-04-29T04:00:00+02:00,1651197600000,,3.0,3.0,G,,corrected-archive-csv
162860,Luleå-Kallax Flygplats,21,Byvind,"max, 1 gång/tim",meter per sekund,2022-04-29T04:00:00Z,2022-04-29T06:00:00+02:00,1651204800000,,5.0,5.0,G,,corrected-archive-csv
162860,Luleå-Kallax Flygplats,21,Byvind,"max, 1 gång/tim",meter per sekund,2022-04-29T06:00:00Z,2022-04-29T08:00:00+02:00,1651212000000,,7.0,7.0,G,,corrected-archive-csv
162860,Luleå-Kallax Flygplats,21,Byvind,"max, 1 gång/tim",meter per sekund,2022-04-29T09:00:00Z,2022-04-29T11:00:00+02:00,1651222800000,,9.0,9.0,G,,corrected-archive-csv
162860,Luleå-Kallax Flygplats,21,Byvind,"max, 1 gång/tim",meter per sekund,2022-04-29T12:00:00Z,2022-04-29T14:00:00+02:00,1651233600000,,8.0,8.0,G,,corrected-archive-csv
162860,Luleå-Kallax Flygplats,21,Byvind,"max, 1 gång/tim",meter per sekund,2022-04-29T14:00:00Z,2022-04-29T16:00:00+02:00,1651240800000,,9.0,9.0,G,,corrected-archive-csv
162860,Luleå-Kallax Flygplats,21,Byvind,"max, 1 gång/tim",meter per sekund,2022-04-29T15:00:00Z,2022-04-29T17:00:00+02:00,1651244400000,,8.0,8.0,G,,corrected-archive-csv
162860,Luleå-Kallax Flygplats,21,Byvind,"max, 1 gång/tim",meter per sekund,2022-04-29T16:00:00Z,2022-04-29T18:00:00+02:00,1651248000000,,7.0,7.0,G,,corrected-archive-csv
162860,Luleå-Kallax Flygplats,21,Byvind,"max, 1 gång/tim",meter per sekund,2022-04-29T18:00:00Z,2022-04-29T20:00:00+02:00,1651255200000,,5.0,5.0,G,,corrected-archive-csv
162860,Luleå-Kallax Flygplats,21,Byvind,"max, 1 gång/tim",meter per sekund,2022-04-29T20:00:00Z,2022-04-29T22:00:00+02:00,1651262400000,,6.0,6.0,G,,corrected-archive-csv
162860,Luleå-Kallax Flygplats,21,Byvind,"max, 1 gång/tim",meter per sekund,2022-04-29T22:00:00Z,2022-04-30T00:00:00+02:00,1651269600000,,4.0,4.0,G,,corrected-archive-csv
162860,Luleå-Kallax Flygplats,21,Byvind,"max, 1 gång/tim",meter per sekund,2022-04-30T00:00:00Z,2022-04-30T02:00:00+02:00,1651276800000,,3.0,3.0,G,,corrected-archive-csv
162860,Luleå-Kallax Flygplats,21,Byvind,"max, 1 gång/tim",meter per sekund,2022-04-30T01:00:00Z,2022-04-30T03:00:00+02:00,1651280400000,,2.0,2.0,G,,corrected-archive-csv
162860,Luleå-Kallax Flygplats,21,Byvind,"max, 1 gång/tim",meter per sekund,2022-04-30T02:00:00Z,2022-04-30T04:00:00+02:00,1651284000000,,1.0,1.0,G,,corrected-archive-csv
162860,Luleå-Kallax Flygplats,21,Byvind,"max, 1 gång/tim",meter per sekund,2022-04-30T03:00:00Z,2022-04-30T05:00:00+02:00,1651287600000,,3.0,3.0,G,,corrected-archive-csv
162860,Luleå-Kallax Flygplats,21,Byvind,"max, 1 gång/tim",meter per sekund,2022-04-30T04:00:00Z,2022-04-30T06:00:00+02:00,1651291200000,,5.0,5.0,G,,corrected-archive-csv
162860,Luleå-Kallax Flygplats,21,Byvind,"max, 1 gång/tim",meter per sekund,2022-04-30T05:00:00Z,2022-04-30T07:00:00+02:00,1651294800000,,7.0,7.0,G,,corrected-archive-csv
162860,Luleå-Kallax Flygplats,21,Byvind,"max, 1 gång/tim",meter per sekund,2022-04-30T06:00:00Z,2022-04-30T08:00:00+02:00,1651298400000,,8.0,8.0,G,,corrected-archive-csv
162860,Luleå-Kallax Flygplats,21,Byvind,"max, 1 gång/tim",meter per sekund,2022-04-30T08:00:00Z,2022-04-30T10:00:00+02:00,1651305600000,,9.0,9.0,G,,corrected-archive-csv
162860,Luleå-Kallax Flygplats,21,Byvind,"max, 1 gång/tim",meter per sekund,2022-04-30T09:00:00Z,2022-04-30T11:00:00+02:00,1651309200000,,7.0,7.0,G,,corrected-archive-csv
162860,Luleå-Kallax Flygplats,21,Byvind,"max, 1 gång/tim",meter per sekund,2022-04-30T10:00:00Z,2022-04-30T12:00:00+02:00,1651312800000,,6.0,6.0,G,,corrected-archive-csv
162860,Luleå-Kallax Flygplats,21,Byvind,"max, 1 gång/tim",meter per sekund,2022-04-30T11:00:00Z,2022-04-30T13:00:00+02:00,1651316400000,,4.0,4.0,G,,corrected-archive-csv
162860,Luleå-Kallax Flygplats,21,Byvind,"max, 1 gång/tim",meter per sekund,2022-04-30T13:00:00Z,2022-04-30T15:00:00+02:00,1651323600000,,6.0,6.0,G,,corrected-archive-csv
162860,Luleå-Kallax Flygplats,21,Byvind,"max, 1 gång/tim",meter per sekund,2022-04-30T15:00:00Z,2022-04-30T17:00:00+02:00,1651330800000,,5.0,5.0,G,,corrected-archive-csv
162860,Luleå-Kallax Flygplats,21,Byvind,"max, 1 gång/tim",meter per sekund,2022-04-30T16:00:00Z,2022-04-30T18:00:00+02:00,1651334400000,,6.0,6.0,G,,corrected-archive-csv
162860,Luleå-Kallax Flygplats,21,Byvind,"max, 1 gång/tim",meter per sekund,2022-04-30T17:00:00Z,2022-04-30T19:00:00+02:00,1651338000000,,5.0,5.0,G,,corrected-archive-csv
162860,Luleå-Kallax Flygplats,21,Byvind,"max, 1 gång/tim",meter per sekund,2022-04-30T18:00:00Z,2022-04-30T20:00:00+02:00,1651341600000,,6.0,6.0,G,,corrected-archive-csv
162860,Luleå-Kallax Flygplats,21,Byvind,"max, 1 gång/tim",meter per sekund,2022-04-30T19:00:00Z,2022-04-30T21:00:00+02:00,1651345200000,,4.0,4.0,G,,corrected-archive-csv
162860,Luleå-Kallax Flygplats,21,Byvind,"max, 1 gång/tim",meter per sekund,2022-04-30T20:00:00Z,2022-04-30T22:00:00+02:00,1651348800000,,3.0,3.0,G,,corrected-archive-csv
162860,Luleå-Kallax Flygplats,21,Byvind,"max, 1 gång/tim",meter per sekund,2022-04-30T22:00:00Z,2022-05-01T00:00:00+02:00,1651356000000,,2.0,2.0,G,,corrected-archive-csv
162860,Luleå-Kallax Flygplats,21,Byvind,"max, 1 gång/tim",meter per sekund,2022-04-30T23:00:00Z,2022-05-01T01:00:00+02:00,1651359600000,,3.0,3.0,G,,corrected-archive-csv
162860,Luleå-Kallax Flygplats,21,Byvind,"max, 1 gång/tim",meter per sekund,2022-05-01T00:00:00Z,2022-05-01T02:00:00+02:00,1651363200000,,4.0,4.0,G,,corrected-archive-csv
162860,Luleå-Kallax Flygplats,21,Byvind,"max, 1 gång/tim",meter per sekund,2022-05-01T02:00:00Z,2022-05-01T04:00:00+02:00,1651370400000,,2.0,2.0,G,,corrected-archive-csv
162860,Luleå-Kallax Flygplats,21,Byvind,"max, 1 gång/tim",meter per sekund,2022-05-01T07:00:00Z,2022-05-01T09:00:00+02:00,1651388400000,,4.0,4.0,G,,corrected-archive-csv
162860,Luleå-Kallax Flygplats,21,Byvind,"max, 1 gång/tim",meter per sekund,2022-05-01T08:00:00Z,2022-05-01T10:00:00+02:00,1651392000000,,5.0,5.0,G,,corrected-archive-csv
162860,Luleå-Kallax Flygplats,21,Byvind,"max, 1 gång/tim",meter per sekund,2022-05-01T09:00:00Z,2022-05-01T11:00:00+02:00,1651395600000,,4.0,4.0,G,,corrected-archive-csv
162860,Luleå-Kallax Flygplats,21,Byvind,"max, 1 gång/tim",meter per sekund,2022-05-01T10:00:00Z,2022-05-01T12:00:00+02:00,1651399200000,,5.0,5.0,G,,corrected-archive-csv
162860,Luleå-Kallax Flygplats,21,Byvind,"max, 1 gång/tim",meter per sekund,2022-05-01T11:00:00Z,2022-05-01T13:00:00+02:00,1651402800000,,6.0,6.0,G,,corrected-archive-csv
162860,Luleå-Kallax Flygplats,21,Byvind,"max, 1 gång/tim",meter per sekund,2022-05-01T13:00:00Z,2022-05-01T15:00:00+02:00,1651410000000,,8.0,8.0,G,,corrected-archive-csv
162860,Luleå-Kallax Flygplats,21,Byvind,"max, 1 gång/tim",meter per sekund,2022-05-01T14:00:00Z,2022-05-01T16:00:00+02:00,1651413600000,,7.0,7.0,G,,corrected-archive-csv
162860,Luleå-Kallax Flygplats,21,Byvind,"max, 1 gång/tim",meter per sekund,2022-05-01T15:00:00Z,2022-05-01T17:00:00+02:00,1651417200000,,8.0,8.0,G,,corrected-archive-csv
162860,Luleå-Kallax Flygplats,21,Byvind,"max, 1 gång/tim",meter per sekund,2022-05-01T17:00:00Z,2022-05-01T19:00:00+02:00,1651424400000,,5.0,5.0,G,,corrected-archive-csv
162860,Luleå-Kallax Flygplats,21,Byvind,"max, 1 gång/tim",meter per sekund,2022-05-01T18:00:00Z,2022-05-01T20:00:00+02:00,1651428000000,,4.0,4.0,G,,corrected-archive-csv
162860,Luleå-Kallax Flygplats,21,Byvind,"max, 1 gång/tim",meter per sekund,2022-05-01T22:00:00Z,2022-05-02T00:00:00+02:00,1651442400000,,6.0,6.0,G,,corrected-archive-csv
162860,Luleå-Kallax Flygplats,21,Byvind,"max, 1 gång/tim",meter per sekund,2022-05-01T23:00:00Z,2022-05-02T01:00:00+02:00,1651446000000,,5.0,5.0,G,,corrected-archive-csv
162860,Luleå-Kallax Flygplats,21,Byvind,"max, 1 gång/tim",meter per sekund,2022-05-02T01:00:00Z,2022-05-02T03:00:00+02:00,1651453200000,,4.0,4.0,G,,corrected-archive-csv
162860,Luleå-Kallax Flygplats,21,Byvind,"max, 1 gång/tim",meter per sekund,2022-05-02T02:00:00Z,2022-05-02T04:00:00+02:00,1651456800000,,6.0,6.0,G,,corrected-archive-csv
162860,Luleå-Kallax Flygplats,21,Byvind,"max, 1 gång/tim",meter per sekund,2022-05-02T03:00:00Z,2022-05-02T05:00:00+02:00,1651460400000,,7.0,7.0,G,,corrected-archive-csv
162860,Luleå-Kallax Flygplats,21,Byvind,"max, 1 gång/tim",meter per sekund,2022-05-02T06:00:00Z,2022-05-02T08:00:00+02:00,1651471200000,,5.0,5.0,G,,corrected-archive-csv
162860,Luleå-Kallax Flygplats,21,Byvind,"max, 1 gång/tim",meter per sekund,2022-05-02T07:00:00Z,2022-05-02T09:00:00+02:00,1651474800000,,6.0,6.0,G,,corrected-archive-csv
162860,Luleå-Kallax Flygplats,21,Byvind,"max, 1 gång/tim",meter per sekund,2022-05-02T08:00:00Z,2022-05-02T10:00:00+02:00,1651478400000,,8.0,8.0,G,,corrected-archive-csv
162860,Luleå-Kallax Flygplats,21,Byvind,"max, 1 gång/tim",meter per sekund,2022-05-02T09:00:00Z,2022-05-02T11:00:00+02:00,1651482000000,,15.0,15.0,G,,corrected-archive-csv
162860,Luleå-Kallax Flygplats,21,Byvind,"max, 1 gång/tim",meter per sekund,2022-05-02T10:00:00Z,2022-05-02T12:00:00+02:00,1651485600000,,10.0,10.0,G,,corrected-archive-csv
162860,Luleå-Kallax Flygplats,21,Byvind,"max, 1 gång/tim",meter per sekund,2022-05-02T11:00:00Z,2022-05-02T13:00:00+02:00,1651489200000,,15.0,15.0,G,,corrected-archive-csv
162860,Luleå-Kallax Flygplats,21,Byvind,"max, 1 gång/tim",meter per sekund,2022-05-02T12:00:00Z,2022-05-02T14:00:00+02:00,1651492800000,,14.0,14.0,G,,corrected-archive-csv
162860,Luleå-Kallax Flygplats,21,Byvind,"max, 1 gång/tim",meter per sekund,2022-05-02T14:00:00Z,2022-05-02T16:00:00+02:00,1651500000000,,11.0,11.0,G,,corrected-archive-csv
162860,Luleå-Kallax Flygplats,21,Byvind,"max, 1 gång/tim",meter per sekund,2022-05-02T16:00:00Z,2022-05-02T18:00:00+02:00,1651507200000,,13.0,13.0,G,,corrected-archive-csv
162860,Luleå-Kallax Flygplats,21,Byvind,"max, 1 gång/tim",meter per sekund,2022-05-02T17:00:00Z,2022-05-02T19:00:00+02:00,1651510800000,,15.0,15.0,G,,corrected-archive-csv
162860,Luleå-Kallax Flygplats,21,Byvind,"max, 1 gång/tim",meter per sekund,2022-05-02T19:00:00Z,2022-05-02T21:00:00+02:00,1651518000000,,17.0,17.0,G,,corrected-archive-csv
162860,Luleå-Kallax Flygplats,21,Byvind,"max, 1 gång/tim",meter per sekund,2022-05-02T21:00:00Z,2022-05-02T23:00:00+02:00,1651525200000,,16.0,16.0,G,,corrected-archive-csv
162860,Luleå-Kallax Flygplats,21,Byvind,"max, 1 gång/tim",meter per sekund,2022-05-02T22:00:00Z,2022-05-03T00:00:00+02:00,1651528800000,,15.0,15.0,G,,corrected-archive-csv
162860,Luleå-Kallax Flygplats,21,Byvind,"max, 1 gång/tim",meter per sekund,2022-05-02T23:00:00Z,2022-05-03T01:00:00+02:00,1651532400000,,17.0,17.0,G,,corrected-archive-csv
162860,Luleå-Kallax Flygplats,21,Byvind,"max, 1 gång/tim",meter per sekund,2022-05-03T00:00:00Z,2022-05-03T02:00:00+02:00,1651536000000,,18.0,18.0,G,,corrected-archive-csv
162860,Luleå-Kallax Flygplats,21,Byvind,"max, 1 gång/tim",meter per sekund,2022-05-03T01:00:00Z,2022-05-03T03:00:00+02:00,1651539600000,,19.0,19.0,G,,corrected-archive-csv
162860,Luleå-Kallax Flygplats,21,Byvind,"max, 1 gång/tim",meter per sekund,2022-05-03T02:00:00Z,2022-05-03T04:00:00+02:00,1651543200000,,18.0,18.0,G,,corrected-archive-csv
162860,Luleå-Kallax Flygplats,21,Byvind,"max, 1 gång/tim",meter per sekund,2022-05-03T03:00:00Z,2022-05-03T05:00:00+02:00,1651546800000,,17.0,17.0,G,,corrected-archive-csv
162860,Luleå-Kallax Flygplats,21,Byvind,"max, 1 gång/tim",meter per sekund,2022-05-03T07:00:00Z,2022-05-03T09:00:00+02:00,1651561200000,,18.0,18.0,G,,corrected-archive-csv
162860,Luleå-Kallax Flygplats,21,Byvind,"max, 1 gång/tim",meter per sekund,2022-05-03T08:00:00Z,2022-05-03T10:00:00+02:00,1651564800000,,16.0,16.0,G,,corrected-archive-csv
162860,Luleå-Kallax Flygplats,21,Byvind,"max, 1 gång/tim",meter per sekund,2022-05-03T09:00:00Z,2022-05-03T11:00:00+02:00,1651568400000,,15.0,15.0,G,,corrected-archive-csv
162860,Luleå-Kallax Flygplats,21,Byvind,"max, 1 gång/tim",meter per sekund,2022-05-03T11:00:00Z,2022-05-03T13:00:00+02:00,1651575600000,,14.0,14.0,G,,corrected-archive-csv
162860,Luleå-Kallax Flygplats,21,Byvind,"max, 1 gång/tim",meter per sekund,2022-05-03T13:00:00Z,2022-05-03T15:00:00+02:00,1651582800000,,12.0,12.0,G,,corrected-archive-csv
162860,Luleå-Kallax Flygplats,21,Byvind,"max, 1 gång/tim",meter per sekund,2022-05-03T14:00:00Z,2022-05-03T16:00:00+02:00,1651586400000,,14.0,14.0,G,,corrected-archive-csv
162860,Luleå-Kallax Flygplats,21,Byvind,"max, 1 gång/tim",meter per sekund,2022-05-03T15:00:00Z,2022-05-03T17:00:00+02:00,1651590000000,,11.0,11.0,G,,corrected-archive-csv
162860,Luleå-Kallax Flygplats,21,Byvind,"max, 1 gång/tim",meter per sekund,2022-05-03T18:00:00Z,2022-05-03T20:00:00+02:00,1651600800000,,8.0,8.0,G,,corrected-archive-csv
162860,Luleå-Kallax Flygplats,21,Byvind,"max, 1 gång/tim",meter per sekund,2022-05-03T19:00:00Z,2022-05-03T21:00:00+02:00,1651604400000,,6.0,6.0,G,,corrected-archive-csv
162860,Luleå-Kallax Flygplats,21,Byvind,"max, 1 gång/tim",meter per sekund,2022-05-03T20:00:00Z,2022-05-03T22:00:00+02:00,1651608000000,,3.0,3.0,G,,corrected-archive-csv
162860,Luleå-Kallax Flygplats,21,Byvind,"max, 1 gång/tim",meter per sekund,2022-05-03T21:00:00Z,2022-05-03T23:00:00+02:00,1651611600000,,2.0,2.0,G,,corrected-archive-csv
162860,Luleå-Kallax Flygplats,21,Byvind,"max, 1 gång/tim",meter per sekund,2022-05-03T22:00:00Z,2022-05-04T00:00:00+02:00,1651615200000,,1.0,1.0,G,,corrected-archive-csv
162860,Luleå-Kallax Flygplats,21,Byvind,"max, 1 gång/tim",meter per sekund,2022-05-04T00:00:00Z,2022-05-04T02:00:00+02:00,1651622400000,,2.0,2.0,G,,corrected-archive-csv
162860,Luleå-Kallax Flygplats,21,Byvind,"max, 1 gång/tim",meter per sekund,2022-05-04T01:00:00Z,2022-05-04T03:00:00+02:00,1651626000000,,3.0,3.0,G,,corrected-archive-csv
162860,Luleå-Kallax Flygplats,21,Byvind,"max, 1 gång/tim",meter per sekund,2022-05-04T03:00:00Z,2022-05-04T05:00:00+02:00,1651633200000,,4.0,4.0,G,,corrected-archive-csv
162860,Luleå-Kallax Flygplats,21,Byvind,"max, 1 gång/tim",meter per sekund,2022-05-04T04:00:00Z,2022-05-04T06:00:00+02:00,1651636800000,,5.0,5.0,G,,corrected-archive-csv
162860,Luleå-Kallax Flygplats,21,Byvind,"max, 1 gång/tim",meter per sekund,2022-05-04T05:00:00Z,2022-05-04T07:00:00+02:00,1651640400000,,4.0,4.0,G,,corrected-archive-csv
162860,Luleå-Kallax Flygplats,21,Byvind,"max, 1 gång/tim",meter per sekund,2022-05-04T06:00:00Z,2022-05-04T08:00:00+02:00,1651644000000,,8.0,8.0,G,,corrected-archive-csv
162860,Luleå-Kallax Flygplats,21,Byvind,"max, 1 gång/tim",meter per sekund,2022-05-04T09:00:00Z,2022-05-04T11:00:00+02:00,1651654800000,,7.0,7.0,G,,corrected-archive-csv
162860,Luleå-Kallax Flygplats,21,Byvind,"max, 1 gång/tim",meter per sekund,2022-05-04T10:00:00Z,2022-05-04T12:00:00+02:00,1651658400000,,6.0,6.0,G,,corrected-archive-csv
162860,Luleå-Kallax Flygplats,21,Byvind,"max, 1 gång/tim",meter per sekund,2022-05-04T11:00:00Z,2022-05-04T13:00:00+02:00,1651662000000,,5.0,5.0,G,,corrected-archive-csv
162860,Luleå-Kallax Flygplats,21,Byvind,"max, 1 gång/tim",meter per sekund,2022-05-04T12:00:00Z,2022-05-04T14:00:00+02:00,1651665600000,,8.0,8.0,G,,corrected-archive-csv
162860,Luleå-Kallax Flygplats,21,Byvind,"max, 1 gång/tim",meter per sekund,2022-05-04T16:00:00Z,2022-05-04T18:00:00+02:00,1651680000000,,9.0,9.0,G,,corrected-archive-csv
162860,Luleå-Kallax Flygplats,21,Byvind,"max, 1 gång/tim",meter per sekund,2022-05-04T17:00:00Z,2022-05-04T19:00:00+02:00,1651683600000,,7.0,7.0,G,,corrected-archive-csv
162860,Luleå-Kallax Flygplats,21,Byvind,"max, 1 gång/tim",meter per sekund,2022-05-04T18:00:00Z,2022-05-04T20:00:00+02:00,1651687200000,,5.0,5.0,G,,corrected-archive-csv
162860,Luleå-Kallax Flygplats,21,Byvind,"max, 1 gång/tim",meter per sekund,2022-05-04T19:00:00Z,2022-05-04T21:00:00+02:00,1651690800000,,3.0,3.0,G,,corrected-archive-csv
162860,Luleå-Kallax Flygplats,21,Byvind,"max, 1 gång/tim",meter per sekund,2022-05-04T20:00:00Z,2022-05-04T22:00:00+02:00,1651694400000,,2.0,2.0,G,,corrected-archive-csv
162860,Luleå-Kallax Flygplats,21,Byvind,"max, 1 gång/tim",meter per sekund,2022-05-05T00:00:00Z,2022-05-05T02:00:00+02:00,1651708800000,,1.0,1.0,G,,corrected-archive-csv
162860,Luleå-Kallax Flygplats,21,Byvind,"max, 1 gång/tim",meter per sekund,2022-05-05T01:00:00Z,2022-05-05T03:00:00+02:00,1651712400000,,3.0,3.0,G,,corrected-archive-csv
162860,Luleå-Kallax Flygplats,21,Byvind,"max, 1 gång/tim",meter per sekund,2022-05-05T03:00:00Z,2022-05-05T05:00:00+02:00,1651719600000,,2.0,2.0,G,,corrected-archive-csv
162860,Luleå-Kallax Flygplats,21,Byvind,"max, 1 gång/tim",meter per sekund,2022-05-05T04:00:00Z,2022-05-05T06:00:00+02:00,1651723200000,,4.0,4.0,G,,corrected-archive-csv
162860,Luleå-Kallax Flygplats,21,Byvind,"max, 1 gång/tim",meter per sekund,2022-05-05T06:00:00Z,2022-05-05T08:00:00+02:00,1651730400000,,7.0,7.0,G,,corrected-archive-csv
162860,Luleå-Kallax Flygplats,21,Byvind,"max, 1 gång/tim",meter per sekund,2022-05-05T08:00:00Z,2022-05-05T10:00:00+02:00,1651737600000,,8.0,8.0,G,,corrected-archive-csv
162860,Luleå-Kallax Flygplats,21,Byvind,"max, 1 gång/tim",meter per sekund,2022-05-05T10:00:00Z,2022-05-05T12:00:00+02:00,1651744800000,,9.0,9.0,G,,corrected-archive-csv
162860,Luleå-Kallax Flygplats,21,Byvind,"max, 1 gång/tim",meter per sekund,2022-05-05T12:00:00Z,2022-05-05T14:00:00+02:00,1651752000000,,8.0,8.0,G,,corrected-archive-csv
162860,Luleå-Kallax Flygplats,21,Byvind,"max, 1 gång/tim",meter per sekund,2022-05-05T13:00:00Z,2022-05-05T15:00:00+02:00,1651755600000,,9.0,9.0,G,,corrected-archive-csv
162860,Luleå-Kallax Flygplats,21,Byvind,"max, 1 gång/tim",meter per sekund,2022-05-05T15:00:00Z,2022-05-05T17:00:00+02:00,1651762800000,,6.0,6.0,G,,corrected-archive-csv
162860,Luleå-Kallax Flygplats,21,Byvind,"max, 1 gång/tim",meter per sekund,2022-05-05T17:00:00Z,2022-05-05T19:00:00+02:00,1651770000000,,4.0,4.0,G,,corrected-archive-csv
162860,Luleå-Kallax Flygplats,21,Byvind,"max, 1 gång/tim",meter per sekund,2022-05-05T19:00:00Z,2022-05-05T21:00:00+02:00,1651777200000,,3.0,3.0,G,,corrected-archive-csv
162860,Luleå-Kallax Flygplats,21,Byvind,"max, 1 gång/tim",meter per sekund,2022-05-05T20:00:00Z,2022-05-05T22:00:00+02:00,1651780800000,,4.0,4.0,G,,corrected-archive-csv
162860,Luleå-Kallax Flygplats,21,Byvind,"max, 1 gång/tim",meter per sekund,2022-05-05T22:00:00Z,2022-05-06T00:00:00+02:00,1651788000000,,2.0,2.0,G,,corrected-archive-csv
162860,Luleå-Kallax Flygplats,21,Byvind,"max, 1 gång/tim",meter per sekund,2022-05-06T00:00:00Z,2022-05-06T02:00:00+02:00,1651795200000,,3.0,3.0,G,,corrected-archive-csv
162860,Luleå-Kallax Flygplats,21,Byvind,"max, 1 gång/tim",meter per sekund,2022-05-06T01:00:00Z,2022-05-06T03:00:00+02:00,1651798800000,,4.0,4.0,G,,corrected-archive-csv
162860,Luleå-Kallax Flygplats,21,Byvind,"max, 1 gång/tim",meter per sekund,2022-05-06T04:00:00Z,2022-05-06T06:00:00+02:00,1651809600000,,5.0,5.0,G,,corrected-archive-csv
162860,Luleå-Kallax Flygplats,21,Byvind,"max, 1 gång/tim",meter per sekund,2022-05-06T06:00:00Z,2022-05-06T08:00:00+02:00,1651816800000,,6.0,6.0,G,,corrected-archive-csv
162860,Luleå-Kallax Flygplats,21,Byvind,"max, 1 gång/tim",meter per sekund,2022-05-06T07:00:00Z,2022-05-06T09:00:00+02:00,1651820400000,,7.0,7.0,G,,corrected-archive-csv
162860,Luleå-Kallax Flygplats,21,Byvind,"max, 1 gång/tim",meter per sekund,2022-05-06T08:00:00Z,2022-05-06T10:00:00+02:00,1651824000000,,6.0,6.0,G,,corrected-archive-csv
162860,Luleå-Kallax Flygplats,21,Byvind,"max, 1 gång/tim",meter per sekund,2022-05-06T09:00:00Z,2022-05-06T11:00:00+02:00,1651827600000,,8.0,8.0,G,,corrected-archive-csv
162860,Luleå-Kallax Flygplats,21,Byvind,"max, 1 gång/tim",meter per sekund,2022-05-06T11:00:00Z,2022-05-06T13:00:00+02:00,1651834800000,,10.0,10.0,G,,corrected-archive-csv
162860,Luleå-Kallax Flygplats,21,Byvind,"max, 1 gång/tim",meter per sekund,2022-05-06T13:00:00Z,2022-05-06T15:00:00+02:00,1651842000000,,9.0,9.0,G,,corrected-archive-csv
162860,Luleå-Kallax Flygplats,21,Byvind,"max, 1 gång/tim",meter per sekund,2022-05-06T14:00:00Z,2022-05-06T16:00:00+02:00,1651845600000,,8.0,8.0,G,,corrected-archive-csv
162860,Luleå-Kallax Flygplats,21,Byvind,"max, 1 gång/tim",meter per sekund,2022-05-06T15:00:00Z,2022-05-06T17:00:00+02:00,1651849200000,,7.0,7.0,G,,corrected-archive-csv
162860,Luleå-Kallax Flygplats,21,Byvind,"max, 1 gång/tim",meter per sekund,2022-05-06T16:00:00Z,2022-05-06T18:00:00+02:00,1651852800000,,6.0,6.0,G,,corrected-archive-csv
162860,Luleå-Kallax Flygplats,21,Byvind,"max, 1 gång/tim",meter per sekund,2022-05-06T23:00:00Z,2022-05-07T01:00:00+02:00,1651878000000,,7.0,7.0,G,,corrected-archive-csv
162860,Luleå-Kallax Flygplats,21,Byvind,"max, 1 gång/tim",meter per sekund,2022-05-07T00:00:00Z,2022-05-07T02:00:00+02:00,1651881600000,,6.0,6.0,G,,corrected-archive-csv
162860,Luleå-Kallax Flygplats,21,Byvind,"max, 1 gång/tim",meter per sekund,2022-05-07T04:00:00Z,2022-05-07T06:00:00+02:00,1651896000000,,3.0,3.0,G,,corrected-archive-csv
162860,Luleå-Kallax Flygplats,21,Byvind,"max, 1 gång/tim",meter per sekund,2022-05-07T05:00:00Z,2022-05-07T07:00:00+02:00,1651899600000,,7.0,7.0,G,,corrected-archive-csv
162860,Luleå-Kallax Flygplats,21,Byvind,"max, 1 gång/tim",meter per sekund,2022-05-07T07:00:00Z,2022-05-07T09:00:00+02:00,1651906800000,,6.0,6.0,G,,corrected-archive-csv
162860,Luleå-Kallax Flygplats,21,Byvind,"max, 1 gång/tim",meter per sekund,2022-05-07T08:00:00Z,2022-05-07T10:00:00+02:00,1651910400000,,10.0,10.0,G,,corrected-archive-csv
162860,Luleå-Kallax Flygplats,21,Byvind,"max, 1 gång/tim",meter per sekund,2022-05-07T09:00:00Z,2022-05-07T11:00:00+02:00,1651914000000,,11.0,11.0,G,,corrected-archive-csv
162860,Luleå-Kallax Flygplats,21,Byvind,"max, 1 gång/tim",meter per sekund,2022-05-07T10:00:00Z,2022-05-07T12:00:00+02:00,1651917600000,,14.0,14.0,G,,corrected-archive-csv
162860,Luleå-Kallax Flygplats,21,Byvind,"max, 1 gång/tim",meter per sekund,2022-05-07T13:00:00Z,2022-05-07T15:00:00+02:00,1651928400000,,15.0,15.0,G,,corrected-archive-csv
162860,Luleå-Kallax Flygplats,21,Byvind,"max, 1 gång/tim",meter per sekund,2022-05-07T14:00:00Z,2022-05-07T16:00:00+02:00,1651932000000,,16.0,16.0,G,,corrected-archive-csv
162860,Luleå-Kallax Flygplats,21,Byvind,"max, 1 gång/tim",meter per sekund,2022-05-07T15:00:00Z,2022-05-07T17:00:00+02:00,1651935600000,,15.0,15.0,G,,corrected-archive-csv
162860,Luleå-Kallax Flygplats,21,Byvind,"max, 1 gång/tim",meter per sekund,2022-05-07T16:00:00Z,2022-05-07T18:00:00+02:00,1651939200000,,14.0,14.0,G,,corrected-archive-csv
162860,Luleå-Kallax Flygplats,21,Byvind,"max, 1 gång/tim",meter per sekund,2022-05-07T18:00:00Z,2022-05-07T20:00:00+02:00,1651946400000,,12.0,12.0,G,,corrected-archive-csv
162860,Luleå-Kallax Flygplats,21,Byvind,"max, 1 gång/tim",meter per sekund,2022-05-07T19:00:00Z,2022-05-07T21:00:00+02:00,1651950000000,,10.0,10.0,G,,corrected-archive-csv
162860,Luleå-Kallax Flygplats,21,Byvind,"max, 1 gång/tim",meter per sekund,2022-05-07T20:00:00Z,2022-05-07T22:00:00+02:00,1651953600000,,8.0,8.0,G,,corrected-archive-csv
162860,Luleå-Kallax Flygplats,21,Byvind,"max, 1 gång/tim",meter per sekund,2022-05-07T21:00:00Z,2022-05-07T23:00:00+02:00,1651957200000,,9.0,9.0,G,,corrected-archive-csv
162860,Luleå-Kallax Flygplats,21,Byvind,"max, 1 gång/tim",meter per sekund,2022-05-07T22:00:00Z,2022-05-08T00:00:00+02:00,1651960800000,,11.0,11.0,G,,corrected-archive-csv
162860,Luleå-Kallax Flygplats,21,Byvind,"max, 1 gång/tim",meter per sekund,2022-05-07T23:00:00Z,2022-05-08T01:00:00+02:00,1651964400000,,9.0,9.0,G,,corrected-archive-csv
162860,Luleå-Kallax Flygplats,21,Byvind,"max, 1 gång/tim",meter per sekund,2022-05-08T00:00:00Z,2022-05-08T02:00:00+02:00,1651968000000,,7.0,7.0,G,,corrected-archive-csv
162860,Luleå-Kallax Flygplats,21,Byvind,"max, 1 gång/tim",meter per sekund,2022-05-08T01:00:00Z,2022-05-08T03:00:00+02:00,1651971600000,,9.0,9.0,G,,corrected-archive-csv
162860,Luleå-Kallax Flygplats,21,Byvind,"max, 1 gång/tim",meter per sekund,2022-05-08T02:00:00Z,2022-05-08T04:00:00+02:00,1651975200000,,8.0,8.0,G,,corrected-archive-csv
162860,Luleå-Kallax Flygplats,21,Byvind,"max, 1 gång/tim",meter per sekund,2022-05-08T03:00:00Z,2022-05-08T05:00:00+02:00,1651978800000,,7.0,7.0,G,,corrected-archive-csv
162860,Luleå-Kallax Flygplats,21,Byvind,"max, 1 gång/tim",meter per sekund,2022-05-08T04:00:00Z,2022-05-08T06:00:00+02:00,1651982400000,,8.0,8.0,G,,corrected-archive-csv
162860,Luleå-Kallax Flygplats,21,Byvind,"max, 1 gång/tim",meter per sekund,2022-05-08T05:00:00Z,2022-05-08T07:00:00+02:00,1651986000000,,11.0,11.0,G,,corrected-archive-csv
162860,Luleå-Kallax Flygplats,21,Byvind,"max, 1 gång/tim",meter per sekund,2022-05-08T08:00:00Z,2022-05-08T10:00:00+02:00,1651996800000,,12.0,12.0,G,,corrected-archive-csv
162860,Luleå-Kallax Flygplats,21,Byvind,"max, 1 gång/tim",meter per sekund,2022-05-08T10:00:00Z,2022-05-08T12:00:00+02:00,1652004000000,,11.0,11.0,G,,corrected-archive-csv
162860,Luleå-Kallax Flygplats,21,Byvind,"max, 1 gång/tim",meter per sekund,2022-05-08T11:00:00Z,2022-05-08T13:00:00+02:00,1652007600000,,12.0,12.0,G,,corrected-archive-csv
162860,Luleå-Kallax Flygplats,21,Byvind,"max, 1 gång/tim",meter per sekund,2022-05-08T12:00:00Z,2022-05-08T14:00:00+02:00,1652011200000,,11.0,11.0,G,,corrected-archive-csv
162860,Luleå-Kallax Flygplats,21,Byvind,"max, 1 gång/tim",meter per sekund,2022-05-08T13:00:00Z,2022-05-08T15:00:00+02:00,1652014800000,,10.0,10.0,G,,corrected-archive-csv
162860,Luleå-Kallax Flygplats,21,Byvind,"max, 1 gång/tim",meter per sekund,2022-05-08T14:00:00Z,2022-05-08T16:00:00+02:00,1652018400000,,15.0,15.0,G,,corrected-archive-csv
162860,Luleå-Kallax Flygplats,21,Byvind,"max, 1 gång/tim",meter per sekund,2022-05-08T15:00:00Z,2022-05-08T17:00:00+02:00,1652022000000,,11.0,11.0,G,,corrected-archive-csv
162860,Luleå-Kallax Flygplats,21,Byvind,"max, 1 gång/tim",meter per sekund,2022-05-08T17:00:00Z,2022-05-08T19:00:00+02:00,1652029200000,,9.0,9.0,G,,corrected-archive-csv
162860,Luleå-Kallax Flygplats,21,Byvind,"max, 1 gång/tim",meter per sekund,2022-05-08T20:00:00Z,2022-05-08T22:00:00+02:00,1652040000000,,6.0,6.0,G,,corrected-archive-csv
162860,Luleå-Kallax Flygplats,21,Byvind,"max, 1 gång/tim",meter per sekund,2022-05-08T22:00:00Z,2022-05-09T00:00:00+02:00,1652047200000,,4.0,4.0,G,,corrected-archive-csv
162860,Luleå-Kallax Flygplats,21,Byvind,"max, 1 gång/tim",meter per sekund,2022-05-08T23:00:00Z,2022-05-09T01:00:00+02:00,1652050800000,,3.0,3.0,G,,corrected-archive-csv
162860,Luleå-Kallax Flygplats,21,Byvind,"max, 1 gång/tim",meter per sekund,2022-05-09T00:00:00Z,2022-05-09T02:00:00+02:00,1652054400000,,4.0,4.0,G,,corrected-archive-csv
162860,Luleå-Kallax Flygplats,21,Byvind,"max, 1 gång/tim",meter per sekund,2022-05-09T02:00:00Z,2022-05-09T04:00:00+02:00,1652061600000,,3.0,3.0,G,,corrected-archive-csv
162860,Luleå-Kallax Flygplats,21,Byvind,"max, 1 gång/tim",meter per sekund,2022-05-09T03:00:00Z,2022-05-09T05:00:00+02:00,1652065200000,,1.0,1.0,G,,corrected-archive-csv
162860,Luleå-Kallax Flygplats,21,Byvind,"max, 1 gång/tim",meter per sekund,2022-05-09T04:00:00Z,2022-05-09T06:00:00+02:00,1652068800000,,3.0,3.0,G,,corrected-archive-csv
162860,Luleå-Kallax Flygplats,21,Byvind,"max, 1 gång/tim",meter per sekund,2022-05-09T05:00:00Z,2022-05-09T07:00:00+02:00,1652072400000,,4.0,4.0,G,,corrected-archive-csv
162860,Luleå-Kallax Flygplats,21,Byvind,"max, 1 gång/tim",meter per sekund,2022-05-09T06:00:00Z,2022-05-09T08:00:00+02:00,1652076000000,,6.0,6.0,G,,corrected-archive-csv
162860,Luleå-Kallax Flygplats,21,Byvind,"max, 1 gång/tim",meter per sekund,2022-05-09T10:00:00Z,2022-05-09T12:00:00+02:00,1652090400000,,9.0,9.0,G,,corrected-archive-csv
162860,Luleå-Kallax Flygplats,21,Byvind,"max, 1 gång/tim",meter per sekund,2022-05-09T11:00:00Z,2022-05-09T13:00:00+02:00,1652094000000,,10.0,10.0,G,,corrected-archive-csv
162860,Luleå-Kallax Flygplats,21,Byvind,"max, 1 gång/tim",meter per sekund,2022-05-09T13:00:00Z,2022-05-09T15:00:00+02:00,1652101200000,,12.0,12.0,G,,corrected-archive-csv
162860,Luleå-Kallax Flygplats,21,Byvind,"max, 1 gång/tim",meter per sekund,2022-05-09T14:00:00Z,2022-05-09T16:00:00+02:00,1652104800000,,8.0,8.0,G,,corrected-archive-csv
162860,Luleå-Kallax Flygplats,21,Byvind,"max, 1 gång/tim",meter per sekund,2022-05-09T16:00:00Z,2022-05-09T18:00:00+02:00,1652112000000,,5.0,5.0,G,,corrected-archive-csv
162860,Luleå-Kallax Flygplats,21,Byvind,"max, 1 gång/tim",meter per sekund,2022-05-09T20:00:00Z,2022-05-09T22:00:00+02:00,1652126400000,,7.0,7.0,G,,corrected-archive-csv
162860,Luleå-Kallax Flygplats,21,Byvind,"max, 1 gång/tim",meter per sekund,2022-05-09T21:00:00Z,2022-05-09T23:00:00+02:00,1652130000000,,6.0,6.0,G,,corrected-archive-csv
162860,Luleå-Kallax Flygplats,21,Byvind,"max, 1 gång/tim",meter per sekund,2022-05-09T23:00:00Z,2022-05-10T01:00:00+02:00,1652137200000,,5.0,5.0,G,,corrected-archive-csv
162860,Luleå-Kallax Flygplats,21,Byvind,"max, 1 gång/tim",meter per sekund,2022-05-10T00:00:00Z,2022-05-10T02:00:00+02:00,1652140800000,,6.0,6.0,G,,corrected-archive-csv
162860,Luleå-Kallax Flygplats,21,Byvind,"max, 1 gång/tim",meter per sekund,2022-05-10T01:00:00Z,2022-05-10T03:00:00+02:00,1652144400000,,4.0,4.0,G,,corrected-archive-csv
162860,Luleå-Kallax Flygplats,21,Byvind,"max, 1 gång/tim",meter per sekund,2022-05-10T02:00:00Z,2022-05-10T04:00:00+02:00,1652148000000,,5.0,5.0,G,,corrected-archive-csv
162860,Luleå-Kallax Flygplats,21,Byvind,"max, 1 gång/tim",meter per sekund,2022-05-10T03:00:00Z,2022-05-10T05:00:00+02:00,1652151600000,,6.0,6.0,G,,corrected-archive-csv
162860,Luleå-Kallax Flygplats,21,Byvind,"max, 1 gång/tim",meter per sekund,2022-05-10T05:00:00Z,2022-05-10T07:00:00+02:00,1652158800000,,7.0,7.0,G,,corrected-archive-csv
162860,Luleå-Kallax Flygplats,21,Byvind,"max, 1 gång/tim",meter per sekund,2022-05-10T06:00:00Z,2022-05-10T08:00:00+02:00,1652162400000,,6.0,6.0,G,,corrected-archive-csv
162860,Luleå-Kallax Flygplats,21,Byvind,"max, 1 gång/tim",meter per sekund,2022-05-10T08:00:00Z,2022-05-10T10:00:00+02:00,1652169600000,,7.0,7.0,G,,corrected-archive-csv
162860,Luleå-Kallax Flygplats,21,Byvind,"max, 1 gång/tim",meter per sekund,2022-05-10T09:00:00Z,2022-05-10T11:00:00+02:00,1652173200000,,8.0,8.0,G,,corrected-archive-csv
162860,Luleå-Kallax Flygplats,21,Byvind,"max, 1 gång/tim",meter per sekund,2022-05-10T10:00:00Z,2022-05-10T12:00:00+02:00,1652176800000,,9.0,9.0,G,,corrected-archive-csv
162860,Luleå-Kallax Flygplats,21,Byvind,"max, 1 gång/tim",meter per sekund,2022-05-10T12:00:00Z,2022-05-10T14:00:00+02:00,1652184000000,,8.0,8.0,G,,corrected-archive-csv
162860,Luleå-Kallax Flygplats,21,Byvind,"max, 1 gång/tim",meter per sekund,2022-05-10T13:00:00Z,2022-05-10T15:00:00+02:00,1652187600000,,9.0,9.0,G,,corrected-archive-csv
162860,Luleå-Kallax Flygplats,21,Byvind,"max, 1 gång/tim",meter per sekund,2022-05-10T14:00:00Z,2022-05-10T16:00:00+02:00,1652191200000,,8.0,8.0,G,,corrected-archive-csv
162860,Luleå-Kallax Flygplats,21,Byvind,"max, 1 gång/tim",meter per sekund,2022-05-10T16:00:00Z,2022-05-10T18:00:00+02:00,1652198400000,,7.0,7.0,G,,corrected-archive-csv
162860,Luleå-Kallax Flygplats,21,Byvind,"max, 1 gång/tim",meter per sekund,2022-05-10T18:00:00Z,2022-05-10T20:00:00+02:00,1652205600000,,6.0,6.0,G,,corrected-archive-csv
162860,Luleå-Kallax Flygplats,21,Byvind,"max, 1 gång/tim",meter per sekund,2022-05-10T20:00:00Z,2022-05-10T22:00:00+02:00,1652212800000,,7.0,7.0,G,,corrected-archive-csv
162860,Luleå-Kallax Flygplats,21,Byvind,"max, 1 gång/tim",meter per sekund,2022-05-10T21:00:00Z,2022-05-10T23:00:00+02:00,1652216400000,,8.0,8.0,G,,corrected-archive-csv
162860,Luleå-Kallax Flygplats,21,Byvind,"max, 1 gång/tim",meter per sekund,2022-05-10T22:00:00Z,2022-05-11T00:00:00+02:00,1652220000000,,6.0,6.0,G,,corrected-archive-csv
162860,Luleå-Kallax Flygplats,21,Byvind,"max, 1 gång/tim",meter per sekund,2022-05-11T01:00:00Z,2022-05-11T03:00:00+02:00,1652230800000,,7.0,7.0,G,,corrected-archive-csv
162860,Luleå-Kallax Flygplats,21,Byvind,"max, 1 gång/tim",meter per sekund,2022-05-11T04:00:00Z,2022-05-11T06:00:00+02:00,1652241600000,,6.0,6.0,G,,corrected-archive-csv
162860,Luleå-Kallax Flygplats,21,Byvind,"max, 1 gång/tim",meter per sekund,2022-05-11T05:00:00Z,2022-05-11T07:00:00+02:00,1652245200000,,5.0,5.0,G,,corrected-archive-csv
162860,Luleå-Kallax Flygplats,21,Byvind,"max, 1 gång/tim",meter per sekund,2022-05-11T06:00:00Z,2022-05-11T08:00:00+02:00,1652248800000,,6.0,6.0,G,,corrected-archive-csv
162860,Luleå-Kallax Flygplats,21,Byvind,"max, 1 gång/tim",meter per sekund,2022-05-11T07:00:00Z,2022-05-11T09:00:00+02:00,1652252400000,,5.0,5.0,G,,corrected-archive-csv
162860,Luleå-Kallax Flygplats,21,Byvind,"max, 1 gång/tim",meter per sekund,2022-05-11T08:00:00Z,2022-05-11T10:00:00+02:00,1652256000000,,3.0,3.0,G,,corrected-archive-csv
162860,Luleå-Kallax Flygplats,21,Byvind,"max, 1 gång/tim",meter per sekund,2022-05-11T09:00:00Z,2022-05-11T11:00:00+02:00,1652259600000,,2.0,2.0,G,,corrected-archive-csv
162860,Luleå-Kallax Flygplats,21,Byvind,"max, 1 gång/tim",meter per sekund,2022-05-11T12:00:00Z,2022-05-11T14:00:00+02:00,1652270400000,,3.0,3.0,G,,corrected-archive-csv
162860,Luleå-Kallax Flygplats,21,Byvind,"max, 1 gång/tim",meter per sekund,2022-05-11T13:00:00Z,2022-05-11T15:00:00+02:00,1652274000000,,7.0,7.0,G,,corrected-archive-csv
162860,Luleå-Kallax Flygplats,21,Byvind,"max, 1 gång/tim",meter per sekund,2022-05-11T14:00:00Z,2022-05-11T16:00:00+02:00,1652277600000,,6.0,6.0,G,,corrected-archive-csv
162860,Luleå-Kallax Flygplats,21,Byvind,"max, 1 gång/tim",meter per sekund,2022-05-11T15:00:00Z,2022-05-11T17:00:00+02:00,1652281200000,,5.0,5.0,G,,corrected-archive-csv
162860,Luleå-Kallax Flygplats,21,Byvind,"max, 1 gång/tim",meter per sekund,2022-05-11T17:00:00Z,2022-05-11T19:00:00+02:00,1652288400000,,4.0,4.0,G,,corrected-archive-csv
162860,Luleå-Kallax Flygplats,21,Byvind,"max, 1 gång/tim",meter per sekund,2022-05-11T18:00:00Z,2022-05-11T20:00:00+02:00,1652292000000,,5.0,5.0,G,,corrected-archive-csv
162860,Luleå-Kallax Flygplats,21,Byvind,"max, 1 gång/tim",meter per sekund,2022-05-11T19:00:00Z,2022-05-11T21:00:00+02:00,1652295600000,,3.0,3.0,G,,corrected-archive-csv
162860,Luleå-Kallax Flygplats,21,Byvind,"max, 1 gång/tim",meter per sekund,2022-05-11T22:00:00Z,2022-05-12T00:00:00+02:00,1652306400000,,2.0,2.0,G,,corrected-archive-csv
162860,Luleå-Kallax Flygplats,21,Byvind,"max, 1 gång/tim",meter per sekund,2022-05-11T23:00:00Z,2022-05-12T01:00:00+02:00,1652310000000,,1.0,1.0,G,,corrected-archive-csv
162860,Luleå-Kallax Flygplats,21,Byvind,"max, 1 gång/tim",meter per sekund,2022-05-12T00:00:00Z,2022-05-12T02:00:00+02:00,1652313600000,,2.0,2.0,G,,corrected-archive-csv
162860,Luleå-Kallax Flygplats,21,Byvind,"max, 1 gång/tim",meter per sekund,2022-05-12T02:00:00Z,2022-05-12T04:00:00+02:00,1652320800000,,2.0,2.0,G,,corrected-archive-csv
162860,Luleå-Kallax Flygplats,21,Byvind,"max, 1 gång/tim",meter per sekund,2022-05-12T03:00:00Z,2022-05-12T05:00:00+02:00,1652324400000,,3.0,3.0,G,,corrected-archive-csv
162860,Luleå-Kallax Flygplats,21,Byvind,"max, 1 gång/tim",meter per sekund,2022-05-12T04:00:00Z,2022-05-12T06:00:00+02:00,1652328000000,,2.0,2.0,G,,corrected-archive-csv
162860,Luleå-Kallax Flygplats,21,Byvind,"max, 1 gång/tim",meter per sekund,2022-05-12T05:00:00Z,2022-05-12T07:00:00+02:00,1652331600000,,3.0,3.0,G,,corrected-archive-csv
162860,Luleå-Kallax Flygplats,21,Byvind,"max, 1 gång/tim",meter per sekund,2022-05-12T08:00:00Z,2022-05-12T10:00:00+02:00,1652342400000,,4.0,4.0,G,,corrected-archive-csv
162860,Luleå-Kallax Flygplats,21,Byvind,"max, 1 gång/tim",meter per sekund,2022-05-12T10:00:00Z,2022-05-12T12:00:00+02:00,1652349600000,,6.0,6.0,G,,corrected-archive-csv
162860,Luleå-Kallax Flygplats,21,Byvind,"max, 1 gång/tim",meter per sekund,2022-05-12T11:00:00Z,2022-05-12T13:00:00+02:00,1652353200000,,5.0,5.0,G,,corrected-archive-csv
162860,Luleå-Kallax Flygplats,21,Byvind,"max, 1 gång/tim",meter per sekund,2022-05-12T12:00:00Z,2022-05-12T14:00:00+02:00,1652356800000,,4.0,4.0,G,,corrected-archive-csv
162860,Luleå-Kallax Flygplats,21,Byvind,"max, 1 gång/tim",meter per sekund,2022-05-12T13:00:00Z,2022-05-12T15:00:00+02:00,1652360400000,,5.0,5.0,G,,corrected-archive-csv
162860,Luleå-Kallax Flygplats,21,Byvind,"max, 1 gång/tim",meter per sekund,2022-05-12T16:00:00Z,2022-05-12T18:00:00+02:00,1652371200000,,6.0,6.0,G,,corrected-archive-csv
162860,Luleå-Kallax Flygplats,21,Byvind,"max, 1 gång/tim",meter per sekund,2022-05-12T17:00:00Z,2022-05-12T19:00:00+02:00,1652374800000,,4.0,4.0,G,,corrected-archive-csv
162860,Luleå-Kallax Flygplats,21,Byvind,"max, 1 gång/tim",meter per sekund,2022-05-12T20:00:00Z,2022-05-12T22:00:00+02:00,1652385600000,,2.0,2.0,G,,corrected-archive-csv
162860,Luleå-Kallax Flygplats,21,Byvind,"max, 1 gång/tim",meter per sekund,2022-05-12T22:00:00Z,2022-05-13T00:00:00+02:00,1652392800000,,5.0,5.0,G,,corrected-archive-csv
162860,Luleå-Kallax Flygplats,21,Byvind,"max, 1 gång/tim",meter per sekund,2022-05-12T23:00:00Z,2022-05-13T01:00:00+02:00,1652396400000,,4.0,4.0,G,,corrected-archive-csv
162860,Luleå-Kallax Flygplats,21,Byvind,"max, 1 gång/tim",meter per sekund,2022-05-13T00:00:00Z,2022-05-13T02:00:00+02:00,1652400000000,,3.0,3.0,G,,corrected-archive-csv
162860,Luleå-Kallax Flygplats,21,Byvind,"max, 1 gång/tim",meter per sekund,2022-05-13T02:00:00Z,2022-05-13T04:00:00+02:00,1652407200000,,5.0,5.0,G,,corrected-archive-csv
162860,Luleå-Kallax Flygplats,21,Byvind,"max, 1 gång/tim",meter per sekund,2022-05-13T04:00:00Z,2022-05-13T06:00:00+02:00,1652414400000,,6.0,6.0,G,,corrected-archive-csv
162860,Luleå-Kallax Flygplats,21,Byvind,"max, 1 gång/tim",meter per sekund,2022-05-13T05:00:00Z,2022-05-13T07:00:00+02:00,1652418000000,,7.0,7.0,G,,corrected-archive-csv
162860,Luleå-Kallax Flygplats,21,Byvind,"max, 1 gång/tim",meter per sekund,2022-05-13T06:00:00Z,2022-05-13T08:00:00+02:00,1652421600000,,6.0,6.0,G,,corrected-archive-csv
162860,Luleå-Kallax Flygplats,21,Byvind,"max, 1 gång/tim",meter per sekund,2022-05-13T07:00:00Z,2022-05-13T09:00:00+02:00,1652425200000,,7.0,7.0,G,,corrected-archive-csv
162860,Luleå-Kallax Flygplats,21,Byvind,"max, 1 gång/tim",meter per sekund,2022-05-13T08:00:00Z,2022-05-13T10:00:00+02:00,1652428800000,,6.0,6.0,G,,corrected-archive-csv
162860,Luleå-Kallax Flygplats,21,Byvind,"max, 1 gång/tim",meter per sekund,2022-05-13T09:00:00Z,2022-05-13T11:00:00+02:00,1652432400000,,7.0,7.0,G,,corrected-archive-csv
162860,Luleå-Kallax Flygplats,21,Byvind,"max, 1 gång/tim",meter per sekund,2022-05-13T11:00:00Z,2022-05-13T13:00:00+02:00,1652439600000,,8.0,8.0,G,,corrected-archive-csv
162860,Luleå-Kallax Flygplats,21,Byvind,"max, 1 gång/tim",meter per sekund,2022-05-13T13:00:00Z,2022-05-13T15:00:00+02:00,1652446800000,,7.0,7.0,G,,corrected-archive-csv
162860,Luleå-Kallax Flygplats,21,Byvind,"max, 1 gång/tim",meter per sekund,2022-05-13T16:00:00Z,2022-05-13T18:00:00+02:00,1652457600000,,8.0,8.0,G,,corrected-archive-csv
162860,Luleå-Kallax Flygplats,21,Byvind,"max, 1 gång/tim",meter per sekund,2022-05-13T17:00:00Z,2022-05-13T19:00:00+02:00,1652461200000,,5.0,5.0,G,,corrected-archive-csv
162860,Luleå-Kallax Flygplats,21,Byvind,"max, 1 gång/tim",meter per sekund,2022-05-13T18:00:00Z,2022-05-13T20:00:00+02:00,1652464800000,,4.0,4.0,G,,corrected-archive-csv
162860,Luleå-Kallax Flygplats,21,Byvind,"max, 1 gång/tim",meter per sekund,2022-05-13T19:00:00Z,2022-05-13T21:00:00+02:00,1652468400000,,3.0,3.0,G,,corrected-archive-csv
162860,Luleå-Kallax Flygplats,21,Byvind,"max, 1 gång/tim",meter per sekund,2022-05-13T20:00:00Z,2022-05-13T22:00:00+02:00,1652472000000,,2.0,2.0,G,,corrected-archive-csv
162860,Luleå-Kallax Flygplats,21,Byvind,"max, 1 gång/tim",meter per sekund,2022-05-13T22:00:00Z,2022-05-14T00:00:00+02:00,1652479200000,,1.0,1.0,G,,corrected-archive-csv
162860,Luleå-Kallax Flygplats,21,Byvind,"max, 1 gång/tim",meter per sekund,2022-05-14T02:00:00Z,2022-05-14T04:00:00+02:00,1652493600000,,4.0,4.0,G,,corrected-archive-csv
162860,Luleå-Kallax Flygplats,21,Byvind,"max, 1 gång/tim",meter per sekund,2022-05-14T04:00:00Z,2022-05-14T06:00:00+02:00,1652500800000,,2.0,2.0,G,,corrected-archive-csv
162860,Luleå-Kallax Flygplats,21,Byvind,"max, 1 gång/tim",meter per sekund,2022-05-14T05:00:00Z,2022-05-14T07:00:00+02:00,1652504400000,,4.0,4.0,G,,corrected-archive-csv
162860,Luleå-Kallax Flygplats,21,Byvind,"max, 1 gång/tim",meter per sekund,2022-05-14T06:00:00Z,2022-05-14T08:00:00+02:00,1652508000000,,6.0,6.0,G,,corrected-archive-csv
162860,Luleå-Kallax Flygplats,21,Byvind,"max, 1 gång/tim",meter per sekund,2022-05-14T08:00:00Z,2022-05-14T10:00:00+02:00,1652515200000,,5.0,5.0,G,,corrected-archive-csv
162860,Luleå-Kallax Flygplats,21,Byvind,"max, 1 gång/tim",meter per sekund,2022-05-14T09:00:00Z,2022-05-14T11:00:00+02:00,1652518800000,,6.0,6.0,G,,corrected-archive-csv
162860,Luleå-Kallax Flygplats,21,Byvind,"max, 1 gång/tim",meter per sekund,2022-05-14T12:00:00Z,2022-05-14T14:00:00+02:00,1652529600000,,7.0,7.0,G,,corrected-archive-csv
162860,Luleå-Kallax Flygplats,21,Byvind,"max, 1 gång/tim",meter per sekund,2022-05-14T13:00:00Z,2022-05-14T15:00:00+02:00,1652533200000,,6.0,6.0,G,,corrected-archive-csv
162860,Luleå-Kallax Flygplats,21,Byvind,"max, 1 gång/tim",meter per sekund,2022-05-14T14:00:00Z,2022-05-14T16:00:00+02:00,1652536800000,,5.0,5.0,G,,corrected-archive-csv
162860,Luleå-Kallax Flygplats,21,Byvind,"max, 1 gång/tim",meter per sekund,2022-05-14T15:00:00Z,2022-05-14T17:00:00+02:00,1652540400000,,4.0,4.0,G,,corrected-archive-csv
162860,Luleå-Kallax Flygplats,21,Byvind,"max, 1 gång/tim",meter per sekund,2022-05-14T16:00:00Z,2022-05-14T18:00:00+02:00,1652544000000,,7.0,7.0,G,,corrected-archive-csv
162860,Luleå-Kallax Flygplats,21,Byvind,"max, 1 gång/tim",meter per sekund,2022-05-14T17:00:00Z,2022-05-14T19:00:00+02:00,1652547600000,,9.0,9.0,G,,corrected-archive-csv
162860,Luleå-Kallax Flygplats,21,Byvind,"max, 1 gång/tim",meter per sekund,2022-05-14T19:00:00Z,2022-05-14T21:00:00+02:00,1652554800000,,5.0,5.0,G,,corrected-archive-csv
162860,Luleå-Kallax Flygplats,21,Byvind,"max, 1 gång/tim",meter per sekund,2022-05-14T20:00:00Z,2022-05-14T22:00:00+02:00,1652558400000,,2.0,2.0,G,,corrected-archive-csv
162860,Luleå-Kallax Flygplats,21,Byvind,"max, 1 gång/tim",meter per sekund,2022-05-14T21:00:00Z,2022-05-14T23:00:00+02:00,1652562000000,,3.0,3.0,G,,corrected-archive-csv
162860,Luleå-Kallax Flygplats,21,Byvind,"max, 1 gång/tim",meter per sekund,2022-05-14T23:00:00Z,2022-05-15T01:00:00+02:00,1652569200000,,1.0,1.0,G,,corrected-archive-csv
162860,Luleå-Kallax Flygplats,21,Byvind,"max, 1 gång/tim",meter per sekund,2022-05-15T00:00:00Z,2022-05-15T02:00:00+02:00,1652572800000,,4.0,4.0,G,,corrected-archive-csv
162860,Luleå-Kallax Flygplats,21,Byvind,"max, 1 gång/tim",meter per sekund,2022-05-15T01:00:00Z,2022-05-15T03:00:00+02:00,1652576400000,,5.0,5.0,G,,corrected-archive-csv
162860,Luleå-Kallax Flygplats,21,Byvind,"max, 1 gång/tim",meter per sekund,2022-05-15T02:00:00Z,2022-05-15T04:00:00+02:00,1652580000000,,3.0,3.0,G,,corrected-archive-csv
162860,Luleå-Kallax Flygplats,21,Byvind,"max, 1 gång/tim",meter per sekund,2022-05-15T03:00:00Z,2022-05-15T05:00:00+02:00,1652583600000,,4.0,4.0,G,,corrected-archive-csv
162860,Luleå-Kallax Flygplats,21,Byvind,"max, 1 gång/tim",meter per sekund,2022-05-15T04:00:00Z,2022-05-15T06:00:00+02:00,1652587200000,,6.0,6.0,G,,corrected-archive-csv
162860,Luleå-Kallax Flygplats,21,Byvind,"max, 1 gång/tim",meter per sekund,2022-05-15T05:00:00Z,2022-05-15T07:00:00+02:00,1652590800000,,9.0,9.0,G,,corrected-archive-csv
162860,Luleå-Kallax Flygplats,21,Byvind,"max, 1 gång/tim",meter per sekund,2022-05-15T06:00:00Z,2022-05-15T08:00:00+02:00,1652594400000,,10.0,10.0,G,,corrected-archive-csv
162860,Luleå-Kallax Flygplats,21,Byvind,"max, 1 gång/tim",meter per sekund,2022-05-15T07:00:00Z,2022-05-15T09:00:00+02:00,1652598000000,,12.0,12.0,G,,corrected-archive-csv
162860,Luleå-Kallax Flygplats,21,Byvind,"max, 1 gång/tim",meter per sekund,2022-05-15T08:00:00Z,2022-05-15T10:00:00+02:00,1652601600000,,11.0,11.0,G,,corrected-archive-csv
162860,Luleå-Kallax Flygplats,21,Byvind,"max, 1 gång/tim",meter per sekund,2022-05-15T09:00:00Z,2022-05-15T11:00:00+02:00,1652605200000,,10.0,10.0,G,,corrected-archive-csv
162860,Luleå-Kallax Flygplats,21,Byvind,"max, 1 gång/tim",meter per sekund,2022-05-15T10:00:00Z,2022-05-15T12:00:00+02:00,1652608800000,,9.0,9.0,G,,corrected-archive-csv
162860,Luleå-Kallax Flygplats,21,Byvind,"max, 1 gång/tim",meter per sekund,2022-05-15T11:00:00Z,2022-05-15T13:00:00+02:00,1652612400000,,7.0,7.0,G,,corrected-archive-csv
162860,Luleå-Kallax Flygplats,21,Byvind,"max, 1 gång/tim",meter per sekund,2022-05-15T12:00:00Z,2022-05-15T14:00:00+02:00,1652616000000,,9.0,9.0,G,,corrected-archive-csv
162860,Luleå-Kallax Flygplats,21,Byvind,"max, 1 gång/tim",meter per sekund,2022-05-15T13:00:00Z,2022-05-15T15:00:00+02:00,1652619600000,,10.0,10.0,G,,corrected-archive-csv
162860,Luleå-Kallax Flygplats,21,Byvind,"max, 1 gång/tim",meter per sekund,2022-05-15T15:00:00Z,2022-05-15T17:00:00+02:00,1652626800000,,12.0,12.0,G,,corrected-archive-csv
162860,Luleå-Kallax Flygplats,21,Byvind,"max, 1 gång/tim",meter per sekund,2022-05-15T19:00:00Z,2022-05-15T21:00:00+02:00,1652641200000,,10.0,10.0,G,,corrected-archive-csv
162860,Luleå-Kallax Flygplats,21,Byvind,"max, 1 gång/tim",meter per sekund,2022-05-15T20:00:00Z,2022-05-15T22:00:00+02:00,1652644800000,,8.0,8.0,G,,corrected-archive-csv
162860,Luleå-Kallax Flygplats,21,Byvind,"max, 1 gång/tim",meter per sekund,2022-05-15T22:00:00Z,2022-05-16T00:00:00+02:00,1652652000000,,9.0,9.0,G,,corrected-archive-csv
162860,Luleå-Kallax Flygplats,21,Byvind,"max, 1 gång/tim",meter per sekund,2022-05-15T23:00:00Z,2022-05-16T01:00:00+02:00,1652655600000,,10.0,10.0,G,,corrected-archive-csv
162860,Luleå-Kallax Flygplats,21,Byvind,"max, 1 gång/tim",meter per sekund,2022-05-16T04:00:00Z,2022-05-16T06:00:00+02:00,1652673600000,,11.0,11.0,G,,corrected-archive-csv
162860,Luleå-Kallax Flygplats,21,Byvind,"max, 1 gång/tim",meter per sekund,2022-05-16T06:00:00Z,2022-05-16T08:00:00+02:00,1652680800000,,12.0,12.0,G,,corrected-archive-csv
162860,Luleå-Kallax Flygplats,21,Byvind,"max, 1 gång/tim",meter per sekund,2022-05-16T07:00:00Z,2022-05-16T09:00:00+02:00,1652684400000,,15.0,15.0,G,,corrected-archive-csv
162860,Luleå-Kallax Flygplats,21,Byvind,"max, 1 gång/tim",meter per sekund,2022-05-16T08:00:00Z,2022-05-16T10:00:00+02:00,1652688000000,,14.0,14.0,G,,corrected-archive-csv
162860,Luleå-Kallax Flygplats,21,Byvind,"max, 1 gång/tim",meter per sekund,2022-05-16T09:00:00Z,2022-05-16T11:00:00+02:00,1652691600000,,13.0,13.0,G,,corrected-archive-csv
162860,Luleå-Kallax Flygplats,21,Byvind,"max, 1 gång/tim",meter per sekund,2022-05-16T10:00:00Z,2022-05-16T12:00:00+02:00,1652695200000,,14.0,14.0,G,,corrected-archive-csv
162860,Luleå-Kallax Flygplats,21,Byvind,"max, 1 gång/tim",meter per sekund,2022-05-16T12:00:00Z,2022-05-16T14:00:00+02:00,1652702400000,,17.0,17.0,G,,corrected-archive-csv
162860,Luleå-Kallax Flygplats,21,Byvind,"max, 1 gång/tim",meter per sekund,2022-05-16T16:00:00Z,2022-05-16T18:00:00+02:00,1652716800000,,16.0,16.0,G,,corrected-archive-csv
162860,Luleå-Kallax Flygplats,21,Byvind,"max, 1 gång/tim",meter per sekund,2022-05-16T18:00:00Z,2022-05-16T20:00:00+02:00,1652724000000,,15.0,15.0,G,,corrected-archive-csv
162860,Luleå-Kallax Flygplats,21,Byvind,"max, 1 gång/tim",meter per sekund,2022-05-16T19:00:00Z,2022-05-16T21:00:00+02:00,1652727600000,,13.0,13.0,G,,corrected-archive-csv
162860,Luleå-Kallax Flygplats,21,Byvind,"max, 1 gång/tim",meter per sekund,2022-05-16T20:00:00Z,2022-05-16T22:00:00+02:00,1652731200000,,14.0,14.0,G,,corrected-archive-csv
162860,Luleå-Kallax Flygplats,21,Byvind,"max, 1 gång/tim",meter per sekund,2022-05-16T22:00:00Z,2022-05-17T00:00:00+02:00,1652738400000,,13.0,13.0,G,,corrected-archive-csv
162860,Luleå-Kallax Flygplats,21,Byvind,"max, 1 gång/tim",meter per sekund,2022-05-16T23:00:00Z,2022-05-17T01:00:00+02:00,1652742000000,,12.0,12.0,G,,corrected-archive-csv
162860,Luleå-Kallax Flygplats,21,Byvind,"max, 1 gång/tim",meter per sekund,2022-05-17T01:00:00Z,2022-05-17T03:00:00+02:00,1652749200000,,11.0,11.0,G,,corrected-archive-csv
162860,Luleå-Kallax Flygplats,21,Byvind,"max, 1 gång/tim",meter per sekund,2022-05-17T02:00:00Z,2022-05-17T04:00:00+02:00,1652752800000,,13.0,13.0,G,,corrected-archive-csv
162860,Luleå-Kallax Flygplats,21,Byvind,"max, 1 gång/tim",meter per sekund,2022-05-17T03:00:00Z,2022-05-17T05:00:00+02:00,1652756400000,,11.0,11.0,G,,corrected-archive-csv
162860,Luleå-Kallax Flygplats,21,Byvind,"max, 1 gång/tim",meter per sekund,2022-05-17T04:00:00Z,2022-05-17T06:00:00+02:00,1652760000000,,10.0,10.0,G,,corrected-archive-csv
162860,Luleå-Kallax Flygplats,21,Byvind,"max, 1 gång/tim",meter per sekund,2022-05-17T05:00:00Z,2022-05-17T07:00:00+02:00,1652763600000,,12.0,12.0,G,,corrected-archive-csv
162860,Luleå-Kallax Flygplats,21,Byvind,"max, 1 gång/tim",meter per sekund,2022-05-17T07:00:00Z,2022-05-17T09:00:00+02:00,1652770800000,,8.0,8.0,G,,corrected-archive-csv
162860,Luleå-Kallax Flygplats,21,Byvind,"max, 1 gång/tim",meter per sekund,2022-05-17T10:00:00Z,2022-05-17T12:00:00+02:00,1652781600000,,7.0,7.0,G,,corrected-archive-csv
162860,Luleå-Kallax Flygplats,21,Byvind,"max, 1 gång/tim",meter per sekund,2022-05-17T11:00:00Z,2022-05-17T13:00:00+02:00,1652785200000,,10.0,10.0,G,,corrected-archive-csv
162860,Luleå-Kallax Flygplats,21,Byvind,"max, 1 gång/tim",meter per sekund,2022-05-17T12:00:00Z,2022-05-17T14:00:00+02:00,1652788800000,,9.0,9.0,G,,corrected-archive-csv
162860,Luleå-Kallax Flygplats,21,Byvind,"max, 1 gång/tim",meter per sekund,2022-05-17T13:00:00Z,2022-05-17T15:00:00+02:00,1652792400000,,6.0,6.0,G,,corrected-archive-csv
162860,Luleå-Kallax Flygplats,21,Byvind,"max, 1 gång/tim",meter per sekund,2022-05-17T14:00:00Z,2022-05-17T16:00:00+02:00,1652796000000,,8.0,8.0,G,,corrected-archive-csv
162860,Luleå-Kallax Flygplats,21,Byvind,"max, 1 gång/tim",meter per sekund,2022-05-17T16:00:00Z,2022-05-17T18:00:00+02:00,1652803200000,,9.0,9.0,G,,corrected-archive-csv
162860,Luleå-Kallax Flygplats,21,Byvind,"max, 1 gång/tim",meter per sekund,2022-05-17T19:00:00Z,2022-05-17T21:00:00+02:00,1652814000000,,7.0,7.0,G,,corrected-archive-csv
162860,Luleå-Kallax Flygplats,21,Byvind,"max, 1 gång/tim",meter per sekund,2022-05-17T20:00:00Z,2022-05-17T22:00:00+02:00,1652817600000,,4.0,4.0,G,,corrected-archive-csv
162860,Luleå-Kallax Flygplats,21,Byvind,"max, 1 gång/tim",meter per sekund,2022-05-17T21:00:00Z,2022-05-17T23:00:00+02:00,1652821200000,,3.0,3.0,G,,corrected-archive-csv
162860,Luleå-Kallax Flygplats,21,Byvind,"max, 1 gång/tim",meter per sekund,2022-05-17T22:00:00Z,2022-05-18T00:00:00+02:00,1652824800000,,4.0,4.0,G,,corrected-archive-csv
162860,Luleå-Kallax Flygplats,21,Byvind,"max, 1 gång/tim",meter per sekund,2022-05-17T23:00:00Z,2022-05-18T01:00:00+02:00,1652828400000,,6.0,6.0,G,,corrected-archive-csv
162860,Luleå-Kallax Flygplats,21,Byvind,"max, 1 gång/tim",meter per sekund,2022-05-18T02:00:00Z,2022-05-18T04:00:00+02:00,1652839200000,,5.0,5.0,G,,corrected-archive-csv
162860,Luleå-Kallax Flygplats,21,Byvind,"max, 1 gång/tim",meter per sekund,2022-05-18T03:00:00Z,2022-05-18T05:00:00+02:00,1652842800000,,4.0,4.0,G,,corrected-archive-csv
162860,Luleå-Kallax Flygplats,21,Byvind,"max, 1 gång/tim",meter per sekund,2022-05-18T05:00:00Z,2022-05-18T07:00:00+02:00,1652850000000,,6.0,6.0,G,,corrected-archive-csv
162860,Luleå-Kallax Flygplats,21,Byvind,"max, 1 gång/tim",meter per sekund,2022-05-18T06:00:00Z,2022-05-18T08:00:00+02:00,1652853600000,,7.0,7.0,G,,corrected-archive-csv
162860,Luleå-Kallax Flygplats,21,Byvind,"max, 1 gång/tim",meter per sekund,2022-05-18T07:00:00Z,2022-05-18T09:00:00+02:00,1652857200000,,9.0,9.0,G,,corrected-archive-csv
162860,Luleå-Kallax Flygplats,21,Byvind,"max, 1 gång/tim",meter per sekund,2022-05-18T08:00:00Z,2022-05-18T10:00:00+02:00,1652860800000,,7.0,7.0,G,,corrected-archive-csv
162860,Luleå-Kallax Flygplats,21,Byvind,"max, 1 gång/tim",meter per sekund,2022-05-18T09:00:00Z,2022-05-18T11:00:00+02:00,1652864400000,,6.0,6.0,G,,corrected-archive-csv
162860,Luleå-Kallax Flygplats,21,Byvind,"max, 1 gång/tim",meter per sekund,2022-05-18T11:00:00Z,2022-05-18T13:00:00+02:00,1652871600000,,4.0,4.0,G,,corrected-archive-csv
162860,Luleå-Kallax Flygplats,21,Byvind,"max, 1 gång/tim",meter per sekund,2022-05-18T12:00:00Z,2022-05-18T14:00:00+02:00,1652875200000,,6.0,6.0,G,,corrected-archive-csv
162860,Luleå-Kallax Flygplats,21,Byvind,"max, 1 gång/tim",meter per sekund,2022-05-18T13:00:00Z,2022-05-18T15:00:00+02:00,1652878800000,,5.0,5.0,G,,corrected-archive-csv
162860,Luleå-Kallax Flygplats,21,Byvind,"max, 1 gång/tim",meter per sekund,2022-05-18T15:00:00Z,2022-05-18T17:00:00+02:00,1652886000000,,6.0,6.0,G,,corrected-archive-csv
162860,Luleå-Kallax Flygplats,21,Byvind,"max, 1 gång/tim",meter per sekund,2022-05-18T16:00:00Z,2022-05-18T18:00:00+02:00,1652889600000,,4.0,4.0,G,,corrected-archive-csv
162860,Luleå-Kallax Flygplats,21,Byvind,"max, 1 gång/tim",meter per sekund,2022-05-18T17:00:00Z,2022-05-18T19:00:00+02:00,1652893200000,,5.0,5.0,G,,corrected-archive-csv
162860,Luleå-Kallax Flygplats,21,Byvind,"max, 1 gång/tim",meter per sekund,2022-05-18T18:00:00Z,2022-05-18T20:00:00+02:00,1652896800000,,2.0,2.0,G,,corrected-archive-csv
162860,Luleå-Kallax Flygplats,21,Byvind,"max, 1 gång/tim",meter per sekund,2022-05-18T19:00:00Z,2022-05-18T21:00:00+02:00,1652900400000,,4.0,4.0,G,,corrected-archive-csv
162860,Luleå-Kallax Flygplats,21,Byvind,"max, 1 gång/tim",meter per sekund,2022-05-18T21:00:00Z,2022-05-18T23:00:00+02:00,1652907600000,,2.0,2.0,G,,corrected-archive-csv
162860,Luleå-Kallax Flygplats,21,Byvind,"max, 1 gång/tim",meter per sekund,2022-05-18T22:00:00Z,2022-05-19T00:00:00+02:00,1652911200000,,1.0,1.0,G,,corrected-archive-csv
162860,Luleå-Kallax Flygplats,21,Byvind,"max, 1 gång/tim",meter per sekund,2022-05-19T01:00:00Z,2022-05-19T03:00:00+02:00,1652922000000,,2.0,2.0,G,,corrected-archive-csv
162860,Luleå-Kallax Flygplats,21,Byvind,"max, 1 gång/tim",meter per sekund,2022-05-19T05:00:00Z,2022-05-19T07:00:00+02:00,1652936400000,,3.0,3.0,G,,corrected-archive-csv
162860,Luleå-Kallax Flygplats,21,Byvind,"max, 1 gång/tim",meter per sekund,2022-05-19T06:00:00Z,2022-05-19T08:00:00+02:00,1652940000000,,4.0,4.0,G,,corrected-archive-csv
162860,Luleå-Kallax Flygplats,21,Byvind,"max, 1 gång/tim",meter per sekund,2022-05-19T08:00:00Z,2022-05-19T10:00:00+02:00,1652947200000,,5.0,5.0,G,,corrected-archive-csv
162860,Luleå-Kallax Flygplats,21,Byvind,"max, 1 gång/tim",meter per sekund,2022-05-19T11:00:00Z,2022-05-19T13:00:00+02:00,1652958000000,,6.0,6.0,G,,corrected-archive-csv
162860,Luleå-Kallax Flygplats,21,Byvind,"max, 1 gång/tim",meter per sekund,2022-05-19T13:00:00Z,2022-05-19T15:00:00+02:00,1652965200000,,7.0,7.0,G,,corrected-archive-csv
162860,Luleå-Kallax Flygplats,21,Byvind,"max, 1 gång/tim",meter per sekund,2022-05-19T14:00:00Z,2022-05-19T16:00:00+02:00,1652968800000,,6.0,6.0,G,,corrected-archive-csv
162860,Luleå-Kallax Flygplats,21,Byvind,"max, 1 gång/tim",meter per sekund,2022-05-19T15:00:00Z,2022-05-19T17:00:00+02:00,1652972400000,,7.0,7.0,G,,corrected-archive-csv
162860,Luleå-Kallax Flygplats,21,Byvind,"max, 1 gång/tim",meter per sekund,2022-05-19T17:00:00Z,2022-05-19T19:00:00+02:00,1652979600000,,5.0,5.0,G,,corrected-archive-csv
162860,Luleå-Kallax Flygplats,21,Byvind,"max, 1 gång/tim",meter per sekund,2022-05-19T18:00:00Z,2022-05-19T20:00:00+02:00,1652983200000,,4.0,4.0,G,,corrected-archive-csv
162860,Luleå-Kallax Flygplats,21,Byvind,"max, 1 gång/tim",meter per sekund,2022-05-19T20:00:00Z,2022-05-19T22:00:00+02:00,1652990400000,,3.0,3.0,G,,corrected-archive-csv
162860,Luleå-Kallax Flygplats,21,Byvind,"max, 1 gång/tim",meter per sekund,2022-05-19T23:00:00Z,2022-05-20T01:00:00+02:00,1653001200000,,1.0,1.0,G,,corrected-archive-csv
162860,Luleå-Kallax Flygplats,21,Byvind,"max, 1 gång/tim",meter per sekund,2022-05-20T00:00:00Z,2022-05-20T02:00:00+02:00,1653004800000,,2.0,2.0,G,,corrected-archive-csv
162860,Luleå-Kallax Flygplats,21,Byvind,"max, 1 gång/tim",meter per sekund,2022-05-20T01:00:00Z,2022-05-20T03:00:00+02:00,1653008400000,,3.0,3.0,G,,corrected-archive-csv
162860,Luleå-Kallax Flygplats,21,Byvind,"max, 1 gång/tim",meter per sekund,2022-05-20T04:00:00Z,2022-05-20T06:00:00+02:00,1653019200000,,5.0,5.0,G,,corrected-archive-csv
162860,Luleå-Kallax Flygplats,21,Byvind,"max, 1 gång/tim",meter per sekund,2022-05-20T06:00:00Z,2022-05-20T08:00:00+02:00,1653026400000,,6.0,6.0,G,,corrected-archive-csv
162860,Luleå-Kallax Flygplats,21,Byvind,"max, 1 gång/tim",meter per sekund,2022-05-20T07:00:00Z,2022-05-20T09:00:00+02:00,1653030000000,,5.0,5.0,G,,corrected-archive-csv
162860,Luleå-Kallax Flygplats,21,Byvind,"max, 1 gång/tim",meter per sekund,2022-05-20T10:00:00Z,2022-05-20T12:00:00+02:00,1653040800000,,6.0,6.0,G,,corrected-archive-csv
162860,Luleå-Kallax Flygplats,21,Byvind,"max, 1 gång/tim",meter per sekund,2022-05-20T12:00:00Z,2022-05-20T14:00:00+02:00,1653048000000,,5.0,5.0,G,,corrected-archive-csv
162860,Luleå-Kallax Flygplats,21,Byvind,"max, 1 gång/tim",meter per sekund,2022-05-20T14:00:00Z,2022-05-20T16:00:00+02:00,1653055200000,,4.0,4.0,G,,corrected-archive-csv
162860,Luleå-Kallax Flygplats,21,Byvind,"max, 1 gång/tim",meter per sekund,2022-05-20T17:00:00Z,2022-05-20T19:00:00+02:00,1653066000000,,5.0,5.0,G,,corrected-archive-csv
162860,Luleå-Kallax Flygplats,21,Byvind,"max, 1 gång/tim",meter per sekund,2022-05-20T19:00:00Z,2022-05-20T21:00:00+02:00,1653073200000,,3.0,3.0,G,,corrected-archive-csv
162860,Luleå-Kallax Flygplats,21,Byvind,"max, 1 gång/tim",meter per sekund,2022-05-20T21:00:00Z,2022-05-20T23:00:00+02:00,1653080400000,,4.0,4.0,G,,corrected-archive-csv
162860,Luleå-Kallax Flygplats,21,Byvind,"max, 1 gång/tim",meter per sekund,2022-05-20T23:00:00Z,2022-05-21T01:00:00+02:00,1653087600000,,3.0,3.0,G,,corrected-archive-csv
162860,Luleå-Kallax Flygplats,21,Byvind,"max, 1 gång/tim",meter per sekund,2022-05-21T02:00:00Z,2022-05-21T04:00:00+02:00,1653098400000,,4.0,4.0,G,,corrected-archive-csv
162860,Luleå-Kallax Flygplats,21,Byvind,"max, 1 gång/tim",meter per sekund,2022-05-21T08:00:00Z,2022-05-21T10:00:00+02:00,1653120000000,,6.0,6.0,G,,corrected-archive-csv
162860,Luleå-Kallax Flygplats,21,Byvind,"max, 1 gång/tim",meter per sekund,2022-05-21T09:00:00Z,2022-05-21T11:00:00+02:00,1653123600000,,7.0,7.0,G,,corrected-archive-csv
162860,Luleå-Kallax Flygplats,21,Byvind,"max, 1 gång/tim",meter per sekund,2022-05-21T10:00:00Z,2022-05-21T12:00:00+02:00,1653127200000,,8.0,8.0,G,,corrected-archive-csv
162860,Luleå-Kallax Flygplats,21,Byvind,"max, 1 gång/tim",meter per sekund,2022-05-21T12:00:00Z,2022-05-21T14:00:00+02:00,1653134400000,,9.0,9.0,G,,corrected-archive-csv
162860,Luleå-Kallax Flygplats,21,Byvind,"max, 1 gång/tim",meter per sekund,2022-05-21T16:00:00Z,2022-05-21T18:00:00+02:00,1653148800000,,6.0,6.0,G,,corrected-archive-csv
162860,Luleå-Kallax Flygplats,21,Byvind,"max, 1 gång/tim",meter per sekund,2022-05-21T18:00:00Z,2022-05-21T20:00:00+02:00,1653156000000,,5.0,5.0,G,,corrected-archive-csv
162860,Luleå-Kallax Flygplats,21,Byvind,"max, 1 gång/tim",meter per sekund,2022-05-21T20:00:00Z,2022-05-21T22:00:00+02:00,1653163200000,,4.0,4.0,G,,corrected-archive-csv
162860,Luleå-Kallax Flygplats,21,Byvind,"max, 1 gång/tim",meter per sekund,2022-05-21T22:00:00Z,2022-05-22T00:00:00+02:00,1653170400000,,5.0,5.0,G,,corrected-archive-csv
162860,Luleå-Kallax Flygplats,21,Byvind,"max, 1 gång/tim",meter per sekund,2022-05-21T23:00:00Z,2022-05-22T01:00:00+02:00,1653174000000,,4.0,4.0,G,,corrected-archive-csv
162860,Luleå-Kallax Flygplats,21,Byvind,"max, 1 gång/tim",meter per sekund,2022-05-22T01:00:00Z,2022-05-22T03:00:00+02:00,1653181200000,,5.0,5.0,G,,corrected-archive-csv
162860,Luleå-Kallax Flygplats,21,Byvind,"max, 1 gång/tim",meter per sekund,2022-05-22T04:00:00Z,2022-05-22T06:00:00+02:00,1653192000000,,4.0,4.0,G,,corrected-archive-csv
162860,Luleå-Kallax Flygplats,21,Byvind,"max, 1 gång/tim",meter per sekund,2022-05-22T06:00:00Z,2022-05-22T08:00:00+02:00,1653199200000,,5.0,5.0,G,,corrected-archive-csv
162860,Luleå-Kallax Flygplats,21,Byvind,"max, 1 gång/tim",meter per sekund,2022-05-22T08:00:00Z,2022-05-22T10:00:00+02:00,1653206400000,,7.0,7.0,G,,corrected-archive-csv
162860,Luleå-Kallax Flygplats,21,Byvind,"max, 1 gång/tim",meter per sekund,2022-05-22T10:00:00Z,2022-05-22T12:00:00+02:00,1653213600000,,8.0,8.0,G,,corrected-archive-csv
162860,Luleå-Kallax Flygplats,21,Byvind,"max, 1 gång/tim",meter per sekund,2022-05-22T12:00:00Z,2022-05-22T14:00:00+02:00,1653220800000,,6.0,6.0,G,,corrected-archive-csv
162860,Luleå-Kallax Flygplats,21,Byvind,"max, 1 gång/tim",meter per sekund,2022-05-22T14:00:00Z,2022-05-22T16:00:00+02:00,1653228000000,,5.0,5.0,G,,corrected-archive-csv
162860,Luleå-Kallax Flygplats,21,Byvind,"max, 1 gång/tim",meter per sekund,2022-05-22T15:00:00Z,2022-05-22T17:00:00+02:00,1653231600000,,4.0,4.0,G,,corrected-archive-csv
162860,Luleå-Kallax Flygplats,21,Byvind,"max, 1 gång/tim",meter per sekund,2022-05-22T16:00:00Z,2022-05-22T18:00:00+02:00,1653235200000,,3.0,3.0,G,,corrected-archive-csv
162860,Luleå-Kallax Flygplats,21,Byvind,"max, 1 gång/tim",meter per sekund,2022-05-22T20:00:00Z,2022-05-22T22:00:00+02:00,1653249600000,,2.0,2.0,G,,corrected-archive-csv
162860,Luleå-Kallax Flygplats,21,Byvind,"max, 1 gång/tim",meter per sekund,2022-05-22T21:00:00Z,2022-05-22T23:00:00+02:00,1653253200000,,1.0,1.0,G,,corrected-archive-csv
162860,Luleå-Kallax Flygplats,21,Byvind,"max, 1 gång/tim",meter per sekund,2022-05-23T03:00:00Z,2022-05-23T05:00:00+02:00,1653274800000,,3.0,3.0,G,,corrected-archive-csv
162860,Luleå-Kallax Flygplats,21,Byvind,"max, 1 gång/tim",meter per sekund,2022-05-23T06:00:00Z,2022-05-23T08:00:00+02:00,1653285600000,,4.0,4.0,G,,corrected-archive-csv
162860,Luleå-Kallax Flygplats,21,Byvind,"max, 1 gång/tim",meter per sekund,2022-05-23T07:00:00Z,2022-05-23T09:00:00+02:00,1653289200000,,5.0,5.0,G,,corrected-archive-csv
162860,Luleå-Kallax Flygplats,21,Byvind,"max, 1 gång/tim",meter per sekund,2022-05-23T10:00:00Z,2022-05-23T12:00:00+02:00,1653300000000,,6.0,6.0,G,,corrected-archive-csv
162860,Luleå-Kallax Flygplats,21,Byvind,"max, 1 gång/tim",meter per sekund,2022-05-23T12:00:00Z,2022-05-23T14:00:00+02:00,1653307200000,,7.0,7.0,G,,corrected-archive-csv
162860,Luleå-Kallax Flygplats,21,Byvind,"max, 1 gång/tim",meter per sekund,2022-05-23T14:00:00Z,2022-05-23T16:00:00+02:00,1653314400000,,6.0,6.0,G,,corrected-archive-csv
162860,Luleå-Kallax Flygplats,21,Byvind,"max, 1 gång/tim",meter per sekund,2022-05-23T18:00:00Z,2022-05-23T20:00:00+02:00,1653328800000,,5.0,5.0,G,,corrected-archive-csv
162860,Luleå-Kallax Flygplats,21,Byvind,"max, 1 gång/tim",meter per sekund,2022-05-23T19:00:00Z,2022-05-23T21:00:00+02:00,1653332400000,,4.0,4.0,G,,corrected-archive-csv
162860,Luleå-Kallax Flygplats,21,Byvind,"max, 1 gång/tim",meter per sekund,2022-05-23T22:00:00Z,2022-05-24T00:00:00+02:00,1653343200000,,3.0,3.0,G,,corrected-archive-csv
162860,Luleå-Kallax Flygplats,21,Byvind,"max, 1 gång/tim",meter per sekund,2022-05-24T00:00:00Z,2022-05-24T02:00:00+02:00,1653350400000,,2.0,2.0,G,,corrected-archive-csv
162860,Luleå-Kallax Flygplats,21,Byvind,"max, 1 gång/tim",meter per sekund,2022-05-24T01:00:00Z,2022-05-24T03:00:00+02:00,1653354000000,,4.0,4.0,G,,corrected-archive-csv
162860,Luleå-Kallax Flygplats,21,Byvind,"max, 1 gång/tim",meter per sekund,2022-05-24T02:00:00Z,2022-05-24T04:00:00+02:00,1653357600000,,5.0,5.0,G,,corrected-archive-csv
162860,Luleå-Kallax Flygplats,21,Byvind,"max, 1 gång/tim",meter per sekund,2022-05-24T04:00:00Z,2022-05-24T06:00:00+02:00,1653364800000,,6.0,6.0,G,,corrected-archive-csv
162860,Luleå-Kallax Flygplats,21,Byvind,"max, 1 gång/tim",meter per sekund,2022-05-24T07:00:00Z,2022-05-24T09:00:00+02:00,1653375600000,,7.0,7.0,G,,corrected-archive-csv
162860,Luleå-Kallax Flygplats,21,Byvind,"max, 1 gång/tim",meter per sekund,2022-05-24T09:00:00Z,2022-05-24T11:00:00+02:00,1653382800000,,8.0,8.0,G,,corrected-archive-csv
162860,Luleå-Kallax Flygplats,21,Byvind,"max, 1 gång/tim",meter per sekund,2022-05-24T11:00:00Z,2022-05-24T13:00:00+02:00,1653390000000,,7.0,7.0,G,,corrected-archive-csv
162860,Luleå-Kallax Flygplats,21,Byvind,"max, 1 gång/tim",meter per sekund,2022-05-24T12:00:00Z,2022-05-24T14:00:00+02:00,1653393600000,,8.0,8.0,G,,corrected-archive-csv
162860,Luleå-Kallax Flygplats,21,Byvind,"max, 1 gång/tim",meter per sekund,2022-05-24T14:00:00Z,2022-05-24T16:00:00+02:00,1653400800000,,7.0,7.0,G,,corrected-archive-csv
162860,Luleå-Kallax Flygplats,21,Byvind,"max, 1 gång/tim",meter per sekund,2022-05-24T15:00:00Z,2022-05-24T17:00:00+02:00,1653404400000,,6.0,6.0,G,,corrected-archive-csv
162860,Luleå-Kallax Flygplats,21,Byvind,"max, 1 gång/tim",meter per sekund,2022-05-24T16:00:00Z,2022-05-24T18:00:00+02:00,1653408000000,,7.0,7.0,G,,corrected-archive-csv
162860,Luleå-Kallax Flygplats,21,Byvind,"max, 1 gång/tim",meter per sekund,2022-05-24T17:00:00Z,2022-05-24T19:00:00+02:00,1653411600000,,6.0,6.0,G,,corrected-archive-csv
162860,Luleå-Kallax Flygplats,21,Byvind,"max, 1 gång/tim",meter per sekund,2022-05-24T19:00:00Z,2022-05-24T21:00:00+02:00,1653418800000,,7.0,7.0,G,,corrected-archive-csv
162860,Luleå-Kallax Flygplats,21,Byvind,"max, 1 gång/tim",meter per sekund,2022-05-24T20:00:00Z,2022-05-24T22:00:00+02:00,1653422400000,,5.0,5.0,G,,corrected-archive-csv
162860,Luleå-Kallax Flygplats,21,Byvind,"max, 1 gång/tim",meter per sekund,2022-05-24T23:00:00Z,2022-05-25T01:00:00+02:00,1653433200000,,4.0,4.0,G,,corrected-archive-csv
162860,Luleå-Kallax Flygplats,21,Byvind,"max, 1 gång/tim",meter per sekund,2022-05-25T03:00:00Z,2022-05-25T05:00:00+02:00,1653447600000,,3.0,3.0,G,,corrected-archive-csv
162860,Luleå-Kallax Flygplats,21,Byvind,"max, 1 gång/tim",meter per sekund,2022-05-25T07:00:00Z,2022-05-25T09:00:00+02:00,1653462000000,,4.0,4.0,G,,corrected-archive-csv
162860,Luleå-Kallax Flygplats,21,Byvind,"max, 1 gång/tim",meter per sekund,2022-05-25T08:00:00Z,2022-05-25T10:00:00+02:00,1653465600000,,6.0,6.0,G,,corrected-archive-csv
162860,Luleå-Kallax Flygplats,21,Byvind,"max, 1 gång/tim",meter per sekund,2022-05-25T10:00:00Z,2022-05-25T12:00:00+02:00,1653472800000,,5.0,5.0,G,,corrected-archive-csv
162860,Luleå-Kallax Flygplats,21,Byvind,"max, 1 gång/tim",meter per sekund,2022-05-25T11:00:00Z,2022-05-25T13:00:00+02:00,1653476400000,,7.0,7.0,G,,corrected-archive-csv
162860,Luleå-Kallax Flygplats,21,Byvind,"max, 1 gång/tim",meter per sekund,2022-05-25T12:00:00Z,2022-05-25T14:00:00+02:00,1653480000000,,6.0,6.0,G,,corrected-archive-csv
162860,Luleå-Kallax Flygplats,21,Byvind,"max, 1 gång/tim",meter per sekund,2022-05-25T13:00:00Z,2022-05-25T15:00:00+02:00,1653483600000,,5.0,5.0,G,,corrected-archive-csv
162860,Luleå-Kallax Flygplats,21,Byvind,"max, 1 gång/tim",meter per sekund,2022-05-25T15:00:00Z,2022-05-25T17:00:00+02:00,1653490800000,,6.0,6.0,G,,corrected-archive-csv
162860,Luleå-Kallax Flygplats,21,Byvind,"max, 1 gång/tim",meter per sekund,2022-05-25T17:00:00Z,2022-05-25T19:00:00+02:00,1653498000000,,8.0,8.0,G,,corrected-archive-csv
162860,Luleå-Kallax Flygplats,21,Byvind,"max, 1 gång/tim",meter per sekund,2022-05-25T18:00:00Z,2022-05-25T20:00:00+02:00,1653501600000,,6.0,6.0,G,,corrected-archive-csv
162860,Luleå-Kallax Flygplats,21,Byvind,"max, 1 gång/tim",meter per sekund,2022-05-25T19:00:00Z,2022-05-25T21:00:00+02:00,1653505200000,,3.0,3.0,G,,corrected-archive-csv
162860,Luleå-Kallax Flygplats,21,Byvind,"max, 1 gång/tim",meter per sekund,2022-05-25T20:00:00Z,2022-05-25T22:00:00+02:00,1653508800000,,4.0,4.0,G,,corrected-archive-csv
162860,Luleå-Kallax Flygplats,21,Byvind,"max, 1 gång/tim",meter per sekund,2022-05-25T21:00:00Z,2022-05-25T23:00:00+02:00,1653512400000,,3.0,3.0,G,,corrected-archive-csv
162860,Luleå-Kallax Flygplats,21,Byvind,"max, 1 gång/tim",meter per sekund,2022-05-25T22:00:00Z,2022-05-26T00:00:00+02:00,1653516000000,,2.0,2.0,G,,corrected-archive-csv
162860,Luleå-Kallax Flygplats,21,Byvind,"max, 1 gång/tim",meter per sekund,2022-05-25T23:00:00Z,2022-05-26T01:00:00+02:00,1653519600000,,3.0,3.0,G,,corrected-archive-csv
162860,Luleå-Kallax Flygplats,21,Byvind,"max, 1 gång/tim",meter per sekund,2022-05-26T00:00:00Z,2022-05-26T02:00:00+02:00,1653523200000,,5.0,5.0,G,,corrected-archive-csv
162860,Luleå-Kallax Flygplats,21,Byvind,"max, 1 gång/tim",meter per sekund,2022-05-26T01:00:00Z,2022-05-26T03:00:00+02:00,1653526800000,,4.0,4.0,G,,corrected-archive-csv
162860,Luleå-Kallax Flygplats,21,Byvind,"max, 1 gång/tim",meter per sekund,2022-05-26T02:00:00Z,2022-05-26T04:00:00+02:00,1653530400000,,6.0,6.0,G,,corrected-archive-csv
162860,Luleå-Kallax Flygplats,21,Byvind,"max, 1 gång/tim",meter per sekund,2022-05-26T03:00:00Z,2022-05-26T05:00:00+02:00,1653534000000,,5.0,5.0,G,,corrected-archive-csv
162860,Luleå-Kallax Flygplats,21,Byvind,"max, 1 gång/tim",meter per sekund,2022-05-26T04:00:00Z,2022-05-26T06:00:00+02:00,1653537600000,,4.0,4.0,G,,corrected-archive-csv
162860,Luleå-Kallax Flygplats,21,Byvind,"max, 1 gång/tim",meter per sekund,2022-05-26T05:00:00Z,2022-05-26T07:00:00+02:00,1653541200000,,2.0,2.0,G,,corrected-archive-csv
162860,Luleå-Kallax Flygplats,21,Byvind,"max, 1 gång/tim",meter per sekund,2022-05-26T06:00:00Z,2022-05-26T08:00:00+02:00,1653544800000,,3.0,3.0,G,,corrected-archive-csv
162860,Luleå-Kallax Flygplats,21,Byvind,"max, 1 gång/tim",meter per sekund,2022-05-26T07:00:00Z,2022-05-26T09:00:00+02:00,1653548400000,,4.0,4.0,G,,corrected-archive-csv
162860,Luleå-Kallax Flygplats,21,Byvind,"max, 1 gång/tim",meter per sekund,2022-05-26T08:00:00Z,2022-05-26T10:00:00+02:00,1653552000000,,5.0,5.0,G,,corrected-archive-csv
162860,Luleå-Kallax Flygplats,21,Byvind,"max, 1 gång/tim",meter per sekund,2022-05-26T09:00:00Z,2022-05-26T11:00:00+02:00,1653555600000,,6.0,6.0,G,,corrected-archive-csv
162860,Luleå-Kallax Flygplats,21,Byvind,"max, 1 gång/tim",meter per sekund,2022-05-26T12:00:00Z,2022-05-26T14:00:00+02:00,1653566400000,,8.0,8.0,G,,corrected-archive-csv
162860,Luleå-Kallax Flygplats,21,Byvind,"max, 1 gång/tim",meter per sekund,2022-05-26T13:00:00Z,2022-05-26T15:00:00+02:00,1653570000000,,9.0,9.0,G,,corrected-archive-csv
162860,Luleå-Kallax Flygplats,21,Byvind,"max, 1 gång/tim",meter per sekund,2022-05-26T14:00:00Z,2022-05-26T16:00:00+02:00,1653573600000,,8.0,8.0,G,,corrected-archive-csv
162860,Luleå-Kallax Flygplats,21,Byvind,"max, 1 gång/tim",meter per sekund,2022-05-26T15:00:00Z,2022-05-26T17:00:00+02:00,1653577200000,,5.0,5.0,G,,corrected-archive-csv
162860,Luleå-Kallax Flygplats,21,Byvind,"max, 1 gång/tim",meter per sekund,2022-05-26T17:00:00Z,2022-05-26T19:00:00+02:00,1653584400000,,3.0,3.0,G,,corrected-archive-csv
162860,Luleå-Kallax Flygplats,21,Byvind,"max, 1 gång/tim",meter per sekund,2022-05-26T18:00:00Z,2022-05-26T20:00:00+02:00,1653588000000,,4.0,4.0,G,,corrected-archive-csv
162860,Luleå-Kallax Flygplats,21,Byvind,"max, 1 gång/tim",meter per sekund,2022-05-26T19:00:00Z,2022-05-26T21:00:00+02:00,1653591600000,,2.0,2.0,G,,corrected-archive-csv
162860,Luleå-Kallax Flygplats,21,Byvind,"max, 1 gång/tim",meter per sekund,2022-05-26T20:00:00Z,2022-05-26T22:00:00+02:00,1653595200000,,1.0,1.0,G,,corrected-archive-csv
162860,Luleå-Kallax Flygplats,21,Byvind,"max, 1 gång/tim",meter per sekund,2022-05-26T22:00:00Z,2022-05-27T00:00:00+02:00,1653602400000,,2.0,2.0,G,,corrected-archive-csv
162860,Luleå-Kallax Flygplats,21,Byvind,"max, 1 gång/tim",meter per sekund,2022-05-26T23:00:00Z,2022-05-27T01:00:00+02:00,1653606000000,,1.0,1.0,G,,corrected-archive-csv
162860,Luleå-Kallax Flygplats,21,Byvind,"max, 1 gång/tim",meter per sekund,2022-05-27T00:00:00Z,2022-05-27T02:00:00+02:00,1653609600000,,2.0,2.0,G,,corrected-archive-csv
162860,Luleå-Kallax Flygplats,21,Byvind,"max, 1 gång/tim",meter per sekund,2022-05-27T02:00:00Z,2022-05-27T04:00:00+02:00,1653616800000,,3.0,3.0,G,,corrected-archive-csv
162860,Luleå-Kallax Flygplats,21,Byvind,"max, 1 gång/tim",meter per sekund,2022-05-27T03:00:00Z,2022-05-27T05:00:00+02:00,1653620400000,,5.0,5.0,G,,corrected-archive-csv
162860,Luleå-Kallax Flygplats,21,Byvind,"max, 1 gång/tim",meter per sekund,2022-05-27T05:00:00Z,2022-05-27T07:00:00+02:00,1653627600000,,6.0,6.0,G,,corrected-archive-csv
162860,Luleå-Kallax Flygplats,21,Byvind,"max, 1 gång/tim",meter per sekund,2022-05-27T08:00:00Z,2022-05-27T10:00:00+02:00,1653638400000,,8.0,8.0,G,,corrected-archive-csv
162860,Luleå-Kallax Flygplats,21,Byvind,"max, 1 gång/tim",meter per sekund,2022-05-27T09:00:00Z,2022-05-27T11:00:00+02:00,1653642000000,,11.0,11.0,G,,corrected-archive-csv
162860,Luleå-Kallax Flygplats,21,Byvind,"max, 1 gång/tim",meter per sekund,2022-05-27T11:00:00Z,2022-05-27T13:00:00+02:00,1653649200000,,9.0,9.0,G,,corrected-archive-csv
162860,Luleå-Kallax Flygplats,21,Byvind,"max, 1 gång/tim",meter per sekund,2022-05-27T12:00:00Z,2022-05-27T14:00:00+02:00,1653652800000,,12.0,12.0,G,,corrected-archive-csv
162860,Luleå-Kallax Flygplats,21,Byvind,"max, 1 gång/tim",meter per sekund,2022-05-27T13:00:00Z,2022-05-27T15:00:00+02:00,1653656400000,,10.0,10.0,G,,corrected-archive-csv
162860,Luleå-Kallax Flygplats,21,Byvind,"max, 1 gång/tim",meter per sekund,2022-05-27T14:00:00Z,2022-05-27T16:00:00+02:00,1653660000000,,9.0,9.0,G,,corrected-archive-csv
162860,Luleå-Kallax Flygplats,21,Byvind,"max, 1 gång/tim",meter per sekund,2022-05-27T15:00:00Z,2022-05-27T17:00:00+02:00,1653663600000,,8.0,8.0,G,,corrected-archive-csv
162860,Luleå-Kallax Flygplats,21,Byvind,"max, 1 gång/tim",meter per sekund,2022-05-27T16:00:00Z,2022-05-27T18:00:00+02:00,1653667200000,,7.0,7.0,G,,corrected-archive-csv
162860,Luleå-Kallax Flygplats,21,Byvind,"max, 1 gång/tim",meter per sekund,2022-05-27T18:00:00Z,2022-05-27T20:00:00+02:00,1653674400000,,8.0,8.0,G,,corrected-archive-csv
162860,Luleå-Kallax Flygplats,21,Byvind,"max, 1 gång/tim",meter per sekund,2022-05-27T20:00:00Z,2022-05-27T22:00:00+02:00,1653681600000,,7.0,7.0,G,,corrected-archive-csv
162860,Luleå-Kallax Flygplats,21,Byvind,"max, 1 gång/tim",meter per sekund,2022-05-27T22:00:00Z,2022-05-28T00:00:00+02:00,1653688800000,,8.0,8.0,G,,corrected-archive-csv
162860,Luleå-Kallax Flygplats,21,Byvind,"max, 1 gång/tim",meter per sekund,2022-05-27T23:00:00Z,2022-05-28T01:00:00+02:00,1653692400000,,7.0,7.0,G,,corrected-archive-csv
162860,Luleå-Kallax Flygplats,21,Byvind,"max, 1 gång/tim",meter per sekund,2022-05-28T03:00:00Z,2022-05-28T05:00:00+02:00,1653706800000,,6.0,6.0,G,,corrected-archive-csv
162860,Luleå-Kallax Flygplats,21,Byvind,"max, 1 gång/tim",meter per sekund,2022-05-28T06:00:00Z,2022-05-28T08:00:00+02:00,1653717600000,,5.0,5.0,G,,corrected-archive-csv
162860,Luleå-Kallax Flygplats,21,Byvind,"max, 1 gång/tim",meter per sekund,2022-05-28T10:00:00Z,2022-05-28T12:00:00+02:00,1653732000000,,4.0,4.0,G,,corrected-archive-csv
162860,Luleå-Kallax Flygplats,21,Byvind,"max, 1 gång/tim",meter per sekund,2022-05-28T11:00:00Z,2022-05-28T13:00:00+02:00,1653735600000,,6.0,6.0,G,,corrected-archive-csv
162860,Luleå-Kallax Flygplats,21,Byvind,"max, 1 gång/tim",meter per sekund,2022-05-28T12:00:00Z,2022-05-28T14:00:00+02:00,1653739200000,,5.0,5.0,G,,corrected-archive-csv
162860,Luleå-Kallax Flygplats,21,Byvind,"max, 1 gång/tim",meter per sekund,2022-05-28T13:00:00Z,2022-05-28T15:00:00+02:00,1653742800000,,6.0,6.0,G,,corrected-archive-csv
162860,Luleå-Kallax Flygplats,21,Byvind,"max, 1 gång/tim",meter per sekund,2022-05-28T14:00:00Z,2022-05-28T16:00:00+02:00,1653746400000,,7.0,7.0,G,,corrected-archive-csv
162860,Luleå-Kallax Flygplats,21,Byvind,"max, 1 gång/tim",meter per sekund,2022-05-28T15:00:00Z,2022-05-28T17:00:00+02:00,1653750000000,,5.0,5.0,G,,corrected-archive-csv
162860,Luleå-Kallax Flygplats,21,Byvind,"max, 1 gång/tim",meter per sekund,2022-05-28T17:00:00Z,2022-05-28T19:00:00+02:00,1653757200000,,4.0,4.0,G,,corrected-archive-csv
162860,Luleå-Kallax Flygplats,21,Byvind,"max, 1 gång/tim",meter per sekund,2022-05-28T18:00:00Z,2022-05-28T20:00:00+02:00,1653760800000,,2.0,2.0,G,,corrected-archive-csv
162860,Luleå-Kallax Flygplats,21,Byvind,"max, 1 gång/tim",meter per sekund,2022-05-28T20:00:00Z,2022-05-28T22:00:00+02:00,1653768000000,,4.0,4.0,G,,corrected-archive-csv
162860,Luleå-Kallax Flygplats,21,Byvind,"max, 1 gång/tim",meter per sekund,2022-05-28T21:00:00Z,2022-05-28T23:00:00+02:00,1653771600000,,1.0,1.0,G,,corrected-archive-csv
162860,Luleå-Kallax Flygplats,21,Byvind,"max, 1 gång/tim",meter per sekund,2022-05-29T01:00:00Z,2022-05-29T03:00:00+02:00,1653786000000,,2.0,2.0,G,,corrected-archive-csv
162860,Luleå-Kallax Flygplats,21,Byvind,"max, 1 gång/tim",meter per sekund,2022-05-29T02:00:00Z,2022-05-29T04:00:00+02:00,1653789600000,,3.0,3.0,G,,corrected-archive-csv
162860,Luleå-Kallax Flygplats,21,Byvind,"max, 1 gång/tim",meter per sekund,2022-05-29T04:00:00Z,2022-05-29T06:00:00+02:00,1653796800000,,4.0,4.0,G,,corrected-archive-csv
162860,Luleå-Kallax Flygplats,21,Byvind,"max, 1 gång/tim",meter per sekund,2022-05-29T05:00:00Z,2022-05-29T07:00:00+02:00,1653800400000,,5.0,5.0,G,,corrected-archive-csv
162860,Luleå-Kallax Flygplats,21,Byvind,"max, 1 gång/tim",meter per sekund,2022-05-29T09:00:00Z,2022-05-29T11:00:00+02:00,1653814800000,,6.0,6.0,G,,corrected-archive-csv
162860,Luleå-Kallax Flygplats,21,Byvind,"max, 1 gång/tim",meter per sekund,2022-05-29T12:00:00Z,2022-05-29T14:00:00+02:00,1653825600000,,5.0,5.0,G,,corrected-archive-csv
162860,Luleå-Kallax Flygplats,21,Byvind,"max, 1 gång/tim",meter per sekund,2022-05-29T13:00:00Z,2022-05-29T15:00:00+02:00,1653829200000,,9.0,9.0,G,,corrected-archive-csv
162860,Luleå-Kallax Flygplats,21,Byvind,"max, 1 gång/tim",meter per sekund,2022-05-29T15:00:00Z,2022-05-29T17:00:00+02:00,1653836400000,,7.0,7.0,G,,corrected-archive-csv
162860,Luleå-Kallax Flygplats,21,Byvind,"max, 1 gång/tim",meter per sekund,2022-05-29T17:00:00Z,2022-05-29T19:00:00+02:00,1653843600000,,6.0,6.0,G,,corrected-archive-csv
162860,Luleå-Kallax Flygplats,21,Byvind,"max, 1 gång/tim",meter per sekund,2022-05-29T18:00:00Z,2022-05-29T20:00:00+02:00,1653847200000,,3.0,3.0,G,,corrected-archive-csv
162860,Luleå-Kallax Flygplats,21,Byvind,"max, 1 gång/tim",meter per sekund,2022-05-29T19:00:00Z,2022-05-29T21:00:00+02:00,1653850800000,,7.0,7.0,G,,corrected-archive-csv
162860,Luleå-Kallax Flygplats,21,Byvind,"max, 1 gång/tim",meter per sekund,2022-05-29T22:00:00Z,2022-05-30T00:00:00+02:00,1653861600000,,6.0,6.0,G,,corrected-archive-csv
162860,Luleå-Kallax Flygplats,21,Byvind,"max, 1 gång/tim",meter per sekund,2022-05-29T23:00:00Z,2022-05-30T01:00:00+02:00,1653865200000,,5.0,5.0,G,,corrected-archive-csv
162860,Luleå-Kallax Flygplats,21,Byvind,"max, 1 gång/tim",meter per sekund,2022-05-30T00:00:00Z,2022-05-30T02:00:00+02:00,1653868800000,,4.0,4.0,G,,corrected-archive-csv
162860,Luleå-Kallax Flygplats,21,Byvind,"max, 1 gång/tim",meter per sekund,2022-05-30T02:00:00Z,2022-05-30T04:00:00+02:00,1653876000000,,6.0,6.0,G,,corrected-archive-csv
162860,Luleå-Kallax Flygplats,21,Byvind,"max, 1 gång/tim",meter per sekund,2022-05-30T07:00:00Z,2022-05-30T09:00:00+02:00,1653894000000,,7.0,7.0,G,,corrected-archive-csv
162860,Luleå-Kallax Flygplats,21,Byvind,"max, 1 gång/tim",meter per sekund,2022-05-30T09:00:00Z,2022-05-30T11:00:00+02:00,1653901200000,,6.0,6.0,G,,corrected-archive-csv
162860,Luleå-Kallax Flygplats,21,Byvind,"max, 1 gång/tim",meter per sekund,2022-05-30T19:00:00Z,2022-05-30T21:00:00+02:00,1653937200000,,5.0,5.0,G,,corrected-archive-csv
162860,Luleå-Kallax Flygplats,21,Byvind,"max, 1 gång/tim",meter per sekund,2022-05-30T21:00:00Z,2022-05-30T23:00:00+02:00,1653944400000,,4.0,4.0,G,,corrected-archive-csv
162860,Luleå-Kallax Flygplats,21,Byvind,"max, 1 gång/tim",meter per sekund,2022-05-30T22:00:00Z,2022-05-31T00:00:00+02:00,1653948000000,,5.0,5.0,G,,corrected-archive-csv
162860,Luleå-Kallax Flygplats,21,Byvind,"max, 1 gång/tim",meter per sekund,2022-05-31T00:00:00Z,2022-05-31T02:00:00+02:00,1653955200000,,4.0,4.0,G,,corrected-archive-csv
162860,Luleå-Kallax Flygplats,21,Byvind,"max, 1 gång/tim",meter per sekund,2022-05-31T01:00:00Z,2022-05-31T03:00:00+02:00,1653958800000,,3.0,3.0,G,,corrected-archive-csv
162860,Luleå-Kallax Flygplats,21,Byvind,"max, 1 gång/tim",meter per sekund,2022-05-31T03:00:00Z,2022-05-31T05:00:00+02:00,1653966000000,,5.0,5.0,G,,corrected-archive-csv
162860,Luleå-Kallax Flygplats,21,Byvind,"max, 1 gång/tim",meter per sekund,2022-05-31T05:00:00Z,2022-05-31T07:00:00+02:00,1653973200000,,6.0,6.0,G,,corrected-archive-csv
162860,Luleå-Kallax Flygplats,21,Byvind,"max, 1 gång/tim",meter per sekund,2022-05-31T06:00:00Z,2022-05-31T08:00:00+02:00,1653976800000,,7.0,7.0,G,,corrected-archive-csv
162860,Luleå-Kallax Flygplats,21,Byvind,"max, 1 gång/tim",meter per sekund,2022-05-31T09:00:00Z,2022-05-31T11:00:00+02:00,1653987600000,,8.0,8.0,G,,corrected-archive-csv
162860,Luleå-Kallax Flygplats,21,Byvind,"max, 1 gång/tim",meter per sekund,2022-05-31T14:00:00Z,2022-05-31T16:00:00+02:00,1654005600000,,7.0,7.0,G,,corrected-archive-csv
162860,Luleå-Kallax Flygplats,21,Byvind,"max, 1 gång/tim",meter per sekund,2022-05-31T17:00:00Z,2022-05-31T19:00:00+02:00,1654016400000,,5.0,5.0,G,,corrected-archive-csv
162860,Luleå-Kallax Flygplats,21,Byvind,"max, 1 gång/tim",meter per sekund,2022-05-31T18:00:00Z,2022-05-31T20:00:00+02:00,1654020000000,,6.0,6.0,G,,corrected-archive-csv
162860,Luleå-Kallax Flygplats,21,Byvind,"max, 1 gång/tim",meter per sekund,2022-05-31T20:00:00Z,2022-05-31T22:00:00+02:00,1654027200000,,11.0,11.0,G,,corrected-archive-csv
162860,Luleå-Kallax Flygplats,21,Byvind,"max, 1 gång/tim",meter per sekund,2022-05-31T21:00:00Z,2022-05-31T23:00:00+02:00,1654030800000,,5.0,5.0,G,,corrected-archive-csv
162860,Luleå-Kallax Flygplats,21,Byvind,"max, 1 gång/tim",meter per sekund,2022-05-31T22:00:00Z,2022-06-01T00:00:00+02:00,1654034400000,,6.0,6.0,G,,corrected-archive-csv
162860,Luleå-Kallax Flygplats,21,Byvind,"max, 1 gång/tim",meter per sekund,2022-05-31T23:00:00Z,2022-06-01T01:00:00+02:00,1654038000000,,5.0,5.0,G,,corrected-archive-csv
162860,Luleå-Kallax Flygplats,21,Byvind,"max, 1 gång/tim",meter per sekund,2022-06-01T00:00:00Z,2022-06-01T02:00:00+02:00,1654041600000,,6.0,6.0,G,,corrected-archive-csv
162860,Luleå-Kallax Flygplats,21,Byvind,"max, 1 gång/tim",meter per sekund,2022-06-01T01:00:00Z,2022-06-01T03:00:00+02:00,1654045200000,,7.0,7.0,G,,corrected-archive-csv
162860,Luleå-Kallax Flygplats,21,Byvind,"max, 1 gång/tim",meter per sekund,2022-06-01T05:00:00Z,2022-06-01T07:00:00+02:00,1654059600000,,9.0,9.0,G,,corrected-archive-csv
162860,Luleå-Kallax Flygplats,21,Byvind,"max, 1 gång/tim",meter per sekund,2022-06-01T06:00:00Z,2022-06-01T08:00:00+02:00,1654063200000,,8.0,8.0,G,,corrected-archive-csv
162860,Luleå-Kallax Flygplats,21,Byvind,"max, 1 gång/tim",meter per sekund,2022-06-01T07:00:00Z,2022-06-01T09:00:00+02:00,1654066800000,,10.0,10.0,G,,corrected-archive-csv
162860,Luleå-Kallax Flygplats,21,Byvind,"max, 1 gång/tim",meter per sekund,2022-06-01T08:00:00Z,2022-06-01T10:00:00+02:00,1654070400000,,9.0,9.0,G,,corrected-archive-csv
162860,Luleå-Kallax Flygplats,21,Byvind,"max, 1 gång/tim",meter per sekund,2022-06-01T10:00:00Z,2022-06-01T12:00:00+02:00,1654077600000,,8.0,8.0,G,,corrected-archive-csv
162860,Luleå-Kallax Flygplats,21,Byvind,"max, 1 gång/tim",meter per sekund,2022-06-01T11:00:00Z,2022-06-01T13:00:00+02:00,1654081200000,,9.0,9.0,G,,corrected-archive-csv
162860,Luleå-Kallax Flygplats,21,Byvind,"max, 1 gång/tim",meter per sekund,2022-06-01T13:00:00Z,2022-06-01T15:00:00+02:00,1654088400000,,8.0,8.0,G,,corrected-archive-csv
162860,Luleå-Kallax Flygplats,21,Byvind,"max, 1 gång/tim",meter per sekund,2022-06-01T14:00:00Z,2022-06-01T16:00:00+02:00,1654092000000,,6.0,6.0,G,,corrected-archive-csv
162860,Luleå-Kallax Flygplats,21,Byvind,"max, 1 gång/tim",meter per sekund,2022-06-01T15:00:00Z,2022-06-01T17:00:00+02:00,1654095600000,,4.0,4.0,G,,corrected-archive-csv
162860,Luleå-Kallax Flygplats,21,Byvind,"max, 1 gång/tim",meter per sekund,2022-06-01T18:00:00Z,2022-06-01T20:00:00+02:00,1654106400000,,5.0,5.0,G,,corrected-archive-csv
162860,Luleå-Kallax Flygplats,21,Byvind,"max, 1 gång/tim",meter per sekund,2022-06-01T20:00:00Z,2022-06-01T22:00:00+02:00,1654113600000,,3.0,3.0,G,,corrected-archive-csv
162860,Luleå-Kallax Flygplats,21,Byvind,"max, 1 gång/tim",meter per sekund,2022-06-01T21:00:00Z,2022-06-01T23:00:00+02:00,1654117200000,,4.0,4.0,G,,corrected-archive-csv
162860,Luleå-Kallax Flygplats,21,Byvind,"max, 1 gång/tim",meter per sekund,2022-06-01T23:00:00Z,2022-06-02T01:00:00+02:00,1654124400000,,3.0,3.0,G,,corrected-archive-csv
162860,Luleå-Kallax Flygplats,21,Byvind,"max, 1 gång/tim",meter per sekund,2022-06-02T01:00:00Z,2022-06-02T03:00:00+02:00,1654131600000,,2.0,2.0,G,,corrected-archive-csv
162860,Luleå-Kallax Flygplats,21,Byvind,"max, 1 gång/tim",meter per sekund,2022-06-02T03:00:00Z,2022-06-02T05:00:00+02:00,1654138800000,,4.0,4.0,G,,corrected-archive-csv
162860,Luleå-Kallax Flygplats,21,Byvind,"max, 1 gång/tim",meter per sekund,2022-06-02T05:00:00Z,2022-06-02T07:00:00+02:00,1654146000000,,6.0,6.0,G,,corrected-archive-csv
162860,Luleå-Kallax Flygplats,21,Byvind,"max, 1 gång/tim",meter per sekund,2022-06-02T06:00:00Z,2022-06-02T08:00:00+02:00,1654149600000,,7.0,7.0,G,,corrected-archive-csv
162860,Luleå-Kallax Flygplats,21,Byvind,"max, 1 gång/tim",meter per sekund,2022-06-02T07:00:00Z,2022-06-02T09:00:00+02:00,1654153200000,,5.0,5.0,G,,corrected-archive-csv
162860,Luleå-Kallax Flygplats,21,Byvind,"max, 1 gång/tim",meter per sekund,2022-06-02T08:00:00Z,2022-06-02T10:00:00+02:00,1654156800000,,6.0,6.0,G,,corrected-archive-csv
162860,Luleå-Kallax Flygplats,21,Byvind,"max, 1 gång/tim",meter per sekund,2022-06-02T10:00:00Z,2022-06-02T12:00:00+02:00,1654164000000,,7.0,7.0,G,,corrected-archive-csv
162860,Luleå-Kallax Flygplats,21,Byvind,"max, 1 gång/tim",meter per sekund,2022-06-02T12:00:00Z,2022-06-02T14:00:00+02:00,1654171200000,,6.0,6.0,G,,corrected-archive-csv
162860,Luleå-Kallax Flygplats,21,Byvind,"max, 1 gång/tim",meter per sekund,2022-06-02T15:00:00Z,2022-06-02T17:00:00+02:00,1654182000000,,7.0,7.0,G,,corrected-archive-csv
162860,Luleå-Kallax Flygplats,21,Byvind,"max, 1 gång/tim",meter per sekund,2022-06-02T16:00:00Z,2022-06-02T18:00:00+02:00,1654185600000,,15.0,15.0,G,,corrected-archive-csv
162860,Luleå-Kallax Flygplats,21,Byvind,"max, 1 gång/tim",meter per sekund,2022-06-02T17:00:00Z,2022-06-02T19:00:00+02:00,1654189200000,,5.0,5.0,G,,corrected-archive-csv
162860,Luleå-Kallax Flygplats,21,Byvind,"max, 1 gång/tim",meter per sekund,2022-06-02T18:00:00Z,2022-06-02T20:00:00+02:00,1654192800000,,7.0,7.0,G,,corrected-archive-csv
162860,Luleå-Kallax Flygplats,21,Byvind,"max, 1 gång/tim",meter per sekund,2022-06-02T20:00:00Z,2022-06-02T22:00:00+02:00,1654200000000,,6.0,6.0,G,,corrected-archive-csv
162860,Luleå-Kallax Flygplats,21,Byvind,"max, 1 gång/tim",meter per sekund,2022-06-02T21:00:00Z,2022-06-02T23:00:00+02:00,1654203600000,,4.0,4.0,G,,corrected-archive-csv
162860,Luleå-Kallax Flygplats,21,Byvind,"max, 1 gång/tim",meter per sekund,2022-06-02T23:00:00Z,2022-06-03T01:00:00+02:00,1654210800000,,5.0,5.0,G,,corrected-archive-csv
162860,Luleå-Kallax Flygplats,21,Byvind,"max, 1 gång/tim",meter per sekund,2022-06-03T02:00:00Z,2022-06-03T04:00:00+02:00,1654221600000,,6.0,6.0,G,,corrected-archive-csv
162860,Luleå-Kallax Flygplats,21,Byvind,"max, 1 gång/tim",meter per sekund,2022-06-03T04:00:00Z,2022-06-03T06:00:00+02:00,1654228800000,,5.0,5.0,G,,corrected-archive-csv
162860,Luleå-Kallax Flygplats,21,Byvind,"max, 1 gång/tim",meter per sekund,2022-06-03T10:00:00Z,2022-06-03T12:00:00+02:00,1654250400000,,3.0,3.0,G,,corrected-archive-csv
162860,Luleå-Kallax Flygplats,21,Byvind,"max, 1 gång/tim",meter per sekund,2022-06-03T14:00:00Z,2022-06-03T16:00:00+02:00,1654264800000,,2.0,2.0,G,,corrected-archive-csv
162860,Luleå-Kallax Flygplats,21,Byvind,"max, 1 gång/tim",meter per sekund,2022-06-03T15:00:00Z,2022-06-03T17:00:00+02:00,1654268400000,,3.0,3.0,G,,corrected-archive-csv
162860,Luleå-Kallax Flygplats,21,Byvind,"max, 1 gång/tim",meter per sekund,2022-06-03T16:00:00Z,2022-06-03T18:00:00+02:00,1654272000000,,2.0,2.0,G,,corrected-archive-csv
162860,Luleå-Kallax Flygplats,21,Byvind,"max, 1 gång/tim",meter per sekund,2022-06-03T17:00:00Z,2022-06-03T19:00:00+02:00,1654275600000,,5.0,5.0,G,,corrected-archive-csv
162860,Luleå-Kallax Flygplats,21,Byvind,"max, 1 gång/tim",meter per sekund,2022-06-03T18:00:00Z,2022-06-03T20:00:00+02:00,1654279200000,,2.0,2.0,G,,corrected-archive-csv
162860,Luleå-Kallax Flygplats,21,Byvind,"max, 1 gång/tim",meter per sekund,2022-06-03T22:00:00Z,2022-06-04T00:00:00+02:00,1654293600000,,4.0,4.0,G,,corrected-archive-csv
162860,Luleå-Kallax Flygplats,21,Byvind,"max, 1 gång/tim",meter per sekund,2022-06-04T00:00:00Z,2022-06-04T02:00:00+02:00,1654300800000,,2.0,2.0,G,,corrected-archive-csv
162860,Luleå-Kallax Flygplats,21,Byvind,"max, 1 gång/tim",meter per sekund,2022-06-04T01:00:00Z,2022-06-04T03:00:00+02:00,1654304400000,,3.0,3.0,G,,corrected-archive-csv
162860,Luleå-Kallax Flygplats,21,Byvind,"max, 1 gång/tim",meter per sekund,2022-06-04T03:00:00Z,2022-06-04T05:00:00+02:00,1654311600000,,4.0,4.0,G,,corrected-archive-csv
162860,Luleå-Kallax Flygplats,21,Byvind,"max, 1 gång/tim",meter per sekund,2022-06-04T04:00:00Z,2022-06-04T06:00:00+02:00,1654315200000,,5.0,5.0,G,,corrected-archive-csv
162860,Luleå-Kallax Flygplats,21,Byvind,"max, 1 gång/tim",meter per sekund,2022-06-04T05:00:00Z,2022-06-04T07:00:00+02:00,1654318800000,,6.0,6.0,G,,corrected-archive-csv
162860,Luleå-Kallax Flygplats,21,Byvind,"max, 1 gång/tim",meter per sekund,2022-06-04T06:00:00Z,2022-06-04T08:00:00+02:00,1654322400000,,8.0,8.0,G,,corrected-archive-csv
162860,Luleå-Kallax Flygplats,21,Byvind,"max, 1 gång/tim",meter per sekund,2022-06-04T07:00:00Z,2022-06-04T09:00:00+02:00,1654326000000,,9.0,9.0,G,,corrected-archive-csv
162860,Luleå-Kallax Flygplats,21,Byvind,"max, 1 gång/tim",meter per sekund,2022-06-04T11:00:00Z,2022-06-04T13:00:00+02:00,1654340400000,,8.0,8.0,G,,corrected-archive-csv
162860,Luleå-Kallax Flygplats,21,Byvind,"max, 1 gång/tim",meter per sekund,2022-06-04T12:00:00Z,2022-06-04T14:00:00+02:00,1654344000000,,7.0,7.0,G,,corrected-archive-csv
162860,Luleå-Kallax Flygplats,21,Byvind,"max, 1 gång/tim",meter per sekund,2022-06-04T13:00:00Z,2022-06-04T15:00:00+02:00,1654347600000,,11.0,11.0,G,,corrected-archive-csv
162860,Luleå-Kallax Flygplats,21,Byvind,"max, 1 gång/tim",meter per sekund,2022-06-04T14:00:00Z,2022-06-04T16:00:00+02:00,1654351200000,,6.0,6.0,G,,corrected-archive-csv
162860,Luleå-Kallax Flygplats,21,Byvind,"max, 1 gång/tim",meter per sekund,2022-06-04T15:00:00Z,2022-06-04T17:00:00+02:00,1654354800000,,8.0,8.0,G,,corrected-archive-csv
162860,Luleå-Kallax Flygplats,21,Byvind,"max, 1 gång/tim",meter per sekund,2022-06-04T16:00:00Z,2022-06-04T18:00:00+02:00,1654358400000,,9.0,9.0,G,,corrected-archive-csv
162860,Luleå-Kallax Flygplats,21,Byvind,"max, 1 gång/tim",meter per sekund,2022-06-04T17:00:00Z,2022-06-04T19:00:00+02:00,1654362000000,,11.0,11.0,G,,corrected-archive-csv
162860,Luleå-Kallax Flygplats,21,Byvind,"max, 1 gång/tim",meter per sekund,2022-06-04T20:00:00Z,2022-06-04T22:00:00+02:00,1654372800000,,7.0,7.0,G,,corrected-archive-csv
162860,Luleå-Kallax Flygplats,21,Byvind,"max, 1 gång/tim",meter per sekund,2022-06-04T21:00:00Z,2022-06-04T23:00:00+02:00,1654376400000,,6.0,6.0,G,,corrected-archive-csv
162860,Luleå-Kallax Flygplats,21,Byvind,"max, 1 gång/tim",meter per sekund,2022-06-04T23:00:00Z,2022-06-05T01:00:00+02:00,1654383600000,,8.0,8.0,G,,corrected-archive-csv
162860,Luleå-Kallax Flygplats,21,Byvind,"max, 1 gång/tim",meter per sekund,2022-06-05T00:00:00Z,2022-06-05T02:00:00+02:00,1654387200000,,9.0,9.0,G,,corrected-archive-csv
162860,Luleå-Kallax Flygplats,21,Byvind,"max, 1 gång/tim",meter per sekund,2022-06-05T01:00:00Z,2022-06-05T03:00:00+02:00,1654390800000,,7.0,7.0,G,,corrected-archive-csv
162860,Luleå-Kallax Flygplats,21,Byvind,"max, 1 gång/tim",meter per sekund,2022-06-05T04:00:00Z,2022-06-05T06:00:00+02:00,1654401600000,,10.0,10.0,G,,corrected-archive-csv
162860,Luleå-Kallax Flygplats,21,Byvind,"max, 1 gång/tim",meter per sekund,2022-06-05T05:00:00Z,2022-06-05T07:00:00+02:00,1654405200000,,11.0,11.0,G,,corrected-archive-csv
162860,Luleå-Kallax Flygplats,21,Byvind,"max, 1 gång/tim",meter per sekund,2022-06-05T07:00:00Z,2022-06-05T09:00:00+02:00,1654412400000,,10.0,10.0,G,,corrected-archive-csv
162860,Luleå-Kallax Flygplats,21,Byvind,"max, 1 gång/tim",meter per sekund,2022-06-05T09:00:00Z,2022-06-05T11:00:00+02:00,1654419600000,,14.0,14.0,G,,corrected-archive-csv
162860,Luleå-Kallax Flygplats,21,Byvind,"max, 1 gång/tim",meter per sekund,2022-06-05T10:00:00Z,2022-06-05T12:00:00+02:00,1654423200000,,11.0,11.0,G,,corrected-archive-csv
162860,Luleå-Kallax Flygplats,21,Byvind,"max, 1 gång/tim",meter per sekund,2022-06-05T11:00:00Z,2022-06-05T13:00:00+02:00,1654426800000,,12.0,12.0,G,,corrected-archive-csv
162860,Luleå-Kallax Flygplats,21,Byvind,"max, 1 gång/tim",meter per sekund,2022-06-05T12:00:00Z,2022-06-05T14:00:00+02:00,1654430400000,,13.0,13.0,G,,corrected-archive-csv
162860,Luleå-Kallax Flygplats,21,Byvind,"max, 1 gång/tim",meter per sekund,2022-06-05T14:00:00Z,2022-06-05T16:00:00+02:00,1654437600000,,12.0,12.0,G,,corrected-archive-csv
162860,Luleå-Kallax Flygplats,21,Byvind,"max, 1 gång/tim",meter per sekund,2022-06-05T15:00:00Z,2022-06-05T17:00:00+02:00,1654441200000,,11.0,11.0,G,,corrected-archive-csv
162860,Luleå-Kallax Flygplats,21,Byvind,"max, 1 gång/tim",meter per sekund,2022-06-05T16:00:00Z,2022-06-05T18:00:00+02:00,1654444800000,,10.0,10.0,G,,corrected-archive-csv
162860,Luleå-Kallax Flygplats,21,Byvind,"max, 1 gång/tim",meter per sekund,2022-06-05T17:00:00Z,2022-06-05T19:00:00+02:00,1654448400000,,12.0,12.0,G,,corrected-archive-csv
162860,Luleå-Kallax Flygplats,21,Byvind,"max, 1 gång/tim",meter per sekund,2022-06-05T21:00:00Z,2022-06-05T23:00:00+02:00,1654462800000,,8.0,8.0,G,,corrected-archive-csv
162860,Luleå-Kallax Flygplats,21,Byvind,"max, 1 gång/tim",meter per sekund,2022-06-06T00:00:00Z,2022-06-06T02:00:00+02:00,1654473600000,,7.0,7.0,G,,corrected-archive-csv
162860,Luleå-Kallax Flygplats,21,Byvind,"max, 1 gång/tim",meter per sekund,2022-06-06T01:00:00Z,2022-06-06T03:00:00+02:00,1654477200000,,8.0,8.0,G,,corrected-archive-csv
162860,Luleå-Kallax Flygplats,21,Byvind,"max, 1 gång/tim",meter per sekund,2022-06-06T02:00:00Z,2022-06-06T04:00:00+02:00,1654480800000,,7.0,7.0,G,,corrected-archive-csv
162860,Luleå-Kallax Flygplats,21,Byvind,"max, 1 gång/tim",meter per sekund,2022-06-06T04:00:00Z,2022-06-06T06:00:00+02:00,1654488000000,,9.0,9.0,G,,corrected-archive-csv
162860,Luleå-Kallax Flygplats,21,Byvind,"max, 1 gång/tim",meter per sekund,2022-06-06T06:00:00Z,2022-06-06T08:00:00+02:00,1654495200000,,7.0,7.0,G,,corrected-archive-csv
162860,Luleå-Kallax Flygplats,21,Byvind,"max, 1 gång/tim",meter per sekund,2022-06-06T08:00:00Z,2022-06-06T10:00:00+02:00,1654502400000,,6.0,6.0,G,,corrected-archive-csv
162860,Luleå-Kallax Flygplats,21,Byvind,"max, 1 gång/tim",meter per sekund,2022-06-06T10:00:00Z,2022-06-06T12:00:00+02:00,1654509600000,,7.0,7.0,G,,corrected-archive-csv
162860,Luleå-Kallax Flygplats,21,Byvind,"max, 1 gång/tim",meter per sekund,2022-06-06T11:00:00Z,2022-06-06T13:00:00+02:00,1654513200000,,9.0,9.0,G,,corrected-archive-csv
162860,Luleå-Kallax Flygplats,21,Byvind,"max, 1 gång/tim",meter per sekund,2022-06-06T12:00:00Z,2022-06-06T14:00:00+02:00,1654516800000,,10.0,10.0,G,,corrected-archive-csv
162860,Luleå-Kallax Flygplats,21,Byvind,"max, 1 gång/tim",meter per sekund,2022-06-06T14:00:00Z,2022-06-06T16:00:00+02:00,1654524000000,,11.0,11.0,G,,corrected-archive-csv
162860,Luleå-Kallax Flygplats,21,Byvind,"max, 1 gång/tim",meter per sekund,2022-06-06T15:00:00Z,2022-06-06T17:00:00+02:00,1654527600000,,8.0,8.0,G,,corrected-archive-csv
162860,Luleå-Kallax Flygplats,21,Byvind,"max, 1 gång/tim",meter per sekund,2022-06-06T17:00:00Z,2022-06-06T19:00:00+02:00,1654534800000,,6.0,6.0,G,,corrected-archive-csv
162860,Luleå-Kallax Flygplats,21,Byvind,"max, 1 gång/tim",meter per sekund,2022-06-06T23:00:00Z,2022-06-07T01:00:00+02:00,1654556400000,,4.0,4.0,G,,corrected-archive-csv
162860,Luleå-Kallax Flygplats,21,Byvind,"max, 1 gång/tim",meter per sekund,2022-06-07T02:00:00Z,2022-06-07T04:00:00+02:00,1654567200000,,3.0,3.0,G,,corrected-archive-csv
162860,Luleå-Kallax Flygplats,21,Byvind,"max, 1 gång/tim",meter per sekund,2022-06-07T03:00:00Z,2022-06-07T05:00:00+02:00,1654570800000,,4.0,4.0,G,,corrected-archive-csv
162860,Luleå-Kallax Flygplats,21,Byvind,"max, 1 gång/tim",meter per sekund,2022-06-07T04:00:00Z,2022-06-07T06:00:00+02:00,1654574400000,,11.0,11.0,G,,corrected-archive-csv
162860,Luleå-Kallax Flygplats,21,Byvind,"max, 1 gång/tim",meter per sekund,2022-06-07T05:00:00Z,2022-06-07T07:00:00+02:00,1654578000000,,12.0,12.0,G,,corrected-archive-csv
162860,Luleå-Kallax Flygplats,21,Byvind,"max, 1 gång/tim",meter per sekund,2022-06-07T06:00:00Z,2022-06-07T08:00:00+02:00,1654581600000,,11.0,11.0,G,,corrected-archive-csv
162860,Luleå-Kallax Flygplats,21,Byvind,"max, 1 gång/tim",meter per sekund,2022-06-07T09:00:00Z,2022-06-07T11:00:00+02:00,1654592400000,,10.0,10.0,G,,corrected-archive-csv
162860,Luleå-Kallax Flygplats,21,Byvind,"max, 1 gång/tim",meter per sekund,2022-06-07T12:00:00Z,2022-06-07T14:00:00+02:00,1654603200000,,9.0,9.0,G,,corrected-archive-csv
162860,Luleå-Kallax Flygplats,21,Byvind,"max, 1 gång/tim",meter per sekund,2022-06-07T13:00:00Z,2022-06-07T15:00:00+02:00,1654606800000,,8.0,8.0,G,,corrected-archive-csv
162860,Luleå-Kallax Flygplats,21,Byvind,"max, 1 gång/tim",meter per sekund,2022-06-07T15:00:00Z,2022-06-07T17:00:00+02:00,1654614000000,,9.0,9.0,G,,corrected-archive-csv
162860,Luleå-Kallax Flygplats,21,Byvind,"max, 1 gång/tim",meter per sekund,2022-06-07T17:00:00Z,2022-06-07T19:00:00+02:00,1654621200000,,8.0,8.0,G,,corrected-archive-csv
162860,Luleå-Kallax Flygplats,21,Byvind,"max, 1 gång/tim",meter per sekund,2022-06-07T18:00:00Z,2022-06-07T20:00:00+02:00,1654624800000,,6.0,6.0,G,,corrected-archive-csv
162860,Luleå-Kallax Flygplats,21,Byvind,"max, 1 gång/tim",meter per sekund,2022-06-07T20:00:00Z,2022-06-07T22:00:00+02:00,1654632000000,,4.0,4.0,G,,corrected-archive-csv
162860,Luleå-Kallax Flygplats,21,Byvind,"max, 1 gång/tim",meter per sekund,2022-06-07T22:00:00Z,2022-06-08T00:00:00+02:00,1654639200000,,2.0,2.0,G,,corrected-archive-csv
162860,Luleå-Kallax Flygplats,21,Byvind,"max, 1 gång/tim",meter per sekund,2022-06-08T00:00:00Z,2022-06-08T02:00:00+02:00,1654646400000,,1.0,1.0,G,,corrected-archive-csv
162860,Luleå-Kallax Flygplats,21,Byvind,"max, 1 gång/tim",meter per sekund,2022-06-08T01:00:00Z,2022-06-08T03:00:00+02:00,1654650000000,,2.0,2.0,G,,corrected-archive-csv
162860,Luleå-Kallax Flygplats,21,Byvind,"max, 1 gång/tim",meter per sekund,2022-06-08T02:00:00Z,2022-06-08T04:00:00+02:00,1654653600000,,1.0,1.0,G,,corrected-archive-csv
162860,Luleå-Kallax Flygplats,21,Byvind,"max, 1 gång/tim",meter per sekund,2022-06-08T03:00:00Z,2022-06-08T05:00:00+02:00,1654657200000,,3.0,3.0,G,,corrected-archive-csv
162860,Luleå-Kallax Flygplats,21,Byvind,"max, 1 gång/tim",meter per sekund,2022-06-08T05:00:00Z,2022-06-08T07:00:00+02:00,1654664400000,,2.0,2.0,G,,corrected-archive-csv
162860,Luleå-Kallax Flygplats,21,Byvind,"max, 1 gång/tim",meter per sekund,2022-06-08T06:00:00Z,2022-06-08T08:00:00+02:00,1654668000000,,3.0,3.0,G,,corrected-archive-csv
162860,Luleå-Kallax Flygplats,21,Byvind,"max, 1 gång/tim",meter per sekund,2022-06-08T08:00:00Z,2022-06-08T10:00:00+02:00,1654675200000,,4.0,4.0,G,,corrected-archive-csv
162860,Luleå-Kallax Flygplats,21,Byvind,"max, 1 gång/tim",meter per sekund,2022-06-08T13:00:00Z,2022-06-08T15:00:00+02:00,1654693200000,,5.0,5.0,G,,corrected-archive-csv
162860,Luleå-Kallax Flygplats,21,Byvind,"max, 1 gång/tim",meter per sekund,2022-06-08T15:00:00Z,2022-06-08T17:00:00+02:00,1654700400000,,4.0,4.0,G,,corrected-archive-csv
162860,Luleå-Kallax Flygplats,21,Byvind,"max, 1 gång/tim",meter per sekund,2022-06-08T17:00:00Z,2022-06-08T19:00:00+02:00,1654707600000,,2.0,2.0,G,,corrected-archive-csv
162860,Luleå-Kallax Flygplats,21,Byvind,"max, 1 gång/tim",meter per sekund,2022-06-08T19:00:00Z,2022-06-08T21:00:00+02:00,1654714800000,,1.0,1.0,G,,corrected-archive-csv
162860,Luleå-Kallax Flygplats,21,Byvind,"max, 1 gång/tim",meter per sekund,2022-06-08T21:00:00Z,2022-06-08T23:00:00+02:00,1654722000000,,2.0,2.0,G,,corrected-archive-csv
162860,Luleå-Kallax Flygplats,21,Byvind,"max, 1 gång/tim",meter per sekund,2022-06-08T23:00:00Z,2022-06-09T01:00:00+02:00,1654729200000,,3.0,3.0,G,,corrected-archive-csv
162860,Luleå-Kallax Flygplats,21,Byvind,"max, 1 gång/tim",meter per sekund,2022-06-09T00:00:00Z,2022-06-09T02:00:00+02:00,1654732800000,,7.0,7.0,G,,corrected-archive-csv
162860,Luleå-Kallax Flygplats,21,Byvind,"max, 1 gång/tim",meter per sekund,2022-06-09T02:00:00Z,2022-06-09T04:00:00+02:00,1654740000000,,8.0,8.0,G,,corrected-archive-csv
162860,Luleå-Kallax Flygplats,21,Byvind,"max, 1 gång/tim",meter per sekund,2022-06-09T04:00:00Z,2022-06-09T06:00:00+02:00,1654747200000,,7.0,7.0,G,,corrected-archive-csv
162860,Luleå-Kallax Flygplats,21,Byvind,"max, 1 gång/tim",meter per sekund,2022-06-09T05:00:00Z,2022-06-09T07:00:00+02:00,1654750800000,,8.0,8.0,G,,corrected-archive-csv
162860,Luleå-Kallax Flygplats,21,Byvind,"max, 1 gång/tim",meter per sekund,2022-06-09T06:00:00Z,2022-06-09T08:00:00+02:00,1654754400000,,7.0,7.0,G,,corrected-archive-csv
162860,Luleå-Kallax Flygplats,21,Byvind,"max, 1 gång/tim",meter per sekund,2022-06-09T10:00:00Z,2022-06-09T12:00:00+02:00,1654768800000,,8.0,8.0,G,,corrected-archive-csv
162860,Luleå-Kallax Flygplats,21,Byvind,"max, 1 gång/tim",meter per sekund,2022-06-09T12:00:00Z,2022-06-09T14:00:00+02:00,1654776000000,,7.0,7.0,G,,corrected-archive-csv
162860,Luleå-Kallax Flygplats,21,Byvind,"max, 1 gång/tim",meter per sekund,2022-06-09T13:00:00Z,2022-06-09T15:00:00+02:00,1654779600000,,8.0,8.0,G,,corrected-archive-csv
162860,Luleå-Kallax Flygplats,21,Byvind,"max, 1 gång/tim",meter per sekund,2022-06-09T16:00:00Z,2022-06-09T18:00:00+02:00,1654790400000,,7.0,7.0,G,,corrected-archive-csv
162860,Luleå-Kallax Flygplats,21,Byvind,"max, 1 gång/tim",meter per sekund,2022-06-09T19:00:00Z,2022-06-09T21:00:00+02:00,1654801200000,,4.0,4.0,G,,corrected-archive-csv
162860,Luleå-Kallax Flygplats,21,Byvind,"max, 1 gång/tim",meter per sekund,2022-06-09T20:00:00Z,2022-06-09T22:00:00+02:00,1654804800000,,3.0,3.0,G,,corrected-archive-csv
162860,Luleå-Kallax Flygplats,21,Byvind,"max, 1 gång/tim",meter per sekund,2022-06-09T21:00:00Z,2022-06-09T23:00:00+02:00,1654808400000,,2.0,2.0,G,,corrected-archive-csv
162860,Luleå-Kallax Flygplats,21,Byvind,"max, 1 gång/tim",meter per sekund,2022-06-10T01:00:00Z,2022-06-10T03:00:00+02:00,1654822800000,,5.0,5.0,G,,corrected-archive-csv
162860,Luleå-Kallax Flygplats,21,Byvind,"max, 1 gång/tim",meter per sekund,2022-06-10T02:00:00Z,2022-06-10T04:00:00+02:00,1654826400000,,7.0,7.0,G,,corrected-archive-csv
162860,Luleå-Kallax Flygplats,21,Byvind,"max, 1 gång/tim",meter per sekund,2022-06-10T06:00:00Z,2022-06-10T08:00:00+02:00,1654840800000,,6.0,6.0,G,,corrected-archive-csv
162860,Luleå-Kallax Flygplats,21,Byvind,"max, 1 gång/tim",meter per sekund,2022-06-10T07:00:00Z,2022-06-10T09:00:00+02:00,1654844400000,,5.0,5.0,G,,corrected-archive-csv
162860,Luleå-Kallax Flygplats,21,Byvind,"max, 1 gång/tim",meter per sekund,2022-06-10T09:00:00Z,2022-06-10T11:00:00+02:00,1654851600000,,4.0,4.0,G,,corrected-archive-csv
162860,Luleå-Kallax Flygplats,21,Byvind,"max, 1 gång/tim",meter per sekund,2022-06-10T10:00:00Z,2022-06-10T12:00:00+02:00,1654855200000,,5.0,5.0,G,,corrected-archive-csv
162860,Luleå-Kallax Flygplats,21,Byvind,"max, 1 gång/tim",meter per sekund,2022-06-10T11:00:00Z,2022-06-10T13:00:00+02:00,1654858800000,,6.0,6.0,G,,corrected-archive-csv
162860,Luleå-Kallax Flygplats,21,Byvind,"max, 1 gång/tim",meter per sekund,2022-06-10T13:00:00Z,2022-06-10T15:00:00+02:00,1654866000000,,7.0,7.0,G,,corrected-archive-csv
162860,Luleå-Kallax Flygplats,21,Byvind,"max, 1 gång/tim",meter per sekund,2022-06-10T15:00:00Z,2022-06-10T17:00:00+02:00,1654873200000,,6.0,6.0,G,,corrected-archive-csv
162860,Luleå-Kallax Flygplats,21,Byvind,"max, 1 gång/tim",meter per sekund,2022-06-10T16:00:00Z,2022-06-10T18:00:00+02:00,1654876800000,,7.0,7.0,G,,corrected-archive-csv
162860,Luleå-Kallax Flygplats,21,Byvind,"max, 1 gång/tim",meter per sekund,2022-06-10T17:00:00Z,2022-06-10T19:00:00+02:00,1654880400000,,5.0,5.0,G,,corrected-archive-csv
162860,Luleå-Kallax Flygplats,21,Byvind,"max, 1 gång/tim",meter per sekund,2022-06-10T18:00:00Z,2022-06-10T20:00:00+02:00,1654884000000,,4.0,4.0,G,,corrected-archive-csv
162860,Luleå-Kallax Flygplats,21,Byvind,"max, 1 gång/tim",meter per sekund,2022-06-10T19:00:00Z,2022-06-10T21:00:00+02:00,1654887600000,,6.0,6.0,G,,corrected-archive-csv
162860,Luleå-Kallax Flygplats,21,Byvind,"max, 1 gång/tim",meter per sekund,2022-06-10T21:00:00Z,2022-06-10T23:00:00+02:00,1654894800000,,5.0,5.0,G,,corrected-archive-csv
162860,Luleå-Kallax Flygplats,21,Byvind,"max, 1 gång/tim",meter per sekund,2022-06-10T23:00:00Z,2022-06-11T01:00:00+02:00,1654902000000,,4.0,4.0,G,,corrected-archive-csv
162860,Luleå-Kallax Flygplats,21,Byvind,"max, 1 gång/tim",meter per sekund,2022-06-11T01:00:00Z,2022-06-11T03:00:00+02:00,1654909200000,,5.0,5.0,G,,corrected-archive-csv
162860,Luleå-Kallax Flygplats,21,Byvind,"max, 1 gång/tim",meter per sekund,2022-06-11T03:00:00Z,2022-06-11T05:00:00+02:00,1654916400000,,6.0,6.0,G,,corrected-archive-csv
162860,Luleå-Kallax Flygplats,21,Byvind,"max, 1 gång/tim",meter per sekund,2022-06-11T06:00:00Z,2022-06-11T08:00:00+02:00,1654927200000,,7.0,7.0,G,,corrected-archive-csv
162860,Luleå-Kallax Flygplats,21,Byvind,"max, 1 gång/tim",meter per sekund,2022-06-11T08:00:00Z,2022-06-11T10:00:00+02:00,1654934400000,,6.0,6.0,G,,corrected-archive-csv
162860,Luleå-Kallax Flygplats,21,Byvind,"max, 1 gång/tim",meter per sekund,2022-06-11T09:00:00Z,2022-06-11T11:00:00+02:00,1654938000000,,7.0,7.0,G,,corrected-archive-csv
162860,Luleå-Kallax Flygplats,21,Byvind,"max, 1 gång/tim",meter per sekund,2022-06-11T11:00:00Z,2022-06-11T13:00:00+02:00,1654945200000,,9.0,9.0,G,,corrected-archive-csv
162860,Luleå-Kallax Flygplats,21,Byvind,"max, 1 gång/tim",meter per sekund,2022-06-11T12:00:00Z,2022-06-11T14:00:00+02:00,1654948800000,,8.0,8.0,G,,corrected-archive-csv
162860,Luleå-Kallax Flygplats,21,Byvind,"max, 1 gång/tim",meter per sekund,2022-06-11T13:00:00Z,2022-06-11T15:00:00+02:00,1654952400000,,6.0,6.0,G,,corrected-archive-csv
162860,Luleå-Kallax Flygplats,21,Byvind,"max, 1 gång/tim",meter per sekund,2022-06-11T14:00:00Z,2022-06-11T16:00:00+02:00,1654956000000,,8.0,8.0,G,,corrected-archive-csv
162860,Luleå-Kallax Flygplats,21,Byvind,"max, 1 gång/tim",meter per sekund,2022-06-11T15:00:00Z,2022-06-11T17:00:00+02:00,1654959600000,,10.0,10.0,G,,corrected-archive-csv
162860,Luleå-Kallax Flygplats,21,Byvind,"max, 1 gång/tim",meter per sekund,2022-06-11T17:00:00Z,2022-06-11T19:00:00+02:00,1654966800000,,9.0,9.0,G,,corrected-archive-csv
162860,Luleå-Kallax Flygplats,21,Byvind,"max, 1 gång/tim",meter per sekund,2022-06-11T18:00:00Z,2022-06-11T20:00:00+02:00,1654970400000,,7.0,7.0,G,,corrected-archive-csv
162860,Luleå-Kallax Flygplats,21,Byvind,"max, 1 gång/tim",meter per sekund,2022-06-11T19:00:00Z,2022-06-11T21:00:00+02:00,1654974000000,,6.0,6.0,G,,corrected-archive-csv
162860,Luleå-Kallax Flygplats,21,Byvind,"max, 1 gång/tim",meter per sekund,2022-06-11T20:00:00Z,2022-06-11T22:00:00+02:00,1654977600000,,9.0,9.0,G,,corrected-archive-csv
162860,Luleå-Kallax Flygplats,21,Byvind,"max, 1 gång/tim",meter per sekund,2022-06-11T21:00:00Z,2022-06-11T23:00:00+02:00,1654981200000,,10.0,10.0,G,,corrected-archive-csv
162860,Luleå-Kallax Flygplats,21,Byvind,"max, 1 gång/tim",meter per sekund,2022-06-11T22:00:00Z,2022-06-12T00:00:00+02:00,1654984800000,,6.0,6.0,G,,corrected-archive-csv
162860,Luleå-Kallax Flygplats,21,Byvind,"max, 1 gång/tim",meter per sekund,2022-06-11T23:00:00Z,2022-06-12T01:00:00+02:00,1654988400000,,4.0,4.0,G,,corrected-archive-csv
162860,Luleå-Kallax Flygplats,21,Byvind,"max, 1 gång/tim",meter per sekund,2022-06-12T00:00:00Z,2022-06-12T02:00:00+02:00,1654992000000,,2.0,2.0,G,,corrected-archive-csv
162860,Luleå-Kallax Flygplats,21,Byvind,"max, 1 gång/tim",meter per sekund,2022-06-12T01:00:00Z,2022-06-12T03:00:00+02:00,1654995600000,,3.0,3.0,G,,corrected-archive-csv
162860,Luleå-Kallax Flygplats,21,Byvind,"max, 1 gång/tim",meter per sekund,2022-06-12T02:00:00Z,2022-06-12T04:00:00+02:00,1654999200000,,4.0,4.0,G,,corrected-archive-csv
162860,Luleå-Kallax Flygplats,21,Byvind,"max, 1 gång/tim",meter per sekund,2022-06-12T03:00:00Z,2022-06-12T05:00:00+02:00,1655002800000,,3.0,3.0,G,,corrected-archive-csv
162860,Luleå-Kallax Flygplats,21,Byvind,"max, 1 gång/tim",meter per sekund,2022-06-12T04:00:00Z,2022-06-12T06:00:00+02:00,1655006400000,,7.0,7.0,G,,corrected-archive-csv
162860,Luleå-Kallax Flygplats,21,Byvind,"max, 1 gång/tim",meter per sekund,2022-06-12T06:00:00Z,2022-06-12T08:00:00+02:00,1655013600000,,6.0,6.0,G,,corrected-archive-csv
162860,Luleå-Kallax Flygplats,21,Byvind,"max, 1 gång/tim",meter per sekund,2022-06-12T07:00:00Z,2022-06-12T09:00:00+02:00,1655017200000,,5.0,5.0,G,,corrected-archive-csv
162860,Luleå-Kallax Flygplats,21,Byvind,"max, 1 gång/tim",meter per sekund,2022-06-12T08:00:00Z,2022-06-12T10:00:00+02:00,1655020800000,,6.0,6.0,G,,corrected-archive-csv
162860,Luleå-Kallax Flygplats,21,Byvind,"max, 1 gång/tim",meter per sekund,2022-06-12T09:00:00Z,2022-06-12T11:00:00+02:00,1655024400000,,8.0,8.0,G,,corrected-archive-csv
162860,Luleå-Kallax Flygplats,21,Byvind,"max, 1 gång/tim",meter per sekund,2022-06-12T10:00:00Z,2022-06-12T12:00:00+02:00,1655028000000,,7.0,7.0,G,,corrected-archive-csv
162860,Luleå-Kallax Flygplats,21,Byvind,"max, 1 gång/tim",meter per sekund,2022-06-12T11:00:00Z,2022-06-12T13:00:00+02:00,1655031600000,,8.0,8.0,G,,corrected-archive-csv
162860,Luleå-Kallax Flygplats,21,Byvind,"max, 1 gång/tim",meter per sekund,2022-06-12T14:00:00Z,2022-06-12T16:00:00+02:00,1655042400000,,7.0,7.0,G,,corrected-archive-csv
162860,Luleå-Kallax Flygplats,21,Byvind,"max, 1 gång/tim",meter per sekund,2022-06-12T16:00:00Z,2022-06-12T18:00:00+02:00,1655049600000,,5.0,5.0,G,,corrected-archive-csv
162860,Luleå-Kallax Flygplats,21,Byvind,"max, 1 gång/tim",meter per sekund,2022-06-12T17:00:00Z,2022-06-12T19:00:00+02:00,1655053200000,,4.0,4.0,G,,corrected-archive-csv
162860,Luleå-Kallax Flygplats,21,Byvind,"max, 1 gång/tim",meter per sekund,2022-06-12T18:00:00Z,2022-06-12T20:00:00+02:00,1655056800000,,5.0,5.0,G,,corrected-archive-csv
162860,Luleå-Kallax Flygplats,21,Byvind,"max, 1 gång/tim",meter per sekund,2022-06-12T19:00:00Z,2022-06-12T21:00:00+02:00,1655060400000,,4.0,4.0,G,,corrected-archive-csv
162860,Luleå-Kallax Flygplats,21,Byvind,"max, 1 gång/tim",meter per sekund,2022-06-12T22:00:00Z,2022-06-13T00:00:00+02:00,1655071200000,,3.0,3.0,G,,corrected-archive-csv
162860,Luleå-Kallax Flygplats,21,Byvind,"max, 1 gång/tim",meter per sekund,2022-06-12T23:00:00Z,2022-06-13T01:00:00+02:00,1655074800000,,1.0,1.0,G,,corrected-archive-csv
162860,Luleå-Kallax Flygplats,21,Byvind,"max, 1 gång/tim",meter per sekund,2022-06-13T02:00:00Z,2022-06-13T04:00:00+02:00,1655085600000,,2.0,2.0,G,,corrected-archive-csv
162860,Luleå-Kallax Flygplats,21,Byvind,"max, 1 gång/tim",meter per sekund,2022-06-13T03:00:00Z,2022-06-13T05:00:00+02:00,1655089200000,,1.0,1.0,G,,corrected-archive-csv
162860,Luleå-Kallax Flygplats,21,Byvind,"max, 1 gång/tim",meter per sekund,2022-06-13T04:00:00Z,2022-06-13T06:00:00+02:00,1655092800000,,2.0,2.0,G,,corrected-archive-csv
162860,Luleå-Kallax Flygplats,21,Byvind,"max, 1 gång/tim",meter per sekund,2022-06-13T05:00:00Z,2022-06-13T07:00:00+02:00,1655096400000,,3.0,3.0,G,,corrected-archive-csv
162860,Luleå-Kallax Flygplats,21,Byvind,"max, 1 gång/tim",meter per sekund,2022-06-13T07:00:00Z,2022-06-13T09:00:00+02:00,1655103600000,,4.0,4.0,G,,corrected-archive-csv
162860,Luleå-Kallax Flygplats,21,Byvind,"max, 1 gång/tim",meter per sekund,2022-06-13T09:00:00Z,2022-06-13T11:00:00+02:00,1655110800000,,7.0,7.0,G,,corrected-archive-csv
162860,Luleå-Kallax Flygplats,21,Byvind,"max, 1 gång/tim",meter per sekund,2022-06-13T11:00:00Z,2022-06-13T13:00:00+02:00,1655118000000,,6.0,6.0,G,,corrected-archive-csv
162860,Luleå-Kallax Flygplats,21,Byvind,"max, 1 gång/tim",meter per sekund,2022-06-13T15:00:00Z,2022-06-13T17:00:00+02:00,1655132400000,,4.0,4.0,G,,corrected-archive-csv
162860,Luleå-Kallax Flygplats,21,Byvind,"max, 1 gång/tim",meter per sekund,2022-06-13T16:00:00Z,2022-06-13T18:00:00+02:00,1655136000000,,3.0,3.0,G,,corrected-archive-csv
162860,Luleå-Kallax Flygplats,21,Byvind,"max, 1 gång/tim",meter per sekund,2022-06-13T17:00:00Z,2022-06-13T19:00:00+02:00,1655139600000,,4.0,4.0,G,,corrected-archive-csv
162860,Luleå-Kallax Flygplats,21,Byvind,"max, 1 gång/tim",meter per sekund,2022-06-13T19:00:00Z,2022-06-13T21:00:00+02:00,1655146800000,,3.0,3.0,G,,corrected-archive-csv
162860,Luleå-Kallax Flygplats,21,Byvind,"max, 1 gång/tim",meter per sekund,2022-06-13T20:00:00Z,2022-06-13T22:00:00+02:00,1655150400000,,2.0,2.0,G,,corrected-archive-csv
162860,Luleå-Kallax Flygplats,21,Byvind,"max, 1 gång/tim",meter per sekund,2022-06-13T21:00:00Z,2022-06-13T23:00:00+02:00,1655154000000,,3.0,3.0,G,,corrected-archive-csv
162860,Luleå-Kallax Flygplats,21,Byvind,"max, 1 gång/tim",meter per sekund,2022-06-13T23:00:00Z,2022-06-14T01:00:00+02:00,1655161200000,,4.0,4.0,G,,corrected-archive-csv
162860,Luleå-Kallax Flygplats,21,Byvind,"max, 1 gång/tim",meter per sekund,2022-06-14T00:00:00Z,2022-06-14T02:00:00+02:00,1655164800000,,3.0,3.0,G,,corrected-archive-csv
162860,Luleå-Kallax Flygplats,21,Byvind,"max, 1 gång/tim",meter per sekund,2022-06-14T01:00:00Z,2022-06-14T03:00:00+02:00,1655168400000,,2.0,2.0,G,,corrected-archive-csv
162860,Luleå-Kallax Flygplats,21,Byvind,"max, 1 gång/tim",meter per sekund,2022-06-14T04:00:00Z,2022-06-14T06:00:00+02:00,1655179200000,,4.0,4.0,G,,corrected-archive-csv
162860,Luleå-Kallax Flygplats,21,Byvind,"max, 1 gång/tim",meter per sekund,2022-06-14T06:00:00Z,2022-06-14T08:00:00+02:00,1655186400000,,3.0,3.0,G,,corrected-archive-csv
162860,Luleå-Kallax Flygplats,21,Byvind,"max, 1 gång/tim",meter per sekund,2022-06-14T08:00:00Z,2022-06-14T10:00:00+02:00,1655193600000,,4.0,4.0,G,,corrected-archive-csv
162860,Luleå-Kallax Flygplats,21,Byvind,"max, 1 gång/tim",meter per sekund,2022-06-14T09:00:00Z,2022-06-14T11:00:00+02:00,1655197200000,,7.0,7.0,G,,corrected-archive-csv
162860,Luleå-Kallax Flygplats,21,Byvind,"max, 1 gång/tim",meter per sekund,2022-06-14T10:00:00Z,2022-06-14T12:00:00+02:00,1655200800000,,6.0,6.0,G,,corrected-archive-csv
162860,Luleå-Kallax Flygplats,21,Byvind,"max, 1 gång/tim",meter per sekund,2022-06-14T11:00:00Z,2022-06-14T13:00:00+02:00,1655204400000,,8.0,8.0,G,,corrected-archive-csv
162860,Luleå-Kallax Flygplats,21,Byvind,"max, 1 gång/tim",meter per sekund,2022-06-14T13:00:00Z,2022-06-14T15:00:00+02:00,1655211600000,,9.0,9.0,G,,corrected-archive-csv
162860,Luleå-Kallax Flygplats,21,Byvind,"max, 1 gång/tim",meter per sekund,2022-06-14T14:00:00Z,2022-06-14T16:00:00+02:00,1655215200000,,7.0,7.0,G,,corrected-archive-csv
162860,Luleå-Kallax Flygplats,21,Byvind,"max, 1 gång/tim",meter per sekund,2022-06-14T15:00:00Z,2022-06-14T17:00:00+02:00,1655218800000,,6.0,6.0,G,,corrected-archive-csv
162860,Luleå-Kallax Flygplats,21,Byvind,"max, 1 gång/tim",meter per sekund,2022-06-14T17:00:00Z,2022-06-14T19:00:00+02:00,1655226000000,,4.0,4.0,G,,corrected-archive-csv
162860,Luleå-Kallax Flygplats,21,Byvind,"max, 1 gång/tim",meter per sekund,2022-06-14T18:00:00Z,2022-06-14T20:00:00+02:00,1655229600000,,7.0,7.0,G,,corrected-archive-csv
162860,Luleå-Kallax Flygplats,21,Byvind,"max, 1 gång/tim",meter per sekund,2022-06-14T19:00:00Z,2022-06-14T21:00:00+02:00,1655233200000,,6.0,6.0,G,,corrected-archive-csv
162860,Luleå-Kallax Flygplats,21,Byvind,"max, 1 gång/tim",meter per sekund,2022-06-14T21:00:00Z,2022-06-14T23:00:00+02:00,1655240400000,,5.0,5.0,G,,corrected-archive-csv
162860,Luleå-Kallax Flygplats,21,Byvind,"max, 1 gång/tim",meter per sekund,2022-06-14T23:00:00Z,2022-06-15T01:00:00+02:00,1655247600000,,6.0,6.0,G,,corrected-archive-csv
162860,Luleå-Kallax Flygplats,21,Byvind,"max, 1 gång/tim",meter per sekund,2022-06-15T02:00:00Z,2022-06-15T04:00:00+02:00,1655258400000,,7.0,7.0,G,,corrected-archive-csv
162860,Luleå-Kallax Flygplats,21,Byvind,"max, 1 gång/tim",meter per sekund,2022-06-15T03:00:00Z,2022-06-15T05:00:00+02:00,1655262000000,,8.0,8.0,G,,corrected-archive-csv
162860,Luleå-Kallax Flygplats,21,Byvind,"max, 1 gång/tim",meter per sekund,2022-06-15T04:00:00Z,2022-06-15T06:00:00+02:00,1655265600000,,9.0,9.0,G,,corrected-archive-csv
162860,Luleå-Kallax Flygplats,21,Byvind,"max, 1 gång/tim",meter per sekund,2022-06-15T05:00:00Z,2022-06-15T07:00:00+02:00,1655269200000,,8.0,8.0,G,,corrected-archive-csv
162860,Luleå-Kallax Flygplats,21,Byvind,"max, 1 gång/tim",meter per sekund,2022-06-15T06:00:00Z,2022-06-15T08:00:00+02:00,1655272800000,,10.0,10.0,G,,corrected-archive-csv
162860,Luleå-Kallax Flygplats,21,Byvind,"max, 1 gång/tim",meter per sekund,2022-06-15T08:00:00Z,2022-06-15T10:00:00+02:00,1655280000000,,9.0,9.0,G,,corrected-archive-csv
162860,Luleå-Kallax Flygplats,21,Byvind,"max, 1 gång/tim",meter per sekund,2022-06-15T09:00:00Z,2022-06-15T11:00:00+02:00,1655283600000,,10.0,10.0,G,,corrected-archive-csv
162860,Luleå-Kallax Flygplats,21,Byvind,"max, 1 gång/tim",meter per sekund,2022-06-15T10:00:00Z,2022-06-15T12:00:00+02:00,1655287200000,,11.0,11.0,G,,corrected-archive-csv
162860,Luleå-Kallax Flygplats,21,Byvind,"max, 1 gång/tim",meter per sekund,2022-06-15T12:00:00Z,2022-06-15T14:00:00+02:00,1655294400000,,12.0,12.0,G,,corrected-archive-csv
162860,Luleå-Kallax Flygplats,21,Byvind,"max, 1 gång/tim",meter per sekund,2022-06-15T13:00:00Z,2022-06-15T15:00:00+02:00,1655298000000,,10.0,10.0,G,,corrected-archive-csv
162860,Luleå-Kallax Flygplats,21,Byvind,"max, 1 gång/tim",meter per sekund,2022-06-15T15:00:00Z,2022-06-15T17:00:00+02:00,1655305200000,,11.0,11.0,G,,corrected-archive-csv
162860,Luleå-Kallax Flygplats,21,Byvind,"max, 1 gång/tim",meter per sekund,2022-06-15T17:00:00Z,2022-06-15T19:00:00+02:00,1655312400000,,10.0,10.0,G,,corrected-archive-csv
162860,Luleå-Kallax Flygplats,21,Byvind,"max, 1 gång/tim",meter per sekund,2022-06-15T21:00:00Z,2022-06-15T23:00:00+02:00,1655326800000,,9.0,9.0,G,,corrected-archive-csv
162860,Luleå-Kallax Flygplats,21,Byvind,"max, 1 gång/tim",meter per sekund,2022-06-15T23:00:00Z,2022-06-16T01:00:00+02:00,1655334000000,,8.0,8.0,G,,corrected-archive-csv
162860,Luleå-Kallax Flygplats,21,Byvind,"max, 1 gång/tim",meter per sekund,2022-06-16T00:00:00Z,2022-06-16T02:00:00+02:00,1655337600000,,9.0,9.0,G,,corrected-archive-csv
162860,Luleå-Kallax Flygplats,21,Byvind,"max, 1 gång/tim",meter per sekund,2022-06-16T03:00:00Z,2022-06-16T05:00:00+02:00,1655348400000,,11.0,11.0,G,,corrected-archive-csv
162860,Luleå-Kallax Flygplats,21,Byvind,"max, 1 gång/tim",meter per sekund,2022-06-16T04:00:00Z,2022-06-16T06:00:00+02:00,1655352000000,,10.0,10.0,G,,corrected-archive-csv
162860,Luleå-Kallax Flygplats,21,Byvind,"max, 1 gång/tim",meter per sekund,2022-06-16T05:00:00Z,2022-06-16T07:00:00+02:00,1655355600000,,13.0,13.0,G,,corrected-archive-csv
162860,Luleå-Kallax Flygplats,21,Byvind,"max, 1 gång/tim",meter per sekund,2022-06-16T06:00:00Z,2022-06-16T08:00:00+02:00,1655359200000,,12.0,12.0,G,,corrected-archive-csv
162860,Luleå-Kallax Flygplats,21,Byvind,"max, 1 gång/tim",meter per sekund,2022-06-16T07:00:00Z,2022-06-16T09:00:00+02:00,1655362800000,,13.0,13.0,G,,corrected-archive-csv
162860,Luleå-Kallax Flygplats,21,Byvind,"max, 1 gång/tim",meter per sekund,2022-06-16T08:00:00Z,2022-06-16T10:00:00+02:00,1655366400000,,14.0,14.0,G,,corrected-archive-csv
162860,Luleå-Kallax Flygplats,21,Byvind,"max, 1 gång/tim",meter per sekund,2022-06-16T11:00:00Z,2022-06-16T13:00:00+02:00,1655377200000,,13.0,13.0,G,,corrected-archive-csv
162860,Luleå-Kallax Flygplats,21,Byvind,"max, 1 gång/tim",meter per sekund,2022-06-16T12:00:00Z,2022-06-16T14:00:00+02:00,1655380800000,,12.0,12.0,G,,corrected-archive-csv
162860,Luleå-Kallax Flygplats,21,Byvind,"max, 1 gång/tim",meter per sekund,2022-06-16T13:00:00Z,2022-06-16T15:00:00+02:00,1655384400000,,11.0,11.0,G,,corrected-archive-csv
162860,Luleå-Kallax Flygplats,21,Byvind,"max, 1 gång/tim",meter per sekund,2022-06-16T14:00:00Z,2022-06-16T16:00:00+02:00,1655388000000,,10.0,10.0,G,,corrected-archive-csv
162860,Luleå-Kallax Flygplats,21,Byvind,"max, 1 gång/tim",meter per sekund,2022-06-16T15:00:00Z,2022-06-16T17:00:00+02:00,1655391600000,,12.0,12.0,G,,corrected-archive-csv
162860,Luleå-Kallax Flygplats,21,Byvind,"max, 1 gång/tim",meter per sekund,2022-06-16T16:00:00Z,2022-06-16T18:00:00+02:00,1655395200000,,9.0,9.0,G,,corrected-archive-csv
162860,Luleå-Kallax Flygplats,21,Byvind,"max, 1 gång/tim",meter per sekund,2022-06-16T17:00:00Z,2022-06-16T19:00:00+02:00,1655398800000,,10.0,10.0,G,,corrected-archive-csv
162860,Luleå-Kallax Flygplats,21,Byvind,"max, 1 gång/tim",meter per sekund,2022-06-16T19:00:00Z,2022-06-16T21:00:00+02:00,1655406000000,,8.0,8.0,G,,corrected-archive-csv
162860,Luleå-Kallax Flygplats,21,Byvind,"max, 1 gång/tim",meter per sekund,2022-06-16T22:00:00Z,2022-06-17T00:00:00+02:00,1655416800000,,9.0,9.0,G,,corrected-archive-csv
162860,Luleå-Kallax Flygplats,21,Byvind,"max, 1 gång/tim",meter per sekund,2022-06-16T23:00:00Z,2022-06-17T01:00:00+02:00,1655420400000,,8.0,8.0,G,,corrected-archive-csv
162860,Luleå-Kallax Flygplats,21,Byvind,"max, 1 gång/tim",meter per sekund,2022-06-17T02:00:00Z,2022-06-17T04:00:00+02:00,1655431200000,,9.0,9.0,G,,corrected-archive-csv
162860,Luleå-Kallax Flygplats,21,Byvind,"max, 1 gång/tim",meter per sekund,2022-06-17T03:00:00Z,2022-06-17T05:00:00+02:00,1655434800000,,8.0,8.0,G,,corrected-archive-csv
162860,Luleå-Kallax Flygplats,21,Byvind,"max, 1 gång/tim",meter per sekund,2022-06-17T08:00:00Z,2022-06-17T10:00:00+02:00,1655452800000,,9.0,9.0,G,,corrected-archive-csv
162860,Luleå-Kallax Flygplats,21,Byvind,"max, 1 gång/tim",meter per sekund,2022-06-17T09:00:00Z,2022-06-17T11:00:00+02:00,1655456400000,,8.0,8.0,G,,corrected-archive-csv
162860,Luleå-Kallax Flygplats,21,Byvind,"max, 1 gång/tim",meter per sekund,2022-06-17T11:00:00Z,2022-06-17T13:00:00+02:00,1655463600000,,7.0,7.0,G,,corrected-archive-csv
162860,Luleå-Kallax Flygplats,21,Byvind,"max, 1 gång/tim",meter per sekund,2022-06-17T12:00:00Z,2022-06-17T14:00:00+02:00,1655467200000,,9.0,9.0,G,,corrected-archive-csv
162860,Luleå-Kallax Flygplats,21,Byvind,"max, 1 gång/tim",meter per sekund,2022-06-17T13:00:00Z,2022-06-17T15:00:00+02:00,1655470800000,,7.0,7.0,G,,corrected-archive-csv
162860,Luleå-Kallax Flygplats,21,Byvind,"max, 1 gång/tim",meter per sekund,2022-06-17T18:00:00Z,2022-06-17T20:00:00+02:00,1655488800000,,6.0,6.0,G,,corrected-archive-csv
162860,Luleå-Kallax Flygplats,21,Byvind,"max, 1 gång/tim",meter per sekund,2022-06-17T19:00:00Z,2022-06-17T21:00:00+02:00,1655492400000,,7.0,7.0,G,,corrected-archive-csv
162860,Luleå-Kallax Flygplats,21,Byvind,"max, 1 gång/tim",meter per sekund,2022-06-17T20:00:00Z,2022-06-17T22:00:00+02:00,1655496000000,,6.0,6.0,G,,corrected-archive-csv
162860,Luleå-Kallax Flygplats,21,Byvind,"max, 1 gång/tim",meter per sekund,2022-06-17T23:00:00Z,2022-06-18T01:00:00+02:00,1655506800000,,5.0,5.0,G,,corrected-archive-csv
162860,Luleå-Kallax Flygplats,21,Byvind,"max, 1 gång/tim",meter per sekund,2022-06-18T00:00:00Z,2022-06-18T02:00:00+02:00,1655510400000,,6.0,6.0,G,,corrected-archive-csv
162860,Luleå-Kallax Flygplats,21,Byvind,"max, 1 gång/tim",meter per sekund,2022-06-18T01:00:00Z,2022-06-18T03:00:00+02:00,1655514000000,,7.0,7.0,G,,corrected-archive-csv
162860,Luleå-Kallax Flygplats,21,Byvind,"max, 1 gång/tim",meter per sekund,2022-06-18T03:00:00Z,2022-06-18T05:00:00+02:00,1655521200000,,5.0,5.0,G,,corrected-archive-csv
162860,Luleå-Kallax Flygplats,21,Byvind,"max, 1 gång/tim",meter per sekund,2022-06-18T04:00:00Z,2022-06-18T06:00:00+02:00,1655524800000,,6.0,6.0,G,,corrected-archive-csv
162860,Luleå-Kallax Flygplats,21,Byvind,"max, 1 gång/tim",meter per sekund,2022-06-18T06:00:00Z,2022-06-18T08:00:00+02:00,1655532000000,,5.0,5.0,G,,corrected-archive-csv
162860,Luleå-Kallax Flygplats,21,Byvind,"max, 1 gång/tim",meter per sekund,2022-06-18T07:00:00Z,2022-06-18T09:00:00+02:00,1655535600000,,6.0,6.0,G,,corrected-archive-csv
162860,Luleå-Kallax Flygplats,21,Byvind,"max, 1 gång/tim",meter per sekund,2022-06-18T09:00:00Z,2022-06-18T11:00:00+02:00,1655542800000,,8.0,8.0,G,,corrected-archive-csv
162860,Luleå-Kallax Flygplats,21,Byvind,"max, 1 gång/tim",meter per sekund,2022-06-18T10:00:00Z,2022-06-18T12:00:00+02:00,1655546400000,,11.0,11.0,G,,corrected-archive-csv
162860,Luleå-Kallax Flygplats,21,Byvind,"max, 1 gång/tim",meter per sekund,2022-06-18T11:00:00Z,2022-06-18T13:00:00+02:00,1655550000000,,9.0,9.0,G,,corrected-archive-csv
162860,Luleå-Kallax Flygplats,21,Byvind,"max, 1 gång/tim",meter per sekund,2022-06-18T12:00:00Z,2022-06-18T14:00:00+02:00,1655553600000,,7.0,7.0,G,,corrected-archive-csv
162860,Luleå-Kallax Flygplats,21,Byvind,"max, 1 gång/tim",meter per sekund,2022-06-18T13:00:00Z,2022-06-18T15:00:00+02:00,1655557200000,,6.0,6.0,G,,corrected-archive-csv
162860,Luleå-Kallax Flygplats,21,Byvind,"max, 1 gång/tim",meter per sekund,2022-06-18T14:00:00Z,2022-06-18T16:00:00+02:00,1655560800000,,4.0,4.0,G,,corrected-archive-csv
162860,Luleå-Kallax Flygplats,21,Byvind,"max, 1 gång/tim",meter per sekund,2022-06-18T15:00:00Z,2022-06-18T17:00:00+02:00,1655564400000,,3.0,3.0,G,,corrected-archive-csv
162860,Luleå-Kallax Flygplats,21,Byvind,"max, 1 gång/tim",meter per sekund,2022-06-18T16:00:00Z,2022-06-18T18:00:00+02:00,1655568000000,,4.0,4.0,G,,corrected-archive-csv
162860,Luleå-Kallax Flygplats,21,Byvind,"max, 1 gång/tim",meter per sekund,2022-06-18T19:00:00Z,2022-06-18T21:00:00+02:00,1655578800000,,5.0,5.0,G,,corrected-archive-csv
162860,Luleå-Kallax Flygplats,21,Byvind,"max, 1 gång/tim",meter per sekund,2022-06-18T20:00:00Z,2022-06-18T22:00:00+02:00,1655582400000,,6.0,6.0,G,,corrected-archive-csv
162860,Luleå-Kallax Flygplats,21,Byvind,"max, 1 gång/tim",meter per sekund,2022-06-18T21:00:00Z,2022-06-18T23:00:00+02:00,1655586000000,,7.0,7.0,G,,corrected-archive-csv
162860,Luleå-Kallax Flygplats,21,Byvind,"max, 1 gång/tim",meter per sekund,2022-06-18T23:00:00Z,2022-06-19T01:00:00+02:00,1655593200000,,8.0,8.0,G,,corrected-archive-csv
162860,Luleå-Kallax Flygplats,21,Byvind,"max, 1 gång/tim",meter per sekund,2022-06-19T02:00:00Z,2022-06-19T04:00:00+02:00,1655604000000,,9.0,9.0,G,,corrected-archive-csv
162860,Luleå-Kallax Flygplats,21,Byvind,"max, 1 gång/tim",meter per sekund,2022-06-19T05:00:00Z,2022-06-19T07:00:00+02:00,1655614800000,,12.0,12.0,G,,corrected-archive-csv
162860,Luleå-Kallax Flygplats,21,Byvind,"max, 1 gång/tim",meter per sekund,2022-06-19T07:00:00Z,2022-06-19T09:00:00+02:00,1655622000000,,9.0,9.0,G,,corrected-archive-csv
162860,Luleå-Kallax Flygplats,21,Byvind,"max, 1 gång/tim",meter per sekund,2022-06-19T08:00:00Z,2022-06-19T10:00:00+02:00,1655625600000,,8.0,8.0,G,,corrected-archive-csv
162860,Luleå-Kallax Flygplats,21,Byvind,"max, 1 gång/tim",meter per sekund,2022-06-19T09:00:00Z,2022-06-19T11:00:00+02:00,1655629200000,,7.0,7.0,G,,corrected-archive-csv
162860,Luleå-Kallax Flygplats,21,Byvind,"max, 1 gång/tim",meter per sekund,2022-06-19T10:00:00Z,2022-06-19T12:00:00+02:00,1655632800000,,6.0,6.0,G,,corrected-archive-csv
162860,Luleå-Kallax Flygplats,21,Byvind,"max, 1 gång/tim",meter per sekund,2022-06-19T12:00:00Z,2022-06-19T14:00:00+02:00,1655640000000,,5.0,5.0,G,,corrected-archive-csv
162860,Luleå-Kallax Flygplats,21,Byvind,"max, 1 gång/tim",meter per sekund,2022-06-19T14:00:00Z,2022-06-19T16:00:00+02:00,1655647200000,,6.0,6.0,G,,corrected-archive-csv
162860,Luleå-Kallax Flygplats,21,Byvind,"max, 1 gång/tim",meter per sekund,2022-06-19T15:00:00Z,2022-06-19T17:00:00+02:00,1655650800000,,4.0,4.0,G,,corrected-archive-csv
162860,Luleå-Kallax Flygplats,21,Byvind,"max, 1 gång/tim",meter per sekund,2022-06-19T17:00:00Z,2022-06-19T19:00:00+02:00,1655658000000,,3.0,3.0,G,,corrected-archive-csv
162860,Luleå-Kallax Flygplats,21,Byvind,"max, 1 gång/tim",meter per sekund,2022-06-19T18:00:00Z,2022-06-19T20:00:00+02:00,1655661600000,,5.0,5.0,G,,corrected-archive-csv
162860,Luleå-Kallax Flygplats,21,Byvind,"max, 1 gång/tim",meter per sekund,2022-06-19T20:00:00Z,2022-06-19T22:00:00+02:00,1655668800000,,4.0,4.0,G,,corrected-archive-csv
162860,Luleå-Kallax Flygplats,21,Byvind,"max, 1 gång/tim",meter per sekund,2022-06-19T22:00:00Z,2022-06-20T00:00:00+02:00,1655676000000,,3.0,3.0,G,,corrected-archive-csv
162860,Luleå-Kallax Flygplats,21,Byvind,"max, 1 gång/tim",meter per sekund,2022-06-19T23:00:00Z,2022-06-20T01:00:00+02:00,1655679600000,,2.0,2.0,G,,corrected-archive-csv
162860,Luleå-Kallax Flygplats,21,Byvind,"max, 1 gång/tim",meter per sekund,2022-06-20T00:00:00Z,2022-06-20T02:00:00+02:00,1655683200000,,3.0,3.0,G,,corrected-archive-csv
162860,Luleå-Kallax Flygplats,21,Byvind,"max, 1 gång/tim",meter per sekund,2022-06-20T01:00:00Z,2022-06-20T03:00:00+02:00,1655686800000,,4.0,4.0,G,,corrected-archive-csv
162860,Luleå-Kallax Flygplats,21,Byvind,"max, 1 gång/tim",meter per sekund,2022-06-20T05:00:00Z,2022-06-20T07:00:00+02:00,1655701200000,,3.0,3.0,G,,corrected-archive-csv
162860,Luleå-Kallax Flygplats,21,Byvind,"max, 1 gång/tim",meter per sekund,2022-06-20T06:00:00Z,2022-06-20T08:00:00+02:00,1655704800000,,2.0,2.0,G,,corrected-archive-csv
162860,Luleå-Kallax Flygplats,21,Byvind,"max, 1 gång/tim",meter per sekund,2022-06-20T07:00:00Z,2022-06-20T09:00:00+02:00,1655708400000,,3.0,3.0,G,,corrected-archive-csv
162860,Luleå-Kallax Flygplats,21,Byvind,"max, 1 gång/tim",meter per sekund,2022-06-20T08:00:00Z,2022-06-20T10:00:00+02:00,1655712000000,,5.0,5.0,G,,corrected-archive-csv
162860,Luleå-Kallax Flygplats,21,Byvind,"max, 1 gång/tim",meter per sekund,2022-06-20T10:00:00Z,2022-06-20T12:00:00+02:00,1655719200000,,4.0,4.0,G,,corrected-archive-csv
162860,Luleå-Kallax Flygplats,21,Byvind,"max, 1 gång/tim",meter per sekund,2022-06-20T11:00:00Z,2022-06-20T13:00:00+02:00,1655722800000,,5.0,5.0,G,,corrected-archive-csv
162860,Luleå-Kallax Flygplats,21,Byvind,"max, 1 gång/tim",meter per sekund,2022-06-20T12:00:00Z,2022-06-20T14:00:00+02:00,1655726400000,,6.0,6.0,G,,corrected-archive-csv
162860,Luleå-Kallax Flygplats,21,Byvind,"max, 1 gång/tim",meter per sekund,2022-06-20T18:00:00Z,2022-06-20T20:00:00+02:00,1655748000000,,5.0,5.0,G,,corrected-archive-csv
162860,Luleå-Kallax Flygplats,21,Byvind,"max, 1 gång/tim",meter per sekund,2022-06-20T19:00:00Z,2022-06-20T21:00:00+02:00,1655751600000,,4.0,4.0,G,,corrected-archive-csv
162860,Luleå-Kallax Flygplats,21,Byvind,"max, 1 gång/tim",meter per sekund,2022-06-20T22:00:00Z,2022-06-21T00:00:00+02:00,1655762400000,,5.0,5.0,G,,corrected-archive-csv
162860,Luleå-Kallax Flygplats,21,Byvind,"max, 1 gång/tim",meter per sekund,2022-06-21T01:00:00Z,2022-06-21T03:00:00+02:00,1655773200000,,6.0,6.0,G,,corrected-archive-csv
162860,Luleå-Kallax Flygplats,21,Byvind,"max, 1 gång/tim",meter per sekund,2022-06-21T02:00:00Z,2022-06-21T04:00:00+02:00,1655776800000,,5.0,5.0,G,,corrected-archive-csv
162860,Luleå-Kallax Flygplats,21,Byvind,"max, 1 gång/tim",meter per sekund,2022-06-21T03:00:00Z,2022-06-21T05:00:00+02:00,1655780400000,,6.0,6.0,G,,corrected-archive-csv
162860,Luleå-Kallax Flygplats,21,Byvind,"max, 1 gång/tim",meter per sekund,2022-06-21T08:00:00Z,2022-06-21T10:00:00+02:00,1655798400000,,5.0,5.0,G,,corrected-archive-csv
162860,Luleå-Kallax Flygplats,21,Byvind,"max, 1 gång/tim",meter per sekund,2022-06-21T09:00:00Z,2022-06-21T11:00:00+02:00,1655802000000,,6.0,6.0,G,,corrected-archive-csv
162860,Luleå-Kallax Flygplats,21,Byvind,"max, 1 gång/tim",meter per sekund,2022-06-21T11:00:00Z,2022-06-21T13:00:00+02:00,1655809200000,,7.0,7.0,G,,corrected-archive-csv
162860,Luleå-Kallax Flygplats,21,Byvind,"max, 1 gång/tim",meter per sekund,2022-06-21T12:00:00Z,2022-06-21T14:00:00+02:00,1655812800000,,6.0,6.0,G,,corrected-archive-csv
162860,Luleå-Kallax Flygplats,21,Byvind,"max, 1 gång/tim",meter per sekund,2022-06-21T14:00:00Z,2022-06-21T16:00:00+02:00,1655820000000,,7.0,7.0,G,,corrected-archive-csv
162860,Luleå-Kallax Flygplats,21,Byvind,"max, 1 gång/tim",meter per sekund,2022-06-21T15:00:00Z,2022-06-21T17:00:00+02:00,1655823600000,,5.0,5.0,G,,corrected-archive-csv
162860,Luleå-Kallax Flygplats,21,Byvind,"max, 1 gång/tim",meter per sekund,2022-06-21T17:00:00Z,2022-06-21T19:00:00+02:00,1655830800000,,7.0,7.0,G,,corrected-archive-csv
162860,Luleå-Kallax Flygplats,21,Byvind,"max, 1 gång/tim",meter per sekund,2022-06-21T18:00:00Z,2022-06-21T20:00:00+02:00,1655834400000,,4.0,4.0,G,,corrected-archive-csv
162860,Luleå-Kallax Flygplats,21,Byvind,"max, 1 gång/tim",meter per sekund,2022-06-21T21:00:00Z,2022-06-21T23:00:00+02:00,1655845200000,,3.0,3.0,G,,corrected-archive-csv
162860,Luleå-Kallax Flygplats,21,Byvind,"max, 1 gång/tim",meter per sekund,2022-06-21T23:00:00Z,2022-06-22T01:00:00+02:00,1655852400000,,4.0,4.0,G,,corrected-archive-csv
162860,Luleå-Kallax Flygplats,21,Byvind,"max, 1 gång/tim",meter per sekund,2022-06-22T00:00:00Z,2022-06-22T02:00:00+02:00,1655856000000,,7.0,7.0,G,,corrected-archive-csv
162860,Luleå-Kallax Flygplats,21,Byvind,"max, 1 gång/tim",meter per sekund,2022-06-22T01:00:00Z,2022-06-22T03:00:00+02:00,1655859600000,,10.0,10.0,G,,corrected-archive-csv
162860,Luleå-Kallax Flygplats,21,Byvind,"max, 1 gång/tim",meter per sekund,2022-06-22T03:00:00Z,2022-06-22T05:00:00+02:00,1655866800000,,8.0,8.0,G,,corrected-archive-csv
162860,Luleå-Kallax Flygplats,21,Byvind,"max, 1 gång/tim",meter per sekund,2022-06-22T04:00:00Z,2022-06-22T06:00:00+02:00,1655870400000,,9.0,9.0,G,,corrected-archive-csv
162860,Luleå-Kallax Flygplats,21,Byvind,"max, 1 gång/tim",meter per sekund,2022-06-22T08:00:00Z,2022-06-22T10:00:00+02:00,1655884800000,,8.0,8.0,G,,corrected-archive-csv
162860,Luleå-Kallax Flygplats,21,Byvind,"max, 1 gång/tim",meter per sekund,2022-06-22T09:00:00Z,2022-06-22T11:00:00+02:00,1655888400000,,7.0,7.0,G,,corrected-archive-csv
162860,Luleå-Kallax Flygplats,21,Byvind,"max, 1 gång/tim",meter per sekund,2022-06-22T10:00:00Z,2022-06-22T12:00:00+02:00,1655892000000,,6.0,6.0,G,,corrected-archive-csv
162860,Luleå-Kallax Flygplats,21,Byvind,"max, 1 gång/tim",meter per sekund,2022-06-22T11:00:00Z,2022-06-22T13:00:00+02:00,1655895600000,,5.0,5.0,G,,corrected-archive-csv
162860,Luleå-Kallax Flygplats,21,Byvind,"max, 1 gång/tim",meter per sekund,2022-06-22T12:00:00Z,2022-06-22T14:00:00+02:00,1655899200000,,6.0,6.0,G,,corrected-archive-csv
162860,Luleå-Kallax Flygplats,21,Byvind,"max, 1 gång/tim",meter per sekund,2022-06-22T13:00:00Z,2022-06-22T15:00:00+02:00,1655902800000,,7.0,7.0,G,,corrected-archive-csv
162860,Luleå-Kallax Flygplats,21,Byvind,"max, 1 gång/tim",meter per sekund,2022-06-22T18:00:00Z,2022-06-22T20:00:00+02:00,1655920800000,,6.0,6.0,G,,corrected-archive-csv
162860,Luleå-Kallax Flygplats,21,Byvind,"max, 1 gång/tim",meter per sekund,2022-06-22T19:00:00Z,2022-06-22T21:00:00+02:00,1655924400000,,5.0,5.0,G,,corrected-archive-csv
162860,Luleå-Kallax Flygplats,21,Byvind,"max, 1 gång/tim",meter per sekund,2022-06-22T21:00:00Z,2022-06-22T23:00:00+02:00,1655931600000,,6.0,6.0,G,,corrected-archive-csv
162860,Luleå-Kallax Flygplats,21,Byvind,"max, 1 gång/tim",meter per sekund,2022-06-23T00:00:00Z,2022-06-23T02:00:00+02:00,1655942400000,,5.0,5.0,G,,corrected-archive-csv
162860,Luleå-Kallax Flygplats,21,Byvind,"max, 1 gång/tim",meter per sekund,2022-06-23T01:00:00Z,2022-06-23T03:00:00+02:00,1655946000000,,7.0,7.0,G,,corrected-archive-csv
162860,Luleå-Kallax Flygplats,21,Byvind,"max, 1 gång/tim",meter per sekund,2022-06-23T03:00:00Z,2022-06-23T05:00:00+02:00,1655953200000,,6.0,6.0,G,,corrected-archive-csv
162860,Luleå-Kallax Flygplats,21,Byvind,"max, 1 gång/tim",meter per sekund,2022-06-23T05:00:00Z,2022-06-23T07:00:00+02:00,1655960400000,,5.0,5.0,G,,corrected-archive-csv
162860,Luleå-Kallax Flygplats,21,Byvind,"max, 1 gång/tim",meter per sekund,2022-06-23T06:00:00Z,2022-06-23T08:00:00+02:00,1655964000000,,6.0,6.0,G,,corrected-archive-csv
162860,Luleå-Kallax Flygplats,21,Byvind,"max, 1 gång/tim",meter per sekund,2022-06-23T08:00:00Z,2022-06-23T10:00:00+02:00,1655971200000,,7.0,7.0,G,,corrected-archive-csv
162860,Luleå-Kallax Flygplats,21,Byvind,"max, 1 gång/tim",meter per sekund,2022-06-23T10:00:00Z,2022-06-23T12:00:00+02:00,1655978400000,,9.0,9.0,G,,corrected-archive-csv
162860,Luleå-Kallax Flygplats,21,Byvind,"max, 1 gång/tim",meter per sekund,2022-06-23T12:00:00Z,2022-06-23T14:00:00+02:00,1655985600000,,10.0,10.0,G,,corrected-archive-csv
162860,Luleå-Kallax Flygplats,21,Byvind,"max, 1 gång/tim",meter per sekund,2022-06-23T14:00:00Z,2022-06-23T16:00:00+02:00,1655992800000,,9.0,9.0,G,,corrected-archive-csv
162860,Luleå-Kallax Flygplats,21,Byvind,"max, 1 gång/tim",meter per sekund,2022-06-23T15:00:00Z,2022-06-23T17:00:00+02:00,1655996400000,,10.0,10.0,G,,corrected-archive-csv
162860,Luleå-Kallax Flygplats,21,Byvind,"max, 1 gång/tim",meter per sekund,2022-06-23T19:00:00Z,2022-06-23T21:00:00+02:00,1656010800000,,9.0,9.0,G,,corrected-archive-csv
162860,Luleå-Kallax Flygplats,21,Byvind,"max, 1 gång/tim",meter per sekund,2022-06-23T20:00:00Z,2022-06-23T22:00:00+02:00,1656014400000,,8.0,8.0,G,,corrected-archive-csv
162860,Luleå-Kallax Flygplats,21,Byvind,"max, 1 gång/tim",meter per sekund,2022-06-23T21:00:00Z,2022-06-23T23:00:00+02:00,1656018000000,,7.0,7.0,G,,corrected-archive-csv
162860,Luleå-Kallax Flygplats,21,Byvind,"max, 1 gång/tim",meter per sekund,2022-06-23T23:00:00Z,2022-06-24T01:00:00+02:00,1656025200000,,6.0,6.0,G,,corrected-archive-csv
162860,Luleå-Kallax Flygplats,21,Byvind,"max, 1 gång/tim",meter per sekund,2022-06-24T00:00:00Z,2022-06-24T02:00:00+02:00,1656028800000,,7.0,7.0,G,,corrected-archive-csv
162860,Luleå-Kallax Flygplats,21,Byvind,"max, 1 gång/tim",meter per sekund,2022-06-24T03:00:00Z,2022-06-24T05:00:00+02:00,1656039600000,,6.0,6.0,G,,corrected-archive-csv
162860,Luleå-Kallax Flygplats,21,Byvind,"max, 1 gång/tim",meter per sekund,2022-06-24T04:00:00Z,2022-06-24T06:00:00+02:00,1656043200000,,3.0,3.0,G,,corrected-archive-csv
162860,Luleå-Kallax Flygplats,21,Byvind,"max, 1 gång/tim",meter per sekund,2022-06-24T05:00:00Z,2022-06-24T07:00:00+02:00,1656046800000,,6.0,6.0,G,,corrected-archive-csv
162860,Luleå-Kallax Flygplats,21,Byvind,"max, 1 gång/tim",meter per sekund,2022-06-24T06:00:00Z,2022-06-24T08:00:00+02:00,1656050400000,,4.0,4.0,G,,corrected-archive-csv
162860,Luleå-Kallax Flygplats,21,Byvind,"max, 1 gång/tim",meter per sekund,2022-06-24T09:00:00Z,2022-06-24T11:00:00+02:00,1656061200000,,6.0,6.0,G,,corrected-archive-csv
162860,Luleå-Kallax Flygplats,21,Byvind,"max, 1 gång/tim",meter per sekund,2022-06-24T10:00:00Z,2022-06-24T12:00:00+02:00,1656064800000,,7.0,7.0,G,,corrected-archive-csv
162860,Luleå-Kallax Flygplats,21,Byvind,"max, 1 gång/tim",meter per sekund,2022-06-24T13:00:00Z,2022-06-24T15:00:00+02:00,1656075600000,,6.0,6.0,G,,corrected-archive-csv
162860,Luleå-Kallax Flygplats,21,Byvind,"max, 1 gång/tim",meter per sekund,2022-06-24T15:00:00Z,2022-06-24T17:00:00+02:00,1656082800000,,5.0,5.0,G,,corrected-archive-csv
162860,Luleå-Kallax Flygplats,21,Byvind,"max, 1 gång/tim",meter per sekund,2022-06-24T16:00:00Z,2022-06-24T18:00:00+02:00,1656086400000,,4.0,4.0,G,,corrected-archive-csv
162860,Luleå-Kallax Flygplats,21,Byvind,"max, 1 gång/tim",meter per sekund,2022-06-24T17:00:00Z,2022-06-24T19:00:00+02:00,1656090000000,,6.0,6.0,G,,corrected-archive-csv
162860,Luleå-Kallax Flygplats,21,Byvind,"max, 1 gång/tim",meter per sekund,2022-06-24T18:00:00Z,2022-06-24T20:00:00+02:00,1656093600000,,4.0,4.0,G,,corrected-archive-csv
162860,Luleå-Kallax Flygplats,21,Byvind,"max, 1 gång/tim",meter per sekund,2022-06-24T19:00:00Z,2022-06-24T21:00:00+02:00,1656097200000,,3.0,3.0,G,,corrected-archive-csv
162860,Luleå-Kallax Flygplats,21,Byvind,"max, 1 gång/tim",meter per sekund,2022-06-24T20:00:00Z,2022-06-24T22:00:00+02:00,1656100800000,,2.0,2.0,G,,corrected-archive-csv
162860,Luleå-Kallax Flygplats,21,Byvind,"max, 1 gång/tim",meter per sekund,2022-06-24T21:00:00Z,2022-06-24T23:00:00+02:00,1656104400000,,3.0,3.0,G,,corrected-archive-csv
162860,Luleå-Kallax Flygplats,21,Byvind,"max, 1 gång/tim",meter per sekund,2022-06-24T22:00:00Z,2022-06-25T00:00:00+02:00,1656108000000,,2.0,2.0,G,,corrected-archive-csv
162860,Luleå-Kallax Flygplats,21,Byvind,"max, 1 gång/tim",meter per sekund,2022-06-25T00:00:00Z,2022-06-25T02:00:00+02:00,1656115200000,,1.0,1.0,G,,corrected-archive-csv
162860,Luleå-Kallax Flygplats,21,Byvind,"max, 1 gång/tim",meter per sekund,2022-06-25T01:00:00Z,2022-06-25T03:00:00+02:00,1656118800000,,2.0,2.0,G,,corrected-archive-csv
162860,Luleå-Kallax Flygplats,21,Byvind,"max, 1 gång/tim",meter per sekund,2022-06-25T03:00:00Z,2022-06-25T05:00:00+02:00,1656126000000,,3.0,3.0,G,,corrected-archive-csv
162860,Luleå-Kallax Flygplats,21,Byvind,"max, 1 gång/tim",meter per sekund,2022-06-25T05:00:00Z,2022-06-25T07:00:00+02:00,1656133200000,,4.0,4.0,G,,corrected-archive-csv
162860,Luleå-Kallax Flygplats,21,Byvind,"max, 1 gång/tim",meter per sekund,2022-06-25T06:00:00Z,2022-06-25T08:00:00+02:00,1656136800000,,6.0,6.0,G,,corrected-archive-csv
162860,Luleå-Kallax Flygplats,21,Byvind,"max, 1 gång/tim",meter per sekund,2022-06-25T08:00:00Z,2022-06-25T10:00:00+02:00,1656144000000,,5.0,5.0,G,,corrected-archive-csv
162860,Luleå-Kallax Flygplats,21,Byvind,"max, 1 gång/tim",meter per sekund,2022-06-25T09:00:00Z,2022-06-25T11:00:00+02:00,1656147600000,,6.0,6.0,G,,corrected-archive-csv
162860,Luleå-Kallax Flygplats,21,Byvind,"max, 1 gång/tim",meter per sekund,2022-06-25T11:00:00Z,2022-06-25T13:00:00+02:00,1656154800000,,7.0,7.0,G,,corrected-archive-csv
162860,Luleå-Kallax Flygplats,21,Byvind,"max, 1 gång/tim",meter per sekund,2022-06-25T14:00:00Z,2022-06-25T16:00:00+02:00,1656165600000,,6.0,6.0,G,,corrected-archive-csv
162860,Luleå-Kallax Flygplats,21,Byvind,"max, 1 gång/tim",meter per sekund,2022-06-25T15:00:00Z,2022-06-25T17:00:00+02:00,1656169200000,,7.0,7.0,G,,corrected-archive-csv
162860,Luleå-Kallax Flygplats,21,Byvind,"max, 1 gång/tim",meter per sekund,2022-06-25T18:00:00Z,2022-06-25T20:00:00+02:00,1656180000000,,6.0,6.0,G,,corrected-archive-csv
162860,Luleå-Kallax Flygplats,21,Byvind,"max, 1 gång/tim",meter per sekund,2022-06-25T19:00:00Z,2022-06-25T21:00:00+02:00,1656183600000,,5.0,5.0,G,,corrected-archive-csv
162860,Luleå-Kallax Flygplats,21,Byvind,"max, 1 gång/tim",meter per sekund,2022-06-25T21:00:00Z,2022-06-25T23:00:00+02:00,1656190800000,,3.0,3.0,G,,corrected-archive-csv
162860,Luleå-Kallax Flygplats,21,Byvind,"max, 1 gång/tim",meter per sekund,2022-06-25T22:00:00Z,2022-06-26T00:00:00+02:00,1656194400000,,2.0,2.0,G,,corrected-archive-csv
162860,Luleå-Kallax Flygplats,21,Byvind,"max, 1 gång/tim",meter per sekund,2022-06-26T04:00:00Z,2022-06-26T06:00:00+02:00,1656216000000,,3.0,3.0,G,,corrected-archive-csv
162860,Luleå-Kallax Flygplats,21,Byvind,"max, 1 gång/tim",meter per sekund,2022-06-26T05:00:00Z,2022-06-26T07:00:00+02:00,1656219600000,,2.0,2.0,G,,corrected-archive-csv
162860,Luleå-Kallax Flygplats,21,Byvind,"max, 1 gång/tim",meter per sekund,2022-06-26T06:00:00Z,2022-06-26T08:00:00+02:00,1656223200000,,3.0,3.0,G,,corrected-archive-csv
162860,Luleå-Kallax Flygplats,21,Byvind,"max, 1 gång/tim",meter per sekund,2022-06-26T07:00:00Z,2022-06-26T09:00:00+02:00,1656226800000,,4.0,4.0,G,,corrected-archive-csv
162860,Luleå-Kallax Flygplats,21,Byvind,"max, 1 gång/tim",meter per sekund,2022-06-26T08:00:00Z,2022-06-26T10:00:00+02:00,1656230400000,,3.0,3.0,G,,corrected-archive-csv
162860,Luleå-Kallax Flygplats,21,Byvind,"max, 1 gång/tim",meter per sekund,2022-06-26T09:00:00Z,2022-06-26T11:00:00+02:00,1656234000000,,4.0,4.0,G,,corrected-archive-csv
162860,Luleå-Kallax Flygplats,21,Byvind,"max, 1 gång/tim",meter per sekund,2022-06-26T11:00:00Z,2022-06-26T13:00:00+02:00,1656241200000,,5.0,5.0,G,,corrected-archive-csv
162860,Luleå-Kallax Flygplats,21,Byvind,"max, 1 gång/tim",meter per sekund,2022-06-26T12:00:00Z,2022-06-26T14:00:00+02:00,1656244800000,,6.0,6.0,G,,corrected-archive-csv
162860,Luleå-Kallax Flygplats,21,Byvind,"max, 1 gång/tim",meter per sekund,2022-06-26T14:00:00Z,2022-06-26T16:00:00+02:00,1656252000000,,5.0,5.0,G,,corrected-archive-csv
162860,Luleå-Kallax Flygplats,21,Byvind,"max, 1 gång/tim",meter per sekund,2022-06-26T16:00:00Z,2022-06-26T18:00:00+02:00,1656259200000,,4.0,4.0,G,,corrected-archive-csv
162860,Luleå-Kallax Flygplats,21,Byvind,"max, 1 gång/tim",meter per sekund,2022-06-26T17:00:00Z,2022-06-26T19:00:00+02:00,1656262800000,,6.0,6.0,G,,corrected-archive-csv
162860,Luleå-Kallax Flygplats,21,Byvind,"max, 1 gång/tim",meter per sekund,2022-06-26T18:00:00Z,2022-06-26T20:00:00+02:00,1656266400000,,2.0,2.0,G,,corrected-archive-csv
162860,Luleå-Kallax Flygplats,21,Byvind,"max, 1 gång/tim",meter per sekund,2022-06-26T19:00:00Z,2022-06-26T21:00:00+02:00,1656270000000,,3.0,3.0,G,,corrected-archive-csv
162860,Luleå-Kallax Flygplats,21,Byvind,"max, 1 gång/tim",meter per sekund,2022-06-26T20:00:00Z,2022-06-26T22:00:00+02:00,1656273600000,,2.0,2.0,G,,corrected-archive-csv
162860,Luleå-Kallax Flygplats,21,Byvind,"max, 1 gång/tim",meter per sekund,2022-06-26T21:00:00Z,2022-06-26T23:00:00+02:00,1656277200000,,3.0,3.0,G,,corrected-archive-csv
162860,Luleå-Kallax Flygplats,21,Byvind,"max, 1 gång/tim",meter per sekund,2022-06-26T22:00:00Z,2022-06-27T00:00:00+02:00,1656280800000,,2.0,2.0,G,,corrected-archive-csv
162860,Luleå-Kallax Flygplats,21,Byvind,"max, 1 gång/tim",meter per sekund,2022-06-27T00:00:00Z,2022-06-27T02:00:00+02:00,1656288000000,,1.0,1.0,G,,corrected-archive-csv
162860,Luleå-Kallax Flygplats,21,Byvind,"max, 1 gång/tim",meter per sekund,2022-06-27T02:00:00Z,2022-06-27T04:00:00+02:00,1656295200000,,2.0,2.0,G,,corrected-archive-csv
162860,Luleå-Kallax Flygplats,21,Byvind,"max, 1 gång/tim",meter per sekund,2022-06-27T03:00:00Z,2022-06-27T05:00:00+02:00,1656298800000,,4.0,4.0,G,,corrected-archive-csv
162860,Luleå-Kallax Flygplats,21,Byvind,"max, 1 gång/tim",meter per sekund,2022-06-27T06:00:00Z,2022-06-27T08:00:00+02:00,1656309600000,,3.0,3.0,G,,corrected-archive-csv
162860,Luleå-Kallax Flygplats,21,Byvind,"max, 1 gång/tim",meter per sekund,2022-06-27T08:00:00Z,2022-06-27T10:00:00+02:00,1656316800000,,4.0,4.0,G,,corrected-archive-csv
162860,Luleå-Kallax Flygplats,21,Byvind,"max, 1 gång/tim",meter per sekund,2022-06-27T09:00:00Z,2022-06-27T11:00:00+02:00,1656320400000,,5.0,5.0,G,,corrected-archive-csv
162860,Luleå-Kallax Flygplats,21,Byvind,"max, 1 gång/tim",meter per sekund,2022-06-27T10:00:00Z,2022-06-27T12:00:00+02:00,1656324000000,,6.0,6.0,G,,corrected-archive-csv
162860,Luleå-Kallax Flygplats,21,Byvind,"max, 1 gång/tim",meter per sekund,2022-06-27T13:00:00Z,2022-06-27T15:00:00+02:00,1656334800000,,7.0,7.0,G,,corrected-archive-csv
162860,Luleå-Kallax Flygplats,21,Byvind,"max, 1 gång/tim",meter per sekund,2022-06-27T15:00:00Z,2022-06-27T17:00:00+02:00,1656342000000,,5.0,5.0,G,,corrected-archive-csv
162860,Luleå-Kallax Flygplats,21,Byvind,"max, 1 gång/tim",meter per sekund,2022-06-27T18:00:00Z,2022-06-27T20:00:00+02:00,1656352800000,,4.0,4.0,G,,corrected-archive-csv
162860,Luleå-Kallax Flygplats,21,Byvind,"max, 1 gång/tim",meter per sekund,2022-06-27T20:00:00Z,2022-06-27T22:00:00+02:00,1656360000000,,5.0,5.0,G,,corrected-archive-csv
162860,Luleå-Kallax Flygplats,21,Byvind,"max, 1 gång/tim",meter per sekund,2022-06-27T21:00:00Z,2022-06-27T23:00:00+02:00,1656363600000,,4.0,4.0,G,,corrected-archive-csv
162860,Luleå-Kallax Flygplats,21,Byvind,"max, 1 gång/tim",meter per sekund,2022-06-27T23:00:00Z,2022-06-28T01:00:00+02:00,1656370800000,,3.0,3.0,G,,corrected-archive-csv
162860,Luleå-Kallax Flygplats,21,Byvind,"max, 1 gång/tim",meter per sekund,2022-06-28T00:00:00Z,2022-06-28T02:00:00+02:00,1656374400000,,1.0,1.0,G,,corrected-archive-csv
162860,Luleå-Kallax Flygplats,21,Byvind,"max, 1 gång/tim",meter per sekund,2022-06-28T01:00:00Z,2022-06-28T03:00:00+02:00,1656378000000,,4.0,4.0,G,,corrected-archive-csv
162860,Luleå-Kallax Flygplats,21,Byvind,"max, 1 gång/tim",meter per sekund,2022-06-28T02:00:00Z,2022-06-28T04:00:00+02:00,1656381600000,,2.0,2.0,G,,corrected-archive-csv
162860,Luleå-Kallax Flygplats,21,Byvind,"max, 1 gång/tim",meter per sekund,2022-06-28T04:00:00Z,2022-06-28T06:00:00+02:00,1656388800000,,4.0,4.0,G,,corrected-archive-csv
162860,Luleå-Kallax Flygplats,21,Byvind,"max, 1 gång/tim",meter per sekund,2022-06-28T05:00:00Z,2022-06-28T07:00:00+02:00,1656392400000,,6.0,6.0,G,,corrected-archive-csv
162860,Luleå-Kallax Flygplats,21,Byvind,"max, 1 gång/tim",meter per sekund,2022-06-28T08:00:00Z,2022-06-28T10:00:00+02:00,1656403200000,,7.0,7.0,G,,corrected-archive-csv
162860,Luleå-Kallax Flygplats,21,Byvind,"max, 1 gång/tim",meter per sekund,2022-06-28T12:00:00Z,2022-06-28T14:00:00+02:00,1656417600000,,6.0,6.0,G,,corrected-archive-csv
162860,Luleå-Kallax Flygplats,21,Byvind,"max, 1 gång/tim",meter per sekund,2022-06-28T13:00:00Z,2022-06-28T15:00:00+02:00,1656421200000,,7.0,7.0,G,,corrected-archive-csv
162860,Luleå-Kallax Flygplats,21,Byvind,"max, 1 gång/tim",meter per sekund,2022-06-28T14:00:00Z,2022-06-28T16:00:00+02:00,1656424800000,,8.0,8.0,G,,corrected-archive-csv
162860,Luleå-Kallax Flygplats,21,Byvind,"max, 1 gång/tim",meter per sekund,2022-06-28T15:00:00Z,2022-06-28T17:00:00+02:00,1656428400000,,7.0,7.0,G,,corrected-archive-csv
162860,Luleå-Kallax Flygplats,21,Byvind,"max, 1 gång/tim",meter per sekund,2022-06-28T16:00:00Z,2022-06-28T18:00:00+02:00,1656432000000,,6.0,6.0,G,,corrected-archive-csv
162860,Luleå-Kallax Flygplats,21,Byvind,"max, 1 gång/tim",meter per sekund,2022-06-28T17:00:00Z,2022-06-28T19:00:00+02:00,1656435600000,,7.0,7.0,G,,corrected-archive-csv
162860,Luleå-Kallax Flygplats,21,Byvind,"max, 1 gång/tim",meter per sekund,2022-06-28T18:00:00Z,2022-06-28T20:00:00+02:00,1656439200000,,5.0,5.0,G,,corrected-archive-csv
162860,Luleå-Kallax Flygplats,21,Byvind,"max, 1 gång/tim",meter per sekund,2022-06-28T19:00:00Z,2022-06-28T21:00:00+02:00,1656442800000,,4.0,4.0,G,,corrected-archive-csv
162860,Luleå-Kallax Flygplats,21,Byvind,"max, 1 gång/tim",meter per sekund,2022-06-28T22:00:00Z,2022-06-29T00:00:00+02:00,1656453600000,,5.0,5.0,G,,corrected-archive-csv
162860,Luleå-Kallax Flygplats,21,Byvind,"max, 1 gång/tim",meter per sekund,2022-06-29T00:00:00Z,2022-06-29T02:00:00+02:00,1656460800000,,4.0,4.0,G,,corrected-archive-csv
162860,Luleå-Kallax Flygplats,21,Byvind,"max, 1 gång/tim",meter per sekund,2022-06-29T04:00:00Z,2022-06-29T06:00:00+02:00,1656475200000,,3.0,3.0,G,,corrected-archive-csv
162860,Luleå-Kallax Flygplats,21,Byvind,"max, 1 gång/tim",meter per sekund,2022-06-29T05:00:00Z,2022-06-29T07:00:00+02:00,1656478800000,,5.0,5.0,G,,corrected-archive-csv
162860,Luleå-Kallax Flygplats,21,Byvind,"max, 1 gång/tim",meter per sekund,2022-06-29T09:00:00Z,2022-06-29T11:00:00+02:00,1656493200000,,6.0,6.0,G,,corrected-archive-csv
162860,Luleå-Kallax Flygplats,21,Byvind,"max, 1 gång/tim",meter per sekund,2022-06-29T14:00:00Z,2022-06-29T16:00:00+02:00,1656511200000,,5.0,5.0,G,,corrected-archive-csv
162860,Luleå-Kallax Flygplats,21,Byvind,"max, 1 gång/tim",meter per sekund,2022-06-29T15:00:00Z,2022-06-29T17:00:00+02:00,1656514800000,,4.0,4.0,G,,corrected-archive-csv
162860,Luleå-Kallax Flygplats,21,Byvind,"max, 1 gång/tim",meter per sekund,2022-06-29T16:00:00Z,2022-06-29T18:00:00+02:00,1656518400000,,3.0,3.0,G,,corrected-archive-csv
162860,Luleå-Kallax Flygplats,21,Byvind,"max, 1 gång/tim",meter per sekund,2022-06-29T18:00:00Z,2022-06-29T20:00:00+02:00,1656525600000,,2.0,2.0,G,,corrected-archive-csv
162860,Luleå-Kallax Flygplats,21,Byvind,"max, 1 gång/tim",meter per sekund,2022-06-29T22:00:00Z,2022-06-30T00:00:00+02:00,1656540000000,,1.0,1.0,G,,corrected-archive-csv
162860,Luleå-Kallax Flygplats,21,Byvind,"max, 1 gång/tim",meter per sekund,2022-06-29T23:00:00Z,2022-06-30T01:00:00+02:00,1656543600000,,2.0,2.0,G,,corrected-archive-csv
162860,Luleå-Kallax Flygplats,21,Byvind,"max, 1 gång/tim",meter per sekund,2022-06-30T01:00:00Z,2022-06-30T03:00:00+02:00,1656550800000,,1.0,1.0,G,,corrected-archive-csv
162860,Luleå-Kallax Flygplats,21,Byvind,"max, 1 gång/tim",meter per sekund,2022-06-30T04:00:00Z,2022-06-30T06:00:00+02:00,1656561600000,,2.0,2.0,G,,corrected-archive-csv
162860,Luleå-Kallax Flygplats,21,Byvind,"max, 1 gång/tim",meter per sekund,2022-06-30T05:00:00Z,2022-06-30T07:00:00+02:00,1656565200000,,3.0,3.0,G,,corrected-archive-csv
162860,Luleå-Kallax Flygplats,21,Byvind,"max, 1 gång/tim",meter per sekund,2022-06-30T06:00:00Z,2022-06-30T08:00:00+02:00,1656568800000,,2.0,2.0,G,,corrected-archive-csv
162860,Luleå-Kallax Flygplats,21,Byvind,"max, 1 gång/tim",meter per sekund,2022-06-30T07:00:00Z,2022-06-30T09:00:00+02:00,1656572400000,,4.0,4.0,G,,corrected-archive-csv
162860,Luleå-Kallax Flygplats,21,Byvind,"max, 1 gång/tim",meter per sekund,2022-06-30T08:00:00Z,2022-06-30T10:00:00+02:00,1656576000000,,3.0,3.0,G,,corrected-archive-csv
162860,Luleå-Kallax Flygplats,21,Byvind,"max, 1 gång/tim",meter per sekund,2022-06-30T10:00:00Z,2022-06-30T12:00:00+02:00,1656583200000,,5.0,5.0,G,,corrected-archive-csv
162860,Luleå-Kallax Flygplats,21,Byvind,"max, 1 gång/tim",meter per sekund,2022-06-30T12:00:00Z,2022-06-30T14:00:00+02:00,1656590400000,,6.0,6.0,G,,corrected-archive-csv
162860,Luleå-Kallax Flygplats,21,Byvind,"max, 1 gång/tim",meter per sekund,2022-06-30T13:00:00Z,2022-06-30T15:00:00+02:00,1656594000000,,5.0,5.0,G,,corrected-archive-csv
162860,Luleå-Kallax Flygplats,21,Byvind,"max, 1 gång/tim",meter per sekund,2022-06-30T15:00:00Z,2022-06-30T17:00:00+02:00,1656601200000,,6.0,6.0,G,,corrected-archive-csv
162860,Luleå-Kallax Flygplats,21,Byvind,"max, 1 gång/tim",meter per sekund,2022-06-30T16:00:00Z,2022-06-30T18:00:00+02:00,1656604800000,,5.0,5.0,G,,corrected-archive-csv
162860,Luleå-Kallax Flygplats,21,Byvind,"max, 1 gång/tim",meter per sekund,2022-06-30T17:00:00Z,2022-06-30T19:00:00+02:00,1656608400000,,4.0,4.0,G,,corrected-archive-csv
162860,Luleå-Kallax Flygplats,21,Byvind,"max, 1 gång/tim",meter per sekund,2022-06-30T19:00:00Z,2022-06-30T21:00:00+02:00,1656615600000,,2.0,2.0,G,,corrected-archive-csv
162860,Luleå-Kallax Flygplats,21,Byvind,"max, 1 gång/tim",meter per sekund,2022-06-30T22:00:00Z,2022-07-01T00:00:00+02:00,1656626400000,,1.0,1.0,G,,corrected-archive-csv
162860,Luleå-Kallax Flygplats,21,Byvind,"max, 1 gång/tim",meter per sekund,2022-07-01T04:00:00Z,2022-07-01T06:00:00+02:00,1656648000000,,2.0,2.0,G,,corrected-archive-csv
162860,Luleå-Kallax Flygplats,21,Byvind,"max, 1 gång/tim",meter per sekund,2022-07-01T06:00:00Z,2022-07-01T08:00:00+02:00,1656655200000,,3.0,3.0,G,,corrected-archive-csv
162860,Luleå-Kallax Flygplats,21,Byvind,"max, 1 gång/tim",meter per sekund,2022-07-01T07:00:00Z,2022-07-01T09:00:00+02:00,1656658800000,,4.0,4.0,G,,corrected-archive-csv
162860,Luleå-Kallax Flygplats,21,Byvind,"max, 1 gång/tim",meter per sekund,2022-07-01T09:00:00Z,2022-07-01T11:00:00+02:00,1656666000000,,5.0,5.0,G,,corrected-archive-csv
162860,Luleå-Kallax Flygplats,21,Byvind,"max, 1 gång/tim",meter per sekund,2022-07-01T12:00:00Z,2022-07-01T14:00:00+02:00,1656676800000,,6.0,6.0,G,,corrected-archive-csv
162860,Luleå-Kallax Flygplats,21,Byvind,"max, 1 gång/tim",meter per sekund,2022-07-01T15:00:00Z,2022-07-01T17:00:00+02:00,1656687600000,,5.0,5.0,G,,corrected-archive-csv
162860,Luleå-Kallax Flygplats,21,Byvind,"max, 1 gång/tim",meter per sekund,2022-07-01T16:00:00Z,2022-07-01T18:00:00+02:00,1656691200000,,4.0,4.0,G,,corrected-archive-csv
162860,Luleå-Kallax Flygplats,21,Byvind,"max, 1 gång/tim",meter per sekund,2022-07-01T20:00:00Z,2022-07-01T22:00:00+02:00,1656705600000,,3.0,3.0,G,,corrected-archive-csv
162860,Luleå-Kallax Flygplats,21,Byvind,"max, 1 gång/tim",meter per sekund,2022-07-01T22:00:00Z,2022-07-02T00:00:00+02:00,1656712800000,,2.0,2.0,G,,corrected-archive-csv
162860,Luleå-Kallax Flygplats,21,Byvind,"max, 1 gång/tim",meter per sekund,2022-07-01T23:00:00Z,2022-07-02T01:00:00+02:00,1656716400000,,3.0,3.0,G,,corrected-archive-csv
162860,Luleå-Kallax Flygplats,21,Byvind,"max, 1 gång/tim",meter per sekund,2022-07-02T00:00:00Z,2022-07-02T02:00:00+02:00,1656720000000,,1.0,1.0,G,,corrected-archive-csv
162860,Luleå-Kallax Flygplats,21,Byvind,"max, 1 gång/tim",meter per sekund,2022-07-02T03:00:00Z,2022-07-02T05:00:00+02:00,1656730800000,,2.0,2.0,G,,corrected-archive-csv
162860,Luleå-Kallax Flygplats,21,Byvind,"max, 1 gång/tim",meter per sekund,2022-07-02T04:00:00Z,2022-07-02T06:00:00+02:00,1656734400000,,5.0,5.0,G,,corrected-archive-csv
162860,Luleå-Kallax Flygplats,21,Byvind,"max, 1 gång/tim",meter per sekund,2022-07-02T06:00:00Z,2022-07-02T08:00:00+02:00,1656741600000,,7.0,7.0,G,,corrected-archive-csv
162860,Luleå-Kallax Flygplats,21,Byvind,"max, 1 gång/tim",meter per sekund,2022-07-02T07:00:00Z,2022-07-02T09:00:00+02:00,1656745200000,,9.0,9.0,G,,corrected-archive-csv
162860,Luleå-Kallax Flygplats,21,Byvind,"max, 1 gång/tim",meter per sekund,2022-07-02T08:00:00Z,2022-07-02T10:00:00+02:00,1656748800000,,8.0,8.0,G,,corrected-archive-csv
162860,Luleå-Kallax Flygplats,21,Byvind,"max, 1 gång/tim",meter per sekund,2022-07-02T11:00:00Z,2022-07-02T13:00:00+02:00,1656759600000,,7.0,7.0,G,,corrected-archive-csv
162860,Luleå-Kallax Flygplats,21,Byvind,"max, 1 gång/tim",meter per sekund,2022-07-02T15:00:00Z,2022-07-02T17:00:00+02:00,1656774000000,,5.0,5.0,G,,corrected-archive-csv
162860,Luleå-Kallax Flygplats,21,Byvind,"max, 1 gång/tim",meter per sekund,2022-07-02T16:00:00Z,2022-07-02T18:00:00+02:00,1656777600000,,7.0,7.0,G,,corrected-archive-csv
162860,Luleå-Kallax Flygplats,21,Byvind,"max, 1 gång/tim",meter per sekund,2022-07-02T17:00:00Z,2022-07-02T19:00:00+02:00,1656781200000,,6.0,6.0,G,,corrected-archive-csv
162860,Luleå-Kallax Flygplats,21,Byvind,"max, 1 gång/tim",meter per sekund,2022-07-02T19:00:00Z,2022-07-02T21:00:00+02:00,1656788400000,,8.0,8.0,G,,corrected-archive-csv
162860,Luleå-Kallax Flygplats,21,Byvind,"max, 1 gång/tim",meter per sekund,2022-07-02T21:00:00Z,2022-07-02T23:00:00+02:00,1656795600000,,10.0,10.0,G,,corrected-archive-csv
162860,Luleå-Kallax Flygplats,21,Byvind,"max, 1 gång/tim",meter per sekund,2022-07-02T22:00:00Z,2022-07-03T00:00:00+02:00,1656799200000,,9.0,9.0,G,,corrected-archive-csv
162860,Luleå-Kallax Flygplats,21,Byvind,"max, 1 gång/tim",meter per sekund,2022-07-03T01:00:00Z,2022-07-03T03:00:00+02:00,1656810000000,,10.0,10.0,G,,corrected-archive-csv
162860,Luleå-Kallax Flygplats,21,Byvind,"max, 1 gång/tim",meter per sekund,2022-07-03T03:00:00Z,2022-07-03T05:00:00+02:00,1656817200000,,9.0,9.0,G,,corrected-archive-csv
162860,Luleå-Kallax Flygplats,21,Byvind,"max, 1 gång/tim",meter per sekund,2022-07-03T04:00:00Z,2022-07-03T06:00:00+02:00,1656820800000,,10.0,10.0,G,,corrected-archive-csv
162860,Luleå-Kallax Flygplats,21,Byvind,"max, 1 gång/tim",meter per sekund,2022-07-03T05:00:00Z,2022-07-03T07:00:00+02:00,1656824400000,,8.0,8.0,G,,corrected-archive-csv
162860,Luleå-Kallax Flygplats,21,Byvind,"max, 1 gång/tim",meter per sekund,2022-07-03T07:00:00Z,2022-07-03T09:00:00+02:00,1656831600000,,9.0,9.0,G,,corrected-archive-csv
162860,Luleå-Kallax Flygplats,21,Byvind,"max, 1 gång/tim",meter per sekund,2022-07-03T08:00:00Z,2022-07-03T10:00:00+02:00,1656835200000,,8.0,8.0,G,,corrected-archive-csv
162860,Luleå-Kallax Flygplats,21,Byvind,"max, 1 gång/tim",meter per sekund,2022-07-03T10:00:00Z,2022-07-03T12:00:00+02:00,1656842400000,,9.0,9.0,G,,corrected-archive-csv
162860,Luleå-Kallax Flygplats,21,Byvind,"max, 1 gång/tim",meter per sekund,2022-07-03T11:00:00Z,2022-07-03T13:00:00+02:00,1656846000000,,8.0,8.0,G,,corrected-archive-csv
162860,Luleå-Kallax Flygplats,21,Byvind,"max, 1 gång/tim",meter per sekund,2022-07-03T12:00:00Z,2022-07-03T14:00:00+02:00,1656849600000,,11.0,11.0,G,,corrected-archive-csv
162860,Luleå-Kallax Flygplats,21,Byvind,"max, 1 gång/tim",meter per sekund,2022-07-03T14:00:00Z,2022-07-03T16:00:00+02:00,1656856800000,,12.0,12.0,G,,corrected-archive-csv
162860,Luleå-Kallax Flygplats,21,Byvind,"max, 1 gång/tim",meter per sekund,2022-07-03T16:00:00Z,2022-07-03T18:00:00+02:00,1656864000000,,11.0,11.0,G,,corrected-archive-csv
162860,Luleå-Kallax Flygplats,21,Byvind,"max, 1 gång/tim",meter per sekund,2022-07-03T17:00:00Z,2022-07-03T19:00:00+02:00,1656867600000,,8.0,8.0,G,,corrected-archive-csv
162860,Luleå-Kallax Flygplats,21,Byvind,"max, 1 gång/tim",meter per sekund,2022-07-03T18:00:00Z,2022-07-03T20:00:00+02:00,1656871200000,,9.0,9.0,G,,corrected-archive-csv
162860,Luleå-Kallax Flygplats,21,Byvind,"max, 1 gång/tim",meter per sekund,2022-07-03T20:00:00Z,2022-07-03T22:00:00+02:00,1656878400000,,6.0,6.0,G,,corrected-archive-csv
162860,Luleå-Kallax Flygplats,21,Byvind,"max, 1 gång/tim",meter per sekund,2022-07-03T21:00:00Z,2022-07-03T23:00:00+02:00,1656882000000,,5.0,5.0,G,,corrected-archive-csv
162860,Luleå-Kallax Flygplats,21,Byvind,"max, 1 gång/tim",meter per sekund,2022-07-03T23:00:00Z,2022-07-04T01:00:00+02:00,1656889200000,,6.0,6.0,G,,corrected-archive-csv
162860,Luleå-Kallax Flygplats,21,Byvind,"max, 1 gång/tim",meter per sekund,2022-07-04T01:00:00Z,2022-07-04T03:00:00+02:00,1656896400000,,5.0,5.0,G,,corrected-archive-csv
162860,Luleå-Kallax Flygplats,21,Byvind,"max, 1 gång/tim",meter per sekund,2022-07-04T02:00:00Z,2022-07-04T04:00:00+02:00,1656900000000,,4.0,4.0,G,,corrected-archive-csv
162860,Luleå-Kallax Flygplats,21,Byvind,"max, 1 gång/tim",meter per sekund,2022-07-04T03:00:00Z,2022-07-04T05:00:00+02:00,1656903600000,,3.0,3.0,G,,corrected-archive-csv
162860,Luleå-Kallax Flygplats,21,Byvind,"max, 1 gång/tim",meter per sekund,2022-07-04T05:00:00Z,2022-07-04T07:00:00+02:00,1656910800000,,5.0,5.0,G,,corrected-archive-csv
162860,Luleå-Kallax Flygplats,21,Byvind,"max, 1 gång/tim",meter per sekund,2022-07-04T06:00:00Z,2022-07-04T08:00:00+02:00,1656914400000,,6.0,6.0,G,,corrected-archive-csv
162860,Luleå-Kallax Flygplats,21,Byvind,"max, 1 gång/tim",meter per sekund,2022-07-04T08:00:00Z,2022-07-04T10:00:00+02:00,1656921600000,,8.0,8.0,G,,corrected-archive-csv
162860,Luleå-Kallax Flygplats,21,Byvind,"max, 1 gång/tim",meter per sekund,2022-07-04T12:00:00Z,2022-07-04T14:00:00+02:00,1656936000000,,9.0,9.0,G,,corrected-archive-csv
162860,Luleå-Kallax Flygplats,21,Byvind,"max, 1 gång/tim",meter per sekund,2022-07-04T13:00:00Z,2022-07-04T15:00:00+02:00,1656939600000,,10.0,10.0,G,,corrected-archive-csv
162860,Luleå-Kallax Flygplats,21,Byvind,"max, 1 gång/tim",meter per sekund,2022-07-04T14:00:00Z,2022-07-04T16:00:00+02:00,1656943200000,,9.0,9.0,G,,corrected-archive-csv
162860,Luleå-Kallax Flygplats,21,Byvind,"max, 1 gång/tim",meter per sekund,2022-07-04T15:00:00Z,2022-07-04T17:00:00+02:00,1656946800000,,7.0,7.0,G,,corrected-archive-csv
162860,Luleå-Kallax Flygplats,21,Byvind,"max, 1 gång/tim",meter per sekund,2022-07-04T17:00:00Z,2022-07-04T19:00:00+02:00,1656954000000,,8.0,8.0,G,,corrected-archive-csv
162860,Luleå-Kallax Flygplats,21,Byvind,"max, 1 gång/tim",meter per sekund,2022-07-04T19:00:00Z,2022-07-04T21:00:00+02:00,1656961200000,,7.0,7.0,G,,corrected-archive-csv
162860,Luleå-Kallax Flygplats,21,Byvind,"max, 1 gång/tim",meter per sekund,2022-07-04T20:00:00Z,2022-07-04T22:00:00+02:00,1656964800000,,14.0,14.0,G,,corrected-archive-csv
162860,Luleå-Kallax Flygplats,21,Byvind,"max, 1 gång/tim",meter per sekund,2022-07-04T22:00:00Z,2022-07-05T00:00:00+02:00,1656972000000,,4.0,4.0,G,,corrected-archive-csv
162860,Luleå-Kallax Flygplats,21,Byvind,"max, 1 gång/tim",meter per sekund,2022-07-04T23:00:00Z,2022-07-05T01:00:00+02:00,1656975600000,,5.0,5.0,G,,corrected-archive-csv
162860,Luleå-Kallax Flygplats,21,Byvind,"max, 1 gång/tim",meter per sekund,2022-07-05T00:00:00Z,2022-07-05T02:00:00+02:00,1656979200000,,4.0,4.0,G,,corrected-archive-csv
162860,Luleå-Kallax Flygplats,21,Byvind,"max, 1 gång/tim",meter per sekund,2022-07-05T01:00:00Z,2022-07-05T03:00:00+02:00,1656982800000,,5.0,5.0,G,,corrected-archive-csv
162860,Luleå-Kallax Flygplats,21,Byvind,"max, 1 gång/tim",meter per sekund,2022-07-05T02:00:00Z,2022-07-05T04:00:00+02:00,1656986400000,,6.0,6.0,G,,corrected-archive-csv
162860,Luleå-Kallax Flygplats,21,Byvind,"max, 1 gång/tim",meter per sekund,2022-07-05T03:00:00Z,2022-07-05T05:00:00+02:00,1656990000000,,5.0,5.0,G,,corrected-archive-csv
162860,Luleå-Kallax Flygplats,21,Byvind,"max, 1 gång/tim",meter per sekund,2022-07-05T06:00:00Z,2022-07-05T08:00:00+02:00,1657000800000,,6.0,6.0,G,,corrected-archive-csv
162860,Luleå-Kallax Flygplats,21,Byvind,"max, 1 gång/tim",meter per sekund,2022-07-05T07:00:00Z,2022-07-05T09:00:00+02:00,1657004400000,,7.0,7.0,G,,corrected-archive-csv
162860,Luleå-Kallax Flygplats,21,Byvind,"max, 1 gång/tim",meter per sekund,2022-07-05T08:00:00Z,2022-07-05T10:00:00+02:00,1657008000000,,12.0,12.0,G,,corrected-archive-csv
162860,Luleå-Kallax Flygplats,21,Byvind,"max, 1 gång/tim",meter per sekund,2022-07-05T10:00:00Z,2022-07-05T12:00:00+02:00,1657015200000,,4.0,4.0,G,,corrected-archive-csv
162860,Luleå-Kallax Flygplats,21,Byvind,"max, 1 gång/tim",meter per sekund,2022-07-05T11:00:00Z,2022-07-05T13:00:00+02:00,1657018800000,,7.0,7.0,G,,corrected-archive-csv
162860,Luleå-Kallax Flygplats,21,Byvind,"max, 1 gång/tim",meter per sekund,2022-07-05T12:00:00Z,2022-07-05T14:00:00+02:00,1657022400000,,9.0,9.0,G,,corrected-archive-csv
162860,Luleå-Kallax Flygplats,21,Byvind,"max, 1 gång/tim",meter per sekund,2022-07-05T13:00:00Z,2022-07-05T15:00:00+02:00,1657026000000,,12.0,12.0,G,,corrected-archive-csv
162860,Luleå-Kallax Flygplats,21,Byvind,"max, 1 gång/tim",meter per sekund,2022-07-05T14:00:00Z,2022-07-05T16:00:00+02:00,1657029600000,,5.0,5.0,G,,corrected-archive-csv
162860,Luleå-Kallax Flygplats,21,Byvind,"max, 1 gång/tim",meter per sekund,2022-07-05T15:00:00Z,2022-07-05T17:00:00+02:00,1657033200000,,7.0,7.0,G,,corrected-archive-csv
162860,Luleå-Kallax Flygplats,21,Byvind,"max, 1 gång/tim",meter per sekund,2022-07-05T16:00:00Z,2022-07-05T18:00:00+02:00,1657036800000,,8.0,8.0,G,,corrected-archive-csv
162860,Luleå-Kallax Flygplats,21,Byvind,"max, 1 gång/tim",meter per sekund,2022-07-05T17:00:00Z,2022-07-05T19:00:00+02:00,1657040400000,,9.0,9.0,G,,corrected-archive-csv
162860,Luleå-Kallax Flygplats,21,Byvind,"max, 1 gång/tim",meter per sekund,2022-07-05T18:00:00Z,2022-07-05T20:00:00+02:00,1657044000000,,8.0,8.0,G,,corrected-archive-csv
162860,Luleå-Kallax Flygplats,21,Byvind,"max, 1 gång/tim",meter per sekund,2022-07-05T19:00:00Z,2022-07-05T21:00:00+02:00,1657047600000,,6.0,6.0,G,,corrected-archive-csv
162860,Luleå-Kallax Flygplats,21,Byvind,"max, 1 gång/tim",meter per sekund,2022-07-05T21:00:00Z,2022-07-05T23:00:00+02:00,1657054800000,,5.0,5.0,G,,corrected-archive-csv
162860,Luleå-Kallax Flygplats,21,Byvind,"max, 1 gång/tim",meter per sekund,2022-07-05T22:00:00Z,2022-07-06T00:00:00+02:00,1657058400000,,6.0,6.0,G,,corrected-archive-csv
162860,Luleå-Kallax Flygplats,21,Byvind,"max, 1 gång/tim",meter per sekund,2022-07-05T23:00:00Z,2022-07-06T01:00:00+02:00,1657062000000,,7.0,7.0,G,,corrected-archive-csv
162860,Luleå-Kallax Flygplats,21,Byvind,"max, 1 gång/tim",meter per sekund,2022-07-06T04:00:00Z,2022-07-06T06:00:00+02:00,1657080000000,,6.0,6.0,G,,corrected-archive-csv
162860,Luleå-Kallax Flygplats,21,Byvind,"max, 1 gång/tim",meter per sekund,2022-07-06T05:00:00Z,2022-07-06T07:00:00+02:00,1657083600000,,7.0,7.0,G,,corrected-archive-csv
162860,Luleå-Kallax Flygplats,21,Byvind,"max, 1 gång/tim",meter per sekund,2022-07-06T09:00:00Z,2022-07-06T11:00:00+02:00,1657098000000,,9.0,9.0,G,,corrected-archive-csv
162860,Luleå-Kallax Flygplats,21,Byvind,"max, 1 gång/tim",meter per sekund,2022-07-06T10:00:00Z,2022-07-06T12:00:00+02:00,1657101600000,,10.0,10.0,G,,corrected-archive-csv
162860,Luleå-Kallax Flygplats,21,Byvind,"max, 1 gång/tim",meter per sekund,2022-07-06T14:00:00Z,2022-07-06T16:00:00+02:00,1657116000000,,9.0,9.0,G,,corrected-archive-csv
162860,Luleå-Kallax Flygplats,21,Byvind,"max, 1 gång/tim",meter per sekund,2022-07-06T16:00:00Z,2022-07-06T18:00:00+02:00,1657123200000,,11.0,11.0,G,,corrected-archive-csv
162860,Luleå-Kallax Flygplats,21,Byvind,"max, 1 gång/tim",meter per sekund,2022-07-06T17:00:00Z,2022-07-06T19:00:00+02:00,1657126800000,,9.0,9.0,G,,corrected-archive-csv
162860,Luleå-Kallax Flygplats,21,Byvind,"max, 1 gång/tim",meter per sekund,2022-07-06T18:00:00Z,2022-07-06T20:00:00+02:00,1657130400000,,8.0,8.0,G,,corrected-archive-csv
162860,Luleå-Kallax Flygplats,21,Byvind,"max, 1 gång/tim",meter per sekund,2022-07-06T19:00:00Z,2022-07-06T21:00:00+02:00,1657134000000,,9.0,9.0,G,,corrected-archive-csv
162860,Luleå-Kallax Flygplats,21,Byvind,"max, 1 gång/tim",meter per sekund,2022-07-06T20:00:00Z,2022-07-06T22:00:00+02:00,1657137600000,,7.0,7.0,G,,corrected-archive-csv
162860,Luleå-Kallax Flygplats,21,Byvind,"max, 1 gång/tim",meter per sekund,2022-07-06T21:00:00Z,2022-07-06T23:00:00+02:00,1657141200000,,1.0,1.0,G,,corrected-archive-csv
162860,Luleå-Kallax Flygplats,21,Byvind,"max, 1 gång/tim",meter per sekund,2022-07-07T03:00:00Z,2022-07-07T05:00:00+02:00,1657162800000,,4.0,4.0,G,,corrected-archive-csv
162860,Luleå-Kallax Flygplats,21,Byvind,"max, 1 gång/tim",meter per sekund,2022-07-07T04:00:00Z,2022-07-07T06:00:00+02:00,1657166400000,,5.0,5.0,G,,corrected-archive-csv
162860,Luleå-Kallax Flygplats,21,Byvind,"max, 1 gång/tim",meter per sekund,2022-07-07T05:00:00Z,2022-07-07T07:00:00+02:00,1657170000000,,6.0,6.0,G,,corrected-archive-csv
162860,Luleå-Kallax Flygplats,21,Byvind,"max, 1 gång/tim",meter per sekund,2022-07-07T06:00:00Z,2022-07-07T08:00:00+02:00,1657173600000,,9.0,9.0,G,,corrected-archive-csv
162860,Luleå-Kallax Flygplats,21,Byvind,"max, 1 gång/tim",meter per sekund,2022-07-07T07:00:00Z,2022-07-07T09:00:00+02:00,1657177200000,,7.0,7.0,G,,corrected-archive-csv
162860,Luleå-Kallax Flygplats,21,Byvind,"max, 1 gång/tim",meter per sekund,2022-07-07T08:00:00Z,2022-07-07T10:00:00+02:00,1657180800000,,13.0,13.0,G,,corrected-archive-csv
162860,Luleå-Kallax Flygplats,21,Byvind,"max, 1 gång/tim",meter per sekund,2022-07-07T10:00:00Z,2022-07-07T12:00:00+02:00,1657188000000,,7.0,7.0,G,,corrected-archive-csv
162860,Luleå-Kallax Flygplats,21,Byvind,"max, 1 gång/tim",meter per sekund,2022-07-07T13:00:00Z,2022-07-07T15:00:00+02:00,1657198800000,,6.0,6.0,G,,corrected-archive-csv
162860,Luleå-Kallax Flygplats,21,Byvind,"max, 1 gång/tim",meter per sekund,2022-07-07T14:00:00Z,2022-07-07T16:00:00+02:00,1657202400000,,8.0,8.0,G,,corrected-archive-csv
162860,Luleå-Kallax Flygplats,21,Byvind,"max, 1 gång/tim",meter per sekund,2022-07-07T15:00:00Z,2022-07-07T17:00:00+02:00,1657206000000,,6.0,6.0,G,,corrected-archive-csv
162860,Luleå-Kallax Flygplats,21,Byvind,"max, 1 gång/tim",meter per sekund,2022-07-07T17:00:00Z,2022-07-07T19:00:00+02:00,1657213200000,,4.0,4.0,G,,corrected-archive-csv
162860,Luleå-Kallax Flygplats,21,Byvind,"max, 1 gång/tim",meter per sekund,2022-07-07T18:00:00Z,2022-07-07T20:00:00+02:00,1657216800000,,7.0,7.0,G,,corrected-archive-csv
162860,Luleå-Kallax Flygplats,21,Byvind,"max, 1 gång/tim",meter per sekund,2022-07-07T20:00:00Z,2022-07-07T22:00:00+02:00,1657224000000,,8.0,8.0,G,,corrected-archive-csv
162860,Luleå-Kallax Flygplats,21,Byvind,"max, 1 gång/tim",meter per sekund,2022-07-07T21:00:00Z,2022-07-07T23:00:00+02:00,1657227600000,,5.0,5.0,G,,corrected-archive-csv
162860,Luleå-Kallax Flygplats,21,Byvind,"max, 1 gång/tim",meter per sekund,2022-07-07T22:00:00Z,2022-07-08T00:00:00+02:00,1657231200000,,4.0,4.0,G,,corrected-archive-csv
162860,Luleå-Kallax Flygplats,21,Byvind,"max, 1 gång/tim",meter per sekund,2022-07-07T23:00:00Z,2022-07-08T01:00:00+02:00,1657234800000,,6.0,6.0,G,,corrected-archive-csv
162860,Luleå-Kallax Flygplats,21,Byvind,"max, 1 gång/tim",meter per sekund,2022-07-08T00:00:00Z,2022-07-08T02:00:00+02:00,1657238400000,,8.0,8.0,G,,corrected-archive-csv
162860,Luleå-Kallax Flygplats,21,Byvind,"max, 1 gång/tim",meter per sekund,2022-07-08T01:00:00Z,2022-07-08T03:00:00+02:00,1657242000000,,9.0,9.0,G,,corrected-archive-csv
162860,Luleå-Kallax Flygplats,21,Byvind,"max, 1 gång/tim",meter per sekund,2022-07-08T02:00:00Z,2022-07-08T04:00:00+02:00,1657245600000,,7.0,7.0,G,,corrected-archive-csv
162860,Luleå-Kallax Flygplats,21,Byvind,"max, 1 gång/tim",meter per sekund,2022-07-08T03:00:00Z,2022-07-08T05:00:00+02:00,1657249200000,,9.0,9.0,G,,corrected-archive-csv
162860,Luleå-Kallax Flygplats,21,Byvind,"max, 1 gång/tim",meter per sekund,2022-07-08T06:00:00Z,2022-07-08T08:00:00+02:00,1657260000000,,10.0,10.0,G,,corrected-archive-csv
162860,Luleå-Kallax Flygplats,21,Byvind,"max, 1 gång/tim",meter per sekund,2022-07-08T07:00:00Z,2022-07-08T09:00:00+02:00,1657263600000,,9.0,9.0,G,,corrected-archive-csv
162860,Luleå-Kallax Flygplats,21,Byvind,"max, 1 gång/tim",meter per sekund,2022-07-08T08:00:00Z,2022-07-08T10:00:00+02:00,1657267200000,,8.0,8.0,G,,corrected-archive-csv
162860,Luleå-Kallax Flygplats,21,Byvind,"max, 1 gång/tim",meter per sekund,2022-07-08T09:00:00Z,2022-07-08T11:00:00+02:00,1657270800000,,9.0,9.0,G,,corrected-archive-csv
162860,Luleå-Kallax Flygplats,21,Byvind,"max, 1 gång/tim",meter per sekund,2022-07-08T10:00:00Z,2022-07-08T12:00:00+02:00,1657274400000,,11.0,11.0,G,,corrected-archive-csv
162860,Luleå-Kallax Flygplats,21,Byvind,"max, 1 gång/tim",meter per sekund,2022-07-08T11:00:00Z,2022-07-08T13:00:00+02:00,1657278000000,,10.0,10.0,G,,corrected-archive-csv
162860,Luleå-Kallax Flygplats,21,Byvind,"max, 1 gång/tim",meter per sekund,2022-07-08T12:00:00Z,2022-07-08T14:00:00+02:00,1657281600000,,9.0,9.0,G,,corrected-archive-csv
162860,Luleå-Kallax Flygplats,21,Byvind,"max, 1 gång/tim",meter per sekund,2022-07-08T16:00:00Z,2022-07-08T18:00:00+02:00,1657296000000,,8.0,8.0,G,,corrected-archive-csv
162860,Luleå-Kallax Flygplats,21,Byvind,"max, 1 gång/tim",meter per sekund,2022-07-08T17:00:00Z,2022-07-08T19:00:00+02:00,1657299600000,,6.0,6.0,G,,corrected-archive-csv
162860,Luleå-Kallax Flygplats,21,Byvind,"max, 1 gång/tim",meter per sekund,2022-07-08T18:00:00Z,2022-07-08T20:00:00+02:00,1657303200000,,7.0,7.0,G,,corrected-archive-csv
162860,Luleå-Kallax Flygplats,21,Byvind,"max, 1 gång/tim",meter per sekund,2022-07-08T19:00:00Z,2022-07-08T21:00:00+02:00,1657306800000,,6.0,6.0,G,,corrected-archive-csv
162860,Luleå-Kallax Flygplats,21,Byvind,"max, 1 gång/tim",meter per sekund,2022-07-08T20:00:00Z,2022-07-08T22:00:00+02:00,1657310400000,,3.0,3.0,G,,corrected-archive-csv
162860,Luleå-Kallax Flygplats,21,Byvind,"max, 1 gång/tim",meter per sekund,2022-07-08T21:00:00Z,2022-07-08T23:00:00+02:00,1657314000000,,4.0,4.0,G,,corrected-archive-csv
162860,Luleå-Kallax Flygplats,21,Byvind,"max, 1 gång/tim",meter per sekund,2022-07-08T22:00:00Z,2022-07-09T00:00:00+02:00,1657317600000,,5.0,5.0,G,,corrected-archive-csv
162860,Luleå-Kallax Flygplats,21,Byvind,"max, 1 gång/tim",meter per sekund,2022-07-08T23:00:00Z,2022-07-09T01:00:00+02:00,1657321200000,,3.0,3.0,G,,corrected-archive-csv
162860,Luleå-Kallax Flygplats,21,Byvind,"max, 1 gång/tim",meter per sekund,2022-07-09T00:00:00Z,2022-07-09T02:00:00+02:00,1657324800000,,4.0,4.0,G,,corrected-archive-csv
162860,Luleå-Kallax Flygplats,21,Byvind,"max, 1 gång/tim",meter per sekund,2022-07-09T02:00:00Z,2022-07-09T04:00:00+02:00,1657332000000,,2.0,2.0,G,,corrected-archive-csv
162860,Luleå-Kallax Flygplats,21,Byvind,"max, 1 gång/tim",meter per sekund,2022-07-09T05:00:00Z,2022-07-09T07:00:00+02:00,1657342800000,,3.0,3.0,G,,corrected-archive-csv
162860,Luleå-Kallax Flygplats,21,Byvind,"max, 1 gång/tim",meter per sekund,2022-07-09T07:00:00Z,2022-07-09T09:00:00+02:00,1657350000000,,4.0,4.0,G,,corrected-archive-csv
162860,Luleå-Kallax Flygplats,21,Byvind,"max, 1 gång/tim",meter per sekund,2022-07-09T08:00:00Z,2022-07-09T10:00:00+02:00,1657353600000,,5.0,5.0,G,,corrected-archive-csv
162860,Luleå-Kallax Flygplats,21,Byvind,"max, 1 gång/tim",meter per sekund,2022-07-09T09:00:00Z,2022-07-09T11:00:00+02:00,1657357200000,,6.0,6.0,G,,corrected-archive-csv
162860,Luleå-Kallax Flygplats,21,Byvind,"max, 1 gång/tim",meter per sekund,2022-07-09T14:00:00Z,2022-07-09T16:00:00+02:00,1657375200000,,5.0,5.0,G,,corrected-archive-csv
162860,Luleå-Kallax Flygplats,21,Byvind,"max, 1 gång/tim",meter per sekund,2022-07-09T16:00:00Z,2022-07-09T18:00:00+02:00,1657382400000,,4.0,4.0,G,,corrected-archive-csv
162860,Luleå-Kallax Flygplats,21,Byvind,"max, 1 gång/tim",meter per sekund,2022-07-09T19:00:00Z,2022-07-09T21:00:00+02:00,1657393200000,,3.0,3.0,G,,corrected-archive-csv
162860,Luleå-Kallax Flygplats,21,Byvind,"max, 1 gång/tim",meter per sekund,2022-07-09T20:00:00Z,2022-07-09T22:00:00+02:00,1657396800000,,2.0,2.0,G,,corrected-archive-csv
162860,Luleå-Kallax Flygplats,21,Byvind,"max, 1 gång/tim",meter per sekund,2022-07-09T22:00:00Z,2022-07-10T00:00:00+02:00,1657404000000,,4.0,4.0,G,,corrected-archive-csv
162860,Luleå-Kallax Flygplats,21,Byvind,"max, 1 gång/tim",meter per sekund,2022-07-10T00:00:00Z,2022-07-10T02:00:00+02:00,1657411200000,,5.0,5.0,G,,corrected-archive-csv
162860,Luleå-Kallax Flygplats,21,Byvind,"max, 1 gång/tim",meter per sekund,2022-07-10T01:00:00Z,2022-07-10T03:00:00+02:00,1657414800000,,4.0,4.0,G,,corrected-archive-csv
162860,Luleå-Kallax Flygplats,21,Byvind,"max, 1 gång/tim",meter per sekund,2022-07-10T02:00:00Z,2022-07-10T04:00:00+02:00,1657418400000,,5.0,5.0,G,,corrected-archive-csv
162860,Luleå-Kallax Flygplats,21,Byvind,"max, 1 gång/tim",meter per sekund,2022-07-10T04:00:00Z,2022-07-10T06:00:00+02:00,1657425600000,,6.0,6.0,G,,corrected-archive-csv
162860,Luleå-Kallax Flygplats,21,Byvind,"max, 1 gång/tim",meter per sekund,2022-07-10T08:00:00Z,2022-07-10T10:00:00+02:00,1657440000000,,4.0,4.0,G,,corrected-archive-csv
162860,Luleå-Kallax Flygplats,21,Byvind,"max, 1 gång/tim",meter per sekund,2022-07-10T09:00:00Z,2022-07-10T11:00:00+02:00,1657443600000,,6.0,6.0,G,,corrected-archive-csv
162860,Luleå-Kallax Flygplats,21,Byvind,"max, 1 gång/tim",meter per sekund,2022-07-10T10:00:00Z,2022-07-10T12:00:00+02:00,1657447200000,,5.0,5.0,G,,corrected-archive-csv
162860,Luleå-Kallax Flygplats,21,Byvind,"max, 1 gång/tim",meter per sekund,2022-07-10T11:00:00Z,2022-07-10T13:00:00+02:00,1657450800000,,4.0,4.0,G,,corrected-archive-csv
162860,Luleå-Kallax Flygplats,21,Byvind,"max, 1 gång/tim",meter per sekund,2022-07-10T12:00:00Z,2022-07-10T14:00:00+02:00,1657454400000,,6.0,6.0,G,,corrected-archive-csv
162860,Luleå-Kallax Flygplats,21,Byvind,"max, 1 gång/tim",meter per sekund,2022-07-10T13:00:00Z,2022-07-10T15:00:00+02:00,1657458000000,,4.0,4.0,G,,corrected-archive-csv
162860,Luleå-Kallax Flygplats,21,Byvind,"max, 1 gång/tim",meter per sekund,2022-07-10T16:00:00Z,2022-07-10T18:00:00+02:00,1657468800000,,3.0,3.0,G,,corrected-archive-csv
162860,Luleå-Kallax Flygplats,21,Byvind,"max, 1 gång/tim",meter per sekund,2022-07-10T17:00:00Z,2022-07-10T19:00:00+02:00,1657472400000,,6.0,6.0,G,,corrected-archive-csv
162860,Luleå-Kallax Flygplats,21,Byvind,"max, 1 gång/tim",meter per sekund,2022-07-10T21:00:00Z,2022-07-10T23:00:00+02:00,1657486800000,,4.0,4.0,G,,corrected-archive-csv
162860,Luleå-Kallax Flygplats,21,Byvind,"max, 1 gång/tim",meter per sekund,2022-07-10T23:00:00Z,2022-07-11T01:00:00+02:00,1657494000000,,3.0,3.0,G,,corrected-archive-csv
162860,Luleå-Kallax Flygplats,21,Byvind,"max, 1 gång/tim",meter per sekund,2022-07-11T02:00:00Z,2022-07-11T04:00:00+02:00,1657504800000,,4.0,4.0,G,,corrected-archive-csv
162860,Luleå-Kallax Flygplats,21,Byvind,"max, 1 gång/tim",meter per sekund,2022-07-11T05:00:00Z,2022-07-11T07:00:00+02:00,1657515600000,,5.0,5.0,G,,corrected-archive-csv
162860,Luleå-Kallax Flygplats,21,Byvind,"max, 1 gång/tim",meter per sekund,2022-07-11T07:00:00Z,2022-07-11T09:00:00+02:00,1657522800000,,4.0,4.0,G,,corrected-archive-csv
162860,Luleå-Kallax Flygplats,21,Byvind,"max, 1 gång/tim",meter per sekund,2022-07-11T08:00:00Z,2022-07-11T10:00:00+02:00,1657526400000,,3.0,3.0,G,,corrected-archive-csv
162860,Luleå-Kallax Flygplats,21,Byvind,"max, 1 gång/tim",meter per sekund,2022-07-11T09:00:00Z,2022-07-11T11:00:00+02:00,1657530000000,,5.0,5.0,G,,corrected-archive-csv
162860,Luleå-Kallax Flygplats,21,Byvind,"max, 1 gång/tim",meter per sekund,2022-07-11T13:00:00Z,2022-07-11T15:00:00+02:00,1657544400000,,4.0,4.0,G,,corrected-archive-csv
162860,Luleå-Kallax Flygplats,21,Byvind,"max, 1 gång/tim",meter per sekund,2022-07-11T16:00:00Z,2022-07-11T18:00:00+02:00,1657555200000,,6.0,6.0,G,,corrected-archive-csv
162860,Luleå-Kallax Flygplats,21,Byvind,"max, 1 gång/tim",meter per sekund,2022-07-11T17:00:00Z,2022-07-11T19:00:00+02:00,1657558800000,,5.0,5.0,G,,corrected-archive-csv
162860,Luleå-Kallax Flygplats,21,Byvind,"max, 1 gång/tim",meter per sekund,2022-07-11T20:00:00Z,2022-07-11T22:00:00+02:00,1657569600000,,3.0,3.0,G,,corrected-archive-csv
162860,Luleå-Kallax Flygplats,21,Byvind,"max, 1 gång/tim",meter per sekund,2022-07-11T21:00:00Z,2022-07-11T23:00:00+02:00,1657573200000,,1.0,1.0,G,,corrected-archive-csv
162860,Luleå-Kallax Flygplats,21,Byvind,"max, 1 gång/tim",meter per sekund,2022-07-11T22:00:00Z,2022-07-12T00:00:00+02:00,1657576800000,,2.0,2.0,G,,corrected-archive-csv
162860,Luleå-Kallax Flygplats,21,Byvind,"max, 1 gång/tim",meter per sekund,2022-07-12T00:00:00Z,2022-07-12T02:00:00+02:00,1657584000000,,1.0,1.0,G,,corrected-archive-csv
162860,Luleå-Kallax Flygplats,21,Byvind,"max, 1 gång/tim",meter per sekund,2022-07-12T01:00:00Z,2022-07-12T03:00:00+02:00,1657587600000,,2.0,2.0,G,,corrected-archive-csv
162860,Luleå-Kallax Flygplats,21,Byvind,"max, 1 gång/tim",meter per sekund,2022-07-12T02:00:00Z,2022-07-12T04:00:00+02:00,1657591200000,,3.0,3.0,G,,corrected-archive-csv
162860,Luleå-Kallax Flygplats,21,Byvind,"max, 1 gång/tim",meter per sekund,2022-07-12T04:00:00Z,2022-07-12T06:00:00+02:00,1657598400000,,4.0,4.0,G,,corrected-archive-csv
162860,Luleå-Kallax Flygplats,21,Byvind,"max, 1 gång/tim",meter per sekund,2022-07-12T06:00:00Z,2022-07-12T08:00:00+02:00,1657605600000,,3.0,3.0,G,,corrected-archive-csv
162860,Luleå-Kallax Flygplats,21,Byvind,"max, 1 gång/tim",meter per sekund,2022-07-12T08:00:00Z,2022-07-12T10:00:00+02:00,1657612800000,,4.0,4.0,G,,corrected-archive-csv
162860,Luleå-Kallax Flygplats,21,Byvind,"max, 1 gång/tim",meter per sekund,2022-07-12T10:00:00Z,2022-07-12T12:00:00+02:00,1657620000000,,5.0,5.0,G,,corrected-archive-csv
162860,Luleå-Kallax Flygplats,21,Byvind,"max, 1 gång/tim",meter per sekund,2022-07-12T12:00:00Z,2022-07-12T14:00:00+02:00,1657627200000,,6.0,6.0,G,,corrected-archive-csv
162860,Luleå-Kallax Flygplats,21,Byvind,"max, 1 gång/tim",meter per sekund,2022-07-12T14:00:00Z,2022-07-12T16:00:00+02:00,1657634400000,,5.0,5.0,G,,corrected-archive-csv
162860,Luleå-Kallax Flygplats,21,Byvind,"max, 1 gång/tim",meter per sekund,2022-07-12T18:00:00Z,2022-07-12T20:00:00+02:00,1657648800000,,4.0,4.0,G,,corrected-archive-csv
162860,Luleå-Kallax Flygplats,21,Byvind,"max, 1 gång/tim",meter per sekund,2022-07-12T20:00:00Z,2022-07-12T22:00:00+02:00,1657656000000,,3.0,3.0,G,,corrected-archive-csv
162860,Luleå-Kallax Flygplats,21,Byvind,"max, 1 gång/tim",meter per sekund,2022-07-12T22:00:00Z,2022-07-13T00:00:00+02:00,1657663200000,,2.0,2.0,G,,corrected-archive-csv
162860,Luleå-Kallax Flygplats,21,Byvind,"max, 1 gång/tim",meter per sekund,2022-07-12T23:00:00Z,2022-07-13T01:00:00+02:00,1657666800000,,3.0,3.0,G,,corrected-archive-csv
162860,Luleå-Kallax Flygplats,21,Byvind,"max, 1 gång/tim",meter per sekund,2022-07-13T00:00:00Z,2022-07-13T02:00:00+02:00,1657670400000,,2.0,2.0,G,,corrected-archive-csv
162860,Luleå-Kallax Flygplats,21,Byvind,"max, 1 gång/tim",meter per sekund,2022-07-13T01:00:00Z,2022-07-13T03:00:00+02:00,1657674000000,,3.0,3.0,G,,corrected-archive-csv
162860,Luleå-Kallax Flygplats,21,Byvind,"max, 1 gång/tim",meter per sekund,2022-07-13T02:00:00Z,2022-07-13T04:00:00+02:00,1657677600000,,2.0,2.0,G,,corrected-archive-csv
162860,Luleå-Kallax Flygplats,21,Byvind,"max, 1 gång/tim",meter per sekund,2022-07-13T03:00:00Z,2022-07-13T05:00:00+02:00,1657681200000,,4.0,4.0,G,,corrected-archive-csv
162860,Luleå-Kallax Flygplats,21,Byvind,"max, 1 gång/tim",meter per sekund,2022-07-13T04:00:00Z,2022-07-13T06:00:00+02:00,1657684800000,,5.0,5.0,G,,corrected-archive-csv
162860,Luleå-Kallax Flygplats,21,Byvind,"max, 1 gång/tim",meter per sekund,2022-07-13T06:00:00Z,2022-07-13T08:00:00+02:00,1657692000000,,4.0,4.0,G,,corrected-archive-csv
162860,Luleå-Kallax Flygplats,21,Byvind,"max, 1 gång/tim",meter per sekund,2022-07-13T08:00:00Z,2022-07-13T10:00:00+02:00,1657699200000,,5.0,5.0,G,,corrected-archive-csv
162860,Luleå-Kallax Flygplats,21,Byvind,"max, 1 gång/tim",meter per sekund,2022-07-13T10:00:00Z,2022-07-13T12:00:00+02:00,1657706400000,,4.0,4.0,G,,corrected-archive-csv
162860,Luleå-Kallax Flygplats,21,Byvind,"max, 1 gång/tim",meter per sekund,2022-07-13T13:00:00Z,2022-07-13T15:00:00+02:00,1657717200000,,5.0,5.0,G,,corrected-archive-csv
162860,Luleå-Kallax Flygplats,21,Byvind,"max, 1 gång/tim",meter per sekund,2022-07-13T14:00:00Z,2022-07-13T16:00:00+02:00,1657720800000,,6.0,6.0,G,,corrected-archive-csv
162860,Luleå-Kallax Flygplats,21,Byvind,"max, 1 gång/tim",meter per sekund,2022-07-13T17:00:00Z,2022-07-13T19:00:00+02:00,1657731600000,,5.0,5.0,G,,corrected-archive-csv
162860,Luleå-Kallax Flygplats,21,Byvind,"max, 1 gång/tim",meter per sekund,2022-07-13T18:00:00Z,2022-07-13T20:00:00+02:00,1657735200000,,4.0,4.0,G,,corrected-archive-csv
162860,Luleå-Kallax Flygplats,21,Byvind,"max, 1 gång/tim",meter per sekund,2022-07-13T20:00:00Z,2022-07-13T22:00:00+02:00,1657742400000,,3.0,3.0,G,,corrected-archive-csv
162860,Luleå-Kallax Flygplats,21,Byvind,"max, 1 gång/tim",meter per sekund,2022-07-13T21:00:00Z,2022-07-13T23:00:00+02:00,1657746000000,,2.0,2.0,G,,corrected-archive-csv
162860,Luleå-Kallax Flygplats,21,Byvind,"max, 1 gång/tim",meter per sekund,2022-07-13T23:00:00Z,2022-07-14T01:00:00+02:00,1657753200000,,1.0,1.0,G,,corrected-archive-csv
162860,Luleå-Kallax Flygplats,21,Byvind,"max, 1 gång/tim",meter per sekund,2022-07-14T01:00:00Z,2022-07-14T03:00:00+02:00,1657760400000,,2.0,2.0,G,,corrected-archive-csv
162860,Luleå-Kallax Flygplats,21,Byvind,"max, 1 gång/tim",meter per sekund,2022-07-14T05:00:00Z,2022-07-14T07:00:00+02:00,1657774800000,,3.0,3.0,G,,corrected-archive-csv
162860,Luleå-Kallax Flygplats,21,Byvind,"max, 1 gång/tim",meter per sekund,2022-07-14T06:00:00Z,2022-07-14T08:00:00+02:00,1657778400000,,4.0,4.0,G,,corrected-archive-csv
162860,Luleå-Kallax Flygplats,21,Byvind,"max, 1 gång/tim",meter per sekund,2022-07-14T08:00:00Z,2022-07-14T10:00:00+02:00,1657785600000,,6.0,6.0,G,,corrected-archive-csv
162860,Luleå-Kallax Flygplats,21,Byvind,"max, 1 gång/tim",meter per sekund,2022-07-14T09:00:00Z,2022-07-14T11:00:00+02:00,1657789200000,,4.0,4.0,G,,corrected-archive-csv
162860,Luleå-Kallax Flygplats,21,Byvind,"max, 1 gång/tim",meter per sekund,2022-07-14T10:00:00Z,2022-07-14T12:00:00+02:00,1657792800000,,7.0,7.0,G,,corrected-archive-csv
162860,Luleå-Kallax Flygplats,21,Byvind,"max, 1 gång/tim",meter per sekund,2022-07-14T11:00:00Z,2022-07-14T13:00:00+02:00,1657796400000,,4.0,4.0,G,,corrected-archive-csv
162860,Luleå-Kallax Flygplats,21,Byvind,"max, 1 gång/tim",meter per sekund,2022-07-14T13:00:00Z,2022-07-14T15:00:00+02:00,1657803600000,,6.0,6.0,G,,corrected-archive-csv
162860,Luleå-Kallax Flygplats,21,Byvind,"max, 1 gång/tim",meter per sekund,2022-07-14T17:00:00Z,2022-07-14T19:00:00+02:00,1657818000000,,5.0,5.0,G,,corrected-archive-csv
162860,Luleå-Kallax Flygplats,21,Byvind,"max, 1 gång/tim",meter per sekund,2022-07-14T19:00:00Z,2022-07-14T21:00:00+02:00,1657825200000,,4.0,4.0,G,,corrected-archive-csv
162860,Luleå-Kallax Flygplats,21,Byvind,"max, 1 gång/tim",meter per sekund,2022-07-14T21:00:00Z,2022-07-14T23:00:00+02:00,1657832400000,,3.0,3.0,G,,corrected-archive-csv
162860,Luleå-Kallax Flygplats,21,Byvind,"max, 1 gång/tim",meter per sekund,2022-07-14T22:00:00Z,2022-07-15T00:00:00+02:00,1657836000000,,4.0,4.0,G,,corrected-archive-csv
162860,Luleå-Kallax Flygplats,21,Byvind,"max, 1 gång/tim",meter per sekund,2022-07-15T01:00:00Z,2022-07-15T03:00:00+02:00,1657846800000,,3.0,3.0,G,,corrected-archive-csv
162860,Luleå-Kallax Flygplats,21,Byvind,"max, 1 gång/tim",meter per sekund,2022-07-15T02:00:00Z,2022-07-15T04:00:00+02:00,1657850400000,,1.0,1.0,G,,corrected-archive-csv
162860,Luleå-Kallax Flygplats,21,Byvind,"max, 1 gång/tim",meter per sekund,2022-07-15T03:00:00Z,2022-07-15T05:00:00+02:00,1657854000000,,2.0,2.0,G,,corrected-archive-csv
162860,Luleå-Kallax Flygplats,21,Byvind,"max, 1 gång/tim",meter per sekund,2022-07-15T04:00:00Z,2022-07-15T06:00:00+02:00,1657857600000,,4.0,4.0,G,,corrected-archive-csv
162860,Luleå-Kallax Flygplats,21,Byvind,"max, 1 gång/tim",meter per sekund,2022-07-15T05:00:00Z,2022-07-15T07:00:00+02:00,1657861200000,,3.0,3.0,G,,corrected-archive-csv
162860,Luleå-Kallax Flygplats,21,Byvind,"max, 1 gång/tim",meter per sekund,2022-07-15T06:00:00Z,2022-07-15T08:00:00+02:00,1657864800000,,2.0,2.0,G,,corrected-archive-csv
162860,Luleå-Kallax Flygplats,21,Byvind,"max, 1 gång/tim",meter per sekund,2022-07-15T07:00:00Z,2022-07-15T09:00:00+02:00,1657868400000,,8.0,8.0,G,,corrected-archive-csv
162860,Luleå-Kallax Flygplats,21,Byvind,"max, 1 gång/tim",meter per sekund,2022-07-15T09:00:00Z,2022-07-15T11:00:00+02:00,1657875600000,,9.0,9.0,G,,corrected-archive-csv
162860,Luleå-Kallax Flygplats,21,Byvind,"max, 1 gång/tim",meter per sekund,2022-07-15T12:00:00Z,2022-07-15T14:00:00+02:00,1657886400000,,8.0,8.0,G,,corrected-archive-csv
162860,Luleå-Kallax Flygplats,21,Byvind,"max, 1 gång/tim",meter per sekund,2022-07-15T13:00:00Z,2022-07-15T15:00:00+02:00,1657890000000,,6.0,6.0,G,,corrected-archive-csv
162860,Luleå-Kallax Flygplats,21,Byvind,"max, 1 gång/tim",meter per sekund,2022-07-15T15:00:00Z,2022-07-15T17:00:00+02:00,1657897200000,,7.0,7.0,G,,corrected-archive-csv
162860,Luleå-Kallax Flygplats,21,Byvind,"max, 1 gång/tim",meter per sekund,2022-07-15T16:00:00Z,2022-07-15T18:00:00+02:00,1657900800000,,5.0,5.0,G,,corrected-archive-csv
162860,Luleå-Kallax Flygplats,21,Byvind,"max, 1 gång/tim",meter per sekund,2022-07-15T18:00:00Z,2022-07-15T20:00:00+02:00,1657908000000,,6.0,6.0,G,,corrected-archive-csv
162860,Luleå-Kallax Flygplats,21,Byvind,"max, 1 gång/tim",meter per sekund,2022-07-15T19:00:00Z,2022-07-15T21:00:00+02:00,1657911600000,,3.0,3.0,G,,corrected-archive-csv
162860,Luleå-Kallax Flygplats,21,Byvind,"max, 1 gång/tim",meter per sekund,2022-07-15T20:00:00Z,2022-07-15T22:00:00+02:00,1657915200000,,2.0,2.0,G,,corrected-archive-csv
162860,Luleå-Kallax Flygplats,21,Byvind,"max, 1 gång/tim",meter per sekund,2022-07-15T23:00:00Z,2022-07-16T01:00:00+02:00,1657926000000,,3.0,3.0,G,,corrected-archive-csv
162860,Luleå-Kallax Flygplats,21,Byvind,"max, 1 gång/tim",meter per sekund,2022-07-16T00:00:00Z,2022-07-16T02:00:00+02:00,1657929600000,,6.0,6.0,G,,corrected-archive-csv
162860,Luleå-Kallax Flygplats,21,Byvind,"max, 1 gång/tim",meter per sekund,2022-07-16T01:00:00Z,2022-07-16T03:00:00+02:00,1657933200000,,4.0,4.0,G,,corrected-archive-csv
162860,Luleå-Kallax Flygplats,21,Byvind,"max, 1 gång/tim",meter per sekund,2022-07-16T03:00:00Z,2022-07-16T05:00:00+02:00,1657940400000,,5.0,5.0,G,,corrected-archive-csv
162860,Luleå-Kallax Flygplats,21,Byvind,"max, 1 gång/tim",meter per sekund,2022-07-16T04:00:00Z,2022-07-16T06:00:00+02:00,1657944000000,,6.0,6.0,G,,corrected-archive-csv
162860,Luleå-Kallax Flygplats,21,Byvind,"max, 1 gång/tim",meter per sekund,2022-07-16T06:00:00Z,2022-07-16T08:00:00+02:00,1657951200000,,7.0,7.0,G,,corrected-archive-csv
162860,Luleå-Kallax Flygplats,21,Byvind,"max, 1 gång/tim",meter per sekund,2022-07-16T07:00:00Z,2022-07-16T09:00:00+02:00,1657954800000,,8.0,8.0,G,,corrected-archive-csv
162860,Luleå-Kallax Flygplats,21,Byvind,"max, 1 gång/tim",meter per sekund,2022-07-16T08:00:00Z,2022-07-16T10:00:00+02:00,1657958400000,,10.0,10.0,G,,corrected-archive-csv
162860,Luleå-Kallax Flygplats,21,Byvind,"max, 1 gång/tim",meter per sekund,2022-07-16T09:00:00Z,2022-07-16T11:00:00+02:00,1657962000000,,11.0,11.0,G,,corrected-archive-csv
162860,Luleå-Kallax Flygplats,21,Byvind,"max, 1 gång/tim",meter per sekund,2022-07-16T10:00:00Z,2022-07-16T12:00:00+02:00,1657965600000,,9.0,9.0,G,,corrected-archive-csv
162860,Luleå-Kallax Flygplats,21,Byvind,"max, 1 gång/tim",meter per sekund,2022-07-16T11:00:00Z,2022-07-16T13:00:00+02:00,1657969200000,,10.0,10.0,G,,corrected-archive-csv
162860,Luleå-Kallax Flygplats,21,Byvind,"max, 1 gång/tim",meter per sekund,2022-07-16T13:00:00Z,2022-07-16T15:00:00+02:00,1657976400000,,11.0,11.0,G,,corrected-archive-csv
162860,Luleå-Kallax Flygplats,21,Byvind,"max, 1 gång/tim",meter per sekund,2022-07-16T14:00:00Z,2022-07-16T16:00:00+02:00,1657980000000,,10.0,10.0,G,,corrected-archive-csv
162860,Luleå-Kallax Flygplats,21,Byvind,"max, 1 gång/tim",meter per sekund,2022-07-16T15:00:00Z,2022-07-16T17:00:00+02:00,1657983600000,,11.0,11.0,G,,corrected-archive-csv
162860,Luleå-Kallax Flygplats,21,Byvind,"max, 1 gång/tim",meter per sekund,2022-07-16T16:00:00Z,2022-07-16T18:00:00+02:00,1657987200000,,10.0,10.0,G,,corrected-archive-csv
162860,Luleå-Kallax Flygplats,21,Byvind,"max, 1 gång/tim",meter per sekund,2022-07-16T17:00:00Z,2022-07-16T19:00:00+02:00,1657990800000,,9.0,9.0,G,,corrected-archive-csv
162860,Luleå-Kallax Flygplats,21,Byvind,"max, 1 gång/tim",meter per sekund,2022-07-16T19:00:00Z,2022-07-16T21:00:00+02:00,1657998000000,,7.0,7.0,G,,corrected-archive-csv
162860,Luleå-Kallax Flygplats,21,Byvind,"max, 1 gång/tim",meter per sekund,2022-07-16T21:00:00Z,2022-07-16T23:00:00+02:00,1658005200000,,5.0,5.0,G,,corrected-archive-csv
162860,Luleå-Kallax Flygplats,21,Byvind,"max, 1 gång/tim",meter per sekund,2022-07-16T22:00:00Z,2022-07-17T00:00:00+02:00,1658008800000,,4.0,4.0,G,,corrected-archive-csv
162860,Luleå-Kallax Flygplats,21,Byvind,"max, 1 gång/tim",meter per sekund,2022-07-17T00:00:00Z,2022-07-17T02:00:00+02:00,1658016000000,,3.0,3.0,G,,corrected-archive-csv
162860,Luleå-Kallax Flygplats,21,Byvind,"max, 1 gång/tim",meter per sekund,2022-07-17T01:00:00Z,2022-07-17T03:00:00+02:00,1658019600000,,4.0,4.0,G,,corrected-archive-csv
162860,Luleå-Kallax Flygplats,21,Byvind,"max, 1 gång/tim",meter per sekund,2022-07-17T03:00:00Z,2022-07-17T05:00:00+02:00,1658026800000,,6.0,6.0,G,,corrected-archive-csv
162860,Luleå-Kallax Flygplats,21,Byvind,"max, 1 gång/tim",meter per sekund,2022-07-17T04:00:00Z,2022-07-17T06:00:00+02:00,1658030400000,,8.0,8.0,G,,corrected-archive-csv
162860,Luleå-Kallax Flygplats,21,Byvind,"max, 1 gång/tim",meter per sekund,2022-07-17T05:00:00Z,2022-07-17T07:00:00+02:00,1658034000000,,9.0,9.0,G,,corrected-archive-csv
162860,Luleå-Kallax Flygplats,21,Byvind,"max, 1 gång/tim",meter per sekund,2022-07-17T14:00:00Z,2022-07-17T16:00:00+02:00,1658066400000,,10.0,10.0,G,,corrected-archive-csv
162860,Luleå-Kallax Flygplats,21,Byvind,"max, 1 gång/tim",meter per sekund,2022-07-17T15:00:00Z,2022-07-17T17:00:00+02:00,1658070000000,,9.0,9.0,G,,corrected-archive-csv
162860,Luleå-Kallax Flygplats,21,Byvind,"max, 1 gång/tim",meter per sekund,2022-07-17T16:00:00Z,2022-07-17T18:00:00+02:00,1658073600000,,8.0,8.0,G,,corrected-archive-csv
162860,Luleå-Kallax Flygplats,21,Byvind,"max, 1 gång/tim",meter per sekund,2022-07-17T18:00:00Z,2022-07-17T20:00:00+02:00,1658080800000,,7.0,7.0,G,,corrected-archive-csv
162860,Luleå-Kallax Flygplats,21,Byvind,"max, 1 gång/tim",meter per sekund,2022-07-17T19:00:00Z,2022-07-17T21:00:00+02:00,1658084400000,,6.0,6.0,G,,corrected-archive-csv
162860,Luleå-Kallax Flygplats,21,Byvind,"max, 1 gång/tim",meter per sekund,2022-07-17T21:00:00Z,2022-07-17T23:00:00+02:00,1658091600000,,4.0,4.0,G,,corrected-archive-csv
162860,Luleå-Kallax Flygplats,21,Byvind,"max, 1 gång/tim",meter per sekund,2022-07-17T22:00:00Z,2022-07-18T00:00:00+02:00,1658095200000,,2.0,2.0,G,,corrected-archive-csv
162860,Luleå-Kallax Flygplats,21,Byvind,"max, 1 gång/tim",meter per sekund,2022-07-18T02:00:00Z,2022-07-18T04:00:00+02:00,1658109600000,,1.0,1.0,G,,corrected-archive-csv
162860,Luleå-Kallax Flygplats,21,Byvind,"max, 1 gång/tim",meter per sekund,2022-07-18T05:00:00Z,2022-07-18T07:00:00+02:00,1658120400000,,2.0,2.0,G,,corrected-archive-csv
162860,Luleå-Kallax Flygplats,21,Byvind,"max, 1 gång/tim",meter per sekund,2022-07-18T06:00:00Z,2022-07-18T08:00:00+02:00,1658124000000,,4.0,4.0,G,,corrected-archive-csv
162860,Luleå-Kallax Flygplats,21,Byvind,"max, 1 gång/tim",meter per sekund,2022-07-18T09:00:00Z,2022-07-18T11:00:00+02:00,1658134800000,,5.0,5.0,G,,corrected-archive-csv
162860,Luleå-Kallax Flygplats,21,Byvind,"max, 1 gång/tim",meter per sekund,2022-07-18T11:00:00Z,2022-07-18T13:00:00+02:00,1658142000000,,6.0,6.0,G,,corrected-archive-csv
162860,Luleå-Kallax Flygplats,21,Byvind,"max, 1 gång/tim",meter per sekund,2022-07-18T12:00:00Z,2022-07-18T14:00:00+02:00,1658145600000,,7.0,7.0,G,,corrected-archive-csv
162860,Luleå-Kallax Flygplats,21,Byvind,"max, 1 gång/tim",meter per sekund,2022-07-18T13:00:00Z,2022-07-18T15:00:00+02:00,1658149200000,,8.0,8.0,G,,corrected-archive-csv
162860,Luleå-Kallax Flygplats,21,Byvind,"max, 1 gång/tim",meter per sekund,2022-07-18T14:00:00Z,2022-07-18T16:00:00+02:00,1658152800000,,7.0,7.0,G,,corrected-archive-csv
162860,Luleå-Kallax Flygplats,21,Byvind,"max, 1 gång/tim",meter per sekund,2022-07-18T16:00:00Z,2022-07-18T18:00:00+02:00,1658160000000,,6.0,6.0,G,,corrected-archive-csv
162860,Luleå-Kallax Flygplats,21,Byvind,"max, 1 gång/tim",meter per sekund,2022-07-18T19:00:00Z,2022-07-18T21:00:00+02:00,1658170800000,,4.0,4.0,G,,corrected-archive-csv
162860,Luleå-Kallax Flygplats,21,Byvind,"max, 1 gång/tim",meter per sekund,2022-07-18T20:00:00Z,2022-07-18T22:00:00+02:00,1658174400000,,2.0,2.0,G,,corrected-archive-csv
162860,Luleå-Kallax Flygplats,21,Byvind,"max, 1 gång/tim",meter per sekund,2022-07-18T21:00:00Z,2022-07-18T23:00:00+02:00,1658178000000,,1.0,1.0,G,,corrected-archive-csv
162860,Luleå-Kallax Flygplats,21,Byvind,"max, 1 gång/tim",meter per sekund,2022-07-18T22:00:00Z,2022-07-19T00:00:00+02:00,1658181600000,,4.0,4.0,G,,corrected-archive-csv
162860,Luleå-Kallax Flygplats,21,Byvind,"max, 1 gång/tim",meter per sekund,2022-07-19T00:00:00Z,2022-07-19T02:00:00+02:00,1658188800000,,2.0,2.0,G,,corrected-archive-csv
162860,Luleå-Kallax Flygplats,21,Byvind,"max, 1 gång/tim",meter per sekund,2022-07-19T03:00:00Z,2022-07-19T05:00:00+02:00,1658199600000,,3.0,3.0,G,,corrected-archive-csv
162860,Luleå-Kallax Flygplats,21,Byvind,"max, 1 gång/tim",meter per sekund,2022-07-19T04:00:00Z,2022-07-19T06:00:00+02:00,1658203200000,,4.0,4.0,G,,corrected-archive-csv
162860,Luleå-Kallax Flygplats,21,Byvind,"max, 1 gång/tim",meter per sekund,2022-07-19T05:00:00Z,2022-07-19T07:00:00+02:00,1658206800000,,5.0,5.0,G,,corrected-archive-csv
162860,Luleå-Kallax Flygplats,21,Byvind,"max, 1 gång/tim",meter per sekund,2022-07-19T09:00:00Z,2022-07-19T11:00:00+02:00,1658221200000,,6.0,6.0,G,,corrected-archive-csv
162860,Luleå-Kallax Flygplats,21,Byvind,"max, 1 gång/tim",meter per sekund,2022-07-19T10:00:00Z,2022-07-19T12:00:00+02:00,1658224800000,,8.0,8.0,G,,corrected-archive-csv
162860,Luleå-Kallax Flygplats,21,Byvind,"max, 1 gång/tim",meter per sekund,2022-07-19T11:00:00Z,2022-07-19T13:00:00+02:00,1658228400000,,10.0,10.0,G,,corrected-archive-csv
162860,Luleå-Kallax Flygplats,21,Byvind,"max, 1 gång/tim",meter per sekund,2022-07-19T12:00:00Z,2022-07-19T14:00:00+02:00,1658232000000,,7.0,7.0,G,,corrected-archive-csv
162860,Luleå-Kallax Flygplats,21,Byvind,"max, 1 gång/tim",meter per sekund,2022-07-19T14:00:00Z,2022-07-19T16:00:00+02:00,1658239200000,,8.0,8.0,G,,corrected-archive-csv
162860,Luleå-Kallax Flygplats,21,Byvind,"max, 1 gång/tim",meter per sekund,2022-07-19T16:00:00Z,2022-07-19T18:00:00+02:00,1658246400000,,7.0,7.0,G,,corrected-archive-csv
162860,Luleå-Kallax Flygplats,21,Byvind,"max, 1 gång/tim",meter per sekund,2022-07-19T17:00:00Z,2022-07-19T19:00:00+02:00,1658250000000,,9.0,9.0,G,,corrected-archive-csv
162860,Luleå-Kallax Flygplats,21,Byvind,"max, 1 gång/tim",meter per sekund,2022-07-19T18:00:00Z,2022-07-19T20:00:00+02:00,1658253600000,,7.0,7.0,G,,corrected-archive-csv
162860,Luleå-Kallax Flygplats,21,Byvind,"max, 1 gång/tim",meter per sekund,2022-07-19T19:00:00Z,2022-07-19T21:00:00+02:00,1658257200000,,8.0,8.0,G,,corrected-archive-csv
162860,Luleå-Kallax Flygplats,21,Byvind,"max, 1 gång/tim",meter per sekund,2022-07-19T20:00:00Z,2022-07-19T22:00:00+02:00,1658260800000,,5.0,5.0,G,,corrected-archive-csv
162860,Luleå-Kallax Flygplats,21,Byvind,"max, 1 gång/tim",meter per sekund,2022-07-19T22:00:00Z,2022-07-20T00:00:00+02:00,1658268000000,,4.0,4.0,G,,corrected-archive-csv
162860,Luleå-Kallax Flygplats,21,Byvind,"max, 1 gång/tim",meter per sekund,2022-07-20T05:00:00Z,2022-07-20T07:00:00+02:00,1658293200000,,5.0,5.0,G,,corrected-archive-csv
162860,Luleå-Kallax Flygplats,21,Byvind,"max, 1 gång/tim",meter per sekund,2022-07-20T07:00:00Z,2022-07-20T09:00:00+02:00,1658300400000,,4.0,4.0,G,,corrected-archive-csv
162860,Luleå-Kallax Flygplats,21,Byvind,"max, 1 gång/tim",meter per sekund,2022-07-20T08:00:00Z,2022-07-20T10:00:00+02:00,1658304000000,,5.0,5.0,G,,corrected-archive-csv
162860,Luleå-Kallax Flygplats,21,Byvind,"max, 1 gång/tim",meter per sekund,2022-07-20T10:00:00Z,2022-07-20T12:00:00+02:00,1658311200000,,4.0,4.0,G,,corrected-archive-csv
162860,Luleå-Kallax Flygplats,21,Byvind,"max, 1 gång/tim",meter per sekund,2022-07-20T11:00:00Z,2022-07-20T13:00:00+02:00,1658314800000,,5.0,5.0,G,,corrected-archive-csv
162860,Luleå-Kallax Flygplats,21,Byvind,"max, 1 gång/tim",meter per sekund,2022-07-20T12:00:00Z,2022-07-20T14:00:00+02:00,1658318400000,,6.0,6.0,G,,corrected-archive-csv
162860,Luleå-Kallax Flygplats,21,Byvind,"max, 1 gång/tim",meter per sekund,2022-07-20T13:00:00Z,2022-07-20T15:00:00+02:00,1658322000000,,7.0,7.0,G,,corrected-archive-csv
162860,Luleå-Kallax Flygplats,21,Byvind,"max, 1 gång/tim",meter per sekund,2022-07-20T17:00:00Z,2022-07-20T19:00:00+02:00,1658336400000,,6.0,6.0,G,,corrected-archive-csv
162860,Luleå-Kallax Flygplats,21,Byvind,"max, 1 gång/tim",meter per sekund,2022-07-20T19:00:00Z,2022-07-20T21:00:00+02:00,1658343600000,,5.0,5.0,G,,corrected-archive-csv
162860,Luleå-Kallax Flygplats,21,Byvind,"max, 1 gång/tim",meter per sekund,2022-07-20T20:00:00Z,2022-07-20T22:00:00+02:00,1658347200000,,3.0,3.0,G,,corrected-archive-csv
162860,Luleå-Kallax Flygplats,21,Byvind,"max, 1 gång/tim",meter per sekund,2022-07-21T02:00:00Z,2022-07-21T04:00:00+02:00,1658368800000,,4.0,4.0,G,,corrected-archive-csv
162860,Luleå-Kallax Flygplats,21,Byvind,"max, 1 gång/tim",meter per sekund,2022-07-21T03:00:00Z,2022-07-21T05:00:00+02:00,1658372400000,,5.0,5.0,G,,corrected-archive-csv
162860,Luleå-Kallax Flygplats,21,Byvind,"max, 1 gång/tim",meter per sekund,2022-07-21T04:00:00Z,2022-07-21T06:00:00+02:00,1658376000000,,6.0,6.0,G,,corrected-archive-csv
162860,Luleå-Kallax Flygplats,21,Byvind,"max, 1 gång/tim",meter per sekund,2022-07-21T05:00:00Z,2022-07-21T07:00:00+02:00,1658379600000,,7.0,7.0,G,,corrected-archive-csv
162860,Luleå-Kallax Flygplats,21,Byvind,"max, 1 gång/tim",meter per sekund,2022-07-21T06:00:00Z,2022-07-21T08:00:00+02:00,1658383200000,,6.0,6.0,G,,corrected-archive-csv
162860,Luleå-Kallax Flygplats,21,Byvind,"max, 1 gång/tim",meter per sekund,2022-07-21T08:00:00Z,2022-07-21T10:00:00+02:00,1658390400000,,7.0,7.0,G,,corrected-archive-csv
162860,Luleå-Kallax Flygplats,21,Byvind,"max, 1 gång/tim",meter per sekund,2022-07-21T13:00:00Z,2022-07-21T15:00:00+02:00,1658408400000,,6.0,6.0,G,,corrected-archive-csv
162860,Luleå-Kallax Flygplats,21,Byvind,"max, 1 gång/tim",meter per sekund,2022-07-21T14:00:00Z,2022-07-21T16:00:00+02:00,1658412000000,,5.0,5.0,G,,corrected-archive-csv
162860,Luleå-Kallax Flygplats,21,Byvind,"max, 1 gång/tim",meter per sekund,2022-07-21T15:00:00Z,2022-07-21T17:00:00+02:00,1658415600000,,4.0,4.0,G,,corrected-archive-csv
162860,Luleå-Kallax Flygplats,21,Byvind,"max, 1 gång/tim",meter per sekund,2022-07-21T16:00:00Z,2022-07-21T18:00:00+02:00,1658419200000,,5.0,5.0,G,,corrected-archive-csv
162860,Luleå-Kallax Flygplats,21,Byvind,"max, 1 gång/tim",meter per sekund,2022-07-21T17:00:00Z,2022-07-21T19:00:00+02:00,1658422800000,,4.0,4.0,G,,corrected-archive-csv
162860,Luleå-Kallax Flygplats,21,Byvind,"max, 1 gång/tim",meter per sekund,2022-07-21T18:00:00Z,2022-07-21T20:00:00+02:00,1658426400000,,2.0,2.0,G,,corrected-archive-csv
162860,Luleå-Kallax Flygplats,21,Byvind,"max, 1 gång/tim",meter per sekund,2022-07-21T20:00:00Z,2022-07-21T22:00:00+02:00,1658433600000,,5.0,5.0,G,,corrected-archive-csv
162860,Luleå-Kallax Flygplats,21,Byvind,"max, 1 gång/tim",meter per sekund,2022-07-21T22:00:00Z,2022-07-22T00:00:00+02:00,1658440800000,,2.0,2.0,G,,corrected-archive-csv
162860,Luleå-Kallax Flygplats,21,Byvind,"max, 1 gång/tim",meter per sekund,2022-07-22T01:00:00Z,2022-07-22T03:00:00+02:00,1658451600000,,7.0,7.0,G,,corrected-archive-csv
162860,Luleå-Kallax Flygplats,21,Byvind,"max, 1 gång/tim",meter per sekund,2022-07-22T02:00:00Z,2022-07-22T04:00:00+02:00,1658455200000,,6.0,6.0,G,,corrected-archive-csv
162860,Luleå-Kallax Flygplats,21,Byvind,"max, 1 gång/tim",meter per sekund,2022-07-22T06:00:00Z,2022-07-22T08:00:00+02:00,1658469600000,,9.0,9.0,G,,corrected-archive-csv
162860,Luleå-Kallax Flygplats,21,Byvind,"max, 1 gång/tim",meter per sekund,2022-07-22T10:00:00Z,2022-07-22T12:00:00+02:00,1658484000000,,11.0,11.0,G,,corrected-archive-csv
162860,Luleå-Kallax Flygplats,21,Byvind,"max, 1 gång/tim",meter per sekund,2022-07-22T12:00:00Z,2022-07-22T14:00:00+02:00,1658491200000,,10.0,10.0,G,,corrected-archive-csv
162860,Luleå-Kallax Flygplats,21,Byvind,"max, 1 gång/tim",meter per sekund,2022-07-22T13:00:00Z,2022-07-22T15:00:00+02:00,1658494800000,,9.0,9.0,G,,corrected-archive-csv
162860,Luleå-Kallax Flygplats,21,Byvind,"max, 1 gång/tim",meter per sekund,2022-07-22T16:00:00Z,2022-07-22T18:00:00+02:00,1658505600000,,11.0,11.0,G,,corrected-archive-csv
162860,Luleå-Kallax Flygplats,21,Byvind,"max, 1 gång/tim",meter per sekund,2022-07-22T17:00:00Z,2022-07-22T19:00:00+02:00,1658509200000,,7.0,7.0,G,,corrected-archive-csv
162860,Luleå-Kallax Flygplats,21,Byvind,"max, 1 gång/tim",meter per sekund,2022-07-22T18:00:00Z,2022-07-22T20:00:00+02:00,1658512800000,,6.0,6.0,G,,corrected-archive-csv
162860,Luleå-Kallax Flygplats,21,Byvind,"max, 1 gång/tim",meter per sekund,2022-07-22T19:00:00Z,2022-07-22T21:00:00+02:00,1658516400000,,5.0,5.0,G,,corrected-archive-csv
162860,Luleå-Kallax Flygplats,21,Byvind,"max, 1 gång/tim",meter per sekund,2022-07-22T20:00:00Z,2022-07-22T22:00:00+02:00,1658520000000,,6.0,6.0,G,,corrected-archive-csv
162860,Luleå-Kallax Flygplats,21,Byvind,"max, 1 gång/tim",meter per sekund,2022-07-22T22:00:00Z,2022-07-23T00:00:00+02:00,1658527200000,,5.0,5.0,G,,corrected-archive-csv
162860,Luleå-Kallax Flygplats,21,Byvind,"max, 1 gång/tim",meter per sekund,2022-07-22T23:00:00Z,2022-07-23T01:00:00+02:00,1658530800000,,6.0,6.0,G,,corrected-archive-csv
162860,Luleå-Kallax Flygplats,21,Byvind,"max, 1 gång/tim",meter per sekund,2022-07-23T00:00:00Z,2022-07-23T02:00:00+02:00,1658534400000,,7.0,7.0,G,,corrected-archive-csv
162860,Luleå-Kallax Flygplats,21,Byvind,"max, 1 gång/tim",meter per sekund,2022-07-23T01:00:00Z,2022-07-23T03:00:00+02:00,1658538000000,,8.0,8.0,G,,corrected-archive-csv
162860,Luleå-Kallax Flygplats,21,Byvind,"max, 1 gång/tim",meter per sekund,2022-07-23T03:00:00Z,2022-07-23T05:00:00+02:00,1658545200000,,6.0,6.0,G,,corrected-archive-csv
162860,Luleå-Kallax Flygplats,21,Byvind,"max, 1 gång/tim",meter per sekund,2022-07-23T05:00:00Z,2022-07-23T07:00:00+02:00,1658552400000,,7.0,7.0,G,,corrected-archive-csv
162860,Luleå-Kallax Flygplats,21,Byvind,"max, 1 gång/tim",meter per sekund,2022-07-23T09:00:00Z,2022-07-23T11:00:00+02:00,1658566800000,,8.0,8.0,G,,corrected-archive-csv
162860,Luleå-Kallax Flygplats,21,Byvind,"max, 1 gång/tim",meter per sekund,2022-07-23T11:00:00Z,2022-07-23T13:00:00+02:00,1658574000000,,7.0,7.0,G,,corrected-archive-csv
162860,Luleå-Kallax Flygplats,21,Byvind,"max, 1 gång/tim",meter per sekund,2022-07-23T14:00:00Z,2022-07-23T16:00:00+02:00,1658584800000,,10.0,10.0,G,,corrected-archive-csv
162860,Luleå-Kallax Flygplats,21,Byvind,"max, 1 gång/tim",meter per sekund,2022-07-23T15:00:00Z,2022-07-23T17:00:00+02:00,1658588400000,,5.0,5.0,G,,corrected-archive-csv
162860,Luleå-Kallax Flygplats,21,Byvind,"max, 1 gång/tim",meter per sekund,2022-07-23T16:00:00Z,2022-07-23T18:00:00+02:00,1658592000000,,4.0,4.0,G,,corrected-archive-csv
162860,Luleå-Kallax Flygplats,21,Byvind,"max, 1 gång/tim",meter per sekund,2022-07-23T19:00:00Z,2022-07-23T21:00:00+02:00,1658602800000,,5.0,5.0,G,,corrected-archive-csv
162860,Luleå-Kallax Flygplats,21,Byvind,"max, 1 gång/tim",meter per sekund,2022-07-23T20:00:00Z,2022-07-23T22:00:00+02:00,1658606400000,,4.0,4.0,G,,corrected-archive-csv
162860,Luleå-Kallax Flygplats,21,Byvind,"max, 1 gång/tim",meter per sekund,2022-07-23T21:00:00Z,2022-07-23T23:00:00+02:00,1658610000000,,3.0,3.0,G,,corrected-archive-csv
162860,Luleå-Kallax Flygplats,21,Byvind,"max, 1 gång/tim",meter per sekund,2022-07-23T22:00:00Z,2022-07-24T00:00:00+02:00,1658613600000,,4.0,4.0,G,,corrected-archive-csv
162860,Luleå-Kallax Flygplats,21,Byvind,"max, 1 gång/tim",meter per sekund,2022-07-24T02:00:00Z,2022-07-24T04:00:00+02:00,1658628000000,,5.0,5.0,G,,corrected-archive-csv
162860,Luleå-Kallax Flygplats,21,Byvind,"max, 1 gång/tim",meter per sekund,2022-07-24T03:00:00Z,2022-07-24T05:00:00+02:00,1658631600000,,6.0,6.0,G,,corrected-archive-csv
162860,Luleå-Kallax Flygplats,21,Byvind,"max, 1 gång/tim",meter per sekund,2022-07-24T04:00:00Z,2022-07-24T06:00:00+02:00,1658635200000,,5.0,5.0,G,,corrected-archive-csv
162860,Luleå-Kallax Flygplats,21,Byvind,"max, 1 gång/tim",meter per sekund,2022-07-24T06:00:00Z,2022-07-24T08:00:00+02:00,1658642400000,,6.0,6.0,G,,corrected-archive-csv
162860,Luleå-Kallax Flygplats,21,Byvind,"max, 1 gång/tim",meter per sekund,2022-07-24T07:00:00Z,2022-07-24T09:00:00+02:00,1658646000000,,4.0,4.0,G,,corrected-archive-csv
162860,Luleå-Kallax Flygplats,21,Byvind,"max, 1 gång/tim",meter per sekund,2022-07-24T12:00:00Z,2022-07-24T14:00:00+02:00,1658664000000,,6.0,6.0,G,,corrected-archive-csv
162860,Luleå-Kallax Flygplats,21,Byvind,"max, 1 gång/tim",meter per sekund,2022-07-24T14:00:00Z,2022-07-24T16:00:00+02:00,1658671200000,,5.0,5.0,G,,corrected-archive-csv
162860,Luleå-Kallax Flygplats,21,Byvind,"max, 1 gång/tim",meter per sekund,2022-07-24T15:00:00Z,2022-07-24T17:00:00+02:00,1658674800000,,6.0,6.0,G,,corrected-archive-csv
162860,Luleå-Kallax Flygplats,21,Byvind,"max, 1 gång/tim",meter per sekund,2022-07-24T16:00:00Z,2022-07-24T18:00:00+02:00,1658678400000,,5.0,5.0,G,,corrected-archive-csv
162860,Luleå-Kallax Flygplats,21,Byvind,"max, 1 gång/tim",meter per sekund,2022-07-24T18:00:00Z,2022-07-24T20:00:00+02:00,1658685600000,,3.0,3.0,G,,corrected-archive-csv
162860,Luleå-Kallax Flygplats,21,Byvind,"max, 1 gång/tim",meter per sekund,2022-07-24T20:00:00Z,2022-07-24T22:00:00+02:00,1658692800000,,2.0,2.0,G,,corrected-archive-csv
162860,Luleå-Kallax Flygplats,21,Byvind,"max, 1 gång/tim",meter per sekund,2022-07-24T22:00:00Z,2022-07-25T00:00:00+02:00,1658700000000,,1.0,1.0,G,,corrected-archive-csv
162860,Luleå-Kallax Flygplats,21,Byvind,"max, 1 gång/tim",meter per sekund,2022-07-25T04:00:00Z,2022-07-25T06:00:00+02:00,1658721600000,,0.0,0.0,G,,corrected-archive-csv
162860,Luleå-Kallax Flygplats,21,Byvind,"max, 1 gång/tim",meter per sekund,2022-07-25T05:00:00Z,2022-07-25T07:00:00+02:00,1658725200000,,2.0,2.0,G,,corrected-archive-csv
162860,Luleå-Kallax Flygplats,21,Byvind,"max, 1 gång/tim",meter per sekund,2022-07-25T06:00:00Z,2022-07-25T08:00:00+02:00,1658728800000,,4.0,4.0,G,,corrected-archive-csv
162860,Luleå-Kallax Flygplats,21,Byvind,"max, 1 gång/tim",meter per sekund,2022-07-25T08:00:00Z,2022-07-25T10:00:00+02:00,1658736000000,,6.0,6.0,G,,corrected-archive-csv
162860,Luleå-Kallax Flygplats,21,Byvind,"max, 1 gång/tim",meter per sekund,2022-07-25T10:00:00Z,2022-07-25T12:00:00+02:00,1658743200000,,7.0,7.0,G,,corrected-archive-csv
162860,Luleå-Kallax Flygplats,21,Byvind,"max, 1 gång/tim",meter per sekund,2022-07-25T13:00:00Z,2022-07-25T15:00:00+02:00,1658754000000,,8.0,8.0,G,,corrected-archive-csv
162860,Luleå-Kallax Flygplats,21,Byvind,"max, 1 gång/tim",meter per sekund,2022-07-25T14:00:00Z,2022-07-25T16:00:00+02:00,1658757600000,,10.0,10.0,G,,corrected-archive-csv
162860,Luleå-Kallax Flygplats,21,Byvind,"max, 1 gång/tim",meter per sekund,2022-07-25T17:00:00Z,2022-07-25T19:00:00+02:00,1658768400000,,8.0,8.0,G,,corrected-archive-csv
162860,Luleå-Kallax Flygplats,21,Byvind,"max, 1 gång/tim",meter per sekund,2022-07-25T18:00:00Z,2022-07-25T20:00:00+02:00,1658772000000,,10.0,10.0,G,,corrected-archive-csv
162860,Luleå-Kallax Flygplats,21,Byvind,"max, 1 gång/tim",meter per sekund,2022-07-25T19:00:00Z,2022-07-25T21:00:00+02:00,1658775600000,,9.0,9.0,G,,corrected-archive-csv
162860,Luleå-Kallax Flygplats,21,Byvind,"max, 1 gång/tim",meter per sekund,2022-07-25T21:00:00Z,2022-07-25T23:00:00+02:00,1658782800000,,8.0,8.0,G,,corrected-archive-csv
162860,Luleå-Kallax Flygplats,21,Byvind,"max, 1 gång/tim",meter per sekund,2022-07-25T23:00:00Z,2022-07-26T01:00:00+02:00,1658790000000,,7.0,7.0,G,,corrected-archive-csv
162860,Luleå-Kallax Flygplats,21,Byvind,"max, 1 gång/tim",meter per sekund,2022-07-26T02:00:00Z,2022-07-26T04:00:00+02:00,1658800800000,,9.0,9.0,G,,corrected-archive-csv
162860,Luleå-Kallax Flygplats,21,Byvind,"max, 1 gång/tim",meter per sekund,2022-07-26T03:00:00Z,2022-07-26T05:00:00+02:00,1658804400000,,10.0,10.0,G,,corrected-archive-csv
162860,Luleå-Kallax Flygplats,21,Byvind,"max, 1 gång/tim",meter per sekund,2022-07-26T05:00:00Z,2022-07-26T07:00:00+02:00,1658811600000,,9.0,9.0,G,,corrected-archive-csv
162860,Luleå-Kallax Flygplats,21,Byvind,"max, 1 gång/tim",meter per sekund,2022-07-26T09:00:00Z,2022-07-26T11:00:00+02:00,1658826000000,,11.0,11.0,G,,corrected-archive-csv
162860,Luleå-Kallax Flygplats,21,Byvind,"max, 1 gång/tim",meter per sekund,2022-07-26T10:00:00Z,2022-07-26T12:00:00+02:00,1658829600000,,9.0,9.0,G,,corrected-archive-csv
162860,Luleå-Kallax Flygplats,21,Byvind,"max, 1 gång/tim",meter per sekund,2022-07-26T11:00:00Z,2022-07-26T13:00:00+02:00,1658833200000,,10.0,10.0,G,,corrected-archive-csv
162860,Luleå-Kallax Flygplats,21,Byvind,"max, 1 gång/tim",meter per sekund,2022-07-26T12:00:00Z,2022-07-26T14:00:00+02:00,1658836800000,,9.0,9.0,G,,corrected-archive-csv
162860,Luleå-Kallax Flygplats,21,Byvind,"max, 1 gång/tim",meter per sekund,2022-07-26T13:00:00Z,2022-07-26T15:00:00+02:00,1658840400000,,6.0,6.0,G,,corrected-archive-csv
162860,Luleå-Kallax Flygplats,21,Byvind,"max, 1 gång/tim",meter per sekund,2022-07-26T15:00:00Z,2022-07-26T17:00:00+02:00,1658847600000,,2.0,2.0,G,,corrected-archive-csv
162860,Luleå-Kallax Flygplats,21,Byvind,"max, 1 gång/tim",meter per sekund,2022-07-26T17:00:00Z,2022-07-26T19:00:00+02:00,1658854800000,,3.0,3.0,G,,corrected-archive-csv
162860,Luleå-Kallax Flygplats,21,Byvind,"max, 1 gång/tim",meter per sekund,2022-07-26T18:00:00Z,2022-07-26T20:00:00+02:00,1658858400000,,5.0,5.0,G,,corrected-archive-csv
162860,Luleå-Kallax Flygplats,21,Byvind,"max, 1 gång/tim",meter per sekund,2022-07-26T19:00:00Z,2022-07-26T21:00:00+02:00,1658862000000,,4.0,4.0,G,,corrected-archive-csv
162860,Luleå-Kallax Flygplats,21,Byvind,"max, 1 gång/tim",meter per sekund,2022-07-26T20:00:00Z,2022-07-26T22:00:00+02:00,1658865600000,,5.0,5.0,G,,corrected-archive-csv
162860,Luleå-Kallax Flygplats,21,Byvind,"max, 1 gång/tim",meter per sekund,2022-07-26T21:00:00Z,2022-07-26T23:00:00+02:00,1658869200000,,4.0,4.0,G,,corrected-archive-csv
162860,Luleå-Kallax Flygplats,21,Byvind,"max, 1 gång/tim",meter per sekund,2022-07-26T22:00:00Z,2022-07-27T00:00:00+02:00,1658872800000,,6.0,6.0,G,,corrected-archive-csv
162860,Luleå-Kallax Flygplats,21,Byvind,"max, 1 gång/tim",meter per sekund,2022-07-26T23:00:00Z,2022-07-27T01:00:00+02:00,1658876400000,,5.0,5.0,G,,corrected-archive-csv
162860,Luleå-Kallax Flygplats,21,Byvind,"max, 1 gång/tim",meter per sekund,2022-07-27T01:00:00Z,2022-07-27T03:00:00+02:00,1658883600000,,8.0,8.0,G,,corrected-archive-csv
162860,Luleå-Kallax Flygplats,21,Byvind,"max, 1 gång/tim",meter per sekund,2022-07-27T03:00:00Z,2022-07-27T05:00:00+02:00,1658890800000,,6.0,6.0,G,,corrected-archive-csv
162860,Luleå-Kallax Flygplats,21,Byvind,"max, 1 gång/tim",meter per sekund,2022-07-27T05:00:00Z,2022-07-27T07:00:00+02:00,1658898000000,,8.0,8.0,G,,corrected-archive-csv
162860,Luleå-Kallax Flygplats,21,Byvind,"max, 1 gång/tim",meter per sekund,2022-07-27T07:00:00Z,2022-07-27T09:00:00+02:00,1658905200000,,7.0,7.0,G,,corrected-archive-csv
162860,Luleå-Kallax Flygplats,21,Byvind,"max, 1 gång/tim",meter per sekund,2022-07-27T08:00:00Z,2022-07-27T10:00:00+02:00,1658908800000,,8.0,8.0,G,,corrected-archive-csv
162860,Luleå-Kallax Flygplats,21,Byvind,"max, 1 gång/tim",meter per sekund,2022-07-27T09:00:00Z,2022-07-27T11:00:00+02:00,1658912400000,,10.0,10.0,G,,corrected-archive-csv
162860,Luleå-Kallax Flygplats,21,Byvind,"max, 1 gång/tim",meter per sekund,2022-07-27T11:00:00Z,2022-07-27T13:00:00+02:00,1658919600000,,7.0,7.0,G,,corrected-archive-csv
162860,Luleå-Kallax Flygplats,21,Byvind,"max, 1 gång/tim",meter per sekund,2022-07-27T12:00:00Z,2022-07-27T14:00:00+02:00,1658923200000,,9.0,9.0,G,,corrected-archive-csv
162860,Luleå-Kallax Flygplats,21,Byvind,"max, 1 gång/tim",meter per sekund,2022-07-27T13:00:00Z,2022-07-27T15:00:00+02:00,1658926800000,,11.0,11.0,G,,corrected-archive-csv
162860,Luleå-Kallax Flygplats,21,Byvind,"max, 1 gång/tim",meter per sekund,2022-07-27T15:00:00Z,2022-07-27T17:00:00+02:00,1658934000000,,13.0,13.0,G,,corrected-archive-csv
162860,Luleå-Kallax Flygplats,21,Byvind,"max, 1 gång/tim",meter per sekund,2022-07-27T16:00:00Z,2022-07-27T18:00:00+02:00,1658937600000,,12.0,12.0,G,,corrected-archive-csv
162860,Luleå-Kallax Flygplats,21,Byvind,"max, 1 gång/tim",meter per sekund,2022-07-27T17:00:00Z,2022-07-27T19:00:00+02:00,1658941200000,,11.0,11.0,G,,corrected-archive-csv
162860,Luleå-Kallax Flygplats,21,Byvind,"max, 1 gång/tim",meter per sekund,2022-07-27T18:00:00Z,2022-07-27T20:00:00+02:00,1658944800000,,10.0,10.0,G,,corrected-archive-csv
162860,Luleå-Kallax Flygplats,21,Byvind,"max, 1 gång/tim",meter per sekund,2022-07-27T19:00:00Z,2022-07-27T21:00:00+02:00,1658948400000,,8.0,8.0,G,,corrected-archive-csv
162860,Luleå-Kallax Flygplats,21,Byvind,"max, 1 gång/tim",meter per sekund,2022-07-27T20:00:00Z,2022-07-27T22:00:00+02:00,1658952000000,,9.0,9.0,G,,corrected-archive-csv
162860,Luleå-Kallax Flygplats,21,Byvind,"max, 1 gång/tim",meter per sekund,2022-07-27T22:00:00Z,2022-07-28T00:00:00+02:00,1658959200000,,11.0,11.0,G,,corrected-archive-csv
162860,Luleå-Kallax Flygplats,21,Byvind,"max, 1 gång/tim",meter per sekund,2022-07-27T23:00:00Z,2022-07-28T01:00:00+02:00,1658962800000,,10.0,10.0,G,,corrected-archive-csv
162860,Luleå-Kallax Flygplats,21,Byvind,"max, 1 gång/tim",meter per sekund,2022-07-28T00:00:00Z,2022-07-28T02:00:00+02:00,1658966400000,,9.0,9.0,G,,corrected-archive-csv
162860,Luleå-Kallax Flygplats,21,Byvind,"max, 1 gång/tim",meter per sekund,2022-07-28T02:00:00Z,2022-07-28T04:00:00+02:00,1658973600000,,8.0,8.0,G,,corrected-archive-csv
162860,Luleå-Kallax Flygplats,21,Byvind,"max, 1 gång/tim",meter per sekund,2022-07-28T04:00:00Z,2022-07-28T06:00:00+02:00,1658980800000,,7.0,7.0,G,,corrected-archive-csv
162860,Luleå-Kallax Flygplats,21,Byvind,"max, 1 gång/tim",meter per sekund,2022-07-28T05:00:00Z,2022-07-28T07:00:00+02:00,1658984400000,,8.0,8.0,G,,corrected-archive-csv
162860,Luleå-Kallax Flygplats,21,Byvind,"max, 1 gång/tim",meter per sekund,2022-07-28T07:00:00Z,2022-07-28T09:00:00+02:00,1658991600000,,9.0,9.0,G,,corrected-archive-csv
162860,Luleå-Kallax Flygplats,21,Byvind,"max, 1 gång/tim",meter per sekund,2022-07-28T08:00:00Z,2022-07-28T10:00:00+02:00,1658995200000,,11.0,11.0,G,,corrected-archive-csv
162860,Luleå-Kallax Flygplats,21,Byvind,"max, 1 gång/tim",meter per sekund,2022-07-28T09:00:00Z,2022-07-28T11:00:00+02:00,1658998800000,,9.0,9.0,G,,corrected-archive-csv
162860,Luleå-Kallax Flygplats,21,Byvind,"max, 1 gång/tim",meter per sekund,2022-07-28T10:00:00Z,2022-07-28T12:00:00+02:00,1659002400000,,8.0,8.0,G,,corrected-archive-csv
162860,Luleå-Kallax Flygplats,21,Byvind,"max, 1 gång/tim",meter per sekund,2022-07-28T11:00:00Z,2022-07-28T13:00:00+02:00,1659006000000,,10.0,10.0,G,,corrected-archive-csv
162860,Luleå-Kallax Flygplats,21,Byvind,"max, 1 gång/tim",meter per sekund,2022-07-28T12:00:00Z,2022-07-28T14:00:00+02:00,1659009600000,,8.0,8.0,G,,corrected-archive-csv
162860,Luleå-Kallax Flygplats,21,Byvind,"max, 1 gång/tim",meter per sekund,2022-07-28T15:00:00Z,2022-07-28T17:00:00+02:00,1659020400000,,7.0,7.0,G,,corrected-archive-csv
162860,Luleå-Kallax Flygplats,21,Byvind,"max, 1 gång/tim",meter per sekund,2022-07-28T17:00:00Z,2022-07-28T19:00:00+02:00,1659027600000,,5.0,5.0,G,,corrected-archive-csv
162860,Luleå-Kallax Flygplats,21,Byvind,"max, 1 gång/tim",meter per sekund,2022-07-28T18:00:00Z,2022-07-28T20:00:00+02:00,1659031200000,,7.0,7.0,G,,corrected-archive-csv
162860,Luleå-Kallax Flygplats,21,Byvind,"max, 1 gång/tim",meter per sekund,2022-07-28T20:00:00Z,2022-07-28T22:00:00+02:00,1659038400000,,6.0,6.0,G,,corrected-archive-csv
162860,Luleå-Kallax Flygplats,21,Byvind,"max, 1 gång/tim",meter per sekund,2022-07-28T21:00:00Z,2022-07-28T23:00:00+02:00,1659042000000,,4.0,4.0,G,,corrected-archive-csv
162860,Luleå-Kallax Flygplats,21,Byvind,"max, 1 gång/tim",meter per sekund,2022-07-28T22:00:00Z,2022-07-29T00:00:00+02:00,1659045600000,,5.0,5.0,G,,corrected-archive-csv
162860,Luleå-Kallax Flygplats,21,Byvind,"max, 1 gång/tim",meter per sekund,2022-07-29T00:00:00Z,2022-07-29T02:00:00+02:00,1659052800000,,4.0,4.0,G,,corrected-archive-csv
162860,Luleå-Kallax Flygplats,21,Byvind,"max, 1 gång/tim",meter per sekund,2022-07-29T01:00:00Z,2022-07-29T03:00:00+02:00,1659056400000,,5.0,5.0,G,,corrected-archive-csv
162860,Luleå-Kallax Flygplats,21,Byvind,"max, 1 gång/tim",meter per sekund,2022-07-29T02:00:00Z,2022-07-29T04:00:00+02:00,1659060000000,,4.0,4.0,G,,corrected-archive-csv
162860,Luleå-Kallax Flygplats,21,Byvind,"max, 1 gång/tim",meter per sekund,2022-07-29T04:00:00Z,2022-07-29T06:00:00+02:00,1659067200000,,5.0,5.0,G,,corrected-archive-csv
162860,Luleå-Kallax Flygplats,21,Byvind,"max, 1 gång/tim",meter per sekund,2022-07-29T05:00:00Z,2022-07-29T07:00:00+02:00,1659070800000,,6.0,6.0,G,,corrected-archive-csv
162860,Luleå-Kallax Flygplats,21,Byvind,"max, 1 gång/tim",meter per sekund,2022-07-29T06:00:00Z,2022-07-29T08:00:00+02:00,1659074400000,,7.0,7.0,G,,corrected-archive-csv
162860,Luleå-Kallax Flygplats,21,Byvind,"max, 1 gång/tim",meter per sekund,2022-07-29T08:00:00Z,2022-07-29T10:00:00+02:00,1659081600000,,8.0,8.0,G,,corrected-archive-csv
162860,Luleå-Kallax Flygplats,21,Byvind,"max, 1 gång/tim",meter per sekund,2022-07-29T11:00:00Z,2022-07-29T13:00:00+02:00,1659092400000,,7.0,7.0,G,,corrected-archive-csv
162860,Luleå-Kallax Flygplats,21,Byvind,"max, 1 gång/tim",meter per sekund,2022-07-29T15:00:00Z,2022-07-29T17:00:00+02:00,1659106800000,,6.0,6.0,G,,corrected-archive-csv
162860,Luleå-Kallax Flygplats,21,Byvind,"max, 1 gång/tim",meter per sekund,2022-07-29T18:00:00Z,2022-07-29T20:00:00+02:00,1659117600000,,5.0,5.0,G,,corrected-archive-csv
162860,Luleå-Kallax Flygplats,21,Byvind,"max, 1 gång/tim",meter per sekund,2022-07-29T19:00:00Z,2022-07-29T21:00:00+02:00,1659121200000,,4.0,4.0,G,,corrected-archive-csv
162860,Luleå-Kallax Flygplats,21,Byvind,"max, 1 gång/tim",meter per sekund,2022-07-29T20:00:00Z,2022-07-29T22:00:00+02:00,1659124800000,,2.0,2.0,G,,corrected-archive-csv
162860,Luleå-Kallax Flygplats,21,Byvind,"max, 1 gång/tim",meter per sekund,2022-07-29T22:00:00Z,2022-07-30T00:00:00+02:00,1659132000000,,3.0,3.0,G,,corrected-archive-csv
162860,Luleå-Kallax Flygplats,21,Byvind,"max, 1 gång/tim",meter per sekund,2022-07-29T23:00:00Z,2022-07-30T01:00:00+02:00,1659135600000,,2.0,2.0,G,,corrected-archive-csv
162860,Luleå-Kallax Flygplats,21,Byvind,"max, 1 gång/tim",meter per sekund,2022-07-30T00:00:00Z,2022-07-30T02:00:00+02:00,1659139200000,,3.0,3.0,G,,corrected-archive-csv
162860,Luleå-Kallax Flygplats,21,Byvind,"max, 1 gång/tim",meter per sekund,2022-07-30T03:00:00Z,2022-07-30T05:00:00+02:00,1659150000000,,5.0,5.0,G,,corrected-archive-csv
162860,Luleå-Kallax Flygplats,21,Byvind,"max, 1 gång/tim",meter per sekund,2022-07-30T07:00:00Z,2022-07-30T09:00:00+02:00,1659164400000,,6.0,6.0,G,,corrected-archive-csv
162860,Luleå-Kallax Flygplats,21,Byvind,"max, 1 gång/tim",meter per sekund,2022-07-30T08:00:00Z,2022-07-30T10:00:00+02:00,1659168000000,,7.0,7.0,G,,corrected-archive-csv
162860,Luleå-Kallax Flygplats,21,Byvind,"max, 1 gång/tim",meter per sekund,2022-07-30T12:00:00Z,2022-07-30T14:00:00+02:00,1659182400000,,6.0,6.0,G,,corrected-archive-csv
162860,Luleå-Kallax Flygplats,21,Byvind,"max, 1 gång/tim",meter per sekund,2022-07-30T14:00:00Z,2022-07-30T16:00:00+02:00,1659189600000,,7.0,7.0,G,,corrected-archive-csv
162860,Luleå-Kallax Flygplats,21,Byvind,"max, 1 gång/tim",meter per sekund,2022-07-30T15:00:00Z,2022-07-30T17:00:00+02:00,1659193200000,,4.0,4.0,G,,corrected-archive-csv
162860,Luleå-Kallax Flygplats,21,Byvind,"max, 1 gång/tim",meter per sekund,2022-07-30T17:00:00Z,2022-07-30T19:00:00+02:00,1659200400000,,6.0,6.0,G,,corrected-archive-csv
162860,Luleå-Kallax Flygplats,21,Byvind,"max, 1 gång/tim",meter per sekund,2022-07-30T20:00:00Z,2022-07-30T22:00:00+02:00,1659211200000,,4.0,4.0,G,,corrected-archive-csv
162860,Luleå-Kallax Flygplats,21,Byvind,"max, 1 gång/tim",meter per sekund,2022-07-30T21:00:00Z,2022-07-30T23:00:00+02:00,1659214800000,,3.0,3.0,G,,corrected-archive-csv
162860,Luleå-Kallax Flygplats,21,Byvind,"max, 1 gång/tim",meter per sekund,2022-07-30T23:00:00Z,2022-07-31T01:00:00+02:00,1659222000000,,2.0,2.0,G,,corrected-archive-csv
162860,Luleå-Kallax Flygplats,21,Byvind,"max, 1 gång/tim",meter per sekund,2022-07-31T05:00:00Z,2022-07-31T07:00:00+02:00,1659243600000,,3.0,3.0,G,,corrected-archive-csv
162860,Luleå-Kallax Flygplats,21,Byvind,"max, 1 gång/tim",meter per sekund,2022-07-31T06:00:00Z,2022-07-31T08:00:00+02:00,1659247200000,,2.0,2.0,G,,corrected-archive-csv
162860,Luleå-Kallax Flygplats,21,Byvind,"max, 1 gång/tim",meter per sekund,2022-07-31T07:00:00Z,2022-07-31T09:00:00+02:00,1659250800000,,3.0,3.0,G,,corrected-archive-csv
162860,Luleå-Kallax Flygplats,21,Byvind,"max, 1 gång/tim",meter per sekund,2022-07-31T11:00:00Z,2022-07-31T13:00:00+02:00,1659265200000,,4.0,4.0,G,,corrected-archive-csv
162860,Luleå-Kallax Flygplats,21,Byvind,"max, 1 gång/tim",meter per sekund,2022-07-31T12:00:00Z,2022-07-31T14:00:00+02:00,1659268800000,,5.0,5.0,G,,corrected-archive-csv
162860,Luleå-Kallax Flygplats,21,Byvind,"max, 1 gång/tim",meter per sekund,2022-07-31T17:00:00Z,2022-07-31T19:00:00+02:00,1659286800000,,7.0,7.0,G,,corrected-archive-csv
162860,Luleå-Kallax Flygplats,21,Byvind,"max, 1 gång/tim",meter per sekund,2022-07-31T19:00:00Z,2022-07-31T21:00:00+02:00,1659294000000,,6.0,6.0,G,,corrected-archive-csv
162860,Luleå-Kallax Flygplats,21,Byvind,"max, 1 gång/tim",meter per sekund,2022-07-31T22:00:00Z,2022-08-01T00:00:00+02:00,1659304800000,,3.0,3.0,G,,corrected-archive-csv
162860,Luleå-Kallax Flygplats,21,Byvind,"max, 1 gång/tim",meter per sekund,2022-07-31T23:00:00Z,2022-08-01T01:00:00+02:00,1659308400000,,7.0,7.0,G,,corrected-archive-csv
162860,Luleå-Kallax Flygplats,21,Byvind,"max, 1 gång/tim",meter per sekund,2022-08-01T01:00:00Z,2022-08-01T03:00:00+02:00,1659315600000,,6.0,6.0,G,,corrected-archive-csv
162860,Luleå-Kallax Flygplats,21,Byvind,"max, 1 gång/tim",meter per sekund,2022-08-01T02:00:00Z,2022-08-01T04:00:00+02:00,1659319200000,,3.0,3.0,G,,corrected-archive-csv
162860,Luleå-Kallax Flygplats,21,Byvind,"max, 1 gång/tim",meter per sekund,2022-08-01T03:00:00Z,2022-08-01T05:00:00+02:00,1659322800000,,1.0,1.0,G,,corrected-archive-csv
162860,Luleå-Kallax Flygplats,21,Byvind,"max, 1 gång/tim",meter per sekund,2022-08-01T04:00:00Z,2022-08-01T06:00:00+02:00,1659326400000,,2.0,2.0,G,,corrected-archive-csv
162860,Luleå-Kallax Flygplats,21,Byvind,"max, 1 gång/tim",meter per sekund,2022-08-01T05:00:00Z,2022-08-01T07:00:00+02:00,1659330000000,,3.0,3.0,G,,corrected-archive-csv
162860,Luleå-Kallax Flygplats,21,Byvind,"max, 1 gång/tim",meter per sekund,2022-08-01T07:00:00Z,2022-08-01T09:00:00+02:00,1659337200000,,4.0,4.0,G,,corrected-archive-csv
162860,Luleå-Kallax Flygplats,21,Byvind,"max, 1 gång/tim",meter per sekund,2022-08-01T08:00:00Z,2022-08-01T10:00:00+02:00,1659340800000,,5.0,5.0,G,,corrected-archive-csv
162860,Luleå-Kallax Flygplats,21,Byvind,"max, 1 gång/tim",meter per sekund,2022-08-01T13:00:00Z,2022-08-01T15:00:00+02:00,1659358800000,,6.0,6.0,G,,corrected-archive-csv
162860,Luleå-Kallax Flygplats,21,Byvind,"max, 1 gång/tim",meter per sekund,2022-08-01T17:00:00Z,2022-08-01T19:00:00+02:00,1659373200000,,7.0,7.0,G,,corrected-archive-csv
162860,Luleå-Kallax Flygplats,21,Byvind,"max, 1 gång/tim",meter per sekund,2022-08-01T18:00:00Z,2022-08-01T20:00:00+02:00,1659376800000,,5.0,5.0,G,,corrected-archive-csv
162860,Luleå-Kallax Flygplats,21,Byvind,"max, 1 gång/tim",meter per sekund,2022-08-01T20:00:00Z,2022-08-01T22:00:00+02:00,1659384000000,,4.0,4.0,G,,corrected-archive-csv
162860,Luleå-Kallax Flygplats,21,Byvind,"max, 1 gång/tim",meter per sekund,2022-08-01T21:00:00Z,2022-08-01T23:00:00+02:00,1659387600000,,3.0,3.0,G,,corrected-archive-csv
162860,Luleå-Kallax Flygplats,21,Byvind,"max, 1 gång/tim",meter per sekund,2022-08-01T22:00:00Z,2022-08-02T00:00:00+02:00,1659391200000,,2.0,2.0,G,,corrected-archive-csv
162860,Luleå-Kallax Flygplats,21,Byvind,"max, 1 gång/tim",meter per sekund,2022-08-01T23:00:00Z,2022-08-02T01:00:00+02:00,1659394800000,,3.0,3.0,G,,corrected-archive-csv
162860,Luleå-Kallax Flygplats,21,Byvind,"max, 1 gång/tim",meter per sekund,2022-08-02T00:00:00Z,2022-08-02T02:00:00+02:00,1659398400000,,4.0,4.0,G,,corrected-archive-csv
162860,Luleå-Kallax Flygplats,21,Byvind,"max, 1 gång/tim",meter per sekund,2022-08-02T02:00:00Z,2022-08-02T04:00:00+02:00,1659405600000,,8.0,8.0,G,,corrected-archive-csv
162860,Luleå-Kallax Flygplats,21,Byvind,"max, 1 gång/tim",meter per sekund,2022-08-02T04:00:00Z,2022-08-02T06:00:00+02:00,1659412800000,,7.0,7.0,G,,corrected-archive-csv
162860,Luleå-Kallax Flygplats,21,Byvind,"max, 1 gång/tim",meter per sekund,2022-08-02T05:00:00Z,2022-08-02T07:00:00+02:00,1659416400000,,4.0,4.0,G,,corrected-archive-csv
162860,Luleå-Kallax Flygplats,21,Byvind,"max, 1 gång/tim",meter per sekund,2022-08-02T07:00:00Z,2022-08-02T09:00:00+02:00,1659423600000,,6.0,6.0,G,,corrected-archive-csv
162860,Luleå-Kallax Flygplats,21,Byvind,"max, 1 gång/tim",meter per sekund,2022-08-02T08:00:00Z,2022-08-02T10:00:00+02:00,1659427200000,,5.0,5.0,G,,corrected-archive-csv
162860,Luleå-Kallax Flygplats,21,Byvind,"max, 1 gång/tim",meter per sekund,2022-08-02T09:00:00Z,2022-08-02T11:00:00+02:00,1659430800000,,6.0,6.0,G,,corrected-archive-csv
162860,Luleå-Kallax Flygplats,21,Byvind,"max, 1 gång/tim",meter per sekund,2022-08-02T10:00:00Z,2022-08-02T12:00:00+02:00,1659434400000,,8.0,8.0,G,,corrected-archive-csv
162860,Luleå-Kallax Flygplats,21,Byvind,"max, 1 gång/tim",meter per sekund,2022-08-02T11:00:00Z,2022-08-02T13:00:00+02:00,1659438000000,,9.0,9.0,G,,corrected-archive-csv
162860,Luleå-Kallax Flygplats,21,Byvind,"max, 1 gång/tim",meter per sekund,2022-08-02T12:00:00Z,2022-08-02T14:00:00+02:00,1659441600000,,11.0,11.0,G,,corrected-archive-csv
162860,Luleå-Kallax Flygplats,21,Byvind,"max, 1 gång/tim",meter per sekund,2022-08-02T13:00:00Z,2022-08-02T15:00:00+02:00,1659445200000,,7.0,7.0,G,,corrected-archive-csv
162860,Luleå-Kallax Flygplats,21,Byvind,"max, 1 gång/tim",meter per sekund,2022-08-02T14:00:00Z,2022-08-02T16:00:00+02:00,1659448800000,,9.0,9.0,G,,corrected-archive-csv
162860,Luleå-Kallax Flygplats,21,Byvind,"max, 1 gång/tim",meter per sekund,2022-08-02T15:00:00Z,2022-08-02T17:00:00+02:00,1659452400000,,7.0,7.0,G,,corrected-archive-csv
162860,Luleå-Kallax Flygplats,21,Byvind,"max, 1 gång/tim",meter per sekund,2022-08-02T17:00:00Z,2022-08-02T19:00:00+02:00,1659459600000,,6.0,6.0,G,,corrected-archive-csv
162860,Luleå-Kallax Flygplats,21,Byvind,"max, 1 gång/tim",meter per sekund,2022-08-02T18:00:00Z,2022-08-02T20:00:00+02:00,1659463200000,,7.0,7.0,G,,corrected-archive-csv
162860,Luleå-Kallax Flygplats,21,Byvind,"max, 1 gång/tim",meter per sekund,2022-08-02T19:00:00Z,2022-08-02T21:00:00+02:00,1659466800000,,6.0,6.0,G,,corrected-archive-csv
162860,Luleå-Kallax Flygplats,21,Byvind,"max, 1 gång/tim",meter per sekund,2022-08-02T20:00:00Z,2022-08-02T22:00:00+02:00,1659470400000,,5.0,5.0,G,,corrected-archive-csv
162860,Luleå-Kallax Flygplats,21,Byvind,"max, 1 gång/tim",meter per sekund,2022-08-02T22:00:00Z,2022-08-03T00:00:00+02:00,1659477600000,,6.0,6.0,G,,corrected-archive-csv
162860,Luleå-Kallax Flygplats,21,Byvind,"max, 1 gång/tim",meter per sekund,2022-08-02T23:00:00Z,2022-08-03T01:00:00+02:00,1659481200000,,4.0,4.0,G,,corrected-archive-csv
162860,Luleå-Kallax Flygplats,21,Byvind,"max, 1 gång/tim",meter per sekund,2022-08-03T02:00:00Z,2022-08-03T04:00:00+02:00,1659492000000,,3.0,3.0,G,,corrected-archive-csv
162860,Luleå-Kallax Flygplats,21,Byvind,"max, 1 gång/tim",meter per sekund,2022-08-03T03:00:00Z,2022-08-03T05:00:00+02:00,1659495600000,,1.0,1.0,G,,corrected-archive-csv
162860,Luleå-Kallax Flygplats,21,Byvind,"max, 1 gång/tim",meter per sekund,2022-08-03T04:00:00Z,2022-08-03T06:00:00+02:00,1659499200000,,4.0,4.0,G,,corrected-archive-csv
162860,Luleå-Kallax Flygplats,21,Byvind,"max, 1 gång/tim",meter per sekund,2022-08-03T05:00:00Z,2022-08-03T07:00:00+02:00,1659502800000,,7.0,7.0,G,,corrected-archive-csv
162860,Luleå-Kallax Flygplats,21,Byvind,"max, 1 gång/tim",meter per sekund,2022-08-03T06:00:00Z,2022-08-03T08:00:00+02:00,1659506400000,,6.0,6.0,G,,corrected-archive-csv
162860,Luleå-Kallax Flygplats,21,Byvind,"max, 1 gång/tim",meter per sekund,2022-08-03T07:00:00Z,2022-08-03T09:00:00+02:00,1659510000000,,8.0,8.0,G,,corrected-archive-csv
162860,Luleå-Kallax Flygplats,21,Byvind,"max, 1 gång/tim",meter per sekund,2022-08-03T08:00:00Z,2022-08-03T10:00:00+02:00,1659513600000,,9.0,9.0,G,,corrected-archive-csv
162860,Luleå-Kallax Flygplats,21,Byvind,"max, 1 gång/tim",meter per sekund,2022-08-03T09:00:00Z,2022-08-03T11:00:00+02:00,1659517200000,,7.0,7.0,G,,corrected-archive-csv
162860,Luleå-Kallax Flygplats,21,Byvind,"max, 1 gång/tim",meter per sekund,2022-08-03T10:00:00Z,2022-08-03T12:00:00+02:00,1659520800000,,9.0,9.0,G,,corrected-archive-csv
162860,Luleå-Kallax Flygplats,21,Byvind,"max, 1 gång/tim",meter per sekund,2022-08-03T13:00:00Z,2022-08-03T15:00:00+02:00,1659531600000,,10.0,10.0,G,,corrected-archive-csv
162860,Luleå-Kallax Flygplats,21,Byvind,"max, 1 gång/tim",meter per sekund,2022-08-03T14:00:00Z,2022-08-03T16:00:00+02:00,1659535200000,,11.0,11.0,G,,corrected-archive-csv
162860,Luleå-Kallax Flygplats,21,Byvind,"max, 1 gång/tim",meter per sekund,2022-08-03T15:00:00Z,2022-08-03T17:00:00+02:00,1659538800000,,9.0,9.0,G,,corrected-archive-csv
162860,Luleå-Kallax Flygplats,21,Byvind,"max, 1 gång/tim",meter per sekund,2022-08-03T16:00:00Z,2022-08-03T18:00:00+02:00,1659542400000,,11.0,11.0,G,,corrected-archive-csv
162860,Luleå-Kallax Flygplats,21,Byvind,"max, 1 gång/tim",meter per sekund,2022-08-03T17:00:00Z,2022-08-03T19:00:00+02:00,1659546000000,,9.0,9.0,G,,corrected-archive-csv
162860,Luleå-Kallax Flygplats,21,Byvind,"max, 1 gång/tim",meter per sekund,2022-08-04T03:00:00Z,2022-08-04T05:00:00+02:00,1659582000000,,8.0,8.0,G,,corrected-archive-csv
162860,Luleå-Kallax Flygplats,21,Byvind,"max, 1 gång/tim",meter per sekund,2022-08-04T04:00:00Z,2022-08-04T06:00:00+02:00,1659585600000,,6.0,6.0,G,,corrected-archive-csv
162860,Luleå-Kallax Flygplats,21,Byvind,"max, 1 gång/tim",meter per sekund,2022-08-04T06:00:00Z,2022-08-04T08:00:00+02:00,1659592800000,,5.0,5.0,G,,corrected-archive-csv
162860,Luleå-Kallax Flygplats,21,Byvind,"max, 1 gång/tim",meter per sekund,2022-08-04T09:00:00Z,2022-08-04T11:00:00+02:00,1659603600000,,6.0,6.0,G,,corrected-archive-csv
162860,Luleå-Kallax Flygplats,21,Byvind,"max, 1 gång/tim",meter per sekund,2022-08-04T10:00:00Z,2022-08-04T12:00:00+02:00,1659607200000,,7.0,7.0,G,,corrected-archive-csv
162860,Luleå-Kallax Flygplats,21,Byvind,"max, 1 gång/tim",meter per sekund,2022-08-04T11:00:00Z,2022-08-04T13:00:00+02:00,1659610800000,,10.0,10.0,G,,corrected-archive-csv
162860,Luleå-Kallax Flygplats,21,Byvind,"max, 1 gång/tim",meter per sekund,2022-08-04T12:00:00Z,2022-08-04T14:00:00+02:00,1659614400000,,11.0,11.0,G,,corrected-archive-csv
162860,Luleå-Kallax Flygplats,21,Byvind,"max, 1 gång/tim",meter per sekund,2022-08-04T13:00:00Z,2022-08-04T15:00:00+02:00,1659618000000,,9.0,9.0,G,,corrected-archive-csv
162860,Luleå-Kallax Flygplats,21,Byvind,"max, 1 gång/tim",meter per sekund,2022-08-04T14:00:00Z,2022-08-04T16:00:00+02:00,1659621600000,,8.0,8.0,G,,corrected-archive-csv
162860,Luleå-Kallax Flygplats,21,Byvind,"max, 1 gång/tim",meter per sekund,2022-08-04T17:00:00Z,2022-08-04T19:00:00+02:00,1659632400000,,7.0,7.0,G,,corrected-archive-csv
162860,Luleå-Kallax Flygplats,21,Byvind,"max, 1 gång/tim",meter per sekund,2022-08-04T18:00:00Z,2022-08-04T20:00:00+02:00,1659636000000,,6.0,6.0,G,,corrected-archive-csv
162860,Luleå-Kallax Flygplats,21,Byvind,"max, 1 gång/tim",meter per sekund,2022-08-04T21:00:00Z,2022-08-04T23:00:00+02:00,1659646800000,,5.0,5.0,G,,corrected-archive-csv
162860,Luleå-Kallax Flygplats,21,Byvind,"max, 1 gång/tim",meter per sekund,2022-08-04T22:00:00Z,2022-08-05T00:00:00+02:00,1659650400000,,4.0,4.0,G,,corrected-archive-csv
162860,Luleå-Kallax Flygplats,21,Byvind,"max, 1 gång/tim",meter per sekund,2022-08-04T23:00:00Z,2022-08-05T01:00:00+02:00,1659654000000,,6.0,6.0,G,,corrected-archive-csv
162860,Luleå-Kallax Flygplats,21,Byvind,"max, 1 gång/tim",meter per sekund,2022-08-05T02:00:00Z,2022-08-05T04:00:00+02:00,1659664800000,,8.0,8.0,G,,corrected-archive-csv
162860,Luleå-Kallax Flygplats,21,Byvind,"max, 1 gång/tim",meter per sekund,2022-08-05T03:00:00Z,2022-08-05T05:00:00+02:00,1659668400000,,7.0,7.0,G,,corrected-archive-csv
162860,Luleå-Kallax Flygplats,21,Byvind,"max, 1 gång/tim",meter per sekund,2022-08-05T04:00:00Z,2022-08-05T06:00:00+02:00,1659672000000,,8.0,8.0,G,,corrected-archive-csv
162860,Luleå-Kallax Flygplats,21,Byvind,"max, 1 gång/tim",meter per sekund,2022-08-05T07:00:00Z,2022-08-05T09:00:00+02:00,1659682800000,,9.0,9.0,G,,corrected-archive-csv
162860,Luleå-Kallax Flygplats,21,Byvind,"max, 1 gång/tim",meter per sekund,2022-08-05T09:00:00Z,2022-08-05T11:00:00+02:00,1659690000000,,7.0,7.0,G,,corrected-archive-csv
162860,Luleå-Kallax Flygplats,21,Byvind,"max, 1 gång/tim",meter per sekund,2022-08-05T10:00:00Z,2022-08-05T12:00:00+02:00,1659693600000,,9.0,9.0,G,,corrected-archive-csv
162860,Luleå-Kallax Flygplats,21,Byvind,"max, 1 gång/tim",meter per sekund,2022-08-05T15:00:00Z,2022-08-05T17:00:00+02:00,1659711600000,,6.0,6.0,G,,corrected-archive-csv
162860,Luleå-Kallax Flygplats,21,Byvind,"max, 1 gång/tim",meter per sekund,2022-08-05T16:00:00Z,2022-08-05T18:00:00+02:00,1659715200000,,5.0,5.0,G,,corrected-archive-csv
162860,Luleå-Kallax Flygplats,21,Byvind,"max, 1 gång/tim",meter per sekund,2022-08-05T17:00:00Z,2022-08-05T19:00:00+02:00,1659718800000,,4.0,4.0,G,,corrected-archive-csv
162860,Luleå-Kallax Flygplats,21,Byvind,"max, 1 gång/tim",meter per sekund,2022-08-05T20:00:00Z,2022-08-05T22:00:00+02:00,1659729600000,,2.0,2.0,G,,corrected-archive-csv
162860,Luleå-Kallax Flygplats,21,Byvind,"max, 1 gång/tim",meter per sekund,2022-08-05T23:00:00Z,2022-08-06T01:00:00+02:00,1659740400000,,3.0,3.0,G,,corrected-archive-csv
162860,Luleå-Kallax Flygplats,21,Byvind,"max, 1 gång/tim",meter per sekund,2022-08-06T00:00:00Z,2022-08-06T02:00:00+02:00,1659744000000,,4.0,4.0,G,,corrected-archive-csv
162860,Luleå-Kallax Flygplats,21,Byvind,"max, 1 gång/tim",meter per sekund,2022-08-06T02:00:00Z,2022-08-06T04:00:00+02:00,1659751200000,,3.0,3.0,G,,corrected-archive-csv
162860,Luleå-Kallax Flygplats,21,Byvind,"max, 1 gång/tim",meter per sekund,2022-08-06T04:00:00Z,2022-08-06T06:00:00+02:00,1659758400000,,4.0,4.0,G,,corrected-archive-csv
162860,Luleå-Kallax Flygplats,21,Byvind,"max, 1 gång/tim",meter per sekund,2022-08-06T08:00:00Z,2022-08-06T10:00:00+02:00,1659772800000,,5.0,5.0,G,,corrected-archive-csv
162860,Luleå-Kallax Flygplats,21,Byvind,"max, 1 gång/tim",meter per sekund,2022-08-06T11:00:00Z,2022-08-06T13:00:00+02:00,1659783600000,,4.0,4.0,G,,corrected-archive-csv
162860,Luleå-Kallax Flygplats,21,Byvind,"max, 1 gång/tim",meter per sekund,2022-08-06T12:00:00Z,2022-08-06T14:00:00+02:00,1659787200000,,5.0,5.0,G,,corrected-archive-csv
162860,Luleå-Kallax Flygplats,21,Byvind,"max, 1 gång/tim",meter per sekund,2022-08-06T13:00:00Z,2022-08-06T15:00:00+02:00,1659790800000,,6.0,6.0,G,,corrected-archive-csv
162860,Luleå-Kallax Flygplats,21,Byvind,"max, 1 gång/tim",meter per sekund,2022-08-06T16:00:00Z,2022-08-06T18:00:00+02:00,1659801600000,,10.0,10.0,G,,corrected-archive-csv
162860,Luleå-Kallax Flygplats,21,Byvind,"max, 1 gång/tim",meter per sekund,2022-08-06T18:00:00Z,2022-08-06T20:00:00+02:00,1659808800000,,11.0,11.0,G,,corrected-archive-csv
162860,Luleå-Kallax Flygplats,21,Byvind,"max, 1 gång/tim",meter per sekund,2022-08-06T19:00:00Z,2022-08-06T21:00:00+02:00,1659812400000,,9.0,9.0,G,,corrected-archive-csv
162860,Luleå-Kallax Flygplats,21,Byvind,"max, 1 gång/tim",meter per sekund,2022-08-06T20:00:00Z,2022-08-06T22:00:00+02:00,1659816000000,,7.0,7.0,G,,corrected-archive-csv
162860,Luleå-Kallax Flygplats,21,Byvind,"max, 1 gång/tim",meter per sekund,2022-08-06T21:00:00Z,2022-08-06T23:00:00+02:00,1659819600000,,6.0,6.0,G,,corrected-archive-csv
162860,Luleå-Kallax Flygplats,21,Byvind,"max, 1 gång/tim",meter per sekund,2022-08-06T22:00:00Z,2022-08-07T00:00:00+02:00,1659823200000,,7.0,7.0,G,,corrected-archive-csv
162860,Luleå-Kallax Flygplats,21,Byvind,"max, 1 gång/tim",meter per sekund,2022-08-07T00:00:00Z,2022-08-07T02:00:00+02:00,1659830400000,,8.0,8.0,G,,corrected-archive-csv
162860,Luleå-Kallax Flygplats,21,Byvind,"max, 1 gång/tim",meter per sekund,2022-08-07T01:00:00Z,2022-08-07T03:00:00+02:00,1659834000000,,9.0,9.0,G,,corrected-archive-csv
162860,Luleå-Kallax Flygplats,21,Byvind,"max, 1 gång/tim",meter per sekund,2022-08-07T05:00:00Z,2022-08-07T07:00:00+02:00,1659848400000,,10.0,10.0,G,,corrected-archive-csv
162860,Luleå-Kallax Flygplats,21,Byvind,"max, 1 gång/tim",meter per sekund,2022-08-07T06:00:00Z,2022-08-07T08:00:00+02:00,1659852000000,,8.0,8.0,G,,corrected-archive-csv
162860,Luleå-Kallax Flygplats,21,Byvind,"max, 1 gång/tim",meter per sekund,2022-08-07T07:00:00Z,2022-08-07T09:00:00+02:00,1659855600000,,9.0,9.0,G,,corrected-archive-csv
162860,Luleå-Kallax Flygplats,21,Byvind,"max, 1 gång/tim",meter per sekund,2022-08-07T11:00:00Z,2022-08-07T13:00:00+02:00,1659870000000,,8.0,8.0,G,,corrected-archive-csv
162860,Luleå-Kallax Flygplats,21,Byvind,"max, 1 gång/tim",meter per sekund,2022-08-07T13:00:00Z,2022-08-07T15:00:00+02:00,1659877200000,,9.0,9.0,G,,corrected-archive-csv
162860,Luleå-Kallax Flygplats,21,Byvind,"max, 1 gång/tim",meter per sekund,2022-08-07T15:00:00Z,2022-08-07T17:00:00+02:00,1659884400000,,10.0,10.0,G,,corrected-archive-csv
162860,Luleå-Kallax Flygplats,21,Byvind,"max, 1 gång/tim",meter per sekund,2022-08-07T16:00:00Z,2022-08-07T18:00:00+02:00,1659888000000,,12.0,12.0,G,,corrected-archive-csv
162860,Luleå-Kallax Flygplats,21,Byvind,"max, 1 gång/tim",meter per sekund,2022-08-07T18:00:00Z,2022-08-07T20:00:00+02:00,1659895200000,,8.0,8.0,G,,corrected-archive-csv
162860,Luleå-Kallax Flygplats,21,Byvind,"max, 1 gång/tim",meter per sekund,2022-08-07T19:00:00Z,2022-08-07T21:00:00+02:00,1659898800000,,6.0,6.0,G,,corrected-archive-csv
162860,Luleå-Kallax Flygplats,21,Byvind,"max, 1 gång/tim",meter per sekund,2022-08-07T21:00:00Z,2022-08-07T23:00:00+02:00,1659906000000,,5.0,5.0,G,,corrected-archive-csv
162860,Luleå-Kallax Flygplats,21,Byvind,"max, 1 gång/tim",meter per sekund,2022-08-07T23:00:00Z,2022-08-08T01:00:00+02:00,1659913200000,,6.0,6.0,G,,corrected-archive-csv
162860,Luleå-Kallax Flygplats,21,Byvind,"max, 1 gång/tim",meter per sekund,2022-08-08T00:00:00Z,2022-08-08T02:00:00+02:00,1659916800000,,4.0,4.0,G,,corrected-archive-csv
162860,Luleå-Kallax Flygplats,21,Byvind,"max, 1 gång/tim",meter per sekund,2022-08-08T02:00:00Z,2022-08-08T04:00:00+02:00,1659924000000,,3.0,3.0,G,,corrected-archive-csv
162860,Luleå-Kallax Flygplats,21,Byvind,"max, 1 gång/tim",meter per sekund,2022-08-08T03:00:00Z,2022-08-08T05:00:00+02:00,1659927600000,,5.0,5.0,G,,corrected-archive-csv
162860,Luleå-Kallax Flygplats,21,Byvind,"max, 1 gång/tim",meter per sekund,2022-08-08T05:00:00Z,2022-08-08T07:00:00+02:00,1659934800000,,6.0,6.0,G,,corrected-archive-csv
162860,Luleå-Kallax Flygplats,21,Byvind,"max, 1 gång/tim",meter per sekund,2022-08-08T09:00:00Z,2022-08-08T11:00:00+02:00,1659949200000,,5.0,5.0,G,,corrected-archive-csv
162860,Luleå-Kallax Flygplats,21,Byvind,"max, 1 gång/tim",meter per sekund,2022-08-08T10:00:00Z,2022-08-08T12:00:00+02:00,1659952800000,,4.0,4.0,G,,corrected-archive-csv
162860,Luleå-Kallax Flygplats,21,Byvind,"max, 1 gång/tim",meter per sekund,2022-08-08T12:00:00Z,2022-08-08T14:00:00+02:00,1659960000000,,6.0,6.0,G,,corrected-archive-csv
162860,Luleå-Kallax Flygplats,21,Byvind,"max, 1 gång/tim",meter per sekund,2022-08-08T13:00:00Z,2022-08-08T15:00:00+02:00,1659963600000,,5.0,5.0,G,,corrected-archive-csv
162860,Luleå-Kallax Flygplats,21,Byvind,"max, 1 gång/tim",meter per sekund,2022-08-08T14:00:00Z,2022-08-08T16:00:00+02:00,1659967200000,,6.0,6.0,G,,corrected-archive-csv
162860,Luleå-Kallax Flygplats,21,Byvind,"max, 1 gång/tim",meter per sekund,2022-08-08T18:00:00Z,2022-08-08T20:00:00+02:00,1659981600000,,4.0,4.0,G,,corrected-archive-csv
162860,Luleå-Kallax Flygplats,21,Byvind,"max, 1 gång/tim",meter per sekund,2022-08-08T23:00:00Z,2022-08-09T01:00:00+02:00,1659999600000,,3.0,3.0,G,,corrected-archive-csv
162860,Luleå-Kallax Flygplats,21,Byvind,"max, 1 gång/tim",meter per sekund,2022-08-09T00:00:00Z,2022-08-09T02:00:00+02:00,1660003200000,,4.0,4.0,G,,corrected-archive-csv
162860,Luleå-Kallax Flygplats,21,Byvind,"max, 1 gång/tim",meter per sekund,2022-08-09T05:00:00Z,2022-08-09T07:00:00+02:00,1660021200000,,6.0,6.0,G,,corrected-archive-csv
162860,Luleå-Kallax Flygplats,21,Byvind,"max, 1 gång/tim",meter per sekund,2022-08-09T09:00:00Z,2022-08-09T11:00:00+02:00,1660035600000,,7.0,7.0,G,,corrected-archive-csv
162860,Luleå-Kallax Flygplats,21,Byvind,"max, 1 gång/tim",meter per sekund,2022-08-09T11:00:00Z,2022-08-09T13:00:00+02:00,1660042800000,,8.0,8.0,G,,corrected-archive-csv
162860,Luleå-Kallax Flygplats,21,Byvind,"max, 1 gång/tim",meter per sekund,2022-08-09T12:00:00Z,2022-08-09T14:00:00+02:00,1660046400000,,9.0,9.0,G,,corrected-archive-csv
162860,Luleå-Kallax Flygplats,21,Byvind,"max, 1 gång/tim",meter per sekund,2022-08-09T13:00:00Z,2022-08-09T15:00:00+02:00,1660050000000,,10.0,10.0,G,,corrected-archive-csv
162860,Luleå-Kallax Flygplats,21,Byvind,"max, 1 gång/tim",meter per sekund,2022-08-09T14:00:00Z,2022-08-09T16:00:00+02:00,1660053600000,,8.0,8.0,G,,corrected-archive-csv
162860,Luleå-Kallax Flygplats,21,Byvind,"max, 1 gång/tim",meter per sekund,2022-08-09T15:00:00Z,2022-08-09T17:00:00+02:00,1660057200000,,7.0,7.0,G,,corrected-archive-csv
162860,Luleå-Kallax Flygplats,21,Byvind,"max, 1 gång/tim",meter per sekund,2022-08-09T16:00:00Z,2022-08-09T18:00:00+02:00,1660060800000,,6.0,6.0,G,,corrected-archive-csv
162860,Luleå-Kallax Flygplats,21,Byvind,"max, 1 gång/tim",meter per sekund,2022-08-09T17:00:00Z,2022-08-09T19:00:00+02:00,1660064400000,,4.0,4.0,G,,corrected-archive-csv
162860,Luleå-Kallax Flygplats,21,Byvind,"max, 1 gång/tim",meter per sekund,2022-08-09T21:00:00Z,2022-08-09T23:00:00+02:00,1660078800000,,2.0,2.0,G,,corrected-archive-csv
162860,Luleå-Kallax Flygplats,21,Byvind,"max, 1 gång/tim",meter per sekund,2022-08-09T23:00:00Z,2022-08-10T01:00:00+02:00,1660086000000,,3.0,3.0,G,,corrected-archive-csv
162860,Luleå-Kallax Flygplats,21,Byvind,"max, 1 gång/tim",meter per sekund,2022-08-10T01:00:00Z,2022-08-10T03:00:00+02:00,1660093200000,,4.0,4.0,G,,corrected-archive-csv
162860,Luleå-Kallax Flygplats,21,Byvind,"max, 1 gång/tim",meter per sekund,2022-08-10T02:00:00Z,2022-08-10T04:00:00+02:00,1660096800000,,5.0,5.0,G,,corrected-archive-csv
162860,Luleå-Kallax Flygplats,21,Byvind,"max, 1 gång/tim",meter per sekund,2022-08-10T04:00:00Z,2022-08-10T06:00:00+02:00,1660104000000,,6.0,6.0,G,,corrected-archive-csv
162860,Luleå-Kallax Flygplats,21,Byvind,"max, 1 gång/tim",meter per sekund,2022-08-10T09:00:00Z,2022-08-10T11:00:00+02:00,1660122000000,,7.0,7.0,G,,corrected-archive-csv
162860,Luleå-Kallax Flygplats,21,Byvind,"max, 1 gång/tim",meter per sekund,2022-08-10T10:00:00Z,2022-08-10T12:00:00+02:00,1660125600000,,8.0,8.0,G,,corrected-archive-csv
162860,Luleå-Kallax Flygplats,21,Byvind,"max, 1 gång/tim",meter per sekund,2022-08-10T11:00:00Z,2022-08-10T13:00:00+02:00,1660129200000,,9.0,9.0,G,,corrected-archive-csv
162860,Luleå-Kallax Flygplats,21,Byvind,"max, 1 gång/tim",meter per sekund,2022-08-10T12:00:00Z,2022-08-10T14:00:00+02:00,1660132800000,,9.0,9.0,Y,,corrected-archive-csv
162860,Luleå-Kallax Flygplats,21,Byvind,"max, 1 gång/tim",meter per sekund,2022-08-10T13:00:00Z,2022-08-10T15:00:00+02:00,1660136400000,,8.0,8.0,Y,,corrected-archive-csv
162860,Luleå-Kallax Flygplats,21,Byvind,"max, 1 gång/tim",meter per sekund,2022-08-10T14:00:00Z,2022-08-10T16:00:00+02:00,1660140000000,,9.0,9.0,Y,,corrected-archive-csv
162860,Luleå-Kallax Flygplats,21,Byvind,"max, 1 gång/tim",meter per sekund,2022-08-10T17:00:00Z,2022-08-10T19:00:00+02:00,1660150800000,,7.0,7.0,G,,corrected-archive-csv
162860,Luleå-Kallax Flygplats,21,Byvind,"max, 1 gång/tim",meter per sekund,2022-08-10T20:00:00Z,2022-08-10T22:00:00+02:00,1660161600000,,9.0,9.0,G,,corrected-archive-csv
162860,Luleå-Kallax Flygplats,21,Byvind,"max, 1 gång/tim",meter per sekund,2022-08-10T21:00:00Z,2022-08-10T23:00:00+02:00,1660165200000,,10.0,10.0,G,,corrected-archive-csv
162860,Luleå-Kallax Flygplats,21,Byvind,"max, 1 gång/tim",meter per sekund,2022-08-10T22:00:00Z,2022-08-11T00:00:00+02:00,1660168800000,,11.0,11.0,G,,corrected-archive-csv
162860,Luleå-Kallax Flygplats,21,Byvind,"max, 1 gång/tim",meter per sekund,2022-08-11T00:00:00Z,2022-08-11T02:00:00+02:00,1660176000000,,9.0,9.0,G,,corrected-archive-csv
162860,Luleå-Kallax Flygplats,21,Byvind,"max, 1 gång/tim",meter per sekund,2022-08-11T03:00:00Z,2022-08-11T05:00:00+02:00,1660186800000,,5.0,5.0,G,,corrected-archive-csv
162860,Luleå-Kallax Flygplats,21,Byvind,"max, 1 gång/tim",meter per sekund,2022-08-11T05:00:00Z,2022-08-11T07:00:00+02:00,1660194000000,,4.0,4.0,G,,corrected-archive-csv
162860,Luleå-Kallax Flygplats,21,Byvind,"max, 1 gång/tim",meter per sekund,2022-08-11T06:00:00Z,2022-08-11T08:00:00+02:00,1660197600000,,5.0,5.0,G,,corrected-archive-csv
162860,Luleå-Kallax Flygplats,21,Byvind,"max, 1 gång/tim",meter per sekund,2022-08-11T07:00:00Z,2022-08-11T09:00:00+02:00,1660201200000,,6.0,6.0,G,,corrected-archive-csv
162860,Luleå-Kallax Flygplats,21,Byvind,"max, 1 gång/tim",meter per sekund,2022-08-11T08:00:00Z,2022-08-11T10:00:00+02:00,1660204800000,,10.0,10.0,G,,corrected-archive-csv
162860,Luleå-Kallax Flygplats,21,Byvind,"max, 1 gång/tim",meter per sekund,2022-08-11T10:00:00Z,2022-08-11T12:00:00+02:00,1660212000000,,14.0,14.0,G,,corrected-archive-csv
162860,Luleå-Kallax Flygplats,21,Byvind,"max, 1 gång/tim",meter per sekund,2022-08-11T14:00:00Z,2022-08-11T16:00:00+02:00,1660226400000,,13.0,13.0,G,,corrected-archive-csv
162860,Luleå-Kallax Flygplats,21,Byvind,"max, 1 gång/tim",meter per sekund,2022-08-11T15:00:00Z,2022-08-11T17:00:00+02:00,1660230000000,,14.0,14.0,G,,corrected-archive-csv
162860,Luleå-Kallax Flygplats,21,Byvind,"max, 1 gång/tim",meter per sekund,2022-08-11T16:00:00Z,2022-08-11T18:00:00+02:00,1660233600000,,13.0,13.0,G,,corrected-archive-csv
162860,Luleå-Kallax Flygplats,21,Byvind,"max, 1 gång/tim",meter per sekund,2022-08-11T17:00:00Z,2022-08-11T19:00:00+02:00,1660237200000,,14.0,14.0,G,,corrected-archive-csv
162860,Luleå-Kallax Flygplats,21,Byvind,"max, 1 gång/tim",meter per sekund,2022-08-11T18:00:00Z,2022-08-11T20:00:00+02:00,1660240800000,,10.0,10.0,G,,corrected-archive-csv
162860,Luleå-Kallax Flygplats,21,Byvind,"max, 1 gång/tim",meter per sekund,2022-08-11T19:00:00Z,2022-08-11T21:00:00+02:00,1660244400000,,8.0,8.0,G,,corrected-archive-csv
162860,Luleå-Kallax Flygplats,21,Byvind,"max, 1 gång/tim",meter per sekund,2022-08-11T20:00:00Z,2022-08-11T22:00:00+02:00,1660248000000,,10.0,10.0,G,,corrected-archive-csv
162860,Luleå-Kallax Flygplats,21,Byvind,"max, 1 gång/tim",meter per sekund,2022-08-11T21:00:00Z,2022-08-11T23:00:00+02:00,1660251600000,,7.0,7.0,G,,corrected-archive-csv
162860,Luleå-Kallax Flygplats,21,Byvind,"max, 1 gång/tim",meter per sekund,2022-08-11T22:00:00Z,2022-08-12T00:00:00+02:00,1660255200000,,9.0,9.0,G,,corrected-archive-csv
162860,Luleå-Kallax Flygplats,21,Byvind,"max, 1 gång/tim",meter per sekund,2022-08-11T23:00:00Z,2022-08-12T01:00:00+02:00,1660258800000,,7.0,7.0,G,,corrected-archive-csv
162860,Luleå-Kallax Flygplats,21,Byvind,"max, 1 gång/tim",meter per sekund,2022-08-12T00:00:00Z,2022-08-12T02:00:00+02:00,1660262400000,,6.0,6.0,G,,corrected-archive-csv
162860,Luleå-Kallax Flygplats,21,Byvind,"max, 1 gång/tim",meter per sekund,2022-08-12T03:00:00Z,2022-08-12T05:00:00+02:00,1660273200000,,7.0,7.0,G,,corrected-archive-csv
162860,Luleå-Kallax Flygplats,21,Byvind,"max, 1 gång/tim",meter per sekund,2022-08-12T04:00:00Z,2022-08-12T06:00:00+02:00,1660276800000,,9.0,9.0,G,,corrected-archive-csv
162860,Luleå-Kallax Flygplats,21,Byvind,"max, 1 gång/tim",meter per sekund,2022-08-12T05:00:00Z,2022-08-12T07:00:00+02:00,1660280400000,,10.0,10.0,G,,corrected-archive-csv
162860,Luleå-Kallax Flygplats,21,Byvind,"max, 1 gång/tim",meter per sekund,2022-08-12T07:00:00Z,2022-08-12T09:00:00+02:00,1660287600000,,12.0,12.0,G,,corrected-archive-csv
162860,Luleå-Kallax Flygplats,21,Byvind,"max, 1 gång/tim",meter per sekund,2022-08-12T08:00:00Z,2022-08-12T10:00:00+02:00,1660291200000,,11.0,11.0,G,,corrected-archive-csv
162860,Luleå-Kallax Flygplats,21,Byvind,"max, 1 gång/tim",meter per sekund,2022-08-12T09:00:00Z,2022-08-12T11:00:00+02:00,1660294800000,,12.0,12.0,G,,corrected-archive-csv
162860,Luleå-Kallax Flygplats,21,Byvind,"max, 1 gång/tim",meter per sekund,2022-08-12T10:00:00Z,2022-08-12T12:00:00+02:00,1660298400000,,11.0,11.0,G,,corrected-archive-csv
162860,Luleå-Kallax Flygplats,21,Byvind,"max, 1 gång/tim",meter per sekund,2022-08-12T11:00:00Z,2022-08-12T13:00:00+02:00,1660302000000,,13.0,13.0,G,,corrected-archive-csv
162860,Luleå-Kallax Flygplats,21,Byvind,"max, 1 gång/tim",meter per sekund,2022-08-12T12:00:00Z,2022-08-12T14:00:00+02:00,1660305600000,,12.0,12.0,G,,corrected-archive-csv
162860,Luleå-Kallax Flygplats,21,Byvind,"max, 1 gång/tim",meter per sekund,2022-08-12T14:00:00Z,2022-08-12T16:00:00+02:00,1660312800000,,11.0,11.0,G,,corrected-archive-csv
162860,Luleå-Kallax Flygplats,21,Byvind,"max, 1 gång/tim",meter per sekund,2022-08-12T15:00:00Z,2022-08-12T17:00:00+02:00,1660316400000,,12.0,12.0,G,,corrected-archive-csv
162860,Luleå-Kallax Flygplats,21,Byvind,"max, 1 gång/tim",meter per sekund,2022-08-12T16:00:00Z,2022-08-12T18:00:00+02:00,1660320000000,,10.0,10.0,G,,corrected-archive-csv
162860,Luleå-Kallax Flygplats,21,Byvind,"max, 1 gång/tim",meter per sekund,2022-08-12T18:00:00Z,2022-08-12T20:00:00+02:00,1660327200000,,9.0,9.0,G,,corrected-archive-csv
162860,Luleå-Kallax Flygplats,21,Byvind,"max, 1 gång/tim",meter per sekund,2022-08-12T19:00:00Z,2022-08-12T21:00:00+02:00,1660330800000,,7.0,7.0,G,,corrected-archive-csv
162860,Luleå-Kallax Flygplats,21,Byvind,"max, 1 gång/tim",meter per sekund,2022-08-12T20:00:00Z,2022-08-12T22:00:00+02:00,1660334400000,,6.0,6.0,G,,corrected-archive-csv
162860,Luleå-Kallax Flygplats,21,Byvind,"max, 1 gång/tim",meter per sekund,2022-08-12T21:00:00Z,2022-08-12T23:00:00+02:00,1660338000000,,5.0,5.0,G,,corrected-archive-csv
162860,Luleå-Kallax Flygplats,21,Byvind,"max, 1 gång/tim",meter per sekund,2022-08-12T22:00:00Z,2022-08-13T00:00:00+02:00,1660341600000,,3.0,3.0,G,,corrected-archive-csv
162860,Luleå-Kallax Flygplats,21,Byvind,"max, 1 gång/tim",meter per sekund,2022-08-12T23:00:00Z,2022-08-13T01:00:00+02:00,1660345200000,,2.0,2.0,G,,corrected-archive-csv
162860,Luleå-Kallax Flygplats,21,Byvind,"max, 1 gång/tim",meter per sekund,2022-08-13T01:00:00Z,2022-08-13T03:00:00+02:00,1660352400000,,3.0,3.0,G,,corrected-archive-csv
162860,Luleå-Kallax Flygplats,21,Byvind,"max, 1 gång/tim",meter per sekund,2022-08-13T02:00:00Z,2022-08-13T04:00:00+02:00,1660356000000,,2.0,2.0,G,,corrected-archive-csv
162860,Luleå-Kallax Flygplats,21,Byvind,"max, 1 gång/tim",meter per sekund,2022-08-13T03:00:00Z,2022-08-13T05:00:00+02:00,1660359600000,,1.0,1.0,G,,corrected-archive-csv
162860,Luleå-Kallax Flygplats,21,Byvind,"max, 1 gång/tim",meter per sekund,2022-08-13T04:00:00Z,2022-08-13T06:00:00+02:00,1660363200000,,2.0,2.0,G,,corrected-archive-csv
162860,Luleå-Kallax Flygplats,21,Byvind,"max, 1 gång/tim",meter per sekund,2022-08-13T06:00:00Z,2022-08-13T08:00:00+02:00,1660370400000,,3.0,3.0,G,,corrected-archive-csv
162860,Luleå-Kallax Flygplats,21,Byvind,"max, 1 gång/tim",meter per sekund,2022-08-13T08:00:00Z,2022-08-13T10:00:00+02:00,1660377600000,,4.0,4.0,G,,corrected-archive-csv
162860,Luleå-Kallax Flygplats,21,Byvind,"max, 1 gång/tim",meter per sekund,2022-08-13T09:00:00Z,2022-08-13T11:00:00+02:00,1660381200000,,6.0,6.0,G,,corrected-archive-csv
162860,Luleå-Kallax Flygplats,21,Byvind,"max, 1 gång/tim",meter per sekund,2022-08-13T10:00:00Z,2022-08-13T12:00:00+02:00,1660384800000,,7.0,7.0,G,,corrected-archive-csv
162860,Luleå-Kallax Flygplats,21,Byvind,"max, 1 gång/tim",meter per sekund,2022-08-13T11:00:00Z,2022-08-13T13:00:00+02:00,1660388400000,,9.0,9.0,G,,corrected-archive-csv
162860,Luleå-Kallax Flygplats,21,Byvind,"max, 1 gång/tim",meter per sekund,2022-08-13T12:00:00Z,2022-08-13T14:00:00+02:00,1660392000000,,10.0,10.0,G,,corrected-archive-csv
162860,Luleå-Kallax Flygplats,21,Byvind,"max, 1 gång/tim",meter per sekund,2022-08-13T13:00:00Z,2022-08-13T15:00:00+02:00,1660395600000,,8.0,8.0,G,,corrected-archive-csv
162860,Luleå-Kallax Flygplats,21,Byvind,"max, 1 gång/tim",meter per sekund,2022-08-13T14:00:00Z,2022-08-13T16:00:00+02:00,1660399200000,,7.0,7.0,G,,corrected-archive-csv
162860,Luleå-Kallax Flygplats,21,Byvind,"max, 1 gång/tim",meter per sekund,2022-08-13T15:00:00Z,2022-08-13T17:00:00+02:00,1660402800000,,8.0,8.0,G,,corrected-archive-csv
162860,Luleå-Kallax Flygplats,21,Byvind,"max, 1 gång/tim",meter per sekund,2022-08-13T16:00:00Z,2022-08-13T18:00:00+02:00,1660406400000,,9.0,9.0,G,,corrected-archive-csv
162860,Luleå-Kallax Flygplats,21,Byvind,"max, 1 gång/tim",meter per sekund,2022-08-13T17:00:00Z,2022-08-13T19:00:00+02:00,1660410000000,,8.0,8.0,G,,corrected-archive-csv
162860,Luleå-Kallax Flygplats,21,Byvind,"max, 1 gång/tim",meter per sekund,2022-08-13T18:00:00Z,2022-08-13T20:00:00+02:00,1660413600000,,9.0,9.0,G,,corrected-archive-csv
162860,Luleå-Kallax Flygplats,21,Byvind,"max, 1 gång/tim",meter per sekund,2022-08-13T19:00:00Z,2022-08-13T21:00:00+02:00,1660417200000,,7.0,7.0,G,,corrected-archive-csv
162860,Luleå-Kallax Flygplats,21,Byvind,"max, 1 gång/tim",meter per sekund,2022-08-13T21:00:00Z,2022-08-13T23:00:00+02:00,1660424400000,,5.0,5.0,G,,corrected-archive-csv
162860,Luleå-Kallax Flygplats,21,Byvind,"max, 1 gång/tim",meter per sekund,2022-08-13T22:00:00Z,2022-08-14T00:00:00+02:00,1660428000000,,4.0,4.0,G,,corrected-archive-csv
162860,Luleå-Kallax Flygplats,21,Byvind,"max, 1 gång/tim",meter per sekund,2022-08-14T00:00:00Z,2022-08-14T02:00:00+02:00,1660435200000,,2.0,2.0,G,,corrected-archive-csv
162860,Luleå-Kallax Flygplats,21,Byvind,"max, 1 gång/tim",meter per sekund,2022-08-14T01:00:00Z,2022-08-14T03:00:00+02:00,1660438800000,,1.0,1.0,G,,corrected-archive-csv
162860,Luleå-Kallax Flygplats,21,Byvind,"max, 1 gång/tim",meter per sekund,2022-08-14T02:00:00Z,2022-08-14T04:00:00+02:00,1660442400000,,2.0,2.0,G,,corrected-archive-csv
162860,Luleå-Kallax Flygplats,21,Byvind,"max, 1 gång/tim",meter per sekund,2022-08-14T05:00:00Z,2022-08-14T07:00:00+02:00,1660453200000,,5.0,5.0,G,,corrected-archive-csv
162860,Luleå-Kallax Flygplats,21,Byvind,"max, 1 gång/tim",meter per sekund,2022-08-14T06:00:00Z,2022-08-14T08:00:00+02:00,1660456800000,,6.0,6.0,G,,corrected-archive-csv
162860,Luleå-Kallax Flygplats,21,Byvind,"max, 1 gång/tim",meter per sekund,2022-08-14T08:00:00Z,2022-08-14T10:00:00+02:00,1660464000000,,5.0,5.0,G,,corrected-archive-csv
162860,Luleå-Kallax Flygplats,21,Byvind,"max, 1 gång/tim",meter per sekund,2022-08-14T11:00:00Z,2022-08-14T13:00:00+02:00,1660474800000,,6.0,6.0,G,,corrected-archive-csv
162860,Luleå-Kallax Flygplats,21,Byvind,"max, 1 gång/tim",meter per sekund,2022-08-14T13:00:00Z,2022-08-14T15:00:00+02:00,1660482000000,,7.0,7.0,G,,corrected-archive-csv
162860,Luleå-Kallax Flygplats,21,Byvind,"max, 1 gång/tim",meter per sekund,2022-08-14T15:00:00Z,2022-08-14T17:00:00+02:00,1660489200000,,6.0,6.0,G,,corrected-archive-csv
162860,Luleå-Kallax Flygplats,21,Byvind,"max, 1 gång/tim",meter per sekund,2022-08-14T16:00:00Z,2022-08-14T18:00:00+02:00,1660492800000,,5.0,5.0,G,,corrected-archive-csv
162860,Luleå-Kallax Flygplats,21,Byvind,"max, 1 gång/tim",meter per sekund,2022-08-14T18:00:00Z,2022-08-14T20:00:00+02:00,1660500000000,,6.0,6.0,G,,corrected-archive-csv
162860,Luleå-Kallax Flygplats,21,Byvind,"max, 1 gång/tim",meter per sekund,2022-08-14T19:00:00Z,2022-08-14T21:00:00+02:00,1660503600000,,2.0,2.0,G,,corrected-archive-csv
162860,Luleå-Kallax Flygplats,21,Byvind,"max, 1 gång/tim",meter per sekund,2022-08-14T20:00:00Z,2022-08-14T22:00:00+02:00,1660507200000,,3.0,3.0,G,,corrected-archive-csv
162860,Luleå-Kallax Flygplats,21,Byvind,"max, 1 gång/tim",meter per sekund,2022-08-14T21:00:00Z,2022-08-14T23:00:00+02:00,1660510800000,,2.0,2.0,G,,corrected-archive-csv
162860,Luleå-Kallax Flygplats,21,Byvind,"max, 1 gång/tim",meter per sekund,2022-08-14T22:00:00Z,2022-08-15T00:00:00+02:00,1660514400000,,1.0,1.0,G,,corrected-archive-csv
162860,Luleå-Kallax Flygplats,21,Byvind,"max, 1 gång/tim",meter per sekund,2022-08-15T03:00:00Z,2022-08-15T05:00:00+02:00,1660532400000,,2.0,2.0,G,,corrected-archive-csv
162860,Luleå-Kallax Flygplats,21,Byvind,"max, 1 gång/tim",meter per sekund,2022-08-15T06:00:00Z,2022-08-15T08:00:00+02:00,1660543200000,,4.0,4.0,G,,corrected-archive-csv
162860,Luleå-Kallax Flygplats,21,Byvind,"max, 1 gång/tim",meter per sekund,2022-08-15T10:00:00Z,2022-08-15T12:00:00+02:00,1660557600000,,3.0,3.0,G,,corrected-archive-csv
162860,Luleå-Kallax Flygplats,21,Byvind,"max, 1 gång/tim",meter per sekund,2022-08-15T11:00:00Z,2022-08-15T13:00:00+02:00,1660561200000,,4.0,4.0,G,,corrected-archive-csv
162860,Luleå-Kallax Flygplats,21,Byvind,"max, 1 gång/tim",meter per sekund,2022-08-15T13:00:00Z,2022-08-15T15:00:00+02:00,1660568400000,,5.0,5.0,G,,corrected-archive-csv
162860,Luleå-Kallax Flygplats,21,Byvind,"max, 1 gång/tim",meter per sekund,2022-08-15T14:00:00Z,2022-08-15T16:00:00+02:00,1660572000000,,6.0,6.0,G,,corrected-archive-csv
162860,Luleå-Kallax Flygplats,21,Byvind,"max, 1 gång/tim",meter per sekund,2022-08-15T15:00:00Z,2022-08-15T17:00:00+02:00,1660575600000,,5.0,5.0,G,,corrected-archive-csv
162860,Luleå-Kallax Flygplats,21,Byvind,"max, 1 gång/tim",meter per sekund,2022-08-15T16:00:00Z,2022-08-15T18:00:00+02:00,1660579200000,,4.0,4.0,G,,corrected-archive-csv
162860,Luleå-Kallax Flygplats,21,Byvind,"max, 1 gång/tim",meter per sekund,2022-08-15T18:00:00Z,2022-08-15T20:00:00+02:00,1660586400000,,2.0,2.0,G,,corrected-archive-csv
162860,Luleå-Kallax Flygplats,21,Byvind,"max, 1 gång/tim",meter per sekund,2022-08-15T19:00:00Z,2022-08-15T21:00:00+02:00,1660590000000,,3.0,3.0,G,,corrected-archive-csv
162860,Luleå-Kallax Flygplats,21,Byvind,"max, 1 gång/tim",meter per sekund,2022-08-15T20:00:00Z,2022-08-15T22:00:00+02:00,1660593600000,,5.0,5.0,G,,corrected-archive-csv
162860,Luleå-Kallax Flygplats,21,Byvind,"max, 1 gång/tim",meter per sekund,2022-08-15T22:00:00Z,2022-08-16T00:00:00+02:00,1660600800000,,4.0,4.0,G,,corrected-archive-csv
162860,Luleå-Kallax Flygplats,21,Byvind,"max, 1 gång/tim",meter per sekund,2022-08-15T23:00:00Z,2022-08-16T01:00:00+02:00,1660604400000,,1.0,1.0,G,,corrected-archive-csv
162860,Luleå-Kallax Flygplats,21,Byvind,"max, 1 gång/tim",meter per sekund,2022-08-16T04:00:00Z,2022-08-16T06:00:00+02:00,1660622400000,,2.0,2.0,G,,corrected-archive-csv
162860,Luleå-Kallax Flygplats,21,Byvind,"max, 1 gång/tim",meter per sekund,2022-08-16T05:00:00Z,2022-08-16T07:00:00+02:00,1660626000000,,3.0,3.0,G,,corrected-archive-csv
162860,Luleå-Kallax Flygplats,21,Byvind,"max, 1 gång/tim",meter per sekund,2022-08-16T07:00:00Z,2022-08-16T09:00:00+02:00,1660633200000,,4.0,4.0,G,,corrected-archive-csv
162860,Luleå-Kallax Flygplats,21,Byvind,"max, 1 gång/tim",meter per sekund,2022-08-16T08:00:00Z,2022-08-16T10:00:00+02:00,1660636800000,,5.0,5.0,G,,corrected-archive-csv
162860,Luleå-Kallax Flygplats,21,Byvind,"max, 1 gång/tim",meter per sekund,2022-08-16T09:00:00Z,2022-08-16T11:00:00+02:00,1660640400000,,6.0,6.0,G,,corrected-archive-csv
162860,Luleå-Kallax Flygplats,21,Byvind,"max, 1 gång/tim",meter per sekund,2022-08-16T10:00:00Z,2022-08-16T12:00:00+02:00,1660644000000,,5.0,5.0,G,,corrected-archive-csv
162860,Luleå-Kallax Flygplats,21,Byvind,"max, 1 gång/tim",meter per sekund,2022-08-16T11:00:00Z,2022-08-16T13:00:00+02:00,1660647600000,,7.0,7.0,G,,corrected-archive-csv
162860,Luleå-Kallax Flygplats,21,Byvind,"max, 1 gång/tim",meter per sekund,2022-08-16T13:00:00Z,2022-08-16T15:00:00+02:00,1660654800000,,6.0,6.0,G,,corrected-archive-csv
162860,Luleå-Kallax Flygplats,21,Byvind,"max, 1 gång/tim",meter per sekund,2022-08-16T14:00:00Z,2022-08-16T16:00:00+02:00,1660658400000,,7.0,7.0,G,,corrected-archive-csv
162860,Luleå-Kallax Flygplats,21,Byvind,"max, 1 gång/tim",meter per sekund,2022-08-16T16:00:00Z,2022-08-16T18:00:00+02:00,1660665600000,,6.0,6.0,G,,corrected-archive-csv
162860,Luleå-Kallax Flygplats,21,Byvind,"max, 1 gång/tim",meter per sekund,2022-08-16T18:00:00Z,2022-08-16T20:00:00+02:00,1660672800000,,7.0,7.0,G,,corrected-archive-csv
162860,Luleå-Kallax Flygplats,21,Byvind,"max, 1 gång/tim",meter per sekund,2022-08-16T19:00:00Z,2022-08-16T21:00:00+02:00,1660676400000,,9.0,9.0,G,,corrected-archive-csv
162860,Luleå-Kallax Flygplats,21,Byvind,"max, 1 gång/tim",meter per sekund,2022-08-16T21:00:00Z,2022-08-16T23:00:00+02:00,1660683600000,,6.0,6.0,G,,corrected-archive-csv
162860,Luleå-Kallax Flygplats,21,Byvind,"max, 1 gång/tim",meter per sekund,2022-08-17T00:00:00Z,2022-08-17T02:00:00+02:00,1660694400000,,7.0,7.0,G,,corrected-archive-csv
162860,Luleå-Kallax Flygplats,21,Byvind,"max, 1 gång/tim",meter per sekund,2022-08-17T01:00:00Z,2022-08-17T03:00:00+02:00,1660698000000,,8.0,8.0,G,,corrected-archive-csv
162860,Luleå-Kallax Flygplats,21,Byvind,"max, 1 gång/tim",meter per sekund,2022-08-17T02:00:00Z,2022-08-17T04:00:00+02:00,1660701600000,,6.0,6.0,G,,corrected-archive-csv
162860,Luleå-Kallax Flygplats,21,Byvind,"max, 1 gång/tim",meter per sekund,2022-08-17T03:00:00Z,2022-08-17T05:00:00+02:00,1660705200000,,5.0,5.0,G,,corrected-archive-csv
162860,Luleå-Kallax Flygplats,21,Byvind,"max, 1 gång/tim",meter per sekund,2022-08-17T05:00:00Z,2022-08-17T07:00:00+02:00,1660712400000,,7.0,7.0,G,,corrected-archive-csv
162860,Luleå-Kallax Flygplats,21,Byvind,"max, 1 gång/tim",meter per sekund,2022-08-17T06:00:00Z,2022-08-17T08:00:00+02:00,1660716000000,,9.0,9.0,G,,corrected-archive-csv
162860,Luleå-Kallax Flygplats,21,Byvind,"max, 1 gång/tim",meter per sekund,2022-08-17T07:00:00Z,2022-08-17T09:00:00+02:00,1660719600000,,8.0,8.0,G,,corrected-archive-csv
162860,Luleå-Kallax Flygplats,21,Byvind,"max, 1 gång/tim",meter per sekund,2022-08-17T08:00:00Z,2022-08-17T10:00:00+02:00,1660723200000,,9.0,9.0,G,,corrected-archive-csv
162860,Luleå-Kallax Flygplats,21,Byvind,"max, 1 gång/tim",meter per sekund,2022-08-17T09:00:00Z,2022-08-17T11:00:00+02:00,1660726800000,,10.0,10.0,G,,corrected-archive-csv
162860,Luleå-Kallax Flygplats,21,Byvind,"max, 1 gång/tim",meter per sekund,2022-08-17T10:00:00Z,2022-08-17T12:00:00+02:00,1660730400000,,9.0,9.0,G,,corrected-archive-csv
162860,Luleå-Kallax Flygplats,21,Byvind,"max, 1 gång/tim",meter per sekund,2022-08-17T11:00:00Z,2022-08-17T13:00:00+02:00,1660734000000,,11.0,11.0,G,,corrected-archive-csv
162860,Luleå-Kallax Flygplats,21,Byvind,"max, 1 gång/tim",meter per sekund,2022-08-17T12:00:00Z,2022-08-17T14:00:00+02:00,1660737600000,,10.0,10.0,G,,corrected-archive-csv
162860,Luleå-Kallax Flygplats,21,Byvind,"max, 1 gång/tim",meter per sekund,2022-08-17T13:00:00Z,2022-08-17T15:00:00+02:00,1660741200000,,11.0,11.0,G,,corrected-archive-csv
162860,Luleå-Kallax Flygplats,21,Byvind,"max, 1 gång/tim",meter per sekund,2022-08-17T14:00:00Z,2022-08-17T16:00:00+02:00,1660744800000,,12.0,12.0,G,,corrected-archive-csv
162860,Luleå-Kallax Flygplats,21,Byvind,"max, 1 gång/tim",meter per sekund,2022-08-17T17:00:00Z,2022-08-17T19:00:00+02:00,1660755600000,,11.0,11.0,G,,corrected-archive-csv
162860,Luleå-Kallax Flygplats,21,Byvind,"max, 1 gång/tim",meter per sekund,2022-08-17T19:00:00Z,2022-08-17T21:00:00+02:00,1660762800000,,7.0,7.0,G,,corrected-archive-csv
162860,Luleå-Kallax Flygplats,21,Byvind,"max, 1 gång/tim",meter per sekund,2022-08-17T21:00:00Z,2022-08-17T23:00:00+02:00,1660770000000,,9.0,9.0,G,,corrected-archive-csv
162860,Luleå-Kallax Flygplats,21,Byvind,"max, 1 gång/tim",meter per sekund,2022-08-17T22:00:00Z,2022-08-18T00:00:00+02:00,1660773600000,,8.0,8.0,G,,corrected-archive-csv
162860,Luleå-Kallax Flygplats,21,Byvind,"max, 1 gång/tim",meter per sekund,2022-08-18T00:00:00Z,2022-08-18T02:00:00+02:00,1660780800000,,7.0,7.0,G,,corrected-archive-csv
162860,Luleå-Kallax Flygplats,21,Byvind,"max, 1 gång/tim",meter per sekund,2022-08-18T02:00:00Z,2022-08-18T04:00:00+02:00,1660788000000,,6.0,6.0,G,,corrected-archive-csv
162860,Luleå-Kallax Flygplats,21,Byvind,"max, 1 gång/tim",meter per sekund,2022-08-18T03:00:00Z,2022-08-18T05:00:00+02:00,1660791600000,,5.0,5.0,G,,corrected-archive-csv
162860,Luleå-Kallax Flygplats,21,Byvind,"max, 1 gång/tim",meter per sekund,2022-08-18T04:00:00Z,2022-08-18T06:00:00+02:00,1660795200000,,7.0,7.0,G,,corrected-archive-csv
162860,Luleå-Kallax Flygplats,21,Byvind,"max, 1 gång/tim",meter per sekund,2022-08-18T05:00:00Z,2022-08-18T07:00:00+02:00,1660798800000,,6.0,6.0,G,,corrected-archive-csv
162860,Luleå-Kallax Flygplats,21,Byvind,"max, 1 gång/tim",meter per sekund,2022-08-18T06:00:00Z,2022-08-18T08:00:00+02:00,1660802400000,,7.0,7.0,G,,corrected-archive-csv
162860,Luleå-Kallax Flygplats,21,Byvind,"max, 1 gång/tim",meter per sekund,2022-08-18T07:00:00Z,2022-08-18T09:00:00+02:00,1660806000000,,6.0,6.0,G,,corrected-archive-csv
162860,Luleå-Kallax Flygplats,21,Byvind,"max, 1 gång/tim",meter per sekund,2022-08-18T09:00:00Z,2022-08-18T11:00:00+02:00,1660813200000,,5.0,5.0,G,,corrected-archive-csv
162860,Luleå-Kallax Flygplats,21,Byvind,"max, 1 gång/tim",meter per sekund,2022-08-18T12:00:00Z,2022-08-18T14:00:00+02:00,1660824000000,,6.0,6.0,G,,corrected-archive-csv
162860,Luleå-Kallax Flygplats,21,Byvind,"max, 1 gång/tim",meter per sekund,2022-08-18T14:00:00Z,2022-08-18T16:00:00+02:00,1660831200000,,5.0,5.0,G,,corrected-archive-csv
162860,Luleå-Kallax Flygplats,21,Byvind,"max, 1 gång/tim",meter per sekund,2022-08-18T15:00:00Z,2022-08-18T17:00:00+02:00,1660834800000,,4.0,4.0,G,,corrected-archive-csv
162860,Luleå-Kallax Flygplats,21,Byvind,"max, 1 gång/tim",meter per sekund,2022-08-18T17:00:00Z,2022-08-18T19:00:00+02:00,1660842000000,,3.0,3.0,G,,corrected-archive-csv
162860,Luleå-Kallax Flygplats,21,Byvind,"max, 1 gång/tim",meter per sekund,2022-08-18T18:00:00Z,2022-08-18T20:00:00+02:00,1660845600000,,4.0,4.0,G,,corrected-archive-csv
162860,Luleå-Kallax Flygplats,21,Byvind,"max, 1 gång/tim",meter per sekund,2022-08-18T19:00:00Z,2022-08-18T21:00:00+02:00,1660849200000,,2.0,2.0,G,,corrected-archive-csv
162860,Luleå-Kallax Flygplats,21,Byvind,"max, 1 gång/tim",meter per sekund,2022-08-18T22:00:00Z,2022-08-19T00:00:00+02:00,1660860000000,,4.0,4.0,G,,corrected-archive-csv
162860,Luleå-Kallax Flygplats,21,Byvind,"max, 1 gång/tim",meter per sekund,2022-08-19T04:00:00Z,2022-08-19T06:00:00+02:00,1660881600000,,5.0,5.0,G,,corrected-archive-csv
162860,Luleå-Kallax Flygplats,21,Byvind,"max, 1 gång/tim",meter per sekund,2022-08-19T05:00:00Z,2022-08-19T07:00:00+02:00,1660885200000,,4.0,4.0,G,,corrected-archive-csv
162860,Luleå-Kallax Flygplats,21,Byvind,"max, 1 gång/tim",meter per sekund,2022-08-19T06:00:00Z,2022-08-19T08:00:00+02:00,1660888800000,,3.0,3.0,G,,corrected-archive-csv
162860,Luleå-Kallax Flygplats,21,Byvind,"max, 1 gång/tim",meter per sekund,2022-08-19T08:00:00Z,2022-08-19T10:00:00+02:00,1660896000000,,2.0,2.0,G,,corrected-archive-csv
162860,Luleå-Kallax Flygplats,21,Byvind,"max, 1 gång/tim",meter per sekund,2022-08-19T09:00:00Z,2022-08-19T11:00:00+02:00,1660899600000,,3.0,3.0,G,,corrected-archive-csv
162860,Luleå-Kallax Flygplats,21,Byvind,"max, 1 gång/tim",meter per sekund,2022-08-19T10:00:00Z,2022-08-19T12:00:00+02:00,1660903200000,,6.0,6.0,G,,corrected-archive-csv
162860,Luleå-Kallax Flygplats,21,Byvind,"max, 1 gång/tim",meter per sekund,2022-08-19T16:00:00Z,2022-08-19T18:00:00+02:00,1660924800000,,5.0,5.0,G,,corrected-archive-csv
162860,Luleå-Kallax Flygplats,21,Byvind,"max, 1 gång/tim",meter per sekund,2022-08-19T18:00:00Z,2022-08-19T20:00:00+02:00,1660932000000,,3.0,3.0,G,,corrected-archive-csv
162860,Luleå-Kallax Flygplats,21,Byvind,"max, 1 gång/tim",meter per sekund,2022-08-19T19:00:00Z,2022-08-19T21:00:00+02:00,1660935600000,,2.0,2.0,G,,corrected-archive-csv
162860,Luleå-Kallax Flygplats,21,Byvind,"max, 1 gång/tim",meter per sekund,2022-08-19T21:00:00Z,2022-08-19T23:00:00+02:00,1660942800000,,3.0,3.0,G,,corrected-archive-csv
162860,Luleå-Kallax Flygplats,21,Byvind,"max, 1 gång/tim",meter per sekund,2022-08-19T22:00:00Z,2022-08-20T00:00:00+02:00,1660946400000,,4.0,4.0,G,,corrected-archive-csv
162860,Luleå-Kallax Flygplats,21,Byvind,"max, 1 gång/tim",meter per sekund,2022-08-19T23:00:00Z,2022-08-20T01:00:00+02:00,1660950000000,,3.0,3.0,G,,corrected-archive-csv
162860,Luleå-Kallax Flygplats,21,Byvind,"max, 1 gång/tim",meter per sekund,2022-08-20T00:00:00Z,2022-08-20T02:00:00+02:00,1660953600000,,4.0,4.0,G,,corrected-archive-csv
162860,Luleå-Kallax Flygplats,21,Byvind,"max, 1 gång/tim",meter per sekund,2022-08-20T03:00:00Z,2022-08-20T05:00:00+02:00,1660964400000,,3.0,3.0,G,,corrected-archive-csv
162860,Luleå-Kallax Flygplats,21,Byvind,"max, 1 gång/tim",meter per sekund,2022-08-20T05:00:00Z,2022-08-20T07:00:00+02:00,1660971600000,,4.0,4.0,G,,corrected-archive-csv
162860,Luleå-Kallax Flygplats,21,Byvind,"max, 1 gång/tim",meter per sekund,2022-08-20T07:00:00Z,2022-08-20T09:00:00+02:00,1660978800000,,6.0,6.0,G,,corrected-archive-csv
162860,Luleå-Kallax Flygplats,21,Byvind,"max, 1 gång/tim",meter per sekund,2022-08-20T09:00:00Z,2022-08-20T11:00:00+02:00,1660986000000,,3.0,3.0,G,,corrected-archive-csv
162860,Luleå-Kallax Flygplats,21,Byvind,"max, 1 gång/tim",meter per sekund,2022-08-20T10:00:00Z,2022-08-20T12:00:00+02:00,1660989600000,,6.0,6.0,G,,corrected-archive-csv
162860,Luleå-Kallax Flygplats,21,Byvind,"max, 1 gång/tim",meter per sekund,2022-08-20T12:00:00Z,2022-08-20T14:00:00+02:00,1660996800000,,7.0,7.0,G,,corrected-archive-csv
162860,Luleå-Kallax Flygplats,21,Byvind,"max, 1 gång/tim",meter per sekund,2022-08-20T14:00:00Z,2022-08-20T16:00:00+02:00,1661004000000,,8.0,8.0,G,,corrected-archive-csv
162860,Luleå-Kallax Flygplats,21,Byvind,"max, 1 gång/tim",meter per sekund,2022-08-20T15:00:00Z,2022-08-20T17:00:00+02:00,1661007600000,,9.0,9.0,G,,corrected-archive-csv
162860,Luleå-Kallax Flygplats,21,Byvind,"max, 1 gång/tim",meter per sekund,2022-08-20T17:00:00Z,2022-08-20T19:00:00+02:00,1661014800000,,8.0,8.0,G,,corrected-archive-csv
162860,Luleå-Kallax Flygplats,21,Byvind,"max, 1 gång/tim",meter per sekund,2022-08-20T18:00:00Z,2022-08-20T20:00:00+02:00,1661018400000,,9.0,9.0,G,,corrected-archive-csv
162860,Luleå-Kallax Flygplats,21,Byvind,"max, 1 gång/tim",meter per sekund,2022-08-20T19:00:00Z,2022-08-20T21:00:00+02:00,1661022000000,,10.0,10.0,G,,corrected-archive-csv
162860,Luleå-Kallax Flygplats,21,Byvind,"max, 1 gång/tim",meter per sekund,2022-08-20T20:00:00Z,2022-08-20T22:00:00+02:00,1661025600000,,11.0,11.0,G,,corrected-archive-csv
162860,Luleå-Kallax Flygplats,21,Byvind,"max, 1 gång/tim",meter per sekund,2022-08-20T21:00:00Z,2022-08-20T23:00:00+02:00,1661029200000,,13.0,13.0,G,,corrected-archive-csv
162860,Luleå-Kallax Flygplats,21,Byvind,"max, 1 gång/tim",meter per sekund,2022-08-20T22:00:00Z,2022-08-21T00:00:00+02:00,1661032800000,,10.0,10.0,G,,corrected-archive-csv
162860,Luleå-Kallax Flygplats,21,Byvind,"max, 1 gång/tim",meter per sekund,2022-08-21T00:00:00Z,2022-08-21T02:00:00+02:00,1661040000000,,7.0,7.0,G,,corrected-archive-csv
162860,Luleå-Kallax Flygplats,21,Byvind,"max, 1 gång/tim",meter per sekund,2022-08-21T01:00:00Z,2022-08-21T03:00:00+02:00,1661043600000,,6.0,6.0,G,,corrected-archive-csv
162860,Luleå-Kallax Flygplats,21,Byvind,"max, 1 gång/tim",meter per sekund,2022-08-21T02:00:00Z,2022-08-21T04:00:00+02:00,1661047200000,,11.0,11.0,G,,corrected-archive-csv
162860,Luleå-Kallax Flygplats,21,Byvind,"max, 1 gång/tim",meter per sekund,2022-08-21T04:00:00Z,2022-08-21T06:00:00+02:00,1661054400000,,10.0,10.0,G,,corrected-archive-csv
162860,Luleå-Kallax Flygplats,21,Byvind,"max, 1 gång/tim",meter per sekund,2022-08-21T05:00:00Z,2022-08-21T07:00:00+02:00,1661058000000,,9.0,9.0,G,,corrected-archive-csv
162860,Luleå-Kallax Flygplats,21,Byvind,"max, 1 gång/tim",meter per sekund,2022-08-21T06:00:00Z,2022-08-21T08:00:00+02:00,1661061600000,,8.0,8.0,G,,corrected-archive-csv
162860,Luleå-Kallax Flygplats,21,Byvind,"max, 1 gång/tim",meter per sekund,2022-08-21T07:00:00Z,2022-08-21T09:00:00+02:00,1661065200000,,10.0,10.0,G,,corrected-archive-csv
162860,Luleå-Kallax Flygplats,21,Byvind,"max, 1 gång/tim",meter per sekund,2022-08-21T08:00:00Z,2022-08-21T10:00:00+02:00,1661068800000,,11.0,11.0,G,,corrected-archive-csv
162860,Luleå-Kallax Flygplats,21,Byvind,"max, 1 gång/tim",meter per sekund,2022-08-21T09:00:00Z,2022-08-21T11:00:00+02:00,1661072400000,,10.0,10.0,G,,corrected-archive-csv
162860,Luleå-Kallax Flygplats,21,Byvind,"max, 1 gång/tim",meter per sekund,2022-08-21T11:00:00Z,2022-08-21T13:00:00+02:00,1661079600000,,9.0,9.0,G,,corrected-archive-csv
162860,Luleå-Kallax Flygplats,21,Byvind,"max, 1 gång/tim",meter per sekund,2022-08-21T13:00:00Z,2022-08-21T15:00:00+02:00,1661086800000,,10.0,10.0,G,,corrected-archive-csv
162860,Luleå-Kallax Flygplats,21,Byvind,"max, 1 gång/tim",meter per sekund,2022-08-21T14:00:00Z,2022-08-21T16:00:00+02:00,1661090400000,,12.0,12.0,G,,corrected-archive-csv
162860,Luleå-Kallax Flygplats,21,Byvind,"max, 1 gång/tim",meter per sekund,2022-08-21T16:00:00Z,2022-08-21T18:00:00+02:00,1661097600000,,10.0,10.0,G,,corrected-archive-csv
162860,Luleå-Kallax Flygplats,21,Byvind,"max, 1 gång/tim",meter per sekund,2022-08-21T17:00:00Z,2022-08-21T19:00:00+02:00,1661101200000,,8.0,8.0,G,,corrected-archive-csv
162860,Luleå-Kallax Flygplats,21,Byvind,"max, 1 gång/tim",meter per sekund,2022-08-21T18:00:00Z,2022-08-21T20:00:00+02:00,1661104800000,,7.0,7.0,G,,corrected-archive-csv
162860,Luleå-Kallax Flygplats,21,Byvind,"max, 1 gång/tim",meter per sekund,2022-08-21T19:00:00Z,2022-08-21T21:00:00+02:00,1661108400000,,9.0,9.0,G,,corrected-archive-csv
162860,Luleå-Kallax Flygplats,21,Byvind,"max, 1 gång/tim",meter per sekund,2022-08-21T21:00:00Z,2022-08-21T23:00:00+02:00,1661115600000,,7.0,7.0,G,,corrected-archive-csv
162860,Luleå-Kallax Flygplats,21,Byvind,"max, 1 gång/tim",meter per sekund,2022-08-21T22:00:00Z,2022-08-22T00:00:00+02:00,1661119200000,,6.0,6.0,G,,corrected-archive-csv
162860,Luleå-Kallax Flygplats,21,Byvind,"max, 1 gång/tim",meter per sekund,2022-08-22T01:00:00Z,2022-08-22T03:00:00+02:00,1661130000000,,7.0,7.0,G,,corrected-archive-csv
162860,Luleå-Kallax Flygplats,21,Byvind,"max, 1 gång/tim",meter per sekund,2022-08-22T02:00:00Z,2022-08-22T04:00:00+02:00,1661133600000,,6.0,6.0,G,,corrected-archive-csv
162860,Luleå-Kallax Flygplats,21,Byvind,"max, 1 gång/tim",meter per sekund,2022-08-22T03:00:00Z,2022-08-22T05:00:00+02:00,1661137200000,,5.0,5.0,G,,corrected-archive-csv
162860,Luleå-Kallax Flygplats,21,Byvind,"max, 1 gång/tim",meter per sekund,2022-08-22T04:00:00Z,2022-08-22T06:00:00+02:00,1661140800000,,6.0,6.0,G,,corrected-archive-csv
162860,Luleå-Kallax Flygplats,21,Byvind,"max, 1 gång/tim",meter per sekund,2022-08-22T07:00:00Z,2022-08-22T09:00:00+02:00,1661151600000,,7.0,7.0,G,,corrected-archive-csv
162860,Luleå-Kallax Flygplats,21,Byvind,"max, 1 gång/tim",meter per sekund,2022-08-22T09:00:00Z,2022-08-22T11:00:00+02:00,1661158800000,,8.0,8.0,G,,corrected-archive-csv
162860,Luleå-Kallax Flygplats,21,Byvind,"max, 1 gång/tim",meter per sekund,2022-08-22T11:00:00Z,2022-08-22T13:00:00+02:00,1661166000000,,9.0,9.0,G,,corrected-archive-csv
162860,Luleå-Kallax Flygplats,21,Byvind,"max, 1 gång/tim",meter per sekund,2022-08-22T15:00:00Z,2022-08-22T17:00:00+02:00,1661180400000,,10.0,10.0,G,,corrected-archive-csv
162860,Luleå-Kallax Flygplats,21,Byvind,"max, 1 gång/tim",meter per sekund,2022-08-22T17:00:00Z,2022-08-22T19:00:00+02:00,1661187600000,,8.0,8.0,G,,corrected-archive-csv
162860,Luleå-Kallax Flygplats,21,Byvind,"max, 1 gång/tim",meter per sekund,2022-08-22T18:00:00Z,2022-08-22T20:00:00+02:00,1661191200000,,6.0,6.0,G,,corrected-archive-csv
162860,Luleå-Kallax Flygplats,21,Byvind,"max, 1 gång/tim",meter per sekund,2022-08-22T19:00:00Z,2022-08-22T21:00:00+02:00,1661194800000,,7.0,7.0,G,,corrected-archive-csv
162860,Luleå-Kallax Flygplats,21,Byvind,"max, 1 gång/tim",meter per sekund,2022-08-22T21:00:00Z,2022-08-22T23:00:00+02:00,1661202000000,,6.0,6.0,G,,corrected-archive-csv
162860,Luleå-Kallax Flygplats,21,Byvind,"max, 1 gång/tim",meter per sekund,2022-08-22T22:00:00Z,2022-08-23T00:00:00+02:00,1661205600000,,7.0,7.0,G,,corrected-archive-csv
162860,Luleå-Kallax Flygplats,21,Byvind,"max, 1 gång/tim",meter per sekund,2022-08-22T23:00:00Z,2022-08-23T01:00:00+02:00,1661209200000,,5.0,5.0,G,,corrected-archive-csv
162860,Luleå-Kallax Flygplats,21,Byvind,"max, 1 gång/tim",meter per sekund,2022-08-23T01:00:00Z,2022-08-23T03:00:00+02:00,1661216400000,,6.0,6.0,G,,corrected-archive-csv
162860,Luleå-Kallax Flygplats,21,Byvind,"max, 1 gång/tim",meter per sekund,2022-08-23T03:00:00Z,2022-08-23T05:00:00+02:00,1661223600000,,5.0,5.0,G,,corrected-archive-csv
162860,Luleå-Kallax Flygplats,21,Byvind,"max, 1 gång/tim",meter per sekund,2022-08-23T04:00:00Z,2022-08-23T06:00:00+02:00,1661227200000,,4.0,4.0,G,,corrected-archive-csv
162860,Luleå-Kallax Flygplats,21,Byvind,"max, 1 gång/tim",meter per sekund,2022-08-23T06:00:00Z,2022-08-23T08:00:00+02:00,1661234400000,,5.0,5.0,G,,corrected-archive-csv
162860,Luleå-Kallax Flygplats,21,Byvind,"max, 1 gång/tim",meter per sekund,2022-08-23T08:00:00Z,2022-08-23T10:00:00+02:00,1661241600000,,7.0,7.0,G,,corrected-archive-csv
162860,Luleå-Kallax Flygplats,21,Byvind,"max, 1 gång/tim",meter per sekund,2022-08-23T10:00:00Z,2022-08-23T12:00:00+02:00,1661248800000,,8.0,8.0,G,,corrected-archive-csv
162860,Luleå-Kallax Flygplats,21,Byvind,"max, 1 gång/tim",meter per sekund,2022-08-23T11:00:00Z,2022-08-23T13:00:00+02:00,1661252400000,,9.0,9.0,G,,corrected-archive-csv
162860,Luleå-Kallax Flygplats,21,Byvind,"max, 1 gång/tim",meter per sekund,2022-08-23T15:00:00Z,2022-08-23T17:00:00+02:00,1661266800000,,8.0,8.0,G,,corrected-archive-csv
162860,Luleå-Kallax Flygplats,21,Byvind,"max, 1 gång/tim",meter per sekund,2022-08-23T16:00:00Z,2022-08-23T18:00:00+02:00,1661270400000,,7.0,7.0,G,,corrected-archive-csv
162860,Luleå-Kallax Flygplats,21,Byvind,"max, 1 gång/tim",meter per sekund,2022-08-23T17:00:00Z,2022-08-23T19:00:00+02:00,1661274000000,,5.0,5.0,G,,corrected-archive-csv
162860,Luleå-Kallax Flygplats,21,Byvind,"max, 1 gång/tim",meter per sekund,2022-08-23T18:00:00Z,2022-08-23T20:00:00+02:00,1661277600000,,3.0,3.0,G,,corrected-archive-csv
162860,Luleå-Kallax Flygplats,21,Byvind,"max, 1 gång/tim",meter per sekund,2022-08-23T21:00:00Z,2022-08-23T23:00:00+02:00,1661288400000,,1.0,1.0,G,,corrected-archive-csv
162860,Luleå-Kallax Flygplats,21,Byvind,"max, 1 gång/tim",meter per sekund,2022-08-23T22:00:00Z,2022-08-24T00:00:00+02:00,1661292000000,,2.0,2.0,G,,corrected-archive-csv
162860,Luleå-Kallax Flygplats,21,Byvind,"max, 1 gång/tim",meter per sekund,2022-08-24T00:00:00Z,2022-08-24T02:00:00+02:00,1661299200000,,4.0,4.0,G,,corrected-archive-csv
162860,Luleå-Kallax Flygplats,21,Byvind,"max, 1 gång/tim",meter per sekund,2022-08-24T05:00:00Z,2022-08-24T07:00:00+02:00,1661317200000,,5.0,5.0,G,,corrected-archive-csv
162860,Luleå-Kallax Flygplats,21,Byvind,"max, 1 gång/tim",meter per sekund,2022-08-24T08:00:00Z,2022-08-24T10:00:00+02:00,1661328000000,,6.0,6.0,G,,corrected-archive-csv
162860,Luleå-Kallax Flygplats,21,Byvind,"max, 1 gång/tim",meter per sekund,2022-08-24T09:00:00Z,2022-08-24T11:00:00+02:00,1661331600000,,4.0,4.0,G,,corrected-archive-csv
162860,Luleå-Kallax Flygplats,21,Byvind,"max, 1 gång/tim",meter per sekund,2022-08-24T10:00:00Z,2022-08-24T12:00:00+02:00,1661335200000,,3.0,3.0,G,,corrected-archive-csv
162860,Luleå-Kallax Flygplats,21,Byvind,"max, 1 gång/tim",meter per sekund,2022-08-24T11:00:00Z,2022-08-24T13:00:00+02:00,1661338800000,,4.0,4.0,G,,corrected-archive-csv
162860,Luleå-Kallax Flygplats,21,Byvind,"max, 1 gång/tim",meter per sekund,2022-08-24T12:00:00Z,2022-08-24T14:00:00+02:00,1661342400000,,3.0,3.0,G,,corrected-archive-csv
162860,Luleå-Kallax Flygplats,21,Byvind,"max, 1 gång/tim",meter per sekund,2022-08-24T18:00:00Z,2022-08-24T20:00:00+02:00,1661364000000,,2.0,2.0,G,,corrected-archive-csv
162860,Luleå-Kallax Flygplats,21,Byvind,"max, 1 gång/tim",meter per sekund,2022-08-24T19:00:00Z,2022-08-24T21:00:00+02:00,1661367600000,,1.0,1.0,G,,corrected-archive-csv
162860,Luleå-Kallax Flygplats,21,Byvind,"max, 1 gång/tim",meter per sekund,2022-08-24T23:00:00Z,2022-08-25T01:00:00+02:00,1661382000000,,2.0,2.0,G,,corrected-archive-csv
162860,Luleå-Kallax Flygplats,21,Byvind,"max, 1 gång/tim",meter per sekund,2022-08-25T00:00:00Z,2022-08-25T02:00:00+02:00,1661385600000,,1.0,1.0,G,,corrected-archive-csv
162860,Luleå-Kallax Flygplats,21,Byvind,"max, 1 gång/tim",meter per sekund,2022-08-25T01:00:00Z,2022-08-25T03:00:00+02:00,1661389200000,,2.0,2.0,G,,corrected-archive-csv
162860,Luleå-Kallax Flygplats,21,Byvind,"max, 1 gång/tim",meter per sekund,2022-08-25T02:00:00Z,2022-08-25T04:00:00+02:00,1661392800000,,3.0,3.0,G,,corrected-archive-csv
162860,Luleå-Kallax Flygplats,21,Byvind,"max, 1 gång/tim",meter per sekund,2022-08-25T03:00:00Z,2022-08-25T05:00:00+02:00,1661396400000,,2.0,2.0,G,,corrected-archive-csv
162860,Luleå-Kallax Flygplats,21,Byvind,"max, 1 gång/tim",meter per sekund,2022-08-25T04:00:00Z,2022-08-25T06:00:00+02:00,1661400000000,,3.0,3.0,G,,corrected-archive-csv
162860,Luleå-Kallax Flygplats,21,Byvind,"max, 1 gång/tim",meter per sekund,2022-08-25T06:00:00Z,2022-08-25T08:00:00+02:00,1661407200000,,4.0,4.0,G,,corrected-archive-csv
162860,Luleå-Kallax Flygplats,21,Byvind,"max, 1 gång/tim",meter per sekund,2022-08-25T09:00:00Z,2022-08-25T11:00:00+02:00,1661418000000,,5.0,5.0,G,,corrected-archive-csv
162860,Luleå-Kallax Flygplats,21,Byvind,"max, 1 gång/tim",meter per sekund,2022-08-25T10:00:00Z,2022-08-25T12:00:00+02:00,1661421600000,,6.0,6.0,G,,corrected-archive-csv
162860,Luleå-Kallax Flygplats,21,Byvind,"max, 1 gång/tim",meter per sekund,2022-08-25T11:00:00Z,2022-08-25T13:00:00+02:00,1661425200000,,7.0,7.0,G,,corrected-archive-csv
162860,Luleå-Kallax Flygplats,21,Byvind,"max, 1 gång/tim",meter per sekund,2022-08-25T12:00:00Z,2022-08-25T14:00:00+02:00,1661428800000,,8.0,8.0,G,,corrected-archive-csv
162860,Luleå-Kallax Flygplats,21,Byvind,"max, 1 gång/tim",meter per sekund,2022-08-25T13:00:00Z,2022-08-25T15:00:00+02:00,1661432400000,,9.0,9.0,G,,corrected-archive-csv
162860,Luleå-Kallax Flygplats,21,Byvind,"max, 1 gång/tim",meter per sekund,2022-08-25T16:00:00Z,2022-08-25T18:00:00+02:00,1661443200000,,8.0,8.0,G,,corrected-archive-csv
162860,Luleå-Kallax Flygplats,21,Byvind,"max, 1 gång/tim",meter per sekund,2022-08-25T17:00:00Z,2022-08-25T19:00:00+02:00,1661446800000,,6.0,6.0,G,,corrected-archive-csv
162860,Luleå-Kallax Flygplats,21,Byvind,"max, 1 gång/tim",meter per sekund,2022-08-25T18:00:00Z,2022-08-25T20:00:00+02:00,1661450400000,,5.0,5.0,G,,corrected-archive-csv
162860,Luleå-Kallax Flygplats,21,Byvind,"max, 1 gång/tim",meter per sekund,2022-08-25T19:00:00Z,2022-08-25T21:00:00+02:00,1661454000000,,4.0,4.0,G,,corrected-archive-csv
162860,Luleå-Kallax Flygplats,21,Byvind,"max, 1 gång/tim",meter per sekund,2022-08-25T22:00:00Z,2022-08-26T00:00:00+02:00,1661464800000,,5.0,5.0,G,,corrected-archive-csv
162860,Luleå-Kallax Flygplats,21,Byvind,"max, 1 gång/tim",meter per sekund,2022-08-26T03:00:00Z,2022-08-26T05:00:00+02:00,1661482800000,,6.0,6.0,G,,corrected-archive-csv
162860,Luleå-Kallax Flygplats,21,Byvind,"max, 1 gång/tim",meter per sekund,2022-08-26T06:00:00Z,2022-08-26T08:00:00+02:00,1661493600000,,7.0,7.0,G,,corrected-archive-csv
162860,Luleå-Kallax Flygplats,21,Byvind,"max, 1 gång/tim",meter per sekund,2022-08-26T08:00:00Z,2022-08-26T10:00:00+02:00,1661500800000,,9.0,9.0,G,,corrected-archive-csv
162860,Luleå-Kallax Flygplats,21,Byvind,"max, 1 gång/tim",meter per sekund,2022-08-26T14:00:00Z,2022-08-26T16:00:00+02:00,1661522400000,,10.0,10.0,G,,corrected-archive-csv
162860,Luleå-Kallax Flygplats,21,Byvind,"max, 1 gång/tim",meter per sekund,2022-08-26T15:00:00Z,2022-08-26T17:00:00+02:00,1661526000000,,9.0,9.0,G,,corrected-archive-csv
162860,Luleå-Kallax Flygplats,21,Byvind,"max, 1 gång/tim",meter per sekund,2022-08-26T16:00:00Z,2022-08-26T18:00:00+02:00,1661529600000,,12.0,12.0,G,,corrected-archive-csv
162860,Luleå-Kallax Flygplats,21,Byvind,"max, 1 gång/tim",meter per sekund,2022-08-26T17:00:00Z,2022-08-26T19:00:00+02:00,1661533200000,,8.0,8.0,G,,corrected-archive-csv
162860,Luleå-Kallax Flygplats,21,Byvind,"max, 1 gång/tim",meter per sekund,2022-08-26T20:00:00Z,2022-08-26T22:00:00+02:00,1661544000000,,5.0,5.0,G,,corrected-archive-csv
162860,Luleå-Kallax Flygplats,21,Byvind,"max, 1 gång/tim",meter per sekund,2022-08-26T22:00:00Z,2022-08-27T00:00:00+02:00,1661551200000,,3.0,3.0,G,,corrected-archive-csv
162860,Luleå-Kallax Flygplats,21,Byvind,"max, 1 gång/tim",meter per sekund,2022-08-26T23:00:00Z,2022-08-27T01:00:00+02:00,1661554800000,,5.0,5.0,G,,corrected-archive-csv
162860,Luleå-Kallax Flygplats,21,Byvind,"max, 1 gång/tim",meter per sekund,2022-08-27T01:00:00Z,2022-08-27T03:00:00+02:00,1661562000000,,6.0,6.0,G,,corrected-archive-csv
162860,Luleå-Kallax Flygplats,21,Byvind,"max, 1 gång/tim",meter per sekund,2022-08-27T04:00:00Z,2022-08-27T06:00:00+02:00,1661572800000,,7.0,7.0,G,,corrected-archive-csv
162860,Luleå-Kallax Flygplats,21,Byvind,"max, 1 gång/tim",meter per sekund,2022-08-27T05:00:00Z,2022-08-27T07:00:00+02:00,1661576400000,,9.0,9.0,G,,corrected-archive-csv
162860,Luleå-Kallax Flygplats,21,Byvind,"max, 1 gång/tim",meter per sekund,2022-08-27T07:00:00Z,2022-08-27T09:00:00+02:00,1661583600000,,8.0,8.0,G,,corrected-archive-csv
162860,Luleå-Kallax Flygplats,21,Byvind,"max, 1 gång/tim",meter per sekund,2022-08-27T08:00:00Z,2022-08-27T10:00:00+02:00,1661587200000,,9.0,9.0,G,,corrected-archive-csv
162860,Luleå-Kallax Flygplats,21,Byvind,"max, 1 gång/tim",meter per sekund,2022-08-27T10:00:00Z,2022-08-27T12:00:00+02:00,1661594400000,,8.0,8.0,G,,corrected-archive-csv
162860,Luleå-Kallax Flygplats,21,Byvind,"max, 1 gång/tim",meter per sekund,2022-08-27T11:00:00Z,2022-08-27T13:00:00+02:00,1661598000000,,7.0,7.0,G,,corrected-archive-csv
162860,Luleå-Kallax Flygplats,21,Byvind,"max, 1 gång/tim",meter per sekund,2022-08-27T12:00:00Z,2022-08-27T14:00:00+02:00,1661601600000,,9.0,9.0,G,,corrected-archive-csv
162860,Luleå-Kallax Flygplats,21,Byvind,"max, 1 gång/tim",meter per sekund,2022-08-27T14:00:00Z,2022-08-27T16:00:00+02:00,1661608800000,,7.0,7.0,G,,corrected-archive-csv
162860,Luleå-Kallax Flygplats,21,Byvind,"max, 1 gång/tim",meter per sekund,2022-08-27T16:00:00Z,2022-08-27T18:00:00+02:00,1661616000000,,5.0,5.0,G,,corrected-archive-csv
162860,Luleå-Kallax Flygplats,21,Byvind,"max, 1 gång/tim",meter per sekund,2022-08-27T17:00:00Z,2022-08-27T19:00:00+02:00,1661619600000,,3.0,3.0,G,,corrected-archive-csv
162860,Luleå-Kallax Flygplats,21,Byvind,"max, 1 gång/tim",meter per sekund,2022-08-27T20:00:00Z,2022-08-27T22:00:00+02:00,1661630400000,,5.0,5.0,G,,corrected-archive-csv
162860,Luleå-Kallax Flygplats,21,Byvind,"max, 1 gång/tim",meter per sekund,2022-08-27T23:00:00Z,2022-08-28T01:00:00+02:00,1661641200000,,3.0,3.0,G,,corrected-archive-csv
162860,Luleå-Kallax Flygplats,21,Byvind,"max, 1 gång/tim",meter per sekund,2022-08-28T00:00:00Z,2022-08-28T02:00:00+02:00,1661644800000,,2.0,2.0,G,,corrected-archive-csv
162860,Luleå-Kallax Flygplats,21,Byvind,"max, 1 gång/tim",meter per sekund,2022-08-28T02:00:00Z,2022-08-28T04:00:00+02:00,1661652000000,,5.0,5.0,G,,corrected-archive-csv
162860,Luleå-Kallax Flygplats,21,Byvind,"max, 1 gång/tim",meter per sekund,2022-08-28T04:00:00Z,2022-08-28T06:00:00+02:00,1661659200000,,6.0,6.0,G,,corrected-archive-csv
162860,Luleå-Kallax Flygplats,21,Byvind,"max, 1 gång/tim",meter per sekund,2022-08-28T08:00:00Z,2022-08-28T10:00:00+02:00,1661673600000,,8.0,8.0,G,,corrected-archive-csv
162860,Luleå-Kallax Flygplats,21,Byvind,"max, 1 gång/tim",meter per sekund,2022-08-28T09:00:00Z,2022-08-28T11:00:00+02:00,1661677200000,,9.0,9.0,G,,corrected-archive-csv
162860,Luleå-Kallax Flygplats,21,Byvind,"max, 1 gång/tim",meter per sekund,2022-08-28T10:00:00Z,2022-08-28T12:00:00+02:00,1661680800000,,8.0,8.0,G,,corrected-archive-csv
162860,Luleå-Kallax Flygplats,21,Byvind,"max, 1 gång/tim",meter per sekund,2022-08-28T11:00:00Z,2022-08-28T13:00:00+02:00,1661684400000,,9.0,9.0,G,,corrected-archive-csv
162860,Luleå-Kallax Flygplats,21,Byvind,"max, 1 gång/tim",meter per sekund,2022-08-28T16:00:00Z,2022-08-28T18:00:00+02:00,1661702400000,,10.0,10.0,G,,corrected-archive-csv
162860,Luleå-Kallax Flygplats,21,Byvind,"max, 1 gång/tim",meter per sekund,2022-08-28T17:00:00Z,2022-08-28T19:00:00+02:00,1661706000000,,8.0,8.0,G,,corrected-archive-csv
162860,Luleå-Kallax Flygplats,21,Byvind,"max, 1 gång/tim",meter per sekund,2022-08-28T19:00:00Z,2022-08-28T21:00:00+02:00,1661713200000,,6.0,6.0,G,,corrected-archive-csv
162860,Luleå-Kallax Flygplats,21,Byvind,"max, 1 gång/tim",meter per sekund,2022-08-28T21:00:00Z,2022-08-28T23:00:00+02:00,1661720400000,,5.0,5.0,G,,corrected-archive-csv
162860,Luleå-Kallax Flygplats,21,Byvind,"max, 1 gång/tim",meter per sekund,2022-08-28T23:00:00Z,2022-08-29T01:00:00+02:00,1661727600000,,4.0,4.0,G,,corrected-archive-csv
162860,Luleå-Kallax Flygplats,21,Byvind,"max, 1 gång/tim",meter per sekund,2022-08-29T01:00:00Z,2022-08-29T03:00:00+02:00,1661734800000,,5.0,5.0,G,,corrected-archive-csv
162860,Luleå-Kallax Flygplats,21,Byvind,"max, 1 gång/tim",meter per sekund,2022-08-29T03:00:00Z,2022-08-29T05:00:00+02:00,1661742000000,,4.0,4.0,G,,corrected-archive-csv
162860,Luleå-Kallax Flygplats,21,Byvind,"max, 1 gång/tim",meter per sekund,2022-08-29T04:00:00Z,2022-08-29T06:00:00+02:00,1661745600000,,7.0,7.0,G,,corrected-archive-csv
162860,Luleå-Kallax Flygplats,21,Byvind,"max, 1 gång/tim",meter per sekund,2022-08-29T05:00:00Z,2022-08-29T07:00:00+02:00,1661749200000,,6.0,6.0,G,,corrected-archive-csv
162860,Luleå-Kallax Flygplats,21,Byvind,"max, 1 gång/tim",meter per sekund,2022-08-29T06:00:00Z,2022-08-29T08:00:00+02:00,1661752800000,,8.0,8.0,G,,corrected-archive-csv
162860,Luleå-Kallax Flygplats,21,Byvind,"max, 1 gång/tim",meter per sekund,2022-08-29T07:00:00Z,2022-08-29T09:00:00+02:00,1661756400000,,7.0,7.0,G,,corrected-archive-csv
162860,Luleå-Kallax Flygplats,21,Byvind,"max, 1 gång/tim",meter per sekund,2022-08-29T08:00:00Z,2022-08-29T10:00:00+02:00,1661760000000,,6.0,6.0,G,,corrected-archive-csv
162860,Luleå-Kallax Flygplats,21,Byvind,"max, 1 gång/tim",meter per sekund,2022-08-29T11:00:00Z,2022-08-29T13:00:00+02:00,1661770800000,,8.0,8.0,G,,corrected-archive-csv
162860,Luleå-Kallax Flygplats,21,Byvind,"max, 1 gång/tim",meter per sekund,2022-08-29T15:00:00Z,2022-08-29T17:00:00+02:00,1661785200000,,10.0,10.0,G,,corrected-archive-csv
162860,Luleå-Kallax Flygplats,21,Byvind,"max, 1 gång/tim",meter per sekund,2022-08-29T16:00:00Z,2022-08-29T18:00:00+02:00,1661788800000,,8.0,8.0,G,,corrected-archive-csv
162860,Luleå-Kallax Flygplats,21,Byvind,"max, 1 gång/tim",meter per sekund,2022-08-29T17:00:00Z,2022-08-29T19:00:00+02:00,1661792400000,,5.0,5.0,G,,corrected-archive-csv
162860,Luleå-Kallax Flygplats,21,Byvind,"max, 1 gång/tim",meter per sekund,2022-08-29T18:00:00Z,2022-08-29T20:00:00+02:00,1661796000000,,4.0,4.0,G,,corrected-archive-csv
162860,Luleå-Kallax Flygplats,21,Byvind,"max, 1 gång/tim",meter per sekund,2022-08-29T20:00:00Z,2022-08-29T22:00:00+02:00,1661803200000,,5.0,5.0,G,,corrected-archive-csv
162860,Luleå-Kallax Flygplats,21,Byvind,"max, 1 gång/tim",meter per sekund,2022-08-29T21:00:00Z,2022-08-29T23:00:00+02:00,1661806800000,,4.0,4.0,G,,corrected-archive-csv
162860,Luleå-Kallax Flygplats,21,Byvind,"max, 1 gång/tim",meter per sekund,2022-08-29T22:00:00Z,2022-08-30T00:00:00+02:00,1661810400000,,5.0,5.0,G,,corrected-archive-csv
162860,Luleå-Kallax Flygplats,21,Byvind,"max, 1 gång/tim",meter per sekund,2022-08-30T00:00:00Z,2022-08-30T02:00:00+02:00,1661817600000,,4.0,4.0,G,,corrected-archive-csv
162860,Luleå-Kallax Flygplats,21,Byvind,"max, 1 gång/tim",meter per sekund,2022-08-30T01:00:00Z,2022-08-30T03:00:00+02:00,1661821200000,,6.0,6.0,G,,corrected-archive-csv
162860,Luleå-Kallax Flygplats,21,Byvind,"max, 1 gång/tim",meter per sekund,2022-08-30T02:00:00Z,2022-08-30T04:00:00+02:00,1661824800000,,4.0,4.0,G,,corrected-archive-csv
162860,Luleå-Kallax Flygplats,21,Byvind,"max, 1 gång/tim",meter per sekund,2022-08-30T03:00:00Z,2022-08-30T05:00:00+02:00,1661828400000,,5.0,5.0,G,,corrected-archive-csv
162860,Luleå-Kallax Flygplats,21,Byvind,"max, 1 gång/tim",meter per sekund,2022-08-30T04:00:00Z,2022-08-30T06:00:00+02:00,1661832000000,,4.0,4.0,G,,corrected-archive-csv
162860,Luleå-Kallax Flygplats,21,Byvind,"max, 1 gång/tim",meter per sekund,2022-08-30T05:00:00Z,2022-08-30T07:00:00+02:00,1661835600000,,6.0,6.0,G,,corrected-archive-csv
162860,Luleå-Kallax Flygplats,21,Byvind,"max, 1 gång/tim",meter per sekund,2022-08-30T06:00:00Z,2022-08-30T08:00:00+02:00,1661839200000,,5.0,5.0,G,,corrected-archive-csv
162860,Luleå-Kallax Flygplats,21,Byvind,"max, 1 gång/tim",meter per sekund,2022-08-30T09:00:00Z,2022-08-30T11:00:00+02:00,1661850000000,,6.0,6.0,G,,corrected-archive-csv
162860,Luleå-Kallax Flygplats,21,Byvind,"max, 1 gång/tim",meter per sekund,2022-08-30T11:00:00Z,2022-08-30T13:00:00+02:00,1661857200000,,7.0,7.0,G,,corrected-archive-csv
162860,Luleå-Kallax Flygplats,21,Byvind,"max, 1 gång/tim",meter per sekund,2022-08-30T12:00:00Z,2022-08-30T14:00:00+02:00,1661860800000,,9.0,9.0,G,,corrected-archive-csv
162860,Luleå-Kallax Flygplats,21,Byvind,"max, 1 gång/tim",meter per sekund,2022-08-30T13:00:00Z,2022-08-30T15:00:00+02:00,1661864400000,,7.0,7.0,G,,corrected-archive-csv
162860,Luleå-Kallax Flygplats,21,Byvind,"max, 1 gång/tim",meter per sekund,2022-08-30T14:00:00Z,2022-08-30T16:00:00+02:00,1661868000000,,8.0,8.0,G,,corrected-archive-csv
162860,Luleå-Kallax Flygplats,21,Byvind,"max, 1 gång/tim",meter per sekund,2022-08-30T15:00:00Z,2022-08-30T17:00:00+02:00,1661871600000,,5.0,5.0,G,,corrected-archive-csv
162860,Luleå-Kallax Flygplats,21,Byvind,"max, 1 gång/tim",meter per sekund,2022-08-30T16:00:00Z,2022-08-30T18:00:00+02:00,1661875200000,,4.0,4.0,G,,corrected-archive-csv
162860,Luleå-Kallax Flygplats,21,Byvind,"max, 1 gång/tim",meter per sekund,2022-08-30T18:00:00Z,2022-08-30T20:00:00+02:00,1661882400000,,2.0,2.0,G,,corrected-archive-csv
162860,Luleå-Kallax Flygplats,21,Byvind,"max, 1 gång/tim",meter per sekund,2022-08-30T21:00:00Z,2022-08-30T23:00:00+02:00,1661893200000,,3.0,3.0,G,,corrected-archive-csv
162860,Luleå-Kallax Flygplats,21,Byvind,"max, 1 gång/tim",meter per sekund,2022-08-30T23:00:00Z,2022-08-31T01:00:00+02:00,1661900400000,,4.0,4.0,G,,corrected-archive-csv
162860,Luleå-Kallax Flygplats,21,Byvind,"max, 1 gång/tim",meter per sekund,2022-08-31T01:00:00Z,2022-08-31T03:00:00+02:00,1661907600000,,5.0,5.0,G,,corrected-archive-csv
162860,Luleå-Kallax Flygplats,21,Byvind,"max, 1 gång/tim",meter per sekund,2022-08-31T03:00:00Z,2022-08-31T05:00:00+02:00,1661914800000,,4.0,4.0,G,,corrected-archive-csv
162860,Luleå-Kallax Flygplats,21,Byvind,"max, 1 gång/tim",meter per sekund,2022-08-31T04:00:00Z,2022-08-31T06:00:00+02:00,1661918400000,,3.0,3.0,G,,corrected-archive-csv
162860,Luleå-Kallax Flygplats,21,Byvind,"max, 1 gång/tim",meter per sekund,2022-08-31T05:00:00Z,2022-08-31T07:00:00+02:00,1661922000000,,4.0,4.0,G,,corrected-archive-csv
162860,Luleå-Kallax Flygplats,21,Byvind,"max, 1 gång/tim",meter per sekund,2022-08-31T08:00:00Z,2022-08-31T10:00:00+02:00,1661932800000,,5.0,5.0,G,,corrected-archive-csv
162860,Luleå-Kallax Flygplats,21,Byvind,"max, 1 gång/tim",meter per sekund,2022-08-31T11:00:00Z,2022-08-31T13:00:00+02:00,1661943600000,,5.0,5.0,G,,corrected-archive-csv
162860,Luleå-Kallax Flygplats,21,Byvind,"max, 1 gång/tim",meter per sekund,2022-08-31T13:00:00Z,2022-08-31T15:00:00+02:00,1661950800000,,6.0,6.0,G,,corrected-archive-csv
162860,Luleå-Kallax Flygplats,21,Byvind,"max, 1 gång/tim",meter per sekund,2022-08-31T14:00:00Z,2022-08-31T16:00:00+02:00,1661954400000,,5.0,5.0,G,,corrected-archive-csv
162860,Luleå-Kallax Flygplats,21,Byvind,"max, 1 gång/tim",meter per sekund,2022-08-31T16:00:00Z,2022-08-31T18:00:00+02:00,1661961600000,,8.0,8.0,G,,corrected-archive-csv
162860,Luleå-Kallax Flygplats,21,Byvind,"max, 1 gång/tim",meter per sekund,2022-08-31T17:00:00Z,2022-08-31T19:00:00+02:00,1661965200000,,5.0,5.0,G,,corrected-archive-csv
162860,Luleå-Kallax Flygplats,21,Byvind,"max, 1 gång/tim",meter per sekund,2022-08-31T18:00:00Z,2022-08-31T20:00:00+02:00,1661968800000,,4.0,4.0,G,,corrected-archive-csv
162860,Luleå-Kallax Flygplats,21,Byvind,"max, 1 gång/tim",meter per sekund,2022-08-31T19:00:00Z,2022-08-31T21:00:00+02:00,1661972400000,,6.0,6.0,G,,corrected-archive-csv
162860,Luleå-Kallax Flygplats,21,Byvind,"max, 1 gång/tim",meter per sekund,2022-08-31T23:00:00Z,2022-09-01T01:00:00+02:00,1661986800000,,7.0,7.0,G,,corrected-archive-csv
162860,Luleå-Kallax Flygplats,21,Byvind,"max, 1 gång/tim",meter per sekund,2022-09-01T02:00:00Z,2022-09-01T04:00:00+02:00,1661997600000,,8.0,8.0,G,,corrected-archive-csv
162860,Luleå-Kallax Flygplats,21,Byvind,"max, 1 gång/tim",meter per sekund,2022-09-01T03:00:00Z,2022-09-01T05:00:00+02:00,1662001200000,,7.0,7.0,G,,corrected-archive-csv
162860,Luleå-Kallax Flygplats,21,Byvind,"max, 1 gång/tim",meter per sekund,2022-09-01T04:00:00Z,2022-09-01T06:00:00+02:00,1662004800000,,8.0,8.0,G,,corrected-archive-csv
162860,Luleå-Kallax Flygplats,21,Byvind,"max, 1 gång/tim",meter per sekund,2022-09-01T06:00:00Z,2022-09-01T08:00:00+02:00,1662012000000,,9.0,9.0,G,,corrected-archive-csv
162860,Luleå-Kallax Flygplats,21,Byvind,"max, 1 gång/tim",meter per sekund,2022-09-01T08:00:00Z,2022-09-01T10:00:00+02:00,1662019200000,,8.0,8.0,G,,corrected-archive-csv
162860,Luleå-Kallax Flygplats,21,Byvind,"max, 1 gång/tim",meter per sekund,2022-09-01T09:00:00Z,2022-09-01T11:00:00+02:00,1662022800000,,9.0,9.0,G,,corrected-archive-csv
162860,Luleå-Kallax Flygplats,21,Byvind,"max, 1 gång/tim",meter per sekund,2022-09-01T10:00:00Z,2022-09-01T12:00:00+02:00,1662026400000,,8.0,8.0,G,,corrected-archive-csv
162860,Luleå-Kallax Flygplats,21,Byvind,"max, 1 gång/tim",meter per sekund,2022-09-01T11:00:00Z,2022-09-01T13:00:00+02:00,1662030000000,,10.0,10.0,G,,corrected-archive-csv
162860,Luleå-Kallax Flygplats,21,Byvind,"max, 1 gång/tim",meter per sekund,2022-09-01T12:00:00Z,2022-09-01T14:00:00+02:00,1662033600000,,9.0,9.0,G,,corrected-archive-csv
162860,Luleå-Kallax Flygplats,21,Byvind,"max, 1 gång/tim",meter per sekund,2022-09-01T15:00:00Z,2022-09-01T17:00:00+02:00,1662044400000,,11.0,11.0,G,,corrected-archive-csv
162860,Luleå-Kallax Flygplats,21,Byvind,"max, 1 gång/tim",meter per sekund,2022-09-01T16:00:00Z,2022-09-01T18:00:00+02:00,1662048000000,,8.0,8.0,G,,corrected-archive-csv
162860,Luleå-Kallax Flygplats,21,Byvind,"max, 1 gång/tim",meter per sekund,2022-09-01T17:00:00Z,2022-09-01T19:00:00+02:00,1662051600000,,7.0,7.0,G,,corrected-archive-csv
162860,Luleå-Kallax Flygplats,21,Byvind,"max, 1 gång/tim",meter per sekund,2022-09-01T19:00:00Z,2022-09-01T21:00:00+02:00,1662058800000,,6.0,6.0,G,,corrected-archive-csv
162860,Luleå-Kallax Flygplats,21,Byvind,"max, 1 gång/tim",meter per sekund,2022-09-01T21:00:00Z,2022-09-01T23:00:00+02:00,1662066000000,,7.0,7.0,G,,corrected-archive-csv
162860,Luleå-Kallax Flygplats,21,Byvind,"max, 1 gång/tim",meter per sekund,2022-09-01T22:00:00Z,2022-09-02T00:00:00+02:00,1662069600000,,5.0,5.0,G,,corrected-archive-csv
162860,Luleå-Kallax Flygplats,21,Byvind,"max, 1 gång/tim",meter per sekund,2022-09-01T23:00:00Z,2022-09-02T01:00:00+02:00,1662073200000,,4.0,4.0,G,,corrected-archive-csv
162860,Luleå-Kallax Flygplats,21,Byvind,"max, 1 gång/tim",meter per sekund,2022-09-02T01:00:00Z,2022-09-02T03:00:00+02:00,1662080400000,,5.0,5.0,G,,corrected-archive-csv
162860,Luleå-Kallax Flygplats,21,Byvind,"max, 1 gång/tim",meter per sekund,2022-09-02T02:00:00Z,2022-09-02T04:00:00+02:00,1662084000000,,6.0,6.0,G,,corrected-archive-csv
162860,Luleå-Kallax Flygplats,21,Byvind,"max, 1 gång/tim",meter per sekund,2022-09-02T05:00:00Z,2022-09-02T07:00:00+02:00,1662094800000,,7.0,7.0,G,,corrected-archive-csv
162860,Luleå-Kallax Flygplats,21,Byvind,"max, 1 gång/tim",meter per sekund,2022-09-02T06:00:00Z,2022-09-02T08:00:00+02:00,1662098400000,,9.0,9.0,G,,corrected-archive-csv
162860,Luleå-Kallax Flygplats,21,Byvind,"max, 1 gång/tim",meter per sekund,2022-09-02T07:00:00Z,2022-09-02T09:00:00+02:00,1662102000000,,8.0,8.0,G,,corrected-archive-csv
162860,Luleå-Kallax Flygplats,21,Byvind,"max, 1 gång/tim",meter per sekund,2022-09-02T09:00:00Z,2022-09-02T11:00:00+02:00,1662109200000,,10.0,10.0,G,,corrected-archive-csv
162860,Luleå-Kallax Flygplats,21,Byvind,"max, 1 gång/tim",meter per sekund,2022-09-02T10:00:00Z,2022-09-02T12:00:00+02:00,1662112800000,,9.0,9.0,G,,corrected-archive-csv
162860,Luleå-Kallax Flygplats,21,Byvind,"max, 1 gång/tim",meter per sekund,2022-09-02T13:00:00Z,2022-09-02T15:00:00+02:00,1662123600000,,10.0,10.0,G,,corrected-archive-csv
162860,Luleå-Kallax Flygplats,21,Byvind,"max, 1 gång/tim",meter per sekund,2022-09-02T16:00:00Z,2022-09-02T18:00:00+02:00,1662134400000,,9.0,9.0,G,,corrected-archive-csv
162860,Luleå-Kallax Flygplats,21,Byvind,"max, 1 gång/tim",meter per sekund,2022-09-02T17:00:00Z,2022-09-02T19:00:00+02:00,1662138000000,,7.0,7.0,G,,corrected-archive-csv
162860,Luleå-Kallax Flygplats,21,Byvind,"max, 1 gång/tim",meter per sekund,2022-09-02T18:00:00Z,2022-09-02T20:00:00+02:00,1662141600000,,6.0,6.0,G,,corrected-archive-csv
162860,Luleå-Kallax Flygplats,21,Byvind,"max, 1 gång/tim",meter per sekund,2022-09-02T23:00:00Z,2022-09-03T01:00:00+02:00,1662159600000,,7.0,7.0,G,,corrected-archive-csv
162860,Luleå-Kallax Flygplats,21,Byvind,"max, 1 gång/tim",meter per sekund,2022-09-03T00:00:00Z,2022-09-03T02:00:00+02:00,1662163200000,,8.0,8.0,G,,corrected-archive-csv
162860,Luleå-Kallax Flygplats,21,Byvind,"max, 1 gång/tim",meter per sekund,2022-09-03T01:00:00Z,2022-09-03T03:00:00+02:00,1662166800000,,9.0,9.0,G,,corrected-archive-csv
162860,Luleå-Kallax Flygplats,21,Byvind,"max, 1 gång/tim",meter per sekund,2022-09-03T02:00:00Z,2022-09-03T04:00:00+02:00,1662170400000,,7.0,7.0,G,,corrected-archive-csv
162860,Luleå-Kallax Flygplats,21,Byvind,"max, 1 gång/tim",meter per sekund,2022-09-03T03:00:00Z,2022-09-03T05:00:00+02:00,1662174000000,,8.0,8.0,G,,corrected-archive-csv
162860,Luleå-Kallax Flygplats,21,Byvind,"max, 1 gång/tim",meter per sekund,2022-09-03T04:00:00Z,2022-09-03T06:00:00+02:00,1662177600000,,9.0,9.0,G,,corrected-archive-csv
162860,Luleå-Kallax Flygplats,21,Byvind,"max, 1 gång/tim",meter per sekund,2022-09-03T05:00:00Z,2022-09-03T07:00:00+02:00,1662181200000,,8.0,8.0,G,,corrected-archive-csv
162860,Luleå-Kallax Flygplats,21,Byvind,"max, 1 gång/tim",meter per sekund,2022-09-03T06:00:00Z,2022-09-03T08:00:00+02:00,1662184800000,,9.0,9.0,G,,corrected-archive-csv
162860,Luleå-Kallax Flygplats,21,Byvind,"max, 1 gång/tim",meter per sekund,2022-09-03T10:00:00Z,2022-09-03T12:00:00+02:00,1662199200000,,10.0,10.0,G,,corrected-archive-csv
162860,Luleå-Kallax Flygplats,21,Byvind,"max, 1 gång/tim",meter per sekund,2022-09-03T13:00:00Z,2022-09-03T15:00:00+02:00,1662210000000,,9.0,9.0,G,,corrected-archive-csv
162860,Luleå-Kallax Flygplats,21,Byvind,"max, 1 gång/tim",meter per sekund,2022-09-03T16:00:00Z,2022-09-03T18:00:00+02:00,1662220800000,,8.0,8.0,G,,corrected-archive-csv
162860,Luleå-Kallax Flygplats,21,Byvind,"max, 1 gång/tim",meter per sekund,2022-09-03T17:00:00Z,2022-09-03T19:00:00+02:00,1662224400000,,7.0,7.0,G,,corrected-archive-csv
162860,Luleå-Kallax Flygplats,21,Byvind,"max, 1 gång/tim",meter per sekund,2022-09-03T21:00:00Z,2022-09-03T23:00:00+02:00,1662238800000,,5.0,5.0,G,,corrected-archive-csv
162860,Luleå-Kallax Flygplats,21,Byvind,"max, 1 gång/tim",meter per sekund,2022-09-03T23:00:00Z,2022-09-04T01:00:00+02:00,1662246000000,,4.0,4.0,G,,corrected-archive-csv
162860,Luleå-Kallax Flygplats,21,Byvind,"max, 1 gång/tim",meter per sekund,2022-09-04T00:00:00Z,2022-09-04T02:00:00+02:00,1662249600000,,5.0,5.0,G,,corrected-archive-csv
162860,Luleå-Kallax Flygplats,21,Byvind,"max, 1 gång/tim",meter per sekund,2022-09-04T01:00:00Z,2022-09-04T03:00:00+02:00,1662253200000,,6.0,6.0,G,,corrected-archive-csv
162860,Luleå-Kallax Flygplats,21,Byvind,"max, 1 gång/tim",meter per sekund,2022-09-04T03:00:00Z,2022-09-04T05:00:00+02:00,1662260400000,,5.0,5.0,G,,corrected-archive-csv
162860,Luleå-Kallax Flygplats,21,Byvind,"max, 1 gång/tim",meter per sekund,2022-09-04T04:00:00Z,2022-09-04T06:00:00+02:00,1662264000000,,6.0,6.0,G,,corrected-archive-csv
162860,Luleå-Kallax Flygplats,21,Byvind,"max, 1 gång/tim",meter per sekund,2022-09-04T05:00:00Z,2022-09-04T07:00:00+02:00,1662267600000,,5.0,5.0,G,,corrected-archive-csv
162860,Luleå-Kallax Flygplats,21,Byvind,"max, 1 gång/tim",meter per sekund,2022-09-04T06:00:00Z,2022-09-04T08:00:00+02:00,1662271200000,,6.0,6.0,G,,corrected-archive-csv
162860,Luleå-Kallax Flygplats,21,Byvind,"max, 1 gång/tim",meter per sekund,2022-09-04T07:00:00Z,2022-09-04T09:00:00+02:00,1662274800000,,7.0,7.0,G,,corrected-archive-csv
162860,Luleå-Kallax Flygplats,21,Byvind,"max, 1 gång/tim",meter per sekund,2022-09-04T09:00:00Z,2022-09-04T11:00:00+02:00,1662282000000,,8.0,8.0,G,,corrected-archive-csv
162860,Luleå-Kallax Flygplats,21,Byvind,"max, 1 gång/tim",meter per sekund,2022-09-04T10:00:00Z,2022-09-04T12:00:00+02:00,1662285600000,,7.0,7.0,G,,corrected-archive-csv
162860,Luleå-Kallax Flygplats,21,Byvind,"max, 1 gång/tim",meter per sekund,2022-09-04T11:00:00Z,2022-09-04T13:00:00+02:00,1662289200000,,8.0,8.0,G,,corrected-archive-csv
162860,Luleå-Kallax Flygplats,21,Byvind,"max, 1 gång/tim",meter per sekund,2022-09-04T12:00:00Z,2022-09-04T14:00:00+02:00,1662292800000,,7.0,7.0,G,,corrected-archive-csv
162860,Luleå-Kallax Flygplats,21,Byvind,"max, 1 gång/tim",meter per sekund,2022-09-04T14:00:00Z,2022-09-04T16:00:00+02:00,1662300000000,,6.0,6.0,G,,corrected-archive-csv
162860,Luleå-Kallax Flygplats,21,Byvind,"max, 1 gång/tim",meter per sekund,2022-09-04T16:00:00Z,2022-09-04T18:00:00+02:00,1662307200000,,5.0,5.0,G,,corrected-archive-csv
162860,Luleå-Kallax Flygplats,21,Byvind,"max, 1 gång/tim",meter per sekund,2022-09-04T17:00:00Z,2022-09-04T19:00:00+02:00,1662310800000,,2.0,2.0,G,,corrected-archive-csv
162860,Luleå-Kallax Flygplats,21,Byvind,"max, 1 gång/tim",meter per sekund,2022-09-04T18:00:00Z,2022-09-04T20:00:00+02:00,1662314400000,,1.0,1.0,G,,corrected-archive-csv
162860,Luleå-Kallax Flygplats,21,Byvind,"max, 1 gång/tim",meter per sekund,2022-09-04T20:00:00Z,2022-09-04T22:00:00+02:00,1662321600000,,2.0,2.0,G,,corrected-archive-csv
162860,Luleå-Kallax Flygplats,21,Byvind,"max, 1 gång/tim",meter per sekund,2022-09-04T21:00:00Z,2022-09-04T23:00:00+02:00,1662325200000,,3.0,3.0,G,,corrected-archive-csv
162860,Luleå-Kallax Flygplats,21,Byvind,"max, 1 gång/tim",meter per sekund,2022-09-04T23:00:00Z,2022-09-05T01:00:00+02:00,1662332400000,,2.0,2.0,G,,corrected-archive-csv
162860,Luleå-Kallax Flygplats,21,Byvind,"max, 1 gång/tim",meter per sekund,2022-09-05T01:00:00Z,2022-09-05T03:00:00+02:00,1662339600000,,3.0,3.0,G,,corrected-archive-csv
162860,Luleå-Kallax Flygplats,21,Byvind,"max, 1 gång/tim",meter per sekund,2022-09-05T02:00:00Z,2022-09-05T04:00:00+02:00,1662343200000,,2.0,2.0,G,,corrected-archive-csv
162860,Luleå-Kallax Flygplats,21,Byvind,"max, 1 gång/tim",meter per sekund,2022-09-05T06:00:00Z,2022-09-05T08:00:00+02:00,1662357600000,,1.0,1.0,G,,corrected-archive-csv
162860,Luleå-Kallax Flygplats,21,Byvind,"max, 1 gång/tim",meter per sekund,2022-09-05T08:00:00Z,2022-09-05T10:00:00+02:00,1662364800000,,3.0,3.0,G,,corrected-archive-csv
162860,Luleå-Kallax Flygplats,21,Byvind,"max, 1 gång/tim",meter per sekund,2022-09-05T09:00:00Z,2022-09-05T11:00:00+02:00,1662368400000,,5.0,5.0,G,,corrected-archive-csv
162860,Luleå-Kallax Flygplats,21,Byvind,"max, 1 gång/tim",meter per sekund,2022-09-05T11:00:00Z,2022-09-05T13:00:00+02:00,1662375600000,,6.0,6.0,G,,corrected-archive-csv
162860,Luleå-Kallax Flygplats,21,Byvind,"max, 1 gång/tim",meter per sekund,2022-09-05T12:00:00Z,2022-09-05T14:00:00+02:00,1662379200000,,7.0,7.0,G,,corrected-archive-csv
162860,Luleå-Kallax Flygplats,21,Byvind,"max, 1 gång/tim",meter per sekund,2022-09-05T13:00:00Z,2022-09-05T15:00:00+02:00,1662382800000,,8.0,8.0,G,,corrected-archive-csv
162860,Luleå-Kallax Flygplats,21,Byvind,"max, 1 gång/tim",meter per sekund,2022-09-05T14:00:00Z,2022-09-05T16:00:00+02:00,1662386400000,,7.0,7.0,G,,corrected-archive-csv
162860,Luleå-Kallax Flygplats,21,Byvind,"max, 1 gång/tim",meter per sekund,2022-09-05T16:00:00Z,2022-09-05T18:00:00+02:00,1662393600000,,6.0,6.0,G,,corrected-archive-csv
162860,Luleå-Kallax Flygplats,21,Byvind,"max, 1 gång/tim",meter per sekund,2022-09-05T17:00:00Z,2022-09-05T19:00:00+02:00,1662397200000,,4.0,4.0,G,,corrected-archive-csv
162860,Luleå-Kallax Flygplats,21,Byvind,"max, 1 gång/tim",meter per sekund,2022-09-05T18:00:00Z,2022-09-05T20:00:00+02:00,1662400800000,,2.0,2.0,G,,corrected-archive-csv
162860,Luleå-Kallax Flygplats,21,Byvind,"max, 1 gång/tim",meter per sekund,2022-09-05T21:00:00Z,2022-09-05T23:00:00+02:00,1662411600000,,4.0,4.0,G,,corrected-archive-csv
162860,Luleå-Kallax Flygplats,21,Byvind,"max, 1 gång/tim",meter per sekund,2022-09-05T22:00:00Z,2022-09-06T00:00:00+02:00,1662415200000,,7.0,7.0,G,,corrected-archive-csv
162860,Luleå-Kallax Flygplats,21,Byvind,"max, 1 gång/tim",meter per sekund,2022-09-06T00:00:00Z,2022-09-06T02:00:00+02:00,1662422400000,,6.0,6.0,G,,corrected-archive-csv
162860,Luleå-Kallax Flygplats,21,Byvind,"max, 1 gång/tim",meter per sekund,2022-09-06T01:00:00Z,2022-09-06T03:00:00+02:00,1662426000000,,5.0,5.0,G,,corrected-archive-csv
162860,Luleå-Kallax Flygplats,21,Byvind,"max, 1 gång/tim",meter per sekund,2022-09-06T02:00:00Z,2022-09-06T04:00:00+02:00,1662429600000,,4.0,4.0,G,,corrected-archive-csv
162860,Luleå-Kallax Flygplats,21,Byvind,"max, 1 gång/tim",meter per sekund,2022-09-06T03:00:00Z,2022-09-06T05:00:00+02:00,1662433200000,,5.0,5.0,G,,corrected-archive-csv
162860,Luleå-Kallax Flygplats,21,Byvind,"max, 1 gång/tim",meter per sekund,2022-09-06T07:00:00Z,2022-09-06T09:00:00+02:00,1662447600000,,7.0,7.0,G,,corrected-archive-csv
162860,Luleå-Kallax Flygplats,21,Byvind,"max, 1 gång/tim",meter per sekund,2022-09-06T08:00:00Z,2022-09-06T10:00:00+02:00,1662451200000,,9.0,9.0,G,,corrected-archive-csv
162860,Luleå-Kallax Flygplats,21,Byvind,"max, 1 gång/tim",meter per sekund,2022-09-06T09:00:00Z,2022-09-06T11:00:00+02:00,1662454800000,,11.0,11.0,G,,corrected-archive-csv
162860,Luleå-Kallax Flygplats,21,Byvind,"max, 1 gång/tim",meter per sekund,2022-09-06T11:00:00Z,2022-09-06T13:00:00+02:00,1662462000000,,10.0,10.0,G,,corrected-archive-csv
162860,Luleå-Kallax Flygplats,21,Byvind,"max, 1 gång/tim",meter per sekund,2022-09-06T15:00:00Z,2022-09-06T17:00:00+02:00,1662476400000,,8.0,8.0,G,,corrected-archive-csv
162860,Luleå-Kallax Flygplats,21,Byvind,"max, 1 gång/tim",meter per sekund,2022-09-06T16:00:00Z,2022-09-06T18:00:00+02:00,1662480000000,,7.0,7.0,G,,corrected-archive-csv
162860,Luleå-Kallax Flygplats,21,Byvind,"max, 1 gång/tim",meter per sekund,2022-09-06T17:00:00Z,2022-09-06T19:00:00+02:00,1662483600000,,6.0,6.0,G,,corrected-archive-csv
162860,Luleå-Kallax Flygplats,21,Byvind,"max, 1 gång/tim",meter per sekund,2022-09-06T18:00:00Z,2022-09-06T20:00:00+02:00,1662487200000,,4.0,4.0,G,,corrected-archive-csv
162860,Luleå-Kallax Flygplats,21,Byvind,"max, 1 gång/tim",meter per sekund,2022-09-06T19:00:00Z,2022-09-06T21:00:00+02:00,1662490800000,,3.0,3.0,G,,corrected-archive-csv
162860,Luleå-Kallax Flygplats,21,Byvind,"max, 1 gång/tim",meter per sekund,2022-09-07T00:00:00Z,2022-09-07T02:00:00+02:00,1662508800000,,4.0,4.0,G,,corrected-archive-csv
162860,Luleå-Kallax Flygplats,21,Byvind,"max, 1 gång/tim",meter per sekund,2022-09-07T04:00:00Z,2022-09-07T06:00:00+02:00,1662523200000,,5.0,5.0,G,,corrected-archive-csv
162860,Luleå-Kallax Flygplats,21,Byvind,"max, 1 gång/tim",meter per sekund,2022-09-07T08:00:00Z,2022-09-07T10:00:00+02:00,1662537600000,,6.0,6.0,G,,corrected-archive-csv
162860,Luleå-Kallax Flygplats,21,Byvind,"max, 1 gång/tim",meter per sekund,2022-09-07T09:00:00Z,2022-09-07T11:00:00+02:00,1662541200000,,5.0,5.0,G,,corrected-archive-csv
162860,Luleå-Kallax Flygplats,21,Byvind,"max, 1 gång/tim",meter per sekund,2022-09-07T11:00:00Z,2022-09-07T13:00:00+02:00,1662548400000,,7.0,7.0,G,,corrected-archive-csv
162860,Luleå-Kallax Flygplats,21,Byvind,"max, 1 gång/tim",meter per sekund,2022-09-07T12:00:00Z,2022-09-07T14:00:00+02:00,1662552000000,,6.0,6.0,G,,corrected-archive-csv
162860,Luleå-Kallax Flygplats,21,Byvind,"max, 1 gång/tim",meter per sekund,2022-09-07T15:00:00Z,2022-09-07T17:00:00+02:00,1662562800000,,4.0,4.0,G,,corrected-archive-csv
162860,Luleå-Kallax Flygplats,21,Byvind,"max, 1 gång/tim",meter per sekund,2022-09-07T16:00:00Z,2022-09-07T18:00:00+02:00,1662566400000,,3.0,3.0,G,,corrected-archive-csv
162860,Luleå-Kallax Flygplats,21,Byvind,"max, 1 gång/tim",meter per sekund,2022-09-07T18:00:00Z,2022-09-07T20:00:00+02:00,1662573600000,,2.0,2.0,G,,corrected-archive-csv
162860,Luleå-Kallax Flygplats,21,Byvind,"max, 1 gång/tim",meter per sekund,2022-09-07T19:00:00Z,2022-09-07T21:00:00+02:00,1662577200000,,1.0,1.0,G,,corrected-archive-csv
162860,Luleå-Kallax Flygplats,21,Byvind,"max, 1 gång/tim",meter per sekund,2022-09-07T20:00:00Z,2022-09-07T22:00:00+02:00,1662580800000,,2.0,2.0,G,,corrected-archive-csv
162860,Luleå-Kallax Flygplats,21,Byvind,"max, 1 gång/tim",meter per sekund,2022-09-08T01:00:00Z,2022-09-08T03:00:00+02:00,1662598800000,,1.0,1.0,G,,corrected-archive-csv
162860,Luleå-Kallax Flygplats,21,Byvind,"max, 1 gång/tim",meter per sekund,2022-09-08T04:00:00Z,2022-09-08T06:00:00+02:00,1662609600000,,2.0,2.0,G,,corrected-archive-csv
162860,Luleå-Kallax Flygplats,21,Byvind,"max, 1 gång/tim",meter per sekund,2022-09-08T06:00:00Z,2022-09-08T08:00:00+02:00,1662616800000,,3.0,3.0,G,,corrected-archive-csv
162860,Luleå-Kallax Flygplats,21,Byvind,"max, 1 gång/tim",meter per sekund,2022-09-08T07:00:00Z,2022-09-08T09:00:00+02:00,1662620400000,,4.0,4.0,G,,corrected-archive-csv
162860,Luleå-Kallax Flygplats,21,Byvind,"max, 1 gång/tim",meter per sekund,2022-09-08T08:00:00Z,2022-09-08T10:00:00+02:00,1662624000000,,7.0,7.0,G,,corrected-archive-csv
162860,Luleå-Kallax Flygplats,21,Byvind,"max, 1 gång/tim",meter per sekund,2022-09-08T16:00:00Z,2022-09-08T18:00:00+02:00,1662652800000,,8.0,8.0,G,,corrected-archive-csv
162860,Luleå-Kallax Flygplats,21,Byvind,"max, 1 gång/tim",meter per sekund,2022-09-08T17:00:00Z,2022-09-08T19:00:00+02:00,1662656400000,,5.0,5.0,G,,corrected-archive-csv
162860,Luleå-Kallax Flygplats,21,Byvind,"max, 1 gång/tim",meter per sekund,2022-09-08T18:00:00Z,2022-09-08T20:00:00+02:00,1662660000000,,6.0,6.0,G,,corrected-archive-csv
162860,Luleå-Kallax Flygplats,21,Byvind,"max, 1 gång/tim",meter per sekund,2022-09-08T19:00:00Z,2022-09-08T21:00:00+02:00,1662663600000,,4.0,4.0,G,,corrected-archive-csv
162860,Luleå-Kallax Flygplats,21,Byvind,"max, 1 gång/tim",meter per sekund,2022-09-08T20:00:00Z,2022-09-08T22:00:00+02:00,1662667200000,,3.0,3.0,G,,corrected-archive-csv
162860,Luleå-Kallax Flygplats,21,Byvind,"max, 1 gång/tim",meter per sekund,2022-09-08T21:00:00Z,2022-09-08T23:00:00+02:00,1662670800000,,5.0,5.0,G,,corrected-archive-csv
162860,Luleå-Kallax Flygplats,21,Byvind,"max, 1 gång/tim",meter per sekund,2022-09-08T22:00:00Z,2022-09-09T00:00:00+02:00,1662674400000,,3.0,3.0,G,,corrected-archive-csv
162860,Luleå-Kallax Flygplats,21,Byvind,"max, 1 gång/tim",meter per sekund,2022-09-09T00:00:00Z,2022-09-09T02:00:00+02:00,1662681600000,,2.0,2.0,G,,corrected-archive-csv
162860,Luleå-Kallax Flygplats,21,Byvind,"max, 1 gång/tim",meter per sekund,2022-09-09T02:00:00Z,2022-09-09T04:00:00+02:00,1662688800000,,3.0,3.0,G,,corrected-archive-csv
162860,Luleå-Kallax Flygplats,21,Byvind,"max, 1 gång/tim",meter per sekund,2022-09-09T04:00:00Z,2022-09-09T06:00:00+02:00,1662696000000,,4.0,4.0,G,,corrected-archive-csv
162860,Luleå-Kallax Flygplats,21,Byvind,"max, 1 gång/tim",meter per sekund,2022-09-09T05:00:00Z,2022-09-09T07:00:00+02:00,1662699600000,,3.0,3.0,G,,corrected-archive-csv
162860,Luleå-Kallax Flygplats,21,Byvind,"max, 1 gång/tim",meter per sekund,2022-09-09T07:00:00Z,2022-09-09T09:00:00+02:00,1662706800000,,5.0,5.0,G,,corrected-archive-csv
162860,Luleå-Kallax Flygplats,21,Byvind,"max, 1 gång/tim",meter per sekund,2022-09-09T11:00:00Z,2022-09-09T13:00:00+02:00,1662721200000,,6.0,6.0,G,,corrected-archive-csv
162860,Luleå-Kallax Flygplats,21,Byvind,"max, 1 gång/tim",meter per sekund,2022-09-09T12:00:00Z,2022-09-09T14:00:00+02:00,1662724800000,,7.0,7.0,G,,corrected-archive-csv
162860,Luleå-Kallax Flygplats,21,Byvind,"max, 1 gång/tim",meter per sekund,2022-09-09T13:00:00Z,2022-09-09T15:00:00+02:00,1662728400000,,6.0,6.0,G,,corrected-archive-csv
162860,Luleå-Kallax Flygplats,21,Byvind,"max, 1 gång/tim",meter per sekund,2022-09-09T14:00:00Z,2022-09-09T16:00:00+02:00,1662732000000,,7.0,7.0,G,,corrected-archive-csv
162860,Luleå-Kallax Flygplats,21,Byvind,"max, 1 gång/tim",meter per sekund,2022-09-09T15:00:00Z,2022-09-09T17:00:00+02:00,1662735600000,,6.0,6.0,G,,corrected-archive-csv
162860,Luleå-Kallax Flygplats,21,Byvind,"max, 1 gång/tim",meter per sekund,2022-09-09T16:00:00Z,2022-09-09T18:00:00+02:00,1662739200000,,5.0,5.0,G,,corrected-archive-csv
162860,Luleå-Kallax Flygplats,21,Byvind,"max, 1 gång/tim",meter per sekund,2022-09-09T18:00:00Z,2022-09-09T20:00:00+02:00,1662746400000,,3.0,3.0,G,,corrected-archive-csv
162860,Luleå-Kallax Flygplats,21,Byvind,"max, 1 gång/tim",meter per sekund,2022-09-09T19:00:00Z,2022-09-09T21:00:00+02:00,1662750000000,,4.0,4.0,G,,corrected-archive-csv
162860,Luleå-Kallax Flygplats,21,Byvind,"max, 1 gång/tim",meter per sekund,2022-09-09T20:00:00Z,2022-09-09T22:00:00+02:00,1662753600000,,3.0,3.0,G,,corrected-archive-csv
162860,Luleå-Kallax Flygplats,21,Byvind,"max, 1 gång/tim",meter per sekund,2022-09-09T21:00:00Z,2022-09-09T23:00:00+02:00,1662757200000,,2.0,2.0,G,,corrected-archive-csv
162860,Luleå-Kallax Flygplats,21,Byvind,"max, 1 gång/tim",meter per sekund,2022-09-10T01:00:00Z,2022-09-10T03:00:00+02:00,1662771600000,,1.0,1.0,G,,corrected-archive-csv
162860,Luleå-Kallax Flygplats,21,Byvind,"max, 1 gång/tim",meter per sekund,2022-09-10T04:00:00Z,2022-09-10T06:00:00+02:00,1662782400000,,2.0,2.0,G,,corrected-archive-csv
162860,Luleå-Kallax Flygplats,21,Byvind,"max, 1 gång/tim",meter per sekund,2022-09-10T06:00:00Z,2022-09-10T08:00:00+02:00,1662789600000,,3.0,3.0,G,,corrected-archive-csv
162860,Luleå-Kallax Flygplats,21,Byvind,"max, 1 gång/tim",meter per sekund,2022-09-10T07:00:00Z,2022-09-10T09:00:00+02:00,1662793200000,,4.0,4.0,G,,corrected-archive-csv
162860,Luleå-Kallax Flygplats,21,Byvind,"max, 1 gång/tim",meter per sekund,2022-09-10T10:00:00Z,2022-09-10T12:00:00+02:00,1662804000000,,3.0,3.0,G,,corrected-archive-csv
162860,Luleå-Kallax Flygplats,21,Byvind,"max, 1 gång/tim",meter per sekund,2022-09-10T12:00:00Z,2022-09-10T14:00:00+02:00,1662811200000,,4.0,4.0,G,,corrected-archive-csv
162860,Luleå-Kallax Flygplats,21,Byvind,"max, 1 gång/tim",meter per sekund,2022-09-10T13:00:00Z,2022-09-10T15:00:00+02:00,1662814800000,,5.0,5.0,G,,corrected-archive-csv
162860,Luleå-Kallax Flygplats,21,Byvind,"max, 1 gång/tim",meter per sekund,2022-09-10T16:00:00Z,2022-09-10T18:00:00+02:00,1662825600000,,4.0,4.0,G,,corrected-archive-csv
162860,Luleå-Kallax Flygplats,21,Byvind,"max, 1 gång/tim",meter per sekund,2022-09-10T17:00:00Z,2022-09-10T19:00:00+02:00,1662829200000,,3.0,3.0,G,,corrected-archive-csv
162860,Luleå-Kallax Flygplats,21,Byvind,"max, 1 gång/tim",meter per sekund,2022-09-10T18:00:00Z,2022-09-10T20:00:00+02:00,1662832800000,,2.0,2.0,G,,corrected-archive-csv
162860,Luleå-Kallax Flygplats,21,Byvind,"max, 1 gång/tim",meter per sekund,2022-09-10T19:00:00Z,2022-09-10T21:00:00+02:00,1662836400000,,3.0,3.0,G,,corrected-archive-csv
162860,Luleå-Kallax Flygplats,21,Byvind,"max, 1 gång/tim",meter per sekund,2022-09-10T20:00:00Z,2022-09-10T22:00:00+02:00,1662840000000,,4.0,4.0,G,,corrected-archive-csv
162860,Luleå-Kallax Flygplats,21,Byvind,"max, 1 gång/tim",meter per sekund,2022-09-10T22:00:00Z,2022-09-11T00:00:00+02:00,1662847200000,,2.0,2.0,G,,corrected-archive-csv
162860,Luleå-Kallax Flygplats,21,Byvind,"max, 1 gång/tim",meter per sekund,2022-09-10T23:00:00Z,2022-09-11T01:00:00+02:00,1662850800000,,1.0,1.0,G,,corrected-archive-csv
162860,Luleå-Kallax Flygplats,21,Byvind,"max, 1 gång/tim",meter per sekund,2022-09-11T01:00:00Z,2022-09-11T03:00:00+02:00,1662858000000,,2.0,2.0,G,,corrected-archive-csv
162860,Luleå-Kallax Flygplats,21,Byvind,"max, 1 gång/tim",meter per sekund,2022-09-11T07:00:00Z,2022-09-11T09:00:00+02:00,1662879600000,,1.0,1.0,G,,corrected-archive-csv
162860,Luleå-Kallax Flygplats,21,Byvind,"max, 1 gång/tim",meter per sekund,2022-09-11T08:00:00Z,2022-09-11T10:00:00+02:00,1662883200000,,3.0,3.0,G,,corrected-archive-csv
162860,Luleå-Kallax Flygplats,21,Byvind,"max, 1 gång/tim",meter per sekund,2022-09-11T09:00:00Z,2022-09-11T11:00:00+02:00,1662886800000,,5.0,5.0,G,,corrected-archive-csv
162860,Luleå-Kallax Flygplats,21,Byvind,"max, 1 gång/tim",meter per sekund,2022-09-11T11:00:00Z,2022-09-11T13:00:00+02:00,1662894000000,,7.0,7.0,G,,corrected-archive-csv
162860,Luleå-Kallax Flygplats,21,Byvind,"max, 1 gång/tim",meter per sekund,2022-09-11T13:00:00Z,2022-09-11T15:00:00+02:00,1662901200000,,8.0,8.0,G,,corrected-archive-csv
162860,Luleå-Kallax Flygplats,21,Byvind,"max, 1 gång/tim",meter per sekund,2022-09-11T16:00:00Z,2022-09-11T18:00:00+02:00,1662912000000,,7.0,7.0,G,,corrected-archive-csv
162860,Luleå-Kallax Flygplats,21,Byvind,"max, 1 gång/tim",meter per sekund,2022-09-11T17:00:00Z,2022-09-11T19:00:00+02:00,1662915600000,,6.0,6.0,G,,corrected-archive-csv
162860,Luleå-Kallax Flygplats,21,Byvind,"max, 1 gång/tim",meter per sekund,2022-09-11T19:00:00Z,2022-09-11T21:00:00+02:00,1662922800000,,4.0,4.0,G,,corrected-archive-csv
162860,Luleå-Kallax Flygplats,21,Byvind,"max, 1 gång/tim",meter per sekund,2022-09-11T21:00:00Z,2022-09-11T23:00:00+02:00,1662930000000,,3.0,3.0,G,,corrected-archive-csv
162860,Luleå-Kallax Flygplats,21,Byvind,"max, 1 gång/tim",meter per sekund,2022-09-11T22:00:00Z,2022-09-12T00:00:00+02:00,1662933600000,,4.0,4.0,G,,corrected-archive-csv
162860,Luleå-Kallax Flygplats,21,Byvind,"max, 1 gång/tim",meter per sekund,2022-09-12T04:00:00Z,2022-09-12T06:00:00+02:00,1662955200000,,2.0,2.0,G,,corrected-archive-csv
162860,Luleå-Kallax Flygplats,21,Byvind,"max, 1 gång/tim",meter per sekund,2022-09-12T06:00:00Z,2022-09-12T08:00:00+02:00,1662962400000,,4.0,4.0,G,,corrected-archive-csv
162860,Luleå-Kallax Flygplats,21,Byvind,"max, 1 gång/tim",meter per sekund,2022-09-12T07:00:00Z,2022-09-12T09:00:00+02:00,1662966000000,,3.0,3.0,G,,corrected-archive-csv
162860,Luleå-Kallax Flygplats,21,Byvind,"max, 1 gång/tim",meter per sekund,2022-09-12T10:00:00Z,2022-09-12T12:00:00+02:00,1662976800000,,2.0,2.0,G,,corrected-archive-csv
162860,Luleå-Kallax Flygplats,21,Byvind,"max, 1 gång/tim",meter per sekund,2022-09-12T12:00:00Z,2022-09-12T14:00:00+02:00,1662984000000,,3.0,3.0,G,,corrected-archive-csv
162860,Luleå-Kallax Flygplats,21,Byvind,"max, 1 gång/tim",meter per sekund,2022-09-12T16:00:00Z,2022-09-12T18:00:00+02:00,1662998400000,,5.0,5.0,G,,corrected-archive-csv
162860,Luleå-Kallax Flygplats,21,Byvind,"max, 1 gång/tim",meter per sekund,2022-09-12T17:00:00Z,2022-09-12T19:00:00+02:00,1663002000000,,1.0,1.0,G,,corrected-archive-csv
162860,Luleå-Kallax Flygplats,21,Byvind,"max, 1 gång/tim",meter per sekund,2022-09-12T22:00:00Z,2022-09-13T00:00:00+02:00,1663020000000,,2.0,2.0,G,,corrected-archive-csv
162860,Luleå-Kallax Flygplats,21,Byvind,"max, 1 gång/tim",meter per sekund,2022-09-12T23:00:00Z,2022-09-13T01:00:00+02:00,1663023600000,,4.0,4.0,G,,corrected-archive-csv
162860,Luleå-Kallax Flygplats,21,Byvind,"max, 1 gång/tim",meter per sekund,2022-09-13T00:00:00Z,2022-09-13T02:00:00+02:00,1663027200000,,5.0,5.0,G,,corrected-archive-csv
162860,Luleå-Kallax Flygplats,21,Byvind,"max, 1 gång/tim",meter per sekund,2022-09-13T02:00:00Z,2022-09-13T04:00:00+02:00,1663034400000,,4.0,4.0,G,,corrected-archive-csv
162860,Luleå-Kallax Flygplats,21,Byvind,"max, 1 gång/tim",meter per sekund,2022-09-13T03:00:00Z,2022-09-13T05:00:00+02:00,1663038000000,,6.0,6.0,G,,corrected-archive-csv
162860,Luleå-Kallax Flygplats,21,Byvind,"max, 1 gång/tim",meter per sekund,2022-09-13T06:00:00Z,2022-09-13T08:00:00+02:00,1663048800000,,7.0,7.0,G,,corrected-archive-csv
162860,Luleå-Kallax Flygplats,21,Byvind,"max, 1 gång/tim",meter per sekund,2022-09-13T09:00:00Z,2022-09-13T11:00:00+02:00,1663059600000,,8.0,8.0,G,,corrected-archive-csv
162860,Luleå-Kallax Flygplats,21,Byvind,"max, 1 gång/tim",meter per sekund,2022-09-13T10:00:00Z,2022-09-13T12:00:00+02:00,1663063200000,,9.0,9.0,G,,corrected-archive-csv
162860,Luleå-Kallax Flygplats,21,Byvind,"max, 1 gång/tim",meter per sekund,2022-09-13T17:00:00Z,2022-09-13T19:00:00+02:00,1663088400000,,8.0,8.0,G,,corrected-archive-csv
162860,Luleå-Kallax Flygplats,21,Byvind,"max, 1 gång/tim",meter per sekund,2022-09-13T19:00:00Z,2022-09-13T21:00:00+02:00,1663095600000,,9.0,9.0,G,,corrected-archive-csv
162860,Luleå-Kallax Flygplats,21,Byvind,"max, 1 gång/tim",meter per sekund,2022-09-13T20:00:00Z,2022-09-13T22:00:00+02:00,1663099200000,,8.0,8.0,G,,corrected-archive-csv
162860,Luleå-Kallax Flygplats,21,Byvind,"max, 1 gång/tim",meter per sekund,2022-09-13T21:00:00Z,2022-09-13T23:00:00+02:00,1663102800000,,6.0,6.0,G,,corrected-archive-csv
162860,Luleå-Kallax Flygplats,21,Byvind,"max, 1 gång/tim",meter per sekund,2022-09-13T23:00:00Z,2022-09-14T01:00:00+02:00,1663110000000,,5.0,5.0,G,,corrected-archive-csv
162860,Luleå-Kallax Flygplats,21,Byvind,"max, 1 gång/tim",meter per sekund,2022-09-14T00:00:00Z,2022-09-14T02:00:00+02:00,1663113600000,,6.0,6.0,G,,corrected-archive-csv
162860,Luleå-Kallax Flygplats,21,Byvind,"max, 1 gång/tim",meter per sekund,2022-09-14T02:00:00Z,2022-09-14T04:00:00+02:00,1663120800000,,5.0,5.0,G,,corrected-archive-csv
162860,Luleå-Kallax Flygplats,21,Byvind,"max, 1 gång/tim",meter per sekund,2022-09-14T03:00:00Z,2022-09-14T05:00:00+02:00,1663124400000,,6.0,6.0,G,,corrected-archive-csv
162860,Luleå-Kallax Flygplats,21,Byvind,"max, 1 gång/tim",meter per sekund,2022-09-14T08:00:00Z,2022-09-14T10:00:00+02:00,1663142400000,,7.0,7.0,G,,corrected-archive-csv
162860,Luleå-Kallax Flygplats,21,Byvind,"max, 1 gång/tim",meter per sekund,2022-09-14T10:00:00Z,2022-09-14T12:00:00+02:00,1663149600000,,6.0,6.0,G,,corrected-archive-csv
162860,Luleå-Kallax Flygplats,21,Byvind,"max, 1 gång/tim",meter per sekund,2022-09-14T14:00:00Z,2022-09-14T16:00:00+02:00,1663164000000,,7.0,7.0,G,,corrected-archive-csv
162860,Luleå-Kallax Flygplats,21,Byvind,"max, 1 gång/tim",meter per sekund,2022-09-14T17:00:00Z,2022-09-14T19:00:00+02:00,1663174800000,,6.0,6.0,G,,corrected-archive-csv
162860,Luleå-Kallax Flygplats,21,Byvind,"max, 1 gång/tim",meter per sekund,2022-09-14T19:00:00Z,2022-09-14T21:00:00+02:00,1663182000000,,9.0,9.0,G,,corrected-archive-csv
162860,Luleå-Kallax Flygplats,21,Byvind,"max, 1 gång/tim",meter per sekund,2022-09-14T22:00:00Z,2022-09-15T00:00:00+02:00,1663192800000,,7.0,7.0,G,,corrected-archive-csv
162860,Luleå-Kallax Flygplats,21,Byvind,"max, 1 gång/tim",meter per sekund,2022-09-15T00:00:00Z,2022-09-15T02:00:00+02:00,1663200000000,,6.0,6.0,G,,corrected-archive-csv
162860,Luleå-Kallax Flygplats,21,Byvind,"max, 1 gång/tim",meter per sekund,2022-09-15T01:00:00Z,2022-09-15T03:00:00+02:00,1663203600000,,8.0,8.0,G,,corrected-archive-csv
162860,Luleå-Kallax Flygplats,21,Byvind,"max, 1 gång/tim",meter per sekund,2022-09-15T02:00:00Z,2022-09-15T04:00:00+02:00,1663207200000,,7.0,7.0,G,,corrected-archive-csv
162860,Luleå-Kallax Flygplats,21,Byvind,"max, 1 gång/tim",meter per sekund,2022-09-15T04:00:00Z,2022-09-15T06:00:00+02:00,1663214400000,,8.0,8.0,G,,corrected-archive-csv
162860,Luleå-Kallax Flygplats,21,Byvind,"max, 1 gång/tim",meter per sekund,2022-09-15T05:00:00Z,2022-09-15T07:00:00+02:00,1663218000000,,7.0,7.0,G,,corrected-archive-csv
162860,Luleå-Kallax Flygplats,21,Byvind,"max, 1 gång/tim",meter per sekund,2022-09-15T06:00:00Z,2022-09-15T08:00:00+02:00,1663221600000,,8.0,8.0,G,,corrected-archive-csv
162860,Luleå-Kallax Flygplats,21,Byvind,"max, 1 gång/tim",meter per sekund,2022-09-15T07:00:00Z,2022-09-15T09:00:00+02:00,1663225200000,,7.0,7.0,G,,corrected-archive-csv
162860,Luleå-Kallax Flygplats,21,Byvind,"max, 1 gång/tim",meter per sekund,2022-09-15T11:00:00Z,2022-09-15T13:00:00+02:00,1663239600000,,9.0,9.0,G,,corrected-archive-csv
162860,Luleå-Kallax Flygplats,21,Byvind,"max, 1 gång/tim",meter per sekund,2022-09-15T13:00:00Z,2022-09-15T15:00:00+02:00,1663246800000,,7.0,7.0,G,,corrected-archive-csv
162860,Luleå-Kallax Flygplats,21,Byvind,"max, 1 gång/tim",meter per sekund,2022-09-15T16:00:00Z,2022-09-15T18:00:00+02:00,1663257600000,,5.0,5.0,G,,corrected-archive-csv
162860,Luleå-Kallax Flygplats,21,Byvind,"max, 1 gång/tim",meter per sekund,2022-09-15T18:00:00Z,2022-09-15T20:00:00+02:00,1663264800000,,4.0,4.0,G,,corrected-archive-csv
162860,Luleå-Kallax Flygplats,21,Byvind,"max, 1 gång/tim",meter per sekund,2022-09-15T19:00:00Z,2022-09-15T21:00:00+02:00,1663268400000,,5.0,5.0,G,,corrected-archive-csv
162860,Luleå-Kallax Flygplats,21,Byvind,"max, 1 gång/tim",meter per sekund,2022-09-15T20:00:00Z,2022-09-15T22:00:00+02:00,1663272000000,,6.0,6.0,G,,corrected-archive-csv
162860,Luleå-Kallax Flygplats,21,Byvind,"max, 1 gång/tim",meter per sekund,2022-09-15T21:00:00Z,2022-09-15T23:00:00+02:00,1663275600000,,5.0,5.0,G,,corrected-archive-csv
162860,Luleå-Kallax Flygplats,21,Byvind,"max, 1 gång/tim",meter per sekund,2022-09-15T23:00:00Z,2022-09-16T01:00:00+02:00,1663282800000,,6.0,6.0,G,,corrected-archive-csv
162860,Luleå-Kallax Flygplats,21,Byvind,"max, 1 gång/tim",meter per sekund,2022-09-16T01:00:00Z,2022-09-16T03:00:00+02:00,1663290000000,,7.0,7.0,G,,corrected-archive-csv
162860,Luleå-Kallax Flygplats,21,Byvind,"max, 1 gång/tim",meter per sekund,2022-09-16T02:00:00Z,2022-09-16T04:00:00+02:00,1663293600000,,6.0,6.0,G,,corrected-archive-csv
162860,Luleå-Kallax Flygplats,21,Byvind,"max, 1 gång/tim",meter per sekund,2022-09-16T03:00:00Z,2022-09-16T05:00:00+02:00,1663297200000,,7.0,7.0,G,,corrected-archive-csv
162860,Luleå-Kallax Flygplats,21,Byvind,"max, 1 gång/tim",meter per sekund,2022-09-16T07:00:00Z,2022-09-16T09:00:00+02:00,1663311600000,,8.0,8.0,G,,corrected-archive-csv
162860,Luleå-Kallax Flygplats,21,Byvind,"max, 1 gång/tim",meter per sekund,2022-09-16T08:00:00Z,2022-09-16T10:00:00+02:00,1663315200000,,7.0,7.0,G,,corrected-archive-csv
162860,Luleå-Kallax Flygplats,21,Byvind,"max, 1 gång/tim",meter per sekund,2022-09-16T09:00:00Z,2022-09-16T11:00:00+02:00,1663318800000,,6.0,6.0,G,,corrected-archive-csv
162860,Luleå-Kallax Flygplats,21,Byvind,"max, 1 gång/tim",meter per sekund,2022-09-16T11:00:00Z,2022-09-16T13:00:00+02:00,1663326000000,,7.0,7.0,G,,corrected-archive-csv
162860,Luleå-Kallax Flygplats,21,Byvind,"max, 1 gång/tim",meter per sekund,2022-09-16T13:00:00Z,2022-09-16T15:00:00+02:00,1663333200000,,6.0,6.0,G,,corrected-archive-csv
162860,Luleå-Kallax Flygplats,21,Byvind,"max, 1 gång/tim",meter per sekund,2022-09-16T14:00:00Z,2022-09-16T16:00:00+02:00,1663336800000,,8.0,8.0,G,,corrected-archive-csv
162860,Luleå-Kallax Flygplats,21,Byvind,"max, 1 gång/tim",meter per sekund,2022-09-16T15:00:00Z,2022-09-16T17:00:00+02:00,1663340400000,,7.0,7.0,G,,corrected-archive-csv
162860,Luleå-Kallax Flygplats,21,Byvind,"max, 1 gång/tim",meter per sekund,2022-09-16T17:00:00Z,2022-09-16T19:00:00+02:00,1663347600000,,6.0,6.0,G,,corrected-archive-csv
162860,Luleå-Kallax Flygplats,21,Byvind,"max, 1 gång/tim",meter per sekund,2022-09-16T18:00:00Z,2022-09-16T20:00:00+02:00,1663351200000,,7.0,7.0,G,,corrected-archive-csv
162860,Luleå-Kallax Flygplats,21,Byvind,"max, 1 gång/tim",meter per sekund,2022-09-17T01:00:00Z,2022-09-17T03:00:00+02:00,1663376400000,,6.0,6.0,G,,corrected-archive-csv
162860,Luleå-Kallax Flygplats,21,Byvind,"max, 1 gång/tim",meter per sekund,2022-09-17T02:00:00Z,2022-09-17T04:00:00+02:00,1663380000000,,7.0,7.0,G,,corrected-archive-csv
162860,Luleå-Kallax Flygplats,21,Byvind,"max, 1 gång/tim",meter per sekund,2022-09-17T04:00:00Z,2022-09-17T06:00:00+02:00,1663387200000,,8.0,8.0,G,,corrected-archive-csv
162860,Luleå-Kallax Flygplats,21,Byvind,"max, 1 gång/tim",meter per sekund,2022-09-17T05:00:00Z,2022-09-17T07:00:00+02:00,1663390800000,,7.0,7.0,G,,corrected-archive-csv
162860,Luleå-Kallax Flygplats,21,Byvind,"max, 1 gång/tim",meter per sekund,2022-09-17T06:00:00Z,2022-09-17T08:00:00+02:00,1663394400000,,9.0,9.0,G,,corrected-archive-csv
162860,Luleå-Kallax Flygplats,21,Byvind,"max, 1 gång/tim",meter per sekund,2022-09-17T08:00:00Z,2022-09-17T10:00:00+02:00,1663401600000,,7.0,7.0,G,,corrected-archive-csv
162860,Luleå-Kallax Flygplats,21,Byvind,"max, 1 gång/tim",meter per sekund,2022-09-17T09:00:00Z,2022-09-17T11:00:00+02:00,1663405200000,,9.0,9.0,G,,corrected-archive-csv
162860,Luleå-Kallax Flygplats,21,Byvind,"max, 1 gång/tim",meter per sekund,2022-09-17T11:00:00Z,2022-09-17T13:00:00+02:00,1663412400000,,10.0,10.0,G,,corrected-archive-csv
162860,Luleå-Kallax Flygplats,21,Byvind,"max, 1 gång/tim",meter per sekund,2022-09-17T12:00:00Z,2022-09-17T14:00:00+02:00,1663416000000,,12.0,12.0,G,,corrected-archive-csv
162860,Luleå-Kallax Flygplats,21,Byvind,"max, 1 gång/tim",meter per sekund,2022-09-17T13:00:00Z,2022-09-17T15:00:00+02:00,1663419600000,,11.0,11.0,G,,corrected-archive-csv
162860,Luleå-Kallax Flygplats,21,Byvind,"max, 1 gång/tim",meter per sekund,2022-09-17T14:00:00Z,2022-09-17T16:00:00+02:00,1663423200000,,12.0,12.0,G,,corrected-archive-csv
162860,Luleå-Kallax Flygplats,21,Byvind,"max, 1 gång/tim",meter per sekund,2022-09-17T16:00:00Z,2022-09-17T18:00:00+02:00,1663430400000,,11.0,11.0,G,,corrected-archive-csv
162860,Luleå-Kallax Flygplats,21,Byvind,"max, 1 gång/tim",meter per sekund,2022-09-17T19:00:00Z,2022-09-17T21:00:00+02:00,1663441200000,,10.0,10.0,G,,corrected-archive-csv
162860,Luleå-Kallax Flygplats,21,Byvind,"max, 1 gång/tim",meter per sekund,2022-09-17T21:00:00Z,2022-09-17T23:00:00+02:00,1663448400000,,8.0,8.0,G,,corrected-archive-csv
162860,Luleå-Kallax Flygplats,21,Byvind,"max, 1 gång/tim",meter per sekund,2022-09-17T22:00:00Z,2022-09-18T00:00:00+02:00,1663452000000,,9.0,9.0,G,,corrected-archive-csv
162860,Luleå-Kallax Flygplats,21,Byvind,"max, 1 gång/tim",meter per sekund,2022-09-17T23:00:00Z,2022-09-18T01:00:00+02:00,1663455600000,,8.0,8.0,G,,corrected-archive-csv
162860,Luleå-Kallax Flygplats,21,Byvind,"max, 1 gång/tim",meter per sekund,2022-09-18T03:00:00Z,2022-09-18T05:00:00+02:00,1663470000000,,9.0,9.0,G,,corrected-archive-csv
162860,Luleå-Kallax Flygplats,21,Byvind,"max, 1 gång/tim",meter per sekund,2022-09-18T04:00:00Z,2022-09-18T06:00:00+02:00,1663473600000,,7.0,7.0,G,,corrected-archive-csv
162860,Luleå-Kallax Flygplats,21,Byvind,"max, 1 gång/tim",meter per sekund,2022-09-18T09:00:00Z,2022-09-18T11:00:00+02:00,1663491600000,,8.0,8.0,G,,corrected-archive-csv
162860,Luleå-Kallax Flygplats,21,Byvind,"max, 1 gång/tim",meter per sekund,2022-09-18T10:00:00Z,2022-09-18T12:00:00+02:00,1663495200000,,7.0,7.0,G,,corrected-archive-csv
162860,Luleå-Kallax Flygplats,21,Byvind,"max, 1 gång/tim",meter per sekund,2022-09-18T12:00:00Z,2022-09-18T14:00:00+02:00,1663502400000,,8.0,8.0,G,,corrected-archive-csv
162860,Luleå-Kallax Flygplats,21,Byvind,"max, 1 gång/tim",meter per sekund,2022-09-18T15:00:00Z,2022-09-18T17:00:00+02:00,1663513200000,,7.0,7.0,G,,corrected-archive-csv
162860,Luleå-Kallax Flygplats,21,Byvind,"max, 1 gång/tim",meter per sekund,2022-09-18T16:00:00Z,2022-09-18T18:00:00+02:00,1663516800000,,9.0,9.0,G,,corrected-archive-csv
162860,Luleå-Kallax Flygplats,21,Byvind,"max, 1 gång/tim",meter per sekund,2022-09-18T19:00:00Z,2022-09-18T21:00:00+02:00,1663527600000,,8.0,8.0,G,,corrected-archive-csv
162860,Luleå-Kallax Flygplats,21,Byvind,"max, 1 gång/tim",meter per sekund,2022-09-18T20:00:00Z,2022-09-18T22:00:00+02:00,1663531200000,,7.0,7.0,G,,corrected-archive-csv
162860,Luleå-Kallax Flygplats,21,Byvind,"max, 1 gång/tim",meter per sekund,2022-09-19T02:00:00Z,2022-09-19T04:00:00+02:00,1663552800000,,8.0,8.0,G,,corrected-archive-csv
162860,Luleå-Kallax Flygplats,21,Byvind,"max, 1 gång/tim",meter per sekund,2022-09-19T04:00:00Z,2022-09-19T06:00:00+02:00,1663560000000,,10.0,10.0,G,,corrected-archive-csv
162860,Luleå-Kallax Flygplats,21,Byvind,"max, 1 gång/tim",meter per sekund,2022-09-19T06:00:00Z,2022-09-19T08:00:00+02:00,1663567200000,,9.0,9.0,G,,corrected-archive-csv
162860,Luleå-Kallax Flygplats,21,Byvind,"max, 1 gång/tim",meter per sekund,2022-09-19T08:00:00Z,2022-09-19T10:00:00+02:00,1663574400000,,10.0,10.0,G,,corrected-archive-csv
162860,Luleå-Kallax Flygplats,21,Byvind,"max, 1 gång/tim",meter per sekund,2022-09-19T09:00:00Z,2022-09-19T11:00:00+02:00,1663578000000,,9.0,9.0,G,,corrected-archive-csv
162860,Luleå-Kallax Flygplats,21,Byvind,"max, 1 gång/tim",meter per sekund,2022-09-19T10:00:00Z,2022-09-19T12:00:00+02:00,1663581600000,,10.0,10.0,G,,corrected-archive-csv
162860,Luleå-Kallax Flygplats,21,Byvind,"max, 1 gång/tim",meter per sekund,2022-09-19T12:00:00Z,2022-09-19T14:00:00+02:00,1663588800000,,9.0,9.0,G,,corrected-archive-csv
162860,Luleå-Kallax Flygplats,21,Byvind,"max, 1 gång/tim",meter per sekund,2022-09-19T13:00:00Z,2022-09-19T15:00:00+02:00,1663592400000,,12.0,12.0,G,,corrected-archive-csv
162860,Luleå-Kallax Flygplats,21,Byvind,"max, 1 gång/tim",meter per sekund,2022-09-19T14:00:00Z,2022-09-19T16:00:00+02:00,1663596000000,,10.0,10.0,G,,corrected-archive-csv
162860,Luleå-Kallax Flygplats,21,Byvind,"max, 1 gång/tim",meter per sekund,2022-09-19T15:00:00Z,2022-09-19T17:00:00+02:00,1663599600000,,11.0,11.0,G,,corrected-archive-csv
162860,Luleå-Kallax Flygplats,21,Byvind,"max, 1 gång/tim",meter per sekund,2022-09-19T16:00:00Z,2022-09-19T18:00:00+02:00,1663603200000,,9.0,9.0,G,,corrected-archive-csv
162860,Luleå-Kallax Flygplats,21,Byvind,"max, 1 gång/tim",meter per sekund,2022-09-19T19:00:00Z,2022-09-19T21:00:00+02:00,1663614000000,,11.0,11.0,G,,corrected-archive-csv
162860,Luleå-Kallax Flygplats,21,Byvind,"max, 1 gång/tim",meter per sekund,2022-09-19T20:00:00Z,2022-09-19T22:00:00+02:00,1663617600000,,12.0,12.0,G,,corrected-archive-csv
162860,Luleå-Kallax Flygplats,21,Byvind,"max, 1 gång/tim",meter per sekund,2022-09-19T21:00:00Z,2022-09-19T23:00:00+02:00,1663621200000,,10.0,10.0,G,,corrected-archive-csv
162860,Luleå-Kallax Flygplats,21,Byvind,"max, 1 gång/tim",meter per sekund,2022-09-19T22:00:00Z,2022-09-20T00:00:00+02:00,1663624800000,,11.0,11.0,G,,corrected-archive-csv
162860,Luleå-Kallax Flygplats,21,Byvind,"max, 1 gång/tim",meter per sekund,2022-09-20T00:00:00Z,2022-09-20T02:00:00+02:00,1663632000000,,10.0,10.0,G,,corrected-archive-csv
162860,Luleå-Kallax Flygplats,21,Byvind,"max, 1 gång/tim",meter per sekund,2022-09-20T01:00:00Z,2022-09-20T03:00:00+02:00,1663635600000,,11.0,11.0,G,,corrected-archive-csv
162860,Luleå-Kallax Flygplats,21,Byvind,"max, 1 gång/tim",meter per sekund,2022-09-20T05:00:00Z,2022-09-20T07:00:00+02:00,1663650000000,,10.0,10.0,G,,corrected-archive-csv
162860,Luleå-Kallax Flygplats,21,Byvind,"max, 1 gång/tim",meter per sekund,2022-09-20T08:00:00Z,2022-09-20T10:00:00+02:00,1663660800000,,12.0,12.0,G,,corrected-archive-csv
162860,Luleå-Kallax Flygplats,21,Byvind,"max, 1 gång/tim",meter per sekund,2022-09-20T09:00:00Z,2022-09-20T11:00:00+02:00,1663664400000,,11.0,11.0,G,,corrected-archive-csv
162860,Luleå-Kallax Flygplats,21,Byvind,"max, 1 gång/tim",meter per sekund,2022-09-20T10:00:00Z,2022-09-20T12:00:00+02:00,1663668000000,,14.0,14.0,G,,corrected-archive-csv
162860,Luleå-Kallax Flygplats,21,Byvind,"max, 1 gång/tim",meter per sekund,2022-09-20T11:00:00Z,2022-09-20T13:00:00+02:00,1663671600000,,12.0,12.0,G,,corrected-archive-csv
162860,Luleå-Kallax Flygplats,21,Byvind,"max, 1 gång/tim",meter per sekund,2022-09-20T12:00:00Z,2022-09-20T14:00:00+02:00,1663675200000,,11.0,11.0,G,,corrected-archive-csv
162860,Luleå-Kallax Flygplats,21,Byvind,"max, 1 gång/tim",meter per sekund,2022-09-20T13:00:00Z,2022-09-20T15:00:00+02:00,1663678800000,,10.0,10.0,G,,corrected-archive-csv
162860,Luleå-Kallax Flygplats,21,Byvind,"max, 1 gång/tim",meter per sekund,2022-09-20T15:00:00Z,2022-09-20T17:00:00+02:00,1663686000000,,9.0,9.0,G,,corrected-archive-csv
162860,Luleå-Kallax Flygplats,21,Byvind,"max, 1 gång/tim",meter per sekund,2022-09-20T16:00:00Z,2022-09-20T18:00:00+02:00,1663689600000,,7.0,7.0,G,,corrected-archive-csv
162860,Luleå-Kallax Flygplats,21,Byvind,"max, 1 gång/tim",meter per sekund,2022-09-20T17:00:00Z,2022-09-20T19:00:00+02:00,1663693200000,,5.0,5.0,G,,corrected-archive-csv
162860,Luleå-Kallax Flygplats,21,Byvind,"max, 1 gång/tim",meter per sekund,2022-09-20T18:00:00Z,2022-09-20T20:00:00+02:00,1663696800000,,2.0,2.0,G,,corrected-archive-csv
162860,Luleå-Kallax Flygplats,21,Byvind,"max, 1 gång/tim",meter per sekund,2022-09-20T21:00:00Z,2022-09-20T23:00:00+02:00,1663707600000,,3.0,3.0,G,,corrected-archive-csv
162860,Luleå-Kallax Flygplats,21,Byvind,"max, 1 gång/tim",meter per sekund,2022-09-20T23:00:00Z,2022-09-21T01:00:00+02:00,1663714800000,,2.0,2.0,G,,corrected-archive-csv
162860,Luleå-Kallax Flygplats,21,Byvind,"max, 1 gång/tim",meter per sekund,2022-09-21T03:00:00Z,2022-09-21T05:00:00+02:00,1663729200000,,1.0,1.0,G,,corrected-archive-csv
162860,Luleå-Kallax Flygplats,21,Byvind,"max, 1 gång/tim",meter per sekund,2022-09-21T04:00:00Z,2022-09-21T06:00:00+02:00,1663732800000,,2.0,2.0,G,,corrected-archive-csv
162860,Luleå-Kallax Flygplats,21,Byvind,"max, 1 gång/tim",meter per sekund,2022-09-21T06:00:00Z,2022-09-21T08:00:00+02:00,1663740000000,,6.0,6.0,G,,corrected-archive-csv
162860,Luleå-Kallax Flygplats,21,Byvind,"max, 1 gång/tim",meter per sekund,2022-09-21T07:00:00Z,2022-09-21T09:00:00+02:00,1663743600000,,5.0,5.0,G,,corrected-archive-csv
162860,Luleå-Kallax Flygplats,21,Byvind,"max, 1 gång/tim",meter per sekund,2022-09-21T08:00:00Z,2022-09-21T10:00:00+02:00,1663747200000,,7.0,7.0,G,,corrected-archive-csv
162860,Luleå-Kallax Flygplats,21,Byvind,"max, 1 gång/tim",meter per sekund,2022-09-21T10:00:00Z,2022-09-21T12:00:00+02:00,1663754400000,,8.0,8.0,G,,corrected-archive-csv
162860,Luleå-Kallax Flygplats,21,Byvind,"max, 1 gång/tim",meter per sekund,2022-09-21T14:00:00Z,2022-09-21T16:00:00+02:00,1663768800000,,7.0,7.0,G,,corrected-archive-csv
162860,Luleå-Kallax Flygplats,21,Byvind,"max, 1 gång/tim",meter per sekund,2022-09-21T15:00:00Z,2022-09-21T17:00:00+02:00,1663772400000,,8.0,8.0,G,,corrected-archive-csv
162860,Luleå-Kallax Flygplats,21,Byvind,"max, 1 gång/tim",meter per sekund,2022-09-21T17:00:00Z,2022-09-21T19:00:00+02:00,1663779600000,,7.0,7.0,G,,corrected-archive-csv
162860,Luleå-Kallax Flygplats,21,Byvind,"max, 1 gång/tim",meter per sekund,2022-09-21T18:00:00Z,2022-09-21T20:00:00+02:00,1663783200000,,6.0,6.0,G,,corrected-archive-csv
162860,Luleå-Kallax Flygplats,21,Byvind,"max, 1 gång/tim",meter per sekund,2022-09-21T19:00:00Z,2022-09-21T21:00:00+02:00,1663786800000,,4.0,4.0,G,,corrected-archive-csv
162860,Luleå-Kallax Flygplats,21,Byvind,"max, 1 gång/tim",meter per sekund,2022-09-21T20:00:00Z,2022-09-21T22:00:00+02:00,1663790400000,,5.0,5.0,G,,corrected-archive-csv
162860,Luleå-Kallax Flygplats,21,Byvind,"max, 1 gång/tim",meter per sekund,2022-09-21T21:00:00Z,2022-09-21T23:00:00+02:00,1663794000000,,4.0,4.0,G,,corrected-archive-csv
162860,Luleå-Kallax Flygplats,21,Byvind,"max, 1 gång/tim",meter per sekund,2022-09-21T23:00:00Z,2022-09-22T01:00:00+02:00,1663801200000,,3.0,3.0,G,,corrected-archive-csv
162860,Luleå-Kallax Flygplats,21,Byvind,"max, 1 gång/tim",meter per sekund,2022-09-22T01:00:00Z,2022-09-22T03:00:00+02:00,1663808400000,,2.0,2.0,G,,corrected-archive-csv
162860,Luleå-Kallax Flygplats,21,Byvind,"max, 1 gång/tim",meter per sekund,2022-09-22T03:00:00Z,2022-09-22T05:00:00+02:00,1663815600000,,1.0,1.0,G,,corrected-archive-csv
162860,Luleå-Kallax Flygplats,21,Byvind,"max, 1 gång/tim",meter per sekund,2022-09-22T04:00:00Z,2022-09-22T06:00:00+02:00,1663819200000,,2.0,2.0,G,,corrected-archive-csv
162860,Luleå-Kallax Flygplats,21,Byvind,"max, 1 gång/tim",meter per sekund,2022-09-22T05:00:00Z,2022-09-22T07:00:00+02:00,1663822800000,,1.0,1.0,G,,corrected-archive-csv
162860,Luleå-Kallax Flygplats,21,Byvind,"max, 1 gång/tim",meter per sekund,2022-09-22T06:00:00Z,2022-09-22T08:00:00+02:00,1663826400000,,3.0,3.0,G,,corrected-archive-csv
162860,Luleå-Kallax Flygplats,21,Byvind,"max, 1 gång/tim",meter per sekund,2022-09-22T07:00:00Z,2022-09-22T09:00:00+02:00,1663830000000,,7.0,7.0,G,,corrected-archive-csv
162860,Luleå-Kallax Flygplats,21,Byvind,"max, 1 gång/tim",meter per sekund,2022-09-22T08:00:00Z,2022-09-22T10:00:00+02:00,1663833600000,,5.0,5.0,G,,corrected-archive-csv
162860,Luleå-Kallax Flygplats,21,Byvind,"max, 1 gång/tim",meter per sekund,2022-09-22T10:00:00Z,2022-09-22T12:00:00+02:00,1663840800000,,4.0,4.0,G,,corrected-archive-csv
162860,Luleå-Kallax Flygplats,21,Byvind,"max, 1 gång/tim",meter per sekund,2022-09-22T11:00:00Z,2022-09-22T13:00:00+02:00,1663844400000,,3.0,3.0,G,,corrected-archive-csv
162860,Luleå-Kallax Flygplats,21,Byvind,"max, 1 gång/tim",meter per sekund,2022-09-22T12:00:00Z,2022-09-22T14:00:00+02:00,1663848000000,,4.0,4.0,G,,corrected-archive-csv
162860,Luleå-Kallax Flygplats,21,Byvind,"max, 1 gång/tim",meter per sekund,2022-09-22T13:00:00Z,2022-09-22T15:00:00+02:00,1663851600000,,5.0,5.0,G,,corrected-archive-csv
162860,Luleå-Kallax Flygplats,21,Byvind,"max, 1 gång/tim",meter per sekund,2022-09-22T16:00:00Z,2022-09-22T18:00:00+02:00,1663862400000,,4.0,4.0,G,,corrected-archive-csv
162860,Luleå-Kallax Flygplats,21,Byvind,"max, 1 gång/tim",meter per sekund,2022-09-22T18:00:00Z,2022-09-22T20:00:00+02:00,1663869600000,,5.0,5.0,G,,corrected-archive-csv
162860,Luleå-Kallax Flygplats,21,Byvind,"max, 1 gång/tim",meter per sekund,2022-09-22T19:00:00Z,2022-09-22T21:00:00+02:00,1663873200000,,6.0,6.0,G,,corrected-archive-csv
162860,Luleå-Kallax Flygplats,21,Byvind,"max, 1 gång/tim",meter per sekund,2022-09-22T21:00:00Z,2022-09-22T23:00:00+02:00,1663880400000,,7.0,7.0,G,,corrected-archive-csv
162860,Luleå-Kallax Flygplats,21,Byvind,"max, 1 gång/tim",meter per sekund,2022-09-22T23:00:00Z,2022-09-23T01:00:00+02:00,1663887600000,,8.0,8.0,G,,corrected-archive-csv
162860,Luleå-Kallax Flygplats,21,Byvind,"max, 1 gång/tim",meter per sekund,2022-09-23T01:00:00Z,2022-09-23T03:00:00+02:00,1663894800000,,6.0,6.0,G,,corrected-archive-csv
162860,Luleå-Kallax Flygplats,21,Byvind,"max, 1 gång/tim",meter per sekund,2022-09-23T02:00:00Z,2022-09-23T04:00:00+02:00,1663898400000,,5.0,5.0,G,,corrected-archive-csv
162860,Luleå-Kallax Flygplats,21,Byvind,"max, 1 gång/tim",meter per sekund,2022-09-23T03:00:00Z,2022-09-23T05:00:00+02:00,1663902000000,,6.0,6.0,G,,corrected-archive-csv
162860,Luleå-Kallax Flygplats,21,Byvind,"max, 1 gång/tim",meter per sekund,2022-09-23T04:00:00Z,2022-09-23T06:00:00+02:00,1663905600000,,7.0,7.0,G,,corrected-archive-csv
162860,Luleå-Kallax Flygplats,21,Byvind,"max, 1 gång/tim",meter per sekund,2022-09-23T07:00:00Z,2022-09-23T09:00:00+02:00,1663916400000,,8.0,8.0,G,,corrected-archive-csv
162860,Luleå-Kallax Flygplats,21,Byvind,"max, 1 gång/tim",meter per sekund,2022-09-23T09:00:00Z,2022-09-23T11:00:00+02:00,1663923600000,,7.0,7.0,G,,corrected-archive-csv
162860,Luleå-Kallax Flygplats,21,Byvind,"max, 1 gång/tim",meter per sekund,2022-09-23T15:00:00Z,2022-09-23T17:00:00+02:00,1663945200000,,5.0,5.0,G,,corrected-archive-csv
162860,Luleå-Kallax Flygplats,21,Byvind,"max, 1 gång/tim",meter per sekund,2022-09-23T16:00:00Z,2022-09-23T18:00:00+02:00,1663948800000,,7.0,7.0,G,,corrected-archive-csv
162860,Luleå-Kallax Flygplats,21,Byvind,"max, 1 gång/tim",meter per sekund,2022-09-23T19:00:00Z,2022-09-23T21:00:00+02:00,1663959600000,,8.0,8.0,G,,corrected-archive-csv
162860,Luleå-Kallax Flygplats,21,Byvind,"max, 1 gång/tim",meter per sekund,2022-09-23T22:00:00Z,2022-09-24T00:00:00+02:00,1663970400000,,7.0,7.0,G,,corrected-archive-csv
162860,Luleå-Kallax Flygplats,21,Byvind,"max, 1 gång/tim",meter per sekund,2022-09-24T01:00:00Z,2022-09-24T03:00:00+02:00,1663981200000,,6.0,6.0,G,,corrected-archive-csv
162860,Luleå-Kallax Flygplats,21,Byvind,"max, 1 gång/tim",meter per sekund,2022-09-24T02:00:00Z,2022-09-24T04:00:00+02:00,1663984800000,,7.0,7.0,G,,corrected-archive-csv
162860,Luleå-Kallax Flygplats,21,Byvind,"max, 1 gång/tim",meter per sekund,2022-09-24T06:00:00Z,2022-09-24T08:00:00+02:00,1663999200000,,8.0,8.0,G,,corrected-archive-csv
162860,Luleå-Kallax Flygplats,21,Byvind,"max, 1 gång/tim",meter per sekund,2022-09-24T07:00:00Z,2022-09-24T09:00:00+02:00,1664002800000,,9.0,9.0,G,,corrected-archive-csv
162860,Luleå-Kallax Flygplats,21,Byvind,"max, 1 gång/tim",meter per sekund,2022-09-24T08:00:00Z,2022-09-24T10:00:00+02:00,1664006400000,,8.0,8.0,G,,corrected-archive-csv
162860,Luleå-Kallax Flygplats,21,Byvind,"max, 1 gång/tim",meter per sekund,2022-09-24T10:00:00Z,2022-09-24T12:00:00+02:00,1664013600000,,6.0,6.0,G,,corrected-archive-csv
162860,Luleå-Kallax Flygplats,21,Byvind,"max, 1 gång/tim",meter per sekund,2022-09-24T15:00:00Z,2022-09-24T17:00:00+02:00,1664031600000,,7.0,7.0,G,,corrected-archive-csv
162860,Luleå-Kallax Flygplats,21,Byvind,"max, 1 gång/tim",meter per sekund,2022-09-24T16:00:00Z,2022-09-24T18:00:00+02:00,1664035200000,,6.0,6.0,G,,corrected-archive-csv
162860,Luleå-Kallax Flygplats,21,Byvind,"max, 1 gång/tim",meter per sekund,2022-09-24T22:00:00Z,2022-09-25T00:00:00+02:00,1664056800000,,5.0,5.0,G,,corrected-archive-csv
162860,Luleå-Kallax Flygplats,21,Byvind,"max, 1 gång/tim",meter per sekund,2022-09-25T01:00:00Z,2022-09-25T03:00:00+02:00,1664067600000,,4.0,4.0,G,,corrected-archive-csv
162860,Luleå-Kallax Flygplats,21,Byvind,"max, 1 gång/tim",meter per sekund,2022-09-25T07:00:00Z,2022-09-25T09:00:00+02:00,1664089200000,,6.0,6.0,G,,corrected-archive-csv
162860,Luleå-Kallax Flygplats,21,Byvind,"max, 1 gång/tim",meter per sekund,2022-09-25T12:00:00Z,2022-09-25T14:00:00+02:00,1664107200000,,7.0,7.0,G,,corrected-archive-csv
162860,Luleå-Kallax Flygplats,21,Byvind,"max, 1 gång/tim",meter per sekund,2022-09-25T14:00:00Z,2022-09-25T16:00:00+02:00,1664114400000,,8.0,8.0,G,,corrected-archive-csv
162860,Luleå-Kallax Flygplats,21,Byvind,"max, 1 gång/tim",meter per sekund,2022-09-25T15:00:00Z,2022-09-25T17:00:00+02:00,1664118000000,,9.0,9.0,G,,corrected-archive-csv
162860,Luleå-Kallax Flygplats,21,Byvind,"max, 1 gång/tim",meter per sekund,2022-09-25T17:00:00Z,2022-09-25T19:00:00+02:00,1664125200000,,7.0,7.0,G,,corrected-archive-csv
162860,Luleå-Kallax Flygplats,21,Byvind,"max, 1 gång/tim",meter per sekund,2022-09-25T18:00:00Z,2022-09-25T20:00:00+02:00,1664128800000,,6.0,6.0,G,,corrected-archive-csv
162860,Luleå-Kallax Flygplats,21,Byvind,"max, 1 gång/tim",meter per sekund,2022-09-25T19:00:00Z,2022-09-25T21:00:00+02:00,1664132400000,,8.0,8.0,G,,corrected-archive-csv
162860,Luleå-Kallax Flygplats,21,Byvind,"max, 1 gång/tim",meter per sekund,2022-09-25T20:00:00Z,2022-09-25T22:00:00+02:00,1664136000000,,9.0,9.0,G,,corrected-archive-csv
162860,Luleå-Kallax Flygplats,21,Byvind,"max, 1 gång/tim",meter per sekund,2022-09-25T21:00:00Z,2022-09-25T23:00:00+02:00,1664139600000,,8.0,8.0,G,,corrected-archive-csv
162860,Luleå-Kallax Flygplats,21,Byvind,"max, 1 gång/tim",meter per sekund,2022-09-25T23:00:00Z,2022-09-26T01:00:00+02:00,1664146800000,,7.0,7.0,G,,corrected-archive-csv
162860,Luleå-Kallax Flygplats,21,Byvind,"max, 1 gång/tim",meter per sekund,2022-09-26T01:00:00Z,2022-09-26T03:00:00+02:00,1664154000000,,4.0,4.0,G,,corrected-archive-csv
162860,Luleå-Kallax Flygplats,21,Byvind,"max, 1 gång/tim",meter per sekund,2022-09-26T02:00:00Z,2022-09-26T04:00:00+02:00,1664157600000,,3.0,3.0,G,,corrected-archive-csv
162860,Luleå-Kallax Flygplats,21,Byvind,"max, 1 gång/tim",meter per sekund,2022-09-26T03:00:00Z,2022-09-26T05:00:00+02:00,1664161200000,,2.0,2.0,G,,corrected-archive-csv
162860,Luleå-Kallax Flygplats,21,Byvind,"max, 1 gång/tim",meter per sekund,2022-09-26T05:00:00Z,2022-09-26T07:00:00+02:00,1664168400000,,2.0,2.0,G,,corrected-archive-csv
162860,Luleå-Kallax Flygplats,21,Byvind,"max, 1 gång/tim",meter per sekund,2022-09-26T06:00:00Z,2022-09-26T08:00:00+02:00,1664172000000,,4.0,4.0,G,,corrected-archive-csv
162860,Luleå-Kallax Flygplats,21,Byvind,"max, 1 gång/tim",meter per sekund,2022-09-26T07:00:00Z,2022-09-26T09:00:00+02:00,1664175600000,,6.0,6.0,G,,corrected-archive-csv
162860,Luleå-Kallax Flygplats,21,Byvind,"max, 1 gång/tim",meter per sekund,2022-09-26T08:00:00Z,2022-09-26T10:00:00+02:00,1664179200000,,7.0,7.0,G,,corrected-archive-csv
162860,Luleå-Kallax Flygplats,21,Byvind,"max, 1 gång/tim",meter per sekund,2022-09-26T10:00:00Z,2022-09-26T12:00:00+02:00,1664186400000,,6.0,6.0,G,,corrected-archive-csv
162860,Luleå-Kallax Flygplats,21,Byvind,"max, 1 gång/tim",meter per sekund,2022-09-26T12:00:00Z,2022-09-26T14:00:00+02:00,1664193600000,,7.0,7.0,G,,corrected-archive-csv
162860,Luleå-Kallax Flygplats,21,Byvind,"max, 1 gång/tim",meter per sekund,2022-09-26T15:00:00Z,2022-09-26T17:00:00+02:00,1664204400000,,6.0,6.0,G,,corrected-archive-csv
162860,Luleå-Kallax Flygplats,21,Byvind,"max, 1 gång/tim",meter per sekund,2022-09-26T17:00:00Z,2022-09-26T19:00:00+02:00,1664211600000,,7.0,7.0,G,,corrected-archive-csv
162860,Luleå-Kallax Flygplats,21,Byvind,"max, 1 gång/tim",meter per sekund,2022-09-26T18:00:00Z,2022-09-26T20:00:00+02:00,1664215200000,,6.0,6.0,G,,corrected-archive-csv
162860,Luleå-Kallax Flygplats,21,Byvind,"max, 1 gång/tim",meter per sekund,2022-09-26T23:00:00Z,2022-09-27T01:00:00+02:00,1664233200000,,4.0,4.0,G,,corrected-archive-csv
162860,Luleå-Kallax Flygplats,21,Byvind,"max, 1 gång/tim",meter per sekund,2022-09-27T00:00:00Z,2022-09-27T02:00:00+02:00,1664236800000,,2.0,2.0,G,,corrected-archive-csv
162860,Luleå-Kallax Flygplats,21,Byvind,"max, 1 gång/tim",meter per sekund,2022-09-27T01:00:00Z,2022-09-27T03:00:00+02:00,1664240400000,,3.0,3.0,G,,corrected-archive-csv
162860,Luleå-Kallax Flygplats,21,Byvind,"max, 1 gång/tim",meter per sekund,2022-09-27T03:00:00Z,2022-09-27T05:00:00+02:00,1664247600000,,2.0,2.0,G,,corrected-archive-csv
162860,Luleå-Kallax Flygplats,21,Byvind,"max, 1 gång/tim",meter per sekund,2022-09-27T06:00:00Z,2022-09-27T08:00:00+02:00,1664258400000,,3.0,3.0,G,,corrected-archive-csv
162860,Luleå-Kallax Flygplats,21,Byvind,"max, 1 gång/tim",meter per sekund,2022-09-27T07:00:00Z,2022-09-27T09:00:00+02:00,1664262000000,,4.0,4.0,G,,corrected-archive-csv
162860,Luleå-Kallax Flygplats,21,Byvind,"max, 1 gång/tim",meter per sekund,2022-09-27T08:00:00Z,2022-09-27T10:00:00+02:00,1664265600000,,5.0,5.0,G,,corrected-archive-csv
162860,Luleå-Kallax Flygplats,21,Byvind,"max, 1 gång/tim",meter per sekund,2022-09-27T15:00:00Z,2022-09-27T17:00:00+02:00,1664290800000,,3.0,3.0,G,,corrected-archive-csv
162860,Luleå-Kallax Flygplats,21,Byvind,"max, 1 gång/tim",meter per sekund,2022-09-27T16:00:00Z,2022-09-27T18:00:00+02:00,1664294400000,,2.0,2.0,G,,corrected-archive-csv
162860,Luleå-Kallax Flygplats,21,Byvind,"max, 1 gång/tim",meter per sekund,2022-09-27T17:00:00Z,2022-09-27T19:00:00+02:00,1664298000000,,1.0,1.0,G,,corrected-archive-csv
162860,Luleå-Kallax Flygplats,21,Byvind,"max, 1 gång/tim",meter per sekund,2022-09-27T19:00:00Z,2022-09-27T21:00:00+02:00,1664305200000,,2.0,2.0,G,,corrected-archive-csv
162860,Luleå-Kallax Flygplats,21,Byvind,"max, 1 gång/tim",meter per sekund,2022-09-27T21:00:00Z,2022-09-27T23:00:00+02:00,1664312400000,,3.0,3.0,G,,corrected-archive-csv
162860,Luleå-Kallax Flygplats,21,Byvind,"max, 1 gång/tim",meter per sekund,2022-09-27T22:00:00Z,2022-09-28T00:00:00+02:00,1664316000000,,2.0,2.0,G,,corrected-archive-csv
162860,Luleå-Kallax Flygplats,21,Byvind,"max, 1 gång/tim",meter per sekund,2022-09-28T02:00:00Z,2022-09-28T04:00:00+02:00,1664330400000,,3.0,3.0,G,,corrected-archive-csv
162860,Luleå-Kallax Flygplats,21,Byvind,"max, 1 gång/tim",meter per sekund,2022-09-28T05:00:00Z,2022-09-28T07:00:00+02:00,1664341200000,,2.0,2.0,G,,corrected-archive-csv
162860,Luleå-Kallax Flygplats,21,Byvind,"max, 1 gång/tim",meter per sekund,2022-09-28T06:00:00Z,2022-09-28T08:00:00+02:00,1664344800000,,1.0,1.0,G,,corrected-archive-csv
162860,Luleå-Kallax Flygplats,21,Byvind,"max, 1 gång/tim",meter per sekund,2022-09-28T07:00:00Z,2022-09-28T09:00:00+02:00,1664348400000,,3.0,3.0,G,,corrected-archive-csv
162860,Luleå-Kallax Flygplats,21,Byvind,"max, 1 gång/tim",meter per sekund,2022-09-28T08:00:00Z,2022-09-28T10:00:00+02:00,1664352000000,,4.0,4.0,G,,corrected-archive-csv
162860,Luleå-Kallax Flygplats,21,Byvind,"max, 1 gång/tim",meter per sekund,2022-09-28T10:00:00Z,2022-09-28T12:00:00+02:00,1664359200000,,5.0,5.0,G,,corrected-archive-csv
162860,Luleå-Kallax Flygplats,21,Byvind,"max, 1 gång/tim",meter per sekund,2022-09-28T11:00:00Z,2022-09-28T13:00:00+02:00,1664362800000,,6.0,6.0,G,,corrected-archive-csv
162860,Luleå-Kallax Flygplats,21,Byvind,"max, 1 gång/tim",meter per sekund,2022-09-28T13:00:00Z,2022-09-28T15:00:00+02:00,1664370000000,,5.0,5.0,G,,corrected-archive-csv
162860,Luleå-Kallax Flygplats,21,Byvind,"max, 1 gång/tim",meter per sekund,2022-09-28T19:00:00Z,2022-09-28T21:00:00+02:00,1664391600000,,4.0,4.0,G,,corrected-archive-csv
162860,Luleå-Kallax Flygplats,21,Byvind,"max, 1 gång/tim",meter per sekund,2022-09-28T21:00:00Z,2022-09-28T23:00:00+02:00,1664398800000,,2.0,2.0,G,,corrected-archive-csv
162860,Luleå-Kallax Flygplats,21,Byvind,"max, 1 gång/tim",meter per sekund,2022-09-28T22:00:00Z,2022-09-29T00:00:00+02:00,1664402400000,,3.0,3.0,G,,corrected-archive-csv
162860,Luleå-Kallax Flygplats,21,Byvind,"max, 1 gång/tim",meter per sekund,2022-09-28T23:00:00Z,2022-09-29T01:00:00+02:00,1664406000000,,2.0,2.0,G,,corrected-archive-csv
162860,Luleå-Kallax Flygplats,21,Byvind,"max, 1 gång/tim",meter per sekund,2022-09-29T00:00:00Z,2022-09-29T02:00:00+02:00,1664409600000,,3.0,3.0,G,,corrected-archive-csv
162860,Luleå-Kallax Flygplats,21,Byvind,"max, 1 gång/tim",meter per sekund,2022-09-29T02:00:00Z,2022-09-29T04:00:00+02:00,1664416800000,,4.0,4.0,G,,corrected-archive-csv
162860,Luleå-Kallax Flygplats,21,Byvind,"max, 1 gång/tim",meter per sekund,2022-09-29T03:00:00Z,2022-09-29T05:00:00+02:00,1664420400000,,5.0,5.0,G,,corrected-archive-csv
162860,Luleå-Kallax Flygplats,21,Byvind,"max, 1 gång/tim",meter per sekund,2022-09-29T07:00:00Z,2022-09-29T09:00:00+02:00,1664434800000,,7.0,7.0,G,,corrected-archive-csv
162860,Luleå-Kallax Flygplats,21,Byvind,"max, 1 gång/tim",meter per sekund,2022-09-29T10:00:00Z,2022-09-29T12:00:00+02:00,1664445600000,,6.0,6.0,G,,corrected-archive-csv
162860,Luleå-Kallax Flygplats,21,Byvind,"max, 1 gång/tim",meter per sekund,2022-09-29T13:00:00Z,2022-09-29T15:00:00+02:00,1664456400000,,5.0,5.0,G,,corrected-archive-csv
162860,Luleå-Kallax Flygplats,21,Byvind,"max, 1 gång/tim",meter per sekund,2022-09-29T15:00:00Z,2022-09-29T17:00:00+02:00,1664463600000,,6.0,6.0,G,,corrected-archive-csv
162860,Luleå-Kallax Flygplats,21,Byvind,"max, 1 gång/tim",meter per sekund,2022-09-29T19:00:00Z,2022-09-29T21:00:00+02:00,1664478000000,,4.0,4.0,G,,corrected-archive-csv
162860,Luleå-Kallax Flygplats,21,Byvind,"max, 1 gång/tim",meter per sekund,2022-09-29T21:00:00Z,2022-09-29T23:00:00+02:00,1664485200000,,3.0,3.0,G,,corrected-archive-csv
162860,Luleå-Kallax Flygplats,21,Byvind,"max, 1 gång/tim",meter per sekund,2022-09-29T22:00:00Z,2022-09-30T00:00:00+02:00,1664488800000,,4.0,4.0,G,,corrected-archive-csv
162860,Luleå-Kallax Flygplats,21,Byvind,"max, 1 gång/tim",meter per sekund,2022-09-29T23:00:00Z,2022-09-30T01:00:00+02:00,1664492400000,,3.0,3.0,G,,corrected-archive-csv
162860,Luleå-Kallax Flygplats,21,Byvind,"max, 1 gång/tim",meter per sekund,2022-09-30T00:00:00Z,2022-09-30T02:00:00+02:00,1664496000000,,4.0,4.0,G,,corrected-archive-csv
162860,Luleå-Kallax Flygplats,21,Byvind,"max, 1 gång/tim",meter per sekund,2022-09-30T09:00:00Z,2022-09-30T11:00:00+02:00,1664528400000,,5.0,5.0,G,,corrected-archive-csv
162860,Luleå-Kallax Flygplats,21,Byvind,"max, 1 gång/tim",meter per sekund,2022-09-30T10:00:00Z,2022-09-30T12:00:00+02:00,1664532000000,,4.0,4.0,G,,corrected-archive-csv
162860,Luleå-Kallax Flygplats,21,Byvind,"max, 1 gång/tim",meter per sekund,2022-09-30T11:00:00Z,2022-09-30T13:00:00+02:00,1664535600000,,5.0,5.0,G,,corrected-archive-csv
162860,Luleå-Kallax Flygplats,21,Byvind,"max, 1 gång/tim",meter per sekund,2022-09-30T12:00:00Z,2022-09-30T14:00:00+02:00,1664539200000,,4.0,4.0,G,,corrected-archive-csv
162860,Luleå-Kallax Flygplats,21,Byvind,"max, 1 gång/tim",meter per sekund,2022-09-30T14:00:00Z,2022-09-30T16:00:00+02:00,1664546400000,,3.0,3.0,G,,corrected-archive-csv
162860,Luleå-Kallax Flygplats,21,Byvind,"max, 1 gång/tim",meter per sekund,2022-09-30T18:00:00Z,2022-09-30T20:00:00+02:00,1664560800000,,2.0,2.0,G,,corrected-archive-csv
162860,Luleå-Kallax Flygplats,21,Byvind,"max, 1 gång/tim",meter per sekund,2022-09-30T20:00:00Z,2022-09-30T22:00:00+02:00,1664568000000,,3.0,3.0,G,,corrected-archive-csv
162860,Luleå-Kallax Flygplats,21,Byvind,"max, 1 gång/tim",meter per sekund,2022-09-30T21:00:00Z,2022-09-30T23:00:00+02:00,1664571600000,,2.0,2.0,G,,corrected-archive-csv
162860,Luleå-Kallax Flygplats,21,Byvind,"max, 1 gång/tim",meter per sekund,2022-09-30T22:00:00Z,2022-10-01T00:00:00+02:00,1664575200000,,3.0,3.0,G,,corrected-archive-csv
162860,Luleå-Kallax Flygplats,21,Byvind,"max, 1 gång/tim",meter per sekund,2022-09-30T23:00:00Z,2022-10-01T01:00:00+02:00,1664578800000,,2.0,2.0,G,,corrected-archive-csv
162860,Luleå-Kallax Flygplats,21,Byvind,"max, 1 gång/tim",meter per sekund,2022-10-01T00:00:00Z,2022-10-01T02:00:00+02:00,1664582400000,,3.0,3.0,G,,corrected-archive-csv
162860,Luleå-Kallax Flygplats,21,Byvind,"max, 1 gång/tim",meter per sekund,2022-10-01T02:00:00Z,2022-10-01T04:00:00+02:00,1664589600000,,2.0,2.0,G,,corrected-archive-csv
162860,Luleå-Kallax Flygplats,21,Byvind,"max, 1 gång/tim",meter per sekund,2022-10-01T05:00:00Z,2022-10-01T07:00:00+02:00,1664600400000,,1.0,1.0,G,,corrected-archive-csv
162860,Luleå-Kallax Flygplats,21,Byvind,"max, 1 gång/tim",meter per sekund,2022-10-01T06:00:00Z,2022-10-01T08:00:00+02:00,1664604000000,,3.0,3.0,G,,corrected-archive-csv
162860,Luleå-Kallax Flygplats,21,Byvind,"max, 1 gång/tim",meter per sekund,2022-10-01T07:00:00Z,2022-10-01T09:00:00+02:00,1664607600000,,4.0,4.0,G,,corrected-archive-csv
162860,Luleå-Kallax Flygplats,21,Byvind,"max, 1 gång/tim",meter per sekund,2022-10-01T08:00:00Z,2022-10-01T10:00:00+02:00,1664611200000,,5.0,5.0,G,,corrected-archive-csv
162860,Luleå-Kallax Flygplats,21,Byvind,"max, 1 gång/tim",meter per sekund,2022-10-01T09:00:00Z,2022-10-01T11:00:00+02:00,1664614800000,,6.0,6.0,G,,corrected-archive-csv
162860,Luleå-Kallax Flygplats,21,Byvind,"max, 1 gång/tim",meter per sekund,2022-10-01T12:00:00Z,2022-10-01T14:00:00+02:00,1664625600000,,8.0,8.0,G,,corrected-archive-csv
162860,Luleå-Kallax Flygplats,21,Byvind,"max, 1 gång/tim",meter per sekund,2022-10-01T16:00:00Z,2022-10-01T18:00:00+02:00,1664640000000,,7.0,7.0,G,,corrected-archive-csv
162860,Luleå-Kallax Flygplats,21,Byvind,"max, 1 gång/tim",meter per sekund,2022-10-01T17:00:00Z,2022-10-01T19:00:00+02:00,1664643600000,,6.0,6.0,G,,corrected-archive-csv
162860,Luleå-Kallax Flygplats,21,Byvind,"max, 1 gång/tim",meter per sekund,2022-10-01T18:00:00Z,2022-10-01T20:00:00+02:00,1664647200000,,7.0,7.0,G,,corrected-archive-csv
162860,Luleå-Kallax Flygplats,21,Byvind,"max, 1 gång/tim",meter per sekund,2022-10-01T19:00:00Z,2022-10-01T21:00:00+02:00,1664650800000,,9.0,9.0,G,,corrected-archive-csv
162860,Luleå-Kallax Flygplats,21,Byvind,"max, 1 gång/tim",meter per sekund,2022-10-01T21:00:00Z,2022-10-01T23:00:00+02:00,1664658000000,,8.0,8.0,G,,corrected-archive-csv
162860,Luleå-Kallax Flygplats,21,Byvind,"max, 1 gång/tim",meter per sekund,2022-10-01T22:00:00Z,2022-10-02T00:00:00+02:00,1664661600000,,7.0,7.0,G,,corrected-archive-csv
162860,Luleå-Kallax Flygplats,21,Byvind,"max, 1 gång/tim",meter per sekund,2022-10-01T23:00:00Z,2022-10-02T01:00:00+02:00,1664665200000,,6.0,6.0,G,,corrected-archive-csv
162860,Luleå-Kallax Flygplats,21,Byvind,"max, 1 gång/tim",meter per sekund,2022-10-02T04:00:00Z,2022-10-02T06:00:00+02:00,1664683200000,,5.0,5.0,G,,corrected-archive-csv
162860,Luleå-Kallax Flygplats,21,Byvind,"max, 1 gång/tim",meter per sekund,2022-10-02T05:00:00Z,2022-10-02T07:00:00+02:00,1664686800000,,3.0,3.0,G,,corrected-archive-csv
162860,Luleå-Kallax Flygplats,21,Byvind,"max, 1 gång/tim",meter per sekund,2022-10-02T06:00:00Z,2022-10-02T08:00:00+02:00,1664690400000,,4.0,4.0,G,,corrected-archive-csv
162860,Luleå-Kallax Flygplats,21,Byvind,"max, 1 gång/tim",meter per sekund,2022-10-02T07:00:00Z,2022-10-02T09:00:00+02:00,1664694000000,,5.0,5.0,G,,corrected-archive-csv
162860,Luleå-Kallax Flygplats,21,Byvind,"max, 1 gång/tim",meter per sekund,2022-10-02T09:00:00Z,2022-10-02T11:00:00+02:00,1664701200000,,6.0,6.0,G,,corrected-archive-csv
162860,Luleå-Kallax Flygplats,21,Byvind,"max, 1 gång/tim",meter per sekund,2022-10-02T10:00:00Z,2022-10-02T12:00:00+02:00,1664704800000,,7.0,7.0,G,,corrected-archive-csv
162860,Luleå-Kallax Flygplats,21,Byvind,"max, 1 gång/tim",meter per sekund,2022-10-02T12:00:00Z,2022-10-02T14:00:00+02:00,1664712000000,,6.0,6.0,G,,corrected-archive-csv
162860,Luleå-Kallax Flygplats,21,Byvind,"max, 1 gång/tim",meter per sekund,2022-10-02T14:00:00Z,2022-10-02T16:00:00+02:00,1664719200000,,4.0,4.0,G,,corrected-archive-csv
162860,Luleå-Kallax Flygplats,21,Byvind,"max, 1 gång/tim",meter per sekund,2022-10-02T15:00:00Z,2022-10-02T17:00:00+02:00,1664722800000,,3.0,3.0,G,,corrected-archive-csv
162860,Luleå-Kallax Flygplats,21,Byvind,"max, 1 gång/tim",meter per sekund,2022-10-02T17:00:00Z,2022-10-02T19:00:00+02:00,1664730000000,,4.0,4.0,G,,corrected-archive-csv
162860,Luleå-Kallax Flygplats,21,Byvind,"max, 1 gång/tim",meter per sekund,2022-10-02T18:00:00Z,2022-10-02T20:00:00+02:00,1664733600000,,5.0,5.0,G,,corrected-archive-csv
162860,Luleå-Kallax Flygplats,21,Byvind,"max, 1 gång/tim",meter per sekund,2022-10-02T19:00:00Z,2022-10-02T21:00:00+02:00,1664737200000,,3.0,3.0,G,,corrected-archive-csv
162860,Luleå-Kallax Flygplats,21,Byvind,"max, 1 gång/tim",meter per sekund,2022-10-02T20:00:00Z,2022-10-02T22:00:00+02:00,1664740800000,,4.0,4.0,G,,corrected-archive-csv
162860,Luleå-Kallax Flygplats,21,Byvind,"max, 1 gång/tim",meter per sekund,2022-10-02T22:00:00Z,2022-10-03T00:00:00+02:00,1664748000000,,3.0,3.0,G,,corrected-archive-csv
162860,Luleå-Kallax Flygplats,21,Byvind,"max, 1 gång/tim",meter per sekund,2022-10-03T02:00:00Z,2022-10-03T04:00:00+02:00,1664762400000,,2.0,2.0,G,,corrected-archive-csv
162860,Luleå-Kallax Flygplats,21,Byvind,"max, 1 gång/tim",meter per sekund,2022-10-03T03:00:00Z,2022-10-03T05:00:00+02:00,1664766000000,,1.0,1.0,G,,corrected-archive-csv
162860,Luleå-Kallax Flygplats,21,Byvind,"max, 1 gång/tim",meter per sekund,2022-10-03T05:00:00Z,2022-10-03T07:00:00+02:00,1664773200000,,2.0,2.0,G,,corrected-archive-csv
162860,Luleå-Kallax Flygplats,21,Byvind,"max, 1 gång/tim",meter per sekund,2022-10-03T06:00:00Z,2022-10-03T08:00:00+02:00,1664776800000,,3.0,3.0,G,,corrected-archive-csv
162860,Luleå-Kallax Flygplats,21,Byvind,"max, 1 gång/tim",meter per sekund,2022-10-03T07:00:00Z,2022-10-03T09:00:00+02:00,1664780400000,,4.0,4.0,G,,corrected-archive-csv
162860,Luleå-Kallax Flygplats,21,Byvind,"max, 1 gång/tim",meter per sekund,2022-10-03T09:00:00Z,2022-10-03T11:00:00+02:00,1664787600000,,2.0,2.0,G,,corrected-archive-csv
162860,Luleå-Kallax Flygplats,21,Byvind,"max, 1 gång/tim",meter per sekund,2022-10-03T10:00:00Z,2022-10-03T12:00:00+02:00,1664791200000,,1.0,1.0,G,,corrected-archive-csv
162860,Luleå-Kallax Flygplats,21,Byvind,"max, 1 gång/tim",meter per sekund,2022-10-03T11:00:00Z,2022-10-03T13:00:00+02:00,1664794800000,,2.0,2.0,G,,corrected-archive-csv
162860,Luleå-Kallax Flygplats,21,Byvind,"max, 1 gång/tim",meter per sekund,2022-10-03T14:00:00Z,2022-10-03T16:00:00+02:00,1664805600000,,3.0,3.0,G,,corrected-archive-csv
162860,Luleå-Kallax Flygplats,21,Byvind,"max, 1 gång/tim",meter per sekund,2022-10-03T15:00:00Z,2022-10-03T17:00:00+02:00,1664809200000,,4.0,4.0,G,,corrected-archive-csv
162860,Luleå-Kallax Flygplats,21,Byvind,"max, 1 gång/tim",meter per sekund,2022-10-03T16:00:00Z,2022-10-03T18:00:00+02:00,1664812800000,,3.0,3.0,G,,corrected-archive-csv
162860,Luleå-Kallax Flygplats,21,Byvind,"max, 1 gång/tim",meter per sekund,2022-10-03T17:00:00Z,2022-10-03T19:00:00+02:00,1664816400000,,1.0,1.0,G,,corrected-archive-csv
162860,Luleå-Kallax Flygplats,21,Byvind,"max, 1 gång/tim",meter per sekund,2022-10-03T18:00:00Z,2022-10-03T20:00:00+02:00,1664820000000,,2.0,2.0,G,,corrected-archive-csv
162860,Luleå-Kallax Flygplats,21,Byvind,"max, 1 gång/tim",meter per sekund,2022-10-03T19:00:00Z,2022-10-03T21:00:00+02:00,1664823600000,,3.0,3.0,G,,corrected-archive-csv
162860,Luleå-Kallax Flygplats,21,Byvind,"max, 1 gång/tim",meter per sekund,2022-10-03T21:00:00Z,2022-10-03T23:00:00+02:00,1664830800000,,2.0,2.0,G,,corrected-archive-csv
162860,Luleå-Kallax Flygplats,21,Byvind,"max, 1 gång/tim",meter per sekund,2022-10-03T22:00:00Z,2022-10-04T00:00:00+02:00,1664834400000,,1.0,1.0,G,,corrected-archive-csv
162860,Luleå-Kallax Flygplats,21,Byvind,"max, 1 gång/tim",meter per sekund,2022-10-04T01:00:00Z,2022-10-04T03:00:00+02:00,1664845200000,,2.0,2.0,G,,corrected-archive-csv
162860,Luleå-Kallax Flygplats,21,Byvind,"max, 1 gång/tim",meter per sekund,2022-10-04T05:00:00Z,2022-10-04T07:00:00+02:00,1664859600000,,3.0,3.0,G,,corrected-archive-csv
162860,Luleå-Kallax Flygplats,21,Byvind,"max, 1 gång/tim",meter per sekund,2022-10-04T07:00:00Z,2022-10-04T09:00:00+02:00,1664866800000,,4.0,4.0,G,,corrected-archive-csv
162860,Luleå-Kallax Flygplats,21,Byvind,"max, 1 gång/tim",meter per sekund,2022-10-04T08:00:00Z,2022-10-04T10:00:00+02:00,1664870400000,,6.0,6.0,G,,corrected-archive-csv
162860,Luleå-Kallax Flygplats,21,Byvind,"max, 1 gång/tim",meter per sekund,2022-10-04T10:00:00Z,2022-10-04T12:00:00+02:00,1664877600000,,4.0,4.0,G,,corrected-archive-csv
162860,Luleå-Kallax Flygplats,21,Byvind,"max, 1 gång/tim",meter per sekund,2022-10-04T12:00:00Z,2022-10-04T14:00:00+02:00,1664884800000,,3.0,3.0,G,,corrected-archive-csv
162860,Luleå-Kallax Flygplats,21,Byvind,"max, 1 gång/tim",meter per sekund,2022-10-04T14:00:00Z,2022-10-04T16:00:00+02:00,1664892000000,,4.0,4.0,G,,corrected-archive-csv
162860,Luleå-Kallax Flygplats,21,Byvind,"max, 1 gång/tim",meter per sekund,2022-10-04T15:00:00Z,2022-10-04T17:00:00+02:00,1664895600000,,3.0,3.0,G,,corrected-archive-csv
162860,Luleå-Kallax Flygplats,21,Byvind,"max, 1 gång/tim",meter per sekund,2022-10-04T20:00:00Z,2022-10-04T22:00:00+02:00,1664913600000,,4.0,4.0,G,,corrected-archive-csv
162860,Luleå-Kallax Flygplats,21,Byvind,"max, 1 gång/tim",meter per sekund,2022-10-04T21:00:00Z,2022-10-04T23:00:00+02:00,1664917200000,,6.0,6.0,G,,corrected-archive-csv
162860,Luleå-Kallax Flygplats,21,Byvind,"max, 1 gång/tim",meter per sekund,2022-10-04T23:00:00Z,2022-10-05T01:00:00+02:00,1664924400000,,7.0,7.0,G,,corrected-archive-csv
162860,Luleå-Kallax Flygplats,21,Byvind,"max, 1 gång/tim",meter per sekund,2022-10-05T00:00:00Z,2022-10-05T02:00:00+02:00,1664928000000,,6.0,6.0,G,,corrected-archive-csv
162860,Luleå-Kallax Flygplats,21,Byvind,"max, 1 gång/tim",meter per sekund,2022-10-05T02:00:00Z,2022-10-05T04:00:00+02:00,1664935200000,,7.0,7.0,G,,corrected-archive-csv
162860,Luleå-Kallax Flygplats,21,Byvind,"max, 1 gång/tim",meter per sekund,2022-10-05T03:00:00Z,2022-10-05T05:00:00+02:00,1664938800000,,8.0,8.0,G,,corrected-archive-csv
162860,Luleå-Kallax Flygplats,21,Byvind,"max, 1 gång/tim",meter per sekund,2022-10-05T04:00:00Z,2022-10-05T06:00:00+02:00,1664942400000,,9.0,9.0,G,,corrected-archive-csv
162860,Luleå-Kallax Flygplats,21,Byvind,"max, 1 gång/tim",meter per sekund,2022-10-05T05:00:00Z,2022-10-05T07:00:00+02:00,1664946000000,,10.0,10.0,G,,corrected-archive-csv
162860,Luleå-Kallax Flygplats,21,Byvind,"max, 1 gång/tim",meter per sekund,2022-10-05T06:00:00Z,2022-10-05T08:00:00+02:00,1664949600000,,12.0,12.0,G,,corrected-archive-csv
162860,Luleå-Kallax Flygplats,21,Byvind,"max, 1 gång/tim",meter per sekund,2022-10-05T09:00:00Z,2022-10-05T11:00:00+02:00,1664960400000,,13.0,13.0,G,,corrected-archive-csv
162860,Luleå-Kallax Flygplats,21,Byvind,"max, 1 gång/tim",meter per sekund,2022-10-05T10:00:00Z,2022-10-05T12:00:00+02:00,1664964000000,,11.0,11.0,G,,corrected-archive-csv
162860,Luleå-Kallax Flygplats,21,Byvind,"max, 1 gång/tim",meter per sekund,2022-10-05T11:00:00Z,2022-10-05T13:00:00+02:00,1664967600000,,10.0,10.0,G,,corrected-archive-csv
162860,Luleå-Kallax Flygplats,21,Byvind,"max, 1 gång/tim",meter per sekund,2022-10-05T13:00:00Z,2022-10-05T15:00:00+02:00,1664974800000,,9.0,9.0,G,,corrected-archive-csv
162860,Luleå-Kallax Flygplats,21,Byvind,"max, 1 gång/tim",meter per sekund,2022-10-05T16:00:00Z,2022-10-05T18:00:00+02:00,1664985600000,,7.0,7.0,G,,corrected-archive-csv
162860,Luleå-Kallax Flygplats,21,Byvind,"max, 1 gång/tim",meter per sekund,2022-10-05T17:00:00Z,2022-10-05T19:00:00+02:00,1664989200000,,6.0,6.0,G,,corrected-archive-csv
162860,Luleå-Kallax Flygplats,21,Byvind,"max, 1 gång/tim",meter per sekund,2022-10-05T18:00:00Z,2022-10-05T20:00:00+02:00,1664992800000,,5.0,5.0,G,,corrected-archive-csv
162860,Luleå-Kallax Flygplats,21,Byvind,"max, 1 gång/tim",meter per sekund,2022-10-05T21:00:00Z,2022-10-05T23:00:00+02:00,1665003600000,,6.0,6.0,G,,corrected-archive-csv
162860,Luleå-Kallax Flygplats,21,Byvind,"max, 1 gång/tim",meter per sekund,2022-10-05T22:00:00Z,2022-10-06T00:00:00+02:00,1665007200000,,4.0,4.0,G,,corrected-archive-csv
162860,Luleå-Kallax Flygplats,21,Byvind,"max, 1 gång/tim",meter per sekund,2022-10-05T23:00:00Z,2022-10-06T01:00:00+02:00,1665010800000,,7.0,7.0,G,,corrected-archive-csv
162860,Luleå-Kallax Flygplats,21,Byvind,"max, 1 gång/tim",meter per sekund,2022-10-06T00:00:00Z,2022-10-06T02:00:00+02:00,1665014400000,,11.0,11.0,G,,corrected-archive-csv
162860,Luleå-Kallax Flygplats,21,Byvind,"max, 1 gång/tim",meter per sekund,2022-10-06T01:00:00Z,2022-10-06T03:00:00+02:00,1665018000000,,14.0,14.0,G,,corrected-archive-csv
162860,Luleå-Kallax Flygplats,21,Byvind,"max, 1 gång/tim",meter per sekund,2022-10-06T02:00:00Z,2022-10-06T04:00:00+02:00,1665021600000,,16.0,16.0,G,,corrected-archive-csv
162860,Luleå-Kallax Flygplats,21,Byvind,"max, 1 gång/tim",meter per sekund,2022-10-06T03:00:00Z,2022-10-06T05:00:00+02:00,1665025200000,,15.0,15.0,G,,corrected-archive-csv
162860,Luleå-Kallax Flygplats,21,Byvind,"max, 1 gång/tim",meter per sekund,2022-10-06T04:00:00Z,2022-10-06T06:00:00+02:00,1665028800000,,13.0,13.0,G,,corrected-archive-csv
162860,Luleå-Kallax Flygplats,21,Byvind,"max, 1 gång/tim",meter per sekund,2022-10-06T05:00:00Z,2022-10-06T07:00:00+02:00,1665032400000,,12.0,12.0,G,,corrected-archive-csv
162860,Luleå-Kallax Flygplats,21,Byvind,"max, 1 gång/tim",meter per sekund,2022-10-06T07:00:00Z,2022-10-06T09:00:00+02:00,1665039600000,,7.0,7.0,G,,corrected-archive-csv
162860,Luleå-Kallax Flygplats,21,Byvind,"max, 1 gång/tim",meter per sekund,2022-10-06T09:00:00Z,2022-10-06T11:00:00+02:00,1665046800000,,11.0,11.0,G,,corrected-archive-csv
162860,Luleå-Kallax Flygplats,21,Byvind,"max, 1 gång/tim",meter per sekund,2022-10-06T10:00:00Z,2022-10-06T12:00:00+02:00,1665050400000,,9.0,9.0,G,,corrected-archive-csv
162860,Luleå-Kallax Flygplats,21,Byvind,"max, 1 gång/tim",meter per sekund,2022-10-06T13:00:00Z,2022-10-06T15:00:00+02:00,1665061200000,,11.0,11.0,G,,corrected-archive-csv
162860,Luleå-Kallax Flygplats,21,Byvind,"max, 1 gång/tim",meter per sekund,2022-10-06T14:00:00Z,2022-10-06T16:00:00+02:00,1665064800000,,7.0,7.0,G,,corrected-archive-csv
162860,Luleå-Kallax Flygplats,21,Byvind,"max, 1 gång/tim",meter per sekund,2022-10-06T15:00:00Z,2022-10-06T17:00:00+02:00,1665068400000,,6.0,6.0,G,,corrected-archive-csv
162860,Luleå-Kallax Flygplats,21,Byvind,"max, 1 gång/tim",meter per sekund,2022-10-06T17:00:00Z,2022-10-06T19:00:00+02:00,1665075600000,,5.0,5.0,G,,corrected-archive-csv
162860,Luleå-Kallax Flygplats,21,Byvind,"max, 1 gång/tim",meter per sekund,2022-10-06T18:00:00Z,2022-10-06T20:00:00+02:00,1665079200000,,7.0,7.0,G,,corrected-archive-csv
162860,Luleå-Kallax Flygplats,21,Byvind,"max, 1 gång/tim",meter per sekund,2022-10-06T20:00:00Z,2022-10-06T22:00:00+02:00,1665086400000,,10.0,10.0,G,,corrected-archive-csv
162860,Luleå-Kallax Flygplats,21,Byvind,"max, 1 gång/tim",meter per sekund,2022-10-06T21:00:00Z,2022-10-06T23:00:00+02:00,1665090000000,,9.0,9.0,G,,corrected-archive-csv
162860,Luleå-Kallax Flygplats,21,Byvind,"max, 1 gång/tim",meter per sekund,2022-10-06T22:00:00Z,2022-10-07T00:00:00+02:00,1665093600000,,10.0,10.0,G,,corrected-archive-csv
162860,Luleå-Kallax Flygplats,21,Byvind,"max, 1 gång/tim",meter per sekund,2022-10-06T23:00:00Z,2022-10-07T01:00:00+02:00,1665097200000,,9.0,9.0,G,,corrected-archive-csv
162860,Luleå-Kallax Flygplats,21,Byvind,"max, 1 gång/tim",meter per sekund,2022-10-07T00:00:00Z,2022-10-07T02:00:00+02:00,1665100800000,,8.0,8.0,G,,corrected-archive-csv
162860,Luleå-Kallax Flygplats,21,Byvind,"max, 1 gång/tim",meter per sekund,2022-10-07T01:00:00Z,2022-10-07T03:00:00+02:00,1665104400000,,6.0,6.0,G,,corrected-archive-csv
162860,Luleå-Kallax Flygplats,21,Byvind,"max, 1 gång/tim",meter per sekund,2022-10-07T06:00:00Z,2022-10-07T08:00:00+02:00,1665122400000,,5.0,5.0,G,,corrected-archive-csv
162860,Luleå-Kallax Flygplats,21,Byvind,"max, 1 gång/tim",meter per sekund,2022-10-07T07:00:00Z,2022-10-07T09:00:00+02:00,1665126000000,,6.0,6.0,G,,corrected-archive-csv
162860,Luleå-Kallax Flygplats,21,Byvind,"max, 1 gång/tim",meter per sekund,2022-10-07T08:00:00Z,2022-10-07T10:00:00+02:00,1665129600000,,7.0,7.0,G,,corrected-archive-csv
162860,Luleå-Kallax Flygplats,21,Byvind,"max, 1 gång/tim",meter per sekund,2022-10-07T09:00:00Z,2022-10-07T11:00:00+02:00,1665133200000,,9.0,9.0,G,,corrected-archive-csv
162860,Luleå-Kallax Flygplats,21,Byvind,"max, 1 gång/tim",meter per sekund,2022-10-07T10:00:00Z,2022-10-07T12:00:00+02:00,1665136800000,,8.0,8.0,G,,corrected-archive-csv
162860,Luleå-Kallax Flygplats,21,Byvind,"max, 1 gång/tim",meter per sekund,2022-10-07T11:00:00Z,2022-10-07T13:00:00+02:00,1665140400000,,9.0,9.0,G,,corrected-archive-csv
162860,Luleå-Kallax Flygplats,21,Byvind,"max, 1 gång/tim",meter per sekund,2022-10-07T13:00:00Z,2022-10-07T15:00:00+02:00,1665147600000,,10.0,10.0,G,,corrected-archive-csv
162860,Luleå-Kallax Flygplats,21,Byvind,"max, 1 gång/tim",meter per sekund,2022-10-07T14:00:00Z,2022-10-07T16:00:00+02:00,1665151200000,,8.0,8.0,G,,corrected-archive-csv
162860,Luleå-Kallax Flygplats,21,Byvind,"max, 1 gång/tim",meter per sekund,2022-10-07T15:00:00Z,2022-10-07T17:00:00+02:00,1665154800000,,6.0,6.0,G,,corrected-archive-csv
162860,Luleå-Kallax Flygplats,21,Byvind,"max, 1 gång/tim",meter per sekund,2022-10-07T16:00:00Z,2022-10-07T18:00:00+02:00,1665158400000,,7.0,7.0,G,,corrected-archive-csv
162860,Luleå-Kallax Flygplats,21,Byvind,"max, 1 gång/tim",meter per sekund,2022-10-07T17:00:00Z,2022-10-07T19:00:00+02:00,1665162000000,,6.0,6.0,G,,corrected-archive-csv
162860,Luleå-Kallax Flygplats,21,Byvind,"max, 1 gång/tim",meter per sekund,2022-10-07T18:00:00Z,2022-10-07T20:00:00+02:00,1665165600000,,5.0,5.0,G,,corrected-archive-csv
162860,Luleå-Kallax Flygplats,21,Byvind,"max, 1 gång/tim",meter per sekund,2022-10-07T19:00:00Z,2022-10-07T21:00:00+02:00,1665169200000,,4.0,4.0,G,,corrected-archive-csv
162860,Luleå-Kallax Flygplats,21,Byvind,"max, 1 gång/tim",meter per sekund,2022-10-07T20:00:00Z,2022-10-07T22:00:00+02:00,1665172800000,,5.0,5.0,G,,corrected-archive-csv
162860,Luleå-Kallax Flygplats,21,Byvind,"max, 1 gång/tim",meter per sekund,2022-10-07T22:00:00Z,2022-10-08T00:00:00+02:00,1665180000000,,6.0,6.0,G,,corrected-archive-csv
162860,Luleå-Kallax Flygplats,21,Byvind,"max, 1 gång/tim",meter per sekund,2022-10-07T23:00:00Z,2022-10-08T01:00:00+02:00,1665183600000,,5.0,5.0,G,,corrected-archive-csv
162860,Luleå-Kallax Flygplats,21,Byvind,"max, 1 gång/tim",meter per sekund,2022-10-08T04:00:00Z,2022-10-08T06:00:00+02:00,1665201600000,,4.0,4.0,G,,corrected-archive-csv
162860,Luleå-Kallax Flygplats,21,Byvind,"max, 1 gång/tim",meter per sekund,2022-10-08T06:00:00Z,2022-10-08T08:00:00+02:00,1665208800000,,5.0,5.0,G,,corrected-archive-csv
162860,Luleå-Kallax Flygplats,21,Byvind,"max, 1 gång/tim",meter per sekund,2022-10-08T08:00:00Z,2022-10-08T10:00:00+02:00,1665216000000,,7.0,7.0,G,,corrected-archive-csv
162860,Luleå-Kallax Flygplats,21,Byvind,"max, 1 gång/tim",meter per sekund,2022-10-08T09:00:00Z,2022-10-08T11:00:00+02:00,1665219600000,,8.0,8.0,G,,corrected-archive-csv
162860,Luleå-Kallax Flygplats,21,Byvind,"max, 1 gång/tim",meter per sekund,2022-10-08T11:00:00Z,2022-10-08T13:00:00+02:00,1665226800000,,9.0,9.0,G,,corrected-archive-csv
162860,Luleå-Kallax Flygplats,21,Byvind,"max, 1 gång/tim",meter per sekund,2022-10-08T14:00:00Z,2022-10-08T16:00:00+02:00,1665237600000,,10.0,10.0,G,,corrected-archive-csv
162860,Luleå-Kallax Flygplats,21,Byvind,"max, 1 gång/tim",meter per sekund,2022-10-08T15:00:00Z,2022-10-08T17:00:00+02:00,1665241200000,,9.0,9.0,G,,corrected-archive-csv
162860,Luleå-Kallax Flygplats,21,Byvind,"max, 1 gång/tim",meter per sekund,2022-10-08T16:00:00Z,2022-10-08T18:00:00+02:00,1665244800000,,7.0,7.0,G,,corrected-archive-csv
162860,Luleå-Kallax Flygplats,21,Byvind,"max, 1 gång/tim",meter per sekund,2022-10-08T18:00:00Z,2022-10-08T20:00:00+02:00,1665252000000,,6.0,6.0,G,,corrected-archive-csv
162860,Luleå-Kallax Flygplats,21,Byvind,"max, 1 gång/tim",meter per sekund,2022-10-08T19:00:00Z,2022-10-08T21:00:00+02:00,1665255600000,,5.0,5.0,G,,corrected-archive-csv
162860,Luleå-Kallax Flygplats,21,Byvind,"max, 1 gång/tim",meter per sekund,2022-10-08T20:00:00Z,2022-10-08T22:00:00+02:00,1665259200000,,7.0,7.0,G,,corrected-archive-csv
162860,Luleå-Kallax Flygplats,21,Byvind,"max, 1 gång/tim",meter per sekund,2022-10-08T23:00:00Z,2022-10-09T01:00:00+02:00,1665270000000,,6.0,6.0,G,,corrected-archive-csv
162860,Luleå-Kallax Flygplats,21,Byvind,"max, 1 gång/tim",meter per sekund,2022-10-09T00:00:00Z,2022-10-09T02:00:00+02:00,1665273600000,,3.0,3.0,G,,corrected-archive-csv
162860,Luleå-Kallax Flygplats,21,Byvind,"max, 1 gång/tim",meter per sekund,2022-10-09T01:00:00Z,2022-10-09T03:00:00+02:00,1665277200000,,4.0,4.0,G,,corrected-archive-csv
162860,Luleå-Kallax Flygplats,21,Byvind,"max, 1 gång/tim",meter per sekund,2022-10-09T02:00:00Z,2022-10-09T04:00:00+02:00,1665280800000,,7.0,7.0,G,,corrected-archive-csv
162860,Luleå-Kallax Flygplats,21,Byvind,"max, 1 gång/tim",meter per sekund,2022-10-09T03:00:00Z,2022-10-09T05:00:00+02:00,1665284400000,,8.0,8.0,G,,corrected-archive-csv
162860,Luleå-Kallax Flygplats,21,Byvind,"max, 1 gång/tim",meter per sekund,2022-10-09T06:00:00Z,2022-10-09T08:00:00+02:00,1665295200000,,7.0,7.0,G,,corrected-archive-csv
162860,Luleå-Kallax Flygplats,21,Byvind,"max, 1 gång/tim",meter per sekund,2022-10-09T07:00:00Z,2022-10-09T09:00:00+02:00,1665298800000,,9.0,9.0,G,,corrected-archive-csv
162860,Luleå-Kallax Flygplats,21,Byvind,"max, 1 gång/tim",meter per sekund,2022-10-09T08:00:00Z,2022-10-09T10:00:00+02:00,1665302400000,,10.0,10.0,G,,corrected-archive-csv
162860,Luleå-Kallax Flygplats,21,Byvind,"max, 1 gång/tim",meter per sekund,2022-10-09T11:00:00Z,2022-10-09T13:00:00+02:00,1665313200000,,12.0,12.0,G,,corrected-archive-csv
162860,Luleå-Kallax Flygplats,21,Byvind,"max, 1 gång/tim",meter per sekund,2022-10-09T12:00:00Z,2022-10-09T14:00:00+02:00,1665316800000,,11.0,11.0,G,,corrected-archive-csv
162860,Luleå-Kallax Flygplats,21,Byvind,"max, 1 gång/tim",meter per sekund,2022-10-09T14:00:00Z,2022-10-09T16:00:00+02:00,1665324000000,,9.0,9.0,G,,corrected-archive-csv
162860,Luleå-Kallax Flygplats,21,Byvind,"max, 1 gång/tim",meter per sekund,2022-10-09T15:00:00Z,2022-10-09T17:00:00+02:00,1665327600000,,7.0,7.0,G,,corrected-archive-csv
162860,Luleå-Kallax Flygplats,21,Byvind,"max, 1 gång/tim",meter per sekund,2022-10-09T16:00:00Z,2022-10-09T18:00:00+02:00,1665331200000,,4.0,4.0,G,,corrected-archive-csv
162860,Luleå-Kallax Flygplats,21,Byvind,"max, 1 gång/tim",meter per sekund,2022-10-09T17:00:00Z,2022-10-09T19:00:00+02:00,1665334800000,,5.0,5.0,G,,corrected-archive-csv
162860,Luleå-Kallax Flygplats,21,Byvind,"max, 1 gång/tim",meter per sekund,2022-10-09T21:00:00Z,2022-10-09T23:00:00+02:00,1665349200000,,4.0,4.0,G,,corrected-archive-csv
162860,Luleå-Kallax Flygplats,21,Byvind,"max, 1 gång/tim",meter per sekund,2022-10-09T22:00:00Z,2022-10-10T00:00:00+02:00,1665352800000,,5.0,5.0,G,,corrected-archive-csv
162860,Luleå-Kallax Flygplats,21,Byvind,"max, 1 gång/tim",meter per sekund,2022-10-10T01:00:00Z,2022-10-10T03:00:00+02:00,1665363600000,,3.0,3.0,G,,corrected-archive-csv
162860,Luleå-Kallax Flygplats,21,Byvind,"max, 1 gång/tim",meter per sekund,2022-10-10T02:00:00Z,2022-10-10T04:00:00+02:00,1665367200000,,4.0,4.0,G,,corrected-archive-csv
162860,Luleå-Kallax Flygplats,21,Byvind,"max, 1 gång/tim",meter per sekund,2022-10-10T03:00:00Z,2022-10-10T05:00:00+02:00,1665370800000,,6.0,6.0,G,,corrected-archive-csv
162860,Luleå-Kallax Flygplats,21,Byvind,"max, 1 gång/tim",meter per sekund,2022-10-10T04:00:00Z,2022-10-10T06:00:00+02:00,1665374400000,,4.0,4.0,G,,corrected-archive-csv
162860,Luleå-Kallax Flygplats,21,Byvind,"max, 1 gång/tim",meter per sekund,2022-10-10T06:00:00Z,2022-10-10T08:00:00+02:00,1665381600000,,5.0,5.0,G,,corrected-archive-csv
162860,Luleå-Kallax Flygplats,21,Byvind,"max, 1 gång/tim",meter per sekund,2022-10-10T07:00:00Z,2022-10-10T09:00:00+02:00,1665385200000,,4.0,4.0,G,,corrected-archive-csv
162860,Luleå-Kallax Flygplats,21,Byvind,"max, 1 gång/tim",meter per sekund,2022-10-10T08:00:00Z,2022-10-10T10:00:00+02:00,1665388800000,,6.0,6.0,G,,corrected-archive-csv
162860,Luleå-Kallax Flygplats,21,Byvind,"max, 1 gång/tim",meter per sekund,2022-10-10T09:00:00Z,2022-10-10T11:00:00+02:00,1665392400000,,8.0,8.0,G,,corrected-archive-csv
162860,Luleå-Kallax Flygplats,21,Byvind,"max, 1 gång/tim",meter per sekund,2022-10-10T11:00:00Z,2022-10-10T13:00:00+02:00,1665399600000,,9.0,9.0,G,,corrected-archive-csv
162860,Luleå-Kallax Flygplats,21,Byvind,"max, 1 gång/tim",meter per sekund,2022-10-10T12:00:00Z,2022-10-10T14:00:00+02:00,1665403200000,,7.0,7.0,G,,corrected-archive-csv
162860,Luleå-Kallax Flygplats,21,Byvind,"max, 1 gång/tim",meter per sekund,2022-10-10T14:00:00Z,2022-10-10T16:00:00+02:00,1665410400000,,8.0,8.0,G,,corrected-archive-csv
162860,Luleå-Kallax Flygplats,21,Byvind,"max, 1 gång/tim",meter per sekund,2022-10-10T16:00:00Z,2022-10-10T18:00:00+02:00,1665417600000,,7.0,7.0,G,,corrected-archive-csv
162860,Luleå-Kallax Flygplats,21,Byvind,"max, 1 gång/tim",meter per sekund,2022-10-10T17:00:00Z,2022-10-10T19:00:00+02:00,1665421200000,,11.0,11.0,G,,corrected-archive-csv
162860,Luleå-Kallax Flygplats,21,Byvind,"max, 1 gång/tim",meter per sekund,2022-10-10T18:00:00Z,2022-10-10T20:00:00+02:00,1665424800000,,10.0,10.0,G,,corrected-archive-csv
162860,Luleå-Kallax Flygplats,21,Byvind,"max, 1 gång/tim",meter per sekund,2022-10-10T19:00:00Z,2022-10-10T21:00:00+02:00,1665428400000,,9.0,9.0,G,,corrected-archive-csv
162860,Luleå-Kallax Flygplats,21,Byvind,"max, 1 gång/tim",meter per sekund,2022-10-10T21:00:00Z,2022-10-10T23:00:00+02:00,1665435600000,,8.0,8.0,G,,corrected-archive-csv
162860,Luleå-Kallax Flygplats,21,Byvind,"max, 1 gång/tim",meter per sekund,2022-10-10T22:00:00Z,2022-10-11T00:00:00+02:00,1665439200000,,9.0,9.0,G,,corrected-archive-csv
162860,Luleå-Kallax Flygplats,21,Byvind,"max, 1 gång/tim",meter per sekund,2022-10-10T23:00:00Z,2022-10-11T01:00:00+02:00,1665442800000,,10.0,10.0,G,,corrected-archive-csv
162860,Luleå-Kallax Flygplats,21,Byvind,"max, 1 gång/tim",meter per sekund,2022-10-11T00:00:00Z,2022-10-11T02:00:00+02:00,1665446400000,,11.0,11.0,G,,corrected-archive-csv
162860,Luleå-Kallax Flygplats,21,Byvind,"max, 1 gång/tim",meter per sekund,2022-10-11T02:00:00Z,2022-10-11T04:00:00+02:00,1665453600000,,9.0,9.0,G,,corrected-archive-csv
162860,Luleå-Kallax Flygplats,21,Byvind,"max, 1 gång/tim",meter per sekund,2022-10-11T07:00:00Z,2022-10-11T09:00:00+02:00,1665471600000,,7.0,7.0,G,,corrected-archive-csv
162860,Luleå-Kallax Flygplats,21,Byvind,"max, 1 gång/tim",meter per sekund,2022-10-11T09:00:00Z,2022-10-11T11:00:00+02:00,1665478800000,,3.0,3.0,G,,corrected-archive-csv
162860,Luleå-Kallax Flygplats,21,Byvind,"max, 1 gång/tim",meter per sekund,2022-10-11T11:00:00Z,2022-10-11T13:00:00+02:00,1665486000000,,4.0,4.0,G,,corrected-archive-csv
162860,Luleå-Kallax Flygplats,21,Byvind,"max, 1 gång/tim",meter per sekund,2022-10-11T12:00:00Z,2022-10-11T14:00:00+02:00,1665489600000,,3.0,3.0,G,,corrected-archive-csv
162860,Luleå-Kallax Flygplats,21,Byvind,"max, 1 gång/tim",meter per sekund,2022-10-11T14:00:00Z,2022-10-11T16:00:00+02:00,1665496800000,,4.0,4.0,G,,corrected-archive-csv
162860,Luleå-Kallax Flygplats,21,Byvind,"max, 1 gång/tim",meter per sekund,2022-10-11T15:00:00Z,2022-10-11T17:00:00+02:00,1665500400000,,3.0,3.0,G,,corrected-archive-csv
162860,Luleå-Kallax Flygplats,21,Byvind,"max, 1 gång/tim",meter per sekund,2022-10-11T16:00:00Z,2022-10-11T18:00:00+02:00,1665504000000,,4.0,4.0,G,,corrected-archive-csv
162860,Luleå-Kallax Flygplats,21,Byvind,"max, 1 gång/tim",meter per sekund,2022-10-11T17:00:00Z,2022-10-11T19:00:00+02:00,1665507600000,,3.0,3.0,G,,corrected-archive-csv
162860,Luleå-Kallax Flygplats,21,Byvind,"max, 1 gång/tim",meter per sekund,2022-10-11T18:00:00Z,2022-10-11T20:00:00+02:00,1665511200000,,4.0,4.0,G,,corrected-archive-csv
162860,Luleå-Kallax Flygplats,21,Byvind,"max, 1 gång/tim",meter per sekund,2022-10-11T23:00:00Z,2022-10-12T01:00:00+02:00,1665529200000,,5.0,5.0,G,,corrected-archive-csv
162860,Luleå-Kallax Flygplats,21,Byvind,"max, 1 gång/tim",meter per sekund,2022-10-12T00:00:00Z,2022-10-12T02:00:00+02:00,1665532800000,,6.0,6.0,G,,corrected-archive-csv
162860,Luleå-Kallax Flygplats,21,Byvind,"max, 1 gång/tim",meter per sekund,2022-10-12T01:00:00Z,2022-10-12T03:00:00+02:00,1665536400000,,7.0,7.0,G,,corrected-archive-csv
162860,Luleå-Kallax Flygplats,21,Byvind,"max, 1 gång/tim",meter per sekund,2022-10-12T04:00:00Z,2022-10-12T06:00:00+02:00,1665547200000,,8.0,8.0,G,,corrected-archive-csv
162860,Luleå-Kallax Flygplats,21,Byvind,"max, 1 gång/tim",meter per sekund,2022-10-12T05:00:00Z,2022-10-12T07:00:00+02:00,1665550800000,,9.0,9.0,G,,corrected-archive-csv
162860,Luleå-Kallax Flygplats,21,Byvind,"max, 1 gång/tim",meter per sekund,2022-10-12T07:00:00Z,2022-10-12T09:00:00+02:00,1665558000000,,7.0,7.0,G,,corrected-archive-csv
162860,Luleå-Kallax Flygplats,21,Byvind,"max, 1 gång/tim",meter per sekund,2022-10-12T08:00:00Z,2022-10-12T10:00:00+02:00,1665561600000,,11.0,11.0,G,,corrected-archive-csv
162860,Luleå-Kallax Flygplats,21,Byvind,"max, 1 gång/tim",meter per sekund,2022-10-12T10:00:00Z,2022-10-12T12:00:00+02:00,1665568800000,,10.0,10.0,G,,corrected-archive-csv
162860,Luleå-Kallax Flygplats,21,Byvind,"max, 1 gång/tim",meter per sekund,2022-10-12T12:00:00Z,2022-10-12T14:00:00+02:00,1665576000000,,9.0,9.0,G,,corrected-archive-csv
162860,Luleå-Kallax Flygplats,21,Byvind,"max, 1 gång/tim",meter per sekund,2022-10-12T13:00:00Z,2022-10-12T15:00:00+02:00,1665579600000,,8.0,8.0,G,,corrected-archive-csv
162860,Luleå-Kallax Flygplats,21,Byvind,"max, 1 gång/tim",meter per sekund,2022-10-12T15:00:00Z,2022-10-12T17:00:00+02:00,1665586800000,,4.0,4.0,G,,corrected-archive-csv
162860,Luleå-Kallax Flygplats,21,Byvind,"max, 1 gång/tim",meter per sekund,2022-10-12T16:00:00Z,2022-10-12T18:00:00+02:00,1665590400000,,5.0,5.0,G,,corrected-archive-csv
162860,Luleå-Kallax Flygplats,21,Byvind,"max, 1 gång/tim",meter per sekund,2022-10-12T17:00:00Z,2022-10-12T19:00:00+02:00,1665594000000,,4.0,4.0,G,,corrected-archive-csv
162860,Luleå-Kallax Flygplats,21,Byvind,"max, 1 gång/tim",meter per sekund,2022-10-12T20:00:00Z,2022-10-12T22:00:00+02:00,1665604800000,,3.0,3.0,G,,corrected-archive-csv
162860,Luleå-Kallax Flygplats,21,Byvind,"max, 1 gång/tim",meter per sekund,2022-10-12T22:00:00Z,2022-10-13T00:00:00+02:00,1665612000000,,5.0,5.0,G,,corrected-archive-csv
162860,Luleå-Kallax Flygplats,21,Byvind,"max, 1 gång/tim",meter per sekund,2022-10-13T00:00:00Z,2022-10-13T02:00:00+02:00,1665619200000,,4.0,4.0,G,,corrected-archive-csv
162860,Luleå-Kallax Flygplats,21,Byvind,"max, 1 gång/tim",meter per sekund,2022-10-13T01:00:00Z,2022-10-13T03:00:00+02:00,1665622800000,,5.0,5.0,G,,corrected-archive-csv
162860,Luleå-Kallax Flygplats,21,Byvind,"max, 1 gång/tim",meter per sekund,2022-10-13T02:00:00Z,2022-10-13T04:00:00+02:00,1665626400000,,4.0,4.0,G,,corrected-archive-csv
162860,Luleå-Kallax Flygplats,21,Byvind,"max, 1 gång/tim",meter per sekund,2022-10-13T03:00:00Z,2022-10-13T05:00:00+02:00,1665630000000,,3.0,3.0,G,,corrected-archive-csv
162860,Luleå-Kallax Flygplats,21,Byvind,"max, 1 gång/tim",meter per sekund,2022-10-13T04:00:00Z,2022-10-13T06:00:00+02:00,1665633600000,,5.0,5.0,G,,corrected-archive-csv
162860,Luleå-Kallax Flygplats,21,Byvind,"max, 1 gång/tim",meter per sekund,2022-10-13T05:00:00Z,2022-10-13T07:00:00+02:00,1665637200000,,6.0,6.0,G,,corrected-archive-csv
162860,Luleå-Kallax Flygplats,21,Byvind,"max, 1 gång/tim",meter per sekund,2022-10-13T07:00:00Z,2022-10-13T09:00:00+02:00,1665644400000,,8.0,8.0,G,,corrected-archive-csv
162860,Luleå-Kallax Flygplats,21,Byvind,"max, 1 gång/tim",meter per sekund,2022-10-13T10:00:00Z,2022-10-13T12:00:00+02:00,1665655200000,,6.0,6.0,G,,corrected-archive-csv
162860,Luleå-Kallax Flygplats,21,Byvind,"max, 1 gång/tim",meter per sekund,2022-10-13T11:00:00Z,2022-10-13T13:00:00+02:00,1665658800000,,5.0,5.0,G,,corrected-archive-csv
162860,Luleå-Kallax Flygplats,21,Byvind,"max, 1 gång/tim",meter per sekund,2022-10-13T14:00:00Z,2022-10-13T16:00:00+02:00,1665669600000,,4.0,4.0,G,,corrected-archive-csv
162860,Luleå-Kallax Flygplats,21,Byvind,"max, 1 gång/tim",meter per sekund,2022-10-13T16:00:00Z,2022-10-13T18:00:00+02:00,1665676800000,,3.0,3.0,G,,corrected-archive-csv
162860,Luleå-Kallax Flygplats,21,Byvind,"max, 1 gång/tim",meter per sekund,2022-10-13T17:00:00Z,2022-10-13T19:00:00+02:00,1665680400000,,4.0,4.0,G,,corrected-archive-csv
162860,Luleå-Kallax Flygplats,21,Byvind,"max, 1 gång/tim",meter per sekund,2022-10-13T19:00:00Z,2022-10-13T21:00:00+02:00,1665687600000,,4.0,4.0,G,,corrected-archive-csv
162860,Luleå-Kallax Flygplats,21,Byvind,"max, 1 gång/tim",meter per sekund,2022-10-13T20:00:00Z,2022-10-13T22:00:00+02:00,1665691200000,,2.0,2.0,G,,corrected-archive-csv
162860,Luleå-Kallax Flygplats,21,Byvind,"max, 1 gång/tim",meter per sekund,2022-10-13T22:00:00Z,2022-10-14T00:00:00+02:00,1665698400000,,1.0,1.0,G,,corrected-archive-csv
162860,Luleå-Kallax Flygplats,21,Byvind,"max, 1 gång/tim",meter per sekund,2022-10-14T00:00:00Z,2022-10-14T02:00:00+02:00,1665705600000,,2.0,2.0,G,,corrected-archive-csv
162860,Luleå-Kallax Flygplats,21,Byvind,"max, 1 gång/tim",meter per sekund,2022-10-14T07:00:00Z,2022-10-14T09:00:00+02:00,1665730800000,,3.0,3.0,G,,corrected-archive-csv
162860,Luleå-Kallax Flygplats,21,Byvind,"max, 1 gång/tim",meter per sekund,2022-10-14T08:00:00Z,2022-10-14T10:00:00+02:00,1665734400000,,4.0,4.0,G,,corrected-archive-csv
162860,Luleå-Kallax Flygplats,21,Byvind,"max, 1 gång/tim",meter per sekund,2022-10-14T11:00:00Z,2022-10-14T13:00:00+02:00,1665745200000,,2.0,2.0,G,,corrected-archive-csv
162860,Luleå-Kallax Flygplats,21,Byvind,"max, 1 gång/tim",meter per sekund,2022-10-14T13:00:00Z,2022-10-14T15:00:00+02:00,1665752400000,,7.0,7.0,G,,corrected-archive-csv
162860,Luleå-Kallax Flygplats,21,Byvind,"max, 1 gång/tim",meter per sekund,2022-10-14T14:00:00Z,2022-10-14T16:00:00+02:00,1665756000000,,2.0,2.0,G,,corrected-archive-csv
162860,Luleå-Kallax Flygplats,21,Byvind,"max, 1 gång/tim",meter per sekund,2022-10-14T15:00:00Z,2022-10-14T17:00:00+02:00,1665759600000,,3.0,3.0,G,,corrected-archive-csv
162860,Luleå-Kallax Flygplats,21,Byvind,"max, 1 gång/tim",meter per sekund,2022-10-14T16:00:00Z,2022-10-14T18:00:00+02:00,1665763200000,,1.0,1.0,G,,corrected-archive-csv
162860,Luleå-Kallax Flygplats,21,Byvind,"max, 1 gång/tim",meter per sekund,2022-10-14T17:00:00Z,2022-10-14T19:00:00+02:00,1665766800000,,2.0,2.0,G,,corrected-archive-csv
162860,Luleå-Kallax Flygplats,21,Byvind,"max, 1 gång/tim",meter per sekund,2022-10-14T19:00:00Z,2022-10-14T21:00:00+02:00,1665774000000,,1.0,1.0,G,,corrected-archive-csv
162860,Luleå-Kallax Flygplats,21,Byvind,"max, 1 gång/tim",meter per sekund,2022-10-14T20:00:00Z,2022-10-14T22:00:00+02:00,1665777600000,,2.0,2.0,G,,corrected-archive-csv
162860,Luleå-Kallax Flygplats,21,Byvind,"max, 1 gång/tim",meter per sekund,2022-10-14T22:00:00Z,2022-10-15T00:00:00+02:00,1665784800000,,4.0,4.0,G,,corrected-archive-csv
162860,Luleå-Kallax Flygplats,21,Byvind,"max, 1 gång/tim",meter per sekund,2022-10-14T23:00:00Z,2022-10-15T01:00:00+02:00,1665788400000,,5.0,5.0,G,,corrected-archive-csv
162860,Luleå-Kallax Flygplats,21,Byvind,"max, 1 gång/tim",meter per sekund,2022-10-15T00:00:00Z,2022-10-15T02:00:00+02:00,1665792000000,,6.0,6.0,G,,corrected-archive-csv
162860,Luleå-Kallax Flygplats,21,Byvind,"max, 1 gång/tim",meter per sekund,2022-10-15T01:00:00Z,2022-10-15T03:00:00+02:00,1665795600000,,7.0,7.0,G,,corrected-archive-csv
162860,Luleå-Kallax Flygplats,21,Byvind,"max, 1 gång/tim",meter per sekund,2022-10-15T06:00:00Z,2022-10-15T08:00:00+02:00,1665813600000,,9.0,9.0,G,,corrected-archive-csv
162860,Luleå-Kallax Flygplats,21,Byvind,"max, 1 gång/tim",meter per sekund,2022-10-15T07:00:00Z,2022-10-15T09:00:00+02:00,1665817200000,,8.0,8.0,G,,corrected-archive-csv
162860,Luleå-Kallax Flygplats,21,Byvind,"max, 1 gång/tim",meter per sekund,2022-10-15T08:00:00Z,2022-10-15T10:00:00+02:00,1665820800000,,9.0,9.0,G,,corrected-archive-csv
162860,Luleå-Kallax Flygplats,21,Byvind,"max, 1 gång/tim",meter per sekund,2022-10-15T09:00:00Z,2022-10-15T11:00:00+02:00,1665824400000,,10.0,10.0,G,,corrected-archive-csv
162860,Luleå-Kallax Flygplats,21,Byvind,"max, 1 gång/tim",meter per sekund,2022-10-15T10:00:00Z,2022-10-15T12:00:00+02:00,1665828000000,,9.0,9.0,G,,corrected-archive-csv
162860,Luleå-Kallax Flygplats,21,Byvind,"max, 1 gång/tim",meter per sekund,2022-10-15T11:00:00Z,2022-10-15T13:00:00+02:00,1665831600000,,10.0,10.0,G,,corrected-archive-csv
162860,Luleå-Kallax Flygplats,21,Byvind,"max, 1 gång/tim",meter per sekund,2022-10-15T16:00:00Z,2022-10-15T18:00:00+02:00,1665849600000,,9.0,9.0,G,,corrected-archive-csv
162860,Luleå-Kallax Flygplats,21,Byvind,"max, 1 gång/tim",meter per sekund,2022-10-15T19:00:00Z,2022-10-15T21:00:00+02:00,1665860400000,,11.0,11.0,G,,corrected-archive-csv
162860,Luleå-Kallax Flygplats,21,Byvind,"max, 1 gång/tim",meter per sekund,2022-10-15T20:00:00Z,2022-10-15T22:00:00+02:00,1665864000000,,12.0,12.0,G,,corrected-archive-csv
162860,Luleå-Kallax Flygplats,21,Byvind,"max, 1 gång/tim",meter per sekund,2022-10-15T21:00:00Z,2022-10-15T23:00:00+02:00,1665867600000,,13.0,13.0,G,,corrected-archive-csv
162860,Luleå-Kallax Flygplats,21,Byvind,"max, 1 gång/tim",meter per sekund,2022-10-15T22:00:00Z,2022-10-16T00:00:00+02:00,1665871200000,,11.0,11.0,G,,corrected-archive-csv
162860,Luleå-Kallax Flygplats,21,Byvind,"max, 1 gång/tim",meter per sekund,2022-10-15T23:00:00Z,2022-10-16T01:00:00+02:00,1665874800000,,9.0,9.0,G,,corrected-archive-csv
162860,Luleå-Kallax Flygplats,21,Byvind,"max, 1 gång/tim",meter per sekund,2022-10-16T00:00:00Z,2022-10-16T02:00:00+02:00,1665878400000,,8.0,8.0,G,,corrected-archive-csv
162860,Luleå-Kallax Flygplats,21,Byvind,"max, 1 gång/tim",meter per sekund,2022-10-16T01:00:00Z,2022-10-16T03:00:00+02:00,1665882000000,,7.0,7.0,G,,corrected-archive-csv
162860,Luleå-Kallax Flygplats,21,Byvind,"max, 1 gång/tim",meter per sekund,2022-10-16T02:00:00Z,2022-10-16T04:00:00+02:00,1665885600000,,6.0,6.0,G,,corrected-archive-csv
162860,Luleå-Kallax Flygplats,21,Byvind,"max, 1 gång/tim",meter per sekund,2022-10-16T04:00:00Z,2022-10-16T06:00:00+02:00,1665892800000,,5.0,5.0,G,,corrected-archive-csv
162860,Luleå-Kallax Flygplats,21,Byvind,"max, 1 gång/tim",meter per sekund,2022-10-16T05:00:00Z,2022-10-16T07:00:00+02:00,1665896400000,,4.0,4.0,G,,corrected-archive-csv
162860,Luleå-Kallax Flygplats,21,Byvind,"max, 1 gång/tim",meter per sekund,2022-10-16T08:00:00Z,2022-10-16T10:00:00+02:00,1665907200000,,3.0,3.0,G,,corrected-archive-csv
162860,Luleå-Kallax Flygplats,21,Byvind,"max, 1 gång/tim",meter per sekund,2022-10-16T09:00:00Z,2022-10-16T11:00:00+02:00,1665910800000,,1.0,1.0,G,,corrected-archive-csv
162860,Luleå-Kallax Flygplats,21,Byvind,"max, 1 gång/tim",meter per sekund,2022-10-16T10:00:00Z,2022-10-16T12:00:00+02:00,1665914400000,,2.0,2.0,G,,corrected-archive-csv
162860,Luleå-Kallax Flygplats,21,Byvind,"max, 1 gång/tim",meter per sekund,2022-10-16T11:00:00Z,2022-10-16T13:00:00+02:00,1665918000000,,5.0,5.0,G,,corrected-archive-csv
162860,Luleå-Kallax Flygplats,21,Byvind,"max, 1 gång/tim",meter per sekund,2022-10-16T12:00:00Z,2022-10-16T14:00:00+02:00,1665921600000,,4.0,4.0,G,,corrected-archive-csv
162860,Luleå-Kallax Flygplats,21,Byvind,"max, 1 gång/tim",meter per sekund,2022-10-16T13:00:00Z,2022-10-16T15:00:00+02:00,1665925200000,,5.0,5.0,G,,corrected-archive-csv
162860,Luleå-Kallax Flygplats,21,Byvind,"max, 1 gång/tim",meter per sekund,2022-10-16T15:00:00Z,2022-10-16T17:00:00+02:00,1665932400000,,6.0,6.0,G,,corrected-archive-csv
162860,Luleå-Kallax Flygplats,21,Byvind,"max, 1 gång/tim",meter per sekund,2022-10-16T16:00:00Z,2022-10-16T18:00:00+02:00,1665936000000,,7.0,7.0,G,,corrected-archive-csv
162860,Luleå-Kallax Flygplats,21,Byvind,"max, 1 gång/tim",meter per sekund,2022-10-16T17:00:00Z,2022-10-16T19:00:00+02:00,1665939600000,,6.0,6.0,G,,corrected-archive-csv
162860,Luleå-Kallax Flygplats,21,Byvind,"max, 1 gång/tim",meter per sekund,2022-10-16T19:00:00Z,2022-10-16T21:00:00+02:00,1665946800000,,5.0,5.0,G,,corrected-archive-csv
162860,Luleå-Kallax Flygplats,21,Byvind,"max, 1 gång/tim",meter per sekund,2022-10-16T20:00:00Z,2022-10-16T22:00:00+02:00,1665950400000,,6.0,6.0,G,,corrected-archive-csv
162860,Luleå-Kallax Flygplats,21,Byvind,"max, 1 gång/tim",meter per sekund,2022-10-16T21:00:00Z,2022-10-16T23:00:00+02:00,1665954000000,,5.0,5.0,G,,corrected-archive-csv
162860,Luleå-Kallax Flygplats,21,Byvind,"max, 1 gång/tim",meter per sekund,2022-10-16T22:00:00Z,2022-10-17T00:00:00+02:00,1665957600000,,4.0,4.0,G,,corrected-archive-csv
162860,Luleå-Kallax Flygplats,21,Byvind,"max, 1 gång/tim",meter per sekund,2022-10-16T23:00:00Z,2022-10-17T01:00:00+02:00,1665961200000,,2.0,2.0,G,,corrected-archive-csv
162860,Luleå-Kallax Flygplats,21,Byvind,"max, 1 gång/tim",meter per sekund,2022-10-17T00:00:00Z,2022-10-17T02:00:00+02:00,1665964800000,,4.0,4.0,G,,corrected-archive-csv
162860,Luleå-Kallax Flygplats,21,Byvind,"max, 1 gång/tim",meter per sekund,2022-10-17T02:00:00Z,2022-10-17T04:00:00+02:00,1665972000000,,3.0,3.0,G,,corrected-archive-csv
162860,Luleå-Kallax Flygplats,21,Byvind,"max, 1 gång/tim",meter per sekund,2022-10-17T03:00:00Z,2022-10-17T05:00:00+02:00,1665975600000,,2.0,2.0,G,,corrected-archive-csv
162860,Luleå-Kallax Flygplats,21,Byvind,"max, 1 gång/tim",meter per sekund,2022-10-17T04:00:00Z,2022-10-17T06:00:00+02:00,1665979200000,,3.0,3.0,G,,corrected-archive-csv
162860,Luleå-Kallax Flygplats,21,Byvind,"max, 1 gång/tim",meter per sekund,2022-10-17T06:00:00Z,2022-10-17T08:00:00+02:00,1665986400000,,2.0,2.0,G,,corrected-archive-csv
162860,Luleå-Kallax Flygplats,21,Byvind,"max, 1 gång/tim",meter per sekund,2022-10-17T08:00:00Z,2022-10-17T10:00:00+02:00,1665993600000,,5.0,5.0,G,,corrected-archive-csv
162860,Luleå-Kallax Flygplats,21,Byvind,"max, 1 gång/tim",meter per sekund,2022-10-17T09:00:00Z,2022-10-17T11:00:00+02:00,1665997200000,,6.0,6.0,G,,corrected-archive-csv
162860,Luleå-Kallax Flygplats,21,Byvind,"max, 1 gång/tim",meter per sekund,2022-10-17T10:00:00Z,2022-10-17T12:00:00+02:00,1666000800000,,7.0,7.0,G,,corrected-archive-csv
162860,Luleå-Kallax Flygplats,21,Byvind,"max, 1 gång/tim",meter per sekund,2022-10-17T11:00:00Z,2022-10-17T13:00:00+02:00,1666004400000,,6.0,6.0,G,,corrected-archive-csv
162860,Luleå-Kallax Flygplats,21,Byvind,"max, 1 gång/tim",meter per sekund,2022-10-17T12:00:00Z,2022-10-17T14:00:00+02:00,1666008000000,,7.0,7.0,G,,corrected-archive-csv
162860,Luleå-Kallax Flygplats,21,Byvind,"max, 1 gång/tim",meter per sekund,2022-10-17T15:00:00Z,2022-10-17T17:00:00+02:00,1666018800000,,4.0,4.0,G,,corrected-archive-csv
162860,Luleå-Kallax Flygplats,21,Byvind,"max, 1 gång/tim",meter per sekund,2022-10-17T16:00:00Z,2022-10-17T18:00:00+02:00,1666022400000,,6.0,6.0,G,,corrected-archive-csv
162860,Luleå-Kallax Flygplats,21,Byvind,"max, 1 gång/tim",meter per sekund,2022-10-17T17:00:00Z,2022-10-17T19:00:00+02:00,1666026000000,,4.0,4.0,G,,corrected-archive-csv
162860,Luleå-Kallax Flygplats,21,Byvind,"max, 1 gång/tim",meter per sekund,2022-10-17T18:00:00Z,2022-10-17T20:00:00+02:00,1666029600000,,2.0,2.0,G,,corrected-archive-csv
162860,Luleå-Kallax Flygplats,21,Byvind,"max, 1 gång/tim",meter per sekund,2022-10-17T22:00:00Z,2022-10-18T00:00:00+02:00,1666044000000,,3.0,3.0,G,,corrected-archive-csv
162860,Luleå-Kallax Flygplats,21,Byvind,"max, 1 gång/tim",meter per sekund,2022-10-18T00:00:00Z,2022-10-18T02:00:00+02:00,1666051200000,,4.0,4.0,G,,corrected-archive-csv
162860,Luleå-Kallax Flygplats,21,Byvind,"max, 1 gång/tim",meter per sekund,2022-10-18T03:00:00Z,2022-10-18T05:00:00+02:00,1666062000000,,7.0,7.0,G,,corrected-archive-csv
162860,Luleå-Kallax Flygplats,21,Byvind,"max, 1 gång/tim",meter per sekund,2022-10-18T05:00:00Z,2022-10-18T07:00:00+02:00,1666069200000,,5.0,5.0,G,,corrected-archive-csv
162860,Luleå-Kallax Flygplats,21,Byvind,"max, 1 gång/tim",meter per sekund,2022-10-18T06:00:00Z,2022-10-18T08:00:00+02:00,1666072800000,,6.0,6.0,G,,corrected-archive-csv
162860,Luleå-Kallax Flygplats,21,Byvind,"max, 1 gång/tim",meter per sekund,2022-10-18T07:00:00Z,2022-10-18T09:00:00+02:00,1666076400000,,5.0,5.0,G,,corrected-archive-csv
162860,Luleå-Kallax Flygplats,21,Byvind,"max, 1 gång/tim",meter per sekund,2022-10-18T08:00:00Z,2022-10-18T10:00:00+02:00,1666080000000,,7.0,7.0,G,,corrected-archive-csv
162860,Luleå-Kallax Flygplats,21,Byvind,"max, 1 gång/tim",meter per sekund,2022-10-18T09:00:00Z,2022-10-18T11:00:00+02:00,1666083600000,,6.0,6.0,G,,corrected-archive-csv
162860,Luleå-Kallax Flygplats,21,Byvind,"max, 1 gång/tim",meter per sekund,2022-10-18T10:00:00Z,2022-10-18T12:00:00+02:00,1666087200000,,7.0,7.0,G,,corrected-archive-csv
162860,Luleå-Kallax Flygplats,21,Byvind,"max, 1 gång/tim",meter per sekund,2022-10-18T12:00:00Z,2022-10-18T14:00:00+02:00,1666094400000,,8.0,8.0,G,,corrected-archive-csv
162860,Luleå-Kallax Flygplats,21,Byvind,"max, 1 gång/tim",meter per sekund,2022-10-18T14:00:00Z,2022-10-18T16:00:00+02:00,1666101600000,,7.0,7.0,G,,corrected-archive-csv
162860,Luleå-Kallax Flygplats,21,Byvind,"max, 1 gång/tim",meter per sekund,2022-10-18T15:00:00Z,2022-10-18T17:00:00+02:00,1666105200000,,6.0,6.0,G,,corrected-archive-csv
162860,Luleå-Kallax Flygplats,21,Byvind,"max, 1 gång/tim",meter per sekund,2022-10-18T18:00:00Z,2022-10-18T20:00:00+02:00,1666116000000,,5.0,5.0,G,,corrected-archive-csv
162860,Luleå-Kallax Flygplats,21,Byvind,"max, 1 gång/tim",meter per sekund,2022-10-18T21:00:00Z,2022-10-18T23:00:00+02:00,1666126800000,,7.0,7.0,G,,corrected-archive-csv
162860,Luleå-Kallax Flygplats,21,Byvind,"max, 1 gång/tim",meter per sekund,2022-10-18T23:00:00Z,2022-10-19T01:00:00+02:00,1666134000000,,6.0,6.0,G,,corrected-archive-csv
162860,Luleå-Kallax Flygplats,21,Byvind,"max, 1 gång/tim",meter per sekund,2022-10-19T00:00:00Z,2022-10-19T02:00:00+02:00,1666137600000,,3.0,3.0,G,,corrected-archive-csv
162860,Luleå-Kallax Flygplats,21,Byvind,"max, 1 gång/tim",meter per sekund,2022-10-19T01:00:00Z,2022-10-19T03:00:00+02:00,1666141200000,,4.0,4.0,G,,corrected-archive-csv
162860,Luleå-Kallax Flygplats,21,Byvind,"max, 1 gång/tim",meter per sekund,2022-10-19T02:00:00Z,2022-10-19T04:00:00+02:00,1666144800000,,3.0,3.0,G,,corrected-archive-csv
162860,Luleå-Kallax Flygplats,21,Byvind,"max, 1 gång/tim",meter per sekund,2022-10-19T03:00:00Z,2022-10-19T05:00:00+02:00,1666148400000,,1.0,1.0,G,,corrected-archive-csv
162860,Luleå-Kallax Flygplats,21,Byvind,"max, 1 gång/tim",meter per sekund,2022-10-19T05:00:00Z,2022-10-19T07:00:00+02:00,1666155600000,,2.0,2.0,G,,corrected-archive-csv
162860,Luleå-Kallax Flygplats,21,Byvind,"max, 1 gång/tim",meter per sekund,2022-10-19T07:00:00Z,2022-10-19T09:00:00+02:00,1666162800000,,3.0,3.0,G,,corrected-archive-csv
162860,Luleå-Kallax Flygplats,21,Byvind,"max, 1 gång/tim",meter per sekund,2022-10-19T08:00:00Z,2022-10-19T10:00:00+02:00,1666166400000,,2.0,2.0,G,,corrected-archive-csv
162860,Luleå-Kallax Flygplats,21,Byvind,"max, 1 gång/tim",meter per sekund,2022-10-19T09:00:00Z,2022-10-19T11:00:00+02:00,1666170000000,,5.0,5.0,G,,corrected-archive-csv
162860,Luleå-Kallax Flygplats,21,Byvind,"max, 1 gång/tim",meter per sekund,2022-10-19T11:00:00Z,2022-10-19T13:00:00+02:00,1666177200000,,4.0,4.0,G,,corrected-archive-csv
162860,Luleå-Kallax Flygplats,21,Byvind,"max, 1 gång/tim",meter per sekund,2022-10-19T16:00:00Z,2022-10-19T18:00:00+02:00,1666195200000,,2.0,2.0,G,,corrected-archive-csv
162860,Luleå-Kallax Flygplats,21,Byvind,"max, 1 gång/tim",meter per sekund,2022-10-19T17:00:00Z,2022-10-19T19:00:00+02:00,1666198800000,,4.0,4.0,G,,corrected-archive-csv
162860,Luleå-Kallax Flygplats,21,Byvind,"max, 1 gång/tim",meter per sekund,2022-10-19T18:00:00Z,2022-10-19T20:00:00+02:00,1666202400000,,6.0,6.0,G,,corrected-archive-csv
162860,Luleå-Kallax Flygplats,21,Byvind,"max, 1 gång/tim",meter per sekund,2022-10-19T19:00:00Z,2022-10-19T21:00:00+02:00,1666206000000,,7.0,7.0,G,,corrected-archive-csv
162860,Luleå-Kallax Flygplats,21,Byvind,"max, 1 gång/tim",meter per sekund,2022-10-19T21:00:00Z,2022-10-19T23:00:00+02:00,1666213200000,,6.0,6.0,G,,corrected-archive-csv
162860,Luleå-Kallax Flygplats,21,Byvind,"max, 1 gång/tim",meter per sekund,2022-10-19T22:00:00Z,2022-10-20T00:00:00+02:00,1666216800000,,5.0,5.0,G,,corrected-archive-csv
162860,Luleå-Kallax Flygplats,21,Byvind,"max, 1 gång/tim",meter per sekund,2022-10-19T23:00:00Z,2022-10-20T01:00:00+02:00,1666220400000,,2.0,2.0,G,,corrected-archive-csv
162860,Luleå-Kallax Flygplats,21,Byvind,"max, 1 gång/tim",meter per sekund,2022-10-20T00:00:00Z,2022-10-20T02:00:00+02:00,1666224000000,,3.0,3.0,G,,corrected-archive-csv
162860,Luleå-Kallax Flygplats,21,Byvind,"max, 1 gång/tim",meter per sekund,2022-10-20T02:00:00Z,2022-10-20T04:00:00+02:00,1666231200000,,2.0,2.0,G,,corrected-archive-csv
162860,Luleå-Kallax Flygplats,21,Byvind,"max, 1 gång/tim",meter per sekund,2022-10-20T06:00:00Z,2022-10-20T08:00:00+02:00,1666245600000,,3.0,3.0,G,,corrected-archive-csv
162860,Luleå-Kallax Flygplats,21,Byvind,"max, 1 gång/tim",meter per sekund,2022-10-20T07:00:00Z,2022-10-20T09:00:00+02:00,1666249200000,,2.0,2.0,G,,corrected-archive-csv
162860,Luleå-Kallax Flygplats,21,Byvind,"max, 1 gång/tim",meter per sekund,2022-10-20T09:00:00Z,2022-10-20T11:00:00+02:00,1666256400000,,1.0,1.0,G,,corrected-archive-csv
162860,Luleå-Kallax Flygplats,21,Byvind,"max, 1 gång/tim",meter per sekund,2022-10-20T11:00:00Z,2022-10-20T13:00:00+02:00,1666263600000,,2.0,2.0,G,,corrected-archive-csv
162860,Luleå-Kallax Flygplats,21,Byvind,"max, 1 gång/tim",meter per sekund,2022-10-20T13:00:00Z,2022-10-20T15:00:00+02:00,1666270800000,,4.0,4.0,G,,corrected-archive-csv
162860,Luleå-Kallax Flygplats,21,Byvind,"max, 1 gång/tim",meter per sekund,2022-10-20T14:00:00Z,2022-10-20T16:00:00+02:00,1666274400000,,3.0,3.0,G,,corrected-archive-csv
162860,Luleå-Kallax Flygplats,21,Byvind,"max, 1 gång/tim",meter per sekund,2022-10-20T15:00:00Z,2022-10-20T17:00:00+02:00,1666278000000,,2.0,2.0,G,,corrected-archive-csv
162860,Luleå-Kallax Flygplats,21,Byvind,"max, 1 gång/tim",meter per sekund,2022-10-20T16:00:00Z,2022-10-20T18:00:00+02:00,1666281600000,,1.0,1.0,G,,corrected-archive-csv
162860,Luleå-Kallax Flygplats,21,Byvind,"max, 1 gång/tim",meter per sekund,2022-10-20T18:00:00Z,2022-10-20T20:00:00+02:00,1666288800000,,4.0,4.0,G,,corrected-archive-csv
162860,Luleå-Kallax Flygplats,21,Byvind,"max, 1 gång/tim",meter per sekund,2022-10-20T20:00:00Z,2022-10-20T22:00:00+02:00,1666296000000,,5.0,5.0,G,,corrected-archive-csv
162860,Luleå-Kallax Flygplats,21,Byvind,"max, 1 gång/tim",meter per sekund,2022-10-20T22:00:00Z,2022-10-21T00:00:00+02:00,1666303200000,,6.0,6.0,G,,corrected-archive-csv
162860,Luleå-Kallax Flygplats,21,Byvind,"max, 1 gång/tim",meter per sekund,2022-10-20T23:00:00Z,2022-10-21T01:00:00+02:00,1666306800000,,5.0,5.0,G,,corrected-archive-csv
162860,Luleå-Kallax Flygplats,21,Byvind,"max, 1 gång/tim",meter per sekund,2022-10-21T00:00:00Z,2022-10-21T02:00:00+02:00,1666310400000,,4.0,4.0,G,,corrected-archive-csv
162860,Luleå-Kallax Flygplats,21,Byvind,"max, 1 gång/tim",meter per sekund,2022-10-21T01:00:00Z,2022-10-21T03:00:00+02:00,1666314000000,,6.0,6.0,G,,corrected-archive-csv
162860,Luleå-Kallax Flygplats,21,Byvind,"max, 1 gång/tim",meter per sekund,2022-10-21T05:00:00Z,2022-10-21T07:00:00+02:00,1666328400000,,7.0,7.0,G,,corrected-archive-csv
162860,Luleå-Kallax Flygplats,21,Byvind,"max, 1 gång/tim",meter per sekund,2022-10-21T06:00:00Z,2022-10-21T08:00:00+02:00,1666332000000,,5.0,5.0,G,,corrected-archive-csv
162860,Luleå-Kallax Flygplats,21,Byvind,"max, 1 gång/tim",meter per sekund,2022-10-21T10:00:00Z,2022-10-21T12:00:00+02:00,1666346400000,,6.0,6.0,G,,corrected-archive-csv
162860,Luleå-Kallax Flygplats,21,Byvind,"max, 1 gång/tim",meter per sekund,2022-10-21T12:00:00Z,2022-10-21T14:00:00+02:00,1666353600000,,5.0,5.0,G,,corrected-archive-csv
162860,Luleå-Kallax Flygplats,21,Byvind,"max, 1 gång/tim",meter per sekund,2022-10-21T16:00:00Z,2022-10-21T18:00:00+02:00,1666368000000,,3.0,3.0,G,,corrected-archive-csv
162860,Luleå-Kallax Flygplats,21,Byvind,"max, 1 gång/tim",meter per sekund,2022-10-21T19:00:00Z,2022-10-21T21:00:00+02:00,1666378800000,,2.0,2.0,G,,corrected-archive-csv
162860,Luleå-Kallax Flygplats,21,Byvind,"max, 1 gång/tim",meter per sekund,2022-10-21T21:00:00Z,2022-10-21T23:00:00+02:00,1666386000000,,1.0,1.0,G,,corrected-archive-csv
162860,Luleå-Kallax Flygplats,21,Byvind,"max, 1 gång/tim",meter per sekund,2022-10-21T22:00:00Z,2022-10-22T00:00:00+02:00,1666389600000,,2.0,2.0,G,,corrected-archive-csv
162860,Luleå-Kallax Flygplats,21,Byvind,"max, 1 gång/tim",meter per sekund,2022-10-21T23:00:00Z,2022-10-22T01:00:00+02:00,1666393200000,,5.0,5.0,G,,corrected-archive-csv
162860,Luleå-Kallax Flygplats,21,Byvind,"max, 1 gång/tim",meter per sekund,2022-10-22T01:00:00Z,2022-10-22T03:00:00+02:00,1666400400000,,4.0,4.0,G,,corrected-archive-csv
162860,Luleå-Kallax Flygplats,21,Byvind,"max, 1 gång/tim",meter per sekund,2022-10-22T02:00:00Z,2022-10-22T04:00:00+02:00,1666404000000,,6.0,6.0,G,,corrected-archive-csv
162860,Luleå-Kallax Flygplats,21,Byvind,"max, 1 gång/tim",meter per sekund,2022-10-22T03:00:00Z,2022-10-22T05:00:00+02:00,1666407600000,,7.0,7.0,G,,corrected-archive-csv
162860,Luleå-Kallax Flygplats,21,Byvind,"max, 1 gång/tim",meter per sekund,2022-10-22T05:00:00Z,2022-10-22T07:00:00+02:00,1666414800000,,8.0,8.0,G,,corrected-archive-csv
162860,Luleå-Kallax Flygplats,21,Byvind,"max, 1 gång/tim",meter per sekund,2022-10-22T08:00:00Z,2022-10-22T10:00:00+02:00,1666425600000,,9.0,9.0,G,,corrected-archive-csv
162860,Luleå-Kallax Flygplats,21,Byvind,"max, 1 gång/tim",meter per sekund,2022-10-22T11:00:00Z,2022-10-22T13:00:00+02:00,1666436400000,,10.0,10.0,G,,corrected-archive-csv
162860,Luleå-Kallax Flygplats,21,Byvind,"max, 1 gång/tim",meter per sekund,2022-10-22T12:00:00Z,2022-10-22T14:00:00+02:00,1666440000000,,9.0,9.0,G,,corrected-archive-csv
162860,Luleå-Kallax Flygplats,21,Byvind,"max, 1 gång/tim",meter per sekund,2022-10-22T13:00:00Z,2022-10-22T15:00:00+02:00,1666443600000,,8.0,8.0,G,,corrected-archive-csv
162860,Luleå-Kallax Flygplats,21,Byvind,"max, 1 gång/tim",meter per sekund,2022-10-22T14:00:00Z,2022-10-22T16:00:00+02:00,1666447200000,,6.0,6.0,G,,corrected-archive-csv
162860,Luleå-Kallax Flygplats,21,Byvind,"max, 1 gång/tim",meter per sekund,2022-10-22T18:00:00Z,2022-10-22T20:00:00+02:00,1666461600000,,7.0,7.0,G,,corrected-archive-csv
162860,Luleå-Kallax Flygplats,21,Byvind,"max, 1 gång/tim",meter per sekund,2022-10-22T19:00:00Z,2022-10-22T21:00:00+02:00,1666465200000,,8.0,8.0,G,,corrected-archive-csv
162860,Luleå-Kallax Flygplats,21,Byvind,"max, 1 gång/tim",meter per sekund,2022-10-22T21:00:00Z,2022-10-22T23:00:00+02:00,1666472400000,,9.0,9.0,G,,corrected-archive-csv
162860,Luleå-Kallax Flygplats,21,Byvind,"max, 1 gång/tim",meter per sekund,2022-10-22T22:00:00Z,2022-10-23T00:00:00+02:00,1666476000000,,12.0,12.0,G,,corrected-archive-csv
162860,Luleå-Kallax Flygplats,21,Byvind,"max, 1 gång/tim",meter per sekund,2022-10-22T23:00:00Z,2022-10-23T01:00:00+02:00,1666479600000,,11.0,11.0,G,,corrected-archive-csv
162860,Luleå-Kallax Flygplats,21,Byvind,"max, 1 gång/tim",meter per sekund,2022-10-23T01:00:00Z,2022-10-23T03:00:00+02:00,1666486800000,,10.0,10.0,G,,corrected-archive-csv
162860,Luleå-Kallax Flygplats,21,Byvind,"max, 1 gång/tim",meter per sekund,2022-10-23T04:00:00Z,2022-10-23T06:00:00+02:00,1666497600000,,12.0,12.0,G,,corrected-archive-csv
162860,Luleå-Kallax Flygplats,21,Byvind,"max, 1 gång/tim",meter per sekund,2022-10-23T05:00:00Z,2022-10-23T07:00:00+02:00,1666501200000,,11.0,11.0,G,,corrected-archive-csv
162860,Luleå-Kallax Flygplats,21,Byvind,"max, 1 gång/tim",meter per sekund,2022-10-23T06:00:00Z,2022-10-23T08:00:00+02:00,1666504800000,,12.0,12.0,G,,corrected-archive-csv
162860,Luleå-Kallax Flygplats,21,Byvind,"max, 1 gång/tim",meter per sekund,2022-10-23T08:00:00Z,2022-10-23T10:00:00+02:00,1666512000000,,11.0,11.0,G,,corrected-archive-csv
162860,Luleå-Kallax Flygplats,21,Byvind,"max, 1 gång/tim",meter per sekund,2022-10-23T09:00:00Z,2022-10-23T11:00:00+02:00,1666515600000,,12.0,12.0,G,,corrected-archive-csv
162860,Luleå-Kallax Flygplats,21,Byvind,"max, 1 gång/tim",meter per sekund,2022-10-23T10:00:00Z,2022-10-23T12:00:00+02:00,1666519200000,,11.0,11.0,G,,corrected-archive-csv
162860,Luleå-Kallax Flygplats,21,Byvind,"max, 1 gång/tim",meter per sekund,2022-10-23T12:00:00Z,2022-10-23T14:00:00+02:00,1666526400000,,10.0,10.0,G,,corrected-archive-csv
162860,Luleå-Kallax Flygplats,21,Byvind,"max, 1 gång/tim",meter per sekund,2022-10-23T13:00:00Z,2022-10-23T15:00:00+02:00,1666530000000,,12.0,12.0,G,,corrected-archive-csv
162860,Luleå-Kallax Flygplats,21,Byvind,"max, 1 gång/tim",meter per sekund,2022-10-23T16:00:00Z,2022-10-23T18:00:00+02:00,1666540800000,,8.0,8.0,G,,corrected-archive-csv
162860,Luleå-Kallax Flygplats,21,Byvind,"max, 1 gång/tim",meter per sekund,2022-10-23T17:00:00Z,2022-10-23T19:00:00+02:00,1666544400000,,9.0,9.0,G,,corrected-archive-csv
162860,Luleå-Kallax Flygplats,21,Byvind,"max, 1 gång/tim",meter per sekund,2022-10-23T18:00:00Z,2022-10-23T20:00:00+02:00,1666548000000,,10.0,10.0,G,,corrected-archive-csv
162860,Luleå-Kallax Flygplats,21,Byvind,"max, 1 gång/tim",meter per sekund,2022-10-23T19:00:00Z,2022-10-23T21:00:00+02:00,1666551600000,,11.0,11.0,G,,corrected-archive-csv
162860,Luleå-Kallax Flygplats,21,Byvind,"max, 1 gång/tim",meter per sekund,2022-10-23T21:00:00Z,2022-10-23T23:00:00+02:00,1666558800000,,9.0,9.0,G,,corrected-archive-csv
162860,Luleå-Kallax Flygplats,21,Byvind,"max, 1 gång/tim",meter per sekund,2022-10-24T00:00:00Z,2022-10-24T02:00:00+02:00,1666569600000,,8.0,8.0,G,,corrected-archive-csv
162860,Luleå-Kallax Flygplats,21,Byvind,"max, 1 gång/tim",meter per sekund,2022-10-24T01:00:00Z,2022-10-24T03:00:00+02:00,1666573200000,,4.0,4.0,G,,corrected-archive-csv
162860,Luleå-Kallax Flygplats,21,Byvind,"max, 1 gång/tim",meter per sekund,2022-10-24T05:00:00Z,2022-10-24T07:00:00+02:00,1666587600000,,2.0,2.0,G,,corrected-archive-csv
162860,Luleå-Kallax Flygplats,21,Byvind,"max, 1 gång/tim",meter per sekund,2022-10-24T10:00:00Z,2022-10-24T12:00:00+02:00,1666605600000,,3.0,3.0,G,,corrected-archive-csv
162860,Luleå-Kallax Flygplats,21,Byvind,"max, 1 gång/tim",meter per sekund,2022-10-24T12:00:00Z,2022-10-24T14:00:00+02:00,1666612800000,,2.0,2.0,G,,corrected-archive-csv
162860,Luleå-Kallax Flygplats,21,Byvind,"max, 1 gång/tim",meter per sekund,2022-10-24T13:00:00Z,2022-10-24T15:00:00+02:00,1666616400000,,4.0,4.0,G,,corrected-archive-csv
162860,Luleå-Kallax Flygplats,21,Byvind,"max, 1 gång/tim",meter per sekund,2022-10-24T14:00:00Z,2022-10-24T16:00:00+02:00,1666620000000,,1.0,1.0,G,,corrected-archive-csv
162860,Luleå-Kallax Flygplats,21,Byvind,"max, 1 gång/tim",meter per sekund,2022-10-24T18:00:00Z,2022-10-24T20:00:00+02:00,1666634400000,,2.0,2.0,G,,corrected-archive-csv
162860,Luleå-Kallax Flygplats,21,Byvind,"max, 1 gång/tim",meter per sekund,2022-10-24T21:00:00Z,2022-10-24T23:00:00+02:00,1666645200000,,3.0,3.0,G,,corrected-archive-csv
162860,Luleå-Kallax Flygplats,21,Byvind,"max, 1 gång/tim",meter per sekund,2022-10-24T22:00:00Z,2022-10-25T00:00:00+02:00,1666648800000,,2.0,2.0,G,,corrected-archive-csv
162860,Luleå-Kallax Flygplats,21,Byvind,"max, 1 gång/tim",meter per sekund,2022-10-24T23:00:00Z,2022-10-25T01:00:00+02:00,1666652400000,,1.0,1.0,G,,corrected-archive-csv
162860,Luleå-Kallax Flygplats,21,Byvind,"max, 1 gång/tim",meter per sekund,2022-10-25T00:00:00Z,2022-10-25T02:00:00+02:00,1666656000000,,2.0,2.0,G,,corrected-archive-csv
162860,Luleå-Kallax Flygplats,21,Byvind,"max, 1 gång/tim",meter per sekund,2022-10-25T04:00:00Z,2022-10-25T06:00:00+02:00,1666670400000,,1.0,1.0,G,,corrected-archive-csv
162860,Luleå-Kallax Flygplats,21,Byvind,"max, 1 gång/tim",meter per sekund,2022-10-25T06:00:00Z,2022-10-25T08:00:00+02:00,1666677600000,,7.0,7.0,G,,corrected-archive-csv
162860,Luleå-Kallax Flygplats,21,Byvind,"max, 1 gång/tim",meter per sekund,2022-10-25T07:00:00Z,2022-10-25T09:00:00+02:00,1666681200000,,8.0,8.0,G,,corrected-archive-csv
162860,Luleå-Kallax Flygplats,21,Byvind,"max, 1 gång/tim",meter per sekund,2022-10-25T08:00:00Z,2022-10-25T10:00:00+02:00,1666684800000,,7.0,7.0,G,,corrected-archive-csv
162860,Luleå-Kallax Flygplats,21,Byvind,"max, 1 gång/tim",meter per sekund,2022-10-25T10:00:00Z,2022-10-25T12:00:00+02:00,1666692000000,,6.0,6.0,G,,corrected-archive-csv
162860,Luleå-Kallax Flygplats,21,Byvind,"max, 1 gång/tim",meter per sekund,2022-10-25T11:00:00Z,2022-10-25T13:00:00+02:00,1666695600000,,3.0,3.0,G,,corrected-archive-csv
162860,Luleå-Kallax Flygplats,21,Byvind,"max, 1 gång/tim",meter per sekund,2022-10-25T12:00:00Z,2022-10-25T14:00:00+02:00,1666699200000,,5.0,5.0,G,,corrected-archive-csv
162860,Luleå-Kallax Flygplats,21,Byvind,"max, 1 gång/tim",meter per sekund,2022-10-25T13:00:00Z,2022-10-25T15:00:00+02:00,1666702800000,,6.0,6.0,G,,corrected-archive-csv
162860,Luleå-Kallax Flygplats,21,Byvind,"max, 1 gång/tim",meter per sekund,2022-10-25T14:00:00Z,2022-10-25T16:00:00+02:00,1666706400000,,7.0,7.0,G,,corrected-archive-csv
162860,Luleå-Kallax Flygplats,21,Byvind,"max, 1 gång/tim",meter per sekund,2022-10-25T15:00:00Z,2022-10-25T17:00:00+02:00,1666710000000,,6.0,6.0,G,,corrected-archive-csv
162860,Luleå-Kallax Flygplats,21,Byvind,"max, 1 gång/tim",meter per sekund,2022-10-25T17:00:00Z,2022-10-25T19:00:00+02:00,1666717200000,,7.0,7.0,G,,corrected-archive-csv
162860,Luleå-Kallax Flygplats,21,Byvind,"max, 1 gång/tim",meter per sekund,2022-10-25T18:00:00Z,2022-10-25T20:00:00+02:00,1666720800000,,8.0,8.0,G,,corrected-archive-csv
162860,Luleå-Kallax Flygplats,21,Byvind,"max, 1 gång/tim",meter per sekund,2022-10-25T20:00:00Z,2022-10-25T22:00:00+02:00,1666728000000,,7.0,7.0,G,,corrected-archive-csv
162860,Luleå-Kallax Flygplats,21,Byvind,"max, 1 gång/tim",meter per sekund,2022-10-25T23:00:00Z,2022-10-26T01:00:00+02:00,1666738800000,,6.0,6.0,G,,corrected-archive-csv
162860,Luleå-Kallax Flygplats,21,Byvind,"max, 1 gång/tim",meter per sekund,2022-10-26T00:00:00Z,2022-10-26T02:00:00+02:00,1666742400000,,7.0,7.0,G,,corrected-archive-csv
162860,Luleå-Kallax Flygplats,21,Byvind,"max, 1 gång/tim",meter per sekund,2022-10-26T01:00:00Z,2022-10-26T03:00:00+02:00,1666746000000,,6.0,6.0,G,,corrected-archive-csv
162860,Luleå-Kallax Flygplats,21,Byvind,"max, 1 gång/tim",meter per sekund,2022-10-26T02:00:00Z,2022-10-26T04:00:00+02:00,1666749600000,,5.0,5.0,G,,corrected-archive-csv
162860,Luleå-Kallax Flygplats,21,Byvind,"max, 1 gång/tim",meter per sekund,2022-10-26T03:00:00Z,2022-10-26T05:00:00+02:00,1666753200000,,4.0,4.0,G,,corrected-archive-csv
162860,Luleå-Kallax Flygplats,21,Byvind,"max, 1 gång/tim",meter per sekund,2022-10-26T05:00:00Z,2022-10-26T07:00:00+02:00,1666760400000,,5.0,5.0,G,,corrected-archive-csv
162860,Luleå-Kallax Flygplats,21,Byvind,"max, 1 gång/tim",meter per sekund,2022-10-26T07:00:00Z,2022-10-26T09:00:00+02:00,1666767600000,,3.0,3.0,G,,corrected-archive-csv
162860,Luleå-Kallax Flygplats,21,Byvind,"max, 1 gång/tim",meter per sekund,2022-10-26T08:00:00Z,2022-10-26T10:00:00+02:00,1666771200000,,4.0,4.0,G,,corrected-archive-csv
162860,Luleå-Kallax Flygplats,21,Byvind,"max, 1 gång/tim",meter per sekund,2022-10-26T13:00:00Z,2022-10-26T15:00:00+02:00,1666789200000,,4.0,4.0,G,,corrected-archive-csv
162860,Luleå-Kallax Flygplats,21,Byvind,"max, 1 gång/tim",meter per sekund,2022-10-26T15:00:00Z,2022-10-26T17:00:00+02:00,1666796400000,,6.0,6.0,G,,corrected-archive-csv
162860,Luleå-Kallax Flygplats,21,Byvind,"max, 1 gång/tim",meter per sekund,2022-10-26T16:00:00Z,2022-10-26T18:00:00+02:00,1666800000000,,5.0,5.0,G,,corrected-archive-csv
162860,Luleå-Kallax Flygplats,21,Byvind,"max, 1 gång/tim",meter per sekund,2022-10-26T17:00:00Z,2022-10-26T19:00:00+02:00,1666803600000,,7.0,7.0,G,,corrected-archive-csv
162860,Luleå-Kallax Flygplats,21,Byvind,"max, 1 gång/tim",meter per sekund,2022-10-26T18:00:00Z,2022-10-26T20:00:00+02:00,1666807200000,,6.0,6.0,G,,corrected-archive-csv
162860,Luleå-Kallax Flygplats,21,Byvind,"max, 1 gång/tim",meter per sekund,2022-10-26T19:00:00Z,2022-10-26T21:00:00+02:00,1666810800000,,4.0,4.0,G,,corrected-archive-csv
162860,Luleå-Kallax Flygplats,21,Byvind,"max, 1 gång/tim",meter per sekund,2022-10-26T20:00:00Z,2022-10-26T22:00:00+02:00,1666814400000,,5.0,5.0,G,,corrected-archive-csv
162860,Luleå-Kallax Flygplats,21,Byvind,"max, 1 gång/tim",meter per sekund,2022-10-26T21:00:00Z,2022-10-26T23:00:00+02:00,1666818000000,,3.0,3.0,G,,corrected-archive-csv
162860,Luleå-Kallax Flygplats,21,Byvind,"max, 1 gång/tim",meter per sekund,2022-10-26T23:00:00Z,2022-10-27T01:00:00+02:00,1666825200000,,4.0,4.0,G,,corrected-archive-csv
162860,Luleå-Kallax Flygplats,21,Byvind,"max, 1 gång/tim",meter per sekund,2022-10-27T00:00:00Z,2022-10-27T02:00:00+02:00,1666828800000,,2.0,2.0,G,,corrected-archive-csv
162860,Luleå-Kallax Flygplats,21,Byvind,"max, 1 gång/tim",meter per sekund,2022-10-27T01:00:00Z,2022-10-27T03:00:00+02:00,1666832400000,,1.0,1.0,G,,corrected-archive-csv
162860,Luleå-Kallax Flygplats,21,Byvind,"max, 1 gång/tim",meter per sekund,2022-10-27T04:00:00Z,2022-10-27T06:00:00+02:00,1666843200000,,2.0,2.0,G,,corrected-archive-csv
162860,Luleå-Kallax Flygplats,21,Byvind,"max, 1 gång/tim",meter per sekund,2022-10-27T07:00:00Z,2022-10-27T09:00:00+02:00,1666854000000,,3.0,3.0,G,,corrected-archive-csv
162860,Luleå-Kallax Flygplats,21,Byvind,"max, 1 gång/tim",meter per sekund,2022-10-27T11:00:00Z,2022-10-27T13:00:00+02:00,1666868400000,,4.0,4.0,G,,corrected-archive-csv
162860,Luleå-Kallax Flygplats,21,Byvind,"max, 1 gång/tim",meter per sekund,2022-10-27T12:00:00Z,2022-10-27T14:00:00+02:00,1666872000000,,6.0,6.0,G,,corrected-archive-csv
162860,Luleå-Kallax Flygplats,21,Byvind,"max, 1 gång/tim",meter per sekund,2022-10-27T16:00:00Z,2022-10-27T18:00:00+02:00,1666886400000,,7.0,7.0,G,,corrected-archive-csv
162860,Luleå-Kallax Flygplats,21,Byvind,"max, 1 gång/tim",meter per sekund,2022-10-27T18:00:00Z,2022-10-27T20:00:00+02:00,1666893600000,,6.0,6.0,G,,corrected-archive-csv
162860,Luleå-Kallax Flygplats,21,Byvind,"max, 1 gång/tim",meter per sekund,2022-10-27T20:00:00Z,2022-10-27T22:00:00+02:00,1666900800000,,5.0,5.0,G,,corrected-archive-csv
162860,Luleå-Kallax Flygplats,21,Byvind,"max, 1 gång/tim",meter per sekund,2022-10-27T22:00:00Z,2022-10-28T00:00:00+02:00,1666908000000,,4.0,4.0,G,,corrected-archive-csv
162860,Luleå-Kallax Flygplats,21,Byvind,"max, 1 gång/tim",meter per sekund,2022-10-27T23:00:00Z,2022-10-28T01:00:00+02:00,1666911600000,,5.0,5.0,G,,corrected-archive-csv
162860,Luleå-Kallax Flygplats,21,Byvind,"max, 1 gång/tim",meter per sekund,2022-10-28T01:00:00Z,2022-10-28T03:00:00+02:00,1666918800000,,4.0,4.0,G,,corrected-archive-csv
162860,Luleå-Kallax Flygplats,21,Byvind,"max, 1 gång/tim",meter per sekund,2022-10-28T02:00:00Z,2022-10-28T04:00:00+02:00,1666922400000,,6.0,6.0,G,,corrected-archive-csv
162860,Luleå-Kallax Flygplats,21,Byvind,"max, 1 gång/tim",meter per sekund,2022-10-28T04:00:00Z,2022-10-28T06:00:00+02:00,1666929600000,,5.0,5.0,G,,corrected-archive-csv
162860,Luleå-Kallax Flygplats,21,Byvind,"max, 1 gång/tim",meter per sekund,2022-10-28T05:00:00Z,2022-10-28T07:00:00+02:00,1666933200000,,6.0,6.0,G,,corrected-archive-csv
162860,Luleå-Kallax Flygplats,21,Byvind,"max, 1 gång/tim",meter per sekund,2022-10-28T08:00:00Z,2022-10-28T10:00:00+02:00,1666944000000,,7.0,7.0,G,,corrected-archive-csv
162860,Luleå-Kallax Flygplats,21,Byvind,"max, 1 gång/tim",meter per sekund,2022-10-28T10:00:00Z,2022-10-28T12:00:00+02:00,1666951200000,,6.0,6.0,G,,corrected-archive-csv
162860,Luleå-Kallax Flygplats,21,Byvind,"max, 1 gång/tim",meter per sekund,2022-10-28T12:00:00Z,2022-10-28T14:00:00+02:00,1666958400000,,5.0,5.0,G,,corrected-archive-csv
162860,Luleå-Kallax Flygplats,21,Byvind,"max, 1 gång/tim",meter per sekund,2022-10-28T13:00:00Z,2022-10-28T15:00:00+02:00,1666962000000,,4.0,4.0,G,,corrected-archive-csv
162860,Luleå-Kallax Flygplats,21,Byvind,"max, 1 gång/tim",meter per sekund,2022-10-28T14:00:00Z,2022-10-28T16:00:00+02:00,1666965600000,,3.0,3.0,G,,corrected-archive-csv
162860,Luleå-Kallax Flygplats,21,Byvind,"max, 1 gång/tim",meter per sekund,2022-10-28T15:00:00Z,2022-10-28T17:00:00+02:00,1666969200000,,2.0,2.0,G,,corrected-archive-csv
162860,Luleå-Kallax Flygplats,21,Byvind,"max, 1 gång/tim",meter per sekund,2022-10-28T16:00:00Z,2022-10-28T18:00:00+02:00,1666972800000,,4.0,4.0,G,,corrected-archive-csv
162860,Luleå-Kallax Flygplats,21,Byvind,"max, 1 gång/tim",meter per sekund,2022-10-28T18:00:00Z,2022-10-28T20:00:00+02:00,1666980000000,,3.0,3.0,G,,corrected-archive-csv
162860,Luleå-Kallax Flygplats,21,Byvind,"max, 1 gång/tim",meter per sekund,2022-10-28T19:00:00Z,2022-10-28T21:00:00+02:00,1666983600000,,2.0,2.0,G,,corrected-archive-csv
162860,Luleå-Kallax Flygplats,21,Byvind,"max, 1 gång/tim",meter per sekund,2022-10-29T02:00:00Z,2022-10-29T04:00:00+02:00,1667008800000,,4.0,4.0,G,,corrected-archive-csv
162860,Luleå-Kallax Flygplats,21,Byvind,"max, 1 gång/tim",meter per sekund,2022-10-29T05:00:00Z,2022-10-29T07:00:00+02:00,1667019600000,,7.0,7.0,G,,corrected-archive-csv
162860,Luleå-Kallax Flygplats,21,Byvind,"max, 1 gång/tim",meter per sekund,2022-10-29T06:00:00Z,2022-10-29T08:00:00+02:00,1667023200000,,6.0,6.0,G,,corrected-archive-csv
162860,Luleå-Kallax Flygplats,21,Byvind,"max, 1 gång/tim",meter per sekund,2022-10-29T07:00:00Z,2022-10-29T09:00:00+02:00,1667026800000,,8.0,8.0,G,,corrected-archive-csv
162860,Luleå-Kallax Flygplats,21,Byvind,"max, 1 gång/tim",meter per sekund,2022-10-29T08:00:00Z,2022-10-29T10:00:00+02:00,1667030400000,,9.0,9.0,G,,corrected-archive-csv
162860,Luleå-Kallax Flygplats,21,Byvind,"max, 1 gång/tim",meter per sekund,2022-10-29T09:00:00Z,2022-10-29T11:00:00+02:00,1667034000000,,7.0,7.0,G,,corrected-archive-csv
162860,Luleå-Kallax Flygplats,21,Byvind,"max, 1 gång/tim",meter per sekund,2022-10-29T10:00:00Z,2022-10-29T12:00:00+02:00,1667037600000,,9.0,9.0,G,,corrected-archive-csv
162860,Luleå-Kallax Flygplats,21,Byvind,"max, 1 gång/tim",meter per sekund,2022-10-29T11:00:00Z,2022-10-29T13:00:00+02:00,1667041200000,,11.0,11.0,G,,corrected-archive-csv
162860,Luleå-Kallax Flygplats,21,Byvind,"max, 1 gång/tim",meter per sekund,2022-10-29T13:00:00Z,2022-10-29T15:00:00+02:00,1667048400000,,13.0,13.0,G,,corrected-archive-csv
162860,Luleå-Kallax Flygplats,21,Byvind,"max, 1 gång/tim",meter per sekund,2022-10-29T14:00:00Z,2022-10-29T16:00:00+02:00,1667052000000,,14.0,14.0,G,,corrected-archive-csv
162860,Luleå-Kallax Flygplats,21,Byvind,"max, 1 gång/tim",meter per sekund,2022-10-29T15:00:00Z,2022-10-29T17:00:00+02:00,1667055600000,,12.0,12.0,G,,corrected-archive-csv
162860,Luleå-Kallax Flygplats,21,Byvind,"max, 1 gång/tim",meter per sekund,2022-10-29T16:00:00Z,2022-10-29T18:00:00+02:00,1667059200000,,14.0,14.0,G,,corrected-archive-csv
162860,Luleå-Kallax Flygplats,21,Byvind,"max, 1 gång/tim",meter per sekund,2022-10-29T17:00:00Z,2022-10-29T19:00:00+02:00,1667062800000,,16.0,16.0,G,,corrected-archive-csv
162860,Luleå-Kallax Flygplats,21,Byvind,"max, 1 gång/tim",meter per sekund,2022-10-29T19:00:00Z,2022-10-29T21:00:00+02:00,1667070000000,,14.0,14.0,G,,corrected-archive-csv
162860,Luleå-Kallax Flygplats,21,Byvind,"max, 1 gång/tim",meter per sekund,2022-10-29T20:00:00Z,2022-10-29T22:00:00+02:00,1667073600000,,13.0,13.0,G,,corrected-archive-csv
162860,Luleå-Kallax Flygplats,21,Byvind,"max, 1 gång/tim",meter per sekund,2022-10-29T21:00:00Z,2022-10-29T23:00:00+02:00,1667077200000,,12.0,12.0,G,,corrected-archive-csv
162860,Luleå-Kallax Flygplats,21,Byvind,"max, 1 gång/tim",meter per sekund,2022-10-29T22:00:00Z,2022-10-30T00:00:00+02:00,1667080800000,,15.0,15.0,G,,corrected-archive-csv
162860,Luleå-Kallax Flygplats,21,Byvind,"max, 1 gång/tim",meter per sekund,2022-10-29T23:00:00Z,2022-10-30T01:00:00+02:00,1667084400000,,12.0,12.0,G,,corrected-archive-csv
162860,Luleå-Kallax Flygplats,21,Byvind,"max, 1 gång/tim",meter per sekund,2022-10-30T00:00:00Z,2022-10-30T02:00:00+02:00,1667088000000,,9.0,9.0,G,,corrected-archive-csv
162860,Luleå-Kallax Flygplats,21,Byvind,"max, 1 gång/tim",meter per sekund,2022-10-30T01:00:00Z,2022-10-30T02:00:00+01:00,1667091600000,,13.0,13.0,G,,corrected-archive-csv
162860,Luleå-Kallax Flygplats,21,Byvind,"max, 1 gång/tim",meter per sekund,2022-10-30T03:00:00Z,2022-10-30T04:00:00+01:00,1667098800000,,11.0,11.0,G,,corrected-archive-csv
162860,Luleå-Kallax Flygplats,21,Byvind,"max, 1 gång/tim",meter per sekund,2022-10-30T04:00:00Z,2022-10-30T05:00:00+01:00,1667102400000,,9.0,9.0,G,,corrected-archive-csv
162860,Luleå-Kallax Flygplats,21,Byvind,"max, 1 gång/tim",meter per sekund,2022-10-30T05:00:00Z,2022-10-30T06:00:00+01:00,1667106000000,,7.0,7.0,G,,corrected-archive-csv
162860,Luleå-Kallax Flygplats,21,Byvind,"max, 1 gång/tim",meter per sekund,2022-10-30T07:00:00Z,2022-10-30T08:00:00+01:00,1667113200000,,5.0,5.0,G,,corrected-archive-csv
162860,Luleå-Kallax Flygplats,21,Byvind,"max, 1 gång/tim",meter per sekund,2022-10-30T08:00:00Z,2022-10-30T09:00:00+01:00,1667116800000,,6.0,6.0,G,,corrected-archive-csv
162860,Luleå-Kallax Flygplats,21,Byvind,"max, 1 gång/tim",meter per sekund,2022-10-30T09:00:00Z,2022-10-30T10:00:00+01:00,1667120400000,,2.0,2.0,G,,corrected-archive-csv
162860,Luleå-Kallax Flygplats,21,Byvind,"max, 1 gång/tim",meter per sekund,2022-10-30T11:00:00Z,2022-10-30T12:00:00+01:00,1667127600000,,1.0,1.0,G,,corrected-archive-csv
162860,Luleå-Kallax Flygplats,21,Byvind,"max, 1 gång/tim",meter per sekund,2022-10-30T12:00:00Z,2022-10-30T13:00:00+01:00,1667131200000,,3.0,3.0,G,,corrected-archive-csv
162860,Luleå-Kallax Flygplats,21,Byvind,"max, 1 gång/tim",meter per sekund,2022-10-30T15:00:00Z,2022-10-30T16:00:00+01:00,1667142000000,,2.0,2.0,G,,corrected-archive-csv
162860,Luleå-Kallax Flygplats,21,Byvind,"max, 1 gång/tim",meter per sekund,2022-10-30T17:00:00Z,2022-10-30T18:00:00+01:00,1667149200000,,4.0,4.0,G,,corrected-archive-csv
162860,Luleå-Kallax Flygplats,21,Byvind,"max, 1 gång/tim",meter per sekund,2022-10-30T18:00:00Z,2022-10-30T19:00:00+01:00,1667152800000,,3.0,3.0,G,,corrected-archive-csv
162860,Luleå-Kallax Flygplats,21,Byvind,"max, 1 gång/tim",meter per sekund,2022-10-30T19:00:00Z,2022-10-30T20:00:00+01:00,1667156400000,,4.0,4.0,G,,corrected-archive-csv
162860,Luleå-Kallax Flygplats,21,Byvind,"max, 1 gång/tim",meter per sekund,2022-10-30T21:00:00Z,2022-10-30T22:00:00+01:00,1667163600000,,2.0,2.0,G,,corrected-archive-csv
162860,Luleå-Kallax Flygplats,21,Byvind,"max, 1 gång/tim",meter per sekund,2022-10-30T23:00:00Z,2022-10-31T00:00:00+01:00,1667170800000,,1.0,1.0,G,,corrected-archive-csv
162860,Luleå-Kallax Flygplats,21,Byvind,"max, 1 gång/tim",meter per sekund,2022-10-31T00:00:00Z,2022-10-31T01:00:00+01:00,1667174400000,,2.0,2.0,G,,corrected-archive-csv
162860,Luleå-Kallax Flygplats,21,Byvind,"max, 1 gång/tim",meter per sekund,2022-10-31T01:00:00Z,2022-10-31T02:00:00+01:00,1667178000000,,1.0,1.0,G,,corrected-archive-csv
162860,Luleå-Kallax Flygplats,21,Byvind,"max, 1 gång/tim",meter per sekund,2022-10-31T03:00:00Z,2022-10-31T04:00:00+01:00,1667185200000,,2.0,2.0,G,,corrected-archive-csv
162860,Luleå-Kallax Flygplats,21,Byvind,"max, 1 gång/tim",meter per sekund,2022-10-31T05:00:00Z,2022-10-31T06:00:00+01:00,1667192400000,,1.0,1.0,G,,corrected-archive-csv
162860,Luleå-Kallax Flygplats,21,Byvind,"max, 1 gång/tim",meter per sekund,2022-10-31T07:00:00Z,2022-10-31T08:00:00+01:00,1667199600000,,4.0,4.0,G,,corrected-archive-csv
162860,Luleå-Kallax Flygplats,21,Byvind,"max, 1 gång/tim",meter per sekund,2022-10-31T08:00:00Z,2022-10-31T09:00:00+01:00,1667203200000,,6.0,6.0,G,,corrected-archive-csv
162860,Luleå-Kallax Flygplats,21,Byvind,"max, 1 gång/tim",meter per sekund,2022-10-31T09:00:00Z,2022-10-31T10:00:00+01:00,1667206800000,,5.0,5.0,G,,corrected-archive-csv
162860,Luleå-Kallax Flygplats,21,Byvind,"max, 1 gång/tim",meter per sekund,2022-10-31T11:00:00Z,2022-10-31T12:00:00+01:00,1667214000000,,6.0,6.0,G,,corrected-archive-csv
162860,Luleå-Kallax Flygplats,21,Byvind,"max, 1 gång/tim",meter per sekund,2022-10-31T14:00:00Z,2022-10-31T15:00:00+01:00,1667224800000,,7.0,7.0,G,,corrected-archive-csv
162860,Luleå-Kallax Flygplats,21,Byvind,"max, 1 gång/tim",meter per sekund,2022-10-31T15:00:00Z,2022-10-31T16:00:00+01:00,1667228400000,,2.0,2.0,G,,corrected-archive-csv
162860,Luleå-Kallax Flygplats,21,Byvind,"max, 1 gång/tim",meter per sekund,2022-10-31T16:00:00Z,2022-10-31T17:00:00+01:00,1667232000000,,5.0,5.0,G,,corrected-archive-csv
162860,Luleå-Kallax Flygplats,21,Byvind,"max, 1 gång/tim",meter per sekund,2022-10-31T17:00:00Z,2022-10-31T18:00:00+01:00,1667235600000,,7.0,7.0,G,,corrected-archive-csv
162860,Luleå-Kallax Flygplats,21,Byvind,"max, 1 gång/tim",meter per sekund,2022-10-31T18:00:00Z,2022-10-31T19:00:00+01:00,1667239200000,,6.0,6.0,G,,corrected-archive-csv
162860,Luleå-Kallax Flygplats,21,Byvind,"max, 1 gång/tim",meter per sekund,2022-10-31T19:00:00Z,2022-10-31T20:00:00+01:00,1667242800000,,5.0,5.0,G,,corrected-archive-csv
162860,Luleå-Kallax Flygplats,21,Byvind,"max, 1 gång/tim",meter per sekund,2022-10-31T21:00:00Z,2022-10-31T22:00:00+01:00,1667250000000,,6.0,6.0,G,,corrected-archive-csv
162860,Luleå-Kallax Flygplats,21,Byvind,"max, 1 gång/tim",meter per sekund,2022-10-31T23:00:00Z,2022-11-01T00:00:00+01:00,1667257200000,,7.0,7.0,G,,corrected-archive-csv
162860,Luleå-Kallax Flygplats,21,Byvind,"max, 1 gång/tim",meter per sekund,2022-11-01T00:00:00Z,2022-11-01T01:00:00+01:00,1667260800000,,6.0,6.0,G,,corrected-archive-csv
162860,Luleå-Kallax Flygplats,21,Byvind,"max, 1 gång/tim",meter per sekund,2022-11-01T01:00:00Z,2022-11-01T02:00:00+01:00,1667264400000,,5.0,5.0,G,,corrected-archive-csv
162860,Luleå-Kallax Flygplats,21,Byvind,"max, 1 gång/tim",meter per sekund,2022-11-01T03:00:00Z,2022-11-01T04:00:00+01:00,1667271600000,,4.0,4.0,G,,corrected-archive-csv
162860,Luleå-Kallax Flygplats,21,Byvind,"max, 1 gång/tim",meter per sekund,2022-11-01T04:00:00Z,2022-11-01T05:00:00+01:00,1667275200000,,3.0,3.0,G,,corrected-archive-csv
162860,Luleå-Kallax Flygplats,21,Byvind,"max, 1 gång/tim",meter per sekund,2022-11-01T06:00:00Z,2022-11-01T07:00:00+01:00,1667282400000,,5.0,5.0,G,,corrected-archive-csv
162860,Luleå-Kallax Flygplats,21,Byvind,"max, 1 gång/tim",meter per sekund,2022-11-01T07:00:00Z,2022-11-01T08:00:00+01:00,1667286000000,,1.0,1.0,G,,corrected-archive-csv
162860,Luleå-Kallax Flygplats,21,Byvind,"max, 1 gång/tim",meter per sekund,2022-11-01T08:00:00Z,2022-11-01T09:00:00+01:00,1667289600000,,2.0,2.0,G,,corrected-archive-csv
162860,Luleå-Kallax Flygplats,21,Byvind,"max, 1 gång/tim",meter per sekund,2022-11-01T12:00:00Z,2022-11-01T13:00:00+01:00,1667304000000,,1.0,1.0,G,,corrected-archive-csv
162860,Luleå-Kallax Flygplats,21,Byvind,"max, 1 gång/tim",meter per sekund,2022-11-01T14:00:00Z,2022-11-01T15:00:00+01:00,1667311200000,,2.0,2.0,G,,corrected-archive-csv
162860,Luleå-Kallax Flygplats,21,Byvind,"max, 1 gång/tim",meter per sekund,2022-11-01T17:00:00Z,2022-11-01T18:00:00+01:00,1667322000000,,1.0,1.0,G,,corrected-archive-csv
162860,Luleå-Kallax Flygplats,21,Byvind,"max, 1 gång/tim",meter per sekund,2022-11-01T20:00:00Z,2022-11-01T21:00:00+01:00,1667332800000,,3.0,3.0,G,,corrected-archive-csv
162860,Luleå-Kallax Flygplats,21,Byvind,"max, 1 gång/tim",meter per sekund,2022-11-01T22:00:00Z,2022-11-01T23:00:00+01:00,1667340000000,,4.0,4.0,G,,corrected-archive-csv
162860,Luleå-Kallax Flygplats,21,Byvind,"max, 1 gång/tim",meter per sekund,2022-11-01T23:00:00Z,2022-11-02T00:00:00+01:00,1667343600000,,6.0,6.0,G,,corrected-archive-csv
162860,Luleå-Kallax Flygplats,21,Byvind,"max, 1 gång/tim",meter per sekund,2022-11-02T03:00:00Z,2022-11-02T04:00:00+01:00,1667358000000,,7.0,7.0,G,,corrected-archive-csv
162860,Luleå-Kallax Flygplats,21,Byvind,"max, 1 gång/tim",meter per sekund,2022-11-02T08:00:00Z,2022-11-02T09:00:00+01:00,1667376000000,,5.0,5.0,G,,corrected-archive-csv
162860,Luleå-Kallax Flygplats,21,Byvind,"max, 1 gång/tim",meter per sekund,2022-11-02T09:00:00Z,2022-11-02T10:00:00+01:00,1667379600000,,6.0,6.0,G,,corrected-archive-csv
162860,Luleå-Kallax Flygplats,21,Byvind,"max, 1 gång/tim",meter per sekund,2022-11-02T12:00:00Z,2022-11-02T13:00:00+01:00,1667390400000,,7.0,7.0,G,,corrected-archive-csv
162860,Luleå-Kallax Flygplats,21,Byvind,"max, 1 gång/tim",meter per sekund,2022-11-02T14:00:00Z,2022-11-02T15:00:00+01:00,1667397600000,,8.0,8.0,G,,corrected-archive-csv
162860,Luleå-Kallax Flygplats,21,Byvind,"max, 1 gång/tim",meter per sekund,2022-11-02T16:00:00Z,2022-11-02T17:00:00+01:00,1667404800000,,7.0,7.0,G,,corrected-archive-csv
162860,Luleå-Kallax Flygplats,21,Byvind,"max, 1 gång/tim",meter per sekund,2022-11-02T17:00:00Z,2022-11-02T18:00:00+01:00,1667408400000,,6.0,6.0,G,,corrected-archive-csv
162860,Luleå-Kallax Flygplats,21,Byvind,"max, 1 gång/tim",meter per sekund,2022-11-02T19:00:00Z,2022-11-02T20:00:00+01:00,1667415600000,,5.0,5.0,G,,corrected-archive-csv
162860,Luleå-Kallax Flygplats,21,Byvind,"max, 1 gång/tim",meter per sekund,2022-11-02T21:00:00Z,2022-11-02T22:00:00+01:00,1667422800000,,6.0,6.0,G,,corrected-archive-csv
162860,Luleå-Kallax Flygplats,21,Byvind,"max, 1 gång/tim",meter per sekund,2022-11-02T22:00:00Z,2022-11-02T23:00:00+01:00,1667426400000,,5.0,5.0,G,,corrected-archive-csv
162860,Luleå-Kallax Flygplats,21,Byvind,"max, 1 gång/tim",meter per sekund,2022-11-03T01:00:00Z,2022-11-03T02:00:00+01:00,1667437200000,,6.0,6.0,G,,corrected-archive-csv
162860,Luleå-Kallax Flygplats,21,Byvind,"max, 1 gång/tim",meter per sekund,2022-11-03T02:00:00Z,2022-11-03T03:00:00+01:00,1667440800000,,7.0,7.0,G,,corrected-archive-csv
162860,Luleå-Kallax Flygplats,21,Byvind,"max, 1 gång/tim",meter per sekund,2022-11-03T03:00:00Z,2022-11-03T04:00:00+01:00,1667444400000,,6.0,6.0,G,,corrected-archive-csv
162860,Luleå-Kallax Flygplats,21,Byvind,"max, 1 gång/tim",meter per sekund,2022-11-03T05:00:00Z,2022-11-03T06:00:00+01:00,1667451600000,,7.0,7.0,G,,corrected-archive-csv
162860,Luleå-Kallax Flygplats,21,Byvind,"max, 1 gång/tim",meter per sekund,2022-11-03T06:00:00Z,2022-11-03T07:00:00+01:00,1667455200000,,6.0,6.0,G,,corrected-archive-csv
162860,Luleå-Kallax Flygplats,21,Byvind,"max, 1 gång/tim",meter per sekund,2022-11-03T09:00:00Z,2022-11-03T10:00:00+01:00,1667466000000,,7.0,7.0,G,,corrected-archive-csv
162860,Luleå-Kallax Flygplats,21,Byvind,"max, 1 gång/tim",meter per sekund,2022-11-03T12:00:00Z,2022-11-03T13:00:00+01:00,1667476800000,,6.0,6.0,G,,corrected-archive-csv
162860,Luleå-Kallax Flygplats,21,Byvind,"max, 1 gång/tim",meter per sekund,2022-11-03T16:00:00Z,2022-11-03T17:00:00+01:00,1667491200000,,7.0,7.0,G,,corrected-archive-csv
162860,Luleå-Kallax Flygplats,21,Byvind,"max, 1 gång/tim",meter per sekund,2022-11-03T18:00:00Z,2022-11-03T19:00:00+01:00,1667498400000,,8.0,8.0,G,,corrected-archive-csv
162860,Luleå-Kallax Flygplats,21,Byvind,"max, 1 gång/tim",meter per sekund,2022-11-03T20:00:00Z,2022-11-03T21:00:00+01:00,1667505600000,,9.0,9.0,G,,corrected-archive-csv
162860,Luleå-Kallax Flygplats,21,Byvind,"max, 1 gång/tim",meter per sekund,2022-11-03T21:00:00Z,2022-11-03T22:00:00+01:00,1667509200000,,6.0,6.0,G,,corrected-archive-csv
162860,Luleå-Kallax Flygplats,21,Byvind,"max, 1 gång/tim",meter per sekund,2022-11-03T22:00:00Z,2022-11-03T23:00:00+01:00,1667512800000,,7.0,7.0,G,,corrected-archive-csv
162860,Luleå-Kallax Flygplats,21,Byvind,"max, 1 gång/tim",meter per sekund,2022-11-03T23:00:00Z,2022-11-04T00:00:00+01:00,1667516400000,,8.0,8.0,G,,corrected-archive-csv
162860,Luleå-Kallax Flygplats,21,Byvind,"max, 1 gång/tim",meter per sekund,2022-11-04T00:00:00Z,2022-11-04T01:00:00+01:00,1667520000000,,9.0,9.0,G,,corrected-archive-csv
162860,Luleå-Kallax Flygplats,21,Byvind,"max, 1 gång/tim",meter per sekund,2022-11-04T01:00:00Z,2022-11-04T02:00:00+01:00,1667523600000,,6.0,6.0,G,,corrected-archive-csv
162860,Luleå-Kallax Flygplats,21,Byvind,"max, 1 gång/tim",meter per sekund,2022-11-04T03:00:00Z,2022-11-04T04:00:00+01:00,1667530800000,,7.0,7.0,G,,corrected-archive-csv
162860,Luleå-Kallax Flygplats,21,Byvind,"max, 1 gång/tim",meter per sekund,2022-11-04T08:00:00Z,2022-11-04T09:00:00+01:00,1667548800000,,8.0,8.0,G,,corrected-archive-csv
162860,Luleå-Kallax Flygplats,21,Byvind,"max, 1 gång/tim",meter per sekund,2022-11-04T09:00:00Z,2022-11-04T10:00:00+01:00,1667552400000,,7.0,7.0,G,,corrected-archive-csv
162860,Luleå-Kallax Flygplats,21,Byvind,"max, 1 gång/tim",meter per sekund,2022-11-04T16:00:00Z,2022-11-04T17:00:00+01:00,1667577600000,,8.0,8.0,G,,corrected-archive-csv
162860,Luleå-Kallax Flygplats,21,Byvind,"max, 1 gång/tim",meter per sekund,2022-11-04T17:00:00Z,2022-11-04T18:00:00+01:00,1667581200000,,9.0,9.0,G,,corrected-archive-csv
162860,Luleå-Kallax Flygplats,21,Byvind,"max, 1 gång/tim",meter per sekund,2022-11-04T19:00:00Z,2022-11-04T20:00:00+01:00,1667588400000,,7.0,7.0,G,,corrected-archive-csv
162860,Luleå-Kallax Flygplats,21,Byvind,"max, 1 gång/tim",meter per sekund,2022-11-04T20:00:00Z,2022-11-04T21:00:00+01:00,1667592000000,,6.0,6.0,G,,corrected-archive-csv
162860,Luleå-Kallax Flygplats,21,Byvind,"max, 1 gång/tim",meter per sekund,2022-11-04T23:00:00Z,2022-11-05T00:00:00+01:00,1667602800000,,7.0,7.0,G,,corrected-archive-csv
162860,Luleå-Kallax Flygplats,21,Byvind,"max, 1 gång/tim",meter per sekund,2022-11-05T04:00:00Z,2022-11-05T05:00:00+01:00,1667620800000,,8.0,8.0,G,,corrected-archive-csv
162860,Luleå-Kallax Flygplats,21,Byvind,"max, 1 gång/tim",meter per sekund,2022-11-05T06:00:00Z,2022-11-05T07:00:00+01:00,1667628000000,,7.0,7.0,G,,corrected-archive-csv
162860,Luleå-Kallax Flygplats,21,Byvind,"max, 1 gång/tim",meter per sekund,2022-11-05T08:00:00Z,2022-11-05T09:00:00+01:00,1667635200000,,9.0,9.0,G,,corrected-archive-csv
162860,Luleå-Kallax Flygplats,21,Byvind,"max, 1 gång/tim",meter per sekund,2022-11-05T10:00:00Z,2022-11-05T11:00:00+01:00,1667642400000,,8.0,8.0,G,,corrected-archive-csv
162860,Luleå-Kallax Flygplats,21,Byvind,"max, 1 gång/tim",meter per sekund,2022-11-05T11:00:00Z,2022-11-05T12:00:00+01:00,1667646000000,,9.0,9.0,G,,corrected-archive-csv
162860,Luleå-Kallax Flygplats,21,Byvind,"max, 1 gång/tim",meter per sekund,2022-11-05T12:00:00Z,2022-11-05T13:00:00+01:00,1667649600000,,8.0,8.0,G,,corrected-archive-csv
162860,Luleå-Kallax Flygplats,21,Byvind,"max, 1 gång/tim",meter per sekund,2022-11-05T13:00:00Z,2022-11-05T14:00:00+01:00,1667653200000,,9.0,9.0,G,,corrected-archive-csv
162860,Luleå-Kallax Flygplats,21,Byvind,"max, 1 gång/tim",meter per sekund,2022-11-05T17:00:00Z,2022-11-05T18:00:00+01:00,1667667600000,,8.0,8.0,G,,corrected-archive-csv
162860,Luleå-Kallax Flygplats,21,Byvind,"max, 1 gång/tim",meter per sekund,2022-11-05T20:00:00Z,2022-11-05T21:00:00+01:00,1667678400000,,9.0,9.0,G,,corrected-archive-csv
162860,Luleå-Kallax Flygplats,21,Byvind,"max, 1 gång/tim",meter per sekund,2022-11-05T21:00:00Z,2022-11-05T22:00:00+01:00,1667682000000,,7.0,7.0,G,,corrected-archive-csv
162860,Luleå-Kallax Flygplats,21,Byvind,"max, 1 gång/tim",meter per sekund,2022-11-05T22:00:00Z,2022-11-05T23:00:00+01:00,1667685600000,,9.0,9.0,G,,corrected-archive-csv
162860,Luleå-Kallax Flygplats,21,Byvind,"max, 1 gång/tim",meter per sekund,2022-11-05T23:00:00Z,2022-11-06T00:00:00+01:00,1667689200000,,8.0,8.0,G,,corrected-archive-csv
162860,Luleå-Kallax Flygplats,21,Byvind,"max, 1 gång/tim",meter per sekund,2022-11-06T00:00:00Z,2022-11-06T01:00:00+01:00,1667692800000,,9.0,9.0,G,,corrected-archive-csv
162860,Luleå-Kallax Flygplats,21,Byvind,"max, 1 gång/tim",meter per sekund,2022-11-06T02:00:00Z,2022-11-06T03:00:00+01:00,1667700000000,,8.0,8.0,G,,corrected-archive-csv
162860,Luleå-Kallax Flygplats,21,Byvind,"max, 1 gång/tim",meter per sekund,2022-11-06T04:00:00Z,2022-11-06T05:00:00+01:00,1667707200000,,5.0,5.0,G,,corrected-archive-csv
162860,Luleå-Kallax Flygplats,21,Byvind,"max, 1 gång/tim",meter per sekund,2022-11-06T06:00:00Z,2022-11-06T07:00:00+01:00,1667714400000,,4.0,4.0,G,,corrected-archive-csv
162860,Luleå-Kallax Flygplats,21,Byvind,"max, 1 gång/tim",meter per sekund,2022-11-06T08:00:00Z,2022-11-06T09:00:00+01:00,1667721600000,,3.0,3.0,G,,corrected-archive-csv
162860,Luleå-Kallax Flygplats,21,Byvind,"max, 1 gång/tim",meter per sekund,2022-11-06T10:00:00Z,2022-11-06T11:00:00+01:00,1667728800000,,2.0,2.0,G,,corrected-archive-csv
162860,Luleå-Kallax Flygplats,21,Byvind,"max, 1 gång/tim",meter per sekund,2022-11-06T17:00:00Z,2022-11-06T18:00:00+01:00,1667754000000,,3.0,3.0,G,,corrected-archive-csv
162860,Luleå-Kallax Flygplats,21,Byvind,"max, 1 gång/tim",meter per sekund,2022-11-06T18:00:00Z,2022-11-06T19:00:00+01:00,1667757600000,,4.0,4.0,G,,corrected-archive-csv
162860,Luleå-Kallax Flygplats,21,Byvind,"max, 1 gång/tim",meter per sekund,2022-11-06T19:00:00Z,2022-11-06T20:00:00+01:00,1667761200000,,5.0,5.0,G,,corrected-archive-csv
162860,Luleå-Kallax Flygplats,21,Byvind,"max, 1 gång/tim",meter per sekund,2022-11-06T20:00:00Z,2022-11-06T21:00:00+01:00,1667764800000,,4.0,4.0,G,,corrected-archive-csv
162860,Luleå-Kallax Flygplats,21,Byvind,"max, 1 gång/tim",meter per sekund,2022-11-06T21:00:00Z,2022-11-06T22:00:00+01:00,1667768400000,,3.0,3.0,G,,corrected-archive-csv
162860,Luleå-Kallax Flygplats,21,Byvind,"max, 1 gång/tim",meter per sekund,2022-11-06T22:00:00Z,2022-11-06T23:00:00+01:00,1667772000000,,2.0,2.0,G,,corrected-archive-csv
162860,Luleå-Kallax Flygplats,21,Byvind,"max, 1 gång/tim",meter per sekund,2022-11-06T23:00:00Z,2022-11-07T00:00:00+01:00,1667775600000,,3.0,3.0,G,,corrected-archive-csv
162860,Luleå-Kallax Flygplats,21,Byvind,"max, 1 gång/tim",meter per sekund,2022-11-07T01:00:00Z,2022-11-07T02:00:00+01:00,1667782800000,,2.0,2.0,G,,corrected-archive-csv
162860,Luleå-Kallax Flygplats,21,Byvind,"max, 1 gång/tim",meter per sekund,2022-11-07T04:00:00Z,2022-11-07T05:00:00+01:00,1667793600000,,4.0,4.0,G,,corrected-archive-csv
162860,Luleå-Kallax Flygplats,21,Byvind,"max, 1 gång/tim",meter per sekund,2022-11-07T06:00:00Z,2022-11-07T07:00:00+01:00,1667800800000,,2.0,2.0,G,,corrected-archive-csv
162860,Luleå-Kallax Flygplats,21,Byvind,"max, 1 gång/tim",meter per sekund,2022-11-07T07:00:00Z,2022-11-07T08:00:00+01:00,1667804400000,,4.0,4.0,G,,corrected-archive-csv
162860,Luleå-Kallax Flygplats,21,Byvind,"max, 1 gång/tim",meter per sekund,2022-11-07T08:00:00Z,2022-11-07T09:00:00+01:00,1667808000000,,5.0,5.0,G,,corrected-archive-csv
162860,Luleå-Kallax Flygplats,21,Byvind,"max, 1 gång/tim",meter per sekund,2022-11-07T11:00:00Z,2022-11-07T12:00:00+01:00,1667818800000,,4.0,4.0,G,,corrected-archive-csv
162860,Luleå-Kallax Flygplats,21,Byvind,"max, 1 gång/tim",meter per sekund,2022-11-07T14:00:00Z,2022-11-07T15:00:00+01:00,1667829600000,,3.0,3.0,G,,corrected-archive-csv
162860,Luleå-Kallax Flygplats,21,Byvind,"max, 1 gång/tim",meter per sekund,2022-11-07T15:00:00Z,2022-11-07T16:00:00+01:00,1667833200000,,2.0,2.0,G,,corrected-archive-csv
162860,Luleå-Kallax Flygplats,21,Byvind,"max, 1 gång/tim",meter per sekund,2022-11-07T16:00:00Z,2022-11-07T17:00:00+01:00,1667836800000,,1.0,1.0,G,,corrected-archive-csv
162860,Luleå-Kallax Flygplats,21,Byvind,"max, 1 gång/tim",meter per sekund,2022-11-07T17:00:00Z,2022-11-07T18:00:00+01:00,1667840400000,,2.0,2.0,G,,corrected-archive-csv
162860,Luleå-Kallax Flygplats,21,Byvind,"max, 1 gång/tim",meter per sekund,2022-11-07T19:00:00Z,2022-11-07T20:00:00+01:00,1667847600000,,3.0,3.0,G,,corrected-archive-csv
162860,Luleå-Kallax Flygplats,21,Byvind,"max, 1 gång/tim",meter per sekund,2022-11-07T20:00:00Z,2022-11-07T21:00:00+01:00,1667851200000,,2.0,2.0,G,,corrected-archive-csv
162860,Luleå-Kallax Flygplats,21,Byvind,"max, 1 gång/tim",meter per sekund,2022-11-08T00:00:00Z,2022-11-08T01:00:00+01:00,1667865600000,,5.0,5.0,G,,corrected-archive-csv
162860,Luleå-Kallax Flygplats,21,Byvind,"max, 1 gång/tim",meter per sekund,2022-11-08T02:00:00Z,2022-11-08T03:00:00+01:00,1667872800000,,4.0,4.0,G,,corrected-archive-csv
162860,Luleå-Kallax Flygplats,21,Byvind,"max, 1 gång/tim",meter per sekund,2022-11-08T03:00:00Z,2022-11-08T04:00:00+01:00,1667876400000,,5.0,5.0,G,,corrected-archive-csv
162860,Luleå-Kallax Flygplats,21,Byvind,"max, 1 gång/tim",meter per sekund,2022-11-08T05:00:00Z,2022-11-08T06:00:00+01:00,1667883600000,,4.0,4.0,G,,corrected-archive-csv
162860,Luleå-Kallax Flygplats,21,Byvind,"max, 1 gång/tim",meter per sekund,2022-11-08T08:00:00Z,2022-11-08T09:00:00+01:00,1667894400000,,6.0,6.0,G,,corrected-archive-csv
162860,Luleå-Kallax Flygplats,21,Byvind,"max, 1 gång/tim",meter per sekund,2022-11-08T09:00:00Z,2022-11-08T10:00:00+01:00,1667898000000,,5.0,5.0,G,,corrected-archive-csv
162860,Luleå-Kallax Flygplats,21,Byvind,"max, 1 gång/tim",meter per sekund,2022-11-08T11:00:00Z,2022-11-08T12:00:00+01:00,1667905200000,,6.0,6.0,G,,corrected-archive-csv
162860,Luleå-Kallax Flygplats,21,Byvind,"max, 1 gång/tim",meter per sekund,2022-11-08T12:00:00Z,2022-11-08T13:00:00+01:00,1667908800000,,5.0,5.0,G,,corrected-archive-csv
162860,Luleå-Kallax Flygplats,21,Byvind,"max, 1 gång/tim",meter per sekund,2022-11-08T13:00:00Z,2022-11-08T14:00:00+01:00,1667912400000,,6.0,6.0,G,,corrected-archive-csv
162860,Luleå-Kallax Flygplats,21,Byvind,"max, 1 gång/tim",meter per sekund,2022-11-08T18:00:00Z,2022-11-08T19:00:00+01:00,1667930400000,,5.0,5.0,G,,corrected-archive-csv
162860,Luleå-Kallax Flygplats,21,Byvind,"max, 1 gång/tim",meter per sekund,2022-11-09T00:00:00Z,2022-11-09T01:00:00+01:00,1667952000000,,4.0,4.0,G,,corrected-archive-csv
162860,Luleå-Kallax Flygplats,21,Byvind,"max, 1 gång/tim",meter per sekund,2022-11-09T03:00:00Z,2022-11-09T04:00:00+01:00,1667962800000,,5.0,5.0,G,,corrected-archive-csv
162860,Luleå-Kallax Flygplats,21,Byvind,"max, 1 gång/tim",meter per sekund,2022-11-09T04:00:00Z,2022-11-09T05:00:00+01:00,1667966400000,,4.0,4.0,G,,corrected-archive-csv
162860,Luleå-Kallax Flygplats,21,Byvind,"max, 1 gång/tim",meter per sekund,2022-11-09T06:00:00Z,2022-11-09T07:00:00+01:00,1667973600000,,5.0,5.0,G,,corrected-archive-csv
162860,Luleå-Kallax Flygplats,21,Byvind,"max, 1 gång/tim",meter per sekund,2022-11-09T09:00:00Z,2022-11-09T10:00:00+01:00,1667984400000,,6.0,6.0,G,,corrected-archive-csv
162860,Luleå-Kallax Flygplats,21,Byvind,"max, 1 gång/tim",meter per sekund,2022-11-09T10:00:00Z,2022-11-09T11:00:00+01:00,1667988000000,,5.0,5.0,G,,corrected-archive-csv
162860,Luleå-Kallax Flygplats,21,Byvind,"max, 1 gång/tim",meter per sekund,2022-11-09T12:00:00Z,2022-11-09T13:00:00+01:00,1667995200000,,4.0,4.0,G,,corrected-archive-csv
162860,Luleå-Kallax Flygplats,21,Byvind,"max, 1 gång/tim",meter per sekund,2022-11-09T16:00:00Z,2022-11-09T17:00:00+01:00,1668009600000,,3.0,3.0,G,,corrected-archive-csv
162860,Luleå-Kallax Flygplats,21,Byvind,"max, 1 gång/tim",meter per sekund,2022-11-09T18:00:00Z,2022-11-09T19:00:00+01:00,1668016800000,,4.0,4.0,G,,corrected-archive-csv
162860,Luleå-Kallax Flygplats,21,Byvind,"max, 1 gång/tim",meter per sekund,2022-11-09T20:00:00Z,2022-11-09T21:00:00+01:00,1668024000000,,3.0,3.0,G,,corrected-archive-csv
162860,Luleå-Kallax Flygplats,21,Byvind,"max, 1 gång/tim",meter per sekund,2022-11-09T22:00:00Z,2022-11-09T23:00:00+01:00,1668031200000,,4.0,4.0,G,,corrected-archive-csv
162860,Luleå-Kallax Flygplats,21,Byvind,"max, 1 gång/tim",meter per sekund,2022-11-10T01:00:00Z,2022-11-10T02:00:00+01:00,1668042000000,,3.0,3.0,G,,corrected-archive-csv
162860,Luleå-Kallax Flygplats,21,Byvind,"max, 1 gång/tim",meter per sekund,2022-11-10T04:00:00Z,2022-11-10T05:00:00+01:00,1668052800000,,4.0,4.0,G,,corrected-archive-csv
162860,Luleå-Kallax Flygplats,21,Byvind,"max, 1 gång/tim",meter per sekund,2022-11-10T09:00:00Z,2022-11-10T10:00:00+01:00,1668070800000,,3.0,3.0,G,,corrected-archive-csv
162860,Luleå-Kallax Flygplats,21,Byvind,"max, 1 gång/tim",meter per sekund,2022-11-10T12:00:00Z,2022-11-10T13:00:00+01:00,1668081600000,,2.0,2.0,G,,corrected-archive-csv
162860,Luleå-Kallax Flygplats,21,Byvind,"max, 1 gång/tim",meter per sekund,2022-11-10T17:00:00Z,2022-11-10T18:00:00+01:00,1668099600000,,1.0,1.0,G,,corrected-archive-csv
162860,Luleå-Kallax Flygplats,21,Byvind,"max, 1 gång/tim",meter per sekund,2022-11-10T18:00:00Z,2022-11-10T19:00:00+01:00,1668103200000,,3.0,3.0,G,,corrected-archive-csv
162860,Luleå-Kallax Flygplats,21,Byvind,"max, 1 gång/tim",meter per sekund,2022-11-10T20:00:00Z,2022-11-10T21:00:00+01:00,1668110400000,,2.0,2.0,G,,corrected-archive-csv
162860,Luleå-Kallax Flygplats,21,Byvind,"max, 1 gång/tim",meter per sekund,2022-11-10T21:00:00Z,2022-11-10T22:00:00+01:00,1668114000000,,4.0,4.0,G,,corrected-archive-csv
162860,Luleå-Kallax Flygplats,21,Byvind,"max, 1 gång/tim",meter per sekund,2022-11-10T22:00:00Z,2022-11-10T23:00:00+01:00,1668117600000,,6.0,6.0,G,,corrected-archive-csv
162860,Luleå-Kallax Flygplats,21,Byvind,"max, 1 gång/tim",meter per sekund,2022-11-10T23:00:00Z,2022-11-11T00:00:00+01:00,1668121200000,,7.0,7.0,G,,corrected-archive-csv
162860,Luleå-Kallax Flygplats,21,Byvind,"max, 1 gång/tim",meter per sekund,2022-11-11T02:00:00Z,2022-11-11T03:00:00+01:00,1668132000000,,10.0,10.0,G,,corrected-archive-csv
162860,Luleå-Kallax Flygplats,21,Byvind,"max, 1 gång/tim",meter per sekund,2022-11-11T04:00:00Z,2022-11-11T05:00:00+01:00,1668139200000,,11.0,11.0,G,,corrected-archive-csv
162860,Luleå-Kallax Flygplats,21,Byvind,"max, 1 gång/tim",meter per sekund,2022-11-11T05:00:00Z,2022-11-11T06:00:00+01:00,1668142800000,,10.0,10.0,G,,corrected-archive-csv
162860,Luleå-Kallax Flygplats,21,Byvind,"max, 1 gång/tim",meter per sekund,2022-11-11T06:00:00Z,2022-11-11T07:00:00+01:00,1668146400000,,9.0,9.0,G,,corrected-archive-csv
162860,Luleå-Kallax Flygplats,21,Byvind,"max, 1 gång/tim",meter per sekund,2022-11-11T07:00:00Z,2022-11-11T08:00:00+01:00,1668150000000,,10.0,10.0,G,,corrected-archive-csv
162860,Luleå-Kallax Flygplats,21,Byvind,"max, 1 gång/tim",meter per sekund,2022-11-11T08:00:00Z,2022-11-11T09:00:00+01:00,1668153600000,,8.0,8.0,G,,corrected-archive-csv
162860,Luleå-Kallax Flygplats,21,Byvind,"max, 1 gång/tim",meter per sekund,2022-11-11T10:00:00Z,2022-11-11T11:00:00+01:00,1668160800000,,9.0,9.0,G,,corrected-archive-csv
162860,Luleå-Kallax Flygplats,21,Byvind,"max, 1 gång/tim",meter per sekund,2022-11-11T11:00:00Z,2022-11-11T12:00:00+01:00,1668164400000,,8.0,8.0,G,,corrected-archive-csv
162860,Luleå-Kallax Flygplats,21,Byvind,"max, 1 gång/tim",meter per sekund,2022-11-11T13:00:00Z,2022-11-11T14:00:00+01:00,1668171600000,,9.0,9.0,G,,corrected-archive-csv
162860,Luleå-Kallax Flygplats,21,Byvind,"max, 1 gång/tim",meter per sekund,2022-11-11T14:00:00Z,2022-11-11T15:00:00+01:00,1668175200000,,8.0,8.0,G,,corrected-archive-csv
162860,Luleå-Kallax Flygplats,21,Byvind,"max, 1 gång/tim",meter per sekund,2022-11-11T15:00:00Z,2022-11-11T16:00:00+01:00,1668178800000,,7.0,7.0,G,,corrected-archive-csv
162860,Luleå-Kallax Flygplats,21,Byvind,"max, 1 gång/tim",meter per sekund,2022-11-11T16:00:00Z,2022-11-11T17:00:00+01:00,1668182400000,,4.0,4.0,G,,corrected-archive-csv
162860,Luleå-Kallax Flygplats,21,Byvind,"max, 1 gång/tim",meter per sekund,2022-11-11T17:00:00Z,2022-11-11T18:00:00+01:00,1668186000000,,5.0,5.0,G,,corrected-archive-csv
162860,Luleå-Kallax Flygplats,21,Byvind,"max, 1 gång/tim",meter per sekund,2022-11-11T18:00:00Z,2022-11-11T19:00:00+01:00,1668189600000,,6.0,6.0,G,,corrected-archive-csv
162860,Luleå-Kallax Flygplats,21,Byvind,"max, 1 gång/tim",meter per sekund,2022-11-11T19:00:00Z,2022-11-11T20:00:00+01:00,1668193200000,,7.0,7.0,G,,corrected-archive-csv
162860,Luleå-Kallax Flygplats,21,Byvind,"max, 1 gång/tim",meter per sekund,2022-11-11T20:00:00Z,2022-11-11T21:00:00+01:00,1668196800000,,6.0,6.0,G,,corrected-archive-csv
162860,Luleå-Kallax Flygplats,21,Byvind,"max, 1 gång/tim",meter per sekund,2022-11-11T22:00:00Z,2022-11-11T23:00:00+01:00,1668204000000,,5.0,5.0,G,,corrected-archive-csv
162860,Luleå-Kallax Flygplats,21,Byvind,"max, 1 gång/tim",meter per sekund,2022-11-11T23:00:00Z,2022-11-12T00:00:00+01:00,1668207600000,,6.0,6.0,G,,corrected-archive-csv
162860,Luleå-Kallax Flygplats,21,Byvind,"max, 1 gång/tim",meter per sekund,2022-11-12T03:00:00Z,2022-11-12T04:00:00+01:00,1668222000000,,10.0,10.0,G,,corrected-archive-csv
162860,Luleå-Kallax Flygplats,21,Byvind,"max, 1 gång/tim",meter per sekund,2022-11-12T05:00:00Z,2022-11-12T06:00:00+01:00,1668229200000,,9.0,9.0,G,,corrected-archive-csv
162860,Luleå-Kallax Flygplats,21,Byvind,"max, 1 gång/tim",meter per sekund,2022-11-12T06:00:00Z,2022-11-12T07:00:00+01:00,1668232800000,,11.0,11.0,G,,corrected-archive-csv
162860,Luleå-Kallax Flygplats,21,Byvind,"max, 1 gång/tim",meter per sekund,2022-11-12T08:00:00Z,2022-11-12T09:00:00+01:00,1668240000000,,15.0,15.0,G,,corrected-archive-csv
162860,Luleå-Kallax Flygplats,21,Byvind,"max, 1 gång/tim",meter per sekund,2022-11-12T09:00:00Z,2022-11-12T10:00:00+01:00,1668243600000,,20.0,20.0,G,,corrected-archive-csv
162860,Luleå-Kallax Flygplats,21,Byvind,"max, 1 gång/tim",meter per sekund,2022-11-12T10:00:00Z,2022-11-12T11:00:00+01:00,1668247200000,,21.0,21.0,G,,corrected-archive-csv
162860,Luleå-Kallax Flygplats,21,Byvind,"max, 1 gång/tim",meter per sekund,2022-11-12T11:00:00Z,2022-11-12T12:00:00+01:00,1668250800000,,18.0,18.0,G,,corrected-archive-csv
162860,Luleå-Kallax Flygplats,21,Byvind,"max, 1 gång/tim",meter per sekund,2022-11-12T13:00:00Z,2022-11-12T14:00:00+01:00,1668258000000,,16.0,16.0,G,,corrected-archive-csv
162860,Luleå-Kallax Flygplats,21,Byvind,"max, 1 gång/tim",meter per sekund,2022-11-12T14:00:00Z,2022-11-12T15:00:00+01:00,1668261600000,,15.0,15.0,G,,corrected-archive-csv
162860,Luleå-Kallax Flygplats,21,Byvind,"max, 1 gång/tim",meter per sekund,2022-11-12T15:00:00Z,2022-11-12T16:00:00+01:00,1668265200000,,14.0,14.0,G,,corrected-archive-csv
162860,Luleå-Kallax Flygplats,21,Byvind,"max, 1 gång/tim",meter per sekund,2022-11-12T16:00:00Z,2022-11-12T17:00:00+01:00,1668268800000,,19.0,19.0,G,,corrected-archive-csv
162860,Luleå-Kallax Flygplats,21,Byvind,"max, 1 gång/tim",meter per sekund,2022-11-12T17:00:00Z,2022-11-12T18:00:00+01:00,1668272400000,,13.0,13.0,G,,corrected-archive-csv
162860,Luleå-Kallax Flygplats,21,Byvind,"max, 1 gång/tim",meter per sekund,2022-11-12T18:00:00Z,2022-11-12T19:00:00+01:00,1668276000000,,14.0,14.0,G,,corrected-archive-csv
162860,Luleå-Kallax Flygplats,21,Byvind,"max, 1 gång/tim",meter per sekund,2022-11-12T19:00:00Z,2022-11-12T20:00:00+01:00,1668279600000,,12.0,12.0,G,,corrected-archive-csv
162860,Luleå-Kallax Flygplats,21,Byvind,"max, 1 gång/tim",meter per sekund,2022-11-12T20:00:00Z,2022-11-12T21:00:00+01:00,1668283200000,,13.0,13.0,G,,corrected-archive-csv
162860,Luleå-Kallax Flygplats,21,Byvind,"max, 1 gång/tim",meter per sekund,2022-11-12T21:00:00Z,2022-11-12T22:00:00+01:00,1668286800000,,10.0,10.0,G,,corrected-archive-csv
162860,Luleå-Kallax Flygplats,21,Byvind,"max, 1 gång/tim",meter per sekund,2022-11-12T22:00:00Z,2022-11-12T23:00:00+01:00,1668290400000,,8.0,8.0,G,,corrected-archive-csv
162860,Luleå-Kallax Flygplats,21,Byvind,"max, 1 gång/tim",meter per sekund,2022-11-12T23:00:00Z,2022-11-13T00:00:00+01:00,1668294000000,,7.0,7.0,G,,corrected-archive-csv
162860,Luleå-Kallax Flygplats,21,Byvind,"max, 1 gång/tim",meter per sekund,2022-11-13T00:00:00Z,2022-11-13T01:00:00+01:00,1668297600000,,6.0,6.0,G,,corrected-archive-csv
162860,Luleå-Kallax Flygplats,21,Byvind,"max, 1 gång/tim",meter per sekund,2022-11-13T01:00:00Z,2022-11-13T02:00:00+01:00,1668301200000,,5.0,5.0,G,,corrected-archive-csv
162860,Luleå-Kallax Flygplats,21,Byvind,"max, 1 gång/tim",meter per sekund,2022-11-13T02:00:00Z,2022-11-13T03:00:00+01:00,1668304800000,,6.0,6.0,G,,corrected-archive-csv
162860,Luleå-Kallax Flygplats,21,Byvind,"max, 1 gång/tim",meter per sekund,2022-11-13T03:00:00Z,2022-11-13T04:00:00+01:00,1668308400000,,5.0,5.0,G,,corrected-archive-csv
162860,Luleå-Kallax Flygplats,21,Byvind,"max, 1 gång/tim",meter per sekund,2022-11-13T04:00:00Z,2022-11-13T05:00:00+01:00,1668312000000,,4.0,4.0,G,,corrected-archive-csv
162860,Luleå-Kallax Flygplats,21,Byvind,"max, 1 gång/tim",meter per sekund,2022-11-13T05:00:00Z,2022-11-13T06:00:00+01:00,1668315600000,,2.0,2.0,G,,corrected-archive-csv
162860,Luleå-Kallax Flygplats,21,Byvind,"max, 1 gång/tim",meter per sekund,2022-11-13T06:00:00Z,2022-11-13T07:00:00+01:00,1668319200000,,4.0,4.0,G,,corrected-archive-csv
162860,Luleå-Kallax Flygplats,21,Byvind,"max, 1 gång/tim",meter per sekund,2022-11-13T07:00:00Z,2022-11-13T08:00:00+01:00,1668322800000,,2.0,2.0,G,,corrected-archive-csv
162860,Luleå-Kallax Flygplats,21,Byvind,"max, 1 gång/tim",meter per sekund,2022-11-13T13:00:00Z,2022-11-13T14:00:00+01:00,1668344400000,,1.0,1.0,G,,corrected-archive-csv
162860,Luleå-Kallax Flygplats,21,Byvind,"max, 1 gång/tim",meter per sekund,2022-11-13T15:00:00Z,2022-11-13T16:00:00+01:00,1668351600000,,2.0,2.0,G,,corrected-archive-csv
162860,Luleå-Kallax Flygplats,21,Byvind,"max, 1 gång/tim",meter per sekund,2022-11-13T16:00:00Z,2022-11-13T17:00:00+01:00,1668355200000,,1.0,1.0,G,,corrected-archive-csv
162860,Luleå-Kallax Flygplats,21,Byvind,"max, 1 gång/tim",meter per sekund,2022-11-13T19:00:00Z,2022-11-13T20:00:00+01:00,1668366000000,,2.0,2.0,G,,corrected-archive-csv
162860,Luleå-Kallax Flygplats,21,Byvind,"max, 1 gång/tim",meter per sekund,2022-11-14T01:00:00Z,2022-11-14T02:00:00+01:00,1668387600000,,4.0,4.0,G,,corrected-archive-csv
162860,Luleå-Kallax Flygplats,21,Byvind,"max, 1 gång/tim",meter per sekund,2022-11-14T02:00:00Z,2022-11-14T03:00:00+01:00,1668391200000,,3.0,3.0,G,,corrected-archive-csv
162860,Luleå-Kallax Flygplats,21,Byvind,"max, 1 gång/tim",meter per sekund,2022-11-14T03:00:00Z,2022-11-14T04:00:00+01:00,1668394800000,,2.0,2.0,G,,corrected-archive-csv
162860,Luleå-Kallax Flygplats,21,Byvind,"max, 1 gång/tim",meter per sekund,2022-11-14T09:00:00Z,2022-11-14T10:00:00+01:00,1668416400000,,5.0,5.0,G,,corrected-archive-csv
162860,Luleå-Kallax Flygplats,21,Byvind,"max, 1 gång/tim",meter per sekund,2022-11-14T10:00:00Z,2022-11-14T11:00:00+01:00,1668420000000,,3.0,3.0,G,,corrected-archive-csv
162860,Luleå-Kallax Flygplats,21,Byvind,"max, 1 gång/tim",meter per sekund,2022-11-14T11:00:00Z,2022-11-14T12:00:00+01:00,1668423600000,,1.0,1.0,G,,corrected-archive-csv
162860,Luleå-Kallax Flygplats,21,Byvind,"max, 1 gång/tim",meter per sekund,2022-11-14T12:00:00Z,2022-11-14T13:00:00+01:00,1668427200000,,2.0,2.0,G,,corrected-archive-csv
162860,Luleå-Kallax Flygplats,21,Byvind,"max, 1 gång/tim",meter per sekund,2022-11-14T16:00:00Z,2022-11-14T17:00:00+01:00,1668441600000,,4.0,4.0,G,,corrected-archive-csv
162860,Luleå-Kallax Flygplats,21,Byvind,"max, 1 gång/tim",meter per sekund,2022-11-14T19:00:00Z,2022-11-14T20:00:00+01:00,1668452400000,,6.0,6.0,G,,corrected-archive-csv
162860,Luleå-Kallax Flygplats,21,Byvind,"max, 1 gång/tim",meter per sekund,2022-11-14T22:00:00Z,2022-11-14T23:00:00+01:00,1668463200000,,5.0,5.0,G,,corrected-archive-csv
162860,Luleå-Kallax Flygplats,21,Byvind,"max, 1 gång/tim",meter per sekund,2022-11-14T23:00:00Z,2022-11-15T00:00:00+01:00,1668466800000,,6.0,6.0,G,,corrected-archive-csv
162860,Luleå-Kallax Flygplats,21,Byvind,"max, 1 gång/tim",meter per sekund,2022-11-15T00:00:00Z,2022-11-15T01:00:00+01:00,1668470400000,,5.0,5.0,G,,corrected-archive-csv
162860,Luleå-Kallax Flygplats,21,Byvind,"max, 1 gång/tim",meter per sekund,2022-11-15T01:00:00Z,2022-11-15T02:00:00+01:00,1668474000000,,4.0,4.0,G,,corrected-archive-csv
162860,Luleå-Kallax Flygplats,21,Byvind,"max, 1 gång/tim",meter per sekund,2022-11-15T02:00:00Z,2022-11-15T03:00:00+01:00,1668477600000,,5.0,5.0,G,,corrected-archive-csv
162860,Luleå-Kallax Flygplats,21,Byvind,"max, 1 gång/tim",meter per sekund,2022-11-15T03:00:00Z,2022-11-15T04:00:00+01:00,1668481200000,,7.0,7.0,G,,corrected-archive-csv
162860,Luleå-Kallax Flygplats,21,Byvind,"max, 1 gång/tim",meter per sekund,2022-11-15T04:00:00Z,2022-11-15T05:00:00+01:00,1668484800000,,6.0,6.0,G,,corrected-archive-csv
162860,Luleå-Kallax Flygplats,21,Byvind,"max, 1 gång/tim",meter per sekund,2022-11-15T05:00:00Z,2022-11-15T06:00:00+01:00,1668488400000,,5.0,5.0,G,,corrected-archive-csv
162860,Luleå-Kallax Flygplats,21,Byvind,"max, 1 gång/tim",meter per sekund,2022-11-15T06:00:00Z,2022-11-15T07:00:00+01:00,1668492000000,,6.0,6.0,G,,corrected-archive-csv
162860,Luleå-Kallax Flygplats,21,Byvind,"max, 1 gång/tim",meter per sekund,2022-11-15T09:00:00Z,2022-11-15T10:00:00+01:00,1668502800000,,4.0,4.0,G,,corrected-archive-csv
162860,Luleå-Kallax Flygplats,21,Byvind,"max, 1 gång/tim",meter per sekund,2022-11-15T12:00:00Z,2022-11-15T13:00:00+01:00,1668513600000,,5.0,5.0,G,,corrected-archive-csv
162860,Luleå-Kallax Flygplats,21,Byvind,"max, 1 gång/tim",meter per sekund,2022-11-15T13:00:00Z,2022-11-15T14:00:00+01:00,1668517200000,,4.0,4.0,G,,corrected-archive-csv
162860,Luleå-Kallax Flygplats,21,Byvind,"max, 1 gång/tim",meter per sekund,2022-11-15T16:00:00Z,2022-11-15T17:00:00+01:00,1668528000000,,3.0,3.0,G,,corrected-archive-csv
162860,Luleå-Kallax Flygplats,21,Byvind,"max, 1 gång/tim",meter per sekund,2022-11-15T17:00:00Z,2022-11-15T18:00:00+01:00,1668531600000,,2.0,2.0,G,,corrected-archive-csv
162860,Luleå-Kallax Flygplats,21,Byvind,"max, 1 gång/tim",meter per sekund,2022-11-15T23:00:00Z,2022-11-16T00:00:00+01:00,1668553200000,,1.0,1.0,G,,corrected-archive-csv
162860,Luleå-Kallax Flygplats,21,Byvind,"max, 1 gång/tim",meter per sekund,2022-11-16T00:00:00Z,2022-11-16T01:00:00+01:00,1668556800000,,2.0,2.0,G,,corrected-archive-csv
162860,Luleå-Kallax Flygplats,21,Byvind,"max, 1 gång/tim",meter per sekund,2022-11-16T02:00:00Z,2022-11-16T03:00:00+01:00,1668564000000,,3.0,3.0,G,,corrected-archive-csv
162860,Luleå-Kallax Flygplats,21,Byvind,"max, 1 gång/tim",meter per sekund,2022-11-16T04:00:00Z,2022-11-16T05:00:00+01:00,1668571200000,,2.0,2.0,G,,corrected-archive-csv
162860,Luleå-Kallax Flygplats,21,Byvind,"max, 1 gång/tim",meter per sekund,2022-11-16T10:00:00Z,2022-11-16T11:00:00+01:00,1668592800000,,3.0,3.0,G,,corrected-archive-csv
162860,Luleå-Kallax Flygplats,21,Byvind,"max, 1 gång/tim",meter per sekund,2022-11-16T13:00:00Z,2022-11-16T14:00:00+01:00,1668603600000,,2.0,2.0,G,,corrected-archive-csv
162860,Luleå-Kallax Flygplats,21,Byvind,"max, 1 gång/tim",meter per sekund,2022-11-16T18:00:00Z,2022-11-16T19:00:00+01:00,1668621600000,,3.0,3.0,G,,corrected-archive-csv
162860,Luleå-Kallax Flygplats,21,Byvind,"max, 1 gång/tim",meter per sekund,2022-11-16T19:00:00Z,2022-11-16T20:00:00+01:00,1668625200000,,2.0,2.0,G,,corrected-archive-csv
162860,Luleå-Kallax Flygplats,21,Byvind,"max, 1 gång/tim",meter per sekund,2022-11-16T20:00:00Z,2022-11-16T21:00:00+01:00,1668628800000,,3.0,3.0,G,,corrected-archive-csv
162860,Luleå-Kallax Flygplats,21,Byvind,"max, 1 gång/tim",meter per sekund,2022-11-16T22:00:00Z,2022-11-16T23:00:00+01:00,1668636000000,,4.0,4.0,G,,corrected-archive-csv
162860,Luleå-Kallax Flygplats,21,Byvind,"max, 1 gång/tim",meter per sekund,2022-11-16T23:00:00Z,2022-11-17T00:00:00+01:00,1668639600000,,2.0,2.0,G,,corrected-archive-csv
162860,Luleå-Kallax Flygplats,21,Byvind,"max, 1 gång/tim",meter per sekund,2022-11-17T00:00:00Z,2022-11-17T01:00:00+01:00,1668643200000,,3.0,3.0,G,,corrected-archive-csv
162860,Luleå-Kallax Flygplats,21,Byvind,"max, 1 gång/tim",meter per sekund,2022-11-17T01:00:00Z,2022-11-17T02:00:00+01:00,1668646800000,,2.0,2.0,G,,corrected-archive-csv
162860,Luleå-Kallax Flygplats,21,Byvind,"max, 1 gång/tim",meter per sekund,2022-11-17T02:00:00Z,2022-11-17T03:00:00+01:00,1668650400000,,3.0,3.0,G,,corrected-archive-csv
162860,Luleå-Kallax Flygplats,21,Byvind,"max, 1 gång/tim",meter per sekund,2022-11-17T04:00:00Z,2022-11-17T05:00:00+01:00,1668657600000,,2.0,2.0,G,,corrected-archive-csv
162860,Luleå-Kallax Flygplats,21,Byvind,"max, 1 gång/tim",meter per sekund,2022-11-17T05:00:00Z,2022-11-17T06:00:00+01:00,1668661200000,,3.0,3.0,G,,corrected-archive-csv
162860,Luleå-Kallax Flygplats,21,Byvind,"max, 1 gång/tim",meter per sekund,2022-11-17T07:00:00Z,2022-11-17T08:00:00+01:00,1668668400000,,2.0,2.0,G,,corrected-archive-csv
162860,Luleå-Kallax Flygplats,21,Byvind,"max, 1 gång/tim",meter per sekund,2022-11-17T08:00:00Z,2022-11-17T09:00:00+01:00,1668672000000,,1.0,1.0,G,,corrected-archive-csv
162860,Luleå-Kallax Flygplats,21,Byvind,"max, 1 gång/tim",meter per sekund,2022-11-17T09:00:00Z,2022-11-17T10:00:00+01:00,1668675600000,,2.0,2.0,G,,corrected-archive-csv
162860,Luleå-Kallax Flygplats,21,Byvind,"max, 1 gång/tim",meter per sekund,2022-11-17T11:00:00Z,2022-11-17T12:00:00+01:00,1668682800000,,3.0,3.0,G,,corrected-archive-csv
162860,Luleå-Kallax Flygplats,21,Byvind,"max, 1 gång/tim",meter per sekund,2022-11-17T12:00:00Z,2022-11-17T13:00:00+01:00,1668686400000,,4.0,4.0,G,,corrected-archive-csv
162860,Luleå-Kallax Flygplats,21,Byvind,"max, 1 gång/tim",meter per sekund,2022-11-17T14:00:00Z,2022-11-17T15:00:00+01:00,1668693600000,,2.0,2.0,G,,corrected-archive-csv
162860,Luleå-Kallax Flygplats,21,Byvind,"max, 1 gång/tim",meter per sekund,2022-11-17T16:00:00Z,2022-11-17T17:00:00+01:00,1668700800000,,3.0,3.0,G,,corrected-archive-csv
162860,Luleå-Kallax Flygplats,21,Byvind,"max, 1 gång/tim",meter per sekund,2022-11-17T17:00:00Z,2022-11-17T18:00:00+01:00,1668704400000,,2.0,2.0,G,,corrected-archive-csv
162860,Luleå-Kallax Flygplats,21,Byvind,"max, 1 gång/tim",meter per sekund,2022-11-17T18:00:00Z,2022-11-17T19:00:00+01:00,1668708000000,,3.0,3.0,G,,corrected-archive-csv
162860,Luleå-Kallax Flygplats,21,Byvind,"max, 1 gång/tim",meter per sekund,2022-11-17T20:00:00Z,2022-11-17T21:00:00+01:00,1668715200000,,4.0,4.0,G,,corrected-archive-csv
162860,Luleå-Kallax Flygplats,21,Byvind,"max, 1 gång/tim",meter per sekund,2022-11-18T00:00:00Z,2022-11-18T01:00:00+01:00,1668729600000,,5.0,5.0,G,,corrected-archive-csv
162860,Luleå-Kallax Flygplats,21,Byvind,"max, 1 gång/tim",meter per sekund,2022-11-18T02:00:00Z,2022-11-18T03:00:00+01:00,1668736800000,,6.0,6.0,G,,corrected-archive-csv
162860,Luleå-Kallax Flygplats,21,Byvind,"max, 1 gång/tim",meter per sekund,2022-11-18T06:00:00Z,2022-11-18T07:00:00+01:00,1668751200000,,5.0,5.0,G,,corrected-archive-csv
162860,Luleå-Kallax Flygplats,21,Byvind,"max, 1 gång/tim",meter per sekund,2022-11-18T11:00:00Z,2022-11-18T12:00:00+01:00,1668769200000,,4.0,4.0,G,,corrected-archive-csv
162860,Luleå-Kallax Flygplats,21,Byvind,"max, 1 gång/tim",meter per sekund,2022-11-18T14:00:00Z,2022-11-18T15:00:00+01:00,1668780000000,,5.0,5.0,G,,corrected-archive-csv
162860,Luleå-Kallax Flygplats,21,Byvind,"max, 1 gång/tim",meter per sekund,2022-11-18T19:00:00Z,2022-11-18T20:00:00+01:00,1668798000000,,6.0,6.0,G,,corrected-archive-csv
162860,Luleå-Kallax Flygplats,21,Byvind,"max, 1 gång/tim",meter per sekund,2022-11-19T00:00:00Z,2022-11-19T01:00:00+01:00,1668816000000,,5.0,5.0,G,,corrected-archive-csv
162860,Luleå-Kallax Flygplats,21,Byvind,"max, 1 gång/tim",meter per sekund,2022-11-19T02:00:00Z,2022-11-19T03:00:00+01:00,1668823200000,,4.0,4.0,G,,corrected-archive-csv
162860,Luleå-Kallax Flygplats,21,Byvind,"max, 1 gång/tim",meter per sekund,2022-11-19T07:00:00Z,2022-11-19T08:00:00+01:00,1668841200000,,5.0,5.0,G,,corrected-archive-csv
162860,Luleå-Kallax Flygplats,21,Byvind,"max, 1 gång/tim",meter per sekund,2022-11-19T10:00:00Z,2022-11-19T11:00:00+01:00,1668852000000,,4.0,4.0,G,,corrected-archive-csv
162860,Luleå-Kallax Flygplats,21,Byvind,"max, 1 gång/tim",meter per sekund,2022-11-19T11:00:00Z,2022-11-19T12:00:00+01:00,1668855600000,,5.0,5.0,G,,corrected-archive-csv
162860,Luleå-Kallax Flygplats,21,Byvind,"max, 1 gång/tim",meter per sekund,2022-11-19T12:00:00Z,2022-11-19T13:00:00+01:00,1668859200000,,4.0,4.0,G,,corrected-archive-csv
162860,Luleå-Kallax Flygplats,21,Byvind,"max, 1 gång/tim",meter per sekund,2022-11-20T05:00:00Z,2022-11-20T06:00:00+01:00,1668920400000,,3.0,3.0,G,,corrected-archive-csv
162860,Luleå-Kallax Flygplats,21,Byvind,"max, 1 gång/tim",meter per sekund,2022-11-20T08:00:00Z,2022-11-20T09:00:00+01:00,1668931200000,,4.0,4.0,G,,corrected-archive-csv
162860,Luleå-Kallax Flygplats,21,Byvind,"max, 1 gång/tim",meter per sekund,2022-11-20T09:00:00Z,2022-11-20T10:00:00+01:00,1668934800000,,5.0,5.0,G,,corrected-archive-csv
162860,Luleå-Kallax Flygplats,21,Byvind,"max, 1 gång/tim",meter per sekund,2022-11-20T14:00:00Z,2022-11-20T15:00:00+01:00,1668952800000,,4.0,4.0,G,,corrected-archive-csv
162860,Luleå-Kallax Flygplats,21,Byvind,"max, 1 gång/tim",meter per sekund,2022-11-20T19:00:00Z,2022-11-20T20:00:00+01:00,1668970800000,,5.0,5.0,G,,corrected-archive-csv
162860,Luleå-Kallax Flygplats,21,Byvind,"max, 1 gång/tim",meter per sekund,2022-11-20T20:00:00Z,2022-11-20T21:00:00+01:00,1668974400000,,4.0,4.0,G,,corrected-archive-csv
162860,Luleå-Kallax Flygplats,21,Byvind,"max, 1 gång/tim",meter per sekund,2022-11-20T21:00:00Z,2022-11-20T22:00:00+01:00,1668978000000,,5.0,5.0,G,,corrected-archive-csv
162860,Luleå-Kallax Flygplats,21,Byvind,"max, 1 gång/tim",meter per sekund,2022-11-20T22:00:00Z,2022-11-20T23:00:00+01:00,1668981600000,,4.0,4.0,G,,corrected-archive-csv
162860,Luleå-Kallax Flygplats,21,Byvind,"max, 1 gång/tim",meter per sekund,2022-11-21T02:00:00Z,2022-11-21T03:00:00+01:00,1668996000000,,5.0,5.0,G,,corrected-archive-csv
162860,Luleå-Kallax Flygplats,21,Byvind,"max, 1 gång/tim",meter per sekund,2022-11-21T07:00:00Z,2022-11-21T08:00:00+01:00,1669014000000,,4.0,4.0,G,,corrected-archive-csv
162860,Luleå-Kallax Flygplats,21,Byvind,"max, 1 gång/tim",meter per sekund,2022-11-21T09:00:00Z,2022-11-21T10:00:00+01:00,1669021200000,,5.0,5.0,G,,corrected-archive-csv
162860,Luleå-Kallax Flygplats,21,Byvind,"max, 1 gång/tim",meter per sekund,2022-11-21T10:00:00Z,2022-11-21T11:00:00+01:00,1669024800000,,4.0,4.0,G,,corrected-archive-csv
162860,Luleå-Kallax Flygplats,21,Byvind,"max, 1 gång/tim",meter per sekund,2022-11-21T12:00:00Z,2022-11-21T13:00:00+01:00,1669032000000,,3.0,3.0,G,,corrected-archive-csv
162860,Luleå-Kallax Flygplats,21,Byvind,"max, 1 gång/tim",meter per sekund,2022-11-21T15:00:00Z,2022-11-21T16:00:00+01:00,1669042800000,,4.0,4.0,G,,corrected-archive-csv
162860,Luleå-Kallax Flygplats,21,Byvind,"max, 1 gång/tim",meter per sekund,2022-11-21T17:00:00Z,2022-11-21T18:00:00+01:00,1669050000000,,5.0,5.0,G,,corrected-archive-csv
162860,Luleå-Kallax Flygplats,21,Byvind,"max, 1 gång/tim",meter per sekund,2022-11-21T18:00:00Z,2022-11-21T19:00:00+01:00,1669053600000,,4.0,4.0,G,,corrected-archive-csv
162860,Luleå-Kallax Flygplats,21,Byvind,"max, 1 gång/tim",meter per sekund,2022-11-21T20:00:00Z,2022-11-21T21:00:00+01:00,1669060800000,,3.0,3.0,G,,corrected-archive-csv
162860,Luleå-Kallax Flygplats,21,Byvind,"max, 1 gång/tim",meter per sekund,2022-11-21T21:00:00Z,2022-11-21T22:00:00+01:00,1669064400000,,2.0,2.0,G,,corrected-archive-csv
162860,Luleå-Kallax Flygplats,21,Byvind,"max, 1 gång/tim",meter per sekund,2022-11-21T22:00:00Z,2022-11-21T23:00:00+01:00,1669068000000,,3.0,3.0,G,,corrected-archive-csv
162860,Luleå-Kallax Flygplats,21,Byvind,"max, 1 gång/tim",meter per sekund,2022-11-22T00:00:00Z,2022-11-22T01:00:00+01:00,1669075200000,,4.0,4.0,G,,corrected-archive-csv
162860,Luleå-Kallax Flygplats,21,Byvind,"max, 1 gång/tim",meter per sekund,2022-11-22T03:00:00Z,2022-11-22T04:00:00+01:00,1669086000000,,5.0,5.0,G,,corrected-archive-csv
162860,Luleå-Kallax Flygplats,21,Byvind,"max, 1 gång/tim",meter per sekund,2022-11-22T04:00:00Z,2022-11-22T05:00:00+01:00,1669089600000,,4.0,4.0,G,,corrected-archive-csv
162860,Luleå-Kallax Flygplats,21,Byvind,"max, 1 gång/tim",meter per sekund,2022-11-22T10:00:00Z,2022-11-22T11:00:00+01:00,1669111200000,,3.0,3.0,G,,corrected-archive-csv
162860,Luleå-Kallax Flygplats,21,Byvind,"max, 1 gång/tim",meter per sekund,2022-11-22T14:00:00Z,2022-11-22T15:00:00+01:00,1669125600000,,4.0,4.0,G,,corrected-archive-csv
162860,Luleå-Kallax Flygplats,21,Byvind,"max, 1 gång/tim",meter per sekund,2022-11-22T16:00:00Z,2022-11-22T17:00:00+01:00,1669132800000,,5.0,5.0,G,,corrected-archive-csv
162860,Luleå-Kallax Flygplats,21,Byvind,"max, 1 gång/tim",meter per sekund,2022-11-22T17:00:00Z,2022-11-22T18:00:00+01:00,1669136400000,,4.0,4.0,G,,corrected-archive-csv
162860,Luleå-Kallax Flygplats,21,Byvind,"max, 1 gång/tim",meter per sekund,2022-11-22T19:00:00Z,2022-11-22T20:00:00+01:00,1669143600000,,5.0,5.0,G,,corrected-archive-csv
162860,Luleå-Kallax Flygplats,21,Byvind,"max, 1 gång/tim",meter per sekund,2022-11-22T20:00:00Z,2022-11-22T21:00:00+01:00,1669147200000,,4.0,4.0,G,,corrected-archive-csv
162860,Luleå-Kallax Flygplats,21,Byvind,"max, 1 gång/tim",meter per sekund,2022-11-23T01:00:00Z,2022-11-23T02:00:00+01:00,1669165200000,,5.0,5.0,G,,corrected-archive-csv
162860,Luleå-Kallax Flygplats,21,Byvind,"max, 1 gång/tim",meter per sekund,2022-11-23T02:00:00Z,2022-11-23T03:00:00+01:00,1669168800000,,4.0,4.0,G,,corrected-archive-csv
162860,Luleå-Kallax Flygplats,21,Byvind,"max, 1 gång/tim",meter per sekund,2022-11-23T09:00:00Z,2022-11-23T10:00:00+01:00,1669194000000,,5.0,5.0,G,,corrected-archive-csv
162860,Luleå-Kallax Flygplats,21,Byvind,"max, 1 gång/tim",meter per sekund,2022-11-23T10:00:00Z,2022-11-23T11:00:00+01:00,1669197600000,,6.0,6.0,G,,corrected-archive-csv
162860,Luleå-Kallax Flygplats,21,Byvind,"max, 1 gång/tim",meter per sekund,2022-11-23T11:00:00Z,2022-11-23T12:00:00+01:00,1669201200000,,5.0,5.0,G,,corrected-archive-csv
162860,Luleå-Kallax Flygplats,21,Byvind,"max, 1 gång/tim",meter per sekund,2022-11-23T13:00:00Z,2022-11-23T14:00:00+01:00,1669208400000,,4.0,4.0,G,,corrected-archive-csv
162860,Luleå-Kallax Flygplats,21,Byvind,"max, 1 gång/tim",meter per sekund,2022-11-23T14:00:00Z,2022-11-23T15:00:00+01:00,1669212000000,,5.0,5.0,G,,corrected-archive-csv
162860,Luleå-Kallax Flygplats,21,Byvind,"max, 1 gång/tim",meter per sekund,2022-11-23T16:00:00Z,2022-11-23T17:00:00+01:00,1669219200000,,6.0,6.0,G,,corrected-archive-csv
162860,Luleå-Kallax Flygplats,21,Byvind,"max, 1 gång/tim",meter per sekund,2022-11-23T18:00:00Z,2022-11-23T19:00:00+01:00,1669226400000,,5.0,5.0,G,,corrected-archive-csv
162860,Luleå-Kallax Flygplats,21,Byvind,"max, 1 gång/tim",meter per sekund,2022-11-23T19:00:00Z,2022-11-23T20:00:00+01:00,1669230000000,,4.0,4.0,G,,corrected-archive-csv
162860,Luleå-Kallax Flygplats,21,Byvind,"max, 1 gång/tim",meter per sekund,2022-11-23T21:00:00Z,2022-11-23T22:00:00+01:00,1669237200000,,3.0,3.0,G,,corrected-archive-csv
162860,Luleå-Kallax Flygplats,21,Byvind,"max, 1 gång/tim",meter per sekund,2022-11-23T23:00:00Z,2022-11-24T00:00:00+01:00,1669244400000,,4.0,4.0,G,,corrected-archive-csv
162860,Luleå-Kallax Flygplats,21,Byvind,"max, 1 gång/tim",meter per sekund,2022-11-24T00:00:00Z,2022-11-24T01:00:00+01:00,1669248000000,,5.0,5.0,G,,corrected-archive-csv
162860,Luleå-Kallax Flygplats,21,Byvind,"max, 1 gång/tim",meter per sekund,2022-11-24T03:00:00Z,2022-11-24T04:00:00+01:00,1669258800000,,4.0,4.0,G,,corrected-archive-csv
162860,Luleå-Kallax Flygplats,21,Byvind,"max, 1 gång/tim",meter per sekund,2022-11-24T05:00:00Z,2022-11-24T06:00:00+01:00,1669266000000,,1.0,1.0,G,,corrected-archive-csv
162860,Luleå-Kallax Flygplats,21,Byvind,"max, 1 gång/tim",meter per sekund,2022-11-24T06:00:00Z,2022-11-24T07:00:00+01:00,1669269600000,,2.0,2.0,G,,corrected-archive-csv
162860,Luleå-Kallax Flygplats,21,Byvind,"max, 1 gång/tim",meter per sekund,2022-11-24T07:00:00Z,2022-11-24T08:00:00+01:00,1669273200000,,4.0,4.0,G,,corrected-archive-csv
162860,Luleå-Kallax Flygplats,21,Byvind,"max, 1 gång/tim",meter per sekund,2022-11-24T09:00:00Z,2022-11-24T10:00:00+01:00,1669280400000,,5.0,5.0,G,,corrected-archive-csv
162860,Luleå-Kallax Flygplats,21,Byvind,"max, 1 gång/tim",meter per sekund,2022-11-24T14:00:00Z,2022-11-24T15:00:00+01:00,1669298400000,,4.0,4.0,G,,corrected-archive-csv
162860,Luleå-Kallax Flygplats,21,Byvind,"max, 1 gång/tim",meter per sekund,2022-11-24T15:00:00Z,2022-11-24T16:00:00+01:00,1669302000000,,5.0,5.0,G,,corrected-archive-csv
162860,Luleå-Kallax Flygplats,21,Byvind,"max, 1 gång/tim",meter per sekund,2022-11-24T17:00:00Z,2022-11-24T18:00:00+01:00,1669309200000,,4.0,4.0,G,,corrected-archive-csv
162860,Luleå-Kallax Flygplats,21,Byvind,"max, 1 gång/tim",meter per sekund,2022-11-24T19:00:00Z,2022-11-24T20:00:00+01:00,1669316400000,,3.0,3.0,G,,corrected-archive-csv
162860,Luleå-Kallax Flygplats,21,Byvind,"max, 1 gång/tim",meter per sekund,2022-11-24T22:00:00Z,2022-11-24T23:00:00+01:00,1669327200000,,4.0,4.0,G,,corrected-archive-csv
162860,Luleå-Kallax Flygplats,21,Byvind,"max, 1 gång/tim",meter per sekund,2022-11-24T23:00:00Z,2022-11-25T00:00:00+01:00,1669330800000,,5.0,5.0,G,,corrected-archive-csv
162860,Luleå-Kallax Flygplats,21,Byvind,"max, 1 gång/tim",meter per sekund,2022-11-25T03:00:00Z,2022-11-25T04:00:00+01:00,1669345200000,,4.0,4.0,G,,corrected-archive-csv
162860,Luleå-Kallax Flygplats,21,Byvind,"max, 1 gång/tim",meter per sekund,2022-11-25T04:00:00Z,2022-11-25T05:00:00+01:00,1669348800000,,2.0,2.0,G,,corrected-archive-csv
162860,Luleå-Kallax Flygplats,21,Byvind,"max, 1 gång/tim",meter per sekund,2022-11-25T07:00:00Z,2022-11-25T08:00:00+01:00,1669359600000,,1.0,1.0,G,,corrected-archive-csv
162860,Luleå-Kallax Flygplats,21,Byvind,"max, 1 gång/tim",meter per sekund,2022-11-25T09:00:00Z,2022-11-25T10:00:00+01:00,1669366800000,,2.0,2.0,G,,corrected-archive-csv
162860,Luleå-Kallax Flygplats,21,Byvind,"max, 1 gång/tim",meter per sekund,2022-11-25T11:00:00Z,2022-11-25T12:00:00+01:00,1669374000000,,1.0,1.0,G,,corrected-archive-csv
162860,Luleå-Kallax Flygplats,21,Byvind,"max, 1 gång/tim",meter per sekund,2022-11-25T16:00:00Z,2022-11-25T17:00:00+01:00,1669392000000,,2.0,2.0,G,,corrected-archive-csv
162860,Luleå-Kallax Flygplats,21,Byvind,"max, 1 gång/tim",meter per sekund,2022-11-25T19:00:00Z,2022-11-25T20:00:00+01:00,1669402800000,,3.0,3.0,G,,corrected-archive-csv
162860,Luleå-Kallax Flygplats,21,Byvind,"max, 1 gång/tim",meter per sekund,2022-11-25T21:00:00Z,2022-11-25T22:00:00+01:00,1669410000000,,2.0,2.0,G,,corrected-archive-csv
162860,Luleå-Kallax Flygplats,21,Byvind,"max, 1 gång/tim",meter per sekund,2022-11-26T01:00:00Z,2022-11-26T02:00:00+01:00,1669424400000,,3.0,3.0,G,,corrected-archive-csv
162860,Luleå-Kallax Flygplats,21,Byvind,"max, 1 gång/tim",meter per sekund,2022-11-26T02:00:00Z,2022-11-26T03:00:00+01:00,1669428000000,,2.0,2.0,G,,corrected-archive-csv
162860,Luleå-Kallax Flygplats,21,Byvind,"max, 1 gång/tim",meter per sekund,2022-11-26T07:00:00Z,2022-11-26T08:00:00+01:00,1669446000000,,3.0,3.0,G,,corrected-archive-csv
162860,Luleå-Kallax Flygplats,21,Byvind,"max, 1 gång/tim",meter per sekund,2022-11-26T08:00:00Z,2022-11-26T09:00:00+01:00,1669449600000,,2.0,2.0,G,,corrected-archive-csv
162860,Luleå-Kallax Flygplats,21,Byvind,"max, 1 gång/tim",meter per sekund,2022-11-26T12:00:00Z,2022-11-26T13:00:00+01:00,1669464000000,,3.0,3.0,G,,corrected-archive-csv
162860,Luleå-Kallax Flygplats,21,Byvind,"max, 1 gång/tim",meter per sekund,2022-11-26T13:00:00Z,2022-11-26T14:00:00+01:00,1669467600000,,4.0,4.0,G,,corrected-archive-csv
162860,Luleå-Kallax Flygplats,21,Byvind,"max, 1 gång/tim",meter per sekund,2022-11-26T14:00:00Z,2022-11-26T15:00:00+01:00,1669471200000,,5.0,5.0,G,,corrected-archive-csv
162860,Luleå-Kallax Flygplats,21,Byvind,"max, 1 gång/tim",meter per sekund,2022-11-26T16:00:00Z,2022-11-26T17:00:00+01:00,1669478400000,,6.0,6.0,G,,corrected-archive-csv
162860,Luleå-Kallax Flygplats,21,Byvind,"max, 1 gång/tim",meter per sekund,2022-11-26T18:00:00Z,2022-11-26T19:00:00+01:00,1669485600000,,7.0,7.0,G,,corrected-archive-csv
162860,Luleå-Kallax Flygplats,21,Byvind,"max, 1 gång/tim",meter per sekund,2022-11-26T19:00:00Z,2022-11-26T20:00:00+01:00,1669489200000,,6.0,6.0,G,,corrected-archive-csv
162860,Luleå-Kallax Flygplats,21,Byvind,"max, 1 gång/tim",meter per sekund,2022-11-26T22:00:00Z,2022-11-26T23:00:00+01:00,1669500000000,,5.0,5.0,G,,corrected-archive-csv
162860,Luleå-Kallax Flygplats,21,Byvind,"max, 1 gång/tim",meter per sekund,2022-11-26T23:00:00Z,2022-11-27T00:00:00+01:00,1669503600000,,4.0,4.0,G,,corrected-archive-csv
162860,Luleå-Kallax Flygplats,21,Byvind,"max, 1 gång/tim",meter per sekund,2022-11-27T00:00:00Z,2022-11-27T01:00:00+01:00,1669507200000,,5.0,5.0,G,,corrected-archive-csv
162860,Luleå-Kallax Flygplats,21,Byvind,"max, 1 gång/tim",meter per sekund,2022-11-27T01:00:00Z,2022-11-27T02:00:00+01:00,1669510800000,,6.0,6.0,G,,corrected-archive-csv
162860,Luleå-Kallax Flygplats,21,Byvind,"max, 1 gång/tim",meter per sekund,2022-11-27T02:00:00Z,2022-11-27T03:00:00+01:00,1669514400000,,5.0,5.0,G,,corrected-archive-csv
162860,Luleå-Kallax Flygplats,21,Byvind,"max, 1 gång/tim",meter per sekund,2022-11-27T07:00:00Z,2022-11-27T08:00:00+01:00,1669532400000,,6.0,6.0,G,,corrected-archive-csv
162860,Luleå-Kallax Flygplats,21,Byvind,"max, 1 gång/tim",meter per sekund,2022-11-27T10:00:00Z,2022-11-27T11:00:00+01:00,1669543200000,,8.0,8.0,G,,corrected-archive-csv
162860,Luleå-Kallax Flygplats,21,Byvind,"max, 1 gång/tim",meter per sekund,2022-11-27T11:00:00Z,2022-11-27T12:00:00+01:00,1669546800000,,7.0,7.0,G,,corrected-archive-csv
162860,Luleå-Kallax Flygplats,21,Byvind,"max, 1 gång/tim",meter per sekund,2022-11-27T12:00:00Z,2022-11-27T13:00:00+01:00,1669550400000,,6.0,6.0,G,,corrected-archive-csv
162860,Luleå-Kallax Flygplats,21,Byvind,"max, 1 gång/tim",meter per sekund,2022-11-27T13:00:00Z,2022-11-27T14:00:00+01:00,1669554000000,,8.0,8.0,G,,corrected-archive-csv
162860,Luleå-Kallax Flygplats,21,Byvind,"max, 1 gång/tim",meter per sekund,2022-11-27T16:00:00Z,2022-11-27T17:00:00+01:00,1669564800000,,7.0,7.0,G,,corrected-archive-csv
162860,Luleå-Kallax Flygplats,21,Byvind,"max, 1 gång/tim",meter per sekund,2022-11-27T17:00:00Z,2022-11-27T18:00:00+01:00,1669568400000,,6.0,6.0,G,,corrected-archive-csv
162860,Luleå-Kallax Flygplats,21,Byvind,"max, 1 gång/tim",meter per sekund,2022-11-27T19:00:00Z,2022-11-27T20:00:00+01:00,1669575600000,,7.0,7.0,G,,corrected-archive-csv
162860,Luleå-Kallax Flygplats,21,Byvind,"max, 1 gång/tim",meter per sekund,2022-11-27T22:00:00Z,2022-11-27T23:00:00+01:00,1669586400000,,6.0,6.0,G,,corrected-archive-csv
162860,Luleå-Kallax Flygplats,21,Byvind,"max, 1 gång/tim",meter per sekund,2022-11-28T04:00:00Z,2022-11-28T05:00:00+01:00,1669608000000,,5.0,5.0,G,,corrected-archive-csv
162860,Luleå-Kallax Flygplats,21,Byvind,"max, 1 gång/tim",meter per sekund,2022-11-28T05:00:00Z,2022-11-28T06:00:00+01:00,1669611600000,,6.0,6.0,G,,corrected-archive-csv
162860,Luleå-Kallax Flygplats,21,Byvind,"max, 1 gång/tim",meter per sekund,2022-11-28T07:00:00Z,2022-11-28T08:00:00+01:00,1669618800000,,7.0,7.0,G,,corrected-archive-csv
162860,Luleå-Kallax Flygplats,21,Byvind,"max, 1 gång/tim",meter per sekund,2022-11-28T08:00:00Z,2022-11-28T09:00:00+01:00,1669622400000,,5.0,5.0,G,,corrected-archive-csv
162860,Luleå-Kallax Flygplats,21,Byvind,"max, 1 gång/tim",meter per sekund,2022-11-28T10:00:00Z,2022-11-28T11:00:00+01:00,1669629600000,,4.0,4.0,G,,corrected-archive-csv
162860,Luleå-Kallax Flygplats,21,Byvind,"max, 1 gång/tim",meter per sekund,2022-11-28T11:00:00Z,2022-11-28T12:00:00+01:00,1669633200000,,5.0,5.0,G,,corrected-archive-csv
162860,Luleå-Kallax Flygplats,21,Byvind,"max, 1 gång/tim",meter per sekund,2022-11-28T14:00:00Z,2022-11-28T15:00:00+01:00,1669644000000,,6.0,6.0,G,,corrected-archive-csv
162860,Luleå-Kallax Flygplats,21,Byvind,"max, 1 gång/tim",meter per sekund,2022-11-28T16:00:00Z,2022-11-28T17:00:00+01:00,1669651200000,,5.0,5.0,G,,corrected-archive-csv
162860,Luleå-Kallax Flygplats,21,Byvind,"max, 1 gång/tim",meter per sekund,2022-11-28T18:00:00Z,2022-11-28T19:00:00+01:00,1669658400000,,4.0,4.0,G,,corrected-archive-csv
162860,Luleå-Kallax Flygplats,21,Byvind,"max, 1 gång/tim",meter per sekund,2022-11-29T02:00:00Z,2022-11-29T03:00:00+01:00,1669687200000,,2.0,2.0,G,,corrected-archive-csv
162860,Luleå-Kallax Flygplats,21,Byvind,"max, 1 gång/tim",meter per sekund,2022-11-29T05:00:00Z,2022-11-29T06:00:00+01:00,1669698000000,,3.0,3.0,G,,corrected-archive-csv
162860,Luleå-Kallax Flygplats,21,Byvind,"max, 1 gång/tim",meter per sekund,2022-11-29T06:00:00Z,2022-11-29T07:00:00+01:00,1669701600000,,4.0,4.0,G,,corrected-archive-csv
162860,Luleå-Kallax Flygplats,21,Byvind,"max, 1 gång/tim",meter per sekund,2022-11-29T08:00:00Z,2022-11-29T09:00:00+01:00,1669708800000,,2.0,2.0,G,,corrected-archive-csv
162860,Luleå-Kallax Flygplats,21,Byvind,"max, 1 gång/tim",meter per sekund,2022-11-29T09:00:00Z,2022-11-29T10:00:00+01:00,1669712400000,,4.0,4.0,G,,corrected-archive-csv
162860,Luleå-Kallax Flygplats,21,Byvind,"max, 1 gång/tim",meter per sekund,2022-11-29T10:00:00Z,2022-11-29T11:00:00+01:00,1669716000000,,6.0,6.0,G,,corrected-archive-csv
162860,Luleå-Kallax Flygplats,21,Byvind,"max, 1 gång/tim",meter per sekund,2022-11-29T15:00:00Z,2022-11-29T16:00:00+01:00,1669734000000,,5.0,5.0,G,,corrected-archive-csv
162860,Luleå-Kallax Flygplats,21,Byvind,"max, 1 gång/tim",meter per sekund,2022-11-29T17:00:00Z,2022-11-29T18:00:00+01:00,1669741200000,,4.0,4.0,G,,corrected-archive-csv
162860,Luleå-Kallax Flygplats,21,Byvind,"max, 1 gång/tim",meter per sekund,2022-11-29T18:00:00Z,2022-11-29T19:00:00+01:00,1669744800000,,5.0,5.0,G,,corrected-archive-csv
162860,Luleå-Kallax Flygplats,21,Byvind,"max, 1 gång/tim",meter per sekund,2022-11-29T20:00:00Z,2022-11-29T21:00:00+01:00,1669752000000,,6.0,6.0,G,,corrected-archive-csv
162860,Luleå-Kallax Flygplats,21,Byvind,"max, 1 gång/tim",meter per sekund,2022-11-29T21:00:00Z,2022-11-29T22:00:00+01:00,1669755600000,,7.0,7.0,G,,corrected-archive-csv
162860,Luleå-Kallax Flygplats,21,Byvind,"max, 1 gång/tim",meter per sekund,2022-11-29T22:00:00Z,2022-11-29T23:00:00+01:00,1669759200000,,6.0,6.0,G,,corrected-archive-csv
162860,Luleå-Kallax Flygplats,21,Byvind,"max, 1 gång/tim",meter per sekund,2022-11-29T23:00:00Z,2022-11-30T00:00:00+01:00,1669762800000,,4.0,4.0,G,,corrected-archive-csv
162860,Luleå-Kallax Flygplats,21,Byvind,"max, 1 gång/tim",meter per sekund,2022-11-30T00:00:00Z,2022-11-30T01:00:00+01:00,1669766400000,,1.0,1.0,G,,corrected-archive-csv
162860,Luleå-Kallax Flygplats,21,Byvind,"max, 1 gång/tim",meter per sekund,2022-11-30T01:00:00Z,2022-11-30T02:00:00+01:00,1669770000000,,2.0,2.0,G,,corrected-archive-csv
162860,Luleå-Kallax Flygplats,21,Byvind,"max, 1 gång/tim",meter per sekund,2022-11-30T04:00:00Z,2022-11-30T05:00:00+01:00,1669780800000,,4.0,4.0,G,,corrected-archive-csv
162860,Luleå-Kallax Flygplats,21,Byvind,"max, 1 gång/tim",meter per sekund,2022-11-30T05:00:00Z,2022-11-30T06:00:00+01:00,1669784400000,,3.0,3.0,G,,corrected-archive-csv
162860,Luleå-Kallax Flygplats,21,Byvind,"max, 1 gång/tim",meter per sekund,2022-11-30T07:00:00Z,2022-11-30T08:00:00+01:00,1669791600000,,4.0,4.0,G,,corrected-archive-csv
162860,Luleå-Kallax Flygplats,21,Byvind,"max, 1 gång/tim",meter per sekund,2022-11-30T09:00:00Z,2022-11-30T10:00:00+01:00,1669798800000,,3.0,3.0,G,,corrected-archive-csv
162860,Luleå-Kallax Flygplats,21,Byvind,"max, 1 gång/tim",meter per sekund,2022-11-30T10:00:00Z,2022-11-30T11:00:00+01:00,1669802400000,,2.0,2.0,G,,corrected-archive-csv
162860,Luleå-Kallax Flygplats,21,Byvind,"max, 1 gång/tim",meter per sekund,2022-11-30T14:00:00Z,2022-11-30T15:00:00+01:00,1669816800000,,1.0,1.0,G,,corrected-archive-csv
162860,Luleå-Kallax Flygplats,21,Byvind,"max, 1 gång/tim",meter per sekund,2022-11-30T21:00:00Z,2022-11-30T22:00:00+01:00,1669842000000,,2.0,2.0,G,,corrected-archive-csv
162860,Luleå-Kallax Flygplats,21,Byvind,"max, 1 gång/tim",meter per sekund,2022-12-01T02:00:00Z,2022-12-01T03:00:00+01:00,1669860000000,,1.0,1.0,G,,corrected-archive-csv
162860,Luleå-Kallax Flygplats,21,Byvind,"max, 1 gång/tim",meter per sekund,2022-12-01T04:00:00Z,2022-12-01T05:00:00+01:00,1669867200000,,2.0,2.0,G,,corrected-archive-csv
162860,Luleå-Kallax Flygplats,21,Byvind,"max, 1 gång/tim",meter per sekund,2022-12-01T07:00:00Z,2022-12-01T08:00:00+01:00,1669878000000,,1.0,1.0,G,,corrected-archive-csv
162860,Luleå-Kallax Flygplats,21,Byvind,"max, 1 gång/tim",meter per sekund,2022-12-01T16:00:00Z,2022-12-01T17:00:00+01:00,1669910400000,,2.0,2.0,G,,corrected-archive-csv
162860,Luleå-Kallax Flygplats,21,Byvind,"max, 1 gång/tim",meter per sekund,2022-12-01T19:00:00Z,2022-12-01T20:00:00+01:00,1669921200000,,4.0,4.0,G,,corrected-archive-csv
162860,Luleå-Kallax Flygplats,21,Byvind,"max, 1 gång/tim",meter per sekund,2022-12-01T20:00:00Z,2022-12-01T21:00:00+01:00,1669924800000,,3.0,3.0,G,,corrected-archive-csv
162860,Luleå-Kallax Flygplats,21,Byvind,"max, 1 gång/tim",meter per sekund,2022-12-01T21:00:00Z,2022-12-01T22:00:00+01:00,1669928400000,,2.0,2.0,G,,corrected-archive-csv
162860,Luleå-Kallax Flygplats,21,Byvind,"max, 1 gång/tim",meter per sekund,2022-12-01T22:00:00Z,2022-12-01T23:00:00+01:00,1669932000000,,1.0,1.0,G,,corrected-archive-csv
162860,Luleå-Kallax Flygplats,21,Byvind,"max, 1 gång/tim",meter per sekund,2022-12-01T23:00:00Z,2022-12-02T00:00:00+01:00,1669935600000,,2.0,2.0,G,,corrected-archive-csv
162860,Luleå-Kallax Flygplats,21,Byvind,"max, 1 gång/tim",meter per sekund,2022-12-02T01:00:00Z,2022-12-02T02:00:00+01:00,1669942800000,,1.0,1.0,G,,corrected-archive-csv
162860,Luleå-Kallax Flygplats,21,Byvind,"max, 1 gång/tim",meter per sekund,2022-12-02T08:00:00Z,2022-12-02T09:00:00+01:00,1669968000000,,2.0,2.0,G,,corrected-archive-csv
162860,Luleå-Kallax Flygplats,21,Byvind,"max, 1 gång/tim",meter per sekund,2022-12-02T15:00:00Z,2022-12-02T16:00:00+01:00,1669993200000,,1.0,1.0,G,,corrected-archive-csv
162860,Luleå-Kallax Flygplats,21,Byvind,"max, 1 gång/tim",meter per sekund,2022-12-02T16:00:00Z,2022-12-02T17:00:00+01:00,1669996800000,,2.0,2.0,G,,corrected-archive-csv
162860,Luleå-Kallax Flygplats,21,Byvind,"max, 1 gång/tim",meter per sekund,2022-12-03T00:00:00Z,2022-12-03T01:00:00+01:00,1670025600000,,3.0,3.0,G,,corrected-archive-csv
162860,Luleå-Kallax Flygplats,21,Byvind,"max, 1 gång/tim",meter per sekund,2022-12-03T04:00:00Z,2022-12-03T05:00:00+01:00,1670040000000,,2.0,2.0,G,,corrected-archive-csv
162860,Luleå-Kallax Flygplats,21,Byvind,"max, 1 gång/tim",meter per sekund,2022-12-03T06:00:00Z,2022-12-03T07:00:00+01:00,1670047200000,,3.0,3.0,G,,corrected-archive-csv
162860,Luleå-Kallax Flygplats,21,Byvind,"max, 1 gång/tim",meter per sekund,2022-12-03T08:00:00Z,2022-12-03T09:00:00+01:00,1670054400000,,2.0,2.0,G,,corrected-archive-csv
162860,Luleå-Kallax Flygplats,21,Byvind,"max, 1 gång/tim",meter per sekund,2022-12-03T12:00:00Z,2022-12-03T13:00:00+01:00,1670068800000,,3.0,3.0,G,,corrected-archive-csv
162860,Luleå-Kallax Flygplats,21,Byvind,"max, 1 gång/tim",meter per sekund,2022-12-03T13:00:00Z,2022-12-03T14:00:00+01:00,1670072400000,,4.0,4.0,G,,corrected-archive-csv
162860,Luleå-Kallax Flygplats,21,Byvind,"max, 1 gång/tim",meter per sekund,2022-12-03T17:00:00Z,2022-12-03T18:00:00+01:00,1670086800000,,3.0,3.0,G,,corrected-archive-csv
162860,Luleå-Kallax Flygplats,21,Byvind,"max, 1 gång/tim",meter per sekund,2022-12-03T18:00:00Z,2022-12-03T19:00:00+01:00,1670090400000,,4.0,4.0,G,,corrected-archive-csv
162860,Luleå-Kallax Flygplats,21,Byvind,"max, 1 gång/tim",meter per sekund,2022-12-03T21:00:00Z,2022-12-03T22:00:00+01:00,1670101200000,,3.0,3.0,G,,corrected-archive-csv
162860,Luleå-Kallax Flygplats,21,Byvind,"max, 1 gång/tim",meter per sekund,2022-12-04T00:00:00Z,2022-12-04T01:00:00+01:00,1670112000000,,4.0,4.0,G,,corrected-archive-csv
162860,Luleå-Kallax Flygplats,21,Byvind,"max, 1 gång/tim",meter per sekund,2022-12-04T02:00:00Z,2022-12-04T03:00:00+01:00,1670119200000,,3.0,3.0,G,,corrected-archive-csv
162860,Luleå-Kallax Flygplats,21,Byvind,"max, 1 gång/tim",meter per sekund,2022-12-04T03:00:00Z,2022-12-04T04:00:00+01:00,1670122800000,,4.0,4.0,G,,corrected-archive-csv
162860,Luleå-Kallax Flygplats,21,Byvind,"max, 1 gång/tim",meter per sekund,2022-12-04T04:00:00Z,2022-12-04T05:00:00+01:00,1670126400000,,3.0,3.0,G,,corrected-archive-csv
162860,Luleå-Kallax Flygplats,21,Byvind,"max, 1 gång/tim",meter per sekund,2022-12-04T05:00:00Z,2022-12-04T06:00:00+01:00,1670130000000,,2.0,2.0,G,,corrected-archive-csv
162860,Luleå-Kallax Flygplats,21,Byvind,"max, 1 gång/tim",meter per sekund,2022-12-04T06:00:00Z,2022-12-04T07:00:00+01:00,1670133600000,,3.0,3.0,G,,corrected-archive-csv
162860,Luleå-Kallax Flygplats,21,Byvind,"max, 1 gång/tim",meter per sekund,2022-12-04T09:00:00Z,2022-12-04T10:00:00+01:00,1670144400000,,2.0,2.0,G,,corrected-archive-csv
162860,Luleå-Kallax Flygplats,21,Byvind,"max, 1 gång/tim",meter per sekund,2022-12-04T10:00:00Z,2022-12-04T11:00:00+01:00,1670148000000,,3.0,3.0,G,,corrected-archive-csv
162860,Luleå-Kallax Flygplats,21,Byvind,"max, 1 gång/tim",meter per sekund,2022-12-04T13:00:00Z,2022-12-04T14:00:00+01:00,1670158800000,,2.0,2.0,G,,corrected-archive-csv
162860,Luleå-Kallax Flygplats,21,Byvind,"max, 1 gång/tim",meter per sekund,2022-12-04T16:00:00Z,2022-12-04T17:00:00+01:00,1670169600000,,1.0,1.0,G,,corrected-archive-csv
162860,Luleå-Kallax Flygplats,21,Byvind,"max, 1 gång/tim",meter per sekund,2022-12-04T18:00:00Z,2022-12-04T19:00:00+01:00,1670176800000,,2.0,2.0,G,,corrected-archive-csv
162860,Luleå-Kallax Flygplats,21,Byvind,"max, 1 gång/tim",meter per sekund,2022-12-04T19:00:00Z,2022-12-04T20:00:00+01:00,1670180400000,,3.0,3.0,G,,corrected-archive-csv
162860,Luleå-Kallax Flygplats,21,Byvind,"max, 1 gång/tim",meter per sekund,2022-12-04T20:00:00Z,2022-12-04T21:00:00+01:00,1670184000000,,2.0,2.0,G,,corrected-archive-csv
162860,Luleå-Kallax Flygplats,21,Byvind,"max, 1 gång/tim",meter per sekund,2022-12-04T21:00:00Z,2022-12-04T22:00:00+01:00,1670187600000,,4.0,4.0,G,,corrected-archive-csv
162860,Luleå-Kallax Flygplats,21,Byvind,"max, 1 gång/tim",meter per sekund,2022-12-04T23:00:00Z,2022-12-05T00:00:00+01:00,1670194800000,,6.0,6.0,G,,corrected-archive-csv
162860,Luleå-Kallax Flygplats,21,Byvind,"max, 1 gång/tim",meter per sekund,2022-12-05T00:00:00Z,2022-12-05T01:00:00+01:00,1670198400000,,4.0,4.0,G,,corrected-archive-csv
162860,Luleå-Kallax Flygplats,21,Byvind,"max, 1 gång/tim",meter per sekund,2022-12-05T04:00:00Z,2022-12-05T05:00:00+01:00,1670212800000,,5.0,5.0,G,,corrected-archive-csv
162860,Luleå-Kallax Flygplats,21,Byvind,"max, 1 gång/tim",meter per sekund,2022-12-05T05:00:00Z,2022-12-05T06:00:00+01:00,1670216400000,,6.0,6.0,G,,corrected-archive-csv
162860,Luleå-Kallax Flygplats,21,Byvind,"max, 1 gång/tim",meter per sekund,2022-12-05T07:00:00Z,2022-12-05T08:00:00+01:00,1670223600000,,4.0,4.0,G,,corrected-archive-csv
162860,Luleå-Kallax Flygplats,21,Byvind,"max, 1 gång/tim",meter per sekund,2022-12-05T09:00:00Z,2022-12-05T10:00:00+01:00,1670230800000,,5.0,5.0,G,,corrected-archive-csv
162860,Luleå-Kallax Flygplats,21,Byvind,"max, 1 gång/tim",meter per sekund,2022-12-05T11:00:00Z,2022-12-05T12:00:00+01:00,1670238000000,,4.0,4.0,G,,corrected-archive-csv
162860,Luleå-Kallax Flygplats,21,Byvind,"max, 1 gång/tim",meter per sekund,2022-12-05T12:00:00Z,2022-12-05T13:00:00+01:00,1670241600000,,3.0,3.0,G,,corrected-archive-csv
162860,Luleå-Kallax Flygplats,21,Byvind,"max, 1 gång/tim",meter per sekund,2022-12-05T13:00:00Z,2022-12-05T14:00:00+01:00,1670245200000,,4.0,4.0,G,,corrected-archive-csv
162860,Luleå-Kallax Flygplats,21,Byvind,"max, 1 gång/tim",meter per sekund,2022-12-05T14:00:00Z,2022-12-05T15:00:00+01:00,1670248800000,,6.0,6.0,G,,corrected-archive-csv
162860,Luleå-Kallax Flygplats,21,Byvind,"max, 1 gång/tim",meter per sekund,2022-12-05T16:00:00Z,2022-12-05T17:00:00+01:00,1670256000000,,5.0,5.0,G,,corrected-archive-csv
162860,Luleå-Kallax Flygplats,21,Byvind,"max, 1 gång/tim",meter per sekund,2022-12-05T18:00:00Z,2022-12-05T19:00:00+01:00,1670263200000,,7.0,7.0,G,,corrected-archive-csv
162860,Luleå-Kallax Flygplats,21,Byvind,"max, 1 gång/tim",meter per sekund,2022-12-05T20:00:00Z,2022-12-05T21:00:00+01:00,1670270400000,,6.0,6.0,G,,corrected-archive-csv
162860,Luleå-Kallax Flygplats,21,Byvind,"max, 1 gång/tim",meter per sekund,2022-12-05T21:00:00Z,2022-12-05T22:00:00+01:00,1670274000000,,5.0,5.0,G,,corrected-archive-csv
162860,Luleå-Kallax Flygplats,21,Byvind,"max, 1 gång/tim",meter per sekund,2022-12-05T22:00:00Z,2022-12-05T23:00:00+01:00,1670277600000,,4.0,4.0,G,,corrected-archive-csv
162860,Luleå-Kallax Flygplats,21,Byvind,"max, 1 gång/tim",meter per sekund,2022-12-06T02:00:00Z,2022-12-06T03:00:00+01:00,1670292000000,,3.0,3.0,G,,corrected-archive-csv
162860,Luleå-Kallax Flygplats,21,Byvind,"max, 1 gång/tim",meter per sekund,2022-12-06T04:00:00Z,2022-12-06T05:00:00+01:00,1670299200000,,2.0,2.0,G,,corrected-archive-csv
162860,Luleå-Kallax Flygplats,21,Byvind,"max, 1 gång/tim",meter per sekund,2022-12-06T09:00:00Z,2022-12-06T10:00:00+01:00,1670317200000,,5.0,5.0,G,,corrected-archive-csv
162860,Luleå-Kallax Flygplats,21,Byvind,"max, 1 gång/tim",meter per sekund,2022-12-06T10:00:00Z,2022-12-06T11:00:00+01:00,1670320800000,,6.0,6.0,G,,corrected-archive-csv
162860,Luleå-Kallax Flygplats,21,Byvind,"max, 1 gång/tim",meter per sekund,2022-12-06T11:00:00Z,2022-12-06T12:00:00+01:00,1670324400000,,9.0,9.0,G,,corrected-archive-csv
162860,Luleå-Kallax Flygplats,21,Byvind,"max, 1 gång/tim",meter per sekund,2022-12-06T15:00:00Z,2022-12-06T16:00:00+01:00,1670338800000,,6.0,6.0,G,,corrected-archive-csv
162860,Luleå-Kallax Flygplats,21,Byvind,"max, 1 gång/tim",meter per sekund,2022-12-06T17:00:00Z,2022-12-06T18:00:00+01:00,1670346000000,,5.0,5.0,G,,corrected-archive-csv
162860,Luleå-Kallax Flygplats,21,Byvind,"max, 1 gång/tim",meter per sekund,2022-12-06T20:00:00Z,2022-12-06T21:00:00+01:00,1670356800000,,3.0,3.0,G,,corrected-archive-csv
162860,Luleå-Kallax Flygplats,21,Byvind,"max, 1 gång/tim",meter per sekund,2022-12-07T00:00:00Z,2022-12-07T01:00:00+01:00,1670371200000,,4.0,4.0,G,,corrected-archive-csv
162860,Luleå-Kallax Flygplats,21,Byvind,"max, 1 gång/tim",meter per sekund,2022-12-07T02:00:00Z,2022-12-07T03:00:00+01:00,1670378400000,,3.0,3.0,G,,corrected-archive-csv
162860,Luleå-Kallax Flygplats,21,Byvind,"max, 1 gång/tim",meter per sekund,2022-12-07T03:00:00Z,2022-12-07T04:00:00+01:00,1670382000000,,2.0,2.0,G,,corrected-archive-csv
162860,Luleå-Kallax Flygplats,21,Byvind,"max, 1 gång/tim",meter per sekund,2022-12-07T04:00:00Z,2022-12-07T05:00:00+01:00,1670385600000,,4.0,4.0,G,,corrected-archive-csv
162860,Luleå-Kallax Flygplats,21,Byvind,"max, 1 gång/tim",meter per sekund,2022-12-07T05:00:00Z,2022-12-07T06:00:00+01:00,1670389200000,,3.0,3.0,G,,corrected-archive-csv
162860,Luleå-Kallax Flygplats,21,Byvind,"max, 1 gång/tim",meter per sekund,2022-12-07T06:00:00Z,2022-12-07T07:00:00+01:00,1670392800000,,4.0,4.0,G,,corrected-archive-csv
162860,Luleå-Kallax Flygplats,21,Byvind,"max, 1 gång/tim",meter per sekund,2022-12-07T08:00:00Z,2022-12-07T09:00:00+01:00,1670400000000,,3.0,3.0,G,,corrected-archive-csv
162860,Luleå-Kallax Flygplats,21,Byvind,"max, 1 gång/tim",meter per sekund,2022-12-07T09:00:00Z,2022-12-07T10:00:00+01:00,1670403600000,,4.0,4.0,G,,corrected-archive-csv
162860,Luleå-Kallax Flygplats,21,Byvind,"max, 1 gång/tim",meter per sekund,2022-12-07T11:00:00Z,2022-12-07T12:00:00+01:00,1670410800000,,5.0,5.0,G,,corrected-archive-csv
162860,Luleå-Kallax Flygplats,21,Byvind,"max, 1 gång/tim",meter per sekund,2022-12-07T14:00:00Z,2022-12-07T15:00:00+01:00,1670421600000,,6.0,6.0,G,,corrected-archive-csv
162860,Luleå-Kallax Flygplats,21,Byvind,"max, 1 gång/tim",meter per sekund,2022-12-07T15:00:00Z,2022-12-07T16:00:00+01:00,1670425200000,,5.0,5.0,G,,corrected-archive-csv
162860,Luleå-Kallax Flygplats,21,Byvind,"max, 1 gång/tim",meter per sekund,2022-12-07T16:00:00Z,2022-12-07T17:00:00+01:00,1670428800000,,2.0,2.0,G,,corrected-archive-csv
162860,Luleå-Kallax Flygplats,21,Byvind,"max, 1 gång/tim",meter per sekund,2022-12-07T19:00:00Z,2022-12-07T20:00:00+01:00,1670439600000,,3.0,3.0,G,,corrected-archive-csv
162860,Luleå-Kallax Flygplats,21,Byvind,"max, 1 gång/tim",meter per sekund,2022-12-07T21:00:00Z,2022-12-07T22:00:00+01:00,1670446800000,,4.0,4.0,G,,corrected-archive-csv
162860,Luleå-Kallax Flygplats,21,Byvind,"max, 1 gång/tim",meter per sekund,2022-12-08T00:00:00Z,2022-12-08T01:00:00+01:00,1670457600000,,5.0,5.0,G,,corrected-archive-csv
162860,Luleå-Kallax Flygplats,21,Byvind,"max, 1 gång/tim",meter per sekund,2022-12-08T02:00:00Z,2022-12-08T03:00:00+01:00,1670464800000,,4.0,4.0,G,,corrected-archive-csv
162860,Luleå-Kallax Flygplats,21,Byvind,"max, 1 gång/tim",meter per sekund,2022-12-08T03:00:00Z,2022-12-08T04:00:00+01:00,1670468400000,,5.0,5.0,G,,corrected-archive-csv
162860,Luleå-Kallax Flygplats,21,Byvind,"max, 1 gång/tim",meter per sekund,2022-12-08T04:00:00Z,2022-12-08T05:00:00+01:00,1670472000000,,6.0,6.0,G,,corrected-archive-csv
162860,Luleå-Kallax Flygplats,21,Byvind,"max, 1 gång/tim",meter per sekund,2022-12-08T06:00:00Z,2022-12-08T07:00:00+01:00,1670479200000,,5.0,5.0,G,,corrected-archive-csv
162860,Luleå-Kallax Flygplats,21,Byvind,"max, 1 gång/tim",meter per sekund,2022-12-08T07:00:00Z,2022-12-08T08:00:00+01:00,1670482800000,,7.0,7.0,G,,corrected-archive-csv
162860,Luleå-Kallax Flygplats,21,Byvind,"max, 1 gång/tim",meter per sekund,2022-12-08T08:00:00Z,2022-12-08T09:00:00+01:00,1670486400000,,8.0,8.0,G,,corrected-archive-csv
162860,Luleå-Kallax Flygplats,21,Byvind,"max, 1 gång/tim",meter per sekund,2022-12-08T09:00:00Z,2022-12-08T10:00:00+01:00,1670490000000,,9.0,9.0,G,,corrected-archive-csv
162860,Luleå-Kallax Flygplats,21,Byvind,"max, 1 gång/tim",meter per sekund,2022-12-08T11:00:00Z,2022-12-08T12:00:00+01:00,1670497200000,,8.0,8.0,G,,corrected-archive-csv
162860,Luleå-Kallax Flygplats,21,Byvind,"max, 1 gång/tim",meter per sekund,2022-12-08T12:00:00Z,2022-12-08T13:00:00+01:00,1670500800000,,7.0,7.0,G,,corrected-archive-csv
162860,Luleå-Kallax Flygplats,21,Byvind,"max, 1 gång/tim",meter per sekund,2022-12-08T15:00:00Z,2022-12-08T16:00:00+01:00,1670511600000,,6.0,6.0,G,,corrected-archive-csv
162860,Luleå-Kallax Flygplats,21,Byvind,"max, 1 gång/tim",meter per sekund,2022-12-08T16:00:00Z,2022-12-08T17:00:00+01:00,1670515200000,,8.0,8.0,G,,corrected-archive-csv
162860,Luleå-Kallax Flygplats,21,Byvind,"max, 1 gång/tim",meter per sekund,2022-12-08T20:00:00Z,2022-12-08T21:00:00+01:00,1670529600000,,7.0,7.0,G,,corrected-archive-csv
162860,Luleå-Kallax Flygplats,21,Byvind,"max, 1 gång/tim",meter per sekund,2022-12-08T23:00:00Z,2022-12-09T00:00:00+01:00,1670540400000,,8.0,8.0,G,,corrected-archive-csv
162860,Luleå-Kallax Flygplats,21,Byvind,"max, 1 gång/tim",meter per sekund,2022-12-09T00:00:00Z,2022-12-09T01:00:00+01:00,1670544000000,,7.0,7.0,G,,corrected-archive-csv
162860,Luleå-Kallax Flygplats,21,Byvind,"max, 1 gång/tim",meter per sekund,2022-12-09T01:00:00Z,2022-12-09T02:00:00+01:00,1670547600000,,8.0,8.0,G,,corrected-archive-csv
162860,Luleå-Kallax Flygplats,21,Byvind,"max, 1 gång/tim",meter per sekund,2022-12-09T03:00:00Z,2022-12-09T04:00:00+01:00,1670554800000,,7.0,7.0,G,,corrected-archive-csv
162860,Luleå-Kallax Flygplats,21,Byvind,"max, 1 gång/tim",meter per sekund,2022-12-09T05:00:00Z,2022-12-09T06:00:00+01:00,1670562000000,,6.0,6.0,G,,corrected-archive-csv
162860,Luleå-Kallax Flygplats,21,Byvind,"max, 1 gång/tim",meter per sekund,2022-12-09T10:00:00Z,2022-12-09T11:00:00+01:00,1670580000000,,9.0,9.0,G,,corrected-archive-csv
162860,Luleå-Kallax Flygplats,21,Byvind,"max, 1 gång/tim",meter per sekund,2022-12-09T12:00:00Z,2022-12-09T13:00:00+01:00,1670587200000,,8.0,8.0,G,,corrected-archive-csv
162860,Luleå-Kallax Flygplats,21,Byvind,"max, 1 gång/tim",meter per sekund,2022-12-09T14:00:00Z,2022-12-09T15:00:00+01:00,1670594400000,,9.0,9.0,G,,corrected-archive-csv
162860,Luleå-Kallax Flygplats,21,Byvind,"max, 1 gång/tim",meter per sekund,2022-12-09T19:00:00Z,2022-12-09T20:00:00+01:00,1670612400000,,8.0,8.0,G,,corrected-archive-csv
162860,Luleå-Kallax Flygplats,21,Byvind,"max, 1 gång/tim",meter per sekund,2022-12-09T22:00:00Z,2022-12-09T23:00:00+01:00,1670623200000,,7.0,7.0,G,,corrected-archive-csv
162860,Luleå-Kallax Flygplats,21,Byvind,"max, 1 gång/tim",meter per sekund,2022-12-10T01:00:00Z,2022-12-10T02:00:00+01:00,1670634000000,,6.0,6.0,G,,corrected-archive-csv
162860,Luleå-Kallax Flygplats,21,Byvind,"max, 1 gång/tim",meter per sekund,2022-12-10T02:00:00Z,2022-12-10T03:00:00+01:00,1670637600000,,7.0,7.0,G,,corrected-archive-csv
162860,Luleå-Kallax Flygplats,21,Byvind,"max, 1 gång/tim",meter per sekund,2022-12-10T03:00:00Z,2022-12-10T04:00:00+01:00,1670641200000,,6.0,6.0,G,,corrected-archive-csv
162860,Luleå-Kallax Flygplats,21,Byvind,"max, 1 gång/tim",meter per sekund,2022-12-10T04:00:00Z,2022-12-10T05:00:00+01:00,1670644800000,,7.0,7.0,G,,corrected-archive-csv
162860,Luleå-Kallax Flygplats,21,Byvind,"max, 1 gång/tim",meter per sekund,2022-12-10T06:00:00Z,2022-12-10T07:00:00+01:00,1670652000000,,6.0,6.0,G,,corrected-archive-csv
162860,Luleå-Kallax Flygplats,21,Byvind,"max, 1 gång/tim",meter per sekund,2022-12-10T08:00:00Z,2022-12-10T09:00:00+01:00,1670659200000,,7.0,7.0,G,,corrected-archive-csv
162860,Luleå-Kallax Flygplats,21,Byvind,"max, 1 gång/tim",meter per sekund,2022-12-10T10:00:00Z,2022-12-10T11:00:00+01:00,1670666400000,,8.0,8.0,G,,corrected-archive-csv
162860,Luleå-Kallax Flygplats,21,Byvind,"max, 1 gång/tim",meter per sekund,2022-12-10T11:00:00Z,2022-12-10T12:00:00+01:00,1670670000000,,7.0,7.0,G,,corrected-archive-csv
162860,Luleå-Kallax Flygplats,21,Byvind,"max, 1 gång/tim",meter per sekund,2022-12-10T12:00:00Z,2022-12-10T13:00:00+01:00,1670673600000,,6.0,6.0,G,,corrected-archive-csv
162860,Luleå-Kallax Flygplats,21,Byvind,"max, 1 gång/tim",meter per sekund,2022-12-10T18:00:00Z,2022-12-10T19:00:00+01:00,1670695200000,,7.0,7.0,G,,corrected-archive-csv
162860,Luleå-Kallax Flygplats,21,Byvind,"max, 1 gång/tim",meter per sekund,2022-12-10T21:00:00Z,2022-12-10T22:00:00+01:00,1670706000000,,8.0,8.0,G,,corrected-archive-csv
162860,Luleå-Kallax Flygplats,21,Byvind,"max, 1 gång/tim",meter per sekund,2022-12-11T03:00:00Z,2022-12-11T04:00:00+01:00,1670727600000,,7.0,7.0,G,,corrected-archive-csv
162860,Luleå-Kallax Flygplats,21,Byvind,"max, 1 gång/tim",meter per sekund,2022-12-11T04:00:00Z,2022-12-11T05:00:00+01:00,1670731200000,,8.0,8.0,G,,corrected-archive-csv
162860,Luleå-Kallax Flygplats,21,Byvind,"max, 1 gång/tim",meter per sekund,2022-12-11T05:00:00Z,2022-12-11T06:00:00+01:00,1670734800000,,9.0,9.0,G,,corrected-archive-csv
162860,Luleå-Kallax Flygplats,21,Byvind,"max, 1 gång/tim",meter per sekund,2022-12-11T06:00:00Z,2022-12-11T07:00:00+01:00,1670738400000,,8.0,8.0,G,,corrected-archive-csv
162860,Luleå-Kallax Flygplats,21,Byvind,"max, 1 gång/tim",meter per sekund,2022-12-11T08:00:00Z,2022-12-11T09:00:00+01:00,1670745600000,,9.0,9.0,G,,corrected-archive-csv
162860,Luleå-Kallax Flygplats,21,Byvind,"max, 1 gång/tim",meter per sekund,2022-12-11T11:00:00Z,2022-12-11T12:00:00+01:00,1670756400000,,7.0,7.0,G,,corrected-archive-csv
162860,Luleå-Kallax Flygplats,21,Byvind,"max, 1 gång/tim",meter per sekund,2022-12-11T14:00:00Z,2022-12-11T15:00:00+01:00,1670767200000,,6.0,6.0,G,,corrected-archive-csv
162860,Luleå-Kallax Flygplats,21,Byvind,"max, 1 gång/tim",meter per sekund,2022-12-11T15:00:00Z,2022-12-11T16:00:00+01:00,1670770800000,,7.0,7.0,G,,corrected-archive-csv
162860,Luleå-Kallax Flygplats,21,Byvind,"max, 1 gång/tim",meter per sekund,2022-12-11T16:00:00Z,2022-12-11T17:00:00+01:00,1670774400000,,8.0,8.0,G,,corrected-archive-csv
162860,Luleå-Kallax Flygplats,21,Byvind,"max, 1 gång/tim",meter per sekund,2022-12-11T21:00:00Z,2022-12-11T22:00:00+01:00,1670792400000,,6.0,6.0,G,,corrected-archive-csv
162860,Luleå-Kallax Flygplats,21,Byvind,"max, 1 gång/tim",meter per sekund,2022-12-12T00:00:00Z,2022-12-12T01:00:00+01:00,1670803200000,,4.0,4.0,G,,corrected-archive-csv
162860,Luleå-Kallax Flygplats,21,Byvind,"max, 1 gång/tim",meter per sekund,2022-12-12T02:00:00Z,2022-12-12T03:00:00+01:00,1670810400000,,5.0,5.0,G,,corrected-archive-csv
162860,Luleå-Kallax Flygplats,21,Byvind,"max, 1 gång/tim",meter per sekund,2022-12-12T03:00:00Z,2022-12-12T04:00:00+01:00,1670814000000,,6.0,6.0,G,,corrected-archive-csv
162860,Luleå-Kallax Flygplats,21,Byvind,"max, 1 gång/tim",meter per sekund,2022-12-12T07:00:00Z,2022-12-12T08:00:00+01:00,1670828400000,,5.0,5.0,G,,corrected-archive-csv
162860,Luleå-Kallax Flygplats,21,Byvind,"max, 1 gång/tim",meter per sekund,2022-12-12T09:00:00Z,2022-12-12T10:00:00+01:00,1670835600000,,4.0,4.0,G,,corrected-archive-csv
162860,Luleå-Kallax Flygplats,21,Byvind,"max, 1 gång/tim",meter per sekund,2022-12-12T10:00:00Z,2022-12-12T11:00:00+01:00,1670839200000,,6.0,6.0,G,,corrected-archive-csv
162860,Luleå-Kallax Flygplats,21,Byvind,"max, 1 gång/tim",meter per sekund,2022-12-12T16:00:00Z,2022-12-12T17:00:00+01:00,1670860800000,,5.0,5.0,G,,corrected-archive-csv
162860,Luleå-Kallax Flygplats,21,Byvind,"max, 1 gång/tim",meter per sekund,2022-12-12T17:00:00Z,2022-12-12T18:00:00+01:00,1670864400000,,6.0,6.0,G,,corrected-archive-csv
162860,Luleå-Kallax Flygplats,21,Byvind,"max, 1 gång/tim",meter per sekund,2022-12-12T19:00:00Z,2022-12-12T20:00:00+01:00,1670871600000,,5.0,5.0,G,,corrected-archive-csv
162860,Luleå-Kallax Flygplats,21,Byvind,"max, 1 gång/tim",meter per sekund,2022-12-12T20:00:00Z,2022-12-12T21:00:00+01:00,1670875200000,,6.0,6.0,G,,corrected-archive-csv
162860,Luleå-Kallax Flygplats,21,Byvind,"max, 1 gång/tim",meter per sekund,2022-12-12T21:00:00Z,2022-12-12T22:00:00+01:00,1670878800000,,5.0,5.0,G,,corrected-archive-csv
162860,Luleå-Kallax Flygplats,21,Byvind,"max, 1 gång/tim",meter per sekund,2022-12-12T22:00:00Z,2022-12-12T23:00:00+01:00,1670882400000,,6.0,6.0,G,,corrected-archive-csv
162860,Luleå-Kallax Flygplats,21,Byvind,"max, 1 gång/tim",meter per sekund,2022-12-12T23:00:00Z,2022-12-13T00:00:00+01:00,1670886000000,,5.0,5.0,G,,corrected-archive-csv
162860,Luleå-Kallax Flygplats,21,Byvind,"max, 1 gång/tim",meter per sekund,2022-12-13T00:00:00Z,2022-12-13T01:00:00+01:00,1670889600000,,6.0,6.0,G,,corrected-archive-csv
162860,Luleå-Kallax Flygplats,21,Byvind,"max, 1 gång/tim",meter per sekund,2022-12-13T01:00:00Z,2022-12-13T02:00:00+01:00,1670893200000,,7.0,7.0,G,,corrected-archive-csv
162860,Luleå-Kallax Flygplats,21,Byvind,"max, 1 gång/tim",meter per sekund,2022-12-13T03:00:00Z,2022-12-13T04:00:00+01:00,1670900400000,,8.0,8.0,G,,corrected-archive-csv
162860,Luleå-Kallax Flygplats,21,Byvind,"max, 1 gång/tim",meter per sekund,2022-12-13T04:00:00Z,2022-12-13T05:00:00+01:00,1670904000000,,9.0,9.0,G,,corrected-archive-csv
162860,Luleå-Kallax Flygplats,21,Byvind,"max, 1 gång/tim",meter per sekund,2022-12-13T13:00:00Z,2022-12-13T14:00:00+01:00,1670936400000,,8.0,8.0,G,,corrected-archive-csv
162860,Luleå-Kallax Flygplats,21,Byvind,"max, 1 gång/tim",meter per sekund,2022-12-13T14:00:00Z,2022-12-13T15:00:00+01:00,1670940000000,,9.0,9.0,G,,corrected-archive-csv
162860,Luleå-Kallax Flygplats,21,Byvind,"max, 1 gång/tim",meter per sekund,2022-12-13T15:00:00Z,2022-12-13T16:00:00+01:00,1670943600000,,7.0,7.0,G,,corrected-archive-csv
162860,Luleå-Kallax Flygplats,21,Byvind,"max, 1 gång/tim",meter per sekund,2022-12-13T16:00:00Z,2022-12-13T17:00:00+01:00,1670947200000,,6.0,6.0,G,,corrected-archive-csv
162860,Luleå-Kallax Flygplats,21,Byvind,"max, 1 gång/tim",meter per sekund,2022-12-13T18:00:00Z,2022-12-13T19:00:00+01:00,1670954400000,,7.0,7.0,G,,corrected-archive-csv
162860,Luleå-Kallax Flygplats,21,Byvind,"max, 1 gång/tim",meter per sekund,2022-12-13T20:00:00Z,2022-12-13T21:00:00+01:00,1670961600000,,8.0,8.0,G,,corrected-archive-csv
162860,Luleå-Kallax Flygplats,21,Byvind,"max, 1 gång/tim",meter per sekund,2022-12-14T00:00:00Z,2022-12-14T01:00:00+01:00,1670976000000,,7.0,7.0,G,,corrected-archive-csv
162860,Luleå-Kallax Flygplats,21,Byvind,"max, 1 gång/tim",meter per sekund,2022-12-14T04:00:00Z,2022-12-14T05:00:00+01:00,1670990400000,,6.0,6.0,G,,corrected-archive-csv
162860,Luleå-Kallax Flygplats,21,Byvind,"max, 1 gång/tim",meter per sekund,2022-12-14T13:00:00Z,2022-12-14T14:00:00+01:00,1671022800000,,5.0,5.0,G,,corrected-archive-csv
162860,Luleå-Kallax Flygplats,21,Byvind,"max, 1 gång/tim",meter per sekund,2022-12-14T18:00:00Z,2022-12-14T19:00:00+01:00,1671040800000,,4.0,4.0,G,,corrected-archive-csv
162860,Luleå-Kallax Flygplats,21,Byvind,"max, 1 gång/tim",meter per sekund,2022-12-14T19:00:00Z,2022-12-14T20:00:00+01:00,1671044400000,,3.0,3.0,G,,corrected-archive-csv
162860,Luleå-Kallax Flygplats,21,Byvind,"max, 1 gång/tim",meter per sekund,2022-12-14T20:00:00Z,2022-12-14T21:00:00+01:00,1671048000000,,4.0,4.0,G,,corrected-archive-csv
162860,Luleå-Kallax Flygplats,21,Byvind,"max, 1 gång/tim",meter per sekund,2022-12-14T21:00:00Z,2022-12-14T22:00:00+01:00,1671051600000,,3.0,3.0,G,,corrected-archive-csv
162860,Luleå-Kallax Flygplats,21,Byvind,"max, 1 gång/tim",meter per sekund,2022-12-14T22:00:00Z,2022-12-14T23:00:00+01:00,1671055200000,,2.0,2.0,G,,corrected-archive-csv
162860,Luleå-Kallax Flygplats,21,Byvind,"max, 1 gång/tim",meter per sekund,2022-12-15T00:00:00Z,2022-12-15T01:00:00+01:00,1671062400000,,1.0,1.0,G,,corrected-archive-csv
162860,Luleå-Kallax Flygplats,21,Byvind,"max, 1 gång/tim",meter per sekund,2022-12-15T01:00:00Z,2022-12-15T02:00:00+01:00,1671066000000,,2.0,2.0,G,,corrected-archive-csv
162860,Luleå-Kallax Flygplats,21,Byvind,"max, 1 gång/tim",meter per sekund,2022-12-15T03:00:00Z,2022-12-15T04:00:00+01:00,1671073200000,,3.0,3.0,G,,corrected-archive-csv
162860,Luleå-Kallax Flygplats,21,Byvind,"max, 1 gång/tim",meter per sekund,2022-12-15T05:00:00Z,2022-12-15T06:00:00+01:00,1671080400000,,1.0,1.0,G,,corrected-archive-csv
162860,Luleå-Kallax Flygplats,21,Byvind,"max, 1 gång/tim",meter per sekund,2022-12-15T06:00:00Z,2022-12-15T07:00:00+01:00,1671084000000,,4.0,4.0,G,,corrected-archive-csv
162860,Luleå-Kallax Flygplats,21,Byvind,"max, 1 gång/tim",meter per sekund,2022-12-15T08:00:00Z,2022-12-15T09:00:00+01:00,1671091200000,,3.0,3.0,G,,corrected-archive-csv
162860,Luleå-Kallax Flygplats,21,Byvind,"max, 1 gång/tim",meter per sekund,2022-12-15T09:00:00Z,2022-12-15T10:00:00+01:00,1671094800000,,4.0,4.0,G,,corrected-archive-csv
162860,Luleå-Kallax Flygplats,21,Byvind,"max, 1 gång/tim",meter per sekund,2022-12-15T10:00:00Z,2022-12-15T11:00:00+01:00,1671098400000,,2.0,2.0,G,,corrected-archive-csv
162860,Luleå-Kallax Flygplats,21,Byvind,"max, 1 gång/tim",meter per sekund,2022-12-15T14:00:00Z,2022-12-15T15:00:00+01:00,1671112800000,,1.0,1.0,G,,corrected-archive-csv
162860,Luleå-Kallax Flygplats,21,Byvind,"max, 1 gång/tim",meter per sekund,2022-12-15T16:00:00Z,2022-12-15T17:00:00+01:00,1671120000000,,2.0,2.0,G,,corrected-archive-csv
162860,Luleå-Kallax Flygplats,21,Byvind,"max, 1 gång/tim",meter per sekund,2022-12-15T18:00:00Z,2022-12-15T19:00:00+01:00,1671127200000,,1.0,1.0,G,,corrected-archive-csv
162860,Luleå-Kallax Flygplats,21,Byvind,"max, 1 gång/tim",meter per sekund,2022-12-15T19:00:00Z,2022-12-15T20:00:00+01:00,1671130800000,,5.0,5.0,G,,corrected-archive-csv
162860,Luleå-Kallax Flygplats,21,Byvind,"max, 1 gång/tim",meter per sekund,2022-12-15T20:00:00Z,2022-12-15T21:00:00+01:00,1671134400000,,2.0,2.0,G,,corrected-archive-csv
162860,Luleå-Kallax Flygplats,21,Byvind,"max, 1 gång/tim",meter per sekund,2022-12-15T21:00:00Z,2022-12-15T22:00:00+01:00,1671138000000,,3.0,3.0,G,,corrected-archive-csv
162860,Luleå-Kallax Flygplats,21,Byvind,"max, 1 gång/tim",meter per sekund,2022-12-15T22:00:00Z,2022-12-15T23:00:00+01:00,1671141600000,,1.0,1.0,G,,corrected-archive-csv
162860,Luleå-Kallax Flygplats,21,Byvind,"max, 1 gång/tim",meter per sekund,2022-12-16T01:00:00Z,2022-12-16T02:00:00+01:00,1671152400000,,2.0,2.0,G,,corrected-archive-csv
162860,Luleå-Kallax Flygplats,21,Byvind,"max, 1 gång/tim",meter per sekund,2022-12-16T02:00:00Z,2022-12-16T03:00:00+01:00,1671156000000,,1.0,1.0,G,,corrected-archive-csv
162860,Luleå-Kallax Flygplats,21,Byvind,"max, 1 gång/tim",meter per sekund,2022-12-16T04:00:00Z,2022-12-16T05:00:00+01:00,1671163200000,,2.0,2.0,G,,corrected-archive-csv
162860,Luleå-Kallax Flygplats,21,Byvind,"max, 1 gång/tim",meter per sekund,2022-12-16T05:00:00Z,2022-12-16T06:00:00+01:00,1671166800000,,1.0,1.0,G,,corrected-archive-csv
162860,Luleå-Kallax Flygplats,21,Byvind,"max, 1 gång/tim",meter per sekund,2022-12-16T06:00:00Z,2022-12-16T07:00:00+01:00,1671170400000,,2.0,2.0,G,,corrected-archive-csv
162860,Luleå-Kallax Flygplats,21,Byvind,"max, 1 gång/tim",meter per sekund,2022-12-16T09:00:00Z,2022-12-16T10:00:00+01:00,1671181200000,,1.0,1.0,G,,corrected-archive-csv
162860,Luleå-Kallax Flygplats,21,Byvind,"max, 1 gång/tim",meter per sekund,2022-12-16T11:00:00Z,2022-12-16T12:00:00+01:00,1671188400000,,2.0,2.0,G,,corrected-archive-csv
162860,Luleå-Kallax Flygplats,21,Byvind,"max, 1 gång/tim",meter per sekund,2022-12-16T13:00:00Z,2022-12-16T14:00:00+01:00,1671195600000,,4.0,4.0,G,,corrected-archive-csv
162860,Luleå-Kallax Flygplats,21,Byvind,"max, 1 gång/tim",meter per sekund,2022-12-16T14:00:00Z,2022-12-16T15:00:00+01:00,1671199200000,,2.0,2.0,G,,corrected-archive-csv
162860,Luleå-Kallax Flygplats,21,Byvind,"max, 1 gång/tim",meter per sekund,2022-12-16T17:00:00Z,2022-12-16T18:00:00+01:00,1671210000000,,3.0,3.0,G,,corrected-archive-csv
162860,Luleå-Kallax Flygplats,21,Byvind,"max, 1 gång/tim",meter per sekund,2022-12-16T18:00:00Z,2022-12-16T19:00:00+01:00,1671213600000,,2.0,2.0,G,,corrected-archive-csv
162860,Luleå-Kallax Flygplats,21,Byvind,"max, 1 gång/tim",meter per sekund,2022-12-16T20:00:00Z,2022-12-16T21:00:00+01:00,1671220800000,,3.0,3.0,G,,corrected-archive-csv
162860,Luleå-Kallax Flygplats,21,Byvind,"max, 1 gång/tim",meter per sekund,2022-12-16T21:00:00Z,2022-12-16T22:00:00+01:00,1671224400000,,4.0,4.0,G,,corrected-archive-csv
162860,Luleå-Kallax Flygplats,21,Byvind,"max, 1 gång/tim",meter per sekund,2022-12-17T00:00:00Z,2022-12-17T01:00:00+01:00,1671235200000,,3.0,3.0,G,,corrected-archive-csv
162860,Luleå-Kallax Flygplats,21,Byvind,"max, 1 gång/tim",meter per sekund,2022-12-17T02:00:00Z,2022-12-17T03:00:00+01:00,1671242400000,,4.0,4.0,G,,corrected-archive-csv
162860,Luleå-Kallax Flygplats,21,Byvind,"max, 1 gång/tim",meter per sekund,2022-12-17T03:00:00Z,2022-12-17T04:00:00+01:00,1671246000000,,5.0,5.0,G,,corrected-archive-csv
162860,Luleå-Kallax Flygplats,21,Byvind,"max, 1 gång/tim",meter per sekund,2022-12-17T06:00:00Z,2022-12-17T07:00:00+01:00,1671256800000,,4.0,4.0,G,,corrected-archive-csv
162860,Luleå-Kallax Flygplats,21,Byvind,"max, 1 gång/tim",meter per sekund,2022-12-17T07:00:00Z,2022-12-17T08:00:00+01:00,1671260400000,,2.0,2.0,G,,corrected-archive-csv
162860,Luleå-Kallax Flygplats,21,Byvind,"max, 1 gång/tim",meter per sekund,2022-12-17T08:00:00Z,2022-12-17T09:00:00+01:00,1671264000000,,4.0,4.0,G,,corrected-archive-csv
162860,Luleå-Kallax Flygplats,21,Byvind,"max, 1 gång/tim",meter per sekund,2022-12-17T09:00:00Z,2022-12-17T10:00:00+01:00,1671267600000,,6.0,6.0,G,,corrected-archive-csv
162860,Luleå-Kallax Flygplats,21,Byvind,"max, 1 gång/tim",meter per sekund,2022-12-17T11:00:00Z,2022-12-17T12:00:00+01:00,1671274800000,,3.0,3.0,G,,corrected-archive-csv
162860,Luleå-Kallax Flygplats,21,Byvind,"max, 1 gång/tim",meter per sekund,2022-12-17T12:00:00Z,2022-12-17T13:00:00+01:00,1671278400000,,5.0,5.0,G,,corrected-archive-csv
162860,Luleå-Kallax Flygplats,21,Byvind,"max, 1 gång/tim",meter per sekund,2022-12-17T14:00:00Z,2022-12-17T15:00:00+01:00,1671285600000,,4.0,4.0,G,,corrected-archive-csv
162860,Luleå-Kallax Flygplats,21,Byvind,"max, 1 gång/tim",meter per sekund,2022-12-17T18:00:00Z,2022-12-17T19:00:00+01:00,1671300000000,,3.0,3.0,G,,corrected-archive-csv
162860,Luleå-Kallax Flygplats,21,Byvind,"max, 1 gång/tim",meter per sekund,2022-12-17T20:00:00Z,2022-12-17T21:00:00+01:00,1671307200000,,2.0,2.0,G,,corrected-archive-csv
162860,Luleå-Kallax Flygplats,21,Byvind,"max, 1 gång/tim",meter per sekund,2022-12-18T03:00:00Z,2022-12-18T04:00:00+01:00,1671332400000,,1.0,1.0,G,,corrected-archive-csv
162860,Luleå-Kallax Flygplats,21,Byvind,"max, 1 gång/tim",meter per sekund,2022-12-18T04:00:00Z,2022-12-18T05:00:00+01:00,1671336000000,,2.0,2.0,G,,corrected-archive-csv
162860,Luleå-Kallax Flygplats,21,Byvind,"max, 1 gång/tim",meter per sekund,2022-12-18T05:00:00Z,2022-12-18T06:00:00+01:00,1671339600000,,1.0,1.0,G,,corrected-archive-csv
162860,Luleå-Kallax Flygplats,21,Byvind,"max, 1 gång/tim",meter per sekund,2022-12-18T07:00:00Z,2022-12-18T08:00:00+01:00,1671346800000,,2.0,2.0,G,,corrected-archive-csv
162860,Luleå-Kallax Flygplats,21,Byvind,"max, 1 gång/tim",meter per sekund,2022-12-18T08:00:00Z,2022-12-18T09:00:00+01:00,1671350400000,,3.0,3.0,G,,corrected-archive-csv
162860,Luleå-Kallax Flygplats,21,Byvind,"max, 1 gång/tim",meter per sekund,2022-12-18T09:00:00Z,2022-12-18T10:00:00+01:00,1671354000000,,4.0,4.0,G,,corrected-archive-csv
162860,Luleå-Kallax Flygplats,21,Byvind,"max, 1 gång/tim",meter per sekund,2022-12-18T10:00:00Z,2022-12-18T11:00:00+01:00,1671357600000,,2.0,2.0,G,,corrected-archive-csv
162860,Luleå-Kallax Flygplats,21,Byvind,"max, 1 gång/tim",meter per sekund,2022-12-18T11:00:00Z,2022-12-18T12:00:00+01:00,1671361200000,,4.0,4.0,G,,corrected-archive-csv
162860,Luleå-Kallax Flygplats,21,Byvind,"max, 1 gång/tim",meter per sekund,2022-12-18T20:00:00Z,2022-12-18T21:00:00+01:00,1671393600000,,3.0,3.0,G,,corrected-archive-csv
162860,Luleå-Kallax Flygplats,21,Byvind,"max, 1 gång/tim",meter per sekund,2022-12-18T21:00:00Z,2022-12-18T22:00:00+01:00,1671397200000,,4.0,4.0,G,,corrected-archive-csv
162860,Luleå-Kallax Flygplats,21,Byvind,"max, 1 gång/tim",meter per sekund,2022-12-18T22:00:00Z,2022-12-18T23:00:00+01:00,1671400800000,,3.0,3.0,G,,corrected-archive-csv
162860,Luleå-Kallax Flygplats,21,Byvind,"max, 1 gång/tim",meter per sekund,2022-12-19T01:00:00Z,2022-12-19T02:00:00+01:00,1671411600000,,4.0,4.0,G,,corrected-archive-csv
162860,Luleå-Kallax Flygplats,21,Byvind,"max, 1 gång/tim",meter per sekund,2022-12-19T02:00:00Z,2022-12-19T03:00:00+01:00,1671415200000,,2.0,2.0,G,,corrected-archive-csv
162860,Luleå-Kallax Flygplats,21,Byvind,"max, 1 gång/tim",meter per sekund,2022-12-19T03:00:00Z,2022-12-19T04:00:00+01:00,1671418800000,,3.0,3.0,G,,corrected-archive-csv
162860,Luleå-Kallax Flygplats,21,Byvind,"max, 1 gång/tim",meter per sekund,2022-12-19T04:00:00Z,2022-12-19T05:00:00+01:00,1671422400000,,4.0,4.0,G,,corrected-archive-csv
162860,Luleå-Kallax Flygplats,21,Byvind,"max, 1 gång/tim",meter per sekund,2022-12-19T05:00:00Z,2022-12-19T06:00:00+01:00,1671426000000,,5.0,5.0,G,,corrected-archive-csv
162860,Luleå-Kallax Flygplats,21,Byvind,"max, 1 gång/tim",meter per sekund,2022-12-19T06:00:00Z,2022-12-19T07:00:00+01:00,1671429600000,,6.0,6.0,G,,corrected-archive-csv
162860,Luleå-Kallax Flygplats,21,Byvind,"max, 1 gång/tim",meter per sekund,2022-12-19T07:00:00Z,2022-12-19T08:00:00+01:00,1671433200000,,8.0,8.0,G,,corrected-archive-csv
162860,Luleå-Kallax Flygplats,21,Byvind,"max, 1 gång/tim",meter per sekund,2022-12-19T08:00:00Z,2022-12-19T09:00:00+01:00,1671436800000,,7.0,7.0,G,,corrected-archive-csv
162860,Luleå-Kallax Flygplats,21,Byvind,"max, 1 gång/tim",meter per sekund,2022-12-19T10:00:00Z,2022-12-19T11:00:00+01:00,1671444000000,,5.0,5.0,G,,corrected-archive-csv
162860,Luleå-Kallax Flygplats,21,Byvind,"max, 1 gång/tim",meter per sekund,2022-12-19T11:00:00Z,2022-12-19T12:00:00+01:00,1671447600000,,2.0,2.0,G,,corrected-archive-csv
162860,Luleå-Kallax Flygplats,21,Byvind,"max, 1 gång/tim",meter per sekund,2022-12-19T15:00:00Z,2022-12-19T16:00:00+01:00,1671462000000,,3.0,3.0,G,,corrected-archive-csv
162860,Luleå-Kallax Flygplats,21,Byvind,"max, 1 gång/tim",meter per sekund,2022-12-19T16:00:00Z,2022-12-19T17:00:00+01:00,1671465600000,,4.0,4.0,G,,corrected-archive-csv
162860,Luleå-Kallax Flygplats,21,Byvind,"max, 1 gång/tim",meter per sekund,2022-12-19T18:00:00Z,2022-12-19T19:00:00+01:00,1671472800000,,3.0,3.0,G,,corrected-archive-csv
162860,Luleå-Kallax Flygplats,21,Byvind,"max, 1 gång/tim",meter per sekund,2022-12-19T19:00:00Z,2022-12-19T20:00:00+01:00,1671476400000,,2.0,2.0,G,,corrected-archive-csv
162860,Luleå-Kallax Flygplats,21,Byvind,"max, 1 gång/tim",meter per sekund,2022-12-19T21:00:00Z,2022-12-19T22:00:00+01:00,1671483600000,,3.0,3.0,G,,corrected-archive-csv
162860,Luleå-Kallax Flygplats,21,Byvind,"max, 1 gång/tim",meter per sekund,2022-12-20T00:00:00Z,2022-12-20T01:00:00+01:00,1671494400000,,2.0,2.0,G,,corrected-archive-csv
162860,Luleå-Kallax Flygplats,21,Byvind,"max, 1 gång/tim",meter per sekund,2022-12-20T01:00:00Z,2022-12-20T02:00:00+01:00,1671498000000,,4.0,4.0,G,,corrected-archive-csv
162860,Luleå-Kallax Flygplats,21,Byvind,"max, 1 gång/tim",meter per sekund,2022-12-20T02:00:00Z,2022-12-20T03:00:00+01:00,1671501600000,,3.0,3.0,G,,corrected-archive-csv
162860,Luleå-Kallax Flygplats,21,Byvind,"max, 1 gång/tim",meter per sekund,2022-12-20T04:00:00Z,2022-12-20T05:00:00+01:00,1671508800000,,4.0,4.0,G,,corrected-archive-csv
162860,Luleå-Kallax Flygplats,21,Byvind,"max, 1 gång/tim",meter per sekund,2022-12-20T08:00:00Z,2022-12-20T09:00:00+01:00,1671523200000,,6.0,6.0,G,,corrected-archive-csv
162860,Luleå-Kallax Flygplats,21,Byvind,"max, 1 gång/tim",meter per sekund,2022-12-20T09:00:00Z,2022-12-20T10:00:00+01:00,1671526800000,,5.0,5.0,G,,corrected-archive-csv
162860,Luleå-Kallax Flygplats,21,Byvind,"max, 1 gång/tim",meter per sekund,2022-12-20T10:00:00Z,2022-12-20T11:00:00+01:00,1671530400000,,9.0,9.0,G,,corrected-archive-csv
162860,Luleå-Kallax Flygplats,21,Byvind,"max, 1 gång/tim",meter per sekund,2022-12-20T11:00:00Z,2022-12-20T12:00:00+01:00,1671534000000,,7.0,7.0,G,,corrected-archive-csv
162860,Luleå-Kallax Flygplats,21,Byvind,"max, 1 gång/tim",meter per sekund,2022-12-20T12:00:00Z,2022-12-20T13:00:00+01:00,1671537600000,,6.0,6.0,G,,corrected-archive-csv
162860,Luleå-Kallax Flygplats,21,Byvind,"max, 1 gång/tim",meter per sekund,2022-12-20T13:00:00Z,2022-12-20T14:00:00+01:00,1671541200000,,7.0,7.0,G,,corrected-archive-csv
162860,Luleå-Kallax Flygplats,21,Byvind,"max, 1 gång/tim",meter per sekund,2022-12-20T15:00:00Z,2022-12-20T16:00:00+01:00,1671548400000,,6.0,6.0,G,,corrected-archive-csv
162860,Luleå-Kallax Flygplats,21,Byvind,"max, 1 gång/tim",meter per sekund,2022-12-20T19:00:00Z,2022-12-20T20:00:00+01:00,1671562800000,,4.0,4.0,G,,corrected-archive-csv
162860,Luleå-Kallax Flygplats,21,Byvind,"max, 1 gång/tim",meter per sekund,2022-12-21T01:00:00Z,2022-12-21T02:00:00+01:00,1671584400000,,5.0,5.0,G,,corrected-archive-csv
162860,Luleå-Kallax Flygplats,21,Byvind,"max, 1 gång/tim",meter per sekund,2022-12-21T04:00:00Z,2022-12-21T05:00:00+01:00,1671595200000,,6.0,6.0,G,,corrected-archive-csv
162860,Luleå-Kallax Flygplats,21,Byvind,"max, 1 gång/tim",meter per sekund,2022-12-21T05:00:00Z,2022-12-21T06:00:00+01:00,1671598800000,,4.0,4.0,G,,corrected-archive-csv
162860,Luleå-Kallax Flygplats,21,Byvind,"max, 1 gång/tim",meter per sekund,2022-12-21T06:00:00Z,2022-12-21T07:00:00+01:00,1671602400000,,5.0,5.0,G,,corrected-archive-csv
162860,Luleå-Kallax Flygplats,21,Byvind,"max, 1 gång/tim",meter per sekund,2022-12-21T08:00:00Z,2022-12-21T09:00:00+01:00,1671609600000,,4.0,4.0,G,,corrected-archive-csv
162860,Luleå-Kallax Flygplats,21,Byvind,"max, 1 gång/tim",meter per sekund,2022-12-21T13:00:00Z,2022-12-21T14:00:00+01:00,1671627600000,,3.0,3.0,G,,corrected-archive-csv
162860,Luleå-Kallax Flygplats,21,Byvind,"max, 1 gång/tim",meter per sekund,2022-12-21T17:00:00Z,2022-12-21T18:00:00+01:00,1671642000000,,2.0,2.0,G,,corrected-archive-csv
162860,Luleå-Kallax Flygplats,21,Byvind,"max, 1 gång/tim",meter per sekund,2022-12-21T18:00:00Z,2022-12-21T19:00:00+01:00,1671645600000,,4.0,4.0,G,,corrected-archive-csv
162860,Luleå-Kallax Flygplats,21,Byvind,"max, 1 gång/tim",meter per sekund,2022-12-21T19:00:00Z,2022-12-21T20:00:00+01:00,1671649200000,,2.0,2.0,G,,corrected-archive-csv
162860,Luleå-Kallax Flygplats,21,Byvind,"max, 1 gång/tim",meter per sekund,2022-12-22T00:00:00Z,2022-12-22T01:00:00+01:00,1671667200000,,1.0,1.0,G,,corrected-archive-csv
162860,Luleå-Kallax Flygplats,21,Byvind,"max, 1 gång/tim",meter per sekund,2022-12-22T01:00:00Z,2022-12-22T02:00:00+01:00,1671670800000,,2.0,2.0,G,,corrected-archive-csv
162860,Luleå-Kallax Flygplats,21,Byvind,"max, 1 gång/tim",meter per sekund,2022-12-22T04:00:00Z,2022-12-22T05:00:00+01:00,1671681600000,,1.0,1.0,G,,corrected-archive-csv
162860,Luleå-Kallax Flygplats,21,Byvind,"max, 1 gång/tim",meter per sekund,2022-12-22T08:00:00Z,2022-12-22T09:00:00+01:00,1671696000000,,2.0,2.0,G,,corrected-archive-csv
162860,Luleå-Kallax Flygplats,21,Byvind,"max, 1 gång/tim",meter per sekund,2022-12-22T10:00:00Z,2022-12-22T11:00:00+01:00,1671703200000,,3.0,3.0,G,,corrected-archive-csv
162860,Luleå-Kallax Flygplats,21,Byvind,"max, 1 gång/tim",meter per sekund,2022-12-22T12:00:00Z,2022-12-22T13:00:00+01:00,1671710400000,,4.0,4.0,G,,corrected-archive-csv
162860,Luleå-Kallax Flygplats,21,Byvind,"max, 1 gång/tim",meter per sekund,2022-12-22T13:00:00Z,2022-12-22T14:00:00+01:00,1671714000000,,5.0,5.0,G,,corrected-archive-csv
162860,Luleå-Kallax Flygplats,21,Byvind,"max, 1 gång/tim",meter per sekund,2022-12-22T14:00:00Z,2022-12-22T15:00:00+01:00,1671717600000,,4.0,4.0,G,,corrected-archive-csv
162860,Luleå-Kallax Flygplats,21,Byvind,"max, 1 gång/tim",meter per sekund,2022-12-22T17:00:00Z,2022-12-22T18:00:00+01:00,1671728400000,,6.0,6.0,G,,corrected-archive-csv
162860,Luleå-Kallax Flygplats,21,Byvind,"max, 1 gång/tim",meter per sekund,2022-12-22T19:00:00Z,2022-12-22T20:00:00+01:00,1671735600000,,5.0,5.0,G,,corrected-archive-csv
162860,Luleå-Kallax Flygplats,21,Byvind,"max, 1 gång/tim",meter per sekund,2022-12-22T21:00:00Z,2022-12-22T22:00:00+01:00,1671742800000,,4.0,4.0,G,,corrected-archive-csv
162860,Luleå-Kallax Flygplats,21,Byvind,"max, 1 gång/tim",meter per sekund,2022-12-22T23:00:00Z,2022-12-23T00:00:00+01:00,1671750000000,,2.0,2.0,G,,corrected-archive-csv
162860,Luleå-Kallax Flygplats,21,Byvind,"max, 1 gång/tim",meter per sekund,2022-12-23T07:00:00Z,2022-12-23T08:00:00+01:00,1671778800000,,3.0,3.0,G,,corrected-archive-csv
162860,Luleå-Kallax Flygplats,21,Byvind,"max, 1 gång/tim",meter per sekund,2022-12-23T10:00:00Z,2022-12-23T11:00:00+01:00,1671789600000,,2.0,2.0,G,,corrected-archive-csv
162860,Luleå-Kallax Flygplats,21,Byvind,"max, 1 gång/tim",meter per sekund,2022-12-23T11:00:00Z,2022-12-23T12:00:00+01:00,1671793200000,,4.0,4.0,G,,corrected-archive-csv
162860,Luleå-Kallax Flygplats,21,Byvind,"max, 1 gång/tim",meter per sekund,2022-12-23T15:00:00Z,2022-12-23T16:00:00+01:00,1671807600000,,6.0,6.0,G,,corrected-archive-csv
162860,Luleå-Kallax Flygplats,21,Byvind,"max, 1 gång/tim",meter per sekund,2022-12-23T16:00:00Z,2022-12-23T17:00:00+01:00,1671811200000,,5.0,5.0,G,,corrected-archive-csv
162860,Luleå-Kallax Flygplats,21,Byvind,"max, 1 gång/tim",meter per sekund,2022-12-23T17:00:00Z,2022-12-23T18:00:00+01:00,1671814800000,,4.0,4.0,G,,corrected-archive-csv
162860,Luleå-Kallax Flygplats,21,Byvind,"max, 1 gång/tim",meter per sekund,2022-12-23T18:00:00Z,2022-12-23T19:00:00+01:00,1671818400000,,2.0,2.0,G,,corrected-archive-csv
162860,Luleå-Kallax Flygplats,21,Byvind,"max, 1 gång/tim",meter per sekund,2022-12-23T19:00:00Z,2022-12-23T20:00:00+01:00,1671822000000,,4.0,4.0,G,,corrected-archive-csv
162860,Luleå-Kallax Flygplats,21,Byvind,"max, 1 gång/tim",meter per sekund,2022-12-23T20:00:00Z,2022-12-23T21:00:00+01:00,1671825600000,,3.0,3.0,G,,corrected-archive-csv
162860,Luleå-Kallax Flygplats,21,Byvind,"max, 1 gång/tim",meter per sekund,2022-12-23T21:00:00Z,2022-12-23T22:00:00+01:00,1671829200000,,1.0,1.0,G,,corrected-archive-csv
162860,Luleå-Kallax Flygplats,21,Byvind,"max, 1 gång/tim",meter per sekund,2022-12-24T04:00:00Z,2022-12-24T05:00:00+01:00,1671854400000,,2.0,2.0,G,,corrected-archive-csv
162860,Luleå-Kallax Flygplats,21,Byvind,"max, 1 gång/tim",meter per sekund,2022-12-24T05:00:00Z,2022-12-24T06:00:00+01:00,1671858000000,,3.0,3.0,G,,corrected-archive-csv
162860,Luleå-Kallax Flygplats,21,Byvind,"max, 1 gång/tim",meter per sekund,2022-12-24T06:00:00Z,2022-12-24T07:00:00+01:00,1671861600000,,6.0,6.0,G,,corrected-archive-csv
162860,Luleå-Kallax Flygplats,21,Byvind,"max, 1 gång/tim",meter per sekund,2022-12-24T08:00:00Z,2022-12-24T09:00:00+01:00,1671868800000,,5.0,5.0,G,,corrected-archive-csv
162860,Luleå-Kallax Flygplats,21,Byvind,"max, 1 gång/tim",meter per sekund,2022-12-24T09:00:00Z,2022-12-24T10:00:00+01:00,1671872400000,,7.0,7.0,G,,corrected-archive-csv
162860,Luleå-Kallax Flygplats,21,Byvind,"max, 1 gång/tim",meter per sekund,2022-12-24T10:00:00Z,2022-12-24T11:00:00+01:00,1671876000000,,6.0,6.0,G,,corrected-archive-csv
162860,Luleå-Kallax Flygplats,21,Byvind,"max, 1 gång/tim",meter per sekund,2022-12-24T11:00:00Z,2022-12-24T12:00:00+01:00,1671879600000,,4.0,4.0,G,,corrected-archive-csv
162860,Luleå-Kallax Flygplats,21,Byvind,"max, 1 gång/tim",meter per sekund,2022-12-24T12:00:00Z,2022-12-24T13:00:00+01:00,1671883200000,,3.0,3.0,G,,corrected-archive-csv
162860,Luleå-Kallax Flygplats,21,Byvind,"max, 1 gång/tim",meter per sekund,2022-12-24T13:00:00Z,2022-12-24T14:00:00+01:00,1671886800000,,4.0,4.0,G,,corrected-archive-csv
162860,Luleå-Kallax Flygplats,21,Byvind,"max, 1 gång/tim",meter per sekund,2022-12-24T14:00:00Z,2022-12-24T15:00:00+01:00,1671890400000,,5.0,5.0,G,,corrected-archive-csv
162860,Luleå-Kallax Flygplats,21,Byvind,"max, 1 gång/tim",meter per sekund,2022-12-24T15:00:00Z,2022-12-24T16:00:00+01:00,1671894000000,,6.0,6.0,G,,corrected-archive-csv
162860,Luleå-Kallax Flygplats,21,Byvind,"max, 1 gång/tim",meter per sekund,2022-12-24T19:00:00Z,2022-12-24T20:00:00+01:00,1671908400000,,5.0,5.0,G,,corrected-archive-csv
162860,Luleå-Kallax Flygplats,21,Byvind,"max, 1 gång/tim",meter per sekund,2022-12-24T20:00:00Z,2022-12-24T21:00:00+01:00,1671912000000,,2.0,2.0,G,,corrected-archive-csv
162860,Luleå-Kallax Flygplats,21,Byvind,"max, 1 gång/tim",meter per sekund,2022-12-25T02:00:00Z,2022-12-25T03:00:00+01:00,1671933600000,,1.0,1.0,G,,corrected-archive-csv
162860,Luleå-Kallax Flygplats,21,Byvind,"max, 1 gång/tim",meter per sekund,2022-12-25T04:00:00Z,2022-12-25T05:00:00+01:00,1671940800000,,2.0,2.0,G,,corrected-archive-csv
162860,Luleå-Kallax Flygplats,21,Byvind,"max, 1 gång/tim",meter per sekund,2022-12-25T06:00:00Z,2022-12-25T07:00:00+01:00,1671948000000,,3.0,3.0,G,,corrected-archive-csv
162860,Luleå-Kallax Flygplats,21,Byvind,"max, 1 gång/tim",meter per sekund,2022-12-25T07:00:00Z,2022-12-25T08:00:00+01:00,1671951600000,,2.0,2.0,G,,corrected-archive-csv
162860,Luleå-Kallax Flygplats,21,Byvind,"max, 1 gång/tim",meter per sekund,2022-12-25T09:00:00Z,2022-12-25T10:00:00+01:00,1671958800000,,1.0,1.0,G,,corrected-archive-csv
162860,Luleå-Kallax Flygplats,21,Byvind,"max, 1 gång/tim",meter per sekund,2022-12-25T10:00:00Z,2022-12-25T11:00:00+01:00,1671962400000,,2.0,2.0,G,,corrected-archive-csv
162860,Luleå-Kallax Flygplats,21,Byvind,"max, 1 gång/tim",meter per sekund,2022-12-25T12:00:00Z,2022-12-25T13:00:00+01:00,1671969600000,,1.0,1.0,G,,corrected-archive-csv
162860,Luleå-Kallax Flygplats,21,Byvind,"max, 1 gång/tim",meter per sekund,2022-12-25T18:00:00Z,2022-12-25T19:00:00+01:00,1671991200000,,2.0,2.0,G,,corrected-archive-csv
162860,Luleå-Kallax Flygplats,21,Byvind,"max, 1 gång/tim",meter per sekund,2022-12-25T19:00:00Z,2022-12-25T20:00:00+01:00,1671994800000,,1.0,1.0,G,,corrected-archive-csv
162860,Luleå-Kallax Flygplats,21,Byvind,"max, 1 gång/tim",meter per sekund,2022-12-25T23:00:00Z,2022-12-26T00:00:00+01:00,1672009200000,,2.0,2.0,G,,corrected-archive-csv
162860,Luleå-Kallax Flygplats,21,Byvind,"max, 1 gång/tim",meter per sekund,2022-12-26T00:00:00Z,2022-12-26T01:00:00+01:00,1672012800000,,6.0,6.0,G,,corrected-archive-csv
162860,Luleå-Kallax Flygplats,21,Byvind,"max, 1 gång/tim",meter per sekund,2022-12-26T01:00:00Z,2022-12-26T02:00:00+01:00,1672016400000,,7.0,7.0,G,,corrected-archive-csv
162860,Luleå-Kallax Flygplats,21,Byvind,"max, 1 gång/tim",meter per sekund,2022-12-26T02:00:00Z,2022-12-26T03:00:00+01:00,1672020000000,,9.0,9.0,G,,corrected-archive-csv
162860,Luleå-Kallax Flygplats,21,Byvind,"max, 1 gång/tim",meter per sekund,2022-12-26T03:00:00Z,2022-12-26T04:00:00+01:00,1672023600000,,10.0,10.0,G,,corrected-archive-csv
162860,Luleå-Kallax Flygplats,21,Byvind,"max, 1 gång/tim",meter per sekund,2022-12-26T04:00:00Z,2022-12-26T05:00:00+01:00,1672027200000,,12.0,12.0,G,,corrected-archive-csv
162860,Luleå-Kallax Flygplats,21,Byvind,"max, 1 gång/tim",meter per sekund,2022-12-26T05:00:00Z,2022-12-26T06:00:00+01:00,1672030800000,,15.0,15.0,G,,corrected-archive-csv
162860,Luleå-Kallax Flygplats,21,Byvind,"max, 1 gång/tim",meter per sekund,2022-12-26T06:00:00Z,2022-12-26T07:00:00+01:00,1672034400000,,14.0,14.0,G,,corrected-archive-csv
162860,Luleå-Kallax Flygplats,21,Byvind,"max, 1 gång/tim",meter per sekund,2022-12-26T07:00:00Z,2022-12-26T08:00:00+01:00,1672038000000,,15.0,15.0,G,,corrected-archive-csv
162860,Luleå-Kallax Flygplats,21,Byvind,"max, 1 gång/tim",meter per sekund,2022-12-26T10:00:00Z,2022-12-26T11:00:00+01:00,1672048800000,,16.0,16.0,G,,corrected-archive-csv
162860,Luleå-Kallax Flygplats,21,Byvind,"max, 1 gång/tim",meter per sekund,2022-12-26T11:00:00Z,2022-12-26T12:00:00+01:00,1672052400000,,14.0,14.0,G,,corrected-archive-csv
162860,Luleå-Kallax Flygplats,21,Byvind,"max, 1 gång/tim",meter per sekund,2022-12-26T13:00:00Z,2022-12-26T14:00:00+01:00,1672059600000,,12.0,12.0,G,,corrected-archive-csv
162860,Luleå-Kallax Flygplats,21,Byvind,"max, 1 gång/tim",meter per sekund,2022-12-26T14:00:00Z,2022-12-26T15:00:00+01:00,1672063200000,,14.0,14.0,G,,corrected-archive-csv
162860,Luleå-Kallax Flygplats,21,Byvind,"max, 1 gång/tim",meter per sekund,2022-12-26T17:00:00Z,2022-12-26T18:00:00+01:00,1672074000000,,12.0,12.0,G,,corrected-archive-csv
162860,Luleå-Kallax Flygplats,21,Byvind,"max, 1 gång/tim",meter per sekund,2022-12-26T18:00:00Z,2022-12-26T19:00:00+01:00,1672077600000,,13.0,13.0,G,,corrected-archive-csv
162860,Luleå-Kallax Flygplats,21,Byvind,"max, 1 gång/tim",meter per sekund,2022-12-26T19:00:00Z,2022-12-26T20:00:00+01:00,1672081200000,,12.0,12.0,G,,corrected-archive-csv
162860,Luleå-Kallax Flygplats,21,Byvind,"max, 1 gång/tim",meter per sekund,2022-12-26T21:00:00Z,2022-12-26T22:00:00+01:00,1672088400000,,13.0,13.0,G,,corrected-archive-csv
162860,Luleå-Kallax Flygplats,21,Byvind,"max, 1 gång/tim",meter per sekund,2022-12-26T22:00:00Z,2022-12-26T23:00:00+01:00,1672092000000,,12.0,12.0,G,,corrected-archive-csv
162860,Luleå-Kallax Flygplats,21,Byvind,"max, 1 gång/tim",meter per sekund,2022-12-26T23:00:00Z,2022-12-27T00:00:00+01:00,1672095600000,,13.0,13.0,G,,corrected-archive-csv
162860,Luleå-Kallax Flygplats,21,Byvind,"max, 1 gång/tim",meter per sekund,2022-12-27T00:00:00Z,2022-12-27T01:00:00+01:00,1672099200000,,12.0,12.0,G,,corrected-archive-csv
162860,Luleå-Kallax Flygplats,21,Byvind,"max, 1 gång/tim",meter per sekund,2022-12-27T01:00:00Z,2022-12-27T02:00:00+01:00,1672102800000,,11.0,11.0,G,,corrected-archive-csv
162860,Luleå-Kallax Flygplats,21,Byvind,"max, 1 gång/tim",meter per sekund,2022-12-27T02:00:00Z,2022-12-27T03:00:00+01:00,1672106400000,,10.0,10.0,G,,corrected-archive-csv
162860,Luleå-Kallax Flygplats,21,Byvind,"max, 1 gång/tim",meter per sekund,2022-12-27T04:00:00Z,2022-12-27T05:00:00+01:00,1672113600000,,9.0,9.0,G,,corrected-archive-csv
162860,Luleå-Kallax Flygplats,21,Byvind,"max, 1 gång/tim",meter per sekund,2022-12-27T05:00:00Z,2022-12-27T06:00:00+01:00,1672117200000,,10.0,10.0,G,,corrected-archive-csv
162860,Luleå-Kallax Flygplats,21,Byvind,"max, 1 gång/tim",meter per sekund,2022-12-27T06:00:00Z,2022-12-27T07:00:00+01:00,1672120800000,,9.0,9.0,G,,corrected-archive-csv
162860,Luleå-Kallax Flygplats,21,Byvind,"max, 1 gång/tim",meter per sekund,2022-12-27T08:00:00Z,2022-12-27T09:00:00+01:00,1672128000000,,10.0,10.0,G,,corrected-archive-csv
162860,Luleå-Kallax Flygplats,21,Byvind,"max, 1 gång/tim",meter per sekund,2022-12-27T10:00:00Z,2022-12-27T11:00:00+01:00,1672135200000,,11.0,11.0,G,,corrected-archive-csv
162860,Luleå-Kallax Flygplats,21,Byvind,"max, 1 gång/tim",meter per sekund,2022-12-27T11:00:00Z,2022-12-27T12:00:00+01:00,1672138800000,,10.0,10.0,G,,corrected-archive-csv
162860,Luleå-Kallax Flygplats,21,Byvind,"max, 1 gång/tim",meter per sekund,2022-12-27T12:00:00Z,2022-12-27T13:00:00+01:00,1672142400000,,9.0,9.0,G,,corrected-archive-csv
162860,Luleå-Kallax Flygplats,21,Byvind,"max, 1 gång/tim",meter per sekund,2022-12-27T13:00:00Z,2022-12-27T14:00:00+01:00,1672146000000,,8.0,8.0,G,,corrected-archive-csv
162860,Luleå-Kallax Flygplats,21,Byvind,"max, 1 gång/tim",meter per sekund,2022-12-27T14:00:00Z,2022-12-27T15:00:00+01:00,1672149600000,,7.0,7.0,G,,corrected-archive-csv
162860,Luleå-Kallax Flygplats,21,Byvind,"max, 1 gång/tim",meter per sekund,2022-12-27T15:00:00Z,2022-12-27T16:00:00+01:00,1672153200000,,8.0,8.0,G,,corrected-archive-csv
162860,Luleå-Kallax Flygplats,21,Byvind,"max, 1 gång/tim",meter per sekund,2022-12-27T16:00:00Z,2022-12-27T17:00:00+01:00,1672156800000,,6.0,6.0,G,,corrected-archive-csv
162860,Luleå-Kallax Flygplats,21,Byvind,"max, 1 gång/tim",meter per sekund,2022-12-27T17:00:00Z,2022-12-27T18:00:00+01:00,1672160400000,,5.0,5.0,G,,corrected-archive-csv
162860,Luleå-Kallax Flygplats,21,Byvind,"max, 1 gång/tim",meter per sekund,2022-12-27T18:00:00Z,2022-12-27T19:00:00+01:00,1672164000000,,4.0,4.0,G,,corrected-archive-csv
162860,Luleå-Kallax Flygplats,21,Byvind,"max, 1 gång/tim",meter per sekund,2022-12-27T19:00:00Z,2022-12-27T20:00:00+01:00,1672167600000,,3.0,3.0,G,,corrected-archive-csv
162860,Luleå-Kallax Flygplats,21,Byvind,"max, 1 gång/tim",meter per sekund,2022-12-27T20:00:00Z,2022-12-27T21:00:00+01:00,1672171200000,,2.0,2.0,G,,corrected-archive-csv
162860,Luleå-Kallax Flygplats,21,Byvind,"max, 1 gång/tim",meter per sekund,2022-12-27T22:00:00Z,2022-12-27T23:00:00+01:00,1672178400000,,1.0,1.0,G,,corrected-archive-csv
162860,Luleå-Kallax Flygplats,21,Byvind,"max, 1 gång/tim",meter per sekund,2022-12-28T05:00:00Z,2022-12-28T06:00:00+01:00,1672203600000,,2.0,2.0,G,,corrected-archive-csv
162860,Luleå-Kallax Flygplats,21,Byvind,"max, 1 gång/tim",meter per sekund,2022-12-28T06:00:00Z,2022-12-28T07:00:00+01:00,1672207200000,,1.0,1.0,G,,corrected-archive-csv
162860,Luleå-Kallax Flygplats,21,Byvind,"max, 1 gång/tim",meter per sekund,2022-12-28T11:00:00Z,2022-12-28T12:00:00+01:00,1672225200000,,2.0,2.0,G,,corrected-archive-csv
162860,Luleå-Kallax Flygplats,21,Byvind,"max, 1 gång/tim",meter per sekund,2022-12-28T12:00:00Z,2022-12-28T13:00:00+01:00,1672228800000,,3.0,3.0,G,,corrected-archive-csv
162860,Luleå-Kallax Flygplats,21,Byvind,"max, 1 gång/tim",meter per sekund,2022-12-28T15:00:00Z,2022-12-28T16:00:00+01:00,1672239600000,,4.0,4.0,G,,corrected-archive-csv
162860,Luleå-Kallax Flygplats,21,Byvind,"max, 1 gång/tim",meter per sekund,2022-12-28T17:00:00Z,2022-12-28T18:00:00+01:00,1672246800000,,3.0,3.0,G,,corrected-archive-csv
162860,Luleå-Kallax Flygplats,21,Byvind,"max, 1 gång/tim",meter per sekund,2022-12-28T18:00:00Z,2022-12-28T19:00:00+01:00,1672250400000,,4.0,4.0,G,,corrected-archive-csv
162860,Luleå-Kallax Flygplats,21,Byvind,"max, 1 gång/tim",meter per sekund,2022-12-28T19:00:00Z,2022-12-28T20:00:00+01:00,1672254000000,,3.0,3.0,G,,corrected-archive-csv
162860,Luleå-Kallax Flygplats,21,Byvind,"max, 1 gång/tim",meter per sekund,2022-12-28T20:00:00Z,2022-12-28T21:00:00+01:00,1672257600000,,1.0,1.0,G,,corrected-archive-csv
162860,Luleå-Kallax Flygplats,21,Byvind,"max, 1 gång/tim",meter per sekund,2022-12-29T09:00:00Z,2022-12-29T10:00:00+01:00,1672304400000,,2.0,2.0,G,,corrected-archive-csv
162860,Luleå-Kallax Flygplats,21,Byvind,"max, 1 gång/tim",meter per sekund,2022-12-29T11:00:00Z,2022-12-29T12:00:00+01:00,1672311600000,,1.0,1.0,G,,corrected-archive-csv
162860,Luleå-Kallax Flygplats,21,Byvind,"max, 1 gång/tim",meter per sekund,2022-12-29T13:00:00Z,2022-12-29T14:00:00+01:00,1672318800000,,7.0,7.0,G,,corrected-archive-csv
162860,Luleå-Kallax Flygplats,21,Byvind,"max, 1 gång/tim",meter per sekund,2022-12-29T14:00:00Z,2022-12-29T15:00:00+01:00,1672322400000,,10.0,10.0,G,,corrected-archive-csv
162860,Luleå-Kallax Flygplats,21,Byvind,"max, 1 gång/tim",meter per sekund,2022-12-29T15:00:00Z,2022-12-29T16:00:00+01:00,1672326000000,,11.0,11.0,G,,corrected-archive-csv
162860,Luleå-Kallax Flygplats,21,Byvind,"max, 1 gång/tim",meter per sekund,2022-12-29T17:00:00Z,2022-12-29T18:00:00+01:00,1672333200000,,12.0,12.0,G,,corrected-archive-csv
162860,Luleå-Kallax Flygplats,21,Byvind,"max, 1 gång/tim",meter per sekund,2022-12-29T20:00:00Z,2022-12-29T21:00:00+01:00,1672344000000,,14.0,14.0,G,,corrected-archive-csv
162860,Luleå-Kallax Flygplats,21,Byvind,"max, 1 gång/tim",meter per sekund,2022-12-29T21:00:00Z,2022-12-29T22:00:00+01:00,1672347600000,,12.0,12.0,G,,corrected-archive-csv
162860,Luleå-Kallax Flygplats,21,Byvind,"max, 1 gång/tim",meter per sekund,2022-12-29T22:00:00Z,2022-12-29T23:00:00+01:00,1672351200000,,14.0,14.0,G,,corrected-archive-csv
162860,Luleå-Kallax Flygplats,21,Byvind,"max, 1 gång/tim",meter per sekund,2022-12-30T02:00:00Z,2022-12-30T03:00:00+01:00,1672365600000,,15.0,15.0,G,,corrected-archive-csv
162860,Luleå-Kallax Flygplats,21,Byvind,"max, 1 gång/tim",meter per sekund,2022-12-30T04:00:00Z,2022-12-30T05:00:00+01:00,1672372800000,,14.0,14.0,G,,corrected-archive-csv
162860,Luleå-Kallax Flygplats,21,Byvind,"max, 1 gång/tim",meter per sekund,2022-12-30T06:00:00Z,2022-12-30T07:00:00+01:00,1672380000000,,13.0,13.0,G,,corrected-archive-csv
162860,Luleå-Kallax Flygplats,21,Byvind,"max, 1 gång/tim",meter per sekund,2022-12-30T07:00:00Z,2022-12-30T08:00:00+01:00,1672383600000,,12.0,12.0,G,,corrected-archive-csv
162860,Luleå-Kallax Flygplats,21,Byvind,"max, 1 gång/tim",meter per sekund,2022-12-30T10:00:00Z,2022-12-30T11:00:00+01:00,1672394400000,,10.0,10.0,G,,corrected-archive-csv
162860,Luleå-Kallax Flygplats,21,Byvind,"max, 1 gång/tim",meter per sekund,2022-12-30T11:00:00Z,2022-12-30T12:00:00+01:00,1672398000000,,9.0,9.0,G,,corrected-archive-csv
162860,Luleå-Kallax Flygplats,21,Byvind,"max, 1 gång/tim",meter per sekund,2022-12-30T12:00:00Z,2022-12-30T13:00:00+01:00,1672401600000,,7.0,7.0,G,,corrected-archive-csv
162860,Luleå-Kallax Flygplats,21,Byvind,"max, 1 gång/tim",meter per sekund,2022-12-30T14:00:00Z,2022-12-30T15:00:00+01:00,1672408800000,,6.0,6.0,G,,corrected-archive-csv
162860,Luleå-Kallax Flygplats,21,Byvind,"max, 1 gång/tim",meter per sekund,2022-12-30T15:00:00Z,2022-12-30T16:00:00+01:00,1672412400000,,5.0,5.0,G,,corrected-archive-csv
162860,Luleå-Kallax Flygplats,21,Byvind,"max, 1 gång/tim",meter per sekund,2022-12-30T17:00:00Z,2022-12-30T18:00:00+01:00,1672419600000,,4.0,4.0,G,,corrected-archive-csv
162860,Luleå-Kallax Flygplats,21,Byvind,"max, 1 gång/tim",meter per sekund,2022-12-30T21:00:00Z,2022-12-30T22:00:00+01:00,1672434000000,,3.0,3.0,G,,corrected-archive-csv
162860,Luleå-Kallax Flygplats,21,Byvind,"max, 1 gång/tim",meter per sekund,2022-12-30T23:00:00Z,2022-12-31T00:00:00+01:00,1672441200000,,4.0,4.0,G,,corrected-archive-csv
162860,Luleå-Kallax Flygplats,21,Byvind,"max, 1 gång/tim",meter per sekund,2022-12-31T01:00:00Z,2022-12-31T02:00:00+01:00,1672448400000,,7.0,7.0,G,,corrected-archive-csv
162860,Luleå-Kallax Flygplats,21,Byvind,"max, 1 gång/tim",meter per sekund,2022-12-31T02:00:00Z,2022-12-31T03:00:00+01:00,1672452000000,,8.0,8.0,G,,corrected-archive-csv
162860,Luleå-Kallax Flygplats,21,Byvind,"max, 1 gång/tim",meter per sekund,2022-12-31T03:00:00Z,2022-12-31T04:00:00+01:00,1672455600000,,9.0,9.0,G,,corrected-archive-csv
162860,Luleå-Kallax Flygplats,21,Byvind,"max, 1 gång/tim",meter per sekund,2022-12-31T05:00:00Z,2022-12-31T06:00:00+01:00,1672462800000,,12.0,12.0,G,,corrected-archive-csv
162860,Luleå-Kallax Flygplats,21,Byvind,"max, 1 gång/tim",meter per sekund,2022-12-31T06:00:00Z,2022-12-31T07:00:00+01:00,1672466400000,,11.0,11.0,G,,corrected-archive-csv
162860,Luleå-Kallax Flygplats,21,Byvind,"max, 1 gång/tim",meter per sekund,2022-12-31T08:00:00Z,2022-12-31T09:00:00+01:00,1672473600000,,14.0,14.0,G,,corrected-archive-csv
162860,Luleå-Kallax Flygplats,21,Byvind,"max, 1 gång/tim",meter per sekund,2022-12-31T09:00:00Z,2022-12-31T10:00:00+01:00,1672477200000,,13.0,13.0,G,,corrected-archive-csv
162860,Luleå-Kallax Flygplats,21,Byvind,"max, 1 gång/tim",meter per sekund,2022-12-31T10:00:00Z,2022-12-31T11:00:00+01:00,1672480800000,,14.0,14.0,G,,corrected-archive-csv
162860,Luleå-Kallax Flygplats,21,Byvind,"max, 1 gång/tim",meter per sekund,2022-12-31T11:00:00Z,2022-12-31T12:00:00+01:00,1672484400000,,15.0,15.0,G,,corrected-archive-csv
162860,Luleå-Kallax Flygplats,21,Byvind,"max, 1 gång/tim",meter per sekund,2022-12-31T12:00:00Z,2022-12-31T13:00:00+01:00,1672488000000,,16.0,16.0,G,,corrected-archive-csv
162860,Luleå-Kallax Flygplats,21,Byvind,"max, 1 gång/tim",meter per sekund,2022-12-31T13:00:00Z,2022-12-31T14:00:00+01:00,1672491600000,,15.0,15.0,G,,corrected-archive-csv
162860,Luleå-Kallax Flygplats,21,Byvind,"max, 1 gång/tim",meter per sekund,2022-12-31T14:00:00Z,2022-12-31T15:00:00+01:00,1672495200000,,13.0,13.0,G,,corrected-archive-csv
162860,Luleå-Kallax Flygplats,21,Byvind,"max, 1 gång/tim",meter per sekund,2022-12-31T15:00:00Z,2022-12-31T16:00:00+01:00,1672498800000,,12.0,12.0,G,,corrected-archive-csv
162860,Luleå-Kallax Flygplats,21,Byvind,"max, 1 gång/tim",meter per sekund,2022-12-31T16:00:00Z,2022-12-31T17:00:00+01:00,1672502400000,,11.0,11.0,G,,corrected-archive-csv
162860,Luleå-Kallax Flygplats,21,Byvind,"max, 1 gång/tim",meter per sekund,2022-12-31T17:00:00Z,2022-12-31T18:00:00+01:00,1672506000000,,9.0,9.0,G,,corrected-archive-csv
162860,Luleå-Kallax Flygplats,21,Byvind,"max, 1 gång/tim",meter per sekund,2022-12-31T18:00:00Z,2022-12-31T19:00:00+01:00,1672509600000,,6.0,6.0,G,,corrected-archive-csv
162860,Luleå-Kallax Flygplats,21,Byvind,"max, 1 gång/tim",meter per sekund,2022-12-31T19:00:00Z,2022-12-31T20:00:00+01:00,1672513200000,,5.0,5.0,G,,corrected-archive-csv
162860,Luleå-Kallax Flygplats,21,Byvind,"max, 1 gång/tim",meter per sekund,2022-12-31T20:00:00Z,2022-12-31T21:00:00+01:00,1672516800000,,4.0,4.0,G,,corrected-archive-csv
162860,Luleå-Kallax Flygplats,21,Byvind,"max, 1 gång/tim",meter per sekund,2022-12-31T21:00:00Z,2022-12-31T22:00:00+01:00,1672520400000,,5.0,5.0,G,,corrected-archive-csv
162860,Luleå-Kallax Flygplats,21,Byvind,"max, 1 gång/tim",meter per sekund,2022-12-31T22:00:00Z,2022-12-31T23:00:00+01:00,1672524000000,,7.0,7.0,G,,corrected-archive-csv
162860,Luleå-Kallax Flygplats,21,Byvind,"max, 1 gång/tim",meter per sekund,2022-12-31T23:00:00Z,2023-01-01T00:00:00+01:00,1672527600000,,9.0,9.0,G,,corrected-archive-csv
