station_id,station_name,parameter_id,parameter_name,parameter_summary,unit,datetime_utc,datetime_local,from_ms,to_ms,value,value_numeric,quality,reference,source_period
162860,Luleå-Kallax Flygplats,9,Lufttryck reducerat havsytans nivå,"vid havsytans nivå, momentanvärde, 1 gång/tim",hektopascal,1947-01-01T00:00:00Z,1947-01-01T01:00:00+01:00,-725846400000,,1029.0,1029.0,Y,,corrected-archive-csv
162860,Luleå-Kallax Flygplats,9,Lufttryck reducerat havsytans nivå,"vid havsytans nivå, momentanvärde, 1 gång/tim",hektopascal,1947-01-01T06:00:00Z,1947-01-01T07:00:00+01:00,-725824800000,,1029.3,1029.3,Y,,corrected-archive-csv
162860,Luleå-Kallax Flygplats,9,Lufttryck reducerat havsytans nivå,"vid havsytans nivå, momentanvärde, 1 gång/tim",hektopascal,1947-01-01T12:00:00Z,1947-01-01T13:00:00+01:00,-725803200000,,1030.3,1030.3,Y,,corrected-archive-csv
162860,Luleå-Kallax Flygplats,9,Lufttryck reducerat havsytans nivå,"vid havsytans nivå, momentanvärde, 1 gång/tim",hektopascal,1947-01-01T18:00:00Z,1947-01-01T19:00:00+01:00,-725781600000,,1030.8,1030.8,Y,,corrected-archive-csv
162860,Luleå-Kallax Flygplats,9,Lufttryck reducerat havsytans nivå,"vid havsytans nivå, momentanvärde, 1 gång/tim",hektopascal,1947-01-02T00:00:00Z,1947-01-02T01:00:00+01:00,-725760000000,,1031.7,1031.7,Y,,corrected-archive-csv
162860,Luleå-Kallax Flygplats,9,Lufttryck reducerat havsytans nivå,"vid havsytans nivå, momentanvärde, 1 gång/tim",hektopascal,1947-01-02T06:00:00Z,1947-01-02T07:00:00+01:00,-725738400000,,1032.5,1032.5,Y,,corrected-archive-csv
162860,Luleå-Kallax Flygplats,9,Lufttryck reducerat havsytans nivå,"vid havsytans nivå, momentanvärde, 1 gång/tim",hektopascal,1947-01-02T12:00:00Z,1947-01-02T13:00:00+01:00,-725716800000,,1034.0,1034.0,Y,,corrected-archive-csv
162860,Luleå-Kallax Flygplats,9,Lufttryck reducerat havsytans nivå,"vid havsytans nivå, momentanvärde, 1 gång/tim",hektopascal,1947-01-02T18:00:00Z,1947-01-02T19:00:00+01:00,-725695200000,,1035.6,1035.6,Y,,corrected-archive-csv
162860,Luleå-Kallax Flygplats,9,Lufttryck reducerat havsytans nivå,"vid havsytans nivå, momentanvärde, 1 gång/tim",hektopascal,1947-01-03T00:00:00Z,1947-01-03T01:00:00+01:00,-725673600000,,1036.9,1036.9,Y,,corrected-archive-csv
162860,Luleå-Kallax Flygplats,9,Lufttryck reducerat havsytans nivå,"vid havsytans nivå, momentanvärde, 1 gång/tim",hektopascal,1947-01-03T06:00:00Z,1947-01-03T07:00:00+01:00,-725652000000,,1039.9,1039.9,Y,,corrected-archive-csv
162860,Luleå-Kallax Flygplats,9,Lufttryck reducerat havsytans nivå,"vid havsytans nivå, momentanvärde, 1 gång/tim",hektopascal,1947-01-03T12:00:00Z,1947-01-03T13:00:00+01:00,-725630400000,,1041.5,1041.5,Y,,corrected-archive-csv
162860,Luleå-Kallax Flygplats,9,Lufttryck reducerat havsytans nivå,"vid havsytans nivå, momentanvärde, 1 gång/tim",hektopascal,1947-01-03T18:00:00Z,1947-01-03T19:00:00+01:00,-725608800000,,1041.7,1041.7,Y,,corrected-archive-csv
162860,Luleå-Kallax Flygplats,9,Lufttryck reducerat havsytans nivå,"vid havsytans nivå, momentanvärde, 1 gång/tim",hektopascal,1947-01-04T00:00:00Z,1947-01-04T01:00:00+01:00,-725587200000,,1040.1,1040.1,Y,,corrected-archive-csv
162860,Luleå-Kallax Flygplats,9,Lufttryck reducerat havsytans nivå,"vid havsytans nivå, momentanvärde, 1 gång/tim",hektopascal,1947-01-04T06:00:00Z,1947-01-04T07:00:00+01:00,-725565600000,,1035.9,1035.9,Y,,corrected-archive-csv
162860,Luleå-Kallax Flygplats,9,Lufttryck reducerat havsytans nivå,"vid havsytans nivå, momentanvärde, 1 gång/tim",hektopascal,1947-01-04T12:00:00Z,1947-01-04T13:00:00+01:00,-725544000000,,1034.9,1034.9,Y,,corrected-archive-csv
162860,Luleå-Kallax Flygplats,9,Lufttryck reducerat havsytans nivå,"vid havsytans nivå, momentanvärde, 1 gång/tim",hektopascal,1947-01-04T18:00:00Z,1947-01-04T19:00:00+01:00,-725522400000,,1035.2,1035.2,Y,,corrected-archive-csv
162860,Luleå-Kallax Flygplats,9,Lufttryck reducerat havsytans nivå,"vid havsytans nivå, momentanvärde, 1 gång/tim",hektopascal,1947-01-05T00:00:00Z,1947-01-05T01:00:00+01:00,-725500800000,,1035.3,1035.3,Y,,corrected-archive-csv
162860,Luleå-Kallax Flygplats,9,Lufttryck reducerat havsytans nivå,"vid havsytans nivå, momentanvärde, 1 gång/tim",hektopascal,1947-01-05T06:00:00Z,1947-01-05T07:00:00+01:00,-725479200000,,1036.3,1036.3,Y,,corrected-archive-csv
162860,Luleå-Kallax Flygplats,9,Lufttryck reducerat havsytans nivå,"vid havsytans nivå, momentanvärde, 1 gång/tim",hektopascal,1947-01-05T12:00:00Z,1947-01-05T13:00:00+01:00,-725457600000,,1036.6,1036.6,Y,,corrected-archive-csv
162860,Luleå-Kallax Flygplats,9,Lufttryck reducerat havsytans nivå,"vid havsytans nivå, momentanvärde, 1 gång/tim",hektopascal,1947-01-05T18:00:00Z,1947-01-05T19:00:00+01:00,-725436000000,,1035.9,1035.9,Y,,corrected-archive-csv
162860,Luleå-Kallax Flygplats,9,Lufttryck reducerat havsytans nivå,"vid havsytans nivå, momentanvärde, 1 gång/tim",hektopascal,1947-01-06T00:00:00Z,1947-01-06T01:00:00+01:00,-725414400000,,1035.3,1035.3,Y,,corrected-archive-csv
162860,Luleå-Kallax Flygplats,9,Lufttryck reducerat havsytans nivå,"vid havsytans nivå, momentanvärde, 1 gång/tim",hektopascal,1947-01-06T06:00:00Z,1947-01-06T07:00:00+01:00,-725392800000,,1035.6,1035.6,Y,,corrected-archive-csv
162860,Luleå-Kallax Flygplats,9,Lufttryck reducerat havsytans nivå,"vid havsytans nivå, momentanvärde, 1 gång/tim",hektopascal,1947-01-06T12:00:00Z,1947-01-06T13:00:00+01:00,-725371200000,,1037.6,1037.6,Y,,corrected-archive-csv
162860,Luleå-Kallax Flygplats,9,Lufttryck reducerat havsytans nivå,"vid havsytans nivå, momentanvärde, 1 gång/tim",hektopascal,1947-01-06T18:00:00Z,1947-01-06T19:00:00+01:00,-725349600000,,1038.1,1038.1,Y,,corrected-archive-csv
162860,Luleå-Kallax Flygplats,9,Lufttryck reducerat havsytans nivå,"vid havsytans nivå, momentanvärde, 1 gång/tim",hektopascal,1947-01-07T00:00:00Z,1947-01-07T01:00:00+01:00,-725328000000,,1038.3,1038.3,Y,,corrected-archive-csv
162860,Luleå-Kallax Flygplats,9,Lufttryck reducerat havsytans nivå,"vid havsytans nivå, momentanvärde, 1 gång/tim",hektopascal,1947-01-07T06:00:00Z,1947-01-07T07:00:00+01:00,-725306400000,,1038.1,1038.1,Y,,corrected-archive-csv
162860,Luleå-Kallax Flygplats,9,Lufttryck reducerat havsytans nivå,"vid havsytans nivå, momentanvärde, 1 gång/tim",hektopascal,1947-01-07T12:00:00Z,1947-01-07T13:00:00+01:00,-725284800000,,1037.9,1037.9,Y,,corrected-archive-csv
162860,Luleå-Kallax Flygplats,9,Lufttryck reducerat havsytans nivå,"vid havsytans nivå, momentanvärde, 1 gång/tim",hektopascal,1947-01-07T18:00:00Z,1947-01-07T19:00:00+01:00,-725263200000,,1037.8,1037.8,Y,,corrected-archive-csv
162860,Luleå-Kallax Flygplats,9,Lufttryck reducerat havsytans nivå,"vid havsytans nivå, momentanvärde, 1 gång/tim",hektopascal,1947-01-08T00:00:00Z,1947-01-08T01:00:00+01:00,-725241600000,,1039.1,1039.1,Y,,corrected-archive-csv
162860,Luleå-Kallax Flygplats,9,Lufttryck reducerat havsytans nivå,"vid havsytans nivå, momentanvärde, 1 gång/tim",hektopascal,1947-01-08T06:00:00Z,1947-01-08T07:00:00+01:00,-725220000000,,1040.9,1040.9,Y,,corrected-archive-csv
162860,Luleå-Kallax Flygplats,9,Lufttryck reducerat havsytans nivå,"vid havsytans nivå, momentanvärde, 1 gång/tim",hektopascal,1947-01-08T12:00:00Z,1947-01-08T13:00:00+01:00,-725198400000,,1042.2,1042.2,Y,,corrected-archive-csv
162860,Luleå-Kallax Flygplats,9,Lufttryck reducerat havsytans nivå,"vid havsytans nivå, momentanvärde, 1 gång/tim",hektopascal,1947-01-08T18:00:00Z,1947-01-08T19:00:00+01:00,-725176800000,,1041.3,1041.3,Y,,corrected-archive-csv
162860,Luleå-Kallax Flygplats,9,Lufttryck reducerat havsytans nivå,"vid havsytans nivå, momentanvärde, 1 gång/tim",hektopascal,1947-01-09T00:00:00Z,1947-01-09T01:00:00+01:00,-725155200000,,1040.4,1040.4,Y,,corrected-archive-csv
162860,Luleå-Kallax Flygplats,9,Lufttryck reducerat havsytans nivå,"vid havsytans nivå, momentanvärde, 1 gång/tim",hektopascal,1947-01-09T06:00:00Z,1947-01-09T07:00:00+01:00,-725133600000,,1038.8,1038.8,Y,,corrected-archive-csv
162860,Luleå-Kallax Flygplats,9,Lufttryck reducerat havsytans nivå,"vid havsytans nivå, momentanvärde, 1 gång/tim",hektopascal,1947-01-09T12:00:00Z,1947-01-09T13:00:00+01:00,-725112000000,,1037.2,1037.2,Y,,corrected-archive-csv
162860,Luleå-Kallax Flygplats,9,Lufttryck reducerat havsytans nivå,"vid havsytans nivå, momentanvärde, 1 gång/tim",hektopascal,1947-01-09T18:00:00Z,1947-01-09T19:00:00+01:00,-725090400000,,1037.0,1037.0,Y,,corrected-archive-csv
162860,Luleå-Kallax Flygplats,9,Lufttryck reducerat havsytans nivå,"vid havsytans nivå, momentanvärde, 1 gång/tim",hektopascal,1947-01-10T00:00:00Z,1947-01-10T01:00:00+01:00,-725068800000,,1037.1,1037.1,Y,,corrected-archive-csv
162860,Luleå-Kallax Flygplats,9,Lufttryck reducerat havsytans nivå,"vid havsytans nivå, momentanvärde, 1 gång/tim",hektopascal,1947-01-10T06:00:00Z,1947-01-10T07:00:00+01:00,-725047200000,,1037.1,1037.1,Y,,corrected-archive-csv
162860,Luleå-Kallax Flygplats,9,Lufttryck reducerat havsytans nivå,"vid havsytans nivå, momentanvärde, 1 gång/tim",hektopascal,1947-01-10T12:00:00Z,1947-01-10T13:00:00+01:00,-725025600000,,1037.1,1037.1,Y,,corrected-archive-csv
162860,Luleå-Kallax Flygplats,9,Lufttryck reducerat havsytans nivå,"vid havsytans nivå, momentanvärde, 1 gång/tim",hektopascal,1947-01-10T18:00:00Z,1947-01-10T19:00:00+01:00,-725004000000,,1036.0,1036.0,Y,,corrected-archive-csv
162860,Luleå-Kallax Flygplats,9,Lufttryck reducerat havsytans nivå,"vid havsytans nivå, momentanvärde, 1 gång/tim",hektopascal,1947-01-11T00:00:00Z,1947-01-11T01:00:00+01:00,-724982400000,,1034.2,1034.2,Y,,corrected-archive-csv
162860,Luleå-Kallax Flygplats,9,Lufttryck reducerat havsytans nivå,"vid havsytans nivå, momentanvärde, 1 gång/tim",hektopascal,1947-01-11T06:00:00Z,1947-01-11T07:00:00+01:00,-724960800000,,1032.0,1032.0,Y,,corrected-archive-csv
162860,Luleå-Kallax Flygplats,9,Lufttryck reducerat havsytans nivå,"vid havsytans nivå, momentanvärde, 1 gång/tim",hektopascal,1947-01-11T12:00:00Z,1947-01-11T13:00:00+01:00,-724939200000,,1032.1,1032.1,Y,,corrected-archive-csv
162860,Luleå-Kallax Flygplats,9,Lufttryck reducerat havsytans nivå,"vid havsytans nivå, momentanvärde, 1 gång/tim",hektopascal,1947-01-11T18:00:00Z,1947-01-11T19:00:00+01:00,-724917600000,,1032.0,1032.0,Y,,corrected-archive-csv
162860,Luleå-Kallax Flygplats,9,Lufttryck reducerat havsytans nivå,"vid havsytans nivå, momentanvärde, 1 gång/tim",hektopascal,1947-01-12T00:00:00Z,1947-01-12T01:00:00+01:00,-724896000000,,1030.8,1030.8,Y,,corrected-archive-csv
162860,Luleå-Kallax Flygplats,9,Lufttryck reducerat havsytans nivå,"vid havsytans nivå, momentanvärde, 1 gång/tim",hektopascal,1947-01-12T06:00:00Z,1947-01-12T07:00:00+01:00,-724874400000,,1028.9,1028.9,Y,,corrected-archive-csv
162860,Luleå-Kallax Flygplats,9,Lufttryck reducerat havsytans nivå,"vid havsytans nivå, momentanvärde, 1 gång/tim",hektopascal,1947-01-12T12:00:00Z,1947-01-12T13:00:00+01:00,-724852800000,,1026.6,1026.6,Y,,corrected-archive-csv
162860,Luleå-Kallax Flygplats,9,Lufttryck reducerat havsytans nivå,"vid havsytans nivå, momentanvärde, 1 gång/tim",hektopascal,1947-01-12T18:00:00Z,1947-01-12T19:00:00+01:00,-724831200000,,1023.7,1023.7,Y,,corrected-archive-csv
162860,Luleå-Kallax Flygplats,9,Lufttryck reducerat havsytans nivå,"vid havsytans nivå, momentanvärde, 1 gång/tim",hektopascal,1947-01-13T00:00:00Z,1947-01-13T01:00:00+01:00,-724809600000,,1021.2,1021.2,Y,,corrected-archive-csv
162860,Luleå-Kallax Flygplats,9,Lufttryck reducerat havsytans nivå,"vid havsytans nivå, momentanvärde, 1 gång/tim",hektopascal,1947-01-13T06:00:00Z,1947-01-13T07:00:00+01:00,-724788000000,,1017.6,1017.6,Y,,corrected-archive-csv
162860,Luleå-Kallax Flygplats,9,Lufttryck reducerat havsytans nivå,"vid havsytans nivå, momentanvärde, 1 gång/tim",hektopascal,1947-01-13T12:00:00Z,1947-01-13T13:00:00+01:00,-724766400000,,1014.9,1014.9,Y,,corrected-archive-csv
162860,Luleå-Kallax Flygplats,9,Lufttryck reducerat havsytans nivå,"vid havsytans nivå, momentanvärde, 1 gång/tim",hektopascal,1947-01-13T18:00:00Z,1947-01-13T19:00:00+01:00,-724744800000,,1012.0,1012.0,Y,,corrected-archive-csv
162860,Luleå-Kallax Flygplats,9,Lufttryck reducerat havsytans nivå,"vid havsytans nivå, momentanvärde, 1 gång/tim",hektopascal,1947-01-14T00:00:00Z,1947-01-14T01:00:00+01:00,-724723200000,,1013.3,1013.3,Y,,corrected-archive-csv
162860,Luleå-Kallax Flygplats,9,Lufttryck reducerat havsytans nivå,"vid havsytans nivå, momentanvärde, 1 gång/tim",hektopascal,1947-01-14T06:00:00Z,1947-01-14T07:00:00+01:00,-724701600000,,1014.1,1014.1,Y,,corrected-archive-csv
162860,Luleå-Kallax Flygplats,9,Lufttryck reducerat havsytans nivå,"vid havsytans nivå, momentanvärde, 1 gång/tim",hektopascal,1947-01-14T12:00:00Z,1947-01-14T13:00:00+01:00,-724680000000,,1015.1,1015.1,Y,,corrected-archive-csv
162860,Luleå-Kallax Flygplats,9,Lufttryck reducerat havsytans nivå,"vid havsytans nivå, momentanvärde, 1 gång/tim",hektopascal,1947-01-14T18:00:00Z,1947-01-14T19:00:00+01:00,-724658400000,,1015.9,1015.9,Y,,corrected-archive-csv
162860,Luleå-Kallax Flygplats,9,Lufttryck reducerat havsytans nivå,"vid havsytans nivå, momentanvärde, 1 gång/tim",hektopascal,1947-01-15T00:00:00Z,1947-01-15T01:00:00+01:00,-724636800000,,1016.1,1016.1,Y,,corrected-archive-csv
162860,Luleå-Kallax Flygplats,9,Lufttryck reducerat havsytans nivå,"vid havsytans nivå, momentanvärde, 1 gång/tim",hektopascal,1947-01-15T06:00:00Z,1947-01-15T07:00:00+01:00,-724615200000,,1016.1,1016.1,Y,,corrected-archive-csv
162860,Luleå-Kallax Flygplats,9,Lufttryck reducerat havsytans nivå,"vid havsytans nivå, momentanvärde, 1 gång/tim",hektopascal,1947-01-15T12:00:00Z,1947-01-15T13:00:00+01:00,-724593600000,,1016.0,1016.0,Y,,corrected-archive-csv
162860,Luleå-Kallax Flygplats,9,Lufttryck reducerat havsytans nivå,"vid havsytans nivå, momentanvärde, 1 gång/tim",hektopascal,1947-01-15T18:00:00Z,1947-01-15T19:00:00+01:00,-724572000000,,1013.9,1013.9,Y,,corrected-archive-csv
162860,Luleå-Kallax Flygplats,9,Lufttryck reducerat havsytans nivå,"vid havsytans nivå, momentanvärde, 1 gång/tim",hektopascal,1947-01-16T00:00:00Z,1947-01-16T01:00:00+01:00,-724550400000,,1008.6,1008.6,Y,,corrected-archive-csv
162860,Luleå-Kallax Flygplats,9,Lufttryck reducerat havsytans nivå,"vid havsytans nivå, momentanvärde, 1 gång/tim",hektopascal,1947-01-16T06:00:00Z,1947-01-16T07:00:00+01:00,-724528800000,,997.7,997.7,Y,,corrected-archive-csv
162860,Luleå-Kallax Flygplats,9,Lufttryck reducerat havsytans nivå,"vid havsytans nivå, momentanvärde, 1 gång/tim",hektopascal,1947-01-16T12:00:00Z,1947-01-16T13:00:00+01:00,-724507200000,,995.8,995.8,Y,,corrected-archive-csv
162860,Luleå-Kallax Flygplats,9,Lufttryck reducerat havsytans nivå,"vid havsytans nivå, momentanvärde, 1 gång/tim",hektopascal,1947-01-16T18:00:00Z,1947-01-16T19:00:00+01:00,-724485600000,,995.3,995.3,Y,,corrected-archive-csv
162860,Luleå-Kallax Flygplats,9,Lufttryck reducerat havsytans nivå,"vid havsytans nivå, momentanvärde, 1 gång/tim",hektopascal,1947-01-17T00:00:00Z,1947-01-17T01:00:00+01:00,-724464000000,,993.8,993.8,Y,,corrected-archive-csv
162860,Luleå-Kallax Flygplats,9,Lufttryck reducerat havsytans nivå,"vid havsytans nivå, momentanvärde, 1 gång/tim",hektopascal,1947-01-17T06:00:00Z,1947-01-17T07:00:00+01:00,-724442400000,,992.8,992.8,Y,,corrected-archive-csv
162860,Luleå-Kallax Flygplats,9,Lufttryck reducerat havsytans nivå,"vid havsytans nivå, momentanvärde, 1 gång/tim",hektopascal,1947-01-17T12:00:00Z,1947-01-17T13:00:00+01:00,-724420800000,,988.3,988.3,Y,,corrected-archive-csv
162860,Luleå-Kallax Flygplats,9,Lufttryck reducerat havsytans nivå,"vid havsytans nivå, momentanvärde, 1 gång/tim",hektopascal,1947-01-17T18:00:00Z,1947-01-17T19:00:00+01:00,-724399200000,,981.3,981.3,Y,,corrected-archive-csv
162860,Luleå-Kallax Flygplats,9,Lufttryck reducerat havsytans nivå,"vid havsytans nivå, momentanvärde, 1 gång/tim",hektopascal,1947-01-18T00:00:00Z,1947-01-18T01:00:00+01:00,-724377600000,,980.3,980.3,Y,,corrected-archive-csv
162860,Luleå-Kallax Flygplats,9,Lufttryck reducerat havsytans nivå,"vid havsytans nivå, momentanvärde, 1 gång/tim",hektopascal,1947-01-18T06:00:00Z,1947-01-18T07:00:00+01:00,-724356000000,,983.1,983.1,Y,,corrected-archive-csv
162860,Luleå-Kallax Flygplats,9,Lufttryck reducerat havsytans nivå,"vid havsytans nivå, momentanvärde, 1 gång/tim",hektopascal,1947-01-18T12:00:00Z,1947-01-18T13:00:00+01:00,-724334400000,,988.6,988.6,Y,,corrected-archive-csv
162860,Luleå-Kallax Flygplats,9,Lufttryck reducerat havsytans nivå,"vid havsytans nivå, momentanvärde, 1 gång/tim",hektopascal,1947-01-18T18:00:00Z,1947-01-18T19:00:00+01:00,-724312800000,,996.4,996.4,Y,,corrected-archive-csv
162860,Luleå-Kallax Flygplats,9,Lufttryck reducerat havsytans nivå,"vid havsytans nivå, momentanvärde, 1 gång/tim",hektopascal,1947-01-19T00:00:00Z,1947-01-19T01:00:00+01:00,-724291200000,,1002.3,1002.3,Y,,corrected-archive-csv
162860,Luleå-Kallax Flygplats,9,Lufttryck reducerat havsytans nivå,"vid havsytans nivå, momentanvärde, 1 gång/tim",hektopascal,1947-01-19T06:00:00Z,1947-01-19T07:00:00+01:00,-724269600000,,1003.7,1003.7,Y,,corrected-archive-csv
162860,Luleå-Kallax Flygplats,9,Lufttryck reducerat havsytans nivå,"vid havsytans nivå, momentanvärde, 1 gång/tim",hektopascal,1947-01-19T12:00:00Z,1947-01-19T13:00:00+01:00,-724248000000,,1005.6,1005.6,Y,,corrected-archive-csv
162860,Luleå-Kallax Flygplats,9,Lufttryck reducerat havsytans nivå,"vid havsytans nivå, momentanvärde, 1 gång/tim",hektopascal,1947-01-19T18:00:00Z,1947-01-19T19:00:00+01:00,-724226400000,,1008.1,1008.1,Y,,corrected-archive-csv
162860,Luleå-Kallax Flygplats,9,Lufttryck reducerat havsytans nivå,"vid havsytans nivå, momentanvärde, 1 gång/tim",hektopascal,1947-01-20T00:00:00Z,1947-01-20T01:00:00+01:00,-724204800000,,1010.8,1010.8,Y,,corrected-archive-csv
162860,Luleå-Kallax Flygplats,9,Lufttryck reducerat havsytans nivå,"vid havsytans nivå, momentanvärde, 1 gång/tim",hektopascal,1947-01-20T06:00:00Z,1947-01-20T07:00:00+01:00,-724183200000,,1015.0,1015.0,Y,,corrected-archive-csv
162860,Luleå-Kallax Flygplats,9,Lufttryck reducerat havsytans nivå,"vid havsytans nivå, momentanvärde, 1 gång/tim",hektopascal,1947-01-20T12:00:00Z,1947-01-20T13:00:00+01:00,-724161600000,,1018.9,1018.9,Y,,corrected-archive-csv
162860,Luleå-Kallax Flygplats,9,Lufttryck reducerat havsytans nivå,"vid havsytans nivå, momentanvärde, 1 gång/tim",hektopascal,1947-01-20T18:00:00Z,1947-01-20T19:00:00+01:00,-724140000000,,1020.8,1020.8,Y,,corrected-archive-csv
162860,Luleå-Kallax Flygplats,9,Lufttryck reducerat havsytans nivå,"vid havsytans nivå, momentanvärde, 1 gång/tim",hektopascal,1947-01-21T00:00:00Z,1947-01-21T01:00:00+01:00,-724118400000,,1023.3,1023.3,Y,,corrected-archive-csv
162860,Luleå-Kallax Flygplats,9,Lufttryck reducerat havsytans nivå,"vid havsytans nivå, momentanvärde, 1 gång/tim",hektopascal,1947-01-21T18:00:00Z,1947-01-21T19:00:00+01:00,-724053600000,,1028.9,1028.9,Y,,corrected-archive-csv
162860,Luleå-Kallax Flygplats,9,Lufttryck reducerat havsytans nivå,"vid havsytans nivå, momentanvärde, 1 gång/tim",hektopascal,1947-01-22T00:00:00Z,1947-01-22T01:00:00+01:00,-724032000000,,1030.5,1030.5,Y,,corrected-archive-csv
162860,Luleå-Kallax Flygplats,9,Lufttryck reducerat havsytans nivå,"vid havsytans nivå, momentanvärde, 1 gång/tim",hektopascal,1947-01-22T18:00:00Z,1947-01-22T19:00:00+01:00,-723967200000,,1034.6,1034.6,Y,,corrected-archive-csv
162860,Luleå-Kallax Flygplats,9,Lufttryck reducerat havsytans nivå,"vid havsytans nivå, momentanvärde, 1 gång/tim",hektopascal,1947-01-23T00:00:00Z,1947-01-23T01:00:00+01:00,-723945600000,,1033.8,1033.8,Y,,corrected-archive-csv
162860,Luleå-Kallax Flygplats,9,Lufttryck reducerat havsytans nivå,"vid havsytans nivå, momentanvärde, 1 gång/tim",hektopascal,1947-01-23T18:00:00Z,1947-01-23T19:00:00+01:00,-723880800000,,1032.0,1032.0,Y,,corrected-archive-csv
162860,Luleå-Kallax Flygplats,9,Lufttryck reducerat havsytans nivå,"vid havsytans nivå, momentanvärde, 1 gång/tim",hektopascal,1947-01-24T00:00:00Z,1947-01-24T01:00:00+01:00,-723859200000,,1029.9,1029.9,Y,,corrected-archive-csv
162860,Luleå-Kallax Flygplats,9,Lufttryck reducerat havsytans nivå,"vid havsytans nivå, momentanvärde, 1 gång/tim",hektopascal,1947-01-24T18:00:00Z,1947-01-24T19:00:00+01:00,-723794400000,,1030.3,1030.3,Y,,corrected-archive-csv
162860,Luleå-Kallax Flygplats,9,Lufttryck reducerat havsytans nivå,"vid havsytans nivå, momentanvärde, 1 gång/tim",hektopascal,1947-01-25T00:00:00Z,1947-01-25T01:00:00+01:00,-723772800000,,1030.8,1030.8,Y,,corrected-archive-csv
162860,Luleå-Kallax Flygplats,9,Lufttryck reducerat havsytans nivå,"vid havsytans nivå, momentanvärde, 1 gång/tim",hektopascal,1947-01-25T18:00:00Z,1947-01-25T19:00:00+01:00,-723708000000,,1030.4,1030.4,Y,,corrected-archive-csv
162860,Luleå-Kallax Flygplats,9,Lufttryck reducerat havsytans nivå,"vid havsytans nivå, momentanvärde, 1 gång/tim",hektopascal,1947-01-26T00:00:00Z,1947-01-26T01:00:00+01:00,-723686400000,,1029.7,1029.7,Y,,corrected-archive-csv
162860,Luleå-Kallax Flygplats,9,Lufttryck reducerat havsytans nivå,"vid havsytans nivå, momentanvärde, 1 gång/tim",hektopascal,1947-01-26T18:00:00Z,1947-01-26T19:00:00+01:00,-723621600000,,1027.4,1027.4,Y,,corrected-archive-csv
162860,Luleå-Kallax Flygplats,9,Lufttryck reducerat havsytans nivå,"vid havsytans nivå, momentanvärde, 1 gång/tim",hektopascal,1947-01-27T00:00:00Z,1947-01-27T01:00:00+01:00,-723600000000,,1026.0,1026.0,Y,,corrected-archive-csv
162860,Luleå-Kallax Flygplats,9,Lufttryck reducerat havsytans nivå,"vid havsytans nivå, momentanvärde, 1 gång/tim",hektopascal,1947-01-27T18:00:00Z,1947-01-27T19:00:00+01:00,-723535200000,,1024.0,1024.0,Y,,corrected-archive-csv
162860,Luleå-Kallax Flygplats,9,Lufttryck reducerat havsytans nivå,"vid havsytans nivå, momentanvärde, 1 gång/tim",hektopascal,1947-01-28T00:00:00Z,1947-01-28T01:00:00+01:00,-723513600000,,1025.4,1025.4,Y,,corrected-archive-csv
162860,Luleå-Kallax Flygplats,9,Lufttryck reducerat havsytans nivå,"vid havsytans nivå, momentanvärde, 1 gång/tim",hektopascal,1947-01-28T18:00:00Z,1947-01-28T19:00:00+01:00,-723448800000,,1024.5,1024.5,Y,,corrected-archive-csv
162860,Luleå-Kallax Flygplats,9,Lufttryck reducerat havsytans nivå,"vid havsytans nivå, momentanvärde, 1 gång/tim",hektopascal,1947-01-29T00:00:00Z,1947-01-29T01:00:00+01:00,-723427200000,,1023.1,1023.1,Y,,corrected-archive-csv
162860,Luleå-Kallax Flygplats,9,Lufttryck reducerat havsytans nivå,"vid havsytans nivå, momentanvärde, 1 gång/tim",hektopascal,1947-01-29T18:00:00Z,1947-01-29T19:00:00+01:00,-723362400000,,1023.0,1023.0,Y,,corrected-archive-csv
162860,Luleå-Kallax Flygplats,9,Lufttryck reducerat havsytans nivå,"vid havsytans nivå, momentanvärde, 1 gång/tim",hektopascal,1947-01-30T00:00:00Z,1947-01-30T01:00:00+01:00,-723340800000,,1023.2,1023.2,Y,,corrected-archive-csv
162860,Luleå-Kallax Flygplats,9,Lufttryck reducerat havsytans nivå,"vid havsytans nivå, momentanvärde, 1 gång/tim",hektopascal,1947-01-30T18:00:00Z,1947-01-30T19:00:00+01:00,-723276000000,,1025.4,1025.4,Y,,corrected-archive-csv
162860,Luleå-Kallax Flygplats,9,Lufttryck reducerat havsytans nivå,"vid havsytans nivå, momentanvärde, 1 gång/tim",hektopascal,1947-01-31T00:00:00Z,1947-01-31T01:00:00+01:00,-723254400000,,1025.9,1025.9,Y,,corrected-archive-csv
162860,Luleå-Kallax Flygplats,9,Lufttryck reducerat havsytans nivå,"vid havsytans nivå, momentanvärde, 1 gång/tim",hektopascal,1947-01-31T18:00:00Z,1947-01-31T19:00:00+01:00,-723189600000,,1025.5,1025.5,Y,,corrected-archive-csv
162860,Luleå-Kallax Flygplats,9,Lufttryck reducerat havsytans nivå,"vid havsytans nivå, momentanvärde, 1 gång/tim",hektopascal,1947-02-01T00:00:00Z,1947-02-01T01:00:00+01:00,-723168000000,,1025.6,1025.6,Y,,corrected-archive-csv
162860,Luleå-Kallax Flygplats,9,Lufttryck reducerat havsytans nivå,"vid havsytans nivå, momentanvärde, 1 gång/tim",hektopascal,1947-02-01T06:00:00Z,1947-02-01T07:00:00+01:00,-723146400000,,1025.7,1025.7,Y,,corrected-archive-csv
162860,Luleå-Kallax Flygplats,9,Lufttryck reducerat havsytans nivå,"vid havsytans nivå, momentanvärde, 1 gång/tim",hektopascal,1947-02-01T12:00:00Z,1947-02-01T13:00:00+01:00,-723124800000,,1026.3,1026.3,Y,,corrected-archive-csv
162860,Luleå-Kallax Flygplats,9,Lufttryck reducerat havsytans nivå,"vid havsytans nivå, momentanvärde, 1 gång/tim",hektopascal,1947-02-01T18:00:00Z,1947-02-01T19:00:00+01:00,-723103200000,,1026.8,1026.8,Y,,corrected-archive-csv
162860,Luleå-Kallax Flygplats,9,Lufttryck reducerat havsytans nivå,"vid havsytans nivå, momentanvärde, 1 gång/tim",hektopascal,1947-02-02T00:00:00Z,1947-02-02T01:00:00+01:00,-723081600000,,1027.4,1027.4,Y,,corrected-archive-csv
162860,Luleå-Kallax Flygplats,9,Lufttryck reducerat havsytans nivå,"vid havsytans nivå, momentanvärde, 1 gång/tim",hektopascal,1947-02-02T06:00:00Z,1947-02-02T07:00:00+01:00,-723060000000,,1027.1,1027.1,Y,,corrected-archive-csv
162860,Luleå-Kallax Flygplats,9,Lufttryck reducerat havsytans nivå,"vid havsytans nivå, momentanvärde, 1 gång/tim",hektopascal,1947-02-02T12:00:00Z,1947-02-02T13:00:00+01:00,-723038400000,,1027.2,1027.2,Y,,corrected-archive-csv
162860,Luleå-Kallax Flygplats,9,Lufttryck reducerat havsytans nivå,"vid havsytans nivå, momentanvärde, 1 gång/tim",hektopascal,1947-02-02T18:00:00Z,1947-02-02T19:00:00+01:00,-723016800000,,1026.8,1026.8,Y,,corrected-archive-csv
162860,Luleå-Kallax Flygplats,9,Lufttryck reducerat havsytans nivå,"vid havsytans nivå, momentanvärde, 1 gång/tim",hektopascal,1947-02-03T00:00:00Z,1947-02-03T01:00:00+01:00,-722995200000,,1026.3,1026.3,Y,,corrected-archive-csv
162860,Luleå-Kallax Flygplats,9,Lufttryck reducerat havsytans nivå,"vid havsytans nivå, momentanvärde, 1 gång/tim",hektopascal,1947-02-03T06:00:00Z,1947-02-03T07:00:00+01:00,-722973600000,,1026.0,1026.0,Y,,corrected-archive-csv
162860,Luleå-Kallax Flygplats,9,Lufttryck reducerat havsytans nivå,"vid havsytans nivå, momentanvärde, 1 gång/tim",hektopascal,1947-02-03T12:00:00Z,1947-02-03T13:00:00+01:00,-722952000000,,1026.2,1026.2,Y,,corrected-archive-csv
162860,Luleå-Kallax Flygplats,9,Lufttryck reducerat havsytans nivå,"vid havsytans nivå, momentanvärde, 1 gång/tim",hektopascal,1947-02-03T18:00:00Z,1947-02-03T19:00:00+01:00,-722930400000,,1026.1,1026.1,Y,,corrected-archive-csv
162860,Luleå-Kallax Flygplats,9,Lufttryck reducerat havsytans nivå,"vid havsytans nivå, momentanvärde, 1 gång/tim",hektopascal,1947-02-04T00:00:00Z,1947-02-04T01:00:00+01:00,-722908800000,,1027.4,1027.4,Y,,corrected-archive-csv
162860,Luleå-Kallax Flygplats,9,Lufttryck reducerat havsytans nivå,"vid havsytans nivå, momentanvärde, 1 gång/tim",hektopascal,1947-02-04T06:00:00Z,1947-02-04T07:00:00+01:00,-722887200000,,1028.0,1028.0,Y,,corrected-archive-csv
162860,Luleå-Kallax Flygplats,9,Lufttryck reducerat havsytans nivå,"vid havsytans nivå, momentanvärde, 1 gång/tim",hektopascal,1947-02-04T12:00:00Z,1947-02-04T13:00:00+01:00,-722865600000,,1030.1,1030.1,Y,,corrected-archive-csv
162860,Luleå-Kallax Flygplats,9,Lufttryck reducerat havsytans nivå,"vid havsytans nivå, momentanvärde, 1 gång/tim",hektopascal,1947-02-04T18:00:00Z,1947-02-04T19:00:00+01:00,-722844000000,,1031.1,1031.1,Y,,corrected-archive-csv
162860,Luleå-Kallax Flygplats,9,Lufttryck reducerat havsytans nivå,"vid havsytans nivå, momentanvärde, 1 gång/tim",hektopascal,1947-02-05T00:00:00Z,1947-02-05T01:00:00+01:00,-722822400000,,1031.6,1031.6,Y,,corrected-archive-csv
162860,Luleå-Kallax Flygplats,9,Lufttryck reducerat havsytans nivå,"vid havsytans nivå, momentanvärde, 1 gång/tim",hektopascal,1947-02-05T06:00:00Z,1947-02-05T07:00:00+01:00,-722800800000,,1030.7,1030.7,Y,,corrected-archive-csv
162860,Luleå-Kallax Flygplats,9,Lufttryck reducerat havsytans nivå,"vid havsytans nivå, momentanvärde, 1 gång/tim",hektopascal,1947-02-05T12:00:00Z,1947-02-05T13:00:00+01:00,-722779200000,,1029.8,1029.8,Y,,corrected-archive-csv
162860,Luleå-Kallax Flygplats,9,Lufttryck reducerat havsytans nivå,"vid havsytans nivå, momentanvärde, 1 gång/tim",hektopascal,1947-02-05T18:00:00Z,1947-02-05T19:00:00+01:00,-722757600000,,1028.3,1028.3,Y,,corrected-archive-csv
162860,Luleå-Kallax Flygplats,9,Lufttryck reducerat havsytans nivå,"vid havsytans nivå, momentanvärde, 1 gång/tim",hektopascal,1947-02-06T00:00:00Z,1947-02-06T01:00:00+01:00,-722736000000,,1027.6,1027.6,Y,,corrected-archive-csv
162860,Luleå-Kallax Flygplats,9,Lufttryck reducerat havsytans nivå,"vid havsytans nivå, momentanvärde, 1 gång/tim",hektopascal,1947-02-06T06:00:00Z,1947-02-06T07:00:00+01:00,-722714400000,,1025.3,1025.3,Y,,corrected-archive-csv
162860,Luleå-Kallax Flygplats,9,Lufttryck reducerat havsytans nivå,"vid havsytans nivå, momentanvärde, 1 gång/tim",hektopascal,1947-02-06T12:00:00Z,1947-02-06T13:00:00+01:00,-722692800000,,1024.6,1024.6,Y,,corrected-archive-csv
162860,Luleå-Kallax Flygplats,9,Lufttryck reducerat havsytans nivå,"vid havsytans nivå, momentanvärde, 1 gång/tim",hektopascal,1947-02-06T18:00:00Z,1947-02-06T19:00:00+01:00,-722671200000,,1022.7,1022.7,Y,,corrected-archive-csv
162860,Luleå-Kallax Flygplats,9,Lufttryck reducerat havsytans nivå,"vid havsytans nivå, momentanvärde, 1 gång/tim",hektopascal,1947-02-07T00:00:00Z,1947-02-07T01:00:00+01:00,-722649600000,,1021.4,1021.4,Y,,corrected-archive-csv
162860,Luleå-Kallax Flygplats,9,Lufttryck reducerat havsytans nivå,"vid havsytans nivå, momentanvärde, 1 gång/tim",hektopascal,1947-02-07T06:00:00Z,1947-02-07T07:00:00+01:00,-722628000000,,1019.0,1019.0,Y,,corrected-archive-csv
162860,Luleå-Kallax Flygplats,9,Lufttryck reducerat havsytans nivå,"vid havsytans nivå, momentanvärde, 1 gång/tim",hektopascal,1947-02-07T12:00:00Z,1947-02-07T13:00:00+01:00,-722606400000,,1018.1,1018.1,Y,,corrected-archive-csv
162860,Luleå-Kallax Flygplats,9,Lufttryck reducerat havsytans nivå,"vid havsytans nivå, momentanvärde, 1 gång/tim",hektopascal,1947-02-07T18:00:00Z,1947-02-07T19:00:00+01:00,-722584800000,,1017.1,1017.1,Y,,corrected-archive-csv
162860,Luleå-Kallax Flygplats,9,Lufttryck reducerat havsytans nivå,"vid havsytans nivå, momentanvärde, 1 gång/tim",hektopascal,1947-02-08T00:00:00Z,1947-02-08T01:00:00+01:00,-722563200000,,1017.9,1017.9,Y,,corrected-archive-csv
162860,Luleå-Kallax Flygplats,9,Lufttryck reducerat havsytans nivå,"vid havsytans nivå, momentanvärde, 1 gång/tim",hektopascal,1947-02-08T06:00:00Z,1947-02-08T07:00:00+01:00,-722541600000,,1019.6,1019.6,Y,,corrected-archive-csv
162860,Luleå-Kallax Flygplats,9,Lufttryck reducerat havsytans nivå,"vid havsytans nivå, momentanvärde, 1 gång/tim",hektopascal,1947-02-08T12:00:00Z,1947-02-08T13:00:00+01:00,-722520000000,,1021.1,1021.1,Y,,corrected-archive-csv
162860,Luleå-Kallax Flygplats,9,Lufttryck reducerat havsytans nivå,"vid havsytans nivå, momentanvärde, 1 gång/tim",hektopascal,1947-02-08T18:00:00Z,1947-02-08T19:00:00+01:00,-722498400000,,1023.5,1023.5,Y,,corrected-archive-csv
162860,Luleå-Kallax Flygplats,9,Lufttryck reducerat havsytans nivå,"vid havsytans nivå, momentanvärde, 1 gång/tim",hektopascal,1947-02-09T00:00:00Z,1947-02-09T01:00:00+01:00,-722476800000,,1027.6,1027.6,Y,,corrected-archive-csv
162860,Luleå-Kallax Flygplats,9,Lufttryck reducerat havsytans nivå,"vid havsytans nivå, momentanvärde, 1 gång/tim",hektopascal,1947-02-09T06:00:00Z,1947-02-09T07:00:00+01:00,-722455200000,,1030.2,1030.2,Y,,corrected-archive-csv
162860,Luleå-Kallax Flygplats,9,Lufttryck reducerat havsytans nivå,"vid havsytans nivå, momentanvärde, 1 gång/tim",hektopascal,1947-02-09T12:00:00Z,1947-02-09T13:00:00+01:00,-722433600000,,1031.6,1031.6,Y,,corrected-archive-csv
162860,Luleå-Kallax Flygplats,9,Lufttryck reducerat havsytans nivå,"vid havsytans nivå, momentanvärde, 1 gång/tim",hektopascal,1947-02-09T18:00:00Z,1947-02-09T19:00:00+01:00,-722412000000,,1031.1,1031.1,Y,,corrected-archive-csv
162860,Luleå-Kallax Flygplats,9,Lufttryck reducerat havsytans nivå,"vid havsytans nivå, momentanvärde, 1 gång/tim",hektopascal,1947-02-10T00:00:00Z,1947-02-10T01:00:00+01:00,-722390400000,,1030.2,1030.2,Y,,corrected-archive-csv
162860,Luleå-Kallax Flygplats,9,Lufttryck reducerat havsytans nivå,"vid havsytans nivå, momentanvärde, 1 gång/tim",hektopascal,1947-02-10T06:00:00Z,1947-02-10T07:00:00+01:00,-722368800000,,1027.7,1027.7,Y,,corrected-archive-csv
162860,Luleå-Kallax Flygplats,9,Lufttryck reducerat havsytans nivå,"vid havsytans nivå, momentanvärde, 1 gång/tim",hektopascal,1947-02-10T12:00:00Z,1947-02-10T13:00:00+01:00,-722347200000,,1024.6,1024.6,Y,,corrected-archive-csv
162860,Luleå-Kallax Flygplats,9,Lufttryck reducerat havsytans nivå,"vid havsytans nivå, momentanvärde, 1 gång/tim",hektopascal,1947-02-10T18:00:00Z,1947-02-10T19:00:00+01:00,-722325600000,,1020.1,1020.1,Y,,corrected-archive-csv
162860,Luleå-Kallax Flygplats,9,Lufttryck reducerat havsytans nivå,"vid havsytans nivå, momentanvärde, 1 gång/tim",hektopascal,1947-02-11T00:00:00Z,1947-02-11T01:00:00+01:00,-722304000000,,1017.3,1017.3,Y,,corrected-archive-csv
162860,Luleå-Kallax Flygplats,9,Lufttryck reducerat havsytans nivå,"vid havsytans nivå, momentanvärde, 1 gång/tim",hektopascal,1947-02-11T06:00:00Z,1947-02-11T07:00:00+01:00,-722282400000,,1012.0,1012.0,Y,,corrected-archive-csv
162860,Luleå-Kallax Flygplats,9,Lufttryck reducerat havsytans nivå,"vid havsytans nivå, momentanvärde, 1 gång/tim",hektopascal,1947-02-11T12:00:00Z,1947-02-11T13:00:00+01:00,-722260800000,,1009.5,1009.5,Y,,corrected-archive-csv
162860,Luleå-Kallax Flygplats,9,Lufttryck reducerat havsytans nivå,"vid havsytans nivå, momentanvärde, 1 gång/tim",hektopascal,1947-02-11T18:00:00Z,1947-02-11T19:00:00+01:00,-722239200000,,1011.8,1011.8,Y,,corrected-archive-csv
162860,Luleå-Kallax Flygplats,9,Lufttryck reducerat havsytans nivå,"vid havsytans nivå, momentanvärde, 1 gång/tim",hektopascal,1947-02-12T00:00:00Z,1947-02-12T01:00:00+01:00,-722217600000,,1014.0,1014.0,Y,,corrected-archive-csv
162860,Luleå-Kallax Flygplats,9,Lufttryck reducerat havsytans nivå,"vid havsytans nivå, momentanvärde, 1 gång/tim",hektopascal,1947-02-12T06:00:00Z,1947-02-12T07:00:00+01:00,-722196000000,,1013.9,1013.9,Y,,corrected-archive-csv
162860,Luleå-Kallax Flygplats,9,Lufttryck reducerat havsytans nivå,"vid havsytans nivå, momentanvärde, 1 gång/tim",hektopascal,1947-02-12T12:00:00Z,1947-02-12T13:00:00+01:00,-722174400000,,1014.2,1014.2,Y,,corrected-archive-csv
162860,Luleå-Kallax Flygplats,9,Lufttryck reducerat havsytans nivå,"vid havsytans nivå, momentanvärde, 1 gång/tim",hektopascal,1947-02-12T18:00:00Z,1947-02-12T19:00:00+01:00,-722152800000,,1015.5,1015.5,Y,,corrected-archive-csv
162860,Luleå-Kallax Flygplats,9,Lufttryck reducerat havsytans nivå,"vid havsytans nivå, momentanvärde, 1 gång/tim",hektopascal,1947-02-13T00:00:00Z,1947-02-13T01:00:00+01:00,-722131200000,,1017.2,1017.2,Y,,corrected-archive-csv
162860,Luleå-Kallax Flygplats,9,Lufttryck reducerat havsytans nivå,"vid havsytans nivå, momentanvärde, 1 gång/tim",hektopascal,1947-02-13T06:00:00Z,1947-02-13T07:00:00+01:00,-722109600000,,1018.0,1018.0,Y,,corrected-archive-csv
162860,Luleå-Kallax Flygplats,9,Lufttryck reducerat havsytans nivå,"vid havsytans nivå, momentanvärde, 1 gång/tim",hektopascal,1947-02-13T12:00:00Z,1947-02-13T13:00:00+01:00,-722088000000,,1019.7,1019.7,Y,,corrected-archive-csv
162860,Luleå-Kallax Flygplats,9,Lufttryck reducerat havsytans nivå,"vid havsytans nivå, momentanvärde, 1 gång/tim",hektopascal,1947-02-13T18:00:00Z,1947-02-13T19:00:00+01:00,-722066400000,,1023.0,1023.0,Y,,corrected-archive-csv
162860,Luleå-Kallax Flygplats,9,Lufttryck reducerat havsytans nivå,"vid havsytans nivå, momentanvärde, 1 gång/tim",hektopascal,1947-02-14T00:00:00Z,1947-02-14T01:00:00+01:00,-722044800000,,1024.2,1024.2,Y,,corrected-archive-csv
162860,Luleå-Kallax Flygplats,9,Lufttryck reducerat havsytans nivå,"vid havsytans nivå, momentanvärde, 1 gång/tim",hektopascal,1947-02-14T06:00:00Z,1947-02-14T07:00:00+01:00,-722023200000,,1025.2,1025.2,Y,,corrected-archive-csv
162860,Luleå-Kallax Flygplats,9,Lufttryck reducerat havsytans nivå,"vid havsytans nivå, momentanvärde, 1 gång/tim",hektopascal,1947-02-14T12:00:00Z,1947-02-14T13:00:00+01:00,-722001600000,,1025.0,1025.0,Y,,corrected-archive-csv
162860,Luleå-Kallax Flygplats,9,Lufttryck reducerat havsytans nivå,"vid havsytans nivå, momentanvärde, 1 gång/tim",hektopascal,1947-02-14T18:00:00Z,1947-02-14T19:00:00+01:00,-721980000000,,1023.6,1023.6,Y,,corrected-archive-csv
162860,Luleå-Kallax Flygplats,9,Lufttryck reducerat havsytans nivå,"vid havsytans nivå, momentanvärde, 1 gång/tim",hektopascal,1947-02-15T00:00:00Z,1947-02-15T01:00:00+01:00,-721958400000,,1023.6,1023.6,Y,,corrected-archive-csv
162860,Luleå-Kallax Flygplats,9,Lufttryck reducerat havsytans nivå,"vid havsytans nivå, momentanvärde, 1 gång/tim",hektopascal,1947-02-15T06:00:00Z,1947-02-15T07:00:00+01:00,-721936800000,,1024.3,1024.3,Y,,corrected-archive-csv
162860,Luleå-Kallax Flygplats,9,Lufttryck reducerat havsytans nivå,"vid havsytans nivå, momentanvärde, 1 gång/tim",hektopascal,1947-02-15T12:00:00Z,1947-02-15T13:00:00+01:00,-721915200000,,1026.1,1026.1,Y,,corrected-archive-csv
162860,Luleå-Kallax Flygplats,9,Lufttryck reducerat havsytans nivå,"vid havsytans nivå, momentanvärde, 1 gång/tim",hektopascal,1947-02-15T18:00:00Z,1947-02-15T19:00:00+01:00,-721893600000,,1027.0,1027.0,Y,,corrected-archive-csv
162860,Luleå-Kallax Flygplats,9,Lufttryck reducerat havsytans nivå,"vid havsytans nivå, momentanvärde, 1 gång/tim",hektopascal,1947-02-16T00:00:00Z,1947-02-16T01:00:00+01:00,-721872000000,,1028.1,1028.1,Y,,corrected-archive-csv
162860,Luleå-Kallax Flygplats,9,Lufttryck reducerat havsytans nivå,"vid havsytans nivå, momentanvärde, 1 gång/tim",hektopascal,1947-02-16T06:00:00Z,1947-02-16T07:00:00+01:00,-721850400000,,1027.9,1027.9,Y,,corrected-archive-csv
162860,Luleå-Kallax Flygplats,9,Lufttryck reducerat havsytans nivå,"vid havsytans nivå, momentanvärde, 1 gång/tim",hektopascal,1947-02-16T12:00:00Z,1947-02-16T13:00:00+01:00,-721828800000,,1026.1,1026.1,Y,,corrected-archive-csv
162860,Luleå-Kallax Flygplats,9,Lufttryck reducerat havsytans nivå,"vid havsytans nivå, momentanvärde, 1 gång/tim",hektopascal,1947-02-16T18:00:00Z,1947-02-16T19:00:00+01:00,-721807200000,,1023.3,1023.3,Y,,corrected-archive-csv
162860,Luleå-Kallax Flygplats,9,Lufttryck reducerat havsytans nivå,"vid havsytans nivå, momentanvärde, 1 gång/tim",hektopascal,1947-02-17T00:00:00Z,1947-02-17T01:00:00+01:00,-721785600000,,1023.2,1023.2,Y,,corrected-archive-csv
162860,Luleå-Kallax Flygplats,9,Lufttryck reducerat havsytans nivå,"vid havsytans nivå, momentanvärde, 1 gång/tim",hektopascal,1947-02-17T06:00:00Z,1947-02-17T07:00:00+01:00,-721764000000,,1024.5,1024.5,Y,,corrected-archive-csv
162860,Luleå-Kallax Flygplats,9,Lufttryck reducerat havsytans nivå,"vid havsytans nivå, momentanvärde, 1 gång/tim",hektopascal,1947-02-17T12:00:00Z,1947-02-17T13:00:00+01:00,-721742400000,,1025.6,1025.6,Y,,corrected-archive-csv
162860,Luleå-Kallax Flygplats,9,Lufttryck reducerat havsytans nivå,"vid havsytans nivå, momentanvärde, 1 gång/tim",hektopascal,1947-02-17T18:00:00Z,1947-02-17T19:00:00+01:00,-721720800000,,1025.9,1025.9,Y,,corrected-archive-csv
162860,Luleå-Kallax Flygplats,9,Lufttryck reducerat havsytans nivå,"vid havsytans nivå, momentanvärde, 1 gång/tim",hektopascal,1947-02-18T00:00:00Z,1947-02-18T01:00:00+01:00,-721699200000,,1027.1,1027.1,Y,,corrected-archive-csv
162860,Luleå-Kallax Flygplats,9,Lufttryck reducerat havsytans nivå,"vid havsytans nivå, momentanvärde, 1 gång/tim",hektopascal,1947-02-18T06:00:00Z,1947-02-18T07:00:00+01:00,-721677600000,,1028.2,1028.2,Y,,corrected-archive-csv
162860,Luleå-Kallax Flygplats,9,Lufttryck reducerat havsytans nivå,"vid havsytans nivå, momentanvärde, 1 gång/tim",hektopascal,1947-02-18T12:00:00Z,1947-02-18T13:00:00+01:00,-721656000000,,1030.7,1030.7,Y,,corrected-archive-csv
162860,Luleå-Kallax Flygplats,9,Lufttryck reducerat havsytans nivå,"vid havsytans nivå, momentanvärde, 1 gång/tim",hektopascal,1947-02-18T18:00:00Z,1947-02-18T19:00:00+01:00,-721634400000,,1031.8,1031.8,Y,,corrected-archive-csv
162860,Luleå-Kallax Flygplats,9,Lufttryck reducerat havsytans nivå,"vid havsytans nivå, momentanvärde, 1 gång/tim",hektopascal,1947-02-19T00:00:00Z,1947-02-19T01:00:00+01:00,-721612800000,,1032.1,1032.1,Y,,corrected-archive-csv
162860,Luleå-Kallax Flygplats,9,Lufttryck reducerat havsytans nivå,"vid havsytans nivå, momentanvärde, 1 gång/tim",hektopascal,1947-02-19T06:00:00Z,1947-02-19T07:00:00+01:00,-721591200000,,1030.2,1030.2,Y,,corrected-archive-csv
162860,Luleå-Kallax Flygplats,9,Lufttryck reducerat havsytans nivå,"vid havsytans nivå, momentanvärde, 1 gång/tim",hektopascal,1947-02-19T13:00:00Z,1947-02-19T14:00:00+01:00,-721566000000,,1030.1,1030.1,Y,,corrected-archive-csv
162860,Luleå-Kallax Flygplats,9,Lufttryck reducerat havsytans nivå,"vid havsytans nivå, momentanvärde, 1 gång/tim",hektopascal,1947-02-19T18:00:00Z,1947-02-19T19:00:00+01:00,-721548000000,,1027.8,1027.8,Y,,corrected-archive-csv
162860,Luleå-Kallax Flygplats,9,Lufttryck reducerat havsytans nivå,"vid havsytans nivå, momentanvärde, 1 gång/tim",hektopascal,1947-02-20T00:00:00Z,1947-02-20T01:00:00+01:00,-721526400000,,1025.8,1025.8,Y,,corrected-archive-csv
162860,Luleå-Kallax Flygplats,9,Lufttryck reducerat havsytans nivå,"vid havsytans nivå, momentanvärde, 1 gång/tim",hektopascal,1947-02-20T06:00:00Z,1947-02-20T07:00:00+01:00,-721504800000,,1023.1,1023.1,Y,,corrected-archive-csv
162860,Luleå-Kallax Flygplats,9,Lufttryck reducerat havsytans nivå,"vid havsytans nivå, momentanvärde, 1 gång/tim",hektopascal,1947-02-20T12:00:00Z,1947-02-20T13:00:00+01:00,-721483200000,,1022.4,1022.4,Y,,corrected-archive-csv
162860,Luleå-Kallax Flygplats,9,Lufttryck reducerat havsytans nivå,"vid havsytans nivå, momentanvärde, 1 gång/tim",hektopascal,1947-02-20T18:00:00Z,1947-02-20T19:00:00+01:00,-721461600000,,1021.7,1021.7,Y,,corrected-archive-csv
162860,Luleå-Kallax Flygplats,9,Lufttryck reducerat havsytans nivå,"vid havsytans nivå, momentanvärde, 1 gång/tim",hektopascal,1947-02-21T00:00:00Z,1947-02-21T01:00:00+01:00,-721440000000,,1022.1,1022.1,Y,,corrected-archive-csv
162860,Luleå-Kallax Flygplats,9,Lufttryck reducerat havsytans nivå,"vid havsytans nivå, momentanvärde, 1 gång/tim",hektopascal,1947-02-21T06:00:00Z,1947-02-21T07:00:00+01:00,-721418400000,,1022.5,1022.5,Y,,corrected-archive-csv
162860,Luleå-Kallax Flygplats,9,Lufttryck reducerat havsytans nivå,"vid havsytans nivå, momentanvärde, 1 gång/tim",hektopascal,1947-02-21T12:00:00Z,1947-02-21T13:00:00+01:00,-721396800000,,1023.6,1023.6,Y,,corrected-archive-csv
162860,Luleå-Kallax Flygplats,9,Lufttryck reducerat havsytans nivå,"vid havsytans nivå, momentanvärde, 1 gång/tim",hektopascal,1947-02-21T18:00:00Z,1947-02-21T19:00:00+01:00,-721375200000,,1023.8,1023.8,Y,,corrected-archive-csv
162860,Luleå-Kallax Flygplats,9,Lufttryck reducerat havsytans nivå,"vid havsytans nivå, momentanvärde, 1 gång/tim",hektopascal,1947-02-22T00:00:00Z,1947-02-22T01:00:00+01:00,-721353600000,,1024.0,1024.0,Y,,corrected-archive-csv
162860,Luleå-Kallax Flygplats,9,Lufttryck reducerat havsytans nivå,"vid havsytans nivå, momentanvärde, 1 gång/tim",hektopascal,1947-02-22T06:00:00Z,1947-02-22T07:00:00+01:00,-721332000000,,1022.6,1022.6,Y,,corrected-archive-csv
162860,Luleå-Kallax Flygplats,9,Lufttryck reducerat havsytans nivå,"vid havsytans nivå, momentanvärde, 1 gång/tim",hektopascal,1947-02-22T12:00:00Z,1947-02-22T13:00:00+01:00,-721310400000,,1022.0,1022.0,Y,,corrected-archive-csv
162860,Luleå-Kallax Flygplats,9,Lufttryck reducerat havsytans nivå,"vid havsytans nivå, momentanvärde, 1 gång/tim",hektopascal,1947-02-22T18:00:00Z,1947-02-22T19:00:00+01:00,-721288800000,,1019.8,1019.8,Y,,corrected-archive-csv
162860,Luleå-Kallax Flygplats,9,Lufttryck reducerat havsytans nivå,"vid havsytans nivå, momentanvärde, 1 gång/tim",hektopascal,1947-02-23T00:00:00Z,1947-02-23T01:00:00+01:00,-721267200000,,1018.4,1018.4,Y,,corrected-archive-csv
162860,Luleå-Kallax Flygplats,9,Lufttryck reducerat havsytans nivå,"vid havsytans nivå, momentanvärde, 1 gång/tim",hektopascal,1947-02-23T06:00:00Z,1947-02-23T07:00:00+01:00,-721245600000,,1017.4,1017.4,Y,,corrected-archive-csv
162860,Luleå-Kallax Flygplats,9,Lufttryck reducerat havsytans nivå,"vid havsytans nivå, momentanvärde, 1 gång/tim",hektopascal,1947-02-23T12:00:00Z,1947-02-23T13:00:00+01:00,-721224000000,,1016.0,1016.0,Y,,corrected-archive-csv
162860,Luleå-Kallax Flygplats,9,Lufttryck reducerat havsytans nivå,"vid havsytans nivå, momentanvärde, 1 gång/tim",hektopascal,1947-02-23T18:00:00Z,1947-02-23T19:00:00+01:00,-721202400000,,1015.0,1015.0,Y,,corrected-archive-csv
162860,Luleå-Kallax Flygplats,9,Lufttryck reducerat havsytans nivå,"vid havsytans nivå, momentanvärde, 1 gång/tim",hektopascal,1947-02-24T00:00:00Z,1947-02-24T01:00:00+01:00,-721180800000,,1013.8,1013.8,Y,,corrected-archive-csv
162860,Luleå-Kallax Flygplats,9,Lufttryck reducerat havsytans nivå,"vid havsytans nivå, momentanvärde, 1 gång/tim",hektopascal,1947-02-24T06:00:00Z,1947-02-24T07:00:00+01:00,-721159200000,,1011.2,1011.2,Y,,corrected-archive-csv
162860,Luleå-Kallax Flygplats,9,Lufttryck reducerat havsytans nivå,"vid havsytans nivå, momentanvärde, 1 gång/tim",hektopascal,1947-02-24T12:00:00Z,1947-02-24T13:00:00+01:00,-721137600000,,1009.1,1009.1,Y,,corrected-archive-csv
162860,Luleå-Kallax Flygplats,9,Lufttryck reducerat havsytans nivå,"vid havsytans nivå, momentanvärde, 1 gång/tim",hektopascal,1947-02-24T18:00:00Z,1947-02-24T19:00:00+01:00,-721116000000,,1008.1,1008.1,Y,,corrected-archive-csv
162860,Luleå-Kallax Flygplats,9,Lufttryck reducerat havsytans nivå,"vid havsytans nivå, momentanvärde, 1 gång/tim",hektopascal,1947-02-25T00:00:00Z,1947-02-25T01:00:00+01:00,-721094400000,,1008.9,1008.9,Y,,corrected-archive-csv
162860,Luleå-Kallax Flygplats,9,Lufttryck reducerat havsytans nivå,"vid havsytans nivå, momentanvärde, 1 gång/tim",hektopascal,1947-02-25T06:00:00Z,1947-02-25T07:00:00+01:00,-721072800000,,1010.7,1010.7,Y,,corrected-archive-csv
162860,Luleå-Kallax Flygplats,9,Lufttryck reducerat havsytans nivå,"vid havsytans nivå, momentanvärde, 1 gång/tim",hektopascal,1947-02-25T12:00:00Z,1947-02-25T13:00:00+01:00,-721051200000,,1015.3,1015.3,Y,,corrected-archive-csv
162860,Luleå-Kallax Flygplats,9,Lufttryck reducerat havsytans nivå,"vid havsytans nivå, momentanvärde, 1 gång/tim",hektopascal,1947-02-25T18:00:00Z,1947-02-25T19:00:00+01:00,-721029600000,,1018.6,1018.6,Y,,corrected-archive-csv
162860,Luleå-Kallax Flygplats,9,Lufttryck reducerat havsytans nivå,"vid havsytans nivå, momentanvärde, 1 gång/tim",hektopascal,1947-02-26T00:00:00Z,1947-02-26T01:00:00+01:00,-721008000000,,1022.8,1022.8,Y,,corrected-archive-csv
162860,Luleå-Kallax Flygplats,9,Lufttryck reducerat havsytans nivå,"vid havsytans nivå, momentanvärde, 1 gång/tim",hektopascal,1947-02-26T06:00:00Z,1947-02-26T07:00:00+01:00,-720986400000,,1025.0,1025.0,Y,,corrected-archive-csv
162860,Luleå-Kallax Flygplats,9,Lufttryck reducerat havsytans nivå,"vid havsytans nivå, momentanvärde, 1 gång/tim",hektopascal,1947-02-26T12:00:00Z,1947-02-26T13:00:00+01:00,-720964800000,,1026.4,1026.4,Y,,corrected-archive-csv
162860,Luleå-Kallax Flygplats,9,Lufttryck reducerat havsytans nivå,"vid havsytans nivå, momentanvärde, 1 gång/tim",hektopascal,1947-02-26T18:00:00Z,1947-02-26T19:00:00+01:00,-720943200000,,1027.0,1027.0,Y,,corrected-archive-csv
162860,Luleå-Kallax Flygplats,9,Lufttryck reducerat havsytans nivå,"vid havsytans nivå, momentanvärde, 1 gång/tim",hektopascal,1947-02-27T00:00:00Z,1947-02-27T01:00:00+01:00,-720921600000,,1028.3,1028.3,Y,,corrected-archive-csv
162860,Luleå-Kallax Flygplats,9,Lufttryck reducerat havsytans nivå,"vid havsytans nivå, momentanvärde, 1 gång/tim",hektopascal,1947-02-27T06:00:00Z,1947-02-27T07:00:00+01:00,-720900000000,,1028.7,1028.7,Y,,corrected-archive-csv
162860,Luleå-Kallax Flygplats,9,Lufttryck reducerat havsytans nivå,"vid havsytans nivå, momentanvärde, 1 gång/tim",hektopascal,1947-02-27T12:00:00Z,1947-02-27T13:00:00+01:00,-720878400000,,1027.4,1027.4,Y,,corrected-archive-csv
162860,Luleå-Kallax Flygplats,9,Lufttryck reducerat havsytans nivå,"vid havsytans nivå, momentanvärde, 1 gång/tim",hektopascal,1947-02-27T18:00:00Z,1947-02-27T19:00:00+01:00,-720856800000,,1025.0,1025.0,Y,,corrected-archive-csv
162860,Luleå-Kallax Flygplats,9,Lufttryck reducerat havsytans nivå,"vid havsytans nivå, momentanvärde, 1 gång/tim",hektopascal,1947-02-28T00:00:00Z,1947-02-28T01:00:00+01:00,-720835200000,,1022.8,1022.8,Y,,corrected-archive-csv
162860,Luleå-Kallax Flygplats,9,Lufttryck reducerat havsytans nivå,"vid havsytans nivå, momentanvärde, 1 gång/tim",hektopascal,1947-02-28T06:00:00Z,1947-02-28T07:00:00+01:00,-720813600000,,1019.0,1019.0,Y,,corrected-archive-csv
162860,Luleå-Kallax Flygplats,9,Lufttryck reducerat havsytans nivå,"vid havsytans nivå, momentanvärde, 1 gång/tim",hektopascal,1947-02-28T12:00:00Z,1947-02-28T13:00:00+01:00,-720792000000,,1017.6,1017.6,Y,,corrected-archive-csv
162860,Luleå-Kallax Flygplats,9,Lufttryck reducerat havsytans nivå,"vid havsytans nivå, momentanvärde, 1 gång/tim",hektopascal,1947-02-28T18:00:00Z,1947-02-28T19:00:00+01:00,-720770400000,,1016.3,1016.3,Y,,corrected-archive-csv
162860,Luleå-Kallax Flygplats,9,Lufttryck reducerat havsytans nivå,"vid havsytans nivå, momentanvärde, 1 gång/tim",hektopascal,1947-03-01T00:00:00Z,1947-03-01T01:00:00+01:00,-720748800000,,1013.7,1013.7,Y,,corrected-archive-csv
162860,Luleå-Kallax Flygplats,9,Lufttryck reducerat havsytans nivå,"vid havsytans nivå, momentanvärde, 1 gång/tim",hektopascal,1947-03-01T06:00:00Z,1947-03-01T07:00:00+01:00,-720727200000,,1009.8,1009.8,Y,,corrected-archive-csv
162860,Luleå-Kallax Flygplats,9,Lufttryck reducerat havsytans nivå,"vid havsytans nivå, momentanvärde, 1 gång/tim",hektopascal,1947-03-01T12:00:00Z,1947-03-01T13:00:00+01:00,-720705600000,,1009.7,1009.7,Y,,corrected-archive-csv
162860,Luleå-Kallax Flygplats,9,Lufttryck reducerat havsytans nivå,"vid havsytans nivå, momentanvärde, 1 gång/tim",hektopascal,1947-03-01T18:00:00Z,1947-03-01T19:00:00+01:00,-720684000000,,1011.2,1011.2,Y,,corrected-archive-csv
162860,Luleå-Kallax Flygplats,9,Lufttryck reducerat havsytans nivå,"vid havsytans nivå, momentanvärde, 1 gång/tim",hektopascal,1947-03-02T00:00:00Z,1947-03-02T01:00:00+01:00,-720662400000,,1012.4,1012.4,Y,,corrected-archive-csv
162860,Luleå-Kallax Flygplats,9,Lufttryck reducerat havsytans nivå,"vid havsytans nivå, momentanvärde, 1 gång/tim",hektopascal,1947-03-02T06:00:00Z,1947-03-02T07:00:00+01:00,-720640800000,,1012.6,1012.6,Y,,corrected-archive-csv
162860,Luleå-Kallax Flygplats,9,Lufttryck reducerat havsytans nivå,"vid havsytans nivå, momentanvärde, 1 gång/tim",hektopascal,1947-03-02T12:00:00Z,1947-03-02T13:00:00+01:00,-720619200000,,1011.0,1011.0,Y,,corrected-archive-csv
162860,Luleå-Kallax Flygplats,9,Lufttryck reducerat havsytans nivå,"vid havsytans nivå, momentanvärde, 1 gång/tim",hektopascal,1947-03-02T18:00:00Z,1947-03-02T19:00:00+01:00,-720597600000,,1008.0,1008.0,Y,,corrected-archive-csv
162860,Luleå-Kallax Flygplats,9,Lufttryck reducerat havsytans nivå,"vid havsytans nivå, momentanvärde, 1 gång/tim",hektopascal,1947-03-03T01:00:00Z,1947-03-03T02:00:00+01:00,-720572400000,,1005.5,1005.5,Y,,corrected-archive-csv
162860,Luleå-Kallax Flygplats,9,Lufttryck reducerat havsytans nivå,"vid havsytans nivå, momentanvärde, 1 gång/tim",hektopascal,1947-03-03T06:00:00Z,1947-03-03T07:00:00+01:00,-720554400000,,1004.6,1004.6,Y,,corrected-archive-csv
162860,Luleå-Kallax Flygplats,9,Lufttryck reducerat havsytans nivå,"vid havsytans nivå, momentanvärde, 1 gång/tim",hektopascal,1947-03-03T12:00:00Z,1947-03-03T13:00:00+01:00,-720532800000,,1005.3,1005.3,G,,corrected-archive-csv
162860,Luleå-Kallax Flygplats,9,Lufttryck reducerat havsytans nivå,"vid havsytans nivå, momentanvärde, 1 gång/tim",hektopascal,1947-03-03T18:00:00Z,1947-03-03T19:00:00+01:00,-720511200000,,1006.1,1006.1,Y,,corrected-archive-csv
162860,Luleå-Kallax Flygplats,9,Lufttryck reducerat havsytans nivå,"vid havsytans nivå, momentanvärde, 1 gång/tim",hektopascal,1947-03-04T00:00:00Z,1947-03-04T01:00:00+01:00,-720489600000,,1006.4,1006.4,Y,,corrected-archive-csv
162860,Luleå-Kallax Flygplats,9,Lufttryck reducerat havsytans nivå,"vid havsytans nivå, momentanvärde, 1 gång/tim",hektopascal,1947-03-04T06:00:00Z,1947-03-04T07:00:00+01:00,-720468000000,,1008.4,1008.4,Y,,corrected-archive-csv
162860,Luleå-Kallax Flygplats,9,Lufttryck reducerat havsytans nivå,"vid havsytans nivå, momentanvärde, 1 gång/tim",hektopascal,1947-03-04T12:00:00Z,1947-03-04T13:00:00+01:00,-720446400000,,1009.9,1009.9,Y,,corrected-archive-csv
162860,Luleå-Kallax Flygplats,9,Lufttryck reducerat havsytans nivå,"vid havsytans nivå, momentanvärde, 1 gång/tim",hektopascal,1947-03-04T18:00:00Z,1947-03-04T19:00:00+01:00,-720424800000,,1010.9,1010.9,Y,,corrected-archive-csv
162860,Luleå-Kallax Flygplats,9,Lufttryck reducerat havsytans nivå,"vid havsytans nivå, momentanvärde, 1 gång/tim",hektopascal,1947-03-05T00:00:00Z,1947-03-05T01:00:00+01:00,-720403200000,,1013.7,1013.7,Y,,corrected-archive-csv
162860,Luleå-Kallax Flygplats,9,Lufttryck reducerat havsytans nivå,"vid havsytans nivå, momentanvärde, 1 gång/tim",hektopascal,1947-03-05T06:00:00Z,1947-03-05T07:00:00+01:00,-720381600000,,1016.4,1016.4,Y,,corrected-archive-csv
162860,Luleå-Kallax Flygplats,9,Lufttryck reducerat havsytans nivå,"vid havsytans nivå, momentanvärde, 1 gång/tim",hektopascal,1947-03-05T12:00:00Z,1947-03-05T13:00:00+01:00,-720360000000,,1018.2,1018.2,Y,,corrected-archive-csv
162860,Luleå-Kallax Flygplats,9,Lufttryck reducerat havsytans nivå,"vid havsytans nivå, momentanvärde, 1 gång/tim",hektopascal,1947-03-05T18:00:00Z,1947-03-05T19:00:00+01:00,-720338400000,,1018.4,1018.4,Y,,corrected-archive-csv
162860,Luleå-Kallax Flygplats,9,Lufttryck reducerat havsytans nivå,"vid havsytans nivå, momentanvärde, 1 gång/tim",hektopascal,1947-03-06T00:00:00Z,1947-03-06T01:00:00+01:00,-720316800000,,1017.0,1017.0,Y,,corrected-archive-csv
162860,Luleå-Kallax Flygplats,9,Lufttryck reducerat havsytans nivå,"vid havsytans nivå, momentanvärde, 1 gång/tim",hektopascal,1947-03-06T06:00:00Z,1947-03-06T07:00:00+01:00,-720295200000,,1015.2,1015.2,Y,,corrected-archive-csv
162860,Luleå-Kallax Flygplats,9,Lufttryck reducerat havsytans nivå,"vid havsytans nivå, momentanvärde, 1 gång/tim",hektopascal,1947-03-06T12:00:00Z,1947-03-06T13:00:00+01:00,-720273600000,,1013.9,1013.9,Y,,corrected-archive-csv
162860,Luleå-Kallax Flygplats,9,Lufttryck reducerat havsytans nivå,"vid havsytans nivå, momentanvärde, 1 gång/tim",hektopascal,1947-03-06T18:00:00Z,1947-03-06T19:00:00+01:00,-720252000000,,1012.3,1012.3,Y,,corrected-archive-csv
162860,Luleå-Kallax Flygplats,9,Lufttryck reducerat havsytans nivå,"vid havsytans nivå, momentanvärde, 1 gång/tim",hektopascal,1947-03-07T00:00:00Z,1947-03-07T01:00:00+01:00,-720230400000,,1012.4,1012.4,Y,,corrected-archive-csv
162860,Luleå-Kallax Flygplats,9,Lufttryck reducerat havsytans nivå,"vid havsytans nivå, momentanvärde, 1 gång/tim",hektopascal,1947-03-07T06:00:00Z,1947-03-07T07:00:00+01:00,-720208800000,,1013.5,1013.5,Y,,corrected-archive-csv
162860,Luleå-Kallax Flygplats,9,Lufttryck reducerat havsytans nivå,"vid havsytans nivå, momentanvärde, 1 gång/tim",hektopascal,1947-03-07T12:00:00Z,1947-03-07T13:00:00+01:00,-720187200000,,1015.6,1015.6,Y,,corrected-archive-csv
162860,Luleå-Kallax Flygplats,9,Lufttryck reducerat havsytans nivå,"vid havsytans nivå, momentanvärde, 1 gång/tim",hektopascal,1947-03-07T18:00:00Z,1947-03-07T19:00:00+01:00,-720165600000,,1015.8,1015.8,Y,,corrected-archive-csv
162860,Luleå-Kallax Flygplats,9,Lufttryck reducerat havsytans nivå,"vid havsytans nivå, momentanvärde, 1 gång/tim",hektopascal,1947-03-08T00:00:00Z,1947-03-08T01:00:00+01:00,-720144000000,,1016.2,1016.2,Y,,corrected-archive-csv
162860,Luleå-Kallax Flygplats,9,Lufttryck reducerat havsytans nivå,"vid havsytans nivå, momentanvärde, 1 gång/tim",hektopascal,1947-03-08T06:00:00Z,1947-03-08T07:00:00+01:00,-720122400000,,1015.9,1015.9,Y,,corrected-archive-csv
162860,Luleå-Kallax Flygplats,9,Lufttryck reducerat havsytans nivå,"vid havsytans nivå, momentanvärde, 1 gång/tim",hektopascal,1947-03-08T12:00:00Z,1947-03-08T13:00:00+01:00,-720100800000,,1016.4,1016.4,Y,,corrected-archive-csv
162860,Luleå-Kallax Flygplats,9,Lufttryck reducerat havsytans nivå,"vid havsytans nivå, momentanvärde, 1 gång/tim",hektopascal,1947-03-08T18:00:00Z,1947-03-08T19:00:00+01:00,-720079200000,,1016.8,1016.8,Y,,corrected-archive-csv
162860,Luleå-Kallax Flygplats,9,Lufttryck reducerat havsytans nivå,"vid havsytans nivå, momentanvärde, 1 gång/tim",hektopascal,1947-03-09T00:00:00Z,1947-03-09T01:00:00+01:00,-720057600000,,1016.9,1016.9,Y,,corrected-archive-csv
162860,Luleå-Kallax Flygplats,9,Lufttryck reducerat havsytans nivå,"vid havsytans nivå, momentanvärde, 1 gång/tim",hektopascal,1947-03-09T06:00:00Z,1947-03-09T07:00:00+01:00,-720036000000,,1016.3,1016.3,Y,,corrected-archive-csv
162860,Luleå-Kallax Flygplats,9,Lufttryck reducerat havsytans nivå,"vid havsytans nivå, momentanvärde, 1 gång/tim",hektopascal,1947-03-09T12:00:00Z,1947-03-09T13:00:00+01:00,-720014400000,,1015.0,1015.0,Y,,corrected-archive-csv
162860,Luleå-Kallax Flygplats,9,Lufttryck reducerat havsytans nivå,"vid havsytans nivå, momentanvärde, 1 gång/tim",hektopascal,1947-03-09T18:00:00Z,1947-03-09T19:00:00+01:00,-719992800000,,1014.8,1014.8,Y,,corrected-archive-csv
162860,Luleå-Kallax Flygplats,9,Lufttryck reducerat havsytans nivå,"vid havsytans nivå, momentanvärde, 1 gång/tim",hektopascal,1947-03-10T00:00:00Z,1947-03-10T01:00:00+01:00,-719971200000,,1015.5,1015.5,Y,,corrected-archive-csv
162860,Luleå-Kallax Flygplats,9,Lufttryck reducerat havsytans nivå,"vid havsytans nivå, momentanvärde, 1 gång/tim",hektopascal,1947-03-10T06:00:00Z,1947-03-10T07:00:00+01:00,-719949600000,,1016.6,1016.6,Y,,corrected-archive-csv
162860,Luleå-Kallax Flygplats,9,Lufttryck reducerat havsytans nivå,"vid havsytans nivå, momentanvärde, 1 gång/tim",hektopascal,1947-03-10T12:00:00Z,1947-03-10T13:00:00+01:00,-719928000000,,1016.5,1016.5,Y,,corrected-archive-csv
162860,Luleå-Kallax Flygplats,9,Lufttryck reducerat havsytans nivå,"vid havsytans nivå, momentanvärde, 1 gång/tim",hektopascal,1947-03-10T18:00:00Z,1947-03-10T19:00:00+01:00,-719906400000,,1013.5,1013.5,Y,,corrected-archive-csv
162860,Luleå-Kallax Flygplats,9,Lufttryck reducerat havsytans nivå,"vid havsytans nivå, momentanvärde, 1 gång/tim",hektopascal,1947-03-11T00:00:00Z,1947-03-11T01:00:00+01:00,-719884800000,,1008.3,1008.3,Y,,corrected-archive-csv
162860,Luleå-Kallax Flygplats,9,Lufttryck reducerat havsytans nivå,"vid havsytans nivå, momentanvärde, 1 gång/tim",hektopascal,1947-03-11T06:00:00Z,1947-03-11T07:00:00+01:00,-719863200000,,1004.4,1004.4,Y,,corrected-archive-csv
162860,Luleå-Kallax Flygplats,9,Lufttryck reducerat havsytans nivå,"vid havsytans nivå, momentanvärde, 1 gång/tim",hektopascal,1947-03-11T12:00:00Z,1947-03-11T13:00:00+01:00,-719841600000,,1003.6,1003.6,Y,,corrected-archive-csv
162860,Luleå-Kallax Flygplats,9,Lufttryck reducerat havsytans nivå,"vid havsytans nivå, momentanvärde, 1 gång/tim",hektopascal,1947-03-11T18:00:00Z,1947-03-11T19:00:00+01:00,-719820000000,,1002.5,1002.5,Y,,corrected-archive-csv
162860,Luleå-Kallax Flygplats,9,Lufttryck reducerat havsytans nivå,"vid havsytans nivå, momentanvärde, 1 gång/tim",hektopascal,1947-03-12T00:00:00Z,1947-03-12T01:00:00+01:00,-719798400000,,1002.2,1002.2,Y,,corrected-archive-csv
162860,Luleå-Kallax Flygplats,9,Lufttryck reducerat havsytans nivå,"vid havsytans nivå, momentanvärde, 1 gång/tim",hektopascal,1947-03-12T06:00:00Z,1947-03-12T07:00:00+01:00,-719776800000,,1002.0,1002.0,Y,,corrected-archive-csv
162860,Luleå-Kallax Flygplats,9,Lufttryck reducerat havsytans nivå,"vid havsytans nivå, momentanvärde, 1 gång/tim",hektopascal,1947-03-12T12:00:00Z,1947-03-12T13:00:00+01:00,-719755200000,,1002.3,1002.3,Y,,corrected-archive-csv
162860,Luleå-Kallax Flygplats,9,Lufttryck reducerat havsytans nivå,"vid havsytans nivå, momentanvärde, 1 gång/tim",hektopascal,1947-03-12T18:00:00Z,1947-03-12T19:00:00+01:00,-719733600000,,1002.3,1002.3,Y,,corrected-archive-csv
162860,Luleå-Kallax Flygplats,9,Lufttryck reducerat havsytans nivå,"vid havsytans nivå, momentanvärde, 1 gång/tim",hektopascal,1947-03-13T00:00:00Z,1947-03-13T01:00:00+01:00,-719712000000,,1002.8,1002.8,Y,,corrected-archive-csv
162860,Luleå-Kallax Flygplats,9,Lufttryck reducerat havsytans nivå,"vid havsytans nivå, momentanvärde, 1 gång/tim",hektopascal,1947-03-13T06:00:00Z,1947-03-13T07:00:00+01:00,-719690400000,,1002.8,1002.8,Y,,corrected-archive-csv
162860,Luleå-Kallax Flygplats,9,Lufttryck reducerat havsytans nivå,"vid havsytans nivå, momentanvärde, 1 gång/tim",hektopascal,1947-03-13T12:00:00Z,1947-03-13T13:00:00+01:00,-719668800000,,1002.2,1002.2,Y,,corrected-archive-csv
162860,Luleå-Kallax Flygplats,9,Lufttryck reducerat havsytans nivå,"vid havsytans nivå, momentanvärde, 1 gång/tim",hektopascal,1947-03-13T18:00:00Z,1947-03-13T19:00:00+01:00,-719647200000,,1000.9,1000.9,Y,,corrected-archive-csv
162860,Luleå-Kallax Flygplats,9,Lufttryck reducerat havsytans nivå,"vid havsytans nivå, momentanvärde, 1 gång/tim",hektopascal,1947-03-14T00:00:00Z,1947-03-14T01:00:00+01:00,-719625600000,,998.4,998.4,Y,,corrected-archive-csv
162860,Luleå-Kallax Flygplats,9,Lufttryck reducerat havsytans nivå,"vid havsytans nivå, momentanvärde, 1 gång/tim",hektopascal,1947-03-14T06:00:00Z,1947-03-14T07:00:00+01:00,-719604000000,,996.1,996.1,Y,,corrected-archive-csv
162860,Luleå-Kallax Flygplats,9,Lufttryck reducerat havsytans nivå,"vid havsytans nivå, momentanvärde, 1 gång/tim",hektopascal,1947-03-14T12:00:00Z,1947-03-14T13:00:00+01:00,-719582400000,,995.3,995.3,Y,,corrected-archive-csv
162860,Luleå-Kallax Flygplats,9,Lufttryck reducerat havsytans nivå,"vid havsytans nivå, momentanvärde, 1 gång/tim",hektopascal,1947-03-14T18:00:00Z,1947-03-14T19:00:00+01:00,-719560800000,,995.8,995.8,Y,,corrected-archive-csv
162860,Luleå-Kallax Flygplats,9,Lufttryck reducerat havsytans nivå,"vid havsytans nivå, momentanvärde, 1 gång/tim",hektopascal,1947-03-15T00:00:00Z,1947-03-15T01:00:00+01:00,-719539200000,,996.7,996.7,Y,,corrected-archive-csv
162860,Luleå-Kallax Flygplats,9,Lufttryck reducerat havsytans nivå,"vid havsytans nivå, momentanvärde, 1 gång/tim",hektopascal,1947-03-15T06:00:00Z,1947-03-15T07:00:00+01:00,-719517600000,,998.2,998.2,Y,,corrected-archive-csv
162860,Luleå-Kallax Flygplats,9,Lufttryck reducerat havsytans nivå,"vid havsytans nivå, momentanvärde, 1 gång/tim",hektopascal,1947-03-15T12:00:00Z,1947-03-15T13:00:00+01:00,-719496000000,,1001.0,1001.0,Y,,corrected-archive-csv
162860,Luleå-Kallax Flygplats,9,Lufttryck reducerat havsytans nivå,"vid havsytans nivå, momentanvärde, 1 gång/tim",hektopascal,1947-03-15T18:00:00Z,1947-03-15T19:00:00+01:00,-719474400000,,1003.2,1003.2,Y,,corrected-archive-csv
162860,Luleå-Kallax Flygplats,9,Lufttryck reducerat havsytans nivå,"vid havsytans nivå, momentanvärde, 1 gång/tim",hektopascal,1947-03-16T00:00:00Z,1947-03-16T01:00:00+01:00,-719452800000,,1004.9,1004.9,Y,,corrected-archive-csv
162860,Luleå-Kallax Flygplats,9,Lufttryck reducerat havsytans nivå,"vid havsytans nivå, momentanvärde, 1 gång/tim",hektopascal,1947-03-16T06:00:00Z,1947-03-16T07:00:00+01:00,-719431200000,,1005.8,1005.8,Y,,corrected-archive-csv
162860,Luleå-Kallax Flygplats,9,Lufttryck reducerat havsytans nivå,"vid havsytans nivå, momentanvärde, 1 gång/tim",hektopascal,1947-03-16T12:00:00Z,1947-03-16T13:00:00+01:00,-719409600000,,1005.6,1005.6,Y,,corrected-archive-csv
162860,Luleå-Kallax Flygplats,9,Lufttryck reducerat havsytans nivå,"vid havsytans nivå, momentanvärde, 1 gång/tim",hektopascal,1947-03-16T18:00:00Z,1947-03-16T19:00:00+01:00,-719388000000,,1003.9,1003.9,Y,,corrected-archive-csv
162860,Luleå-Kallax Flygplats,9,Lufttryck reducerat havsytans nivå,"vid havsytans nivå, momentanvärde, 1 gång/tim",hektopascal,1947-03-17T00:00:00Z,1947-03-17T01:00:00+01:00,-719366400000,,999.4,999.4,Y,,corrected-archive-csv
162860,Luleå-Kallax Flygplats,9,Lufttryck reducerat havsytans nivå,"vid havsytans nivå, momentanvärde, 1 gång/tim",hektopascal,1947-03-17T06:00:00Z,1947-03-17T07:00:00+01:00,-719344800000,,995.7,995.7,Y,,corrected-archive-csv
162860,Luleå-Kallax Flygplats,9,Lufttryck reducerat havsytans nivå,"vid havsytans nivå, momentanvärde, 1 gång/tim",hektopascal,1947-03-17T12:00:00Z,1947-03-17T13:00:00+01:00,-719323200000,,994.8,994.8,Y,,corrected-archive-csv
162860,Luleå-Kallax Flygplats,9,Lufttryck reducerat havsytans nivå,"vid havsytans nivå, momentanvärde, 1 gång/tim",hektopascal,1947-03-17T18:00:00Z,1947-03-17T19:00:00+01:00,-719301600000,,995.1,995.1,Y,,corrected-archive-csv
162860,Luleå-Kallax Flygplats,9,Lufttryck reducerat havsytans nivå,"vid havsytans nivå, momentanvärde, 1 gång/tim",hektopascal,1947-03-18T00:00:00Z,1947-03-18T01:00:00+01:00,-719280000000,,996.0,996.0,Y,,corrected-archive-csv
162860,Luleå-Kallax Flygplats,9,Lufttryck reducerat havsytans nivå,"vid havsytans nivå, momentanvärde, 1 gång/tim",hektopascal,1947-03-18T06:00:00Z,1947-03-18T07:00:00+01:00,-719258400000,,997.1,997.1,Y,,corrected-archive-csv
162860,Luleå-Kallax Flygplats,9,Lufttryck reducerat havsytans nivå,"vid havsytans nivå, momentanvärde, 1 gång/tim",hektopascal,1947-03-18T12:00:00Z,1947-03-18T13:00:00+01:00,-719236800000,,997.5,997.5,Y,,corrected-archive-csv
162860,Luleå-Kallax Flygplats,9,Lufttryck reducerat havsytans nivå,"vid havsytans nivå, momentanvärde, 1 gång/tim",hektopascal,1947-03-18T18:00:00Z,1947-03-18T19:00:00+01:00,-719215200000,,998.6,998.6,Y,,corrected-archive-csv
162860,Luleå-Kallax Flygplats,9,Lufttryck reducerat havsytans nivå,"vid havsytans nivå, momentanvärde, 1 gång/tim",hektopascal,1947-03-19T00:00:00Z,1947-03-19T01:00:00+01:00,-719193600000,,999.9,999.9,Y,,corrected-archive-csv
162860,Luleå-Kallax Flygplats,9,Lufttryck reducerat havsytans nivå,"vid havsytans nivå, momentanvärde, 1 gång/tim",hektopascal,1947-03-19T06:00:00Z,1947-03-19T07:00:00+01:00,-719172000000,,1001.1,1001.1,Y,,corrected-archive-csv
162860,Luleå-Kallax Flygplats,9,Lufttryck reducerat havsytans nivå,"vid havsytans nivå, momentanvärde, 1 gång/tim",hektopascal,1947-03-19T12:00:00Z,1947-03-19T13:00:00+01:00,-719150400000,,1001.6,1001.6,Y,,corrected-archive-csv
162860,Luleå-Kallax Flygplats,9,Lufttryck reducerat havsytans nivå,"vid havsytans nivå, momentanvärde, 1 gång/tim",hektopascal,1947-03-19T18:00:00Z,1947-03-19T19:00:00+01:00,-719128800000,,1000.8,1000.8,Y,,corrected-archive-csv
162860,Luleå-Kallax Flygplats,9,Lufttryck reducerat havsytans nivå,"vid havsytans nivå, momentanvärde, 1 gång/tim",hektopascal,1947-03-20T00:00:00Z,1947-03-20T01:00:00+01:00,-719107200000,,1000.8,1000.8,Y,,corrected-archive-csv
162860,Luleå-Kallax Flygplats,9,Lufttryck reducerat havsytans nivå,"vid havsytans nivå, momentanvärde, 1 gång/tim",hektopascal,1947-03-20T06:00:00Z,1947-03-20T07:00:00+01:00,-719085600000,,1000.9,1000.9,Y,,corrected-archive-csv
162860,Luleå-Kallax Flygplats,9,Lufttryck reducerat havsytans nivå,"vid havsytans nivå, momentanvärde, 1 gång/tim",hektopascal,1947-03-20T12:00:00Z,1947-03-20T13:00:00+01:00,-719064000000,,1001.4,1001.4,Y,,corrected-archive-csv
162860,Luleå-Kallax Flygplats,9,Lufttryck reducerat havsytans nivå,"vid havsytans nivå, momentanvärde, 1 gång/tim",hektopascal,1947-03-20T18:00:00Z,1947-03-20T19:00:00+01:00,-719042400000,,1000.6,1000.6,Y,,corrected-archive-csv
162860,Luleå-Kallax Flygplats,9,Lufttryck reducerat havsytans nivå,"vid havsytans nivå, momentanvärde, 1 gång/tim",hektopascal,1947-03-21T00:00:00Z,1947-03-21T01:00:00+01:00,-719020800000,,999.6,999.6,Y,,corrected-archive-csv
162860,Luleå-Kallax Flygplats,9,Lufttryck reducerat havsytans nivå,"vid havsytans nivå, momentanvärde, 1 gång/tim",hektopascal,1947-03-21T06:00:00Z,1947-03-21T07:00:00+01:00,-718999200000,,999.0,999.0,Y,,corrected-archive-csv
162860,Luleå-Kallax Flygplats,9,Lufttryck reducerat havsytans nivå,"vid havsytans nivå, momentanvärde, 1 gång/tim",hektopascal,1947-03-21T12:00:00Z,1947-03-21T13:00:00+01:00,-718977600000,,998.9,998.9,Y,,corrected-archive-csv
162860,Luleå-Kallax Flygplats,9,Lufttryck reducerat havsytans nivå,"vid havsytans nivå, momentanvärde, 1 gång/tim",hektopascal,1947-03-21T18:00:00Z,1947-03-21T19:00:00+01:00,-718956000000,,1000.5,1000.5,Y,,corrected-archive-csv
162860,Luleå-Kallax Flygplats,9,Lufttryck reducerat havsytans nivå,"vid havsytans nivå, momentanvärde, 1 gång/tim",hektopascal,1947-03-22T00:00:00Z,1947-03-22T01:00:00+01:00,-718934400000,,1002.7,1002.7,Y,,corrected-archive-csv
162860,Luleå-Kallax Flygplats,9,Lufttryck reducerat havsytans nivå,"vid havsytans nivå, momentanvärde, 1 gång/tim",hektopascal,1947-03-22T06:00:00Z,1947-03-22T07:00:00+01:00,-718912800000,,1005.6,1005.6,Y,,corrected-archive-csv
162860,Luleå-Kallax Flygplats,9,Lufttryck reducerat havsytans nivå,"vid havsytans nivå, momentanvärde, 1 gång/tim",hektopascal,1947-03-22T12:00:00Z,1947-03-22T13:00:00+01:00,-718891200000,,1007.9,1007.9,Y,,corrected-archive-csv
162860,Luleå-Kallax Flygplats,9,Lufttryck reducerat havsytans nivå,"vid havsytans nivå, momentanvärde, 1 gång/tim",hektopascal,1947-03-22T18:00:00Z,1947-03-22T19:00:00+01:00,-718869600000,,1007.9,1007.9,Y,,corrected-archive-csv
162860,Luleå-Kallax Flygplats,9,Lufttryck reducerat havsytans nivå,"vid havsytans nivå, momentanvärde, 1 gång/tim",hektopascal,1947-03-23T00:00:00Z,1947-03-23T01:00:00+01:00,-718848000000,,1008.9,1008.9,Y,,corrected-archive-csv
162860,Luleå-Kallax Flygplats,9,Lufttryck reducerat havsytans nivå,"vid havsytans nivå, momentanvärde, 1 gång/tim",hektopascal,1947-03-23T06:00:00Z,1947-03-23T07:00:00+01:00,-718826400000,,1009.2,1009.2,Y,,corrected-archive-csv
162860,Luleå-Kallax Flygplats,9,Lufttryck reducerat havsytans nivå,"vid havsytans nivå, momentanvärde, 1 gång/tim",hektopascal,1947-03-23T12:00:00Z,1947-03-23T13:00:00+01:00,-718804800000,,1008.8,1008.8,Y,,corrected-archive-csv
162860,Luleå-Kallax Flygplats,9,Lufttryck reducerat havsytans nivå,"vid havsytans nivå, momentanvärde, 1 gång/tim",hektopascal,1947-03-23T18:00:00Z,1947-03-23T19:00:00+01:00,-718783200000,,1007.0,1007.0,Y,,corrected-archive-csv
162860,Luleå-Kallax Flygplats,9,Lufttryck reducerat havsytans nivå,"vid havsytans nivå, momentanvärde, 1 gång/tim",hektopascal,1947-03-24T00:00:00Z,1947-03-24T01:00:00+01:00,-718761600000,,1005.9,1005.9,Y,,corrected-archive-csv
162860,Luleå-Kallax Flygplats,9,Lufttryck reducerat havsytans nivå,"vid havsytans nivå, momentanvärde, 1 gång/tim",hektopascal,1947-03-24T06:00:00Z,1947-03-24T07:00:00+01:00,-718740000000,,1004.8,1004.8,Y,,corrected-archive-csv
162860,Luleå-Kallax Flygplats,9,Lufttryck reducerat havsytans nivå,"vid havsytans nivå, momentanvärde, 1 gång/tim",hektopascal,1947-03-24T12:00:00Z,1947-03-24T13:00:00+01:00,-718718400000,,1005.5,1005.5,Y,,corrected-archive-csv
162860,Luleå-Kallax Flygplats,9,Lufttryck reducerat havsytans nivå,"vid havsytans nivå, momentanvärde, 1 gång/tim",hektopascal,1947-03-24T18:00:00Z,1947-03-24T19:00:00+01:00,-718696800000,,1005.4,1005.4,Y,,corrected-archive-csv
162860,Luleå-Kallax Flygplats,9,Lufttryck reducerat havsytans nivå,"vid havsytans nivå, momentanvärde, 1 gång/tim",hektopascal,1947-03-25T00:00:00Z,1947-03-25T01:00:00+01:00,-718675200000,,1005.7,1005.7,Y,,corrected-archive-csv
162860,Luleå-Kallax Flygplats,9,Lufttryck reducerat havsytans nivå,"vid havsytans nivå, momentanvärde, 1 gång/tim",hektopascal,1947-03-25T06:00:00Z,1947-03-25T07:00:00+01:00,-718653600000,,1005.2,1005.2,Y,,corrected-archive-csv
162860,Luleå-Kallax Flygplats,9,Lufttryck reducerat havsytans nivå,"vid havsytans nivå, momentanvärde, 1 gång/tim",hektopascal,1947-03-25T12:00:00Z,1947-03-25T13:00:00+01:00,-718632000000,,1005.6,1005.6,Y,,corrected-archive-csv
162860,Luleå-Kallax Flygplats,9,Lufttryck reducerat havsytans nivå,"vid havsytans nivå, momentanvärde, 1 gång/tim",hektopascal,1947-03-25T18:00:00Z,1947-03-25T19:00:00+01:00,-718610400000,,1004.9,1004.9,Y,,corrected-archive-csv
162860,Luleå-Kallax Flygplats,9,Lufttryck reducerat havsytans nivå,"vid havsytans nivå, momentanvärde, 1 gång/tim",hektopascal,1947-03-26T00:00:00Z,1947-03-26T01:00:00+01:00,-718588800000,,1004.3,1004.3,Y,,corrected-archive-csv
162860,Luleå-Kallax Flygplats,9,Lufttryck reducerat havsytans nivå,"vid havsytans nivå, momentanvärde, 1 gång/tim",hektopascal,1947-03-26T06:00:00Z,1947-03-26T07:00:00+01:00,-718567200000,,1004.9,1004.9,Y,,corrected-archive-csv
162860,Luleå-Kallax Flygplats,9,Lufttryck reducerat havsytans nivå,"vid havsytans nivå, momentanvärde, 1 gång/tim",hektopascal,1947-03-26T12:00:00Z,1947-03-26T13:00:00+01:00,-718545600000,,1004.6,1004.6,Y,,corrected-archive-csv
162860,Luleå-Kallax Flygplats,9,Lufttryck reducerat havsytans nivå,"vid havsytans nivå, momentanvärde, 1 gång/tim",hektopascal,1947-03-26T18:00:00Z,1947-03-26T19:00:00+01:00,-718524000000,,1006.3,1006.3,Y,,corrected-archive-csv
162860,Luleå-Kallax Flygplats,9,Lufttryck reducerat havsytans nivå,"vid havsytans nivå, momentanvärde, 1 gång/tim",hektopascal,1947-03-27T00:00:00Z,1947-03-27T01:00:00+01:00,-718502400000,,1007.2,1007.2,Y,,corrected-archive-csv
162860,Luleå-Kallax Flygplats,9,Lufttryck reducerat havsytans nivå,"vid havsytans nivå, momentanvärde, 1 gång/tim",hektopascal,1947-03-27T06:00:00Z,1947-03-27T07:00:00+01:00,-718480800000,,1007.8,1007.8,Y,,corrected-archive-csv
162860,Luleå-Kallax Flygplats,9,Lufttryck reducerat havsytans nivå,"vid havsytans nivå, momentanvärde, 1 gång/tim",hektopascal,1947-03-27T13:00:00Z,1947-03-27T14:00:00+01:00,-718455600000,,1008.6,1008.6,Y,,corrected-archive-csv
162860,Luleå-Kallax Flygplats,9,Lufttryck reducerat havsytans nivå,"vid havsytans nivå, momentanvärde, 1 gång/tim",hektopascal,1947-03-27T18:00:00Z,1947-03-27T19:00:00+01:00,-718437600000,,1007.2,1007.2,Y,,corrected-archive-csv
162860,Luleå-Kallax Flygplats,9,Lufttryck reducerat havsytans nivå,"vid havsytans nivå, momentanvärde, 1 gång/tim",hektopascal,1947-03-28T00:00:00Z,1947-03-28T01:00:00+01:00,-718416000000,,1005.6,1005.6,Y,,corrected-archive-csv
162860,Luleå-Kallax Flygplats,9,Lufttryck reducerat havsytans nivå,"vid havsytans nivå, momentanvärde, 1 gång/tim",hektopascal,1947-03-28T06:00:00Z,1947-03-28T07:00:00+01:00,-718394400000,,1004.3,1004.3,Y,,corrected-archive-csv
162860,Luleå-Kallax Flygplats,9,Lufttryck reducerat havsytans nivå,"vid havsytans nivå, momentanvärde, 1 gång/tim",hektopascal,1947-03-28T12:00:00Z,1947-03-28T13:00:00+01:00,-718372800000,,1002.4,1002.4,Y,,corrected-archive-csv
162860,Luleå-Kallax Flygplats,9,Lufttryck reducerat havsytans nivå,"vid havsytans nivå, momentanvärde, 1 gång/tim",hektopascal,1947-03-28T18:00:00Z,1947-03-28T19:00:00+01:00,-718351200000,,1000.0,1000.0,Y,,corrected-archive-csv
162860,Luleå-Kallax Flygplats,9,Lufttryck reducerat havsytans nivå,"vid havsytans nivå, momentanvärde, 1 gång/tim",hektopascal,1947-03-29T00:00:00Z,1947-03-29T01:00:00+01:00,-718329600000,,998.7,998.7,Y,,corrected-archive-csv
162860,Luleå-Kallax Flygplats,9,Lufttryck reducerat havsytans nivå,"vid havsytans nivå, momentanvärde, 1 gång/tim",hektopascal,1947-03-29T06:00:00Z,1947-03-29T07:00:00+01:00,-718308000000,,999.7,999.7,Y,,corrected-archive-csv
162860,Luleå-Kallax Flygplats,9,Lufttryck reducerat havsytans nivå,"vid havsytans nivå, momentanvärde, 1 gång/tim",hektopascal,1947-03-29T12:00:00Z,1947-03-29T13:00:00+01:00,-718286400000,,1001.9,1001.9,Y,,corrected-archive-csv
162860,Luleå-Kallax Flygplats,9,Lufttryck reducerat havsytans nivå,"vid havsytans nivå, momentanvärde, 1 gång/tim",hektopascal,1947-03-29T18:00:00Z,1947-03-29T19:00:00+01:00,-718264800000,,1004.0,1004.0,Y,,corrected-archive-csv
162860,Luleå-Kallax Flygplats,9,Lufttryck reducerat havsytans nivå,"vid havsytans nivå, momentanvärde, 1 gång/tim",hektopascal,1947-03-30T00:00:00Z,1947-03-30T01:00:00+01:00,-718243200000,,1006.5,1006.5,Y,,corrected-archive-csv
162860,Luleå-Kallax Flygplats,9,Lufttryck reducerat havsytans nivå,"vid havsytans nivå, momentanvärde, 1 gång/tim",hektopascal,1947-03-30T06:00:00Z,1947-03-30T07:00:00+01:00,-718221600000,,1009.4,1009.4,Y,,corrected-archive-csv
162860,Luleå-Kallax Flygplats,9,Lufttryck reducerat havsytans nivå,"vid havsytans nivå, momentanvärde, 1 gång/tim",hektopascal,1947-03-30T12:00:00Z,1947-03-30T13:00:00+01:00,-718200000000,,1012.0,1012.0,Y,,corrected-archive-csv
162860,Luleå-Kallax Flygplats,9,Lufttryck reducerat havsytans nivå,"vid havsytans nivå, momentanvärde, 1 gång/tim",hektopascal,1947-03-30T18:00:00Z,1947-03-30T19:00:00+01:00,-718178400000,,1012.8,1012.8,Y,,corrected-archive-csv
162860,Luleå-Kallax Flygplats,9,Lufttryck reducerat havsytans nivå,"vid havsytans nivå, momentanvärde, 1 gång/tim",hektopascal,1947-03-31T00:00:00Z,1947-03-31T01:00:00+01:00,-718156800000,,1013.4,1013.4,Y,,corrected-archive-csv
162860,Luleå-Kallax Flygplats,9,Lufttryck reducerat havsytans nivå,"vid havsytans nivå, momentanvärde, 1 gång/tim",hektopascal,1947-03-31T06:00:00Z,1947-03-31T07:00:00+01:00,-718135200000,,1011.1,1011.1,Y,,corrected-archive-csv
162860,Luleå-Kallax Flygplats,9,Lufttryck reducerat havsytans nivå,"vid havsytans nivå, momentanvärde, 1 gång/tim",hektopascal,1947-03-31T12:00:00Z,1947-03-31T13:00:00+01:00,-718113600000,,1008.1,1008.1,Y,,corrected-archive-csv
162860,Luleå-Kallax Flygplats,9,Lufttryck reducerat havsytans nivå,"vid havsytans nivå, momentanvärde, 1 gång/tim",hektopascal,1947-03-31T18:00:00Z,1947-03-31T19:00:00+01:00,-718092000000,,1005.1,1005.1,Y,,corrected-archive-csv
162860,Luleå-Kallax Flygplats,9,Lufttryck reducerat havsytans nivå,"vid havsytans nivå, momentanvärde, 1 gång/tim",hektopascal,1947-04-01T00:00:00Z,1947-04-01T01:00:00+01:00,-718070400000,,1003.3,1003.3,Y,,corrected-archive-csv
162860,Luleå-Kallax Flygplats,9,Lufttryck reducerat havsytans nivå,"vid havsytans nivå, momentanvärde, 1 gång/tim",hektopascal,1947-04-01T06:00:00Z,1947-04-01T07:00:00+01:00,-718048800000,,1002.5,1002.5,Y,,corrected-archive-csv
162860,Luleå-Kallax Flygplats,9,Lufttryck reducerat havsytans nivå,"vid havsytans nivå, momentanvärde, 1 gång/tim",hektopascal,1947-04-01T12:00:00Z,1947-04-01T13:00:00+01:00,-718027200000,,1001.9,1001.9,Y,,corrected-archive-csv
162860,Luleå-Kallax Flygplats,9,Lufttryck reducerat havsytans nivå,"vid havsytans nivå, momentanvärde, 1 gång/tim",hektopascal,1947-04-01T18:00:00Z,1947-04-01T19:00:00+01:00,-718005600000,,1001.2,1001.2,Y,,corrected-archive-csv
162860,Luleå-Kallax Flygplats,9,Lufttryck reducerat havsytans nivå,"vid havsytans nivå, momentanvärde, 1 gång/tim",hektopascal,1947-04-02T00:00:00Z,1947-04-02T01:00:00+01:00,-717984000000,,1000.7,1000.7,Y,,corrected-archive-csv
162860,Luleå-Kallax Flygplats,9,Lufttryck reducerat havsytans nivå,"vid havsytans nivå, momentanvärde, 1 gång/tim",hektopascal,1947-04-02T12:00:00Z,1947-04-02T13:00:00+01:00,-717940800000,,998.6,998.6,Y,,corrected-archive-csv
162860,Luleå-Kallax Flygplats,9,Lufttryck reducerat havsytans nivå,"vid havsytans nivå, momentanvärde, 1 gång/tim",hektopascal,1947-04-02T18:00:00Z,1947-04-02T19:00:00+01:00,-717919200000,,997.6,997.6,Y,,corrected-archive-csv
162860,Luleå-Kallax Flygplats,9,Lufttryck reducerat havsytans nivå,"vid havsytans nivå, momentanvärde, 1 gång/tim",hektopascal,1947-04-03T00:00:00Z,1947-04-03T01:00:00+01:00,-717897600000,,995.6,995.6,Y,,corrected-archive-csv
162860,Luleå-Kallax Flygplats,9,Lufttryck reducerat havsytans nivå,"vid havsytans nivå, momentanvärde, 1 gång/tim",hektopascal,1947-04-03T06:00:00Z,1947-04-03T07:00:00+01:00,-717876000000,,990.7,990.7,Y,,corrected-archive-csv
162860,Luleå-Kallax Flygplats,9,Lufttryck reducerat havsytans nivå,"vid havsytans nivå, momentanvärde, 1 gång/tim",hektopascal,1947-04-03T12:00:00Z,1947-04-03T13:00:00+01:00,-717854400000,,984.4,984.4,Y,,corrected-archive-csv
162860,Luleå-Kallax Flygplats,9,Lufttryck reducerat havsytans nivå,"vid havsytans nivå, momentanvärde, 1 gång/tim",hektopascal,1947-04-03T18:00:00Z,1947-04-03T19:00:00+01:00,-717832800000,,983.7,983.7,Y,,corrected-archive-csv
162860,Luleå-Kallax Flygplats,9,Lufttryck reducerat havsytans nivå,"vid havsytans nivå, momentanvärde, 1 gång/tim",hektopascal,1947-04-04T00:00:00Z,1947-04-04T01:00:00+01:00,-717811200000,,984.7,984.7,Y,,corrected-archive-csv
162860,Luleå-Kallax Flygplats,9,Lufttryck reducerat havsytans nivå,"vid havsytans nivå, momentanvärde, 1 gång/tim",hektopascal,1947-04-04T06:00:00Z,1947-04-04T07:00:00+01:00,-717789600000,,984.5,984.5,Y,,corrected-archive-csv
162860,Luleå-Kallax Flygplats,9,Lufttryck reducerat havsytans nivå,"vid havsytans nivå, momentanvärde, 1 gång/tim",hektopascal,1947-04-04T12:00:00Z,1947-04-04T13:00:00+01:00,-717768000000,,986.0,986.0,Y,,corrected-archive-csv
162860,Luleå-Kallax Flygplats,9,Lufttryck reducerat havsytans nivå,"vid havsytans nivå, momentanvärde, 1 gång/tim",hektopascal,1947-04-04T18:00:00Z,1947-04-04T19:00:00+01:00,-717746400000,,988.3,988.3,Y,,corrected-archive-csv
162860,Luleå-Kallax Flygplats,9,Lufttryck reducerat havsytans nivå,"vid havsytans nivå, momentanvärde, 1 gång/tim",hektopascal,1947-04-05T00:00:00Z,1947-04-05T01:00:00+01:00,-717724800000,,993.1,993.1,Y,,corrected-archive-csv
162860,Luleå-Kallax Flygplats,9,Lufttryck reducerat havsytans nivå,"vid havsytans nivå, momentanvärde, 1 gång/tim",hektopascal,1947-04-05T06:00:00Z,1947-04-05T07:00:00+01:00,-717703200000,,997.6,997.6,Y,,corrected-archive-csv
162860,Luleå-Kallax Flygplats,9,Lufttryck reducerat havsytans nivå,"vid havsytans nivå, momentanvärde, 1 gång/tim",hektopascal,1947-04-05T12:00:00Z,1947-04-05T13:00:00+01:00,-717681600000,,999.5,999.5,Y,,corrected-archive-csv
162860,Luleå-Kallax Flygplats,9,Lufttryck reducerat havsytans nivå,"vid havsytans nivå, momentanvärde, 1 gång/tim",hektopascal,1947-04-05T18:00:00Z,1947-04-05T19:00:00+01:00,-717660000000,,1002.0,1002.0,Y,,corrected-archive-csv
162860,Luleå-Kallax Flygplats,9,Lufttryck reducerat havsytans nivå,"vid havsytans nivå, momentanvärde, 1 gång/tim",hektopascal,1947-04-06T00:00:00Z,1947-04-06T01:00:00+01:00,-717638400000,,1004.4,1004.4,Y,,corrected-archive-csv
162860,Luleå-Kallax Flygplats,9,Lufttryck reducerat havsytans nivå,"vid havsytans nivå, momentanvärde, 1 gång/tim",hektopascal,1947-04-06T06:00:00Z,1947-04-06T07:00:00+01:00,-717616800000,,1004.0,1004.0,Y,,corrected-archive-csv
162860,Luleå-Kallax Flygplats,9,Lufttryck reducerat havsytans nivå,"vid havsytans nivå, momentanvärde, 1 gång/tim",hektopascal,1947-04-06T12:00:00Z,1947-04-06T13:00:00+01:00,-717595200000,,1000.6,1000.6,Y,,corrected-archive-csv
162860,Luleå-Kallax Flygplats,9,Lufttryck reducerat havsytans nivå,"vid havsytans nivå, momentanvärde, 1 gång/tim",hektopascal,1947-04-06T18:00:00Z,1947-04-06T19:00:00+01:00,-717573600000,,994.6,994.6,Y,,corrected-archive-csv
162860,Luleå-Kallax Flygplats,9,Lufttryck reducerat havsytans nivå,"vid havsytans nivå, momentanvärde, 1 gång/tim",hektopascal,1947-04-07T00:00:00Z,1947-04-07T01:00:00+01:00,-717552000000,,988.3,988.3,Y,,corrected-archive-csv
162860,Luleå-Kallax Flygplats,9,Lufttryck reducerat havsytans nivå,"vid havsytans nivå, momentanvärde, 1 gång/tim",hektopascal,1947-04-07T06:00:00Z,1947-04-07T07:00:00+01:00,-717530400000,,984.8,984.8,Y,,corrected-archive-csv
162860,Luleå-Kallax Flygplats,9,Lufttryck reducerat havsytans nivå,"vid havsytans nivå, momentanvärde, 1 gång/tim",hektopascal,1947-04-07T12:00:00Z,1947-04-07T13:00:00+01:00,-717508800000,,984.9,984.9,Y,,corrected-archive-csv
162860,Luleå-Kallax Flygplats,9,Lufttryck reducerat havsytans nivå,"vid havsytans nivå, momentanvärde, 1 gång/tim",hektopascal,1947-04-07T18:00:00Z,1947-04-07T19:00:00+01:00,-717487200000,,985.6,985.6,Y,,corrected-archive-csv
162860,Luleå-Kallax Flygplats,9,Lufttryck reducerat havsytans nivå,"vid havsytans nivå, momentanvärde, 1 gång/tim",hektopascal,1947-04-08T00:00:00Z,1947-04-08T01:00:00+01:00,-717465600000,,987.4,987.4,Y,,corrected-archive-csv
162860,Luleå-Kallax Flygplats,9,Lufttryck reducerat havsytans nivå,"vid havsytans nivå, momentanvärde, 1 gång/tim",hektopascal,1947-04-08T06:00:00Z,1947-04-08T07:00:00+01:00,-717444000000,,989.8,989.8,Y,,corrected-archive-csv
162860,Luleå-Kallax Flygplats,9,Lufttryck reducerat havsytans nivå,"vid havsytans nivå, momentanvärde, 1 gång/tim",hektopascal,1947-04-08T12:00:00Z,1947-04-08T13:00:00+01:00,-717422400000,,993.4,993.4,Y,,corrected-archive-csv
162860,Luleå-Kallax Flygplats,9,Lufttryck reducerat havsytans nivå,"vid havsytans nivå, momentanvärde, 1 gång/tim",hektopascal,1947-04-08T18:00:00Z,1947-04-08T19:00:00+01:00,-717400800000,,996.9,996.9,Y,,corrected-archive-csv
162860,Luleå-Kallax Flygplats,9,Lufttryck reducerat havsytans nivå,"vid havsytans nivå, momentanvärde, 1 gång/tim",hektopascal,1947-04-09T00:00:00Z,1947-04-09T01:00:00+01:00,-717379200000,,1000.4,1000.4,Y,,corrected-archive-csv
162860,Luleå-Kallax Flygplats,9,Lufttryck reducerat havsytans nivå,"vid havsytans nivå, momentanvärde, 1 gång/tim",hektopascal,1947-04-09T06:00:00Z,1947-04-09T07:00:00+01:00,-717357600000,,1005.6,1005.6,Y,,corrected-archive-csv
162860,Luleå-Kallax Flygplats,9,Lufttryck reducerat havsytans nivå,"vid havsytans nivå, momentanvärde, 1 gång/tim",hektopascal,1947-04-09T12:00:00Z,1947-04-09T13:00:00+01:00,-717336000000,,1009.5,1009.5,Y,,corrected-archive-csv
162860,Luleå-Kallax Flygplats,9,Lufttryck reducerat havsytans nivå,"vid havsytans nivå, momentanvärde, 1 gång/tim",hektopascal,1947-04-09T18:00:00Z,1947-04-09T19:00:00+01:00,-717314400000,,1012.8,1012.8,Y,,corrected-archive-csv
162860,Luleå-Kallax Flygplats,9,Lufttryck reducerat havsytans nivå,"vid havsytans nivå, momentanvärde, 1 gång/tim",hektopascal,1947-04-10T00:00:00Z,1947-04-10T01:00:00+01:00,-717292800000,,1016.6,1016.6,Y,,corrected-archive-csv
162860,Luleå-Kallax Flygplats,9,Lufttryck reducerat havsytans nivå,"vid havsytans nivå, momentanvärde, 1 gång/tim",hektopascal,1947-04-10T06:00:00Z,1947-04-10T07:00:00+01:00,-717271200000,,1021.4,1021.4,Y,,corrected-archive-csv
162860,Luleå-Kallax Flygplats,9,Lufttryck reducerat havsytans nivå,"vid havsytans nivå, momentanvärde, 1 gång/tim",hektopascal,1947-04-10T12:00:00Z,1947-04-10T13:00:00+01:00,-717249600000,,1025.9,1025.9,Y,,corrected-archive-csv
162860,Luleå-Kallax Flygplats,9,Lufttryck reducerat havsytans nivå,"vid havsytans nivå, momentanvärde, 1 gång/tim",hektopascal,1947-04-10T18:00:00Z,1947-04-10T19:00:00+01:00,-717228000000,,1028.9,1028.9,Y,,corrected-archive-csv
162860,Luleå-Kallax Flygplats,9,Lufttryck reducerat havsytans nivå,"vid havsytans nivå, momentanvärde, 1 gång/tim",hektopascal,1947-04-11T00:00:00Z,1947-04-11T01:00:00+01:00,-717206400000,,1032.1,1032.1,Y,,corrected-archive-csv
162860,Luleå-Kallax Flygplats,9,Lufttryck reducerat havsytans nivå,"vid havsytans nivå, momentanvärde, 1 gång/tim",hektopascal,1947-04-11T06:00:00Z,1947-04-11T07:00:00+01:00,-717184800000,,1033.4,1033.4,Y,,corrected-archive-csv
162860,Luleå-Kallax Flygplats,9,Lufttryck reducerat havsytans nivå,"vid havsytans nivå, momentanvärde, 1 gång/tim",hektopascal,1947-04-11T12:00:00Z,1947-04-11T13:00:00+01:00,-717163200000,,1030.7,1030.7,Y,,corrected-archive-csv
162860,Luleå-Kallax Flygplats,9,Lufttryck reducerat havsytans nivå,"vid havsytans nivå, momentanvärde, 1 gång/tim",hektopascal,1947-04-11T18:00:00Z,1947-04-11T19:00:00+01:00,-717141600000,,1024.3,1024.3,Y,,corrected-archive-csv
162860,Luleå-Kallax Flygplats,9,Lufttryck reducerat havsytans nivå,"vid havsytans nivå, momentanvärde, 1 gång/tim",hektopascal,1947-04-12T00:00:00Z,1947-04-12T01:00:00+01:00,-717120000000,,1017.4,1017.4,Y,,corrected-archive-csv
162860,Luleå-Kallax Flygplats,9,Lufttryck reducerat havsytans nivå,"vid havsytans nivå, momentanvärde, 1 gång/tim",hektopascal,1947-04-12T06:00:00Z,1947-04-12T07:00:00+01:00,-717098400000,,1012.8,1012.8,Y,,corrected-archive-csv
162860,Luleå-Kallax Flygplats,9,Lufttryck reducerat havsytans nivå,"vid havsytans nivå, momentanvärde, 1 gång/tim",hektopascal,1947-04-12T12:00:00Z,1947-04-12T13:00:00+01:00,-717076800000,,1010.2,1010.2,Y,,corrected-archive-csv
162860,Luleå-Kallax Flygplats,9,Lufttryck reducerat havsytans nivå,"vid havsytans nivå, momentanvärde, 1 gång/tim",hektopascal,1947-04-12T18:00:00Z,1947-04-12T19:00:00+01:00,-717055200000,,1006.1,1006.1,Y,,corrected-archive-csv
162860,Luleå-Kallax Flygplats,9,Lufttryck reducerat havsytans nivå,"vid havsytans nivå, momentanvärde, 1 gång/tim",hektopascal,1947-04-13T00:00:00Z,1947-04-13T01:00:00+01:00,-717033600000,,1002.9,1002.9,Y,,corrected-archive-csv
162860,Luleå-Kallax Flygplats,9,Lufttryck reducerat havsytans nivå,"vid havsytans nivå, momentanvärde, 1 gång/tim",hektopascal,1947-04-13T06:00:00Z,1947-04-13T07:00:00+01:00,-717012000000,,1006.6,1006.6,Y,,corrected-archive-csv
162860,Luleå-Kallax Flygplats,9,Lufttryck reducerat havsytans nivå,"vid havsytans nivå, momentanvärde, 1 gång/tim",hektopascal,1947-04-13T12:00:00Z,1947-04-13T13:00:00+01:00,-716990400000,,1014.3,1014.3,Y,,corrected-archive-csv
162860,Luleå-Kallax Flygplats,9,Lufttryck reducerat havsytans nivå,"vid havsytans nivå, momentanvärde, 1 gång/tim",hektopascal,1947-04-13T18:00:00Z,1947-04-13T19:00:00+01:00,-716968800000,,1018.1,1018.1,Y,,corrected-archive-csv
162860,Luleå-Kallax Flygplats,9,Lufttryck reducerat havsytans nivå,"vid havsytans nivå, momentanvärde, 1 gång/tim",hektopascal,1947-04-14T00:00:00Z,1947-04-14T01:00:00+01:00,-716947200000,,1018.8,1018.8,Y,,corrected-archive-csv
162860,Luleå-Kallax Flygplats,9,Lufttryck reducerat havsytans nivå,"vid havsytans nivå, momentanvärde, 1 gång/tim",hektopascal,1947-04-14T12:00:00Z,1947-04-14T13:00:00+01:00,-716904000000,,1011.7,1011.7,Y,,corrected-archive-csv
162860,Luleå-Kallax Flygplats,9,Lufttryck reducerat havsytans nivå,"vid havsytans nivå, momentanvärde, 1 gång/tim",hektopascal,1947-04-14T18:00:00Z,1947-04-14T19:00:00+01:00,-716882400000,,1005.3,1005.3,Y,,corrected-archive-csv
162860,Luleå-Kallax Flygplats,9,Lufttryck reducerat havsytans nivå,"vid havsytans nivå, momentanvärde, 1 gång/tim",hektopascal,1947-04-15T00:00:00Z,1947-04-15T01:00:00+01:00,-716860800000,,1000.3,1000.3,Y,,corrected-archive-csv
162860,Luleå-Kallax Flygplats,9,Lufttryck reducerat havsytans nivå,"vid havsytans nivå, momentanvärde, 1 gång/tim",hektopascal,1947-04-15T06:00:00Z,1947-04-15T07:00:00+01:00,-716839200000,,1000.7,1000.7,Y,,corrected-archive-csv
162860,Luleå-Kallax Flygplats,9,Lufttryck reducerat havsytans nivå,"vid havsytans nivå, momentanvärde, 1 gång/tim",hektopascal,1947-04-15T12:00:00Z,1947-04-15T13:00:00+01:00,-716817600000,,1001.4,1001.4,Y,,corrected-archive-csv
162860,Luleå-Kallax Flygplats,9,Lufttryck reducerat havsytans nivå,"vid havsytans nivå, momentanvärde, 1 gång/tim",hektopascal,1947-04-15T18:00:00Z,1947-04-15T19:00:00+01:00,-716796000000,,1001.0,1001.0,Y,,corrected-archive-csv
162860,Luleå-Kallax Flygplats,9,Lufttryck reducerat havsytans nivå,"vid havsytans nivå, momentanvärde, 1 gång/tim",hektopascal,1947-04-16T00:00:00Z,1947-04-16T01:00:00+01:00,-716774400000,,997.3,997.3,Y,,corrected-archive-csv
162860,Luleå-Kallax Flygplats,9,Lufttryck reducerat havsytans nivå,"vid havsytans nivå, momentanvärde, 1 gång/tim",hektopascal,1947-04-16T06:00:00Z,1947-04-16T07:00:00+01:00,-716752800000,,998.7,998.7,Y,,corrected-archive-csv
162860,Luleå-Kallax Flygplats,9,Lufttryck reducerat havsytans nivå,"vid havsytans nivå, momentanvärde, 1 gång/tim",hektopascal,1947-04-16T12:00:00Z,1947-04-16T13:00:00+01:00,-716731200000,,1003.4,1003.4,Y,,corrected-archive-csv
162860,Luleå-Kallax Flygplats,9,Lufttryck reducerat havsytans nivå,"vid havsytans nivå, momentanvärde, 1 gång/tim",hektopascal,1947-04-16T18:00:00Z,1947-04-16T19:00:00+01:00,-716709600000,,1005.1,1005.1,Y,,corrected-archive-csv
162860,Luleå-Kallax Flygplats,9,Lufttryck reducerat havsytans nivå,"vid havsytans nivå, momentanvärde, 1 gång/tim",hektopascal,1947-04-17T00:00:00Z,1947-04-17T01:00:00+01:00,-716688000000,,1001.6,1001.6,Y,,corrected-archive-csv
162860,Luleå-Kallax Flygplats,9,Lufttryck reducerat havsytans nivå,"vid havsytans nivå, momentanvärde, 1 gång/tim",hektopascal,1947-04-17T06:00:00Z,1947-04-17T07:00:00+01:00,-716666400000,,993.6,993.6,Y,,corrected-archive-csv
162860,Luleå-Kallax Flygplats,9,Lufttryck reducerat havsytans nivå,"vid havsytans nivå, momentanvärde, 1 gång/tim",hektopascal,1947-04-17T12:00:00Z,1947-04-17T13:00:00+01:00,-716644800000,,989.9,989.9,Y,,corrected-archive-csv
162860,Luleå-Kallax Flygplats,9,Lufttryck reducerat havsytans nivå,"vid havsytans nivå, momentanvärde, 1 gång/tim",hektopascal,1947-04-17T18:00:00Z,1947-04-17T19:00:00+01:00,-716623200000,,989.3,989.3,Y,,corrected-archive-csv
162860,Luleå-Kallax Flygplats,9,Lufttryck reducerat havsytans nivå,"vid havsytans nivå, momentanvärde, 1 gång/tim",hektopascal,1947-04-18T00:00:00Z,1947-04-18T01:00:00+01:00,-716601600000,,987.9,987.9,Y,,corrected-archive-csv
162860,Luleå-Kallax Flygplats,9,Lufttryck reducerat havsytans nivå,"vid havsytans nivå, momentanvärde, 1 gång/tim",hektopascal,1947-04-18T06:00:00Z,1947-04-18T07:00:00+01:00,-716580000000,,989.5,989.5,Y,,corrected-archive-csv
162860,Luleå-Kallax Flygplats,9,Lufttryck reducerat havsytans nivå,"vid havsytans nivå, momentanvärde, 1 gång/tim",hektopascal,1947-04-18T12:00:00Z,1947-04-18T13:00:00+01:00,-716558400000,,994.5,994.5,Y,,corrected-archive-csv
162860,Luleå-Kallax Flygplats,9,Lufttryck reducerat havsytans nivå,"vid havsytans nivå, momentanvärde, 1 gång/tim",hektopascal,1947-04-18T18:00:00Z,1947-04-18T19:00:00+01:00,-716536800000,,999.1,999.1,Y,,corrected-archive-csv
162860,Luleå-Kallax Flygplats,9,Lufttryck reducerat havsytans nivå,"vid havsytans nivå, momentanvärde, 1 gång/tim",hektopascal,1947-04-19T00:00:00Z,1947-04-19T01:00:00+01:00,-716515200000,,1004.3,1004.3,Y,,corrected-archive-csv
162860,Luleå-Kallax Flygplats,9,Lufttryck reducerat havsytans nivå,"vid havsytans nivå, momentanvärde, 1 gång/tim",hektopascal,1947-04-19T06:00:00Z,1947-04-19T07:00:00+01:00,-716493600000,,1007.4,1007.4,Y,,corrected-archive-csv
162860,Luleå-Kallax Flygplats,9,Lufttryck reducerat havsytans nivå,"vid havsytans nivå, momentanvärde, 1 gång/tim",hektopascal,1947-04-19T12:00:00Z,1947-04-19T13:00:00+01:00,-716472000000,,1010.2,1010.2,Y,,corrected-archive-csv
162860,Luleå-Kallax Flygplats,9,Lufttryck reducerat havsytans nivå,"vid havsytans nivå, momentanvärde, 1 gång/tim",hektopascal,1947-04-19T18:00:00Z,1947-04-19T19:00:00+01:00,-716450400000,,1012.9,1012.9,Y,,corrected-archive-csv
162860,Luleå-Kallax Flygplats,9,Lufttryck reducerat havsytans nivå,"vid havsytans nivå, momentanvärde, 1 gång/tim",hektopascal,1947-04-20T00:00:00Z,1947-04-20T01:00:00+01:00,-716428800000,,1015.3,1015.3,Y,,corrected-archive-csv
162860,Luleå-Kallax Flygplats,9,Lufttryck reducerat havsytans nivå,"vid havsytans nivå, momentanvärde, 1 gång/tim",hektopascal,1947-04-20T06:00:00Z,1947-04-20T07:00:00+01:00,-716407200000,,1016.1,1016.1,Y,,corrected-archive-csv
162860,Luleå-Kallax Flygplats,9,Lufttryck reducerat havsytans nivå,"vid havsytans nivå, momentanvärde, 1 gång/tim",hektopascal,1947-04-20T12:00:00Z,1947-04-20T13:00:00+01:00,-716385600000,,1014.5,1014.5,Y,,corrected-archive-csv
162860,Luleå-Kallax Flygplats,9,Lufttryck reducerat havsytans nivå,"vid havsytans nivå, momentanvärde, 1 gång/tim",hektopascal,1947-04-20T18:00:00Z,1947-04-20T19:00:00+01:00,-716364000000,,1010.2,1010.2,Y,,corrected-archive-csv
162860,Luleå-Kallax Flygplats,9,Lufttryck reducerat havsytans nivå,"vid havsytans nivå, momentanvärde, 1 gång/tim",hektopascal,1947-04-21T00:00:00Z,1947-04-21T01:00:00+01:00,-716342400000,,1007.3,1007.3,Y,,corrected-archive-csv
162860,Luleå-Kallax Flygplats,9,Lufttryck reducerat havsytans nivå,"vid havsytans nivå, momentanvärde, 1 gång/tim",hektopascal,1947-04-21T06:00:00Z,1947-04-21T07:00:00+01:00,-716320800000,,1005.4,1005.4,Y,,corrected-archive-csv
162860,Luleå-Kallax Flygplats,9,Lufttryck reducerat havsytans nivå,"vid havsytans nivå, momentanvärde, 1 gång/tim",hektopascal,1947-04-21T12:00:00Z,1947-04-21T13:00:00+01:00,-716299200000,,1003.6,1003.6,Y,,corrected-archive-csv
162860,Luleå-Kallax Flygplats,9,Lufttryck reducerat havsytans nivå,"vid havsytans nivå, momentanvärde, 1 gång/tim",hektopascal,1947-04-21T18:00:00Z,1947-04-21T19:00:00+01:00,-716277600000,,998.8,998.8,Y,,corrected-archive-csv
162860,Luleå-Kallax Flygplats,9,Lufttryck reducerat havsytans nivå,"vid havsytans nivå, momentanvärde, 1 gång/tim",hektopascal,1947-04-22T00:00:00Z,1947-04-22T01:00:00+01:00,-716256000000,,997.9,997.9,Y,,corrected-archive-csv
162860,Luleå-Kallax Flygplats,9,Lufttryck reducerat havsytans nivå,"vid havsytans nivå, momentanvärde, 1 gång/tim",hektopascal,1947-04-22T06:00:00Z,1947-04-22T07:00:00+01:00,-716234400000,,996.6,996.6,Y,,corrected-archive-csv
162860,Luleå-Kallax Flygplats,9,Lufttryck reducerat havsytans nivå,"vid havsytans nivå, momentanvärde, 1 gång/tim",hektopascal,1947-04-22T12:00:00Z,1947-04-22T13:00:00+01:00,-716212800000,,995.3,995.3,Y,,corrected-archive-csv
162860,Luleå-Kallax Flygplats,9,Lufttryck reducerat havsytans nivå,"vid havsytans nivå, momentanvärde, 1 gång/tim",hektopascal,1947-04-22T18:00:00Z,1947-04-22T19:00:00+01:00,-716191200000,,992.6,992.6,Y,,corrected-archive-csv
162860,Luleå-Kallax Flygplats,9,Lufttryck reducerat havsytans nivå,"vid havsytans nivå, momentanvärde, 1 gång/tim",hektopascal,1947-04-23T00:00:00Z,1947-04-23T01:00:00+01:00,-716169600000,,990.9,990.9,Y,,corrected-archive-csv
162860,Luleå-Kallax Flygplats,9,Lufttryck reducerat havsytans nivå,"vid havsytans nivå, momentanvärde, 1 gång/tim",hektopascal,1947-04-23T06:00:00Z,1947-04-23T07:00:00+01:00,-716148000000,,998.7,998.7,Y,,corrected-archive-csv
162860,Luleå-Kallax Flygplats,9,Lufttryck reducerat havsytans nivå,"vid havsytans nivå, momentanvärde, 1 gång/tim",hektopascal,1947-04-23T12:00:00Z,1947-04-23T13:00:00+01:00,-716126400000,,1000.9,1000.9,Y,,corrected-archive-csv
162860,Luleå-Kallax Flygplats,9,Lufttryck reducerat havsytans nivå,"vid havsytans nivå, momentanvärde, 1 gång/tim",hektopascal,1947-04-23T18:00:00Z,1947-04-23T19:00:00+01:00,-716104800000,,1001.0,1001.0,Y,,corrected-archive-csv
162860,Luleå-Kallax Flygplats,9,Lufttryck reducerat havsytans nivå,"vid havsytans nivå, momentanvärde, 1 gång/tim",hektopascal,1947-04-24T00:00:00Z,1947-04-24T01:00:00+01:00,-716083200000,,1000.9,1000.9,Y,,corrected-archive-csv
162860,Luleå-Kallax Flygplats,9,Lufttryck reducerat havsytans nivå,"vid havsytans nivå, momentanvärde, 1 gång/tim",hektopascal,1947-04-24T06:00:00Z,1947-04-24T07:00:00+01:00,-716061600000,,999.6,999.6,Y,,corrected-archive-csv
162860,Luleå-Kallax Flygplats,9,Lufttryck reducerat havsytans nivå,"vid havsytans nivå, momentanvärde, 1 gång/tim",hektopascal,1947-04-24T12:00:00Z,1947-04-24T13:00:00+01:00,-716040000000,,1000.0,1000.0,Y,,corrected-archive-csv
162860,Luleå-Kallax Flygplats,9,Lufttryck reducerat havsytans nivå,"vid havsytans nivå, momentanvärde, 1 gång/tim",hektopascal,1947-04-24T18:00:00Z,1947-04-24T19:00:00+01:00,-716018400000,,997.6,997.6,Y,,corrected-archive-csv
162860,Luleå-Kallax Flygplats,9,Lufttryck reducerat havsytans nivå,"vid havsytans nivå, momentanvärde, 1 gång/tim",hektopascal,1947-04-25T00:00:00Z,1947-04-25T01:00:00+01:00,-715996800000,,992.8,992.8,Y,,corrected-archive-csv
162860,Luleå-Kallax Flygplats,9,Lufttryck reducerat havsytans nivå,"vid havsytans nivå, momentanvärde, 1 gång/tim",hektopascal,1947-04-25T06:00:00Z,1947-04-25T07:00:00+01:00,-715975200000,,991.9,991.9,Y,,corrected-archive-csv
162860,Luleå-Kallax Flygplats,9,Lufttryck reducerat havsytans nivå,"vid havsytans nivå, momentanvärde, 1 gång/tim",hektopascal,1947-04-25T12:00:00Z,1947-04-25T13:00:00+01:00,-715953600000,,992.8,992.8,Y,,corrected-archive-csv
162860,Luleå-Kallax Flygplats,9,Lufttryck reducerat havsytans nivå,"vid havsytans nivå, momentanvärde, 1 gång/tim",hektopascal,1947-04-25T18:00:00Z,1947-04-25T19:00:00+01:00,-715932000000,,996.9,996.9,Y,,corrected-archive-csv
162860,Luleå-Kallax Flygplats,9,Lufttryck reducerat havsytans nivå,"vid havsytans nivå, momentanvärde, 1 gång/tim",hektopascal,1947-04-26T00:00:00Z,1947-04-26T01:00:00+01:00,-715910400000,,1001.8,1001.8,Y,,corrected-archive-csv
162860,Luleå-Kallax Flygplats,9,Lufttryck reducerat havsytans nivå,"vid havsytans nivå, momentanvärde, 1 gång/tim",hektopascal,1947-04-26T06:00:00Z,1947-04-26T07:00:00+01:00,-715888800000,,1002.0,1002.0,Y,,corrected-archive-csv
162860,Luleå-Kallax Flygplats,9,Lufttryck reducerat havsytans nivå,"vid havsytans nivå, momentanvärde, 1 gång/tim",hektopascal,1947-04-26T12:00:00Z,1947-04-26T13:00:00+01:00,-715867200000,,1000.8,1000.8,Y,,corrected-archive-csv
162860,Luleå-Kallax Flygplats,9,Lufttryck reducerat havsytans nivå,"vid havsytans nivå, momentanvärde, 1 gång/tim",hektopascal,1947-04-26T18:00:00Z,1947-04-26T19:00:00+01:00,-715845600000,,998.1,998.1,Y,,corrected-archive-csv
162860,Luleå-Kallax Flygplats,9,Lufttryck reducerat havsytans nivå,"vid havsytans nivå, momentanvärde, 1 gång/tim",hektopascal,1947-04-27T00:00:00Z,1947-04-27T01:00:00+01:00,-715824000000,,997.5,997.5,Y,,corrected-archive-csv
162860,Luleå-Kallax Flygplats,9,Lufttryck reducerat havsytans nivå,"vid havsytans nivå, momentanvärde, 1 gång/tim",hektopascal,1947-04-27T06:00:00Z,1947-04-27T07:00:00+01:00,-715802400000,,998.5,998.5,Y,,corrected-archive-csv
162860,Luleå-Kallax Flygplats,9,Lufttryck reducerat havsytans nivå,"vid havsytans nivå, momentanvärde, 1 gång/tim",hektopascal,1947-04-27T12:00:00Z,1947-04-27T13:00:00+01:00,-715780800000,,1000.1,1000.1,Y,,corrected-archive-csv
162860,Luleå-Kallax Flygplats,9,Lufttryck reducerat havsytans nivå,"vid havsytans nivå, momentanvärde, 1 gång/tim",hektopascal,1947-04-27T18:00:00Z,1947-04-27T19:00:00+01:00,-715759200000,,1001.7,1001.7,Y,,corrected-archive-csv
162860,Luleå-Kallax Flygplats,9,Lufttryck reducerat havsytans nivå,"vid havsytans nivå, momentanvärde, 1 gång/tim",hektopascal,1947-04-28T00:00:00Z,1947-04-28T01:00:00+01:00,-715737600000,,1001.5,1001.5,Y,,corrected-archive-csv
162860,Luleå-Kallax Flygplats,9,Lufttryck reducerat havsytans nivå,"vid havsytans nivå, momentanvärde, 1 gång/tim",hektopascal,1947-04-28T06:00:00Z,1947-04-28T07:00:00+01:00,-715716000000,,1000.6,1000.6,Y,,corrected-archive-csv
162860,Luleå-Kallax Flygplats,9,Lufttryck reducerat havsytans nivå,"vid havsytans nivå, momentanvärde, 1 gång/tim",hektopascal,1947-04-28T12:00:00Z,1947-04-28T13:00:00+01:00,-715694400000,,999.0,999.0,Y,,corrected-archive-csv
162860,Luleå-Kallax Flygplats,9,Lufttryck reducerat havsytans nivå,"vid havsytans nivå, momentanvärde, 1 gång/tim",hektopascal,1947-04-28T18:00:00Z,1947-04-28T19:00:00+01:00,-715672800000,,998.2,998.2,Y,,corrected-archive-csv
162860,Luleå-Kallax Flygplats,9,Lufttryck reducerat havsytans nivå,"vid havsytans nivå, momentanvärde, 1 gång/tim",hektopascal,1947-04-29T00:00:00Z,1947-04-29T01:00:00+01:00,-715651200000,,997.9,997.9,Y,,corrected-archive-csv
162860,Luleå-Kallax Flygplats,9,Lufttryck reducerat havsytans nivå,"vid havsytans nivå, momentanvärde, 1 gång/tim",hektopascal,1947-04-29T06:00:00Z,1947-04-29T07:00:00+01:00,-715629600000,,999.6,999.6,Y,,corrected-archive-csv
162860,Luleå-Kallax Flygplats,9,Lufttryck reducerat havsytans nivå,"vid havsytans nivå, momentanvärde, 1 gång/tim",hektopascal,1947-04-29T12:00:00Z,1947-04-29T13:00:00+01:00,-715608000000,,1001.6,1001.6,Y,,corrected-archive-csv
162860,Luleå-Kallax Flygplats,9,Lufttryck reducerat havsytans nivå,"vid havsytans nivå, momentanvärde, 1 gång/tim",hektopascal,1947-04-29T18:00:00Z,1947-04-29T19:00:00+01:00,-715586400000,,1004.8,1004.8,Y,,corrected-archive-csv
162860,Luleå-Kallax Flygplats,9,Lufttryck reducerat havsytans nivå,"vid havsytans nivå, momentanvärde, 1 gång/tim",hektopascal,1947-04-30T00:00:00Z,1947-04-30T01:00:00+01:00,-715564800000,,1008.2,1008.2,Y,,corrected-archive-csv
162860,Luleå-Kallax Flygplats,9,Lufttryck reducerat havsytans nivå,"vid havsytans nivå, momentanvärde, 1 gång/tim",hektopascal,1947-04-30T06:00:00Z,1947-04-30T07:00:00+01:00,-715543200000,,1012.6,1012.6,Y,,corrected-archive-csv
162860,Luleå-Kallax Flygplats,9,Lufttryck reducerat havsytans nivå,"vid havsytans nivå, momentanvärde, 1 gång/tim",hektopascal,1947-04-30T12:00:00Z,1947-04-30T13:00:00+01:00,-715521600000,,1015.3,1015.3,Y,,corrected-archive-csv
162860,Luleå-Kallax Flygplats,9,Lufttryck reducerat havsytans nivå,"vid havsytans nivå, momentanvärde, 1 gång/tim",hektopascal,1947-04-30T18:00:00Z,1947-04-30T19:00:00+01:00,-715500000000,,1019.0,1019.0,Y,,corrected-archive-csv
162860,Luleå-Kallax Flygplats,9,Lufttryck reducerat havsytans nivå,"vid havsytans nivå, momentanvärde, 1 gång/tim",hektopascal,1947-05-01T00:00:00Z,1947-05-01T01:00:00+01:00,-715478400000,,1023.3,1023.3,Y,,corrected-archive-csv
162860,Luleå-Kallax Flygplats,9,Lufttryck reducerat havsytans nivå,"vid havsytans nivå, momentanvärde, 1 gång/tim",hektopascal,1947-05-01T06:00:00Z,1947-05-01T07:00:00+01:00,-715456800000,,1026.2,1026.2,Y,,corrected-archive-csv
162860,Luleå-Kallax Flygplats,9,Lufttryck reducerat havsytans nivå,"vid havsytans nivå, momentanvärde, 1 gång/tim",hektopascal,1947-05-01T12:00:00Z,1947-05-01T13:00:00+01:00,-715435200000,,1027.3,1027.3,Y,,corrected-archive-csv
162860,Luleå-Kallax Flygplats,9,Lufttryck reducerat havsytans nivå,"vid havsytans nivå, momentanvärde, 1 gång/tim",hektopascal,1947-05-01T18:00:00Z,1947-05-01T19:00:00+01:00,-715413600000,,1027.9,1027.9,Y,,corrected-archive-csv
162860,Luleå-Kallax Flygplats,9,Lufttryck reducerat havsytans nivå,"vid havsytans nivå, momentanvärde, 1 gång/tim",hektopascal,1947-05-02T00:00:00Z,1947-05-02T01:00:00+01:00,-715392000000,,1029.7,1029.7,Y,,corrected-archive-csv
162860,Luleå-Kallax Flygplats,9,Lufttryck reducerat havsytans nivå,"vid havsytans nivå, momentanvärde, 1 gång/tim",hektopascal,1947-05-02T06:00:00Z,1947-05-02T07:00:00+01:00,-715370400000,,1030.4,1030.4,Y,,corrected-archive-csv
162860,Luleå-Kallax Flygplats,9,Lufttryck reducerat havsytans nivå,"vid havsytans nivå, momentanvärde, 1 gång/tim",hektopascal,1947-05-02T12:00:00Z,1947-05-02T13:00:00+01:00,-715348800000,,1028.5,1028.5,Y,,corrected-archive-csv
162860,Luleå-Kallax Flygplats,9,Lufttryck reducerat havsytans nivå,"vid havsytans nivå, momentanvärde, 1 gång/tim",hektopascal,1947-05-02T18:00:00Z,1947-05-02T19:00:00+01:00,-715327200000,,1027.9,1027.9,Y,,corrected-archive-csv
162860,Luleå-Kallax Flygplats,9,Lufttryck reducerat havsytans nivå,"vid havsytans nivå, momentanvärde, 1 gång/tim",hektopascal,1947-05-03T00:00:00Z,1947-05-03T01:00:00+01:00,-715305600000,,1027.3,1027.3,Y,,corrected-archive-csv
162860,Luleå-Kallax Flygplats,9,Lufttryck reducerat havsytans nivå,"vid havsytans nivå, momentanvärde, 1 gång/tim",hektopascal,1947-05-03T06:00:00Z,1947-05-03T07:00:00+01:00,-715284000000,,1026.3,1026.3,Y,,corrected-archive-csv
162860,Luleå-Kallax Flygplats,9,Lufttryck reducerat havsytans nivå,"vid havsytans nivå, momentanvärde, 1 gång/tim",hektopascal,1947-05-03T12:00:00Z,1947-05-03T13:00:00+01:00,-715262400000,,1026.3,1026.3,Y,,corrected-archive-csv
162860,Luleå-Kallax Flygplats,9,Lufttryck reducerat havsytans nivå,"vid havsytans nivå, momentanvärde, 1 gång/tim",hektopascal,1947-05-03T18:00:00Z,1947-05-03T19:00:00+01:00,-715240800000,,1027.5,1027.5,Y,,corrected-archive-csv
162860,Luleå-Kallax Flygplats,9,Lufttryck reducerat havsytans nivå,"vid havsytans nivå, momentanvärde, 1 gång/tim",hektopascal,1947-05-04T00:00:00Z,1947-05-04T01:00:00+01:00,-715219200000,,1032.2,1032.2,Y,,corrected-archive-csv
162860,Luleå-Kallax Flygplats,9,Lufttryck reducerat havsytans nivå,"vid havsytans nivå, momentanvärde, 1 gång/tim",hektopascal,1947-05-04T06:00:00Z,1947-05-04T07:00:00+01:00,-715197600000,,1035.5,1035.5,Y,,corrected-archive-csv
162860,Luleå-Kallax Flygplats,9,Lufttryck reducerat havsytans nivå,"vid havsytans nivå, momentanvärde, 1 gång/tim",hektopascal,1947-05-04T12:00:00Z,1947-05-04T13:00:00+01:00,-715176000000,,1036.0,1036.0,Y,,corrected-archive-csv
162860,Luleå-Kallax Flygplats,9,Lufttryck reducerat havsytans nivå,"vid havsytans nivå, momentanvärde, 1 gång/tim",hektopascal,1947-05-04T18:00:00Z,1947-05-04T19:00:00+01:00,-715154400000,,1035.8,1035.8,Y,,corrected-archive-csv
162860,Luleå-Kallax Flygplats,9,Lufttryck reducerat havsytans nivå,"vid havsytans nivå, momentanvärde, 1 gång/tim",hektopascal,1947-05-05T00:00:00Z,1947-05-05T01:00:00+01:00,-715132800000,,1036.4,1036.4,Y,,corrected-archive-csv
162860,Luleå-Kallax Flygplats,9,Lufttryck reducerat havsytans nivå,"vid havsytans nivå, momentanvärde, 1 gång/tim",hektopascal,1947-05-05T06:00:00Z,1947-05-05T07:00:00+01:00,-715111200000,,1035.4,1035.4,Y,,corrected-archive-csv
162860,Luleå-Kallax Flygplats,9,Lufttryck reducerat havsytans nivå,"vid havsytans nivå, momentanvärde, 1 gång/tim",hektopascal,1947-05-05T12:00:00Z,1947-05-05T13:00:00+01:00,-715089600000,,1031.6,1031.6,Y,,corrected-archive-csv
162860,Luleå-Kallax Flygplats,9,Lufttryck reducerat havsytans nivå,"vid havsytans nivå, momentanvärde, 1 gång/tim",hektopascal,1947-05-05T18:00:00Z,1947-05-05T19:00:00+01:00,-715068000000,,1028.9,1028.9,Y,,corrected-archive-csv
162860,Luleå-Kallax Flygplats,9,Lufttryck reducerat havsytans nivå,"vid havsytans nivå, momentanvärde, 1 gång/tim",hektopascal,1947-05-06T00:00:00Z,1947-05-06T01:00:00+01:00,-715046400000,,1028.7,1028.7,Y,,corrected-archive-csv
162860,Luleå-Kallax Flygplats,9,Lufttryck reducerat havsytans nivå,"vid havsytans nivå, momentanvärde, 1 gång/tim",hektopascal,1947-05-06T06:00:00Z,1947-05-06T07:00:00+01:00,-715024800000,,1029.0,1029.0,Y,,corrected-archive-csv
162860,Luleå-Kallax Flygplats,9,Lufttryck reducerat havsytans nivå,"vid havsytans nivå, momentanvärde, 1 gång/tim",hektopascal,1947-05-06T12:00:00Z,1947-05-06T13:00:00+01:00,-715003200000,,1028.9,1028.9,Y,,corrected-archive-csv
162860,Luleå-Kallax Flygplats,9,Lufttryck reducerat havsytans nivå,"vid havsytans nivå, momentanvärde, 1 gång/tim",hektopascal,1947-05-06T18:00:00Z,1947-05-06T19:00:00+01:00,-714981600000,,1028.5,1028.5,Y,,corrected-archive-csv
162860,Luleå-Kallax Flygplats,9,Lufttryck reducerat havsytans nivå,"vid havsytans nivå, momentanvärde, 1 gång/tim",hektopascal,1947-05-07T00:00:00Z,1947-05-07T01:00:00+01:00,-714960000000,,1028.5,1028.5,Y,,corrected-archive-csv
162860,Luleå-Kallax Flygplats,9,Lufttryck reducerat havsytans nivå,"vid havsytans nivå, momentanvärde, 1 gång/tim",hektopascal,1947-05-07T06:00:00Z,1947-05-07T07:00:00+01:00,-714938400000,,1030.4,1030.4,Y,,corrected-archive-csv
162860,Luleå-Kallax Flygplats,9,Lufttryck reducerat havsytans nivå,"vid havsytans nivå, momentanvärde, 1 gång/tim",hektopascal,1947-05-07T12:00:00Z,1947-05-07T13:00:00+01:00,-714916800000,,1028.9,1028.9,Y,,corrected-archive-csv
162860,Luleå-Kallax Flygplats,9,Lufttryck reducerat havsytans nivå,"vid havsytans nivå, momentanvärde, 1 gång/tim",hektopascal,1947-05-07T18:00:00Z,1947-05-07T19:00:00+01:00,-714895200000,,1026.8,1026.8,Y,,corrected-archive-csv
162860,Luleå-Kallax Flygplats,9,Lufttryck reducerat havsytans nivå,"vid havsytans nivå, momentanvärde, 1 gång/tim",hektopascal,1947-05-08T00:00:00Z,1947-05-08T01:00:00+01:00,-714873600000,,1025.8,1025.8,Y,,corrected-archive-csv
162860,Luleå-Kallax Flygplats,9,Lufttryck reducerat havsytans nivå,"vid havsytans nivå, momentanvärde, 1 gång/tim",hektopascal,1947-05-08T06:00:00Z,1947-05-08T07:00:00+01:00,-714852000000,,1024.2,1024.2,Y,,corrected-archive-csv
162860,Luleå-Kallax Flygplats,9,Lufttryck reducerat havsytans nivå,"vid havsytans nivå, momentanvärde, 1 gång/tim",hektopascal,1947-05-08T12:00:00Z,1947-05-08T13:00:00+01:00,-714830400000,,1022.7,1022.7,Y,,corrected-archive-csv
162860,Luleå-Kallax Flygplats,9,Lufttryck reducerat havsytans nivå,"vid havsytans nivå, momentanvärde, 1 gång/tim",hektopascal,1947-05-08T18:00:00Z,1947-05-08T19:00:00+01:00,-714808800000,,1019.4,1019.4,Y,,corrected-archive-csv
162860,Luleå-Kallax Flygplats,9,Lufttryck reducerat havsytans nivå,"vid havsytans nivå, momentanvärde, 1 gång/tim",hektopascal,1947-05-09T00:00:00Z,1947-05-09T01:00:00+01:00,-714787200000,,1017.6,1017.6,Y,,corrected-archive-csv
162860,Luleå-Kallax Flygplats,9,Lufttryck reducerat havsytans nivå,"vid havsytans nivå, momentanvärde, 1 gång/tim",hektopascal,1947-05-09T06:00:00Z,1947-05-09T07:00:00+01:00,-714765600000,,1019.9,1019.9,Y,,corrected-archive-csv
162860,Luleå-Kallax Flygplats,9,Lufttryck reducerat havsytans nivå,"vid havsytans nivå, momentanvärde, 1 gång/tim",hektopascal,1947-05-09T12:00:00Z,1947-05-09T13:00:00+01:00,-714744000000,,1021.4,1021.4,Y,,corrected-archive-csv
162860,Luleå-Kallax Flygplats,9,Lufttryck reducerat havsytans nivå,"vid havsytans nivå, momentanvärde, 1 gång/tim",hektopascal,1947-05-09T18:00:00Z,1947-05-09T19:00:00+01:00,-714722400000,,1024.1,1024.1,Y,,corrected-archive-csv
162860,Luleå-Kallax Flygplats,9,Lufttryck reducerat havsytans nivå,"vid havsytans nivå, momentanvärde, 1 gång/tim",hektopascal,1947-05-10T00:00:00Z,1947-05-10T01:00:00+01:00,-714700800000,,1026.3,1026.3,Y,,corrected-archive-csv
162860,Luleå-Kallax Flygplats,9,Lufttryck reducerat havsytans nivå,"vid havsytans nivå, momentanvärde, 1 gång/tim",hektopascal,1947-05-10T06:00:00Z,1947-05-10T07:00:00+01:00,-714679200000,,1027.3,1027.3,Y,,corrected-archive-csv
162860,Luleå-Kallax Flygplats,9,Lufttryck reducerat havsytans nivå,"vid havsytans nivå, momentanvärde, 1 gång/tim",hektopascal,1947-05-10T12:00:00Z,1947-05-10T13:00:00+01:00,-714657600000,,1026.2,1026.2,Y,,corrected-archive-csv
162860,Luleå-Kallax Flygplats,9,Lufttryck reducerat havsytans nivå,"vid havsytans nivå, momentanvärde, 1 gång/tim",hektopascal,1947-05-10T18:00:00Z,1947-05-10T19:00:00+01:00,-714636000000,,1023.5,1023.5,Y,,corrected-archive-csv
162860,Luleå-Kallax Flygplats,9,Lufttryck reducerat havsytans nivå,"vid havsytans nivå, momentanvärde, 1 gång/tim",hektopascal,1947-05-11T00:00:00Z,1947-05-11T01:00:00+01:00,-714614400000,,1022.9,1022.9,Y,,corrected-archive-csv
162860,Luleå-Kallax Flygplats,9,Lufttryck reducerat havsytans nivå,"vid havsytans nivå, momentanvärde, 1 gång/tim",hektopascal,1947-05-11T06:00:00Z,1947-05-11T07:00:00+01:00,-714592800000,,1021.7,1021.7,Y,,corrected-archive-csv
162860,Luleå-Kallax Flygplats,9,Lufttryck reducerat havsytans nivå,"vid havsytans nivå, momentanvärde, 1 gång/tim",hektopascal,1947-05-11T12:00:00Z,1947-05-11T13:00:00+01:00,-714571200000,,1016.6,1016.6,Y,,corrected-archive-csv
162860,Luleå-Kallax Flygplats,9,Lufttryck reducerat havsytans nivå,"vid havsytans nivå, momentanvärde, 1 gång/tim",hektopascal,1947-05-11T18:00:00Z,1947-05-11T19:00:00+01:00,-714549600000,,1011.7,1011.7,Y,,corrected-archive-csv
162860,Luleå-Kallax Flygplats,9,Lufttryck reducerat havsytans nivå,"vid havsytans nivå, momentanvärde, 1 gång/tim",hektopascal,1947-05-12T00:00:00Z,1947-05-12T01:00:00+01:00,-714528000000,,1015.3,1015.3,Y,,corrected-archive-csv
162860,Luleå-Kallax Flygplats,9,Lufttryck reducerat havsytans nivå,"vid havsytans nivå, momentanvärde, 1 gång/tim",hektopascal,1947-05-12T06:00:00Z,1947-05-12T07:00:00+01:00,-714506400000,,1019.5,1019.5,Y,,corrected-archive-csv
162860,Luleå-Kallax Flygplats,9,Lufttryck reducerat havsytans nivå,"vid havsytans nivå, momentanvärde, 1 gång/tim",hektopascal,1947-05-12T12:00:00Z,1947-05-12T13:00:00+01:00,-714484800000,,1023.0,1023.0,Y,,corrected-archive-csv
162860,Luleå-Kallax Flygplats,9,Lufttryck reducerat havsytans nivå,"vid havsytans nivå, momentanvärde, 1 gång/tim",hektopascal,1947-05-12T18:00:00Z,1947-05-12T19:00:00+01:00,-714463200000,,1023.2,1023.2,Y,,corrected-archive-csv
162860,Luleå-Kallax Flygplats,9,Lufttryck reducerat havsytans nivå,"vid havsytans nivå, momentanvärde, 1 gång/tim",hektopascal,1947-05-13T00:00:00Z,1947-05-13T01:00:00+01:00,-714441600000,,1023.5,1023.5,Y,,corrected-archive-csv
162860,Luleå-Kallax Flygplats,9,Lufttryck reducerat havsytans nivå,"vid havsytans nivå, momentanvärde, 1 gång/tim",hektopascal,1947-05-13T06:00:00Z,1947-05-13T07:00:00+01:00,-714420000000,,1022.8,1022.8,Y,,corrected-archive-csv
162860,Luleå-Kallax Flygplats,9,Lufttryck reducerat havsytans nivå,"vid havsytans nivå, momentanvärde, 1 gång/tim",hektopascal,1947-05-13T12:00:00Z,1947-05-13T13:00:00+01:00,-714398400000,,1019.2,1019.2,Y,,corrected-archive-csv
162860,Luleå-Kallax Flygplats,9,Lufttryck reducerat havsytans nivå,"vid havsytans nivå, momentanvärde, 1 gång/tim",hektopascal,1947-05-13T18:00:00Z,1947-05-13T19:00:00+01:00,-714376800000,,1013.2,1013.2,Y,,corrected-archive-csv
162860,Luleå-Kallax Flygplats,9,Lufttryck reducerat havsytans nivå,"vid havsytans nivå, momentanvärde, 1 gång/tim",hektopascal,1947-05-14T00:00:00Z,1947-05-14T01:00:00+01:00,-714355200000,,1010.4,1010.4,Y,,corrected-archive-csv
162860,Luleå-Kallax Flygplats,9,Lufttryck reducerat havsytans nivå,"vid havsytans nivå, momentanvärde, 1 gång/tim",hektopascal,1947-05-14T06:00:00Z,1947-05-14T07:00:00+01:00,-714333600000,,1008.6,1008.6,Y,,corrected-archive-csv
162860,Luleå-Kallax Flygplats,9,Lufttryck reducerat havsytans nivå,"vid havsytans nivå, momentanvärde, 1 gång/tim",hektopascal,1947-05-14T12:00:00Z,1947-05-14T13:00:00+01:00,-714312000000,,1006.1,1006.1,Y,,corrected-archive-csv
162860,Luleå-Kallax Flygplats,9,Lufttryck reducerat havsytans nivå,"vid havsytans nivå, momentanvärde, 1 gång/tim",hektopascal,1947-05-14T18:00:00Z,1947-05-14T19:00:00+01:00,-714290400000,,1003.6,1003.6,Y,,corrected-archive-csv
162860,Luleå-Kallax Flygplats,9,Lufttryck reducerat havsytans nivå,"vid havsytans nivå, momentanvärde, 1 gång/tim",hektopascal,1947-05-15T00:00:00Z,1947-05-15T01:00:00+01:00,-714268800000,,1005.4,1005.4,Y,,corrected-archive-csv
162860,Luleå-Kallax Flygplats,9,Lufttryck reducerat havsytans nivå,"vid havsytans nivå, momentanvärde, 1 gång/tim",hektopascal,1947-05-15T06:00:00Z,1947-05-15T07:00:00+01:00,-714247200000,,1007.2,1007.2,Y,,corrected-archive-csv
162860,Luleå-Kallax Flygplats,9,Lufttryck reducerat havsytans nivå,"vid havsytans nivå, momentanvärde, 1 gång/tim",hektopascal,1947-05-15T12:00:00Z,1947-05-15T13:00:00+01:00,-714225600000,,1008.2,1008.2,Y,,corrected-archive-csv
162860,Luleå-Kallax Flygplats,9,Lufttryck reducerat havsytans nivå,"vid havsytans nivå, momentanvärde, 1 gång/tim",hektopascal,1947-05-15T18:00:00Z,1947-05-15T19:00:00+01:00,-714204000000,,1008.5,1008.5,Y,,corrected-archive-csv
162860,Luleå-Kallax Flygplats,9,Lufttryck reducerat havsytans nivå,"vid havsytans nivå, momentanvärde, 1 gång/tim",hektopascal,1947-05-16T00:00:00Z,1947-05-16T01:00:00+01:00,-714182400000,,1010.2,1010.2,Y,,corrected-archive-csv
162860,Luleå-Kallax Flygplats,9,Lufttryck reducerat havsytans nivå,"vid havsytans nivå, momentanvärde, 1 gång/tim",hektopascal,1947-05-16T06:00:00Z,1947-05-16T07:00:00+01:00,-714160800000,,1013.3,1013.3,Y,,corrected-archive-csv
162860,Luleå-Kallax Flygplats,9,Lufttryck reducerat havsytans nivå,"vid havsytans nivå, momentanvärde, 1 gång/tim",hektopascal,1947-05-16T12:00:00Z,1947-05-16T13:00:00+01:00,-714139200000,,1014.6,1014.6,Y,,corrected-archive-csv
162860,Luleå-Kallax Flygplats,9,Lufttryck reducerat havsytans nivå,"vid havsytans nivå, momentanvärde, 1 gång/tim",hektopascal,1947-05-16T18:00:00Z,1947-05-16T19:00:00+01:00,-714117600000,,1010.6,1010.6,Y,,corrected-archive-csv
162860,Luleå-Kallax Flygplats,9,Lufttryck reducerat havsytans nivå,"vid havsytans nivå, momentanvärde, 1 gång/tim",hektopascal,1947-05-17T00:00:00Z,1947-05-17T01:00:00+01:00,-714096000000,,1008.0,1008.0,Y,,corrected-archive-csv
162860,Luleå-Kallax Flygplats,9,Lufttryck reducerat havsytans nivå,"vid havsytans nivå, momentanvärde, 1 gång/tim",hektopascal,1947-05-17T06:00:00Z,1947-05-17T07:00:00+01:00,-714074400000,,1007.9,1007.9,Y,,corrected-archive-csv
162860,Luleå-Kallax Flygplats,9,Lufttryck reducerat havsytans nivå,"vid havsytans nivå, momentanvärde, 1 gång/tim",hektopascal,1947-05-17T12:00:00Z,1947-05-17T13:00:00+01:00,-714052800000,,1007.5,1007.5,Y,,corrected-archive-csv
162860,Luleå-Kallax Flygplats,9,Lufttryck reducerat havsytans nivå,"vid havsytans nivå, momentanvärde, 1 gång/tim",hektopascal,1947-05-17T18:00:00Z,1947-05-17T19:00:00+01:00,-714031200000,,1008.4,1008.4,Y,,corrected-archive-csv
162860,Luleå-Kallax Flygplats,9,Lufttryck reducerat havsytans nivå,"vid havsytans nivå, momentanvärde, 1 gång/tim",hektopascal,1947-05-18T00:00:00Z,1947-05-18T01:00:00+01:00,-714009600000,,1011.4,1011.4,Y,,corrected-archive-csv
162860,Luleå-Kallax Flygplats,9,Lufttryck reducerat havsytans nivå,"vid havsytans nivå, momentanvärde, 1 gång/tim",hektopascal,1947-05-18T06:00:00Z,1947-05-18T07:00:00+01:00,-713988000000,,1012.5,1012.5,Y,,corrected-archive-csv
162860,Luleå-Kallax Flygplats,9,Lufttryck reducerat havsytans nivå,"vid havsytans nivå, momentanvärde, 1 gång/tim",hektopascal,1947-05-18T12:00:00Z,1947-05-18T13:00:00+01:00,-713966400000,,1010.9,1010.9,Y,,corrected-archive-csv
162860,Luleå-Kallax Flygplats,9,Lufttryck reducerat havsytans nivå,"vid havsytans nivå, momentanvärde, 1 gång/tim",hektopascal,1947-05-18T18:00:00Z,1947-05-18T19:00:00+01:00,-713944800000,,1010.4,1010.4,Y,,corrected-archive-csv
162860,Luleå-Kallax Flygplats,9,Lufttryck reducerat havsytans nivå,"vid havsytans nivå, momentanvärde, 1 gång/tim",hektopascal,1947-05-19T00:00:00Z,1947-05-19T01:00:00+01:00,-713923200000,,1011.8,1011.8,Y,,corrected-archive-csv
162860,Luleå-Kallax Flygplats,9,Lufttryck reducerat havsytans nivå,"vid havsytans nivå, momentanvärde, 1 gång/tim",hektopascal,1947-05-19T06:00:00Z,1947-05-19T07:00:00+01:00,-713901600000,,1012.6,1012.6,Y,,corrected-archive-csv
162860,Luleå-Kallax Flygplats,9,Lufttryck reducerat havsytans nivå,"vid havsytans nivå, momentanvärde, 1 gång/tim",hektopascal,1947-05-19T12:00:00Z,1947-05-19T13:00:00+01:00,-713880000000,,1013.4,1013.4,Y,,corrected-archive-csv
162860,Luleå-Kallax Flygplats,9,Lufttryck reducerat havsytans nivå,"vid havsytans nivå, momentanvärde, 1 gång/tim",hektopascal,1947-05-19T18:00:00Z,1947-05-19T19:00:00+01:00,-713858400000,,1015.7,1015.7,Y,,corrected-archive-csv
162860,Luleå-Kallax Flygplats,9,Lufttryck reducerat havsytans nivå,"vid havsytans nivå, momentanvärde, 1 gång/tim",hektopascal,1947-05-20T00:00:00Z,1947-05-20T01:00:00+01:00,-713836800000,,1019.9,1019.9,Y,,corrected-archive-csv
162860,Luleå-Kallax Flygplats,9,Lufttryck reducerat havsytans nivå,"vid havsytans nivå, momentanvärde, 1 gång/tim",hektopascal,1947-05-20T06:00:00Z,1947-05-20T07:00:00+01:00,-713815200000,,1022.1,1022.1,Y,,corrected-archive-csv
162860,Luleå-Kallax Flygplats,9,Lufttryck reducerat havsytans nivå,"vid havsytans nivå, momentanvärde, 1 gång/tim",hektopascal,1947-05-20T12:00:00Z,1947-05-20T13:00:00+01:00,-713793600000,,1021.8,1021.8,Y,,corrected-archive-csv
162860,Luleå-Kallax Flygplats,9,Lufttryck reducerat havsytans nivå,"vid havsytans nivå, momentanvärde, 1 gång/tim",hektopascal,1947-05-20T18:00:00Z,1947-05-20T19:00:00+01:00,-713772000000,,1022.3,1022.3,Y,,corrected-archive-csv
162860,Luleå-Kallax Flygplats,9,Lufttryck reducerat havsytans nivå,"vid havsytans nivå, momentanvärde, 1 gång/tim",hektopascal,1947-05-21T00:00:00Z,1947-05-21T01:00:00+01:00,-713750400000,,1024.0,1024.0,Y,,corrected-archive-csv
162860,Luleå-Kallax Flygplats,9,Lufttryck reducerat havsytans nivå,"vid havsytans nivå, momentanvärde, 1 gång/tim",hektopascal,1947-05-21T06:00:00Z,1947-05-21T07:00:00+01:00,-713728800000,,1026.3,1026.3,Y,,corrected-archive-csv
162860,Luleå-Kallax Flygplats,9,Lufttryck reducerat havsytans nivå,"vid havsytans nivå, momentanvärde, 1 gång/tim",hektopascal,1947-05-21T12:00:00Z,1947-05-21T13:00:00+01:00,-713707200000,,1026.0,1026.0,Y,,corrected-archive-csv
162860,Luleå-Kallax Flygplats,9,Lufttryck reducerat havsytans nivå,"vid havsytans nivå, momentanvärde, 1 gång/tim",hektopascal,1947-05-21T18:00:00Z,1947-05-21T19:00:00+01:00,-713685600000,,1025.2,1025.2,Y,,corrected-archive-csv
162860,Luleå-Kallax Flygplats,9,Lufttryck reducerat havsytans nivå,"vid havsytans nivå, momentanvärde, 1 gång/tim",hektopascal,1947-05-22T00:00:00Z,1947-05-22T01:00:00+01:00,-713664000000,,1024.5,1024.5,Y,,corrected-archive-csv
162860,Luleå-Kallax Flygplats,9,Lufttryck reducerat havsytans nivå,"vid havsytans nivå, momentanvärde, 1 gång/tim",hektopascal,1947-05-22T06:00:00Z,1947-05-22T07:00:00+01:00,-713642400000,,1023.5,1023.5,Y,,corrected-archive-csv
162860,Luleå-Kallax Flygplats,9,Lufttryck reducerat havsytans nivå,"vid havsytans nivå, momentanvärde, 1 gång/tim",hektopascal,1947-05-22T12:00:00Z,1947-05-22T13:00:00+01:00,-713620800000,,1022.9,1022.9,Y,,corrected-archive-csv
162860,Luleå-Kallax Flygplats,9,Lufttryck reducerat havsytans nivå,"vid havsytans nivå, momentanvärde, 1 gång/tim",hektopascal,1947-05-22T18:00:00Z,1947-05-22T19:00:00+01:00,-713599200000,,1022.6,1022.6,Y,,corrected-archive-csv
162860,Luleå-Kallax Flygplats,9,Lufttryck reducerat havsytans nivå,"vid havsytans nivå, momentanvärde, 1 gång/tim",hektopascal,1947-05-23T00:00:00Z,1947-05-23T01:00:00+01:00,-713577600000,,1023.2,1023.2,Y,,corrected-archive-csv
162860,Luleå-Kallax Flygplats,9,Lufttryck reducerat havsytans nivå,"vid havsytans nivå, momentanvärde, 1 gång/tim",hektopascal,1947-05-23T06:00:00Z,1947-05-23T07:00:00+01:00,-713556000000,,1024.0,1024.0,Y,,corrected-archive-csv
162860,Luleå-Kallax Flygplats,9,Lufttryck reducerat havsytans nivå,"vid havsytans nivå, momentanvärde, 1 gång/tim",hektopascal,1947-05-23T12:00:00Z,1947-05-23T13:00:00+01:00,-713534400000,,1023.2,1023.2,Y,,corrected-archive-csv
162860,Luleå-Kallax Flygplats,9,Lufttryck reducerat havsytans nivå,"vid havsytans nivå, momentanvärde, 1 gång/tim",hektopascal,1947-05-23T18:00:00Z,1947-05-23T19:00:00+01:00,-713512800000,,1020.4,1020.4,Y,,corrected-archive-csv
162860,Luleå-Kallax Flygplats,9,Lufttryck reducerat havsytans nivå,"vid havsytans nivå, momentanvärde, 1 gång/tim",hektopascal,1947-05-24T00:00:00Z,1947-05-24T01:00:00+01:00,-713491200000,,1017.6,1017.6,Y,,corrected-archive-csv
162860,Luleå-Kallax Flygplats,9,Lufttryck reducerat havsytans nivå,"vid havsytans nivå, momentanvärde, 1 gång/tim",hektopascal,1947-05-24T06:00:00Z,1947-05-24T07:00:00+01:00,-713469600000,,1015.3,1015.3,Y,,corrected-archive-csv
162860,Luleå-Kallax Flygplats,9,Lufttryck reducerat havsytans nivå,"vid havsytans nivå, momentanvärde, 1 gång/tim",hektopascal,1947-05-24T12:00:00Z,1947-05-24T13:00:00+01:00,-713448000000,,1012.7,1012.7,Y,,corrected-archive-csv
162860,Luleå-Kallax Flygplats,9,Lufttryck reducerat havsytans nivå,"vid havsytans nivå, momentanvärde, 1 gång/tim",hektopascal,1947-05-24T18:00:00Z,1947-05-24T19:00:00+01:00,-713426400000,,1009.5,1009.5,Y,,corrected-archive-csv
162860,Luleå-Kallax Flygplats,9,Lufttryck reducerat havsytans nivå,"vid havsytans nivå, momentanvärde, 1 gång/tim",hektopascal,1947-05-25T00:00:00Z,1947-05-25T01:00:00+01:00,-713404800000,,1009.5,1009.5,Y,,corrected-archive-csv
162860,Luleå-Kallax Flygplats,9,Lufttryck reducerat havsytans nivå,"vid havsytans nivå, momentanvärde, 1 gång/tim",hektopascal,1947-05-25T06:00:00Z,1947-05-25T07:00:00+01:00,-713383200000,,1010.4,1010.4,Y,,corrected-archive-csv
162860,Luleå-Kallax Flygplats,9,Lufttryck reducerat havsytans nivå,"vid havsytans nivå, momentanvärde, 1 gång/tim",hektopascal,1947-05-25T12:00:00Z,1947-05-25T13:00:00+01:00,-713361600000,,1011.0,1011.0,Y,,corrected-archive-csv
162860,Luleå-Kallax Flygplats,9,Lufttryck reducerat havsytans nivå,"vid havsytans nivå, momentanvärde, 1 gång/tim",hektopascal,1947-05-25T18:00:00Z,1947-05-25T19:00:00+01:00,-713340000000,,1011.3,1011.3,Y,,corrected-archive-csv
162860,Luleå-Kallax Flygplats,9,Lufttryck reducerat havsytans nivå,"vid havsytans nivå, momentanvärde, 1 gång/tim",hektopascal,1947-05-26T00:00:00Z,1947-05-26T01:00:00+01:00,-713318400000,,1013.7,1013.7,Y,,corrected-archive-csv
162860,Luleå-Kallax Flygplats,9,Lufttryck reducerat havsytans nivå,"vid havsytans nivå, momentanvärde, 1 gång/tim",hektopascal,1947-05-26T06:00:00Z,1947-05-26T07:00:00+01:00,-713296800000,,1015.0,1015.0,Y,,corrected-archive-csv
162860,Luleå-Kallax Flygplats,9,Lufttryck reducerat havsytans nivå,"vid havsytans nivå, momentanvärde, 1 gång/tim",hektopascal,1947-05-26T12:00:00Z,1947-05-26T13:00:00+01:00,-713275200000,,1016.0,1016.0,Y,,corrected-archive-csv
162860,Luleå-Kallax Flygplats,9,Lufttryck reducerat havsytans nivå,"vid havsytans nivå, momentanvärde, 1 gång/tim",hektopascal,1947-05-26T18:00:00Z,1947-05-26T19:00:00+01:00,-713253600000,,1017.0,1017.0,Y,,corrected-archive-csv
162860,Luleå-Kallax Flygplats,9,Lufttryck reducerat havsytans nivå,"vid havsytans nivå, momentanvärde, 1 gång/tim",hektopascal,1947-05-27T00:00:00Z,1947-05-27T01:00:00+01:00,-713232000000,,1019.1,1019.1,Y,,corrected-archive-csv
162860,Luleå-Kallax Flygplats,9,Lufttryck reducerat havsytans nivå,"vid havsytans nivå, momentanvärde, 1 gång/tim",hektopascal,1947-05-27T06:00:00Z,1947-05-27T07:00:00+01:00,-713210400000,,1020.8,1020.8,Y,,corrected-archive-csv
162860,Luleå-Kallax Flygplats,9,Lufttryck reducerat havsytans nivå,"vid havsytans nivå, momentanvärde, 1 gång/tim",hektopascal,1947-05-27T12:00:00Z,1947-05-27T13:00:00+01:00,-713188800000,,1020.4,1020.4,Y,,corrected-archive-csv
162860,Luleå-Kallax Flygplats,9,Lufttryck reducerat havsytans nivå,"vid havsytans nivå, momentanvärde, 1 gång/tim",hektopascal,1947-05-27T18:00:00Z,1947-05-27T19:00:00+01:00,-713167200000,,1017.6,1017.6,Y,,corrected-archive-csv
162860,Luleå-Kallax Flygplats,9,Lufttryck reducerat havsytans nivå,"vid havsytans nivå, momentanvärde, 1 gång/tim",hektopascal,1947-05-28T00:00:00Z,1947-05-28T01:00:00+01:00,-713145600000,,1016.6,1016.6,Y,,corrected-archive-csv
162860,Luleå-Kallax Flygplats,9,Lufttryck reducerat havsytans nivå,"vid havsytans nivå, momentanvärde, 1 gång/tim",hektopascal,1947-05-28T06:00:00Z,1947-05-28T07:00:00+01:00,-713124000000,,1015.7,1015.7,Y,,corrected-archive-csv
162860,Luleå-Kallax Flygplats,9,Lufttryck reducerat havsytans nivå,"vid havsytans nivå, momentanvärde, 1 gång/tim",hektopascal,1947-05-28T12:00:00Z,1947-05-28T13:00:00+01:00,-713102400000,,1015.7,1015.7,Y,,corrected-archive-csv
162860,Luleå-Kallax Flygplats,9,Lufttryck reducerat havsytans nivå,"vid havsytans nivå, momentanvärde, 1 gång/tim",hektopascal,1947-05-28T18:00:00Z,1947-05-28T19:00:00+01:00,-713080800000,,1016.1,1016.1,Y,,corrected-archive-csv
162860,Luleå-Kallax Flygplats,9,Lufttryck reducerat havsytans nivå,"vid havsytans nivå, momentanvärde, 1 gång/tim",hektopascal,1947-05-29T00:00:00Z,1947-05-29T01:00:00+01:00,-713059200000,,1016.8,1016.8,Y,,corrected-archive-csv
162860,Luleå-Kallax Flygplats,9,Lufttryck reducerat havsytans nivå,"vid havsytans nivå, momentanvärde, 1 gång/tim",hektopascal,1947-05-29T06:00:00Z,1947-05-29T07:00:00+01:00,-713037600000,,1018.5,1018.5,Y,,corrected-archive-csv
162860,Luleå-Kallax Flygplats,9,Lufttryck reducerat havsytans nivå,"vid havsytans nivå, momentanvärde, 1 gång/tim",hektopascal,1947-05-29T12:00:00Z,1947-05-29T13:00:00+01:00,-713016000000,,1018.2,1018.2,Y,,corrected-archive-csv
162860,Luleå-Kallax Flygplats,9,Lufttryck reducerat havsytans nivå,"vid havsytans nivå, momentanvärde, 1 gång/tim",hektopascal,1947-05-29T18:00:00Z,1947-05-29T19:00:00+01:00,-712994400000,,1018.3,1018.3,Y,,corrected-archive-csv
162860,Luleå-Kallax Flygplats,9,Lufttryck reducerat havsytans nivå,"vid havsytans nivå, momentanvärde, 1 gång/tim",hektopascal,1947-05-30T00:00:00Z,1947-05-30T01:00:00+01:00,-712972800000,,1021.8,1021.8,Y,,corrected-archive-csv
162860,Luleå-Kallax Flygplats,9,Lufttryck reducerat havsytans nivå,"vid havsytans nivå, momentanvärde, 1 gång/tim",hektopascal,1947-05-30T06:00:00Z,1947-05-30T07:00:00+01:00,-712951200000,,1023.8,1023.8,Y,,corrected-archive-csv
162860,Luleå-Kallax Flygplats,9,Lufttryck reducerat havsytans nivå,"vid havsytans nivå, momentanvärde, 1 gång/tim",hektopascal,1947-05-30T12:00:00Z,1947-05-30T13:00:00+01:00,-712929600000,,1023.0,1023.0,Y,,corrected-archive-csv
162860,Luleå-Kallax Flygplats,9,Lufttryck reducerat havsytans nivå,"vid havsytans nivå, momentanvärde, 1 gång/tim",hektopascal,1947-05-30T18:00:00Z,1947-05-30T19:00:00+01:00,-712908000000,,1020.1,1020.1,Y,,corrected-archive-csv
162860,Luleå-Kallax Flygplats,9,Lufttryck reducerat havsytans nivå,"vid havsytans nivå, momentanvärde, 1 gång/tim",hektopascal,1947-05-31T00:00:00Z,1947-05-31T01:00:00+01:00,-712886400000,,1016.0,1016.0,Y,,corrected-archive-csv
162860,Luleå-Kallax Flygplats,9,Lufttryck reducerat havsytans nivå,"vid havsytans nivå, momentanvärde, 1 gång/tim",hektopascal,1947-05-31T06:00:00Z,1947-05-31T07:00:00+01:00,-712864800000,,1013.8,1013.8,Y,,corrected-archive-csv
162860,Luleå-Kallax Flygplats,9,Lufttryck reducerat havsytans nivå,"vid havsytans nivå, momentanvärde, 1 gång/tim",hektopascal,1947-05-31T12:00:00Z,1947-05-31T13:00:00+01:00,-712843200000,,1016.3,1016.3,Y,,corrected-archive-csv
162860,Luleå-Kallax Flygplats,9,Lufttryck reducerat havsytans nivå,"vid havsytans nivå, momentanvärde, 1 gång/tim",hektopascal,1947-05-31T18:00:00Z,1947-05-31T19:00:00+01:00,-712821600000,,1017.4,1017.4,Y,,corrected-archive-csv
162860,Luleå-Kallax Flygplats,9,Lufttryck reducerat havsytans nivå,"vid havsytans nivå, momentanvärde, 1 gång/tim",hektopascal,1947-06-01T00:00:00Z,1947-06-01T01:00:00+01:00,-712800000000,,1018.5,1018.5,Y,,corrected-archive-csv
162860,Luleå-Kallax Flygplats,9,Lufttryck reducerat havsytans nivå,"vid havsytans nivå, momentanvärde, 1 gång/tim",hektopascal,1947-06-01T06:00:00Z,1947-06-01T07:00:00+01:00,-712778400000,,1019.9,1019.9,Y,,corrected-archive-csv
162860,Luleå-Kallax Flygplats,9,Lufttryck reducerat havsytans nivå,"vid havsytans nivå, momentanvärde, 1 gång/tim",hektopascal,1947-06-01T12:00:00Z,1947-06-01T13:00:00+01:00,-712756800000,,1017.9,1017.9,Y,,corrected-archive-csv
162860,Luleå-Kallax Flygplats,9,Lufttryck reducerat havsytans nivå,"vid havsytans nivå, momentanvärde, 1 gång/tim",hektopascal,1947-06-01T18:00:00Z,1947-06-01T19:00:00+01:00,-712735200000,,1015.7,1015.7,Y,,corrected-archive-csv
162860,Luleå-Kallax Flygplats,9,Lufttryck reducerat havsytans nivå,"vid havsytans nivå, momentanvärde, 1 gång/tim",hektopascal,1947-06-02T00:00:00Z,1947-06-02T01:00:00+01:00,-712713600000,,1014.5,1014.5,Y,,corrected-archive-csv
162860,Luleå-Kallax Flygplats,9,Lufttryck reducerat havsytans nivå,"vid havsytans nivå, momentanvärde, 1 gång/tim",hektopascal,1947-06-02T06:00:00Z,1947-06-02T07:00:00+01:00,-712692000000,,1013.6,1013.6,Y,,corrected-archive-csv
162860,Luleå-Kallax Flygplats,9,Lufttryck reducerat havsytans nivå,"vid havsytans nivå, momentanvärde, 1 gång/tim",hektopascal,1947-06-02T12:00:00Z,1947-06-02T13:00:00+01:00,-712670400000,,1012.0,1012.0,Y,,corrected-archive-csv
162860,Luleå-Kallax Flygplats,9,Lufttryck reducerat havsytans nivå,"vid havsytans nivå, momentanvärde, 1 gång/tim",hektopascal,1947-06-02T18:00:00Z,1947-06-02T19:00:00+01:00,-712648800000,,1010.0,1010.0,Y,,corrected-archive-csv
162860,Luleå-Kallax Flygplats,9,Lufttryck reducerat havsytans nivå,"vid havsytans nivå, momentanvärde, 1 gång/tim",hektopascal,1947-06-03T00:00:00Z,1947-06-03T01:00:00+01:00,-712627200000,,1008.7,1008.7,Y,,corrected-archive-csv
162860,Luleå-Kallax Flygplats,9,Lufttryck reducerat havsytans nivå,"vid havsytans nivå, momentanvärde, 1 gång/tim",hektopascal,1947-06-03T06:00:00Z,1947-06-03T07:00:00+01:00,-712605600000,,1006.2,1006.2,Y,,corrected-archive-csv
162860,Luleå-Kallax Flygplats,9,Lufttryck reducerat havsytans nivå,"vid havsytans nivå, momentanvärde, 1 gång/tim",hektopascal,1947-06-03T12:00:00Z,1947-06-03T13:00:00+01:00,-712584000000,,1003.8,1003.8,Y,,corrected-archive-csv
162860,Luleå-Kallax Flygplats,9,Lufttryck reducerat havsytans nivå,"vid havsytans nivå, momentanvärde, 1 gång/tim",hektopascal,1947-06-03T18:00:00Z,1947-06-03T19:00:00+01:00,-712562400000,,1003.7,1003.7,Y,,corrected-archive-csv
162860,Luleå-Kallax Flygplats,9,Lufttryck reducerat havsytans nivå,"vid havsytans nivå, momentanvärde, 1 gång/tim",hektopascal,1947-06-04T00:00:00Z,1947-06-04T01:00:00+01:00,-712540800000,,1005.7,1005.7,Y,,corrected-archive-csv
162860,Luleå-Kallax Flygplats,9,Lufttryck reducerat havsytans nivå,"vid havsytans nivå, momentanvärde, 1 gång/tim",hektopascal,1947-06-04T06:00:00Z,1947-06-04T07:00:00+01:00,-712519200000,,1008.0,1008.0,Y,,corrected-archive-csv
162860,Luleå-Kallax Flygplats,9,Lufttryck reducerat havsytans nivå,"vid havsytans nivå, momentanvärde, 1 gång/tim",hektopascal,1947-06-04T12:00:00Z,1947-06-04T13:00:00+01:00,-712497600000,,1007.5,1007.5,Y,,corrected-archive-csv
162860,Luleå-Kallax Flygplats,9,Lufttryck reducerat havsytans nivå,"vid havsytans nivå, momentanvärde, 1 gång/tim",hektopascal,1947-06-04T18:00:00Z,1947-06-04T19:00:00+01:00,-712476000000,,1007.0,1007.0,Y,,corrected-archive-csv
162860,Luleå-Kallax Flygplats,9,Lufttryck reducerat havsytans nivå,"vid havsytans nivå, momentanvärde, 1 gång/tim",hektopascal,1947-06-05T00:00:00Z,1947-06-05T01:00:00+01:00,-712454400000,,1005.0,1005.0,Y,,corrected-archive-csv
162860,Luleå-Kallax Flygplats,9,Lufttryck reducerat havsytans nivå,"vid havsytans nivå, momentanvärde, 1 gång/tim",hektopascal,1947-06-05T06:00:00Z,1947-06-05T07:00:00+01:00,-712432800000,,1002.5,1002.5,Y,,corrected-archive-csv
162860,Luleå-Kallax Flygplats,9,Lufttryck reducerat havsytans nivå,"vid havsytans nivå, momentanvärde, 1 gång/tim",hektopascal,1947-06-05T18:00:00Z,1947-06-05T19:00:00+01:00,-712389600000,,999.2,999.2,Y,,corrected-archive-csv
162860,Luleå-Kallax Flygplats,9,Lufttryck reducerat havsytans nivå,"vid havsytans nivå, momentanvärde, 1 gång/tim",hektopascal,1947-06-06T00:00:00Z,1947-06-06T01:00:00+01:00,-712368000000,,998.2,998.2,Y,,corrected-archive-csv
162860,Luleå-Kallax Flygplats,9,Lufttryck reducerat havsytans nivå,"vid havsytans nivå, momentanvärde, 1 gång/tim",hektopascal,1947-06-06T06:00:00Z,1947-06-06T07:00:00+01:00,-712346400000,,997.0,997.0,Y,,corrected-archive-csv
162860,Luleå-Kallax Flygplats,9,Lufttryck reducerat havsytans nivå,"vid havsytans nivå, momentanvärde, 1 gång/tim",hektopascal,1947-06-06T12:00:00Z,1947-06-06T13:00:00+01:00,-712324800000,,996.3,996.3,Y,,corrected-archive-csv
162860,Luleå-Kallax Flygplats,9,Lufttryck reducerat havsytans nivå,"vid havsytans nivå, momentanvärde, 1 gång/tim",hektopascal,1947-06-06T18:00:00Z,1947-06-06T19:00:00+01:00,-712303200000,,995.6,995.6,Y,,corrected-archive-csv
162860,Luleå-Kallax Flygplats,9,Lufttryck reducerat havsytans nivå,"vid havsytans nivå, momentanvärde, 1 gång/tim",hektopascal,1947-06-07T00:00:00Z,1947-06-07T01:00:00+01:00,-712281600000,,998.4,998.4,Y,,corrected-archive-csv
162860,Luleå-Kallax Flygplats,9,Lufttryck reducerat havsytans nivå,"vid havsytans nivå, momentanvärde, 1 gång/tim",hektopascal,1947-06-07T06:00:00Z,1947-06-07T07:00:00+01:00,-712260000000,,1000.0,1000.0,Y,,corrected-archive-csv
162860,Luleå-Kallax Flygplats,9,Lufttryck reducerat havsytans nivå,"vid havsytans nivå, momentanvärde, 1 gång/tim",hektopascal,1947-06-07T12:00:00Z,1947-06-07T13:00:00+01:00,-712238400000,,1002.3,1002.3,Y,,corrected-archive-csv
162860,Luleå-Kallax Flygplats,9,Lufttryck reducerat havsytans nivå,"vid havsytans nivå, momentanvärde, 1 gång/tim",hektopascal,1947-06-07T18:00:00Z,1947-06-07T19:00:00+01:00,-712216800000,,1002.8,1002.8,Y,,corrected-archive-csv
162860,Luleå-Kallax Flygplats,9,Lufttryck reducerat havsytans nivå,"vid havsytans nivå, momentanvärde, 1 gång/tim",hektopascal,1947-06-08T00:00:00Z,1947-06-08T01:00:00+01:00,-712195200000,,1003.0,1003.0,Y,,corrected-archive-csv
162860,Luleå-Kallax Flygplats,9,Lufttryck reducerat havsytans nivå,"vid havsytans nivå, momentanvärde, 1 gång/tim",hektopascal,1947-06-08T06:00:00Z,1947-06-08T07:00:00+01:00,-712173600000,,1000.0,1000.0,Y,,corrected-archive-csv
162860,Luleå-Kallax Flygplats,9,Lufttryck reducerat havsytans nivå,"vid havsytans nivå, momentanvärde, 1 gång/tim",hektopascal,1947-06-08T12:00:00Z,1947-06-08T13:00:00+01:00,-712152000000,,996.5,996.5,Y,,corrected-archive-csv
162860,Luleå-Kallax Flygplats,9,Lufttryck reducerat havsytans nivå,"vid havsytans nivå, momentanvärde, 1 gång/tim",hektopascal,1947-06-08T18:00:00Z,1947-06-08T19:00:00+01:00,-712130400000,,1000.8,1000.8,Y,,corrected-archive-csv
162860,Luleå-Kallax Flygplats,9,Lufttryck reducerat havsytans nivå,"vid havsytans nivå, momentanvärde, 1 gång/tim",hektopascal,1947-06-09T00:00:00Z,1947-06-09T01:00:00+01:00,-712108800000,,1002.7,1002.7,Y,,corrected-archive-csv
162860,Luleå-Kallax Flygplats,9,Lufttryck reducerat havsytans nivå,"vid havsytans nivå, momentanvärde, 1 gång/tim",hektopascal,1947-06-09T06:00:00Z,1947-06-09T07:00:00+01:00,-712087200000,,1005.7,1005.7,Y,,corrected-archive-csv
162860,Luleå-Kallax Flygplats,9,Lufttryck reducerat havsytans nivå,"vid havsytans nivå, momentanvärde, 1 gång/tim",hektopascal,1947-06-09T12:00:00Z,1947-06-09T13:00:00+01:00,-712065600000,,1007.6,1007.6,Y,,corrected-archive-csv
162860,Luleå-Kallax Flygplats,9,Lufttryck reducerat havsytans nivå,"vid havsytans nivå, momentanvärde, 1 gång/tim",hektopascal,1947-06-09T18:00:00Z,1947-06-09T19:00:00+01:00,-712044000000,,1008.3,1008.3,Y,,corrected-archive-csv
162860,Luleå-Kallax Flygplats,9,Lufttryck reducerat havsytans nivå,"vid havsytans nivå, momentanvärde, 1 gång/tim",hektopascal,1947-06-10T00:00:00Z,1947-06-10T01:00:00+01:00,-712022400000,,1009.5,1009.5,Y,,corrected-archive-csv
162860,Luleå-Kallax Flygplats,9,Lufttryck reducerat havsytans nivå,"vid havsytans nivå, momentanvärde, 1 gång/tim",hektopascal,1947-06-10T06:00:00Z,1947-06-10T07:00:00+01:00,-712000800000,,1011.5,1011.5,Y,,corrected-archive-csv
162860,Luleå-Kallax Flygplats,9,Lufttryck reducerat havsytans nivå,"vid havsytans nivå, momentanvärde, 1 gång/tim",hektopascal,1947-06-10T12:00:00Z,1947-06-10T13:00:00+01:00,-711979200000,,1014.8,1014.8,Y,,corrected-archive-csv
162860,Luleå-Kallax Flygplats,9,Lufttryck reducerat havsytans nivå,"vid havsytans nivå, momentanvärde, 1 gång/tim",hektopascal,1947-06-10T18:00:00Z,1947-06-10T19:00:00+01:00,-711957600000,,1015.9,1015.9,Y,,corrected-archive-csv
162860,Luleå-Kallax Flygplats,9,Lufttryck reducerat havsytans nivå,"vid havsytans nivå, momentanvärde, 1 gång/tim",hektopascal,1947-06-11T00:00:00Z,1947-06-11T01:00:00+01:00,-711936000000,,1015.5,1015.5,Y,,corrected-archive-csv
162860,Luleå-Kallax Flygplats,9,Lufttryck reducerat havsytans nivå,"vid havsytans nivå, momentanvärde, 1 gång/tim",hektopascal,1947-06-11T06:00:00Z,1947-06-11T07:00:00+01:00,-711914400000,,1012.2,1012.2,Y,,corrected-archive-csv
162860,Luleå-Kallax Flygplats,9,Lufttryck reducerat havsytans nivå,"vid havsytans nivå, momentanvärde, 1 gång/tim",hektopascal,1947-06-11T12:00:00Z,1947-06-11T13:00:00+01:00,-711892800000,,1007.9,1007.9,Y,,corrected-archive-csv
162860,Luleå-Kallax Flygplats,9,Lufttryck reducerat havsytans nivå,"vid havsytans nivå, momentanvärde, 1 gång/tim",hektopascal,1947-06-11T18:00:00Z,1947-06-11T19:00:00+01:00,-711871200000,,1007.8,1007.8,Y,,corrected-archive-csv
162860,Luleå-Kallax Flygplats,9,Lufttryck reducerat havsytans nivå,"vid havsytans nivå, momentanvärde, 1 gång/tim",hektopascal,1947-06-12T00:00:00Z,1947-06-12T01:00:00+01:00,-711849600000,,1008.8,1008.8,Y,,corrected-archive-csv
162860,Luleå-Kallax Flygplats,9,Lufttryck reducerat havsytans nivå,"vid havsytans nivå, momentanvärde, 1 gång/tim",hektopascal,1947-06-12T06:00:00Z,1947-06-12T07:00:00+01:00,-711828000000,,1011.5,1011.5,Y,,corrected-archive-csv
162860,Luleå-Kallax Flygplats,9,Lufttryck reducerat havsytans nivå,"vid havsytans nivå, momentanvärde, 1 gång/tim",hektopascal,1947-06-12T12:00:00Z,1947-06-12T13:00:00+01:00,-711806400000,,1016.4,1016.4,Y,,corrected-archive-csv
162860,Luleå-Kallax Flygplats,9,Lufttryck reducerat havsytans nivå,"vid havsytans nivå, momentanvärde, 1 gång/tim",hektopascal,1947-06-12T18:00:00Z,1947-06-12T19:00:00+01:00,-711784800000,,1017.8,1017.8,Y,,corrected-archive-csv
162860,Luleå-Kallax Flygplats,9,Lufttryck reducerat havsytans nivå,"vid havsytans nivå, momentanvärde, 1 gång/tim",hektopascal,1947-06-13T00:00:00Z,1947-06-13T01:00:00+01:00,-711763200000,,1018.5,1018.5,Y,,corrected-archive-csv
162860,Luleå-Kallax Flygplats,9,Lufttryck reducerat havsytans nivå,"vid havsytans nivå, momentanvärde, 1 gång/tim",hektopascal,1947-06-13T06:00:00Z,1947-06-13T07:00:00+01:00,-711741600000,,1015.7,1015.7,Y,,corrected-archive-csv
162860,Luleå-Kallax Flygplats,9,Lufttryck reducerat havsytans nivå,"vid havsytans nivå, momentanvärde, 1 gång/tim",hektopascal,1947-06-13T12:00:00Z,1947-06-13T13:00:00+01:00,-711720000000,,1012.8,1012.8,Y,,corrected-archive-csv
162860,Luleå-Kallax Flygplats,9,Lufttryck reducerat havsytans nivå,"vid havsytans nivå, momentanvärde, 1 gång/tim",hektopascal,1947-06-13T18:00:00Z,1947-06-13T19:00:00+01:00,-711698400000,,1010.4,1010.4,Y,,corrected-archive-csv
162860,Luleå-Kallax Flygplats,9,Lufttryck reducerat havsytans nivå,"vid havsytans nivå, momentanvärde, 1 gång/tim",hektopascal,1947-06-14T00:00:00Z,1947-06-14T01:00:00+01:00,-711676800000,,1006.4,1006.4,Y,,corrected-archive-csv
162860,Luleå-Kallax Flygplats,9,Lufttryck reducerat havsytans nivå,"vid havsytans nivå, momentanvärde, 1 gång/tim",hektopascal,1947-06-14T06:00:00Z,1947-06-14T07:00:00+01:00,-711655200000,,1002.8,1002.8,Y,,corrected-archive-csv
162860,Luleå-Kallax Flygplats,9,Lufttryck reducerat havsytans nivå,"vid havsytans nivå, momentanvärde, 1 gång/tim",hektopascal,1947-06-14T12:00:00Z,1947-06-14T13:00:00+01:00,-711633600000,,1001.6,1001.6,Y,,corrected-archive-csv
162860,Luleå-Kallax Flygplats,9,Lufttryck reducerat havsytans nivå,"vid havsytans nivå, momentanvärde, 1 gång/tim",hektopascal,1947-06-14T18:00:00Z,1947-06-14T19:00:00+01:00,-711612000000,,1005.2,1005.2,Y,,corrected-archive-csv
162860,Luleå-Kallax Flygplats,9,Lufttryck reducerat havsytans nivå,"vid havsytans nivå, momentanvärde, 1 gång/tim",hektopascal,1947-06-15T00:00:00Z,1947-06-15T01:00:00+01:00,-711590400000,,1007.6,1007.6,Y,,corrected-archive-csv
162860,Luleå-Kallax Flygplats,9,Lufttryck reducerat havsytans nivå,"vid havsytans nivå, momentanvärde, 1 gång/tim",hektopascal,1947-06-15T06:00:00Z,1947-06-15T07:00:00+01:00,-711568800000,,1010.3,1010.3,Y,,corrected-archive-csv
162860,Luleå-Kallax Flygplats,9,Lufttryck reducerat havsytans nivå,"vid havsytans nivå, momentanvärde, 1 gång/tim",hektopascal,1947-06-15T12:00:00Z,1947-06-15T13:00:00+01:00,-711547200000,,1012.2,1012.2,Y,,corrected-archive-csv
162860,Luleå-Kallax Flygplats,9,Lufttryck reducerat havsytans nivå,"vid havsytans nivå, momentanvärde, 1 gång/tim",hektopascal,1947-06-15T18:00:00Z,1947-06-15T19:00:00+01:00,-711525600000,,1012.2,1012.2,Y,,corrected-archive-csv
162860,Luleå-Kallax Flygplats,9,Lufttryck reducerat havsytans nivå,"vid havsytans nivå, momentanvärde, 1 gång/tim",hektopascal,1947-06-16T00:00:00Z,1947-06-16T01:00:00+01:00,-711504000000,,1012.2,1012.2,Y,,corrected-archive-csv
162860,Luleå-Kallax Flygplats,9,Lufttryck reducerat havsytans nivå,"vid havsytans nivå, momentanvärde, 1 gång/tim",hektopascal,1947-06-16T06:00:00Z,1947-06-16T07:00:00+01:00,-711482400000,,1012.7,1012.7,Y,,corrected-archive-csv
162860,Luleå-Kallax Flygplats,9,Lufttryck reducerat havsytans nivå,"vid havsytans nivå, momentanvärde, 1 gång/tim",hektopascal,1947-06-16T12:00:00Z,1947-06-16T13:00:00+01:00,-711460800000,,1013.3,1013.3,Y,,corrected-archive-csv
162860,Luleå-Kallax Flygplats,9,Lufttryck reducerat havsytans nivå,"vid havsytans nivå, momentanvärde, 1 gång/tim",hektopascal,1947-06-16T18:00:00Z,1947-06-16T19:00:00+01:00,-711439200000,,1013.9,1013.9,Y,,corrected-archive-csv
162860,Luleå-Kallax Flygplats,9,Lufttryck reducerat havsytans nivå,"vid havsytans nivå, momentanvärde, 1 gång/tim",hektopascal,1947-06-17T00:00:00Z,1947-06-17T01:00:00+01:00,-711417600000,,1014.8,1014.8,Y,,corrected-archive-csv
162860,Luleå-Kallax Flygplats,9,Lufttryck reducerat havsytans nivå,"vid havsytans nivå, momentanvärde, 1 gång/tim",hektopascal,1947-06-17T06:00:00Z,1947-06-17T07:00:00+01:00,-711396000000,,1016.9,1016.9,Y,,corrected-archive-csv
162860,Luleå-Kallax Flygplats,9,Lufttryck reducerat havsytans nivå,"vid havsytans nivå, momentanvärde, 1 gång/tim",hektopascal,1947-06-17T12:00:00Z,1947-06-17T13:00:00+01:00,-711374400000,,1018.3,1018.3,Y,,corrected-archive-csv
162860,Luleå-Kallax Flygplats,9,Lufttryck reducerat havsytans nivå,"vid havsytans nivå, momentanvärde, 1 gång/tim",hektopascal,1947-06-17T18:00:00Z,1947-06-17T19:00:00+01:00,-711352800000,,1018.4,1018.4,Y,,corrected-archive-csv
162860,Luleå-Kallax Flygplats,9,Lufttryck reducerat havsytans nivå,"vid havsytans nivå, momentanvärde, 1 gång/tim",hektopascal,1947-06-18T00:00:00Z,1947-06-18T01:00:00+01:00,-711331200000,,1018.7,1018.7,Y,,corrected-archive-csv
162860,Luleå-Kallax Flygplats,9,Lufttryck reducerat havsytans nivå,"vid havsytans nivå, momentanvärde, 1 gång/tim",hektopascal,1947-06-18T06:00:00Z,1947-06-18T07:00:00+01:00,-711309600000,,1018.8,1018.8,Y,,corrected-archive-csv
162860,Luleå-Kallax Flygplats,9,Lufttryck reducerat havsytans nivå,"vid havsytans nivå, momentanvärde, 1 gång/tim",hektopascal,1947-06-18T12:00:00Z,1947-06-18T13:00:00+01:00,-711288000000,,1020.1,1020.1,Y,,corrected-archive-csv
162860,Luleå-Kallax Flygplats,9,Lufttryck reducerat havsytans nivå,"vid havsytans nivå, momentanvärde, 1 gång/tim",hektopascal,1947-06-18T18:00:00Z,1947-06-18T19:00:00+01:00,-711266400000,,1020.5,1020.5,Y,,corrected-archive-csv
162860,Luleå-Kallax Flygplats,9,Lufttryck reducerat havsytans nivå,"vid havsytans nivå, momentanvärde, 1 gång/tim",hektopascal,1947-06-19T00:00:00Z,1947-06-19T01:00:00+01:00,-711244800000,,1021.9,1021.9,Y,,corrected-archive-csv
162860,Luleå-Kallax Flygplats,9,Lufttryck reducerat havsytans nivå,"vid havsytans nivå, momentanvärde, 1 gång/tim",hektopascal,1947-06-19T06:00:00Z,1947-06-19T07:00:00+01:00,-711223200000,,1023.1,1023.1,Y,,corrected-archive-csv
162860,Luleå-Kallax Flygplats,9,Lufttryck reducerat havsytans nivå,"vid havsytans nivå, momentanvärde, 1 gång/tim",hektopascal,1947-06-19T12:00:00Z,1947-06-19T13:00:00+01:00,-711201600000,,1022.4,1022.4,Y,,corrected-archive-csv
162860,Luleå-Kallax Flygplats,9,Lufttryck reducerat havsytans nivå,"vid havsytans nivå, momentanvärde, 1 gång/tim",hektopascal,1947-06-19T18:00:00Z,1947-06-19T19:00:00+01:00,-711180000000,,1021.7,1021.7,Y,,corrected-archive-csv
162860,Luleå-Kallax Flygplats,9,Lufttryck reducerat havsytans nivå,"vid havsytans nivå, momentanvärde, 1 gång/tim",hektopascal,1947-06-20T00:00:00Z,1947-06-20T01:00:00+01:00,-711158400000,,1022.1,1022.1,Y,,corrected-archive-csv
162860,Luleå-Kallax Flygplats,9,Lufttryck reducerat havsytans nivå,"vid havsytans nivå, momentanvärde, 1 gång/tim",hektopascal,1947-06-20T06:00:00Z,1947-06-20T07:00:00+01:00,-711136800000,,1022.8,1022.8,Y,,corrected-archive-csv
162860,Luleå-Kallax Flygplats,9,Lufttryck reducerat havsytans nivå,"vid havsytans nivå, momentanvärde, 1 gång/tim",hektopascal,1947-06-20T12:00:00Z,1947-06-20T13:00:00+01:00,-711115200000,,1022.5,1022.5,Y,,corrected-archive-csv
162860,Luleå-Kallax Flygplats,9,Lufttryck reducerat havsytans nivå,"vid havsytans nivå, momentanvärde, 1 gång/tim",hektopascal,1947-06-20T18:00:00Z,1947-06-20T19:00:00+01:00,-711093600000,,1020.2,1020.2,Y,,corrected-archive-csv
162860,Luleå-Kallax Flygplats,9,Lufttryck reducerat havsytans nivå,"vid havsytans nivå, momentanvärde, 1 gång/tim",hektopascal,1947-06-21T00:00:00Z,1947-06-21T01:00:00+01:00,-711072000000,,1019.4,1019.4,Y,,corrected-archive-csv
162860,Luleå-Kallax Flygplats,9,Lufttryck reducerat havsytans nivå,"vid havsytans nivå, momentanvärde, 1 gång/tim",hektopascal,1947-06-21T06:00:00Z,1947-06-21T07:00:00+01:00,-711050400000,,1019.8,1019.8,Y,,corrected-archive-csv
162860,Luleå-Kallax Flygplats,9,Lufttryck reducerat havsytans nivå,"vid havsytans nivå, momentanvärde, 1 gång/tim",hektopascal,1947-06-21T12:00:00Z,1947-06-21T13:00:00+01:00,-711028800000,,1019.1,1019.1,Y,,corrected-archive-csv
162860,Luleå-Kallax Flygplats,9,Lufttryck reducerat havsytans nivå,"vid havsytans nivå, momentanvärde, 1 gång/tim",hektopascal,1947-06-21T18:00:00Z,1947-06-21T19:00:00+01:00,-711007200000,,1016.8,1016.8,Y,,corrected-archive-csv
162860,Luleå-Kallax Flygplats,9,Lufttryck reducerat havsytans nivå,"vid havsytans nivå, momentanvärde, 1 gång/tim",hektopascal,1947-06-22T00:00:00Z,1947-06-22T01:00:00+01:00,-710985600000,,1016.8,1016.8,Y,,corrected-archive-csv
162860,Luleå-Kallax Flygplats,9,Lufttryck reducerat havsytans nivå,"vid havsytans nivå, momentanvärde, 1 gång/tim",hektopascal,1947-06-22T06:00:00Z,1947-06-22T07:00:00+01:00,-710964000000,,1016.8,1016.8,Y,,corrected-archive-csv
162860,Luleå-Kallax Flygplats,9,Lufttryck reducerat havsytans nivå,"vid havsytans nivå, momentanvärde, 1 gång/tim",hektopascal,1947-06-22T12:00:00Z,1947-06-22T13:00:00+01:00,-710942400000,,1016.9,1016.9,Y,,corrected-archive-csv
162860,Luleå-Kallax Flygplats,9,Lufttryck reducerat havsytans nivå,"vid havsytans nivå, momentanvärde, 1 gång/tim",hektopascal,1947-06-22T18:00:00Z,1947-06-22T19:00:00+01:00,-710920800000,,1015.0,1015.0,Y,,corrected-archive-csv
162860,Luleå-Kallax Flygplats,9,Lufttryck reducerat havsytans nivå,"vid havsytans nivå, momentanvärde, 1 gång/tim",hektopascal,1947-06-23T00:00:00Z,1947-06-23T01:00:00+01:00,-710899200000,,1015.4,1015.4,Y,,corrected-archive-csv
162860,Luleå-Kallax Flygplats,9,Lufttryck reducerat havsytans nivå,"vid havsytans nivå, momentanvärde, 1 gång/tim",hektopascal,1947-06-23T06:00:00Z,1947-06-23T07:00:00+01:00,-710877600000,,1015.8,1015.8,Y,,corrected-archive-csv
162860,Luleå-Kallax Flygplats,9,Lufttryck reducerat havsytans nivå,"vid havsytans nivå, momentanvärde, 1 gång/tim",hektopascal,1947-06-23T12:00:00Z,1947-06-23T13:00:00+01:00,-710856000000,,1014.4,1014.4,Y,,corrected-archive-csv
162860,Luleå-Kallax Flygplats,9,Lufttryck reducerat havsytans nivå,"vid havsytans nivå, momentanvärde, 1 gång/tim",hektopascal,1947-06-23T18:00:00Z,1947-06-23T19:00:00+01:00,-710834400000,,1012.4,1012.4,Y,,corrected-archive-csv
162860,Luleå-Kallax Flygplats,9,Lufttryck reducerat havsytans nivå,"vid havsytans nivå, momentanvärde, 1 gång/tim",hektopascal,1947-06-24T00:00:00Z,1947-06-24T01:00:00+01:00,-710812800000,,1012.9,1012.9,Y,,corrected-archive-csv
162860,Luleå-Kallax Flygplats,9,Lufttryck reducerat havsytans nivå,"vid havsytans nivå, momentanvärde, 1 gång/tim",hektopascal,1947-06-24T06:00:00Z,1947-06-24T07:00:00+01:00,-710791200000,,1012.0,1012.0,Y,,corrected-archive-csv
162860,Luleå-Kallax Flygplats,9,Lufttryck reducerat havsytans nivå,"vid havsytans nivå, momentanvärde, 1 gång/tim",hektopascal,1947-06-24T12:00:00Z,1947-06-24T13:00:00+01:00,-710769600000,,1011.3,1011.3,Y,,corrected-archive-csv
162860,Luleå-Kallax Flygplats,9,Lufttryck reducerat havsytans nivå,"vid havsytans nivå, momentanvärde, 1 gång/tim",hektopascal,1947-06-24T18:00:00Z,1947-06-24T19:00:00+01:00,-710748000000,,1011.5,1011.5,Y,,corrected-archive-csv
162860,Luleå-Kallax Flygplats,9,Lufttryck reducerat havsytans nivå,"vid havsytans nivå, momentanvärde, 1 gång/tim",hektopascal,1947-06-25T00:00:00Z,1947-06-25T01:00:00+01:00,-710726400000,,1011.9,1011.9,Y,,corrected-archive-csv
162860,Luleå-Kallax Flygplats,9,Lufttryck reducerat havsytans nivå,"vid havsytans nivå, momentanvärde, 1 gång/tim",hektopascal,1947-06-25T06:00:00Z,1947-06-25T07:00:00+01:00,-710704800000,,1012.7,1012.7,Y,,corrected-archive-csv
162860,Luleå-Kallax Flygplats,9,Lufttryck reducerat havsytans nivå,"vid havsytans nivå, momentanvärde, 1 gång/tim",hektopascal,1947-06-25T12:00:00Z,1947-06-25T13:00:00+01:00,-710683200000,,1012.7,1012.7,Y,,corrected-archive-csv
162860,Luleå-Kallax Flygplats,9,Lufttryck reducerat havsytans nivå,"vid havsytans nivå, momentanvärde, 1 gång/tim",hektopascal,1947-06-25T18:00:00Z,1947-06-25T19:00:00+01:00,-710661600000,,1010.0,1010.0,Y,,corrected-archive-csv
162860,Luleå-Kallax Flygplats,9,Lufttryck reducerat havsytans nivå,"vid havsytans nivå, momentanvärde, 1 gång/tim",hektopascal,1947-06-26T00:00:00Z,1947-06-26T01:00:00+01:00,-710640000000,,1008.8,1008.8,Y,,corrected-archive-csv
162860,Luleå-Kallax Flygplats,9,Lufttryck reducerat havsytans nivå,"vid havsytans nivå, momentanvärde, 1 gång/tim",hektopascal,1947-06-26T06:00:00Z,1947-06-26T07:00:00+01:00,-710618400000,,1009.6,1009.6,Y,,corrected-archive-csv
162860,Luleå-Kallax Flygplats,9,Lufttryck reducerat havsytans nivå,"vid havsytans nivå, momentanvärde, 1 gång/tim",hektopascal,1947-06-26T12:00:00Z,1947-06-26T13:00:00+01:00,-710596800000,,1011.6,1011.6,Y,,corrected-archive-csv
162860,Luleå-Kallax Flygplats,9,Lufttryck reducerat havsytans nivå,"vid havsytans nivå, momentanvärde, 1 gång/tim",hektopascal,1947-06-26T18:00:00Z,1947-06-26T19:00:00+01:00,-710575200000,,1014.4,1014.4,Y,,corrected-archive-csv
162860,Luleå-Kallax Flygplats,9,Lufttryck reducerat havsytans nivå,"vid havsytans nivå, momentanvärde, 1 gång/tim",hektopascal,1947-06-27T00:00:00Z,1947-06-27T01:00:00+01:00,-710553600000,,1017.8,1017.8,Y,,corrected-archive-csv
162860,Luleå-Kallax Flygplats,9,Lufttryck reducerat havsytans nivå,"vid havsytans nivå, momentanvärde, 1 gång/tim",hektopascal,1947-06-27T06:00:00Z,1947-06-27T07:00:00+01:00,-710532000000,,1023.0,1023.0,Y,,corrected-archive-csv
162860,Luleå-Kallax Flygplats,9,Lufttryck reducerat havsytans nivå,"vid havsytans nivå, momentanvärde, 1 gång/tim",hektopascal,1947-06-27T12:00:00Z,1947-06-27T13:00:00+01:00,-710510400000,,1024.3,1024.3,Y,,corrected-archive-csv
162860,Luleå-Kallax Flygplats,9,Lufttryck reducerat havsytans nivå,"vid havsytans nivå, momentanvärde, 1 gång/tim",hektopascal,1947-06-27T18:00:00Z,1947-06-27T19:00:00+01:00,-710488800000,,1025.2,1025.2,Y,,corrected-archive-csv
162860,Luleå-Kallax Flygplats,9,Lufttryck reducerat havsytans nivå,"vid havsytans nivå, momentanvärde, 1 gång/tim",hektopascal,1947-06-28T00:00:00Z,1947-06-28T01:00:00+01:00,-710467200000,,1026.3,1026.3,Y,,corrected-archive-csv
162860,Luleå-Kallax Flygplats,9,Lufttryck reducerat havsytans nivå,"vid havsytans nivå, momentanvärde, 1 gång/tim",hektopascal,1947-06-28T06:00:00Z,1947-06-28T07:00:00+01:00,-710445600000,,1025.4,1025.4,Y,,corrected-archive-csv
162860,Luleå-Kallax Flygplats,9,Lufttryck reducerat havsytans nivå,"vid havsytans nivå, momentanvärde, 1 gång/tim",hektopascal,1947-06-28T12:00:00Z,1947-06-28T13:00:00+01:00,-710424000000,,1022.5,1022.5,Y,,corrected-archive-csv
162860,Luleå-Kallax Flygplats,9,Lufttryck reducerat havsytans nivå,"vid havsytans nivå, momentanvärde, 1 gång/tim",hektopascal,1947-06-28T18:00:00Z,1947-06-28T19:00:00+01:00,-710402400000,,1019.0,1019.0,Y,,corrected-archive-csv
162860,Luleå-Kallax Flygplats,9,Lufttryck reducerat havsytans nivå,"vid havsytans nivå, momentanvärde, 1 gång/tim",hektopascal,1947-06-29T00:00:00Z,1947-06-29T01:00:00+01:00,-710380800000,,1023.2,1023.2,Y,,corrected-archive-csv
162860,Luleå-Kallax Flygplats,9,Lufttryck reducerat havsytans nivå,"vid havsytans nivå, momentanvärde, 1 gång/tim",hektopascal,1947-06-29T06:00:00Z,1947-06-29T07:00:00+01:00,-710359200000,,1024.9,1024.9,Y,,corrected-archive-csv
162860,Luleå-Kallax Flygplats,9,Lufttryck reducerat havsytans nivå,"vid havsytans nivå, momentanvärde, 1 gång/tim",hektopascal,1947-06-29T12:00:00Z,1947-06-29T13:00:00+01:00,-710337600000,,1023.8,1023.8,Y,,corrected-archive-csv
162860,Luleå-Kallax Flygplats,9,Lufttryck reducerat havsytans nivå,"vid havsytans nivå, momentanvärde, 1 gång/tim",hektopascal,1947-06-29T18:00:00Z,1947-06-29T19:00:00+01:00,-710316000000,,1022.2,1022.2,Y,,corrected-archive-csv
162860,Luleå-Kallax Flygplats,9,Lufttryck reducerat havsytans nivå,"vid havsytans nivå, momentanvärde, 1 gång/tim",hektopascal,1947-06-30T00:00:00Z,1947-06-30T01:00:00+01:00,-710294400000,,1021.8,1021.8,Y,,corrected-archive-csv
162860,Luleå-Kallax Flygplats,9,Lufttryck reducerat havsytans nivå,"vid havsytans nivå, momentanvärde, 1 gång/tim",hektopascal,1947-06-30T06:00:00Z,1947-06-30T07:00:00+01:00,-710272800000,,1022.0,1022.0,Y,,corrected-archive-csv
162860,Luleå-Kallax Flygplats,9,Lufttryck reducerat havsytans nivå,"vid havsytans nivå, momentanvärde, 1 gång/tim",hektopascal,1947-06-30T12:00:00Z,1947-06-30T13:00:00+01:00,-710251200000,,1021.5,1021.5,Y,,corrected-archive-csv
162860,Luleå-Kallax Flygplats,9,Lufttryck reducerat havsytans nivå,"vid havsytans nivå, momentanvärde, 1 gång/tim",hektopascal,1947-06-30T18:00:00Z,1947-06-30T19:00:00+01:00,-710229600000,,1020.2,1020.2,Y,,corrected-archive-csv
162860,Luleå-Kallax Flygplats,9,Lufttryck reducerat havsytans nivå,"vid havsytans nivå, momentanvärde, 1 gång/tim",hektopascal,1947-07-01T00:00:00Z,1947-07-01T01:00:00+01:00,-710208000000,,1020.4,1020.4,Y,,corrected-archive-csv
162860,Luleå-Kallax Flygplats,9,Lufttryck reducerat havsytans nivå,"vid havsytans nivå, momentanvärde, 1 gång/tim",hektopascal,1947-07-01T06:00:00Z,1947-07-01T07:00:00+01:00,-710186400000,,1019.9,1019.9,Y,,corrected-archive-csv
162860,Luleå-Kallax Flygplats,9,Lufttryck reducerat havsytans nivå,"vid havsytans nivå, momentanvärde, 1 gång/tim",hektopascal,1947-07-01T12:00:00Z,1947-07-01T13:00:00+01:00,-710164800000,,1018.6,1018.6,Y,,corrected-archive-csv
162860,Luleå-Kallax Flygplats,9,Lufttryck reducerat havsytans nivå,"vid havsytans nivå, momentanvärde, 1 gång/tim",hektopascal,1947-07-01T18:00:00Z,1947-07-01T19:00:00+01:00,-710143200000,,1016.3,1016.3,Y,,corrected-archive-csv
162860,Luleå-Kallax Flygplats,9,Lufttryck reducerat havsytans nivå,"vid havsytans nivå, momentanvärde, 1 gång/tim",hektopascal,1947-07-02T00:00:00Z,1947-07-02T01:00:00+01:00,-710121600000,,1014.7,1014.7,Y,,corrected-archive-csv
162860,Luleå-Kallax Flygplats,9,Lufttryck reducerat havsytans nivå,"vid havsytans nivå, momentanvärde, 1 gång/tim",hektopascal,1947-07-02T06:00:00Z,1947-07-02T07:00:00+01:00,-710100000000,,1012.7,1012.7,Y,,corrected-archive-csv
162860,Luleå-Kallax Flygplats,9,Lufttryck reducerat havsytans nivå,"vid havsytans nivå, momentanvärde, 1 gång/tim",hektopascal,1947-07-02T12:00:00Z,1947-07-02T13:00:00+01:00,-710078400000,,1012.2,1012.2,Y,,corrected-archive-csv
162860,Luleå-Kallax Flygplats,9,Lufttryck reducerat havsytans nivå,"vid havsytans nivå, momentanvärde, 1 gång/tim",hektopascal,1947-07-02T18:00:00Z,1947-07-02T19:00:00+01:00,-710056800000,,1012.3,1012.3,Y,,corrected-archive-csv
162860,Luleå-Kallax Flygplats,9,Lufttryck reducerat havsytans nivå,"vid havsytans nivå, momentanvärde, 1 gång/tim",hektopascal,1947-07-03T00:00:00Z,1947-07-03T01:00:00+01:00,-710035200000,,1014.0,1014.0,Y,,corrected-archive-csv
162860,Luleå-Kallax Flygplats,9,Lufttryck reducerat havsytans nivå,"vid havsytans nivå, momentanvärde, 1 gång/tim",hektopascal,1947-07-03T06:00:00Z,1947-07-03T07:00:00+01:00,-710013600000,,1013.8,1013.8,Y,,corrected-archive-csv
162860,Luleå-Kallax Flygplats,9,Lufttryck reducerat havsytans nivå,"vid havsytans nivå, momentanvärde, 1 gång/tim",hektopascal,1947-07-03T12:00:00Z,1947-07-03T13:00:00+01:00,-709992000000,,1012.7,1012.7,Y,,corrected-archive-csv
162860,Luleå-Kallax Flygplats,9,Lufttryck reducerat havsytans nivå,"vid havsytans nivå, momentanvärde, 1 gång/tim",hektopascal,1947-07-03T18:00:00Z,1947-07-03T19:00:00+01:00,-709970400000,,1009.1,1009.1,Y,,corrected-archive-csv
162860,Luleå-Kallax Flygplats,9,Lufttryck reducerat havsytans nivå,"vid havsytans nivå, momentanvärde, 1 gång/tim",hektopascal,1947-07-04T00:00:00Z,1947-07-04T01:00:00+01:00,-709948800000,,1006.5,1006.5,Y,,corrected-archive-csv
162860,Luleå-Kallax Flygplats,9,Lufttryck reducerat havsytans nivå,"vid havsytans nivå, momentanvärde, 1 gång/tim",hektopascal,1947-07-04T06:00:00Z,1947-07-04T07:00:00+01:00,-709927200000,,1004.5,1004.5,Y,,corrected-archive-csv
162860,Luleå-Kallax Flygplats,9,Lufttryck reducerat havsytans nivå,"vid havsytans nivå, momentanvärde, 1 gång/tim",hektopascal,1947-07-04T12:00:00Z,1947-07-04T13:00:00+01:00,-709905600000,,1004.0,1004.0,Y,,corrected-archive-csv
162860,Luleå-Kallax Flygplats,9,Lufttryck reducerat havsytans nivå,"vid havsytans nivå, momentanvärde, 1 gång/tim",hektopascal,1947-07-04T18:00:00Z,1947-07-04T19:00:00+01:00,-709884000000,,1003.4,1003.4,Y,,corrected-archive-csv
162860,Luleå-Kallax Flygplats,9,Lufttryck reducerat havsytans nivå,"vid havsytans nivå, momentanvärde, 1 gång/tim",hektopascal,1947-07-05T00:00:00Z,1947-07-05T01:00:00+01:00,-709862400000,,1005.1,1005.1,Y,,corrected-archive-csv
162860,Luleå-Kallax Flygplats,9,Lufttryck reducerat havsytans nivå,"vid havsytans nivå, momentanvärde, 1 gång/tim",hektopascal,1947-07-05T06:00:00Z,1947-07-05T07:00:00+01:00,-709840800000,,1006.2,1006.2,Y,,corrected-archive-csv
162860,Luleå-Kallax Flygplats,9,Lufttryck reducerat havsytans nivå,"vid havsytans nivå, momentanvärde, 1 gång/tim",hektopascal,1947-07-05T12:00:00Z,1947-07-05T13:00:00+01:00,-709819200000,,1006.7,1006.7,Y,,corrected-archive-csv
162860,Luleå-Kallax Flygplats,9,Lufttryck reducerat havsytans nivå,"vid havsytans nivå, momentanvärde, 1 gång/tim",hektopascal,1947-07-05T18:00:00Z,1947-07-05T19:00:00+01:00,-709797600000,,1005.6,1005.6,Y,,corrected-archive-csv
162860,Luleå-Kallax Flygplats,9,Lufttryck reducerat havsytans nivå,"vid havsytans nivå, momentanvärde, 1 gång/tim",hektopascal,1947-07-06T00:00:00Z,1947-07-06T01:00:00+01:00,-709776000000,,1005.2,1005.2,Y,,corrected-archive-csv
162860,Luleå-Kallax Flygplats,9,Lufttryck reducerat havsytans nivå,"vid havsytans nivå, momentanvärde, 1 gång/tim",hektopascal,1947-07-06T06:00:00Z,1947-07-06T07:00:00+01:00,-709754400000,,1002.3,1002.3,Y,,corrected-archive-csv
162860,Luleå-Kallax Flygplats,9,Lufttryck reducerat havsytans nivå,"vid havsytans nivå, momentanvärde, 1 gång/tim",hektopascal,1947-07-06T12:00:00Z,1947-07-06T13:00:00+01:00,-709732800000,,999.1,999.1,Y,,corrected-archive-csv
162860,Luleå-Kallax Flygplats,9,Lufttryck reducerat havsytans nivå,"vid havsytans nivå, momentanvärde, 1 gång/tim",hektopascal,1947-07-06T18:00:00Z,1947-07-06T19:00:00+01:00,-709711200000,,995.4,995.4,Y,,corrected-archive-csv
162860,Luleå-Kallax Flygplats,9,Lufttryck reducerat havsytans nivå,"vid havsytans nivå, momentanvärde, 1 gång/tim",hektopascal,1947-07-07T00:00:00Z,1947-07-07T01:00:00+01:00,-709689600000,,992.4,992.4,Y,,corrected-archive-csv
162860,Luleå-Kallax Flygplats,9,Lufttryck reducerat havsytans nivå,"vid havsytans nivå, momentanvärde, 1 gång/tim",hektopascal,1947-07-07T12:00:00Z,1947-07-07T13:00:00+01:00,-709646400000,,994.0,994.0,Y,,corrected-archive-csv
162860,Luleå-Kallax Flygplats,9,Lufttryck reducerat havsytans nivå,"vid havsytans nivå, momentanvärde, 1 gång/tim",hektopascal,1947-07-07T18:00:00Z,1947-07-07T19:00:00+01:00,-709624800000,,995.3,995.3,Y,,corrected-archive-csv
162860,Luleå-Kallax Flygplats,9,Lufttryck reducerat havsytans nivå,"vid havsytans nivå, momentanvärde, 1 gång/tim",hektopascal,1947-07-08T00:00:00Z,1947-07-08T01:00:00+01:00,-709603200000,,994.9,994.9,Y,,corrected-archive-csv
162860,Luleå-Kallax Flygplats,9,Lufttryck reducerat havsytans nivå,"vid havsytans nivå, momentanvärde, 1 gång/tim",hektopascal,1947-07-08T06:00:00Z,1947-07-08T07:00:00+01:00,-709581600000,,995.6,995.6,Y,,corrected-archive-csv
162860,Luleå-Kallax Flygplats,9,Lufttryck reducerat havsytans nivå,"vid havsytans nivå, momentanvärde, 1 gång/tim",hektopascal,1947-07-08T12:00:00Z,1947-07-08T13:00:00+01:00,-709560000000,,996.7,996.7,Y,,corrected-archive-csv
162860,Luleå-Kallax Flygplats,9,Lufttryck reducerat havsytans nivå,"vid havsytans nivå, momentanvärde, 1 gång/tim",hektopascal,1947-07-08T18:00:00Z,1947-07-08T19:00:00+01:00,-709538400000,,995.6,995.6,Y,,corrected-archive-csv
162860,Luleå-Kallax Flygplats,9,Lufttryck reducerat havsytans nivå,"vid havsytans nivå, momentanvärde, 1 gång/tim",hektopascal,1947-07-09T00:00:00Z,1947-07-09T01:00:00+01:00,-709516800000,,995.3,995.3,Y,,corrected-archive-csv
162860,Luleå-Kallax Flygplats,9,Lufttryck reducerat havsytans nivå,"vid havsytans nivå, momentanvärde, 1 gång/tim",hektopascal,1947-07-09T06:00:00Z,1947-07-09T07:00:00+01:00,-709495200000,,994.8,994.8,Y,,corrected-archive-csv
162860,Luleå-Kallax Flygplats,9,Lufttryck reducerat havsytans nivå,"vid havsytans nivå, momentanvärde, 1 gång/tim",hektopascal,1947-07-09T12:00:00Z,1947-07-09T13:00:00+01:00,-709473600000,,994.8,994.8,Y,,corrected-archive-csv
162860,Luleå-Kallax Flygplats,9,Lufttryck reducerat havsytans nivå,"vid havsytans nivå, momentanvärde, 1 gång/tim",hektopascal,1947-07-09T18:00:00Z,1947-07-09T19:00:00+01:00,-709452000000,,995.1,995.1,Y,,corrected-archive-csv
162860,Luleå-Kallax Flygplats,9,Lufttryck reducerat havsytans nivå,"vid havsytans nivå, momentanvärde, 1 gång/tim",hektopascal,1947-07-10T00:00:00Z,1947-07-10T01:00:00+01:00,-709430400000,,996.0,996.0,Y,,corrected-archive-csv
162860,Luleå-Kallax Flygplats,9,Lufttryck reducerat havsytans nivå,"vid havsytans nivå, momentanvärde, 1 gång/tim",hektopascal,1947-07-10T06:00:00Z,1947-07-10T07:00:00+01:00,-709408800000,,997.5,997.5,Y,,corrected-archive-csv
162860,Luleå-Kallax Flygplats,9,Lufttryck reducerat havsytans nivå,"vid havsytans nivå, momentanvärde, 1 gång/tim",hektopascal,1947-07-10T12:00:00Z,1947-07-10T13:00:00+01:00,-709387200000,,997.9,997.9,Y,,corrected-archive-csv
162860,Luleå-Kallax Flygplats,9,Lufttryck reducerat havsytans nivå,"vid havsytans nivå, momentanvärde, 1 gång/tim",hektopascal,1947-07-10T18:00:00Z,1947-07-10T19:00:00+01:00,-709365600000,,997.3,997.3,Y,,corrected-archive-csv
162860,Luleå-Kallax Flygplats,9,Lufttryck reducerat havsytans nivå,"vid havsytans nivå, momentanvärde, 1 gång/tim",hektopascal,1947-07-11T00:00:00Z,1947-07-11T01:00:00+01:00,-709344000000,,996.1,996.1,Y,,corrected-archive-csv
162860,Luleå-Kallax Flygplats,9,Lufttryck reducerat havsytans nivå,"vid havsytans nivå, momentanvärde, 1 gång/tim",hektopascal,1947-07-11T06:00:00Z,1947-07-11T07:00:00+01:00,-709322400000,,993.8,993.8,Y,,corrected-archive-csv
162860,Luleå-Kallax Flygplats,9,Lufttryck reducerat havsytans nivå,"vid havsytans nivå, momentanvärde, 1 gång/tim",hektopascal,1947-07-11T12:00:00Z,1947-07-11T13:00:00+01:00,-709300800000,,992.8,992.8,Y,,corrected-archive-csv
162860,Luleå-Kallax Flygplats,9,Lufttryck reducerat havsytans nivå,"vid havsytans nivå, momentanvärde, 1 gång/tim",hektopascal,1947-07-11T18:00:00Z,1947-07-11T19:00:00+01:00,-709279200000,,994.0,994.0,Y,,corrected-archive-csv
162860,Luleå-Kallax Flygplats,9,Lufttryck reducerat havsytans nivå,"vid havsytans nivå, momentanvärde, 1 gång/tim",hektopascal,1947-07-12T00:00:00Z,1947-07-12T01:00:00+01:00,-709257600000,,994.4,994.4,Y,,corrected-archive-csv
162860,Luleå-Kallax Flygplats,9,Lufttryck reducerat havsytans nivå,"vid havsytans nivå, momentanvärde, 1 gång/tim",hektopascal,1947-07-12T06:00:00Z,1947-07-12T07:00:00+01:00,-709236000000,,995.9,995.9,Y,,corrected-archive-csv
162860,Luleå-Kallax Flygplats,9,Lufttryck reducerat havsytans nivå,"vid havsytans nivå, momentanvärde, 1 gång/tim",hektopascal,1947-07-12T12:00:00Z,1947-07-12T13:00:00+01:00,-709214400000,,999.2,999.2,Y,,corrected-archive-csv
162860,Luleå-Kallax Flygplats,9,Lufttryck reducerat havsytans nivå,"vid havsytans nivå, momentanvärde, 1 gång/tim",hektopascal,1947-07-12T18:00:00Z,1947-07-12T19:00:00+01:00,-709192800000,,1001.6,1001.6,Y,,corrected-archive-csv
162860,Luleå-Kallax Flygplats,9,Lufttryck reducerat havsytans nivå,"vid havsytans nivå, momentanvärde, 1 gång/tim",hektopascal,1947-07-13T00:00:00Z,1947-07-13T01:00:00+01:00,-709171200000,,1003.8,1003.8,Y,,corrected-archive-csv
162860,Luleå-Kallax Flygplats,9,Lufttryck reducerat havsytans nivå,"vid havsytans nivå, momentanvärde, 1 gång/tim",hektopascal,1947-07-13T06:00:00Z,1947-07-13T07:00:00+01:00,-709149600000,,1007.6,1007.6,Y,,corrected-archive-csv
162860,Luleå-Kallax Flygplats,9,Lufttryck reducerat havsytans nivå,"vid havsytans nivå, momentanvärde, 1 gång/tim",hektopascal,1947-07-13T12:00:00Z,1947-07-13T13:00:00+01:00,-709128000000,,1011.0,1011.0,Y,,corrected-archive-csv
162860,Luleå-Kallax Flygplats,9,Lufttryck reducerat havsytans nivå,"vid havsytans nivå, momentanvärde, 1 gång/tim",hektopascal,1947-07-13T18:00:00Z,1947-07-13T19:00:00+01:00,-709106400000,,1014.0,1014.0,Y,,corrected-archive-csv
162860,Luleå-Kallax Flygplats,9,Lufttryck reducerat havsytans nivå,"vid havsytans nivå, momentanvärde, 1 gång/tim",hektopascal,1947-07-14T00:00:00Z,1947-07-14T01:00:00+01:00,-709084800000,,1016.1,1016.1,Y,,corrected-archive-csv
162860,Luleå-Kallax Flygplats,9,Lufttryck reducerat havsytans nivå,"vid havsytans nivå, momentanvärde, 1 gång/tim",hektopascal,1947-07-14T06:00:00Z,1947-07-14T07:00:00+01:00,-709063200000,,1019.6,1019.6,Y,,corrected-archive-csv
162860,Luleå-Kallax Flygplats,9,Lufttryck reducerat havsytans nivå,"vid havsytans nivå, momentanvärde, 1 gång/tim",hektopascal,1947-07-14T12:00:00Z,1947-07-14T13:00:00+01:00,-709041600000,,1019.1,1019.1,Y,,corrected-archive-csv
162860,Luleå-Kallax Flygplats,9,Lufttryck reducerat havsytans nivå,"vid havsytans nivå, momentanvärde, 1 gång/tim",hektopascal,1947-07-14T18:00:00Z,1947-07-14T19:00:00+01:00,-709020000000,,1018.9,1018.9,Y,,corrected-archive-csv
162860,Luleå-Kallax Flygplats,9,Lufttryck reducerat havsytans nivå,"vid havsytans nivå, momentanvärde, 1 gång/tim",hektopascal,1947-07-15T00:00:00Z,1947-07-15T01:00:00+01:00,-708998400000,,1018.6,1018.6,Y,,corrected-archive-csv
162860,Luleå-Kallax Flygplats,9,Lufttryck reducerat havsytans nivå,"vid havsytans nivå, momentanvärde, 1 gång/tim",hektopascal,1947-07-15T06:00:00Z,1947-07-15T07:00:00+01:00,-708976800000,,1019.6,1019.6,Y,,corrected-archive-csv
162860,Luleå-Kallax Flygplats,9,Lufttryck reducerat havsytans nivå,"vid havsytans nivå, momentanvärde, 1 gång/tim",hektopascal,1947-07-15T12:00:00Z,1947-07-15T13:00:00+01:00,-708955200000,,1020.3,1020.3,Y,,corrected-archive-csv
162860,Luleå-Kallax Flygplats,9,Lufttryck reducerat havsytans nivå,"vid havsytans nivå, momentanvärde, 1 gång/tim",hektopascal,1947-07-15T18:00:00Z,1947-07-15T19:00:00+01:00,-708933600000,,1021.4,1021.4,Y,,corrected-archive-csv
162860,Luleå-Kallax Flygplats,9,Lufttryck reducerat havsytans nivå,"vid havsytans nivå, momentanvärde, 1 gång/tim",hektopascal,1947-07-16T00:00:00Z,1947-07-16T01:00:00+01:00,-708912000000,,1024.9,1024.9,Y,,corrected-archive-csv
162860,Luleå-Kallax Flygplats,9,Lufttryck reducerat havsytans nivå,"vid havsytans nivå, momentanvärde, 1 gång/tim",hektopascal,1947-07-16T06:00:00Z,1947-07-16T07:00:00+01:00,-708890400000,,1027.0,1027.0,Y,,corrected-archive-csv
162860,Luleå-Kallax Flygplats,9,Lufttryck reducerat havsytans nivå,"vid havsytans nivå, momentanvärde, 1 gång/tim",hektopascal,1947-07-16T12:00:00Z,1947-07-16T13:00:00+01:00,-708868800000,,1027.3,1027.3,Y,,corrected-archive-csv
162860,Luleå-Kallax Flygplats,9,Lufttryck reducerat havsytans nivå,"vid havsytans nivå, momentanvärde, 1 gång/tim",hektopascal,1947-07-16T18:00:00Z,1947-07-16T19:00:00+01:00,-708847200000,,1027.5,1027.5,Y,,corrected-archive-csv
162860,Luleå-Kallax Flygplats,9,Lufttryck reducerat havsytans nivå,"vid havsytans nivå, momentanvärde, 1 gång/tim",hektopascal,1947-07-17T00:00:00Z,1947-07-17T01:00:00+01:00,-708825600000,,1029.1,1029.1,Y,,corrected-archive-csv
162860,Luleå-Kallax Flygplats,9,Lufttryck reducerat havsytans nivå,"vid havsytans nivå, momentanvärde, 1 gång/tim",hektopascal,1947-07-17T06:00:00Z,1947-07-17T07:00:00+01:00,-708804000000,,1030.0,1030.0,Y,,corrected-archive-csv
162860,Luleå-Kallax Flygplats,9,Lufttryck reducerat havsytans nivå,"vid havsytans nivå, momentanvärde, 1 gång/tim",hektopascal,1947-07-17T12:00:00Z,1947-07-17T13:00:00+01:00,-708782400000,,1029.7,1029.7,Y,,corrected-archive-csv
162860,Luleå-Kallax Flygplats,9,Lufttryck reducerat havsytans nivå,"vid havsytans nivå, momentanvärde, 1 gång/tim",hektopascal,1947-07-17T18:00:00Z,1947-07-17T19:00:00+01:00,-708760800000,,1028.1,1028.1,Y,,corrected-archive-csv
162860,Luleå-Kallax Flygplats,9,Lufttryck reducerat havsytans nivå,"vid havsytans nivå, momentanvärde, 1 gång/tim",hektopascal,1947-07-18T00:00:00Z,1947-07-18T01:00:00+01:00,-708739200000,,1028.1,1028.1,Y,,corrected-archive-csv
162860,Luleå-Kallax Flygplats,9,Lufttryck reducerat havsytans nivå,"vid havsytans nivå, momentanvärde, 1 gång/tim",hektopascal,1947-07-18T06:00:00Z,1947-07-18T07:00:00+01:00,-708717600000,,1028.1,1028.1,Y,,corrected-archive-csv
162860,Luleå-Kallax Flygplats,9,Lufttryck reducerat havsytans nivå,"vid havsytans nivå, momentanvärde, 1 gång/tim",hektopascal,1947-07-18T12:00:00Z,1947-07-18T13:00:00+01:00,-708696000000,,1026.9,1026.9,Y,,corrected-archive-csv
162860,Luleå-Kallax Flygplats,9,Lufttryck reducerat havsytans nivå,"vid havsytans nivå, momentanvärde, 1 gång/tim",hektopascal,1947-07-18T18:00:00Z,1947-07-18T19:00:00+01:00,-708674400000,,1024.8,1024.8,Y,,corrected-archive-csv
162860,Luleå-Kallax Flygplats,9,Lufttryck reducerat havsytans nivå,"vid havsytans nivå, momentanvärde, 1 gång/tim",hektopascal,1947-07-19T00:00:00Z,1947-07-19T01:00:00+01:00,-708652800000,,1024.6,1024.6,Y,,corrected-archive-csv
162860,Luleå-Kallax Flygplats,9,Lufttryck reducerat havsytans nivå,"vid havsytans nivå, momentanvärde, 1 gång/tim",hektopascal,1947-07-19T06:00:00Z,1947-07-19T07:00:00+01:00,-708631200000,,1023.9,1023.9,Y,,corrected-archive-csv
162860,Luleå-Kallax Flygplats,9,Lufttryck reducerat havsytans nivå,"vid havsytans nivå, momentanvärde, 1 gång/tim",hektopascal,1947-07-19T12:00:00Z,1947-07-19T13:00:00+01:00,-708609600000,,1022.7,1022.7,Y,,corrected-archive-csv
162860,Luleå-Kallax Flygplats,9,Lufttryck reducerat havsytans nivå,"vid havsytans nivå, momentanvärde, 1 gång/tim",hektopascal,1947-07-19T18:00:00Z,1947-07-19T19:00:00+01:00,-708588000000,,1021.1,1021.1,Y,,corrected-archive-csv
162860,Luleå-Kallax Flygplats,9,Lufttryck reducerat havsytans nivå,"vid havsytans nivå, momentanvärde, 1 gång/tim",hektopascal,1947-07-20T00:00:00Z,1947-07-20T01:00:00+01:00,-708566400000,,1022.2,1022.2,Y,,corrected-archive-csv
162860,Luleå-Kallax Flygplats,9,Lufttryck reducerat havsytans nivå,"vid havsytans nivå, momentanvärde, 1 gång/tim",hektopascal,1947-07-20T06:00:00Z,1947-07-20T07:00:00+01:00,-708544800000,,1022.5,1022.5,Y,,corrected-archive-csv
162860,Luleå-Kallax Flygplats,9,Lufttryck reducerat havsytans nivå,"vid havsytans nivå, momentanvärde, 1 gång/tim",hektopascal,1947-07-20T12:00:00Z,1947-07-20T13:00:00+01:00,-708523200000,,1021.8,1021.8,Y,,corrected-archive-csv
162860,Luleå-Kallax Flygplats,9,Lufttryck reducerat havsytans nivå,"vid havsytans nivå, momentanvärde, 1 gång/tim",hektopascal,1947-07-20T18:00:00Z,1947-07-20T19:00:00+01:00,-708501600000,,1020.6,1020.6,Y,,corrected-archive-csv
162860,Luleå-Kallax Flygplats,9,Lufttryck reducerat havsytans nivå,"vid havsytans nivå, momentanvärde, 1 gång/tim",hektopascal,1947-07-21T00:00:00Z,1947-07-21T01:00:00+01:00,-708480000000,,1021.0,1021.0,Y,,corrected-archive-csv
162860,Luleå-Kallax Flygplats,9,Lufttryck reducerat havsytans nivå,"vid havsytans nivå, momentanvärde, 1 gång/tim",hektopascal,1947-07-21T06:00:00Z,1947-07-21T07:00:00+01:00,-708458400000,,1021.0,1021.0,Y,,corrected-archive-csv
162860,Luleå-Kallax Flygplats,9,Lufttryck reducerat havsytans nivå,"vid havsytans nivå, momentanvärde, 1 gång/tim",hektopascal,1947-07-21T12:00:00Z,1947-07-21T13:00:00+01:00,-708436800000,,1020.1,1020.1,Y,,corrected-archive-csv
162860,Luleå-Kallax Flygplats,9,Lufttryck reducerat havsytans nivå,"vid havsytans nivå, momentanvärde, 1 gång/tim",hektopascal,1947-07-21T18:00:00Z,1947-07-21T19:00:00+01:00,-708415200000,,1018.5,1018.5,Y,,corrected-archive-csv
162860,Luleå-Kallax Flygplats,9,Lufttryck reducerat havsytans nivå,"vid havsytans nivå, momentanvärde, 1 gång/tim",hektopascal,1947-07-22T00:00:00Z,1947-07-22T01:00:00+01:00,-708393600000,,1017.5,1017.5,Y,,corrected-archive-csv
162860,Luleå-Kallax Flygplats,9,Lufttryck reducerat havsytans nivå,"vid havsytans nivå, momentanvärde, 1 gång/tim",hektopascal,1947-07-22T06:00:00Z,1947-07-22T07:00:00+01:00,-708372000000,,1016.2,1016.2,Y,,corrected-archive-csv
162860,Luleå-Kallax Flygplats,9,Lufttryck reducerat havsytans nivå,"vid havsytans nivå, momentanvärde, 1 gång/tim",hektopascal,1947-07-22T12:00:00Z,1947-07-22T13:00:00+01:00,-708350400000,,1015.8,1015.8,Y,,corrected-archive-csv
162860,Luleå-Kallax Flygplats,9,Lufttryck reducerat havsytans nivå,"vid havsytans nivå, momentanvärde, 1 gång/tim",hektopascal,1947-07-22T18:00:00Z,1947-07-22T19:00:00+01:00,-708328800000,,1014.8,1014.8,Y,,corrected-archive-csv
162860,Luleå-Kallax Flygplats,9,Lufttryck reducerat havsytans nivå,"vid havsytans nivå, momentanvärde, 1 gång/tim",hektopascal,1947-07-23T00:00:00Z,1947-07-23T01:00:00+01:00,-708307200000,,1015.2,1015.2,Y,,corrected-archive-csv
162860,Luleå-Kallax Flygplats,9,Lufttryck reducerat havsytans nivå,"vid havsytans nivå, momentanvärde, 1 gång/tim",hektopascal,1947-07-23T06:00:00Z,1947-07-23T07:00:00+01:00,-708285600000,,1016.1,1016.1,Y,,corrected-archive-csv
162860,Luleå-Kallax Flygplats,9,Lufttryck reducerat havsytans nivå,"vid havsytans nivå, momentanvärde, 1 gång/tim",hektopascal,1947-07-23T12:00:00Z,1947-07-23T13:00:00+01:00,-708264000000,,1017.0,1017.0,Y,,corrected-archive-csv
162860,Luleå-Kallax Flygplats,9,Lufttryck reducerat havsytans nivå,"vid havsytans nivå, momentanvärde, 1 gång/tim",hektopascal,1947-07-23T18:00:00Z,1947-07-23T19:00:00+01:00,-708242400000,,1016.9,1016.9,Y,,corrected-archive-csv
162860,Luleå-Kallax Flygplats,9,Lufttryck reducerat havsytans nivå,"vid havsytans nivå, momentanvärde, 1 gång/tim",hektopascal,1947-07-24T00:00:00Z,1947-07-24T01:00:00+01:00,-708220800000,,1017.1,1017.1,Y,,corrected-archive-csv
162860,Luleå-Kallax Flygplats,9,Lufttryck reducerat havsytans nivå,"vid havsytans nivå, momentanvärde, 1 gång/tim",hektopascal,1947-07-24T06:00:00Z,1947-07-24T07:00:00+01:00,-708199200000,,1016.2,1016.2,Y,,corrected-archive-csv
162860,Luleå-Kallax Flygplats,9,Lufttryck reducerat havsytans nivå,"vid havsytans nivå, momentanvärde, 1 gång/tim",hektopascal,1947-07-24T12:00:00Z,1947-07-24T13:00:00+01:00,-708177600000,,1014.8,1014.8,Y,,corrected-archive-csv
162860,Luleå-Kallax Flygplats,9,Lufttryck reducerat havsytans nivå,"vid havsytans nivå, momentanvärde, 1 gång/tim",hektopascal,1947-07-24T18:00:00Z,1947-07-24T19:00:00+01:00,-708156000000,,1012.4,1012.4,Y,,corrected-archive-csv
162860,Luleå-Kallax Flygplats,9,Lufttryck reducerat havsytans nivå,"vid havsytans nivå, momentanvärde, 1 gång/tim",hektopascal,1947-07-25T00:00:00Z,1947-07-25T01:00:00+01:00,-708134400000,,1010.5,1010.5,Y,,corrected-archive-csv
162860,Luleå-Kallax Flygplats,9,Lufttryck reducerat havsytans nivå,"vid havsytans nivå, momentanvärde, 1 gång/tim",hektopascal,1947-07-25T06:00:00Z,1947-07-25T07:00:00+01:00,-708112800000,,1009.1,1009.1,Y,,corrected-archive-csv
162860,Luleå-Kallax Flygplats,9,Lufttryck reducerat havsytans nivå,"vid havsytans nivå, momentanvärde, 1 gång/tim",hektopascal,1947-07-25T12:00:00Z,1947-07-25T13:00:00+01:00,-708091200000,,1007.9,1007.9,Y,,corrected-archive-csv
162860,Luleå-Kallax Flygplats,9,Lufttryck reducerat havsytans nivå,"vid havsytans nivå, momentanvärde, 1 gång/tim",hektopascal,1947-07-25T18:00:00Z,1947-07-25T19:00:00+01:00,-708069600000,,1006.2,1006.2,Y,,corrected-archive-csv
162860,Luleå-Kallax Flygplats,9,Lufttryck reducerat havsytans nivå,"vid havsytans nivå, momentanvärde, 1 gång/tim",hektopascal,1947-07-26T00:00:00Z,1947-07-26T01:00:00+01:00,-708048000000,,1005.9,1005.9,Y,,corrected-archive-csv
162860,Luleå-Kallax Flygplats,9,Lufttryck reducerat havsytans nivå,"vid havsytans nivå, momentanvärde, 1 gång/tim",hektopascal,1947-07-26T06:00:00Z,1947-07-26T07:00:00+01:00,-708026400000,,1005.0,1005.0,Y,,corrected-archive-csv
162860,Luleå-Kallax Flygplats,9,Lufttryck reducerat havsytans nivå,"vid havsytans nivå, momentanvärde, 1 gång/tim",hektopascal,1947-07-26T12:00:00Z,1947-07-26T13:00:00+01:00,-708004800000,,1002.8,1002.8,Y,,corrected-archive-csv
162860,Luleå-Kallax Flygplats,9,Lufttryck reducerat havsytans nivå,"vid havsytans nivå, momentanvärde, 1 gång/tim",hektopascal,1947-07-26T18:00:00Z,1947-07-26T19:00:00+01:00,-707983200000,,1001.1,1001.1,Y,,corrected-archive-csv
162860,Luleå-Kallax Flygplats,9,Lufttryck reducerat havsytans nivå,"vid havsytans nivå, momentanvärde, 1 gång/tim",hektopascal,1947-07-27T00:00:00Z,1947-07-27T01:00:00+01:00,-707961600000,,1001.0,1001.0,Y,,corrected-archive-csv
162860,Luleå-Kallax Flygplats,9,Lufttryck reducerat havsytans nivå,"vid havsytans nivå, momentanvärde, 1 gång/tim",hektopascal,1947-07-27T06:00:00Z,1947-07-27T07:00:00+01:00,-707940000000,,1001.0,1001.0,Y,,corrected-archive-csv
162860,Luleå-Kallax Flygplats,9,Lufttryck reducerat havsytans nivå,"vid havsytans nivå, momentanvärde, 1 gång/tim",hektopascal,1947-07-27T12:00:00Z,1947-07-27T13:00:00+01:00,-707918400000,,1001.7,1001.7,Y,,corrected-archive-csv
162860,Luleå-Kallax Flygplats,9,Lufttryck reducerat havsytans nivå,"vid havsytans nivå, momentanvärde, 1 gång/tim",hektopascal,1947-07-27T18:00:00Z,1947-07-27T19:00:00+01:00,-707896800000,,1002.9,1002.9,Y,,corrected-archive-csv
162860,Luleå-Kallax Flygplats,9,Lufttryck reducerat havsytans nivå,"vid havsytans nivå, momentanvärde, 1 gång/tim",hektopascal,1947-07-28T00:00:00Z,1947-07-28T01:00:00+01:00,-707875200000,,1005.2,1005.2,Y,,corrected-archive-csv
162860,Luleå-Kallax Flygplats,9,Lufttryck reducerat havsytans nivå,"vid havsytans nivå, momentanvärde, 1 gång/tim",hektopascal,1947-07-28T06:00:00Z,1947-07-28T07:00:00+01:00,-707853600000,,1007.0,1007.0,Y,,corrected-archive-csv
162860,Luleå-Kallax Flygplats,9,Lufttryck reducerat havsytans nivå,"vid havsytans nivå, momentanvärde, 1 gång/tim",hektopascal,1947-07-28T12:00:00Z,1947-07-28T13:00:00+01:00,-707832000000,,1008.4,1008.4,Y,,corrected-archive-csv
162860,Luleå-Kallax Flygplats,9,Lufttryck reducerat havsytans nivå,"vid havsytans nivå, momentanvärde, 1 gång/tim",hektopascal,1947-07-28T18:00:00Z,1947-07-28T19:00:00+01:00,-707810400000,,1009.4,1009.4,Y,,corrected-archive-csv
162860,Luleå-Kallax Flygplats,9,Lufttryck reducerat havsytans nivå,"vid havsytans nivå, momentanvärde, 1 gång/tim",hektopascal,1947-07-29T00:00:00Z,1947-07-29T01:00:00+01:00,-707788800000,,1009.7,1009.7,Y,,corrected-archive-csv
162860,Luleå-Kallax Flygplats,9,Lufttryck reducerat havsytans nivå,"vid havsytans nivå, momentanvärde, 1 gång/tim",hektopascal,1947-07-29T06:00:00Z,1947-07-29T07:00:00+01:00,-707767200000,,1008.7,1008.7,Y,,corrected-archive-csv
162860,Luleå-Kallax Flygplats,9,Lufttryck reducerat havsytans nivå,"vid havsytans nivå, momentanvärde, 1 gång/tim",hektopascal,1947-07-29T12:00:00Z,1947-07-29T13:00:00+01:00,-707745600000,,1007.3,1007.3,Y,,corrected-archive-csv
162860,Luleå-Kallax Flygplats,9,Lufttryck reducerat havsytans nivå,"vid havsytans nivå, momentanvärde, 1 gång/tim",hektopascal,1947-07-29T18:00:00Z,1947-07-29T19:00:00+01:00,-707724000000,,1005.7,1005.7,Y,,corrected-archive-csv
162860,Luleå-Kallax Flygplats,9,Lufttryck reducerat havsytans nivå,"vid havsytans nivå, momentanvärde, 1 gång/tim",hektopascal,1947-07-30T00:00:00Z,1947-07-30T01:00:00+01:00,-707702400000,,1005.0,1005.0,Y,,corrected-archive-csv
162860,Luleå-Kallax Flygplats,9,Lufttryck reducerat havsytans nivå,"vid havsytans nivå, momentanvärde, 1 gång/tim",hektopascal,1947-07-30T06:00:00Z,1947-07-30T07:00:00+01:00,-707680800000,,1004.8,1004.8,Y,,corrected-archive-csv
162860,Luleå-Kallax Flygplats,9,Lufttryck reducerat havsytans nivå,"vid havsytans nivå, momentanvärde, 1 gång/tim",hektopascal,1947-07-30T12:00:00Z,1947-07-30T13:00:00+01:00,-707659200000,,1003.7,1003.7,Y,,corrected-archive-csv
162860,Luleå-Kallax Flygplats,9,Lufttryck reducerat havsytans nivå,"vid havsytans nivå, momentanvärde, 1 gång/tim",hektopascal,1947-07-30T18:00:00Z,1947-07-30T19:00:00+01:00,-707637600000,,1003.4,1003.4,Y,,corrected-archive-csv
162860,Luleå-Kallax Flygplats,9,Lufttryck reducerat havsytans nivå,"vid havsytans nivå, momentanvärde, 1 gång/tim",hektopascal,1947-07-31T06:00:00Z,1947-07-31T07:00:00+01:00,-707594400000,,1001.6,1001.6,Y,,corrected-archive-csv
162860,Luleå-Kallax Flygplats,9,Lufttryck reducerat havsytans nivå,"vid havsytans nivå, momentanvärde, 1 gång/tim",hektopascal,1947-07-31T12:00:00Z,1947-07-31T13:00:00+01:00,-707572800000,,1000.3,1000.3,Y,,corrected-archive-csv
162860,Luleå-Kallax Flygplats,9,Lufttryck reducerat havsytans nivå,"vid havsytans nivå, momentanvärde, 1 gång/tim",hektopascal,1947-07-31T18:00:00Z,1947-07-31T19:00:00+01:00,-707551200000,,999.9,999.9,Y,,corrected-archive-csv
162860,Luleå-Kallax Flygplats,9,Lufttryck reducerat havsytans nivå,"vid havsytans nivå, momentanvärde, 1 gång/tim",hektopascal,1947-08-01T00:00:00Z,1947-08-01T01:00:00+01:00,-707529600000,,998.9,998.9,Y,,corrected-archive-csv
162860,Luleå-Kallax Flygplats,9,Lufttryck reducerat havsytans nivå,"vid havsytans nivå, momentanvärde, 1 gång/tim",hektopascal,1947-08-01T06:00:00Z,1947-08-01T07:00:00+01:00,-707508000000,,1000.6,1000.6,Y,,corrected-archive-csv
162860,Luleå-Kallax Flygplats,9,Lufttryck reducerat havsytans nivå,"vid havsytans nivå, momentanvärde, 1 gång/tim",hektopascal,1947-08-01T12:00:00Z,1947-08-01T13:00:00+01:00,-707486400000,,1004.1,1004.1,Y,,corrected-archive-csv
162860,Luleå-Kallax Flygplats,9,Lufttryck reducerat havsytans nivå,"vid havsytans nivå, momentanvärde, 1 gång/tim",hektopascal,1947-08-01T18:00:00Z,1947-08-01T19:00:00+01:00,-707464800000,,1007.4,1007.4,Y,,corrected-archive-csv
162860,Luleå-Kallax Flygplats,9,Lufttryck reducerat havsytans nivå,"vid havsytans nivå, momentanvärde, 1 gång/tim",hektopascal,1947-08-02T00:00:00Z,1947-08-02T01:00:00+01:00,-707443200000,,1011.1,1011.1,Y,,corrected-archive-csv
162860,Luleå-Kallax Flygplats,9,Lufttryck reducerat havsytans nivå,"vid havsytans nivå, momentanvärde, 1 gång/tim",hektopascal,1947-08-02T06:00:00Z,1947-08-02T07:00:00+01:00,-707421600000,,1013.0,1013.0,Y,,corrected-archive-csv
162860,Luleå-Kallax Flygplats,9,Lufttryck reducerat havsytans nivå,"vid havsytans nivå, momentanvärde, 1 gång/tim",hektopascal,1947-08-02T12:00:00Z,1947-08-02T13:00:00+01:00,-707400000000,,1013.9,1013.9,Y,,corrected-archive-csv
162860,Luleå-Kallax Flygplats,9,Lufttryck reducerat havsytans nivå,"vid havsytans nivå, momentanvärde, 1 gång/tim",hektopascal,1947-08-02T18:00:00Z,1947-08-02T19:00:00+01:00,-707378400000,,1013.0,1013.0,Y,,corrected-archive-csv
162860,Luleå-Kallax Flygplats,9,Lufttryck reducerat havsytans nivå,"vid havsytans nivå, momentanvärde, 1 gång/tim",hektopascal,1947-08-03T00:00:00Z,1947-08-03T01:00:00+01:00,-707356800000,,1009.8,1009.8,Y,,corrected-archive-csv
162860,Luleå-Kallax Flygplats,9,Lufttryck reducerat havsytans nivå,"vid havsytans nivå, momentanvärde, 1 gång/tim",hektopascal,1947-08-03T06:00:00Z,1947-08-03T07:00:00+01:00,-707335200000,,1005.0,1005.0,Y,,corrected-archive-csv
162860,Luleå-Kallax Flygplats,9,Lufttryck reducerat havsytans nivå,"vid havsytans nivå, momentanvärde, 1 gång/tim",hektopascal,1947-08-03T12:00:00Z,1947-08-03T13:00:00+01:00,-707313600000,,1001.4,1001.4,Y,,corrected-archive-csv
162860,Luleå-Kallax Flygplats,9,Lufttryck reducerat havsytans nivå,"vid havsytans nivå, momentanvärde, 1 gång/tim",hektopascal,1947-08-03T18:00:00Z,1947-08-03T19:00:00+01:00,-707292000000,,1000.3,1000.3,Y,,corrected-archive-csv
162860,Luleå-Kallax Flygplats,9,Lufttryck reducerat havsytans nivå,"vid havsytans nivå, momentanvärde, 1 gång/tim",hektopascal,1947-08-04T00:00:00Z,1947-08-04T01:00:00+01:00,-707270400000,,1001.4,1001.4,Y,,corrected-archive-csv
162860,Luleå-Kallax Flygplats,9,Lufttryck reducerat havsytans nivå,"vid havsytans nivå, momentanvärde, 1 gång/tim",hektopascal,1947-08-04T06:00:00Z,1947-08-04T07:00:00+01:00,-707248800000,,1002.1,1002.1,Y,,corrected-archive-csv
162860,Luleå-Kallax Flygplats,9,Lufttryck reducerat havsytans nivå,"vid havsytans nivå, momentanvärde, 1 gång/tim",hektopascal,1947-08-04T12:00:00Z,1947-08-04T13:00:00+01:00,-707227200000,,1001.3,1001.3,Y,,corrected-archive-csv
162860,Luleå-Kallax Flygplats,9,Lufttryck reducerat havsytans nivå,"vid havsytans nivå, momentanvärde, 1 gång/tim",hektopascal,1947-08-04T18:00:00Z,1947-08-04T19:00:00+01:00,-707205600000,,1001.6,1001.6,Y,,corrected-archive-csv
162860,Luleå-Kallax Flygplats,9,Lufttryck reducerat havsytans nivå,"vid havsytans nivå, momentanvärde, 1 gång/tim",hektopascal,1947-08-05T00:00:00Z,1947-08-05T01:00:00+01:00,-707184000000,,1003.2,1003.2,Y,,corrected-archive-csv
162860,Luleå-Kallax Flygplats,9,Lufttryck reducerat havsytans nivå,"vid havsytans nivå, momentanvärde, 1 gång/tim",hektopascal,1947-08-05T06:00:00Z,1947-08-05T07:00:00+01:00,-707162400000,,1005.0,1005.0,Y,,corrected-archive-csv
162860,Luleå-Kallax Flygplats,9,Lufttryck reducerat havsytans nivå,"vid havsytans nivå, momentanvärde, 1 gång/tim",hektopascal,1947-08-05T12:00:00Z,1947-08-05T13:00:00+01:00,-707140800000,,1006.0,1006.0,Y,,corrected-archive-csv
162860,Luleå-Kallax Flygplats,9,Lufttryck reducerat havsytans nivå,"vid havsytans nivå, momentanvärde, 1 gång/tim",hektopascal,1947-08-05T18:00:00Z,1947-08-05T19:00:00+01:00,-707119200000,,1006.1,1006.1,Y,,corrected-archive-csv
162860,Luleå-Kallax Flygplats,9,Lufttryck reducerat havsytans nivå,"vid havsytans nivå, momentanvärde, 1 gång/tim",hektopascal,1947-08-06T00:00:00Z,1947-08-06T01:00:00+01:00,-707097600000,,1006.4,1006.4,Y,,corrected-archive-csv
162860,Luleå-Kallax Flygplats,9,Lufttryck reducerat havsytans nivå,"vid havsytans nivå, momentanvärde, 1 gång/tim",hektopascal,1947-08-06T06:00:00Z,1947-08-06T07:00:00+01:00,-707076000000,,1007.2,1007.2,Y,,corrected-archive-csv
162860,Luleå-Kallax Flygplats,9,Lufttryck reducerat havsytans nivå,"vid havsytans nivå, momentanvärde, 1 gång/tim",hektopascal,1947-08-06T12:00:00Z,1947-08-06T13:00:00+01:00,-707054400000,,1007.2,1007.2,Y,,corrected-archive-csv
162860,Luleå-Kallax Flygplats,9,Lufttryck reducerat havsytans nivå,"vid havsytans nivå, momentanvärde, 1 gång/tim",hektopascal,1947-08-06T18:00:00Z,1947-08-06T19:00:00+01:00,-707032800000,,1007.9,1007.9,Y,,corrected-archive-csv
162860,Luleå-Kallax Flygplats,9,Lufttryck reducerat havsytans nivå,"vid havsytans nivå, momentanvärde, 1 gång/tim",hektopascal,1947-08-07T00:00:00Z,1947-08-07T01:00:00+01:00,-707011200000,,1008.4,1008.4,Y,,corrected-archive-csv
162860,Luleå-Kallax Flygplats,9,Lufttryck reducerat havsytans nivå,"vid havsytans nivå, momentanvärde, 1 gång/tim",hektopascal,1947-08-07T06:00:00Z,1947-08-07T07:00:00+01:00,-706989600000,,1009.0,1009.0,Y,,corrected-archive-csv
162860,Luleå-Kallax Flygplats,9,Lufttryck reducerat havsytans nivå,"vid havsytans nivå, momentanvärde, 1 gång/tim",hektopascal,1947-08-07T12:00:00Z,1947-08-07T13:00:00+01:00,-706968000000,,1008.1,1008.1,Y,,corrected-archive-csv
162860,Luleå-Kallax Flygplats,9,Lufttryck reducerat havsytans nivå,"vid havsytans nivå, momentanvärde, 1 gång/tim",hektopascal,1947-08-07T18:00:00Z,1947-08-07T19:00:00+01:00,-706946400000,,1007.1,1007.1,Y,,corrected-archive-csv
162860,Luleå-Kallax Flygplats,9,Lufttryck reducerat havsytans nivå,"vid havsytans nivå, momentanvärde, 1 gång/tim",hektopascal,1947-08-08T00:00:00Z,1947-08-08T01:00:00+01:00,-706924800000,,1005.9,1005.9,Y,,corrected-archive-csv
162860,Luleå-Kallax Flygplats,9,Lufttryck reducerat havsytans nivå,"vid havsytans nivå, momentanvärde, 1 gång/tim",hektopascal,1947-08-08T06:00:00Z,1947-08-08T07:00:00+01:00,-706903200000,,1004.8,1004.8,Y,,corrected-archive-csv
162860,Luleå-Kallax Flygplats,9,Lufttryck reducerat havsytans nivå,"vid havsytans nivå, momentanvärde, 1 gång/tim",hektopascal,1947-08-08T12:00:00Z,1947-08-08T13:00:00+01:00,-706881600000,,1004.3,1004.3,Y,,corrected-archive-csv
162860,Luleå-Kallax Flygplats,9,Lufttryck reducerat havsytans nivå,"vid havsytans nivå, momentanvärde, 1 gång/tim",hektopascal,1947-08-08T18:00:00Z,1947-08-08T19:00:00+01:00,-706860000000,,1006.8,1006.8,Y,,corrected-archive-csv
162860,Luleå-Kallax Flygplats,9,Lufttryck reducerat havsytans nivå,"vid havsytans nivå, momentanvärde, 1 gång/tim",hektopascal,1947-08-09T00:00:00Z,1947-08-09T01:00:00+01:00,-706838400000,,1010.8,1010.8,Y,,corrected-archive-csv
162860,Luleå-Kallax Flygplats,9,Lufttryck reducerat havsytans nivå,"vid havsytans nivå, momentanvärde, 1 gång/tim",hektopascal,1947-08-09T06:00:00Z,1947-08-09T07:00:00+01:00,-706816800000,,1012.9,1012.9,Y,,corrected-archive-csv
162860,Luleå-Kallax Flygplats,9,Lufttryck reducerat havsytans nivå,"vid havsytans nivå, momentanvärde, 1 gång/tim",hektopascal,1947-08-09T12:00:00Z,1947-08-09T13:00:00+01:00,-706795200000,,1015.0,1015.0,Y,,corrected-archive-csv
162860,Luleå-Kallax Flygplats,9,Lufttryck reducerat havsytans nivå,"vid havsytans nivå, momentanvärde, 1 gång/tim",hektopascal,1947-08-09T18:00:00Z,1947-08-09T19:00:00+01:00,-706773600000,,1016.9,1016.9,Y,,corrected-archive-csv
162860,Luleå-Kallax Flygplats,9,Lufttryck reducerat havsytans nivå,"vid havsytans nivå, momentanvärde, 1 gång/tim",hektopascal,1947-08-10T00:00:00Z,1947-08-10T01:00:00+01:00,-706752000000,,1019.2,1019.2,Y,,corrected-archive-csv
162860,Luleå-Kallax Flygplats,9,Lufttryck reducerat havsytans nivå,"vid havsytans nivå, momentanvärde, 1 gång/tim",hektopascal,1947-08-10T06:00:00Z,1947-08-10T07:00:00+01:00,-706730400000,,1020.6,1020.6,Y,,corrected-archive-csv
162860,Luleå-Kallax Flygplats,9,Lufttryck reducerat havsytans nivå,"vid havsytans nivå, momentanvärde, 1 gång/tim",hektopascal,1947-08-10T12:00:00Z,1947-08-10T13:00:00+01:00,-706708800000,,1020.9,1020.9,Y,,corrected-archive-csv
162860,Luleå-Kallax Flygplats,9,Lufttryck reducerat havsytans nivå,"vid havsytans nivå, momentanvärde, 1 gång/tim",hektopascal,1947-08-10T18:00:00Z,1947-08-10T19:00:00+01:00,-706687200000,,1021.0,1021.0,Y,,corrected-archive-csv
162860,Luleå-Kallax Flygplats,9,Lufttryck reducerat havsytans nivå,"vid havsytans nivå, momentanvärde, 1 gång/tim",hektopascal,1947-08-11T00:00:00Z,1947-08-11T01:00:00+01:00,-706665600000,,1022.0,1022.0,Y,,corrected-archive-csv
162860,Luleå-Kallax Flygplats,9,Lufttryck reducerat havsytans nivå,"vid havsytans nivå, momentanvärde, 1 gång/tim",hektopascal,1947-08-11T06:00:00Z,1947-08-11T07:00:00+01:00,-706644000000,,1022.2,1022.2,Y,,corrected-archive-csv
162860,Luleå-Kallax Flygplats,9,Lufttryck reducerat havsytans nivå,"vid havsytans nivå, momentanvärde, 1 gång/tim",hektopascal,1947-08-11T12:00:00Z,1947-08-11T13:00:00+01:00,-706622400000,,1020.5,1020.5,Y,,corrected-archive-csv
162860,Luleå-Kallax Flygplats,9,Lufttryck reducerat havsytans nivå,"vid havsytans nivå, momentanvärde, 1 gång/tim",hektopascal,1947-08-11T18:00:00Z,1947-08-11T19:00:00+01:00,-706600800000,,1019.9,1019.9,Y,,corrected-archive-csv
162860,Luleå-Kallax Flygplats,9,Lufttryck reducerat havsytans nivå,"vid havsytans nivå, momentanvärde, 1 gång/tim",hektopascal,1947-08-12T00:00:00Z,1947-08-12T01:00:00+01:00,-706579200000,,1018.8,1018.8,Y,,corrected-archive-csv
162860,Luleå-Kallax Flygplats,9,Lufttryck reducerat havsytans nivå,"vid havsytans nivå, momentanvärde, 1 gång/tim",hektopascal,1947-08-12T06:00:00Z,1947-08-12T07:00:00+01:00,-706557600000,,1016.9,1016.9,Y,,corrected-archive-csv
162860,Luleå-Kallax Flygplats,9,Lufttryck reducerat havsytans nivå,"vid havsytans nivå, momentanvärde, 1 gång/tim",hektopascal,1947-08-12T12:00:00Z,1947-08-12T13:00:00+01:00,-706536000000,,1015.5,1015.5,Y,,corrected-archive-csv
162860,Luleå-Kallax Flygplats,9,Lufttryck reducerat havsytans nivå,"vid havsytans nivå, momentanvärde, 1 gång/tim",hektopascal,1947-08-12T18:00:00Z,1947-08-12T19:00:00+01:00,-706514400000,,1015.6,1015.6,Y,,corrected-archive-csv
162860,Luleå-Kallax Flygplats,9,Lufttryck reducerat havsytans nivå,"vid havsytans nivå, momentanvärde, 1 gång/tim",hektopascal,1947-08-13T00:00:00Z,1947-08-13T01:00:00+01:00,-706492800000,,1015.8,1015.8,Y,,corrected-archive-csv
162860,Luleå-Kallax Flygplats,9,Lufttryck reducerat havsytans nivå,"vid havsytans nivå, momentanvärde, 1 gång/tim",hektopascal,1947-08-13T06:00:00Z,1947-08-13T07:00:00+01:00,-706471200000,,1017.3,1017.3,Y,,corrected-archive-csv
162860,Luleå-Kallax Flygplats,9,Lufttryck reducerat havsytans nivå,"vid havsytans nivå, momentanvärde, 1 gång/tim",hektopascal,1947-08-13T12:00:00Z,1947-08-13T13:00:00+01:00,-706449600000,,1017.8,1017.8,Y,,corrected-archive-csv
162860,Luleå-Kallax Flygplats,9,Lufttryck reducerat havsytans nivå,"vid havsytans nivå, momentanvärde, 1 gång/tim",hektopascal,1947-08-13T18:00:00Z,1947-08-13T19:00:00+01:00,-706428000000,,1018.2,1018.2,Y,,corrected-archive-csv
162860,Luleå-Kallax Flygplats,9,Lufttryck reducerat havsytans nivå,"vid havsytans nivå, momentanvärde, 1 gång/tim",hektopascal,1947-08-14T06:00:00Z,1947-08-14T07:00:00+01:00,-706384800000,,1019.3,1019.3,Y,,corrected-archive-csv
162860,Luleå-Kallax Flygplats,9,Lufttryck reducerat havsytans nivå,"vid havsytans nivå, momentanvärde, 1 gång/tim",hektopascal,1947-08-14T12:00:00Z,1947-08-14T13:00:00+01:00,-706363200000,,1019.5,1019.5,Y,,corrected-archive-csv
162860,Luleå-Kallax Flygplats,9,Lufttryck reducerat havsytans nivå,"vid havsytans nivå, momentanvärde, 1 gång/tim",hektopascal,1947-08-14T18:00:00Z,1947-08-14T19:00:00+01:00,-706341600000,,1021.3,1021.3,Y,,corrected-archive-csv
162860,Luleå-Kallax Flygplats,9,Lufttryck reducerat havsytans nivå,"vid havsytans nivå, momentanvärde, 1 gång/tim",hektopascal,1947-08-15T00:00:00Z,1947-08-15T01:00:00+01:00,-706320000000,,1024.1,1024.1,Y,,corrected-archive-csv
162860,Luleå-Kallax Flygplats,9,Lufttryck reducerat havsytans nivå,"vid havsytans nivå, momentanvärde, 1 gång/tim",hektopascal,1947-08-15T06:00:00Z,1947-08-15T07:00:00+01:00,-706298400000,,1025.8,1025.8,Y,,corrected-archive-csv
162860,Luleå-Kallax Flygplats,9,Lufttryck reducerat havsytans nivå,"vid havsytans nivå, momentanvärde, 1 gång/tim",hektopascal,1947-08-15T12:00:00Z,1947-08-15T13:00:00+01:00,-706276800000,,1026.4,1026.4,Y,,corrected-archive-csv
162860,Luleå-Kallax Flygplats,9,Lufttryck reducerat havsytans nivå,"vid havsytans nivå, momentanvärde, 1 gång/tim",hektopascal,1947-08-15T18:00:00Z,1947-08-15T19:00:00+01:00,-706255200000,,1026.6,1026.6,Y,,corrected-archive-csv
162860,Luleå-Kallax Flygplats,9,Lufttryck reducerat havsytans nivå,"vid havsytans nivå, momentanvärde, 1 gång/tim",hektopascal,1947-08-16T00:00:00Z,1947-08-16T01:00:00+01:00,-706233600000,,1026.7,1026.7,Y,,corrected-archive-csv
162860,Luleå-Kallax Flygplats,9,Lufttryck reducerat havsytans nivå,"vid havsytans nivå, momentanvärde, 1 gång/tim",hektopascal,1947-08-16T06:00:00Z,1947-08-16T07:00:00+01:00,-706212000000,,1025.5,1025.5,Y,,corrected-archive-csv
162860,Luleå-Kallax Flygplats,9,Lufttryck reducerat havsytans nivå,"vid havsytans nivå, momentanvärde, 1 gång/tim",hektopascal,1947-08-16T12:00:00Z,1947-08-16T13:00:00+01:00,-706190400000,,1022.0,1022.0,Y,,corrected-archive-csv
162860,Luleå-Kallax Flygplats,9,Lufttryck reducerat havsytans nivå,"vid havsytans nivå, momentanvärde, 1 gång/tim",hektopascal,1947-08-16T18:00:00Z,1947-08-16T19:00:00+01:00,-706168800000,,1018.2,1018.2,Y,,corrected-archive-csv
162860,Luleå-Kallax Flygplats,9,Lufttryck reducerat havsytans nivå,"vid havsytans nivå, momentanvärde, 1 gång/tim",hektopascal,1947-08-17T00:00:00Z,1947-08-17T01:00:00+01:00,-706147200000,,1016.0,1016.0,Y,,corrected-archive-csv
162860,Luleå-Kallax Flygplats,9,Lufttryck reducerat havsytans nivå,"vid havsytans nivå, momentanvärde, 1 gång/tim",hektopascal,1947-08-17T06:00:00Z,1947-08-17T07:00:00+01:00,-706125600000,,1015.7,1015.7,Y,,corrected-archive-csv
162860,Luleå-Kallax Flygplats,9,Lufttryck reducerat havsytans nivå,"vid havsytans nivå, momentanvärde, 1 gång/tim",hektopascal,1947-08-17T12:00:00Z,1947-08-17T13:00:00+01:00,-706104000000,,1018.2,1018.2,Y,,corrected-archive-csv
162860,Luleå-Kallax Flygplats,9,Lufttryck reducerat havsytans nivå,"vid havsytans nivå, momentanvärde, 1 gång/tim",hektopascal,1947-08-17T18:00:00Z,1947-08-17T19:00:00+01:00,-706082400000,,1020.2,1020.2,Y,,corrected-archive-csv
162860,Luleå-Kallax Flygplats,9,Lufttryck reducerat havsytans nivå,"vid havsytans nivå, momentanvärde, 1 gång/tim",hektopascal,1947-08-18T00:00:00Z,1947-08-18T01:00:00+01:00,-706060800000,,1025.4,1025.4,Y,,corrected-archive-csv
162860,Luleå-Kallax Flygplats,9,Lufttryck reducerat havsytans nivå,"vid havsytans nivå, momentanvärde, 1 gång/tim",hektopascal,1947-08-18T06:00:00Z,1947-08-18T07:00:00+01:00,-706039200000,,1027.0,1027.0,Y,,corrected-archive-csv
162860,Luleå-Kallax Flygplats,9,Lufttryck reducerat havsytans nivå,"vid havsytans nivå, momentanvärde, 1 gång/tim",hektopascal,1947-08-18T12:00:00Z,1947-08-18T13:00:00+01:00,-706017600000,,1026.5,1026.5,Y,,corrected-archive-csv
162860,Luleå-Kallax Flygplats,9,Lufttryck reducerat havsytans nivå,"vid havsytans nivå, momentanvärde, 1 gång/tim",hektopascal,1947-08-18T18:00:00Z,1947-08-18T19:00:00+01:00,-705996000000,,1026.3,1026.3,Y,,corrected-archive-csv
162860,Luleå-Kallax Flygplats,9,Lufttryck reducerat havsytans nivå,"vid havsytans nivå, momentanvärde, 1 gång/tim",hektopascal,1947-08-19T00:00:00Z,1947-08-19T01:00:00+01:00,-705974400000,,1026.4,1026.4,Y,,corrected-archive-csv
162860,Luleå-Kallax Flygplats,9,Lufttryck reducerat havsytans nivå,"vid havsytans nivå, momentanvärde, 1 gång/tim",hektopascal,1947-08-19T06:00:00Z,1947-08-19T07:00:00+01:00,-705952800000,,1026.2,1026.2,Y,,corrected-archive-csv
162860,Luleå-Kallax Flygplats,9,Lufttryck reducerat havsytans nivå,"vid havsytans nivå, momentanvärde, 1 gång/tim",hektopascal,1947-08-19T12:00:00Z,1947-08-19T13:00:00+01:00,-705931200000,,1026.3,1026.3,Y,,corrected-archive-csv
162860,Luleå-Kallax Flygplats,9,Lufttryck reducerat havsytans nivå,"vid havsytans nivå, momentanvärde, 1 gång/tim",hektopascal,1947-08-19T18:00:00Z,1947-08-19T19:00:00+01:00,-705909600000,,1025.3,1025.3,Y,,corrected-archive-csv
162860,Luleå-Kallax Flygplats,9,Lufttryck reducerat havsytans nivå,"vid havsytans nivå, momentanvärde, 1 gång/tim",hektopascal,1947-08-20T00:00:00Z,1947-08-20T01:00:00+01:00,-705888000000,,1025.8,1025.8,Y,,corrected-archive-csv
162860,Luleå-Kallax Flygplats,9,Lufttryck reducerat havsytans nivå,"vid havsytans nivå, momentanvärde, 1 gång/tim",hektopascal,1947-08-20T06:00:00Z,1947-08-20T07:00:00+01:00,-705866400000,,1025.2,1025.2,Y,,corrected-archive-csv
162860,Luleå-Kallax Flygplats,9,Lufttryck reducerat havsytans nivå,"vid havsytans nivå, momentanvärde, 1 gång/tim",hektopascal,1947-08-20T12:00:00Z,1947-08-20T13:00:00+01:00,-705844800000,,1023.8,1023.8,Y,,corrected-archive-csv
162860,Luleå-Kallax Flygplats,9,Lufttryck reducerat havsytans nivå,"vid havsytans nivå, momentanvärde, 1 gång/tim",hektopascal,1947-08-20T18:00:00Z,1947-08-20T19:00:00+01:00,-705823200000,,1020.6,1020.6,Y,,corrected-archive-csv
162860,Luleå-Kallax Flygplats,9,Lufttryck reducerat havsytans nivå,"vid havsytans nivå, momentanvärde, 1 gång/tim",hektopascal,1947-08-21T00:00:00Z,1947-08-21T01:00:00+01:00,-705801600000,,1022.0,1022.0,Y,,corrected-archive-csv
162860,Luleå-Kallax Flygplats,9,Lufttryck reducerat havsytans nivå,"vid havsytans nivå, momentanvärde, 1 gång/tim",hektopascal,1947-08-21T06:00:00Z,1947-08-21T07:00:00+01:00,-705780000000,,1025.5,1025.5,Y,,corrected-archive-csv
162860,Luleå-Kallax Flygplats,9,Lufttryck reducerat havsytans nivå,"vid havsytans nivå, momentanvärde, 1 gång/tim",hektopascal,1947-08-21T12:00:00Z,1947-08-21T13:00:00+01:00,-705758400000,,1027.1,1027.1,Y,,corrected-archive-csv
162860,Luleå-Kallax Flygplats,9,Lufttryck reducerat havsytans nivå,"vid havsytans nivå, momentanvärde, 1 gång/tim",hektopascal,1947-08-21T18:00:00Z,1947-08-21T19:00:00+01:00,-705736800000,,1027.4,1027.4,Y,,corrected-archive-csv
162860,Luleå-Kallax Flygplats,9,Lufttryck reducerat havsytans nivå,"vid havsytans nivå, momentanvärde, 1 gång/tim",hektopascal,1947-08-22T00:00:00Z,1947-08-22T01:00:00+01:00,-705715200000,,1029.7,1029.7,Y,,corrected-archive-csv
162860,Luleå-Kallax Flygplats,9,Lufttryck reducerat havsytans nivå,"vid havsytans nivå, momentanvärde, 1 gång/tim",hektopascal,1947-08-22T06:00:00Z,1947-08-22T07:00:00+01:00,-705693600000,,1031.1,1031.1,Y,,corrected-archive-csv
162860,Luleå-Kallax Flygplats,9,Lufttryck reducerat havsytans nivå,"vid havsytans nivå, momentanvärde, 1 gång/tim",hektopascal,1947-08-22T12:00:00Z,1947-08-22T13:00:00+01:00,-705672000000,,1030.4,1030.4,Y,,corrected-archive-csv
162860,Luleå-Kallax Flygplats,9,Lufttryck reducerat havsytans nivå,"vid havsytans nivå, momentanvärde, 1 gång/tim",hektopascal,1947-08-22T18:00:00Z,1947-08-22T19:00:00+01:00,-705650400000,,1028.4,1028.4,Y,,corrected-archive-csv
162860,Luleå-Kallax Flygplats,9,Lufttryck reducerat havsytans nivå,"vid havsytans nivå, momentanvärde, 1 gång/tim",hektopascal,1947-08-23T00:00:00Z,1947-08-23T01:00:00+01:00,-705628800000,,1026.8,1026.8,Y,,corrected-archive-csv
162860,Luleå-Kallax Flygplats,9,Lufttryck reducerat havsytans nivå,"vid havsytans nivå, momentanvärde, 1 gång/tim",hektopascal,1947-08-23T06:00:00Z,1947-08-23T07:00:00+01:00,-705607200000,,1024.3,1024.3,Y,,corrected-archive-csv
162860,Luleå-Kallax Flygplats,9,Lufttryck reducerat havsytans nivå,"vid havsytans nivå, momentanvärde, 1 gång/tim",hektopascal,1947-08-23T12:00:00Z,1947-08-23T13:00:00+01:00,-705585600000,,1024.1,1024.1,Y,,corrected-archive-csv
162860,Luleå-Kallax Flygplats,9,Lufttryck reducerat havsytans nivå,"vid havsytans nivå, momentanvärde, 1 gång/tim",hektopascal,1947-08-23T18:00:00Z,1947-08-23T19:00:00+01:00,-705564000000,,1024.1,1024.1,Y,,corrected-archive-csv
162860,Luleå-Kallax Flygplats,9,Lufttryck reducerat havsytans nivå,"vid havsytans nivå, momentanvärde, 1 gång/tim",hektopascal,1947-08-24T00:00:00Z,1947-08-24T01:00:00+01:00,-705542400000,,1024.9,1024.9,Y,,corrected-archive-csv
162860,Luleå-Kallax Flygplats,9,Lufttryck reducerat havsytans nivå,"vid havsytans nivå, momentanvärde, 1 gång/tim",hektopascal,1947-08-24T06:00:00Z,1947-08-24T07:00:00+01:00,-705520800000,,1026.1,1026.1,Y,,corrected-archive-csv
162860,Luleå-Kallax Flygplats,9,Lufttryck reducerat havsytans nivå,"vid havsytans nivå, momentanvärde, 1 gång/tim",hektopascal,1947-08-24T12:00:00Z,1947-08-24T13:00:00+01:00,-705499200000,,1026.0,1026.0,Y,,corrected-archive-csv
162860,Luleå-Kallax Flygplats,9,Lufttryck reducerat havsytans nivå,"vid havsytans nivå, momentanvärde, 1 gång/tim",hektopascal,1947-08-24T18:00:00Z,1947-08-24T19:00:00+01:00,-705477600000,,1024.9,1024.9,Y,,corrected-archive-csv
162860,Luleå-Kallax Flygplats,9,Lufttryck reducerat havsytans nivå,"vid havsytans nivå, momentanvärde, 1 gång/tim",hektopascal,1947-08-25T00:00:00Z,1947-08-25T01:00:00+01:00,-705456000000,,1024.5,1024.5,Y,,corrected-archive-csv
162860,Luleå-Kallax Flygplats,9,Lufttryck reducerat havsytans nivå,"vid havsytans nivå, momentanvärde, 1 gång/tim",hektopascal,1947-08-25T06:00:00Z,1947-08-25T07:00:00+01:00,-705434400000,,1023.4,1023.4,Y,,corrected-archive-csv
162860,Luleå-Kallax Flygplats,9,Lufttryck reducerat havsytans nivå,"vid havsytans nivå, momentanvärde, 1 gång/tim",hektopascal,1947-08-25T12:00:00Z,1947-08-25T13:00:00+01:00,-705412800000,,1022.0,1022.0,Y,,corrected-archive-csv
162860,Luleå-Kallax Flygplats,9,Lufttryck reducerat havsytans nivå,"vid havsytans nivå, momentanvärde, 1 gång/tim",hektopascal,1947-08-25T18:00:00Z,1947-08-25T19:00:00+01:00,-705391200000,,1020.9,1020.9,Y,,corrected-archive-csv
162860,Luleå-Kallax Flygplats,9,Lufttryck reducerat havsytans nivå,"vid havsytans nivå, momentanvärde, 1 gång/tim",hektopascal,1947-08-26T00:00:00Z,1947-08-26T01:00:00+01:00,-705369600000,,1024.0,1024.0,Y,,corrected-archive-csv
162860,Luleå-Kallax Flygplats,9,Lufttryck reducerat havsytans nivå,"vid havsytans nivå, momentanvärde, 1 gång/tim",hektopascal,1947-08-26T06:00:00Z,1947-08-26T07:00:00+01:00,-705348000000,,1024.4,1024.4,Y,,corrected-archive-csv
162860,Luleå-Kallax Flygplats,9,Lufttryck reducerat havsytans nivå,"vid havsytans nivå, momentanvärde, 1 gång/tim",hektopascal,1947-08-26T12:00:00Z,1947-08-26T13:00:00+01:00,-705326400000,,1023.9,1023.9,Y,,corrected-archive-csv
162860,Luleå-Kallax Flygplats,9,Lufttryck reducerat havsytans nivå,"vid havsytans nivå, momentanvärde, 1 gång/tim",hektopascal,1947-08-26T18:00:00Z,1947-08-26T19:00:00+01:00,-705304800000,,1023.0,1023.0,Y,,corrected-archive-csv
162860,Luleå-Kallax Flygplats,9,Lufttryck reducerat havsytans nivå,"vid havsytans nivå, momentanvärde, 1 gång/tim",hektopascal,1947-08-27T00:00:00Z,1947-08-27T01:00:00+01:00,-705283200000,,1023.5,1023.5,Y,,corrected-archive-csv
162860,Luleå-Kallax Flygplats,9,Lufttryck reducerat havsytans nivå,"vid havsytans nivå, momentanvärde, 1 gång/tim",hektopascal,1947-08-27T06:00:00Z,1947-08-27T07:00:00+01:00,-705261600000,,1025.5,1025.5,Y,,corrected-archive-csv
162860,Luleå-Kallax Flygplats,9,Lufttryck reducerat havsytans nivå,"vid havsytans nivå, momentanvärde, 1 gång/tim",hektopascal,1947-08-27T12:00:00Z,1947-08-27T13:00:00+01:00,-705240000000,,1026.0,1026.0,Y,,corrected-archive-csv
162860,Luleå-Kallax Flygplats,9,Lufttryck reducerat havsytans nivå,"vid havsytans nivå, momentanvärde, 1 gång/tim",hektopascal,1947-08-27T18:00:00Z,1947-08-27T19:00:00+01:00,-705218400000,,1026.6,1026.6,Y,,corrected-archive-csv
162860,Luleå-Kallax Flygplats,9,Lufttryck reducerat havsytans nivå,"vid havsytans nivå, momentanvärde, 1 gång/tim",hektopascal,1947-08-28T00:00:00Z,1947-08-28T01:00:00+01:00,-705196800000,,1029.6,1029.6,Y,,corrected-archive-csv
162860,Luleå-Kallax Flygplats,9,Lufttryck reducerat havsytans nivå,"vid havsytans nivå, momentanvärde, 1 gång/tim",hektopascal,1947-08-28T06:00:00Z,1947-08-28T07:00:00+01:00,-705175200000,,1027.5,1027.5,Y,,corrected-archive-csv
162860,Luleå-Kallax Flygplats,9,Lufttryck reducerat havsytans nivå,"vid havsytans nivå, momentanvärde, 1 gång/tim",hektopascal,1947-08-28T12:00:00Z,1947-08-28T13:00:00+01:00,-705153600000,,1025.5,1025.5,Y,,corrected-archive-csv
162860,Luleå-Kallax Flygplats,9,Lufttryck reducerat havsytans nivå,"vid havsytans nivå, momentanvärde, 1 gång/tim",hektopascal,1947-08-28T18:00:00Z,1947-08-28T19:00:00+01:00,-705132000000,,1024.6,1024.6,Y,,corrected-archive-csv
162860,Luleå-Kallax Flygplats,9,Lufttryck reducerat havsytans nivå,"vid havsytans nivå, momentanvärde, 1 gång/tim",hektopascal,1947-08-29T00:00:00Z,1947-08-29T01:00:00+01:00,-705110400000,,1024.7,1024.7,Y,,corrected-archive-csv
162860,Luleå-Kallax Flygplats,9,Lufttryck reducerat havsytans nivå,"vid havsytans nivå, momentanvärde, 1 gång/tim",hektopascal,1947-08-29T06:00:00Z,1947-08-29T07:00:00+01:00,-705088800000,,1024.1,1024.1,Y,,corrected-archive-csv
162860,Luleå-Kallax Flygplats,9,Lufttryck reducerat havsytans nivå,"vid havsytans nivå, momentanvärde, 1 gång/tim",hektopascal,1947-08-29T12:00:00Z,1947-08-29T13:00:00+01:00,-705067200000,,1024.0,1024.0,Y,,corrected-archive-csv
162860,Luleå-Kallax Flygplats,9,Lufttryck reducerat havsytans nivå,"vid havsytans nivå, momentanvärde, 1 gång/tim",hektopascal,1947-08-29T18:00:00Z,1947-08-29T19:00:00+01:00,-705045600000,,1024.1,1024.1,Y,,corrected-archive-csv
162860,Luleå-Kallax Flygplats,9,Lufttryck reducerat havsytans nivå,"vid havsytans nivå, momentanvärde, 1 gång/tim",hektopascal,1947-08-30T00:00:00Z,1947-08-30T01:00:00+01:00,-705024000000,,1024.6,1024.6,Y,,corrected-archive-csv
162860,Luleå-Kallax Flygplats,9,Lufttryck reducerat havsytans nivå,"vid havsytans nivå, momentanvärde, 1 gång/tim",hektopascal,1947-08-30T06:00:00Z,1947-08-30T07:00:00+01:00,-705002400000,,1025.1,1025.1,Y,,corrected-archive-csv
162860,Luleå-Kallax Flygplats,9,Lufttryck reducerat havsytans nivå,"vid havsytans nivå, momentanvärde, 1 gång/tim",hektopascal,1947-08-30T12:00:00Z,1947-08-30T13:00:00+01:00,-704980800000,,1025.1,1025.1,Y,,corrected-archive-csv
162860,Luleå-Kallax Flygplats,9,Lufttryck reducerat havsytans nivå,"vid havsytans nivå, momentanvärde, 1 gång/tim",hektopascal,1947-08-30T18:00:00Z,1947-08-30T19:00:00+01:00,-704959200000,,1024.6,1024.6,Y,,corrected-archive-csv
162860,Luleå-Kallax Flygplats,9,Lufttryck reducerat havsytans nivå,"vid havsytans nivå, momentanvärde, 1 gång/tim",hektopascal,1947-08-31T00:00:00Z,1947-08-31T01:00:00+01:00,-704937600000,,1024.8,1024.8,Y,,corrected-archive-csv
162860,Luleå-Kallax Flygplats,9,Lufttryck reducerat havsytans nivå,"vid havsytans nivå, momentanvärde, 1 gång/tim",hektopascal,1947-08-31T06:00:00Z,1947-08-31T07:00:00+01:00,-704916000000,,1024.1,1024.1,Y,,corrected-archive-csv
162860,Luleå-Kallax Flygplats,9,Lufttryck reducerat havsytans nivå,"vid havsytans nivå, momentanvärde, 1 gång/tim",hektopascal,1947-08-31T12:00:00Z,1947-08-31T13:00:00+01:00,-704894400000,,1023.8,1023.8,Y,,corrected-archive-csv
162860,Luleå-Kallax Flygplats,9,Lufttryck reducerat havsytans nivå,"vid havsytans nivå, momentanvärde, 1 gång/tim",hektopascal,1947-08-31T18:00:00Z,1947-08-31T19:00:00+01:00,-704872800000,,1022.4,1022.4,Y,,corrected-archive-csv
162860,Luleå-Kallax Flygplats,9,Lufttryck reducerat havsytans nivå,"vid havsytans nivå, momentanvärde, 1 gång/tim",hektopascal,1947-09-01T00:00:00Z,1947-09-01T01:00:00+01:00,-704851200000,,1022.4,1022.4,Y,,corrected-archive-csv
162860,Luleå-Kallax Flygplats,9,Lufttryck reducerat havsytans nivå,"vid havsytans nivå, momentanvärde, 1 gång/tim",hektopascal,1947-09-01T06:00:00Z,1947-09-01T07:00:00+01:00,-704829600000,,1022.5,1022.5,Y,,corrected-archive-csv
162860,Luleå-Kallax Flygplats,9,Lufttryck reducerat havsytans nivå,"vid havsytans nivå, momentanvärde, 1 gång/tim",hektopascal,1947-09-01T12:00:00Z,1947-09-01T13:00:00+01:00,-704808000000,,1022.7,1022.7,Y,,corrected-archive-csv
162860,Luleå-Kallax Flygplats,9,Lufttryck reducerat havsytans nivå,"vid havsytans nivå, momentanvärde, 1 gång/tim",hektopascal,1947-09-01T18:00:00Z,1947-09-01T19:00:00+01:00,-704786400000,,1022.7,1022.7,Y,,corrected-archive-csv
162860,Luleå-Kallax Flygplats,9,Lufttryck reducerat havsytans nivå,"vid havsytans nivå, momentanvärde, 1 gång/tim",hektopascal,1947-09-02T00:00:00Z,1947-09-02T01:00:00+01:00,-704764800000,,1024.6,1024.6,Y,,corrected-archive-csv
162860,Luleå-Kallax Flygplats,9,Lufttryck reducerat havsytans nivå,"vid havsytans nivå, momentanvärde, 1 gång/tim",hektopascal,1947-09-02T06:00:00Z,1947-09-02T07:00:00+01:00,-704743200000,,1026.1,1026.1,Y,,corrected-archive-csv
162860,Luleå-Kallax Flygplats,9,Lufttryck reducerat havsytans nivå,"vid havsytans nivå, momentanvärde, 1 gång/tim",hektopascal,1947-09-02T12:00:00Z,1947-09-02T13:00:00+01:00,-704721600000,,1025.7,1025.7,Y,,corrected-archive-csv
162860,Luleå-Kallax Flygplats,9,Lufttryck reducerat havsytans nivå,"vid havsytans nivå, momentanvärde, 1 gång/tim",hektopascal,1947-09-02T18:00:00Z,1947-09-02T19:00:00+01:00,-704700000000,,1023.6,1023.6,Y,,corrected-archive-csv
162860,Luleå-Kallax Flygplats,9,Lufttryck reducerat havsytans nivå,"vid havsytans nivå, momentanvärde, 1 gång/tim",hektopascal,1947-09-03T00:00:00Z,1947-09-03T01:00:00+01:00,-704678400000,,1023.1,1023.1,Y,,corrected-archive-csv
162860,Luleå-Kallax Flygplats,9,Lufttryck reducerat havsytans nivå,"vid havsytans nivå, momentanvärde, 1 gång/tim",hektopascal,1947-09-03T06:00:00Z,1947-09-03T07:00:00+01:00,-704656800000,,1020.9,1020.9,Y,,corrected-archive-csv
162860,Luleå-Kallax Flygplats,9,Lufttryck reducerat havsytans nivå,"vid havsytans nivå, momentanvärde, 1 gång/tim",hektopascal,1947-09-03T12:00:00Z,1947-09-03T13:00:00+01:00,-704635200000,,1019.2,1019.2,Y,,corrected-archive-csv
162860,Luleå-Kallax Flygplats,9,Lufttryck reducerat havsytans nivå,"vid havsytans nivå, momentanvärde, 1 gång/tim",hektopascal,1947-09-03T18:00:00Z,1947-09-03T19:00:00+01:00,-704613600000,,1016.8,1016.8,Y,,corrected-archive-csv
162860,Luleå-Kallax Flygplats,9,Lufttryck reducerat havsytans nivå,"vid havsytans nivå, momentanvärde, 1 gång/tim",hektopascal,1947-09-04T00:00:00Z,1947-09-04T01:00:00+01:00,-704592000000,,1015.5,1015.5,Y,,corrected-archive-csv
162860,Luleå-Kallax Flygplats,9,Lufttryck reducerat havsytans nivå,"vid havsytans nivå, momentanvärde, 1 gång/tim",hektopascal,1947-09-04T06:00:00Z,1947-09-04T07:00:00+01:00,-704570400000,,1014.1,1014.1,Y,,corrected-archive-csv
162860,Luleå-Kallax Flygplats,9,Lufttryck reducerat havsytans nivå,"vid havsytans nivå, momentanvärde, 1 gång/tim",hektopascal,1947-09-04T12:00:00Z,1947-09-04T13:00:00+01:00,-704548800000,,1014.0,1014.0,Y,,corrected-archive-csv
162860,Luleå-Kallax Flygplats,9,Lufttryck reducerat havsytans nivå,"vid havsytans nivå, momentanvärde, 1 gång/tim",hektopascal,1947-09-04T18:00:00Z,1947-09-04T19:00:00+01:00,-704527200000,,1012.7,1012.7,Y,,corrected-archive-csv
162860,Luleå-Kallax Flygplats,9,Lufttryck reducerat havsytans nivå,"vid havsytans nivå, momentanvärde, 1 gång/tim",hektopascal,1947-09-05T00:00:00Z,1947-09-05T01:00:00+01:00,-704505600000,,1012.0,1012.0,Y,,corrected-archive-csv
162860,Luleå-Kallax Flygplats,9,Lufttryck reducerat havsytans nivå,"vid havsytans nivå, momentanvärde, 1 gång/tim",hektopascal,1947-09-05T06:00:00Z,1947-09-05T07:00:00+01:00,-704484000000,,1011.2,1011.2,Y,,corrected-archive-csv
162860,Luleå-Kallax Flygplats,9,Lufttryck reducerat havsytans nivå,"vid havsytans nivå, momentanvärde, 1 gång/tim",hektopascal,1947-09-05T12:00:00Z,1947-09-05T13:00:00+01:00,-704462400000,,1009.6,1009.6,Y,,corrected-archive-csv
162860,Luleå-Kallax Flygplats,9,Lufttryck reducerat havsytans nivå,"vid havsytans nivå, momentanvärde, 1 gång/tim",hektopascal,1947-09-05T18:00:00Z,1947-09-05T19:00:00+01:00,-704440800000,,1008.8,1008.8,Y,,corrected-archive-csv
162860,Luleå-Kallax Flygplats,9,Lufttryck reducerat havsytans nivå,"vid havsytans nivå, momentanvärde, 1 gång/tim",hektopascal,1947-09-06T00:00:00Z,1947-09-06T01:00:00+01:00,-704419200000,,1010.0,1010.0,Y,,corrected-archive-csv
162860,Luleå-Kallax Flygplats,9,Lufttryck reducerat havsytans nivå,"vid havsytans nivå, momentanvärde, 1 gång/tim",hektopascal,1947-09-06T06:00:00Z,1947-09-06T07:00:00+01:00,-704397600000,,1010.3,1010.3,Y,,corrected-archive-csv
162860,Luleå-Kallax Flygplats,9,Lufttryck reducerat havsytans nivå,"vid havsytans nivå, momentanvärde, 1 gång/tim",hektopascal,1947-09-06T12:00:00Z,1947-09-06T13:00:00+01:00,-704376000000,,1009.2,1009.2,Y,,corrected-archive-csv
162860,Luleå-Kallax Flygplats,9,Lufttryck reducerat havsytans nivå,"vid havsytans nivå, momentanvärde, 1 gång/tim",hektopascal,1947-09-06T18:00:00Z,1947-09-06T19:00:00+01:00,-704354400000,,1008.7,1008.7,Y,,corrected-archive-csv
162860,Luleå-Kallax Flygplats,9,Lufttryck reducerat havsytans nivå,"vid havsytans nivå, momentanvärde, 1 gång/tim",hektopascal,1947-09-07T00:00:00Z,1947-09-07T01:00:00+01:00,-704332800000,,1007.8,1007.8,Y,,corrected-archive-csv
162860,Luleå-Kallax Flygplats,9,Lufttryck reducerat havsytans nivå,"vid havsytans nivå, momentanvärde, 1 gång/tim",hektopascal,1947-09-07T06:00:00Z,1947-09-07T07:00:00+01:00,-704311200000,,1005.5,1005.5,Y,,corrected-archive-csv
162860,Luleå-Kallax Flygplats,9,Lufttryck reducerat havsytans nivå,"vid havsytans nivå, momentanvärde, 1 gång/tim",hektopascal,1947-09-07T12:00:00Z,1947-09-07T13:00:00+01:00,-704289600000,,1004.2,1004.2,Y,,corrected-archive-csv
162860,Luleå-Kallax Flygplats,9,Lufttryck reducerat havsytans nivå,"vid havsytans nivå, momentanvärde, 1 gång/tim",hektopascal,1947-09-07T18:00:00Z,1947-09-07T19:00:00+01:00,-704268000000,,1003.6,1003.6,Y,,corrected-archive-csv
162860,Luleå-Kallax Flygplats,9,Lufttryck reducerat havsytans nivå,"vid havsytans nivå, momentanvärde, 1 gång/tim",hektopascal,1947-09-08T00:00:00Z,1947-09-08T01:00:00+01:00,-704246400000,,1004.7,1004.7,Y,,corrected-archive-csv
162860,Luleå-Kallax Flygplats,9,Lufttryck reducerat havsytans nivå,"vid havsytans nivå, momentanvärde, 1 gång/tim",hektopascal,1947-09-08T06:00:00Z,1947-09-08T07:00:00+01:00,-704224800000,,1005.1,1005.1,Y,,corrected-archive-csv
162860,Luleå-Kallax Flygplats,9,Lufttryck reducerat havsytans nivå,"vid havsytans nivå, momentanvärde, 1 gång/tim",hektopascal,1947-09-08T12:00:00Z,1947-09-08T13:00:00+01:00,-704203200000,,1005.1,1005.1,Y,,corrected-archive-csv
162860,Luleå-Kallax Flygplats,9,Lufttryck reducerat havsytans nivå,"vid havsytans nivå, momentanvärde, 1 gång/tim",hektopascal,1947-09-09T00:00:00Z,1947-09-09T01:00:00+01:00,-704160000000,,1001.7,1001.7,Y,,corrected-archive-csv
162860,Luleå-Kallax Flygplats,9,Lufttryck reducerat havsytans nivå,"vid havsytans nivå, momentanvärde, 1 gång/tim",hektopascal,1947-09-09T06:00:00Z,1947-09-09T07:00:00+01:00,-704138400000,,998.0,998.0,Y,,corrected-archive-csv
162860,Luleå-Kallax Flygplats,9,Lufttryck reducerat havsytans nivå,"vid havsytans nivå, momentanvärde, 1 gång/tim",hektopascal,1947-09-09T12:00:00Z,1947-09-09T13:00:00+01:00,-704116800000,,992.9,992.9,Y,,corrected-archive-csv
162860,Luleå-Kallax Flygplats,9,Lufttryck reducerat havsytans nivå,"vid havsytans nivå, momentanvärde, 1 gång/tim",hektopascal,1947-09-09T18:00:00Z,1947-09-09T19:00:00+01:00,-704095200000,,991.7,991.7,Y,,corrected-archive-csv
162860,Luleå-Kallax Flygplats,9,Lufttryck reducerat havsytans nivå,"vid havsytans nivå, momentanvärde, 1 gång/tim",hektopascal,1947-09-10T00:00:00Z,1947-09-10T01:00:00+01:00,-704073600000,,992.9,992.9,Y,,corrected-archive-csv
162860,Luleå-Kallax Flygplats,9,Lufttryck reducerat havsytans nivå,"vid havsytans nivå, momentanvärde, 1 gång/tim",hektopascal,1947-09-10T06:00:00Z,1947-09-10T07:00:00+01:00,-704052000000,,989.4,989.4,Y,,corrected-archive-csv
162860,Luleå-Kallax Flygplats,9,Lufttryck reducerat havsytans nivå,"vid havsytans nivå, momentanvärde, 1 gång/tim",hektopascal,1947-09-10T12:00:00Z,1947-09-10T13:00:00+01:00,-704030400000,,985.1,985.1,Y,,corrected-archive-csv
162860,Luleå-Kallax Flygplats,9,Lufttryck reducerat havsytans nivå,"vid havsytans nivå, momentanvärde, 1 gång/tim",hektopascal,1947-09-10T18:00:00Z,1947-09-10T19:00:00+01:00,-704008800000,,982.4,982.4,Y,,corrected-archive-csv
162860,Luleå-Kallax Flygplats,9,Lufttryck reducerat havsytans nivå,"vid havsytans nivå, momentanvärde, 1 gång/tim",hektopascal,1947-09-11T00:00:00Z,1947-09-11T01:00:00+01:00,-703987200000,,984.6,984.6,Y,,corrected-archive-csv
162860,Luleå-Kallax Flygplats,9,Lufttryck reducerat havsytans nivå,"vid havsytans nivå, momentanvärde, 1 gång/tim",hektopascal,1947-09-11T06:00:00Z,1947-09-11T07:00:00+01:00,-703965600000,,992.1,992.1,Y,,corrected-archive-csv
162860,Luleå-Kallax Flygplats,9,Lufttryck reducerat havsytans nivå,"vid havsytans nivå, momentanvärde, 1 gång/tim",hektopascal,1947-09-11T12:00:00Z,1947-09-11T13:00:00+01:00,-703944000000,,1000.9,1000.9,Y,,corrected-archive-csv
162860,Luleå-Kallax Flygplats,9,Lufttryck reducerat havsytans nivå,"vid havsytans nivå, momentanvärde, 1 gång/tim",hektopascal,1947-09-11T18:00:00Z,1947-09-11T19:00:00+01:00,-703922400000,,1007.1,1007.1,Y,,corrected-archive-csv
162860,Luleå-Kallax Flygplats,9,Lufttryck reducerat havsytans nivå,"vid havsytans nivå, momentanvärde, 1 gång/tim",hektopascal,1947-09-12T00:00:00Z,1947-09-12T01:00:00+01:00,-703900800000,,1012.3,1012.3,Y,,corrected-archive-csv
162860,Luleå-Kallax Flygplats,9,Lufttryck reducerat havsytans nivå,"vid havsytans nivå, momentanvärde, 1 gång/tim",hektopascal,1947-09-12T06:00:00Z,1947-09-12T07:00:00+01:00,-703879200000,,1015.0,1015.0,Y,,corrected-archive-csv
162860,Luleå-Kallax Flygplats,9,Lufttryck reducerat havsytans nivå,"vid havsytans nivå, momentanvärde, 1 gång/tim",hektopascal,1947-09-12T12:00:00Z,1947-09-12T13:00:00+01:00,-703857600000,,1015.3,1015.3,Y,,corrected-archive-csv
162860,Luleå-Kallax Flygplats,9,Lufttryck reducerat havsytans nivå,"vid havsytans nivå, momentanvärde, 1 gång/tim",hektopascal,1947-09-12T18:00:00Z,1947-09-12T19:00:00+01:00,-703836000000,,1013.0,1013.0,Y,,corrected-archive-csv
162860,Luleå-Kallax Flygplats,9,Lufttryck reducerat havsytans nivå,"vid havsytans nivå, momentanvärde, 1 gång/tim",hektopascal,1947-09-13T00:00:00Z,1947-09-13T01:00:00+01:00,-703814400000,,1011.1,1011.1,Y,,corrected-archive-csv
162860,Luleå-Kallax Flygplats,9,Lufttryck reducerat havsytans nivå,"vid havsytans nivå, momentanvärde, 1 gång/tim",hektopascal,1947-09-13T06:00:00Z,1947-09-13T07:00:00+01:00,-703792800000,,1012.1,1012.1,Y,,corrected-archive-csv
162860,Luleå-Kallax Flygplats,9,Lufttryck reducerat havsytans nivå,"vid havsytans nivå, momentanvärde, 1 gång/tim",hektopascal,1947-09-13T12:00:00Z,1947-09-13T13:00:00+01:00,-703771200000,,1012.6,1012.6,Y,,corrected-archive-csv
162860,Luleå-Kallax Flygplats,9,Lufttryck reducerat havsytans nivå,"vid havsytans nivå, momentanvärde, 1 gång/tim",hektopascal,1947-09-13T18:00:00Z,1947-09-13T19:00:00+01:00,-703749600000,,1010.0,1010.0,Y,,corrected-archive-csv
162860,Luleå-Kallax Flygplats,9,Lufttryck reducerat havsytans nivå,"vid havsytans nivå, momentanvärde, 1 gång/tim",hektopascal,1947-09-14T00:00:00Z,1947-09-14T01:00:00+01:00,-703728000000,,1004.5,1004.5,Y,,corrected-archive-csv
162860,Luleå-Kallax Flygplats,9,Lufttryck reducerat havsytans nivå,"vid havsytans nivå, momentanvärde, 1 gång/tim",hektopascal,1947-09-14T06:00:00Z,1947-09-14T07:00:00+01:00,-703706400000,,993.9,993.9,Y,,corrected-archive-csv
162860,Luleå-Kallax Flygplats,9,Lufttryck reducerat havsytans nivå,"vid havsytans nivå, momentanvärde, 1 gång/tim",hektopascal,1947-09-14T12:00:00Z,1947-09-14T13:00:00+01:00,-703684800000,,993.1,993.1,Y,,corrected-archive-csv
162860,Luleå-Kallax Flygplats,9,Lufttryck reducerat havsytans nivå,"vid havsytans nivå, momentanvärde, 1 gång/tim",hektopascal,1947-09-14T18:00:00Z,1947-09-14T19:00:00+01:00,-703663200000,,1002.2,1002.2,Y,,corrected-archive-csv
162860,Luleå-Kallax Flygplats,9,Lufttryck reducerat havsytans nivå,"vid havsytans nivå, momentanvärde, 1 gång/tim",hektopascal,1947-09-15T00:00:00Z,1947-09-15T01:00:00+01:00,-703641600000,,1005.0,1005.0,Y,,corrected-archive-csv
162860,Luleå-Kallax Flygplats,9,Lufttryck reducerat havsytans nivå,"vid havsytans nivå, momentanvärde, 1 gång/tim",hektopascal,1947-09-15T06:00:00Z,1947-09-15T07:00:00+01:00,-703620000000,,1006.3,1006.3,Y,,corrected-archive-csv
162860,Luleå-Kallax Flygplats,9,Lufttryck reducerat havsytans nivå,"vid havsytans nivå, momentanvärde, 1 gång/tim",hektopascal,1947-09-15T12:00:00Z,1947-09-15T13:00:00+01:00,-703598400000,,1003.9,1003.9,Y,,corrected-archive-csv
162860,Luleå-Kallax Flygplats,9,Lufttryck reducerat havsytans nivå,"vid havsytans nivå, momentanvärde, 1 gång/tim",hektopascal,1947-09-15T18:00:00Z,1947-09-15T19:00:00+01:00,-703576800000,,1001.9,1001.9,Y,,corrected-archive-csv
162860,Luleå-Kallax Flygplats,9,Lufttryck reducerat havsytans nivå,"vid havsytans nivå, momentanvärde, 1 gång/tim",hektopascal,1947-09-16T00:00:00Z,1947-09-16T01:00:00+01:00,-703555200000,,1002.7,1002.7,Y,,corrected-archive-csv
162860,Luleå-Kallax Flygplats,9,Lufttryck reducerat havsytans nivå,"vid havsytans nivå, momentanvärde, 1 gång/tim",hektopascal,1947-09-16T06:00:00Z,1947-09-16T07:00:00+01:00,-703533600000,,1005.8,1005.8,Y,,corrected-archive-csv
162860,Luleå-Kallax Flygplats,9,Lufttryck reducerat havsytans nivå,"vid havsytans nivå, momentanvärde, 1 gång/tim",hektopascal,1947-09-16T12:00:00Z,1947-09-16T13:00:00+01:00,-703512000000,,1008.8,1008.8,Y,,corrected-archive-csv
162860,Luleå-Kallax Flygplats,9,Lufttryck reducerat havsytans nivå,"vid havsytans nivå, momentanvärde, 1 gång/tim",hektopascal,1947-09-16T18:00:00Z,1947-09-16T19:00:00+01:00,-703490400000,,1008.6,1008.6,Y,,corrected-archive-csv
162860,Luleå-Kallax Flygplats,9,Lufttryck reducerat havsytans nivå,"vid havsytans nivå, momentanvärde, 1 gång/tim",hektopascal,1947-09-17T00:00:00Z,1947-09-17T01:00:00+01:00,-703468800000,,1007.9,1007.9,Y,,corrected-archive-csv
162860,Luleå-Kallax Flygplats,9,Lufttryck reducerat havsytans nivå,"vid havsytans nivå, momentanvärde, 1 gång/tim",hektopascal,1947-09-17T06:00:00Z,1947-09-17T07:00:00+01:00,-703447200000,,1006.5,1006.5,Y,,corrected-archive-csv
162860,Luleå-Kallax Flygplats,9,Lufttryck reducerat havsytans nivå,"vid havsytans nivå, momentanvärde, 1 gång/tim",hektopascal,1947-09-17T12:00:00Z,1947-09-17T13:00:00+01:00,-703425600000,,1000.8,1000.8,Y,,corrected-archive-csv
162860,Luleå-Kallax Flygplats,9,Lufttryck reducerat havsytans nivå,"vid havsytans nivå, momentanvärde, 1 gång/tim",hektopascal,1947-09-17T18:00:00Z,1947-09-17T19:00:00+01:00,-703404000000,,1000.9,1000.9,Y,,corrected-archive-csv
162860,Luleå-Kallax Flygplats,9,Lufttryck reducerat havsytans nivå,"vid havsytans nivå, momentanvärde, 1 gång/tim",hektopascal,1947-09-18T00:00:00Z,1947-09-18T01:00:00+01:00,-703382400000,,1000.5,1000.5,Y,,corrected-archive-csv
162860,Luleå-Kallax Flygplats,9,Lufttryck reducerat havsytans nivå,"vid havsytans nivå, momentanvärde, 1 gång/tim",hektopascal,1947-09-18T06:00:00Z,1947-09-18T07:00:00+01:00,-703360800000,,999.8,999.8,Y,,corrected-archive-csv
162860,Luleå-Kallax Flygplats,9,Lufttryck reducerat havsytans nivå,"vid havsytans nivå, momentanvärde, 1 gång/tim",hektopascal,1947-09-18T12:00:00Z,1947-09-18T13:00:00+01:00,-703339200000,,1004.9,1004.9,Y,,corrected-archive-csv
162860,Luleå-Kallax Flygplats,9,Lufttryck reducerat havsytans nivå,"vid havsytans nivå, momentanvärde, 1 gång/tim",hektopascal,1947-09-18T18:00:00Z,1947-09-18T19:00:00+01:00,-703317600000,,1014.8,1014.8,Y,,corrected-archive-csv
162860,Luleå-Kallax Flygplats,9,Lufttryck reducerat havsytans nivå,"vid havsytans nivå, momentanvärde, 1 gång/tim",hektopascal,1947-09-19T00:00:00Z,1947-09-19T01:00:00+01:00,-703296000000,,1022.5,1022.5,Y,,corrected-archive-csv
162860,Luleå-Kallax Flygplats,9,Lufttryck reducerat havsytans nivå,"vid havsytans nivå, momentanvärde, 1 gång/tim",hektopascal,1947-09-19T06:00:00Z,1947-09-19T07:00:00+01:00,-703274400000,,1025.1,1025.1,Y,,corrected-archive-csv
162860,Luleå-Kallax Flygplats,9,Lufttryck reducerat havsytans nivå,"vid havsytans nivå, momentanvärde, 1 gång/tim",hektopascal,1947-09-19T12:00:00Z,1947-09-19T13:00:00+01:00,-703252800000,,1027.2,1027.2,Y,,corrected-archive-csv
162860,Luleå-Kallax Flygplats,9,Lufttryck reducerat havsytans nivå,"vid havsytans nivå, momentanvärde, 1 gång/tim",hektopascal,1947-09-19T18:00:00Z,1947-09-19T19:00:00+01:00,-703231200000,,1027.6,1027.6,Y,,corrected-archive-csv
162860,Luleå-Kallax Flygplats,9,Lufttryck reducerat havsytans nivå,"vid havsytans nivå, momentanvärde, 1 gång/tim",hektopascal,1947-09-20T00:00:00Z,1947-09-20T01:00:00+01:00,-703209600000,,1029.0,1029.0,Y,,corrected-archive-csv
162860,Luleå-Kallax Flygplats,9,Lufttryck reducerat havsytans nivå,"vid havsytans nivå, momentanvärde, 1 gång/tim",hektopascal,1947-09-20T06:00:00Z,1947-09-20T07:00:00+01:00,-703188000000,,1029.0,1029.0,Y,,corrected-archive-csv
162860,Luleå-Kallax Flygplats,9,Lufttryck reducerat havsytans nivå,"vid havsytans nivå, momentanvärde, 1 gång/tim",hektopascal,1947-09-20T12:00:00Z,1947-09-20T13:00:00+01:00,-703166400000,,1028.4,1028.4,Y,,corrected-archive-csv
162860,Luleå-Kallax Flygplats,9,Lufttryck reducerat havsytans nivå,"vid havsytans nivå, momentanvärde, 1 gång/tim",hektopascal,1947-09-20T18:00:00Z,1947-09-20T19:00:00+01:00,-703144800000,,1026.0,1026.0,Y,,corrected-archive-csv
162860,Luleå-Kallax Flygplats,9,Lufttryck reducerat havsytans nivå,"vid havsytans nivå, momentanvärde, 1 gång/tim",hektopascal,1947-09-21T00:00:00Z,1947-09-21T01:00:00+01:00,-703123200000,,1024.9,1024.9,Y,,corrected-archive-csv
162860,Luleå-Kallax Flygplats,9,Lufttryck reducerat havsytans nivå,"vid havsytans nivå, momentanvärde, 1 gång/tim",hektopascal,1947-09-21T06:00:00Z,1947-09-21T07:00:00+01:00,-703101600000,,1019.4,1019.4,Y,,corrected-archive-csv
162860,Luleå-Kallax Flygplats,9,Lufttryck reducerat havsytans nivå,"vid havsytans nivå, momentanvärde, 1 gång/tim",hektopascal,1947-09-21T12:00:00Z,1947-09-21T13:00:00+01:00,-703080000000,,1019.2,1019.2,Y,,corrected-archive-csv
162860,Luleå-Kallax Flygplats,9,Lufttryck reducerat havsytans nivå,"vid havsytans nivå, momentanvärde, 1 gång/tim",hektopascal,1947-09-21T18:00:00Z,1947-09-21T19:00:00+01:00,-703058400000,,1019.0,1019.0,Y,,corrected-archive-csv
162860,Luleå-Kallax Flygplats,9,Lufttryck reducerat havsytans nivå,"vid havsytans nivå, momentanvärde, 1 gång/tim",hektopascal,1947-09-22T00:00:00Z,1947-09-22T01:00:00+01:00,-703036800000,,1018.4,1018.4,Y,,corrected-archive-csv
162860,Luleå-Kallax Flygplats,9,Lufttryck reducerat havsytans nivå,"vid havsytans nivå, momentanvärde, 1 gång/tim",hektopascal,1947-09-22T06:00:00Z,1947-09-22T07:00:00+01:00,-703015200000,,1014.6,1014.6,Y,,corrected-archive-csv
162860,Luleå-Kallax Flygplats,9,Lufttryck reducerat havsytans nivå,"vid havsytans nivå, momentanvärde, 1 gång/tim",hektopascal,1947-09-22T12:00:00Z,1947-09-22T13:00:00+01:00,-702993600000,,1011.3,1011.3,Y,,corrected-archive-csv
162860,Luleå-Kallax Flygplats,9,Lufttryck reducerat havsytans nivå,"vid havsytans nivå, momentanvärde, 1 gång/tim",hektopascal,1947-09-22T18:00:00Z,1947-09-22T19:00:00+01:00,-702972000000,,1008.4,1008.4,Y,,corrected-archive-csv
162860,Luleå-Kallax Flygplats,9,Lufttryck reducerat havsytans nivå,"vid havsytans nivå, momentanvärde, 1 gång/tim",hektopascal,1947-09-23T00:00:00Z,1947-09-23T01:00:00+01:00,-702950400000,,1005.2,1005.2,Y,,corrected-archive-csv
162860,Luleå-Kallax Flygplats,9,Lufttryck reducerat havsytans nivå,"vid havsytans nivå, momentanvärde, 1 gång/tim",hektopascal,1947-09-23T06:00:00Z,1947-09-23T07:00:00+01:00,-702928800000,,1002.3,1002.3,Y,,corrected-archive-csv
162860,Luleå-Kallax Flygplats,9,Lufttryck reducerat havsytans nivå,"vid havsytans nivå, momentanvärde, 1 gång/tim",hektopascal,1947-09-23T12:00:00Z,1947-09-23T13:00:00+01:00,-702907200000,,1002.5,1002.5,Y,,corrected-archive-csv
162860,Luleå-Kallax Flygplats,9,Lufttryck reducerat havsytans nivå,"vid havsytans nivå, momentanvärde, 1 gång/tim",hektopascal,1947-09-23T18:00:00Z,1947-09-23T19:00:00+01:00,-702885600000,,1002.7,1002.7,Y,,corrected-archive-csv
162860,Luleå-Kallax Flygplats,9,Lufttryck reducerat havsytans nivå,"vid havsytans nivå, momentanvärde, 1 gång/tim",hektopascal,1947-09-24T00:00:00Z,1947-09-24T01:00:00+01:00,-702864000000,,1002.5,1002.5,Y,,corrected-archive-csv
162860,Luleå-Kallax Flygplats,9,Lufttryck reducerat havsytans nivå,"vid havsytans nivå, momentanvärde, 1 gång/tim",hektopascal,1947-09-24T06:00:00Z,1947-09-24T07:00:00+01:00,-702842400000,,1002.3,1002.3,Y,,corrected-archive-csv
162860,Luleå-Kallax Flygplats,9,Lufttryck reducerat havsytans nivå,"vid havsytans nivå, momentanvärde, 1 gång/tim",hektopascal,1947-09-24T12:00:00Z,1947-09-24T13:00:00+01:00,-702820800000,,999.0,999.0,Y,,corrected-archive-csv
162860,Luleå-Kallax Flygplats,9,Lufttryck reducerat havsytans nivå,"vid havsytans nivå, momentanvärde, 1 gång/tim",hektopascal,1947-09-24T18:00:00Z,1947-09-24T19:00:00+01:00,-702799200000,,996.0,996.0,Y,,corrected-archive-csv
162860,Luleå-Kallax Flygplats,9,Lufttryck reducerat havsytans nivå,"vid havsytans nivå, momentanvärde, 1 gång/tim",hektopascal,1947-09-25T00:00:00Z,1947-09-25T01:00:00+01:00,-702777600000,,995.2,995.2,Y,,corrected-archive-csv
162860,Luleå-Kallax Flygplats,9,Lufttryck reducerat havsytans nivå,"vid havsytans nivå, momentanvärde, 1 gång/tim",hektopascal,1947-09-25T06:00:00Z,1947-09-25T07:00:00+01:00,-702756000000,,998.5,998.5,Y,,corrected-archive-csv
162860,Luleå-Kallax Flygplats,9,Lufttryck reducerat havsytans nivå,"vid havsytans nivå, momentanvärde, 1 gång/tim",hektopascal,1947-09-25T12:00:00Z,1947-09-25T13:00:00+01:00,-702734400000,,1005.1,1005.1,Y,,corrected-archive-csv
162860,Luleå-Kallax Flygplats,9,Lufttryck reducerat havsytans nivå,"vid havsytans nivå, momentanvärde, 1 gång/tim",hektopascal,1947-09-25T18:00:00Z,1947-09-25T19:00:00+01:00,-702712800000,,1009.8,1009.8,Y,,corrected-archive-csv
162860,Luleå-Kallax Flygplats,9,Lufttryck reducerat havsytans nivå,"vid havsytans nivå, momentanvärde, 1 gång/tim",hektopascal,1947-09-26T00:00:00Z,1947-09-26T01:00:00+01:00,-702691200000,,1013.8,1013.8,Y,,corrected-archive-csv
162860,Luleå-Kallax Flygplats,9,Lufttryck reducerat havsytans nivå,"vid havsytans nivå, momentanvärde, 1 gång/tim",hektopascal,1947-09-26T06:00:00Z,1947-09-26T07:00:00+01:00,-702669600000,,1013.5,1013.5,Y,,corrected-archive-csv
162860,Luleå-Kallax Flygplats,9,Lufttryck reducerat havsytans nivå,"vid havsytans nivå, momentanvärde, 1 gång/tim",hektopascal,1947-09-26T12:00:00Z,1947-09-26T13:00:00+01:00,-702648000000,,1010.5,1010.5,Y,,corrected-archive-csv
162860,Luleå-Kallax Flygplats,9,Lufttryck reducerat havsytans nivå,"vid havsytans nivå, momentanvärde, 1 gång/tim",hektopascal,1947-09-26T18:00:00Z,1947-09-26T19:00:00+01:00,-702626400000,,1008.7,1008.7,Y,,corrected-archive-csv
162860,Luleå-Kallax Flygplats,9,Lufttryck reducerat havsytans nivå,"vid havsytans nivå, momentanvärde, 1 gång/tim",hektopascal,1947-09-27T00:00:00Z,1947-09-27T01:00:00+01:00,-702604800000,,1012.0,1012.0,Y,,corrected-archive-csv
162860,Luleå-Kallax Flygplats,9,Lufttryck reducerat havsytans nivå,"vid havsytans nivå, momentanvärde, 1 gång/tim",hektopascal,1947-09-27T06:00:00Z,1947-09-27T07:00:00+01:00,-702583200000,,1010.9,1010.9,Y,,corrected-archive-csv
162860,Luleå-Kallax Flygplats,9,Lufttryck reducerat havsytans nivå,"vid havsytans nivå, momentanvärde, 1 gång/tim",hektopascal,1947-09-27T12:00:00Z,1947-09-27T13:00:00+01:00,-702561600000,,1004.9,1004.9,Y,,corrected-archive-csv
162860,Luleå-Kallax Flygplats,9,Lufttryck reducerat havsytans nivå,"vid havsytans nivå, momentanvärde, 1 gång/tim",hektopascal,1947-09-27T18:00:00Z,1947-09-27T19:00:00+01:00,-702540000000,,996.0,996.0,Y,,corrected-archive-csv
162860,Luleå-Kallax Flygplats,9,Lufttryck reducerat havsytans nivå,"vid havsytans nivå, momentanvärde, 1 gång/tim",hektopascal,1947-09-28T00:00:00Z,1947-09-28T01:00:00+01:00,-702518400000,,990.0,990.0,Y,,corrected-archive-csv
162860,Luleå-Kallax Flygplats,9,Lufttryck reducerat havsytans nivå,"vid havsytans nivå, momentanvärde, 1 gång/tim",hektopascal,1947-09-28T06:00:00Z,1947-09-28T07:00:00+01:00,-702496800000,,984.2,984.2,Y,,corrected-archive-csv
162860,Luleå-Kallax Flygplats,9,Lufttryck reducerat havsytans nivå,"vid havsytans nivå, momentanvärde, 1 gång/tim",hektopascal,1947-09-28T12:00:00Z,1947-09-28T13:00:00+01:00,-702475200000,,984.4,984.4,Y,,corrected-archive-csv
162860,Luleå-Kallax Flygplats,9,Lufttryck reducerat havsytans nivå,"vid havsytans nivå, momentanvärde, 1 gång/tim",hektopascal,1947-09-28T18:00:00Z,1947-09-28T19:00:00+01:00,-702453600000,,987.4,987.4,Y,,corrected-archive-csv
162860,Luleå-Kallax Flygplats,9,Lufttryck reducerat havsytans nivå,"vid havsytans nivå, momentanvärde, 1 gång/tim",hektopascal,1947-09-29T00:00:00Z,1947-09-29T01:00:00+01:00,-702432000000,,988.5,988.5,Y,,corrected-archive-csv
162860,Luleå-Kallax Flygplats,9,Lufttryck reducerat havsytans nivå,"vid havsytans nivå, momentanvärde, 1 gång/tim",hektopascal,1947-09-29T06:00:00Z,1947-09-29T07:00:00+01:00,-702410400000,,988.3,988.3,Y,,corrected-archive-csv
162860,Luleå-Kallax Flygplats,9,Lufttryck reducerat havsytans nivå,"vid havsytans nivå, momentanvärde, 1 gång/tim",hektopascal,1947-09-29T12:00:00Z,1947-09-29T13:00:00+01:00,-702388800000,,988.4,988.4,Y,,corrected-archive-csv
162860,Luleå-Kallax Flygplats,9,Lufttryck reducerat havsytans nivå,"vid havsytans nivå, momentanvärde, 1 gång/tim",hektopascal,1947-09-29T18:00:00Z,1947-09-29T19:00:00+01:00,-702367200000,,990.0,990.0,Y,,corrected-archive-csv
162860,Luleå-Kallax Flygplats,9,Lufttryck reducerat havsytans nivå,"vid havsytans nivå, momentanvärde, 1 gång/tim",hektopascal,1947-09-30T00:00:00Z,1947-09-30T01:00:00+01:00,-702345600000,,991.2,991.2,Y,,corrected-archive-csv
162860,Luleå-Kallax Flygplats,9,Lufttryck reducerat havsytans nivå,"vid havsytans nivå, momentanvärde, 1 gång/tim",hektopascal,1947-09-30T06:00:00Z,1947-09-30T07:00:00+01:00,-702324000000,,992.7,992.7,Y,,corrected-archive-csv
162860,Luleå-Kallax Flygplats,9,Lufttryck reducerat havsytans nivå,"vid havsytans nivå, momentanvärde, 1 gång/tim",hektopascal,1947-09-30T12:00:00Z,1947-09-30T13:00:00+01:00,-702302400000,,994.7,994.7,Y,,corrected-archive-csv
162860,Luleå-Kallax Flygplats,9,Lufttryck reducerat havsytans nivå,"vid havsytans nivå, momentanvärde, 1 gång/tim",hektopascal,1947-09-30T18:00:00Z,1947-09-30T19:00:00+01:00,-702280800000,,997.8,997.8,Y,,corrected-archive-csv
162860,Luleå-Kallax Flygplats,9,Lufttryck reducerat havsytans nivå,"vid havsytans nivå, momentanvärde, 1 gång/tim",hektopascal,1947-10-01T00:00:00Z,1947-10-01T01:00:00+01:00,-702259200000,,1000.0,1000.0,Y,,corrected-archive-csv
162860,Luleå-Kallax Flygplats,9,Lufttryck reducerat havsytans nivå,"vid havsytans nivå, momentanvärde, 1 gång/tim",hektopascal,1947-10-01T06:00:00Z,1947-10-01T07:00:00+01:00,-702237600000,,1001.0,1001.0,Y,,corrected-archive-csv
162860,Luleå-Kallax Flygplats,9,Lufttryck reducerat havsytans nivå,"vid havsytans nivå, momentanvärde, 1 gång/tim",hektopascal,1947-10-01T12:00:00Z,1947-10-01T13:00:00+01:00,-702216000000,,1002.2,1002.2,Y,,corrected-archive-csv
162860,Luleå-Kallax Flygplats,9,Lufttryck reducerat havsytans nivå,"vid havsytans nivå, momentanvärde, 1 gång/tim",hektopascal,1947-10-01T18:00:00Z,1947-10-01T19:00:00+01:00,-702194400000,,1003.6,1003.6,Y,,corrected-archive-csv
162860,Luleå-Kallax Flygplats,9,Lufttryck reducerat havsytans nivå,"vid havsytans nivå, momentanvärde, 1 gång/tim",hektopascal,1947-10-02T00:00:00Z,1947-10-02T01:00:00+01:00,-702172800000,,1005.6,1005.6,Y,,corrected-archive-csv
162860,Luleå-Kallax Flygplats,9,Lufttryck reducerat havsytans nivå,"vid havsytans nivå, momentanvärde, 1 gång/tim",hektopascal,1947-10-02T06:00:00Z,1947-10-02T07:00:00+01:00,-702151200000,,1009.4,1009.4,Y,,corrected-archive-csv
162860,Luleå-Kallax Flygplats,9,Lufttryck reducerat havsytans nivå,"vid havsytans nivå, momentanvärde, 1 gång/tim",hektopascal,1947-10-02T12:00:00Z,1947-10-02T13:00:00+01:00,-702129600000,,1013.1,1013.1,Y,,corrected-archive-csv
162860,Luleå-Kallax Flygplats,9,Lufttryck reducerat havsytans nivå,"vid havsytans nivå, momentanvärde, 1 gång/tim",hektopascal,1947-10-02T18:00:00Z,1947-10-02T19:00:00+01:00,-702108000000,,1015.9,1015.9,Y,,corrected-archive-csv
162860,Luleå-Kallax Flygplats,9,Lufttryck reducerat havsytans nivå,"vid havsytans nivå, momentanvärde, 1 gång/tim",hektopascal,1947-10-03T00:00:00Z,1947-10-03T01:00:00+01:00,-702086400000,,1015.1,1015.1,Y,,corrected-archive-csv
162860,Luleå-Kallax Flygplats,9,Lufttryck reducerat havsytans nivå,"vid havsytans nivå, momentanvärde, 1 gång/tim",hektopascal,1947-10-03T06:00:00Z,1947-10-03T07:00:00+01:00,-702064800000,,1009.5,1009.5,Y,,corrected-archive-csv
162860,Luleå-Kallax Flygplats,9,Lufttryck reducerat havsytans nivå,"vid havsytans nivå, momentanvärde, 1 gång/tim",hektopascal,1947-10-03T12:00:00Z,1947-10-03T13:00:00+01:00,-702043200000,,996.0,996.0,Y,,corrected-archive-csv
162860,Luleå-Kallax Flygplats,9,Lufttryck reducerat havsytans nivå,"vid havsytans nivå, momentanvärde, 1 gång/tim",hektopascal,1947-10-03T18:00:00Z,1947-10-03T19:00:00+01:00,-702021600000,,988.5,988.5,Y,,corrected-archive-csv
162860,Luleå-Kallax Flygplats,9,Lufttryck reducerat havsytans nivå,"vid havsytans nivå, momentanvärde, 1 gång/tim",hektopascal,1947-10-04T00:00:00Z,1947-10-04T01:00:00+01:00,-702000000000,,984.2,984.2,Y,,corrected-archive-csv
162860,Luleå-Kallax Flygplats,9,Lufttryck reducerat havsytans nivå,"vid havsytans nivå, momentanvärde, 1 gång/tim",hektopascal,1947-10-04T06:00:00Z,1947-10-04T07:00:00+01:00,-701978400000,,986.3,986.3,Y,,corrected-archive-csv
162860,Luleå-Kallax Flygplats,9,Lufttryck reducerat havsytans nivå,"vid havsytans nivå, momentanvärde, 1 gång/tim",hektopascal,1947-10-04T12:00:00Z,1947-10-04T13:00:00+01:00,-701956800000,,992.2,992.2,Y,,corrected-archive-csv
162860,Luleå-Kallax Flygplats,9,Lufttryck reducerat havsytans nivå,"vid havsytans nivå, momentanvärde, 1 gång/tim",hektopascal,1947-10-04T18:00:00Z,1947-10-04T19:00:00+01:00,-701935200000,,999.0,999.0,Y,,corrected-archive-csv
162860,Luleå-Kallax Flygplats,9,Lufttryck reducerat havsytans nivå,"vid havsytans nivå, momentanvärde, 1 gång/tim",hektopascal,1947-10-05T00:00:00Z,1947-10-05T01:00:00+01:00,-701913600000,,1001.8,1001.8,Y,,corrected-archive-csv
162860,Luleå-Kallax Flygplats,9,Lufttryck reducerat havsytans nivå,"vid havsytans nivå, momentanvärde, 1 gång/tim",hektopascal,1947-10-05T06:00:00Z,1947-10-05T07:00:00+01:00,-701892000000,,1005.8,1005.8,Y,,corrected-archive-csv
162860,Luleå-Kallax Flygplats,9,Lufttryck reducerat havsytans nivå,"vid havsytans nivå, momentanvärde, 1 gång/tim",hektopascal,1947-10-05T12:00:00Z,1947-10-05T13:00:00+01:00,-701870400000,,1006.9,1006.9,Y,,corrected-archive-csv
162860,Luleå-Kallax Flygplats,9,Lufttryck reducerat havsytans nivå,"vid havsytans nivå, momentanvärde, 1 gång/tim",hektopascal,1947-10-05T18:00:00Z,1947-10-05T19:00:00+01:00,-701848800000,,1005.3,1005.3,Y,,corrected-archive-csv
162860,Luleå-Kallax Flygplats,9,Lufttryck reducerat havsytans nivå,"vid havsytans nivå, momentanvärde, 1 gång/tim",hektopascal,1947-10-06T00:00:00Z,1947-10-06T01:00:00+01:00,-701827200000,,1001.6,1001.6,Y,,corrected-archive-csv
162860,Luleå-Kallax Flygplats,9,Lufttryck reducerat havsytans nivå,"vid havsytans nivå, momentanvärde, 1 gång/tim",hektopascal,1947-10-06T06:00:00Z,1947-10-06T07:00:00+01:00,-701805600000,,995.5,995.5,Y,,corrected-archive-csv
162860,Luleå-Kallax Flygplats,9,Lufttryck reducerat havsytans nivå,"vid havsytans nivå, momentanvärde, 1 gång/tim",hektopascal,1947-10-06T12:00:00Z,1947-10-06T13:00:00+01:00,-701784000000,,991.7,991.7,Y,,corrected-archive-csv
162860,Luleå-Kallax Flygplats,9,Lufttryck reducerat havsytans nivå,"vid havsytans nivå, momentanvärde, 1 gång/tim",hektopascal,1947-10-06T18:00:00Z,1947-10-06T19:00:00+01:00,-701762400000,,989.1,989.1,Y,,corrected-archive-csv
162860,Luleå-Kallax Flygplats,9,Lufttryck reducerat havsytans nivå,"vid havsytans nivå, momentanvärde, 1 gång/tim",hektopascal,1947-10-07T00:00:00Z,1947-10-07T01:00:00+01:00,-701740800000,,984.4,984.4,Y,,corrected-archive-csv
162860,Luleå-Kallax Flygplats,9,Lufttryck reducerat havsytans nivå,"vid havsytans nivå, momentanvärde, 1 gång/tim",hektopascal,1947-10-07T06:00:00Z,1947-10-07T07:00:00+01:00,-701719200000,,982.8,982.8,Y,,corrected-archive-csv
162860,Luleå-Kallax Flygplats,9,Lufttryck reducerat havsytans nivå,"vid havsytans nivå, momentanvärde, 1 gång/tim",hektopascal,1947-10-07T12:00:00Z,1947-10-07T13:00:00+01:00,-701697600000,,988.5,988.5,Y,,corrected-archive-csv
162860,Luleå-Kallax Flygplats,9,Lufttryck reducerat havsytans nivå,"vid havsytans nivå, momentanvärde, 1 gång/tim",hektopascal,1947-10-07T18:00:00Z,1947-10-07T19:00:00+01:00,-701676000000,,996.6,996.6,Y,,corrected-archive-csv
162860,Luleå-Kallax Flygplats,9,Lufttryck reducerat havsytans nivå,"vid havsytans nivå, momentanvärde, 1 gång/tim",hektopascal,1947-10-08T00:00:00Z,1947-10-08T01:00:00+01:00,-701654400000,,1003.2,1003.2,Y,,corrected-archive-csv
162860,Luleå-Kallax Flygplats,9,Lufttryck reducerat havsytans nivå,"vid havsytans nivå, momentanvärde, 1 gång/tim",hektopascal,1947-10-08T06:00:00Z,1947-10-08T07:00:00+01:00,-701632800000,,1009.1,1009.1,Y,,corrected-archive-csv
162860,Luleå-Kallax Flygplats,9,Lufttryck reducerat havsytans nivå,"vid havsytans nivå, momentanvärde, 1 gång/tim",hektopascal,1947-10-08T12:00:00Z,1947-10-08T13:00:00+01:00,-701611200000,,1015.6,1015.6,Y,,corrected-archive-csv
162860,Luleå-Kallax Flygplats,9,Lufttryck reducerat havsytans nivå,"vid havsytans nivå, momentanvärde, 1 gång/tim",hektopascal,1947-10-08T18:00:00Z,1947-10-08T19:00:00+01:00,-701589600000,,1019.9,1019.9,Y,,corrected-archive-csv
162860,Luleå-Kallax Flygplats,9,Lufttryck reducerat havsytans nivå,"vid havsytans nivå, momentanvärde, 1 gång/tim",hektopascal,1947-10-09T00:00:00Z,1947-10-09T01:00:00+01:00,-701568000000,,1023.2,1023.2,Y,,corrected-archive-csv
162860,Luleå-Kallax Flygplats,9,Lufttryck reducerat havsytans nivå,"vid havsytans nivå, momentanvärde, 1 gång/tim",hektopascal,1947-10-09T06:00:00Z,1947-10-09T07:00:00+01:00,-701546400000,,1024.2,1024.2,Y,,corrected-archive-csv
162860,Luleå-Kallax Flygplats,9,Lufttryck reducerat havsytans nivå,"vid havsytans nivå, momentanvärde, 1 gång/tim",hektopascal,1947-10-09T12:00:00Z,1947-10-09T13:00:00+01:00,-701524800000,,1024.3,1024.3,Y,,corrected-archive-csv
162860,Luleå-Kallax Flygplats,9,Lufttryck reducerat havsytans nivå,"vid havsytans nivå, momentanvärde, 1 gång/tim",hektopascal,1947-10-09T18:00:00Z,1947-10-09T19:00:00+01:00,-701503200000,,1021.8,1021.8,Y,,corrected-archive-csv
162860,Luleå-Kallax Flygplats,9,Lufttryck reducerat havsytans nivå,"vid havsytans nivå, momentanvärde, 1 gång/tim",hektopascal,1947-10-10T00:00:00Z,1947-10-10T01:00:00+01:00,-701481600000,,1020.5,1020.5,Y,,corrected-archive-csv
162860,Luleå-Kallax Flygplats,9,Lufttryck reducerat havsytans nivå,"vid havsytans nivå, momentanvärde, 1 gång/tim",hektopascal,1947-10-10T06:00:00Z,1947-10-10T07:00:00+01:00,-701460000000,,1019.7,1019.7,Y,,corrected-archive-csv
162860,Luleå-Kallax Flygplats,9,Lufttryck reducerat havsytans nivå,"vid havsytans nivå, momentanvärde, 1 gång/tim",hektopascal,1947-10-10T12:00:00Z,1947-10-10T13:00:00+01:00,-701438400000,,1019.8,1019.8,Y,,corrected-archive-csv
162860,Luleå-Kallax Flygplats,9,Lufttryck reducerat havsytans nivå,"vid havsytans nivå, momentanvärde, 1 gång/tim",hektopascal,1947-10-10T18:00:00Z,1947-10-10T19:00:00+01:00,-701416800000,,1019.8,1019.8,Y,,corrected-archive-csv
162860,Luleå-Kallax Flygplats,9,Lufttryck reducerat havsytans nivå,"vid havsytans nivå, momentanvärde, 1 gång/tim",hektopascal,1947-10-11T00:00:00Z,1947-10-11T01:00:00+01:00,-701395200000,,1017.9,1017.9,Y,,corrected-archive-csv
162860,Luleå-Kallax Flygplats,9,Lufttryck reducerat havsytans nivå,"vid havsytans nivå, momentanvärde, 1 gång/tim",hektopascal,1947-10-11T06:00:00Z,1947-10-11T07:00:00+01:00,-701373600000,,1016.5,1016.5,Y,,corrected-archive-csv
162860,Luleå-Kallax Flygplats,9,Lufttryck reducerat havsytans nivå,"vid havsytans nivå, momentanvärde, 1 gång/tim",hektopascal,1947-10-11T12:00:00Z,1947-10-11T13:00:00+01:00,-701352000000,,1017.0,1017.0,Y,,corrected-archive-csv
162860,Luleå-Kallax Flygplats,9,Lufttryck reducerat havsytans nivå,"vid havsytans nivå, momentanvärde, 1 gång/tim",hektopascal,1947-10-12T00:00:00Z,1947-10-12T01:00:00+01:00,-701308800000,,1014.8,1014.8,Y,,corrected-archive-csv
162860,Luleå-Kallax Flygplats,9,Lufttryck reducerat havsytans nivå,"vid havsytans nivå, momentanvärde, 1 gång/tim",hektopascal,1947-10-12T06:00:00Z,1947-10-12T07:00:00+01:00,-701287200000,,1016.0,1016.0,Y,,corrected-archive-csv
162860,Luleå-Kallax Flygplats,9,Lufttryck reducerat havsytans nivå,"vid havsytans nivå, momentanvärde, 1 gång/tim",hektopascal,1947-10-12T12:00:00Z,1947-10-12T13:00:00+01:00,-701265600000,,1015.0,1015.0,Y,,corrected-archive-csv
162860,Luleå-Kallax Flygplats,9,Lufttryck reducerat havsytans nivå,"vid havsytans nivå, momentanvärde, 1 gång/tim",hektopascal,1947-10-12T18:00:00Z,1947-10-12T19:00:00+01:00,-701244000000,,1009.8,1009.8,Y,,corrected-archive-csv
162860,Luleå-Kallax Flygplats,9,Lufttryck reducerat havsytans nivå,"vid havsytans nivå, momentanvärde, 1 gång/tim",hektopascal,1947-10-13T00:00:00Z,1947-10-13T01:00:00+01:00,-701222400000,,1009.3,1009.3,Y,,corrected-archive-csv
162860,Luleå-Kallax Flygplats,9,Lufttryck reducerat havsytans nivå,"vid havsytans nivå, momentanvärde, 1 gång/tim",hektopascal,1947-10-13T06:00:00Z,1947-10-13T07:00:00+01:00,-701200800000,,1011.9,1011.9,Y,,corrected-archive-csv
162860,Luleå-Kallax Flygplats,9,Lufttryck reducerat havsytans nivå,"vid havsytans nivå, momentanvärde, 1 gång/tim",hektopascal,1947-10-13T12:00:00Z,1947-10-13T13:00:00+01:00,-701179200000,,1013.4,1013.4,Y,,corrected-archive-csv
162860,Luleå-Kallax Flygplats,9,Lufttryck reducerat havsytans nivå,"vid havsytans nivå, momentanvärde, 1 gång/tim",hektopascal,1947-10-13T18:00:00Z,1947-10-13T19:00:00+01:00,-701157600000,,1011.5,1011.5,Y,,corrected-archive-csv
162860,Luleå-Kallax Flygplats,9,Lufttryck reducerat havsytans nivå,"vid havsytans nivå, momentanvärde, 1 gång/tim",hektopascal,1947-10-14T00:00:00Z,1947-10-14T01:00:00+01:00,-701136000000,,1009.4,1009.4,Y,,corrected-archive-csv
162860,Luleå-Kallax Flygplats,9,Lufttryck reducerat havsytans nivå,"vid havsytans nivå, momentanvärde, 1 gång/tim",hektopascal,1947-10-14T06:00:00Z,1947-10-14T07:00:00+01:00,-701114400000,,1011.4,1011.4,Y,,corrected-archive-csv
162860,Luleå-Kallax Flygplats,9,Lufttryck reducerat havsytans nivå,"vid havsytans nivå, momentanvärde, 1 gång/tim",hektopascal,1947-10-14T12:00:00Z,1947-10-14T13:00:00+01:00,-701092800000,,1013.2,1013.2,Y,,corrected-archive-csv
162860,Luleå-Kallax Flygplats,9,Lufttryck reducerat havsytans nivå,"vid havsytans nivå, momentanvärde, 1 gång/tim",hektopascal,1947-10-14T18:00:00Z,1947-10-14T19:00:00+01:00,-701071200000,,1013.3,1013.3,Y,,corrected-archive-csv
162860,Luleå-Kallax Flygplats,9,Lufttryck reducerat havsytans nivå,"vid havsytans nivå, momentanvärde, 1 gång/tim",hektopascal,1947-10-15T00:00:00Z,1947-10-15T01:00:00+01:00,-701049600000,,1009.8,1009.8,Y,,corrected-archive-csv
162860,Luleå-Kallax Flygplats,9,Lufttryck reducerat havsytans nivå,"vid havsytans nivå, momentanvärde, 1 gång/tim",hektopascal,1947-10-15T06:00:00Z,1947-10-15T07:00:00+01:00,-701028000000,,1002.3,1002.3,Y,,corrected-archive-csv
162860,Luleå-Kallax Flygplats,9,Lufttryck reducerat havsytans nivå,"vid havsytans nivå, momentanvärde, 1 gång/tim",hektopascal,1947-10-15T12:00:00Z,1947-10-15T13:00:00+01:00,-701006400000,,997.3,997.3,Y,,corrected-archive-csv
162860,Luleå-Kallax Flygplats,9,Lufttryck reducerat havsytans nivå,"vid havsytans nivå, momentanvärde, 1 gång/tim",hektopascal,1947-10-15T18:00:00Z,1947-10-15T19:00:00+01:00,-700984800000,,995.0,995.0,Y,,corrected-archive-csv
162860,Luleå-Kallax Flygplats,9,Lufttryck reducerat havsytans nivå,"vid havsytans nivå, momentanvärde, 1 gång/tim",hektopascal,1947-10-16T00:00:00Z,1947-10-16T01:00:00+01:00,-700963200000,,993.0,993.0,Y,,corrected-archive-csv
162860,Luleå-Kallax Flygplats,9,Lufttryck reducerat havsytans nivå,"vid havsytans nivå, momentanvärde, 1 gång/tim",hektopascal,1947-10-16T06:00:00Z,1947-10-16T07:00:00+01:00,-700941600000,,989.1,989.1,Y,,corrected-archive-csv
162860,Luleå-Kallax Flygplats,9,Lufttryck reducerat havsytans nivå,"vid havsytans nivå, momentanvärde, 1 gång/tim",hektopascal,1947-10-16T12:00:00Z,1947-10-16T13:00:00+01:00,-700920000000,,981.6,981.6,Y,,corrected-archive-csv
162860,Luleå-Kallax Flygplats,9,Lufttryck reducerat havsytans nivå,"vid havsytans nivå, momentanvärde, 1 gång/tim",hektopascal,1947-10-16T18:00:00Z,1947-10-16T19:00:00+01:00,-700898400000,,976.8,976.8,Y,,corrected-archive-csv
162860,Luleå-Kallax Flygplats,9,Lufttryck reducerat havsytans nivå,"vid havsytans nivå, momentanvärde, 1 gång/tim",hektopascal,1947-10-17T00:00:00Z,1947-10-17T01:00:00+01:00,-700876800000,,976.0,976.0,Y,,corrected-archive-csv
162860,Luleå-Kallax Flygplats,9,Lufttryck reducerat havsytans nivå,"vid havsytans nivå, momentanvärde, 1 gång/tim",hektopascal,1947-10-17T06:00:00Z,1947-10-17T07:00:00+01:00,-700855200000,,983.0,983.0,Y,,corrected-archive-csv
162860,Luleå-Kallax Flygplats,9,Lufttryck reducerat havsytans nivå,"vid havsytans nivå, momentanvärde, 1 gång/tim",hektopascal,1947-10-17T12:00:00Z,1947-10-17T13:00:00+01:00,-700833600000,,990.4,990.4,Y,,corrected-archive-csv
162860,Luleå-Kallax Flygplats,9,Lufttryck reducerat havsytans nivå,"vid havsytans nivå, momentanvärde, 1 gång/tim",hektopascal,1947-10-17T18:00:00Z,1947-10-17T19:00:00+01:00,-700812000000,,997.0,997.0,Y,,corrected-archive-csv
162860,Luleå-Kallax Flygplats,9,Lufttryck reducerat havsytans nivå,"vid havsytans nivå, momentanvärde, 1 gång/tim",hektopascal,1947-10-18T00:00:00Z,1947-10-18T01:00:00+01:00,-700790400000,,1002.6,1002.6,Y,,corrected-archive-csv
162860,Luleå-Kallax Flygplats,9,Lufttryck reducerat havsytans nivå,"vid havsytans nivå, momentanvärde, 1 gång/tim",hektopascal,1947-10-18T06:00:00Z,1947-10-18T07:00:00+01:00,-700768800000,,1007.2,1007.2,Y,,corrected-archive-csv
162860,Luleå-Kallax Flygplats,9,Lufttryck reducerat havsytans nivå,"vid havsytans nivå, momentanvärde, 1 gång/tim",hektopascal,1947-10-18T12:00:00Z,1947-10-18T13:00:00+01:00,-700747200000,,1011.3,1011.3,Y,,corrected-archive-csv
162860,Luleå-Kallax Flygplats,9,Lufttryck reducerat havsytans nivå,"vid havsytans nivå, momentanvärde, 1 gång/tim",hektopascal,1947-10-18T18:00:00Z,1947-10-18T19:00:00+01:00,-700725600000,,1015.4,1015.4,Y,,corrected-archive-csv
162860,Luleå-Kallax Flygplats,9,Lufttryck reducerat havsytans nivå,"vid havsytans nivå, momentanvärde, 1 gång/tim",hektopascal,1947-10-19T00:00:00Z,1947-10-19T01:00:00+01:00,-700704000000,,1017.8,1017.8,Y,,corrected-archive-csv
162860,Luleå-Kallax Flygplats,9,Lufttryck reducerat havsytans nivå,"vid havsytans nivå, momentanvärde, 1 gång/tim",hektopascal,1947-10-19T06:00:00Z,1947-10-19T07:00:00+01:00,-700682400000,,1019.2,1019.2,Y,,corrected-archive-csv
162860,Luleå-Kallax Flygplats,9,Lufttryck reducerat havsytans nivå,"vid havsytans nivå, momentanvärde, 1 gång/tim",hektopascal,1947-10-19T12:00:00Z,1947-10-19T13:00:00+01:00,-700660800000,,1018.1,1018.1,Y,,corrected-archive-csv
162860,Luleå-Kallax Flygplats,9,Lufttryck reducerat havsytans nivå,"vid havsytans nivå, momentanvärde, 1 gång/tim",hektopascal,1947-10-19T18:00:00Z,1947-10-19T19:00:00+01:00,-700639200000,,1010.7,1010.7,Y,,corrected-archive-csv
162860,Luleå-Kallax Flygplats,9,Lufttryck reducerat havsytans nivå,"vid havsytans nivå, momentanvärde, 1 gång/tim",hektopascal,1947-10-20T00:00:00Z,1947-10-20T01:00:00+01:00,-700617600000,,1003.6,1003.6,Y,,corrected-archive-csv
162860,Luleå-Kallax Flygplats,9,Lufttryck reducerat havsytans nivå,"vid havsytans nivå, momentanvärde, 1 gång/tim",hektopascal,1947-10-20T06:00:00Z,1947-10-20T07:00:00+01:00,-700596000000,,1011.2,1011.2,Y,,corrected-archive-csv
162860,Luleå-Kallax Flygplats,9,Lufttryck reducerat havsytans nivå,"vid havsytans nivå, momentanvärde, 1 gång/tim",hektopascal,1947-10-20T12:00:00Z,1947-10-20T13:00:00+01:00,-700574400000,,1014.4,1014.4,Y,,corrected-archive-csv
162860,Luleå-Kallax Flygplats,9,Lufttryck reducerat havsytans nivå,"vid havsytans nivå, momentanvärde, 1 gång/tim",hektopascal,1947-10-20T18:00:00Z,1947-10-20T19:00:00+01:00,-700552800000,,1016.2,1016.2,Y,,corrected-archive-csv
162860,Luleå-Kallax Flygplats,9,Lufttryck reducerat havsytans nivå,"vid havsytans nivå, momentanvärde, 1 gång/tim",hektopascal,1947-10-21T00:00:00Z,1947-10-21T01:00:00+01:00,-700531200000,,1019.6,1019.6,Y,,corrected-archive-csv
162860,Luleå-Kallax Flygplats,9,Lufttryck reducerat havsytans nivå,"vid havsytans nivå, momentanvärde, 1 gång/tim",hektopascal,1947-10-21T06:00:00Z,1947-10-21T07:00:00+01:00,-700509600000,,1023.6,1023.6,Y,,corrected-archive-csv
162860,Luleå-Kallax Flygplats,9,Lufttryck reducerat havsytans nivå,"vid havsytans nivå, momentanvärde, 1 gång/tim",hektopascal,1947-10-21T12:00:00Z,1947-10-21T13:00:00+01:00,-700488000000,,1028.0,1028.0,Y,,corrected-archive-csv
162860,Luleå-Kallax Flygplats,9,Lufttryck reducerat havsytans nivå,"vid havsytans nivå, momentanvärde, 1 gång/tim",hektopascal,1947-10-21T18:00:00Z,1947-10-21T19:00:00+01:00,-700466400000,,1030.6,1030.6,Y,,corrected-archive-csv
162860,Luleå-Kallax Flygplats,9,Lufttryck reducerat havsytans nivå,"vid havsytans nivå, momentanvärde, 1 gång/tim",hektopascal,1947-10-22T00:00:00Z,1947-10-22T01:00:00+01:00,-700444800000,,1031.5,1031.5,Y,,corrected-archive-csv
162860,Luleå-Kallax Flygplats,9,Lufttryck reducerat havsytans nivå,"vid havsytans nivå, momentanvärde, 1 gång/tim",hektopascal,1947-10-22T06:00:00Z,1947-10-22T07:00:00+01:00,-700423200000,,1029.4,1029.4,Y,,corrected-archive-csv
162860,Luleå-Kallax Flygplats,9,Lufttryck reducerat havsytans nivå,"vid havsytans nivå, momentanvärde, 1 gång/tim",hektopascal,1947-10-22T12:00:00Z,1947-10-22T13:00:00+01:00,-700401600000,,1027.7,1027.7,Y,,corrected-archive-csv
162860,Luleå-Kallax Flygplats,9,Lufttryck reducerat havsytans nivå,"vid havsytans nivå, momentanvärde, 1 gång/tim",hektopascal,1947-10-22T18:00:00Z,1947-10-22T19:00:00+01:00,-700380000000,,1026.9,1026.9,Y,,corrected-archive-csv
162860,Luleå-Kallax Flygplats,9,Lufttryck reducerat havsytans nivå,"vid havsytans nivå, momentanvärde, 1 gång/tim",hektopascal,1947-10-23T00:00:00Z,1947-10-23T01:00:00+01:00,-700358400000,,1026.7,1026.7,Y,,corrected-archive-csv
162860,Luleå-Kallax Flygplats,9,Lufttryck reducerat havsytans nivå,"vid havsytans nivå, momentanvärde, 1 gång/tim",hektopascal,1947-10-23T06:00:00Z,1947-10-23T07:00:00+01:00,-700336800000,,1027.4,1027.4,Y,,corrected-archive-csv
162860,Luleå-Kallax Flygplats,9,Lufttryck reducerat havsytans nivå,"vid havsytans nivå, momentanvärde, 1 gång/tim",hektopascal,1947-10-23T12:00:00Z,1947-10-23T13:00:00+01:00,-700315200000,,1029.3,1029.3,Y,,corrected-archive-csv
162860,Luleå-Kallax Flygplats,9,Lufttryck reducerat havsytans nivå,"vid havsytans nivå, momentanvärde, 1 gång/tim",hektopascal,1947-10-23T18:00:00Z,1947-10-23T19:00:00+01:00,-700293600000,,1039.2,1039.2,Y,,corrected-archive-csv
162860,Luleå-Kallax Flygplats,9,Lufttryck reducerat havsytans nivå,"vid havsytans nivå, momentanvärde, 1 gång/tim",hektopascal,1947-10-24T00:00:00Z,1947-10-24T01:00:00+01:00,-700272000000,,1034.6,1034.6,Y,,corrected-archive-csv
162860,Luleå-Kallax Flygplats,9,Lufttryck reducerat havsytans nivå,"vid havsytans nivå, momentanvärde, 1 gång/tim",hektopascal,1947-10-24T06:00:00Z,1947-10-24T07:00:00+01:00,-700250400000,,1035.2,1035.2,Y,,corrected-archive-csv
162860,Luleå-Kallax Flygplats,9,Lufttryck reducerat havsytans nivå,"vid havsytans nivå, momentanvärde, 1 gång/tim",hektopascal,1947-10-24T12:00:00Z,1947-10-24T13:00:00+01:00,-700228800000,,1035.0,1035.0,Y,,corrected-archive-csv
162860,Luleå-Kallax Flygplats,9,Lufttryck reducerat havsytans nivå,"vid havsytans nivå, momentanvärde, 1 gång/tim",hektopascal,1947-10-24T18:00:00Z,1947-10-24T19:00:00+01:00,-700207200000,,1031.5,1031.5,Y,,corrected-archive-csv
162860,Luleå-Kallax Flygplats,9,Lufttryck reducerat havsytans nivå,"vid havsytans nivå, momentanvärde, 1 gång/tim",hektopascal,1947-10-25T00:00:00Z,1947-10-25T01:00:00+01:00,-700185600000,,1028.3,1028.3,Y,,corrected-archive-csv
162860,Luleå-Kallax Flygplats,9,Lufttryck reducerat havsytans nivå,"vid havsytans nivå, momentanvärde, 1 gång/tim",hektopascal,1947-10-25T06:00:00Z,1947-10-25T07:00:00+01:00,-700164000000,,1025.3,1025.3,Y,,corrected-archive-csv
162860,Luleå-Kallax Flygplats,9,Lufttryck reducerat havsytans nivå,"vid havsytans nivå, momentanvärde, 1 gång/tim",hektopascal,1947-10-25T12:00:00Z,1947-10-25T13:00:00+01:00,-700142400000,,1025.0,1025.0,Y,,corrected-archive-csv
162860,Luleå-Kallax Flygplats,9,Lufttryck reducerat havsytans nivå,"vid havsytans nivå, momentanvärde, 1 gång/tim",hektopascal,1947-10-25T18:00:00Z,1947-10-25T19:00:00+01:00,-700120800000,,1025.5,1025.5,Y,,corrected-archive-csv
162860,Luleå-Kallax Flygplats,9,Lufttryck reducerat havsytans nivå,"vid havsytans nivå, momentanvärde, 1 gång/tim",hektopascal,1947-10-26T00:00:00Z,1947-10-26T01:00:00+01:00,-700099200000,,1026.8,1026.8,Y,,corrected-archive-csv
162860,Luleå-Kallax Flygplats,9,Lufttryck reducerat havsytans nivå,"vid havsytans nivå, momentanvärde, 1 gång/tim",hektopascal,1947-10-26T06:00:00Z,1947-10-26T07:00:00+01:00,-700077600000,,1026.4,1026.4,Y,,corrected-archive-csv
162860,Luleå-Kallax Flygplats,9,Lufttryck reducerat havsytans nivå,"vid havsytans nivå, momentanvärde, 1 gång/tim",hektopascal,1947-10-26T12:00:00Z,1947-10-26T13:00:00+01:00,-700056000000,,1026.9,1026.9,Y,,corrected-archive-csv
162860,Luleå-Kallax Flygplats,9,Lufttryck reducerat havsytans nivå,"vid havsytans nivå, momentanvärde, 1 gång/tim",hektopascal,1947-10-26T18:00:00Z,1947-10-26T19:00:00+01:00,-700034400000,,1027.0,1027.0,Y,,corrected-archive-csv
162860,Luleå-Kallax Flygplats,9,Lufttryck reducerat havsytans nivå,"vid havsytans nivå, momentanvärde, 1 gång/tim",hektopascal,1947-10-27T00:00:00Z,1947-10-27T01:00:00+01:00,-700012800000,,1026.3,1026.3,Y,,corrected-archive-csv
162860,Luleå-Kallax Flygplats,9,Lufttryck reducerat havsytans nivå,"vid havsytans nivå, momentanvärde, 1 gång/tim",hektopascal,1947-10-27T06:00:00Z,1947-10-27T07:00:00+01:00,-699991200000,,1023.8,1023.8,Y,,corrected-archive-csv
162860,Luleå-Kallax Flygplats,9,Lufttryck reducerat havsytans nivå,"vid havsytans nivå, momentanvärde, 1 gång/tim",hektopascal,1947-10-27T12:00:00Z,1947-10-27T13:00:00+01:00,-699969600000,,1019.5,1019.5,Y,,corrected-archive-csv
162860,Luleå-Kallax Flygplats,9,Lufttryck reducerat havsytans nivå,"vid havsytans nivå, momentanvärde, 1 gång/tim",hektopascal,1947-10-27T18:00:00Z,1947-10-27T19:00:00+01:00,-699948000000,,1016.0,1016.0,Y,,corrected-archive-csv
162860,Luleå-Kallax Flygplats,9,Lufttryck reducerat havsytans nivå,"vid havsytans nivå, momentanvärde, 1 gång/tim",hektopascal,1947-10-28T00:00:00Z,1947-10-28T01:00:00+01:00,-699926400000,,1014.4,1014.4,Y,,corrected-archive-csv
162860,Luleå-Kallax Flygplats,9,Lufttryck reducerat havsytans nivå,"vid havsytans nivå, momentanvärde, 1 gång/tim",hektopascal,1947-10-28T06:00:00Z,1947-10-28T07:00:00+01:00,-699904800000,,1016.6,1016.6,Y,,corrected-archive-csv
162860,Luleå-Kallax Flygplats,9,Lufttryck reducerat havsytans nivå,"vid havsytans nivå, momentanvärde, 1 gång/tim",hektopascal,1947-10-28T12:00:00Z,1947-10-28T13:00:00+01:00,-699883200000,,1021.4,1021.4,Y,,corrected-archive-csv
162860,Luleå-Kallax Flygplats,9,Lufttryck reducerat havsytans nivå,"vid havsytans nivå, momentanvärde, 1 gång/tim",hektopascal,1947-10-28T18:00:00Z,1947-10-28T19:00:00+01:00,-699861600000,,1026.2,1026.2,Y,,corrected-archive-csv
162860,Luleå-Kallax Flygplats,9,Lufttryck reducerat havsytans nivå,"vid havsytans nivå, momentanvärde, 1 gång/tim",hektopascal,1947-10-29T00:00:00Z,1947-10-29T01:00:00+01:00,-699840000000,,1030.2,1030.2,Y,,corrected-archive-csv
162860,Luleå-Kallax Flygplats,9,Lufttryck reducerat havsytans nivå,"vid havsytans nivå, momentanvärde, 1 gång/tim",hektopascal,1947-10-29T06:00:00Z,1947-10-29T07:00:00+01:00,-699818400000,,1029.8,1029.8,Y,,corrected-archive-csv
162860,Luleå-Kallax Flygplats,9,Lufttryck reducerat havsytans nivå,"vid havsytans nivå, momentanvärde, 1 gång/tim",hektopascal,1947-10-29T12:00:00Z,1947-10-29T13:00:00+01:00,-699796800000,,1027.1,1027.1,Y,,corrected-archive-csv
162860,Luleå-Kallax Flygplats,9,Lufttryck reducerat havsytans nivå,"vid havsytans nivå, momentanvärde, 1 gång/tim",hektopascal,1947-10-29T18:00:00Z,1947-10-29T19:00:00+01:00,-699775200000,,1023.5,1023.5,Y,,corrected-archive-csv
162860,Luleå-Kallax Flygplats,9,Lufttryck reducerat havsytans nivå,"vid havsytans nivå, momentanvärde, 1 gång/tim",hektopascal,1947-10-30T00:00:00Z,1947-10-30T01:00:00+01:00,-699753600000,,1020.1,1020.1,Y,,corrected-archive-csv
162860,Luleå-Kallax Flygplats,9,Lufttryck reducerat havsytans nivå,"vid havsytans nivå, momentanvärde, 1 gång/tim",hektopascal,1947-10-30T06:00:00Z,1947-10-30T07:00:00+01:00,-699732000000,,1019.8,1019.8,Y,,corrected-archive-csv
162860,Luleå-Kallax Flygplats,9,Lufttryck reducerat havsytans nivå,"vid havsytans nivå, momentanvärde, 1 gång/tim",hektopascal,1947-10-30T12:00:00Z,1947-10-30T13:00:00+01:00,-699710400000,,1020.9,1020.9,Y,,corrected-archive-csv
162860,Luleå-Kallax Flygplats,9,Lufttryck reducerat havsytans nivå,"vid havsytans nivå, momentanvärde, 1 gång/tim",hektopascal,1947-10-30T18:00:00Z,1947-10-30T19:00:00+01:00,-699688800000,,1020.2,1020.2,Y,,corrected-archive-csv
162860,Luleå-Kallax Flygplats,9,Lufttryck reducerat havsytans nivå,"vid havsytans nivå, momentanvärde, 1 gång/tim",hektopascal,1947-10-31T00:00:00Z,1947-10-31T01:00:00+01:00,-699667200000,,1019.3,1019.3,Y,,corrected-archive-csv
162860,Luleå-Kallax Flygplats,9,Lufttryck reducerat havsytans nivå,"vid havsytans nivå, momentanvärde, 1 gång/tim",hektopascal,1947-10-31T06:00:00Z,1947-10-31T07:00:00+01:00,-699645600000,,1014.6,1014.6,Y,,corrected-archive-csv
162860,Luleå-Kallax Flygplats,9,Lufttryck reducerat havsytans nivå,"vid havsytans nivå, momentanvärde, 1 gång/tim",hektopascal,1947-10-31T12:00:00Z,1947-10-31T13:00:00+01:00,-699624000000,,1007.9,1007.9,Y,,corrected-archive-csv
162860,Luleå-Kallax Flygplats,9,Lufttryck reducerat havsytans nivå,"vid havsytans nivå, momentanvärde, 1 gång/tim",hektopascal,1947-11-01T00:00:00Z,1947-11-01T01:00:00+01:00,-699580800000,,1016.4,1016.4,Y,,corrected-archive-csv
162860,Luleå-Kallax Flygplats,9,Lufttryck reducerat havsytans nivå,"vid havsytans nivå, momentanvärde, 1 gång/tim",hektopascal,1947-11-01T06:00:00Z,1947-11-01T07:00:00+01:00,-699559200000,,1021.0,1021.0,Y,,corrected-archive-csv
162860,Luleå-Kallax Flygplats,9,Lufttryck reducerat havsytans nivå,"vid havsytans nivå, momentanvärde, 1 gång/tim",hektopascal,1947-11-01T12:00:00Z,1947-11-01T13:00:00+01:00,-699537600000,,1024.1,1024.1,Y,,corrected-archive-csv
162860,Luleå-Kallax Flygplats,9,Lufttryck reducerat havsytans nivå,"vid havsytans nivå, momentanvärde, 1 gång/tim",hektopascal,1947-11-01T18:00:00Z,1947-11-01T19:00:00+01:00,-699516000000,,1024.2,1024.2,Y,,corrected-archive-csv
162860,Luleå-Kallax Flygplats,9,Lufttryck reducerat havsytans nivå,"vid havsytans nivå, momentanvärde, 1 gång/tim",hektopascal,1947-11-02T00:00:00Z,1947-11-02T01:00:00+01:00,-699494400000,,1021.9,1021.9,Y,,corrected-archive-csv
162860,Luleå-Kallax Flygplats,9,Lufttryck reducerat havsytans nivå,"vid havsytans nivå, momentanvärde, 1 gång/tim",hektopascal,1947-11-02T06:00:00Z,1947-11-02T07:00:00+01:00,-699472800000,,1017.2,1017.2,Y,,corrected-archive-csv
162860,Luleå-Kallax Flygplats,9,Lufttryck reducerat havsytans nivå,"vid havsytans nivå, momentanvärde, 1 gång/tim",hektopascal,1947-11-02T12:00:00Z,1947-11-02T13:00:00+01:00,-699451200000,,1010.4,1010.4,Y,,corrected-archive-csv
162860,Luleå-Kallax Flygplats,9,Lufttryck reducerat havsytans nivå,"vid havsytans nivå, momentanvärde, 1 gång/tim",hektopascal,1947-11-02T18:00:00Z,1947-11-02T19:00:00+01:00,-699429600000,,1005.2,1005.2,Y,,corrected-archive-csv
162860,Luleå-Kallax Flygplats,9,Lufttryck reducerat havsytans nivå,"vid havsytans nivå, momentanvärde, 1 gång/tim",hektopascal,1947-11-03T00:00:00Z,1947-11-03T01:00:00+01:00,-699408000000,,1004.6,1004.6,Y,,corrected-archive-csv
162860,Luleå-Kallax Flygplats,9,Lufttryck reducerat havsytans nivå,"vid havsytans nivå, momentanvärde, 1 gång/tim",hektopascal,1947-11-03T06:00:00Z,1947-11-03T07:00:00+01:00,-699386400000,,1005.2,1005.2,Y,,corrected-archive-csv
162860,Luleå-Kallax Flygplats,9,Lufttryck reducerat havsytans nivå,"vid havsytans nivå, momentanvärde, 1 gång/tim",hektopascal,1947-11-03T12:00:00Z,1947-11-03T13:00:00+01:00,-699364800000,,1005.8,1005.8,Y,,corrected-archive-csv
162860,Luleå-Kallax Flygplats,9,Lufttryck reducerat havsytans nivå,"vid havsytans nivå, momentanvärde, 1 gång/tim",hektopascal,1947-11-03T18:00:00Z,1947-11-03T19:00:00+01:00,-699343200000,,1004.1,1004.1,Y,,corrected-archive-csv
162860,Luleå-Kallax Flygplats,9,Lufttryck reducerat havsytans nivå,"vid havsytans nivå, momentanvärde, 1 gång/tim",hektopascal,1947-11-04T00:00:00Z,1947-11-04T01:00:00+01:00,-699321600000,,1000.4,1000.4,Y,,corrected-archive-csv
162860,Luleå-Kallax Flygplats,9,Lufttryck reducerat havsytans nivå,"vid havsytans nivå, momentanvärde, 1 gång/tim",hektopascal,1947-11-04T06:00:00Z,1947-11-04T07:00:00+01:00,-699300000000,,1000.1,1000.1,Y,,corrected-archive-csv
162860,Luleå-Kallax Flygplats,9,Lufttryck reducerat havsytans nivå,"vid havsytans nivå, momentanvärde, 1 gång/tim",hektopascal,1947-11-04T12:00:00Z,1947-11-04T13:00:00+01:00,-699278400000,,1001.2,1001.2,Y,,corrected-archive-csv
162860,Luleå-Kallax Flygplats,9,Lufttryck reducerat havsytans nivå,"vid havsytans nivå, momentanvärde, 1 gång/tim",hektopascal,1947-11-04T18:00:00Z,1947-11-04T19:00:00+01:00,-699256800000,,1002.6,1002.6,Y,,corrected-archive-csv
162860,Luleå-Kallax Flygplats,9,Lufttryck reducerat havsytans nivå,"vid havsytans nivå, momentanvärde, 1 gång/tim",hektopascal,1947-11-05T00:00:00Z,1947-11-05T01:00:00+01:00,-699235200000,,1002.7,1002.7,Y,,corrected-archive-csv
162860,Luleå-Kallax Flygplats,9,Lufttryck reducerat havsytans nivå,"vid havsytans nivå, momentanvärde, 1 gång/tim",hektopascal,1947-11-05T06:00:00Z,1947-11-05T07:00:00+01:00,-699213600000,,1003.9,1003.9,Y,,corrected-archive-csv
162860,Luleå-Kallax Flygplats,9,Lufttryck reducerat havsytans nivå,"vid havsytans nivå, momentanvärde, 1 gång/tim",hektopascal,1947-11-05T12:00:00Z,1947-11-05T13:00:00+01:00,-699192000000,,1006.5,1006.5,Y,,corrected-archive-csv
162860,Luleå-Kallax Flygplats,9,Lufttryck reducerat havsytans nivå,"vid havsytans nivå, momentanvärde, 1 gång/tim",hektopascal,1947-11-05T18:00:00Z,1947-11-05T19:00:00+01:00,-699170400000,,1008.3,1008.3,Y,,corrected-archive-csv
162860,Luleå-Kallax Flygplats,9,Lufttryck reducerat havsytans nivå,"vid havsytans nivå, momentanvärde, 1 gång/tim",hektopascal,1947-11-06T00:00:00Z,1947-11-06T01:00:00+01:00,-699148800000,,1008.1,1008.1,Y,,corrected-archive-csv
162860,Luleå-Kallax Flygplats,9,Lufttryck reducerat havsytans nivå,"vid havsytans nivå, momentanvärde, 1 gång/tim",hektopascal,1947-11-06T06:00:00Z,1947-11-06T07:00:00+01:00,-699127200000,,1006.5,1006.5,Y,,corrected-archive-csv
162860,Luleå-Kallax Flygplats,9,Lufttryck reducerat havsytans nivå,"vid havsytans nivå, momentanvärde, 1 gång/tim",hektopascal,1947-11-06T12:00:00Z,1947-11-06T13:00:00+01:00,-699105600000,,1005.9,1005.9,Y,,corrected-archive-csv
162860,Luleå-Kallax Flygplats,9,Lufttryck reducerat havsytans nivå,"vid havsytans nivå, momentanvärde, 1 gång/tim",hektopascal,1947-11-06T18:00:00Z,1947-11-06T19:00:00+01:00,-699084000000,,1006.2,1006.2,Y,,corrected-archive-csv
162860,Luleå-Kallax Flygplats,9,Lufttryck reducerat havsytans nivå,"vid havsytans nivå, momentanvärde, 1 gång/tim",hektopascal,1947-11-07T00:00:00Z,1947-11-07T01:00:00+01:00,-699062400000,,1008.4,1008.4,Y,,corrected-archive-csv
162860,Luleå-Kallax Flygplats,9,Lufttryck reducerat havsytans nivå,"vid havsytans nivå, momentanvärde, 1 gång/tim",hektopascal,1947-11-07T06:00:00Z,1947-11-07T07:00:00+01:00,-699040800000,,1012.1,1012.1,Y,,corrected-archive-csv
162860,Luleå-Kallax Flygplats,9,Lufttryck reducerat havsytans nivå,"vid havsytans nivå, momentanvärde, 1 gång/tim",hektopascal,1947-11-07T12:00:00Z,1947-11-07T13:00:00+01:00,-699019200000,,1015.0,1015.0,Y,,corrected-archive-csv
162860,Luleå-Kallax Flygplats,9,Lufttryck reducerat havsytans nivå,"vid havsytans nivå, momentanvärde, 1 gång/tim",hektopascal,1947-11-07T18:00:00Z,1947-11-07T19:00:00+01:00,-698997600000,,1017.9,1017.9,Y,,corrected-archive-csv
162860,Luleå-Kallax Flygplats,9,Lufttryck reducerat havsytans nivå,"vid havsytans nivå, momentanvärde, 1 gång/tim",hektopascal,1947-11-08T00:00:00Z,1947-11-08T01:00:00+01:00,-698976000000,,1019.2,1019.2,Y,,corrected-archive-csv
162860,Luleå-Kallax Flygplats,9,Lufttryck reducerat havsytans nivå,"vid havsytans nivå, momentanvärde, 1 gång/tim",hektopascal,1947-11-08T06:00:00Z,1947-11-08T07:00:00+01:00,-698954400000,,1019.5,1019.5,Y,,corrected-archive-csv
162860,Luleå-Kallax Flygplats,9,Lufttryck reducerat havsytans nivå,"vid havsytans nivå, momentanvärde, 1 gång/tim",hektopascal,1947-11-08T12:00:00Z,1947-11-08T13:00:00+01:00,-698932800000,,1019.0,1019.0,Y,,corrected-archive-csv
162860,Luleå-Kallax Flygplats,9,Lufttryck reducerat havsytans nivå,"vid havsytans nivå, momentanvärde, 1 gång/tim",hektopascal,1947-11-08T18:00:00Z,1947-11-08T19:00:00+01:00,-698911200000,,1018.5,1018.5,Y,,corrected-archive-csv
162860,Luleå-Kallax Flygplats,9,Lufttryck reducerat havsytans nivå,"vid havsytans nivå, momentanvärde, 1 gång/tim",hektopascal,1947-11-09T00:00:00Z,1947-11-09T01:00:00+01:00,-698889600000,,1017.6,1017.6,Y,,corrected-archive-csv
162860,Luleå-Kallax Flygplats,9,Lufttryck reducerat havsytans nivå,"vid havsytans nivå, momentanvärde, 1 gång/tim",hektopascal,1947-11-09T06:00:00Z,1947-11-09T07:00:00+01:00,-698868000000,,1015.1,1015.1,Y,,corrected-archive-csv
162860,Luleå-Kallax Flygplats,9,Lufttryck reducerat havsytans nivå,"vid havsytans nivå, momentanvärde, 1 gång/tim",hektopascal,1947-11-09T12:00:00Z,1947-11-09T13:00:00+01:00,-698846400000,,1013.4,1013.4,Y,,corrected-archive-csv
162860,Luleå-Kallax Flygplats,9,Lufttryck reducerat havsytans nivå,"vid havsytans nivå, momentanvärde, 1 gång/tim",hektopascal,1947-11-09T18:00:00Z,1947-11-09T19:00:00+01:00,-698824800000,,1012.1,1012.1,Y,,corrected-archive-csv
162860,Luleå-Kallax Flygplats,9,Lufttryck reducerat havsytans nivå,"vid havsytans nivå, momentanvärde, 1 gång/tim",hektopascal,1947-11-10T00:00:00Z,1947-11-10T01:00:00+01:00,-698803200000,,1010.7,1010.7,Y,,corrected-archive-csv
162860,Luleå-Kallax Flygplats,9,Lufttryck reducerat havsytans nivå,"vid havsytans nivå, momentanvärde, 1 gång/tim",hektopascal,1947-11-10T06:00:00Z,1947-11-10T07:00:00+01:00,-698781600000,,1007.6,1007.6,Y,,corrected-archive-csv
162860,Luleå-Kallax Flygplats,9,Lufttryck reducerat havsytans nivå,"vid havsytans nivå, momentanvärde, 1 gång/tim",hektopascal,1947-11-10T12:00:00Z,1947-11-10T13:00:00+01:00,-698760000000,,1003.3,1003.3,Y,,corrected-archive-csv
162860,Luleå-Kallax Flygplats,9,Lufttryck reducerat havsytans nivå,"vid havsytans nivå, momentanvärde, 1 gång/tim",hektopascal,1947-11-10T18:00:00Z,1947-11-10T19:00:00+01:00,-698738400000,,1000.8,1000.8,Y,,corrected-archive-csv
162860,Luleå-Kallax Flygplats,9,Lufttryck reducerat havsytans nivå,"vid havsytans nivå, momentanvärde, 1 gång/tim",hektopascal,1947-11-11T00:00:00Z,1947-11-11T01:00:00+01:00,-698716800000,,1000.4,1000.4,Y,,corrected-archive-csv
162860,Luleå-Kallax Flygplats,9,Lufttryck reducerat havsytans nivå,"vid havsytans nivå, momentanvärde, 1 gång/tim",hektopascal,1947-11-11T06:00:00Z,1947-11-11T07:00:00+01:00,-698695200000,,1000.1,1000.1,Y,,corrected-archive-csv
162860,Luleå-Kallax Flygplats,9,Lufttryck reducerat havsytans nivå,"vid havsytans nivå, momentanvärde, 1 gång/tim",hektopascal,1947-11-11T12:00:00Z,1947-11-11T13:00:00+01:00,-698673600000,,999.8,999.8,Y,,corrected-archive-csv
162860,Luleå-Kallax Flygplats,9,Lufttryck reducerat havsytans nivå,"vid havsytans nivå, momentanvärde, 1 gång/tim",hektopascal,1947-11-11T18:00:00Z,1947-11-11T19:00:00+01:00,-698652000000,,998.1,998.1,Y,,corrected-archive-csv
162860,Luleå-Kallax Flygplats,9,Lufttryck reducerat havsytans nivå,"vid havsytans nivå, momentanvärde, 1 gång/tim",hektopascal,1947-11-12T00:00:00Z,1947-11-12T01:00:00+01:00,-698630400000,,996.9,996.9,Y,,corrected-archive-csv
162860,Luleå-Kallax Flygplats,9,Lufttryck reducerat havsytans nivå,"vid havsytans nivå, momentanvärde, 1 gång/tim",hektopascal,1947-11-12T06:00:00Z,1947-11-12T07:00:00+01:00,-698608800000,,995.2,995.2,Y,,corrected-archive-csv
162860,Luleå-Kallax Flygplats,9,Lufttryck reducerat havsytans nivå,"vid havsytans nivå, momentanvärde, 1 gång/tim",hektopascal,1947-11-12T12:00:00Z,1947-11-12T13:00:00+01:00,-698587200000,,993.6,993.6,Y,,corrected-archive-csv
162860,Luleå-Kallax Flygplats,9,Lufttryck reducerat havsytans nivå,"vid havsytans nivå, momentanvärde, 1 gång/tim",hektopascal,1947-11-12T18:00:00Z,1947-11-12T19:00:00+01:00,-698565600000,,991.5,991.5,Y,,corrected-archive-csv
162860,Luleå-Kallax Flygplats,9,Lufttryck reducerat havsytans nivå,"vid havsytans nivå, momentanvärde, 1 gång/tim",hektopascal,1947-11-13T00:00:00Z,1947-11-13T01:00:00+01:00,-698544000000,,988.9,988.9,Y,,corrected-archive-csv
162860,Luleå-Kallax Flygplats,9,Lufttryck reducerat havsytans nivå,"vid havsytans nivå, momentanvärde, 1 gång/tim",hektopascal,1947-11-13T18:00:00Z,1947-11-13T19:00:00+01:00,-698479200000,,988.1,988.1,Y,,corrected-archive-csv
162860,Luleå-Kallax Flygplats,9,Lufttryck reducerat havsytans nivå,"vid havsytans nivå, momentanvärde, 1 gång/tim",hektopascal,1947-11-14T00:00:00Z,1947-11-14T01:00:00+01:00,-698457600000,,989.1,989.1,Y,,corrected-archive-csv
162860,Luleå-Kallax Flygplats,9,Lufttryck reducerat havsytans nivå,"vid havsytans nivå, momentanvärde, 1 gång/tim",hektopascal,1947-11-14T06:00:00Z,1947-11-14T07:00:00+01:00,-698436000000,,991.5,991.5,Y,,corrected-archive-csv
162860,Luleå-Kallax Flygplats,9,Lufttryck reducerat havsytans nivå,"vid havsytans nivå, momentanvärde, 1 gång/tim",hektopascal,1947-11-14T12:00:00Z,1947-11-14T13:00:00+01:00,-698414400000,,993.8,993.8,Y,,corrected-archive-csv
162860,Luleå-Kallax Flygplats,9,Lufttryck reducerat havsytans nivå,"vid havsytans nivå, momentanvärde, 1 gång/tim",hektopascal,1947-11-14T18:00:00Z,1947-11-14T19:00:00+01:00,-698392800000,,994.8,994.8,Y,,corrected-archive-csv
162860,Luleå-Kallax Flygplats,9,Lufttryck reducerat havsytans nivå,"vid havsytans nivå, momentanvärde, 1 gång/tim",hektopascal,1947-11-15T00:00:00Z,1947-11-15T01:00:00+01:00,-698371200000,,995.4,995.4,Y,,corrected-archive-csv
162860,Luleå-Kallax Flygplats,9,Lufttryck reducerat havsytans nivå,"vid havsytans nivå, momentanvärde, 1 gång/tim",hektopascal,1947-11-15T06:00:00Z,1947-11-15T07:00:00+01:00,-698349600000,,995.8,995.8,Y,,corrected-archive-csv
162860,Luleå-Kallax Flygplats,9,Lufttryck reducerat havsytans nivå,"vid havsytans nivå, momentanvärde, 1 gång/tim",hektopascal,1947-11-15T12:00:00Z,1947-11-15T13:00:00+01:00,-698328000000,,994.8,994.8,Y,,corrected-archive-csv
162860,Luleå-Kallax Flygplats,9,Lufttryck reducerat havsytans nivå,"vid havsytans nivå, momentanvärde, 1 gång/tim",hektopascal,1947-11-15T18:00:00Z,1947-11-15T19:00:00+01:00,-698306400000,,995.1,995.1,Y,,corrected-archive-csv
162860,Luleå-Kallax Flygplats,9,Lufttryck reducerat havsytans nivå,"vid havsytans nivå, momentanvärde, 1 gång/tim",hektopascal,1947-11-16T00:00:00Z,1947-11-16T01:00:00+01:00,-698284800000,,996.0,996.0,Y,,corrected-archive-csv
162860,Luleå-Kallax Flygplats,9,Lufttryck reducerat havsytans nivå,"vid havsytans nivå, momentanvärde, 1 gång/tim",hektopascal,1947-11-16T06:00:00Z,1947-11-16T07:00:00+01:00,-698263200000,,997.5,997.5,Y,,corrected-archive-csv
162860,Luleå-Kallax Flygplats,9,Lufttryck reducerat havsytans nivå,"vid havsytans nivå, momentanvärde, 1 gång/tim",hektopascal,1947-11-16T12:00:00Z,1947-11-16T13:00:00+01:00,-698241600000,,999.0,999.0,Y,,corrected-archive-csv
162860,Luleå-Kallax Flygplats,9,Lufttryck reducerat havsytans nivå,"vid havsytans nivå, momentanvärde, 1 gång/tim",hektopascal,1947-11-16T18:00:00Z,1947-11-16T19:00:00+01:00,-698220000000,,1000.4,1000.4,Y,,corrected-archive-csv
162860,Luleå-Kallax Flygplats,9,Lufttryck reducerat havsytans nivå,"vid havsytans nivå, momentanvärde, 1 gång/tim",hektopascal,1947-11-17T00:00:00Z,1947-11-17T01:00:00+01:00,-698198400000,,1002.0,1002.0,Y,,corrected-archive-csv
162860,Luleå-Kallax Flygplats,9,Lufttryck reducerat havsytans nivå,"vid havsytans nivå, momentanvärde, 1 gång/tim",hektopascal,1947-11-17T06:00:00Z,1947-11-17T07:00:00+01:00,-698176800000,,1004.0,1004.0,Y,,corrected-archive-csv
162860,Luleå-Kallax Flygplats,9,Lufttryck reducerat havsytans nivå,"vid havsytans nivå, momentanvärde, 1 gång/tim",hektopascal,1947-11-17T12:00:00Z,1947-11-17T13:00:00+01:00,-698155200000,,1006.8,1006.8,Y,,corrected-archive-csv
162860,Luleå-Kallax Flygplats,9,Lufttryck reducerat havsytans nivå,"vid havsytans nivå, momentanvärde, 1 gång/tim",hektopascal,1947-11-17T18:00:00Z,1947-11-17T19:00:00+01:00,-698133600000,,1009.5,1009.5,Y,,corrected-archive-csv
162860,Luleå-Kallax Flygplats,9,Lufttryck reducerat havsytans nivå,"vid havsytans nivå, momentanvärde, 1 gång/tim",hektopascal,1947-11-18T00:00:00Z,1947-11-18T01:00:00+01:00,-698112000000,,1011.6,1011.6,Y,,corrected-archive-csv
162860,Luleå-Kallax Flygplats,9,Lufttryck reducerat havsytans nivå,"vid havsytans nivå, momentanvärde, 1 gång/tim",hektopascal,1947-11-18T06:00:00Z,1947-11-18T07:00:00+01:00,-698090400000,,1012.5,1012.5,Y,,corrected-archive-csv
162860,Luleå-Kallax Flygplats,9,Lufttryck reducerat havsytans nivå,"vid havsytans nivå, momentanvärde, 1 gång/tim",hektopascal,1947-11-18T12:00:00Z,1947-11-18T13:00:00+01:00,-698068800000,,1012.9,1012.9,Y,,corrected-archive-csv
162860,Luleå-Kallax Flygplats,9,Lufttryck reducerat havsytans nivå,"vid havsytans nivå, momentanvärde, 1 gång/tim",hektopascal,1947-11-18T18:00:00Z,1947-11-18T19:00:00+01:00,-698047200000,,1013.0,1013.0,Y,,corrected-archive-csv
162860,Luleå-Kallax Flygplats,9,Lufttryck reducerat havsytans nivå,"vid havsytans nivå, momentanvärde, 1 gång/tim",hektopascal,1947-11-19T00:00:00Z,1947-11-19T01:00:00+01:00,-698025600000,,1011.6,1011.6,Y,,corrected-archive-csv
162860,Luleå-Kallax Flygplats,9,Lufttryck reducerat havsytans nivå,"vid havsytans nivå, momentanvärde, 1 gång/tim",hektopascal,1947-11-19T06:00:00Z,1947-11-19T07:00:00+01:00,-698004000000,,1009.9,1009.9,Y,,corrected-archive-csv
162860,Luleå-Kallax Flygplats,9,Lufttryck reducerat havsytans nivå,"vid havsytans nivå, momentanvärde, 1 gång/tim",hektopascal,1947-11-19T12:00:00Z,1947-11-19T13:00:00+01:00,-697982400000,,1008.5,1008.5,Y,,corrected-archive-csv
162860,Luleå-Kallax Flygplats,9,Lufttryck reducerat havsytans nivå,"vid havsytans nivå, momentanvärde, 1 gång/tim",hektopascal,1947-11-19T18:00:00Z,1947-11-19T19:00:00+01:00,-697960800000,,1009.0,1009.0,Y,,corrected-archive-csv
162860,Luleå-Kallax Flygplats,9,Lufttryck reducerat havsytans nivå,"vid havsytans nivå, momentanvärde, 1 gång/tim",hektopascal,1947-11-20T00:00:00Z,1947-11-20T01:00:00+01:00,-697939200000,,1010.3,1010.3,Y,,corrected-archive-csv
162860,Luleå-Kallax Flygplats,9,Lufttryck reducerat havsytans nivå,"vid havsytans nivå, momentanvärde, 1 gång/tim",hektopascal,1947-11-20T12:00:00Z,1947-11-20T13:00:00+01:00,-697896000000,,1017.7,1017.7,Y,,corrected-archive-csv
162860,Luleå-Kallax Flygplats,9,Lufttryck reducerat havsytans nivå,"vid havsytans nivå, momentanvärde, 1 gång/tim",hektopascal,1947-11-20T18:00:00Z,1947-11-20T19:00:00+01:00,-697874400000,,1017.6,1017.6,Y,,corrected-archive-csv
162860,Luleå-Kallax Flygplats,9,Lufttryck reducerat havsytans nivå,"vid havsytans nivå, momentanvärde, 1 gång/tim",hektopascal,1947-11-21T00:00:00Z,1947-11-21T01:00:00+01:00,-697852800000,,1012.6,1012.6,Y,,corrected-archive-csv
162860,Luleå-Kallax Flygplats,9,Lufttryck reducerat havsytans nivå,"vid havsytans nivå, momentanvärde, 1 gång/tim",hektopascal,1947-11-21T06:00:00Z,1947-11-21T07:00:00+01:00,-697831200000,,1002.2,1002.2,Y,,corrected-archive-csv
162860,Luleå-Kallax Flygplats,9,Lufttryck reducerat havsytans nivå,"vid havsytans nivå, momentanvärde, 1 gång/tim",hektopascal,1947-11-21T12:00:00Z,1947-11-21T13:00:00+01:00,-697809600000,,997.0,997.0,Y,,corrected-archive-csv
162860,Luleå-Kallax Flygplats,9,Lufttryck reducerat havsytans nivå,"vid havsytans nivå, momentanvärde, 1 gång/tim",hektopascal,1947-11-21T18:00:00Z,1947-11-21T19:00:00+01:00,-697788000000,,996.0,996.0,Y,,corrected-archive-csv
162860,Luleå-Kallax Flygplats,9,Lufttryck reducerat havsytans nivå,"vid havsytans nivå, momentanvärde, 1 gång/tim",hektopascal,1947-11-22T00:00:00Z,1947-11-22T01:00:00+01:00,-697766400000,,997.2,997.2,Y,,corrected-archive-csv
162860,Luleå-Kallax Flygplats,9,Lufttryck reducerat havsytans nivå,"vid havsytans nivå, momentanvärde, 1 gång/tim",hektopascal,1947-11-22T06:00:00Z,1947-11-22T07:00:00+01:00,-697744800000,,999.7,999.7,Y,,corrected-archive-csv
162860,Luleå-Kallax Flygplats,9,Lufttryck reducerat havsytans nivå,"vid havsytans nivå, momentanvärde, 1 gång/tim",hektopascal,1947-11-22T12:00:00Z,1947-11-22T13:00:00+01:00,-697723200000,,1003.9,1003.9,Y,,corrected-archive-csv
162860,Luleå-Kallax Flygplats,9,Lufttryck reducerat havsytans nivå,"vid havsytans nivå, momentanvärde, 1 gång/tim",hektopascal,1947-11-22T18:00:00Z,1947-11-22T19:00:00+01:00,-697701600000,,1007.9,1007.9,Y,,corrected-archive-csv
162860,Luleå-Kallax Flygplats,9,Lufttryck reducerat havsytans nivå,"vid havsytans nivå, momentanvärde, 1 gång/tim",hektopascal,1947-11-23T00:00:00Z,1947-11-23T01:00:00+01:00,-697680000000,,1009.0,1009.0,Y,,corrected-archive-csv
162860,Luleå-Kallax Flygplats,9,Lufttryck reducerat havsytans nivå,"vid havsytans nivå, momentanvärde, 1 gång/tim",hektopascal,1947-11-23T06:00:00Z,1947-11-23T07:00:00+01:00,-697658400000,,1008.7,1008.7,Y,,corrected-archive-csv
162860,Luleå-Kallax Flygplats,9,Lufttryck reducerat havsytans nivå,"vid havsytans nivå, momentanvärde, 1 gång/tim",hektopascal,1947-11-23T12:00:00Z,1947-11-23T13:00:00+01:00,-697636800000,,1007.3,1007.3,Y,,corrected-archive-csv
162860,Luleå-Kallax Flygplats,9,Lufttryck reducerat havsytans nivå,"vid havsytans nivå, momentanvärde, 1 gång/tim",hektopascal,1947-11-23T18:00:00Z,1947-11-23T19:00:00+01:00,-697615200000,,1005.7,1005.7,Y,,corrected-archive-csv
162860,Luleå-Kallax Flygplats,9,Lufttryck reducerat havsytans nivå,"vid havsytans nivå, momentanvärde, 1 gång/tim",hektopascal,1947-11-24T00:00:00Z,1947-11-24T01:00:00+01:00,-697593600000,,1004.7,1004.7,Y,,corrected-archive-csv
162860,Luleå-Kallax Flygplats,9,Lufttryck reducerat havsytans nivå,"vid havsytans nivå, momentanvärde, 1 gång/tim",hektopascal,1947-11-24T06:00:00Z,1947-11-24T07:00:00+01:00,-697572000000,,1003.9,1003.9,Y,,corrected-archive-csv
162860,Luleå-Kallax Flygplats,9,Lufttryck reducerat havsytans nivå,"vid havsytans nivå, momentanvärde, 1 gång/tim",hektopascal,1947-11-24T12:00:00Z,1947-11-24T13:00:00+01:00,-697550400000,,1004.1,1004.1,Y,,corrected-archive-csv
162860,Luleå-Kallax Flygplats,9,Lufttryck reducerat havsytans nivå,"vid havsytans nivå, momentanvärde, 1 gång/tim",hektopascal,1947-11-24T18:00:00Z,1947-11-24T19:00:00+01:00,-697528800000,,1004.6,1004.6,Y,,corrected-archive-csv
162860,Luleå-Kallax Flygplats,9,Lufttryck reducerat havsytans nivå,"vid havsytans nivå, momentanvärde, 1 gång/tim",hektopascal,1947-11-25T00:00:00Z,1947-11-25T01:00:00+01:00,-697507200000,,1004.7,1004.7,Y,,corrected-archive-csv
162860,Luleå-Kallax Flygplats,9,Lufttryck reducerat havsytans nivå,"vid havsytans nivå, momentanvärde, 1 gång/tim",hektopascal,1947-11-25T06:00:00Z,1947-11-25T07:00:00+01:00,-697485600000,,1004.8,1004.8,Y,,corrected-archive-csv
162860,Luleå-Kallax Flygplats,9,Lufttryck reducerat havsytans nivå,"vid havsytans nivå, momentanvärde, 1 gång/tim",hektopascal,1947-11-25T12:00:00Z,1947-11-25T13:00:00+01:00,-697464000000,,1006.0,1006.0,Y,,corrected-archive-csv
162860,Luleå-Kallax Flygplats,9,Lufttryck reducerat havsytans nivå,"vid havsytans nivå, momentanvärde, 1 gång/tim",hektopascal,1947-11-25T18:00:00Z,1947-11-25T19:00:00+01:00,-697442400000,,1004.8,1004.8,Y,,corrected-archive-csv
162860,Luleå-Kallax Flygplats,9,Lufttryck reducerat havsytans nivå,"vid havsytans nivå, momentanvärde, 1 gång/tim",hektopascal,1947-11-26T00:00:00Z,1947-11-26T01:00:00+01:00,-697420800000,,1004.3,1004.3,Y,,corrected-archive-csv
162860,Luleå-Kallax Flygplats,9,Lufttryck reducerat havsytans nivå,"vid havsytans nivå, momentanvärde, 1 gång/tim",hektopascal,1947-11-26T06:00:00Z,1947-11-26T07:00:00+01:00,-697399200000,,1004.0,1004.0,Y,,corrected-archive-csv
162860,Luleå-Kallax Flygplats,9,Lufttryck reducerat havsytans nivå,"vid havsytans nivå, momentanvärde, 1 gång/tim",hektopascal,1947-11-26T12:00:00Z,1947-11-26T13:00:00+01:00,-697377600000,,1005.2,1005.2,Y,,corrected-archive-csv
162860,Luleå-Kallax Flygplats,9,Lufttryck reducerat havsytans nivå,"vid havsytans nivå, momentanvärde, 1 gång/tim",hektopascal,1947-11-26T18:00:00Z,1947-11-26T19:00:00+01:00,-697356000000,,1005.2,1005.2,Y,,corrected-archive-csv
162860,Luleå-Kallax Flygplats,9,Lufttryck reducerat havsytans nivå,"vid havsytans nivå, momentanvärde, 1 gång/tim",hektopascal,1947-11-27T00:00:00Z,1947-11-27T01:00:00+01:00,-697334400000,,1006.0,1006.0,Y,,corrected-archive-csv
162860,Luleå-Kallax Flygplats,9,Lufttryck reducerat havsytans nivå,"vid havsytans nivå, momentanvärde, 1 gång/tim",hektopascal,1947-11-27T06:00:00Z,1947-11-27T07:00:00+01:00,-697312800000,,1007.2,1007.2,Y,,corrected-archive-csv
162860,Luleå-Kallax Flygplats,9,Lufttryck reducerat havsytans nivå,"vid havsytans nivå, momentanvärde, 1 gång/tim",hektopascal,1947-11-27T12:00:00Z,1947-11-27T13:00:00+01:00,-697291200000,,1008.2,1008.2,Y,,corrected-archive-csv
162860,Luleå-Kallax Flygplats,9,Lufttryck reducerat havsytans nivå,"vid havsytans nivå, momentanvärde, 1 gång/tim",hektopascal,1947-11-27T18:00:00Z,1947-11-27T19:00:00+01:00,-697269600000,,1008.6,1008.6,Y,,corrected-archive-csv
162860,Luleå-Kallax Flygplats,9,Lufttryck reducerat havsytans nivå,"vid havsytans nivå, momentanvärde, 1 gång/tim",hektopascal,1947-11-28T00:00:00Z,1947-11-28T01:00:00+01:00,-697248000000,,1011.3,1011.3,Y,,corrected-archive-csv
162860,Luleå-Kallax Flygplats,9,Lufttryck reducerat havsytans nivå,"vid havsytans nivå, momentanvärde, 1 gång/tim",hektopascal,1947-11-28T06:00:00Z,1947-11-28T07:00:00+01:00,-697226400000,,1012.2,1012.2,Y,,corrected-archive-csv
162860,Luleå-Kallax Flygplats,9,Lufttryck reducerat havsytans nivå,"vid havsytans nivå, momentanvärde, 1 gång/tim",hektopascal,1947-11-28T12:00:00Z,1947-11-28T13:00:00+01:00,-697204800000,,1014.3,1014.3,Y,,corrected-archive-csv
162860,Luleå-Kallax Flygplats,9,Lufttryck reducerat havsytans nivå,"vid havsytans nivå, momentanvärde, 1 gång/tim",hektopascal,1947-11-28T18:00:00Z,1947-11-28T19:00:00+01:00,-697183200000,,1014.5,1014.5,Y,,corrected-archive-csv
162860,Luleå-Kallax Flygplats,9,Lufttryck reducerat havsytans nivå,"vid havsytans nivå, momentanvärde, 1 gång/tim",hektopascal,1947-11-29T00:00:00Z,1947-11-29T01:00:00+01:00,-697161600000,,1015.1,1015.1,Y,,corrected-archive-csv
162860,Luleå-Kallax Flygplats,9,Lufttryck reducerat havsytans nivå,"vid havsytans nivå, momentanvärde, 1 gång/tim",hektopascal,1947-11-29T12:00:00Z,1947-11-29T13:00:00+01:00,-697118400000,,1018.4,1018.4,Y,,corrected-archive-csv
162860,Luleå-Kallax Flygplats,9,Lufttryck reducerat havsytans nivå,"vid havsytans nivå, momentanvärde, 1 gång/tim",hektopascal,1947-11-29T18:00:00Z,1947-11-29T19:00:00+01:00,-697096800000,,1019.4,1019.4,Y,,corrected-archive-csv
162860,Luleå-Kallax Flygplats,9,Lufttryck reducerat havsytans nivå,"vid havsytans nivå, momentanvärde, 1 gång/tim",hektopascal,1947-11-30T00:00:00Z,1947-11-30T01:00:00+01:00,-697075200000,,1020.8,1020.8,Y,,corrected-archive-csv
162860,Luleå-Kallax Flygplats,9,Lufttryck reducerat havsytans nivå,"vid havsytans nivå, momentanvärde, 1 gång/tim",hektopascal,1947-11-30T06:00:00Z,1947-11-30T07:00:00+01:00,-697053600000,,1021.5,1021.5,Y,,corrected-archive-csv
162860,Luleå-Kallax Flygplats,9,Lufttryck reducerat havsytans nivå,"vid havsytans nivå, momentanvärde, 1 gång/tim",hektopascal,1947-11-30T12:00:00Z,1947-11-30T13:00:00+01:00,-697032000000,,1021.9,1021.9,Y,,corrected-archive-csv
162860,Luleå-Kallax Flygplats,9,Lufttryck reducerat havsytans nivå,"vid havsytans nivå, momentanvärde, 1 gång/tim",hektopascal,1947-11-30T18:00:00Z,1947-11-30T19:00:00+01:00,-697010400000,,1021.0,1021.0,Y,,corrected-archive-csv
162860,Luleå-Kallax Flygplats,9,Lufttryck reducerat havsytans nivå,"vid havsytans nivå, momentanvärde, 1 gång/tim",hektopascal,1947-12-01T00:00:00Z,1947-12-01T01:00:00+01:00,-696988800000,,1019.4,1019.4,Y,,corrected-archive-csv
162860,Luleå-Kallax Flygplats,9,Lufttryck reducerat havsytans nivå,"vid havsytans nivå, momentanvärde, 1 gång/tim",hektopascal,1947-12-01T06:00:00Z,1947-12-01T07:00:00+01:00,-696967200000,,1014.1,1014.1,Y,,corrected-archive-csv
162860,Luleå-Kallax Flygplats,9,Lufttryck reducerat havsytans nivå,"vid havsytans nivå, momentanvärde, 1 gång/tim",hektopascal,1947-12-01T12:00:00Z,1947-12-01T13:00:00+01:00,-696945600000,,1010.9,1010.9,Y,,corrected-archive-csv
162860,Luleå-Kallax Flygplats,9,Lufttryck reducerat havsytans nivå,"vid havsytans nivå, momentanvärde, 1 gång/tim",hektopascal,1947-12-01T18:00:00Z,1947-12-01T19:00:00+01:00,-696924000000,,1008.9,1008.9,Y,,corrected-archive-csv
162860,Luleå-Kallax Flygplats,9,Lufttryck reducerat havsytans nivå,"vid havsytans nivå, momentanvärde, 1 gång/tim",hektopascal,1947-12-02T00:00:00Z,1947-12-02T01:00:00+01:00,-696902400000,,1008.2,1008.2,Y,,corrected-archive-csv
162860,Luleå-Kallax Flygplats,9,Lufttryck reducerat havsytans nivå,"vid havsytans nivå, momentanvärde, 1 gång/tim",hektopascal,1947-12-02T06:00:00Z,1947-12-02T07:00:00+01:00,-696880800000,,1007.2,1007.2,Y,,corrected-archive-csv
162860,Luleå-Kallax Flygplats,9,Lufttryck reducerat havsytans nivå,"vid havsytans nivå, momentanvärde, 1 gång/tim",hektopascal,1947-12-02T12:00:00Z,1947-12-02T13:00:00+01:00,-696859200000,,1007.4,1007.4,Y,,corrected-archive-csv
162860,Luleå-Kallax Flygplats,9,Lufttryck reducerat havsytans nivå,"vid havsytans nivå, momentanvärde, 1 gång/tim",hektopascal,1947-12-02T18:00:00Z,1947-12-02T19:00:00+01:00,-696837600000,,1007.8,1007.8,Y,,corrected-archive-csv
162860,Luleå-Kallax Flygplats,9,Lufttryck reducerat havsytans nivå,"vid havsytans nivå, momentanvärde, 1 gång/tim",hektopascal,1947-12-03T00:00:00Z,1947-12-03T01:00:00+01:00,-696816000000,,1009.2,1009.2,Y,,corrected-archive-csv
162860,Luleå-Kallax Flygplats,9,Lufttryck reducerat havsytans nivå,"vid havsytans nivå, momentanvärde, 1 gång/tim",hektopascal,1947-12-03T06:00:00Z,1947-12-03T07:00:00+01:00,-696794400000,,1011.6,1011.6,Y,,corrected-archive-csv
162860,Luleå-Kallax Flygplats,9,Lufttryck reducerat havsytans nivå,"vid havsytans nivå, momentanvärde, 1 gång/tim",hektopascal,1947-12-03T12:00:00Z,1947-12-03T13:00:00+01:00,-696772800000,,1013.4,1013.4,Y,,corrected-archive-csv
162860,Luleå-Kallax Flygplats,9,Lufttryck reducerat havsytans nivå,"vid havsytans nivå, momentanvärde, 1 gång/tim",hektopascal,1947-12-03T18:00:00Z,1947-12-03T19:00:00+01:00,-696751200000,,1012.6,1012.6,Y,,corrected-archive-csv
162860,Luleå-Kallax Flygplats,9,Lufttryck reducerat havsytans nivå,"vid havsytans nivå, momentanvärde, 1 gång/tim",hektopascal,1947-12-04T00:00:00Z,1947-12-04T01:00:00+01:00,-696729600000,,1009.4,1009.4,Y,,corrected-archive-csv
162860,Luleå-Kallax Flygplats,9,Lufttryck reducerat havsytans nivå,"vid havsytans nivå, momentanvärde, 1 gång/tim",hektopascal,1947-12-04T06:00:00Z,1947-12-04T07:00:00+01:00,-696708000000,,1007.8,1007.8,Y,,corrected-archive-csv
162860,Luleå-Kallax Flygplats,9,Lufttryck reducerat havsytans nivå,"vid havsytans nivå, momentanvärde, 1 gång/tim",hektopascal,1947-12-04T12:00:00Z,1947-12-04T13:00:00+01:00,-696686400000,,1007.7,1007.7,Y,,corrected-archive-csv
162860,Luleå-Kallax Flygplats,9,Lufttryck reducerat havsytans nivå,"vid havsytans nivå, momentanvärde, 1 gång/tim",hektopascal,1947-12-04T18:00:00Z,1947-12-04T19:00:00+01:00,-696664800000,,1006.3,1006.3,Y,,corrected-archive-csv
162860,Luleå-Kallax Flygplats,9,Lufttryck reducerat havsytans nivå,"vid havsytans nivå, momentanvärde, 1 gång/tim",hektopascal,1947-12-05T00:00:00Z,1947-12-05T01:00:00+01:00,-696643200000,,1006.3,1006.3,Y,,corrected-archive-csv
162860,Luleå-Kallax Flygplats,9,Lufttryck reducerat havsytans nivå,"vid havsytans nivå, momentanvärde, 1 gång/tim",hektopascal,1947-12-05T06:00:00Z,1947-12-05T07:00:00+01:00,-696621600000,,1009.2,1009.2,Y,,corrected-archive-csv
162860,Luleå-Kallax Flygplats,9,Lufttryck reducerat havsytans nivå,"vid havsytans nivå, momentanvärde, 1 gång/tim",hektopascal,1947-12-05T12:00:00Z,1947-12-05T13:00:00+01:00,-696600000000,,1014.4,1014.4,Y,,corrected-archive-csv
162860,Luleå-Kallax Flygplats,9,Lufttryck reducerat havsytans nivå,"vid havsytans nivå, momentanvärde, 1 gång/tim",hektopascal,1947-12-05T18:00:00Z,1947-12-05T19:00:00+01:00,-696578400000,,1016.2,1016.2,Y,,corrected-archive-csv
162860,Luleå-Kallax Flygplats,9,Lufttryck reducerat havsytans nivå,"vid havsytans nivå, momentanvärde, 1 gång/tim",hektopascal,1947-12-06T00:00:00Z,1947-12-06T01:00:00+01:00,-696556800000,,1016.4,1016.4,Y,,corrected-archive-csv
162860,Luleå-Kallax Flygplats,9,Lufttryck reducerat havsytans nivå,"vid havsytans nivå, momentanvärde, 1 gång/tim",hektopascal,1947-12-06T06:00:00Z,1947-12-06T07:00:00+01:00,-696535200000,,1016.0,1016.0,Y,,corrected-archive-csv
162860,Luleå-Kallax Flygplats,9,Lufttryck reducerat havsytans nivå,"vid havsytans nivå, momentanvärde, 1 gång/tim",hektopascal,1947-12-06T12:00:00Z,1947-12-06T13:00:00+01:00,-696513600000,,1017.1,1017.1,Y,,corrected-archive-csv
162860,Luleå-Kallax Flygplats,9,Lufttryck reducerat havsytans nivå,"vid havsytans nivå, momentanvärde, 1 gång/tim",hektopascal,1947-12-06T18:00:00Z,1947-12-06T19:00:00+01:00,-696492000000,,1018.4,1018.4,Y,,corrected-archive-csv
162860,Luleå-Kallax Flygplats,9,Lufttryck reducerat havsytans nivå,"vid havsytans nivå, momentanvärde, 1 gång/tim",hektopascal,1947-12-07T00:00:00Z,1947-12-07T01:00:00+01:00,-696470400000,,1020.2,1020.2,Y,,corrected-archive-csv
162860,Luleå-Kallax Flygplats,9,Lufttryck reducerat havsytans nivå,"vid havsytans nivå, momentanvärde, 1 gång/tim",hektopascal,1947-12-07T06:00:00Z,1947-12-07T07:00:00+01:00,-696448800000,,1020.6,1020.6,Y,,corrected-archive-csv
162860,Luleå-Kallax Flygplats,9,Lufttryck reducerat havsytans nivå,"vid havsytans nivå, momentanvärde, 1 gång/tim",hektopascal,1947-12-07T12:00:00Z,1947-12-07T13:00:00+01:00,-696427200000,,1023.4,1023.4,Y,,corrected-archive-csv
162860,Luleå-Kallax Flygplats,9,Lufttryck reducerat havsytans nivå,"vid havsytans nivå, momentanvärde, 1 gång/tim",hektopascal,1947-12-07T18:00:00Z,1947-12-07T19:00:00+01:00,-696405600000,,1023.4,1023.4,Y,,corrected-archive-csv
162860,Luleå-Kallax Flygplats,9,Lufttryck reducerat havsytans nivå,"vid havsytans nivå, momentanvärde, 1 gång/tim",hektopascal,1947-12-08T00:00:00Z,1947-12-08T01:00:00+01:00,-696384000000,,1023.4,1023.4,Y,,corrected-archive-csv
162860,Luleå-Kallax Flygplats,9,Lufttryck reducerat havsytans nivå,"vid havsytans nivå, momentanvärde, 1 gång/tim",hektopascal,1947-12-08T06:00:00Z,1947-12-08T07:00:00+01:00,-696362400000,,1023.1,1023.1,Y,,corrected-archive-csv
162860,Luleå-Kallax Flygplats,9,Lufttryck reducerat havsytans nivå,"vid havsytans nivå, momentanvärde, 1 gång/tim",hektopascal,1947-12-08T12:00:00Z,1947-12-08T13:00:00+01:00,-696340800000,,1023.7,1023.7,Y,,corrected-archive-csv
162860,Luleå-Kallax Flygplats,9,Lufttryck reducerat havsytans nivå,"vid havsytans nivå, momentanvärde, 1 gång/tim",hektopascal,1947-12-08T18:00:00Z,1947-12-08T19:00:00+01:00,-696319200000,,1023.7,1023.7,Y,,corrected-archive-csv
162860,Luleå-Kallax Flygplats,9,Lufttryck reducerat havsytans nivå,"vid havsytans nivå, momentanvärde, 1 gång/tim",hektopascal,1947-12-09T00:00:00Z,1947-12-09T01:00:00+01:00,-696297600000,,1023.9,1023.9,Y,,corrected-archive-csv
162860,Luleå-Kallax Flygplats,9,Lufttryck reducerat havsytans nivå,"vid havsytans nivå, momentanvärde, 1 gång/tim",hektopascal,1947-12-09T06:00:00Z,1947-12-09T07:00:00+01:00,-696276000000,,1023.9,1023.9,Y,,corrected-archive-csv
162860,Luleå-Kallax Flygplats,9,Lufttryck reducerat havsytans nivå,"vid havsytans nivå, momentanvärde, 1 gång/tim",hektopascal,1947-12-09T12:00:00Z,1947-12-09T13:00:00+01:00,-696254400000,,1024.0,1024.0,Y,,corrected-archive-csv
162860,Luleå-Kallax Flygplats,9,Lufttryck reducerat havsytans nivå,"vid havsytans nivå, momentanvärde, 1 gång/tim",hektopascal,1947-12-09T18:00:00Z,1947-12-09T19:00:00+01:00,-696232800000,,1023.8,1023.8,Y,,corrected-archive-csv
162860,Luleå-Kallax Flygplats,9,Lufttryck reducerat havsytans nivå,"vid havsytans nivå, momentanvärde, 1 gång/tim",hektopascal,1947-12-10T00:00:00Z,1947-12-10T01:00:00+01:00,-696211200000,,1021.4,1021.4,Y,,corrected-archive-csv
162860,Luleå-Kallax Flygplats,9,Lufttryck reducerat havsytans nivå,"vid havsytans nivå, momentanvärde, 1 gång/tim",hektopascal,1947-12-10T06:00:00Z,1947-12-10T07:00:00+01:00,-696189600000,,1020.7,1020.7,Y,,corrected-archive-csv
162860,Luleå-Kallax Flygplats,9,Lufttryck reducerat havsytans nivå,"vid havsytans nivå, momentanvärde, 1 gång/tim",hektopascal,1947-12-10T12:00:00Z,1947-12-10T13:00:00+01:00,-696168000000,,1022.6,1022.6,Y,,corrected-archive-csv
162860,Luleå-Kallax Flygplats,9,Lufttryck reducerat havsytans nivå,"vid havsytans nivå, momentanvärde, 1 gång/tim",hektopascal,1947-12-10T18:00:00Z,1947-12-10T19:00:00+01:00,-696146400000,,1024.9,1024.9,Y,,corrected-archive-csv
162860,Luleå-Kallax Flygplats,9,Lufttryck reducerat havsytans nivå,"vid havsytans nivå, momentanvärde, 1 gång/tim",hektopascal,1947-12-11T00:00:00Z,1947-12-11T01:00:00+01:00,-696124800000,,1024.3,1024.3,Y,,corrected-archive-csv
162860,Luleå-Kallax Flygplats,9,Lufttryck reducerat havsytans nivå,"vid havsytans nivå, momentanvärde, 1 gång/tim",hektopascal,1947-12-11T06:00:00Z,1947-12-11T07:00:00+01:00,-696103200000,,1020.2,1020.2,Y,,corrected-archive-csv
162860,Luleå-Kallax Flygplats,9,Lufttryck reducerat havsytans nivå,"vid havsytans nivå, momentanvärde, 1 gång/tim",hektopascal,1947-12-11T12:00:00Z,1947-12-11T13:00:00+01:00,-696081600000,,1016.5,1016.5,Y,,corrected-archive-csv
162860,Luleå-Kallax Flygplats,9,Lufttryck reducerat havsytans nivå,"vid havsytans nivå, momentanvärde, 1 gång/tim",hektopascal,1947-12-11T18:00:00Z,1947-12-11T19:00:00+01:00,-696060000000,,1011.3,1011.3,Y,,corrected-archive-csv
162860,Luleå-Kallax Flygplats,9,Lufttryck reducerat havsytans nivå,"vid havsytans nivå, momentanvärde, 1 gång/tim",hektopascal,1947-12-12T00:00:00Z,1947-12-12T01:00:00+01:00,-696038400000,,1010.0,1010.0,Y,,corrected-archive-csv
162860,Luleå-Kallax Flygplats,9,Lufttryck reducerat havsytans nivå,"vid havsytans nivå, momentanvärde, 1 gång/tim",hektopascal,1947-12-12T06:00:00Z,1947-12-12T07:00:00+01:00,-696016800000,,1007.9,1007.9,Y,,corrected-archive-csv
162860,Luleå-Kallax Flygplats,9,Lufttryck reducerat havsytans nivå,"vid havsytans nivå, momentanvärde, 1 gång/tim",hektopascal,1947-12-12T12:00:00Z,1947-12-12T13:00:00+01:00,-695995200000,,1002.4,1002.4,Y,,corrected-archive-csv
162860,Luleå-Kallax Flygplats,9,Lufttryck reducerat havsytans nivå,"vid havsytans nivå, momentanvärde, 1 gång/tim",hektopascal,1947-12-12T18:00:00Z,1947-12-12T19:00:00+01:00,-695973600000,,994.0,994.0,Y,,corrected-archive-csv
162860,Luleå-Kallax Flygplats,9,Lufttryck reducerat havsytans nivå,"vid havsytans nivå, momentanvärde, 1 gång/tim",hektopascal,1947-12-13T00:00:00Z,1947-12-13T01:00:00+01:00,-695952000000,,995.0,995.0,Y,,corrected-archive-csv
162860,Luleå-Kallax Flygplats,9,Lufttryck reducerat havsytans nivå,"vid havsytans nivå, momentanvärde, 1 gång/tim",hektopascal,1947-12-13T06:00:00Z,1947-12-13T07:00:00+01:00,-695930400000,,1003.3,1003.3,Y,,corrected-archive-csv
162860,Luleå-Kallax Flygplats,9,Lufttryck reducerat havsytans nivå,"vid havsytans nivå, momentanvärde, 1 gång/tim",hektopascal,1947-12-13T12:00:00Z,1947-12-13T13:00:00+01:00,-695908800000,,1012.5,1012.5,Y,,corrected-archive-csv
162860,Luleå-Kallax Flygplats,9,Lufttryck reducerat havsytans nivå,"vid havsytans nivå, momentanvärde, 1 gång/tim",hektopascal,1947-12-13T18:00:00Z,1947-12-13T19:00:00+01:00,-695887200000,,1017.1,1017.1,Y,,corrected-archive-csv
162860,Luleå-Kallax Flygplats,9,Lufttryck reducerat havsytans nivå,"vid havsytans nivå, momentanvärde, 1 gång/tim",hektopascal,1947-12-14T00:00:00Z,1947-12-14T01:00:00+01:00,-695865600000,,1019.2,1019.2,Y,,corrected-archive-csv
162860,Luleå-Kallax Flygplats,9,Lufttryck reducerat havsytans nivå,"vid havsytans nivå, momentanvärde, 1 gång/tim",hektopascal,1947-12-14T06:00:00Z,1947-12-14T07:00:00+01:00,-695844000000,,1019.7,1019.7,Y,,corrected-archive-csv
162860,Luleå-Kallax Flygplats,9,Lufttryck reducerat havsytans nivå,"vid havsytans nivå, momentanvärde, 1 gång/tim",hektopascal,1947-12-14T12:00:00Z,1947-12-14T13:00:00+01:00,-695822400000,,1021.3,1021.3,Y,,corrected-archive-csv
162860,Luleå-Kallax Flygplats,9,Lufttryck reducerat havsytans nivå,"vid havsytans nivå, momentanvärde, 1 gång/tim",hektopascal,1947-12-14T18:00:00Z,1947-12-14T19:00:00+01:00,-695800800000,,1021.7,1021.7,Y,,corrected-archive-csv
162860,Luleå-Kallax Flygplats,9,Lufttryck reducerat havsytans nivå,"vid havsytans nivå, momentanvärde, 1 gång/tim",hektopascal,1947-12-15T00:00:00Z,1947-12-15T01:00:00+01:00,-695779200000,,1020.1,1020.1,Y,,corrected-archive-csv
162860,Luleå-Kallax Flygplats,9,Lufttryck reducerat havsytans nivå,"vid havsytans nivå, momentanvärde, 1 gång/tim",hektopascal,1947-12-15T06:00:00Z,1947-12-15T07:00:00+01:00,-695757600000,,1021.3,1021.3,Y,,corrected-archive-csv
162860,Luleå-Kallax Flygplats,9,Lufttryck reducerat havsytans nivå,"vid havsytans nivå, momentanvärde, 1 gång/tim",hektopascal,1947-12-15T12:00:00Z,1947-12-15T13:00:00+01:00,-695736000000,,1023.5,1023.5,Y,,corrected-archive-csv
162860,Luleå-Kallax Flygplats,9,Lufttryck reducerat havsytans nivå,"vid havsytans nivå, momentanvärde, 1 gång/tim",hektopascal,1947-12-15T18:00:00Z,1947-12-15T19:00:00+01:00,-695714400000,,1025.7,1025.7,Y,,corrected-archive-csv
162860,Luleå-Kallax Flygplats,9,Lufttryck reducerat havsytans nivå,"vid havsytans nivå, momentanvärde, 1 gång/tim",hektopascal,1947-12-16T00:00:00Z,1947-12-16T01:00:00+01:00,-695692800000,,1024.3,1024.3,Y,,corrected-archive-csv
162860,Luleå-Kallax Flygplats,9,Lufttryck reducerat havsytans nivå,"vid havsytans nivå, momentanvärde, 1 gång/tim",hektopascal,1947-12-16T06:00:00Z,1947-12-16T07:00:00+01:00,-695671200000,,1023.4,1023.4,Y,,corrected-archive-csv
162860,Luleå-Kallax Flygplats,9,Lufttryck reducerat havsytans nivå,"vid havsytans nivå, momentanvärde, 1 gång/tim",hektopascal,1947-12-16T12:00:00Z,1947-12-16T13:00:00+01:00,-695649600000,,1024.5,1024.5,Y,,corrected-archive-csv
162860,Luleå-Kallax Flygplats,9,Lufttryck reducerat havsytans nivå,"vid havsytans nivå, momentanvärde, 1 gång/tim",hektopascal,1947-12-16T18:00:00Z,1947-12-16T19:00:00+01:00,-695628000000,,1026.4,1026.4,Y,,corrected-archive-csv
162860,Luleå-Kallax Flygplats,9,Lufttryck reducerat havsytans nivå,"vid havsytans nivå, momentanvärde, 1 gång/tim",hektopascal,1947-12-17T00:00:00Z,1947-12-17T01:00:00+01:00,-695606400000,,1027.5,1027.5,Y,,corrected-archive-csv
162860,Luleå-Kallax Flygplats,9,Lufttryck reducerat havsytans nivå,"vid havsytans nivå, momentanvärde, 1 gång/tim",hektopascal,1947-12-17T06:00:00Z,1947-12-17T07:00:00+01:00,-695584800000,,1026.8,1026.8,Y,,corrected-archive-csv
162860,Luleå-Kallax Flygplats,9,Lufttryck reducerat havsytans nivå,"vid havsytans nivå, momentanvärde, 1 gång/tim",hektopascal,1947-12-17T12:00:00Z,1947-12-17T13:00:00+01:00,-695563200000,,1025.6,1025.6,Y,,corrected-archive-csv
162860,Luleå-Kallax Flygplats,9,Lufttryck reducerat havsytans nivå,"vid havsytans nivå, momentanvärde, 1 gång/tim",hektopascal,1947-12-17T18:00:00Z,1947-12-17T19:00:00+01:00,-695541600000,,1024.6,1024.6,Y,,corrected-archive-csv
162860,Luleå-Kallax Flygplats,9,Lufttryck reducerat havsytans nivå,"vid havsytans nivå, momentanvärde, 1 gång/tim",hektopascal,1947-12-18T00:00:00Z,1947-12-18T01:00:00+01:00,-695520000000,,1025.7,1025.7,Y,,corrected-archive-csv
162860,Luleå-Kallax Flygplats,9,Lufttryck reducerat havsytans nivå,"vid havsytans nivå, momentanvärde, 1 gång/tim",hektopascal,1947-12-18T06:00:00Z,1947-12-18T07:00:00+01:00,-695498400000,,1025.0,1025.0,G,,corrected-archive-csv
162860,Luleå-Kallax Flygplats,9,Lufttryck reducerat havsytans nivå,"vid havsytans nivå, momentanvärde, 1 gång/tim",hektopascal,1947-12-18T12:00:00Z,1947-12-18T13:00:00+01:00,-695476800000,,1023.6,1023.6,Y,,corrected-archive-csv
162860,Luleå-Kallax Flygplats,9,Lufttryck reducerat havsytans nivå,"vid havsytans nivå, momentanvärde, 1 gång/tim",hektopascal,1947-12-18T18:00:00Z,1947-12-18T19:00:00+01:00,-695455200000,,1018.8,1018.8,Y,,corrected-archive-csv
162860,Luleå-Kallax Flygplats,9,Lufttryck reducerat havsytans nivå,"vid havsytans nivå, momentanvärde, 1 gång/tim",hektopascal,1947-12-19T00:00:00Z,1947-12-19T01:00:00+01:00,-695433600000,,1010.1,1010.1,Y,,corrected-archive-csv
162860,Luleå-Kallax Flygplats,9,Lufttryck reducerat havsytans nivå,"vid havsytans nivå, momentanvärde, 1 gång/tim",hektopascal,1947-12-19T06:00:00Z,1947-12-19T07:00:00+01:00,-695412000000,,1003.8,1003.8,Y,,corrected-archive-csv
162860,Luleå-Kallax Flygplats,9,Lufttryck reducerat havsytans nivå,"vid havsytans nivå, momentanvärde, 1 gång/tim",hektopascal,1947-12-19T12:00:00Z,1947-12-19T13:00:00+01:00,-695390400000,,1002.3,1002.3,Y,,corrected-archive-csv
162860,Luleå-Kallax Flygplats,9,Lufttryck reducerat havsytans nivå,"vid havsytans nivå, momentanvärde, 1 gång/tim",hektopascal,1947-12-19T18:00:00Z,1947-12-19T19:00:00+01:00,-695368800000,,999.2,999.2,Y,,corrected-archive-csv
162860,Luleå-Kallax Flygplats,9,Lufttryck reducerat havsytans nivå,"vid havsytans nivå, momentanvärde, 1 gång/tim",hektopascal,1947-12-20T00:00:00Z,1947-12-20T01:00:00+01:00,-695347200000,,997.5,997.5,Y,,corrected-archive-csv
162860,Luleå-Kallax Flygplats,9,Lufttryck reducerat havsytans nivå,"vid havsytans nivå, momentanvärde, 1 gång/tim",hektopascal,1947-12-20T06:00:00Z,1947-12-20T07:00:00+01:00,-695325600000,,994.0,994.0,Y,,corrected-archive-csv
162860,Luleå-Kallax Flygplats,9,Lufttryck reducerat havsytans nivå,"vid havsytans nivå, momentanvärde, 1 gång/tim",hektopascal,1947-12-20T12:00:00Z,1947-12-20T13:00:00+01:00,-695304000000,,991.5,991.5,Y,,corrected-archive-csv
162860,Luleå-Kallax Flygplats,9,Lufttryck reducerat havsytans nivå,"vid havsytans nivå, momentanvärde, 1 gång/tim",hektopascal,1947-12-20T18:00:00Z,1947-12-20T19:00:00+01:00,-695282400000,,993.1,993.1,Y,,corrected-archive-csv
162860,Luleå-Kallax Flygplats,9,Lufttryck reducerat havsytans nivå,"vid havsytans nivå, momentanvärde, 1 gång/tim",hektopascal,1947-12-21T00:00:00Z,1947-12-21T01:00:00+01:00,-695260800000,,995.1,995.1,Y,,corrected-archive-csv
162860,Luleå-Kallax Flygplats,9,Lufttryck reducerat havsytans nivå,"vid havsytans nivå, momentanvärde, 1 gång/tim",hektopascal,1947-12-21T06:00:00Z,1947-12-21T07:00:00+01:00,-695239200000,,995.0,995.0,Y,,corrected-archive-csv
162860,Luleå-Kallax Flygplats,9,Lufttryck reducerat havsytans nivå,"vid havsytans nivå, momentanvärde, 1 gång/tim",hektopascal,1947-12-21T12:00:00Z,1947-12-21T13:00:00+01:00,-695217600000,,994.1,994.1,Y,,corrected-archive-csv
162860,Luleå-Kallax Flygplats,9,Lufttryck reducerat havsytans nivå,"vid havsytans nivå, momentanvärde, 1 gång/tim",hektopascal,1947-12-21T18:00:00Z,1947-12-21T19:00:00+01:00,-695196000000,,992.4,992.4,Y,,corrected-archive-csv
162860,Luleå-Kallax Flygplats,9,Lufttryck reducerat havsytans nivå,"vid havsytans nivå, momentanvärde, 1 gång/tim",hektopascal,1947-12-22T00:00:00Z,1947-12-22T01:00:00+01:00,-695174400000,,991.5,991.5,Y,,corrected-archive-csv
162860,Luleå-Kallax Flygplats,9,Lufttryck reducerat havsytans nivå,"vid havsytans nivå, momentanvärde, 1 gång/tim",hektopascal,1947-12-22T06:00:00Z,1947-12-22T07:00:00+01:00,-695152800000,,991.8,991.8,Y,,corrected-archive-csv
162860,Luleå-Kallax Flygplats,9,Lufttryck reducerat havsytans nivå,"vid havsytans nivå, momentanvärde, 1 gång/tim",hektopascal,1947-12-22T12:00:00Z,1947-12-22T13:00:00+01:00,-695131200000,,994.0,994.0,Y,,corrected-archive-csv
162860,Luleå-Kallax Flygplats,9,Lufttryck reducerat havsytans nivå,"vid havsytans nivå, momentanvärde, 1 gång/tim",hektopascal,1947-12-22T18:00:00Z,1947-12-22T19:00:00+01:00,-695109600000,,996.0,996.0,Y,,corrected-archive-csv
162860,Luleå-Kallax Flygplats,9,Lufttryck reducerat havsytans nivå,"vid havsytans nivå, momentanvärde, 1 gång/tim",hektopascal,1947-12-23T00:00:00Z,1947-12-23T01:00:00+01:00,-695088000000,,997.2,997.2,Y,,corrected-archive-csv
162860,Luleå-Kallax Flygplats,9,Lufttryck reducerat havsytans nivå,"vid havsytans nivå, momentanvärde, 1 gång/tim",hektopascal,1947-12-23T06:00:00Z,1947-12-23T07:00:00+01:00,-695066400000,,997.9,997.9,Y,,corrected-archive-csv
162860,Luleå-Kallax Flygplats,9,Lufttryck reducerat havsytans nivå,"vid havsytans nivå, momentanvärde, 1 gång/tim",hektopascal,1947-12-23T12:00:00Z,1947-12-23T13:00:00+01:00,-695044800000,,1000.5,1000.5,Y,,corrected-archive-csv
162860,Luleå-Kallax Flygplats,9,Lufttryck reducerat havsytans nivå,"vid havsytans nivå, momentanvärde, 1 gång/tim",hektopascal,1947-12-23T18:00:00Z,1947-12-23T19:00:00+01:00,-695023200000,,1003.8,1003.8,Y,,corrected-archive-csv
162860,Luleå-Kallax Flygplats,9,Lufttryck reducerat havsytans nivå,"vid havsytans nivå, momentanvärde, 1 gång/tim",hektopascal,1947-12-24T00:00:00Z,1947-12-24T01:00:00+01:00,-695001600000,,1006.1,1006.1,Y,,corrected-archive-csv
162860,Luleå-Kallax Flygplats,9,Lufttryck reducerat havsytans nivå,"vid havsytans nivå, momentanvärde, 1 gång/tim",hektopascal,1947-12-24T06:00:00Z,1947-12-24T07:00:00+01:00,-694980000000,,1005.2,1005.2,Y,,corrected-archive-csv
162860,Luleå-Kallax Flygplats,9,Lufttryck reducerat havsytans nivå,"vid havsytans nivå, momentanvärde, 1 gång/tim",hektopascal,1947-12-24T12:00:00Z,1947-12-24T13:00:00+01:00,-694958400000,,1002.6,1002.6,Y,,corrected-archive-csv
162860,Luleå-Kallax Flygplats,9,Lufttryck reducerat havsytans nivå,"vid havsytans nivå, momentanvärde, 1 gång/tim",hektopascal,1947-12-24T18:00:00Z,1947-12-24T19:00:00+01:00,-694936800000,,999.2,999.2,Y,,corrected-archive-csv
162860,Luleå-Kallax Flygplats,9,Lufttryck reducerat havsytans nivå,"vid havsytans nivå, momentanvärde, 1 gång/tim",hektopascal,1947-12-25T00:00:00Z,1947-12-25T01:00:00+01:00,-694915200000,,996.8,996.8,Y,,corrected-archive-csv
162860,Luleå-Kallax Flygplats,9,Lufttryck reducerat havsytans nivå,"vid havsytans nivå, momentanvärde, 1 gång/tim",hektopascal,1947-12-25T06:00:00Z,1947-12-25T07:00:00+01:00,-694893600000,,991.8,991.8,Y,,corrected-archive-csv
162860,Luleå-Kallax Flygplats,9,Lufttryck reducerat havsytans nivå,"vid havsytans nivå, momentanvärde, 1 gång/tim",hektopascal,1947-12-25T12:00:00Z,1947-12-25T13:00:00+01:00,-694872000000,,986.0,986.0,Y,,corrected-archive-csv
162860,Luleå-Kallax Flygplats,9,Lufttryck reducerat havsytans nivå,"vid havsytans nivå, momentanvärde, 1 gång/tim",hektopascal,1947-12-25T18:00:00Z,1947-12-25T19:00:00+01:00,-694850400000,,979.3,979.3,Y,,corrected-archive-csv
162860,Luleå-Kallax Flygplats,9,Lufttryck reducerat havsytans nivå,"vid havsytans nivå, momentanvärde, 1 gång/tim",hektopascal,1947-12-26T00:00:00Z,1947-12-26T01:00:00+01:00,-694828800000,,976.1,976.1,Y,,corrected-archive-csv
162860,Luleå-Kallax Flygplats,9,Lufttryck reducerat havsytans nivå,"vid havsytans nivå, momentanvärde, 1 gång/tim",hektopascal,1947-12-26T06:00:00Z,1947-12-26T07:00:00+01:00,-694807200000,,975.6,975.6,Y,,corrected-archive-csv
162860,Luleå-Kallax Flygplats,9,Lufttryck reducerat havsytans nivå,"vid havsytans nivå, momentanvärde, 1 gång/tim",hektopascal,1947-12-26T12:00:00Z,1947-12-26T13:00:00+01:00,-694785600000,,977.2,977.2,Y,,corrected-archive-csv
162860,Luleå-Kallax Flygplats,9,Lufttryck reducerat havsytans nivå,"vid havsytans nivå, momentanvärde, 1 gång/tim",hektopascal,1947-12-26T18:00:00Z,1947-12-26T19:00:00+01:00,-694764000000,,978.4,978.4,Y,,corrected-archive-csv
162860,Luleå-Kallax Flygplats,9,Lufttryck reducerat havsytans nivå,"vid havsytans nivå, momentanvärde, 1 gång/tim",hektopascal,1947-12-27T00:00:00Z,1947-12-27T01:00:00+01:00,-694742400000,,979.5,979.5,Y,,corrected-archive-csv
162860,Luleå-Kallax Flygplats,9,Lufttryck reducerat havsytans nivå,"vid havsytans nivå, momentanvärde, 1 gång/tim",hektopascal,1947-12-27T06:00:00Z,1947-12-27T07:00:00+01:00,-694720800000,,979.8,979.8,Y,,corrected-archive-csv
162860,Luleå-Kallax Flygplats,9,Lufttryck reducerat havsytans nivå,"vid havsytans nivå, momentanvärde, 1 gång/tim",hektopascal,1947-12-27T12:00:00Z,1947-12-27T13:00:00+01:00,-694699200000,,979.7,979.7,Y,,corrected-archive-csv
162860,Luleå-Kallax Flygplats,9,Lufttryck reducerat havsytans nivå,"vid havsytans nivå, momentanvärde, 1 gång/tim",hektopascal,1947-12-27T18:00:00Z,1947-12-27T19:00:00+01:00,-694677600000,,979.8,979.8,Y,,corrected-archive-csv
162860,Luleå-Kallax Flygplats,9,Lufttryck reducerat havsytans nivå,"vid havsytans nivå, momentanvärde, 1 gång/tim",hektopascal,1947-12-28T00:00:00Z,1947-12-28T01:00:00+01:00,-694656000000,,979.7,979.7,Y,,corrected-archive-csv
162860,Luleå-Kallax Flygplats,9,Lufttryck reducerat havsytans nivå,"vid havsytans nivå, momentanvärde, 1 gång/tim",hektopascal,1947-12-28T06:00:00Z,1947-12-28T07:00:00+01:00,-694634400000,,978.3,978.3,Y,,corrected-archive-csv
162860,Luleå-Kallax Flygplats,9,Lufttryck reducerat havsytans nivå,"vid havsytans nivå, momentanvärde, 1 gång/tim",hektopascal,1947-12-28T12:00:00Z,1947-12-28T13:00:00+01:00,-694612800000,,977.2,977.2,Y,,corrected-archive-csv
162860,Luleå-Kallax Flygplats,9,Lufttryck reducerat havsytans nivå,"vid havsytans nivå, momentanvärde, 1 gång/tim",hektopascal,1947-12-28T18:00:00Z,1947-12-28T19:00:00+01:00,-694591200000,,978.0,978.0,Y,,corrected-archive-csv
162860,Luleå-Kallax Flygplats,9,Lufttryck reducerat havsytans nivå,"vid havsytans nivå, momentanvärde, 1 gång/tim",hektopascal,1947-12-29T00:00:00Z,1947-12-29T01:00:00+01:00,-694569600000,,983.7,983.7,Y,,corrected-archive-csv
162860,Luleå-Kallax Flygplats,9,Lufttryck reducerat havsytans nivå,"vid havsytans nivå, momentanvärde, 1 gång/tim",hektopascal,1947-12-29T06:00:00Z,1947-12-29T07:00:00+01:00,-694548000000,,984.4,984.4,Y,,corrected-archive-csv
162860,Luleå-Kallax Flygplats,9,Lufttryck reducerat havsytans nivå,"vid havsytans nivå, momentanvärde, 1 gång/tim",hektopascal,1947-12-29T12:00:00Z,1947-12-29T13:00:00+01:00,-694526400000,,986.0,986.0,Y,,corrected-archive-csv
162860,Luleå-Kallax Flygplats,9,Lufttryck reducerat havsytans nivå,"vid havsytans nivå, momentanvärde, 1 gång/tim",hektopascal,1947-12-29T18:00:00Z,1947-12-29T19:00:00+01:00,-694504800000,,988.2,988.2,Y,,corrected-archive-csv
162860,Luleå-Kallax Flygplats,9,Lufttryck reducerat havsytans nivå,"vid havsytans nivå, momentanvärde, 1 gång/tim",hektopascal,1947-12-30T00:00:00Z,1947-12-30T01:00:00+01:00,-694483200000,,989.4,989.4,Y,,corrected-archive-csv
162860,Luleå-Kallax Flygplats,9,Lufttryck reducerat havsytans nivå,"vid havsytans nivå, momentanvärde, 1 gång/tim",hektopascal,1947-12-30T06:00:00Z,1947-12-30T07:00:00+01:00,-694461600000,,991.4,991.4,Y,,corrected-archive-csv
162860,Luleå-Kallax Flygplats,9,Lufttryck reducerat havsytans nivå,"vid havsytans nivå, momentanvärde, 1 gång/tim",hektopascal,1947-12-30T12:00:00Z,1947-12-30T13:00:00+01:00,-694440000000,,994.3,994.3,Y,,corrected-archive-csv
162860,Luleå-Kallax Flygplats,9,Lufttryck reducerat havsytans nivå,"vid havsytans nivå, momentanvärde, 1 gång/tim",hektopascal,1947-12-30T18:00:00Z,1947-12-30T19:00:00+01:00,-694418400000,,997.3,997.3,Y,,corrected-archive-csv
162860,Luleå-Kallax Flygplats,9,Lufttryck reducerat havsytans nivå,"vid havsytans nivå, momentanvärde, 1 gång/tim",hektopascal,1947-12-31T00:00:00Z,1947-12-31T01:00:00+01:00,-694396800000,,1000.1,1000.1,Y,,corrected-archive-csv
162860,Luleå-Kallax Flygplats,9,Lufttryck reducerat havsytans nivå,"vid havsytans nivå, momentanvärde, 1 gång/tim",hektopascal,1947-12-31T06:00:00Z,1947-12-31T07:00:00+01:00,-694375200000,,1002.8,1002.8,Y,,corrected-archive-csv
162860,Luleå-Kallax Flygplats,9,Lufttryck reducerat havsytans nivå,"vid havsytans nivå, momentanvärde, 1 gång/tim",hektopascal,1947-12-31T12:00:00Z,1947-12-31T13:00:00+01:00,-694353600000,,1006.9,1006.9,Y,,corrected-archive-csv
162860,Luleå-Kallax Flygplats,9,Lufttryck reducerat havsytans nivå,"vid havsytans nivå, momentanvärde, 1 gång/tim",hektopascal,1947-12-31T18:00:00Z,1947-12-31T19:00:00+01:00,-694332000000,,1010.8,1010.8,Y,,corrected-archive-csv
